id,format,uploadtime,rating,player1,player2,Winner,Forfeit,Team 1,Team 2,Turns,# Switches 1,# Switches 2
gen4nu-2203204278,[Gen 4] NU,2024-09-16 23:55:37,1123,chopleberry38027,feebas86769,chopleberry38027,True,"['Ampharos', 'Regirock']","['Manectric', 'Sharpedo', 'Regirock']",7,1,3
smogtours-gen4nu-444397,[Gen 4] NU,2019-05-31 23:35:01,,dodrio79057,delcatty2986,delcatty2986,False,"['Granbull', 'Sharpedo', 'Flareon', 'Torkoal', 'Golem', 'Purugly']","['Wailord', 'Banette', 'Rampardos', 'Kricketune', 'Pinsir', 'Crawdaunt']",19,10,9
gen4nu-2176326334,[Gen 4] NU,2024-08-08 23:30:33,,safeguard55452,tangrowth23890,safeguard55452,False,"['Gligar', 'Haunter', 'Cacturne', 'Linoone', 'Gastrodon']","['Hitmontop', 'Steelix', 'Miltank', 'Skuntank', 'Lanturn', 'Espeon']",26,7,13
gen4nu-1172850910,[Gen 4] NU,2020-08-21 16:32:11,,spoink89835,psychocut88772,psychocut88772,False,"['Gabite', 'Electabuzz', 'Purugly', 'Relicanth', 'Roselia', 'Misdreavus']","['Politoed', 'Machoke', 'Rhydon', 'Roselia', 'Magmar', 'Misdreavus']",24,13,9
gen4nu-1048349044,[Gen 4] NU,2020-01-18 02:59:11,,karatechop96796,uproar90451,uproar90451,False,"['Regice', 'Floatzel', 'Haunter', 'Hitmonchan', 'Bastiodon', 'Grumpig']","['Wailord', 'Regice', 'Rampardos', 'Torkoal', 'Gligar', 'Persian']",32,16,11
gen4nu-960996151,[Gen 4] NU,2019-08-16 01:49:04,,spinda56194,luxuryball92459,luxuryball92459,False,"['Magneton', 'Skuntank', 'Clamperl', 'Linoone', 'Misdreavus', 'Yanma']","['Charizard', 'Floatzel', 'Poliwrath', 'Dewgong', 'Manectric', 'Rhydon']",22,8,10
gen4nu-716187161,[Gen 4] NU,2018-03-11 00:55:06,,psychup14796,sunnyday65122,psychup14796,False,"['Shiftry', 'Typhlosion', 'Regirock', 'Victreebel', 'Persian', 'Hypno']","['Machoke', 'Charizard', 'Sandslash', 'Jumpluff', 'Whiscash', 'Manectric']",19,10,9
smogtours-gen4nu-395121,[Gen 4] NU,2018-09-03 13:31:20,,hammerarm61526,honeygather76267,honeygather76267,False,"['Sandslash', 'Floatzel', 'Typhlosion', 'Regirock', 'Cacturne', 'Drifblim']","['Porygon2', 'Magneton', 'Regirock', 'Glalie', 'Drifblim']",17,6,4
smogtours-gen4nu-565720,[Gen 4] NU,2021-06-12 19:18:34,,ariados65244,sniper70774,ariados65244,True,"['Sandslash', 'Shiftry', 'Charizard', 'Drifblim']","['Sharpedo', 'Mantine', 'Skuntank', 'Manectric', 'Cradily']",27,4,6
gen4nu-933748806,[Gen 4] NU,2019-06-23 23:09:36,,icefang57178,rindoberry379,icefang57178,True,"['Kingler', 'Stunky', 'Sudowoodo', 'Dusclops', 'Persian', 'Tangela']","['Pidgeot', 'Mightyena', 'Wartortle', 'Dusclops', 'Lairon', 'Beedrill']",34,13,15
smogtours-gen4nu-769167,[Gen 4] NU,2024-05-19 17:36:13,,willowisp76069,rceuselectric57119,willowisp76069,False,"['Sharpedo', 'Regirock', 'Haunter', 'Manectric', 'Drifblim']","['Nidoqueen', 'Hitmonchan', 'Dusclops', 'Lickilicky', 'Glalie', 'Articuno']",31,11,12
smogtours-gen4nu-740375,[Gen 4] NU,2024-01-20 20:19:04,,sniper70774,wooper24132,wooper24132,False,"['Vileplume', 'Regirock', 'Poliwrath', 'Hitmonchan', 'Skuntank', 'Manectric']","['Meganium', 'Tauros', 'Floatzel', 'Regirock', 'Skuntank', 'Gardevoir']",23,11,10
smogtours-gen4nu-360369,[Gen 4] NU,2018-03-23 21:22:16,,golem5265,hammerarm17259,hammerarm17259,False,"['Tauros', 'Medicham', 'Magneton', 'Regirock', 'Dodrio', 'Slowking']","['Politoed', 'Magmortar', 'Magneton', 'Haunter', 'Jynx', 'Piloswine']",32,11,9
gen4nu-841384495,[Gen 4] NU,2018-12-28 01:47:44,,gengarmega66742,liechiberry37967,liechiberry37967,False,"['Lopunny', 'Pikachu', 'Girafarig', 'Chimecho', 'Corsola', 'Beedrill']","['Kingler', 'Raticate', 'Solrock', 'Swalot', 'Tangela']",25,11,11
gen4nu-1076372337,[Gen 4] NU,2020-03-10 00:30:06,,cherubi70548,camerupt68080,cherubi70548,False,"['Torkoal', 'Sandslash', 'Shelgon', 'Poliwrath', 'Victreebel', 'Cradily']","['Vileplume', 'Hitmonchan', 'Muk', 'Probopass', 'Grumpig', 'Shuckle']",28,8,11
gen4nu-953796317,[Gen 4] NU,2019-08-01 11:20:04,,disable51036,wailord92053,disable51036,False,"['Charizard', 'Vileplume', 'Sandslash', 'Floatzel', 'Skuntank', 'Gardevoir']","['Pidgeot', 'Gardevoir', 'Medicham', 'Sandslash', 'Relicanth', 'Slaking']",28,12,12
smogtours-gen4nu-784696,[Gen 4] NU,2024-08-08 04:47:36,,bellsprout54185,confusion41299,confusion41299,False,"['Cloyster', 'Gorebyss', 'Ludicolo', 'Pinsir', 'Floatzel', 'Drifblim']","['Tangrowth', 'Gligar', 'Medicham', 'Steelix', 'Skuntank', 'Espeon']",25,9,9
smogtours-gen4nu-776037,[Gen 4] NU,2024-06-22 18:15:05,,icywind98531,denpowersteel79771,icywind98531,False,"['Pinsir', 'Medicham', 'Floatzel', 'Skuntank', 'Cradily']","['Shiftry', 'Sandslash', 'Typhlosion', 'Regirock', 'Walrein', 'Drifblim']",41,5,9
smogtours-gen4nu-332206,[Gen 4] NU,2017-11-22 21:25:44,,grass62325,noconditions84490,noconditions84490,True,"['Flareon', 'Hitmonchan', 'Mawile', 'Pelipper', 'Sableye', 'Roselia']","['Lapras', 'Charizard', 'Regirock', 'Sneasel']",15,5,3
smogtours-gen4nu-646301,[Gen 4] NU,2022-09-03 19:19:40,,shadowforce49172,clearbody59762,shadowforce49172,True,"['Gligar', 'Tauros', 'Magneton', 'Floatzel', 'Hitmonchan', 'Skuntank']","['Vileplume', 'Gligar', 'Regirock', 'Skuntank', 'Slowking', 'Ampharos']",25,8,8
gen4nu-1108644954,[Gen 4] NU,2020-05-04 18:29:40,,xscissor99781,grovyle45669,xscissor99781,False,"['Vileplume', 'Floatzel', 'Rhydon', 'Gardevoir', 'Drifblim']","['Gligar', 'Tauros', 'Medicham', 'Magneton', 'Hitmonchan', 'Hypno']",25,6,8
smogtours-gen4nu-349150,[Gen 4] NU,2018-02-10 20:02:56,,sharpedo96453,haunter12630,sharpedo96453,False,"['Camerupt', 'Rampardos', 'Porygon2', 'Dusclops', 'Solrock', 'Slowking']","['Tauros', 'Magneton', 'Medicham', 'Poliwrath', 'Regirock', 'Jumpluff']",16,7,9
gen4nu-986945601,[Gen 4] NU,2019-10-04 16:33:11,,swampert50714,quickfeet21690,quickfeet21690,False,"['Politoed', 'Monferno', 'Metang', 'Purugly', 'Misdreavus', 'Golbat']","['Rampardos', 'Metang', 'Whiscash', 'Electabuzz', 'Purugly', 'Golbat']",25,12,8
gen4nu-963909336,[Gen 4] NU,2019-08-21 21:30:06,,haunter12630,tox71156,haunter12630,False,"['Kingler', 'Golduck', 'Walrein', 'Probopass', 'Grovyle', 'Gastly']","['Banette', 'Kecleon', 'Huntail', 'Mawile', 'Chatot', 'Grovyle']",23,8,11
gen4nu-2199043634,[Gen 4] NU,2024-09-11 03:22:21,1203,growl5652,thickclub47223,growl5652,False,"['Charizard', 'Hitmonchan', 'Mawile', 'Skuntank', 'Pikachu', 'Cradily']","['Wailord', 'Gorebyss', 'Electrode', 'Floatzel', 'Manectric', 'Lickilicky']",26,13,6
gen4nu-963418245,[Gen 4] NU,2019-08-20 22:13:34,,arceussteel79571,cranidos9637,cranidos9637,False,"['Camerupt', 'Magneton', 'Golem', 'Dusclops', 'Glaceon', 'Cradily']","['Politoed', 'Magmortar', 'Magneton', 'Haunter', 'Jynx', 'Piloswine']",26,9,10
gen4nu-457127645,[Gen 4] NU,2016-10-14 22:19:47,,aquaring34502,custapberry71278,aquaring34502,False,"['Charizard', 'Vileplume', 'Sandslash', 'Floatzel', 'Skuntank', 'Gardevoir']","['Regice', 'Torkoal', 'Electrode', 'Mantine', 'Golem', 'Grumpig']",30,12,16
gen4nu-1121760931,[Gen 4] NU,2020-05-26 20:48:07,,watergun59811,quickpowder71749,quickpowder71749,False,"['Charizard', 'Tauros', 'Sandslash', 'Skuntank', 'Slowking', 'Gardevoir']","['Venomoth', 'Shiftry', 'Magmortar', 'Hitmonchan', 'Rhydon', 'Slowking']",33,12,16
smogtours-gen4nu-375237,[Gen 4] NU,2018-05-09 23:47:04,,porygon42908,haunter12630,haunter12630,True,"['Regirock', 'Skuntank', 'Dusclops', 'Jumpluff', 'Slowking', 'Roselia']","['Medicham', 'Venomoth', 'Magneton']",21,7,2
gen4nu-1034013606,[Gen 4] NU,2019-12-22 22:19:07,,porygon213653,wormadam14777,porygon213653,False,"['Magmortar', 'Regirock', 'Hitmonchan', 'Skuntank', 'Whiscash']","['Haunter', 'Regirock', 'Hitmonchan', 'Jynx', 'Skuntank', 'Manectric']",14,6,7
smogtours-gen4nu-355928,[Gen 4] NU,2018-03-04 23:00:08,,delcatty2986,poisonsting74677,poisonsting74677,False,"['Tropius', 'Noctowl', 'Shelgon', 'Wigglytuff', 'Exploud', 'Pikachu']","['Seaking', 'Murkrow', 'Bastiodon', 'Clamperl', 'Pikachu', 'Ampharos']",16,6,6
smogtours-gen4nu-712255,[Gen 4] NU,2023-08-26 16:08:03,,rotomfan35023,fighting2772,rotomfan35023,False,"['Vileplume', 'Gligar', 'Regirock', 'Skuntank', 'Manectric', 'Slowking']","['Gligar', 'Monferno', 'Skuntank', 'Manectric', 'Slowking', 'Cradily']",31,15,17
gen4nu-718588187,[Gen 4] NU,2018-03-15 22:32:51,,magby93710,sunnyday16928,sunnyday16928,False,"['Vileplume', 'Charizard', 'Sandslash', 'Floatzel', 'Skuntank', 'Gardevoir']","['Medicham', 'Pidgeot', 'Dusclops', 'Dragonair']",16,8,4
smogtours-gen4nu-693463,[Gen 4] NU,2023-05-21 16:20:08,,rotomfan35023,volttackle6680,rotomfan35023,False,"['Vileplume', 'Regirock', 'Skuntank', 'Manectric', 'Slowking']","['Meganium', 'Regirock', 'Hitmonchan', 'Skuntank', 'Dusclops', 'Gardevoir']",25,7,10
gen4nu-942815775,[Gen 4] NU,2019-07-10 22:56:37,,rockclimb62152,registeel32051,registeel32051,True,"['Shelgon', 'Raticate', 'Dusclops', 'Lairon', 'Quagsire', 'Swalot']","['Kecleon', 'Shelgon', 'Omanyte', 'Dusclops', 'Tentacool', 'Tangela']",93,22,38
smogtours-gen4nu-811557,[Gen 4] NU,2024-12-23 16:03:33,,rotomfan35023,shinystone44310,shinystone44310,False,"['Charizard', 'Sandslash', 'Medicham', 'Regirock', 'Skuntank', 'Slowking']","['Golduck', 'Gligar', 'Skuntank', 'Manectric', 'Cradily']",27,11,5
smogtours-gen4nu-784682,[Gen 4] NU,2024-08-08 01:03:06,,tackle13415,illuminate274,tackle13415,True,"['Wormadam-Trash', 'Hitmonchan', 'Miltank', 'Dusclops', 'Quagsire', 'Cradily']","['Sharpedo', 'Exeggutor', 'Regirock', 'Hitmonchan', 'Slowking', 'Drapion']",30,15,14
smogtours-gen4nu-605518,[Gen 4] NU,2022-01-29 21:59:59,,mawile36886,futuresight13270,futuresight13270,True,"['Politoed', 'Haunter', 'Hitmonchan', 'Golem', 'Skuntank', 'Jumpluff']","['Regirock', 'Mantine', 'Skuntank', 'Sableye', 'Roselia']",37,13,10
gen4nu-2195504888,[Gen 4] NU,2024-09-06 01:32:33,1147,staryu66980,chopleberry38027,chopleberry38027,False,"['Ninetales', 'Gligar', 'Magneton', 'Medicham', 'Slowking', 'Cradily']","['Gligar', 'Tauros', 'Hitmonchan', 'Skuntank', 'Manectric', 'Slowking']",29,10,8
gen4nu-729962282,[Gen 4] NU,2018-04-08 20:54:31,,mudkip8641,defensecurl26589,defensecurl26589,False,"['Rapidash', 'Metang', 'Marowak', 'Pelipper', 'Victreebel', 'Electabuzz']","['Electabuzz', 'Dragonair', 'Pelipper', 'Victreebel', 'Metang', 'Misdreavus']",26,10,8
smogtours-gen4nu-663581,[Gen 4] NU,2022-12-03 18:07:07,,mawile36886,willowisp64187,mawile36886,False,"['Slowking', 'Nidoqueen', 'Hitmonchan', 'Tauros']","['Charizard', 'Medicham', 'Regirock', 'Whiscash', 'Gardevoir', 'Drifblim']",22,4,8
gen4nu-2198547190,[Gen 4] NU,2024-09-10 13:50:53,1036,megakick62601,chansey41469,megakick62601,False,"['Sandslash', 'Nidoqueen', 'Dusclops', 'Slowking', 'Lickilicky']","['Charizard', 'Sunflora', 'Medicham', 'Regirock', 'Victreebel', 'Persian']",41,13,12
gen4nu-769975026,[Gen 4] NU,2018-07-01 17:08:46,,protean9921,gengarmega66742,protean9921,True,"['Pidgeot', 'Raticate', 'Graveler', 'Poliwhirl', 'Dusclops']","['Lunatone', 'Pidgeot', 'Huntail', 'Exploud', 'Dusclops', 'Chimecho']",32,12,12
gen4nu-834032733,[Gen 4] NU,2018-11-11 20:15:26,,magikarp87134,trace64701,trace64701,True,"['Gabite', 'Zangoose', 'Metang', 'Poliwrath', 'Electabuzz', 'Golbat']","['Togetic', 'Armaldo', 'Electabuzz', 'Golbat', 'Yanma']",15,7,6
gen4nu-899107750,[Gen 4] NU,2019-04-25 22:33:50,,futuresight13270,koffing93492,futuresight13270,True,"['Politoed', 'Tauros', 'Regirock', 'Marowak', 'Drifblim']","['Sharpedo', 'Vileplume', 'Tauros', 'Typhlosion', 'Haunter', 'Regirock']",10,4,6
gen4nu-466846455,[Gen 4] NU,2016-10-30 18:20:35,,aquaring34502,entei72987,aquaring34502,False,"['Charizard', 'Ninetales', 'Floatzel', 'Regirock', 'Hitmonchan', 'Skuntank']","['Porygon2', 'Haunter', 'Marowak', 'Crawdaunt', 'Slowking', 'Ampharos']",17,8,6
smogtours-gen4nu-812451,[Gen 4] NU,2025-01-03 17:22:06,,rotom15770,pamtreberry72437,pamtreberry72437,False,"['Tauros', 'Nidoqueen', 'Poliwrath', 'Cacturne', 'Regirock', 'Drifblim']","['Regirock', 'Ampharos', 'Hitmonchan', 'Cacturne']",25,11,8
gen4nu-2198868458,[Gen 4] NU,2024-09-10 21:46:21,1181,growl5652,psn83016,growl5652,True,"['Skuntank', 'Charizard', 'Cradily', 'Pikachu']","['Golduck', 'Vileplume', 'Charizard', 'Monferno', 'Hitmonchan', 'Skuntank']",13,4,7
smogtours-gen4nu-809153,[Gen 4] NU,2024-12-07 00:10:34,,whirlwind47872,torchic37250,whirlwind47872,False,"['Camerupt', 'Slowking', 'Vileplume', 'Solrock', 'Lickilicky', 'Relicanth']","['Charizard', 'Tauros', 'Sandslash', 'Poliwrath', 'Jumpluff', 'Grumpig']",22,8,10
gen4nu-933635656,[Gen 4] NU,2019-06-23 19:21:49,,gengarmega66742,dragonrush45934,gengarmega66742,True,"['Lopunny', 'Pikachu', 'Girafarig', 'Chimecho', 'Corsola', 'Beedrill']","['Kingler', 'Stunky', 'Pineco', 'Shelgon', 'Dusclops', 'Persian']",29,9,9
smogtours-gen4nu-583556,[Gen 4] NU,2021-10-03 15:22:45,,futuresight13270,lusterpurge99010,lusterpurge99010,False,"['Tauros', 'Floatzel', 'Nidoqueen', 'Hitmonchan', 'Slowking', 'Cradily']","['Charizard', 'Tauros', 'Sandslash', 'Poliwrath', 'Jumpluff', 'Grumpig']",50,14,17
smogtours-gen4nu-792820,[Gen 4] NU,2024-09-27 23:21:10,,huntail76319,pickup28423,huntail76319,True,"['Dusclops', 'Glalie', 'Nidoqueen', 'Articuno']","['Tauros', 'Hitmonchan', 'Skuntank', 'Manectric', 'Slowking']",15,6,5
smogtours-gen4nu-769440,[Gen 4] NU,2024-05-19 20:55:56,,icywind98531,crosschop14357,icywind98531,False,"['Typhlosion', 'Nidoqueen', 'Poliwrath', 'Skuntank', 'Lickilicky', 'Gardevoir']","['Meganium', 'Charizard', 'Regirock', 'Hitmonchan', 'Lickilicky', 'Gastrodon']",39,13,15
gen4nu-984814313,[Gen 4] NU,2019-09-30 18:49:21,,camouflage37346,wailmer43107,wailmer43107,False,"['Magcargo', 'Quagsire', 'Furret', 'Swalot', 'Tangela', 'Fearow']","['Lapras', 'Swalot', 'Persian', 'Pupitar', 'Tangela', 'Magmar']",34,18,13
smogtours-gen4nu-335943,[Gen 4] NU,2017-12-16 22:49:16,,stoneplate37213,thunderstone11961,stoneplate37213,True,"['Sharpedo', 'Shiftry', 'Regirock', 'Tauros']","['Venomoth', 'Ninetales', 'Regirock', 'Hitmonchan', 'Drifblim']",18,3,5
smogtours-gen4nu-334596,[Gen 4] NU,2017-12-08 14:16:52,,thrash80465,togekiss35724,togekiss35724,False,"['Charizard', 'Tauros', 'Sandslash', 'Skuntank', 'Slowking', 'Cradily']","['Haunter', 'Regirock', 'Hitmonchan', 'Jynx', 'Skuntank', 'Manectric']",31,12,13
smogtours-gen4nu-827429,[Gen 4] NU,2025-03-27 19:17:32,,gastly57717,needlearm59980,gastly57717,False,"['Nidoqueen', 'Hitmonchan', 'Skuntank', 'Slowking', 'Ampharos', 'Drifblim']","['Magmortar', 'Shiftry', 'Vileplume', 'Regirock', 'Hitmonchan', 'Skuntank']",22,9,11
smogtours-gen4nu-645781,[Gen 4] NU,2022-08-30 17:51:25,,normal94579,attackorder57994,normal94579,False,"['Sharpedo', 'Meganium', 'Gligar', 'Medicham', 'Regirock', 'Skuntank']","['Charizard', 'Floatzel', 'Hitmonchan', 'Skuntank', 'Rhydon', 'Cradily']",26,8,9
gen4nu-1174282341,[Gen 4] NU,2020-08-24 04:13:49,,toxicorb35832,haunter64851,haunter64851,True,"['Meganium', 'Charizard', 'Medicham', 'Quagsire', 'Slaking']","['Charizard', 'Vileplume', 'Sandslash', 'Floatzel', 'Gardevoir']",20,6,4
gen4nu-1126553794,[Gen 4] NU,2020-06-04 10:13:50,,slugma58208,heatproof38059,heatproof38059,False,"['Vileplume', 'Floatzel', 'Nidoqueen', 'Rhydon', 'Gardevoir', 'Drifblim']","['Charizard', 'Vileplume', 'Sandslash', 'Floatzel', 'Skuntank', 'Gardevoir']",22,7,11
gen4nu-911941977,[Gen 4] NU,2019-05-18 16:22:50,,raikou10663,swampert50714,swampert50714,False,"['Poliwrath', 'Metang', 'Purugly', 'Rhydon', 'Misdreavus', 'Golbat']","['Zangoose', 'Victreebel', 'Electabuzz', 'Rhydon', 'Glalie', 'Golbat']",20,9,6
gen4nu-808557759,[Gen 4] NU,2018-09-20 19:36:15,,tailwhip2839,shellarmor94389,shellarmor94389,False,"['Tauros', 'Regirock', 'Haunter', 'Jynx', 'Manectric', 'Slowking']","['Tauros', 'Medicham', 'Regirock', 'Dodrio', 'Slowking']",24,8,7
gen4nu-958245942,[Gen 4] NU,2019-08-10 15:57:57,,wailmer43107,camouflage37346,camouflage37346,False,"['Lopunny', 'Solrock', 'Probopass', 'Tangela', 'Beedrill', 'Gastly']","['Pineco', 'Mightyena', 'Seviper', 'Persian', 'Girafarig', 'Gastly']",23,11,9
gen4nu-2200507396,[Gen 4] NU,2024-09-13 02:46:07,1142,growl5652,stantler54984,growl5652,True,"['Charizard', 'Mawile', 'Skuntank', 'Pikachu', 'Cradily']","['Shiftry', 'Typhlosion', 'Regirock', 'Hitmonchan', 'Victreebel', 'Purugly']",21,7,6
smogtours-gen4nu-566829,[Gen 4] NU,2021-06-19 21:56:32,,seedflare81285,koffing93492,koffing93492,False,"['Shiftry', 'Floatzel', 'Regirock', 'Haunter', 'Hitmonchan', 'Manectric']","['Charizard', 'Tauros', 'Hitmonchan', 'Skuntank', 'Slowking', 'Cradily']",18,11,10
gen4nu-2193178816,[Gen 4] NU,2024-09-02 19:29:37,1040,chopleberry38027,arbok68656,chopleberry38027,True,"['Gligar', 'Magneton', 'Floatzel', 'Hitmonchan', 'Slowking', 'Cradily']","['Regice', 'Medicham', 'Armaldo', 'Dusclops', 'Skuntank', 'Gardevoir']",26,6,7
gen4nu-1074242513,[Gen 4] NU,2020-03-05 23:51:03,,entei72987,destinybond78627,destinybond78627,False,"['Sharpedo', 'Charizard', 'Ninetales', 'Sandslash', 'Manectric', 'Slowking']","['Charizard', 'Sandslash', 'Medicham', 'Haunter', 'Poliwrath', 'Electabuzz']",29,10,14
smogtours-gen4nu-666951,[Gen 4] NU,2023-01-02 02:27:37,,tyranitar56327,kangaskhan41867,kangaskhan41867,False,"['Charizard', 'Floatzel', 'Hitmonchan', 'Skuntank', 'Rhydon', 'Cradily']","['Gligar', 'Tauros', 'Gastrodon-East', 'Skuntank', 'Linoone', 'Glalie']",20,9,7
smogtours-gen4nu-551798,[Gen 4] NU,2021-03-28 20:27:28,,flamebody71831,torchic27954,torchic27954,False,"['Charizard', 'Sandslash', 'Nidoqueen', 'Hitmonchan', 'Cacturne', 'Rhydon']","['Charizard', 'Sandslash', 'Floatzel', 'Skuntank', 'Gardevoir']",21,9,8
gen4nu-718601941,[Gen 4] NU,2018-03-15 23:07:25,,swampert50714,spheal7278,swampert50714,False,"['Pelipper', 'Glalie', 'Misdreavus', 'Electabuzz']","['Poliwrath', 'Cacturne', 'Metang', 'Purugly', 'Misdreavus', 'Golbat']",21,7,10
gen4nu-816982262,[Gen 4] NU,2018-10-07 23:34:17,,tangledfeet60919,fireblast30665,fireblast30665,False,"['Charizard', 'Dragonair', 'Bellossom', 'Ditto', 'Ampharos', 'Articuno']","['Granbull', 'Muk', 'Skuntank', 'Regirock']",14,5,4
smogtours-gen4nu-597427,[Gen 4] NU,2021-12-12 21:04:25,,koffing93492,denpowerwater91914,koffing93492,False,"['Vileplume', 'Regirock', 'Poliwrath', 'Marowak', 'Skuntank', 'Drifblim']","['Charizard', 'Typhlosion', 'Regirock', 'Hitmonchan', 'Skuntank', 'Slowking']",30,7,7
smogtours-gen4nu-343451,[Gen 4] NU,2018-01-20 00:06:31,,luxray2085,bide32585,luxray2085,True,"['Magneton', 'Sandslash', 'Typhlosion', 'Haunter', 'Walrein', 'Jumpluff']","['Vileplume', 'Charizard', 'Medicham', 'Regirock', 'Sneasel', 'Slowking']",37,14,13
smogtours-gen4nu-811718,[Gen 4] NU,2024-12-26 22:20:55,,rattata90247,questionmarks97791,questionmarks97791,False,"['Charizard', 'Medicham', 'Nidoqueen', 'Hitmonchan', 'Skuntank', 'Slowking']","['Medicham', 'Glalie', 'Shiftry', 'Regirock']",13,10,4
gen4nu-1056376423,[Gen 4] NU,2020-02-01 21:07:50,,wailmer43107,marshtomp35289,wailmer43107,False,"['Lapras', 'Solrock', 'Persian', 'Swalot', 'Grovyle']","['Diglett', 'Arbok', 'Carnivine', 'Pikachu', 'Chatot', 'Glaceon']",25,6,11
gen4nu-960998057,[Gen 4] NU,2019-08-16 01:56:36,,murkrow80291,luxuryball92459,luxuryball92459,True,"['Magmortar', 'Rapidash', 'Regirock', 'Walrein', 'Lickilicky']","['Charizard', 'Floatzel', 'Poliwrath', 'Dewgong', 'Manectric', 'Rhydon']",20,5,8
gen4nu-908461657,[Gen 4] NU,2019-05-12 18:32:04,,starmie65430,fireblast30665,fireblast30665,False,"['Politoed', 'Charizard', 'Vileplume', 'Gligar', 'Haunter', 'Rhydon']","['Sharpedo', 'Magmortar', 'Sandslash', 'Victreebel', 'Slowking', 'Cradily']",46,19,17
gen4nu-1121774081,[Gen 4] NU,2020-05-26 21:24:14,,pinapberry68938,magnetrise21163,pinapberry68938,False,"['Rapidash', 'Onix', 'Victreebel', 'Metang', 'Purugly', 'Tangela']","['Gardevoir', 'Tauros', 'Regirock', 'Jynx', 'Gastrodon', 'Grumpig']",27,12,12
smogtours-gen4nu-782564,[Gen 4] NU,2024-07-27 13:50:44,,quagsire52408,arceusice45612,quagsire52408,False,"['Cloyster', 'Shiftry', 'Medicham', 'Electrode', 'Drifblim']","['Tangrowth', 'Steelix', 'Hitmonchan', 'Manectric', 'Slowking', 'Drapion']",22,8,13
gen4nu-2194868247,[Gen 4] NU,2024-09-05 04:10:16,1112,bulkup42567,hypno90649,bulkup42567,True,"['Regirock', 'Victreebel', 'Typhlosion', 'Persian']","['Electrode', 'Mawile', 'Solrock', 'Masquerain', 'Hypno']",16,3,4
gen4nu-1081306576,[Gen 4] NU,2020-03-18 19:28:19,,thunderstone74942,icebody76796,thunderstone74942,False,"['Medicham', 'Electrode', 'Gorebyss', 'Skuntank']","['Camerupt', 'Tauros', 'Medicham', 'Marowak', 'Solrock', 'Gardevoir']",15,3,7
smogtours-gen4nu-791432,[Gen 4] NU,2024-09-20 02:04:34,,thickclub47223,huntail76319,huntail76319,False,"['Wormadam-Trash', 'Sandslash', 'Regirock', 'Mantine', 'Skuntank', 'Drifblim']","['Vileplume', 'Tauros', 'Regirock', 'Hitmonchan', 'Piloswine', 'Slowking']",36,12,11
gen4nu-763814290,[Gen 4] NU,2018-06-17 20:50:07,,nastyplot45566,custapberry71278,custapberry71278,True,"['Sharpedo', 'Gligar', 'Tauros', 'Magneton', 'Haunter', 'Cacturne']","['Magmortar', 'Medicham', 'Floatzel', 'Skuntank', 'Drifblim']",13,6,4
smogtours-gen4nu-791465,[Gen 4] NU,2024-09-20 17:23:28,,exploud62674,bodyslam74090,exploud62674,False,"['Sharpedo', 'Exeggutor', 'Entei', 'Regirock', 'Haunter', 'Miltank']","['Tangrowth', 'Machoke', 'Claydol', 'Entei', 'Slowking', 'Drapion']",34,14,15
smogtours-gen4nu-792663,[Gen 4] NU,2024-09-27 01:20:28,,quagsire52408,tangrowth23890,quagsire52408,False,"['Sharpedo', 'Pinsir', 'Medicham', 'Haunter', 'Marowak', 'Manectric']","['Charizard', 'Tauros', 'Sandslash', 'Medicham', 'Skuntank', 'Slowking']",18,7,8
smogtours-gen4nu-692988,[Gen 4] NU,2023-05-19 22:22:09,,rotomfan35023,mawile36886,rotomfan35023,False,"['Vileplume', 'Gligar', 'Regirock', 'Skuntank', 'Slowking', 'Ampharos']","['Sharpedo', 'Meganium', 'Charizard', 'Regirock', 'Hitmonchan', 'Skuntank']",28,12,10
gen4nu-830739781,[Gen 4] NU,2018-11-05 04:33:19,,rindoberry7399,honeygather63793,rindoberry7399,True,"['Gabite', 'Xatu', 'Armaldo', 'Poliwrath', 'Muk', 'Probopass']","['Poliwrath', 'Cacturne', 'Sneasel', 'Electabuzz', 'Rhydon', 'Golbat']",49,20,20
smogtours-gen4nu-789304,[Gen 4] NU,2024-09-07 09:32:53,,acupressure38299,torterra15123,acupressure38299,False,"['Exeggutor', 'Regirock', 'Skuntank', 'Victreebel', 'Persian', 'Gardevoir']","['Sharpedo', 'Ludicolo', 'Regirock', 'Hitmonchan', 'Haunter', 'Drapion']",16,6,7
gen4nu-2275689768,[Gen 4] NU,2025-01-05 23:10:27,,metalsound31619,tangaberry42532,metalsound31619,False,"['Regice', 'Porygon2', 'Marowak', 'Solrock', 'Slowking']","['Politoed', 'Tauros', 'Regirock', 'Marowak', 'Skuntank', 'Drifblim']",19,5,9
azure-gen4nu-376481,[Gen 4] NU,2020-01-16 01:14:59,,shiftry60670,icyrock8585,icyrock8585,False,"['Politoed', 'Magmortar', 'Magneton', 'Haunter', 'Jynx', 'Piloswine']","['Regirock', 'Skuntank', 'Gardevoir', 'Hitmonchan']",13,7,4
gen4nu-1056365495,[Gen 4] NU,2020-02-01 20:50:04,,fling91176,muk9797,fling91176,False,"['Camerupt', 'Tauros', 'Medicham', 'Marowak', 'Solrock', 'Gardevoir']","['Floatzel', 'Nidoqueen', 'Hitmonchan', 'Walrein', 'Hypno', 'Lickilicky']",29,11,11
smogtours-gen4nu-784954,[Gen 4] NU,2024-08-10 13:17:54,,delibird28697,luckypunch80473,luckypunch80473,False,"['Claydol', 'Tauros', 'Hitmonchan', 'Skuntank', 'Slowking', 'Drifblim']","['Cloyster', 'Shiftry', 'Medicham', 'Electrode', 'Regirock', 'Drifblim']",18,9,7
gen4nu-2086367856,[Gen 4] NU,2024-03-22 00:33:51,,armaldo62768,doubleedge84989,armaldo62768,False,"['Charizard', 'Jynx', 'Dusclops', 'Bastiodon', 'Glaceon', 'Ampharos']","['Typhlosion', 'Sneasel', 'Mr. Mime', 'Bastiodon', 'Persian', 'Gardevoir']",35,9,9
gen4nu-2279934361,[Gen 4] NU,2025-01-12 23:37:49,,charcoal70,granbull90348,charcoal70,False,"['Gorebyss', 'Regice', 'Electrode', 'Typhlosion', 'Floatzel', 'Drifblim']","['Haunter', 'Regirock', 'Hitmonchan', 'Jynx', 'Skuntank', 'Manectric']",22,8,6
gen4nu-464528107,[Gen 4] NU,2016-10-26 23:08:20,,skorupi707,shinystone48186,shinystone48186,False,"['Charizard', 'Vileplume', 'Sandslash', 'Floatzel', 'Skuntank', 'Gardevoir']","['Meganium', 'Lapras', 'Charizard', 'Typhlosion', 'Hitmonchan', 'Manectric']",25,11,8
smogtours-gen4nu-379419,[Gen 4] NU,2018-05-28 00:04:17,,happiny68390,avalanche73264,avalanche73264,True,"['Venomoth', 'Meganium', 'Regirock', 'Hitmonchan', 'Skuntank', 'Slowking']","['Nidoqueen', 'Hitmonchan', 'Cacturne', 'Dusclops', 'Lickilicky', 'Slowking']",30,11,12
gen4nu-1105156700,[Gen 4] NU,2020-04-28 22:25:48,,ironplate91202,futuresight13270,futuresight13270,True,"['Vileplume', 'Charizard', 'Sandslash', 'Jynx', 'Manectric', 'Slowking']","['Regirock', 'Mantine', 'Skuntank', 'Sableye', 'Lickilicky', 'Roselia']",33,11,11
smogtours-gen4nu-560498,[Gen 4] NU,2021-05-09 22:37:02,,wooper24132,minun6717,wooper24132,False,"['Shiftry', 'Charizard', 'Regirock', 'Hitmonchan', 'Victreebel', 'Purugly']","['Charizard', 'Sandslash', 'Regirock', 'Hitmonchan', 'Skuntank', 'Slowking']",29,10,10
gen4nu-915754082,[Gen 4] NU,2019-05-24 22:42:02,,airslash47650,futuresight13270,airslash47650,False,"['Charizard', 'Sandslash', 'Kadabra', 'Gastrodon', 'Drifblim']","['Sharpedo', 'Medicham', 'Electrode', 'Mantine', 'Skuntank', 'Cradily']",24,5,7
gen4nu-2192604284,[Gen 4] NU,2024-09-01 22:40:09,,closecombat44911,enpowerflying50766,closecombat44911,False,"['Ursaring', 'Cloyster', 'Floatzel', 'Regirock', 'Drapion', 'Drifblim']","['Exeggutor', 'Tauros', 'Regirock', 'Hitmonchan', 'Jynx', 'Drapion']",22,8,10
gen4nu-968024968,[Gen 4] NU,2019-08-29 20:48:05,,camouflage37346,tox71156,tox71156,False,"['Banette', 'Seviper', 'Bastiodon', 'Persian', 'Swalot', 'Tangela']","['Wailord', 'Kecleon', 'Lairon', 'Tangela', 'Magmar', 'Gastly']",38,15,17
smogtours-gen4nu-839221,[Gen 4] NU,2025-05-04 04:13:37,,protean20178,corphish30125,corphish30125,False,"['Shiftry', 'Medicham', 'Electrode', 'Regirock', 'Glalie', 'Drifblim']","['Venomoth', 'Lapras', 'Medicham', 'Typhlosion', 'Haunter', 'Regirock']",23,6,9
gen4nu-661600033,[Gen 4] NU,2017-11-19 04:41:54,,arceuswater57688,supersonic37431,supersonic37431,False,"['Tauros', 'Electrode', 'Regirock', 'Skuntank', 'Slowking', 'Drifblim']","['Gardevoir', 'Medicham', 'Armaldo', 'Skuntank', 'Muk', 'Gastrodon']",28,7,10
smogtours-gen4nu-568779,[Gen 4] NU,2021-07-01 20:18:32,,futuresight13270,ariados65244,ariados65244,False,"['Politoed', 'Camerupt', 'Nidoqueen', 'Skuntank', 'Lickilicky', 'Drifblim']","['Floatzel', 'Hitmonchan', 'Skuntank', 'Rhydon', 'Cradily']",48,11,14
gen4nu-956110803,[Gen 4] NU,2019-08-06 05:20:09,,registeel45872,moltres38390,moltres38390,False,"['Sharpedo', 'Magmortar', 'Sandslash', 'Victreebel', 'Slowking', 'Cradily']","['Machoke', 'Charizard', 'Sandslash', 'Jumpluff', 'Whiscash', 'Manectric']",35,16,16
smogtours-gen4nu-808963,[Gen 4] NU,2024-12-04 18:40:40,,poisontail76206,heatproof24399,heatproof24399,False,"['Sharpedo', 'Tauros', 'Magneton', 'Haunter', 'Regirock', 'Slowking']","['Regirock', 'Dusclops', 'Manectric', 'Gastrodon', 'Purugly']",49,22,8
gen4nu-1115040768,[Gen 4] NU,2020-05-15 10:39:00,,feraligatr69644,figyberry76797,figyberry76797,False,"['Lapras', 'Charizard', 'Vileplume', 'Hitmonchan', 'Regirock', 'Sneasel']","['Kecleon', 'Pinsir', 'Octillery', 'Haunter', 'Metang', 'Pupitar']",20,7,7
gen4nu-2051831814,[Gen 4] NU,2024-02-05 00:20:10,,makuhita63317,closecombat44911,closecombat44911,True,"['Charizard', 'Gligar', 'Cacturne', 'Raichu', 'Whiscash', 'Gardevoir']","['Medicham', 'Vileplume', 'Skuntank', 'Regirock']",22,6,9
smogtours-gen4nu-790257,[Gen 4] NU,2024-09-11 23:28:01,,huntail76319,wormadam66139,huntail76319,False,"['Shiftry', 'Medicham', 'Electrode', 'Regirock', 'Glalie', 'Drifblim']","['Typhlosion', 'Nidoqueen', 'Regirock', 'Skuntank', 'Jumpluff', 'Slowking']",28,9,12
gen4nu-808563038,[Gen 4] NU,2018-09-20 19:39:09,,dynamicpunch56405,wikiberry84439,wikiberry84439,False,"['Charizard', 'Electrode', 'Armaldo', 'Dodrio', 'Crawdaunt', 'Gardevoir']","['Kadabra', 'Monferno', 'Probopass', 'Gastrodon', 'Misdreavus', 'Golbat']",16,5,8
gen4nu-1112758328,[Gen 4] NU,2020-05-11 16:05:31,,skilllink81560,spookyplate98391,skilllink81560,True,"['Charizard', 'Vileplume', 'Hitmonchan', 'Golem', 'Slowking']","['Typhlosion', 'Nidoqueen', 'Bellossom', 'Dusclops', 'Articuno']",21,7,8
smogtours-gen4nu-792798,[Gen 4] NU,2024-09-27 22:02:26,,confusion41299,exploud62674,exploud62674,True,"['Tangrowth', 'Altaria', 'Aggron', 'Floatzel', 'Skuntank']","['Gorebyss', 'Ludicolo', 'Persian']",12,7,3
gen4nu-2193823897,[Gen 4] NU,2024-09-03 17:52:04,1000,sunnyday2329,sentret86201,sentret86201,False,"['Gardevoir', 'Mawile', 'Arbok', 'Roselia', 'Lopunny', 'Ampharos']","['Jynx', 'Gardevoir', 'Fearow', 'Regirock']",16,8,4
smogtours-gen4nu-845494,[Gen 4] NU,2025-05-24 21:14:26,,extrasensory76435,thunderwave9074,thunderwave9074,False,"['Medicham', 'Regirock', 'Dusclops', 'Skuntank', 'Slowking', 'Roselia']","['Meganium', 'Magneton', 'Regirock', 'Poliwrath', 'Dusclops', 'Skuntank']",28,11,8
gen4nu-2208721081,[Gen 4] NU,2024-09-24 16:40:32,1090,stantler8036,thunderpunch63228,thunderpunch63228,False,"['Lunatone', 'Medicham', 'Jynx', 'Solrock', 'Slowking', 'Grumpig']","['Charizard', 'Floatzel', 'Hitmonchan', 'Linoone', 'Gardevoir', 'Golbat']",19,6,7
smogtours-gen4nu-660088,[Gen 4] NU,2022-11-06 22:38:55,,mawile36886,altaria32948,altaria32948,True,"['Meganium', 'Tauros', 'Skuntank', 'Rhydon', 'Slowking', 'Drifblim']","['Vileplume', 'Sandslash', 'Regirock', 'Slowking', 'Lickilicky', 'Articuno']",38,12,10
gen4nu-2257588591,[Gen 4] NU,2024-12-06 00:31:02,,block11942,needlearm59980,needlearm59980,True,"['Sharpedo', 'Typhlosion', 'Nidoqueen', 'Hitmonchan', 'Rhydon', 'Ampharos']","['Charizard', 'Medicham', 'Nidoqueen', 'Hitmonchan', 'Skuntank', 'Slowking']",22,10,7
gen4nu-881431275,[Gen 4] NU,2019-03-24 22:07:43,,dryskin57877,limber20689,limber20689,False,"['Magmortar', 'Vileplume', 'Sandslash', 'Raticate', 'Sneasel', 'Slowking']","['Flareon', 'Hitmonchan', 'Mawile', 'Pelipper', 'Sableye', 'Roselia']",75,24,27
gen4nu-939851426,[Gen 4] NU,2019-07-05 02:46:55,,futuresight13270,habanberry33794,habanberry33794,False,"['Venomoth', 'Sandslash', 'Typhlosion', 'Poliwrath', 'Manectric', 'Cradily']","['Regirock', 'Hitmonchan', 'Haunter', 'Jynx', 'Skuntank', 'Manectric']",22,12,9
gen4nu-1079327880,[Gen 4] NU,2020-03-15 10:45:27,,loveball41396,trick33871,trick33871,False,"['Tauros', 'Regirock', 'Haunter', 'Jynx', 'Manectric', 'Slowking']","['Politoed', 'Magmortar', 'Haunter', 'Jynx', 'Piloswine']",29,9,6
gen4nu-907003880,[Gen 4] NU,2019-05-10 02:09:53,,murkrow80291,crunch67692,murkrow80291,True,"['Magmortar', 'Floatzel', 'Rapidash', 'Regirock']","['Meganium', 'Charizard', 'Poliwrath', 'Dewgong', 'Bastiodon', 'Manectric']",24,5,10
smogtours-gen4nu-583521,[Gen 4] NU,2021-10-03 14:56:30,,lusterpurge99010,futuresight13270,lusterpurge99010,False,"['Machoke', 'Charizard', 'Sandslash', 'Jumpluff', 'Whiscash', 'Manectric']","['Mantine', 'Regirock', 'Skuntank', 'Sableye', 'Lickilicky', 'Roselia']",50,18,17
gen4nu-840730760,[Gen 4] NU,2018-12-26 15:36:57,,psybeam14379,waterveil53989,psybeam14379,False,"['Lunatone', 'Pidgeot', 'Wartortle', 'Pikachu', 'Swalot', 'Tangela']","['Kingler', 'Raticate', 'Graveler', 'Solrock', 'Pikachu', 'Gastly']",24,8,11
gen4nu-956332641,[Gen 4] NU,2019-08-06 17:45:16,,donphan58946,gengarmega66742,gengarmega66742,True,"['Quagsire', 'Kecleon', 'Gastly', 'Lairon']","['Chimecho', 'Beedrill', 'Lopunny', 'Pikachu']",19,9,3
gen4nu-672411259,[Gen 4] NU,2017-12-11 16:26:59,,golem5265,toxicroak72246,golem5265,False,"['Tauros', 'Medicham', 'Magneton', 'Regirock', 'Dodrio', 'Slowking']","['Machoke', 'Shiftry', 'Tauros', 'Magneton', 'Regirock', 'Sableye']",34,14,17
gen4nu-1156583247,[Gen 4] NU,2020-07-23 22:57:20,,ninetales23624,smoothrock25184,ninetales23624,True,"['Lapras', 'Butterfree', 'Shelgon', 'Probopass', 'Gastly']","['Quagsire', 'Tangela', 'Lairon']",24,6,4
gen4nu-927754733,[Gen 4] NU,2019-06-13 23:38:15,,liechiberry37967,payday74254,liechiberry37967,False,"['Kingler', 'Lapras', 'Raticate', 'Solrock', 'Swalot', 'Tangela']","['Politoed', 'Raticate', 'Seviper', 'Solrock', 'Diglett', 'Tangela']",22,6,10
smogtours-gen4nu-843175,[Gen 4] NU,2025-05-17 17:21:25,,thunderwave9074,extrasensory76435,thunderwave9074,False,"['Lapras', 'Gligar', 'Dragonair', 'Dusclops', 'Skuntank', 'Ampharos']","['Sharpedo', 'Vileplume', 'Floatzel', 'Hitmonchan', 'Regirock', 'Dusclops']",46,14,13
gen4nu-2192620677,[Gen 4] NU,2024-09-01 23:11:25,,sunflora27687,arceusdark83109,sunflora27687,False,"['Vileplume', 'Gligar', 'Regirock', 'Skuntank', 'Slowking', 'Ampharos']","['Politoed', 'Tauros', 'Regirock', 'Marowak', 'Skuntank', 'Drifblim']",28,11,10
smogtours-gen4nu-783654,[Gen 4] NU,2024-08-02 15:21:26,,torterra15123,chimecho80841,torterra15123,False,"['Tangrowth', 'Steelix', 'Hitmonchan', 'Manectric', 'Slowking', 'Drapion']","['Shiftry', 'Gligar', 'Aggron', 'Hitmonchan', 'Slowking', 'Drapion']",30,12,17
smogtours-gen4nu-355945,[Gen 4] NU,2018-03-04 23:18:49,,delcatty2986,poisonsting74677,poisonsting74677,True,"['Magcargo', 'Sudowoodo', 'Shelgon', 'Furret', 'Regigigas']","['Octillery', 'Bastiodon', 'Yanma']",11,4,2
gen4nu-847135975,[Gen 4] NU,2019-01-10 22:11:29,,copycat13064,psychup18617,copycat13064,False,"['Sandslash', 'Regirock', 'Skuntank', 'Hypno', 'Articuno']","['Gligar', 'Tauros', 'Medicham', 'Magneton', 'Hitmonchan', 'Hypno']",53,12,15
smogtours-gen4nu-792786,[Gen 4] NU,2024-09-27 21:37:31,,confusion41299,exploud62674,confusion41299,False,"['Sharpedo', 'Regirock', 'Hitmonchan', 'Skuntank', 'Espeon', 'Manectric']","['Exeggutor', 'Charizard', 'Steelix', 'Hitmonchan', 'Skuntank', 'Slowking']",26,14,16
smogtours-gen4nu-598953,[Gen 4] NU,2021-12-22 02:02:50,,wooper24132,haunter12630,wooper24132,False,"['Gligar', 'Tauros', 'Medicham', 'Haunter', 'Skuntank']","['Shiftry', 'Regirock', 'Haunter', 'Hitmonchan', 'Glalie', 'Drifblim']",22,9,14
gen4nu-733426147,[Gen 4] NU,2018-04-16 01:56:51,,aurorabeam43750,eruption81639,aurorabeam43750,True,"['Slowking', 'Muk', 'Floatzel', 'Nidoqueen']","['Machoke', 'Charizard', 'Sandslash', 'Whiscash', 'Manectric']",12,5,6
smogtours-gen4nu-811940,[Gen 4] NU,2024-12-28 23:20:53,,vitalspirit41729,huntail76319,vitalspirit41729,False,"['Sharpedo', 'Regirock', 'Skuntank', 'Electabuzz', 'Gardevoir', 'Drifblim']","['Sharpedo', 'Shiftry', 'Tauros', 'Regirock', 'Gardevoir', 'Drifblim']",24,7,7
smogtours-gen4nu-448372,[Gen 4] NU,2019-06-20 21:54:05,,insomnia2820,cascoon70771,cascoon70771,False,"['Machoke', 'Sneasel', 'Pelipper', 'Victreebel', 'Electabuzz', 'Rhydon']","['Gabite', 'Zangoose', 'Cacturne', 'Electabuzz', 'Probopass', 'Glalie']",18,9,9
smogtours-gen4nu-388757,[Gen 4] NU,2018-07-16 15:57:01,,deepseascale75372,tintedlens67414,tintedlens67414,False,"['Venomoth', 'Charizard', 'Sandslash', 'Magneton', 'Cacturne', 'Slowking']","['Typhlosion', 'Nidoqueen', 'Poliwrath', 'Dodrio', 'Hitmonchan', 'Skuntank']",30,11,9
smogtours-gen4nu-649469,[Gen 4] NU,2022-09-18 20:49:01,,iceshard30836,flareblitz41770,flareblitz41770,False,"['Venomoth', 'Gligar', 'Tauros', 'Hitmonchan', 'Cacturne', 'Slowking']","['Gligar', 'Magneton', 'Floatzel', 'Hitmonchan', 'Slowking', 'Cradily']",38,13,17
gen4nu-958657382,[Gen 4] NU,2019-08-11 12:38:24,,camouflage37346,wailmer43107,wailmer43107,False,"['Pineco', 'Mightyena', 'Seviper', 'Persian', 'Girafarig', 'Gastly']","['Banette', 'Lapras', 'Diglett', 'Solrock', 'Probopass', 'Tangela']",37,11,9
smogtours-gen4nu-636065,[Gen 4] NU,2022-07-03 20:15:59,,twistedspoon9310,mawile36886,twistedspoon9310,True,"['Charizard', 'Tauros', 'Magneton', 'Sandslash', 'Dusclops', 'Cradily']","['Magmortar', 'Tauros', 'Hitmonchan', 'Sableye', 'Slowking', 'Cradily']",33,12,13
smogtours-gen4nu-812182,[Gen 4] NU,2024-12-30 17:57:04,,shinystone44310,mysteryberry83821,shinystone44310,False,"['Shiftry', 'Tauros', 'Regirock', 'Hitmonchan', 'Slowking', 'Ampharos']","['Tauros', 'Magneton', 'Hitmonchan', 'Regirock', 'Skuntank', 'Slowking']",26,9,8
gen4nu-684778432,[Gen 4] NU,2018-01-06 05:40:43,,choicespecs43511,toxicspikes23587,toxicspikes23587,False,"['Lapras', 'Vileplume', 'Charizard', 'Hitmonchan', 'Regirock', 'Sneasel']","['Typhlosion', 'Nidoqueen', 'Hitmonchan', 'Poliwrath', 'Dodrio', 'Skuntank']",31,15,14
gen4nu-2205513387,[Gen 4] NU,2024-09-20 01:20:10,,tangrowth23890,sunflora20877,tangrowth23890,False,"['Charizard', 'Tauros', 'Sandslash', 'Medicham', 'Skuntank', 'Slowking']","['Sharpedo', 'Charizard', 'Tauros', 'Armaldo', 'Hitmonchan', 'Persian']",21,9,8
gen4nu-1094063621,[Gen 4] NU,2020-04-10 02:37:20,,nightmare95899,energypowder82995,energypowder82995,False,"['Regirock', 'Hitmonchan', 'Haunter', 'Jynx', 'Skuntank', 'Manectric']","['Charizard', 'Dodrio', 'Bastiodon', 'Regigigas', 'Gardevoir', 'Ampharos']",23,7,7
gen4nu-881540859,[Gen 4] NU,2019-03-25 02:20:18,,rawstberry64920,gengarmega66742,gengarmega66742,False,"['Flareon', 'Quagsire', 'Lairon', 'Swalot', 'Tangela', 'Gastly']","['Lopunny', 'Pikachu', 'Girafarig', 'Chimecho', 'Corsola', 'Beedrill']",27,9,10
gen4nu-1049883926,[Gen 4] NU,2020-01-20 23:39:34,,futuresight13270,haunter12630,futuresight13270,False,"['Tauros', 'Electrode', 'Floatzel', 'Skuntank', 'Parasect', 'Relicanth']","['Shiftry', 'Ninetales', 'Poliwrath', 'Regirock', 'Dodrio', 'Gardevoir']",37,15,21
gen4nu-733609084,[Gen 4] NU,2018-04-16 14:24:49,,eruption81639,seaincense12726,eruption81639,False,"['Gligar', 'Tauros', 'Medicham', 'Magneton', 'Hitmonchan', 'Hypno']","['Machoke', 'Charizard', 'Sandslash', 'Jumpluff', 'Whiscash', 'Manectric']",29,16,12
smogtours-gen4nu-832036,[Gen 4] NU,2025-04-10 22:10:44,,icywind98531,haunter12630,haunter12630,False,"['Medicham', 'Floatzel', 'Nidoqueen', 'Regirock', 'Ampharos', 'Articuno']","['Electrode', 'Hitmonchan', 'Slowking', 'Gardevoir', 'Cradily', 'Articuno']",34,13,17
gen4nu-661481598,[Gen 4] NU,2017-11-18 23:01:02,,sitrusberry77995,return265,sitrusberry77995,False,"['Monferno', 'Poliwrath', 'Metang', 'Purugly', 'Misdreavus', 'Golbat']","['Electabuzz', 'Dragonair', 'Pelipper', 'Victreebel', 'Metang', 'Misdreavus']",29,10,9
smogtours-gen4nu-601824,[Gen 4] NU,2022-01-09 20:56:22,,wooper24132,rockpolish84152,rockpolish84152,True,"['Shiftry', 'Charizard', 'Regirock', 'Hitmonchan', 'Victreebel', 'Purugly']","['Tauros', 'Sandslash', 'Skuntank', 'Slowking', 'Cradily']",33,17,15
smogtours-gen4nu-447729,[Gen 4] NU,2019-06-16 05:02:42,,torchic27954,stickybarb45781,torchic27954,False,"['Regirock', 'Hitmonchan', 'Haunter', 'Jynx', 'Skuntank', 'Manectric']","['Sharpedo', 'Magmortar', 'Sandslash', 'Victreebel', 'Slowking', 'Cradily']",21,6,10
smogtours-gen4nu-693550,[Gen 4] NU,2023-05-21 19:03:44,,koffing93492,altaria32948,koffing93492,True,"['Regirock', 'Linoone', 'Gastrodon', 'Glalie', 'Drifblim']","['Vileplume', 'Sandslash', 'Regirock', 'Lickilicky', 'Slowking', 'Articuno']",26,4,8
smogtours-gen4nu-815597,[Gen 4] NU,2025-01-23 22:17:03,,rotom15770,extrasensory76435,extrasensory76435,False,"['Shiftry', 'Charizard', 'Regirock', 'Hitmonchan', 'Dusclops', 'Skuntank']","['Ampharos', 'Tauros', 'Hitmonchan', 'Haunter', 'Slowking', 'Cradily']",36,14,13
gen4nu-2157517186,[Gen 4] NU,2024-07-08 22:39:51,,rawstberry17405,spikes32673,spikes32673,False,"['Cloyster', 'Exeggutor', 'Entei', 'Miltank', 'Slowking', 'Drapion']","['Shiftry', 'Gligar', 'Aggron', 'Hitmonchan', 'Drapion']",30,17,16
gen4nu-834000970,[Gen 4] NU,2018-12-26 17:48:33,,pidgeot31794,waterveil53989,pidgeot31794,False,"['Dusclops', 'Kecleon', 'Solrock', 'Clamperl']","['Kingler', 'Raticate', 'Graveler', 'Solrock', 'Pikachu', 'Gastly']",18,5,7
smogtours-gen4nu-443215,[Gen 4] NU,2019-05-25 18:29:37,,thrash80465,shadowclaw51134,thrash80465,False,"['Venomoth', 'Charizard', 'Sandslash', 'Magneton', 'Cacturne', 'Slowking']","['Camerupt', 'Tauros', 'Nidoqueen', 'Cacturne', 'Slowking', 'Drifblim']",62,8,14
smogtours-gen4nu-770043,[Gen 4] NU,2024-05-24 14:15:54,,typechange30082,honeygather76267,honeygather76267,False,"['Medicham', 'Nidoqueen', 'Haunter', 'Hitmonchan', 'Cacturne', 'Slowking']","['Shiftry', 'Tauros', 'Nidoqueen', 'Regirock', 'Slowking']",23,8,8
gen4nu-954040335,[Gen 4] NU,2019-08-01 21:22:20,,futuresight13270,tickle14270,futuresight13270,False,"['Shiftry', 'Armaldo', 'Hitmonchan', 'Regirock', 'Skuntank', 'Slowking']","['Haunter', 'Regirock', 'Hitmonchan', 'Jynx', 'Skuntank', 'Manectric']",19,7,9
gen4nu-840440715,[Gen 4] NU,2018-12-25 19:51:31,,psybeam14379,rawstberry64920,rawstberry64920,False,"['Pidgeot', 'Wartortle', 'Clefairy', 'Pikachu', 'Swalot', 'Tangela']","['Staryu', 'Clefairy', 'Quagsire', 'Diglett', 'Tangela', 'Gastly']",27,13,11
smogtours-gen4nu-661842,[Gen 4] NU,2022-11-18 21:08:30,,honeygather86735,mawile36886,honeygather86735,False,"['Meganium', 'Tauros', 'Regirock', 'Slowking', 'Ampharos', 'Drifblim']","['Magmortar', 'Gligar', 'Tauros', 'Hitmonchan', 'Slowking', 'Cradily']",29,12,10
gen4nu-2300297115,[Gen 4] NU,2025-02-13 22:12:34,,thunderstone91997,quickfeet95939,quickfeet95939,False,"['Charizard', 'Tauros', 'Sandslash', 'Poliwrath', 'Jumpluff', 'Grumpig']","['Camerupt', 'Regirock', 'Poliwrath', 'Skuntank', 'Drifblim']",22,12,10
smogtours-gen4nu-694604,[Gen 4] NU,2023-05-28 19:13:40,,koffing93492,shadowsneak30,shadowsneak30,True,"['Lapras', 'Vileplume', 'Tauros', 'Regirock', 'Skuntank', 'Slowking']","['Charizard', 'Regirock', 'Hitmonchan', 'Linoone', 'Gardevoir']",21,10,5
gen4nu-1147572926,[Gen 4] NU,2020-07-08 19:37:50,,transform65474,lickitung60497,transform65474,False,"['Mightyena', 'Quagsire', 'Chimecho', 'Fearow', 'Anorith', 'Slaking']","['Exploud', 'Persian', 'Lairon', 'Swalot', 'Tangela', 'Chatot']",32,14,13
gen4nu-1126551895,[Gen 4] NU,2020-06-04 10:05:36,,watergun59811,heatproof38059,heatproof38059,False,"['Charizard', 'Tauros', 'Sandslash', 'Skuntank', 'Slowking', 'Gardevoir']","['Charizard', 'Vileplume', 'Sandslash', 'Floatzel', 'Skuntank']",20,8,9
gen4nu-783116468,[Gen 4] NU,2018-07-29 21:36:15,,trace64701,weedle33343,weedle33343,False,"['Rapidash', 'Marowak', 'Pelipper', 'Victreebel', 'Metang', 'Purugly']","['Xatu', 'Poliwrath', 'Marowak', 'Victreebel', 'Electabuzz', 'Glalie']",22,9,11
smogtours-gen4nu-646806,[Gen 4] NU,2022-09-07 14:17:58,,dragonfang79331,skullbash80875,dragonfang79331,False,"['Jynx', 'Charizard', 'Solrock', 'Poliwrath']","['Poliwrath', 'Haunter', 'Regirock', 'Jynx', 'Skuntank', 'Manectric']",25,6,15
gen4nu-2176331254,[Gen 4] NU,2024-08-08 23:39:02,,safeguard55452,tangrowth23890,tangrowth23890,False,"['Electrode', 'Regirock', 'Haunter', 'Espeon', 'Drapion', 'Glalie']","['Hitmontop', 'Steelix', 'Miltank', 'Skuntank', 'Lanturn', 'Espeon']",18,5,9
gen4nu-961623062,[Gen 4] NU,2019-08-17 10:53:17,,hariyama97811,truant84021,hariyama97811,True,"['Sandslash', 'Floatzel', 'Charizard', 'Vileplume']","['Machoke', 'Charizard', 'Jumpluff', 'Whiscash', 'Manectric']",11,4,5
gen4nu-1075706874,[Gen 4] NU,2020-03-08 19:52:36,,frz75,owntempo57228,frz75,False,"['Charizard', 'Vileplume', 'Floatzel', 'Skuntank', 'Gardevoir']","['Nidoqueen', 'Hitmonchan', 'Cacturne', 'Sableye', 'Slowking', 'Drifblim']",31,7,12
gen4nu-1148424354,[Gen 4] NU,2020-07-10 03:16:18,,gabite9381,gunkshot9424,gunkshot9424,False,"['Magmortar', 'Tauros', 'Regirock', 'Hitmonchan', 'Skuntank', 'Slowking']","['Sandslash', 'Floatzel', 'Charizard', 'Vileplume']",13,6,3
gen4nu-1062811539,[Gen 4] NU,2020-02-13 21:18:34,,sitrusberry11221,leafstone31785,leafstone31785,False,"['Charizard', 'Vileplume', 'Sandslash', 'Floatzel', 'Skuntank', 'Gardevoir']","['Machoke', 'Charizard', 'Sandslash', 'Jumpluff', 'Whiscash', 'Manectric']",18,6,5
smogtours-gen4nu-564274,[Gen 4] NU,2021-06-05 16:05:12,,ariados65244,seedflare81285,ariados65244,False,"['Charizard', 'Tauros', 'Sandslash', 'Skuntank', 'Slowking', 'Cradily']","['Sharpedo', 'Meganium', 'Regirock', 'Hitmonchan', 'Skuntank', 'Manectric']",33,11,14
gen4nu-672024899,[Gen 4] NU,2017-12-10 19:56:58,,shadowclaw51134,honeygather89597,shadowclaw51134,False,"['Poliwrath', 'Haunter', 'Cacturne', 'Regirock', 'Manectric', 'Gardevoir']","['Charizard', 'Sandslash', 'Grumpig', 'Poliwrath', 'Jumpluff', 'Glalie']",25,10,10
gen4nu-2199320153,[Gen 4] NU,2024-09-11 14:35:21,1107,pinmissile14901,shayminsky45854,pinmissile14901,True,"['Charizard', 'Floatzel', 'Hitmonchan', 'Linoone', 'Gardevoir', 'Golbat']","['Charizard', 'Vileplume', 'Armaldo', 'Hitmonchan', 'Quagsire', 'Probopass']",23,7,11
smogtours-gen4nu-649473,[Gen 4] NU,2022-09-18 21:01:33,,iceshard30836,flareblitz41770,flareblitz41770,False,"['Meganium', 'Tauros', 'Magneton', 'Floatzel', 'Regirock', 'Slowking']","['Shiftry', 'Tauros', 'Nidoqueen', 'Regirock', 'Hitmonchan', 'Slowking']",40,16,15
smogtours-gen4nu-389151,[Gen 4] NU,2018-07-20 17:04:36,,razorfang86998,shadowclaw51134,shadowclaw51134,False,"['Gligar', 'Tauros', 'Medicham', 'Magneton', 'Hitmonchan', 'Hypno']","['Haunter', 'Poliwrath', 'Cacturne', 'Regirock', 'Manectric', 'Gardevoir']",23,12,11
gen4nu-955813460,[Gen 4] NU,2019-08-05 16:40:02,,donphan58946,wailmer43107,wailmer43107,True,"['Quagsire', 'Shelgon', 'Persian', 'Lairon', 'Tangela', 'Gastly']","['Banette', 'Lapras', 'Solrock', 'Probopass', 'Tangela']",11,8,4
smogtours-gen4nu-349143,[Gen 4] NU,2018-02-10 19:59:54,,sharpedo96453,haunter12630,haunter12630,False,"['Machoke', 'Tauros', 'Regirock', 'Dodrio', 'Skuntank', 'Slowking']","['Magneton', 'Sandslash', 'Typhlosion', 'Haunter', 'Walrein', 'Jumpluff']",29,14,15
smogtours-gen4nu-771945,[Gen 4] NU,2024-06-02 19:11:55,,nidorina72636,rotomfan35023,nidorina72636,False,"['Meganium', 'Rapidash', 'Nidoqueen', 'Poliwrath', 'Skuntank', 'Sableye']","['Shiftry', 'Tauros', 'Medicham', 'Floatzel', 'Regirock', 'Slowking']",31,11,10
gen4nu-2288943453,[Gen 4] NU,2025-01-27 04:22:38,,focussash41997,abomasnow30183,abomasnow30183,False,"['Magmortar', 'Meganium', 'Nidoqueen', 'Regirock', 'Whiscash', 'Gardevoir']","['Magmortar', 'Charizard', 'Regirock', 'Hitmonchan', 'Skuntank', 'Whiscash']",24,7,7
gen4nu-2197581624,[Gen 4] NU,2024-09-09 03:36:04,1052,exeggcute86397,hypno90649,exeggcute86397,True,"['Medicham', 'Cacturne']","['Lapras', 'Regice', 'Jynx', 'Piloswine', 'Gastrodon']",8,1,4
gen4nu-865686846,[Gen 4] NU,2019-02-21 16:12:25,,mudbomb49996,heatwave93550,mudbomb49996,False,"['Magneton', 'Cacturne', 'Gligar', 'Hitmonchan']","['Bibarel', 'Pichu-Spiky-Eared', 'Porygon2', 'Bastiodon', 'Chatot', 'Articuno']",16,3,6
gen4nu-2205971335,[Gen 4] NU,2024-09-20 17:21:34,1076,steadfast95560,odorsleuth68844,odorsleuth68844,False,"['Lapras', 'Tauros', 'Nidoqueen', 'Hitmonchan', 'Regirock', 'Drifblim']","['Magmortar', 'Tauros', 'Nidoqueen', 'Regirock', 'Skuntank', 'Slowking']",34,9,8
gen4nu-2203196214,[Gen 4] NU,2024-09-16 23:39:18,1123,arceuswater5043,chopleberry38027,arceuswater5043,False,"['Regirock', 'Hitmonchan', 'Cacturne', 'Jynx', 'Slowking']","['Sharpedo', 'Tauros', 'Regirock', 'Skuntank', 'Gardevoir', 'Ampharos']",24,8,8
gen4nu-1104618958,[Gen 4] NU,2020-04-28 01:45:25,,forretress53163,quickpowder71749,quickpowder71749,False,"['Shiftry', 'Typhlosion', 'Regirock', 'Hitmonchan', 'Jumpluff', 'Victreebel']","['Venomoth', 'Charizard', 'Sandslash', 'Magneton', 'Cacturne', 'Slowking']",27,10,10
gen4nu-661477063,[Gen 4] NU,2017-11-18 22:50:26,,return265,sitrusberry77995,sitrusberry77995,False,"['Vileplume', 'Charizard', 'Sandslash', 'Floatzel', 'Skuntank', 'Gardevoir']","['Magmortar', 'Meganium', 'Tauros', 'Medicham', 'Jynx', 'Probopass']",28,12,15
smogtours-gen4nu-605519,[Gen 4] NU,2022-01-29 21:56:21,,futuresight13270,tyranitar56327,tyranitar56327,False,"['Shiftry', 'Charizard', 'Poliwrath', 'Skuntank', 'Jynx', 'Solrock']","['Vileplume', 'Gligar', 'Tauros', 'Magneton', 'Regirock', 'Hitmonchan']",21,8,13
gen4nu-858418918,[Gen 4] NU,2019-02-05 05:11:30,,rindoberry379,rawstberry64920,rawstberry64920,False,"['Kingler', 'Dunsparce', 'Mawile', 'Chimecho', 'Glaceon', 'Tangela']","['Machop', 'Kecleon', 'Houndour', 'Pupitar', 'Gastly']",28,12,6
gen4nu-816792866,[Gen 4] NU,2018-10-07 16:25:30,1039,powerwhip72846,fireblast30665,fireblast30665,True,"['Kecleon', 'Charizard', 'Dragonair', 'Hitmonchan', 'Persian', 'Articuno']","['Slowking', 'Sharpedo', 'Muk', 'Regirock']",33,9,7
gen4nu-893264436,[Gen 4] NU,2019-04-15 12:45:39,,camouflage37346,powerelectric13718,powerelectric13718,False,"['Raticate', 'Wartortle', 'Clefairy', 'Persian', 'Swalot', 'Gastly']","['Dustox', 'Dusclops', 'Wartortle', 'Lairon', 'Chimecho', 'Tangela']",78,22,15
gen4nu-2193750805,[Gen 4] NU,2024-09-03 15:58:23,1000,megakick62601,plus15915,megakick62601,False,"['Regirock', 'Haunter', 'Jynx', 'Manectric', 'Slowking']","['Tauros', 'Medicham', 'Sandslash', 'Magneton', 'Skuntank', 'Slowking']",23,6,10
smogtours-gen4nu-599327,[Gen 4] NU,2021-12-26 21:44:11,,shinystone44310,tyranitar56327,tyranitar56327,False,"['Shiftry', 'Ninetales', 'Regirock', 'Hitmonchan', 'Slowking', 'Drifblim']","['Venomoth', 'Sandslash', 'Medicham', 'Mantine', 'Skuntank', 'Dusclops']",29,11,10
smogtours-gen4nu-814842,[Gen 4] NU,2025-01-19 07:01:59,,denpowersteel79771,denpowerwater91914,denpowerwater91914,False,"['Shiftry', 'Floatzel', 'Regirock', 'Dusclops', 'Skuntank', 'Ampharos']","['Meganium', 'Tauros', 'Regirock', 'Poliwrath', 'Skuntank', 'Dusclops']",46,13,14
smogtours-gen4nu-784416,[Gen 4] NU,2024-08-05 18:16:22,,bodyslam74090,torterra15123,bodyslam74090,False,"['Tangrowth', 'Machoke', 'Claydol', 'Entei', 'Slowking', 'Drapion']","['Tangrowth', 'Steelix', 'Hitmonchan', 'Manectric', 'Slowking', 'Drapion']",33,11,11
gen4nu-1033911603,[Gen 4] NU,2019-12-22 19:10:24,,denpowersteel79771,starmie65430,denpowersteel79771,False,"['Nidoqueen', 'Hitmonchan', 'Cacturne', 'Sableye', 'Slowking']","['Gabite', 'Charizard', 'Vileplume', 'Probopass', 'Slowking', 'Glalie']",25,7,9
gen4nu-960459434,[Gen 4] NU,2019-08-14 23:50:57,,bite36630,dark42809,dark42809,False,"['Rapidash', 'Pinsir', 'Metang', 'Whiscash', 'Electabuzz', 'Purugly']","['Kadabra', 'Monferno', 'Probopass', 'Gastrodon', 'Misdreavus', 'Golbat']",24,8,7
gen4nu-1141682094,[Gen 4] NU,2020-06-29 02:52:39,,cutecharm72527,glaceon53740,cutecharm72527,True,"['Politoed', 'Magmortar', 'Haunter', 'Jynx', 'Piloswine']","['Charizard', 'Tauros', 'Sandslash', 'Skuntank', 'Dusclops', 'Cradily']",21,6,6
smogtours-gen4nu-359072,[Gen 4] NU,2018-03-18 17:35:51,,tyrogue12319,denpowersteel85750,tyrogue12319,False,"['Charizard', 'Regice', 'Tauros', 'Sandslash', 'Jynx', 'Gardevoir']","['Charizard', 'Gligar', 'Hitmonchan', 'Skuntank', 'Piloswine', 'Slowking']",31,11,13
gen4nu-921081164,[Gen 4] NU,2019-06-02 22:11:59,,solarpower96368,gastrodon85765,gastrodon85765,False,"['Vileplume', 'Charizard', 'Sandslash', 'Floatzel', 'Skuntank', 'Gardevoir']","['Charizard', 'Vileplume', 'Hitmonchan', 'Regirock', 'Sneasel']",18,6,5
gen4nu-1071370212,[Gen 4] NU,2020-02-29 20:44:20,,gengarmega66742,feraligatr54087,gengarmega66742,True,"['Lopunny', 'Pikachu', 'Girafarig', 'Chimecho', 'Corsola', 'Beedrill']","['Exploud', 'Solrock', 'Persian', 'Swalot', 'Tangela', 'Chatot']",29,10,11
gen4nu-859868573,[Gen 4] NU,2019-02-08 12:58:33,,abra70797,ninetales21343,ninetales21343,False,"['Charizard', 'Regirock', 'Mantine', 'Mawile', 'Marowak', 'Pikachu']","['Lapras', 'Vileplume', 'Charizard', 'Regirock', 'Hitmonchan', 'Sneasel']",40,11,12
smogtours-gen4nu-792819,[Gen 4] NU,2024-09-27 23:17:42,,huntail76319,pickup28423,huntail76319,True,"['Regirock', 'Skuntank', 'Vileplume', 'Poliwrath']","['Charizard', 'Nidoqueen', 'Hitmonchan', 'Skuntank', 'Slowking']",17,4,6
gen4nu-2279928551,[Gen 4] NU,2025-01-12 23:28:32,,thunderstone91997,trickroom51126,trickroom51126,False,"['Charizard', 'Tauros', 'Sandslash', 'Poliwrath', 'Jumpluff', 'Grumpig']","['Bibarel', 'Hitmonchan', 'Exploud', 'Marowak', 'Chimecho', 'Ampharos']",22,12,8
smogtours-gen4nu-659673,[Gen 4] NU,2022-11-05 22:09:12,,watmelberry24903,altaria32948,altaria32948,True,"['Charizard', 'Tauros', 'Sandslash', 'Poliwrath', 'Jumpluff', 'Grumpig']","['Vileplume', 'Sandslash', 'Regirock', 'Lickilicky', 'Slowking', 'Articuno']",47,13,10
gen4nu-454600745,[Gen 4] NU,2016-10-10 19:10:18,,aquaring34502,clefable74034,clefable74034,False,"['Tauros', 'Haunter', 'Manectric', 'Rhydon', 'Glalie', 'Drifblim']","['Venomoth', 'Charizard', 'Vileplume', 'Medicham', 'Sandslash', 'Slowking']",20,10,8
gen4nu-2205480419,[Gen 4] NU,2024-09-20 00:17:49,1035,kasibberry65854,tangrowth23890,tangrowth23890,True,"['Charizard', 'Tauros', 'Sandslash', 'Poliwrath', 'Jumpluff', 'Grumpig']","['Charizard', 'Medicham', 'Sandslash', 'Skuntank', 'Slowking']",21,8,8
smogtours-gen4nu-772727,[Gen 4] NU,2024-06-07 23:15:32,,rotomfan35023,twistedspoon63684,rotomfan35023,True,"['Nidoqueen', 'Hitmonchan', 'Regirock', 'Cacturne', 'Dusclops', 'Lickilicky']","['Tauros', 'Medicham', 'Haunter', 'Skuntank', 'Slowking', 'Cradily']",24,9,10
gen4nu-1047244565,[Gen 4] NU,2020-01-16 07:08:19,,venonat34855,arbok56586,venonat34855,False,"['Luxray', 'Regice', 'Floatzel', 'Haunter', 'Hitmonchan', 'Bastiodon']","['Granbull', 'Hitmonchan', 'Cacturne', 'Golem', 'Pelipper', 'Cradily']",24,7,9
gen4nu-1084336369,[Gen 4] NU,2020-03-24 04:26:00,,apicotberry87068,serenegrace48918,apicotberry87068,False,"['Porygon2', 'Monferno', 'Cacturne', 'Marowak', 'Misdreavus']","['Golduck', 'Venomoth', 'Nidoqueen', 'Haunter', 'Dodrio', 'Golem']",16,4,5
gen4nu-938301342,[Gen 4] NU,2019-07-02 03:36:23,,sandveil87527,smoothrock25184,smoothrock25184,False,"['Granbull', 'Houndour', 'Solrock', 'Quagsire', 'Diglett', 'Beedrill']","['Lapras', 'Solrock', 'Persian', 'Tangela', 'Yanma']",17,10,7
gen4nu-842779358,[Gen 4] NU,2018-12-31 16:27:55,,psybeam14379,pidgeot31794,pidgeot31794,False,"['Tropius', 'Onix', 'Weepinbell', 'Diglett', 'Tangela', 'Magmar']","['Kingler', 'Kecleon', 'Glaceon', 'Tangela', 'Gastly']",17,8,6
smogtours-gen4nu-499118,[Gen 4] NU,2020-05-07 23:02:42,,haunter12630,futuresight13270,haunter12630,False,"['Rapidash', 'Tauros', 'Nidoqueen', 'Cacturne', 'Dusclops', 'Solrock']","['Tauros', 'Sandslash', 'Regirock', 'Victreebel', 'Whiscash', 'Drifblim']",23,12,10
gen4nu-1172303845,[Gen 4] NU,2020-08-20 18:19:26,,spoink89835,wormadamtrash59670,wormadamtrash59670,True,"['Golduck', 'Sneasel', 'Victreebel', 'Rhydon', 'Gastrodon', 'Golbat']","['Monferno', 'Bellossom', 'Murkrow', 'Muk', 'Purugly', 'Relicanth']",33,14,14
gen4nu-2217077956,[Gen 4] NU,2024-10-06 12:59:27,,acid1060,nostatus85352,acid1060,False,"['Rampardos', 'Xatu', 'Cacturne', 'Girafarig', 'Diglett']","['Magneton', 'Floatzel', 'Haunter', 'Jumpluff', 'Masquerain', 'Gardevoir']",15,5,7
gen4nu-2200254947,[Gen 4] NU,2024-09-12 19:16:59,,tangrowth23890,hoothoot56067,tangrowth23890,False,"['Charizard', 'Tauros', 'Sandslash', 'Medicham', 'Skuntank', 'Slowking']","['Meganium', 'Tauros', 'Poliwrath', 'Regirock', 'Skuntank', 'Sableye']",26,12,16
gen4nu-2203851183,[Gen 4] NU,2024-09-17 20:39:24,1029,growl5652,bravebird27528,growl5652,False,"['Charizard', 'Hitmonchan', 'Mawile', 'Skuntank', 'Pikachu', 'Cradily']","['Charizard', 'Medicham', 'Electrode', 'Floatzel', 'Regirock', 'Metang']",23,9,9
gen4nu-2192535805,[Gen 4] NU,2024-09-01 20:28:31,1000,zoomlens5648,walrein39540,zoomlens5648,False,"['Magmortar', 'Meganium', 'Tauros', 'Golem', 'Skuntank', 'Slowking']","['Charizard', 'Sandslash', 'Regirock', 'Hitmonchan', 'Skuntank', 'Slowking']",17,8,7
gen4nu-1075854395,[Gen 4] NU,2020-03-09 01:34:30,,lanturn24150,seedflare81285,seedflare81285,False,"['Shiftry', 'Charizard', 'Gligar', 'Sandslash', 'Typhlosion', 'Lickilicky']","['Tauros', 'Medicham', 'Regirock', 'Skuntank', 'Slowking']",22,9,9
gen4nu-703102114,[Gen 4] NU,2018-02-12 19:10:23,,quickclaw58058,clefable74034,quickclaw58058,False,"['Charizard', 'Tauros', 'Medicham', 'Armaldo', 'Haunter', 'Electabuzz']","['Venomoth', 'Vileplume', 'Charizard', 'Medicham', 'Sandslash', 'Slowking']",22,9,10
gen4nu-2200381703,[Gen 4] NU,2024-09-12 22:38:53,1008,growl5652,block12446,growl5652,True,"['Charizard', 'Hitmonchan', 'Mawile', 'Skuntank', 'Pikachu', 'Cradily']","['Lapras', 'Rapidash', 'Electrode', 'Nidoqueen', 'Raticate', 'Hitmonchan']",16,10,8
gen4nu-854615751,[Gen 4] NU,2019-01-27 19:07:08,,denpowersteel79771,sniper70774,sniper70774,True,"['Xatu', 'Zangoose', 'Sneasel', 'Purugly', 'Probopass', 'Gastrodon']","['Zangoose', 'Poliwrath', 'Metang', 'Glalie', 'Misdreavus']",22,8,10
smogtours-gen4nu-208293,[Gen 4] NU,2016-10-30 17:14:28,,palkia83938,lockon17539,lockon17539,True,"['Machoke', 'Charizard', 'Sandslash', 'Jumpluff', 'Whiscash', 'Manectric']","['Charizard', 'Sandslash', 'Floatzel', 'Skuntank', 'Gardevoir']",15,8,5
gen4nu-927760115,[Gen 4] NU,2019-06-13 23:49:37,,payday74254,liechiberry37967,payday74254,False,"['Banette', 'Solrock', 'Persian', 'Quagsire', 'Tangela']","['Kingler', 'Lapras', 'Raticate', 'Solrock', 'Swalot', 'Tangela']",28,5,7
gen4nu-942825321,[Gen 4] NU,2019-07-10 23:09:35,,rockclimb62152,registeel32051,registeel32051,False,"['Shelgon', 'Raticate', 'Dusclops', 'Lairon', 'Quagsire', 'Swalot']","['Budew', 'Flareon', 'Mightyena', 'Wartortle', 'Dusclops', 'Solrock']",78,18,30
gen4nu-2205491618,[Gen 4] NU,2024-09-20 00:40:17,1087,furyattack70154,tangrowth23890,tangrowth23890,False,"['Tauros', 'Floatzel', 'Nidoqueen', 'Dusclops', 'Glalie', 'Cradily']","['Charizard', 'Tauros', 'Medicham', 'Skuntank', 'Slowking']",22,9,7
smogtours-gen4nu-601955,[Gen 4] NU,2022-01-10 22:21:47,,koffing93492,tyranitar56327,koffing93492,False,"['Skuntank', 'Charizard', 'Cradily', 'Quagsire']","['Venomoth', 'Tauros', 'Regirock', 'Marowak', 'Slowking', 'Drifblim']",29,6,9
gen4nu-937490010,[Gen 4] NU,2019-06-30 17:11:01,,swagger64002,icefang57178,icefang57178,False,"['Exploud', 'Solrock', 'Persian', 'Swalot', 'Chatot', 'Tangela']","['Politoed', 'Tropius', 'Solrock', 'Persian', 'Lairon', 'Gastly']",18,8,8
gen4nu-915779927,[Gen 4] NU,2019-05-24 23:41:11,,trace64701,mudkip8641,mudkip8641,False,"['Zangoose', 'Sneasel', 'Cacturne', 'Rhydon', 'Misdreavus', 'Golbat']","['Electabuzz', 'Poliwrath', 'Murkrow', 'Muk', 'Victreebel', 'Metang']",26,11,11
gen4nu-1039851249,[Gen 4] NU,2020-01-02 20:52:36,,baddreams11257,focuspunch756,focuspunch756,False,"['Tauros', 'Regirock', 'Haunter', 'Jynx', 'Manectric', 'Slowking']","['Purugly', 'Rhydon', 'Victreebel', 'Monferno']",19,7,7
gen4nu-1084188337,[Gen 4] NU,2020-03-23 22:59:59,,muk9797,sneasel87405,muk9797,False,"['Charizard', 'Vileplume', 'Sandslash', 'Floatzel', 'Skuntank', 'Gardevoir']","['Charizard', 'Porygon2', 'Marowak', 'Solrock', 'Slowking', 'Gardevoir']",34,14,17
gen4nu-2192444832,[Gen 4] NU,2024-09-01 17:48:21,1024,palkia50656,trickroom35559,palkia50656,False,"['Sharpedo', 'Magmortar', 'Sandslash', 'Articuno', 'Gardevoir', 'Slaking']","['Nidoqueen', 'Haunter', 'Cacturne', 'Hitmonchan', 'Jynx', 'Slowking']",39,16,17
gen4nu-789249893,[Gen 4] NU,2018-08-11 18:11:15,,altaria32948,thrash80465,thrash80465,False,"['Sharpedo', 'Charizard', 'Ninetales', 'Sandslash', 'Manectric', 'Slowking']","['Charizard', 'Sandslash', 'Typhlosion', 'Haunter', 'Skuntank', 'Slowking']",52,8,9
gen4nu-956717273,[Gen 4] NU,2019-08-07 14:28:13,,donphan58946,camouflage37346,donphan58946,False,"['Quagsire', 'Tangela', 'Kecleon', 'Lairon']","['Flareon', 'Wartortle', 'Persian', 'Lairon', 'Swalot', 'Girafarig']",31,10,11
gen4nu-841017766,[Gen 4] NU,2018-12-27 03:52:18,,sandveil87527,rawstberry64920,sandveil87527,False,"['Lopunny', 'Solrock', 'Mankey', 'Magmar', 'Gastly']","['Machop', 'Kecleon', 'Shelgon', 'Houndour', 'Pupitar', 'Gastly']",14,5,7
smogtours-gen4nu-810086,[Gen 4] NU,2024-12-14 02:26:39,,closecombat44911,zapcannon39582,closecombat44911,False,"['Sharpedo', 'Tauros', 'Magneton', 'Nidoqueen', 'Slowking', 'Drifblim']","['Meganium', 'Gligar', 'Tauros', 'Regirock', 'Skuntank', 'Slowking']",27,9,13
gen4nu-842793198,[Gen 4] NU,2018-12-31 17:08:33,,psybeam14379,spikes30756,spikes30756,False,"['Tropius', 'Sudowoodo', 'Weepinbell', 'Diglett', 'Tangela', 'Magmar']","['Abra', 'Raticate', 'Baltoy', 'Chatot', 'Yanma']",23,5,5
smogtours-gen4nu-712662,[Gen 4] NU,2023-08-27 19:27:19,,innerfocus97582,victreebel55835,victreebel55835,False,"['Charizard', 'Medicham', 'Kadabra', 'Skuntank', 'Jumpluff', 'Solrock']","['Tauros', 'Pinsir', 'Magneton', 'Skuntank', 'Dusclops', 'Cradily']",24,9,8
gen4nu-2193020003,[Gen 4] NU,2024-09-02 15:03:25,1053,zoomlens5648,arcanine2352,zoomlens5648,False,"['Vileplume', 'Charizard', 'Sandslash', 'Typhlosion', 'Gardevoir']","['Magmortar', 'Lapras', 'Rampardos', 'Articuno', 'Regigigas', 'Drifblim']",23,7,7
gen4nu-960995574,[Gen 4] NU,2019-08-16 01:47:39,,gastrodoneast315,earthquake137,earthquake137,True,"['Mr. Mime', 'Muk', 'Poliwrath', 'Sableye']","['Ariados', 'Gardevoir']",7,3,1
gen4nu-2187776965,[Gen 4] NU,2024-08-25 23:44:47,,enpowerflying50766,bellsprout54185,enpowerflying50766,True,"['Entei', 'Hitmonchan', 'Steelix', 'Cacturne', 'Drifblim']","['Tauros', 'Medicham', 'Steelix', 'Cacturne', 'Lanturn', 'Drifblim']",14,5,6
gen4nu-1097642274,[Gen 4] NU,2020-04-16 10:50:36,,mrmime16007,discharge40288,mrmime16007,False,"['Machoke', 'Charizard', 'Sandslash', 'Jumpluff', 'Whiscash', 'Manectric']","['Tauros', 'Haunter', 'Regirock', 'Jynx', 'Manectric', 'Slowking']",20,6,8
gen4nu-834084731,[Gen 4] NU,2018-12-26 21:39:04,,laggingtail8328,domefossil71379,domefossil71379,False,"['Combusken', 'Shuckle', 'Raticate', 'Poliwhirl', 'Tangela', 'Slaking']","['Abra', 'Quagsire', 'Slaking', 'Pikachu', 'Diglett', 'Yanma']",34,7,9
gen4nu-1053831038,[Gen 4] NU,2020-01-28 02:58:01,,futuresight13270,tickle33800,futuresight13270,False,"['Meganium', 'Floatzel', 'Regirock', 'Slowking', 'Gardevoir', 'Lickilicky']","['Meganium', 'Pinsir', 'Electrode', 'Regirock', 'Skuntank', 'Slowking']",32,14,14
gen4nu-955274419,[Gen 4] NU,2019-08-04 13:57:03,,meteormash76792,qwilfish20174,meteormash76792,False,"['Banette', 'Exploud', 'Solrock', 'Ariados', 'Chatot', 'Tangela']","['Exploud', 'Solrock', 'Persian', 'Swalot', 'Tangela', 'Chatot']",27,10,9
gen4nu-994313476,[Gen 4] NU,2019-10-18 01:49:16,,pickup67623,futuresight13270,pickup67623,False,"['Charizard', 'Vileplume', 'Sandslash', 'Floatzel', 'Skuntank', 'Gardevoir']","['Shiftry', 'Meganium', 'Electrode', 'Nidoqueen', 'Regirock', 'Drifblim']",30,11,14
smogtours-gen4nu-585585,[Gen 4] NU,2021-10-10 22:11:13,,iceshard30836,clearbody59762,clearbody59762,False,"['Venomoth', 'Charizard', 'Hitmonchan', 'Skuntank', 'Slowking', 'Cradily']","['Sharpedo', 'Venomoth', 'Tauros', 'Regirock', 'Lickilicky', 'Gardevoir']",30,10,9
gen4nu-896400057,[Gen 4] NU,2019-04-20 23:29:22,,rindoberry379,adaptability26680,adaptability26680,False,"['Lunatone', 'Quagsire', 'Exploud', 'Mawile', 'Pikachu', 'Beedrill']","['Lapras', 'Dunsparce', 'Shelgon', 'Dusclops', 'Mankey', 'Swalot']",29,10,7
smogtours-gen4nu-766989,[Gen 4] NU,2024-05-10 22:10:57,,koffing93492,nidorina72636,nidorina72636,False,"['Vileplume', 'Tauros', 'Magneton', 'Regirock', 'Slowking', 'Drifblim']","['Magneton', 'Sharpedo', 'Slowking', 'Regirock']",15,6,3
gen4nu-778864123,[Gen 4] NU,2018-07-21 04:45:12,,goldberry53422,leafguard31516,leafguard31516,False,"['Tauros', 'Haunter', 'Manectric', 'Rhydon', 'Glalie', 'Drifblim']","['Sharpedo', 'Shiftry', 'Tauros', 'Regirock', 'Gardevoir', 'Drifblim']",57,13,13
gen4nu-840917915,[Gen 4] NU,2018-12-26 22:26:42,,pidgeot31794,liechiberry37967,pidgeot31794,False,"['Kecleon', 'Cranidos', 'Dusclops', 'Solrock', 'Clamperl', 'Tangela']","['Flareon', 'Onix', 'Weepinbell', 'Persian', 'Tangela', 'Slaking']",19,6,9
gen4nu-1157663553,[Gen 4] NU,2020-07-25 21:50:23,,defog70166,victreebel55835,defog70166,False,"['Mightyena', 'Persian', 'Lairon', 'Tangela', 'Fearow', 'Gastly']","['Flareon', 'Mightyena', 'Wartortle', 'Clamperl', 'Pikachu', 'Slaking']",28,12,11
smogtours-gen4nu-582536,[Gen 4] NU,2021-09-27 23:46:52,,whirlpool40763,chatter88448,whirlpool40763,False,"['Jynx', 'Floatzel', 'Regirock', 'Drifblim']","['Gligar', 'Tauros', 'Medicham', 'Magneton', 'Hitmonchan', 'Hypno']",17,4,10
gen4nu-841308421,[Gen 4] NU,2018-12-27 22:07:30,,sandveil87527,laggingtail8328,sandveil87527,True,"['Kingler', 'Lopunny', 'Solrock', 'Mankey', 'Magmar', 'Gastly']","['Mightyena', 'Wartortle', 'Swalot', 'Quagsire', 'Chimecho', 'Shuckle']",25,5,8
smogtours-gen4nu-719978,[Gen 4] NU,2023-09-29 09:32:36,,lightclay48488,extrasensory76435,extrasensory76435,False,"['Charizard', 'Sandslash', 'Regirock', 'Hitmonchan', 'Skuntank', 'Slowking']","['Tauros', 'Magneton', 'Nidoqueen', 'Mantine', 'Cacturne', 'Dusclops']",38,15,16
gen4nu-1081304800,[Gen 4] NU,2020-03-18 19:25:03,,thunderstone74942,icebody76796,icebody76796,False,"['Tauros', 'Haunter', 'Manectric', 'Rhydon', 'Glalie', 'Drifblim']","['Tauros', 'Haunter', 'Regirock', 'Jynx', 'Slowking']",20,6,6
smogtours-gen4nu-376646,[Gen 4] NU,2018-05-13 21:04:24,,happiny68390,cobaberry41000,happiny68390,True,"['Sandslash', 'Floatzel', 'Typhlosion', 'Regirock', 'Cacturne', 'Drifblim']","['Politoed', 'Vileplume', 'Sandslash', 'Regirock', 'Sableye', 'Lickilicky']",36,12,14
gen4nu-875320358,[Gen 4] NU,2019-03-13 03:21:19,,girafarig45521,glare69169,girafarig45521,False,"['Magmortar', 'Vileplume', 'Sandslash', 'Raticate', 'Sneasel', 'Slowking']","['Tauros', 'Haunter', 'Manectric', 'Rhydon', 'Glalie', 'Drifblim']",34,9,12
smogtours-gen4nu-810730,[Gen 4] NU,2024-12-16 05:16:01,,weepinbell75190,huntail76319,weepinbell75190,False,"['Tauros', 'Magneton', 'Hitmonchan', 'Regirock', 'Skuntank', 'Slowking']","['Tauros', 'Regirock', 'Skuntank', 'Rhydon', 'Slowking', 'Ampharos']",23,7,8
smogtours-gen4nu-675807,[Gen 4] NU,2023-02-19 04:54:41,,tyranitar56327,magnetpull75337,magnetpull75337,False,"['Meganium', 'Rapidash', 'Nidoqueen', 'Poliwrath', 'Skuntank', 'Sableye']","['Vileplume', 'Gligar', 'Regirock', 'Skuntank', 'Slowking', 'Ampharos']",37,10,7
smogtours-gen4nu-645782,[Gen 4] NU,2022-08-30 17:58:53,,normal94579,attackorder57994,normal94579,True,"['Tauros', 'Regirock', 'Haunter', 'Jynx', 'Manectric', 'Slowking']","['Nidoqueen', 'Hitmonchan', 'Cacturne', 'Dusclops', 'Slowking', 'Lickilicky']",36,13,18
gen4nu-769486755,[Gen 4] NU,2018-06-30 11:58:57,,sniper70774,mentalherb28142,sniper70774,True,"['Lickilicky', 'Gastrodon', 'Armaldo', 'Misdreavus']","['Monferno', 'Muk', 'Pelipper', 'Metang', 'Purugly', 'Diglett']",25,9,15
gen4nu-1173482249,[Gen 4] NU,2020-08-22 19:09:06,,mail79545,colorchange51191,mail79545,False,"['Gabite', 'Sneasel', 'Electabuzz', 'Purugly', 'Roselia', 'Misdreavus']","['Lapras', 'Monferno', 'Murkrow', 'Purugly', 'Tangela', 'Ampharos']",24,10,13
smogtours-gen4nu-628239,[Gen 4] NU,2022-05-25 21:07:02,,twistedspoon9310,koffing93492,twistedspoon9310,False,"['Ampharos', 'Medicham', 'Haunter', 'Skuntank', 'Slowking', 'Cradily']","['Vileplume', 'Medicham', 'Regirock', 'Skuntank', 'Manectric', 'Drifblim']",38,15,15
smogtours-gen4nu-787094,[Gen 4] NU,2024-08-24 18:54:27,,speedboost35574,acupressure38299,acupressure38299,False,"['Exeggutor', 'Charizard', 'Entei', 'Regirock', 'Skuntank', 'Lickilicky']","['Exeggutor', 'Regirock', 'Skuntank', 'Victreebel', 'Persian']",14,6,7
smogtours-gen4nu-827265,[Gen 4] NU,2025-03-25 22:26:48,,vitalspirit41729,icywind98531,vitalspirit41729,False,"['Sharpedo', 'Vileplume', 'Regirock', 'Lickilicky', 'Drifblim']","['Meganium', 'Tauros', 'Haunter', 'Regirock', 'Skuntank', 'Rhydon']",19,8,7
gen4nu-1119554540,[Gen 4] NU,2020-05-22 22:20:52,,fire24746,poisonheal87841,fire24746,True,"['Noctowl', 'Gastly', 'Quagsire']","['Huntail', 'Raticate', 'Lairon', 'Diglett', 'Fearow', 'Yanma']",20,8,10
smogtours-gen4nu-634484,[Gen 4] NU,2022-06-25 19:47:38,,pickup28423,koffing93492,pickup28423,False,"['Charizard', 'Nidoqueen', 'Hitmonchan', 'Skuntank', 'Slowking']","['Regirock', 'Cacturne', 'Manectric', 'Rhydon', 'Gardevoir', 'Drifblim']",15,5,8
gen4nu-776322785,[Gen 4] NU,2018-07-15 23:04:37,,spheal7278,hydration62804,spheal7278,False,"['Rapidash', 'Poliwrath', 'Cacturne', 'Muk', 'Metang', 'Purugly']","['Armaldo', 'Poliwrath', 'Victreebel', 'Metang', 'Misdreavus', 'Articuno']",20,12,12
smogtours-gen4nu-663088,[Gen 4] NU,2022-11-27 23:47:24,,futuresight13270,willowisp64187,willowisp64187,False,"['Venomoth', 'Sandslash', 'Typhlosion', 'Poliwrath', 'Manectric', 'Cradily']","['Shiftry', 'Charizard', 'Vileplume', 'Regirock', 'Hitmonchan', 'Jumpluff']",29,12,10
smogtours-gen4nu-712989,[Gen 4] NU,2023-08-29 20:11:34,,rotomfan35023,chlorophyll28494,rotomfan35023,False,"['Tauros', 'Haunter', 'Regirock', 'Jynx', 'Manectric', 'Slowking']","['Sharpedo', 'Shiftry', 'Tauros', 'Regirock', 'Gardevoir', 'Drifblim']",23,11,9
gen4nu-672694326,[Gen 4] NU,2017-12-12 02:50:25,,wepearberry67363,delcatty31981,delcatty31981,False,"['Magmortar', 'Meganium', 'Dodrio', 'Golem', 'Slowking', 'Drifblim']","['Butterfree', 'Octillery', 'Bellossom', 'Pikachu', 'Furret', 'Beedrill']",18,5,8
gen4nu-662663397,[Gen 4] NU,2017-11-21 14:49:40,,metalsound89156,arenatrap65458,metalsound89156,False,"['Medicham', 'Magneton', 'Nidoqueen', 'Jynx', 'Lickilicky', 'Cradily']","['Venomoth', 'Shiftry', 'Tauros', 'Medicham', 'Poliwrath', 'Regirock']",26,13,13
gen4nu-1147866110,[Gen 4] NU,2020-07-09 06:25:22,,skiploom18589,deoxysdefense2411,deoxysdefense2411,False,"['Pinsir', 'Sandslash', 'Electrode', 'Floatzel', 'Muk', 'Gardevoir']","['Gardevoir', 'Regirock', 'Haunter', 'Marowak', 'Gastrodon', 'Ampharos']",32,12,8
gen4nu-464524567,[Gen 4] NU,2016-10-26 22:57:52,,ddenpowerdark74493,shinystone48186,shinystone48186,False,"['Gligar', 'Floatzel', 'Monferno', 'Arbok', 'Dusclops', 'Pikachu']","['Meganium', 'Lapras', 'Typhlosion', 'Hitmonchan', 'Manectric']",15,7,6
smogtours-gen4nu-344172,[Gen 4] NU,2018-01-21 15:48:54,,thrash80465,futuresight13270,thrash80465,False,"['Tauros', 'Floatzel', 'Nidoqueen', 'Hitmonchan', 'Muk', 'Slowking']","['Magmortar', 'Charizard', 'Sandslash', 'Typhlosion', 'Skuntank', 'Quagsire']",17,8,8
smogtours-gen4nu-693392,[Gen 4] NU,2023-05-21 14:23:43,,wooper24132,rockpolish84152,wooper24132,False,"['Shiftry', 'Gligar', 'Magneton', 'Floatzel', 'Regirock', 'Gardevoir']","['Floatzel', 'Nidoqueen', 'Hitmonchan', 'Cacturne', 'Skuntank', 'Drifblim']",24,12,11
gen4nu-841808439,[Gen 4] NU,2018-12-29 03:12:22,,spikes30756,sandveil87527,sandveil87527,False,"['Abra', 'Raticate', 'Baltoy', 'Quagsire', 'Chatot', 'Yanma']","['Kingler', 'Lopunny', 'Solrock', 'Mankey', 'Magmar', 'Gastly']",19,8,10
gen4nu-2200592620,[Gen 4] NU,2024-09-13 06:24:49,1061,chilanberry99799,feint1878,feint1878,True,"['Sandslash', 'Gardevoir', 'Glalie', 'Persian']","['Bibarel', 'Gligar', 'Tauros', 'Pinsir', 'Hypno']",14,6,4
smogtours-gen4nu-791468,[Gen 4] NU,2024-09-20 17:44:50,,exploud62674,bodyslam74090,exploud62674,False,"['Tangrowth', 'Absol', 'Nidoqueen', 'Hitmonchan', 'Slowking', 'Drapion']","['Tangrowth', 'Wormadam-Trash', 'Tauros', 'Hitmonchan', 'Lanturn', 'Drapion']",37,14,18
gen4nu-921554431,[Gen 4] NU,2019-06-03 18:12:10,,leafeon29964,swampert50714,swampert50714,False,"['Golduck', 'Armaldo', 'Mr. Mime', 'Victreebel', 'Metang', 'Purugly']","['Poliwrath', 'Victreebel', 'Electabuzz', 'Lickilicky', 'Glalie', 'Misdreavus']",19,8,8
gen4nu-893198196,[Gen 4] NU,2019-04-15 08:49:01,,simple53659,camouflage37346,camouflage37346,False,"['Kecleon', 'Wartortle', 'Persian', 'Pupitar', 'Tangela', 'Gastly']","['Raticate', 'Clefairy', 'Persian', 'Swalot', 'Gastly']",27,9,8
gen4nu-841199843,[Gen 4] NU,2018-12-27 17:11:32,,psybeam14379,pidgeot31794,psybeam14379,False,"['Onix', 'Weepinbell', 'Cherrim', 'Diglett', 'Tangela', 'Magmar']","['Politoed', 'Combusken', 'Persian', 'Diglett', 'Tangela', 'Gastly']",18,5,9
gen4nu-1100246932,[Gen 4] NU,2020-04-20 20:05:06,,teddiursa9962,quickpowder71749,quickpowder71749,False,"['Charizard', 'Tauros', 'Electrode', 'Nidoqueen', 'Golem', 'Dodrio']","['Sandslash', 'Sharpedo', 'Cradily', 'Slowking']",23,9,9
smogtours-gen4nu-765697,[Gen 4] NU,2024-05-04 21:58:52,,crosschop14357,rotomfan35023,rotomfan35023,False,"['Charizard', 'Regigigas', 'Nidoqueen', 'Hitmonchan', 'Dusclops', 'Slowking']","['Typhlosion', 'Poliwrath', 'Regirock', 'Cacturne', 'Skuntank', 'Haunter']",40,11,14
gen4nu-2192490045,[Gen 4] NU,2024-09-01 19:05:33,1000,muddywater22285,zoomlens5648,zoomlens5648,True,"['Dodrio', 'Crawdaunt', 'Girafarig']","['Skuntank', 'Slowking', 'Meganium', 'Golem']",9,2,5
gen4nu-2203997667,[Gen 4] NU,2024-09-18 01:12:11,1041,healingwish95702,growl5652,growl5652,False,"['Magmortar', 'Porygon2', 'Regirock', 'Poliwrath', 'Ampharos', 'Articuno']","['Charizard', 'Hitmonchan', 'Mawile', 'Pikachu', 'Cradily']",24,5,9
gen4nu-2199023494,[Gen 4] NU,2024-09-11 02:40:58,1062,chopleberry38027,hypno90649,hypno90649,False,"['Sharpedo', 'Tauros', 'Magneton', 'Haunter', 'Regirock', 'Slowking']","['Glaceon', 'Lapras', 'Regice', 'Jynx', 'Piloswine', 'Gastrodon']",25,9,7
smogtours-gen4nu-791433,[Gen 4] NU,2024-09-20 02:08:27,,thickclub47223,huntail76319,huntail76319,False,"['Tauros', 'Sandslash', 'Dusclops', 'Whiscash', 'Probopass', 'Gardevoir']","['Meganium', 'Regice', 'Regirock', 'Poliwrath', 'Skuntank']",26,9,8
gen4nu-1036844096,[Gen 4] NU,2019-12-28 02:44:35,,mail7459,futuresight13270,mail7459,False,"['Tauros', 'Haunter', 'Manectric', 'Rhydon', 'Glalie', 'Drifblim']","['Ninetales', 'Vileplume', 'Gligar', 'Haunter', 'Lickilicky', 'Drifblim']",26,10,11
smogtours-gen4nu-670632,[Gen 4] NU,2023-01-25 23:29:25,,mawile36886,wooper24132,wooper24132,False,"['Shiftry', 'Tauros', 'Regirock', 'Skuntank', 'Piloswine', 'Slowking']","['Shiftry', 'Medicham', 'Regirock', 'Hitmonchan', 'Skuntank', 'Slowking']",32,14,15
gen4nu-2204767077,[Gen 4] NU,2024-09-19 01:42:07,1081,tangrowth23890,politoed39754,tangrowth23890,False,"['Charizard', 'Tauros', 'Sandslash', 'Skuntank', 'Slowking']","['Togetic', 'Magmortar', 'Shiftry', 'Torkoal', 'Monferno', 'Regirock']",16,4,8
smogtours-gen4nu-829028,[Gen 4] NU,2025-03-30 19:00:08,,huntail76319,denpowersteel79771,huntail76319,True,"['Shiftry', 'Regirock', 'Manectric', 'Gardevoir', 'Glalie', 'Drifblim']","['Vileplume', 'Tauros', 'Regirock', 'Hitmonchan', 'Slowking', 'Drifblim']",21,7,9
gen4nu-946774875,[Gen 4] NU,2019-07-18 14:33:05,,registeel32051,tox71156,registeel32051,True,"['Shelgon', 'Dusclops', 'Kecleon', 'Omanyte']","['Stunky', 'Combusken', 'Solrock', 'Persian', 'Diglett', 'Tangela']",25,6,9
gen4nu-818514154,[Gen 4] NU,2018-10-11 01:59:21,1000,waterveil53989,stealthrock69119,stealthrock69119,False,"['Tauros', 'Haunter', 'Manectric', 'Rhydon', 'Glalie', 'Drifblim']","['Charizard', 'Sandslash', 'Floatzel', 'Skuntank', 'Gardevoir']",15,10,5
smogtours-gen4nu-388753,[Gen 4] NU,2018-07-16 15:45:49,,deepseascale75372,tintedlens67414,deepseascale75372,False,"['Magmortar', 'Medicham', 'Sandslash', 'Floatzel', 'Skuntank', 'Drifblim']","['Venomoth', 'Charizard', 'Sandslash', 'Poliwrath', 'Grumpig', 'Cradily']",30,9,13
gen4nu-2251785426,[Gen 4] NU,2024-11-26 23:58:17,,weepinbell75190,mawile46058,mawile46058,False,"['Charizard', 'Tauros', 'Haunter', 'Regirock', 'Skuntank', 'Gardevoir']","['Sharpedo', 'Tauros', 'Regirock', 'Hitmonchan', 'Skuntank', 'Slowking']",16,7,5
smogtours-gen4nu-785900,[Gen 4] NU,2024-08-17 01:16:18,,scopelens90498,mysteryberry28701,mysteryberry28701,True,"['Meganium', 'Tauros', 'Regirock', 'Poliwrath', 'Skuntank', 'Sableye']","['Exeggutor', 'Charizard', 'Nidoking', 'Hitmonchan', 'Skuntank', 'Lanturn']",30,11,11
gen4nu-950121014,[Gen 4] NU,2019-07-25 01:27:25,,smoothrock25184,registeel32051,smoothrock25184,False,"['Mightyena', 'Banette', 'Lapras', 'Solrock']","['Stunky', 'Wartortle', 'Solrock', 'Tangela', 'Magmar', 'Gastly']",20,6,9
gen4nu-808560747,[Gen 4] NU,2018-09-20 19:39:11,,beedrill11673,shellarmor94389,shellarmor94389,False,"['Charizard', 'Vileplume', 'Sandslash', 'Floatzel', 'Skuntank', 'Gardevoir']","['Sandslash', 'Medicham', 'Magneton', 'Skuntank', 'Slowking', 'Gardevoir']",33,12,11
gen4nu-1016185168,[Gen 4] NU,2019-11-24 22:44:48,,jumpkick32318,wobbuffet61495,jumpkick32318,False,"['Politoed', 'Monferno', 'Victreebel', 'Purugly', 'Rhydon', 'Golbat']","['Camerupt', 'Machoke', 'Kadabra', 'Victreebel', 'Whiscash', 'Electabuzz']",29,16,16
gen4nu-2205414907,[Gen 4] NU,2024-09-19 22:12:20,1151,block12446,growl5652,growl5652,True,"['Machoke', 'Gligar', 'Magneton', 'Haunter', 'Sneasel']","['Mawile', 'Skuntank', 'Hitmonchan', 'Pikachu']",12,5,5
gen4nu-2173515214,[Gen 4] NU,2024-08-04 21:27:05,,poisontail76206,jynx62866,poisontail76206,False,"['Tauros', 'Steelix', 'Cacturne', 'Lanturn', 'Drifblim']","['Wailord', 'Regice', 'Claydol', 'Skuntank', 'Glalie', 'Drifblim']",24,9,10
gen4nu-921075266,[Gen 4] NU,2019-06-02 22:08:55,,gastrodon85765,wormadam14777,gastrodon85765,True,"['Lapras', 'Vileplume', 'Charizard', 'Hitmonchan', 'Sneasel', 'Regirock']","['Vileplume', 'Sandslash', 'Medicham', 'Regirock', 'Slowking', 'Articuno']",45,9,11
gen4nu-762414702,[Gen 4] NU,2018-06-14 17:55:26,,sandveil87527,swampert50714,swampert50714,False,"['Rhydon', 'Zangoose', 'Poliwrath', 'Articuno', 'Lickilicky', 'Golbat']","['Machoke', 'Mr. Mime', 'Muk', 'Electabuzz', 'Gastrodon']",32,13,8
smogtours-gen4nu-809155,[Gen 4] NU,2024-12-07 00:17:49,,torchic37250,whirlwind47872,whirlwind47872,False,"['Shiftry', 'Typhlosion', 'Regirock', 'Victreebel', 'Persian', 'Hypno']","['Magmortar', 'Meganium', 'Nidoqueen', 'Regirock', 'Gardevoir']",30,10,6
gen4nu-666175887,[Gen 4] NU,2017-11-29 01:18:06,,glare38523,surf53202,surf53202,False,"['Zangoose', 'Pelipper', 'Muk', 'Metang', 'Rhydon', 'Misdreavus']","['Armaldo', 'Metang', 'Regigigas', 'Gastrodon', 'Misdreavus', 'Articuno']",61,21,17
gen4nu-1160539625,[Gen 4] NU,2020-07-30 21:20:41,,skullbash30877,kabutops99333,kabutops99333,False,"['Gligar', 'Tauros', 'Medicham', 'Magneton', 'Hitmonchan', 'Hypno']","['Charizard', 'Tauros', 'Sandslash', 'Poliwrath', 'Jumpluff', 'Grumpig']",27,10,9
gen4nu-451325311,[Gen 4] NU,2016-10-05 16:37:58,,poisonheal87841,plus25438,plus25438,True,"['Hypno', 'Dodrio', 'Hitmonchan', 'Tauros']","['Rhydon', 'Glalie', 'Haunter', 'Drifblim']",13,6,4
smogtours-gen4nu-790514,[Gen 4] NU,2024-09-14 11:29:53,,confusion41299,luckypunch80473,confusion41299,True,"['Manectric', 'Skuntank', 'Sharpedo', 'Espeon']","['Altaria', 'Slowbro', 'Nidoqueen', 'Hitmonchan', 'Skuntank', 'Dusclops']",21,8,11
smogtours-gen4nu-811089,[Gen 4] NU,2024-12-21 05:15:20,,shinystone44310,zapcannon39582,shinystone44310,True,"['Shiftry', 'Regirock', 'Electabuzz', 'Glalie', 'Drifblim']","['Charizard', 'Vileplume', 'Sandslash', 'Floatzel', 'Skuntank', 'Gardevoir']",17,8,8
smogtours-gen4nu-827432,[Gen 4] NU,2025-03-27 19:23:54,,needlearm59980,gastly57717,gastly57717,False,"['Nidoqueen', 'Regirock', 'Hitmonchan', 'Skuntank', 'Slowking', 'Drifblim']","['Shiftry', 'Tauros', 'Magneton', 'Haunter', 'Regirock', 'Slowking']",21,8,7
smogtours-gen4nu-625757,[Gen 4] NU,2022-05-13 19:11:49,,slowking28210,haunter12630,slowking28210,False,"['Charizard', 'Regirock', 'Hitmonchan', 'Skuntank', 'Manectric', 'Slowking']","['Regirock', 'Skuntank', 'Jumpluff', 'Linoone', 'Glalie', 'Drifblim']",25,7,12
smogtours-gen4nu-662228,[Gen 4] NU,2022-11-20 18:20:07,,tyranitar56327,willowisp64187,tyranitar56327,False,"['Nidoqueen', 'Hitmonchan', 'Cacturne', 'Dusclops', 'Slowking', 'Lickilicky']","['Tauros', 'Poliwrath', 'Regirock', 'Hitmonchan', 'Skuntank', 'Drifblim']",34,13,11
smogtours-gen4nu-208008,[Gen 4] NU,2016-10-29 22:18:11,,bide32585,chilanberry58526,chilanberry58526,False,"['Charizard', 'Vileplume', 'Medicham', 'Regirock', 'Sneasel', 'Slowking']","['Gabite', 'Vileplume', 'Charizard', 'Probopass', 'Slowking', 'Glalie']",39,15,17
gen4nu-766996743,[Gen 4] NU,2018-06-24 20:15:56,,sniper70774,snore88965,sniper70774,True,"['Kadabra', 'Monferno', 'Poliwrath', 'Victreebel', 'Misdreavus', 'Articuno']","['Xatu', 'Zangoose', 'Sneasel', 'Purugly', 'Probopass', 'Gastrodon']",22,12,12
gen4nu-1158126718,[Gen 4] NU,2020-07-26 19:41:47,,infernape34883,deoxysattack76542,deoxysattack76542,False,"['Haunter', 'Regirock', 'Hitmonchan', 'Jynx', 'Skuntank', 'Manectric']","['Tauros', 'Haunter', 'Regirock', 'Jynx', 'Manectric', 'Slowking']",19,9,5
gen4nu-2317605066,[Gen 4] NU,2025-03-12 02:19:40,,grasswhistle96525,gastly57717,grasswhistle96525,True,"['Hitmonchan', 'Marowak', 'Slowking', 'Cradily', 'Articuno']","['Vileplume', 'Gligar', 'Skuntank', 'Slowking', 'Ampharos']",24,7,10
smogtours-gen4nu-605523,[Gen 4] NU,2022-01-29 22:09:15,,shinystone44310,rockpolish84152,rockpolish84152,True,"['Nidoqueen', 'Regirock', 'Hitmonchan', 'Cacturne', 'Dusclops', 'Lickilicky']","['Charizard', 'Floatzel', 'Hitmonchan', 'Skuntank', 'Rhydon', 'Cradily']",30,14,8
gen4nu-2187140824,[Gen 4] NU,2024-08-25 00:31:34,,venomoth48167,safeguard55452,venomoth48167,False,"['Entei', 'Hitmonchan', 'Lanturn', 'Drapion', 'Drifblim']","['Shiftry', 'Exeggutor', 'Typhlosion', 'Regirock', 'Persian', 'Gardevoir']",21,10,7
gen4nu-1099614107,[Gen 4] NU,2020-04-19 19:31:50,,kangaskhan71045,deepseatooth62714,deepseatooth62714,False,"['Sharpedo', 'Meganium', 'Gligar', 'Medicham', 'Regirock', 'Skuntank']","['Victreebel', 'Metang', 'Purugly', 'Glalie', 'Misdreavus']",19,6,5
gen4nu-2281856402,[Gen 4] NU,2025-01-15 22:50:58,,electabuzz37326,rotom15770,rotom15770,False,"['Sharpedo', 'Typhlosion', 'Nidoqueen', 'Hitmonchan', 'Rhydon', 'Ampharos']","['Machoke', 'Hitmonchan', 'Skuntank', 'Slowking', 'Cradily']",18,5,7
gen4nu-772558133,[Gen 4] NU,2018-07-07 13:33:47,,spheal7278,haunter12630,haunter12630,False,"['Gabite', 'Rapidash', 'Metang', 'Purugly', 'Gastrodon', 'Misdreavus']","['Armaldo', 'Monferno', 'Poliwrath', 'Cacturne', 'Mr. Mime', 'Misdreavus']",27,9,15
gen4nu-1172849817,[Gen 4] NU,2020-08-21 16:29:25,,spoink89835,psychocut88772,psychocut88772,True,"['Lapras', 'Armaldo', 'Muk', 'Purugly', 'Magmar']","['Gabite', 'Machoke', 'Relicanth']",9,5,2
smogtours-gen4nu-784451,[Gen 4] NU,2024-08-05 21:12:34,,exploud62674,phanpy1464,exploud62674,True,"['Tangrowth', 'Venomoth', 'Tauros', 'Steelix', 'Slowking', 'Drifblim']","['Sharpedo', 'Exeggutor', 'Hitmonchan', 'Regirock', 'Slowking', 'Drapion']",22,9,9
gen4nu-2204855114,[Gen 4] NU,2024-09-19 05:00:47,1030,glare68228,rockincense5107,rockincense5107,False,"['Gligar', 'Tauros', 'Hitmonchan', 'Skuntank', 'Manectric', 'Slowking']","['Tauros', 'Regirock', 'Haunter', 'Jynx', 'Manectric', 'Slowking']",22,10,8
gen4nu-2200756418,[Gen 4] NU,2024-09-13 13:21:27,1000,aron7426,pinmissile14901,pinmissile14901,False,"['Gligar', 'Tauros', 'Medicham', 'Magneton', 'Hitmonchan', 'Hypno']","['Charizard', 'Floatzel', 'Hitmonchan', 'Linoone', 'Gardevoir', 'Golbat']",35,9,6
smogtours-gen4nu-784651,[Gen 4] NU,2024-08-07 21:02:12,,pelipper44197,pinmissile9006,pelipper44197,False,"['Sharpedo', 'Hitmonchan', 'Regirock', 'Slowking', 'Drapion']","['Ursaring', 'Kingler', 'Exeggutor', 'Claydol', 'Drapion', 'Drifblim']",28,11,13
gen4nu-906600232,[Gen 4] NU,2019-05-09 12:35:48,,runaway61538,swift79929,swift79929,False,"['Regirock', 'Haunter', 'Jynx', 'Skuntank', 'Manectric']","['Shiftry', 'Magneton', 'Nidoqueen', 'Hitmonchan', 'Slowking', 'Drifblim']",26,8,8
gen4nu-2195585352,[Gen 4] NU,2024-09-06 04:33:40,1136,stunspore2092,staryu66980,stunspore2092,False,"['Gardevoir', 'Haunter', 'Dodrio', 'Golem', 'Gastrodon']","['Wormadam-Trash', 'Sandslash', 'Mantine', 'Regirock', 'Dusclops', 'Hypno']",26,4,8
gen4nu-461882497,[Gen 4] NU,2016-10-22 17:34:15,,shinystone48186,blukberry13554,shinystone48186,False,"['Meganium', 'Charizard', 'Lapras', 'Typhlosion', 'Hitmonchan', 'Manectric']","['Charizard', 'Regirock', 'Sneasel', 'Bastiodon', 'Gardevoir', 'Slaking']",16,6,8
smogtours-gen4nu-635497,[Gen 4] NU,2022-06-30 18:10:57,,mawile36886,pickup28423,mawile36886,False,"['Meganium', 'Tauros', 'Regirock', 'Hitmonchan', 'Skuntank', 'Slowking']","['Vileplume', 'Regirock', 'Hitmonchan', 'Marowak', 'Slowking', 'Drifblim']",18,7,6
smogtours-gen4nu-770610,[Gen 4] NU,2024-05-26 18:22:12,,crosschop14357,denpowersteel79771,denpowersteel79771,False,"['Golduck', 'Gligar', 'Hitmonchan', 'Skuntank', 'Manectric', 'Cradily']","['Tauros', 'Floatzel', 'Skuntank', 'Dusclops', 'Gardevoir', 'Cradily']",28,14,9
gen4nu-2194088941,[Gen 4] NU,2024-09-04 01:39:10,1000,quickfeet95939,energypowder71462,quickfeet95939,True,"['Skuntank', 'Slowking', 'Nidoqueen', 'Sandslash']","['Floatzel', 'Persian', 'Probopass', 'Gardevoir', 'Lumineon', 'Ampharos']",27,6,9
smogtours-gen4nu-698541,[Gen 4] NU,2023-06-22 19:44:33,,hypervoice57448,rotomfan35023,hypervoice57448,False,"['Camerupt', 'Meganium', 'Poliwrath', 'Hitmonchan', 'Skuntank', 'Drifblim']","['Sharpedo', 'Tauros', 'Floatzel', 'Regirock', 'Hitmonchan', 'Dusclops']",26,12,11
gen4nu-2194046327,[Gen 4] NU,2024-09-04 00:11:56,1042,whitesmoke6369,chopleberry38027,whitesmoke6369,False,"['Sharpedo', 'Tauros', 'Magneton', 'Haunter', 'Regirock']","['Sharpedo', 'Tauros', 'Magneton', 'Haunter', 'Regirock', 'Slowking']",19,6,8
gen4nu-961330108,[Gen 4] NU,2019-08-16 19:31:26,,koffing93492,shadowclaw51134,shadowclaw51134,False,"['Vileplume', 'Magneton', 'Typhlosion', 'Haunter', 'Solrock', 'Gastrodon']","['Typhlosion', 'Nidoqueen', 'Hitmonchan', 'Poliwrath', 'Dodrio', 'Skuntank']",42,22,21
gen4nu-774472442,[Gen 4] NU,2018-07-11 20:05:45,,magiccoat65083,sniper70774,sniper70774,False,"['Golduck', 'Rapidash', 'Kadabra', 'Cacturne', 'Rhydon', 'Misdreavus']","['Zangoose', 'Kadabra', 'Poliwrath', 'Probopass', 'Glalie', 'Misdreavus']",23,9,8
gen4nu-799544062,[Gen 4] NU,2018-09-02 04:04:59,,gardevoir41806,acupressure31768,gardevoir41806,False,"['Poliwrath', 'Mr. Mime', 'Murkrow', 'Metang', 'Rhydon', 'Golbat']","['Gabite', 'Rapidash', 'Victreebel', 'Electabuzz', 'Rhydon', 'Misdreavus']",19,11,8
gen4nu-2192652722,[Gen 4] NU,2024-09-02 00:21:37,1114,chopleberry38027,skarmory93245,skarmory93245,False,"['Sharpedo', 'Tauros', 'Magneton', 'Haunter', 'Regirock', 'Slowking']","['Golduck', 'Vileplume', 'Ninetales', 'Gligar', 'Hitmonchan', 'Sneasel']",33,8,9
gen4nu-840566175,[Gen 4] NU,2018-12-26 02:18:11,,liechiberry37967,waterveil53989,liechiberry37967,False,"['Raticate', 'Solrock']","['Pidgeot', 'Kecleon', 'Flareon', 'Arbok', 'Quagsire', 'Tangela']",11,1,7
gen4nu-972348170,[Gen 4] NU,2019-09-07 15:16:00,,shadowclaw51134,breloom81395,shadowclaw51134,True,"['Haunter', 'Regirock', 'Cacturne', 'Manectric', 'Gardevoir']","['Venomoth', 'Shiftry', 'Charizard', 'Tauros', 'Hitmonchan']",15,6,7
gen4nu-829042507,[Gen 4] NU,2018-11-01 20:20:34,,razorclaw45399,flameplate13159,flameplate13159,False,"['Shiftry', 'Tauros', 'Typhlosion', 'Regirock', 'Jumpluff', 'Victreebel']","['Tauros', 'Regirock', 'Haunter', 'Jynx', 'Manectric', 'Slowking']",18,5,6
smogtours-gen4nu-817685,[Gen 4] NU,2025-02-02 19:49:52,,rattata90247,clefairy19286,rattata90247,False,"['Politoed', 'Gligar', 'Tauros', 'Medicham', 'Regirock', 'Skuntank']","['Tauros', 'Medicham', 'Floatzel', 'Regirock', 'Hitmonchan', 'Skuntank']",29,16,11
gen4nu-822798643,[Gen 4] NU,2018-10-19 22:35:10,,hydration62804,spheal7278,hydration62804,False,"['Armaldo', 'Poliwrath', 'Victreebel', 'Metang', 'Misdreavus', 'Articuno']","['Poliwrath', 'Cacturne', 'Murkrow', 'Muk', 'Electabuzz', 'Rhydon']",62,21,22
smogtours-gen4nu-598332,[Gen 4] NU,2021-12-18 23:05:52,,shinystone44310,futuresight13270,shinystone44310,False,"['Haunter', 'Hitmonchan', 'Skuntank', 'Slowking', 'Cradily']","['Gligar', 'Floatzel', 'Hitmonchan', 'Skuntank', 'Victreebel', 'Solrock']",22,9,11
gen4nu-2207340674,[Gen 4] NU,2024-09-22 19:11:33,,staryu66980,chargebeam93183,staryu66980,False,"['Porygon2', 'Marowak', 'Solrock', 'Slowking', 'Ampharos', 'Drifblim']","['Charizard', 'Gligar', 'Pinsir', 'Hitmonchan', 'Cacturne', 'Slowking']",14,6,5
gen4nu-931095490,[Gen 4] NU,2019-06-19 13:53:55,,simple53659,hyperbeam24300,hyperbeam24300,False,"['Wartortle', 'Persian', 'Lairon', 'Diglett', 'Tangela', 'Gastly']","['Politoed', 'Raticate', 'Lairon', 'Diglett', 'Fearow', 'Yanma']",29,12,11
gen4nu-839786500,[Gen 4] NU,2018-12-24 02:35:25,,tamatoberry1958,trace64701,tamatoberry1958,False,"['Pelipper', 'Metang', 'Dragonair', 'Electabuzz']","['Machoke', 'Gorebyss', 'Monferno', 'Cacturne', 'Muk', 'Metang']",16,6,9
smogtours-gen4nu-784951,[Gen 4] NU,2024-08-10 13:12:58,,luckypunch80473,delibird28697,luckypunch80473,False,"['Sharpedo', 'Exeggutor', 'Hitmonchan', 'Regirock', 'Slowking', 'Drapion']","['Sharpedo', 'Ludicolo', 'Regirock', 'Hitmonchan', 'Haunter', 'Drapion']",23,5,6
smogtours-gen4nu-558707,[Gen 4] NU,2021-05-01 16:56:20,,seedflare81285,fireblast30665,seedflare81285,False,"['Vileplume', 'Tauros', 'Regirock', 'Manectric', 'Slowking', 'Drifblim']","['Gligar', 'Poliwrath', 'Regirock', 'Skuntank', 'Muk', 'Slowking']",48,14,14
gen4nu-914277047,[Gen 4] NU,2019-05-22 15:11:17,,haunter12630,rawstberry64920,rawstberry64920,False,"['Rapidash', 'Monferno', 'Wartortle', 'Bellossom', 'Metang', 'Golbat']","['Machoke', 'Rapidash', 'Cacturne', 'Pelipper', 'Electabuzz', 'Rhydon']",23,14,6
smogtours-gen4nu-601804,[Gen 4] NU,2022-01-09 20:27:48,,futuresight13270,focusblast61293,futuresight13270,False,"['Politoed', 'Camerupt', 'Nidoqueen', 'Skuntank', 'Lickilicky', 'Drifblim']","['Vileplume', 'Gligar', 'Tauros', 'Magneton', 'Regirock', 'Hitmonchan']",30,11,14
gen4nu-856430412,[Gen 4] NU,2019-01-31 18:11:27,,furyswipes99143,rocksmash65356,rocksmash65356,False,"['Typhlosion', 'Haunter', 'Regirock', 'Hitmonchan', 'Manectric', 'Slowking']","['Tauros', 'Haunter', 'Manectric', 'Rhydon', 'Glalie', 'Drifblim']",26,10,11
gen4nu-1139830398,[Gen 4] NU,2020-06-26 02:44:18,,onix48886,phione18356,onix48886,False,"['Kadabra', 'Sneasel', 'Cacturne', 'Pelipper', 'Muk', 'Probopass']","['Charizard', 'Porygon2', 'Marowak', 'Solrock', 'Slowking', 'Gardevoir']",29,16,13
smogtours-gen4nu-784683,[Gen 4] NU,2024-08-08 01:08:02,,tackle13415,illuminate274,tackle13415,True,"['Slowking', 'Exeggutor', 'Nidoqueen', 'Ampharos']","['Tauros', 'Medicham', 'Cacturne', 'Lanturn', 'Drifblim']",15,4,7
smogtours-gen4nu-694315,[Gen 4] NU,2023-05-27 19:14:14,,volttackle6680,wooper24132,wooper24132,False,"['Meganium', 'Medicham', 'Golem', 'Jynx', 'Skuntank', 'Slowking']","['Shiftry', 'Medicham', 'Electrode', 'Regirock', 'Glalie', 'Drifblim']",18,9,6
gen4nu-2172275058,[Gen 4] NU,2024-08-02 21:55:48,,limber11712,safeguard55452,safeguard55452,False,"['Ursaring', 'Altaria', 'Ludicolo', 'Claydol', 'Slowbro', 'Drapion']","['Cloyster', 'Shiftry', 'Medicham', 'Electrode', 'Regirock', 'Drifblim']",23,12,9
smogtours-gen4nu-810163,[Gen 4] NU,2024-12-14 15:54:21,,quagsire52408,doublekick62666,doublekick62666,False,"['Tauros', 'Magneton', 'Regirock', 'Dusclops', 'Skuntank', 'Glalie']","['Gligar', 'Magneton', 'Floatzel', 'Hitmonchan', 'Slowking', 'Cradily']",31,9,9
gen4nu-808564891,[Gen 4] NU,2018-09-20 19:49:31,,wikiberry84439,damprock74608,damprock74608,False,"['Politoed', 'Magmortar', 'Magneton', 'Haunter', 'Jynx', 'Piloswine']","['Medicham', 'Cradily', 'Skuntank', 'Slowking', 'Lickilicky', 'Fearow']",46,13,16
smogtours-gen4nu-787927,[Gen 4] NU,2024-08-29 19:41:03,,torterra15123,safeguard55452,torterra15123,False,"['Sharpedo', 'Ludicolo', 'Haunter', 'Regirock', 'Drapion']","['Altaria', 'Slowbro', 'Nidoqueen', 'Hitmonchan', 'Skuntank', 'Dusclops']",21,4,10
gen4nu-2156429866,[Gen 4] NU,2024-07-07 00:44:23,,meganium45733,huntail76319,huntail76319,False,"['Snover', 'Nidoqueen', 'Hitmonchan', 'Walrein', 'Hypno', 'Lickilicky']","['Shiftry', 'Exeggutor', 'Typhlosion', 'Regirock', 'Persian', 'Gardevoir']",34,16,12
smogtours-gen4nu-337443,[Gen 4] NU,2017-12-23 22:29:48,,leafstorm98501,choicespecs43511,leafstorm98501,False,"['Kadabra', 'Monferno', 'Muk', 'Metang', 'Regigigas', 'Gastrodon']","['Kadabra', 'Poliwrath', 'Cacturne', 'Mr. Mime', 'Muk', 'Metang']",25,9,11
gen4nu-2166089717,[Gen 4] NU,2024-07-23 17:36:55,,ursaring64445,moonstone43930,ursaring64445,False,"['Entei', 'Sharpedo', 'Drapion']","['Charizard', 'Slowbro', 'Haunter', 'Hitmonchan', 'Cacturne']",18,2,5
smogtours-gen4nu-693615,[Gen 4] NU,2023-05-21 20:57:55,,koffing93492,stench25210,koffing93492,False,"['Sharpedo', 'Charizard', 'Sandslash', 'Haunter', 'Skuntank', 'Slowking']","['Vileplume', 'Charizard', 'Tauros', 'Sandslash', 'Magneton', 'Regirock']",38,13,18
smogtours-gen4nu-663736,[Gen 4] NU,2022-12-04 19:17:06,,sniper70774,wooper24132,sniper70774,False,"['Tauros', 'Haunter', 'Poliwrath', 'Regirock', 'Skuntank', 'Manectric']","['Meganium', 'Regirock', 'Hitmonchan', 'Jynx', 'Skuntank', 'Slowking']",37,14,12
smogtours-gen4nu-775723,[Gen 4] NU,2024-06-20 22:24:15,,silverpowder77055,shinystone44310,shinystone44310,False,"['Charizard', 'Vileplume', 'Sandslash', 'Floatzel', 'Skuntank', 'Gardevoir']","['Shiftry', 'Tauros', 'Hitmonchan', 'Regirock', 'Ampharos']",16,8,8
gen4nu-2213170921,[Gen 4] NU,2024-09-30 23:17:39,1204,chopleberry38027,steadfast95560,chopleberry38027,False,"['Camerupt', 'Vileplume', 'Magneton', 'Hitmonchan', 'Slowking', 'Articuno']","['Magmortar', 'Typhlosion', 'Regirock', 'Hitmonchan', 'Jumpluff', 'Victreebel']",39,10,12
smogtours-gen4nu-608297,[Gen 4] NU,2022-02-12 23:51:41,,frenzyplant67575,koffing93492,frenzyplant67575,False,"['Charizard', 'Floatzel', 'Hitmonchan', 'Skuntank', 'Rhydon', 'Cradily']","['Politoed', 'Vileplume', 'Armaldo', 'Haunter', 'Skuntank', 'Gardevoir']",42,11,10
gen4nu-721495462,[Gen 4] NU,2018-03-21 22:52:16,,clefable74034,manaphy44486,manaphy44486,False,"['Charizard', 'Vileplume', 'Flareon', 'Sandslash', 'Mantine', 'Skuntank']","['Tauros', 'Haunter', 'Manectric', 'Rhydon', 'Glalie', 'Drifblim']",22,8,10
smogtours-gen4nu-821144,[Gen 4] NU,2025-02-21 22:20:42,,rotom15770,haunter12630,haunter12630,False,"['Shiftry', 'Charizard', 'Regirock', 'Hitmonchan', 'Jumpluff', 'Victreebel']","['Meganium', 'Medicham', 'Regirock', 'Haunter', 'Skuntank', 'Slowking']",32,13,17
gen4nu-2330902421,[Gen 4] NU,2025-03-29 23:04:13,,extrasensory76435,twistedspoon43127,extrasensory76435,False,"['Politoed', 'Medicham', 'Nidoqueen', 'Skuntank', 'Dusclops', 'Lickilicky']","['Vileplume', 'Charizard', 'Sandslash', 'Floatzel', 'Skuntank', 'Gardevoir']",18,7,6
gen4nu-2297644228,[Gen 4] NU,2025-02-09 22:34:11,,megakick62601,motordrive47930,megakick62601,False,"['Sharpedo', 'Charizard', 'Hitmonchan', 'Marowak', 'Slowking', 'Cradily']","['Sharpedo', 'Pinsir', 'Medicham', 'Haunter', 'Marowak', 'Manectric']",26,10,11
smogtours-gen4nu-381901,[Gen 4] NU,2018-06-09 20:56:49,,futuresight13270,custapberry71278,futuresight13270,False,"['Gligar', 'Tauros', 'Medicham', 'Magneton', 'Hitmonchan', 'Hypno']","['Venomoth', 'Charizard', 'Sandslash', 'Magneton', 'Cacturne', 'Slowking']",32,10,10
smogtours-gen4nu-699362,[Gen 4] NU,2023-06-25 20:42:52,,rotomfan35023,wooper24132,wooper24132,False,"['Haunter', 'Regirock', 'Hitmonchan', 'Jynx', 'Skuntank', 'Manectric']","['Venomoth', 'Meganium', 'Floatzel', 'Regirock', 'Hitmonchan', 'Skuntank']",27,14,9
smogtours-gen4nu-772575,[Gen 4] NU,2024-06-07 11:19:06,,crosschop14357,honeygather76267,honeygather76267,False,"['Regice', 'Tauros', 'Regirock', 'Poliwrath', 'Cacturne', 'Gardevoir']","['Gligar', 'Tauros', 'Magneton', 'Dusclops', 'Slowking', 'Roselia']",25,10,12
smogtours-gen4nu-783198,[Gen 4] NU,2024-07-28 21:39:57,,mysteryberry28701,phanpy1464,phanpy1464,False,"['Exeggutor', 'Charizard', 'Nidoking', 'Hitmonchan', 'Skuntank', 'Lanturn']","['Cloyster', 'Shiftry', 'Electrode', 'Regirock', 'Drifblim']",23,11,9
gen4nu-2203665609,[Gen 4] NU,2024-09-17 16:00:27,1000,nightmare31758,growl5652,growl5652,False,"['Gabite', 'Venomoth', 'Electrode', 'Floatzel', 'Typhlosion', 'Hitmonchan']","['Charizard', 'Hitmonchan', 'Mawile', 'Skuntank', 'Pikachu', 'Cradily']",24,7,10
gen4nu-1031648233,[Gen 4] NU,2019-12-19 01:04:14,,waterveil73668,dig95510,waterveil73668,False,"['Regirock', 'Hitmonchan', 'Dusclops', 'Skuntank', 'Lickilicky', 'Gardevoir']","['Gligar', 'Tauros', 'Medicham', 'Regirock', 'Persian', 'Cradily']",38,11,14
gen4nu-2183775258,[Gen 4] NU,2024-08-20 06:16:24,,arbok25583,toxicspikes22965,arbok25583,False,"['Gligar', 'Magneton', 'Floatzel', 'Cacturne', 'Jynx']","['Gligar', 'Armaldo', 'Haunter', 'Cacturne', 'Jynx', 'Glalie']",20,6,5
gen4nu-777728703,[Gen 4] NU,2018-07-18 20:59:23,,altaria32948,stickybarb86280,stickybarb86280,True,"['Sandslash', 'Typhlosion', 'Floatzel', 'Regirock', 'Cacturne', 'Drifblim']","['Venomoth', 'Magmortar', 'Sandslash', 'Poliwrath', 'Grumpig', 'Cradily']",37,9,14
gen4nu-780618139,[Gen 4] NU,2018-07-24 19:38:03,,togekiss35724,leafguard31516,leafguard31516,False,"['Sharpedo', 'Machoke', 'Charizard', 'Vileplume', 'Sandslash', 'Gardevoir']","['Tauros', 'Hitmonchan', 'Skuntank', 'Slowking', 'Cradily', 'Drifblim']",25,8,11
gen4nu-845424173,[Gen 4] NU,2019-01-07 00:07:06,,blazekick65999,seadra80814,seadra80814,False,"['Poliwrath', 'Sneasel', 'Cacturne', 'Electabuzz', 'Rhydon', 'Golbat']","['Rapidash', 'Bellossom', 'Mr. Mime', 'Pelipper', 'Metang', 'Swalot']",38,19,16
gen4nu-746775435,[Gen 4] NU,2018-05-13 15:14:59,,medicham64289,stickybarb85522,stickybarb85522,False,"['Poliwrath', 'Mr. Mime', 'Muk', 'Sableye', 'Rhydon', 'Lickilicky']","['Pineco', 'Pelipper', 'Victreebel', 'Muk', 'Metang', 'Misdreavus']",39,18,16
gen4nu-860427005,[Gen 4] NU,2019-02-09 18:16:00,,magnitude74179,acupressure5238,magnitude74179,False,"['Kingler', 'Wailord', 'Banette', 'Raticate', 'Solrock', 'Yanma']","['Noctowl', 'Pineco', 'Marshtomp', 'Seviper', 'Aipom', 'Carnivine']",28,9,14
smogtours-gen4nu-631661,[Gen 4] NU,2022-06-11 22:58:31,,slowking28210,rockpolish84152,slowking28210,True,"['Shiftry', 'Medicham', 'Electrode', 'Regirock', 'Glalie', 'Drifblim']","['Kecleon', 'Gligar', 'Nidoqueen', 'Sableye', 'Slowking', 'Cradily']",25,10,12
gen4nu-836119809,[Gen 4] NU,2018-11-15 21:31:54,,scaryface472,golem5265,scaryface472,False,"['Machoke', 'Charizard', 'Sandslash', 'Jumpluff', 'Whiscash', 'Manectric']","['Tauros', 'Medicham', 'Magneton', 'Regirock', 'Dodrio', 'Slowking']",21,10,8
gen4nu-2089930951,[Gen 4] NU,2024-03-27 01:11:24,,doubleedge84989,armaldo62768,armaldo62768,False,"['Bibarel', 'Shedinja', 'Ditto', 'Pachirisu', 'Linoone', 'Lumineon']","['Jynx', 'Ampharos', 'Glaceon', 'Bastiodon']",21,9,4
gen4nu-852850037,[Gen 4] NU,2019-01-23 17:44:02,,naturalgift2401,chartiberry95074,naturalgift2401,False,"['Jynx', 'Gardevoir', 'Regice', 'Tauros']","['Sharpedo', 'Ninetales', 'Charizard', 'Sandslash', 'Manectric', 'Slowking']",22,5,9
smogtours-gen4nu-585581,[Gen 4] NU,2021-10-10 22:04:02,,iceshard30836,clearbody59762,clearbody59762,False,"['Magmortar', 'Charizard', 'Typhlosion', 'Regirock', 'Hitmonchan', 'Slowking']","['Sharpedo', 'Shiftry', 'Tauros', 'Regirock', 'Gardevoir', 'Drifblim']",24,11,7
smogtours-gen4nu-697779,[Gen 4] NU,2023-06-17 23:12:39,,rotom15770,stench25210,stench25210,False,"['Sandslash', 'Poliwrath', 'Skuntank', 'Manectric', 'Slowking', 'Drifblim']","['Ampharos', 'Rhydon', 'Muk', 'Slowking', 'Cradily', 'Drifblim']",39,11,12
gen4nu-933090302,[Gen 4] NU,2019-06-22 20:11:51,,lightclay24303,primeape81140,primeape81140,False,"['Raticate', 'Dusclops', 'Persian', 'Quagsire', 'Diglett', 'Gastly']","['Butterfree', 'Shelgon', 'Exploud', 'Lickitung', 'Solrock', 'Pikachu']",33,13,7
gen4nu-880714875,[Gen 4] NU,2019-03-23 14:24:26,,wailmer43107,psybeam14379,wailmer43107,False,"['Kingler', 'Raticate', 'Exploud', 'Solrock', 'Diglett']","['Lunatone', 'Pidgeot', 'Wartortle', 'Pikachu', 'Swalot', 'Tangela']",15,6,7
gen4nu-934341515,[Gen 4] NU,2019-06-24 23:23:54,,chartiberry95074,weedle33343,weedle33343,False,"['Kingler', 'Stunky', 'Pineco', 'Dusclops', 'Persian', 'Pupitar']","['Exploud', 'Solrock', 'Persian', 'Swalot', 'Tangela', 'Chatot']",25,8,11
gen4nu-789234849,[Gen 4] NU,2018-08-11 17:28:57,,thrash80465,togekiss35724,thrash80465,True,"['Vileplume', 'Rhydon', 'Charizard', 'Golem', 'Slowking']","['Tauros', 'Regirock', 'Skuntank', 'Whiscash', 'Lickilicky', 'Gardevoir']",19,6,10
gen4nu-898969688,[Gen 4] NU,2019-04-25 18:01:20,,miltank16297,minun6717,minun6717,False,"['Shiftry', 'Magneton', 'Nidoqueen', 'Hitmonchan', 'Slowking', 'Drifblim']","['Venomoth', 'Charizard', 'Sandslash', 'Slowking', 'Drifblim']",28,8,8
smogtours-gen4nu-599085,[Gen 4] NU,2021-12-23 19:51:44,,futuresight13270,koffing93492,futuresight13270,True,"['Vileplume', 'Ampharos', 'Gligar']","['Slowking', 'Sharpedo', 'Shiftry', 'Regirock']",10,5,5
gen4nu-1101869855,[Gen 4] NU,2020-04-23 11:23:20,,mail67034,chingling44092,chingling44092,False,"['Golduck', 'Meganium', 'Sandslash', 'Typhlosion', 'Haunter', 'Diglett']","['Charizard', 'Vileplume', 'Sandslash', 'Floatzel', 'Skuntank']",17,10,7
gen4nu-1119061934,[Gen 4] NU,2020-05-22 02:40:18,,futuresight13270,flamebody71831,futuresight13270,False,"['Politoed', 'Camerupt', 'Nidoqueen', 'Skuntank', 'Lickilicky', 'Drifblim']","['Meganium', 'Medicham', 'Regirock', 'Skuntank', 'Slowking', 'Drifblim']",26,13,8
smogtours-gen4nu-456975,[Gen 4] NU,2019-09-15 20:48:04,,tangela91840,stoneplate37213,stoneplate37213,False,"['Charizard', 'Vileplume', 'Hitmonchan', 'Golem', 'Rhydon', 'Slowking']","['Charizard', 'Tauros', 'Sandslash', 'Regirock', 'Skuntank', 'Slowking']",42,16,12
gen4nu-936541932,[Gen 4] NU,2019-06-28 20:31:47,,blastoise29791,ninetales23624,ninetales23624,False,"['Raticate', 'Lairon', 'Ariados', 'Diglett', 'Gastly', 'Abra']","['Huntail', 'Flareon', 'Solrock', 'Persian', 'Pupitar', 'Tangela']",21,11,8
gen4nu-1164618856,[Gen 4] NU,2020-08-07 02:45:03,,rawstberry28879,shedskin7013,rawstberry28879,False,"['Sharpedo', 'Medicham', 'Mantine', 'Skuntank', 'Manectric', 'Cradily']","['Gligar', 'Tauros', 'Medicham', 'Magneton', 'Hitmonchan', 'Hypno']",26,10,11
gen4nu-2192608642,[Gen 4] NU,2024-09-01 22:46:18,,enpowerflying50766,closecombat44911,enpowerflying50766,True,"['Manectric', 'Entei', 'Steelix', 'Cacturne']","['Tangrowth', 'Exeggutor', 'Claydol', 'Typhlosion', 'Jynx', 'Skuntank']",13,6,7
smogtours-gen4nu-790255,[Gen 4] NU,2024-09-11 23:15:17,,wormadam66139,huntail76319,wormadam66139,False,"['Typhlosion', 'Nidoqueen', 'Regirock', 'Skuntank', 'Jumpluff', 'Slowking']","['Sharpedo', 'Tauros', 'Nidoqueen', 'Hitmonchan', 'Slowking', 'Drifblim']",61,13,17
gen4nu-1173488382,[Gen 4] NU,2020-08-22 19:22:09,,colorchange51191,mail79545,colorchange51191,False,"['Politoed', 'Machoke', 'Rhydon', 'Roselia', 'Misdreavus']","['Gabite', 'Mantine', 'Victreebel', 'Purugly', 'Relicanth', 'Ampharos']",25,9,9
smogtours-gen4nu-390406,[Gen 4] NU,2018-07-31 19:34:58,,adamantorb39816,shadowclaw51134,shadowclaw51134,False,"['Venomoth', 'Shiftry', 'Charizard', 'Tauros', 'Hitmonchan', 'Drifblim']","['Typhlosion', 'Nidoqueen', 'Poliwrath', 'Dodrio', 'Skuntank']",25,10,8
gen4nu-779148477,[Gen 4] NU,2018-07-21 20:23:22,,tickle33800,sniper70774,tickle33800,False,"['Marowak', 'Stantler', 'Muk', 'Clamperl', 'Chimecho', 'Gastly']","['Electabuzz', 'Gastrodon-East', 'Cacturne', 'Metang', 'Misdreavus', 'Golbat']",14,7,9
smogtours-gen4nu-827426,[Gen 4] NU,2025-03-27 19:12:32,,gastly57717,needlearm59980,needlearm59980,False,"['Sharpedo', 'Meganium', 'Tauros', 'Magneton', 'Regirock', 'Dusclops']","['Sharpedo', 'Medicham', 'Skuntank', 'Manectric', 'Slowking', 'Cradily']",43,14,13
smogtours-gen4nu-770758,[Gen 4] NU,2024-05-26 22:23:56,,irondefense79011,golduck61301,irondefense79011,False,"['Floatzel', 'Nidoqueen', 'Hitmonchan', 'Cacturne', 'Skuntank', 'Drifblim']","['Medicham', 'Nidoqueen', 'Haunter', 'Hitmonchan', 'Cacturne', 'Slowking']",29,7,10
gen4nu-960800644,[Gen 4] NU,2019-08-15 17:58:01,,wailmer43107,luvdisc61803,luvdisc61803,True,"['Kecleon', 'Arbok', 'Pupitar', 'Persian', 'Probopass', 'Tangela']","['Walrein', 'Clefairy', 'Solrock', 'Diglett', 'Tangela', 'Gastly']",22,10,8
gen4nu-2165206527,[Gen 4] NU,2024-07-22 05:42:46,,bodyslam74090,jynx62866,bodyslam74090,False,"['Exeggutor', 'Entei', 'Steelix', 'Poliwrath', 'Hitmonchan', 'Drapion']","['Sharpedo', 'Ludicolo', 'Regirock', 'Haunter', 'Hitmonchan', 'Drapion']",20,7,7
gen4nu-1071850631,[Gen 4] NU,2020-03-01 20:11:57,,meditate17123,habanberry33794,meditate17123,False,"['Vileplume', 'Charizard', 'Rhydon', 'Hitmonchan', 'Golem', 'Slowking']","['Sharpedo', 'Magmortar', 'Sandslash', 'Victreebel', 'Slowking', 'Cradily']",27,9,9
gen4nu-1123051368,[Gen 4] NU,2020-05-29 03:18:19,,combusken49992,riolu12171,riolu12171,False,"['Gligar', 'Tauros', 'Medicham', 'Magneton', 'Hitmonchan', 'Hypno']","['Tauros', 'Regirock', 'Haunter', 'Jynx', 'Manectric', 'Slowking']",24,11,7
smogtours-gen4nu-844978,[Gen 4] NU,2025-05-23 23:15:37,,deoxys89017,volttackle6680,volttackle6680,False,"['Lapras', 'Regirock', 'Cacturne', 'Mawile', 'Haunter', 'Manectric']","['Shiftry', 'Medicham', 'Manectric', 'Rhydon', 'Glalie', 'Drifblim']",22,7,6
gen4nu-955456128,[Gen 4] NU,2019-08-04 21:25:14,,spelltag25803,ninetales23624,ninetales23624,False,"['Shelgon', 'Persian', 'Quagsire', 'Lairon', 'Tangela', 'Gastly']","['Kecleon', 'Staryu', 'Huntail', 'Persian', 'Tangela', 'Delibird']",36,17,17
gen4nu-2009084688,[Gen 4] NU,2023-12-11 03:52:29,,starfberry10402,pickup28423,starfberry10402,True,"['Meganium', 'Gligar', 'Electrode', 'Floatzel', 'Linoone', 'Ampharos']","['Vileplume', 'Tauros', 'Regirock', 'Hitmonchan', 'Slowking']",37,10,8
gen4nu-2213281093,[Gen 4] NU,2024-10-01 02:49:31,1000,hoothoot98677,dratini86176,hoothoot98677,False,['Sneasel'],"['Tropius', 'Flareon', 'Magneton', 'Dusclops', 'Hypno', 'Corsola']",16,0,6
gen4nu-1069233806,[Gen 4] NU,2020-02-25 21:50:47,,gallade87831,entei72987,gallade87831,True,"['Sandslash', 'Slowking', 'Skuntank', 'Poliwrath']","['Sharpedo', 'Charizard', 'Ninetales', 'Sandslash', 'Slowking']",17,6,6
gen4nu-947056747,[Gen 4] NU,2019-07-19 00:24:13,,iceshard30836,entei72987,entei72987,False,"['Magmortar', 'Charizard', 'Typhlosion', 'Regirock', 'Hitmonchan', 'Slowking']","['Tauros', 'Medicham', 'Magneton', 'Regirock', 'Dodrio', 'Slowking']",26,12,9
smogtours-gen4nu-376647,[Gen 4] NU,2018-05-13 21:05:34,,attract31504,futuresight13270,futuresight13270,False,"['Kecleon', 'Gligar', 'Nidoqueen', 'Sableye', 'Slowking', 'Cradily']","['Electrode', 'Floatzel', 'Skuntank', 'Parasect', 'Relicanth']",30,15,7
gen4nu-1108138559,[Gen 4] NU,2020-05-03 21:56:27,,tailwhip57752,futuresight13270,futuresight13270,False,"['Politoed', 'Meganium', 'Regirock', 'Haunter', 'Skuntank', 'Jynx']","['Venomoth', 'Charizard', 'Tauros', 'Magneton', 'Regirock', 'Slowking']",24,10,10
smogtours-gen4nu-845544,[Gen 4] NU,2025-05-24 22:07:57,,pickup28423,phione89690,pickup28423,False,"['Camerupt', 'Shiftry', 'Poliwrath', 'Hitmonchan', 'Dusclops', 'Glaceon']","['Huntail', 'Gorebyss', 'Electrode', 'Floatzel', 'Skuntank', 'Metang']",22,10,10
gen4nu-788573947,[Gen 4] NU,2018-08-10 04:45:58,,rampardos96322,altaria32948,rampardos96322,True,"['Venomoth', 'Sandslash', 'Regirock', 'Cacturne', 'Dusclops']","['Venomoth', 'Meganium', 'Regirock', 'Hitmonchan', 'Skuntank']",17,6,7
gen4nu-997934073,[Gen 4] NU,2019-10-24 17:36:35,,bulletseed91286,wailmer43107,wailmer43107,False,"['Magcargo', 'Quagsire', 'Furret', 'Swalot', 'Tangela', 'Fearow']","['Banette', 'Kecleon', 'Lapras', 'Swalot', 'Probopass', 'Grovyle']",30,19,13
gen4nu-864037593,[Gen 4] NU,2019-02-17 22:41:29,,sandveil87527,fireblast30665,fireblast30665,False,"['Kingler', 'Banette', 'Raticate', 'Solrock', 'Gastly', 'Yanma']","['Politoed', 'Flareon', 'Dusclops', 'Lairon', 'Tentacool', 'Chimecho']",31,12,12
smogtours-gen4nu-355942,[Gen 4] NU,2018-03-04 23:15:52,,poisonsting74677,delcatty2986,poisonsting74677,True,"['Bibarel', 'Lunatone', 'Wormadam', 'Pikachu', 'Probopass', 'Ledian']","['Magcargo', 'Sneasel', 'Vigoroth', 'Chimecho', 'Fearow']",17,6,5
smogtours-gen4nu-782508,[Gen 4] NU,2024-07-27 03:01:07,,defensecurl74674,wormadamtrash72970,defensecurl74674,False,"['Tangrowth', 'Altaria', 'Magneton', 'Floatzel', 'Regirock', 'Hitmonchan']","['Tauros', 'Medicham', 'Steelix', 'Cacturne', 'Lanturn', 'Drifblim']",19,9,10
gen4nu-2206704133,[Gen 4] NU,2024-09-21 19:09:27,,staryu66980,zoomlens5648,staryu66980,False,"['Sharpedo', 'Typhlosion', 'Nidoqueen', 'Regirock', 'Hitmonchan', 'Ampharos']","['Politoed', 'Charizard', 'Sandslash', 'Haunter', 'Skuntank', 'Glalie']",23,5,12
gen4nu-768800528,[Gen 4] NU,2018-06-28 20:20:09,,hippowdon46067,arceuswater57688,arceuswater57688,False,"['Shiftry', 'Charizard', 'Pinsir', 'Poliwrath', 'Skuntank', 'Rhydon']","['Venomoth', 'Gligar', 'Magneton', 'Poliwrath', 'Haunter', 'Gardevoir']",24,10,10
gen4nu-2201957661,[Gen 4] NU,2024-09-15 05:41:47,1108,exeggcute86397,bulkup42567,bulkup42567,True,"['Gligar', 'Regirock', 'Dusclops', 'Quagsire', 'Linoone', 'Glalie']","['Floatzel', 'Charizard', 'Vileplume']",13,7,2
smogtours-gen4nu-199843,[Gen 4] NU,2016-10-06 20:19:47,,surf53202,denpowerpoison5708,denpowerpoison5708,False,"['Vileplume', 'Charizard', 'Sandslash', 'Floatzel', 'Skuntank', 'Gardevoir']","['Charizard', 'Typhlosion', 'Skuntank', 'Grumpig', 'Cradily']",22,10,9
gen4nu-2192578338,[Gen 4] NU,2024-09-01 21:48:33,1122,futuresight13270,zoomlens5648,futuresight13270,False,"['Porygon2', 'Regirock', 'Skuntank', 'Hypno', 'Gardevoir', 'Drifblim']","['Charizard', 'Tauros', 'Floatzel', 'Regirock', 'Manectric', 'Glalie']",29,7,10
smogtours-gen4nu-784013,[Gen 4] NU,2024-08-04 03:11:40,,nidoqueen443,bellsprout54185,bellsprout54185,False,"['Ursaring', 'Gligar', 'Regirock', 'Hitmonchan', 'Skuntank', 'Espeon']","['Entei', 'Drifblim', 'Poliwrath', 'Metang']",20,10,3
gen4nu-953791346,[Gen 4] NU,2019-08-01 11:01:37,,disable51036,thundershock48320,disable51036,False,"['Vileplume', 'Sandslash', 'Floatzel', 'Skuntank', 'Gardevoir']","['Charizard', 'Vileplume', 'Sandslash', 'Floatzel', 'Skuntank', 'Gardevoir']",24,7,11
gen4nu-934230819,[Gen 4] NU,2019-06-24 19:55:18,,liechiberry37967,powertrick12892,powertrick12892,True,"['Raticate', 'Swalot', 'Lapras', 'Solrock']","['Lapras', 'Kecleon', 'Mawile', 'Persian', 'Gastly']",13,6,6
gen4nu-1114846219,[Gen 4] NU,2020-05-15 01:02:27,,venomoth79516,futuresight13270,futuresight13270,False,"['Politoed', 'Magmortar', 'Magneton', 'Haunter', 'Jynx', 'Piloswine']","['Venomoth', 'Sandslash', 'Typhlosion', 'Poliwrath', 'Manectric', 'Cradily']",33,9,9
smogtours-gen4nu-811034,[Gen 4] NU,2024-12-20 21:04:33,,koffing93492,punishment8952,koffing93492,True,"['Charizard', 'Regirock', 'Hitmonchan', 'Manectric', 'Slowking', 'Cradily']","['Medicham', 'Sandslash', 'Skuntank', 'Slowking', 'Cradily']",25,9,11
gen4nu-1076367274,[Gen 4] NU,2020-03-10 00:21:48,,cherubi70548,camerupt68080,camerupt68080,False,"['Torkoal', 'Sandslash', 'Shelgon', 'Poliwrath', 'Victreebel', 'Cradily']","['Vileplume', 'Hitmonchan', 'Muk', 'Probopass', 'Grumpig', 'Shuckle']",43,8,9
smogtours-gen4nu-648972,[Gen 4] NU,2022-09-18 14:30:28,,futuresight13270,whirlpool40763,futuresight13270,True,"['Flareon', 'Gligar', 'Nidoqueen', 'Quagsire', 'Lickilicky', 'Cradily']","['Haunter', 'Regirock', 'Jynx', 'Manectric', 'Slowking']",33,11,5
gen4nu-851692613,[Gen 4] NU,2019-01-21 02:02:24,,trace64701,firepunch39331,firepunch39331,False,"['Machoke', 'Gorebyss', 'Monferno', 'Cacturne', 'Muk', 'Metang']","['Zangoose', 'Sneasel', 'Bellossom', 'Pelipper', 'Victreebel', 'Rhydon']",31,14,10
gen4nu-860222672,[Gen 4] NU,2019-02-09 04:47:26,,rockhead33796,harden29989,rockhead33796,False,"['Sneasel', 'Poliwrath', 'Golbat', 'Electabuzz']","['Xatu', 'Poliwrath', 'Marowak', 'Victreebel', 'Electabuzz', 'Glalie']",20,8,12
gen4nu-1126793803,[Gen 4] NU,2020-06-04 18:44:59,,kangaskhan71045,plusle76611,plusle76611,False,"['Rapidash', 'Onix', 'Victreebel', 'Metang', 'Purugly', 'Tangela']","['Shiftry', 'Rampardos', 'Porygon2', 'Nidoqueen', 'Slowking']",16,9,7
gen4nu-2194535781,[Gen 4] NU,2024-09-04 17:53:20,,denpowergrass12215,worryseed60566,worryseed60566,False,"['Vileplume', 'Charizard', 'Sandslash', 'Floatzel', 'Skuntank', 'Gardevoir']","['Camerupt', 'Tauros', 'Medicham', 'Marowak', 'Solrock', 'Gardevoir']",18,9,7
gen4nu-1106867037,[Gen 4] NU,2020-05-01 17:59:42,,pamtreberry59159,starly46423,pamtreberry59159,False,"['Typhlosion', 'Drifblim', 'Quagsire', 'Cradily', 'Slaking']","['Pidgeot', 'Lapras', 'Cradily', 'Seviper', 'Ampharos', 'Slaking']",31,7,8
smogtours-gen4nu-770562,[Gen 4] NU,2024-05-26 17:20:24,,immunity70128,rotomfan35023,rotomfan35023,True,"['Politoed', 'Vileplume', 'Tauros', 'Regirock', 'Hitmonchan', 'Skuntank']","['Medicham', 'Regirock', 'Cacturne', 'Haunter', 'Skuntank', 'Slowking']",31,15,14
gen4nu-925417720,[Gen 4] NU,2019-06-10 02:17:46,,payday74254,blastoise29791,payday74254,False,"['Luxray', 'Dusclops', 'Wartortle', 'Bastiodon', 'Quagsire', 'Chimecho']","['Kingler', 'Pineco', 'Flareon', 'Mightyena', 'Walrein', 'Diglett']",143,36,33
gen4nu-2281170942,[Gen 4] NU,2025-01-14 21:35:10,,needlearm59980,octillery71382,octillery71382,False,"['Hitmonchan', 'Jynx', 'Skuntank', 'Manectric', 'Lickilicky', 'Slowking']","['Gligar', 'Magneton', 'Poliwrath', 'Skuntank', 'Cradily']",27,8,8
gen4nu-779005536,[Gen 4] NU,2018-07-21 14:44:53,,mentalherb28142,haunter12630,mentalherb28142,False,"['Monferno', 'Cacturne', 'Muk', 'Metang', 'Misdreavus']","['Gabite', 'Armaldo', 'Electabuzz', 'Glalie', 'Misdreavus', 'Golbat']",28,8,15
gen4nu-667296024,[Gen 4] NU,2017-12-01 09:10:51,,honeygather89597,thrash80465,honeygather89597,False,"['Kadabra', 'Probopass', 'Gastrodon', 'Misdreavus', 'Golbat']","['Gabite', 'Armaldo', 'Poliwrath', 'Muk', 'Metang', 'Articuno']",21,7,10
gen4nu-2204675412,[Gen 4] NU,2024-09-18 22:44:43,,seadra26729,spark61150,spark61150,True,"['Meganium', 'Charizard', 'Dewgong', 'Bastiodon', 'Pikachu', 'Gardevoir']","['Diglett', 'Charizard', 'Regirock', 'Drifblim']",12,6,3
gen4nu-937487883,[Gen 4] NU,2019-06-30 17:06:00,,swagger64002,icefang57178,icefang57178,False,"['Kingler', 'Dunsparce', 'Wartortle', 'Glaceon', 'Gastly', 'Yanma']","['Politoed', 'Tropius', 'Solrock', 'Lairon', 'Gastly']",18,8,5
smogtours-gen4nu-789303,[Gen 4] NU,2024-09-07 09:26:13,,acupressure38299,torterra15123,acupressure38299,False,"['Exeggutor', 'Regirock', 'Skuntank', 'Victreebel', 'Persian', 'Gardevoir']","['Claydol', 'Tauros', 'Hitmonchan', 'Skuntank', 'Slowking', 'Drifblim']",19,6,8
smogtours-gen4nu-602072,[Gen 4] NU,2022-01-12 20:18:31,,batonpass29222,rockpolish84152,batonpass29222,True,"['Shiftry', 'Medicham', 'Regirock', 'Hitmonchan', 'Skuntank', 'Slowking']","['Charizard', 'Magneton', 'Medicham', 'Sandslash', 'Regirock', 'Mantine']",84,12,12
gen4nu-1075192826,[Gen 4] NU,2020-03-07 19:22:14,,chlorophyll28494,thunderstone74942,thunderstone74942,False,"['Sharpedo', 'Shiftry', 'Tauros', 'Regirock', 'Gardevoir', 'Drifblim']","['Tauros', 'Haunter', 'Manectric', 'Rhydon', 'Glalie', 'Drifblim']",24,9,8
gen4nu-1063819995,[Gen 4] NU,2020-02-15 20:32:18,,gengarmega66742,psybeam14379,gengarmega66742,False,"['Lunatone', 'Walrein', 'Sableye', 'Diglett', 'Magmar', 'Fearow']","['Exploud', 'Solrock', 'Persian', 'Swalot', 'Tangela', 'Chatot']",51,20,16
gen4nu-987162939,[Gen 4] NU,2019-10-05 00:06:23,,chansey79290,chlorophyll28494,chansey79290,False,"['Gorebyss', 'Electabuzz', 'Purugly', 'Swalot', 'Glalie']","['Torkoal', 'Mantine', 'Bellossom', 'Metang', 'Purugly', 'Rhydon']",17,6,10
smogtours-gen4nu-810736,[Gen 4] NU,2024-12-16 12:23:39,,clefairy19286,questionmarks97791,clefairy19286,False,"['Tauros', 'Medicham', 'Regirock', 'Jynx', 'Glalie', 'Drifblim']","['Magmortar', 'Charizard', 'Sandslash', 'Typhlosion', 'Skuntank', 'Quagsire']",32,7,11
gen4nu-2206217877,[Gen 4] NU,2024-09-21 00:17:26,1000,recycle60226,tangrowth23890,tangrowth23890,False,"['Charizard', 'Tauros', 'Floatzel', 'Skuntank', 'Gardevoir', 'Ampharos']","['Charizard', 'Tauros', 'Sandslash', 'Medicham', 'Skuntank', 'Slowking']",26,10,10
gen4nu-2206006955,[Gen 4] NU,2024-09-20 18:17:21,1032,suctioncups23053,steadfast95560,suctioncups23053,True,"['Magmortar', 'Hitmonchan', 'Skuntank', 'Dusclops', 'Cradily']","['Lapras', 'Tauros', 'Nidoqueen', 'Regirock', 'Hitmonchan', 'Drifblim']",37,7,7
gen4nu-753671483,[Gen 4] NU,2018-05-27 18:01:24,,custapberry71278,arenatrap65458,custapberry71278,False,"['Rhydon', 'Charizard', 'Vileplume', 'Golem']","['Rapidash', 'Gligar', 'Tauros', 'Regirock', 'Skuntank', 'Slowking']",18,5,9
gen4nu-2047560503,[Gen 4] NU,2024-01-30 12:34:58,,figyberry45638,arceussteel87907,figyberry45638,False,"['Ninetales', 'Hitmonchan', 'Crawdaunt', 'Gastrodon', 'Fearow']","['Luxray', 'Masquerain', 'Articuno', 'Manectric', 'Gardevoir', 'Yanma']",16,5,8
gen4nu-841178443,[Gen 4] NU,2018-12-27 16:09:26,,pidgeot31794,psybeam14379,pidgeot31794,False,"['Kecleon', 'Cranidos', 'Dusclops', 'Solrock', 'Clamperl', 'Tangela']","['Lunatone', 'Pidgeot', 'Wartortle', 'Pikachu', 'Swalot', 'Tangela']",18,8,8
smogtours-gen4nu-712261,[Gen 4] NU,2023-08-26 16:16:46,,rotomfan35023,fighting2772,rotomfan35023,False,"['Sharpedo', 'Floatzel', 'Regirock', 'Hitmonchan', 'Dusclops']","['Vileplume', 'Floatzel', 'Regirock', 'Sneasel', 'Hitmonchan', 'Drifblim']",30,8,13
gen4nu-2192672193,[Gen 4] NU,2024-09-02 00:54:46,1069,marowak75904,zoomlens5648,marowak75904,False,"['Charizard', 'Gligar', 'Shedinja', 'Sandslash', 'Nidoqueen', 'Sneasel']","['Magmortar', 'Meganium', 'Tauros', 'Golem', 'Skuntank', 'Slowking']",22,9,10
smogtours-gen4nu-649819,[Gen 4] NU,2022-09-21 23:23:24,,slowking28210,dragonfang79331,slowking28210,False,"['Charizard', 'Vileplume', 'Floatzel', 'Regirock', 'Skuntank']","['Vileplume', 'Gligar', 'Tauros', 'Poliwrath', 'Skuntank', 'Rhydon']",27,9,15
gen4nu-1119473082,[Gen 4] NU,2020-05-22 19:46:39,,damprock53031,forretress53163,forretress53163,True,"['Exploud', 'Solrock', 'Persian', 'Swalot', 'Chatot', 'Tangela']","['Kingler', 'Flareon', 'Persian', 'Quagsire', 'Lairon', 'Gastly']",25,12,11
smogtours-gen4nu-199560,[Gen 4] NU,2016-10-06 02:04:49,,memento32447,futuresight13270,futuresight13270,False,"['Tauros', 'Floatzel', 'Nidoqueen', 'Hitmonchan', 'Muk', 'Slowking']","['Gardevoir', 'Shiftry', 'Nidoqueen', 'Regirock']",20,11,8
gen4nu-2203847306,[Gen 4] NU,2024-09-17 20:32:11,1064,magby47485,growl5652,growl5652,False,"['Slaking', 'Magneton', 'Monferno', 'Hitmonchan', 'Gardevoir', 'Drifblim']","['Charizard', 'Hitmonchan', 'Mawile', 'Skuntank', 'Pikachu', 'Cradily']",15,9,9
gen4nu-2206814155,[Gen 4] NU,2024-09-21 22:34:56,1085,iciclespear32800,chopleberry38027,iciclespear32800,False,"['Staryu', 'Charizard', 'Regice', 'Dragonair', 'Gardevoir']","['Gligar', 'Magneton', 'Floatzel', 'Hitmonchan', 'Slowking', 'Cradily']",20,9,10
gen4nu-856665181,[Gen 4] NU,2019-02-01 04:50:38,,switcheroo91699,poisontail72065,switcheroo91699,False,"['Vileplume', 'Sandslash', 'Floatzel', 'Skuntank', 'Gardevoir']","['Tauros', 'Electrode', 'Floatzel', 'Skuntank', 'Parasect', 'Relicanth']",20,8,9
smogtours-gen4nu-840258,[Gen 4] NU,2025-05-07 19:25:16,,weepinbell75190,extrasensory76435,extrasensory76435,False,"['Nidoqueen', 'Hitmonchan', 'Dusclops', 'Lickilicky', 'Glalie', 'Articuno']","['Pinsir', 'Slowking', 'Haunter', 'Tauros']",49,9,3
smogtours-gen4nu-455431,[Gen 4] NU,2019-09-07 22:42:53,,pupitar92764,futuresight13270,futuresight13270,False,"['Regirock', 'Hitmonchan', 'Haunter', 'Jynx', 'Skuntank', 'Manectric']","['Shiftry', 'Armaldo', 'Hitmonchan', 'Regirock', 'Skuntank', 'Slowking']",20,7,7
gen4nu-2196891846,[Gen 4] NU,2024-09-08 02:43:09,1000,skyattack11042,arceusgrass85156,skyattack11042,True,"['Slowking', 'Sharpedo', 'Charizard']","['Monferno', 'Gastrodon-East', 'Muk', 'Roselia', 'Shuckle']",14,4,4
gen4nu-859872730,[Gen 4] NU,2019-02-08 13:06:15,,levelball31342,ninetales21343,levelball31342,False,"['Bibarel', 'Glalie', 'Hitmonchan']","['Lapras', 'Vileplume', 'Charizard', 'Regirock', 'Hitmonchan', 'Sneasel']",38,2,8
gen4nu-1102140132,[Gen 4] NU,2020-04-23 20:25:11,,pidgeotto57169,glaceon67942,glaceon67942,False,"['Charizard', 'Vileplume', 'Sandslash', 'Floatzel', 'Skuntank', 'Gardevoir']","['Charizard', 'Regirock', 'Hitmonchan', 'Skuntank', 'Whiscash']",13,6,7
smogtours-gen4nu-841689,[Gen 4] NU,2025-05-11 15:20:06,,swinub46701,mantine95605,mantine95605,False,"['Tauros', 'Sandslash', 'Omanyte', 'Skuntank', 'Slowking', 'Drifblim']","['Tauros', 'Magneton', 'Nidoqueen', 'Cradily', 'Drifblim']",23,9,5
gen4nu-933861365,[Gen 4] NU,2019-06-24 03:33:08,,transform65474,adaptability26680,adaptability26680,True,"['Exploud', 'Solrock', 'Persian', 'Swalot', 'Tangela', 'Chatot']","['Luxray', 'Dusclops', 'Wartortle', 'Bastiodon', 'Chimecho']",33,11,12
gen4nu-777183720,[Gen 4] NU,2018-07-17 18:52:12,,golem5265,powertrick12892,golem5265,False,"['Tauros', 'Medicham', 'Magneton', 'Regirock', 'Dodrio', 'Slowking']","['Charizard', 'Magneton', 'Armaldo', 'Poliwrath', 'Skuntank', 'Grumpig']",22,6,8
gen4nu-933409361,[Gen 4] NU,2019-06-23 10:47:45,,tailwhip57752,substitute87162,tailwhip57752,False,"['Skuntank', 'Magmortar', 'Poliwrath', 'Regirock']","['Lapras', 'Charizard', 'Vileplume', 'Regirock', 'Sneasel', 'Hitmonchan']",18,5,10
smogtours-gen4nu-649824,[Gen 4] NU,2022-09-21 23:53:00,,slowking28210,dragonfang79331,dragonfang79331,False,"['Sharpedo', 'Tauros', 'Magneton', 'Nidoqueen', 'Slowking', 'Drifblim']","['Tauros', 'Electrode', 'Regirock', 'Jynx', 'Crawdaunt', 'Gardevoir']",25,9,9
gen4nu-833421663,[Gen 4] NU,2018-11-10 15:43:36,,magikarp87134,trace64701,magikarp87134,False,"['Bellossom', 'Sableye', 'Relicanth', 'Glalie', 'Ampharos']","['Machoke', 'Gorebyss', 'Monferno', 'Cacturne', 'Muk', 'Metang']",24,8,13
gen4nu-941234624,[Gen 4] NU,2019-07-07 21:58:03,,illuminate37247,leafeon29964,illuminate37247,False,"['Xatu', 'Gastrodon-East', 'Monferno', 'Electabuzz', 'Misdreavus']","['Rapidash', 'Poliwrath', 'Victreebel', 'Rhydon', 'Glalie', 'Misdreavus']",17,4,8
gen4nu-864032429,[Gen 4] NU,2019-02-17 22:25:25,,fireblast30665,waterveil53989,fireblast30665,True,"['Bibarel', 'Pidgeot', 'Raticate', 'Girafarig', 'Fearow']","['Banette', 'Quagsire', 'Raticate', 'Seviper', 'Solrock', 'Pikachu']",26,9,9
smogtours-gen4nu-666792,[Gen 4] NU,2022-12-31 12:44:38,,ninjask76302,koffing93492,koffing93492,False,"['Sharpedo', 'Rhydon', 'Tauros', 'Skuntank', 'Slowking', 'Drifblim']","['Skuntank', 'Slowking', 'Floatzel', 'Hitmonchan']",26,10,7
smogtours-gen4nu-782059,[Gen 4] NU,2024-07-24 08:12:12,,venomoth48167,charmander53660,venomoth48167,False,"['Tauros', 'Medicham', 'Steelix', 'Cacturne', 'Lanturn', 'Drifblim']","['Shiftry', 'Medicham', 'Electrode', 'Regirock', 'Linoone', 'Drifblim']",19,11,6
smogtours-gen4nu-628363,[Gen 4] NU,2022-05-27 14:20:12,,haunter12630,rockpolish84152,haunter12630,True,"['Magneton', 'Nidoqueen', 'Hitmonchan', 'Dusclops', 'Slowking', 'Glalie']","['Shiftry', 'Charizard', 'Regirock', 'Hitmonchan', 'Victreebel', 'Purugly']",29,10,9
gen4nu-956818155,[Gen 4] NU,2019-08-07 18:25:24,,wailmer43107,poisonheal87841,wailmer43107,False,"['Kecleon', 'Raticate', 'Lairon', 'Diglett', 'Tangela', 'Gastly']","['Kingler', 'Whiscash', 'Persian', 'Lairon', 'Diglett', 'Slaking']",27,15,12
gen4nu-946768815,[Gen 4] NU,2019-07-18 14:20:32,,registeel32051,tox71156,registeel32051,True,"['Kingler', 'Lunatone', 'Dunsparce', 'Arbok', 'Chatot', 'Tangela']","['Kingler', 'Stunky', 'Pineco', 'Dusclops', 'Persian', 'Pupitar']",32,10,14
smogtours-gen4nu-782568,[Gen 4] NU,2024-07-27 14:00:34,,quagsire52408,arceusice45612,arceusice45612,True,"['Tauros', 'Medicham', 'Steelix', 'Lanturn', 'Drifblim']","['Charizard', 'Slowbro', 'Steelix', 'Hitmonchan', 'Drapion']",15,6,6
smogtours-gen4nu-662978,[Gen 4] NU,2022-11-27 19:07:36,,sniper70774,honeygather86735,sniper70774,True,"['Gligar', 'Tauros', 'Gastrodon-East', 'Linoone', 'Glalie']","['Charizard', 'Vileplume', 'Regirock', 'Hitmonchan', 'Skuntank', 'Quagsire']",21,4,10
smogtours-gen4nu-383893,[Gen 4] NU,2018-06-16 14:17:37,,haunter12630,arenatrap65458,haunter12630,False,"['Magmortar', 'Tropius', 'Sandslash', 'Magneton', 'Typhlosion', 'Slowking']","['Charizard', 'Typhlosion', 'Regirock', 'Hitmonchan', 'Skuntank', 'Slowking']",33,13,14
gen4nu-2195853442,[Gen 4] NU,2024-09-06 15:15:10,1037,zoomlens5648,arceuswater5043,arceuswater5043,False,"['Magmortar', 'Tauros', 'Sandslash', 'Skuntank', 'Slowking', 'Cradily']","['Tauros', 'Regirock', 'Hitmonchan', 'Jynx', 'Skuntank']",20,10,7
smogtours-gen4nu-488783,[Gen 4] NU,2020-04-07 18:19:35,,altaria32948,bugbuzz54512,altaria32948,False,"['Floatzel', 'Drifblim', 'Regirock', 'Cacturne']","['Camerupt', 'Tauros', 'Nidoqueen', 'Cacturne', 'Slowking', 'Drifblim']",26,6,8
gen4nu-2165204547,[Gen 4] NU,2024-07-22 05:37:06,,bodyslam74090,jynx62866,bodyslam74090,False,"['Entei', 'Poliwrath', 'Rhydon', 'Drapion', 'Glalie', 'Drifblim']","['Gorebyss', 'Ludicolo', 'Slowbro', 'Nidoking', 'Persian', 'Drapion']",39,8,9
gen4nu-1109359043,[Gen 4] NU,2020-05-05 21:35:36,,wooper24132,airslash47650,wooper24132,True,"['Rampardos', 'Sandslash', 'Haunter', 'Cacturne', 'Slowking']","['Gligar', 'Poliwrath', 'Marowak', 'Diglett', 'Glalie', 'Drifblim']",27,6,9
gen4nu-933087904,[Gen 4] NU,2019-06-22 20:06:58,,lightclay24303,primeape81140,lightclay24303,True,"['Stunky', 'Lapras', 'Flareon', 'Solrock', 'Persian', 'Diglett']","['Banette', 'Luxray', 'Dunsparce', 'Clefairy', 'Glaceon', 'Slaking']",24,7,7
gen4nu-768774428,[Gen 4] NU,2018-06-28 19:17:10,,stickyhold17429,primeape44772,stickyhold17429,True,"['Medicham', 'Slowking', 'Nidoqueen', 'Skuntank']","['Magmortar', 'Charizard', 'Regirock', 'Hitmonchan', 'Skuntank', 'Whiscash']",16,4,6
gen4nu-840934263,[Gen 4] NU,2018-12-26 23:19:07,,gust83845,waterveil53989,gust83845,False,"['Lapras', 'Tropius', 'Huntail', 'Dunsparce', 'Dusclops', 'Lopunny']","['Combusken', 'Raticate', 'Meditite', 'Bastiodon', 'Quagsire', 'Tangela']",44,11,10
gen4nu-1110508348,[Gen 4] NU,2020-05-07 18:32:40,,flying29832,quickpowder71749,quickpowder71749,False,"['Bibarel', 'Gabite', 'Monferno', 'Golem', 'Grovyle', 'Ampharos']","['Camerupt', 'Golduck', 'Sharpedo', 'Vileplume', 'Regirock']",16,7,4
gen4nu-866839346,[Gen 4] NU,2019-02-24 03:02:21,,harden46980,electrike32630,harden46980,False,"['Magneton', 'Nidoqueen', 'Muk', 'Victreebel', 'Carnivine', 'Probopass']","['Charizard', 'Armaldo', 'Dragonair', 'Dewgong', 'Gardevoir', 'Drifblim']",16,6,10
smogtours-gen4nu-570943,[Gen 4] NU,2021-07-22 03:59:00,,seedflare81285,trick33871,trick33871,False,"['Shiftry', 'Sandslash', 'Floatzel', 'Regirock', 'Jynx', 'Drifblim']","['Regirock', 'Jynx', 'Haunter', 'Hitmonchan']",19,7,4
smogtours-gen4nu-478032,[Gen 4] NU,2020-02-29 21:47:07,,heatrock37333,stickybarb45781,heatrock37333,False,"['Sharpedo', 'Shiftry', 'Regirock', 'Gardevoir', 'Drifblim']","['Granbull', 'Tauros', 'Regirock', 'Jynx', 'Slowking', 'Gardevoir']",33,10,16
gen4nu-1047321016,[Gen 4] NU,2020-01-16 11:51:37,,bonemerang38340,ingrain58383,ingrain58383,True,"['Charizard', 'Vileplume', 'Sandslash', 'Floatzel', 'Skuntank']","['Lapras', 'Regirock', 'Sneasel']",10,4,2
gen4nu-762423574,[Gen 4] NU,2018-06-14 18:12:47,,sandveil87527,swampert50714,swampert50714,False,"['Kadabra', 'Monferno', 'Probopass', 'Gastrodon', 'Misdreavus', 'Golbat']","['Monferno', 'Sneasel', 'Mr. Mime', 'Pelipper', 'Metang', 'Misdreavus']",27,11,8
gen4nu-916807399,[Gen 4] NU,2019-05-26 19:44:07,,meditate17123,furret54892,meditate17123,False,"['Politoed', 'Gabite', 'Armaldo', 'Jumpluff', 'Metang', 'Purugly']","['Rapidash', 'Bellossom', 'Pelipper', 'Purugly', 'Rhydon', 'Lickilicky']",32,15,14
smogtours-gen4nu-632522,[Gen 4] NU,2022-06-16 19:00:41,,pickup28423,twistedspoon9310,twistedspoon9310,False,"['Venomoth', 'Shiftry', 'Magmortar', 'Tauros', 'Medicham', 'Golem']","['Tauros', 'Regirock', 'Cacturne', 'Slowking', 'Ampharos', 'Drifblim']",21,9,10
gen4nu-2213156319,[Gen 4] NU,2024-09-30 22:48:11,1124,chopleberry38027,steadfast95560,steadfast95560,False,"['Sharpedo', 'Tauros', 'Regirock', 'Skuntank', 'Gardevoir', 'Ampharos']","['Magmortar', 'Typhlosion', 'Regirock', 'Hitmonchan', 'Jumpluff', 'Victreebel']",25,8,10
smogtours-gen4nu-712397,[Gen 4] NU,2023-08-26 22:51:14,,extrasensory76435,clearbody59762,clearbody59762,True,"['Shiftry', 'Tauros', 'Floatzel', 'Regirock', 'Dusclops', 'Ampharos']","['Vileplume', 'Gligar', 'Regirock', 'Skuntank', 'Slowking', 'Ampharos']",35,11,12
smogtours-gen4nu-694914,[Gen 4] NU,2023-05-31 16:40:48,,hypervoice57448,thunderbolt17137,hypervoice57448,True,"['Lapras', 'Sandslash', 'Dusclops', 'Skuntank', 'Lickilicky', 'Cradily']","['Sandslash', 'Regirock', 'Mantine', 'Skuntank', 'Dusclops', 'Lickilicky']",109,36,34
gen4nu-1075221137,[Gen 4] NU,2020-03-07 20:25:17,,gengarmega66742,defog70166,defog70166,False,"['Lopunny', 'Pikachu', 'Girafarig', 'Chimecho', 'Corsola', 'Beedrill']","['Mightyena', 'Raticate', 'Arbok', 'Lairon', 'Gastly']",21,12,8
gen4nu-1133342489,[Gen 4] NU,2020-06-15 23:17:35,,slakoth53488,watergun59811,watergun59811,False,"['Machoke', 'Charizard', 'Sandslash', 'Jumpluff', 'Whiscash', 'Manectric']","['Charizard', 'Armaldo', 'Jynx', 'Skuntank', 'Manectric', 'Slowking']",20,8,12
gen4nu-1048342716,[Gen 4] NU,2020-01-18 02:49:21,,venonat34855,uproar90451,venonat34855,False,"['Sandslash', 'Floatzel', 'Typhlosion', 'Haunter', 'Hitmonchan', 'Slowking']","['Shedinja', 'Torkoal', 'Floatzel', 'Cacturne', 'Golem', 'Gardevoir']",40,9,9
smogtours-gen4nu-586135,[Gen 4] NU,2021-10-11 16:39:42,,seedflare81285,whirlpool40763,seedflare81285,True,"['Sharpedo', 'Shiftry', 'Regirock', 'Tauros']","['Politoed', 'Magmortar', 'Magneton', 'Haunter', 'Jynx', 'Piloswine']",13,4,5
smogtours-gen4nu-663586,[Gen 4] NU,2022-12-03 18:47:18,,tyranitar56327,honeygather86735,honeygather86735,False,"['Rhydon', 'Tauros', 'Regirock', 'Skuntank', 'Slowking', 'Drifblim']","['Tauros', 'Nidoqueen', 'Haunter', 'Skuntank', 'Slowking', 'Cradily']",40,9,10
smogtours-gen4nu-845656,[Gen 4] NU,2025-05-25 10:08:22,,corphish30125,koffing93492,koffing93492,True,"['Magneton', 'Regirock', 'Skuntank', 'Slowking', 'Glalie', 'Drifblim']","['Regirock', 'Hitmonchan', 'Sableye', 'Lickilicky', 'Articuno']",25,9,4
smogtours-gen4nu-357843,[Gen 4] NU,2018-03-15 15:33:28,,supersonic37431,purepower71748,supersonic37431,False,"['Gardevoir', 'Medicham', 'Armaldo', 'Skuntank', 'Muk', 'Gastrodon']","['Sharpedo', 'Charizard', 'Gligar', 'Tauros', 'Skuntank', 'Slowking']",25,10,12
gen4nu-2210046637,[Gen 4] NU,2024-09-26 11:41:45,1234,psn83016,suctioncups23053,psn83016,False,"['Vileplume', 'Charizard', 'Monferno', 'Skuntank', 'Drifblim']","['Glaceon', 'Gligar', 'Hitmonchan', 'Dusclops', 'Gastrodon', 'Cradily']",22,7,11
gen4nu-826321445,[Gen 4] NU,2018-11-26 03:20:42,,probopass23094,gardevoir41806,probopass23094,False,"['Kadabra', 'Monferno', 'Probopass', 'Gastrodon', 'Misdreavus', 'Golbat']","['Machoke', 'Rapidash', 'Xatu', 'Zangoose', 'Carnivine', 'Electabuzz']",38,16,20
gen4nu-2190444685,[Gen 4] NU,2024-08-29 17:44:40,,stoneplate55960,ursaring64445,stoneplate55960,False,"['Altaria', 'Slowbro', 'Nidoqueen', 'Hitmonchan', 'Skuntank', 'Dusclops']","['Cloyster', 'Drapion', 'Steelix', 'Poliwrath', 'Gardevoir', 'Drifblim']",34,10,9
gen4nu-742998674,[Gen 4] NU,2018-05-05 19:40:53,,misdreavus43144,razzberry87679,razzberry87679,False,"['Machoke', 'Poliwrath', 'Cacturne', 'Rhydon', 'Misdreavus', 'Golbat']","['Armaldo', 'Poliwrath', 'Muk', 'Sableye', 'Purugly', 'Rhydon']",52,23,21
gen4nu-713096947,[Gen 4] NU,2018-03-04 22:19:27,,mudkip8641,levitate42349,levitate42349,False,"['Poliwrath', 'Cacturne', 'Pelipper', 'Metang', 'Rhydon', 'Misdreavus']","['Murkrow', 'Victreebel', 'Electabuzz', 'Probopass', 'Gastrodon', 'Misdreavus']",25,11,10
gen4nu-859868104,[Gen 4] NU,2019-02-08 12:58:43,,gluttony48616,octillery78713,gluttony48616,False,"['Manectric', 'Glalie', 'Drifblim']","['Charizard', 'Vileplume', 'Sandslash', 'Floatzel', 'Skuntank', 'Gardevoir']",13,2,5
smogtours-gen4nu-627579,[Gen 4] NU,2022-05-21 21:50:48,,tyranitar56327,mawile36886,mawile36886,False,"['Typhlosion', 'Regirock', 'Haunter', 'Cacturne', 'Hitmonchan', 'Manectric']","['Purugly', 'Shiftry', 'Charizard', 'Regirock']",20,8,5
smogtours-gen4nu-811090,[Gen 4] NU,2024-12-21 08:17:32,,pamtreberry72437,sniper70774,sniper70774,False,"['Sandslash', 'Electrode', 'Hitmonchan', 'Cacturne', 'Jynx', 'Drifblim']","['Sharpedo', 'Tauros', 'Floatzel', 'Nidoqueen', 'Sableye', 'Cradily']",32,10,12
gen4nu-1134728489,[Gen 4] NU,2020-06-18 11:48:50,,watergun59811,trick33871,trick33871,False,"['Charizard', 'Tauros', 'Sandslash', 'Skuntank', 'Slowking', 'Gardevoir']","['Gligar', 'Tauros', 'Gastrodon-East', 'Skuntank', 'Linoone', 'Glalie']",20,8,8
smogtours-gen4nu-767098,[Gen 4] NU,2024-05-11 02:14:42,,icywind98531,honeygather76267,icywind98531,False,"['Magneton', 'Nidoqueen', 'Hitmonchan', 'Skuntank', 'Manectric', 'Drifblim']","['Sharpedo', 'Vileplume', 'Regirock', 'Lickilicky', 'Gardevoir', 'Drifblim']",21,8,11
smogtours-gen4nu-827262,[Gen 4] NU,2025-03-25 22:20:06,,vitalspirit41729,icywind98531,icywind98531,False,"['Nidoqueen', 'Hitmonchan', 'Skuntank', 'Slowking', 'Ampharos', 'Drifblim']","['Vileplume', 'Regirock', 'Marowak', 'Slowking', 'Ampharos']",41,10,7
smogtours-gen4nu-563909,[Gen 4] NU,2021-06-03 23:45:24,,slowking28210,batonpass29222,slowking28210,True,"['Shiftry', 'Tauros', 'Medicham', 'Floatzel', 'Regirock', 'Slowking']","['Venomoth', 'Ninetales', 'Hitmonchan', 'Regirock', 'Slowking', 'Drifblim']",35,11,10
smogtours-gen4nu-785902,[Gen 4] NU,2024-08-17 01:21:14,,scopelens90498,mysteryberry28701,scopelens90498,False,"['Claydol', 'Entei', 'Hitmontop', 'Dusclops', 'Lanturn']","['Tangrowth', 'Tauros', 'Steelix', 'Skuntank', 'Slowking', 'Drapion']",31,13,15
smogtours-gen4nu-695178,[Gen 4] NU,2023-06-02 20:18:48,,stench25210,rockpolish84152,stench25210,False,"['Tauros', 'Nidoqueen', 'Hitmonchan', 'Walrein', 'Dusclops', 'Lickilicky']","['Lapras', 'Sandslash', 'Regirock', 'Hitmonchan', 'Skuntank', 'Drifblim']",20,8,8
gen4nu-749153712,[Gen 4] NU,2018-05-18 12:13:58,,haunter12630,custapberry71278,custapberry71278,False,"['Shiftry', 'Rapidash', 'Tauros', 'Poliwrath', 'Regirock', 'Gardevoir']","['Tauros', 'Magneton', 'Regirock', 'Haunter', 'Jynx', 'Slowking']",26,10,10
smogtours-gen4nu-783793,[Gen 4] NU,2024-08-03 11:43:09,,gyroball15624,motordrive87413,gyroball15624,False,"['Claydol', 'Tauros', 'Hitmonchan', 'Skuntank', 'Slowking', 'Drifblim']","['Shiftry', 'Nidoking', 'Entei', 'Regirock', 'Espeon', 'Drifblim']",29,12,13
gen4nu-864081960,[Gen 4] NU,2019-02-18 00:39:06,,buizel54990,dratini52164,dratini52164,False,"['Charizard', 'Porygon2', 'Marowak', 'Solrock', 'Slowking', 'Gardevoir']","['Charizard', 'Rampardos', 'Hitmonchan', 'Sableye', 'Cradily']",21,10,8
gen4nu-661219970,[Gen 4] NU,2017-11-18 11:42:04,,quagsire52408,milotic38894,milotic38894,True,"['Politoed', 'Magmortar', 'Haunter', 'Jynx', 'Piloswine']","['Venomoth', 'Charizard', 'Hitmonchan']",13,7,3
smogtours-gen4nu-712384,[Gen 4] NU,2023-08-26 20:42:42,,cometpunch77905,stench25210,stench25210,False,"['Regirock', 'Hitmonchan', 'Skuntank', 'Slowking', 'Ampharos', 'Drifblim']","['Regice', 'Sandslash', 'Floatzel', 'Dusclops', 'Skuntank', 'Cradily']",32,11,12
gen4nu-2168369509,[Gen 4] NU,2024-07-27 13:38:41,,clamp40297,mysteryberry83821,mysteryberry83821,False,"['Aggron', 'Entei', 'Haunter', 'Espeon', 'Drapion', 'Glalie']","['Sharpedo', 'Exeggutor', 'Regirock', 'Hitmonchan', 'Slowking', 'Drapion']",19,8,7
smogtours-gen4nu-449642,[Gen 4] NU,2019-06-27 03:35:10,,bide32585,stickybarb45781,stickybarb45781,False,"['Vileplume', 'Charizard', 'Medicham', 'Regirock', 'Sneasel', 'Slowking']","['Tauros', 'Medicham', 'Magneton', 'Regirock', 'Manectric', 'Slowking']",37,14,13
gen4nu-841007950,[Gen 4] NU,2018-12-27 03:12:10,,adaptability26680,rawstberry64920,rawstberry64920,False,"['Pidgeot', 'Kecleon', 'Flareon', 'Arbok', 'Quagsire', 'Tangela']","['Machop', 'Shelgon', 'Houndour', 'Pupitar', 'Gastly']",27,17,6
gen4nu-2198899427,[Gen 4] NU,2024-09-10 22:43:42,1000,exeggcute86397,stench95521,exeggcute86397,True,"['Glalie', 'Regirock', 'Gligar']","['Bibarel', 'Banette', 'Armaldo', 'Arbok', 'Carnivine', 'Ampharos']",12,2,5
gen4nu-2215466808,[Gen 4] NU,2024-10-04 01:39:05,,hoothoot56067,staryu66980,staryu66980,False,"['Camerupt', 'Sharpedo', 'Vileplume', 'Kadabra', 'Regirock', 'Slowking']","['Ninetales', 'Tauros', 'Poliwrath', 'Skuntank', 'Cradily', 'Drifblim']",31,10,8
smogtours-gen4nu-502204,[Gen 4] NU,2020-05-17 22:18:43,,futuresight13270,wooper24132,futuresight13270,False,"['Shiftry', 'Kadabra', 'Regirock', 'Muk', 'Hypno', 'Drifblim']","['Venomoth', 'Magmortar', 'Shiftry', 'Rhydon', 'Hitmonchan', 'Slowking']",44,12,15
gen4nu-1053071502,[Gen 4] NU,2020-01-26 18:22:17,,zapdos79311,ampharos4668,zapdos79311,False,"['Tauros', 'Medicham', 'Regirock', 'Skuntank', 'Slowking', 'Gardevoir']","['Charizard', 'Sandslash', 'Poliwrath', 'Jumpluff', 'Glalie', 'Grumpig']",16,7,6
gen4nu-1127774824,[Gen 4] NU,2020-06-06 07:55:49,,duskball14836,diveball14560,duskball14836,False,"['Camerupt', 'Haunter', 'Hitmonchan', 'Persian', 'Slowking']","['Porygon2', 'Medicham', 'Marowak', 'Clamperl', 'Chimecho', 'Lopunny']",30,5,10
smogtours-gen4nu-843576,[Gen 4] NU,2025-05-18 10:20:09,,sniper70774,mantine95605,mantine95605,True,"['Venomoth', 'Tauros', 'Floatzel', 'Gastrodon-East', 'Regirock', 'Skuntank']","['Nidoqueen', 'Hitmonchan', 'Dusclops', 'Lickilicky', 'Glalie', 'Articuno']",60,14,20
gen4nu-2192585933,[Gen 4] NU,2024-09-01 21:59:12,1005,bellydrum51300,zoomlens5648,zoomlens5648,True,"['Kingler', 'Bastiodon', 'Pikachu', 'Gastrodon', 'Drifblim']","['Glalie', 'Floatzel', 'Charizard', 'Regirock']",13,5,3
gen4nu-1148823996,[Gen 4] NU,2020-07-10 19:51:09,,oddincense6510,watergun59811,watergun59811,False,"['Charizard', 'Medicham', 'Hitmonchan', 'Golem', 'Haunter', 'Skuntank']","['Jynx', 'Slowking', 'Regirock', 'Gardevoir']",24,9,3
gen4nu-2221784615,[Gen 4] NU,2024-10-13 02:35:55,,fissure35074,psyduck72918,psyduck72918,False,"['Charizard', 'Tauros', 'Hitmonchan', 'Manectric', 'Slowking', 'Cradily']","['Magmortar', 'Charizard', 'Regirock', 'Hitmonchan', 'Skuntank']",20,8,7
gen4nu-2136997155,[Gen 4] NU,2024-06-04 21:35:55,,charcoal70,gastly57717,gastly57717,False,"['Gorebyss', 'Regice', 'Electrode', 'Floatzel', 'Typhlosion', 'Drifblim']","['Vileplume', 'Gligar', 'Regirock', 'Skuntank', 'Slowking', 'Ampharos']",29,9,8
gen4nu-2194767804,[Gen 4] NU,2024-09-05 00:41:13,1148,staryu66980,smoothrock12415,smoothrock12415,False,"['Ninetales', 'Gligar', 'Medicham', 'Magneton', 'Slowking', 'Cradily']","['Sharpedo', 'Gorebyss', 'Electrode', 'Floatzel', 'Hitmonchan', 'Dusclops']",69,10,7
smogtours-gen4nu-447947,[Gen 4] NU,2019-06-16 23:00:32,,futuresight13270,fireblast30665,fireblast30665,False,"['Venomoth', 'Sandslash', 'Typhlosion', 'Poliwrath', 'Manectric', 'Cradily']","['Camerupt', 'Sharpedo', 'Golduck', 'Vileplume', 'Regirock', 'Slowking']",39,14,12
gen4nu-1109749259,[Gen 4] NU,2020-05-06 14:54:58,,owntempo53659,flamebody71831,owntempo53659,False,"['Sharpedo', 'Magcargo', 'Haunter', 'Hitmonchan', 'Jynx', 'Roselia']","['Charizard', 'Sandslash', 'Hitmonchan', 'Walrein', 'Gardevoir', 'Cradily']",35,10,11
smogtours-gen4nu-784637,[Gen 4] NU,2024-08-07 19:19:51,,fearow30702,mirrorcoat93297,mirrorcoat93297,False,"['Banette', 'Claydol', 'Porygon2', 'Trapinch', 'Clamperl', 'Slowking']","['Tangrowth', 'Medicham', 'Nidoking', 'Hitmonchan', 'Skuntank', 'Slowking']",15,8,5
gen4nu-2199294535,[Gen 4] NU,2024-09-11 13:53:29,1000,spelltag8256,present4785,spelltag8256,True,"['Vileplume', 'Sandslash', 'Floatzel', 'Skuntank', 'Gardevoir']","['Charizard', 'Gligar', 'Electrode', 'Floatzel', 'Hitmonchan', 'Corsola']",22,5,9
gen4nu-951929859,[Gen 4] NU,2019-07-28 17:51:46,,covet64378,blastoise29791,covet64378,False,"['Pidgeot', 'Huntail', 'Wartortle', 'Lairon', 'Pikachu', 'Diglett']","['Butterfree', 'Exploud', 'Wartortle', 'Solrock', 'Illumise', 'Diglett']",28,10,13
gen4nu-932470649,[Gen 4] NU,2019-06-21 18:36:48,,lowkick70910,wynaut4615,lowkick70910,True,"['Shelgon', 'Swalot', 'Dusclops', 'Slaking']","['Politoed', 'Raticate', 'Lairon', 'Diglett', 'Fearow', 'Yanma']",19,3,8
gen4nu-891347032,[Gen 4] NU,2019-04-11 23:48:47,,powerelectric13718,simple53659,simple53659,False,"['Exploud', 'Solrock', 'Persian', 'Swalot', 'Tangela', 'Chatot']","['Kecleon', 'Wartortle', 'Pupitar', 'Tangela', 'Lopunny', 'Gastly']",31,10,10
smogtours-gen4nu-744175,[Gen 4] NU,2024-02-02 21:10:15,,sniper70774,rotom15770,sniper70774,False,"['Vileplume', 'Regirock', 'Poliwrath', 'Hitmonchan', 'Skuntank']","['Shiftry', 'Medicham', 'Electrode', 'Regirock', 'Glalie', 'Drifblim']",22,6,8
gen4nu-720582829,[Gen 4] NU,2018-03-20 01:59:42,,growlithe55875,gardevoir41806,growlithe55875,False,"['Armaldo', 'Poliwrath', 'Mr. Mime', 'Metang', 'Golbat', 'Articuno']","['Poliwrath', 'Murkrow', 'Mr. Mime', 'Metang', 'Rhydon', 'Golbat']",27,10,10
smogtours-gen4nu-783336,[Gen 4] NU,2024-07-30 12:12:19,,swampert50714,clamp40297,swampert50714,False,"['Magmortar', 'Sandslash', 'Regirock', 'Victreebel', 'Metang']","['Nidoking', 'Hitmontop', 'Cacturne', 'Skuntank', 'Slowking', 'Drifblim']",16,5,8
gen4nu-948569741,[Gen 4] NU,2019-07-22 02:41:46,,wacanberry6505,thief13836,wacanberry6505,False,"['Tauros', 'Haunter', 'Regirock', 'Jynx', 'Manectric', 'Slowking']","['Regirock', 'Hitmonchan', 'Haunter', 'Jynx', 'Skuntank', 'Manectric']",39,11,10
gen4nu-971625733,[Gen 4] NU,2019-09-06 01:50:47,,ironfist10778,cutecharm48112,cutecharm48112,True,"['Sandslash', 'Jumpluff', 'Machoke']","['Linoone', 'Medicham', 'Quagsire']",7,3,2
gen4nu-455858174,[Gen 4] NU,2016-10-12 21:19:00,,barboach16850,powerbracer28069,barboach16850,False,"['Magmortar', 'Meganium', 'Tauros', 'Jynx', 'Probopass']","['Charizard', 'Luxray', 'Medicham', 'Arbok', 'Ampharos', 'Articuno']",20,7,6
smogtours-gen4nu-712398,[Gen 4] NU,2023-08-26 22:55:40,,clearbody59762,extrasensory76435,extrasensory76435,False,"['Charizard', 'Regirock', 'Hitmonchan', 'Skuntank', 'Manectric', 'Slowking']","['Politoed', 'Charizard', 'Tauros', 'Nidoqueen', 'Sableye']",31,15,10
smogtours-gen4nu-711891,[Gen 4] NU,2023-08-24 12:49:30,,buneary57593,magnetpull75337,buneary57593,False,"['Sharpedo', 'Lapras', 'Vileplume', 'Charizard', 'Hitmonchan', 'Rhydon']","['Politoed', 'Tauros', 'Regirock', 'Skuntank', 'Marowak', 'Drifblim']",31,12,15
gen4nu-947863821,[Gen 4] NU,2019-07-20 15:23:44,,golem5265,heatrock37333,heatrock37333,False,"['Venomoth', 'Gligar', 'Haunter', 'Skuntank', 'Slowking', 'Glalie']","['Venomoth', 'Regirock', 'Cacturne', 'Dusclops', 'Lickilicky']",29,12,8
gen4nu-1118780516,[Gen 4] NU,2020-05-21 17:24:58,,forretress53163,gluttony20902,forretress53163,False,"['Kingler', 'Flareon', 'Quagsire', 'Persian', 'Lairon', 'Gastly']","['Luxray', 'Exploud', 'Whiscash', 'Furret', 'Chatot', 'Glaceon']",34,13,14
smogtours-gen4nu-558608,[Gen 4] NU,2021-05-01 01:16:08,,cranidos95818,wooper24132,wooper24132,True,"['Tauros', 'Nidoqueen', 'Cacturne', 'Slowking', 'Drifblim']","['Floatzel', 'Regirock', 'Cacturne', 'Hitmonchan', 'Drifblim']",18,6,4
gen4nu-954157759,[Gen 4] NU,2019-08-02 02:19:36,,swagger21466,weedle33343,swagger21466,False,"['Kadabra', 'Monferno', 'Probopass', 'Gastrodon', 'Misdreavus', 'Golbat']","['Poliwrath', 'Murkrow', 'Muk', 'Victreebel', 'Electabuzz', 'Rhydon']",27,15,13
smogtours-gen4nu-776433,[Gen 4] NU,2024-06-23 18:24:36,,golduck61301,reflect47763,reflect47763,False,"['Shiftry', 'Tauros', 'Nidoqueen', 'Slowking', 'Ampharos', 'Drifblim']","['Sharpedo', 'Shiftry', 'Nidoqueen', 'Hypno', 'Manectric']",21,8,6
gen4nu-706632352,[Gen 4] NU,2018-02-19 21:30:22,,gardevoir41806,triattack12853,gardevoir41806,False,"['Poliwrath', 'Mr. Mime', 'Metang', 'Rhydon', 'Golbat']","['Rapidash', 'Onix', 'Victreebel', 'Metang', 'Purugly', 'Tangela']",21,8,7
gen4nu-972921603,[Gen 4] NU,2019-09-08 17:59:16,,aurorabeam9548,faketears70399,aurorabeam9548,False,"['Shiftry', 'Typhlosion', 'Poliwrath', 'Haunter', 'Golem', 'Gardevoir']","['Medicham', 'Sandslash', 'Jynx', 'Manectric', 'Lickilicky', 'Drifblim']",25,10,10
smogtours-gen4nu-421770,[Gen 4] NU,2019-01-20 21:29:49,,poisonsting74677,delcatty2986,delcatty2986,False,"['Rampardos', 'Octillery', 'Armaldo', 'Bastiodon', 'Masquerain', 'Yanma']","['Probopass', 'Tropius', 'Noctowl', 'Sableye']",24,9,6
gen4nu-1171624090,[Gen 4] NU,2020-08-19 15:22:22,,flaaffy57062,wonderguard73446,flaaffy57062,True,"['Magmortar', 'Meganium', 'Tauros', 'Medicham', 'Jynx', 'Probopass']","['Charizard', 'Vileplume', 'Sandslash', 'Floatzel', 'Skuntank']",14,6,5
smogtours-gen4nu-771812,[Gen 4] NU,2024-06-02 16:09:39,,rotomfan35023,denpowersteel79771,denpowersteel79771,False,"['Shiftry', 'Nidoqueen', 'Poliwrath', 'Dodrio', 'Haunter', 'Gardevoir']","['Politoed', 'Machoke', 'Gligar', 'Magneton', 'Regirock', 'Skuntank']",31,16,13
gen4nu-1052306353,[Gen 4] NU,2020-01-25 04:03:24,,karatechop96796,arbok56586,arbok56586,False,"['Charizard', 'Tauros', 'Medicham', 'Regirock', 'Skuntank', 'Slowking']","['Camerupt', 'Lapras', 'Noctowl', 'Luxray', 'Tauros', 'Armaldo']",21,11,10
gen4nu-928833565,[Gen 4] NU,2019-06-15 19:49:19,,starmie65430,futuresight13270,futuresight13270,True,"['Sandslash', 'Floatzel', 'Typhlosion', 'Regirock', 'Cacturne', 'Drifblim']","['Sharpedo', 'Medicham', 'Mantine', 'Manectric', 'Cradily']",30,12,8
smogtours-gen4nu-661803,[Gen 4] NU,2022-11-17 23:44:15,,wooper24132,futuresight13270,wooper24132,False,"['Shiftry', 'Charizard', 'Regirock', 'Hitmonchan', 'Victreebel', 'Purugly']","['Camerupt', 'Sharpedo', 'Venomoth', 'Medicham', 'Regirock', 'Slowking']",21,7,10
gen4nu-2192781286,[Gen 4] NU,2024-09-02 05:00:01,1049,masterball22194,perishsong12071,perishsong12071,False,"['Kadabra', 'Armaldo', 'Nidoqueen', 'Gastrodon', 'Lopunny', 'Drifblim']","['Charizard', 'Magneton', 'Electrode', 'Hitmonchan', 'Golem', 'Articuno']",30,9,9
smogtours-gen4nu-810085,[Gen 4] NU,2024-12-14 02:13:37,,closecombat44911,zapcannon39582,zapcannon39582,False,"['Sharpedo', 'Rhydon', 'Tauros', 'Skuntank', 'Slowking', 'Drifblim']","['Charizard', 'Hitmonchan', 'Regirock', 'Skuntank', 'Manectric', 'Slowking']",18,9,8
gen4nu-719464005,[Gen 4] NU,2018-03-17 19:12:09,,swampert50714,sandveil87527,swampert50714,False,"['Sneasel', 'Pelipper', 'Monferno', 'Metang']","['Machoke', 'Poliwrath', 'Cacturne', 'Rhydon', 'Misdreavus', 'Golbat']",14,5,6
gen4nu-2199053451,[Gen 4] NU,2024-09-11 03:47:13,1039,politoed39754,growl5652,growl5652,False,"['Togetic', 'Magmortar', 'Shiftry', 'Torkoal', 'Monferno', 'Regirock']","['Charizard', 'Hitmonchan', 'Mawile', 'Skuntank', 'Pikachu', 'Cradily']",33,9,11
gen4nu-778216951,[Gen 4] NU,2018-07-19 21:10:43,,firepunch72300,trace64701,firepunch72300,True,"['Armaldo', 'Poliwrath', 'Metang', 'Regigigas', 'Misdreavus', 'Articuno']","['Kadabra', 'Sneasel', 'Cacturne', 'Pelipper', 'Muk', 'Probopass']",39,17,16
smogtours-gen4nu-711499,[Gen 4] NU,2023-08-21 21:10:37,,hitmonchan30284,butterfree38678,butterfree38678,True,"['Tauros', 'Medicham', 'Sandslash', 'Magneton', 'Skuntank', 'Slowking']","['Sharpedo', 'Tauros', 'Regirock', 'Cacturne', 'Dusclops', 'Manectric']",24,12,8
smogtours-gen4nu-846149,[Gen 4] NU,2025-05-26 01:20:58,,extrasensory76435,mantine95605,extrasensory76435,False,"['Meganium', 'Gligar', 'Floatzel', 'Poliwrath', 'Dusclops', 'Glalie']","['Tauros', 'Medicham', 'Magneton', 'Nidoqueen', 'Slowking', 'Drifblim']",39,11,12
gen4nu-2212395986,[Gen 4] NU,2024-09-29 21:31:59,,staryu66980,poliwrath33609,poliwrath33609,False,"['Tauros', 'Magneton', 'Nidoqueen', 'Haunter', 'Manectric', 'Slowking']","['Regice', 'Skuntank', 'Sharpedo', 'Regirock']",11,8,3
smogtours-gen4nu-711501,[Gen 4] NU,2023-08-21 21:16:53,,butterfree38678,hitmonchan30284,butterfree38678,False,"['Sharpedo', 'Meganium', 'Magmortar', 'Regirock', 'Skuntank']","['Sharpedo', 'Medicham', 'Electrode', 'Mantine', 'Skuntank', 'Cradily']",20,5,10
gen4nu-904932235,[Gen 4] NU,2019-05-06 14:24:17,,swampert50714,weedle33343,swampert50714,False,"['Zangoose', 'Victreebel', 'Electabuzz', 'Rhydon', 'Glalie', 'Golbat']","['Monferno', 'Poliwrath', 'Sneasel', 'Muk', 'Metang', 'Purugly']",19,6,8
gen4nu-2206226557,[Gen 4] NU,2024-09-21 00:37:06,1090,tangrowth23890,suctioncups23053,tangrowth23890,False,"['Sandslash', 'Slowking', 'Charizard', 'Skuntank']","['Magmortar', 'Hitmonchan', 'Skuntank', 'Dusclops', 'Jynx', 'Cradily']",28,7,8
gen4nu-759754363,[Gen 4] NU,2018-06-09 01:23:47,,sandveil87527,aquajet2708,sandveil87527,False,"['Rhydon', 'Zangoose', 'Poliwrath', 'Lickilicky', 'Golbat']","['Rapidash', 'Onix', 'Victreebel', 'Metang', 'Purugly', 'Tangela']",20,7,8
gen4nu-869078965,[Gen 4] NU,2019-02-28 21:51:49,,futuresight373,defensecurl55584,futuresight373,False,"['Charizard', 'Tauros', 'Sandslash', 'Poliwrath', 'Jumpluff', 'Grumpig']","['Tauros', 'Haunter', 'Regirock', 'Jynx', 'Manectric', 'Slowking']",28,12,9
gen4nu-944884623,[Gen 4] NU,2019-07-14 23:10:56,,smoothrock25184,wailmer43107,smoothrock25184,False,"['Politoed', 'Flareon', 'Dusclops', 'Persian', 'Lairon', 'Diglett']","['Lapras', 'Dusclops', 'Solrock', 'Persian', 'Diglett', 'Tangela']",45,14,14
smogtours-gen4nu-789301,[Gen 4] NU,2024-09-07 09:18:33,,acupressure38299,torterra15123,torterra15123,False,"['Tangrowth', 'Medicham', 'Nidoking', 'Hitmonchan', 'Skuntank', 'Slowking']","['Gligar', 'Entei', 'Regirock', 'Hitmonchan', 'Drapion']",21,10,6
smogtours-gen4nu-703674,[Gen 4] NU,2023-07-16 15:19:14,,wooper24132,koffing93492,wooper24132,False,"['Charizard', 'Magneton', 'Hitmonchan', 'Skuntank', 'Cradily']","['Politoed', 'Tauros', 'Magneton', 'Nidoqueen', 'Jynx', 'Drifblim']",31,7,10
gen4nu-1101869717,[Gen 4] NU,2020-04-23 11:26:21,,ingrain58383,watergun59811,watergun59811,False,"['Lapras', 'Vileplume', 'Charizard', 'Hitmonchan', 'Regirock', 'Sneasel']","['Charizard', 'Vileplume', 'Medicham', 'Sandslash', 'Regirock', 'Slowking']",34,15,9
gen4nu-688846314,[Gen 4] NU,2018-01-14 20:09:32,,spearow33023,klutz35993,klutz35993,True,"['Kadabra', 'Monferno', 'Probopass', 'Gastrodon', 'Misdreavus', 'Golbat']","['Armaldo', 'Muk', 'Metang', 'Purugly', 'Gastrodon', 'Articuno']",55,24,26
smogtours-gen4nu-636498,[Gen 4] NU,2022-07-07 22:44:21,,shedinja76396,mawile36886,mawile36886,False,"['Venomoth', 'Shiftry', 'Regirock', 'Hitmonchan', 'Slowking', 'Drifblim']","['Gligar', 'Magneton', 'Floatzel', 'Hitmonchan', 'Slowking', 'Cradily']",26,12,12
smogtours-gen4nu-678047,[Gen 4] NU,2023-03-04 01:27:56,,volbeat92423,stickyhold28665,volbeat92423,True,"['Gligar', 'Regirock', 'Skuntank', 'Slowking', 'Ampharos']","['Magmortar', 'Tauros', 'Medicham', 'Regirock', 'Cacturne', 'Drifblim']",24,7,7
smogtours-gen4nu-478022,[Gen 4] NU,2020-02-29 21:25:21,,stickybarb45781,heatrock37333,stickybarb45781,False,"['Magmortar', 'Hitmonchan', 'Regirock', 'Jynx', 'Skuntank', 'Hypno']","['Venomoth', 'Meganium', 'Charizard', 'Sandslash', 'Skuntank', 'Slowking']",35,14,15
smogtours-gen4nu-724710,[Gen 4] NU,2023-10-19 01:18:43,,extrasensory76435,innerfocus97582,extrasensory76435,False,"['Meganium', 'Rapidash', 'Poliwrath', 'Skuntank', 'Sableye']","['Tauros', 'Regirock', 'Haunter', 'Jynx', 'Manectric', 'Slowking']",29,7,12
gen4nu-843706771,[Gen 4] NU,2019-01-02 23:26:20,,aggron60452,rotom37964,aggron60452,True,"['Vileplume', 'Sandslash', 'Floatzel', 'Skuntank', 'Gardevoir']","['Nidoqueen', 'Hitmonchan', 'Cacturne', 'Dusclops', 'Slowking', 'Lickilicky']",31,6,11
gen4nu-2198902617,[Gen 4] NU,2024-09-10 22:51:42,1121,endeavor18222,hypno90649,endeavor18222,False,"['Charizard', 'Haunter', 'Regirock', 'Slowking', 'Ampharos']","['Lunatone', 'Electrode', 'Regirock', 'Sneasel', 'Hypno', 'Linoone']",26,7,6
smogtours-gen4nu-600790,[Gen 4] NU,2022-01-06 23:53:06,,haunter12630,extrasensory76435,extrasensory76435,False,"['Vileplume', 'Tauros', 'Medicham', 'Typhlosion', 'Regirock', 'Skuntank']","['Sharpedo', 'Magneton', 'Regirock', 'Haunter', 'Slowking']",30,12,9
smogtours-gen4nu-694909,[Gen 4] NU,2023-05-31 16:06:15,,koffing93492,rotom15770,koffing93492,False,"['Shiftry', 'Regirock', 'Skuntank', 'Jumpluff', 'Victreebel']","['Machoke', 'Tauros', 'Regirock', 'Cacturne', 'Gardevoir', 'Drifblim']",16,5,6
gen4nu-955814315,[Gen 4] NU,2019-08-05 16:42:58,,wailmer43107,donphan58946,wailmer43107,True,"['Banette', 'Lapras', 'Diglett', 'Solrock', 'Probopass', 'Tangela']","['Pineco', 'Flareon', 'Persian', 'Quagsire', 'Diglett', 'Gastly']",20,7,10
gen4nu-1076443774,[Gen 4] NU,2020-03-10 03:36:23,,bigroot88309,recycle46471,bigroot88309,False,"['Slaking', 'Gardevoir', 'Ninetales', 'Metang']","['Magmortar', 'Regice', 'Xatu', 'Electabuzz', 'Purugly', 'Relicanth']",15,4,7
smogtours-gen4nu-645847,[Gen 4] NU,2022-08-31 12:20:28,,compoundeyes14899,golduck35019,golduck35019,False,"['Medicham', 'Regirock', 'Hitmonchan', 'Skuntank', 'Manectric', 'Slowking']","['Regirock', 'Haunter', 'Hitmonchan', 'Jynx', 'Manectric']",17,8,4
gen4nu-2208874868,[Gen 4] NU,2024-09-24 20:18:50,1050,exeggcute8445,przcureberry35701,przcureberry35701,False,"['Tauros', 'Typhlosion', 'Hitmonchan', 'Dodrio', 'Skuntank', 'Gardevoir']","['Gligar', 'Magneton', 'Poliwrath', 'Persian', 'Misdreavus']",27,10,11
smogtours-gen4nu-712651,[Gen 4] NU,2023-08-27 19:10:08,,innerfocus97582,victreebel55835,victreebel55835,True,"['Regirock', 'Skuntank', 'Magmortar', 'Poliwrath']","['Sharpedo', 'Haunter']",5,3,2
smogtours-gen4nu-817091,[Gen 4] NU,2025-02-01 00:03:09,,rattata90247,rotom15770,rattata90247,False,"['Politoed', 'Gligar', 'Medicham', 'Regirock', 'Skuntank']","['Hitmonchan', 'Golem', 'Skuntank', 'Slowking', 'Ampharos', 'Drifblim']",25,14,11
smogtours-gen4nu-570850,[Gen 4] NU,2021-07-20 02:39:33,,seedflare81285,politoed29301,seedflare81285,True,"['Shiftry', 'Floatzel', 'Haunter', 'Regirock', 'Manectric']","['Charizard', 'Medicham', 'Kadabra', 'Skuntank', 'Jumpluff', 'Solrock']",15,5,6
gen4nu-2196719508,[Gen 4] NU,2024-09-07 21:00:34,,futuresight13270,rockclimb11391,futuresight13270,False,"['Tauros', 'Electrode', 'Regirock', 'Jynx', 'Crawdaunt', 'Gardevoir']","['Magmortar', 'Charizard', 'Regirock', 'Hitmonchan', 'Skuntank', 'Whiscash']",14,5,6
gen4nu-817084585,[Gen 4] NU,2018-10-08 04:38:18,1000,waterveil53989,fireblast30665,fireblast30665,False,"['Tauros', 'Haunter', 'Regirock', 'Jynx', 'Manectric', 'Slowking']","['Golduck', 'Sharpedo', 'Camerupt', 'Regirock', 'Slowking']",26,13,11
smogtours-gen4nu-636577,[Gen 4] NU,2022-07-08 22:00:34,,wooper24132,mawile36886,wooper24132,True,"['Gligar', 'Tauros', 'Medicham', 'Haunter', 'Slowking']","['Ampharos', 'Venomoth', 'Sandslash', 'Hitmonchan', 'Slowking', 'Cradily']",21,7,7
gen4nu-902962035,[Gen 4] NU,2019-05-02 23:01:50,,outrage29420,fireblast30665,fireblast30665,False,"['Charizard', 'Magneton', 'Nidoqueen', 'Hitmonchan', 'Skuntank', 'Slowking']","['Camerupt', 'Sharpedo', 'Golduck', 'Regirock']",20,10,8
gen4nu-2204596666,[Gen 4] NU,2024-09-18 20:29:00,1128,purugly53142,growl5652,growl5652,False,"['Venomoth', 'Nidoqueen', 'Haunter', 'Skuntank', 'Muk', 'Roselia']","['Charizard', 'Hitmonchan', 'Mawile', 'Skuntank', 'Pikachu', 'Cradily']",23,5,10
smogtours-gen4nu-378652,[Gen 4] NU,2018-05-23 02:38:32,,haunter12630,tentacruel11240,haunter12630,False,"['Pinsir', 'Sandslash', 'Regirock', 'Cacturne', 'Slowking']","['Charizard', 'Tauros', 'Magneton', 'Regirock', 'Marowak', 'Slowking']",27,11,13
gen4nu-2318275492,[Gen 4] NU,2025-03-12 23:18:23,,megakick62601,outrage46997,outrage46997,False,"['Charizard', 'Sandslash', 'Regirock', 'Cacturne', 'Sableye', 'Lickilicky']","['Shiftry', 'Floatzel', 'Regirock', 'Hitmonchan', 'Jynx', 'Drifblim']",29,11,8
gen4nu-841191083,[Gen 4] NU,2018-12-27 16:44:44,,sandveil87527,psybeam14379,sandveil87527,False,"['Banette', 'Raticate', 'Seviper', 'Pikachu', 'Solrock', 'Quagsire']","['Lunatone', 'Pidgeot', 'Wartortle', 'Pikachu', 'Swalot', 'Tangela']",17,9,9
gen4nu-2136989475,[Gen 4] NU,2024-06-04 21:27:01,,pickup28423,charcoal70,charcoal70,False,"['Tauros', 'Medicham', 'Magneton', 'Sandslash', 'Skuntank', 'Slowking']","['Gorebyss', 'Regice', 'Electrode', 'Typhlosion', 'Floatzel', 'Drifblim']",38,11,11
gen4nu-984812204,[Gen 4] NU,2019-09-30 18:45:02,,swampert50714,wailmer43107,wailmer43107,True,"['Exploud', 'Meditite', 'Persian', 'Quagsire', 'Probopass', 'Gastly']","['Swalot', 'Persian', 'Pupitar', 'Tangela', 'Magmar']",27,12,13
smogtours-gen4nu-843643,[Gen 4] NU,2025-05-18 14:44:52,,corphish30125,victreebel55835,victreebel55835,False,"['Tauros', 'Magneton', 'Regirock', 'Cacturne', 'Slowking', 'Drifblim']","['Shiftry', 'Medicham', 'Electrode', 'Regirock', 'Glalie', 'Drifblim']",20,8,7
gen4nu-2192543378,[Gen 4] NU,2024-09-01 20:41:30,1144,zoomlens5648,bulkup42567,zoomlens5648,True,"['Magmortar', 'Meganium', 'Tauros', 'Golem', 'Skuntank', 'Slowking']","['Skuntank', 'Floatzel', 'Sandslash', 'Vileplume']",18,8,7
smogtours-gen4nu-332568,[Gen 4] NU,2017-11-25 07:44:30,,sneasel15816,sitrusberry77995,sneasel15816,True,"['Sandslash', 'Hypno']","['Jynx', 'Magmortar', 'Probopass', 'Tauros']",22,3,5
gen4nu-980437106,[Gen 4] NU,2019-09-22 22:20:19,,mentalherb28142,weedle33343,weedle33343,False,"['Staryu', 'Octillery', 'Arbok', 'Solrock', 'Magmar', 'Fearow']","['Lapras', 'Shelgon', 'Walrein', 'Persian', 'Probopass', 'Beedrill']",18,7,8
gen4nu-1124996294,[Gen 4] NU,2020-06-01 19:26:41,,fire24746,icefang57178,icefang57178,False,"['Noctowl', 'Raticate', 'Exploud', 'Lairon', 'Quagsire', 'Gastly']","['Kingler', 'Stunky', 'Sudowoodo', 'Persian', 'Sableye', 'Tangela']",28,9,15
smogtours-gen4nu-471006,[Gen 4] NU,2020-01-11 18:33:35,,starmie65430,tickle33800,tickle33800,False,"['Sharpedo', 'Gligar', 'Tauros', 'Medicham', 'Haunter', 'Skuntank']","['Venomoth', 'Sandslash', 'Regirock', 'Cacturne', 'Dusclops']",31,8,10
smogtours-gen4nu-737486,[Gen 4] NU,2024-01-04 22:52:16,,rotom15770,wooper24132,rotom15770,False,"['Sharpedo', 'Tauros', 'Nidoqueen', 'Hitmonchan', 'Slowking', 'Drifblim']","['Charizard', 'Magneton', 'Hitmonchan', 'Skuntank', 'Slowking', 'Cradily']",28,8,13
gen4nu-2198404161,[Gen 4] NU,2024-09-10 08:04:56,1058,defensecurl88658,odorsleuth68844,odorsleuth68844,False,"['Politoed', 'Charizard', 'Tauros', 'Regirock', 'Dusclops', 'Quagsire']","['Charizard', 'Tauros', 'Nidoqueen', 'Regirock', 'Skuntank', 'Lickilicky']",34,13,14
gen4nu-931092993,[Gen 4] NU,2019-06-19 13:48:13,,simple53659,hyperbeam24300,hyperbeam24300,False,"['Quagsire', 'Shelgon', 'Persian', 'Lairon', 'Tangela', 'Gastly']","['Politoed', 'Raticate', 'Lairon', 'Diglett', 'Fearow', 'Yanma']",23,9,9
gen4nu-2207267417,[Gen 4] NU,2024-09-22 16:48:56,1122,gulpin5314,growl5652,growl5652,False,"['Ninetales', 'Armaldo', 'Gastrodon-East', 'Persian', 'Glaceon', 'Articuno']","['Nidoqueen', 'Hitmonchan', 'Skuntank', 'Dusclops', 'Carnivine', 'Gardevoir']",23,8,8
gen4nu-2201558782,[Gen 4] NU,2024-09-14 16:37:43,,uxie26925,closecombat44911,closecombat44911,False,"['Vileplume', 'Charizard', 'Sandslash', 'Floatzel', 'Skuntank', 'Gardevoir']","['Tauros', 'Regirock', 'Skuntank', 'Slowking', 'Drifblim']",20,5,5
smogtours-gen4nu-639921,[Gen 4] NU,2022-07-23 23:19:58,,futuresight13270,mawile36886,mawile36886,False,"['Porygon2', 'Regirock', 'Skuntank', 'Hypno', 'Gardevoir', 'Drifblim']","['Camerupt', 'Sharpedo', 'Hitmonchan', 'Skuntank', 'Jumpluff', 'Slowking']",27,10,11
gen4nu-668565152,[Gen 4] NU,2017-12-03 22:04:14,,rollout80597,arceuswater57688,rollout80597,False,"['Politoed', 'Magmortar', 'Magneton', 'Haunter', 'Jynx', 'Piloswine']","['Venomoth', 'Gligar', 'Magneton', 'Haunter', 'Poliwrath', 'Gardevoir']",31,11,11
gen4nu-923635158,[Gen 4] NU,2019-06-07 02:18:07,,armorfossil14514,ironplate91202,ironplate91202,False,"['Shiftry', 'Typhlosion', 'Dragonair', 'Regirock', 'Victreebel', 'Linoone']","['Slowking', 'Lapras', 'Wormadam-Trash']",23,8,2
gen4nu-840375233,[Gen 4] NU,2018-12-25 16:26:47,,gust83845,rawstberry64920,rawstberry64920,False,"['Lapras', 'Dusclops', 'Tentacool', 'Bastiodon', 'Quagsire', 'Lopunny']","['Staryu', 'Quagsire', 'Diglett', 'Tangela', 'Gastly']",30,9,10
gen4nu-2206847448,[Gen 4] NU,2024-09-21 23:46:46,1315,water22662,futuresight13270,water22662,False,"['Vileplume', 'Floatzel', 'Typhlosion', 'Hitmonchan', 'Regirock', 'Skuntank']","['Shiftry', 'Tauros', 'Nidoqueen', 'Regirock', 'Hitmonchan', 'Slowking']",27,9,11
gen4nu-2203228635,[Gen 4] NU,2024-09-17 00:40:55,1000,chopleberry38027,block12446,chopleberry38027,True,"['Sharpedo', 'Tauros', 'Regirock', 'Gardevoir', 'Ampharos']","['Lickilicky', 'Electrode', 'Gligar', 'Hitmonchan']",16,4,4
smogtours-gen4nu-566715,[Gen 4] NU,2021-06-19 20:12:07,,batonpass29222,rockpolish84152,rockpolish84152,True,"['Shiftry', 'Charizard', 'Sandslash', 'Regirock', 'Slowking', 'Drifblim']","['Shiftry', 'Regirock', 'Hitmonchan', 'Victreebel', 'Purugly']",19,10,5
gen4nu-2203709589,[Gen 4] NU,2024-09-17 17:05:40,1063,ivysaur24609,odorsleuth68844,odorsleuth68844,True,"['Lapras', 'Charizard', 'Medicham', 'Typhlosion', 'Regirock', 'Lickilicky']","['Charizard', 'Tauros', 'Nidoqueen', 'Regirock', 'Skuntank', 'Slowking']",29,10,11
gen4nu-926988927,[Gen 4] NU,2019-06-12 19:22:40,,haunter12630,trace64701,trace64701,False,"['Machoke', 'Armaldo', 'Sneasel', 'Gastrodon', 'Ampharos', 'Golbat']","['Poliwrath', 'Bellossom', 'Purugly', 'Rhydon', 'Glaceon', 'Ampharos']",53,23,18
gen4nu-2193174148,[Gen 4] NU,2024-09-02 19:24:29,1088,chopleberry38027,foresight22909,foresight22909,False,"['Gligar', 'Magneton', 'Floatzel', 'Hitmonchan', 'Slowking']","['Charizard', 'Nidoqueen', 'Cacturne', 'Wartortle', 'Dusclops']",24,7,6
gen4nu-662166634,[Gen 4] NU,2017-11-20 13:24:40,,supersonic37431,hydration62804,supersonic37431,True,"['Gardevoir', 'Medicham', 'Armaldo', 'Skuntank', 'Muk', 'Gastrodon']","['Charizard', 'Gligar', 'Poliwrath', 'Hitmonchan', 'Gardevoir', 'Cradily']",31,7,10
gen4nu-941600594,[Gen 4] NU,2019-07-08 17:01:47,,rockclimb62152,slowking58302,rockclimb62152,True,"['Quagsire', 'Persian', 'Lairon', 'Tangela', 'Gastly']","['Shelgon', 'Dusclops', 'Quagsire', 'Swalot', 'Slaking']",45,21,20
smogtours-gen4nu-722406,[Gen 4] NU,2023-10-08 02:37:15,,futuresight13270,screech4752,screech4752,False,"['Politoed', 'Camerupt', 'Nidoqueen', 'Skuntank', 'Lickilicky', 'Drifblim']","['Vileplume', 'Charizard', 'Floatzel', 'Hitmonchan', 'Regirock', 'Skuntank']",60,22,16
smogtours-gen4nu-839886,[Gen 4] NU,2025-05-05 03:52:15,,icywind98531,denpowerwater91914,icywind98531,False,"['Magmortar', 'Vileplume', 'Pinsir', 'Regirock', 'Manectric', 'Gardevoir']","['Shiftry', 'Tauros', 'Typhlosion', 'Regirock', 'Skuntank', 'Victreebel']",19,6,9
gen4nu-2217076006,[Gen 4] NU,2024-10-06 12:57:05,,acid1060,nostatus85352,nostatus85352,False,"['Lapras', 'Rampardos', 'Xatu', 'Cacturne', 'Girafarig', 'Diglett']","['Magneton', 'Floatzel', 'Haunter', 'Jumpluff', 'Masquerain', 'Gardevoir']",19,8,7
smogtours-gen4nu-784448,[Gen 4] NU,2024-08-05 21:03:53,,exploud62674,phanpy1464,phanpy1464,False,"['Shiftry', 'Entei', 'Floatzel', 'Haunter', 'Regirock', 'Espeon']","['Cloyster', 'Shiftry', 'Medicham', 'Electrode', 'Regirock', 'Drifblim']",17,8,7
gen4nu-701322268,[Gen 4] NU,2018-02-09 03:47:00,,berry52173,sentret8615,berry52173,False,"['Rhydon', 'Poliwrath', 'Muk', 'Sableye', 'Lickilicky']","['Armaldo', 'Gastrodon-East', 'Muk', 'Metang', 'Purugly', 'Articuno']",56,8,13
smogtours-gen4nu-691050,[Gen 4] NU,2023-05-05 16:53:44,,mawile36886,darkvoid39103,mawile36886,False,"['Shiftry', 'Medicham', 'Electrode', 'Regirock', 'Glalie', 'Drifblim']","['Tauros', 'Hitmonchan', 'Regirock', 'Cacturne', 'Slowking', 'Drifblim']",19,8,9
gen4nu-2205984866,[Gen 4] NU,2024-09-20 17:33:54,1077,block12446,odorsleuth68844,odorsleuth68844,True,"['Machoke', 'Gligar', 'Magneton', 'Haunter', 'Sneasel', 'Roselia']","['Magmortar', 'Tauros', 'Nidoqueen', 'Regirock', 'Slowking']",18,8,9
smogtours-gen4nu-373791,[Gen 4] NU,2018-05-05 13:38:31,,haunter12630,futuresight13270,futuresight13270,False,"['Magmortar', 'Sandslash', 'Haunter', 'Regirock', 'Cacturne', 'Jynx']","['Shiftry', 'Charizard', 'Poliwrath', 'Jynx', 'Skuntank', 'Solrock']",31,9,9
gen4nu-1098534363,[Gen 4] NU,2020-04-17 21:12:30,,forretress53163,wailmer43107,wailmer43107,False,"['Kingler', 'Pineco', 'Flareon', 'Persian', 'Lairon', 'Gastly']","['Probopass', 'Banette', 'Staryu', 'Quagsire']",20,8,7
gen4nu-838374999,[Gen 4] NU,2018-12-20 20:21:20,,primeape44772,tailglow24985,primeape44772,True,"['Skuntank', 'Regirock', 'Hitmonchan']","['Politoed', 'Magmortar', 'Magneton', 'Haunter', 'Jynx', 'Piloswine']",10,2,5
gen4nu-971839200,[Gen 4] NU,2019-09-06 15:00:26,,haunter12630,charmeleon68884,haunter12630,False,"['Staryu', 'Luxray', 'Pineco', 'Walrein', 'Sableye', 'Grovyle']","['Seadra', 'Flareon', 'Persian', 'Probopass', 'Grovyle', 'Beedrill']",44,13,11
gen4nu-910788181,[Gen 4] NU,2019-05-16 17:19:16,,wailmer43107,acupressure5238,wailmer43107,False,"['Raticate', 'Solrock', 'Pupitar', 'Gastly', 'Slaking']","['Kingler', 'Tropius', 'Shelgon', 'Mawile', 'Diglett', 'Beedrill']",15,6,8
gen4nu-1118833826,[Gen 4] NU,2020-05-21 18:54:10,,watergun59811,rhyperior98754,watergun59811,False,"['Charizard', 'Tauros', 'Skuntank', 'Slowking', 'Gardevoir']","['Gligar', 'Tauros', 'Torkoal', 'Gastrodon-East', 'Haunter', 'Purugly']",25,7,8
gen4nu-2203222685,[Gen 4] NU,2024-09-17 00:31:53,1052,doublehit64775,chopleberry38027,doublehit64775,False,"['Camerupt', 'Rampardos', 'Hitmonchan', 'Sneasel', 'Slowking', 'Cradily']","['Sharpedo', 'Tauros', 'Regirock', 'Skuntank', 'Gardevoir', 'Ampharos']",22,9,6
gen4nu-2148891860,[Gen 4] NU,2024-06-24 01:32:26,,rotom15770,gardevoir84608,rotom15770,False,"['Shiftry', 'Medicham', 'Electrode', 'Regirock', 'Glalie', 'Drifblim']","['Nidoqueen', 'Regirock', 'Hitmonchan', 'Cacturne', 'Dusclops', 'Lickilicky']",33,10,10
gen4nu-2201275054,[Gen 4] NU,2024-09-14 04:38:37,1100,megakick62601,chopleberry38027,megakick62601,True,"['Sandslash', 'Nidoqueen', 'Dusclops', 'Slowking', 'Lickilicky']","['Charizard', 'Regirock', 'Poliwrath', 'Hitmonchan', 'Skuntank', 'Manectric']",46,14,18
gen4nu-1000113063,[Gen 4] NU,2019-10-28 17:53:59,,rockclimb62152,metagross72181,rockclimb62152,False,"['Lunatone', 'Grotle', 'Walrein', 'Girafarig', 'Gastly']","['Magcargo', 'Quagsire', 'Furret', 'Swalot', 'Tangela', 'Fearow']",19,10,10
smogtours-gen4nu-771412,[Gen 4] NU,2024-05-31 21:14:03,,rotom15770,koffing93492,koffing93492,False,"['Vileplume', 'Magneton', 'Floatzel', 'Hitmonchan', 'Regirock', 'Drifblim']","['Lapras', 'Typhlosion', 'Nidoqueen', 'Hitmonchan', 'Slowking', 'Cradily']",27,10,9
gen4nu-2364712303,[Gen 4] NU,2025-05-15 17:42:17,,electabuzz37326,megakick62601,megakick62601,False,"['Magneton', 'Regirock', 'Haunter', 'Poliwrath', 'Cacturne', 'Gardevoir']","['Sharpedo', 'Regirock', 'Hitmonchan', 'Cacturne', 'Dusclops', 'Drifblim']",37,11,11
gen4nu-859871702,[Gen 4] NU,2019-02-08 13:04:59,,levelball31342,colorchange82940,levelball31342,True,"['Bibarel', 'Magmortar', 'Glalie', 'Hitmonchan']","['Lapras', 'Vileplume', 'Charizard', 'Regirock', 'Hitmonchan', 'Sneasel']",33,4,9
smogtours-gen4nu-842511,[Gen 4] NU,2025-05-14 23:31:39,,rotom15770,swinub46701,rotom15770,False,"['Sharpedo', 'Tauros', 'Magneton', 'Nidoqueen', 'Slowking', 'Drifblim']","['Charizard', 'Sandslash', 'Regirock', 'Hitmonchan', 'Skuntank', 'Slowking']",43,7,17
gen4nu-841610123,[Gen 4] NU,2018-12-28 17:32:31,,roar39545,laggingtail8328,laggingtail8328,False,"['Kingler', 'Mawile', 'Masquerain', 'Mankey', 'Chatot', 'Lopunny']","['Politoed', 'Lairon', 'Chimecho', 'Lopunny', 'Yanma']",28,14,10
smogtours-gen4nu-664695,[Gen 4] NU,2022-12-11 22:02:05,,wooper24132,tyranitar56327,wooper24132,False,"['Gligar', 'Tauros', 'Medicham', 'Haunter', 'Skuntank', 'Slowking']","['Shiftry', 'Tauros', 'Sandslash', 'Magneton', 'Regirock', 'Slowking']",27,9,10
smogtours-gen4nu-332301,[Gen 4] NU,2017-11-24 19:23:03,,thrash80465,noconditions84490,noconditions84490,False,"['Rapidash', 'Xatu', 'Poliwrath', 'Victreebel', 'Probopass', 'Lickilicky']","['Monferno', 'Poliwrath', 'Metang', 'Purugly', 'Misdreavus', 'Golbat']",19,7,7
smogtours-gen4nu-784014,[Gen 4] NU,2024-08-04 03:14:59,,nidoqueen443,bellsprout54185,nidoqueen443,False,"['Regirock', 'Sharpedo', 'Espeon', 'Drapion']","['Sharpedo', 'Exeggutor', 'Hitmonchan', 'Regirock', 'Slowking', 'Drapion']",18,5,10
gen4nu-2206842187,[Gen 4] NU,2024-09-21 23:36:41,1334,quickfeet95939,futuresight13270,quickfeet95939,False,"['Camerupt', 'Vileplume', 'Magneton', 'Sandslash', 'Slowking', 'Articuno']","['Gligar', 'Tauros', 'Magneton', 'Floatzel', 'Hitmonchan', 'Skuntank']",31,13,13
gen4nu-667293925,[Gen 4] NU,2017-12-01 09:00:40,,honeygather89597,thrash80465,thrash80465,False,"['Charizard', 'Sandslash', 'Poliwrath', 'Jumpluff', 'Glalie', 'Grumpig']","['Charizard', 'Tauros', 'Sandslash', 'Skuntank', 'Slowking', 'Cradily']",31,8,9
smogtours-gen4nu-444399,[Gen 4] NU,2019-05-31 23:40:36,,dodrio79057,delcatty2986,delcatty2986,True,"['Dunsparce', 'Porygon2', 'Armaldo', 'Wigglytuff', 'Mawile', 'Masquerain']","['Luxray', 'Monferno', 'Whiscash']",12,6,2
gen4nu-937482643,[Gen 4] NU,2019-06-30 17:01:36,,icefang57178,swagger64002,swagger64002,False,"['Kingler', 'Stunky', 'Sudowoodo', 'Dusclops', 'Persian', 'Tangela']","['Politoed', 'Raticate', 'Lairon', 'Diglett', 'Yanma']",26,10,7
smogtours-gen4nu-447950,[Gen 4] NU,2019-06-16 23:35:36,,futuresight13270,fireblast30665,fireblast30665,True,"['Camerupt', 'Shiftry', 'Porygon2', 'Haunter', 'Skuntank']","['Shiftry', 'Nidoqueen', 'Poliwrath', 'Regirock', 'Drifblim']",19,7,7
gen4nu-859996905,[Gen 4] NU,2019-02-08 18:27:02,,naturalgift2401,tailwhip57752,naturalgift2401,False,"['Shiftry', 'Typhlosion', 'Poliwrath', 'Regirock', 'Haunter', 'Manectric']","['Vileplume', 'Charizard', 'Rhydon', 'Hitmonchan', 'Golem', 'Slowking']",34,15,21
smogtours-gen4nu-570876,[Gen 4] NU,2021-07-21 03:39:36,,seedflare81285,trick33871,seedflare81285,False,"['Sharpedo', 'Vileplume', 'Tauros', 'Regirock', 'Jynx', 'Drifblim']","['Politoed', 'Magmortar', 'Magneton', 'Haunter', 'Jynx', 'Piloswine']",31,10,11
gen4nu-994316488,[Gen 4] NU,2019-10-18 02:00:57,,cranidos9637,lansatberry61686,cranidos9637,False,"['Politoed', 'Magmortar', 'Magneton', 'Haunter', 'Jynx', 'Piloswine']","['Charizard', 'Vileplume', 'Sandslash', 'Floatzel', 'Skuntank', 'Gardevoir']",33,11,11
gen4nu-2127690030,[Gen 4] NU,2024-05-21 19:46:58,,rhydon28155,vinewhip89063,rhydon28155,False,"['Charizard', 'Nidoqueen', 'Hitmonchan', 'Skuntank', 'Slowking']","['Vileplume', 'Gligar', 'Regirock', 'Skuntank', 'Slowking', 'Ampharos']",21,8,11
smogtours-gen4nu-648980,[Gen 4] NU,2022-09-18 14:38:49,,futuresight13270,whirlpool40763,whirlpool40763,True,"['Regirock', 'Mantine', 'Skuntank', 'Sableye', 'Lickilicky', 'Roselia']","['Medicham', 'Vileplume', 'Ampharos', 'Regirock']",34,15,9
gen4nu-939620679,[Gen 4] NU,2019-07-04 17:40:49,,synchronize12410,friendball15058,friendball15058,False,"['Vespiquen', 'Granbull', 'Torkoal', 'Typhlosion', 'Regirock', 'Pikachu']","['Magmortar', 'Rampardos', 'Medicham', 'Dusclops', 'Marowak', 'Lickilicky']",31,12,8
gen4nu-949054241,[Gen 4] NU,2019-07-23 00:58:16,,flygon29525,rotomfan34645,rotomfan34645,False,"['Poliwrath', 'Mr. Mime', 'Muk', 'Sableye', 'Rhydon', 'Lickilicky']","['Machoke', 'Rapidash', 'Kadabra', 'Poliwrath', 'Cacturne', 'Rhydon']",27,10,9
gen4nu-953792209,[Gen 4] NU,2019-08-01 11:01:20,,psychoboost1698,wailord92053,wailord92053,True,"['Lapras', 'Gligar', 'Sneasel', 'Ditto', 'Crawdaunt', 'Delibird']","['Pidgeot', 'Gardevoir', 'Medicham', 'Sandslash', 'Relicanth', 'Slaking']",24,8,9
smogtours-gen4nu-782057,[Gen 4] NU,2024-07-24 08:06:19,,charmander53660,venomoth48167,venomoth48167,False,"['Cloyster', 'Shiftry', 'Medicham', 'Electrode', 'Regirock', 'Drifblim']","['Entei', 'Lanturn', 'Espeon', 'Drapion', 'Drifblim']",16,5,7
smogtours-gen4nu-784485,[Gen 4] NU,2024-08-06 10:50:12,,clamp40297,lick25189,lick25189,True,"['Nidoking', 'Hitmontop', 'Cacturne', 'Skuntank', 'Slowking', 'Drifblim']","['Sharpedo', 'Slowbro', 'Entei', 'Regirock', 'Miltank', 'Drapion']",26,8,6
smogtours-gen4nu-814040,[Gen 4] NU,2025-01-12 22:13:44,,sniper70774,withdraw29822,sniper70774,False,"['Tauros', 'Hitmonchan', 'Regirock', 'Cacturne', 'Dusclops', 'Manectric']","['Golduck', 'Gligar', 'Hitmonchan', 'Skuntank', 'Manectric', 'Cradily']",59,13,11
gen4nu-777719330,[Gen 4] NU,2018-07-18 20:37:17,,liechiberry71048,naturalgift2401,liechiberry71048,False,"['Shiftry', 'Charizard', 'Gligar', 'Sandslash', 'Typhlosion', 'Lickilicky']","['Shiftry', 'Typhlosion', 'Haunter', 'Poliwrath', 'Regirock', 'Manectric']",20,7,9
gen4nu-841230119,[Gen 4] NU,2018-12-27 18:33:27,,psybeam14379,magnitude74179,psybeam14379,False,"['Onix', 'Weepinbell', 'Cherrim', 'Diglett', 'Tangela', 'Magmar']","['Kingler', 'Wailord', 'Shelgon', 'Raticate', 'Solrock', 'Yanma']",18,6,7
smogtours-gen4nu-845754,[Gen 4] NU,2025-05-25 16:46:46,,weepinbell75190,denpowerwater91914,weepinbell75190,True,"['Tauros', 'Medicham', 'Magneton', 'Nidoqueen', 'Slowking', 'Drifblim']","['Tauros', 'Hitmonchan', 'Cacturne', 'Regirock', 'Dusclops', 'Articuno']",29,10,16
gen4nu-986736050,[Gen 4] NU,2019-10-04 06:43:36,,poisongas33871,ingrain58383,poisongas33871,False,"['Medicham', 'Regirock', 'Skuntank', 'Manectric', 'Slowking']","['Charizard', 'Vileplume', 'Sandslash', 'Floatzel', 'Skuntank', 'Gardevoir']",21,7,10
smogtours-gen4nu-633490,[Gen 4] NU,2022-06-19 15:33:25,,tyranitar56327,denpowersteel79771,denpowersteel79771,False,"['Shiftry', 'Sandslash', 'Typhlosion', 'Regirock', 'Victreebel', 'Hypno']","['Charizard', 'Sandslash', 'Regirock', 'Cacturne', 'Dusclops', 'Slowking']",28,9,8
smogtours-gen4nu-763960,[Gen 4] NU,2024-04-27 19:07:02,,icywind98531,typechange30082,typechange30082,False,"['Sharpedo', 'Pinsir', 'Medicham', 'Haunter', 'Marowak', 'Manectric']","['Tauros', 'Magneton', 'Hitmonchan', 'Skuntank', 'Slowking']",23,7,6
smogtours-gen4nu-359384,[Gen 4] NU,2018-03-18 21:08:07,,tintedlens67414,shadowclaw51134,shadowclaw51134,False,"['Charizard', 'Tauros', 'Sandslash', 'Skuntank', 'Slowking', 'Cradily']","['Typhlosion', 'Nidoqueen', 'Poliwrath', 'Dodrio', 'Hitmonchan', 'Skuntank']",36,16,15
gen4nu-761574948,[Gen 4] NU,2018-06-12 21:32:16,,razzberry87679,swampert50714,swampert50714,False,"['Rapidash', 'Monferno', 'Bellossom', 'Mr. Mime', 'Purugly', 'Rhydon']","['Electabuzz', 'Pelipper', 'Victreebel', 'Metang', 'Rhydon']",15,9,5
gen4nu-2175027002,[Gen 4] NU,2024-08-07 02:04:53,,venomoth48167,ursaring64445,venomoth48167,True,"['Sharpedo', 'Regirock', 'Hitmonchan', 'Slowking', 'Drapion']","['Cloyster', 'Poliwrath', 'Steelix', 'Drapion', 'Drifblim']",18,6,6
gen4nu-843794654,[Gen 4] NU,2019-01-03 03:45:27,,gardevoir41806,colorchange51191,colorchange51191,False,"['Luxray', 'Monferno', 'Poliwrath', 'Sneasel', 'Mr. Mime', 'Misdreavus']","['Xatu', 'Poliwrath', 'Muk', 'Purugly', 'Rhydon', 'Lickilicky']",24,14,12
gen4nu-2175535206,[Gen 4] NU,2024-08-07 20:19:53,,speedboost35574,poisontail76206,speedboost35574,False,"['Sharpedo', 'Tauros', 'Entei', 'Golem', 'Drapion', 'Drifblim']","['Sharpedo', 'Exeggutor', 'Regirock', 'Hitmonchan', 'Slowking', 'Drapion']",20,6,9
gen4nu-2192675255,[Gen 4] NU,2024-09-02 01:01:21,1000,mew61166,zoomlens5648,zoomlens5648,True,"['Politoed', 'Charizard', 'Sandslash', 'Jumpluff', 'Bastiodon', 'Articuno']","['Magmortar', 'Meganium', 'Golem', 'Skuntank', 'Slowking']",30,12,13
gen4nu-454306864,[Gen 4] NU,2016-10-10 05:26:17,,lugia87081,chingling96554,lugia87081,False,"['Lapras', 'Vileplume', 'Charizard', 'Hitmonchan', 'Regirock', 'Sneasel']","['Tauros', 'Sandslash', 'Medicham', 'Haunter', 'Skuntank', 'Hypno']",44,14,9
gen4nu-2261311399,[Gen 4] NU,2024-12-11 23:43:34,,shinystone44310,ponyta82141,shinystone44310,False,"['Shiftry', 'Tauros', 'Regirock', 'Slowking', 'Ampharos']","['Tauros', 'Sandslash', 'Floatzel', 'Regirock', 'Skuntank', 'Gardevoir']",21,5,12
smogtours-gen4nu-500401,[Gen 4] NU,2020-05-10 21:11:01,,munchlax14135,tailwhip57752,tailwhip57752,False,"['Sandslash', 'Floatzel', 'Regirock', 'Cacturne', 'Drifblim']","['Floatzel', 'Nidoqueen', 'Regirock', 'Skuntank', 'Misdreavus']",22,8,6
gen4nu-975350607,[Gen 4] NU,2019-09-13 14:11:05,,tox71156,gengarmega66742,tox71156,False,"['Banette', 'Lapras', 'Raticate', 'Probopass', 'Tangela', 'Beedrill']","['Lunatone', 'Walrein', 'Sableye', 'Diglett', 'Magmar', 'Fearow']",26,14,12
gen4nu-2201581042,[Gen 4] NU,2024-09-14 17:19:26,1068,skarmory93245,exeggcute86397,exeggcute86397,True,"['Golduck', 'Machoke', 'Ninetales', 'Sandslash', 'Cradily', 'Drifblim']","['Gligar', 'Regirock', 'Dusclops', 'Quagsire', 'Linoone', 'Glalie']",35,12,6
smogtours-gen4nu-839336,[Gen 4] NU,2025-05-04 15:41:45,,koffing93492,mantine95605,mantine95605,False,"['Tauros', 'Floatzel', 'Regirock', 'Skuntank', 'Dusclops', 'Glalie']","['Regirock', 'Cacturne', 'Hitmonchan', 'Dusclops', 'Ampharos', 'Drifblim']",23,9,10
gen4nu-938491325,[Gen 4] NU,2019-07-02 15:26:31,,tox71156,whirlpool8324,tox71156,False,"['Kingler', 'Stunky', 'Pineco', 'Dusclops', 'Persian', 'Pupitar']","['Kingler', 'Stunky', 'Pineco', 'Dusclops', 'Persian', 'Pupitar']",104,20,12
smogtours-gen4nu-570871,[Gen 4] NU,2021-07-20 22:52:55,,grudge24177,futuresight13270,grudge24177,False,"['Magmortar', 'Tauros', 'Regirock', 'Hitmonchan', 'Manectric', 'Slowking']","['Rapidash', 'Sandslash', 'Nidoqueen', 'Poliwrath', 'Sneasel', 'Dusclops']",25,9,12
gen4nu-834052085,[Gen 4] NU,2018-11-11 20:56:35,,sandveil87527,magikarp87134,sandveil87527,False,"['Banette', 'Marowak', 'Solrock', 'Clamperl', 'Purugly', 'Chimecho']","['Banette', 'Cacturne', 'Metang', 'Purugly', 'Diglett', 'Golbat']",18,7,10
smogtours-gen4nu-349142,[Gen 4] NU,2018-02-10 19:56:56,,haunter12630,futuresight13270,futuresight13270,False,"['Magmortar', 'Shiftry', 'Electrode', 'Golem', 'Jynx', 'Slowking']","['Ninetales', 'Gligar', 'Haunter', 'Lickilicky', 'Drifblim']",13,7,6
smogtours-gen4nu-386702,[Gen 4] NU,2018-07-05 15:00:06,,tackle21104,starmie90508,tackle21104,True,"['Armaldo', 'Nidoqueen', 'Regirock', 'Poliwrath', 'Carnivine']","['Flareon', 'Gligar', 'Nidoqueen', 'Quagsire', 'Lickilicky', 'Cradily']",33,6,9
smogtours-gen4nu-696642,[Gen 4] NU,2023-06-11 16:03:41,,tailglow24487,denpowerwater91914,denpowerwater91914,False,"['Sharpedo', 'Charizard', 'Hitmonchan', 'Regirock', 'Cacturne', 'Drifblim']","['Sharpedo', 'Vileplume', 'Regirock', 'Lickilicky', 'Drifblim']",22,10,7
gen4nu-2199793761,[Gen 4] NU,2024-09-12 03:45:10,1139,arceuswater5043,chopleberry38027,chopleberry38027,False,"['Tauros', 'Hitmonchan', 'Regirock', 'Jynx', 'Manectric', 'Drifblim']","['Charizard', 'Regirock', 'Poliwrath', 'Hitmonchan', 'Skuntank', 'Manectric']",28,11,9
gen4nu-2198263196,[Gen 4] NU,2024-09-10 01:59:46,1107,zoomlens5648,foresight22909,foresight22909,False,"['Politoed', 'Charizard', 'Sandslash', 'Haunter', 'Skuntank', 'Glalie']","['Charizard', 'Regice', 'Tauros', 'Nidoqueen', 'Whiscash', 'Articuno']",23,8,7
gen4nu-1090360756,[Gen 4] NU,2020-04-03 16:59:00,,quickpowder71749,wailmer17491,quickpowder71749,False,"['Golduck', 'Sharpedo', 'Camerupt', 'Vileplume', 'Regirock', 'Slowking']","['Charizard', 'Vileplume', 'Sandslash', 'Floatzel', 'Skuntank', 'Gardevoir']",20,7,7
smogtours-gen4nu-447948,[Gen 4] NU,2019-06-16 23:10:57,,futuresight13270,fireblast30665,fireblast30665,False,"['Kingler', 'Regirock', 'Jumpluff', 'Muk', 'Rhydon', 'Glalie']","['Typhlosion', 'Regirock', 'Haunter', 'Hitmonchan', 'Hypno']",19,8,6
smogtours-gen4nu-698055,[Gen 4] NU,2023-06-18 18:41:34,,koffing93492,pickup28423,koffing93492,False,"['Politoed', 'Vileplume', 'Sandslash', 'Regirock', 'Sableye', 'Lickilicky']","['Meganium', 'Tauros', 'Magneton', 'Floatzel', 'Regirock', 'Slowking']",64,21,19
gen4nu-960901281,[Gen 4] NU,2019-08-15 21:44:51,,heatwave99438,lucario46553,lucario46553,False,"['Camerupt', 'Porygon2', 'Marowak', 'Solrock', 'Slowking', 'Gardevoir']","['Lapras', 'Vileplume', 'Regirock', 'Hitmonchan', 'Sneasel']",25,9,6
gen4nu-2193979952,[Gen 4] NU,2024-09-03 22:01:38,,megakick86996,shiftry37306,shiftry37306,False,"['Charizard', 'Armaldo', 'Cacturne', 'Carnivine', 'Furret', 'Ampharos']","['Charizard', 'Medicham', 'Nidoqueen', 'Regirock', 'Dusclops', 'Slowking']",43,14,13
gen4nu-987754481,[Gen 4] NU,2019-10-06 03:13:43,,mudkip8641,weedle33343,weedle33343,False,"['Camerupt', 'Machoke', 'Kadabra', 'Victreebel', 'Whiscash', 'Electabuzz']","['Golduck', 'Pinsir', 'Metang', 'Bellossom', 'Electabuzz', 'Rhydon']",16,7,7
smogtours-gen4nu-783784,[Gen 4] NU,2024-08-03 09:49:22,,arceusice45612,rawstberry17405,rawstberry17405,False,"['Cloyster', 'Shiftry', 'Medicham', 'Electrode', 'Regirock', 'Drifblim']","['Claydol', 'Tauros', 'Hitmonchan', 'Skuntank', 'Slowking']",19,7,5
gen4nu-2190453712,[Gen 4] NU,2024-08-29 17:57:53,,stoneplate55960,ursaring64445,ursaring64445,False,"['Cloyster', 'Shiftry', 'Medicham', 'Electrode', 'Regirock', 'Drifblim']","['Sharpedo', 'Slowbro', 'Entei', 'Hitmonchan', 'Steelix', 'Drapion']",23,10,11
gen4nu-831490746,[Gen 4] NU,2018-12-06 03:13:28,,liechiberry37967,raikou73006,liechiberry37967,False,"['Lapras', 'Monferno', 'Probopass', 'Raichu', 'Tangela']","['Kingler', 'Rampardos', 'Dusclops', 'Solrock', 'Persian', 'Glaceon']",24,9,6
smogtours-gen4nu-364253,[Gen 4] NU,2018-04-03 19:26:26,,naturalgift2401,marowak90319,naturalgift2401,False,"['Slowking', 'Medicham', 'Nidoqueen', 'Haunter']","['Charizard', 'Gligar', 'Poliwrath', 'Hitmonchan', 'Gardevoir', 'Cradily']",28,6,12
smogtours-gen4nu-658883,[Gen 4] NU,2022-11-02 18:48:23,,haunter12630,iceshard30836,haunter12630,False,"['Medicham', 'Regirock', 'Haunter', 'Skuntank', 'Jumpluff', 'Ampharos']","['Sharpedo', 'Vileplume', 'Tauros', 'Hitmonchan', 'Skuntank', 'Rhydon']",31,13,16
gen4nu-2192592849,[Gen 4] NU,2024-09-01 22:16:13,1000,delibird7163,bellydrum51300,delibird7163,False,"['Banette', 'Dunsparce', 'Tauros', 'Hitmonchan', 'Drifblim']","['Kingler', 'Charizard', 'Pikachu', 'Gastrodon', 'Cradily', 'Drifblim']",29,8,8
smogtours-gen4nu-783146,[Gen 4] NU,2024-07-28 20:07:48,,pickup28423,torterra15123,torterra15123,True,"['Altaria', 'Slowbro', 'Hitmonchan', 'Dusclops', 'Skuntank']","['Tauros', 'Steelix', 'Cacturne', 'Lanturn', 'Drifblim']",20,9,6
gen4nu-956329519,[Gen 4] NU,2019-08-06 17:36:49,,donphan58946,gengarmega66742,gengarmega66742,False,"['Banette', 'Shelgon', 'Lairon', 'Quagsire', 'Tangela', 'Gastly']","['Combusken', 'Pupitar', 'Tangela', 'Luxray']",24,17,7
smogtours-gen4nu-774802,[Gen 4] NU,2024-06-16 00:10:52,,rotom15770,golduck61301,golduck61301,False,"['Charizard', 'Tauros', 'Hitmonchan', 'Golem', 'Skuntank', 'Slowking']","['Nidoqueen', 'Hitmonchan', 'Dusclops', 'Lickilicky', 'Glalie', 'Articuno']",38,12,13
gen4nu-1016242885,[Gen 4] NU,2019-11-25 00:27:19,,fighting88830,trace64701,fighting88830,False,"['Kadabra', 'Monferno', 'Probopass', 'Gastrodon', 'Misdreavus']","['Mantine', 'Victreebel', 'Metang', 'Purugly', 'Glalie', 'Misdreavus']",23,8,10
gen4nu-951932727,[Gen 4] NU,2019-07-28 17:51:51,,covet64378,blastoise29791,blastoise29791,True,"['Raticate', 'Wartortle', 'Persian', 'Girafarig', 'Diglett', 'Tangela']","['Raticate', 'Chimecho', 'Lapras', 'Solrock']",31,13,9
gen4nu-1159401767,[Gen 4] NU,2020-07-28 22:51:30,,psyduck38308,heatproof85505,psyduck38308,False,"['Raticate', 'Lairon', 'Quagsire', 'Tangela', 'Gastly']","['Kingler', 'Stunky', 'Pineco', 'Persian', 'Pupitar', 'Tangela']",27,7,14
smogtours-gen4nu-637429,[Gen 4] NU,2022-07-12 21:44:30,,chartiberry95074,tyranitar56327,tyranitar56327,False,"['Gligar', 'Magneton', 'Floatzel', 'Hitmonchan', 'Slowking', 'Cradily']","['Tauros', 'Floatzel', 'Regirock', 'Hitmonchan', 'Dusclops', 'Ampharos']",28,11,8
smogtours-gen4nu-658415,[Gen 4] NU,2022-10-30 21:12:17,,mawile36886,electabuzz51633,mawile36886,False,"['Tauros', 'Magneton', 'Hitmonchan', 'Skuntank', 'Slowking', 'Cradily']","['Charizard', 'Vileplume', 'Sandslash', 'Medicham', 'Skuntank', 'Slowking']",44,9,13
gen4nu-2206661078,[Gen 4] NU,2024-09-21 17:53:15,1100,fissure19918,zoomlens5648,fissure19918,False,"['Charizard', 'Tauros', 'Nidoqueen', 'Cacturne', 'Skuntank']","['Politoed', 'Charizard', 'Sandslash', 'Haunter', 'Skuntank', 'Glalie']",17,5,6
smogtours-gen4nu-635675,[Gen 4] NU,2022-07-02 12:25:34,,bide85657,koffing93492,koffing93492,True,"['Slowking', 'Kecleon', 'Nidoqueen', 'Gligar']","['Skuntank', 'Slowking', 'Floatzel', 'Regirock']",17,6,3
gen4nu-829035413,[Gen 4] NU,2018-11-01 20:08:06,,waveincense51112,razorclaw45399,razorclaw45399,True,"['Skuntank', 'Kadabra']","['Jumpluff', 'Typhlosion', 'Regirock']",11,1,3
gen4nu-931863746,[Gen 4] NU,2019-06-20 18:50:39,,fly68637,batonpass8026,batonpass8026,True,"['Huntail', 'Raticate', 'Lairon', 'Swalot', 'Tangela', 'Gastly']","['Flareon', 'Quagsire', 'Dusclops', 'Wartortle', 'Lairon', 'Tangela']",77,37,39
smogtours-gen4nu-491944,[Gen 4] NU,2020-04-17 18:58:25,,sportball27112,haunter12630,sportball27112,False,"['Haunter', 'Regirock', 'Linoone', 'Gastrodon', 'Glalie', 'Drifblim']","['Camerupt', 'Shiftry', 'Magneton', 'Hitmonchan', 'Dodrio', 'Slowking']",18,5,9
smogtours-gen4nu-625755,[Gen 4] NU,2022-05-13 19:08:29,,koffing93492,mawile36886,mawile36886,True,"['Vileplume', 'Charizard', 'Hitmonchan', 'Walrein', 'Regirock', 'Skuntank']","['Gligar', 'Magneton', 'Floatzel', 'Slowking', 'Cradily']",37,15,10
gen4nu-822811010,[Gen 4] NU,2018-10-19 23:23:38,,spheal7278,hydration62804,spheal7278,False,"['Poliwrath', 'Cacturne', 'Sneasel', 'Electabuzz', 'Rhydon', 'Golbat']","['Gastrodon-East', 'Poliwrath', 'Sneasel', 'Metang', 'Misdreavus', 'Golbat']",39,15,16
gen4nu-961002290,[Gen 4] NU,2019-08-16 02:05:45,,luxuryball92459,earthquake137,earthquake137,True,"['Charizard', 'Floatzel', 'Poliwrath', 'Dewgong', 'Manectric', 'Rhydon']","['Charizard', 'Armaldo', 'Cacturne', 'Arbok', 'Slowking']",22,7,6
gen4nu-838881913,[Gen 4] NU,2018-12-21 22:36:04,,swampert50714,gardevoir41806,gardevoir41806,False,"['Poliwrath', 'Sneasel', 'Victreebel', 'Electabuzz', 'Rhydon', 'Misdreavus']","['Golduck', 'Gabite', 'Rampardos', 'Kadabra', 'Sneasel', 'Golbat']",23,10,11
gen4nu-1151753441,[Gen 4] NU,2020-07-15 18:56:43,,rindoberry93484,watergun59811,watergun59811,False,"['Shelgon', 'Persian', 'Quagsire', 'Lairon', 'Tangela', 'Gastly']","['Tauros', 'Regirock', 'Jynx', 'Gardevoir', 'Drifblim']",25,11,10
gen4nu-963400666,[Gen 4] NU,2019-08-20 21:40:27,,charmeleon68884,choicespecs43511,choicespecs43511,True,"['Stunky', 'Wartortle', 'Solrock', 'Tangela', 'Magmar', 'Gastly']","['Kingler', 'Banette', 'Clefairy', 'Persian', 'Glaceon']",29,13,7
smogtours-gen4nu-518597,[Gen 4] NU,2020-09-25 22:02:37,,haunter12630,dragonrush29554,dragonrush29554,False,"['Typhlosion', 'Regirock', 'Hitmonchan', 'Skuntank', 'Jumpluff', 'Gardevoir']","['Medicham', 'Kadabra', 'Skuntank', 'Jumpluff', 'Solrock']",20,11,5
gen4nu-2197454262,[Gen 4] NU,2024-09-08 23:32:15,1050,megakick62601,hypno90649,megakick62601,True,"['Charizard', 'Tauros', 'Sandslash', 'Nidoqueen', 'Dusclops', 'Slowking']","['Dunsparce', 'Electrode', 'Regirock', 'Slowking', 'Roselia', 'Drifblim']",72,16,13
gen4nu-453561881,[Gen 4] NU,2016-10-09 00:44:59,,dragonrage3921,exploud60981,exploud60981,False,"['Regirock', 'Hitmonchan', 'Haunter', 'Jynx', 'Skuntank', 'Manectric']","['Charizard', 'Magneton', 'Sandslash', 'Haunter', 'Cacturne', 'Walrein']",17,7,5
gen4nu-2211433659,[Gen 4] NU,2024-09-28 09:47:37,,pinmissile707,cherishball23837,pinmissile707,False,"['Politoed', 'Tauros', 'Regirock', 'Skuntank', 'Marowak', 'Drifblim']","['Politoed', 'Tauros', 'Regirock', 'Skuntank', 'Marowak', 'Drifblim']",24,7,7
gen4nu-2205499587,[Gen 4] NU,2024-09-20 00:54:31,1091,chopleberry38027,furyattack70154,furyattack70154,False,"['Sharpedo', 'Tauros', 'Regirock', 'Skuntank', 'Gardevoir', 'Ampharos']","['Tauros', 'Floatzel', 'Nidoqueen', 'Dusclops', 'Relicanth', 'Glalie']",28,9,12
smogtours-gen4nu-782725,[Gen 4] NU,2024-07-27 19:48:33,,rawstberry17405,embargo20263,rawstberry17405,False,"['Sharpedo', 'Ludicolo', 'Regirock', 'Haunter', 'Hitmonchan']","['Gastrodon-East', 'Skuntank', 'Linoone', 'Rhydon', 'Glalie', 'Drifblim']",14,5,8
gen4nu-856280429,[Gen 4] NU,2019-01-31 10:51:27,,truant84021,wormadamtrash69272,wormadamtrash69272,False,"['Machoke', 'Charizard', 'Sandslash', 'Jumpluff', 'Whiscash', 'Manectric']","['Gardevoir', 'Typhlosion', 'Regice', 'Gligar']",18,6,5
smogtours-gen4nu-649821,[Gen 4] NU,2022-09-21 23:39:34,,slowking28210,dragonfang79331,dragonfang79331,False,"['Shiftry', 'Medicham', 'Electrode', 'Regirock', 'Glalie', 'Drifblim']","['Tauros', 'Regirock', 'Haunter', 'Hitmonchan', 'Jynx', 'Skuntank']",25,9,10
gen4nu-2212107610,[Gen 4] NU,2024-09-29 12:19:08,1000,voltorb27888,latios56722,voltorb27888,False,"['Magmortar', 'Lapras', 'Charizard', 'Armaldo', 'Regirock', 'Diglett']","['Meganium', 'Magneton', 'Floatzel', 'Regirock', 'Hitmonchan', 'Drifblim']",23,6,7
gen4nu-2205516344,[Gen 4] NU,2024-09-20 01:24:11,1000,sunflora20877,vibrava23720,sunflora20877,False,"['Sharpedo', 'Charizard', 'Tauros', 'Armaldo', 'Hitmonchan', 'Persian']","['Camerupt', 'Machoke', 'Tropius', 'Exploud', 'Dewgong', 'Illumise']",19,7,7
gen4nu-2194406452,[Gen 4] NU,2024-09-04 14:32:45,1054,metalburst91997,kangaskhan44566,kangaskhan44566,False,"['Medicham', 'Sandslash', 'Typhlosion', 'Haunter', 'Quagsire', 'Ampharos']","['Manectric', 'Diglett', 'Regigigas', 'Kingler']",19,10,9
smogtours-gen4nu-653316,[Gen 4] NU,2022-10-08 14:19:09,,dragonfang79331,mawile36886,mawile36886,False,"['Vileplume', 'Gligar', 'Tauros', 'Poliwrath', 'Skuntank', 'Rhydon']","['Sharpedo', 'Vileplume', 'Tauros', 'Hitmonchan', 'Skuntank', 'Rhydon']",30,17,12
gen4nu-975349920,[Gen 4] NU,2019-09-13 14:05:43,,ninetales23624,haunter12630,haunter12630,False,"['Lapras', 'Butterfree', 'Shelgon', 'Solrock', 'Probopass', 'Gastly']","['Wailord', 'Lapras', 'Grotle', 'Mawile', 'Swalot']",24,10,8
smogtours-gen4nu-569316,[Gen 4] NU,2021-07-04 19:09:57,,copycat21205,cobaberry41000,cobaberry41000,True,"['Typhlosion', 'Haunter', 'Hitmonchan', 'Jynx', 'Manectric', 'Cradily']","['Politoed', 'Meganium', 'Regirock', 'Hitmonchan', 'Sableye', 'Lickilicky']",43,16,12
smogtours-gen4nu-813542,[Gen 4] NU,2025-01-10 02:49:50,,suicune87392,shinystone44310,suicune87392,False,"['Politoed', 'Sandslash', 'Dusclops', 'Skuntank', 'Hypno', 'Articuno']","['Tauros', 'Medicham', 'Floatzel', 'Haunter', 'Cacturne', 'Regirock']",48,13,14
gen4nu-864035949,[Gen 4] NU,2019-02-17 22:29:38,,lightscreen47279,fireblast30665,fireblast30665,False,"['Onix', 'Weepinbell', 'Persian', 'Tangela', 'Magmar', 'Abra']","['Bibarel', 'Pidgeot', 'Fearow', 'Girafarig']",11,5,4
gen4nu-988158039,[Gen 4] NU,2019-10-06 21:58:12,,munchlax14135,goldeen76511,goldeen76511,True,"['Electabuzz', 'Poliwrath', 'Sneasel', 'Victreebel', 'Metang', 'Golbat']","['Tauros', 'Haunter', 'Jynx', 'Manectric', 'Slowking']",18,6,5
smogtours-gen4nu-688637,[Gen 4] NU,2023-04-21 23:49:28,,machoke72513,shelgon65699,shelgon65699,True,"['Shiftry', 'Typhlosion', 'Regirock', 'Victreebel', 'Persian', 'Hypno']","['Shiftry', 'Charizard', 'Regirock', 'Hitmonchan', 'Purugly']",20,8,10
gen4nu-2192614071,[Gen 4] NU,2024-09-01 22:58:01,,arceusdark83109,lunardance8976,arceusdark83109,False,"['Tauros', 'Regirock', 'Marowak', 'Skuntank', 'Drifblim']","['Politoed', 'Tauros', 'Regirock', 'Skuntank', 'Marowak', 'Drifblim']",19,7,7
gen4nu-965906747,[Gen 4] NU,2019-08-25 19:30:29,,shadowclaw51134,poisonsting84915,shadowclaw51134,False,"['Typhlosion', 'Nidoqueen', 'Hitmonchan', 'Skuntank', 'Slowking', 'Gardevoir']","['Nidoqueen', 'Regirock', 'Skuntank', 'Jumpluff', 'Slowking', 'Lickilicky']",30,10,11
gen4nu-834034532,[Gen 4] NU,2018-12-26 19:26:14,,aquajet37110,pidgeot31794,pidgeot31794,False,"['Bibarel', 'Mightyena', 'Persian', 'Diglett', 'Fearow', 'Gastly']","['Kecleon', 'Cranidos', 'Dusclops', 'Solrock', 'Clamperl', 'Tangela']",34,12,12
gen4nu-1060069538,[Gen 4] NU,2020-02-08 20:39:21,,gengarmega66742,sandstorm87119,gengarmega66742,False,"['Lunatone', 'Sableye', 'Diglett', 'Magmar', 'Fearow']","['Bayleef', 'Graveler', 'Meditite', 'Croconaw', 'Staravia', 'Magmar']",17,5,6
gen4nu-2206702020,[Gen 4] NU,2024-09-21 19:05:01,,zoomlens5648,staryu66980,staryu66980,False,"['Magmortar', 'Tauros', 'Sandslash', 'Skuntank', 'Slowking', 'Cradily']","['Vileplume', 'Poliwrath', 'Regirock', 'Skuntank', 'Manectric', 'Grumpig']",27,11,11
smogtours-gen4nu-829418,[Gen 4] NU,2025-04-02 02:30:36,,phione89690,denpowerwater91914,denpowerwater91914,False,"['Vileplume', 'Tauros', 'Magneton', 'Regirock', 'Slowking', 'Drifblim']","['Meganium', 'Tauros', 'Regirock', 'Poliwrath', 'Dusclops', 'Skuntank']",38,12,15
smogtours-gen4nu-840387,[Gen 4] NU,2025-05-08 21:08:54,,rotom15770,koffing93492,koffing93492,False,"['Sharpedo', 'Meganium', 'Tauros', 'Magneton', 'Regirock', 'Dusclops']","['Vileplume', 'Charizard', 'Regirock', 'Hitmonchan', 'Skuntank']",23,9,6
gen4nu-933730891,[Gen 4] NU,2019-06-23 22:34:45,,sandveil87527,choicespecs43511,sandveil87527,False,"['Granbull', 'Houndour', 'Solrock', 'Quagsire', 'Diglett', 'Beedrill']","['Kingler', 'Banette', 'Clefairy', 'Persian', 'Lairon', 'Glaceon']",29,13,16
smogtours-gen4nu-696169,[Gen 4] NU,2023-06-08 22:00:45,,koffing93492,wooper24132,wooper24132,False,"['Sharpedo', 'Charizard', 'Vileplume', 'Hitmonchan', 'Regirock', 'Skuntank']","['Regirock', 'Hitmonchan', 'Cacturne', 'Dusclops', 'Slowking', 'Articuno']",39,18,16
smogtours-gen4nu-596735,[Gen 4] NU,2021-12-10 19:42:56,,haunter12630,mantine95605,haunter12630,False,"['Magmortar', 'Shiftry', 'Golem', 'Jynx', 'Skuntank', 'Slowking']","['Magmortar', 'Vileplume', 'Sandslash', 'Poliwrath', 'Skuntank', 'Jynx']",33,14,12
smogtours-gen4nu-478027,[Gen 4] NU,2020-02-29 21:34:10,,heatrock37333,stickybarb45781,heatrock37333,False,"['Charizard', 'Tauros', 'Regirock', 'Cacturne', 'Dusclops', 'Gardevoir']","['Tauros', 'Medicham', 'Magneton', 'Regirock', 'Manectric', 'Slowking']",30,14,14
gen4nu-1066569491,[Gen 4] NU,2020-02-20 21:09:58,,lotad11313,loveball41396,lotad11313,False,"['Tauros', 'Haunter', 'Regirock', 'Jynx', 'Manectric', 'Slowking']","['Tauros', 'Regirock', 'Haunter', 'Jynx', 'Manectric', 'Slowking']",37,16,17
smogtours-gen4nu-699576,[Gen 4] NU,2023-06-26 20:03:27,,stench25210,haunter12630,haunter12630,True,"['Shiftry', 'Gligar', 'Pinsir', 'Muk', 'Slowking']","['Shiftry', 'Regirock', 'Dodrio']",11,4,2
smogtours-gen4nu-447949,[Gen 4] NU,2019-06-16 23:24:24,,futuresight13270,fireblast30665,fireblast30665,False,"['Politoed', 'Tauros', 'Regirock', 'Marowak', 'Skuntank', 'Drifblim']","['Tauros', 'Regirock', 'Skuntank', 'Whiscash', 'Lickilicky', 'Gardevoir']",21,9,8
gen4nu-941241546,[Gen 4] NU,2019-07-07 22:11:19,,simple33528,illuminate37247,illuminate37247,False,"['Zangoose', 'Victreebel', 'Electabuzz', 'Rhydon', 'Glalie', 'Golbat']","['Rapidash', 'Marowak', 'Muk', 'Pelipper', 'Metang', 'Misdreavus']",19,7,8
gen4nu-827176176,[Gen 4] NU,2018-11-27 20:30:32,,purugly53142,levitate78175,levitate78175,False,"['Magmortar', 'Lapras', 'Tauros', 'Nidoqueen', 'Hitmonchan', 'Dusclops']","['Dusclops', 'Slowking', 'Nidoqueen', 'Cacturne']",26,12,5
gen4nu-2212374903,[Gen 4] NU,2024-09-29 20:56:53,1033,growl5652,hydration10695,growl5652,False,"['Charizard', 'Hitmonchan', 'Mawile', 'Skuntank', 'Pikachu', 'Cradily']","['Venomoth', 'Typhlosion', 'Regirock', 'Jynx', 'Electabuzz', 'Gastrodon']",19,9,8
gen4nu-2317608450,[Gen 4] NU,2025-03-12 02:27:27,,grasswhistle96525,electirizer46733,grasswhistle96525,True,"['Politoed', 'Nidoqueen', 'Hitmonchan', 'Sableye', 'Lickilicky', 'Articuno']","['Charizard', 'Vileplume', 'Floatzel', 'Skuntank', 'Gardevoir']",22,8,11
gen4nu-961881141,[Gen 4] NU,2019-08-17 22:03:25,,truant84021,furret8773,furret8773,False,"['Politoed', 'Magmortar', 'Magneton', 'Haunter', 'Jynx', 'Piloswine']","['Camerupt', 'Tauros', 'Medicham', 'Marowak', 'Solrock', 'Gardevoir']",22,11,9
gen4nu-932072415,[Gen 4] NU,2019-06-21 01:10:41,,bubblebeam47729,chartiberry95074,chartiberry95074,False,"['Growlithe', 'Beautifly', 'Nuzleaf', 'Gloom', 'Illumise', 'Magnemite']","['Politoed', 'Raticate', 'Diglett', 'Fearow', 'Yanma']",15,5,5
gen4nu-948557731,[Gen 4] NU,2019-07-22 02:10:51,,ninetales23624,smoothrock25184,smoothrock25184,True,"['Kecleon', 'Huntail', 'Persian', 'Pupitar', 'Tangela', 'Gastly']","['Raticate', 'Exploud', 'Dusclops', 'Solrock', 'Persian', 'Tangela']",38,14,7
smogtours-gen4nu-500416,[Gen 4] NU,2020-05-10 21:17:05,,psychup14796,haunter12630,psychup14796,False,"['Shiftry', 'Typhlosion', 'Regirock', 'Victreebel', 'Persian', 'Hypno']","['Vileplume', 'Typhlosion', 'Hitmonchan', 'Regirock', 'Haunter', 'Gardevoir']",28,8,12
gen4nu-1157655190,[Gen 4] NU,2020-07-25 21:27:18,,mothim84397,caterpie60450,mothim84397,False,"['Vileplume', 'Charizard', 'Sandslash', 'Floatzel', 'Skuntank', 'Gardevoir']","['Gabite', 'Charizard', 'Haunter', 'Regirock', 'Linoone', 'Slowking']",19,7,8
gen4nu-874307790,[Gen 4] NU,2019-03-10 23:09:22,,hitmonchan93143,explosion94540,hitmonchan93143,False,"['Tauros', 'Medicham', 'Marowak', 'Solrock', 'Gardevoir']","['Charizard', 'Nidoqueen', 'Hitmonchan', 'Cacturne', 'Slowking', 'Lickilicky']",19,5,8
smogtours-gen4nu-827121,[Gen 4] NU,2025-03-24 03:24:36,,volttackle6680,figyberry60744,figyberry60744,False,"['Regirock', 'Cacturne', 'Hitmonchan', 'Dusclops', 'Ampharos', 'Drifblim']","['Golduck', 'Nidoqueen', 'Hitmonchan', 'Hypno', 'Cradily']",25,10,6
smogtours-gen4nu-449234,[Gen 4] NU,2019-06-23 21:28:21,,trace64701,absorb34684,absorb34684,False,"['Rapidash', 'Xatu', 'Bellossom', 'Pelipper', 'Metang', 'Swalot']","['Xatu', 'Octillery', 'Regigigas', 'Marowak', 'Probopass', 'Ampharos']",37,12,13
gen4nu-2288945801,[Gen 4] NU,2025-01-27 04:31:38,,abomasnow30183,powerherb71726,powerherb71726,True,"['Magmortar', 'Charizard', 'Regirock', 'Hitmonchan', 'Skuntank', 'Whiscash']","['Lapras', 'Charizard', 'Vileplume', 'Regirock', 'Sneasel', 'Hitmonchan']",22,8,10
smogtours-gen4nu-819143,[Gen 4] NU,2025-02-09 19:59:59,,icywind98531,sniper70774,sniper70774,False,"['Medicham', 'Floatzel', 'Nidoqueen', 'Regirock', 'Ampharos', 'Articuno']","['Tauros', 'Magneton', 'Hitmonchan', 'Skuntank', 'Dusclops', 'Cradily']",36,11,14
gen4nu-2204406868,[Gen 4] NU,2024-09-18 15:59:15,1000,growl5652,kingsrock16359,growl5652,False,"['Charizard', 'Hitmonchan', 'Mawile', 'Skuntank', 'Pikachu', 'Cradily']","['Rampardos', 'Tauros', 'Gardevoir', 'Floatzel', 'Rhydon', 'Glaceon']",23,14,7
smogtours-gen4nu-696512,[Gen 4] NU,2023-06-10 20:44:06,,rotomfan35023,stench25210,rotomfan35023,True,"['Vileplume', 'Gligar', 'Hitmonchan', 'Skuntank', 'Lickilicky']","['Regice', 'Floatzel', 'Skuntank', 'Dusclops', 'Cradily']",13,8,9
smogtours-gen4nu-810110,[Gen 4] NU,2024-12-14 07:31:29,,fissure35074,suicune87392,fissure35074,False,"['Meganium', 'Magneton', 'Regirock', 'Poliwrath', 'Dusclops', 'Skuntank']","['Tauros', 'Medicham', 'Nidoqueen', 'Cacturne', 'Dusclops', 'Slowking']",29,8,8
gen4nu-725710946,[Gen 4] NU,2018-03-30 19:00:18,,swampert50714,spheal7278,spheal7278,False,"['Poliwrath', 'Pelipper', 'Electabuzz', 'Rhydon', 'Glalie', 'Misdreavus']","['Rapidash', 'Poliwrath', 'Sneasel', 'Muk', 'Metang', 'Misdreavus']",18,7,8
smogtours-gen4nu-605572,[Gen 4] NU,2022-01-29 22:31:06,,futuresight13270,mawile36886,futuresight13270,True,"['Floatzel', 'Hitmonchan', 'Skuntank', 'Solrock', 'Lickilicky']","['Tauros', 'Hitmonchan', 'Cacturne', 'Regirock', 'Marowak', 'Slowking']",31,6,11
smogtours-gen4nu-588284,[Gen 4] NU,2021-10-23 17:45:46,,whirlpool40763,probopass23094,probopass23094,False,"['Sharpedo', 'Shiftry', 'Tauros', 'Regirock', 'Gardevoir', 'Drifblim']","['Gligar', 'Tauros', 'Hitmonchan', 'Skuntank', 'Manectric', 'Slowking']",24,9,12
gen4nu-2172270245,[Gen 4] NU,2024-08-02 21:46:23,,safeguard55452,limber11712,safeguard55452,False,"['Gligar', 'Haunter', 'Cacturne', 'Linoone', 'Gastrodon']","['Tangrowth', 'Absol', 'Slowbro', 'Entei', 'Steelix', 'Dusclops']",24,5,10
smogtours-gen4nu-645846,[Gen 4] NU,2022-08-31 12:13:22,,golduck35019,compoundeyes14899,golduck35019,False,"['Tauros', 'Haunter', 'Jynx', 'Manectric', 'Slowking']","['Shiftry', 'Charizard', 'Poliwrath', 'Skuntank', 'Jynx', 'Solrock']",22,8,8
smogtours-gen4nu-375307,[Gen 4] NU,2018-05-10 19:23:55,,custapberry71278,mail80062,custapberry71278,False,"['Charizard', 'Tauros', 'Sandslash', 'Skuntank', 'Slowking', 'Cradily']","['Venomoth', 'Xatu', 'Floatzel', 'Regirock', 'Hitmonchan', 'Skuntank']",53,17,16
smogtours-gen4nu-665485,[Gen 4] NU,2022-12-19 01:22:51,,spikecannon97564,tyranitar56327,spikecannon97564,False,"['Venomoth', 'Meganium', 'Lapras', 'Sandslash', 'Medicham', 'Regirock']","['Tauros', 'Regirock', 'Cacturne', 'Slowking', 'Ampharos', 'Drifblim']",33,13,5
smogtours-gen4nu-787095,[Gen 4] NU,2024-08-24 18:58:29,,speedboost35574,acupressure38299,acupressure38299,False,"['Sharpedo', 'Entei', 'Golem', 'Espeon', 'Drapion', 'Drifblim']","['Tangrowth', 'Medicham', 'Nidoking', 'Hitmonchan', 'Skuntank', 'Slowking']",20,7,6
gen4nu-910869862,[Gen 4] NU,2019-05-16 19:41:18,,raikou10663,weedle33343,weedle33343,False,"['Persian', 'Electabuzz', 'Rhydon', 'Gastrodon', 'Glalie', 'Golbat']","['Electabuzz', 'Xatu', 'Victreebel', 'Metang', 'Gastrodon']",17,8,8
gen4nu-2193338445,[Gen 4] NU,2024-09-03 00:14:55,1000,healingwish90562,stunspore2092,stunspore2092,False,"['Lapras', 'Vileplume', 'Charizard', 'Regirock', 'Sneasel', 'Hitmonchan']","['Flareon', 'Gardevoir', 'Haunter', 'Golem', 'Gastrodon']",20,9,7
gen4nu-1164201790,[Gen 4] NU,2020-08-06 11:44:08,,quickfeet30440,swift79929,swift79929,True,"['Manectric', 'Jynx', 'Regirock']","['Manectric', 'Sharpedo', 'Cradily']",7,2,2
smogtours-gen4nu-349131,[Gen 4] NU,2018-02-10 19:49:33,,haunter12630,sharpedo96453,haunter12630,False,"['Sandslash', 'Typhlosion', 'Regirock', 'Skuntank', 'Jumpluff', 'Gardevoir']","['Magmortar', 'Vileplume', 'Sandslash', 'Poliwrath', 'Jynx', 'Skuntank']",38,16,16
gen4nu-840571903,[Gen 4] NU,2018-12-26 02:40:16,,rindoberry379,liechiberry37967,liechiberry37967,False,"['Kingler', 'Plusle', 'Volbeat', 'Raticate', 'Solrock', 'Glaceon']","['Kingler', 'Raticate', 'Arbok', 'Solrock', 'Tangela']",20,9,4
gen4nu-783172469,[Gen 4] NU,2018-07-29 23:45:08,,wikiberry84439,waveincense51112,wikiberry84439,False,"['Magmortar', 'Regirock', 'Hitmonchan', 'Skuntank', 'Whiscash']","['Charizard', 'Medicham', 'Kadabra', 'Skuntank', 'Jumpluff', 'Solrock']",17,8,8
smogtours-gen4nu-381496,[Gen 4] NU,2018-06-08 20:54:34,,bugbuzz41716,arenatrap65458,arenatrap65458,True,"['Vileplume', 'Sandslash', 'Regirock', 'Lickilicky', 'Articuno']","['Venomoth', 'Sandslash', 'Regirock', 'Cacturne', 'Dusclops', 'Lickilicky']",110,35,36
gen4nu-2283831353,[Gen 4] NU,2025-01-19 04:07:48,,needlearm59980,gastly57717,needlearm59980,False,"['Magmortar', 'Shiftry', 'Vileplume', 'Regirock', 'Hitmonchan', 'Skuntank']","['Vileplume', 'Gligar', 'Regirock', 'Skuntank', 'Slowking', 'Ampharos']",30,10,12
gen4nu-2192784789,[Gen 4] NU,2024-09-02 05:08:02,1042,medicham16219,quickfeet95939,quickfeet95939,True,"['Slaking', 'Sandslash', 'Kadabra', 'Regirock', 'Hitmonchan', 'Articuno']","['Charizard', 'Sandslash', 'Nidoqueen', 'Hitmonchan', 'Skuntank', 'Slowking']",39,14,13
gen4nu-2364732868,[Gen 4] NU,2025-05-15 18:08:28,,electabuzz37326,megakick62601,megakick62601,False,"['Magneton', 'Nidoqueen', 'Hitmonchan', 'Skuntank', 'Manectric', 'Drifblim']","['Machoke', 'Medicham', 'Regirock', 'Skuntank', 'Slowking']",17,8,5
smogtours-gen4nu-702322,[Gen 4] NU,2023-07-09 20:41:00,,koffing93492,stench25210,koffing93492,False,"['Ampharos', 'Rampardos', 'Skuntank', 'Slowking', 'Gardevoir', 'Cradily']","['Meganium', 'Magneton', 'Regirock', 'Poliwrath', 'Skuntank', 'Dusclops']",37,13,15
smogtours-gen4nu-787784,[Gen 4] NU,2024-08-28 03:52:36,,bodyslam74090,exploud62674,exploud62674,False,"['Exeggutor', 'Entei', 'Poliwrath', 'Hitmonchan', 'Steelix', 'Drapion']","['Tangrowth', 'Absol', 'Nidoqueen', 'Hitmonchan', 'Slowking', 'Drapion']",46,10,10
gen4nu-991576427,[Gen 4] NU,2019-10-13 01:56:43,,weedle33343,honeygather63793,honeygather63793,True,"['Gorebyss', 'Torkoal', 'Muk', 'Electabuzz', 'Purugly', 'Relicanth']","['Trapinch', 'Mantine', 'Metang', 'Parasect', 'Golbat']",27,10,9
gen4nu-1095590995,[Gen 4] NU,2020-04-12 22:10:57,,wormadam14777,futuresight13270,futuresight13270,True,"['Medicham', 'Hitmonchan', 'Magneton', 'Gligar']","['Lickilicky', 'Charizard', 'Nidoqueen', 'Sableye']",11,3,5
gen4nu-932463722,[Gen 4] NU,2019-06-21 18:25:02,,lowkick70910,wynaut4615,wynaut4615,True,"['Diglett', 'Exploud', 'Dusclops', 'Persian', 'Swalot', 'Tangela']","['Raticate', 'Exploud', 'Dusclops', 'Solrock', 'Persian', 'Tangela']",37,23,14
gen4nu-801862007,[Gen 4] NU,2018-09-06 20:23:36,,rampardos21396,trace30315,trace30315,False,"['Sharpedo', 'Venomoth', 'Lapras', 'Tauros', 'Medicham', 'Regirock']","['Tauros', 'Sandslash', 'Sneasel', 'Skuntank', 'Slowking', 'Drifblim']",22,8,10
gen4nu-1177173486,[Gen 4] NU,2020-08-28 21:00:47,,persian96675,dragonpulse47397,persian96675,False,"['Charizard', 'Vileplume', 'Sandslash', 'Floatzel', 'Skuntank', 'Gardevoir']","['Politoed', 'Entei', 'Hitmonchan', 'Skuntank', 'Espeon', 'Manectric']",38,15,14
smogtours-gen4nu-783792,[Gen 4] NU,2024-08-03 11:37:47,,gyroball15624,motordrive87413,gyroball15624,False,"['Shiftry', 'Exeggutor', 'Typhlosion', 'Regirock', 'Persian', 'Gardevoir']","['Ursaring', 'Gligar', 'Hitmonchan', 'Jynx', 'Slowking', 'Drapion']",25,9,10
gen4nu-934738615,[Gen 4] NU,2019-06-25 17:16:48,,adaptability15938,gengarmega66742,gengarmega66742,False,"['Budew', 'Flareon', 'Mightyena', 'Wartortle', 'Dusclops', 'Solrock']","['Politoed', 'Banette', 'Slaking', 'Lairon', 'Diglett', 'Yanma']",46,14,14
gen4nu-823273693,[Gen 4] NU,2018-10-20 23:29:35,,hydration62804,weedle33343,hydration62804,False,"['Gastrodon-East', 'Poliwrath', 'Sneasel', 'Metang', 'Misdreavus', 'Golbat']","['Poliwrath', 'Murkrow', 'Muk', 'Victreebel', 'Electabuzz', 'Rhydon']",29,11,12
gen4nu-664248322,[Gen 4] NU,2017-11-24 23:45:21,,aggron60452,physical20945,aggron60452,False,"['Medicham', 'Electrode', 'Nidoqueen', 'Haunter']","['Vileplume', 'Gardevoir', 'Sandslash', 'Floatzel', 'Raichu', 'Lopunny']",23,6,7
gen4nu-665249147,[Gen 4] NU,2017-11-27 02:03:08,,togekiss35724,haunter12630,togekiss35724,False,"['Shiftry', 'Machoke', 'Tauros', 'Magneton', 'Regirock', 'Sableye']","['Tauros', 'Medicham', 'Magneton', 'Regirock', 'Poliwrath', 'Jumpluff']",36,18,16
gen4nu-1075709959,[Gen 4] NU,2020-03-08 19:55:30,,owntempo57228,frz75,owntempo57228,False,"['Sharpedo', 'Shiftry', 'Tauros', 'Regirock', 'Gardevoir']","['Vileplume', 'Charizard', 'Sandslash', 'Floatzel', 'Skuntank', 'Gardevoir']",15,4,9
smogtours-gen4nu-349148,[Gen 4] NU,2018-02-10 20:00:27,,haunter12630,futuresight13270,haunter12630,True,['Jynx'],"['Golduck', 'Glalie', 'Skuntank']",6,0,3
gen4nu-2195872436,[Gen 4] NU,2024-09-06 15:45:30,1027,magicguard53250,zoomlens5648,zoomlens5648,False,"['Magmortar', 'Kecleon', 'Tauros', 'Floatzel', 'Haunter', 'Hitmonchan']","['Charizard', 'Vileplume', 'Sandslash', 'Regirock', 'Glalie', 'Misdreavus']",24,8,7
gen4nu-2209628028,[Gen 4] NU,2024-09-25 20:09:08,1156,growl5652,arceuswater5043,growl5652,False,"['Charizard', 'Hitmonchan', 'Skuntank', 'Pikachu', 'Cradily']","['Charizard', 'Magneton', 'Kadabra', 'Regirock', 'Hitmonchan', 'Drifblim']",21,9,8
smogtours-gen4nu-773504,[Gen 4] NU,2024-06-09 20:12:02,,golduck61301,koffing93492,koffing93492,False,"['Lapras', 'Medicham', 'Regirock', 'Skuntank', 'Slowking', 'Ampharos']","['Charizard', 'Hitmonchan', 'Cacturne', 'Skuntank', 'Sableye', 'Cradily']",29,14,11
gen4nu-2100805169,[Gen 4] NU,2024-04-11 04:33:29,,tamatoberry18783,limber93362,tamatoberry18783,False,"['Charizard', 'Golem', 'Marowak', 'Muk', 'Beedrill', 'Articuno']","['Pinsir', 'Zangoose', 'Walrein', 'Carnivine', 'Regigigas', 'Gardevoir']",26,8,9
gen4nu-786327551,[Gen 4] NU,2018-08-05 15:49:05,,poisonheal36707,thrash80465,poisonheal36707,False,"['Politoed', 'Magmortar', 'Magneton', 'Haunter', 'Jynx', 'Piloswine']","['Charizard', 'Sandslash', 'Typhlosion', 'Haunter', 'Skuntank', 'Slowking']",31,15,12
smogtours-gen4nu-791437,[Gen 4] NU,2024-09-20 04:52:39,,bodyslam74090,confusion41299,confusion41299,False,"['Tangrowth', 'Machoke', 'Claydol', 'Entei', 'Slowking', 'Drapion']","['Shiftry', 'Gligar', 'Aggron', 'Hitmonchan', 'Slowking', 'Drapion']",26,10,11
gen4nu-1101869709,[Gen 4] NU,2020-04-23 11:27:52,,synthesis71164,sweetscent3994,synthesis71164,False,"['Charizard', 'Tauros', 'Sandslash', 'Poliwrath', 'Jumpluff', 'Grumpig']","['Shiftry', 'Typhlosion', 'Regirock', 'Victreebel', 'Persian', 'Hypno']",31,14,10
gen4nu-965888875,[Gen 4] NU,2019-08-25 18:50:43,,toxic30661,bayleef26822,bayleef26822,False,"['Wailord', 'Dunsparce', 'Pikachu', 'Gardevoir', 'Cradily', 'Slaking']","['Lapras', 'Vileplume', 'Charizard', 'Regirock', 'Hitmonchan', 'Sneasel']",29,10,6
gen4nu-746768434,[Gen 4] NU,2018-05-13 14:54:01,,kingdra7300,rhyperior99176,rhyperior99176,False,"['Butterfree', 'Cacturne', 'Arbok', 'Carnivine', 'Electabuzz', 'Ariados']","['Electabuzz', 'Pelipper', 'Victreebel', 'Metang', 'Misdreavus']",18,7,5
gen4nu-982109555,[Gen 4] NU,2019-09-25 20:37:31,,swampert50714,tox71156,swampert50714,False,"['Lapras', 'Flareon', 'Raticate', 'Solrock', 'Quagsire', 'Grovyle']","['Lunatone', 'Grotle', 'Walrein', 'Girafarig', 'Magmar', 'Gastly']",17,6,8
smogtours-gen4nu-701300,[Gen 4] NU,2023-07-06 12:25:17,,butterfree38678,stench25210,stench25210,False,"['Sharpedo', 'Tauros', 'Skuntank', 'Rhydon', 'Slowking', 'Drifblim']","['Meganium', 'Floatzel', 'Nidoqueen', 'Regirock', 'Dusclops', 'Skuntank']",27,11,10
smogtours-gen4nu-389989,[Gen 4] NU,2018-07-26 21:34:04,,chartiberry95074,roselia48750,roselia48750,False,"['Venomoth', 'Charizard', 'Hitmonchan', 'Skuntank', 'Slowking', 'Cradily']","['Tauros', 'Floatzel', 'Nidoqueen', 'Hitmonchan', 'Muk', 'Slowking']",41,13,12
gen4nu-780621629,[Gen 4] NU,2018-07-24 19:48:58,,togekiss35724,leafguard31516,togekiss35724,True,"['Venomoth', 'Sandslash', 'Regirock', 'Cacturne', 'Dusclops', 'Lickilicky']","['Venomoth', 'Charizard', 'Sandslash', 'Poliwrath', 'Grumpig', 'Cradily']",62,20,19
gen4nu-841260301,[Gen 4] NU,2018-12-27 19:57:32,,liechiberry37967,waterveil53989,liechiberry37967,False,"['Kingler', 'Lapras', 'Solrock', 'Swalot', 'Tangela']","['Combusken', 'Raticate', 'Meditite', 'Bastiodon', 'Quagsire', 'Tangela']",31,9,10
smogtours-gen4nu-566805,[Gen 4] NU,2021-06-19 21:30:55,,seedflare81285,futuresight13270,seedflare81285,False,"['Venomoth', 'Lapras', 'Tauros', 'Regirock', 'Cacturne', 'Dusclops']","['Vileplume', 'Gligar', 'Regirock', 'Skuntank', 'Slowking', 'Ampharos']",27,8,8
gen4nu-2215471242,[Gen 4] NU,2024-10-04 01:45:09,,staryu66980,hoothoot56067,staryu66980,False,"['Golem', 'Tauros', 'Haunter', 'Cacturne']","['Camerupt', 'Porygon2', 'Haunter', 'Regirock', 'Hitmonchan', 'Metang']",18,4,11
gen4nu-2193018052,[Gen 4] NU,2024-09-02 14:58:06,1053,carvanha8104,zoomlens5648,carvanha8104,False,"['Manectric', 'Lapras', 'Regirock', 'Tauros']","['Charizard', 'Tauros', 'Floatzel', 'Regirock', 'Manectric', 'Glalie']",19,5,6
smogtours-gen4nu-582537,[Gen 4] NU,2021-09-27 23:53:47,,chatter88448,whirlpool40763,chatter88448,False,"['Charizard', 'Tauros', 'Sandslash', 'Poliwrath', 'Jumpluff', 'Grumpig']","['Venomoth', 'Charizard', 'Hitmonchan', 'Slowking', 'Cradily', 'Drifblim']",43,9,11
gen4nu-2202311050,[Gen 4] NU,2024-09-15 19:26:15,1064,haunter33914,growl5652,growl5652,True,"['Politoed', 'Wailord', 'Charizard', 'Armaldo', 'Nidoqueen', 'Skuntank']","['Charizard', 'Hitmonchan', 'Mawile', 'Skuntank', 'Pikachu', 'Cradily']",19,9,7
gen4nu-1069020043,[Gen 4] NU,2020-02-25 15:16:45,,poliwhirl29459,omastar11373,poliwhirl29459,True,"['Vileplume', 'Charizard', 'Sandslash', 'Floatzel', 'Skuntank', 'Gardevoir']","['Magneton', 'Skuntank', 'Clamperl', 'Linoone', 'Misdreavus', 'Yanma']",23,13,11
smogtours-gen4nu-385327,[Gen 4] NU,2018-06-24 20:23:55,,attract31504,custapberry71278,attract31504,False,"['Haunter', 'Regirock', 'Linoone', 'Gastrodon', 'Glalie', 'Drifblim']","['Luxray', 'Sandslash', 'Skuntank', 'Slowking', 'Cradily', 'Drifblim']",19,5,11
gen4nu-929408302,[Gen 4] NU,2019-06-16 19:13:56,,meditate17123,spheal7278,meditate17123,False,"['Gabite', 'Kadabra', 'Bellossom', 'Pelipper', 'Probopass', 'Glaceon']","['Electabuzz', 'Poliwrath', 'Cacturne', 'Metang', 'Purugly', 'Golbat']",43,16,19
gen4nu-849669754,[Gen 4] NU,2019-01-16 16:24:29,,delcatty85537,tamatoberry1958,delcatty85537,False,"['Metang', 'Monferno', 'Sneasel', 'Bellossom', 'Pelipper', 'Electabuzz']","['Electabuzz', 'Dragonair', 'Pelipper', 'Victreebel', 'Metang', 'Misdreavus']",32,14,16
smogtours-gen4nu-646681,[Gen 4] NU,2022-09-05 11:13:53,,psyduck67349,numel8988,psyduck67349,False,"['Shiftry', 'Regirock', 'Victreebel', 'Persian', 'Hypno']","['Politoed', 'Vileplume', 'Sandslash', 'Regirock', 'Sableye', 'Lickilicky']",38,8,14
gen4nu-781443229,[Gen 4] NU,2018-07-26 12:24:23,,sniper70774,haunter12630,haunter12630,False,"['Cacturne', 'Pelipper', 'Metang', 'Purugly', 'Rhydon', 'Misdreavus']","['Machoke', 'Armaldo', 'Sneasel', 'Quagsire', 'Ampharos', 'Golbat']",24,11,13
gen4nu-2197487460,[Gen 4] NU,2024-09-09 00:40:52,1181,megakick62601,healingwish55930,megakick62601,True,"['Charizard', 'Tauros', 'Sandslash', 'Nidoqueen', 'Dusclops', 'Slowking']","['Butterfree', 'Pinsir', 'Walrein', 'Arbok', 'Lickilicky', 'Cradily']",84,21,16
gen4nu-808569335,[Gen 4] NU,2018-09-20 19:56:55,,shellarmor94389,damprock74608,shellarmor94389,False,"['Tauros', 'Medicham', 'Magneton', 'Regirock', 'Dodrio', 'Slowking']","['Fearow', 'Medicham', 'Skuntank', 'Slowking', 'Lickilicky', 'Cradily']",40,16,15
gen4nu-2263017782,[Gen 4] NU,2024-12-14 19:29:27,,swampert50714,needlearm59980,needlearm59980,False,"['Sharpedo', 'Tauros', 'Magneton', 'Regirock', 'Haunter', 'Slowking']","['Sharpedo', 'Medicham', 'Skuntank', 'Manectric', 'Slowking', 'Cradily']",36,12,9
gen4nu-2199755598,[Gen 4] NU,2024-09-12 02:28:15,1041,growl5652,iceshard46935,growl5652,False,"['Regirock', 'Shiftry', 'Persian']","['Bibarel', 'Magmortar', 'Kecleon', 'Tropius', 'Rampardos', 'Cacturne']",16,4,7
gen4nu-1104863562,[Gen 4] NU,2020-04-28 13:36:28,,owntempo53659,icepunch95036,owntempo53659,True,"['Shiftry', 'Mantine', 'Dodrio', 'Jynx', 'Piloswine']","['Camerupt', 'Machoke', 'Whiscash', 'Electabuzz']",10,4,3
gen4nu-1173363327,[Gen 4] NU,2020-08-22 15:01:36,,colorchange51191,sniper70774,colorchange51191,False,"['Gabite', 'Bellossom', 'Murkrow', 'Purugly', 'Relicanth', 'Misdreavus']","['Politoed', 'Murkrow', 'Quagsire', 'Purugly', 'Rhydon', 'Roselia']",37,17,19
smogtours-gen4nu-636456,[Gen 4] NU,2022-07-07 17:07:57,,twistedspoon9310,mawile36886,mawile36886,True,"['Floatzel', 'Hitmonchan', 'Victreebel', 'Glalie', 'Cradily']","['Magneton', 'Floatzel']",14,5,1
gen4nu-2354975296,[Gen 4] NU,2025-05-01 22:34:27,,stealthrock30034,powerherb71726,stealthrock30034,False,"['Politoed', 'Marowak', 'Regirock', 'Drifblim']","['Lapras', 'Vileplume', 'Charizard', 'Hitmonchan', 'Regirock', 'Sneasel']",17,3,7
gen4nu-662668143,[Gen 4] NU,2017-11-21 15:13:04,,metalsound89156,arenatrap65458,metalsound89156,False,"['Venomoth', 'Charizard', 'Sandslash', 'Poliwrath', 'Grumpig', 'Cradily']","['Politoed', 'Vileplume', 'Sandslash', 'Regirock', 'Sableye', 'Lickilicky']",83,27,32
gen4nu-1106100791,[Gen 4] NU,2020-04-30 11:52:20,,watergun59811,drought95441,watergun59811,True,"['Charizard', 'Tauros', 'Sandslash', 'Skuntank', 'Slowking', 'Gardevoir']","['Machoke', 'Poliwrath', 'Cacturne', 'Rhydon', 'Misdreavus', 'Golbat']",22,7,12
smogtours-gen4nu-332300,[Gen 4] NU,2017-11-24 19:13:30,,thrash80465,noconditions84490,thrash80465,False,"['Charizard', 'Tauros', 'Sandslash', 'Skuntank', 'Slowking', 'Cradily']","['Tauros', 'Porygon2', 'Octillery', 'Marowak', 'Solrock', 'Slowking']",27,6,11
smogtours-gen4nu-718075,[Gen 4] NU,2023-09-21 22:56:12,,hypervoice57448,stench25210,stench25210,False,"['Nidoqueen', 'Hitmonchan', 'Dusclops', 'Lickilicky', 'Glalie', 'Articuno']","['Regice', 'Sandslash', 'Floatzel', 'Skuntank', 'Dusclops', 'Cradily']",127,23,29
smogtours-gen4nu-641765,[Gen 4] NU,2022-08-04 12:32:30,,aquatail86650,rockpolish84152,rockpolish84152,False,"['Charizard', 'Nidoqueen', 'Hitmonchan', 'Dusclops', 'Slowking', 'Cradily']","['Shiftry', 'Charizard', 'Regirock', 'Hitmonchan', 'Victreebel', 'Purugly']",37,12,8
gen4nu-1147818119,[Gen 4] NU,2020-07-09 04:03:15,,rhyperior690,glaceon53740,glaceon53740,False,"['Vileplume', 'Charizard', 'Sandslash', 'Floatzel', 'Skuntank', 'Gardevoir']","['Charizard', 'Vileplume', 'Tauros', 'Sandslash', 'Dusclops', 'Skuntank']",17,9,6
smogtours-gen4nu-478203,[Gen 4] NU,2020-03-01 16:52:09,,stoneplate37213,faketears70399,faketears70399,False,"['Sharpedo', 'Shiftry', 'Tauros', 'Regirock', 'Gardevoir', 'Drifblim']","['Sandslash', 'Jynx', 'Manectric', 'Lickilicky', 'Drifblim']",23,13,9
smogtours-gen4nu-810087,[Gen 4] NU,2024-12-14 02:43:43,,zapcannon39582,closecombat44911,zapcannon39582,True,"['Meganium', 'Tauros', 'Magneton', 'Floatzel', 'Regirock', 'Slowking']","['Sharpedo', 'Tauros', 'Hitmonchan', 'Regirock', 'Jynx', 'Drifblim']",29,11,10
gen4nu-904568973,[Gen 4] NU,2019-05-05 21:02:00,,futuresight13270,fireblast30665,fireblast30665,False,"['Lapras', 'Ninetales', 'Vileplume', 'Sandslash', 'Haunter', 'Gardevoir']","['Shiftry', 'Charizard', 'Haunter', 'Poliwrath', 'Regirock']",19,8,7
gen4nu-876188038,[Gen 4] NU,2019-03-14 19:28:25,,simple53659,tentacool58498,simple53659,False,"['Exploud', 'Chatot', 'Swalot', 'Persian']","['Mightyena', 'Vigoroth', 'Solrock', 'Diglett', 'Lopunny', 'Gastly']",33,5,11
gen4nu-2255388799,[Gen 4] NU,2024-12-02 20:06:25,,vitalspirit41729,lumineon81414,vitalspirit41729,True,"['Vileplume', 'Magneton', 'Floatzel', 'Regirock', 'Drifblim']","['Meganium', 'Gligar', 'Tauros', 'Regirock', 'Skuntank', 'Slowking']",25,6,10
smogtours-gen4nu-843801,[Gen 4] NU,2025-05-18 18:18:52,,denpowersteel79771,aggron34190,denpowersteel79771,False,"['Sharpedo', 'Vileplume', 'Charizard', 'Regirock', 'Hitmonchan', 'Skuntank']","['Gardevoir', 'Floatzel', 'Regirock', 'Skuntank', 'Gastrodon', 'Drifblim']",31,10,12
gen4nu-1083565109,[Gen 4] NU,2020-03-22 21:10:14,,durinberry95011,meteormash92925,meteormash92925,False,"['Tauros', 'Haunter', 'Regirock', 'Jynx', 'Manectric', 'Slowking']","['Tauros', 'Haunter', 'Regirock', 'Jynx', 'Manectric', 'Slowking']",35,11,9
gen4nu-2192666338,[Gen 4] NU,2024-09-02 00:42:37,1052,zoomlens5648,marowak75904,marowak75904,False,"['Vileplume', 'Charizard', 'Hitmonchan', 'Skuntank', 'Jumpluff', 'Gardevoir']","['Charizard', 'Gligar', 'Sandslash', 'Nidoqueen', 'Sneasel', 'Electabuzz']",24,8,7
smogtours-gen4nu-782727,[Gen 4] NU,2024-07-27 19:57:12,,embargo20263,rawstberry17405,rawstberry17405,False,"['Gligar', 'Tauros', 'Hitmonchan', 'Slowking', 'Drapion', 'Drifblim']","['Gligar', 'Floatzel', 'Hitmonchan', 'Slowking', 'Drapion', 'Drifblim']",33,11,10
gen4nu-982734418,[Gen 4] NU,2019-09-26 22:33:37,,leppaberry32170,rockclimb62152,leppaberry32170,False,"['Lapras', 'Pupitar', 'Persian', 'Swalot', 'Tangela', 'Magmar']","['Kingler', 'Lapras', 'Noctowl', 'Arbok', 'Solrock', 'Persian']",33,13,16
smogtours-gen4nu-374277,[Gen 4] NU,2018-05-06 03:15:07,,happiny68390,fireblast30665,happiny68390,False,"['Meganium', 'Charizard', 'Magneton', 'Armaldo', 'Skuntank', 'Slowking']","['Typhlosion', 'Haunter', 'Cacturne', 'Regirock', 'Hitmonchan', 'Hypno']",36,13,12
smogtours-gen4nu-839408,[Gen 4] NU,2025-05-04 17:17:53,,sniper70774,swinub46701,swinub46701,False,"['Pinsir', 'Medicham', 'Floatzel', 'Skuntank', 'Cradily', 'Drifblim']","['Vileplume', 'Sandslash', 'Regirock', 'Lickilicky', 'Slowking', 'Articuno']",44,8,12
smogtours-gen4nu-696530,[Gen 4] NU,2023-06-10 22:44:41,,lusterpurge88375,rotom15770,rotom15770,False,"['Shiftry', 'Medicham', 'Electrode', 'Regirock', 'Glalie', 'Drifblim']","['Slowking', 'Cradily', 'Monferno', 'Gligar']",15,9,5
gen4nu-2127473672,[Gen 4] NU,2024-05-21 14:11:54,,cherubi94789,seel35063,cherubi94789,True,"['Marowak', 'Skuntank', 'Regirock', 'Tauros']","['Charizard', 'Medicham', 'Regirock', 'Gardevoir', 'Articuno']",11,3,5
gen4nu-840707292,[Gen 4] NU,2018-12-26 14:13:38,,transform65474,pidgeot31794,transform65474,False,"['Lunatone', 'Kingler', 'Sudowoodo', 'Flareon', 'Exploud', 'Persian']","['Politoed', 'Combusken', 'Persian', 'Diglett', 'Tangela', 'Gastly']",28,12,13
gen4nu-944888646,[Gen 4] NU,2019-07-14 23:19:59,,wailmer43107,smoothrock25184,smoothrock25184,False,"['Banette', 'Lapras', 'Dusclops', 'Solrock', 'Diglett', 'Tangela']","['Politoed', 'Flareon', 'Dusclops', 'Persian', 'Lairon', 'Diglett']",29,10,12
gen4nu-1063529861,[Gen 4] NU,2020-02-15 04:53:05,,recycle46471,serenegrace48918,recycle46471,False,"['Linoone', 'Relicanth', 'Glalie', 'Walrein']","['Golduck', 'Venomoth', 'Nidoqueen', 'Haunter', 'Golem', 'Dodrio']",21,3,8
smogtours-gen4nu-784695,[Gen 4] NU,2024-08-08 04:39:31,,confusion41299,bellsprout54185,bellsprout54185,True,"['Gligar', 'Porygon2', 'Floatzel', 'Cacturne', 'Dusclops', 'Drapion']","['Bibarel', 'Jynx', 'Haunter']",13,6,2
gen4nu-2261054660,[Gen 4] NU,2024-12-11 16:19:50,,sealeo92427,mysteryberry83821,mysteryberry83821,True,"['Gligar', 'Tauros', 'Medicham', 'Magneton', 'Hitmonchan', 'Hypno']","['Dusclops', 'Glalie', 'Nidoqueen', 'Articuno']",23,10,8
smogtours-gen4nu-444400,[Gen 4] NU,2019-05-31 23:45:59,,delcatty2986,dodrio79057,dodrio79057,False,"['Tropius', 'Noctowl', 'Shelgon', 'Regigigas', 'Sableye', 'Probopass']","['Granbull', 'Sharpedo', 'Flareon', 'Torkoal', 'Golem', 'Purugly']",26,12,8
gen4nu-783975775,[Gen 4] NU,2018-07-31 16:56:30,,tintedlens67414,fire43506,fire43506,False,"['Camerupt', 'Tauros', 'Nidoqueen', 'Cacturne', 'Slowking', 'Drifblim']","['Venomoth', 'Sandslash', 'Regirock', 'Cacturne', 'Dusclops', 'Lickilicky']",47,13,9
gen4nu-801861834,[Gen 4] NU,2018-09-06 20:22:16,,stickyhold17429,hydration62804,hydration62804,False,"['Charizard', 'Tauros', 'Medicham', 'Nidoqueen', 'Skuntank', 'Slowking']","['Sharpedo', 'Regirock', 'Drifblim']",15,7,2
smogtours-gen4nu-335363,[Gen 4] NU,2017-12-12 20:45:51,,hardstone86999,magmar94559,magmar94559,True,"['Kadabra', 'Poliwrath', 'Cacturne', 'Murkrow', 'Rhydon', 'Articuno']","['Golduck', 'Victreebel', 'Metang', 'Purugly', 'Glalie', 'Misdreavus']",26,10,11
gen4nu-907971486,[Gen 4] NU,2019-05-11 20:29:16,,miltank16297,futuresight13270,futuresight13270,False,"['Venomoth', 'Meganium', 'Torkoal', 'Regirock', 'Hitmonchan', 'Skuntank']","['Venomoth', 'Shiftry', 'Tauros', 'Medicham', 'Regirock', 'Poliwrath']",41,18,14
gen4nu-933025829,[Gen 4] NU,2019-06-22 18:03:09,,magby40847,weatherball9804,magby40847,True,"['Magneton', 'Slowking', 'Skuntank', 'Hitmonchan']","['Magneton', 'Nidoqueen', 'Haunter', 'Hitmonchan', 'Purugly', 'Gardevoir']",13,5,7
smogtours-gen4nu-333259,[Gen 4] NU,2017-11-27 23:56:37,,diglett80748,snowcloak12044,snowcloak12044,False,"['Machoke', 'Charizard', 'Sandslash', 'Jumpluff', 'Whiscash', 'Manectric']","['Charizard', 'Vileplume', 'Sandslash', 'Floatzel', 'Skuntank', 'Gardevoir']",21,9,7
smogtours-gen4nu-774930,[Gen 4] NU,2024-06-16 12:35:33,,denpowersteel79771,honeygather76267,denpowersteel79771,False,"['Charizard', 'Sandslash', 'Poliwrath', 'Skuntank', 'Gardevoir', 'Cradily']","['Sharpedo', 'Regirock', 'Hitmonchan', 'Dusclops', 'Manectric', 'Roselia']",22,8,11
smogtours-gen4nu-355948,[Gen 4] NU,2018-03-04 23:22:27,,delcatty2986,poisonsting74677,poisonsting74677,False,"['Meganium', 'Vileplume', 'Tauros', 'Armaldo', 'Poliwrath', 'Stantler']","['Cacturne', 'Machoke', 'Monferno', 'Beautifly']",15,6,5
gen4nu-929947793,[Gen 4] NU,2019-06-17 17:15:16,,wikiberry84439,illuminate3084,wikiberry84439,False,"['Politoed', 'Raticate', 'Lairon', 'Diglett', 'Yanma']","['Flareon', 'Dusclops', 'Wartortle', 'Clefairy', 'Diglett', 'Tangela']",43,11,19
smogtours-gen4nu-712371,[Gen 4] NU,2023-08-26 20:14:37,,cometpunch77905,stench25210,cometpunch77905,False,"['Sharpedo', 'Charizard', 'Vileplume', 'Hitmonchan', 'Regirock', 'Skuntank']","['Tauros', 'Hitmonchan', 'Cacturne', 'Regirock', 'Slowking', 'Drifblim']",33,13,11
smogtours-gen4nu-775722,[Gen 4] NU,2024-06-20 22:21:36,,shinystone44310,silverpowder77055,shinystone44310,True,"['Sharpedo', 'Shiftry', 'Regirock', 'Hitmonchan', 'Manectric', 'Slowking']","['Charizard', 'Tauros', 'Magneton', 'Hitmonchan', 'Regirock', 'Skuntank']",27,10,11
gen4nu-1154682905,[Gen 4] NU,2020-07-20 19:57:13,,transform65474,victreebel55835,transform65474,False,"['Lopunny', 'Pikachu', 'Chimecho', 'Corsola', 'Girafarig', 'Beedrill']","['Staryu', 'Mightyena', 'Wigglytuff', 'Vigoroth', 'Clamperl', 'Gastly']",37,15,16
gen4nu-2210573881,[Gen 4] NU,2024-09-27 02:15:45,1000,icyrock90192,tangrowth23890,tangrowth23890,True,"['Kingler', 'Magmortar', 'Luxray', 'Armaldo', 'Dusclops', 'Pelipper']","['Slowking', 'Charizard', 'Skuntank', 'Sandslash']",24,10,8
gen4nu-730436098,[Gen 4] NU,2018-04-09 21:07:05,,golem93168,kadabra47296,golem93168,False,"['Tauros', 'Haunter', 'Manectric', 'Rhydon', 'Glalie', 'Drifblim']","['Gorebyss', 'Medicham', 'Electrode', 'Skuntank', 'Lickilicky', 'Relicanth']",18,6,7
gen4nu-899045712,[Gen 4] NU,2019-04-25 20:19:16,,shieldon82796,blaze88901,shieldon82796,False,"['Vileplume', 'Sandslash', 'Floatzel', 'Skuntank', 'Gardevoir']","['Gligar', 'Tauros', 'Medicham', 'Magneton', 'Hitmonchan', 'Hypno']",19,6,8
gen4nu-837109266,[Gen 4] NU,2018-12-18 03:52:59,,mudkip8641,probopass23094,mudkip8641,False,"['Xatu', 'Poliwrath', 'Marowak', 'Victreebel', 'Electabuzz', 'Glalie']","['Kadabra', 'Monferno', 'Probopass', 'Gastrodon', 'Misdreavus', 'Golbat']",19,9,10
gen4nu-1110570413,[Gen 4] NU,2020-05-07 20:26:24,,glaceon67942,leechlife74337,glaceon67942,False,"['Skuntank', 'Gastrodon-East', 'Regirock', 'Drifblim']","['Gligar', 'Tauros', 'Medicham', 'Magneton', 'Hitmonchan', 'Hypno']",18,4,11
gen4nu-2190439171,[Gen 4] NU,2024-08-29 17:31:29,,ursaring64445,stoneplate55960,ursaring64445,False,"['Charizard', 'Tauros', 'Electrode', 'Regirock', 'Skuntank']","['Exeggutor', 'Charizard', 'Entei', 'Regirock', 'Skuntank', 'Lickilicky']",17,7,9
gen4nu-1159399144,[Gen 4] NU,2020-07-28 22:46:19,,psyduck38308,dragonite94983,psyduck38308,False,"['Raticate', 'Persian', 'Quagsire', 'Lairon', 'Tangela', 'Gastly']","['Stunky', 'Lapras', 'Combusken', 'Solrock', 'Persian', 'Tangela']",21,11,13
smogtours-gen4nu-717463,[Gen 4] NU,2023-09-17 22:33:31,,hypervoice57448,sniper70774,hypervoice57448,False,"['Nidoqueen', 'Hitmonchan', 'Dusclops', 'Lickilicky', 'Glalie', 'Articuno']","['Tauros', 'Haunter', 'Poliwrath', 'Regirock', 'Skuntank', 'Manectric']",25,8,9
smogtours-gen4nu-444164,[Gen 4] NU,2019-05-30 19:11:40,,haunter12630,starmie65430,haunter12630,False,"['Typhlosion', 'Regirock', 'Hitmonchan', 'Skuntank', 'Jumpluff', 'Gardevoir']","['Camerupt', 'Venomoth', 'Meganium', 'Sharpedo', 'Tauros', 'Slowking']",46,18,18
gen4nu-712223249,[Gen 4] NU,2018-03-03 03:08:13,,mirrormove69919,rayquaza90857,mirrormove69919,False,"['Monferno', 'Abra']","['Turtwig', 'Shinx']",11,4,1
gen4nu-2203198344,[Gen 4] NU,2024-09-16 23:43:13,1083,deoxysspeed28326,chopleberry38027,deoxysspeed28326,False,"['Machoke', 'Charizard', 'Sandslash', 'Jumpluff', 'Whiscash', 'Manectric']","['Sharpedo', 'Tauros', 'Regirock', 'Skuntank', 'Gardevoir', 'Ampharos']",20,5,5
smogtours-gen4nu-816688,[Gen 4] NU,2025-01-27 20:35:19,,shinystone44310,haunter12630,haunter12630,False,"['Shiftry', 'Ninetales', 'Regirock', 'Hitmonchan', 'Slowking', 'Drifblim']","['Meganium', 'Medicham', 'Golem', 'Skuntank', 'Slowking']",19,9,9
gen4nu-2156429171,[Gen 4] NU,2024-07-07 00:48:58,,dragonfang70729,exploud62674,dragonfang70729,False,"['Entei', 'Steelix', 'Cacturne', 'Hitmonchan', 'Espeon']","['Exeggutor', 'Tauros', 'Medicham', 'Skuntank', 'Glalie', 'Drifblim']",15,7,6
gen4nu-948560817,[Gen 4] NU,2019-07-22 02:17:54,,ninetales23624,smoothrock25184,ninetales23624,False,"['Huntail', 'Flareon', 'Solrock', 'Persian', 'Pupitar', 'Tangela']","['Raticate', 'Lairon', 'Quagsire', 'Persian', 'Tangela', 'Gastly']",32,12,15
smogtours-gen4nu-629563,[Gen 4] NU,2022-06-02 18:36:08,,plusle68346,mawile36886,mawile36886,False,"['Vileplume', 'Gligar', 'Tauros', 'Poliwrath', 'Skuntank', 'Rhydon']","['Vileplume', 'Tauros', 'Sandslash', 'Floatzel', 'Regirock', 'Hitmonchan']",37,19,18
gen4nu-2157501153,[Gen 4] NU,2024-07-08 22:04:25,,huntail76319,jynx62866,huntail76319,False,"['Slowking', 'Floatzel', 'Skuntank', 'Hitmonchan']","['Gorebyss', 'Ludicolo', 'Slowbro', 'Nidoking', 'Persian', 'Drapion']",30,4,10
gen4nu-1081806005,[Gen 4] NU,2020-03-19 17:00:58,,roaroftime72943,leafblade47140,leafblade47140,False,"['Typhlosion', 'Poliwrath', 'Skuntank', 'Piloswine', 'Metang', 'Gardevoir']","['Sandslash', 'Typhlosion', 'Regirock', 'Cacturne']",21,10,6
smogtours-gen4nu-564754,[Gen 4] NU,2021-06-06 19:14:28,,sniper70774,futuresight13270,futuresight13270,False,"['Gastrodon-East', 'Regirock', 'Hitmonchan', 'Skuntank', 'Gardevoir', 'Drifblim']","['Gligar', 'Magneton', 'Floatzel', 'Hitmonchan', 'Skuntank']",25,13,8
smogtours-gen4nu-349139,[Gen 4] NU,2018-02-10 19:52:33,,haunter12630,sharpedo96453,haunter12630,True,"['Rapidash', 'Haunter', 'Regirock', 'Cacturne', 'Slowking']","['Shiftry', 'Regirock', 'Haunter', 'Slowking', 'Gardevoir', 'Glalie']",22,5,10
gen4nu-2168372337,[Gen 4] NU,2024-07-27 13:48:46,,mysteryberry83821,clamp40297,mysteryberry83821,False,"['Tauros', 'Medicham', 'Steelix', 'Lanturn', 'Drifblim']","['Nidoking', 'Hitmontop', 'Cacturne', 'Skuntank', 'Slowking', 'Drifblim']",30,6,13
smogtours-gen4nu-602103,[Gen 4] NU,2022-01-13 00:03:36,,futuresight13270,mawile36886,futuresight13270,False,"['Golduck', 'Venomoth', 'Pinsir', 'Regirock', 'Hitmonchan', 'Skuntank']","['Meganium', 'Hitmonchan', 'Dodrio', 'Golem', 'Skuntank', 'Slowking']",34,10,15
gen4nu-1139826545,[Gen 4] NU,2020-06-26 02:40:01,,onix48886,seedflare81285,onix48886,False,"['Kadabra', 'Cacturne', 'Sneasel', 'Pelipper', 'Muk', 'Probopass']","['Venomoth', 'Charizard', 'Hitmonchan', 'Slowking', 'Cradily', 'Drifblim']",42,15,15
gen4nu-784947092,[Gen 4] NU,2018-08-02 17:06:49,,furyswipes99143,lockon50489,lockon50489,False,"['Charizard', 'Tauros', 'Regirock', 'Haunter', 'Skuntank', 'Slowking']","['Tauros', 'Haunter', 'Manectric', 'Rhydon', 'Glalie', 'Drifblim']",19,8,9
gen4nu-2199016085,[Gen 4] NU,2024-09-11 02:27:31,,dialga16943,water22662,water22662,False,"['Gorebyss', 'Regice', 'Electrode', 'Floatzel', 'Typhlosion', 'Drifblim']","['Skuntank', 'Gardevoir', 'Floatzel', 'Sandslash']",16,9,6
gen4nu-2200871328,[Gen 4] NU,2024-09-13 16:12:35,1146,blackbelt17068,pinmissile14901,pinmissile14901,True,"['Bibarel', 'Gligar', 'Pinsir', 'Floatzel', 'Hypno']","['Charizard', 'Floatzel', 'Hitmonchan', 'Linoone', 'Gardevoir', 'Golbat']",22,6,8
smogtours-gen4nu-364743,[Gen 4] NU,2018-04-06 21:32:32,,stoneplate37213,thrash80465,thrash80465,True,"['Venomoth', 'Sandslash', 'Regirock', 'Cacturne', 'Dusclops', 'Lickilicky']","['Charizard', 'Tauros', 'Sandslash', 'Skuntank', 'Slowking', 'Cradily']",47,16,8
gen4nu-1102773806,[Gen 4] NU,2020-04-24 21:02:10,,rockclimb62152,wooper24132,wooper24132,False,"['Tauros', 'Medicham', 'Regirock', 'Haunter', 'Skuntank', 'Slowking']","['Gligar', 'Tauros', 'Medicham', 'Skuntank', 'Manectric', 'Slowking']",33,14,17
smogtours-gen4nu-641636,[Gen 4] NU,2022-08-02 00:44:54,,enpowerpoison62249,mawile36886,mawile36886,False,"['Gligar', 'Tauros', 'Gastrodon-East', 'Skuntank', 'Linoone', 'Glalie']","['Politoed', 'Vileplume', 'Tauros', 'Hitmonchan', 'Regirock', 'Skuntank']",19,6,6
smogtours-gen4nu-775676,[Gen 4] NU,2024-06-20 13:27:43,,typechange30082,vitalspirit41729,typechange30082,False,"['Nidoqueen', 'Hitmonchan', 'Dusclops', 'Lickilicky', 'Glalie', 'Articuno']","['Sharpedo', 'Vileplume', 'Regirock', 'Lickilicky', 'Gardevoir', 'Drifblim']",35,12,10
smogtours-gen4nu-657561,[Gen 4] NU,2022-10-28 14:36:57,,sing91479,vulpix85624,sing91479,False,"['Vileplume', 'Tauros', 'Sandslash', 'Floatzel', 'Regirock', 'Hitmonchan']","['Sharpedo', 'Medicham', 'Skuntank', 'Manectric', 'Slowking', 'Cradily']",21,9,8
smogtours-gen4nu-770583,[Gen 4] NU,2024-05-26 17:49:39,,icywind98531,rotomfan35023,icywind98531,False,"['Tauros', 'Sandslash', 'Floatzel', 'Regirock', 'Skuntank', 'Gardevoir']","['Magmortar', 'Medicham', 'Haunter', 'Regirock', 'Mantine', 'Skuntank']",28,10,11
gen4nu-2193913960,[Gen 4] NU,2024-09-03 20:10:18,1030,oddish32213,infernape54114,oddish32213,False,"['Arbok', 'Kadabra', 'Armaldo']","['Gabite', 'Flareon', 'Electrode', 'Castform', 'Cacturne', 'Crawdaunt']",21,4,7
smogtours-gen4nu-792781,[Gen 4] NU,2024-09-27 21:27:08,,confusion41299,exploud62674,exploud62674,False,"['Sharpedo', 'Vileplume', 'Entei', 'Nidoking', 'Regirock', 'Slowking']","['Tauros', 'Regirock', 'Hitmonchan', 'Lanturn', 'Espeon']",28,11,7
gen4nu-2197331765,[Gen 4] NU,2024-09-08 19:40:52,1000,articuno96801,chopleberry38027,chopleberry38027,False,"['Charizard', 'Haunter', 'Regirock', 'Hitmonchan', 'Piloswine', 'Slowking']","['Gligar', 'Magneton', 'Floatzel', 'Hitmonchan', 'Slowking']",28,10,9
gen4nu-2015525284,[Gen 4] NU,2023-12-20 00:33:27,,charge89891,outrage29420,outrage29420,False,"['Vileplume', 'Gligar', 'Regirock', 'Skuntank', 'Slowking', 'Ampharos']","['Jynx', 'Slowking', 'Meganium', 'Magneton']",26,13,6
gen4nu-804518973,[Gen 4] NU,2018-09-12 09:01:16,,snorunt84488,golem16126,golem16126,False,"['Haunter', 'Cacturne', 'Golem', 'Skuntank', 'Muk', 'Hypno']","['Machoke', 'Charizard', 'Sandslash', 'Jumpluff', 'Whiscash', 'Manectric']",33,14,9
gen4nu-454547645,[Gen 4] NU,2016-10-10 17:32:45,,altaria32948,waterpulse90475,altaria32948,False,"['Torkoal', 'Medicham', 'Mantine', 'Skuntank', 'Victreebel', 'Gardevoir']","['Magmortar', 'Vileplume', 'Sandslash', 'Poliwrath', 'Jynx', 'Skuntank']",22,8,10
gen4nu-451542362,[Gen 4] NU,2016-10-05 22:29:00,,rhyhorn58519,arceusdragon51803,rhyhorn58519,False,"['Shiftry', 'Tauros', 'Medicham', 'Regirock', 'Skuntank', 'Slowking']","['Shiftry', 'Magcargo', 'Sandslash', 'Floatzel', 'Typhlosion', 'Gardevoir']",19,8,6
smogtours-gen4nu-389990,[Gen 4] NU,2018-07-26 21:40:42,,chartiberry95074,roselia48750,roselia48750,False,"['Magmortar', 'Charizard', 'Typhlosion', 'Regirock', 'Hitmonchan', 'Slowking']","['Typhlosion', 'Nidoqueen', 'Hitmonchan', 'Poliwrath', 'Dodrio', 'Skuntank']",31,15,13
gen4nu-1085486698,[Gen 4] NU,2020-03-26 04:07:55,,deoxysspeed62981,enpowerpoison95815,deoxysspeed62981,False,"['Granbull', 'Meganium', 'Armaldo', 'Illumise', 'Cherrim', 'Cradily']","['Lapras', 'Charizard', 'Meganium', 'Electrode', 'Regirock', 'Articuno']",19,5,5
gen4nu-1159405242,[Gen 4] NU,2020-07-28 22:58:42,,psyduck38308,smoothrock25184,smoothrock25184,False,"['Raticate', 'Lairon', 'Quagsire', 'Persian', 'Tangela', 'Gastly']","['Raticate', 'Lairon', 'Quagsire', 'Tangela', 'Gastly']",28,14,13
gen4nu-2201118939,[Gen 4] NU,2024-09-13 22:55:39,1200,block12446,megakick62601,block12446,False,"['Lapras', 'Rapidash', 'Electrode', 'Nidoqueen', 'Raticate', 'Hitmonchan']","['Charizard', 'Gardevoir', 'Nidoqueen', 'Hitmonchan', 'Persian', 'Relicanth']",29,13,7
smogtours-gen4nu-813651,[Gen 4] NU,2025-01-11 12:16:48,,extrasensory76435,rattata90247,extrasensory76435,False,"['Ninetales', 'Sandslash', 'Magneton', 'Floatzel', 'Cacturne', 'Drifblim']","['Vileplume', 'Nidoqueen', 'Hitmonchan', 'Skuntank', 'Slowking', 'Lickilicky']",28,8,13
gen4nu-2263024340,[Gen 4] NU,2024-12-14 19:41:30,,swampert50714,needlearm59980,swampert50714,True,"['Sharpedo', 'Tauros', 'Floatzel', 'Nidoqueen', 'Sableye', 'Cradily']","['Sharpedo', 'Tauros', 'Magneton', 'Haunter', 'Regirock', 'Slowking']",33,13,11
gen4nu-2195861724,[Gen 4] NU,2024-09-06 15:27:17,1030,zoomlens5648,noguard93032,zoomlens5648,True,"['Magmortar', 'Tauros', 'Sandslash', 'Skuntank', 'Slowking']","['Vileplume', 'Nosepass', 'Hitmonchan', 'Bellossom', 'Victreebel']",19,7,5
smogtours-gen4nu-695035,[Gen 4] NU,2023-06-01 21:24:10,,koffing93492,rotomfan35023,rotomfan35023,False,"['Charizard', 'Gligar', 'Tauros', 'Hitmonchan', 'Skuntank', 'Cradily']","['Politoed', 'Gligar', 'Typhlosion', 'Haunter', 'Regirock', 'Skuntank']",40,14,15
smogtours-gen4nu-634792,[Gen 4] NU,2022-06-26 18:38:45,,slowking28210,sniper70774,slowking28210,False,"['Charizard', 'Vileplume', 'Floatzel', 'Hitmonchan', 'Regirock', 'Skuntank']","['Gligar', 'Tauros', 'Magneton', 'Floatzel', 'Hitmonchan', 'Skuntank']",22,11,11
smogtours-gen4nu-598988,[Gen 4] NU,2021-12-22 19:41:52,,mawile36886,rockpolish84152,mawile36886,True,"['Regice', 'Sandslash', 'Hitmonchan', 'Skuntank', 'Jynx', 'Cradily']","['Shiftry', 'Charizard', 'Sandslash', 'Regirock', 'Slowking', 'Drifblim']",34,10,13
smogtours-gen4nu-627576,[Gen 4] NU,2022-05-21 21:43:03,,mawile36886,tyranitar56327,mawile36886,False,"['Tauros', 'Regirock', 'Cacturne', 'Dusclops', 'Whiscash', 'Manectric']","['Vileplume', 'Gligar', 'Tauros', 'Magneton', 'Regirock', 'Hitmonchan']",36,13,11
gen4nu-1063830181,[Gen 4] NU,2020-02-15 20:51:02,,magostberry2704,gengarmega66742,gengarmega66742,False,"['Kecleon', 'Graveler', 'Arbok', 'Glaceon', 'Tangela', 'Yanma']","['Lunatone', 'Diglett', 'Magmar', 'Sableye']",26,5,6
gen4nu-918749934,[Gen 4] NU,2019-05-29 23:56:35,,spheal7278,recycle92780,recycle92780,False,"['Golduck', 'Gabite', 'Monferno', 'Pelipper', 'Metang', 'Purugly']","['Sneasel', 'Pelipper', 'Electabuzz', 'Rhydon', 'Glalie', 'Lickilicky']",20,8,11
gen4nu-934227241,[Gen 4] NU,2019-06-24 19:43:38,,liechiberry37967,powertrick12892,powertrick12892,False,"['Bibarel', 'Granbull', 'Pidgeot', 'Quagsire', 'Tangela', 'Gastly']","['Lapras', 'Kecleon', 'Pineco', 'Mawile', 'Persian', 'Gastly']",31,9,9
gen4nu-735289819,[Gen 4] NU,2018-04-19 22:02:39,,flareblitz66081,safariball69933,flareblitz66081,False,"['Meganium', 'Charizard', 'Tauros', 'Regirock', 'Manectric']","['Torkoal', 'Haunter', 'Mantine', 'Ditto', 'Regigigas', 'Gastrodon']",18,6,10
gen4nu-924139273,[Gen 4] NU,2019-06-07 22:22:48,,rawstberry64920,trace64701,rawstberry64920,False,"['Metang', 'Poliwrath', 'Cacturne', 'Electabuzz', 'Gastrodon', 'Golbat']","['Electabuzz', 'Monferno', 'Mr. Mime', 'Pelipper', 'Victreebel', 'Metang']",23,9,13
gen4nu-718577255,[Gen 4] NU,2018-03-15 22:12:49,,drainpunch40502,dragon95607,dragon95607,True,"['Medicham', 'Bastiodon', 'Gastrodon', 'Glalie', 'Ampharos', 'Articuno']","['Charizard', 'Medicham', 'Armaldo', 'Haunter', 'Skuntank', 'Hypno']",34,9,6
gen4nu-733615637,[Gen 4] NU,2018-04-16 14:39:08,,eruption81639,seaincense12726,eruption81639,False,"['Tauros', 'Regirock', 'Haunter', 'Jynx', 'Manectric', 'Slowking']","['Machoke', 'Charizard', 'Sandslash', 'Jumpluff', 'Whiscash', 'Manectric']",26,13,14
gen4nu-960996318,[Gen 4] NU,2019-08-16 01:47:34,,bayleef26822,murkrow80291,murkrow80291,True,"['Slowking', 'Charizard', 'Regirock', 'Tauros']","['Magmortar', 'Rapidash']",7,3,1
gen4nu-2197198142,[Gen 4] NU,2024-09-08 15:52:48,1059,custapberry1925,metalburst91997,metalburst91997,False,"['Vileplume', 'Charizard', 'Sandslash', 'Skuntank', 'Persian', 'Gardevoir']","['Torkoal', 'Medicham', 'Typhlosion', 'Haunter', 'Quagsire', 'Ampharos']",34,11,10
smogtours-gen4nu-332598,[Gen 4] NU,2017-11-25 18:44:53,,shadowclaw51134,magnemite78536,shadowclaw51134,False,"['Typhlosion', 'Nidoqueen', 'Poliwrath', 'Dodrio', 'Skuntank']","['Machoke', 'Charizard', 'Sandslash', 'Jumpluff', 'Whiscash', 'Manectric']",23,10,10
smogtours-gen4nu-529306,[Gen 4] NU,2020-11-23 03:00:04,,followme77205,flamebody71831,followme77205,False,"['Charizard', 'Magneton', 'Regirock', 'Hitmonchan', 'Crawdaunt', 'Slowking']","['Charizard', 'Sandslash', 'Nidoqueen', 'Hitmonchan', 'Cacturne', 'Rhydon']",16,7,9
gen4nu-965904886,[Gen 4] NU,2019-08-25 19:24:52,,shadowclaw51134,poisonsting84915,shadowclaw51134,False,"['Tauros', 'Floatzel', 'Nidoqueen', 'Hitmonchan', 'Muk', 'Slowking']","['Shiftry', 'Charizard', 'Haunter', 'Poliwrath', 'Regirock', 'Drifblim']",22,10,10
smogtours-gen4nu-382320,[Gen 4] NU,2018-06-10 18:55:07,,delcatty2986,poisonsting74677,poisonsting74677,False,"['Wormadam-Trash', 'Shedinja', 'Kricketune', 'Stantler', 'Mothim', 'Solrock']","['Rampardos', 'Octillery', 'Armaldo', 'Bastiodon', 'Masquerain', 'Yanma']",26,7,7
gen4nu-2311838852,[Gen 4] NU,2025-03-03 21:40:57,,yawn76579,absol56061,absol56061,False,"['Venomoth', 'Meganium', 'Floatzel', 'Regirock', 'Hitmonchan', 'Skuntank']","['Regirock', 'Haunter', 'Hitmonchan', 'Jynx', 'Skuntank', 'Manectric']",20,9,9
gen4nu-948321621,[Gen 4] NU,2019-07-21 17:14:25,,swampert50714,leafeon29964,swampert50714,False,"['Poliwrath', 'Victreebel', 'Electabuzz', 'Glalie', 'Misdreavus']","['Rapidash', 'Poliwrath', 'Victreebel', 'Rhydon', 'Glalie', 'Misdreavus']",17,5,8
smogtours-gen4nu-631084,[Gen 4] NU,2022-06-10 19:10:46,,haunter12630,sniper70774,sniper70774,True,"['Meganium', 'Regirock', 'Hitmonchan', 'Skuntank', 'Slowking', 'Articuno']","['Regirock', 'Vileplume', 'Poliwrath']",26,10,4
smogtours-gen4nu-443241,[Gen 4] NU,2019-05-25 19:10:01,,starmie65430,tailwhip57752,tailwhip57752,True,"['Politoed', 'Tauros', 'Haunter', 'Victreebel', 'Solrock', 'Crawdaunt']","['Magmortar', 'Poliwrath', 'Regirock', 'Skuntank', 'Gardevoir', 'Drifblim']",26,12,11
gen4nu-938200577,[Gen 4] NU,2019-07-01 23:27:42,,wailmer43107,leppaberry32170,leppaberry32170,False,"['Granbull', 'Lapras', 'Dusclops', 'Solrock', 'Persian', 'Tangela']","['Raticate', 'Exploud', 'Dusclops', 'Solrock', 'Persian', 'Tangela']",26,9,12
gen4nu-2208103944,[Gen 4] NU,2024-09-23 20:06:33,1080,growl5652,meowth33867,growl5652,False,"['Charizard', 'Hitmonchan', 'Mawile', 'Skuntank', 'Pikachu']","['Machoke', 'Octillery', 'Hitmonchan', 'Regigigas', 'Gardevoir', 'Beedrill']",21,8,7
smogtours-gen4nu-393027,[Gen 4] NU,2018-08-26 20:24:18,,hammerarm61526,shadowclaw51134,hammerarm61526,True,"['Medicham', 'Magneton', 'Hitmonchan', 'Dodrio', 'Slowking', 'Cradily']","['Tauros', 'Floatzel', 'Nidoqueen', 'Hitmonchan', 'Muk', 'Slowking']",20,10,13
gen4nu-667527270,[Gen 4] NU,2017-12-01 19:50:46,,shadowclaw51134,quilava99512,shadowclaw51134,False,"['Machoke', 'Poliwrath', 'Cacturne', 'Rhydon', 'Misdreavus', 'Golbat']","['Pineco', 'Muk', 'Pelipper', 'Victreebel', 'Metang', 'Misdreavus']",33,14,17
gen4nu-2261048409,[Gen 4] NU,2024-12-11 16:19:34,,sealeo92427,mysteryberry83821,sealeo92427,False,"['Vileplume', 'Charizard', 'Sandslash', 'Floatzel', 'Skuntank', 'Gardevoir']","['Tauros', 'Medicham', 'Magneton', 'Sandslash', 'Skuntank', 'Slowking']",24,8,13
gen4nu-955266259,[Gen 4] NU,2019-08-04 13:32:47,,meteormash76792,donphan58946,donphan58946,True,"['Shelgon', 'Raticate', 'Dusclops', 'Lairon', 'Quagsire', 'Swalot']","['Persian', 'Quagsire', 'Lairon', 'Tangela', 'Gastly']",33,16,14
gen4nu-2200140059,[Gen 4] NU,2024-09-12 16:24:08,1019,choicescarf81984,pinmissile14901,pinmissile14901,False,"['Wormadam-Trash', 'Rampardos', 'Regirock', 'Haunter', 'Arbok', 'Gastrodon']","['Floatzel', 'Hitmonchan', 'Linoone', 'Gardevoir', 'Golbat']",23,11,7
smogtours-gen4nu-712042,[Gen 4] NU,2023-08-25 12:38:42,,buneary57593,magnetpull75337,buneary57593,False,"['Shiftry', 'Medicham', 'Regirock', 'Skuntank', 'Jynx', 'Slowking']","['Shiftry', 'Tauros', 'Nidoqueen', 'Regirock', 'Hitmonchan', 'Slowking']",31,13,17
smogtours-gen4nu-675369,[Gen 4] NU,2023-02-17 18:55:49,,stickyhold28665,compoundeyes14899,stickyhold28665,False,"['Magmortar', 'Tauros', 'Medicham', 'Regirock', 'Cacturne', 'Drifblim']","['Shiftry', 'Charizard', 'Poliwrath', 'Skuntank', 'Jynx', 'Solrock']",17,8,10
gen4nu-937492288,[Gen 4] NU,2019-06-30 17:22:32,,tangela22698,wailmer43107,tangela22698,False,"['Politoed', 'Raticate', 'Lairon', 'Diglett', 'Fearow', 'Yanma']","['Raticate', 'Exploud', 'Dusclops', 'Solrock', 'Persian', 'Tangela']",26,12,9
smogtours-gen4nu-447951,[Gen 4] NU,2019-06-16 23:49:16,,futuresight13270,fireblast30665,fireblast30665,False,"['Shiftry', 'Armaldo', 'Hitmonchan', 'Regirock', 'Skuntank', 'Slowking']","['Granbull', 'Tauros', 'Regirock', 'Skuntank', 'Muk', 'Slowking']",23,10,11
gen4nu-450028478,[Gen 4] NU,2016-10-03 16:34:08,,custapberry71278,poisonheal87841,poisonheal87841,True,"['Bibarel', 'Gorebyss', 'Gligar', 'Dodrio', 'Mr. Mime', 'Lopunny']","['Tauros', 'Magneton', 'Typhlosion', 'Hitmonchan', 'Dodrio', 'Hypno']",26,8,8
gen4nu-2173511944,[Gen 4] NU,2024-08-04 21:21:49,,poisontail76206,jynx62866,jynx62866,True,"['Cloyster', 'Shiftry', 'Medicham', 'Electrode', 'Regirock', 'Drifblim']","['Gorebyss', 'Ludicolo', 'Slowbro', 'Nidoking', 'Persian']",18,8,5
gen4nu-898572515,[Gen 4] NU,2019-04-24 23:31:03,,fireblast30665,haunter12630,haunter12630,True,"['Venomoth', 'Meganium', 'Tauros', 'Floatzel', 'Slowking']","['Meganium', 'Sandslash', 'Medicham', 'Poliwrath', 'Skuntank', 'Slowking']",26,10,12
gen4nu-958861629,[Gen 4] NU,2019-08-11 20:49:21,,wailmer43107,micleberry95900,wailmer43107,True,"['Arbok', 'Probopass', 'Tangela', 'Kecleon']","['Huntail', 'Raticate', 'Lairon', 'Diglett', 'Fearow', 'Yanma']",20,8,11
smogtours-gen4nu-563252,[Gen 4] NU,2021-05-30 20:12:26,,slowking28210,seedflare81285,seedflare81285,False,"['Charizard', 'Regirock', 'Hitmonchan', 'Haunter', 'Skuntank', 'Slowking']","['Sharpedo', 'Meganium', 'Typhlosion', 'Regirock', 'Hitmonchan', 'Skuntank']",28,12,10
gen4nu-929943628,[Gen 4] NU,2019-06-17 17:14:47,,wikiberry84439,illuminate3084,wikiberry84439,False,"['Kingler', 'Stunky', 'Pineco', 'Dusclops', 'Persian', 'Pupitar']","['Kingler', 'Stunky', 'Pineco', 'Dusclops', 'Persian', 'Pupitar']",34,13,13
smogtours-gen4nu-657563,[Gen 4] NU,2022-10-28 14:50:26,,haunter12630,whirlpool40763,haunter12630,False,"['Nidoqueen', 'Hitmonchan', 'Dusclops', 'Slowking', 'Glalie']","['Politoed', 'Tauros', 'Regirock', 'Skuntank', 'Marowak', 'Drifblim']",19,6,7
gen4nu-783172529,[Gen 4] NU,2018-07-29 23:45:13,,attract31504,calmmind75262,attract31504,True,"['Vileplume', 'Sandslash', 'Regirock', 'Slowking', 'Articuno']","['Machoke', 'Charizard', 'Sandslash', 'Jumpluff', 'Whiscash', 'Manectric']",33,10,10
smogtours-gen4nu-634529,[Gen 4] NU,2022-06-25 21:27:43,,spikecannon97564,mawile36886,mawile36886,False,"['Tauros', 'Medicham', 'Regirock', 'Dusclops', 'Manectric', 'Slowking']","['Tauros', 'Regirock', 'Cacturne', 'Dusclops', 'Whiscash', 'Manectric']",31,11,11
smogtours-gen4nu-790294,[Gen 4] NU,2024-09-12 17:23:21,,suicune87392,acupressure38299,suicune87392,False,"['Sandslash', 'Cacturne', 'Articuno', 'Tauros']","['Exeggutor', 'Regirock', 'Skuntank', 'Victreebel', 'Persian', 'Gardevoir']",22,7,9
smogtours-gen4nu-790293,[Gen 4] NU,2024-09-12 17:18:03,,suicune87392,acupressure38299,suicune87392,False,"['Exeggutor', 'Slowbro', 'Regirock', 'Skuntank', 'Slowking', 'Ampharos']","['Cloyster', 'Entei', 'Regirock', 'Skuntank', 'Espeon', 'Drifblim']",21,9,8
gen4nu-933508541,[Gen 4] NU,2019-06-23 15:18:01,,spheal7278,haunter12630,spheal7278,False,"['Gabite', 'Rapidash', 'Metang', 'Purugly', 'Gastrodon', 'Misdreavus']","['Kecleon', 'Cacturne', 'Dusclops', 'Marowak', 'Chimecho', 'Ampharos']",29,10,9
smogtours-gen4nu-201911,[Gen 4] NU,2016-10-11 23:46:31,,scratch46579,naturepower56647,scratch46579,False,"['Typhlosion', 'Nidoqueen', 'Hitmonchan', 'Skuntank', 'Slowking', 'Gardevoir']","['Gligar', 'Tauros', 'Medicham', 'Magneton', 'Hitmonchan', 'Hypno']",24,10,8
gen4nu-1172821512,[Gen 4] NU,2020-08-21 15:40:54,,mail79545,wormadamtrash59670,wormadamtrash59670,False,"['Gabite', 'Zangoose', 'Monferno', 'Mantine', 'Probopass', 'Ampharos']","['Monferno', 'Bellossom', 'Murkrow', 'Muk', 'Purugly', 'Relicanth']",32,16,11
gen4nu-918982087,[Gen 4] NU,2019-05-30 11:36:31,,hoothoot99381,illumise55227,illumise55227,False,"['Wormadam-Trash', 'Banette', 'Noctowl', 'Zangoose', 'Wigglytuff', 'Stantler']","['Gligar', 'Pinsir', 'Poliwrath', 'Masquerain', 'Sableye', 'Yanma']",39,8,7
smogtours-gen4nu-567545,[Gen 4] NU,2021-06-24 21:06:15,,futuresight13270,sunstone25143,sunstone25143,False,"['Sharpedo', 'Medicham', 'Mantine', 'Skuntank', 'Manectric', 'Cradily']","['Tauros', 'Hitmonchan', 'Skuntank', 'Quagsire', 'Manectric', 'Cradily']",44,21,17
gen4nu-2195768225,[Gen 4] NU,2024-09-06 12:58:53,1009,spelltag8256,rage6312,rage6312,False,"['Charizard', 'Vileplume', 'Sandslash', 'Floatzel', 'Skuntank', 'Gardevoir']","['Charizard', 'Medicham', 'Regirock', 'Hitmonchan', 'Skuntank', 'Parasect']",23,7,9
gen4nu-884056223,[Gen 4] NU,2019-03-29 20:56:19,,psybeam14379,blastoise29791,psybeam14379,False,"['Tropius', 'Sudowoodo', 'Weepinbell', 'Diglett', 'Tangela', 'Magmar']","['Stunky', 'Staryu', 'Butterfree', 'Raticate', 'Quagsire', 'Diglett']",24,9,8
gen4nu-941234917,[Gen 4] NU,2019-07-07 21:58:01,,simple33528,fly68637,simple33528,False,"['Poliwrath', 'Victreebel', 'Electabuzz', 'Lickilicky', 'Glalie', 'Misdreavus']","['Xatu', 'Poliwrath', 'Marowak', 'Victreebel', 'Electabuzz', 'Glalie']",21,8,8
smogtours-gen4nu-584158,[Gen 4] NU,2021-10-04 03:20:14,,rotom99808,shadowclaw51134,shadowclaw51134,False,"['Floatzel', 'Nidoqueen', 'Hitmonchan', 'Cacturne', 'Skuntank', 'Drifblim']","['Tauros', 'Nidoqueen', 'Cacturne', 'Slowking', 'Drifblim']",21,6,7
smogtours-gen4nu-632471,[Gen 4] NU,2022-06-16 16:51:04,,mawile36886,tyranitar56327,mawile36886,False,"['Shiftry', 'Charizard', 'Tauros', 'Sandslash', 'Regirock', 'Walrein']","['Tauros', 'Regirock', 'Cacturne', 'Dusclops', 'Slowking', 'Ampharos']",33,16,14
gen4nu-840378760,[Gen 4] NU,2018-12-25 16:40:18,,gust83845,spikes30756,gust83845,False,"['Lopunny', 'Bastiodon', 'Yanma']","['Vespiquen', 'Trapinch', 'Carnivine', 'Quagsire', 'Chimecho', 'Raichu']",21,4,7
gen4nu-1158119028,[Gen 4] NU,2020-07-26 19:37:42,,deoxysattack76542,astonish72019,deoxysattack76542,False,"['Tauros', 'Regirock', 'Haunter', 'Jynx', 'Manectric', 'Slowking']","['Tauros', 'Regirock', 'Haunter', 'Jynx', 'Manectric', 'Slowking']",27,10,10
smogtours-gen4nu-563316,[Gen 4] NU,2021-05-30 22:02:40,,wooper24132,fireblast30665,wooper24132,False,"['Meganium', 'Magneton', 'Armaldo', 'Skuntank', 'Slowking']","['Tauros', 'Floatzel', 'Hitmonchan', 'Regirock', 'Skuntank', 'Drifblim']",19,10,8
gen4nu-2198688683,[Gen 4] NU,2024-09-10 17:17:42,1079,twistedspoon19126,growl5652,growl5652,False,"['Charizard', 'Medicham', 'Sandslash', 'Floatzel', 'Regirock', 'Skuntank']","['Charizard', 'Hitmonchan', 'Mawile', 'Skuntank', 'Pikachu', 'Cradily']",30,12,11
gen4nu-769730823,[Gen 4] NU,2018-07-01 00:17:12,,spheal7278,trace64701,trace64701,False,"['Metang', 'Monferno', 'Sneasel', 'Bellossom', 'Pelipper', 'Electabuzz']","['Rapidash', 'Bellossom', 'Mr. Mime', 'Pelipper', 'Metang', 'Swalot']",34,17,12
smogtours-gen4nu-819250,[Gen 4] NU,2025-02-09 22:27:36,,rattata90247,denpowerwater91914,rattata90247,False,"['Gligar', 'Tauros', 'Magneton', 'Floatzel', 'Hitmonchan', 'Skuntank']","['Shiftry', 'Floatzel', 'Regirock', 'Dodrio', 'Dusclops', 'Glalie']",30,10,12
smogtours-gen4nu-562041,[Gen 4] NU,2021-05-24 00:19:10,,wooper24132,rockpolish84152,wooper24132,False,"['Shiftry', 'Charizard', 'Tauros', 'Sandslash', 'Skuntank', 'Slowking']","['Politoed', 'Magmortar', 'Magneton', 'Haunter', 'Jynx', 'Piloswine']",22,10,10
gen4nu-895197770,[Gen 4] NU,2019-04-18 19:20:08,,acupressure5238,mantyke35438,mantyke35438,False,"['Shiftry', 'Charizard', 'Vileplume', 'Floatzel', 'Regirock', 'Skuntank']","['Machoke', 'Shiftry', 'Tauros', 'Magneton', 'Regirock']",15,8,6
smogtours-gen4nu-712399,[Gen 4] NU,2023-08-26 22:58:44,,clearbody59762,extrasensory76435,clearbody59762,True,"['Sharpedo', 'Shiftry']","['Charizard', 'Tauros', 'Magneton', 'Dusclops', 'Cradily']",12,1,6
smogtours-gen4nu-637546,[Gen 4] NU,2022-07-14 16:28:04,,slowking28210,mawile36886,mawile36886,False,"['Camerupt', 'Vileplume', 'Medicham', 'Regirock', 'Skuntank', 'Drifblim']","['Meganium', 'Gligar', 'Tauros', 'Regirock', 'Skuntank', 'Slowking']",23,9,9
gen4nu-862136065,[Gen 4] NU,2019-02-13 15:33:58,,rindoberry7399,rawstberry64920,rindoberry7399,False,"['Onix', 'Weepinbell', 'Persian', 'Tangela', 'Magmar', 'Abra']","['Machop', 'Kecleon', 'Shelgon', 'Houndour', 'Pupitar', 'Gastly']",16,5,5
gen4nu-2198893488,[Gen 4] NU,2024-09-10 22:33:32,1000,stench95521,zoomlens5648,zoomlens5648,False,"['Bibarel', 'Armaldo', 'Arbok', 'Carnivine', 'Ampharos', 'Articuno']","['Politoed', 'Charizard', 'Sandslash', 'Haunter', 'Skuntank', 'Glalie']",20,6,7
gen4nu-726431890,[Gen 4] NU,2018-04-01 08:55:52,,rockslide55095,dragonfang20633,rockslide55095,False,"['Charizard', 'Vileplume', 'Sandslash', 'Floatzel', 'Skuntank']","['Charizard', 'Vileplume', 'Sandslash', 'Floatzel', 'Skuntank', 'Gardevoir']",26,9,10
smogtours-gen4nu-827268,[Gen 4] NU,2025-03-25 22:37:06,,icywind98531,vitalspirit41729,icywind98531,False,"['Shiftry', 'Lapras', 'Charizard', 'Nidoqueen', 'Hitmonchan', 'Sableye']","['Vileplume', 'Magneton', 'Floatzel', 'Hitmonchan', 'Drifblim']",25,10,13
gen4nu-1140944000,[Gen 4] NU,2020-06-27 22:12:05,,quickpowder71749,leechlife2581,quickpowder71749,True,"['Shiftry', 'Floatzel', 'Regirock', 'Hitmonchan', 'Jynx', 'Drifblim']","['Magmortar', 'Medicham', 'Armaldo', 'Regirock', 'Crawdaunt', 'Ampharos']",21,10,8
gen4nu-2199044303,[Gen 4] NU,2024-09-11 03:29:34,1040,megakick62601,metapod50682,megakick62601,False,"['Lapras', 'Charizard', 'Vileplume', 'Hitmonchan', 'Regirock', 'Sneasel']","['Tauros', 'Regirock', 'Haunter', 'Jynx', 'Manectric', 'Slowking']",38,9,15
smogtours-gen4nu-814337,[Gen 4] NU,2025-01-16 22:12:25,,corphish30125,pamtreberry72437,corphish30125,False,"['Sharpedo', 'Shiftry', 'Regirock', 'Gardevoir', 'Drifblim']","['Nidoqueen', 'Haunter', 'Jynx', 'Manectric', 'Slowking', 'Cradily']",28,6,14
gen4nu-801864171,[Gen 4] NU,2018-09-06 20:33:00,,luxuryball92459,sandveil21531,luxuryball92459,False,"['Snover', 'Gabite', 'Charizard', 'Magneton', 'Hitmonchan']","['Ninetales', 'Butterfree', 'Luxray', 'Nidoqueen', 'Quagsire', 'Articuno']",20,7,10
gen4nu-874352727,[Gen 4] NU,2019-03-11 01:02:46,,gardevoir41806,cometpunch68795,cometpunch68795,False,"['Electabuzz', 'Octillery', 'Muk', 'Metang', 'Purugly', 'Misdreavus']","['Poliwrath', 'Sneasel', 'Cacturne', 'Electabuzz', 'Rhydon', 'Golbat']",27,10,11
gen4nu-902817963,[Gen 4] NU,2019-05-02 18:25:38,,haunter12630,miltank16297,haunter12630,False,"['Shiftry', 'Ninetales', 'Regirock', 'Dodrio', 'Poliwrath', 'Gardevoir']","['Charizard', 'Tauros', 'Hitmonchan', 'Manectric', 'Slowking', 'Cradily']",29,10,11
gen4nu-2203046778,[Gen 4] NU,2024-09-16 19:50:35,1021,slaking42242,chopleberry38027,chopleberry38027,False,"['Lapras', 'Mightyena', 'Sandslash', 'Manectric', 'Roselia', 'Fearow']","['Sharpedo', 'Floatzel', 'Nidoqueen', 'Tauros']",19,10,4
gen4nu-2202463047,[Gen 4] NU,2024-09-16 00:03:25,1023,block12446,zoomlens5648,zoomlens5648,True,"['Monferno', 'Croconaw']","['Politoed', 'Sandslash', 'Glalie']",6,1,2
smogtours-gen4nu-810739,[Gen 4] NU,2024-12-16 12:50:42,,questionmarks97791,clefairy19286,questionmarks97791,False,"['Wailord', 'Gorebyss', 'Floatzel', 'Regirock', 'Relicanth', 'Drifblim']","['Shiftry', 'Medicham', 'Hitmonchan', 'Jynx', 'Glalie', 'Drifblim']",14,8,5
smogtours-gen4nu-827123,[Gen 4] NU,2025-03-24 03:31:33,,figyberry60744,volttackle6680,figyberry60744,False,"['Meganium', 'Magneton', 'Regirock', 'Poliwrath', 'Dusclops', 'Skuntank']","['Meganium', 'Tauros', 'Regirock', 'Poliwrath', 'Skuntank', 'Dusclops']",51,13,17
gen4nu-1019072097,[Gen 4] NU,2019-11-29 04:26:25,,combusken60283,arceussteel79571,arceussteel79571,False,"['Politoed', 'Monferno', 'Victreebel', 'Purugly', 'Rhydon', 'Golbat']","['Camerupt', 'Machoke', 'Metang', 'Kadabra', 'Victreebel', 'Electabuzz']",23,10,11
gen4nu-956114490,[Gen 4] NU,2019-08-06 05:29:21,,mindreader27217,moltres38390,moltres38390,False,"['Tauros', 'Haunter', 'Regirock', 'Jynx', 'Manectric', 'Slowking']","['Machoke', 'Charizard', 'Sandslash', 'Jumpluff', 'Manectric']",20,9,4
gen4nu-2307942931,[Gen 4] NU,2025-02-26 00:31:19,,regice91836,megakick62601,megakick62601,False,"['Shiftry', 'Typhlosion', 'Regirock', 'Victreebel', 'Persian', 'Hypno']","['Linoone', 'Lickilicky', 'Gardevoir', 'Medicham']",14,6,4
gen4nu-1044869231,[Gen 4] NU,2020-01-12 03:56:18,,venonat34855,karatechop96796,venonat34855,False,"['Typhlosion', 'Dodrio', 'Skuntank', 'Dewgong', 'Bastiodon', 'Gardevoir']","['Bibarel', 'Vespiquen', 'Gligar', 'Armaldo', 'Hitmonchan', 'Dodrio']",37,12,12
smogtours-gen4nu-648991,[Gen 4] NU,2022-09-18 14:50:40,,futuresight13270,whirlpool40763,whirlpool40763,False,"['Tauros', 'Regirock', 'Skuntank', 'Marowak', 'Slowking', 'Drifblim']","['Politoed', 'Magmortar', 'Magneton', 'Haunter', 'Jynx', 'Piloswine']",28,12,8
smogtours-gen4nu-784655,[Gen 4] NU,2024-08-07 21:08:58,,pelipper44197,pinmissile9006,pelipper44197,False,"['Sharpedo', 'Exeggutor', 'Hitmonchan', 'Regirock', 'Slowking', 'Drapion']","['Politoed', 'Altaria', 'Gligar', 'Aggron', 'Hitmonchan', 'Drifblim']",28,8,12
smogtours-gen4nu-787785,[Gen 4] NU,2024-08-28 04:01:50,,bodyslam74090,exploud62674,bodyslam74090,False,"['Claydol', 'Nidoking', 'Electrode', 'Hitmonchan', 'Skuntank', 'Espeon']","['Tangrowth', 'Venomoth', 'Tauros', 'Steelix', 'Slowking', 'Drifblim']",23,11,11
gen4nu-939636838,[Gen 4] NU,2019-07-04 18:16:40,,friendball15058,synchronize12410,synchronize12410,False,"['Magmortar', 'Rampardos', 'Medicham', 'Dusclops', 'Jumpluff', 'Lickilicky']","['Granbull', 'Tauros', 'Torkoal', 'Regirock', 'Pikachu']",37,10,9
smogtours-gen4nu-783785,[Gen 4] NU,2024-08-03 09:54:17,,arceusice45612,rawstberry17405,arceusice45612,False,"['Charizard', 'Slowbro', 'Steelix', 'Hitmonchan', 'Drapion']","['Shiftry', 'Gligar', 'Aggron', 'Hitmonchan', 'Slowking', 'Drapion']",18,7,6
gen4nu-794818255,[Gen 4] NU,2018-08-23 20:18:09,,togekiss35724,poisonheal36707,togekiss35724,True,"['Venomoth', 'Sandslash', 'Regirock', 'Cacturne', 'Dusclops', 'Lickilicky']","['Gastrodon-East', 'Hitmonchan', 'Regirock', 'Skuntank', 'Gardevoir', 'Drifblim']",33,15,18
gen4nu-884164688,[Gen 4] NU,2019-03-30 01:09:22,,zenheadbutt21681,ursaring45910,ursaring45910,False,"[""Farfetch'D"", 'Staryu', 'Charizard', 'Medicham', 'Prinplup', 'Ampharos']","['Lapras', 'Gligar', 'Armaldo', 'Monferno', 'Skuntank', 'Dusclops']",42,14,17
gen4nu-2311775477,[Gen 4] NU,2025-03-03 20:02:59,,staryu66980,quickfeet95939,quickfeet95939,False,"['Ninetales', 'Tauros', 'Poliwrath', 'Skuntank', 'Cradily', 'Drifblim']","['Camerupt', 'Magmortar', 'Shiftry', 'Charizard', 'Regirock', 'Slowking']",26,11,7
gen4nu-750450946,[Gen 4] NU,2018-05-21 02:33:01,,dialga90414,growlithe55875,growlithe55875,True,"['Electabuzz', 'Armaldo', 'Monferno', 'Quagsire', 'Misdreavus', 'Articuno']","['Armaldo', 'Poliwrath', 'Mr. Mime', 'Metang', 'Golbat', 'Articuno']",62,19,19
gen4nu-1092275828,[Gen 4] NU,2020-04-07 01:15:23,,rceuselectric87065,camerupt68080,rceuselectric87065,False,"['Politoed', 'Gligar', 'Typhlosion', 'Dusclops', 'Hypno', 'Roselia']","['Vileplume', 'Rapidash', 'Hitmonchan', 'Whiscash', 'Grumpig', 'Shuckle']",33,12,13
smogtours-gen4nu-812481,[Gen 4] NU,2025-01-03 19:13:56,,sniper70774,koffing93492,sniper70774,False,"['Charizard', 'Regirock', 'Hitmonchan', 'Skuntank', 'Manectric', 'Slowking']","['Vileplume', 'Tauros', 'Zangoose', 'Haunter', 'Regirock', 'Skuntank']",26,9,10
smogtours-gen4nu-408484,[Gen 4] NU,2018-12-20 20:34:25,,drainpunch57450,sniper70774,drainpunch57450,False,"['Rapidash', 'Grotle', 'Kadabra', 'Poliwrath', 'Metang']","['Gabite', 'Rapidash', 'Poliwrath', 'Metang', 'Misdreavus', 'Golbat']",29,12,17
gen4nu-775833157,[Gen 4] NU,2018-07-14 20:53:49,,haunter12630,trace64701,haunter12630,False,"['Kecleon', 'Poliwrath', 'Murkrow', 'Victreebel', 'Rhydon', 'Ampharos']","['Gabite', 'Rapidash', 'Xatu', 'Poliwrath', 'Cacturne', 'Metang']",27,12,12
gen4nu-2261308600,[Gen 4] NU,2024-12-11 23:37:31,,shinystone44310,ponyta82141,shinystone44310,False,"['Sharpedo', 'Shiftry', 'Regirock', 'Hitmonchan', 'Slowking']","['Ninetales', 'Tauros', 'Nidoqueen', 'Sableye', 'Manectric', 'Slowking']",20,5,11
gen4nu-2282544644,[Gen 4] NU,2025-01-17 00:23:28,,weepinbell75190,milkdrink49044,milkdrink49044,False,"['Hitmonchan', 'Regirock', 'Cacturne', 'Dusclops', 'Linoone', 'Drifblim']","['Charizard', 'Nidoqueen']",13,6,1
gen4nu-2209075952,[Gen 4] NU,2024-09-25 02:18:47,,imprison14816,staryu66980,staryu66980,True,"['Kecleon', 'Tauros', 'Nidoqueen', 'Poliwrath', 'Cacturne', 'Drifblim']","['Slowking', 'Charizard', 'Regice', 'Drifblim']",13,7,4
gen4nu-986525832,[Gen 4] NU,2019-10-03 20:53:44,,swampert50714,haunter12630,haunter12630,False,"['Bibarel', 'Lapras', 'Flareon', 'Arbok', 'Girafarig', 'Diglett']","['Staryu', 'Flareon', 'Grotle', 'Mawile', 'Chimecho', 'Magmar']",26,9,11
gen4nu-953793939,[Gen 4] NU,2019-08-01 11:11:04,,disable51036,aggron60452,disable51036,False,"['Charizard', 'Vileplume', 'Sandslash', 'Floatzel', 'Skuntank', 'Gardevoir']","['Charizard', 'Vileplume', 'Sandslash', 'Floatzel', 'Skuntank', 'Gardevoir']",26,16,13
smogtours-gen4nu-840978,[Gen 4] NU,2025-05-10 15:38:24,,thunderwave9074,icywind98531,thunderwave9074,False,"['Sharpedo', 'Venomoth', 'Tauros', 'Regirock', 'Lickilicky', 'Gardevoir']","['Magmortar', 'Meganium', 'Nidoqueen', 'Skuntank', 'Dusclops', 'Manectric']",28,12,12
gen4nu-960723199,[Gen 4] NU,2019-08-15 15:09:34,,smoothrock25184,thrash80465,thrash80465,False,"['Lapras', 'Banette', 'Houndour', 'Persian', 'Lairon', 'Diglett']","['Walrein', 'Clefairy', 'Diglett', 'Tangela', 'Gastly']",22,13,7
gen4nu-2281850769,[Gen 4] NU,2025-01-15 22:44:45,,rotom15770,futuresight13270,rotom15770,False,"['Charizard', 'Tauros', 'Hitmonchan', 'Golem', 'Skuntank', 'Slowking']","['Tauros', 'Electrode', 'Regirock', 'Jynx', 'Crawdaunt', 'Gardevoir']",26,12,11
gen4nu-2238240376,[Gen 4] NU,2024-11-06 00:44:18,,meditate45843,tangledfeet46164,meditate45843,False,"['Lickilicky', 'Electrode', 'Charizard', 'Haunter']","['Sunflora', 'Luxray', 'Floatzel', 'Typhlosion', 'Ariados', 'Glaceon']",13,3,7
gen4nu-1052308938,[Gen 4] NU,2020-01-25 04:14:06,,arbok56586,snover57749,arbok56586,False,"['Camerupt', 'Lapras', 'Noctowl', 'Luxray', 'Tauros', 'Armaldo']","['Charizard', 'Nidoqueen', 'Mawile', 'Dusclops', 'Slowking', 'Ampharos']",36,8,8
gen4nu-941237612,[Gen 4] NU,2019-07-07 22:03:50,,simple33528,tangledfeet90527,simple33528,True,"['Poliwrath', 'Victreebel', 'Lickilicky', 'Glalie', 'Misdreavus']","['Rapidash', 'Poliwrath', 'Victreebel', 'Rhydon', 'Glalie', 'Misdreavus']",27,8,11
smogtours-gen4nu-564847,[Gen 4] NU,2021-06-06 20:17:21,,fireblast30665,rockpolish84152,fireblast30665,False,"['Golduck', 'Venomoth', 'Pinsir', 'Regirock', 'Hitmonchan', 'Skuntank']","['Floatzel', 'Nidoqueen', 'Hitmonchan', 'Cacturne', 'Skuntank', 'Drifblim']",28,10,10
smogtours-gen4nu-563486,[Gen 4] NU,2021-05-31 20:19:36,,seedflare81285,tyranitar56327,seedflare81285,False,"['Sharpedo', 'Meganium', 'Medicham', 'Regirock', 'Skuntank']","['Haunter', 'Hitmonchan', 'Regirock', 'Jynx', 'Skuntank', 'Manectric']",22,8,9
smogtours-gen4nu-649463,[Gen 4] NU,2022-09-18 20:41:07,,iceshard30836,flareblitz41770,iceshard30836,False,"['Vileplume', 'Charizard', 'Floatzel', 'Regirock', 'Hitmonchan', 'Skuntank']","['Tauros', 'Regirock', 'Cacturne', 'Dusclops', 'Whiscash', 'Manectric']",26,9,8
gen4nu-2212468084,[Gen 4] NU,2024-09-29 23:59:22,1147,growl5652,chansey41469,growl5652,False,"['Charizard', 'Hitmonchan', 'Mawile', 'Skuntank', 'Pikachu', 'Cradily']","['Sharpedo', 'Tauros', 'Medicham', 'Magneton', 'Typhlosion', 'Haunter']",19,10,5
gen4nu-2269038884,[Gen 4] NU,2024-12-24 21:30:17,,enpowerdragon40964,leafeon6223,enpowerdragon40964,True,"['Charizard', 'Vileplume', 'Sandslash', 'Floatzel', 'Gardevoir']","['Charizard', 'Vileplume', 'Sandslash', 'Floatzel', 'Skuntank', 'Gardevoir']",21,5,9
smogtours-gen4nu-693610,[Gen 4] NU,2023-05-21 20:38:13,,crosschop14357,darkvoid39103,darkvoid39103,False,"['Tauros', 'Medicham', 'Regirock', 'Skuntank', 'Slowking', 'Drifblim']","['Shiftry', 'Haunter', 'Regirock', 'Skuntank', 'Slowking']",25,10,9
gen4nu-1161921624,[Gen 4] NU,2020-08-02 11:31:27,,doubleedge47965,toxic83968,toxic83968,True,"['Magmortar', 'Tauros', 'Medicham', 'Jynx', 'Probopass']","['Charizard', 'Bastiodon', 'Cacturne']",13,7,3
gen4nu-965902480,[Gen 4] NU,2019-08-25 19:20:55,,poisonsting84915,shadowclaw51134,poisonsting84915,True,"['Nidoqueen', 'Regirock', 'Skuntank', 'Jumpluff', 'Slowking', 'Lickilicky']","['Haunter', 'Poliwrath', 'Regirock', 'Cacturne', 'Manectric', 'Gardevoir']",36,13,8
smogtours-gen4nu-478198,[Gen 4] NU,2020-03-01 16:44:05,,faketears70399,stoneplate37213,faketears70399,False,"['Medicham', 'Sandslash', 'Jynx', 'Manectric', 'Lickilicky', 'Drifblim']","['Sandslash', 'Regirock', 'Hitmonchan', 'Skuntank', 'Slowking', 'Articuno']",39,11,15
gen4nu-829035454,[Gen 4] NU,2018-11-01 20:07:03,,conversion257800,seaking99635,seaking99635,False,"['Magmortar', 'Charizard', 'Typhlosion', 'Regirock', 'Hitmonchan', 'Slowking']","['Nidoqueen', 'Hitmonchan', 'Cacturne', 'Dusclops', 'Slowking', 'Lickilicky']",33,11,14
smogtours-gen4nu-586136,[Gen 4] NU,2021-10-11 16:56:01,,whirlpool40763,seedflare81285,whirlpool40763,False,"['Shiftry', 'Floatzel', 'Regirock', 'Hitmonchan', 'Jynx', 'Drifblim']","['Sharpedo', 'Regirock', 'Hitmonchan', 'Skuntank', 'Manectric', 'Drifblim']",31,8,9
gen4nu-958863195,[Gen 4] NU,2019-08-11 20:53:53,,micleberry95900,wailmer43107,micleberry95900,False,"['Huntail', 'Raticate', 'Lairon', 'Diglett', 'Fearow', 'Yanma']","['Granbull', 'Lapras', 'Solrock', 'Persian', 'Sableye', 'Tangela']",16,5,9
gen4nu-457937355,[Gen 4] NU,2016-10-16 03:22:32,1000,sandattack89987,fly76710,sandattack89987,False,"['Jynx', 'Sandslash']","['Charizard', 'Armaldo', 'Exploud', 'Arbok', 'Ampharos', 'Articuno']",12,1,5
gen4nu-736693493,[Gen 4] NU,2018-04-22 20:57:36,,swampert50714,magikarp87134,magikarp87134,False,"['Poliwrath', 'Pelipper', 'Electabuzz', 'Rhydon', 'Glalie', 'Misdreavus']","['Cacturne', 'Muk', 'Metang', 'Purugly', 'Gastrodon', 'Misdreavus']",18,9,9
smogtours-gen4nu-629459,[Gen 4] NU,2022-06-01 19:27:26,,twistedspoon9310,slowking28210,twistedspoon9310,False,"['Charizard', 'Hitmonchan', 'Skuntank', 'Sableye', 'Slowking', 'Cradily']","['Meganium', 'Floatzel', 'Skuntank', 'Relicanth', 'Gardevoir', 'Drifblim']",33,7,13
smogtours-gen4nu-820015,[Gen 4] NU,2025-02-15 19:12:58,,sniper70774,corphish30125,sniper70774,False,"['Tauros', 'Medicham', 'Regirock', 'Cacturne', 'Dusclops', 'Drifblim']","['Lapras', 'Gligar', 'Typhlosion', 'Regirock', 'Hitmonchan', 'Drifblim']",31,11,6
gen4nu-1132269393,[Gen 4] NU,2020-06-14 01:05:58,,sketch29485,cutecharm72527,cutecharm72527,False,"['Shiftry', 'Charizard', 'Hitmonchan', 'Regirock', 'Jumpluff', 'Victreebel']","['Magmortar', 'Magneton', 'Haunter', 'Jynx', 'Piloswine']",13,7,6
gen4nu-953945860,[Gen 4] NU,2019-08-01 17:50:32,,eruption55570,gengarmega66742,gengarmega66742,False,"['Diglett', 'Sableye', 'Wartortle', 'Chimecho', 'Quagsire', 'Probopass']","['Bibarel', 'Combusken', 'Politoed', 'Gastly']",22,8,3
gen4nu-980741592,[Gen 4] NU,2019-09-23 14:02:37,,xscissor73011,hypnosis21477,xscissor73011,False,"['Charizard', 'Vileplume', 'Sandslash', 'Floatzel', 'Skuntank', 'Gardevoir']","['Meganium', 'Charizard', 'Regice', 'Porygon2', 'Floatzel', 'Gardevoir']",29,13,17
smogtours-gen4nu-365918,[Gen 4] NU,2018-04-08 22:19:46,,micleberry95900,naturalgift2401,naturalgift2401,False,"['Politoed', 'Magmortar', 'Magneton', 'Haunter', 'Jynx', 'Piloswine']","['Typhlosion', 'Regirock', 'Haunter', 'Poliwrath', 'Manectric']",25,11,9
gen4nu-2194366965,[Gen 4] NU,2024-09-04 13:32:46,1039,suckerpunch51372,kangaskhan44566,kangaskhan44566,False,"['Charizard', 'Vileplume', 'Sandslash', 'Magneton', 'Dodrio', 'Slowking']","['Kingler', 'Rampardos', 'Regigigas', 'Manectric', 'Diglett', 'Slaking']",28,13,9
gen4nu-2194357578,[Gen 4] NU,2024-09-04 13:17:50,1062,suckerpunch51372,castform86755,castform86755,True,"['Charizard', 'Vileplume', 'Sandslash', 'Magneton', 'Dodrio', 'Slowking']","['Flareon', 'Dragonair', 'Cacturne', 'Jynx', 'Metang', 'Drifblim']",28,11,7
smogtours-gen4nu-845240,[Gen 4] NU,2025-05-24 17:10:34,,swinub46701,icywind98531,swinub46701,False,"['Slowking', 'Marowak', 'Solrock', 'Regice']","['Magneton', 'Floatzel', 'Nidoqueen', 'Hitmonchan', 'Slowking', 'Drifblim']",17,3,6
gen4nu-1033492546,[Gen 4] NU,2019-12-22 00:04:57,,razzberry99052,alakazammega90732,razzberry99052,False,"['Venomoth', 'Meganium', 'Torkoal', 'Regirock', 'Hitmonchan']","['Lapras', 'Charizard', 'Vileplume', 'Regirock', 'Hitmonchan', 'Sneasel']",36,13,14
gen4nu-2198798743,[Gen 4] NU,2024-09-10 20:03:07,,nidoranf28619,powerherb71726,nidoranf28619,False,"['Charizard', 'Medicham', 'Nidoqueen', 'Hitmonchan', 'Skuntank', 'Slowking']","['Lapras', 'Vileplume', 'Charizard', 'Hitmonchan', 'Sneasel', 'Regirock']",48,22,15
smogtours-gen4nu-788516,[Gen 4] NU,2024-09-01 15:14:18,,bibarel19063,whiscash23671,bibarel19063,False,"['Claydol', 'Tauros', 'Hitmonchan', 'Skuntank', 'Slowking', 'Drifblim']","['Sharpedo', 'Exeggutor', 'Tauros', 'Regirock', 'Hitmonchan', 'Slowking']",34,12,13
smogtours-gen4nu-649426,[Gen 4] NU,2022-09-18 19:39:57,,mawile36886,buneary57593,mawile36886,True,"['Slowking', 'Magneton', 'Floatzel', 'Regirock']","['Venomoth', 'Charizard', 'Hitmonchan', 'Slowking', 'Cradily']",21,6,8
smogtours-gen4nu-718674,[Gen 4] NU,2023-09-24 12:34:58,,lightclay48488,stench25210,stench25210,True,"['Charizard', 'Sandslash', 'Regirock', 'Hitmonchan', 'Skuntank', 'Slowking']","['Meganium', 'Magneton', 'Regirock', 'Poliwrath', 'Dusclops']",43,15,10
smogtours-gen4nu-388747,[Gen 4] NU,2018-07-16 15:35:00,,deepseascale75372,tintedlens67414,tintedlens67414,False,"['Luxray', 'Sandslash', 'Skuntank', 'Slowking', 'Cradily', 'Drifblim']","['Camerupt', 'Tauros', 'Nidoqueen', 'Cacturne', 'Slowking', 'Drifblim']",33,12,9
smogtours-gen4nu-443200,[Gen 4] NU,2019-05-25 18:04:16,,arenatrap65458,thrash80465,arenatrap65458,False,"['Sharpedo', 'Shiftry', 'Tauros', 'Regirock', 'Gardevoir', 'Drifblim']","['Vileplume', 'Charizard', 'Rhydon', 'Hitmonchan', 'Golem', 'Slowking']",31,12,16
gen4nu-1107995536,[Gen 4] NU,2020-05-03 17:09:27,,machobrace46788,pamtreberry59159,machobrace46788,False,"['Tauros', 'Medicham', 'Regirock', 'Drifblim', 'Gardevoir', 'Slaking']","['Slaking', 'Typhlosion', 'Quagsire', 'Gardevoir', 'Cradily', 'Drifblim']",34,12,8
smogtours-gen4nu-364014,[Gen 4] NU,2018-04-02 20:12:41,,tintedlens67414,stoneplate37213,stoneplate37213,False,"['Tauros', 'Electrode', 'Regirock', 'Skuntank', 'Slowking', 'Drifblim']","['Charizard', 'Tauros', 'Haunter', 'Regirock', 'Marowak', 'Slowking']",24,9,9
smogtours-gen4nu-784653,[Gen 4] NU,2024-08-07 21:05:42,,pelipper44197,pinmissile9006,pinmissile9006,False,"['Tauros', 'Medicham', 'Steelix', 'Cacturne', 'Lanturn', 'Drifblim']","['Hitmontop', 'Typhlosion', 'Steelix', 'Slowking', 'Gardevoir']",23,10,9
gen4nu-2207300813,[Gen 4] NU,2024-09-22 17:47:02,1000,growl5652,vibrava23720,growl5652,False,"['Charizard', 'Hitmonchan', 'Mawile', 'Pikachu', 'Cradily']","['Camerupt', 'Machoke', 'Tropius', 'Exploud', 'Dewgong', 'Illumise']",19,9,9
gen4nu-955459890,[Gen 4] NU,2019-08-04 21:28:39,,wurmple98373,futuresight13270,futuresight13270,False,"['Bibarel', 'Charizard', 'Hitmonchan', 'Crawdaunt', 'Cradily', 'Articuno']","['Venomoth', 'Typhlosion', 'Poliwrath', 'Manectric', 'Cradily']",20,8,6
gen4nu-2165203055,[Gen 4] NU,2024-07-22 05:31:13,,jynx62866,bodyslam74090,jynx62866,False,"['Wailord', 'Regice', 'Claydol', 'Skuntank', 'Glalie', 'Drifblim']","['Altaria', 'Slowbro', 'Nidoqueen', 'Hitmonchan', 'Skuntank', 'Dusclops']",22,8,10
smogtours-gen4nu-342140,[Gen 4] NU,2018-01-14 23:34:42,,onix68926,bide32585,onix68926,True,"['Tauros', 'Medicham', 'Sandslash', 'Skuntank', 'Slowking', 'Ampharos']","['Vileplume', 'Charizard', 'Medicham', 'Regirock', 'Sneasel', 'Slowking']",17,9,8
smogtours-gen4nu-678780,[Gen 4] NU,2023-03-07 21:56:05,,normal94579,spacialrend20639,normal94579,False,"['Charizard', 'Typhlosion', 'Regirock', 'Hitmonchan', 'Skuntank', 'Slowking']","['Magmortar', 'Rampardos', 'Haunter', 'Regirock', 'Jumpluff', 'Ampharos']",27,6,11
smogtours-gen4nu-701023,[Gen 4] NU,2023-07-03 02:37:35,,rotom15770,wooper24132,wooper24132,False,"['Meganium', 'Regirock', 'Walrein', 'Skuntank', 'Sableye', 'Gardevoir']","['Magmortar', 'Tauros', 'Electrode', 'Hitmonchan', 'Slowking', 'Cradily']",36,17,14
gen4nu-840737609,[Gen 4] NU,2018-12-26 15:58:13,,psybeam14379,spikes30756,psybeam14379,False,"['Lunatone', 'Pidgeot', 'Wartortle', 'Pikachu', 'Swalot']","['Bibarel', 'Abra', 'Quagsire', 'Diglett', 'Chatot', 'Yanma']",18,6,6
gen4nu-2207330525,[Gen 4] NU,2024-09-22 19:00:25,,metalsound31619,truant87738,truant87738,False,"['Politoed', 'Magmortar', 'Magneton', 'Haunter', 'Jynx', 'Piloswine']","['Gligar', 'Tauros', 'Hitmonchan', 'Skuntank', 'Manectric', 'Slowking']",26,8,12
gen4nu-450530001,[Gen 4] NU,2016-10-04 11:15:44,1027,metalclaw34878,sandattack89987,sandattack89987,False,"['Togetic', 'Meganium', 'Gorebyss', 'Magcargo', 'Dusclops', 'Whiscash']","['Jynx', 'Lopunny', 'Typhlosion', 'Gorebyss']",20,8,4
gen4nu-1116334237,[Gen 4] NU,2020-05-17 18:00:36,,persian96675,figyberry76797,persian96675,False,"['Vileplume', 'Charizard', 'Sandslash', 'Floatzel', 'Skuntank', 'Gardevoir']","['Kecleon', 'Octillery', 'Typhlosion', 'Armaldo', 'Pupitar', 'Gastrodon']",25,11,9
gen4nu-910651034,[Gen 4] NU,2019-05-16 13:39:51,,simple53659,payday74254,simple53659,False,"['Persian', 'Quagsire', 'Lairon', 'Tangela', 'Gastly']","['Kingler', 'Raticate', 'Pikachu', 'Persian', 'Quagsire', 'Diglett']",31,15,14
gen4nu-917293392,[Gen 4] NU,2019-05-27 17:06:32,,stomp9436,futuresight13270,stomp9436,False,"['Tauros', 'Magneton', 'Regirock', 'Walrein', 'Skuntank', 'Slowking']","['Charizard', 'Nidoqueen', 'Hitmonchan', 'Sableye', 'Lickilicky', 'Cradily']",80,14,16
smogtours-gen4nu-629588,[Gen 4] NU,2022-06-02 21:28:48,,koffing93492,rockpolish84152,koffing93492,False,"['Sandslash', 'Sharpedo', 'Skuntank', 'Haunter']","['Tauros', 'Regirock', 'Haunter', 'Jynx', 'Manectric', 'Slowking']",18,6,7
gen4nu-2297640034,[Gen 4] NU,2025-02-09 22:23:12,,megakick62601,chestoberry87169,megakick62601,True,"['Sandslash', 'Charizard', 'Skuntank', 'Regirock']","['Gligar', 'Tauros', 'Medicham', 'Magneton', 'Hitmonchan', 'Hypno']",24,5,9
smogtours-gen4nu-808964,[Gen 4] NU,2024-12-04 18:45:40,,poisontail76206,heatproof24399,heatproof24399,False,"['Charizard', 'Tauros', 'Magneton', 'Sandslash', 'Dusclops', 'Cradily']","['Banette', 'Charizard', 'Regirock', 'Pelipper', 'Carnivine', 'Girafarig']",35,13,11
smogtours-gen4nu-784484,[Gen 4] NU,2024-08-06 10:37:03,,lick25189,clamp40297,lick25189,False,"['Slowbro', 'Regirock', 'Hitmonchan', 'Miltank', 'Lanturn', 'Drapion']","['Aggron', 'Entei', 'Haunter', 'Espeon', 'Drapion', 'Glalie']",20,10,9
smogtours-gen4nu-354687,[Gen 4] NU,2018-03-01 21:08:35,,swallow48594,attract31504,attract31504,True,"['Charizard', 'Vileplume', 'Sandslash', 'Floatzel', 'Skuntank', 'Gardevoir']","['Haunter', 'Regirock', 'Jynx', 'Manectric', 'Slowking']",24,14,7
gen4nu-1071807962,[Gen 4] NU,2020-03-01 18:42:09,,thunderstone74942,ditto42810,thunderstone74942,False,"['Rhydon', 'Glalie', 'Haunter', 'Drifblim']","['Medicham', 'Magneton', 'Regirock', 'Skuntank', 'Slowking', 'Misdreavus']",18,5,9
gen4nu-1143988179,[Gen 4] NU,2020-07-02 21:11:11,,watergun59811,ironfist10778,ironfist10778,False,"['Charizard', 'Tauros', 'Sandslash', 'Manectric', 'Slowking', 'Gardevoir']","['Tauros', 'Haunter', 'Regirock', 'Jynx', 'Manectric', 'Slowking']",25,11,7
smogtours-gen4nu-791467,[Gen 4] NU,2024-09-20 17:29:03,,bodyslam74090,exploud62674,bodyslam74090,False,"['Claydol', 'Nidoking', 'Electrode', 'Hitmonchan', 'Skuntank', 'Espeon']","['Exeggutor', 'Tauros', 'Medicham', 'Skuntank', 'Glalie', 'Drifblim']",14,6,6
smogtours-gen4nu-630126,[Gen 4] NU,2022-06-05 15:26:08,,koffing93492,wooper24132,wooper24132,True,"['Sharpedo', 'Vileplume', 'Regirock', 'Hitmonchan', 'Skuntank', 'Gardevoir']","['Meganium', 'Regirock', 'Hitmonchan', 'Jynx', 'Skuntank', 'Slowking']",46,14,15
gen4nu-845419928,[Gen 4] NU,2019-01-06 23:46:04,,blazekick65999,seadra80814,seadra80814,False,"['Monferno', 'Poliwrath', 'Sneasel', 'Muk', 'Metang', 'Purugly']","['Zangoose', 'Sneasel', 'Bellossom', 'Pelipper', 'Victreebel', 'Rhydon']",29,15,15
gen4nu-856575062,[Gen 4] NU,2019-01-31 23:55:35,,graveler77978,rocksmash65356,rocksmash65356,False,"['Typhlosion', 'Nidoqueen', 'Regirock', 'Mantine', 'Volbeat', 'Drifblim']","['Haunter', 'Manectric', 'Rhydon', 'Glalie', 'Drifblim']",18,6,6
smogtours-gen4nu-838174,[Gen 4] NU,2025-05-01 18:51:34,,denpowersteel79771,weepinbell75190,weepinbell75190,False,"['Charizard', 'Medicham', 'Sandslash', 'Regirock', 'Skuntank', 'Slowking']","['Hitmonchan', 'Regirock', 'Cacturne', 'Dusclops', 'Ampharos', 'Drifblim']",30,11,8
smogtours-gen4nu-787939,[Gen 4] NU,2024-08-29 20:35:32,,acupressure38299,motordrive87413,motordrive87413,False,"['Shiftry', 'Absol', 'Tauros', 'Regirock', 'Espeon', 'Drifblim']","['Altaria', 'Slowbro', 'Nidoqueen', 'Hitmonchan', 'Skuntank', 'Dusclops']",24,10,12
gen4nu-1074244952,[Gen 4] NU,2020-03-05 23:56:17,,entei72987,destinybond78627,entei72987,False,"['Medicham', 'Sandslash', 'Magneton', 'Skuntank', 'Slowking', 'Gardevoir']","['Camerupt', 'Tauros', 'Medicham', 'Marowak', 'Solrock', 'Gardevoir']",21,9,10
gen4nu-1155394873,[Gen 4] NU,2020-07-21 23:15:42,,angaskhanmega61934,victreebel55835,victreebel55835,False,"['Kecleon', 'Mightyena', 'Shelgon', 'Octillery', 'Solrock', 'Gastly']","['Flareon', 'Mightyena', 'Wartortle', 'Clamperl', 'Pikachu', 'Slaking']",28,8,10
gen4nu-2199298781,[Gen 4] NU,2024-09-11 13:58:57,1111,icebody95988,spelltag8256,spelltag8256,False,"['Charizard', 'Vileplume', 'Sandslash', 'Floatzel', 'Skuntank', 'Gardevoir']","['Skuntank', 'Floatzel', 'Charizard', 'Sandslash']",15,7,6
gen4nu-2201937539,[Gen 4] NU,2024-09-15 04:53:07,1185,water22662,feint1878,water22662,False,"['Charizard', 'Vileplume', 'Sandslash', 'Floatzel', 'Skuntank', 'Gardevoir']","['Camerupt', 'Venomoth', 'Shiftry', 'Typhlosion', 'Haunter', 'Slowking']",26,7,9
gen4nu-932508806,[Gen 4] NU,2019-06-21 19:51:17,,houndour54582,tangela22698,tangela22698,False,"['Granbull', 'Banette', 'Octillery', 'Solrock', 'Persian', 'Carnivine']","['Politoed', 'Lairon', 'Diglett', 'Fearow', 'Yanma']",19,9,8
gen4nu-795115204,[Gen 4] NU,2018-08-24 13:18:00,,togekiss35724,adamantorb39816,adamantorb39816,False,"['Venomoth', 'Sandslash', 'Regirock', 'Cacturne', 'Dusclops', 'Lickilicky']","['Charizard', 'Sandslash', 'Typhlosion', 'Haunter', 'Skuntank', 'Slowking']",67,28,17
smogtours-gen4nu-822409,[Gen 4] NU,2025-02-28 21:40:23,,rotom15770,corphish30125,rotom15770,False,"['Sharpedo', 'Meganium', 'Tauros', 'Magneton', 'Regirock', 'Dusclops']","['Charizard', 'Tauros', 'Nidoqueen', 'Hitmonchan', 'Sableye', 'Slowking']",33,14,12
smogtours-gen4nu-680319,[Gen 4] NU,2023-03-13 00:46:34,,rotomwash26230,tyranitar56327,tyranitar56327,False,"['Lapras', 'Vileplume', 'Charizard', 'Regirock', 'Hitmonchan', 'Sneasel']","['Rhydon', 'Regirock', 'Skuntank', 'Slowking', 'Drifblim']",21,7,4
smogtours-gen4nu-632786,[Gen 4] NU,2022-06-17 22:24:20,,koffing93492,slowking28210,slowking28210,False,"['Tauros', 'Pinsir', 'Magneton', 'Dusclops', 'Skuntank', 'Cradily']","['Tauros', 'Machoke', 'Nidoqueen', 'Cacturne']",27,13,10
gen4nu-1069024906,[Gen 4] NU,2020-02-25 15:26:37,,swampert38491,poliwhirl29459,swampert38491,False,"['Politoed', 'Magmortar', 'Magneton', 'Haunter', 'Jynx', 'Piloswine']","['Venomoth', 'Charizard', 'Sandslash', 'Magneton', 'Cacturne', 'Slowking']",30,9,9
gen4nu-2195508502,[Gen 4] NU,2024-09-06 01:40:03,1139,chopleberry38027,futuresight13270,futuresight13270,False,"['Gligar', 'Tauros', 'Hitmonchan', 'Skuntank', 'Manectric', 'Slowking']","['Vileplume', 'Rhydon', 'Skuntank', 'Jynx', 'Slowking']",24,10,5
gen4nu-1172861061,[Gen 4] NU,2020-08-21 16:56:15,,spoink89835,mail79545,spoink89835,False,"['Golduck', 'Sneasel', 'Victreebel', 'Rhydon', 'Gastrodon', 'Golbat']","['Machoke', 'Xatu', 'Bellossom', 'Marowak', 'Relicanth', 'Ampharos']",32,10,12
gen4nu-778175865,[Gen 4] NU,2018-07-19 19:35:29,,seaking99635,tyrogue12319,seaking99635,False,"['Nidoqueen', 'Hitmonchan', 'Cacturne', 'Dusclops', 'Lickilicky', 'Slowking']","['Tauros', 'Medicham', 'Nidoqueen', 'Haunter', 'Dodrio', 'Slowking']",42,18,18
gen4nu-1119426007,[Gen 4] NU,2020-05-22 18:22:44,,dark89364,forretress53163,forretress53163,False,"['Exploud', 'Solrock', 'Persian', 'Swalot', 'Tangela', 'Chatot']","['Kingler', 'Flareon', 'Persian', 'Quagsire', 'Lairon', 'Gastly']",31,9,11
smogtours-gen4nu-596988,[Gen 4] NU,2021-12-11 21:07:56,,futuresight13270,rockpolish84152,futuresight13270,False,"['Tauros', 'Haunter', 'Poliwrath', 'Regirock', 'Skuntank', 'Manectric']","['Sandslash', 'Sableye', 'Lickilicky', 'Slowking', 'Glalie', 'Articuno']",31,7,13
smogtours-gen4nu-783158,[Gen 4] NU,2024-07-28 20:19:24,,pickup28423,torterra15123,torterra15123,True,"['Medicham', 'Sandslash', 'Magneton', 'Skuntank', 'Slowking']","['Altaria', 'Slowbro', 'Nidoqueen', 'Hitmonchan', 'Skuntank', 'Dusclops']",29,11,11
gen4nu-804905165,[Gen 4] NU,2018-09-13 02:19:49,,spheal7278,mail79545,mail79545,False,"['Rapidash', 'Grotle', 'Kadabra', 'Armaldo', 'Poliwrath', 'Purugly']","['Golduck', 'Victreebel', 'Purugly', 'Rhydon', 'Glalie', 'Misdreavus']",24,13,10
smogtours-gen4nu-582538,[Gen 4] NU,2021-09-28 00:04:52,,whirlpool40763,chatter88448,whirlpool40763,True,"['Sharpedo', 'Shiftry', 'Tauros', 'Regirock', 'Gardevoir', 'Drifblim']","['Machoke', 'Charizard', 'Sandslash', 'Jumpluff', 'Manectric']",17,6,7
gen4nu-909148274,[Gen 4] NU,2019-05-13 21:50:51,,swampert50714,colorchange51191,colorchange51191,False,"['Victreebel', 'Metang', 'Purugly', 'Rhydon', 'Lickilicky', 'Misdreavus']","['Xatu', 'Poliwrath', 'Muk', 'Purugly', 'Rhydon', 'Lickilicky']",24,9,8
gen4nu-1032921590,[Gen 4] NU,2019-12-20 23:55:27,,clefable74034,futuresight13270,clefable74034,False,"['Medicham', 'Regirock', 'Skuntank', 'Slowking', 'Gardevoir']","['Shiftry', 'Ninetales', 'Floatzel', 'Nidoqueen', 'Regirock', 'Gardevoir']",27,6,11
gen4nu-981066457,[Gen 4] NU,2019-09-24 00:44:22,,ninetales23624,wailmer43107,ninetales23624,False,"['Raticate', 'Omanyte', 'Lairon', 'Grovyle', 'Magmar']","['Granbull', 'Lapras', 'Solrock', 'Persian', 'Swalot', 'Grovyle']",17,5,12
gen4nu-2193124517,[Gen 4] NU,2024-09-02 18:01:45,1058,growl5652,magnetrise14372,growl5652,True,"['Shiftry', 'Typhlosion', 'Regirock', 'Victreebel', 'Persian', 'Hypno']","['Camerupt', 'Tauros', 'Sandslash', 'Haunter', 'Skuntank', 'Gardevoir']",22,12,12
gen4nu-918284832,[Gen 4] NU,2019-05-29 06:59:00,,simple53659,payday74254,simple53659,False,"['Persian', 'Quagsire', 'Lairon', 'Tangela', 'Gastly']","['Kingler', 'Quagsire', 'Raticate', 'Persian', 'Pikachu', 'Diglett']",23,10,10
smogtours-gen4nu-783786,[Gen 4] NU,2024-08-03 10:02:08,,arceusice45612,rawstberry17405,rawstberry17405,False,"['Camerupt', 'Exeggutor', 'Claydol', 'Aggron', 'Lairon', 'Relicanth']","['Haunter', 'Sharpedo', 'Ludicolo', 'Hitmonchan']",10,6,3
gen4nu-2194539961,[Gen 4] NU,2024-09-04 17:58:24,,manaphy26033,worryseed60566,worryseed60566,False,"['Tauros', 'Haunter', 'Regirock', 'Jynx', 'Manectric', 'Slowking']","['Camerupt', 'Tauros', 'Medicham', 'Marowak', 'Solrock', 'Gardevoir']",15,7,5
gen4nu-1173400799,[Gen 4] NU,2020-08-22 16:17:57,,aerodactyl78201,bugbuzz13779,bugbuzz13779,False,"['Magmortar', 'Charizard', 'Typhlosion', 'Regirock', 'Hitmonchan', 'Slowking']","['Charizard', 'Vileplume', 'Sandslash', 'Floatzel', 'Skuntank', 'Gardevoir']",22,12,9
smogtours-gen4nu-563870,[Gen 4] NU,2021-06-03 22:00:50,,koffing93492,wooper24132,koffing93492,False,"['Sharpedo', 'Vileplume', 'Haunter', 'Hitmonchan', 'Solrock', 'Manectric']","['Gligar', 'Tauros', 'Medicham', 'Haunter', 'Skuntank', 'Slowking']",22,7,10
gen4nu-984810049,[Gen 4] NU,2019-09-30 18:45:07,,wailmer43107,swampert50714,wailmer43107,False,"['Lapras', 'Solrock', 'Persian', 'Girafarig', 'Swalot', 'Grovyle']","['Lapras', 'Flareon', 'Raticate', 'Solrock', 'Quagsire', 'Grovyle']",25,8,9
smogtours-gen4nu-384442,[Gen 4] NU,2018-06-17 22:12:18,,futuresight13270,arceusfire87258,futuresight13270,False,"['Camerupt', 'Floatzel', 'Regirock', 'Hitmonchan', 'Sneasel', 'Skuntank']","['Sharpedo', 'Vileplume', 'Regirock', 'Lickilicky', 'Gardevoir', 'Drifblim']",44,14,9
smogtours-gen4nu-646300,[Gen 4] NU,2022-09-03 19:12:59,,shadowforce49172,clearbody59762,shadowforce49172,False,"['Manectric', 'Haunter', 'Poliwrath', 'Regirock']","['Charizard', 'Regirock', 'Hitmonchan', 'Skuntank', 'Manectric', 'Slowking']",14,5,7
gen4nu-2175032022,[Gen 4] NU,2024-08-07 02:16:22,,venomoth48167,ursaring64445,ursaring64445,False,"['Entei', 'Hitmonchan', 'Lanturn', 'Espeon', 'Drapion', 'Drifblim']","['Sharpedo', 'Slowbro', 'Entei', 'Steelix', 'Hitmonchan', 'Drapion']",26,9,10
smogtours-gen4nu-699354,[Gen 4] NU,2023-06-25 20:25:20,,stench25210,wooper24132,stench25210,False,"['Vileplume', 'Regirock', 'Haunter', 'Hitmonchan', 'Skuntank', 'Slowking']","['Meganium', 'Regirock', 'Hitmonchan', 'Jynx', 'Skuntank', 'Slowking']",28,13,10
gen4nu-1040013850,[Gen 4] NU,2020-01-03 02:33:42,,grumpig54426,ironfist10778,grumpig54426,False,"['Tauros', 'Haunter', 'Regirock', 'Jynx', 'Slowking']","['Magmortar', 'Meganium', 'Tauros', 'Medicham', 'Jynx', 'Probopass']",39,16,18
gen4nu-2203938246,[Gen 4] NU,2024-09-17 23:11:54,1054,nidoking69790,defensecurl88658,nidoking69790,True,"['Magmortar', 'Tauros', 'Sandslash', 'Armaldo', 'Cacturne']","['Banette', 'Charizard', 'Vileplume', 'Tauros', 'Dusclops', 'Manectric']",23,8,10
gen4nu-2173509487,[Gen 4] NU,2024-08-04 21:15:51,,poisontail76206,jynx62866,poisontail76206,False,"['Sharpedo', 'Exeggutor', 'Hitmonchan', 'Slowking', 'Drapion']","['Wailord', 'Regice', 'Claydol', 'Skuntank', 'Glalie', 'Drifblim']",21,7,9
smogtours-gen4nu-593239,[Gen 4] NU,2021-11-14 19:11:31,,tintedlens67414,altaria32948,altaria32948,True,"['Shiftry', 'Haunter', 'Regirock', 'Slowking', 'Gardevoir', 'Glalie']","['Slowking', 'Vileplume', 'Regirock', 'Articuno']",30,9,6
gen4nu-844905752,[Gen 4] NU,2019-01-05 19:33:55,,spearow33023,shroomish71441,shroomish71441,False,"['Rhydon', 'Poliwrath', 'Mr. Mime', 'Muk', 'Sableye', 'Lickilicky']","['Machoke', 'Kadabra', 'Poliwrath', 'Cacturne', 'Rhydon', 'Misdreavus']",36,13,12
gen4nu-822632043,[Gen 4] NU,2018-10-19 16:25:51,,griseousorb68676,spinda5402,spinda5402,False,"['Tauros', 'Haunter', 'Regirock', 'Jynx', 'Manectric', 'Slowking']","['Nidoqueen', 'Hitmonchan', 'Cacturne', 'Dusclops', 'Slowking', 'Lickilicky']",36,12,14
smogtours-gen4nu-713345,[Gen 4] NU,2023-09-01 21:22:56,,leafeon34076,stench25210,stench25210,True,"['Politoed', 'Vileplume', 'Regirock', 'Hitmonchan', 'Manectric', 'Slowking']","['Regice', 'Sandslash', 'Floatzel', 'Dusclops', 'Cradily']",45,20,20
smogtours-gen4nu-501449,[Gen 4] NU,2020-05-15 18:47:31,,haunter12630,seedflare81285,seedflare81285,False,"['Banette', 'Medicham', 'Nidoqueen', 'Poliwrath', 'Regirock', 'Cacturne']","['Gligar', 'Tauros', 'Gastrodon-East', 'Skuntank', 'Linoone', 'Glalie']",23,11,5
smogtours-gen4nu-814490,[Gen 4] NU,2025-01-17 23:35:16,,rotom15770,icywind98531,icywind98531,False,"['Bibarel', 'Kadabra', 'Floatzel', 'Regirock', 'Skuntank', 'Drifblim']","['Sharpedo', 'Medicham', 'Dusclops', 'Manectric', 'Cradily', 'Drifblim']",25,12,11
gen4nu-939535507,[Gen 4] NU,2019-07-04 14:29:57,,haunter12630,rawstberry64920,haunter12630,False,"['Glaceon', 'Armaldo', 'Cacturne', 'Pelipper', 'Purugly', 'Magnemite']","['Gorebyss', 'Cacturne', 'Muk', 'Electabuzz', 'Probopass', 'Golbat']",40,8,7
smogtours-gen4nu-695004,[Gen 4] NU,2023-06-01 17:14:32,,altaria32948,volttackle6680,altaria32948,False,"['Wailord', 'Nidoqueen', 'Drifblim', 'Cacturne']","['Camerupt', 'Tauros', 'Magneton', 'Dusclops', 'Slowking', 'Glalie']",23,3,10
gen4nu-960761084,[Gen 4] NU,2019-08-15 16:29:58,,micleberry95900,charmeleon68884,charmeleon68884,False,"['Pineco', 'Persian', 'Quagsire', 'Lairon', 'Tangela', 'Gastly']","['Staryu', 'Octillery', 'Solrock', 'Magmar', 'Fearow']",21,10,6
smogtours-gen4nu-697309,[Gen 4] NU,2023-06-15 21:58:18,,koffing93492,rotomfan35023,koffing93492,False,"['Camerupt', 'Vileplume', 'Haunter', 'Walrein', 'Skuntank']","['Nidoqueen', 'Hitmonchan', 'Cacturne', 'Dusclops', 'Slowking', 'Lickilicky']",41,4,18
smogtours-gen4nu-787783,[Gen 4] NU,2024-08-28 03:43:09,,bodyslam74090,exploud62674,bodyslam74090,False,"['Tangrowth', 'Machoke', 'Claydol', 'Slowking', 'Drapion']","['Gorebyss', 'Ludicolo', 'Claydol', 'Floatzel', 'Persian', 'Manectric']",24,6,7
smogtours-gen4nu-568579,[Gen 4] NU,2021-06-28 21:40:09,,exploud53677,probopass65556,probopass65556,False,"['Sharpedo', 'Typhlosion', 'Poliwrath', 'Hitmonchan', 'Cradily', 'Drifblim']","['Charizard', 'Cacturne', 'Sableye', 'Manectric', 'Slowking']",34,12,8
smogtours-gen4nu-408483,[Gen 4] NU,2018-12-20 20:23:37,,sniper70774,drainpunch57450,sniper70774,False,"['Gastrodon-East', 'Monferno', 'Victreebel', 'Metang', 'Misdreavus']","['Rapidash', 'Xatu', 'Octillery', 'Monferno', 'Victreebel', 'Metang']",27,11,13
gen4nu-459039156,[Gen 4] NU,2016-10-17 23:02:07,,highjumpkick18186,gunkshot9424,gunkshot9424,False,"['Camerupt', 'Hitmonchan', 'Sneasel', 'Mawile', 'Muk', 'Slowking']","['Magmortar', 'Meganium', 'Tauros', 'Medicham', 'Jynx', 'Probopass']",29,13,12
gen4nu-2197963305,[Gen 4] NU,2024-09-09 17:32:28,1007,yawn97499,exeggcute86397,exeggcute86397,True,"['Arbok', 'Dewgong', 'Raticate']","['Linoone', 'Glalie', 'Quagsire']",11,3,2
smogtours-gen4nu-829760,[Gen 4] NU,2025-04-04 19:22:46,,gastly57717,huntail76319,huntail76319,True,"['Tauros', 'Pinsir', 'Medicham', 'Haunter', 'Rhydon', 'Slowking']","['Machoke', 'Charizard', 'Skuntank', 'Slowking', 'Cradily']",23,7,5
gen4nu-2198086235,[Gen 4] NU,2024-09-09 20:36:00,1116,thickclub47223,defensecurl88658,thickclub47223,True,"['Dragonair', 'Solrock']","['Politoed', 'Charizard', 'Regice', 'Tauros', 'Nidoqueen']",15,3,4
gen4nu-949060240,[Gen 4] NU,2019-07-23 01:11:53,,flygon29525,rotomfan34645,rotomfan34645,False,"['Machoke', 'Poliwrath', 'Cacturne', 'Rhydon', 'Misdreavus', 'Golbat']","['Machoke', 'Rapidash', 'Marowak', 'Pelipper', 'Victreebel', 'Metang']",19,7,9
gen4nu-2194869276,[Gen 4] NU,2024-09-05 04:17:33,1085,hypno90649,chopleberry38027,chopleberry38027,True,"['Electrode', 'Mawile', 'Solrock', 'Masquerain', 'Hypno', 'Lopunny']","['Tauros', 'Hitmonchan', 'Skuntank', 'Manectric', 'Slowking']",28,6,8
gen4nu-1076375813,[Gen 4] NU,2020-03-10 00:37:47,,cherubi70548,camerupt68080,camerupt68080,False,"['Shelgon', 'Torkoal', 'Sandslash', 'Poliwrath', 'Victreebel', 'Cradily']","['Vileplume', 'Hitmonchan', 'Muk', 'Grumpig', 'Shuckle']",26,8,7
gen4nu-2210528587,[Gen 4] NU,2024-09-27 00:45:57,,hoothoot56067,hippowdon58140,hoothoot56067,False,"['Camerupt', 'Sharpedo', 'Vileplume', 'Regirock']","['Magneton', 'Nidoqueen', 'Hitmonchan', 'Skuntank', 'Manectric', 'Drifblim']",19,6,9
smogtours-gen4nu-566927,[Gen 4] NU,2021-06-20 00:53:49,,swagger21466,tyranitar56327,swagger21466,False,"['Sharpedo', 'Tauros', 'Medicham', 'Regirock', 'Haunter', 'Skuntank']","['Sharpedo', 'Regirock', 'Haunter', 'Cacturne', 'Manectric', 'Drifblim']",18,6,6
smogtours-gen4nu-342130,[Gen 4] NU,2018-01-14 22:59:16,,thrash80465,futuresight13270,futuresight13270,False,"['Electrode', 'Regirock', 'Skuntank', 'Slowking', 'Glalie', 'Drifblim']","['Electrode', 'Nidoqueen', 'Piloswine', 'Diglett', 'Slowking', 'Drifblim']",33,10,11
gen4nu-2221788528,[Gen 4] NU,2024-10-13 02:42:29,,fastball12016,psyduck72918,fastball12016,True,"['Victreebel', 'Persian']","['Magmortar', 'Charizard', 'Regirock']",6,1,2
gen4nu-2195573550,[Gen 4] NU,2024-09-06 04:02:03,1118,sentret86201,stunspore2092,stunspore2092,True,"['Lapras', 'Gligar', 'Regirock', 'Carnivine', 'Lickilicky', 'Drifblim']","['Flareon', 'Gardevoir', 'Haunter', 'Golem', 'Gastrodon']",20,8,5
smogtours-gen4nu-783338,[Gen 4] NU,2024-07-30 12:19:44,,swampert50714,clamp40297,clamp40297,True,"['Tangrowth', 'Magmortar', 'Sandslash', 'Regirock', 'Victreebel', 'Metang']","['Entei', 'Haunter', 'Espeon', 'Drapion', 'Glalie']",14,6,4
gen4nu-2200778853,[Gen 4] NU,2024-09-13 13:54:57,1200,arceuswater5043,pinmissile14901,pinmissile14901,False,"['Vileplume', 'Charizard', 'Tauros', 'Hitmonchan', 'Regirock', 'Skuntank']","['Charizard', 'Floatzel', 'Linoone', 'Gardevoir', 'Golbat']",15,6,5
gen4nu-2192613740,[Gen 4] NU,2024-09-01 22:54:49,1105,dizzypunch10824,zoomlens5648,dizzypunch10824,False,"['Charizard', 'Magneton', 'Floatzel', 'Typhlosion', 'Golem', 'Roselia']","['Vileplume', 'Charizard', 'Typhlosion', 'Skuntank', 'Jumpluff', 'Gardevoir']",21,6,8
gen4nu-947855844,[Gen 4] NU,2019-07-20 15:03:45,,golem5265,heatrock37333,golem5265,False,"['Medicham', 'Sandslash', 'Magneton', 'Skuntank', 'Slowking', 'Gardevoir']","['Magmortar', 'Hitmonchan', 'Regirock', 'Jynx', 'Skuntank', 'Hypno']",37,14,14
gen4nu-2199659499,[Gen 4] NU,2024-09-11 23:26:39,1131,feebas86769,growl5652,growl5652,True,"['Bibarel', 'Mightyena', 'Medicham', 'Floatzel', 'Regirock', 'Mawile']","['Charizard', 'Hitmonchan', 'Mawile', 'Skuntank', 'Pikachu', 'Cradily']",18,9,11
gen4nu-949566759,[Gen 4] NU,2019-07-24 00:15:12,,toxic30661,bayleef26822,toxic30661,False,"['Wailord', 'Dunsparce', 'Pikachu', 'Gardevoir', 'Cradily', 'Slaking']","['Lapras', 'Vileplume', 'Charizard', 'Hitmonchan', 'Regirock', 'Sneasel']",24,8,8
gen4nu-841815702,[Gen 4] NU,2018-12-29 04:09:08,,electabuzz64817,sandveil87527,electabuzz64817,False,"['Politoed', 'Yanma', 'Lairon', 'Magmar', 'Slaking']","['Kingler', 'Lopunny', 'Solrock', 'Mankey', 'Magmar', 'Gastly']",20,9,7
gen4nu-1168436771,[Gen 4] NU,2020-08-13 21:37:49,,sacredfire21452,rawstberry28879,rawstberry28879,False,"['Tauros', 'Regirock', 'Haunter', 'Jynx', 'Manectric', 'Slowking']","['Sharpedo', 'Medicham', 'Mantine', 'Skuntank', 'Manectric', 'Cradily']",44,19,23
smogtours-gen4nu-675809,[Gen 4] NU,2023-02-19 05:01:44,,tyranitar56327,magnetpull75337,magnetpull75337,False,"['Charizard', 'Nidoqueen', 'Poliwrath', 'Hitmonchan', 'Sableye', 'Glalie']","['Politoed', 'Tauros', 'Regirock', 'Skuntank', 'Marowak', 'Drifblim']",30,7,8
gen4nu-2197243370,[Gen 4] NU,2024-09-08 17:07:58,,rhydon28155,tailglow66237,rhydon28155,False,"['Charizard', 'Medicham', 'Nidoqueen', 'Hitmonchan', 'Skuntank', 'Slowking']","['Politoed', 'Tauros', 'Regirock', 'Marowak', 'Skuntank', 'Drifblim']",20,10,8
smogtours-gen4nu-817379,[Gen 4] NU,2025-02-01 21:13:11,,icywind98531,koffing93492,icywind98531,True,"['Meganium', 'Regirock', 'Skuntank', 'Manectric', 'Gardevoir', 'Drifblim']","['Lapras', 'Typhlosion', 'Nidoqueen', 'Hitmonchan', 'Slowking', 'Cradily']",27,10,12
smogtours-gen4nu-439194,[Gen 4] NU,2019-05-02 20:15:02,,koffing93492,growth68003,growth68003,False,"['Charizard', 'Rhydon', 'Nidoqueen', 'Hitmonchan', 'Skuntank', 'Slowking']","['Gligar', 'Armaldo', 'Mantine', 'Haunter', 'Crawdaunt', 'Quagsire']",27,12,11
smogtours-gen4nu-629872,[Gen 4] NU,2022-06-04 17:08:11,,sniper70774,mawile36886,mawile36886,True,"['Shiftry', 'Typhlosion', 'Regirock', 'Victreebel', 'Persian', 'Hypno']","['Gligar', 'Hitmonchan', 'Poliwrath', 'Skuntank', 'Cradily']",18,6,8
smogtours-gen4nu-694431,[Gen 4] NU,2023-05-28 01:27:56,,rotomfrost11476,darkvoid39103,rotomfrost11476,False,"['Sharpedo', 'Meganium', 'Regirock', 'Hitmonchan', 'Skuntank', 'Manectric']","['Shiftry', 'Medicham', 'Electrode', 'Regirock', 'Glalie', 'Drifblim']",23,10,11
gen4nu-756229267,[Gen 4] NU,2018-06-01 20:41:09,,altaria32948,stickyhold17429,altaria32948,False,"['Tauros', 'Sandslash', 'Haunter', 'Hitmonchan', 'Skuntank', 'Gardevoir']","['Charizard', 'Tauros', 'Medicham', 'Nidoqueen', 'Skuntank', 'Slowking']",30,15,13
gen4nu-728592095,[Gen 4] NU,2018-04-05 21:48:39,,tyrogue12319,acupressure5238,tyrogue12319,True,"['Charizard', 'Regice', 'Tauros', 'Sandslash', 'Jynx', 'Gardevoir']","['Meganium', 'Charizard', 'Luxray', 'Regirock', 'Hitmonchan', 'Slowking']",34,12,15
gen4nu-1072007715,[Gen 4] NU,2020-03-02 02:17:22,,wormadam34125,rceuselectric87065,wormadam34125,False,"['Camerupt', 'Lapras', 'Machoke', 'Kadabra', 'Manectric', 'Drifblim']","['Gligar', 'Typhlosion', 'Raichu', 'Dusclops', 'Hypno', 'Roselia']",28,8,8
gen4nu-706628999,[Gen 4] NU,2018-02-19 21:26:53,,colorchange51191,gardevoir41806,gardevoir41806,False,"['Xatu', 'Poliwrath', 'Muk', 'Purugly', 'Rhydon', 'Lickilicky']","['Poliwrath', 'Mr. Mime', 'Murkrow', 'Metang', 'Rhydon', 'Golbat']",32,15,12
gen4nu-733613560,[Gen 4] NU,2018-04-16 14:32:13,,eruption81639,seaincense12726,seaincense12726,True,"['Vileplume', 'Charizard', 'Hitmonchan', 'Regirock', 'Sneasel']","['Regirock', 'Jynx', 'Manectric', 'Hitmonchan']",17,7,5
gen4nu-1052286904,[Gen 4] NU,2020-01-25 03:17:45,,psychup14796,tickle33800,tickle33800,True,"['Meganium', 'Typhlosion', 'Nidoqueen', 'Poliwrath', 'Mawile']","['Venomoth', 'Sandslash', 'Regirock', 'Cacturne', 'Lickilicky']",42,16,12
gen4nu-2193906939,[Gen 4] NU,2024-09-03 20:00:46,1000,guts24908,oddish32213,oddish32213,True,"['Bibarel', 'Venomoth', 'Banette', 'Dunsparce', 'Gastrodon', 'Lopunny']","['Charizard', 'Kadabra', 'Armaldo', 'Arbok', 'Exploud']",24,5,10
gen4nu-954724471,[Gen 4] NU,2019-08-03 07:21:51,1053,nidoqueen74781,speedboost99315,speedboost99315,False,"['Charizard', 'Medicham', 'Sandslash', 'Jynx', 'Skuntank', 'Cradily']","['Magmortar', 'Machoke', 'Regigigas', 'Wigglytuff', 'Probopass', 'Yanma']",23,8,6
gen4nu-2210511653,[Gen 4] NU,2024-09-27 00:16:46,,hoothoot56067,hippowdon58140,hoothoot56067,False,"['Camerupt', 'Sharpedo', 'Vileplume', 'Kadabra', 'Regirock', 'Slowking']","['Tauros', 'Sandslash', 'Floatzel', 'Regirock', 'Skuntank', 'Gardevoir']",37,12,13
smogtours-gen4nu-337439,[Gen 4] NU,2017-12-23 22:22:04,,leafstorm98501,choicespecs43511,leafstorm98501,False,"['Slowking', 'Charizard', 'Regirock', 'Tauros']","['Tauros', 'Haunter', 'Manectric', 'Rhydon', 'Glalie', 'Drifblim']",18,4,8
smogtours-gen4nu-637668,[Gen 4] NU,2022-07-15 16:20:21,,mawile36886,shiftry23835,shiftry23835,False,"['Sharpedo', 'Vileplume', 'Tauros', 'Hitmonchan', 'Skuntank', 'Rhydon']","['Charizard', 'Vileplume', 'Floatzel', 'Regirock', 'Hitmonchan', 'Skuntank']",17,9,9
gen4nu-840717696,[Gen 4] NU,2018-12-26 15:01:00,,psybeam14379,transform65474,transform65474,False,"['Pidgeot', 'Wigglytuff', 'Wartortle', 'Pikachu', 'Swalot', 'Tangela']","['Pidgeot', 'Magcargo', 'Wigglytuff', 'Arbok', 'Dusclops', 'Wartortle']",73,28,31
gen4nu-667524290,[Gen 4] NU,2017-12-01 19:42:45,,shadowclaw51134,quilava99512,shadowclaw51134,False,"['Typhlosion', 'Nidoqueen', 'Poliwrath', 'Dodrio', 'Hitmonchan', 'Skuntank']","['Tauros', 'Sandslash', 'Sneasel', 'Skuntank', 'Slowking', 'Drifblim']",29,11,15
gen4nu-839782333,[Gen 4] NU,2018-12-24 02:30:29,,tamatoberry1958,trace64701,trace64701,False,"['Machoke', 'Poliwrath', 'Cacturne', 'Rhydon', 'Misdreavus', 'Golbat']","['Rapidash', 'Bellossom', 'Mr. Mime', 'Pelipper', 'Metang', 'Swalot']",31,16,12
gen4nu-1069236785,[Gen 4] NU,2020-02-25 21:57:58,,entei72987,gallade87831,entei72987,False,"['Tauros', 'Medicham', 'Magneton', 'Regirock', 'Slowking']","['Shiftry', 'Rapidash', 'Regirock', 'Poliwrath', 'Dodrio', 'Gardevoir']",22,10,8
smogtours-gen4nu-676848,[Gen 4] NU,2023-02-23 00:45:11,,stickyhold28665,attract79434,stickyhold28665,False,"['Magmortar', 'Tauros', 'Medicham', 'Regirock', 'Cacturne']","['Politoed', 'Tauros', 'Regirock', 'Skuntank', 'Marowak', 'Drifblim']",18,5,6
gen4nu-947859026,[Gen 4] NU,2019-07-20 15:14:23,,golem5265,heatrock37333,heatrock37333,False,"['Tauros', 'Sandslash', 'Hitmonchan', 'Haunter', 'Skuntank', 'Gardevoir']","['Sharpedo', 'Tauros', 'Regirock', 'Gardevoir', 'Drifblim']",29,13,8
gen4nu-831867211,[Gen 4] NU,2018-12-06 21:29:33,,lunardance19168,truant84021,lunardance19168,True,"['Politoed', 'Piloswine', 'Haunter', 'Magmortar']","['Politoed', 'Magmortar', 'Magneton', 'Haunter', 'Jynx', 'Piloswine']",15,5,6
gen4nu-2198797808,[Gen 4] NU,2024-09-10 19:58:11,,dragonbreath79237,tox7353,tox7353,False,"['Charizard', 'Vileplume', 'Sandslash', 'Floatzel', 'Skuntank', 'Gardevoir']","['Tauros', 'Sandslash', 'Haunter', 'Manectric', 'Glalie', 'Drifblim']",22,8,8
smogtours-gen4nu-202316,[Gen 4] NU,2016-10-13 17:37:29,,serenegrace4874,chilanberry58526,serenegrace4874,True,"['Charizard', 'Medicham', 'Sandslash', 'Manectric', 'Slowking', 'Glalie']","['Gabite', 'Charizard', 'Vileplume', 'Slowking', 'Glalie', 'Probopass']",35,15,12
gen4nu-994321320,[Gen 4] NU,2019-10-18 02:05:21,,cranidos9637,pickup67623,cranidos9637,True,"['Tauros', 'Regirock', 'Haunter', 'Jynx', 'Manectric', 'Slowking']","['Charizard', 'Porygon2', 'Solrock', 'Slowking', 'Gardevoir']",21,7,7
gen4nu-2192532588,[Gen 4] NU,2024-09-01 20:24:01,1041,zoomlens5648,smoothrock12415,zoomlens5648,True,"['Magmortar', 'Meganium', 'Tauros', 'Golem', 'Skuntank', 'Slowking']","['Tauros', 'Medicham', 'Magneton', 'Sandslash', 'Skuntank', 'Slowking']",24,10,9
smogtours-gen4nu-633597,[Gen 4] NU,2022-06-19 18:46:10,,spikecannon97564,rockpolish84152,rockpolish84152,False,"['Armaldo', 'Cacturne', 'Skuntank', 'Manectric', 'Slowking', 'Drifblim']","['Shiftry', 'Charizard', 'Regirock', 'Hitmonchan', 'Victreebel', 'Purugly']",26,11,8
gen4nu-955261753,[Gen 4] NU,2019-08-04 13:13:49,,wailmer43107,donphan58946,wailmer43107,False,"['Lapras', 'Kecleon', 'Persian', 'Lairon', 'Tangela']","['Lapras', 'Pineco', 'Houndour', 'Persian', 'Diglett', 'Gastly']",18,5,9
smogtours-gen4nu-447360,[Gen 4] NU,2019-06-14 18:44:41,,haunter12630,minun6717,haunter12630,False,"['Floatzel', 'Nidoqueen', 'Hitmonchan', 'Cacturne']","['Shiftry', 'Regirock', 'Skuntank', 'Muk', 'Gardevoir', 'Drifblim']",16,4,5
smogtours-gen4nu-389726,[Gen 4] NU,2018-07-23 21:37:40,,luckychant7315,tickle33800,luckychant7315,False,"['Gabite', 'Armaldo', 'Poliwrath', 'Muk', 'Probopass', 'Articuno']","['Marowak', 'Stantler', 'Muk', 'Clamperl', 'Chimecho', 'Gastly']",34,17,12
smogtours-gen4nu-332188,[Gen 4] NU,2017-11-22 06:01:32,,blazekick86887,forecast47854,blazekick86887,False,"['Magmortar', 'Charizard', 'Typhlosion', 'Regirock', 'Hitmonchan', 'Slowking']","['Shiftry', 'Charizard', 'Gligar', 'Sandslash', 'Typhlosion', 'Lickilicky']",20,9,8
smogtours-gen4nu-630015,[Gen 4] NU,2022-06-04 20:17:34,,rockpolish84152,tyranitar56327,tyranitar56327,True,"['Vileplume', 'Charizard', 'Regirock', 'Walrein', 'Hitmonchan', 'Skuntank']","['Tauros', 'Floatzel', 'Regirock', 'Hitmonchan', 'Dusclops', 'Ampharos']",34,10,6
smogtours-gen4nu-811939,[Gen 4] NU,2024-12-28 23:14:27,,vitalspirit41729,huntail76319,vitalspirit41729,False,"['Sharpedo', 'Vileplume', 'Regirock', 'Lickilicky', 'Gardevoir', 'Drifblim']","['Shiftry', 'Regirock', 'Manectric', 'Gardevoir', 'Glalie', 'Drifblim']",18,9,9
gen4nu-957258498,[Gen 4] NU,2019-08-08 16:15:23,,suckerpunch1032,aquatail12682,suckerpunch1032,False,"['Politoed', 'Magmortar', 'Magneton', 'Haunter', 'Jynx', 'Piloswine']","['Politoed', 'Magmortar', 'Magneton', 'Haunter', 'Jynx', 'Piloswine']",20,11,10
gen4nu-953793894,[Gen 4] NU,2019-08-01 11:04:36,,wailord92053,swift79929,wailord92053,False,"['Pidgeot', 'Gardevoir', 'Sandslash', 'Medicham', 'Relicanth', 'Slaking']","['Meganium', 'Sandslash', 'Medicham', 'Poliwrath', 'Skuntank', 'Slowking']",17,10,7
smogtours-gen4nu-811937,[Gen 4] NU,2024-12-28 23:07:26,,vitalspirit41729,huntail76319,huntail76319,False,"['Politoed', 'Charizard', 'Tauros', 'Sandslash', 'Regirock', 'Skuntank']","['Shiftry', 'Tauros', 'Haunter', 'Regirock', 'Electabuzz', 'Slowking']",34,13,9
smogtours-gen4nu-784633,[Gen 4] NU,2024-08-07 19:15:36,,fearow30702,mirrorcoat93297,mirrorcoat93297,False,"['Tangrowth', 'Cloyster', 'Hitmontop', 'Regirock', 'Dusclops', 'Drapion']","['Exeggutor', 'Regirock', 'Skuntank', 'Victreebel', 'Persian']",30,12,8
gen4nu-932504101,[Gen 4] NU,2019-06-21 19:51:06,,houndour54582,tangela22698,tangela22698,False,"['Granbull', 'Banette', 'Octillery', 'Carnivine', 'Solrock', 'Persian']","['Politoed', 'Lairon', 'Diglett', 'Fearow', 'Yanma']",25,11,11
gen4nu-841173693,[Gen 4] NU,2018-12-27 15:56:27,,gliscor71669,psybeam14379,gliscor71669,False,"['Bibarel', 'Mightyena', 'Persian', 'Diglett', 'Fearow', 'Gastly']","['Lunatone', 'Pidgeot', 'Wartortle', 'Pikachu', 'Swalot', 'Tangela']",20,8,10
gen4nu-702602271,[Gen 4] NU,2018-02-11 19:37:48,,dragonpulse36622,waveincense51112,waveincense51112,False,"['Magmortar', 'Sandslash', 'Magneton', 'Jynx', 'Solrock', 'Slowking']","['Pinsir', 'Medicham', 'Typhlosion', 'Poliwrath', 'Gardevoir']",18,8,5
gen4nu-841189233,[Gen 4] NU,2018-12-27 16:41:14,,sandveil87527,psybeam14379,psybeam14379,False,"['Kingler', 'Lopunny', 'Solrock', 'Mankey', 'Magmar', 'Gastly']","['Lunatone', 'Pidgeot', 'Wartortle', 'Pikachu', 'Swalot', 'Tangela']",19,8,6
gen4nu-1052313856,[Gen 4] NU,2020-01-25 04:26:28,,karatechop96796,snover57749,karatechop96796,False,"['Charizard', 'Vileplume', 'Floatzel', 'Skuntank', 'Gardevoir']","['Charizard', 'Nidoqueen', 'Mawile', 'Dusclops', 'Slowking', 'Ampharos']",30,6,8
gen4nu-1084257162,[Gen 4] NU,2020-03-24 01:14:32,,recycle46471,wormadam34125,recycle46471,False,"['Linoone', 'Wailord', 'Regice', 'Xatu', 'Purugly', 'Relicanth']","['Camerupt', 'Machoke', 'Lapras', 'Kadabra', 'Manectric', 'Drifblim']",30,6,10
gen4nu-1082376238,[Gen 4] NU,2020-03-20 16:49:32,,entei72987,sniper70774,sniper70774,False,"['Sharpedo', 'Charizard', 'Ninetales', 'Sandslash', 'Manectric', 'Slowking']","['Tauros', 'Regirock', 'Haunter', 'Jynx', 'Manectric', 'Slowking']",28,14,12
smogtours-gen4nu-451795,[Gen 4] NU,2019-07-19 00:55:55,,stoneplate37213,ditto42810,stoneplate37213,False,"['Wailord', 'Vileplume', 'Tauros', 'Regirock', 'Skuntank']","['Medicham', 'Magneton', 'Regirock', 'Skuntank', 'Slowking', 'Misdreavus']",37,13,12
gen4nu-2312820848,[Gen 4] NU,2025-03-05 06:30:38,,staryu66980,megakick62601,megakick62601,False,"['Tauros', 'Magneton', 'Nidoqueen', 'Haunter', 'Manectric', 'Slowking']","['Regirock', 'Muk', 'Lickilicky', 'Gardevoir', 'Glalie', 'Drifblim']",20,10,8
gen4nu-925051545,[Gen 4] NU,2019-06-09 14:15:12,,fullincense48524,haunter12630,haunter12630,False,"['Gastrodon-East', 'Dragonair', 'Cacturne', 'Mr. Mime', 'Metang', 'Glaceon']","['Kecleon', 'Poliwrath', 'Murkrow', 'Rhydon', 'Ampharos', 'Golbat']",31,13,14
smogtours-gen4nu-782566,[Gen 4] NU,2024-07-27 13:56:30,,quagsire52408,arceusice45612,arceusice45612,False,"['Sharpedo', 'Exeggutor', 'Regirock', 'Hitmonchan', 'Slowking', 'Drapion']","['Tangrowth', 'Shiftry', 'Tauros', 'Steelix', 'Slowking', 'Drapion']",23,12,10
gen4nu-2086920228,[Gen 4] NU,2024-03-22 19:24:45,,armaldo62768,doubleedge84989,armaldo62768,False,"['Charizard', 'Jynx', 'Dusclops', 'Bastiodon', 'Glaceon', 'Ampharos']","['Bibarel', 'Shedinja', 'Ditto', 'Pachirisu', 'Linoone', 'Lumineon']",37,9,9
smogtours-gen4nu-593574,[Gen 4] NU,2021-11-16 19:43:38,,mawile36886,chlorophyll28494,mawile36886,True,"['Venomoth', 'Meganium', 'Lapras', 'Sandslash', 'Medicham', 'Regirock']","['Gligar', 'Tauros', 'Hitmonchan', 'Skuntank', 'Manectric', 'Slowking']",54,19,23
gen4nu-961327382,[Gen 4] NU,2019-08-16 19:19:57,,koffing93492,shadowclaw51134,shadowclaw51134,False,"['Politoed', 'Magmortar', 'Pinsir', 'Hitmonchan', 'Manectric', 'Drifblim']","['Venomoth', 'Gligar', 'Magneton', 'Haunter', 'Poliwrath', 'Gardevoir']",19,8,7
gen4nu-2261051780,[Gen 4] NU,2024-12-11 16:19:42,,sealeo92427,mysteryberry83821,mysteryberry83821,False,"['Magmortar', 'Charizard', 'Regirock', 'Hitmonchan', 'Skuntank', 'Whiscash']","['Medicham', 'Nidoqueen', 'Haunter', 'Hitmonchan', 'Slowking']",15,8,5
smogtours-gen4nu-495935,[Gen 4] NU,2020-04-26 21:23:53,,futuresight13270,sportball27112,sportball27112,False,"['Regirock', 'Mantine', 'Skuntank', 'Sableye', 'Lickilicky', 'Roselia']","['Meganium', 'Gligar', 'Regirock', 'Skuntank', 'Slowking', 'Lickilicky']",98,41,33
gen4nu-980836242,[Gen 4] NU,2019-09-23 17:06:48,,regirock91093,fastball57731,regirock91093,False,"['Rapidash', 'Onix', 'Victreebel', 'Metang', 'Purugly', 'Tangela']","['Rampardos', 'Bastiodon', 'Persian', 'Drifblim', 'Slowking', 'Slaking']",32,13,13
gen4nu-684779890,[Gen 4] NU,2018-01-06 05:47:01,,choicespecs43511,toxicspikes23587,toxicspikes23587,False,"['Xatu', 'Poliwrath', 'Muk', 'Metang', 'Purugly', 'Gastrodon']","['Gabite', 'Armaldo', 'Poliwrath', 'Victreebel', 'Metang', 'Articuno']",37,16,15
smogtours-gen4nu-588281,[Gen 4] NU,2021-10-23 17:38:09,,whirlpool40763,probopass23094,probopass23094,True,"['Shiftry', 'Floatzel', 'Regirock', 'Jynx', 'Drifblim']","['Tauros', 'Sandslash', 'Medicham', 'Magneton', 'Skuntank', 'Slowking']",22,7,10
gen4nu-1172858372,[Gen 4] NU,2020-08-21 16:47:44,,spoink89835,mail79545,spoink89835,False,"['Gabite', 'Electabuzz', 'Purugly', 'Relicanth', 'Misdreavus']","['Gabite', 'Electabuzz', 'Mantine', 'Sableye', 'Purugly', 'Roselia']",16,4,8
gen4nu-777716617,[Gen 4] NU,2018-07-18 20:32:13,,liechiberry71048,naturalgift2401,liechiberry71048,False,"['Sharpedo', 'Shiftry', 'Tauros', 'Regirock', 'Gardevoir', 'Drifblim']","['Politoed', 'Venomoth', 'Charizard', 'Sandslash', 'Jynx', 'Skuntank']",28,14,13
gen4nu-2187138049,[Gen 4] NU,2024-08-25 00:25:49,,venomoth48167,safeguard55452,safeguard55452,False,"['Tauros', 'Medicham', 'Steelix', 'Cacturne', 'Lanturn', 'Drifblim']","['Electrode', 'Regirock', 'Haunter', 'Espeon', 'Drapion', 'Glalie']",16,8,7
gen4nu-455324876,[Gen 4] NU,2016-10-11 23:42:14,1150,scratch46579,metalclaw34878,metalclaw34878,False,"['Typhlosion', 'Nidoqueen', 'Hitmonchan', 'Skuntank', 'Slowking', 'Gardevoir']","['Quagsire', 'Linoone', 'Probopass', 'Gardevoir', 'Misdreavus']",19,9,5
smogtours-gen4nu-678776,[Gen 4] NU,2023-03-07 21:44:04,,normal94579,spacialrend20639,normal94579,False,"['Haunter', 'Regirock', 'Jynx', 'Skuntank', 'Manectric']","['Charizard', 'Regirock', 'Hitmonchan', 'Jynx', 'Skuntank', 'Gardevoir']",20,5,7
gen4nu-1077960299,[Gen 4] NU,2020-03-12 20:44:05,,tyrogue45703,horndrill60662,tyrogue45703,False,"['Charizard', 'Vileplume', 'Floatzel', 'Skuntank', 'Gardevoir']","['Charizard', 'Tauros', 'Electrode', 'Hitmonchan', 'Jynx', 'Slowking']",17,5,7
gen4nu-733714205,[Gen 4] NU,2018-04-16 18:13:48,,denpowersteel79771,eruption81639,eruption81639,False,"['Sandslash', 'Magneton', 'Typhlosion', 'Haunter', 'Walrein', 'Jumpluff']","['Haunter', 'Regirock', 'Hitmonchan', 'Jynx', 'Skuntank', 'Manectric']",35,14,10
gen4nu-853466739,[Gen 4] NU,2019-01-24 23:46:26,,liechiberry37967,gardevoir41806,gardevoir41806,False,"['Kingler', 'Lapras', 'Raticate', 'Solrock', 'Swalot', 'Tangela']","['Rapidash', 'Raticate', 'Poliwrath', 'Misdreavus', 'Mr. Mime', 'Ampharos']",26,10,12
gen4nu-1151750891,[Gen 4] NU,2020-07-15 18:50:14,,rindoberry93484,aquajet37110,aquajet37110,True,"['Shelgon', 'Persian', 'Quagsire', 'Lairon', 'Tangela', 'Gastly']","['Exploud', 'Solrock', 'Persian', 'Swalot', 'Tangela', 'Chatot']",13,8,5
gen4nu-1139832138,[Gen 4] NU,2020-06-26 02:46:58,,onix48886,leechlife2581,leechlife2581,False,"['Kadabra', 'Sneasel', 'Cacturne', 'Muk', 'Pelipper', 'Probopass']","['Magmortar', 'Medicham', 'Regirock', 'Crawdaunt', 'Ampharos']",17,7,6
smogtours-gen4nu-631647,[Gen 4] NU,2022-06-11 21:24:22,,koffing93492,plusle68346,koffing93492,True,"['Politoed', 'Vileplume', 'Sandslash', 'Regirock', 'Sableye', 'Lickilicky']","['Medicham', 'Regirock', 'Skuntank', 'Manectric', 'Slowking', 'Drifblim']",40,11,15
gen4nu-2114535595,[Gen 4] NU,2024-04-30 04:16:51,,icicleplate83034,futuresight13270,icicleplate83034,False,"['Magmortar', 'Meganium', 'Dodrio', 'Golem', 'Slowking', 'Drifblim']","['Rapidash', 'Sandslash', 'Nidoqueen', 'Poliwrath', 'Sneasel', 'Dusclops']",21,5,6
gen4nu-2198705656,[Gen 4] NU,2024-09-10 17:42:38,1112,defensecurl88658,growl5652,growl5652,True,"['Politoed', 'Charizard', 'Tauros', 'Nidoqueen', 'Skuntank', 'Dusclops']","['Nidoqueen', 'Hitmonchan', 'Skuntank', 'Dusclops', 'Carnivine', 'Gardevoir']",37,13,15
gen4nu-1139833486,[Gen 4] NU,2020-06-26 02:50:29,,leechlife2581,glaceon53740,leechlife2581,False,"['Medicham', 'Magmortar', 'Crawdaunt', 'Regirock']","['Charizard', 'Tauros', 'Sandslash', 'Dusclops', 'Skuntank', 'Cradily']",13,3,7
smogtours-gen4nu-787439,[Gen 4] NU,2024-08-25 19:15:30,,torterra15123,illuminate274,illuminate274,False,"['Tangrowth', 'Steelix', 'Hitmonchan', 'Manectric', 'Slowking', 'Drapion']","['Tauros', 'Medicham', 'Steelix', 'Cacturne', 'Lanturn', 'Drifblim']",19,7,8
smogtours-gen4nu-785125,[Gen 4] NU,2024-08-10 22:33:55,,motordrive87413,pickup28423,motordrive87413,True,"['Tangrowth', 'Gligar', 'Medicham', 'Steelix', 'Skuntank', 'Espeon']","['Sharpedo', 'Exeggutor', 'Regirock', 'Hitmonchan', 'Slowking', 'Drapion']",28,12,10
smogtours-gen4nu-694194,[Gen 4] NU,2023-05-27 13:29:12,,mawile36886,koffing93492,koffing93492,False,"['Gligar', 'Floatzel', 'Hitmonchan', 'Cacturne', 'Regirock', 'Slowking']","['Politoed', 'Vileplume', 'Tauros', 'Regirock', 'Haunter', 'Manectric']",30,13,8
smogtours-gen4nu-478200,[Gen 4] NU,2020-03-01 16:47:43,,stoneplate37213,faketears70399,stoneplate37213,False,"['Wailord', 'Magmortar', 'Charizard', 'Sandslash', 'Skuntank']","['Medicham', 'Sandslash', 'Jynx', 'Manectric', 'Lickilicky', 'Drifblim']",25,6,9
gen4nu-941595490,[Gen 4] NU,2019-07-08 17:01:41,,rockclimb62152,slowking58302,rockclimb62152,True,"['Politoed', 'Flareon', 'Dusclops', 'Lairon', 'Tangela']","['Lapras', 'Raticate', 'Solrock', 'Swalot', 'Gastly']",15,5,5
gen4nu-957757192,[Gen 4] NU,2019-08-09 16:00:30,,donphan58946,payday74254,payday74254,True,"['Stunky', 'Kecleon', 'Lapras', 'Sableye', 'Probopass', 'Yanma']","['Lapras', 'Swalot', 'Persian', 'Sableye', 'Diglett']",32,13,10
gen4nu-449491358,[Gen 4] NU,2016-10-02 18:11:30,,bugbuzz90773,electrode23905,bugbuzz90773,False,"['Torkoal', 'Medicham', 'Mantine', 'Skuntank', 'Victreebel', 'Gardevoir']","['Charizard', 'Sandslash', 'Medicham', 'Dodrio', 'Crawdaunt', 'Ampharos']",23,9,8
gen4nu-831826012,[Gen 4] NU,2018-12-06 20:11:32,,bonsly65984,arcanine61158,arcanine61158,False,"['Piplup', 'Starly']","['Zubat', 'Budew']",13,1,2
gen4nu-2192668605,[Gen 4] NU,2024-09-02 00:48:20,1000,zoomlens5648,mew61166,zoomlens5648,False,"['Vileplume', 'Charizard', 'Sandslash', 'Typhlosion', 'Skuntank', 'Gardevoir']","['Charizard', 'Hitmonchan', 'Jumpluff', 'Bastiodon', 'Linoone', 'Articuno']",24,8,12
smogtours-gen4nu-846275,[Gen 4] NU,2025-05-27 01:10:48,,phione89690,volttackle6680,volttackle6680,False,"['Charizard', 'Regirock', 'Hitmonchan', 'Manectric', 'Slowking', 'Cradily']","['Machoke', 'Meganium', 'Magneton', 'Regirock', 'Hitmonchan', 'Skuntank']",22,11,10
gen4nu-896393410,[Gen 4] NU,2019-04-20 23:25:22,,sandveil87527,blukberry92856,sandveil87527,False,"['Kingler', 'Banette', 'Raticate', 'Solrock', 'Gastly', 'Yanma']","['Kingler', 'Lopunny', 'Solrock', 'Mankey', 'Magmar', 'Gastly']",26,9,10
gen4nu-906780765,[Gen 4] NU,2019-05-09 18:13:33,,effectspore96182,quickpowder71749,quickpowder71749,False,"['Tauros', 'Nidoqueen', 'Sneasel', 'Slowking', 'Misdreavus', 'Articuno']","['Shiftry', 'Machoke', 'Tauros', 'Magneton', 'Haunter', 'Regirock']",16,9,7
gen4nu-883573361,[Gen 4] NU,2019-03-28 22:36:44,,metalburst92288,angerpoint64785,angerpoint64785,False,"['Haunter', 'Regirock', 'Hitmonchan', 'Jynx', 'Skuntank', 'Manectric']","['Camerupt', 'Tauros', 'Medicham', 'Marowak', 'Solrock', 'Gardevoir']",16,7,7
gen4nu-838397562,[Gen 4] NU,2018-12-20 21:21:37,,levitate42349,choicespecs43511,choicespecs43511,False,"['Gabite', 'Zangoose', 'Metang', 'Poliwrath', 'Muk', 'Electabuzz']","['Armaldo', 'Cacturne', 'Metang', 'Gastrodon', 'Misdreavus', 'Golbat']",24,13,10
gen4nu-451791226,[Gen 4] NU,2016-10-06 09:26:35,,naturalcure41363,quagsire22549,naturalcure41363,False,"['Charizard', 'Sandslash', 'Floatzel', 'Skuntank', 'Gardevoir']","['Poliwrath', 'Cacturne', 'Exploud', 'Bastiodon', 'Ampharos', 'Articuno']",25,7,12
gen4nu-699833606,[Gen 4] NU,2018-02-06 04:46:55,,weedle33343,mudkip8641,weedle33343,False,"['Electabuzz', 'Dragonair', 'Pelipper', 'Victreebel', 'Metang', 'Misdreavus']","['Kadabra', 'Gastrodon-East', 'Poliwrath', 'Bellossom', 'Muk', 'Electabuzz']",19,8,8
gen4nu-938197245,[Gen 4] NU,2019-07-01 23:17:31,,lickilicky40959,transform65474,transform65474,False,"['Politoed', 'Raticate', 'Lairon', 'Diglett', 'Fearow', 'Yanma']","['Pineco', 'Wigglytuff', 'Dusclops', 'Lairon', 'Quagsire', 'Chimecho']",36,15,13
gen4nu-2156433843,[Gen 4] NU,2024-07-07 00:52:57,,dragonfang70729,speedboost35574,dragonfang70729,False,"['Sharpedo', 'Exeggutor', 'Haunter', 'Regirock', 'Drifblim']","['Exeggutor', 'Charizard', 'Entei', 'Regirock', 'Skuntank', 'Lickilicky']",20,9,9
smogtours-gen4nu-774216,[Gen 4] NU,2024-06-13 22:23:40,,futuresight13270,absorb70373,futuresight13270,True,"['Politoed', 'Camerupt', 'Nidoqueen', 'Lickilicky', 'Drifblim']","['Shiftry', 'Nidoqueen', 'Regirock', 'Hitmonchan', 'Slowking']",30,6,6
gen4nu-823303556,[Gen 4] NU,2018-11-20 02:34:51,,jirachi30774,rockwrecker27439,jirachi30774,False,"['Gabite', 'Electabuzz', 'Poliwrath', 'Victreebel', 'Metang', 'Misdreavus']","['Armaldo', 'Dragonair', 'Cacturne', 'Electabuzz', 'Purugly', 'Misdreavus']",31,10,13
smogtours-gen4nu-561984,[Gen 4] NU,2021-05-23 21:29:40,,fireblast30665,slowking28210,fireblast30665,False,"['Sharpedo', 'Floatzel', 'Regirock', 'Skuntank', 'Gardevoir', 'Drifblim']","['Tauros', 'Regirock', 'Hitmonchan', 'Skuntank', 'Gardevoir', 'Drifblim']",16,6,8
smogtours-gen4nu-561862,[Gen 4] NU,2021-05-23 13:15:29,,koffing93492,cranidos95818,koffing93492,True,"['Meganium', 'Tauros', 'Regirock', 'Skuntank', 'Gardevoir']","['Meganium', 'Sandslash', 'Medicham', 'Poliwrath', 'Skuntank', 'Slowking']",21,6,7
gen4nu-2193119312,[Gen 4] NU,2024-09-02 17:50:26,1000,magnetrise14372,hypnosis7593,magnetrise14372,False,"['Camerupt', 'Tauros', 'Sandslash', 'Haunter', 'Skuntank', 'Gardevoir']","['Charizard', 'Vileplume', 'Sandslash', 'Floatzel', 'Skuntank', 'Gardevoir']",20,8,10
gen4nu-450037020,[Gen 4] NU,2016-10-03 16:50:11,,trace3310,custapberry71278,trace3310,False,"['Camerupt', 'Medicham', 'Skuntank', 'Dusclops', 'Solrock', 'Crawdaunt']","['Shiftry', 'Tauros', 'Haunter', 'Regirock', 'Cacturne', 'Gardevoir']",19,9,7
smogtours-gen4nu-811087,[Gen 4] NU,2024-12-21 05:10:01,,shinystone44310,zapcannon39582,shinystone44310,False,"['Tauros', 'Medicham', 'Floatzel', 'Haunter', 'Regirock', 'Cacturne']","['Sharpedo', 'Tauros', 'Regirock', 'Cacturne', 'Dusclops', 'Manectric']",26,8,11
gen4nu-860422555,[Gen 4] NU,2019-02-09 18:06:33,,magnitude74179,gengarmega66742,magnitude74179,False,"['Kingler', 'Wailord', 'Banette', 'Raticate', 'Solrock', 'Yanma']","['Lunatone', 'Politoed', 'Combusken', 'Dusclops', 'Tangela', 'Slaking']",26,6,11
smogtours-gen4nu-718072,[Gen 4] NU,2023-09-21 22:21:25,,hypervoice57448,stench25210,hypervoice57448,False,"['Camerupt', 'Meganium', 'Poliwrath', 'Hitmonchan', 'Skuntank', 'Drifblim']","['Meganium', 'Magneton', 'Regirock', 'Poliwrath', 'Dusclops', 'Skuntank']",48,14,14
gen4nu-2205510118,[Gen 4] NU,2024-09-20 01:14:16,,sunflora20877,tangrowth23890,sunflora20877,False,"['Sharpedo', 'Tauros', 'Armaldo', 'Hitmonchan', 'Persian']","['Charizard', 'Tauros', 'Sandslash', 'Medicham', 'Skuntank', 'Slowking']",26,7,11
gen4nu-957830079,[Gen 4] NU,2019-08-09 18:45:02,,sludgebomb80416,wailmer43107,wailmer43107,False,"['Lapras', 'Raticate', 'Lairon', 'Diglett', 'Fearow', 'Yanma']","['Granbull', 'Lapras', 'Solrock', 'Persian', 'Sableye', 'Tangela']",24,8,10
gen4nu-2192650229,[Gen 4] NU,2024-09-02 00:10:56,1051,skarmory93245,tailwind22402,skarmory93245,True,"['Vileplume', 'Ninetales', 'Gligar']","['Politoed', 'Lickilicky', 'Vileplume', 'Regirock']",26,4,5
gen4nu-2192582806,[Gen 4] NU,2024-09-01 21:56:48,1085,rage6312,zoomlens5648,zoomlens5648,False,"['Charizard', 'Tauros', 'Hitmonchan', 'Regirock', 'Skuntank', 'Slowking']","['Charizard', 'Tauros', 'Floatzel', 'Regirock', 'Manectric', 'Glalie']",23,8,9
smogtours-gen4nu-770321,[Gen 4] NU,2024-05-25 20:40:08,,tackle13415,stench25210,stench25210,False,"['Vileplume', 'Tauros', 'Regirock', 'Hitmonchan', 'Skuntank', 'Slowking']","['Meganium', 'Magneton', 'Regirock', 'Poliwrath', 'Dusclops', 'Skuntank']",32,17,15
gen4nu-932410483,[Gen 4] NU,2019-06-21 16:41:28,,adaptability15938,shaymin71333,adaptability15938,False,"['Politoed', 'Flareon', 'Dusclops', 'Persian', 'Lairon', 'Diglett']","['Exploud', 'Solrock', 'Persian', 'Swalot', 'Tangela', 'Chatot']",38,14,12
gen4nu-2212217230,[Gen 4] NU,2024-09-29 16:17:25,1032,growl5652,voltorb27888,growl5652,False,"['Charizard', 'Hitmonchan', 'Mawile', 'Skuntank', 'Pikachu', 'Cradily']","['Magmortar', 'Lapras', 'Charizard', 'Armaldo', 'Regirock', 'Diglett']",19,5,7
gen4nu-986151989,[Gen 4] NU,2019-10-03 04:09:51,,honeygather63793,chansey79290,honeygather63793,False,"['Luxray', 'Torkoal', 'Trapinch', 'Metang', 'Parasect', 'Articuno']","['Zangoose', 'Sneasel', 'Whiscash', 'Electabuzz', 'Probopass', 'Gastly']",38,10,7
gen4nu-2198158125,[Gen 4] NU,2024-09-09 22:41:38,1049,azelf4592,defensecurl88658,azelf4592,False,"['Magmortar', 'Zangoose', 'Octillery', 'Carnivine', 'Chimecho', 'Articuno']","['Politoed', 'Charizard', 'Tauros', 'Regirock', 'Dusclops', 'Hypno']",30,9,12
smogtours-gen4nu-202947,[Gen 4] NU,2016-10-14 23:29:48,,shadowclaw51134,quickclaw14989,shadowclaw51134,False,"['Regirock', 'Poliwrath', 'Haunter', 'Cacturne', 'Manectric', 'Gardevoir']","['Tauros', 'Medicham', 'Sandslash', 'Skuntank', 'Slowking', 'Ampharos']",35,14,12
gen4nu-2268338644,[Gen 4] NU,2024-12-23 17:15:20,,swift79929,mysteryberry83821,mysteryberry83821,False,"['Meganium', 'Floatzel', 'Haunter', 'Skuntank', 'Rhydon', 'Slowking']","['Tauros', 'Medicham', 'Sandslash', 'Skuntank', 'Slowking']",21,6,5
smogtours-gen4nu-631080,[Gen 4] NU,2022-06-10 19:01:21,,koffing93492,tyranitar56327,koffing93492,False,"['Shiftry', 'Typhlosion', 'Regirock', 'Skuntank', 'Jumpluff', 'Victreebel']","['Sharpedo', 'Haunter', 'Hitmonchan', 'Manectric', 'Slowking', 'Cradily']",17,8,8
gen4nu-2195803285,[Gen 4] NU,2024-09-06 13:58:37,1193,deoxys92199,arceuswater5043,arceuswater5043,False,"['Sharpedo', 'Charizard', 'Regirock', 'Cacturne', 'Hitmonchan', 'Gastrodon']","['Jynx', 'Charizard', 'Tauros']",18,13,3
smogtours-gen4nu-771673,[Gen 4] NU,2024-06-01 22:49:31,,typechange30082,trick4034,typechange30082,False,"['Tauros', 'Medicham', 'Magneton', 'Sandslash', 'Skuntank', 'Slowking']","['Vileplume', 'Magneton', 'Floatzel', 'Regirock', 'Hitmonchan', 'Drifblim']",34,9,9
gen4nu-1172300766,[Gen 4] NU,2020-08-20 18:13:55,,wormadamtrash59670,spoink89835,spoink89835,True,"['Glaceon', 'Gabite', 'Torkoal', 'Purugly', 'Roselia', 'Misdreavus']","['Gabite', 'Purugly', 'Relicanth', 'Roselia', 'Misdreavus']",16,8,4
gen4nu-733711157,[Gen 4] NU,2018-04-16 18:06:56,,denpowersteel79771,eruption81639,eruption81639,False,"['Shiftry', 'Rapidash', 'Tauros', 'Poliwrath', 'Regirock', 'Muk']","['Tauros', 'Haunter', 'Regirock', 'Jynx', 'Manectric', 'Slowking']",22,9,7
gen4nu-2198699254,[Gen 4] NU,2024-09-10 17:34:22,1131,magnetrise14372,growl5652,magnetrise14372,False,"['Camerupt', 'Tauros', 'Sandslash', 'Haunter', 'Skuntank', 'Gardevoir']","['Nidoqueen', 'Hitmonchan', 'Skuntank', 'Dusclops', 'Carnivine', 'Gardevoir']",33,12,13
smogtours-gen4nu-787937,[Gen 4] NU,2024-08-29 20:29:58,,acupressure38299,motordrive87413,acupressure38299,False,"['Charizard', 'Electrode', 'Entei', 'Regirock', 'Hitmonchan', 'Skuntank']","['Tangrowth', 'Claydol', 'Entei', 'Hitmonchan', 'Slowking', 'Drapion']",25,10,10
gen4nu-464520569,[Gen 4] NU,2016-10-26 22:53:32,,shinystone48186,gunkshot9424,shinystone48186,False,"['Meganium', 'Lapras', 'Charizard', 'Typhlosion', 'Hitmonchan', 'Manectric']","['Magmortar', 'Meganium', 'Tauros', 'Medicham', 'Jynx', 'Probopass']",33,11,12
gen4nu-2197351003,[Gen 4] NU,2024-09-08 20:11:57,1058,zoomlens5648,aurasphere75050,zoomlens5648,False,"['Charizard', 'Sandslash', 'Haunter', 'Skuntank', 'Glalie']","['Porygon2', 'Sandslash', 'Poliwrath', 'Skuntank', 'Sableye', 'Manectric']",24,7,9
gen4nu-1104593210,[Gen 4] NU,2020-04-28 00:48:55,,forretress53163,quickpowder71749,forretress53163,False,"['Shiftry', 'Typhlosion', 'Regirock', 'Hitmonchan', 'Jumpluff', 'Victreebel']","['Sharpedo', 'Magmortar', 'Sandslash', 'Victreebel', 'Slowking', 'Cradily']",27,9,11
smogtours-gen4nu-202731,[Gen 4] NU,2016-10-14 19:23:44,,acidarmor3688,cutecharm14534,acidarmor3688,False,"['Sharpedo', 'Tauros', 'Medicham', 'Sandslash', 'Manectric']","['Vileplume', 'Charizard', 'Sandslash', 'Floatzel', 'Skuntank', 'Gardevoir']",25,5,7
smogtours-gen4nu-711893,[Gen 4] NU,2023-08-24 13:07:31,,buneary57593,magnetpull75337,magnetpull75337,True,"['Shiftry', 'Typhlosion', 'Regirock', 'Victreebel', 'Persian', 'Hypno']","['Vileplume', 'Gligar', 'Regirock', 'Skuntank', 'Slowking', 'Ampharos']",29,11,12
smogtours-gen4nu-829628,[Gen 4] NU,2025-04-03 23:10:53,,icywind98531,weepinbell75190,icywind98531,False,"['Shiftry', 'Tauros', 'Nidoqueen', 'Hitmonchan', 'Haunter', 'Slowking']","['Camerupt', 'Medicham', 'Floatzel', 'Dusclops', 'Skuntank', 'Cradily']",20,6,10
gen4nu-902821069,[Gen 4] NU,2019-05-02 18:27:25,,simple53659,payday74254,payday74254,False,"['Exploud', 'Solrock', 'Persian', 'Swalot', 'Chatot', 'Tangela']","['Dusclops', 'Chimecho', 'Dustox', 'Lairon']",26,13,6
gen4nu-2194078829,[Gen 4] NU,2024-09-04 01:19:16,1051,growl5652,quagsire75994,growl5652,True,"['Shiftry', 'Typhlosion', 'Regirock', 'Victreebel', 'Persian', 'Hypno']","['Rampardos', 'Typhlosion', 'Regirock', 'Hitmonchan', 'Persian', 'Glalie']",20,7,9
gen4nu-716483440,[Gen 4] NU,2018-03-11 17:34:09,,nincada36254,powertrick12892,powertrick12892,False,"['Magmortar', 'Machoke', 'Vileplume', 'Tauros', 'Sandslash', 'Slowking']","['Charizard', 'Sandslash', 'Magneton', 'Poliwrath', 'Skuntank', 'Grumpig']",27,13,12
gen4nu-933630652,[Gen 4] NU,2019-06-23 19:15:31,,magoberry58695,dragonrush45934,magoberry58695,False,"['Mightyena', 'Quagsire', 'Chimecho', 'Fearow', 'Anorith', 'Slaking']","['Kingler', 'Stunky', 'Pineco', 'Dusclops', 'Clefairy', 'Persian']",42,11,13
gen4nu-672701176,[Gen 4] NU,2017-12-12 03:08:21,,purugly17156,bide32585,purugly17156,False,"['Charizard', 'Vileplume', 'Sandslash', 'Floatzel', 'Dodrio', 'Gardevoir']","['Vileplume', 'Charizard', 'Medicham', 'Regirock', 'Sneasel', 'Slowking']",24,9,10
gen4nu-2196484226,[Gen 4] NU,2024-09-07 14:00:41,1000,odorsleuth68844,stantler8036,odorsleuth68844,False,"['Charizard', 'Regirock', 'Hitmonchan', 'Jynx', 'Skuntank']","['Granbull', 'Kecleon', 'Kadabra', 'Haunter', 'Arbok', 'Jumpluff']",19,7,8
gen4nu-915709139,[Gen 4] NU,2019-05-24 21:07:55,,spheal7278,trace64701,trace64701,False,"['Poliwrath', 'Murkrow', 'Muk', 'Victreebel', 'Electabuzz', 'Rhydon']","['Electabuzz', 'Poliwrath', 'Sneasel', 'Muk', 'Metang', 'Golbat']",25,10,11
gen4nu-668541558,[Gen 4] NU,2017-12-03 21:12:39,,unaware47198,quilava78487,unaware47198,False,"['Lapras', 'Vileplume', 'Regirock', 'Hitmonchan', 'Sneasel']","['Charizard', 'Porygon2', 'Marowak', 'Solrock', 'Slowking', 'Gardevoir']",22,9,10
gen4nu-2193771205,[Gen 4] NU,2024-09-03 16:32:15,1000,shinystone30447,stunspore2092,stunspore2092,False,"['Bibarel', 'Porygon2', 'Kadabra', 'Carnivine', 'Crawdaunt', 'Pikachu']","['Flareon', 'Gardevoir', 'Haunter', 'Dodrio', 'Golem', 'Gastrodon']",26,11,11
smogtours-gen4nu-787941,[Gen 4] NU,2024-08-29 20:40:42,,acupressure38299,motordrive87413,acupressure38299,False,"['Cloyster', 'Entei', 'Skuntank', 'Espeon', 'Drifblim']","['Altaria', 'Slowbro', 'Nidoqueen', 'Hitmonchan', 'Skuntank', 'Dusclops']",24,7,10
smogtours-gen4nu-810112,[Gen 4] NU,2024-12-14 07:35:50,,fissure35074,suicune87392,suicune87392,False,"['Charizard', 'Tauros', 'Hitmonchan', 'Manectric', 'Slowking', 'Cradily']","['Machoke', 'Tauros', 'Nidoqueen', 'Cacturne', 'Slowking', 'Drifblim']",27,9,7
gen4nu-2200354746,[Gen 4] NU,2024-09-12 21:47:52,1024,doublehit81380,chatot13639,chatot13639,False,"['Monferno', 'Haunter', 'Walrein', 'Relicanth', 'Purugly', 'Roselia']","['Lapras', 'Butterfree', 'Regirock', 'Hitmonchan', 'Gardevoir', 'Slaking']",16,6,7
gen4nu-2203372826,[Gen 4] NU,2024-09-17 05:51:28,1056,muddywater22285,politoed39754,muddywater22285,False,"['Tauros', 'Dusclops', 'Crawdaunt', 'Electabuzz', 'Gardevoir', 'Girafarig']","['Togetic', 'Magmortar', 'Shiftry', 'Torkoal', 'Monferno', 'Regirock']",25,7,11
gen4nu-881539068,[Gen 4] NU,2019-03-25 02:15:28,,rawstberry64920,gengarmega66742,gengarmega66742,True,"['Exploud', 'Tangela', 'Solrock', 'Persian']","['Mightyena', 'Quagsire', 'Chimecho', 'Anorith', 'Slaking']",29,7,8
gen4nu-871748706,[Gen 4] NU,2019-03-06 00:43:34,,kebiaberry84891,hydration62804,hydration62804,False,"['Magmortar', 'Meganium', 'Dodrio', 'Golem', 'Slowking', 'Drifblim']","['Venomoth', 'Shiftry', 'Tauros', 'Regirock', 'Poliwrath']",25,7,10
gen4nu-2211227774,[Gen 4] NU,2024-09-28 00:28:52,1000,bonerush9309,groudon60400,groudon60400,False,"['Lapras', 'Vileplume', 'Charizard', 'Hitmonchan', 'Regirock', 'Sneasel']","['Shiftry', 'Charizard', 'Sandslash', 'Floatzel', 'Regirock']",21,7,6
smogtours-gen4nu-769974,[Gen 4] NU,2024-05-23 21:18:48,,rotom15770,twistedspoon63684,twistedspoon63684,False,"['Tauros', 'Hitmonchan', 'Golem', 'Skuntank', 'Slowking', 'Drifblim']","['Vileplume', 'Regirock', 'Hitmonchan', 'Slowking', 'Gardevoir', 'Ampharos']",21,9,12
smogtours-gen4nu-634959,[Gen 4] NU,2022-06-26 20:48:56,,wooper82902,willowisp64187,wooper82902,False,"['Sharpedo', 'Tauros', 'Hitmonchan', 'Slowking', 'Cradily', 'Drifblim']","['Gorebyss', 'Electrode', 'Floatzel', 'Skuntank', 'Lickilicky', 'Relicanth']",18,12,6
gen4nu-762034276,[Gen 4] NU,2018-06-13 21:12:35,,highjumpkick63435,calmmind75262,calmmind75262,False,"['Tauros', 'Haunter', 'Regirock', 'Jynx', 'Manectric', 'Slowking']","['Charizard', 'Vileplume', 'Regirock', 'Hitmonchan', 'Sneasel']",23,6,8
gen4nu-2169102465,[Gen 4] NU,2024-07-28 20:27:46,,tangrowth23890,pelipper44197,tangrowth23890,True,"['Hitmontop', 'Steelix', 'Miltank', 'Skuntank', 'Lanturn']","['Tauros', 'Medicham', 'Steelix', 'Cacturne', 'Lanturn', 'Drifblim']",25,11,7
smogtours-gen4nu-717598,[Gen 4] NU,2023-09-18 20:23:49,,haunter12630,stench25210,stench25210,True,"['Vileplume', 'Regirock', 'Hitmonchan', 'Slowking', 'Gardevoir', 'Ampharos']","['Regice', 'Sandslash', 'Floatzel', 'Skuntank', 'Dusclops', 'Cradily']",68,17,19
gen4nu-1087612164,[Gen 4] NU,2020-03-29 22:52:48,,magmortar26451,twistedspoon63684,magmortar26451,True,"['Meganium', 'Charizard', 'Luxray', 'Hitmonchan', 'Regirock', 'Slowking']","['Sharpedo', 'Magmortar', 'Sandslash', 'Victreebel', 'Slowking', 'Cradily']",23,9,12
gen4nu-932500547,[Gen 4] NU,2019-06-21 19:41:49,,houndour54582,tangela22698,houndour54582,False,"['Granbull', 'Banette', 'Octillery', 'Carnivine', 'Solrock', 'Persian']","['Exploud', 'Solrock', 'Persian', 'Swalot', 'Chatot', 'Tangela']",28,10,10
smogtours-gen4nu-828969,[Gen 4] NU,2025-03-30 18:55:27,,huntail76319,denpowersteel79771,denpowersteel79771,False,"['Magmortar', 'Tauros', 'Hitmonchan', 'Skuntank', 'Solrock', 'Slowking']","['Camerupt', 'Wailord', 'Manectric', 'Gardevoir', 'Glalie', 'Drifblim']",27,10,10
smogtours-gen4nu-344178,[Gen 4] NU,2018-01-21 15:53:56,,thrash80465,futuresight13270,futuresight13270,False,"['Regirock', 'Poliwrath', 'Haunter', 'Cacturne', 'Manectric', 'Gardevoir']","['Tauros', 'Haunter', 'Hitmonchan', 'Regirock', 'Jynx', 'Skuntank']",24,9,11
gen4nu-1069240663,[Gen 4] NU,2020-02-25 22:11:59,,gallade87831,entei72987,entei72987,False,"['Sharpedo', 'Meganium', 'Venomoth', 'Torkoal', 'Medicham', 'Magneton']","['Tauros', 'Sandslash', 'Hitmonchan', 'Haunter', 'Skuntank', 'Gardevoir']",36,14,14
smogtours-gen4nu-355951,[Gen 4] NU,2018-03-04 23:28:20,,poisonsting74677,delcatty2986,delcatty2986,False,"['Phione', 'Kecleon', 'Armaldo', 'Volbeat', 'Illumise', 'Lopunny']","['Trapinch', 'Solrock', 'Clamperl', 'Purugly', 'Delibird', 'Articuno']",20,6,7
smogtours-gen4nu-792806,[Gen 4] NU,2024-09-27 22:15:33,,confusion41299,exploud62674,confusion41299,False,"['Shiftry', 'Gligar', 'Aggron', 'Hitmonchan', 'Slowking', 'Drapion']","['Sharpedo', 'Exeggutor', 'Entei', 'Regirock', 'Haunter', 'Miltank']",25,10,9
gen4nu-2197250300,[Gen 4] NU,2024-09-08 17:19:56,,rhydon28155,fastball93484,fastball93484,False,"['Charizard', 'Medicham', 'Nidoqueen', 'Hitmonchan', 'Skuntank', 'Slowking']","['Vileplume', 'Gligar', 'Regirock', 'Skuntank', 'Slowking', 'Ampharos']",40,19,14
gen4nu-2204591511,[Gen 4] NU,2024-09-18 20:24:31,1105,oranberry42542,growl5652,growl5652,False,"['Magmortar', 'Luxray', 'Sandslash', 'Dusclops', 'Lumineon', 'Fearow']","['Charizard', 'Hitmonchan', 'Mawile', 'Skuntank', 'Pikachu', 'Cradily']",29,9,13
gen4nu-2176322408,[Gen 4] NU,2024-08-08 23:21:17,,safeguard55452,tangrowth23890,tangrowth23890,False,"['Exeggutor', 'Shiftry', 'Typhlosion', 'Regirock', 'Persian', 'Gardevoir']","['Hitmontop', 'Steelix', 'Miltank', 'Skuntank', 'Lanturn', 'Espeon']",26,8,7
smogtours-gen4nu-336679,[Gen 4] NU,2017-12-19 15:07:06,,golem5265,thrash80465,thrash80465,False,"['Tauros', 'Medicham', 'Magneton', 'Regirock', 'Dodrio', 'Slowking']","['Charizard', 'Tauros', 'Sandslash', 'Slowking', 'Cradily']",41,16,19
smogtours-gen4nu-784453,[Gen 4] NU,2024-08-05 21:22:05,,phanpy1464,exploud62674,exploud62674,False,"['Tauros', 'Medicham', 'Steelix', 'Cacturne', 'Lanturn', 'Drifblim']","['Exeggutor', 'Tauros', 'Medicham', 'Skuntank', 'Glalie', 'Drifblim']",28,11,9
gen4nu-2127906108,[Gen 4] NU,2024-05-22 02:42:15,,finneon78979,chestoberry2373,chestoberry2373,False,"['Charizard', 'Vileplume', 'Tauros', 'Sandslash', 'Poliwrath', 'Hitmonchan']","['Armaldo', 'Regirock', 'Cacturne', 'Walrein', 'Manectric', 'Gardevoir']",27,12,5
smogtours-gen4nu-691682,[Gen 4] NU,2023-05-07 14:12:13,,koffing93492,crosschop14357,crosschop14357,False,"['Lapras', 'Vileplume', 'Tauros', 'Regirock', 'Skuntank', 'Slowking']","['Shiftry', 'Floatzel', 'Regirock', 'Haunter', 'Linoone', 'Gardevoir']",24,8,10
gen4nu-1076431281,[Gen 4] NU,2020-03-10 02:59:36,,apicotberry87068,rceuselectric87065,apicotberry87068,False,"['Porygon2', 'Jynx', 'Monferno', 'Cacturne']","['Sharpedo', 'Gligar', 'Typhlosion', 'Dusclops', 'Piloswine', 'Hypno']",18,3,9
gen4nu-949522377,[Gen 4] NU,2019-07-23 22:34:37,,heatrock37333,entei72987,heatrock37333,False,"['Magmortar', 'Floatzel', 'Regirock', 'Hitmonchan', 'Jynx', 'Skuntank']","['Medicham', 'Sandslash', 'Magneton', 'Skuntank', 'Slowking', 'Gardevoir']",24,10,11
gen4nu-833998732,[Gen 4] NU,2018-12-26 17:45:06,,gust83845,adaptability26680,gust83845,True,"['Kingler', 'Dunsparce', 'Combusken', 'Ivysaur', 'Slaking']","['Luxray', 'Dusclops', 'Wartortle', 'Bastiodon', 'Quagsire', 'Chimecho']",42,10,13
smogtours-gen4nu-202097,[Gen 4] NU,2016-10-12 15:31:31,,sneasel14585,quickclaw14989,quickclaw14989,False,"['Magmortar', 'Tauros', 'Medicham', 'Haunter', 'Regirock', 'Hypno']","['Tauros', 'Medicham', 'Sandslash', 'Skuntank', 'Slowking', 'Ampharos']",20,10,10
smogtours-gen4nu-840971,[Gen 4] NU,2025-05-10 15:21:25,,thunderwave9074,icywind98531,icywind98531,False,"['Tauros', 'Regirock', 'Cacturne', 'Slowking', 'Ampharos', 'Drifblim']","['Sharpedo', 'Vileplume', 'Tauros', 'Magneton', 'Regirock', 'Dusclops']",43,14,15
smogtours-gen4nu-355932,[Gen 4] NU,2018-03-04 23:05:14,,poisonsting74677,delcatty2986,poisonsting74677,False,"['Tangela', 'Rampardos', 'Pachirisu', 'Sableye']","['Pidgeot', 'Shelgon', 'Castform', 'Swalot', 'Corsola', 'Cradily']",22,3,7
gen4nu-720994986,[Gen 4] NU,2018-03-20 22:49:37,,swampert50714,sandveil87527,swampert50714,False,"['Monferno', 'Sneasel', 'Mr. Mime', 'Pelipper', 'Metang', 'Misdreavus']","['Zangoose', 'Metang', 'Dragonair', 'Poliwrath', 'Sableye', 'Articuno']",24,6,8
gen4nu-956720637,[Gen 4] NU,2019-08-07 14:37:29,,donphan58946,wailmer43107,wailmer43107,True,"['Kecleon', 'Shelgon', 'Lairon', 'Quagsire', 'Tangela', 'Gastly']","['Kecleon', 'Raticate', 'Lairon', 'Diglett', 'Tangela', 'Gastly']",35,19,15
smogtours-gen4nu-712378,[Gen 4] NU,2023-08-26 20:30:08,,stench25210,cometpunch77905,stench25210,True,"['Regice', 'Floatzel', 'Skuntank', 'Dusclops', 'Cradily']","['Politoed', 'Vileplume', 'Tauros', 'Haunter', 'Regirock', 'Manectric']",36,14,15
gen4nu-1158114298,[Gen 4] NU,2020-07-26 19:16:15,,copycat92170,deoxysattack76542,deoxysattack76542,False,"['Typhlosion', 'Dragonair', 'Delcatty', 'Gastrodon', 'Ampharos', 'Articuno']","['Tauros', 'Haunter', 'Regirock', 'Jynx', 'Manectric']",21,7,8
gen4nu-987165987,[Gen 4] NU,2019-10-05 00:15:51,,chlorophyll28494,chansey79290,chlorophyll28494,False,"['Torkoal', 'Bellossom', 'Metang', 'Purugly', 'Rhydon']","['Zangoose', 'Sneasel', 'Whiscash', 'Electabuzz', 'Probopass', 'Gastly']",21,9,7
smogtours-gen4nu-496414,[Gen 4] NU,2020-04-28 20:41:04,,airslash47650,rockclimb62152,airslash47650,False,"['Charizard', 'Sandslash', 'Walrein', 'Gardevoir', 'Cradily']","['Vileplume', 'Floatzel', 'Nidoqueen', 'Rhydon', 'Gardevoir', 'Drifblim']",26,5,10
gen4nu-1168714717,[Gen 4] NU,2020-08-14 10:44:12,,sunstone83029,lombre37452,sunstone83029,False,"['Torkoal', 'Medicham', 'Exploud', 'Gastrodon', 'Drifblim']","['Typhlosion', 'Cacturne', 'Exploud', 'Mr. Mime', 'Bastiodon', 'Articuno']",20,5,7
smogtours-gen4nu-631738,[Gen 4] NU,2022-06-12 14:00:27,,rockpolish84152,mawile36886,rockpolish84152,True,"['Politoed', 'Charizard', 'Tauros', 'Sandslash', 'Regirock', 'Skuntank']","['Meganium', 'Tauros', 'Golem', 'Skuntank', 'Slowking', 'Ampharos']",41,26,21
gen4nu-1107902086,[Gen 4] NU,2020-05-03 13:32:05,,pamtreberry59159,nomelberry12674,pamtreberry59159,False,"['Typhlosion', 'Quagsire', 'Gardevoir', 'Cradily', 'Drifblim']","['Luxray', 'Flareon', 'Gardevoir', 'Muk', 'Crawdaunt', 'Glaceon']",36,10,10
gen4nu-921085076,[Gen 4] NU,2019-06-02 22:19:48,,leafeon29964,mindreader27217,mindreader27217,False,"['Golduck', 'Armaldo', 'Mr. Mime', 'Victreebel', 'Metang', 'Purugly']","['Charizard', 'Medicham', 'Regirock', 'Hitmonchan', 'Exploud', 'Walrein']",24,10,6
smogtours-gen4nu-568012,[Gen 4] NU,2021-06-26 19:21:04,,slowking28210,ariados65244,slowking28210,True,"['Sharpedo', 'Hitmonchan', 'Regirock', 'Gardevoir', 'Drifblim']","['Sandslash', 'Sableye', 'Lickilicky', 'Slowking', 'Glalie', 'Articuno']",29,13,15
gen4nu-2195864435,[Gen 4] NU,2024-09-06 15:32:19,1000,charmeleon22366,zoomlens5648,zoomlens5648,False,"['Wailord', 'Charizard', 'Luxray', 'Butterfree', 'Hitmonchan', 'Skuntank']","['Slowking', 'Magmortar', 'Skuntank', 'Sandslash']",29,14,12
gen4nu-829037656,[Gen 4] NU,2018-11-01 20:11:11,,megapunch98881,butterfree78234,megapunch98881,False,"['Golduck', 'Tauros', 'Hitmonchan', 'Golem', 'Skuntank']","['Charizard', 'Medicham', 'Kadabra', 'Skuntank', 'Jumpluff', 'Solrock']",13,5,6
smogtours-gen4nu-390408,[Gen 4] NU,2018-07-31 19:39:11,,adamantorb39816,shadowclaw51134,adamantorb39816,True,"['Magmortar', 'Medicham', 'Sandslash', 'Floatzel', 'Skuntank', 'Drifblim']","['Tauros', 'Floatzel', 'Nidoqueen', 'Hitmonchan', 'Muk', 'Slowking']",16,8,8
smogtours-gen4nu-560743,[Gen 4] NU,2021-05-13 23:28:24,,wooper24132,seedflare81285,wooper24132,False,"['Venomoth', 'Meganium', 'Lapras', 'Sandslash', 'Medicham', 'Regirock']","['Politoed', 'Venomoth', 'Shiftry', 'Tauros', 'Regirock', 'Drifblim']",27,10,10
gen4nu-455867274,[Gen 4] NU,2016-10-12 21:32:01,,barboach16850,pomegberry54342,barboach16850,False,"['Magmortar', 'Meganium', 'Tauros', 'Medicham', 'Jynx', 'Probopass']","['Charizard', 'Luxray', 'Tauros', 'Dusclops', 'Crawdaunt', 'Gastrodon']",30,8,10
gen4nu-921034114,[Gen 4] NU,2019-06-02 21:02:12,,cherishball46855,trace64701,cherishball46855,False,"['Xatu', 'Gastrodon-East', 'Monferno', 'Victreebel', 'Purugly', 'Probopass']","['Machoke', 'Rapidash', 'Kadabra', 'Poliwrath', 'Cacturne', 'Rhydon']",26,13,16
gen4nu-939814715,[Gen 4] NU,2019-07-05 01:00:43,,transform65474,swinub75910,swinub75910,False,"['Banette', 'Raticate', 'Solrock', 'Persian', 'Diglett', 'Fearow']","['Politoed', 'Raticate', 'Lairon', 'Diglett', 'Fearow', 'Yanma']",15,7,7
azure-gen4nu-366773,[Gen 4] NU,2019-12-17 22:27:40,,psychup14796,gluttony55924,gluttony55924,False,"['Shiftry', 'Typhlosion', 'Regirock', 'Victreebel', 'Persian', 'Hypno']","['Charizard', 'Sandslash', 'Hitmonchan', 'Walrein', 'Cradily']",30,10,5
smogtours-gen4nu-678048,[Gen 4] NU,2023-03-04 01:33:09,,volbeat92423,stickyhold28665,stickyhold28665,False,"['Shiftry', 'Floatzel', 'Regirock', 'Hitmonchan', 'Jynx', 'Drifblim']","['Charizard', 'Tauros', 'Sandslash', 'Medicham', 'Regirock', 'Skuntank']",24,10,9
smogtours-gen4nu-628538,[Gen 4] NU,2022-05-28 15:27:39,,sniper70774,rock51085,sniper70774,False,"['Sharpedo', 'Medicham', 'Mantine', 'Skuntank', 'Manectric', 'Cradily']","['Meganium', 'Magneton', 'Regirock', 'Hitmonchan', 'Skuntank', 'Slowking']",23,10,14
smogtours-gen4nu-787920,[Gen 4] NU,2024-08-29 19:18:10,,torterra15123,safeguard55452,torterra15123,False,"['Gligar', 'Entei', 'Regirock', 'Hitmonchan', 'Drapion']","['Shiftry', 'Exeggutor', 'Typhlosion', 'Regirock', 'Persian', 'Gardevoir']",24,8,9
smogtours-gen4nu-630896,[Gen 4] NU,2022-06-08 18:11:45,,twistedspoon9310,mawile36886,mawile36886,False,"['Shiftry', 'Regirock', 'Hitmonchan', 'Haunter', 'Skuntank', 'Slowking']","['Sharpedo', 'Regirock', 'Cacturne', 'Dusclops', 'Manectric']",33,13,12
gen4nu-2221786891,[Gen 4] NU,2024-10-13 02:44:06,,micleberry95900,fastball12016,fastball12016,False,"['Shiftry', 'Floatzel', 'Regirock', 'Hitmonchan', 'Jynx', 'Drifblim']","['Regirock', 'Shiftry', 'Victreebel', 'Persian']",17,7,4
smogtours-gen4nu-739093,[Gen 4] NU,2024-01-13 22:06:44,,sniper70774,rotomfan35023,sniper70774,True,"['Meganium', 'Gligar', 'Regirock', 'Manectric', 'Slowking']","['Vileplume', 'Gligar', 'Magneton', 'Hitmonchan', 'Skuntank', 'Lickilicky']",28,10,15
gen4nu-862261257,[Gen 4] NU,2019-02-13 20:27:05,,choicespecs43511,sniper70774,sniper70774,False,"['Xatu', 'Kadabra', 'Poliwrath', 'Cacturne', 'Muk', 'Metang']","['Cacturne', 'Pelipper', 'Metang', 'Purugly', 'Rhydon', 'Misdreavus']",32,11,16
gen4nu-2302660285,[Gen 4] NU,2025-02-17 20:28:10,,weepinbell75190,outrage29420,weepinbell75190,True,"['Dusclops', 'Hitmonchan', 'Regirock', 'Cacturne']","['Tauros', 'Medicham', 'Cacturne', 'Slowking', 'Drifblim']",14,4,4
smogtours-gen4nu-447906,[Gen 4] NU,2019-06-16 18:54:07,,recycle92780,return91618,return91618,False,"['Gabite', 'Sudowoodo', 'Poliwrath', 'Cacturne', 'Electabuzz', 'Golbat']","['Lunatone', 'Gorebyss', 'Victreebel', 'Purugly', 'Rhydon', 'Misdreavus']",25,12,7
gen4nu-449708768,[Gen 4] NU,2016-10-03 00:55:24,,frenzyplant84713,luxray52006,luxray52006,False,"['Miltank', 'Dugtrio', 'Swellow', 'Drapion', 'Alakazam', 'Blastoise']","['Venomoth', 'Shiftry', 'Medicham', 'Regirock', 'Poliwrath']",20,7,7
gen4nu-801867792,[Gen 4] NU,2018-09-06 20:39:59,,luxuryball92459,tyrogue12319,tyrogue12319,False,"['Snover', 'Gabite', 'Charizard', 'Magneton', 'Hitmonchan', 'Slowking']","['Charizard', 'Nidoqueen', 'Regirock', 'Hitmonchan', 'Skuntank', 'Slowking']",37,13,17
smogtours-gen4nu-815629,[Gen 4] NU,2025-01-24 03:28:44,,astonish53323,futuresight13270,futuresight13270,False,"['Ninetales', 'Sandslash', 'Magneton', 'Floatzel', 'Cacturne', 'Drifblim']","['Golduck', 'Venomoth', 'Pinsir', 'Hitmonchan', 'Regirock', 'Skuntank']",16,6,8
smogtours-gen4nu-686297,[Gen 4] NU,2023-04-08 19:24:22,,chargebeam75626,lightclay48488,chargebeam75626,False,"['Shiftry', 'Charizard', 'Regirock', 'Hitmonchan', 'Victreebel', 'Purugly']","['Shiftry', 'Medicham', 'Regirock', 'Hitmonchan', 'Skuntank', 'Slowking']",17,6,9
gen4nu-875020990,[Gen 4] NU,2019-03-12 16:05:21,,blastoise29791,rawstberry64920,rawstberry64920,True,"['Kecleon', 'Combusken', 'Dusclops', 'Persian', 'Beedrill']","['Exploud', 'Solrock', 'Persian', 'Swalot', 'Tangela']",25,6,5
gen4nu-2201552176,[Gen 4] NU,2024-09-14 16:29:46,,uxie26925,closecombat44911,closecombat44911,False,"['Charizard', 'Vileplume', 'Sandslash', 'Floatzel', 'Skuntank', 'Gardevoir']","['Sharpedo', 'Tauros', 'Magneton', 'Nidoqueen', 'Slowking', 'Drifblim']",25,11,10
gen4nu-1107987532,[Gen 4] NU,2020-05-03 16:49:26,,machobrace46788,visegrip49544,machobrace46788,False,"['Slaking', 'Medicham', 'Regirock', 'Gardevoir', 'Drifblim']","['Kingler', 'Butterfree', 'Gardevoir', 'Torkoal', 'Ivysaur', 'Gastrodon']",20,5,8
gen4nu-1119015388,[Gen 4] NU,2020-05-22 00:47:23,,forretress53163,fire24746,forretress53163,True,"['Kingler', 'Flareon', 'Persian', 'Quagsire', 'Lairon', 'Gastly']","['Granbull', 'Noctowl', 'Exploud', 'Solrock', 'Quagsire', 'Gastly']",36,13,14
gen4nu-2192616407,[Gen 4] NU,2024-09-01 23:03:20,,futuresight13270,sunflora27687,sunflora27687,False,"['Shiftry', 'Tauros', 'Nidoqueen', 'Hitmonchan', 'Regirock']","['Politoed', 'Regirock', 'Skuntank', 'Marowak', 'Drifblim']",19,6,7
gen4nu-859868140,[Gen 4] NU,2019-02-08 12:48:37,,surskit25030,levelball31342,levelball31342,True,"['Arbok', 'Kadabra', 'Charizard', 'Hitmonchan']","['Bibarel', 'Glalie']",12,3,1
gen4nu-947059421,[Gen 4] NU,2019-07-19 00:32:34,,iceshard30836,entei72987,entei72987,False,"['Venomoth', 'Xatu', 'Floatzel', 'Regirock', 'Hitmonchan', 'Skuntank']","['Sharpedo', 'Charizard', 'Sandslash', 'Manectric', 'Slowking']",22,9,9
gen4nu-839164692,[Gen 4] NU,2018-12-22 16:44:29,,sandveil87527,gengarmega66742,sandveil87527,False,"['Banette', 'Marowak', 'Solrock', 'Clamperl', 'Purugly', 'Chimecho']","['Kecleon', 'Zangoose', 'Cacturne', 'Mr. Mime', 'Raichu', 'Misdreavus']",20,7,9
gen4nu-769058599,[Gen 4] NU,2018-06-29 12:06:38,,irontail24721,haunter12630,irontail24721,False,"['Poliwrath', 'Murkrow', 'Metang', 'Lickilicky', 'Misdreavus', 'Golbat']","['Cacturne', 'Dusclops', 'Wartortle', 'Rhydon', 'Glaceon', 'Articuno']",24,8,11
gen4nu-2199668527,[Gen 4] NU,2024-09-11 23:39:28,1128,growl5652,hypno90649,growl5652,True,"['Regirock', 'Victreebel', 'Persian']","['Roselia', 'Electrode', 'Regirock', 'Drifblim']",10,2,5
gen4nu-937494673,[Gen 4] NU,2019-06-30 17:19:37,,wailmer43107,tangela22698,wailmer43107,False,"['Granbull', 'Lapras', 'Solrock', 'Persian', 'Tangela']","['Kingler', 'Stunky', 'Pineco', 'Dusclops', 'Persian', 'Pupitar']",22,7,8
gen4nu-821906860,[Gen 4] NU,2018-10-18 02:34:08,,spheal7278,mudkip8641,spheal7278,False,"['Golduck', 'Metang', 'Victreebel', 'Electabuzz', 'Purugly', 'Glalie']","['Monferno', 'Muk', 'Pelipper', 'Metang', 'Purugly', 'Diglett']",28,13,13
smogtours-gen4nu-395162,[Gen 4] NU,2018-09-03 18:57:47,,bide32585,thrash80465,thrash80465,False,"['Vileplume', 'Charizard', 'Medicham', 'Regirock', 'Sneasel', 'Slowking']","['Vileplume', 'Charizard', 'Hitmonchan', 'Golem', 'Rhydon', 'Slowking']",31,17,11
gen4nu-2198895374,[Gen 4] NU,2024-09-10 22:38:16,1109,hypno90649,zoomlens5648,zoomlens5648,False,"['Lunatone', 'Electrode', 'Regirock', 'Sneasel', 'Hypno', 'Linoone']","['Politoed', 'Sandslash', 'Haunter', 'Skuntank', 'Glalie']",26,6,7
gen4nu-942812361,[Gen 4] NU,2019-07-10 22:34:53,,registeel32051,rockclimb62152,rockclimb62152,False,"['Lunatone', 'Dunsparce', 'Arbok', 'Wartortle', 'Dusclops', 'Illumise']","['Politoed', 'Raticate', 'Dusclops', 'Solrock', 'Tangela']",18,5,4
smogtours-gen4nu-844679,[Gen 4] NU,2025-05-23 00:47:58,,thief62213,crosschop14357,crosschop14357,False,"['Politoed', 'Sandslash', 'Dusclops', 'Skuntank', 'Hypno', 'Articuno']","['Magneton', 'Ninetales', 'Sandslash', 'Cacturne']",33,13,11
gen4nu-2199051416,[Gen 4] NU,2024-09-11 03:42:52,1033,shellbell11093,chopleberry38027,chopleberry38027,True,"['Charizard', 'Tauros', 'Medicham', 'Sandslash', 'Typhlosion', 'Dodrio']","['Gligar', 'Magneton', 'Floatzel', 'Hitmonchan', 'Slowking', 'Cradily']",23,8,7
smogtours-gen4nu-832034,[Gen 4] NU,2025-04-10 21:55:38,,icywind98531,haunter12630,icywind98531,False,"['Magneton', 'Floatzel', 'Skuntank', 'Dodrio']","['Gligar', 'Jumpluff', 'Linoone', 'Gastrodon', 'Glalie', 'Drifblim']",25,5,10
smogtours-gen4nu-783657,[Gen 4] NU,2024-08-02 15:29:30,,chimecho80841,torterra15123,chimecho80841,False,"['Sharpedo', 'Ludicolo', 'Regirock', 'Hitmonchan', 'Drapion']","['Sharpedo', 'Exeggutor', 'Regirock', 'Hitmonchan', 'Slowking', 'Drapion']",17,6,8
gen4nu-2199848616,[Gen 4] NU,2024-09-12 06:11:40,1000,charm4913,tangrowth23890,tangrowth23890,False,"['Lapras', 'Charizard', 'Regirock', 'Seviper', 'Linoone', 'Regigigas']","['Sandslash', 'Slowking', 'Charizard', 'Tauros']",22,7,6
gen4nu-932074645,[Gen 4] NU,2019-06-21 01:18:24,,chartiberry95074,bubblebeam47729,chartiberry95074,False,"['Swalot', 'Tangela', 'Solrock', 'Persian']","['Cubone', 'Lileep', 'Horsea', 'Gloom', 'Mankey', 'Taillow']",18,7,8
gen4nu-1123970841,[Gen 4] NU,2020-05-30 20:14:14,,wooper24132,tailwhip57752,tailwhip57752,False,"['Venomoth', 'Meganium', 'Lapras', 'Sandslash', 'Medicham', 'Regirock']","['Jumpluff', 'Shiftry', 'Victreebel', 'Regirock']",21,13,5
smogtours-gen4nu-768015,[Gen 4] NU,2024-05-12 23:11:27,,rotomfan35023,golduck61301,golduck61301,False,"['Tauros', 'Haunter', 'Hitmonchan', 'Manectric', 'Slowking', 'Cradily']","['Tauros', 'Medicham', 'Skuntank', 'Dusclops', 'Slowking', 'Cradily']",68,24,24
smogtours-gen4nu-470126,[Gen 4] NU,2019-12-23 11:17:49,,altaria32948,lockon17539,altaria32948,False,"['Sandslash', 'Floatzel', 'Typhlosion', 'Regirock', 'Cacturne', 'Drifblim']","['Machoke', 'Charizard', 'Sandslash', 'Jumpluff', 'Whiscash', 'Manectric']",21,9,7
gen4nu-911865111,[Gen 4] NU,2019-05-18 13:49:13,,thrash80465,thickfat46243,thickfat46243,False,"['Charizard', 'Tauros', 'Sandslash', 'Skuntank', 'Slowking', 'Cradily']","['Charizard', 'Tauros', 'Regirock', 'Manectric', 'Slowking', 'Drifblim']",43,14,10
gen4nu-2166092869,[Gen 4] NU,2024-07-23 17:48:58,,moonstone43930,ursaring64445,ursaring64445,False,"['Tauros', 'Slowbro', 'Entei', 'Regirock', 'Cacturne', 'Drapion']","['Charizard', 'Claydol', 'Tauros', 'Slowbro', 'Electrode', 'Skuntank']",41,10,6
gen4nu-2196569116,[Gen 4] NU,2024-09-07 16:35:41,1041,charmeleon22366,airlock53868,charmeleon22366,False,"['Charizard', 'Tauros', 'Medicham', 'Regirock', 'Skuntank', 'Slowking']","['Charizard', 'Hitmonchan', 'Skuntank', 'Manectric', 'Slowking', 'Cradily']",26,9,12
smogtours-gen4nu-659367,[Gen 4] NU,2022-11-05 14:04:37,,honeygather86735,mawile36886,honeygather86735,False,"['Charizard', 'Sandslash', 'Regirock', 'Hitmonchan', 'Skuntank', 'Slowking']","['Shiftry', 'Tauros', 'Nidoqueen', 'Regirock', 'Hitmonchan', 'Slowking']",30,9,9
smogtours-gen4nu-783979,[Gen 4] NU,2024-08-04 00:27:44,,huntail76319,tangrowth23890,huntail76319,False,"['Sharpedo', 'Vileplume', 'Nidoking', 'Regirock', 'Slowking']","['Tangrowth', 'Altaria', 'Claydol', 'Tauros', 'Slowbro', 'Skuntank']",39,9,14
smogtours-gen4nu-626544,[Gen 4] NU,2022-05-15 20:11:06,,rockpolish84152,rock51085,rock51085,True,"['Tauros', 'Haunter', 'Regirock', 'Skuntank', 'Slowking', 'Gardevoir']","['Haunter', 'Cacturne', 'Regirock', 'Hitmonchan', 'Slowking']",102,16,19
smogtours-gen4nu-603241,[Gen 4] NU,2022-01-16 23:20:28,,wooper24132,denpowerwater91914,wooper24132,False,"['Venomoth', 'Meganium', 'Lapras', 'Sandslash', 'Medicham', 'Regirock']","['Lapras', 'Sandslash', 'Hitmonchan', 'Regirock', 'Skuntank', 'Drifblim']",36,12,14
gen4nu-450022454,[Gen 4] NU,2016-10-03 16:21:40,,enpowerpoison42510,custapberry71278,enpowerpoison42510,True,"['Ninetales', 'Porygon2', 'Medicham', 'Regirock', 'Sneasel', 'Hypno']","['Bibarel', 'Gorebyss', 'Gligar', 'Dodrio', 'Mr. Mime', 'Lopunny']",28,7,8
smogtours-gen4nu-718068,[Gen 4] NU,2023-09-21 22:02:24,,hypervoice57448,stench25210,stench25210,False,"['Lapras', 'Sandslash', 'Dusclops', 'Skuntank', 'Lickilicky', 'Cradily']","['Tauros', 'Sandslash', 'Regirock', 'Hitmonchan', 'Walrein', 'Dusclops']",42,19,18
smogtours-gen4nu-787450,[Gen 4] NU,2024-08-25 19:29:12,,illuminate274,torterra15123,torterra15123,False,"['Tauros', 'Medicham', 'Steelix', 'Cacturne', 'Lanturn', 'Drifblim']","['Shiftry', 'Exeggutor', 'Typhlosion', 'Regirock', 'Persian', 'Gardevoir']",28,11,10
gen4nu-2194542365,[Gen 4] NU,2024-09-04 18:04:30,,barrier90479,lickilicky96271,barrier90479,False,"['Politoed', 'Vileplume', 'Tauros', 'Haunter', 'Regirock', 'Jynx']","['Regirock', 'Haunter', 'Hitmonchan', 'Jynx', 'Skuntank', 'Manectric']",37,14,12
gen4nu-1101536886,[Gen 4] NU,2020-04-22 21:09:49,,quickpowder71749,watergun59811,quickpowder71749,False,"['Sharpedo', 'Magmortar', 'Sandslash', 'Victreebel', 'Slowking', 'Cradily']","['Vileplume', 'Charizard', 'Medicham', 'Sandslash', 'Regirock', 'Slowking']",30,12,10
gen4nu-2194740043,[Gen 4] NU,2024-09-04 23:41:08,1052,chopleberry38027,psywave2649,chopleberry38027,False,"['Sharpedo', 'Tauros', 'Magneton', 'Haunter', 'Regirock', 'Slowking']","['Charizard', 'Sandslash', 'Armaldo', 'Gastrodon-East', 'Dodrio', 'Cherrim']",22,8,8
gen4nu-2195609075,[Gen 4] NU,2024-09-06 05:41:39,1052,sentret86201,crobat52117,sentret86201,True,"['Camerupt', 'Rampardos', 'Gligar', 'Jumpluff', 'Clamperl']","['Kingler', 'Pinsir', 'Hitmonchan', 'Probopass', 'Slaking']",21,9,4
smogtours-gen4nu-200952,[Gen 4] NU,2016-10-09 14:51:10,,skyattack24314,lockon17539,lockon17539,False,"['Tauros', 'Haunter', 'Regirock', 'Jynx', 'Manectric', 'Slowking']","['Vileplume', 'Sandslash', 'Floatzel', 'Skuntank', 'Gardevoir']",18,6,7
smogtours-gen4nu-662475,[Gen 4] NU,2022-11-24 01:28:17,,aipom45424,tyranitar56327,aipom45424,False,"['Floatzel', 'Nidoqueen', 'Hitmonchan', 'Cacturne', 'Sableye', 'Lickilicky']","['Ampharos', 'Medicham', 'Haunter', 'Skuntank', 'Slowking', 'Cradily']",29,8,10
smogtours-gen4nu-775246,[Gen 4] NU,2024-06-16 21:22:28,,rotomfan35023,koffing93492,koffing93492,True,"['Tauros', 'Magneton', 'Regirock', 'Skuntank', 'Slowking', 'Drifblim']","['Vileplume', 'Tauros', 'Haunter', 'Regirock', 'Skuntank', 'Slowking']",20,9,6
gen4nu-777301860,[Gen 4] NU,2018-07-17 23:11:51,,sandshrew61807,chartiberry95074,chartiberry95074,False,"['Tauros', 'Haunter', 'Manectric', 'Rhydon', 'Glalie', 'Drifblim']","['Magmortar', 'Charizard', 'Typhlosion', 'Regirock', 'Hitmonchan', 'Slowking']",19,11,8
gen4nu-936402846,[Gen 4] NU,2019-06-28 15:45:52,,haunter12630,glare38523,haunter12630,False,"['Rampardos', 'Dragonair', 'Poliwrath', 'Murkrow', 'Glalie', 'Misdreavus']","['Electabuzz', 'Xatu', 'Monferno', 'Victreebel', 'Metang', 'Gastrodon']",25,12,10
gen4nu-955811264,[Gen 4] NU,2019-08-05 16:36:54,,donphan58946,wailmer43107,wailmer43107,False,"['Kecleon', 'Shelgon', 'Lairon', 'Quagsire', 'Tangela', 'Gastly']","['Kecleon', 'Raticate', 'Lairon', 'Diglett', 'Tangela', 'Gastly']",34,16,11
smogtours-gen4nu-665117,[Gen 4] NU,2022-12-15 23:21:46,,koffing93492,wooper24132,wooper24132,False,"['Charizard', 'Floatzel', 'Regirock', 'Hitmonchan', 'Skuntank', 'Slowking']","['Venomoth', 'Meganium', 'Medicham', 'Regirock', 'Hitmonchan', 'Slowking']",31,9,10
gen4nu-784948614,[Gen 4] NU,2018-08-02 17:08:56,,furyswipes99143,lockon50489,lockon50489,False,"['Shiftry', 'Porygon2', 'Regirock', 'Victreebel', 'Grumpig', 'Drifblim']","['Jynx', 'Haunter', 'Skuntank', 'Regirock']",15,7,3
smogtours-gen4nu-726060,[Gen 4] NU,2023-10-24 19:13:44,,totodile90785,bide32585,bide32585,True,"['Shiftry', 'Charizard', 'Sandslash', 'Regirock', 'Slowking', 'Drifblim']","['Vileplume', 'Charizard', 'Medicham', 'Regirock', 'Sneasel', 'Slowking']",38,10,11
gen4nu-823311201,[Gen 4] NU,2018-11-20 02:52:41,,rockwrecker27439,jirachi30774,jirachi30774,False,"['Armaldo', 'Dragonair', 'Cacturne', 'Electabuzz', 'Purugly', 'Misdreavus']","['Poliwrath', 'Armaldo', 'Dragonair', 'Kadabra']",20,9,4
gen4nu-1094079600,[Gen 4] NU,2020-04-10 03:17:30,,pineco3400,rhyperior690,rhyperior690,False,"['Charizard', 'Vileplume', 'Sandslash', 'Floatzel', 'Skuntank', 'Gardevoir']","['Charizard', 'Vileplume', 'Sandslash', 'Floatzel', 'Skuntank', 'Gardevoir']",33,11,11
smogtours-gen4nu-568286,[Gen 4] NU,2021-06-27 20:43:11,,exploud53677,seedflare81285,exploud53677,False,"['Sharpedo', 'Typhlosion', 'Poliwrath', 'Cradily', 'Drifblim']","['Tauros', 'Regirock', 'Haunter', 'Jynx', 'Manectric', 'Slowking']",33,4,9
smogtours-gen4nu-763843,[Gen 4] NU,2024-04-27 14:18:45,,rotomfan35023,honeygather76267,rotomfan35023,False,"['Sharpedo', 'Tauros', 'Medicham', 'Haunter', 'Regirock', 'Skuntank']","['Nidoqueen', 'Regirock', 'Hitmonchan', 'Sneasel', 'Haunter', 'Slowking']",19,8,10
smogtours-gen4nu-564529,[Gen 4] NU,2021-06-06 01:10:57,,cranidos95818,seedflare81285,cranidos95818,False,"['Shiftry', 'Ninetales', 'Poliwrath', 'Regirock', 'Gardevoir']","['Sharpedo', 'Regirock', 'Cacturne', 'Haunter', 'Manectric', 'Drifblim']",16,4,8
gen4nu-452318323,[Gen 4] NU,2016-10-07 02:29:12,1093,luxray52006,metalclaw34878,metalclaw34878,True,"['Shiftry', 'Charizard', 'Regirock', 'Hitmonchan', 'Victreebel', 'Persian']","['Skuntank', 'Quagsire', 'Linoone', 'Probopass', 'Gardevoir', 'Misdreavus']",27,14,11
smogtours-gen4nu-713339,[Gen 4] NU,2023-09-01 21:13:55,,stench25210,leafeon34076,stench25210,False,"['Magneton', 'Regirock', 'Poliwrath', 'Dusclops', 'Skuntank']","['Vileplume', 'Regirock', 'Hitmonchan', 'Manectric', 'Gardevoir', 'Drifblim']",30,12,13
smogtours-gen4nu-813406,[Gen 4] NU,2025-01-06 20:56:03,,futuresight13270,weepinbell75190,weepinbell75190,False,"['Meganium', 'Regirock', 'Walrein', 'Gardevoir', 'Drifblim']","['Nidoqueen', 'Hitmonchan', 'Lickilicky', 'Glalie', 'Articuno']",25,8,6
smogtours-gen4nu-787427,[Gen 4] NU,2024-08-25 19:05:58,,torterra15123,illuminate274,torterra15123,True,"['Slowking', 'Drapion', 'Hitmonchan', 'Gligar']","['Sharpedo', 'Exeggutor', 'Regirock', 'Hitmonchan', 'Slowking', 'Drapion']",15,5,7
gen4nu-2148755690,[Gen 4] NU,2024-06-23 20:29:17,,purugly45696,belueberry80725,purugly45696,True,"['Charizard', 'Sandslash', 'Poliwrath', 'Skuntank', 'Gardevoir', 'Cradily']","['Medicham', 'Electrode', 'Dusclops', 'Skuntank', 'Slowking', 'Cradily']",55,19,24
smogtours-gen4nu-629466,[Gen 4] NU,2022-06-01 22:42:15,,haunter12630,tyranitar56327,haunter12630,False,"['Medicham', 'Regirock', 'Haunter', 'Skuntank', 'Jumpluff', 'Ampharos']","['Sharpedo', 'Meganium', 'Floatzel', 'Regirock', 'Hitmonchan', 'Jynx']",30,13,13
gen4nu-2201229184,[Gen 4] NU,2024-09-14 02:43:35,,ninetales23624,thickclub47223,ninetales23624,False,"['Magneton', 'Regirock', 'Haunter', 'Cacturne', 'Gardevoir']","['Magneton', 'Dragonair', 'Solrock', 'Linoone', 'Slowking', 'Drifblim']",19,4,5
gen4nu-994315300,[Gen 4] NU,2019-10-18 01:50:46,,wailmer43107,payday74254,payday74254,True,"['Banette', 'Lapras', 'Kecleon', 'Swalot', 'Grovyle', 'Probopass']","['Kecleon', 'Lapras', 'Marshtomp', 'Swalot', 'Tangela', 'Probopass']",45,9,9
smogtours-gen4nu-566131,[Gen 4] NU,2021-06-13 23:51:32,,swagger21466,futuresight13270,swagger21466,False,"['Venomoth', 'Floatzel', 'Regirock', 'Hitmonchan', 'Skuntank', 'Slowking']","['Politoed', 'Tauros', 'Regirock', 'Marowak', 'Skuntank', 'Drifblim']",26,10,11
gen4nu-2202240932,[Gen 4] NU,2024-09-15 17:24:31,1212,megakick62601,loudred10488,megakick62601,True,"['Meganium', 'Tauros', 'Poliwrath', 'Regirock', 'Sableye']","['Lapras', 'Armaldo', 'Jynx', 'Dusclops', 'Lickilicky', 'Cradily']",32,9,9
gen4nu-712275820,[Gen 4] NU,2018-03-03 05:56:31,,rayquaza90857,aquajet45104,rayquaza90857,False,['Grotle'],"['Grotle', 'Budew', 'Luxio']",12,0,2
gen4nu-2192403810,[Gen 4] NU,2024-09-01 16:34:35,1055,vitalspirit33087,masterball22194,masterball22194,False,"['Charizard', 'Tauros', 'Nidoqueen', 'Hitmonchan', 'Skuntank', 'Slowking']","['Kadabra', 'Armaldo', 'Nidoqueen', 'Gastrodon', 'Drifblim']",22,9,7
gen4nu-2200157687,[Gen 4] NU,2024-09-12 16:49:06,1000,pinmissile14901,chatot13639,pinmissile14901,False,"['Floatzel', 'Hitmonchan', 'Linoone', 'Gardevoir', 'Golbat']","['Lapras', 'Butterfree', 'Regirock', 'Hitmonchan', 'Gardevoir', 'Slaking']",21,5,8
gen4nu-664094807,[Gen 4] NU,2017-11-24 17:24:16,,supersonic37431,visegrip60623,visegrip60623,True,"['Skuntank', 'Muk', 'Armaldo']","['Linoone', 'Gardevoir']",9,3,1
gen4nu-841810302,[Gen 4] NU,2018-12-29 03:18:35,,liechiberry37967,sandveil87527,liechiberry37967,False,"['Kingler', 'Lapras', 'Raticate', 'Solrock', 'Swalot', 'Tangela']","['Kingler', 'Lopunny', 'Solrock', 'Mankey', 'Magmar', 'Gastly']",19,8,9
gen4nu-2213165581,[Gen 4] NU,2024-09-30 23:04:41,1159,wepearberry82259,chopleberry38027,chopleberry38027,False,"['Golduck', 'Magneton', 'Skuntank', 'Dusclops', 'Chatot', 'Cradily']","['Camerupt', 'Vileplume', 'Magneton', 'Hitmonchan', 'Slowking', 'Articuno']",30,13,12
smogtours-gen4nu-627131,[Gen 4] NU,2022-05-20 01:06:28,,slowking28210,tyranitar56327,tyranitar56327,False,"['Hitmonchan', 'Dodrio', 'Skuntank', 'Rhydon', 'Slowking', 'Drifblim']","['Vileplume', 'Regirock', 'Hitmonchan', 'Dusclops', 'Slowking']",26,11,8
gen4nu-2192497225,[Gen 4] NU,2024-09-01 19:21:12,1032,chopleberry38027,silverwind28986,chopleberry38027,False,"['Magneton', 'Floatzel', 'Cradily']","['Meganium', 'Flareon', 'Torkoal', 'Cacturne', 'Cradily', 'Drifblim']",34,2,13
gen4nu-2193213638,[Gen 4] NU,2024-09-02 20:25:38,1090,chopleberry38027,palkia50656,palkia50656,False,"['Sharpedo', 'Medicham', 'Magneton', 'Rhydon', 'Gardevoir', 'Drifblim']","['Sharpedo', 'Magmortar', 'Slaking', 'Sandslash', 'Haunter', 'Articuno']",21,6,9
gen4nu-2282542573,[Gen 4] NU,2025-01-17 00:20:20,,weepinbell75190,habanberry34945,weepinbell75190,False,"['Sandslash', 'Electrode', 'Hitmonchan', 'Cacturne', 'Jynx', 'Drifblim']","['Shiftry', 'Charizard', 'Tauros', 'Sandslash', 'Regirock', 'Walrein']",26,9,9
smogtours-gen4nu-697538,[Gen 4] NU,2023-06-17 01:58:43,,hypervoice57448,wooper24132,wooper24132,True,"['Nidoqueen', 'Dusclops', 'Lickilicky', 'Glalie', 'Articuno']","['Slowking', 'Venomoth', 'Regirock']",15,7,4
gen4nu-1093837272,[Gen 4] NU,2020-04-09 19:00:24,,haunter12630,wooper24132,wooper24132,False,"['Vileplume', 'Typhlosion', 'Regirock', 'Haunter', 'Hitmonchan', 'Gardevoir']","['Sandslash', 'Floatzel', 'Typhlosion', 'Regirock', 'Cacturne', 'Drifblim']",35,11,8
gen4nu-816983812,[Gen 4] NU,2018-10-07 23:40:10,,healingwish99395,fireblast30665,fireblast30665,False,"['Machoke', 'Charizard', 'Sandslash', 'Jumpluff', 'Whiscash', 'Manectric']","['Camerupt', 'Sharpedo', 'Regirock', 'Muk', 'Slowking']",26,9,8
gen4nu-727654089,[Gen 4] NU,2018-04-03 22:51:58,,persian55956,hydration62804,hydration62804,False,"['Haunter', 'Regirock', 'Hitmonchan', 'Jynx', 'Skuntank', 'Manectric']","['Sharpedo', 'Shiftry', 'Tauros', 'Regirock', 'Gardevoir', 'Drifblim']",19,8,7
gen4nu-967853435,[Gen 4] NU,2019-08-29 14:51:24,,charmeleon68884,tox71156,charmeleon68884,False,"['Kecleon', 'Banette', 'Luxray', 'Omanyte', 'Chimecho', 'Grovyle']","['Lapras', 'Raticate', 'Swalot', 'Tangela', 'Gastly', 'Probopass']",31,15,20
gen4nu-934336828,[Gen 4] NU,2019-06-24 23:13:12,,chartiberry95074,weedle33343,weedle33343,False,"['Exploud', 'Solrock', 'Persian', 'Swalot', 'Tangela', 'Chatot']","['Banette', 'Clefairy', 'Persian', 'Lairon', 'Glaceon']",24,13,10
gen4nu-933754356,[Gen 4] NU,2019-06-23 23:21:30,,rindoberry379,icefang57178,icefang57178,False,"['Kingler', 'Kecleon', 'Mawile', 'Diglett', 'Tangela', 'Gastly']","['Kingler', 'Sudowoodo', 'Flareon', 'Persian', 'Quagsire', 'Tangela']",38,14,15
gen4nu-2326256305,[Gen 4] NU,2025-03-23 19:39:00,,razorwind56610,buizel54754,razorwind56610,False,"['Magmortar', 'Regice', 'Dodrio', 'Arbok', 'Gardevoir']","['Camerupt', 'Ampharos', 'Dodrio', 'Arbok', 'Crawdaunt', 'Cradily']",18,7,6
smogtours-gen4nu-627811,[Gen 4] NU,2022-05-22 19:26:40,,rockpolish84152,twistedspoon9310,twistedspoon9310,True,"['Nidoqueen', 'Hitmonchan', 'Cacturne', 'Skuntank', 'Drifblim']","['Tauros', 'Poliwrath', 'Regirock', 'Skuntank', 'Sableye']",18,6,4
gen4nu-2169098558,[Gen 4] NU,2024-07-28 20:17:30,,tangrowth23890,pelipper44197,tangrowth23890,False,"['Hitmontop', 'Steelix', 'Skuntank', 'Lanturn', 'Espeon']","['Sharpedo', 'Exeggutor', 'Regirock', 'Hitmonchan', 'Slowking', 'Drapion']",19,6,8
gen4nu-672028587,[Gen 4] NU,2017-12-10 20:03:10,,shadowclaw51134,honeygather89597,honeygather89597,False,"['Machoke', 'Poliwrath', 'Cacturne', 'Rhydon', 'Misdreavus', 'Golbat']","['Kadabra', 'Probopass', 'Gastrodon', 'Misdreavus', 'Golbat']",23,13,10
smogtours-gen4nu-815845,[Gen 4] NU,2025-01-25 14:59:54,,icywind98531,pamtreberry72437,icywind98531,False,"['Venomoth', 'Tauros', 'Floatzel', 'Gastrodon-East', 'Regirock', 'Skuntank']","['Nidoqueen', 'Hitmonchan', 'Dusclops', 'Lickilicky', 'Glalie', 'Articuno']",28,12,12
gen4nu-2201188516,[Gen 4] NU,2024-09-14 01:21:35,,zoomlens5648,hippowdon58140,hippowdon58140,False,"['Magmortar', 'Tauros', 'Sandslash', 'Skuntank', 'Slowking', 'Cradily']","['Magneton', 'Nidoqueen', 'Hitmonchan', 'Skuntank', 'Manectric', 'Drifblim']",27,10,8
smogtours-gen4nu-782058,[Gen 4] NU,2024-07-24 08:08:53,,charmander53660,venomoth48167,charmander53660,False,"['Shiftry', 'Medicham', 'Electrode', 'Regirock', 'Drifblim']","['Sharpedo', 'Exeggutor', 'Hitmonchan', 'Regirock', 'Slowking', 'Drapion']",17,5,9
smogtours-gen4nu-393393,[Gen 4] NU,2018-08-27 20:47:32,,thrash80465,hammerarm61526,thrash80465,False,"['Vileplume', 'Charizard', 'Hitmonchan', 'Golem', 'Rhydon', 'Slowking']","['Tauros', 'Floatzel', 'Nidoqueen', 'Hitmonchan', 'Muk', 'Slowking']",23,11,11
gen4nu-2201233745,[Gen 4] NU,2024-09-14 02:56:45,,ninetales23624,thickclub47223,thickclub47223,False,"['Sharpedo', 'Tauros', 'Floatzel', 'Nidoqueen', 'Sableye', 'Cradily']","['Tauros', 'Sandslash', 'Dusclops', 'Whiscash', 'Probopass']",41,13,11
gen4nu-908560114,[Gen 4] NU,2019-05-12 21:14:51,,waterfall74083,futuresight373,waterfall74083,False,"['Magmortar', 'Charizard', 'Regirock', 'Hitmonchan', 'Skuntank', 'Whiscash']","['Charizard', 'Tauros', 'Sandslash', 'Poliwrath', 'Jumpluff', 'Grumpig']",13,7,7
gen4nu-1099243017,[Gen 4] NU,2020-04-19 02:38:46,,seedflare81285,futuresight13270,seedflare81285,False,"['Sharpedo', 'Venomoth', 'Tauros', 'Regirock', 'Lickilicky', 'Gardevoir']","['Tauros', 'Haunter', 'Poliwrath', 'Regirock', 'Skuntank', 'Manectric']",48,15,21
smogtours-gen4nu-809150,[Gen 4] NU,2024-12-07 00:05:23,,torchic37250,whirlwind47872,torchic37250,False,"['Regirock', 'Haunter', 'Hitmonchan', 'Jynx', 'Skuntank', 'Manectric']","['Gligar', 'Nidoqueen', 'Hitmonchan', 'Dusclops', 'Slowking', 'Ampharos']",21,6,10
smogtours-gen4nu-785127,[Gen 4] NU,2024-08-10 22:37:58,,motordrive87413,pickup28423,motordrive87413,True,"['Sharpedo', 'Drifblim', 'Steelix', 'Hitmonchan']","['Tauros', 'Steelix', 'Cacturne', 'Lanturn', 'Drifblim']",12,3,5
smogtours-gen4nu-469088,[Gen 4] NU,2019-12-15 23:23:02,,mankey60441,mail7459,mankey60441,False,"['Charizard', 'Magneton', 'Regirock', 'Hitmonchan', 'Crawdaunt', 'Slowking']","['Charizard', 'Vileplume', 'Sandslash', 'Floatzel', 'Skuntank', 'Gardevoir']",27,14,12
gen4nu-912817020,[Gen 4] NU,2019-05-20 03:06:04,,dragonclaw69722,sonicboom26327,dragonclaw69722,False,"['Regirock', 'Hitmonchan', 'Haunter', 'Jynx', 'Skuntank', 'Manectric']","['Shiftry', 'Meganium', 'Electrode', 'Nidoqueen', 'Regirock', 'Drifblim']",25,9,10
smogtours-gen4nu-388959,[Gen 4] NU,2018-07-18 22:12:39,,micleberry95900,denpowersteel79771,micleberry95900,False,"['Magmortar', 'Charizard', 'Hitmonchan', 'Regirock', 'Skuntank', 'Whiscash']","['Medicham', 'Magneton', 'Hitmonchan', 'Dodrio', 'Slowking', 'Cradily']",18,8,8
smogtours-gen4nu-810109,[Gen 4] NU,2024-12-14 07:27:41,,suicune87392,fissure35074,suicune87392,False,"['Sharpedo', 'Vileplume', 'Tauros', 'Regirock', 'Skuntank', 'Drifblim']","['Vileplume', 'Regirock', 'Skuntank', 'Gardevoir', 'Ampharos', 'Drifblim']",43,13,14
gen4nu-2197499084,[Gen 4] NU,2024-09-09 00:51:18,1071,ninetales25168,waveincense17437,ninetales25168,False,"['Magmortar', 'Nidoqueen', 'Skuntank', 'Electabuzz', 'Gastrodon', 'Cradily']","['Magneton', 'Typhlosion', 'Hitmonchan', 'Marowak', 'Skuntank', 'Gardevoir']",26,10,8
gen4nu-455857353,[Gen 4] NU,2016-10-12 21:17:38,,pomegberry54342,luvdisc31667,pomegberry54342,False,"['Charizard', 'Tauros', 'Dusclops', 'Crawdaunt', 'Gastrodon']","['Charizard', 'Tauros', 'Sandslash', 'Hitmonchan', 'Haunter', 'Jynx']",34,7,9
gen4nu-2048248741,[Gen 4] NU,2024-01-31 06:59:20,,hammerarm14583,chansey4023,chansey4023,False,"['Charizard', 'Porygon2', 'Marowak', 'Solrock', 'Slowking', 'Gardevoir']","['Charizard', 'Vileplume', 'Sandslash', 'Floatzel', 'Skuntank', 'Gardevoir']",23,9,9
gen4nu-451585165,[Gen 4] NU,2016-10-05 23:46:30,,pechaberry45806,metalclaw34878,metalclaw34878,False,"['Camerupt', 'Ampharos', 'Crawdaunt', 'Gardevoir', 'Cradily', 'Articuno']","['Linoone', 'Probopass', 'Quagsire']",19,7,2
gen4nu-1044879505,[Gen 4] NU,2020-01-12 04:27:24,,venonat34855,karatechop96796,karatechop96796,False,"['Machoke', 'Tauros', 'Typhlosion', 'Regirock', 'Dewgong', 'Slowking']","['Granbull', 'Rampardos', 'Xatu', 'Hitmonchan', 'Ampharos', 'Articuno']",61,10,15
gen4nu-1071908005,[Gen 4] NU,2020-03-01 22:12:05,,scaryface472,poliwag79956,scaryface472,False,"['Skuntank', 'Charizard', 'Regirock', 'Hitmonchan']","['Charizard', 'Vileplume', 'Sandslash', 'Jynx', 'Crawdaunt', 'Drifblim']",13,3,7
gen4nu-1126556208,[Gen 4] NU,2020-06-04 10:18:34,,electirizer96132,heatproof38059,heatproof38059,False,"['Gligar', 'Tauros', 'Medicham', 'Magneton', 'Hitmonchan', 'Hypno']","['Charizard', 'Vileplume', 'Sandslash', 'Floatzel', 'Skuntank', 'Gardevoir']",22,11,9
smogtours-gen4nu-498215,[Gen 4] NU,2020-05-03 22:57:21,,sportball27112,wooper24132,wooper24132,False,"['Armaldo', 'Nidoqueen', 'Mantine', 'Cacturne', 'Sableye', 'Lickilicky']","['Meganium', 'Regirock', 'Hitmonchan', 'Jynx', 'Skuntank']",33,10,9
gen4nu-733424234,[Gen 4] NU,2018-04-16 01:52:27,,eruption81639,aurorabeam43750,aurorabeam43750,False,"['Charizard', 'Tauros', 'Sandslash', 'Poliwrath', 'Jumpluff', 'Grumpig']","['Tauros', 'Haunter', 'Manectric', 'Rhydon', 'Glalie', 'Drifblim']",17,10,7
smogtours-gen4nu-774214,[Gen 4] NU,2024-06-13 22:15:38,,futuresight13270,absorb70373,absorb70373,False,"['Camerupt', 'Sharpedo', 'Venomoth', 'Medicham', 'Regirock', 'Slowking']","['Regirock', 'Skuntank', 'Slowking', 'Gardevoir', 'Ampharos']",16,9,6
gen4nu-2297649029,[Gen 4] NU,2025-02-09 22:41:47,,poisontail76206,megakick62601,poisontail76206,False,"['Charizard', 'Medicham', 'Nidoqueen', 'Hitmonchan', 'Skuntank', 'Slowking']","['Politoed', 'Nidoqueen', 'Hitmonchan', 'Dusclops', 'Lickilicky', 'Articuno']",27,9,9
gen4nu-2205992506,[Gen 4] NU,2024-09-20 17:52:41,1052,odorsleuth68844,steadfast95560,odorsleuth68844,False,"['Magmortar', 'Tauros', 'Nidoqueen', 'Regirock', 'Skuntank', 'Slowking']","['Lapras', 'Tauros', 'Nidoqueen', 'Hitmonchan', 'Regirock', 'Drifblim']",34,8,7
smogtours-gen4nu-668934,[Gen 4] NU,2023-01-15 22:11:18,,sniper70774,wooper24132,wooper24132,False,"['Floatzel', 'Nidoqueen', 'Hitmonchan', 'Dodrio', 'Skuntank', 'Jynx']","['Regirock', 'Hitmonchan', 'Cacturne', 'Dusclops', 'Slowking', 'Articuno']",32,14,10
gen4nu-2169371030,[Gen 4] NU,2024-07-29 07:22:51,,charmander53660,clamp40297,charmander53660,False,"['Linoone', 'Magneton', 'Electrode', 'Charizard']","['Ursaring', 'Gligar', 'Hitmonchan', 'Jynx', 'Slowking', 'Drapion']",13,3,9
smogtours-gen4nu-586134,[Gen 4] NU,2021-10-11 16:34:13,,whirlpool40763,seedflare81285,whirlpool40763,True,"['Venomoth', 'Charizard', 'Hitmonchan', 'Slowking', 'Cradily', 'Drifblim']","['Sharpedo', 'Venomoth', 'Tauros', 'Regirock', 'Lickilicky', 'Gardevoir']",25,13,14
smogtours-gen4nu-792664,[Gen 4] NU,2024-09-27 01:30:55,,quagsire52408,tangrowth23890,quagsire52408,False,"['Tauros', 'Sandslash', 'Floatzel', 'Regirock', 'Skuntank']","['Charizard', 'Tauros', 'Sandslash', 'Medicham', 'Skuntank', 'Slowking']",27,7,9
smogtours-gen4nu-342082,[Gen 4] NU,2018-01-14 21:58:46,,thunderstone11961,thrash80465,thrash80465,True,"['Typhlosion', 'Nidoqueen', 'Hitmonchan', 'Skuntank', 'Slowking', 'Gardevoir']","['Charizard', 'Tauros', 'Sandslash', 'Skuntank', 'Slowking', 'Cradily']",24,10,8
gen4nu-449762491,[Gen 4] NU,2016-10-03 02:46:09,1085,luxray52006,dragonrage15031,dragonrage15031,True,"['Magmortar', 'Meganium', 'Tauros', 'Regirock', 'Dodrio', 'Slowking']","['Magmortar', 'Sandslash', 'Electrode', 'Floatzel', 'Regirock', 'Roselia']",31,13,11
smogtours-gen4nu-783975,[Gen 4] NU,2024-08-04 00:17:07,,huntail76319,tangrowth23890,tangrowth23890,False,"['Claydol', 'Hitmontop', 'Jynx', 'Slowking', 'Drapion', 'Drifblim']","['Hitmontop', 'Steelix', 'Miltank', 'Skuntank', 'Lanturn']",38,11,12
gen4nu-2121632737,[Gen 4] NU,2024-05-10 03:24:43,,fissure35074,kasibberry75291,fissure35074,False,"['Regirock', 'Skuntank', 'Gardevoir', 'Ampharos', 'Drifblim']","['Charizard', 'Medicham', 'Nidoqueen', 'Hitmonchan', 'Skuntank', 'Slowking']",21,5,9
gen4nu-909827383,[Gen 4] NU,2019-05-15 00:56:13,,arenatrap65458,stomp9436,arenatrap65458,False,"['Camerupt', 'Shiftry', 'Rhydon', 'Haunter', 'Skuntank', 'Slowking']","['Camerupt', 'Shiftry', 'Regice', 'Sandslash', 'Hitmonchan', 'Drifblim']",12,6,5
gen4nu-2043341623,[Gen 4] NU,2024-01-25 00:51:43,,fissure35074,anticipation62507,anticipation62507,False,"['Kecleon', 'Gligar', 'Nidoqueen', 'Sableye', 'Slowking', 'Cradily']","['Sandslash', 'Hitmonchan', 'Regirock', 'Skuntank', 'Slowking', 'Articuno']",55,18,11
gen4nu-458349976,[Gen 4] NU,2016-10-16 20:12:39,,luxray52006,swagger25970,luxray52006,True,"['Venomoth', 'Shiftry', 'Medicham', 'Poliwrath', 'Regirock']","['Gligar', 'Torkoal', 'Dusclops', 'Slowking', 'Roselia', 'Lickilicky']",30,9,11
smogtours-gen4nu-342136,[Gen 4] NU,2018-01-14 23:29:14,,bide32585,futuresight13270,bide32585,False,"['Vileplume', 'Charizard', 'Medicham', 'Regirock', 'Sneasel', 'Slowking']","['Shiftry', 'Charizard', 'Pinsir', 'Poliwrath', 'Skuntank', 'Rhydon']",21,7,9
smogtours-gen4nu-504348,[Gen 4] NU,2020-05-30 19:35:42,,seedflare81285,airslash47650,seedflare81285,True,"['Venomoth', 'Charizard', 'Hitmonchan', 'Slowking', 'Cradily', 'Drifblim']","['Sandslash', 'Hitmonchan', 'Regirock', 'Skuntank', 'Slowking', 'Articuno']",53,11,15
smogtours-gen4nu-564704,[Gen 4] NU,2021-06-06 18:07:04,,tangela91840,icepunch95036,tangela91840,False,"['Sandslash', 'Charizard', 'Skuntank', 'Regirock']","['Mantine', 'Victreebel', 'Metang', 'Purugly', 'Glalie', 'Misdreavus']",28,3,10
gen4nu-2207335605,[Gen 4] NU,2024-09-22 19:06:18,,truant87738,staryu66980,staryu66980,False,"['Gligar', 'Tauros', 'Hitmonchan', 'Skuntank', 'Manectric', 'Slowking']","['Vileplume', 'Poliwrath', 'Regirock', 'Skuntank', 'Grumpig']",21,7,5
smogtours-gen4nu-357092,[Gen 4] NU,2018-03-10 20:33:13,,stoneplate37213,poisonsting84915,stoneplate37213,False,"['Sharpedo', 'Shiftry', 'Tauros', 'Regirock', 'Gardevoir', 'Drifblim']","['Politoed', 'Magmortar', 'Magneton', 'Haunter', 'Jynx', 'Piloswine']",26,11,11
gen4nu-666351847,[Gen 4] NU,2017-11-29 12:54:18,,metalsound89156,golem5265,golem5265,True,"['Meganium', 'Charizard', 'Sandslash', 'Slowking', 'Gardevoir', 'Drifblim']","['Tauros', 'Medicham', 'Magneton', 'Regirock', 'Dodrio', 'Slowking']",24,11,6
gen4nu-734690175,[Gen 4] NU,2018-04-18 18:07:20,,hydration62804,arenatrap65458,hydration62804,False,"['Regirock', 'Hitmonchan', 'Jynx', 'Skuntank', 'Manectric']","['Sharpedo', 'Shiftry', 'Tauros', 'Regirock', 'Gardevoir', 'Drifblim']",26,7,10
gen4nu-2005629903,[Gen 4] NU,2023-12-06 00:51:40,,toxicroak36966,trumpcard37154,trumpcard37154,True,"['Charizard', 'Porygon2', 'Marowak', 'Solrock', 'Slowking', 'Gardevoir']","['Politoed', 'Vileplume', 'Sandslash', 'Regirock', 'Sableye', 'Lickilicky']",30,10,10
gen4nu-2195534370,[Gen 4] NU,2024-09-06 02:40:01,1119,megakick62601,staryu66980,megakick62601,True,"['Charizard', 'Tauros', 'Sandslash', 'Nidoqueen', 'Dusclops', 'Slowking']","['Ninetales', 'Gligar', 'Poliwrath', 'Gardevoir', 'Cradily', 'Drifblim']",43,17,14
gen4nu-773183992,[Gen 4] NU,2018-07-08 22:50:51,,luckychant7315,rindoberry7399,luckychant7315,False,"['Gabite', 'Armaldo', 'Poliwrath', 'Muk', 'Probopass', 'Articuno']","['Golduck', 'Machoke', 'Rapidash', 'Bellossom', 'Metang', 'Misdreavus']",46,15,16
smogtours-gen4nu-812679,[Gen 4] NU,2025-01-04 17:11:19,,extrasensory76435,nastyplot79395,extrasensory76435,False,"['Tauros', 'Hitmonchan', 'Solrock', 'Slowking', 'Ampharos']","['Camerupt', 'Tauros', 'Hitmonchan', 'Manectric', 'Cradily', 'Drifblim']",28,10,12
gen4nu-1095506893,[Gen 4] NU,2020-04-12 19:26:20,,conversion257800,hypercutter75804,conversion257800,False,"['Jynx', 'Skuntank', 'Regirock', 'Hitmonchan']","['Charizard', 'Vileplume', 'Sandslash', 'Floatzel', 'Skuntank', 'Gardevoir']",11,4,7
smogtours-gen4nu-783335,[Gen 4] NU,2024-07-30 12:06:30,,swampert50714,clamp40297,clamp40297,True,"['Ludicolo', 'Tauros', 'Typhlosion', 'Haunter', 'Drapion', 'Glalie']","['Gligar', 'Hitmonchan', 'Jynx', 'Slowking', 'Drapion']",17,7,6
smogtours-gen4nu-775677,[Gen 4] NU,2024-06-20 13:32:58,,typechange30082,vitalspirit41729,typechange30082,False,"['Medicham', 'Nidoqueen', 'Haunter', 'Hitmonchan', 'Cacturne', 'Slowking']","['Politoed', 'Charizard', 'Tauros', 'Sandslash', 'Regirock', 'Skuntank']",17,7,8
gen4nu-841258474,[Gen 4] NU,2018-12-27 19:50:05,,liechiberry37967,gliscor71669,liechiberry37967,False,"['Kingler', 'Lapras', 'Raticate', 'Solrock', 'Swalot', 'Tangela']","['Bibarel', 'Mightyena', 'Persian', 'Diglett', 'Fearow', 'Gastly']",23,6,6
gen4nu-960968433,[Gen 4] NU,2019-08-16 00:41:28,,rindoberry379,transform65474,rindoberry379,True,"['Lapras', 'Solrock', 'Persian', 'Sableye', 'Diglett', 'Beedrill']","['Banette', 'Raticate', 'Solrock', 'Persian', 'Diglett', 'Fearow']",28,10,13
smogtours-gen4nu-722713,[Gen 4] NU,2023-10-08 20:41:02,,extrasensory76435,stench25210,extrasensory76435,False,"['Shiftry', 'Tauros', 'Floatzel', 'Regirock', 'Dusclops', 'Ampharos']","['Tauros', 'Sandslash', 'Regirock', 'Hitmonchan', 'Walrein', 'Dusclops']",54,18,16
gen4nu-2207929713,[Gen 4] NU,2024-09-23 15:53:19,,purugly53142,stantler8036,purugly53142,False,"['Magcargo', 'Rampardos', 'Rhydon', 'Cradily', 'Shuckle']","['Camerupt', 'Gabite', 'Nidoqueen', 'Gastrodon-East', 'Marowak', 'Whiscash']",28,5,5
gen4nu-2198082024,[Gen 4] NU,2024-09-09 20:31:51,1139,defensecurl88658,growl5652,growl5652,False,"['Politoed', 'Charizard', 'Regice', 'Tauros', 'Nidoqueen', 'Dusclops']","['Charizard', 'Hitmonchan', 'Mawile', 'Skuntank', 'Pikachu', 'Cradily']",40,14,14
gen4nu-696277378,[Gen 4] NU,2018-01-29 23:58:07,,rampardos21396,stantler13317,stantler13317,False,"['Sharpedo', 'Lapras', 'Venomoth', 'Tauros', 'Medicham', 'Regirock']","['Charizard', 'Vileplume', 'Sandslash', 'Floatzel', 'Skuntank', 'Gardevoir']",15,7,7
smogtours-gen4nu-719963,[Gen 4] NU,2023-09-29 01:43:21,,whirlpool40763,screech4752,screech4752,True,"['Charizard', 'Sandslash', 'Regirock', 'Cacturne', 'Dusclops', 'Slowking']","['Nidoqueen', 'Hitmonchan', 'Cacturne', 'Dusclops', 'Slowking', 'Lickilicky']",44,10,9
gen4nu-2212400097,[Gen 4] NU,2024-09-29 21:39:21,,staryu66980,poliwrath33609,staryu66980,True,"['Charizard', 'Regice', 'Hitmonchan', 'Marowak', 'Slowking']","['Vileplume', 'Butterfree', 'Regice', 'Charizard', 'Regirock', 'Hitmonchan']",17,5,8
gen4nu-835319663,[Gen 4] NU,2018-12-14 05:18:27,,mudkip8641,honeygather63793,mudkip8641,False,"['Purugly', 'Diglett', 'Muk', 'Metang']","['Electabuzz', 'Dragonair', 'Pelipper', 'Victreebel', 'Metang', 'Misdreavus']",18,5,10
gen4nu-830707386,[Gen 4] NU,2018-11-05 02:52:57,,firepunch39331,probopass23094,probopass23094,False,"['Rapidash', 'Bellossom', 'Mr. Mime', 'Pelipper', 'Metang', 'Swalot']","['Kadabra', 'Monferno', 'Probopass', 'Gastrodon', 'Misdreavus', 'Golbat']",28,13,11
smogtours-gen4nu-815556,[Gen 4] NU,2025-01-23 18:53:19,,crosschop14357,denpowersteel79771,denpowersteel79771,False,"['Shiftry', 'Tauros', 'Typhlosion', 'Hitmonchan', 'Golem', 'Slowking']","['Medicham', 'Magneton', 'Floatzel', 'Nidoqueen', 'Skuntank', 'Slowking']",21,8,13
gen4nu-938292673,[Gen 4] NU,2019-07-02 03:20:43,,smoothrock25184,sandveil87527,sandveil87527,False,"['Raticate', 'Exploud', 'Dusclops', 'Solrock', 'Persian', 'Tangela']","['Politoed', 'Flareon', 'Dusclops', 'Persian', 'Lairon', 'Diglett']",39,16,16
gen4nu-808559255,[Gen 4] NU,2018-09-20 19:36:19,,tailglow24985,damprock74608,damprock74608,False,"['Politoed', 'Magmortar', 'Magneton', 'Haunter', 'Jynx', 'Piloswine']","['Medicham', 'Cradily', 'Skuntank', 'Lickilicky', 'Fearow']",26,5,7
gen4nu-2187143577,[Gen 4] NU,2024-08-25 00:38:00,,venomoth48167,safeguard55452,safeguard55452,False,"['Sharpedo', 'Exeggutor', 'Hitmonchan', 'Regirock', 'Slowking', 'Drapion']","['Gligar', 'Haunter', 'Cacturne', 'Linoone', 'Gastrodon']",22,10,9
gen4nu-933086058,[Gen 4] NU,2019-06-22 20:02:19,,primeape81140,lightclay24303,primeape81140,False,"['Kingler', 'Lapras', 'Luxray', 'Magcargo', 'Walrein', 'Tangela']","['Stunky', 'Lapras', 'Flareon', 'Solrock', 'Persian', 'Diglett']",24,8,11
smogtours-gen4nu-813399,[Gen 4] NU,2025-01-06 20:26:17,,weepinbell75190,vitalspirit41729,vitalspirit41729,False,"['Regirock', 'Cacturne', 'Hitmonchan', 'Dusclops', 'Ampharos', 'Drifblim']","['Sharpedo', 'Vileplume', 'Regirock', 'Lickilicky', 'Gardevoir', 'Drifblim']",30,12,7
gen4nu-2302879085,[Gen 4] NU,2025-02-18 03:43:54,,futuresight13270,needlearm59980,needlearm59980,False,"['Magmortar', 'Charizard', 'Sandslash', 'Typhlosion', 'Skuntank', 'Quagsire']","['Hitmonchan', 'Jynx', 'Skuntank', 'Slowking', 'Lickilicky']",22,9,7
gen4nu-888964405,[Gen 4] NU,2019-04-07 21:25:21,,return265,machop43524,machop43524,False,"['Politoed', 'Electabuzz', 'Xatu', 'Zangoose', 'Cacturne', 'Metang']","['Poliwrath', 'Sneasel', 'Cacturne', 'Electabuzz', 'Rhydon', 'Golbat']",25,12,12
gen4nu-1001587996,[Gen 4] NU,2019-10-31 09:39:38,,mail39359,endure64095,mail39359,False,"['Magmortar', 'Luxray', 'Gastrodon-East', 'Carnivine', 'Bastiodon', 'Regigigas']","['Banette', 'Armaldo', 'Wigglytuff', 'Gardevoir', 'Ampharos', 'Articuno']",21,6,8
gen4nu-971628274,[Gen 4] NU,2019-09-06 02:06:12,,forcepalm29740,lucario46553,forcepalm29740,True,"['Vespiquen', 'Lapras', 'Vileplume', 'Sandslash', 'Typhlosion', 'Ampharos']","['Lapras', 'Charizard', 'Vileplume', 'Regirock', 'Hitmonchan', 'Sneasel']",29,9,7
smogtours-gen4nu-563488,[Gen 4] NU,2021-05-31 20:26:34,,tyranitar56327,seedflare81285,tyranitar56327,False,"['Machoke', 'Charizard', 'Sandslash', 'Jumpluff', 'Whiscash', 'Manectric']","['Sharpedo', 'Shiftry', 'Regirock', 'Hitmonchan', 'Jynx', 'Drifblim']",31,13,14
gen4nu-904971942,[Gen 4] NU,2019-05-06 15:45:07,,raikou10663,swampert50714,swampert50714,False,"['Flareon', 'Mr. Mime', 'Victreebel', 'Gastrodon', 'Electabuzz', 'Raichu']","['Victreebel', 'Metang', 'Purugly', 'Rhydon', 'Lickilicky']",20,10,7
smogtours-gen4nu-202322,[Gen 4] NU,2016-10-13 17:47:18,,chilanberry58526,serenegrace4874,serenegrace4874,True,"['Slowking', 'Glalie', 'Vileplume', 'Probopass']","['Skuntank', 'Slowking', 'Medicham', 'Nidoqueen']",11,3,3
gen4nu-2197943867,[Gen 4] NU,2024-09-09 17:11:09,1002,glameow34991,growl5652,growl5652,False,"['Magmortar', 'Regice', 'Electrode', 'Regirock', 'Muk', 'Regigigas']","['Nidoqueen', 'Hitmonchan', 'Skuntank', 'Dusclops', 'Carnivine', 'Gardevoir']",29,10,15
gen4nu-705446926,[Gen 4] NU,2018-02-17 10:49:17,,rayquaza90857,leechlife55560,rayquaza90857,False,"['Grotle', 'Luxio', 'Buizel']","['Luxio', 'Shellos', 'Monferno', 'Staravia']",20,5,10
gen4nu-978007247,[Gen 4] NU,2019-09-18 16:25:55,,faketears70399,shadowclaw51134,shadowclaw51134,False,"['Medicham', 'Sandslash', 'Jynx', 'Manectric', 'Lickilicky', 'Drifblim']","['Charizard', 'Tauros', 'Sandslash', 'Skuntank', 'Slowking', 'Cradily']",43,15,16
gen4nu-884158813,[Gen 4] NU,2019-03-30 00:50:09,,ursaring45910,zenheadbutt21681,ursaring45910,False,"['Lapras', 'Gligar', 'Armaldo', 'Monferno', 'Skuntank', 'Dusclops']","['Charizard', 'Medicham', 'Gastrodon-East', 'Prinplup', 'Bastiodon', 'Drifblim']",27,10,8
gen4nu-2196191957,[Gen 4] NU,2024-09-07 01:09:32,1333,futuresight13270,arceuswater5043,arceuswater5043,False,"['Shiftry', 'Kadabra', 'Regirock', 'Muk', 'Hypno', 'Drifblim']","['Jynx', 'Haunter', 'Sandslash', 'Cacturne']",29,14,11
smogtours-gen4nu-792792,[Gen 4] NU,2024-09-27 21:52:08,,confusion41299,exploud62674,exploud62674,False,"['Charizard', 'Slowbro', 'Regirock', 'Hitmonchan', 'Drapion', 'Ampharos']","['Kingler', 'Tangrowth', 'Nidoking', 'Hitmonchan', 'Miltank', 'Drifblim']",45,18,13
gen4nu-2197282249,[Gen 4] NU,2024-09-08 18:13:44,1048,spelltag8256,altaria42250,spelltag8256,True,"['Charizard', 'Sandslash', 'Floatzel', 'Skuntank', 'Gardevoir']","['Luxray', 'Pinsir', 'Nidoqueen', 'Regirock', 'Slowking']",12,6,5
gen4nu-2206809844,[Gen 4] NU,2024-09-21 22:26:28,1111,chopleberry38027,arceuswater5043,chopleberry38027,False,"['Sharpedo', 'Magneton', 'Haunter', 'Regirock', 'Slowking']","['Charizard', 'Tauros', 'Regirock', 'Skuntank', 'Slowking', 'Drifblim']",19,4,8
smogtours-gen4nu-676847,[Gen 4] NU,2023-02-23 00:38:40,,stickyhold28665,attract79434,attract79434,False,"['Charizard', 'Tauros', 'Sandslash', 'Medicham', 'Regirock', 'Skuntank']","['Charizard', 'Tauros', 'Regirock', 'Dodrio', 'Skuntank', 'Slowking']",17,6,8
smogtours-gen4nu-605512,[Gen 4] NU,2022-01-29 21:47:31,,futuresight13270,tyranitar56327,tyranitar56327,True,"['Tauros', 'Electrode', 'Floatzel', 'Skuntank', 'Parasect', 'Relicanth']","['Charizard', 'Haunter', 'Hitmonchan', 'Manectric', 'Slowking', 'Cradily']",26,11,10
gen4nu-1117644963,[Gen 4] NU,2020-05-19 20:31:02,,flamebody57665,rhyperior98754,flamebody57665,False,"['Rhydon', 'Venomoth', 'Shiftry', 'Hitmonchan']","['Floatzel', 'Nidoqueen', 'Haunter', 'Hitmonchan', 'Skuntank', 'Persian']",20,5,10
smogtours-gen4nu-695658,[Gen 4] NU,2023-06-04 19:03:34,,mawile36886,crosschop14357,mawile36886,False,"['Shiftry', 'Tauros', 'Regirock', 'Skuntank', 'Piloswine', 'Slowking']","['Charizard', 'Sandslash', 'Regirock', 'Sableye', 'Slowking', 'Roselia']",29,9,12
gen4nu-696999125,[Gen 4] NU,2018-01-31 14:35:18,,laxincense10695,roserade23368,roserade23368,False,"['Shiftry', 'Charizard', 'Gligar', 'Sandslash', 'Typhlosion', 'Lickilicky']","['Medicham', 'Armaldo', 'Typhlosion', 'Sneasel', 'Manectric', 'Slaking']",27,10,8
smogtours-gen4nu-386454,[Gen 4] NU,2018-07-02 22:14:50,,attract31504,feebas91653,attract31504,False,"['Charizard', 'Sandslash', 'Typhlosion', 'Haunter', 'Skuntank', 'Slowking']","['Tauros', 'Regirock', 'Skuntank', 'Whiscash', 'Lickilicky', 'Gardevoir']",31,7,8
gen4nu-1123058704,[Gen 4] NU,2020-05-29 03:41:22,,riolu12171,arceussteel49106,arceussteel49106,False,"['Tauros', 'Haunter', 'Regirock', 'Jynx', 'Manectric', 'Slowking']","['Politoed', 'Magmortar', 'Magneton', 'Haunter', 'Jynx', 'Piloswine']",29,9,10
gen4nu-931348876,[Gen 4] NU,2019-06-19 21:38:48,,weedle33343,present83063,weedle33343,True,"['Kingler', 'Stunky', 'Pineco', 'Dusclops', 'Persian', 'Pupitar']","['Machop', 'Sudowoodo', 'Exploud', 'Swalot', 'Persian', 'Diglett']",24,8,7
gen4nu-911881608,[Gen 4] NU,2019-05-18 14:28:24,,futuresight13270,haunter12630,futuresight13270,False,"['Shiftry', 'Meganium', 'Nidoqueen', 'Regirock', 'Drifblim']","['Politoed', 'Venomoth', 'Sandslash', 'Magneton', 'Cacturne', 'Drifblim']",25,8,12
gen4nu-938194972,[Gen 4] NU,2019-07-01 23:09:07,,lickilicky40959,transform65474,transform65474,False,"['Exploud', 'Solrock', 'Persian', 'Swalot', 'Tangela', 'Chatot']","['Banette', 'Raticate', 'Solrock', 'Persian', 'Fearow']",19,8,8
gen4nu-893196818,[Gen 4] NU,2019-04-15 08:44:47,,camouflage37346,simple53659,camouflage37346,True,"['Wartortle', 'Clefairy', 'Persian', 'Swalot', 'Gastly']","['Shelgon', 'Exploud', 'Dusclops', 'Lairon', 'Quagsire', 'Tangela']",29,10,12
gen4nu-954995649,[Gen 4] NU,2019-08-03 21:25:53,,spheal7278,swampert50714,swampert50714,False,"['Politoed', 'Electabuzz', 'Xatu', 'Muk', 'Metang', 'Gastrodon']","['Purugly', 'Rampardos', 'Whiscash']",17,11,3
smogtours-gen4nu-811717,[Gen 4] NU,2024-12-26 22:17:23,,rattata90247,questionmarks97791,rattata90247,False,"['Gligar', 'Tauros', 'Hitmonchan', 'Skuntank', 'Manectric', 'Slowking']","['Gorebyss', 'Floatzel', 'Sneasel', 'Persian', 'Electabuzz', 'Relicanth']",19,7,8
gen4nu-2194547291,[Gen 4] NU,2024-09-04 18:09:13,,barrier90479,worryseed60566,worryseed60566,False,"['Tauros', 'Regirock', 'Haunter', 'Jynx', 'Manectric', 'Slowking']","['Machoke', 'Charizard', 'Tauros', 'Sandslash', 'Whiscash', 'Manectric']",26,12,11
smogtours-gen4nu-774038,[Gen 4] NU,2024-06-12 14:18:23,,lightningrod63672,silverpowder77055,silverpowder77055,False,"['Sandslash', 'Electrode', 'Hitmonchan', 'Cacturne', 'Jynx', 'Drifblim']","['Charizard', 'Tauros', 'Magneton', 'Regirock', 'Hitmonchan', 'Skuntank']",20,7,7
smogtours-gen4nu-342133,[Gen 4] NU,2018-01-14 23:08:28,,thrash80465,futuresight13270,thrash80465,False,"['Charizard', 'Tauros', 'Magneton', 'Regirock', 'Manectric', 'Slowking']","['Camerupt', 'Sharpedo', 'Floatzel', 'Muk', 'Gardevoir', 'Cradily']",18,11,11
smogtours-gen4nu-449759,[Gen 4] NU,2019-06-28 14:21:17,,cranidos95818,haunter12630,cranidos95818,False,"['Venomoth', 'Shiftry', 'Charizard', 'Sandslash', 'Drifblim']","['Magneton', 'Haunter', 'Hitmonchan', 'Cacturne', 'Golem', 'Slowking']",33,6,12
gen4nu-2217074348,[Gen 4] NU,2024-10-06 12:50:37,,acid1060,nostatus85352,acid1060,False,"['Diglett', 'Lapras', 'Rampardos', 'Cacturne']","['Magneton', 'Floatzel', 'Haunter', 'Jumpluff', 'Masquerain', 'Gardevoir']",16,4,8
gen4nu-873883210,[Gen 4] NU,2019-03-10 02:30:21,,rockclimb76211,mindplate9047,mindplate9047,False,"['Charizard', 'Vileplume', 'Sandslash', 'Floatzel', 'Skuntank', 'Gardevoir']","['Magmortar', 'Vileplume', 'Sandslash', 'Raticate', 'Sneasel', 'Slowking']",22,9,10
gen4nu-2193989890,[Gen 4] NU,2024-09-03 22:22:14,1065,chopleberry38027,rage6312,rage6312,False,"['Gligar', 'Magneton', 'Floatzel', 'Hitmonchan', 'Slowking', 'Cradily']","['Charizard', 'Medicham', 'Gastrodon-East', 'Haunter', 'Regirock', 'Hitmonchan']",26,9,7
gen4nu-1116426644,[Gen 4] NU,2020-05-17 21:14:18,,airslash47650,tailwhip57752,airslash47650,True,"['Kingler', 'Gligar', 'Kadabra', 'Nidoqueen', 'Poliwrath']","['Camerupt', 'Rhydon', 'Haunter', 'Skuntank', 'Slowking']",23,4,7
gen4nu-934736292,[Gen 4] NU,2019-06-25 17:08:33,,gengarmega66742,adaptability15938,adaptability15938,False,"['Lopunny', 'Pikachu', 'Chimecho', 'Corsola', 'Girafarig', 'Beedrill']","['Granbull', 'Houndour', 'Solrock', 'Quagsire', 'Diglett', 'Beedrill']",31,9,13
gen4nu-2199059049,[Gen 4] NU,2024-09-11 03:56:30,1050,iratinaorigin17639,growl5652,growl5652,False,"['Wormadam-Trash', 'Machoke', 'Electrode', 'Skuntank', 'Carnivine', 'Drifblim']","['Charizard', 'Hitmonchan', 'Mawile', 'Pikachu', 'Cradily']",18,8,4
gen4nu-801863285,[Gen 4] NU,2018-09-06 21:01:44,,poisontail36509,mist93279,mist93279,False,"['Seadra', 'Rapidash', 'Sudowoodo', 'Raticate', 'Mr. Mime']","['Charizard', 'Vileplume', 'Floatzel', 'Skuntank', 'Gardevoir']",11,4,4
gen4nu-938501901,[Gen 4] NU,2019-07-02 15:33:24,,tox71156,whirlpool8324,tox71156,False,"['Stunky', 'Combusken', 'Solrock', 'Persian', 'Diglett']","['Kingler', 'Stunky', 'Pineco', 'Dusclops', 'Persian', 'Pupitar']",22,6,9
gen4nu-777186558,[Gen 4] NU,2018-07-17 19:01:07,,golem5265,powertrick12892,golem5265,False,"['Sandslash', 'Magneton', 'Medicham', 'Skuntank', 'Slowking', 'Gardevoir']","['Politoed', 'Typhlosion', 'Regirock', 'Hitmonchan', 'Skuntank', 'Gardevoir']",31,12,11
gen4nu-840734778,[Gen 4] NU,2018-12-26 15:48:59,,pidgeot31794,psybeam14379,pidgeot31794,False,"['Kecleon', 'Cranidos', 'Solrock', 'Clamperl', 'Hypno', 'Tangela']","['Lunatone', 'Pidgeot', 'Wartortle', 'Pikachu', 'Swalot', 'Tangela']",15,5,5
gen4nu-933723149,[Gen 4] NU,2019-06-23 22:12:11,,sandveil87527,choicespecs43511,choicespecs43511,False,"['Banette', 'Persian', 'Lairon', 'Diglett', 'Beedrill', 'Yanma']","['Kingler', 'Banette', 'Clefairy', 'Persian', 'Lairon']",43,13,10
gen4nu-2178030915,[Gen 4] NU,2024-08-11 17:08:45,,moonstone43930,normal45742,moonstone43930,True,"['Sharpedo', 'Entei', 'Regirock', 'Hitmonchan', 'Manectric']","['Banette', 'Charizard', 'Arbok', 'Bastiodon', 'Furret', 'Gardevoir']",22,7,6
gen4nu-2206277613,[Gen 4] NU,2024-09-21 02:28:28,,tangrowth23890,hippowdon58140,tangrowth23890,False,"['Charizard', 'Tauros', 'Sandslash', 'Medicham', 'Skuntank', 'Slowking']","['Tauros', 'Haunter', 'Regirock', 'Jynx', 'Manectric', 'Slowking']",29,13,13
gen4nu-958785171,[Gen 4] NU,2019-08-11 18:08:40,,camouflage37346,croagunk42995,camouflage37346,False,"['Magcargo', 'Pineco', 'Quagsire', 'Glaceon', 'Tangela', 'Fearow']","['Magcargo', 'Wormadam-Sandy', 'Wigglytuff', 'Persian', 'Quagsire', 'Beedrill']",44,13,12
smogtours-gen4nu-792802,[Gen 4] NU,2024-09-27 22:08:11,,confusion41299,exploud62674,confusion41299,False,"['Tangrowth', 'Altaria', 'Claydol', 'Aggron', 'Floatzel', 'Skuntank']","['Tangrowth', 'Venomoth', 'Tauros', 'Steelix', 'Slowking', 'Drifblim']",37,19,15
gen4nu-2192673360,[Gen 4] NU,2024-09-02 00:58:04,1027,chopleberry38027,ninetales25168,chopleberry38027,True,"['Sharpedo', 'Magneton', 'Rhydon', 'Gardevoir', 'Drifblim']","['Magmortar', 'Nidoqueen', 'Skuntank', 'Electabuzz', 'Gastrodon', 'Cradily']",30,8,13
gen4nu-919281510,[Gen 4] NU,2019-05-30 20:54:12,,adaptability26680,houndour54582,adaptability26680,False,"['Lapras', 'Dunsparce', 'Shelgon', 'Dusclops', 'Mankey', 'Swalot']","['Lunatone', 'Granbull', 'Octillery', 'Dusclops', 'Clefairy', 'Carnivine']",32,8,15
gen4nu-2201184543,[Gen 4] NU,2024-09-14 01:13:16,,zoomlens5648,hippowdon58140,hippowdon58140,False,"['Politoed', 'Charizard', 'Sandslash', 'Haunter', 'Skuntank', 'Glalie']","['Tauros', 'Haunter', 'Regirock', 'Jynx', 'Manectric', 'Slowking']",26,13,9
gen4nu-2088350640,[Gen 4] NU,2024-03-24 22:56:23,,runaway88669,amnesia59700,amnesia59700,False,"['Sharpedo', 'Charizard', 'Vileplume', 'Gligar', 'Shedinja', 'Hitmonchan']","['Sharpedo', 'Charizard', 'Hitmonchan']",12,5,2
smogtours-gen4nu-811720,[Gen 4] NU,2024-12-26 22:28:57,,rattata90247,questionmarks97791,rattata90247,False,"['Sharpedo', 'Tauros', 'Magneton', 'Regirock', 'Haunter', 'Slowking']","['Gligar', 'Tauros', 'Hitmonchan', 'Skuntank', 'Manectric', 'Slowking']",27,10,10
smogtours-gen4nu-783203,[Gen 4] NU,2024-07-28 21:46:54,,mysteryberry28701,phanpy1464,phanpy1464,False,"['Altaria', 'Slowbro', 'Nidoqueen', 'Hitmonchan', 'Skuntank', 'Dusclops']","['Sharpedo', 'Hitmonchan', 'Regirock', 'Slowking', 'Drapion']",27,14,7
smogtours-gen4nu-723815,[Gen 4] NU,2023-10-15 10:42:52,,screech4752,buneary57593,buneary57593,True,"['Nidoqueen', 'Hitmonchan', 'Cacturne', 'Dusclops', 'Lickilicky', 'Slowking']","['Nidoqueen', 'Hitmonchan', 'Cacturne', 'Dusclops', 'Slowking', 'Lickilicky']",58,14,17
gen4nu-1149383155,[Gen 4] NU,2020-07-11 19:25:44,,watergun59811,gabite9381,watergun59811,False,"['Tauros', 'Regirock', 'Jynx', 'Slowking', 'Gardevoir', 'Drifblim']","['Magmortar', 'Tauros', 'Regirock', 'Hitmonchan', 'Skuntank', 'Slowking']",29,5,10
smogtours-gen4nu-717591,[Gen 4] NU,2023-09-18 19:47:49,,haunter12630,stench25210,haunter12630,False,"['Venomoth', 'Shiftry', 'Tauros', 'Regirock', 'Dodrio', 'Slowking']","['Meganium', 'Floatzel', 'Nidoqueen', 'Regirock', 'Skuntank', 'Dusclops']",45,18,21
gen4nu-2297647185,[Gen 4] NU,2025-02-09 23:16:43,,stoneedge56360,poisontail76206,poisontail76206,True,"['Sandslash', 'Regirock', 'Jynx', 'Gardevoir', 'Ampharos']","['Nidoqueen', 'Hitmonchan']",11,6,1
gen4nu-874345338,[Gen 4] NU,2019-03-11 00:46:09,,rindoberry7399,gardevoir41806,gardevoir41806,True,"['Flareon', 'Lairon', 'Quagsire', 'Swalot', 'Tangela', 'Gastly']","['Electabuzz', 'Octillery', 'Muk', 'Metang', 'Purugly', 'Misdreavus']",35,16,12
china-gen4nu-211850,[Gen 4] NU,2019-07-15 21:03:12,,grass66529,loudred91486,loudred91486,True,"['Exploud', 'Solrock', 'Persian', 'Swalot', 'Tangela', 'Chatot']","['Quagsire', 'Persian', 'Lairon', 'Tangela', 'Gastly']",22,10,13
gen4nu-2205972703,[Gen 4] NU,2024-09-20 17:21:53,1135,growl5652,defensecurl88658,growl5652,True,"['Charizard', 'Hitmonchan', 'Mawile', 'Skuntank', 'Pikachu', 'Cradily']","['Politoed', 'Dunsparce', 'Tauros', 'Regirock', 'Jynx', 'Dusclops']",57,13,15
gen4nu-956757687,[Gen 4] NU,2019-08-07 16:09:17,,donphan58946,smoothrock25184,smoothrock25184,False,"['Stunky', 'Kecleon', 'Lapras', 'Sableye', 'Probopass', 'Yanma']","['Banette', 'Lapras', 'Mightyena', 'Solrock', 'Persian', 'Tangela']",29,10,9
gen4nu-966568711,[Gen 4] NU,2019-08-27 01:16:38,,weedle33343,trace64701,trace64701,True,"['Golduck', 'Torkoal', 'Victreebel', 'Electabuzz', 'Purugly', 'Misdreavus']","['Machoke', 'Gorebyss', 'Monferno', 'Muk', 'Metang']",20,10,8
smogtours-gen4nu-584159,[Gen 4] NU,2021-10-04 03:22:23,,rotom99808,shadowclaw51134,shadowclaw51134,True,"['Charizard', 'Bellossom', 'Crawdaunt', 'Cradily', 'Articuno']","['Poliwrath', 'Regirock', 'Cacturne', 'Manectric', 'Gardevoir']",17,5,5
gen4nu-840709279,[Gen 4] NU,2018-12-26 14:16:46,,transform65474,psybeam14379,transform65474,False,"['Exploud', 'Sudowoodo', 'Persian']","['Pidgeot', 'Wigglytuff', 'Wartortle', 'Pikachu', 'Swalot', 'Tangela']",11,2,7
smogtours-gen4nu-700164,[Gen 4] NU,2023-06-30 21:48:16,,koffing93492,hypervoice57448,koffing93492,False,"['Charizard', 'Gligar', 'Tauros', 'Hitmonchan', 'Skuntank', 'Cradily']","['Hitmonchan', 'Dusclops', 'Skuntank', 'Manectric', 'Lickilicky', 'Cradily']",27,8,10
gen4nu-933864545,[Gen 4] NU,2019-06-24 03:32:53,,transform65474,adaptability26680,transform65474,True,"['Chimecho', 'Dusclops', 'Pineco', 'Lairon']","['Wartortle', 'Dusclops', 'Bastiodon', 'Quagsire', 'Chimecho']",23,4,5
smogtours-gen4nu-829759,[Gen 4] NU,2025-04-04 19:16:54,,huntail76319,gastly57717,huntail76319,False,"['Sharpedo', 'Shiftry', 'Tauros', 'Regirock', 'Drifblim']","['Nidoqueen', 'Hitmonchan', 'Skuntank', 'Slowking', 'Ampharos', 'Drifblim']",24,6,9
smogtours-gen4nu-667605,[Gen 4] NU,2023-01-07 17:51:37,,koffing93492,willowisp64187,koffing93492,False,"['Vileplume', 'Medicham', 'Regirock', 'Skuntank', 'Manectric', 'Drifblim']","['Vileplume', 'Tauros', 'Sandslash', 'Haunter', 'Manectric', 'Slowking']",35,10,16
gen4nu-841010824,[Gen 4] NU,2018-12-27 03:23:53,,sandveil87527,adaptability26680,adaptability26680,False,"['Raticate', 'Seviper', 'Pikachu', 'Solrock', 'Quagsire']","['Kecleon', 'Flareon', 'Arbok', 'Quagsire', 'Tangela']",18,7,8
gen4nu-463607200,[Gen 4] NU,2016-10-25 14:10:06,,cutecharm14534,blazekick86887,cutecharm14534,False,"['Vileplume', 'Charizard', 'Sandslash', 'Floatzel', 'Skuntank', 'Gardevoir']","['Magmortar', 'Sandslash', 'Magneton', 'Jynx', 'Solrock', 'Slowking']",31,9,12
gen4nu-1125002557,[Gen 4] NU,2020-06-01 19:38:10,,icefang57178,tox71156,tox71156,True,"['Kingler', 'Stunky', 'Sudowoodo', 'Persian', 'Sableye', 'Tangela']","['Lapras', 'Shelgon', 'Walrein', 'Persian', 'Probopass', 'Beedrill']",21,9,12
gen4nu-833406088,[Gen 4] NU,2018-11-10 15:08:10,,magikarp87134,trace64701,trace64701,False,"['Gabite', 'Zangoose', 'Metang', 'Poliwrath', 'Murkrow', 'Electabuzz']","['Rapidash', 'Bellossom', 'Mr. Mime', 'Pelipper', 'Metang', 'Swalot']",40,18,19
gen4nu-920558899,[Gen 4] NU,2019-06-02 00:22:27,,arenatrap65458,tailwhip57752,tailwhip57752,False,"['Granbull', 'Tauros', 'Regirock', 'Jynx', 'Slowking', 'Gardevoir']","['Haunter', 'Sharpedo', 'Meganium', 'Regirock']",21,8,5
gen4nu-771368404,[Gen 4] NU,2018-07-04 20:02:23,,trace64701,sniper70774,trace64701,False,"['Machoke', 'Monferno', 'Cacturne', 'Muk', 'Metang']","['Gastrodon-East', 'Monferno', 'Mr. Mime', 'Victreebel', 'Metang', 'Misdreavus']",28,12,14
gen4nu-957502862,[Gen 4] NU,2019-08-09 01:38:01,,sludgebomb80416,gengarmega66742,sludgebomb80416,False,"['Diglett', 'Lapras', 'Yanma']","['Kingler', 'Luxray', 'Combusken', 'Arbok', 'Pupitar', 'Tangela']",10,3,7
smogtours-gen4nu-566056,[Gen 4] NU,2021-06-13 20:33:43,,seedflare81285,sunstone25143,sunstone25143,False,"['Charizard', 'Haunter', 'Regirock', 'Skuntank', 'Purugly', 'Slowking']","['Politoed', 'Hitmonchan', 'Skuntank', 'Jumpluff', 'Gardevoir', 'Cradily']",26,10,8
smogtours-gen4nu-380654,[Gen 4] NU,2018-06-03 22:49:06,,futuresight13270,arenatrap65458,arenatrap65458,True,"['Sandslash', 'Typhlosion', 'Mantine', 'Skuntank', 'Hypno', 'Cradily']","['Politoed', 'Vileplume', 'Sandslash', 'Regirock', 'Sableye', 'Lickilicky']",113,44,42
gen4nu-938194851,[Gen 4] NU,2019-07-01 23:16:40,,wailmer43107,leppaberry32170,wailmer43107,False,"['Kingler', 'Raticate', 'Wartortle', 'Bastiodon', 'Diglett', 'Gastly']","['Lapras', 'Dusclops', 'Solrock', 'Persian', 'Tangela', 'Yanma']",28,12,10
smogtours-gen4nu-336608,[Gen 4] NU,2017-12-19 05:17:25,,closecombat18251,shadowclaw51134,closecombat18251,False,"['Camerupt', 'Tauros', 'Medicham', 'Marowak', 'Solrock', 'Gardevoir']","['Typhlosion', 'Nidoqueen', 'Hitmonchan', 'Poliwrath', 'Dodrio', 'Skuntank']",22,8,10
gen4nu-1133862235,[Gen 4] NU,2020-06-16 21:05:20,,icebody76796,jirachi35340,icebody76796,False,"['Charizard', 'Vileplume', 'Sandslash', 'Floatzel', 'Skuntank', 'Gardevoir']","['Charizard', 'Tauros', 'Sandslash', 'Poliwrath', 'Jumpluff', 'Grumpig']",18,8,7
gen4nu-2257583243,[Gen 4] NU,2024-12-06 00:19:43,,block11942,needlearm59980,needlearm59980,False,"['Pinsir', 'Medicham', 'Floatzel', 'Skuntank', 'Cradily', 'Drifblim']","['Sharpedo', 'Tauros', 'Magneton', 'Regirock', 'Slowking']",40,9,8
gen4nu-933727380,[Gen 4] NU,2019-06-23 22:20:28,,sandveil87527,choicespecs43511,sandveil87527,True,"['Politoed', 'Dusclops', 'Persian', 'Lairon', 'Diglett']","['Kingler', 'Stunky', 'Pineco', 'Dusclops', 'Persian', 'Pupitar']",30,6,12
gen4nu-2194727205,[Gen 4] NU,2024-09-04 23:17:15,1092,chopleberry38027,skarmory93245,skarmory93245,False,"['Gligar', 'Magneton', 'Floatzel', 'Hitmonchan', 'Slowking', 'Cradily']","['Golduck', 'Machoke', 'Sandslash', 'Skuntank', 'Drifblim']",31,14,12
gen4nu-2127865243,[Gen 4] NU,2024-05-22 01:11:30,,shockwave29420,needlearm59980,needlearm59980,False,"['Tauros', 'Haunter', 'Manectric', 'Rhydon', 'Glalie', 'Drifblim']","['Sharpedo', 'Tauros', 'Magneton', 'Haunter', 'Regirock']",16,6,6
gen4nu-932405694,[Gen 4] NU,2019-06-21 16:32:06,,shaymin71333,adaptability15938,shaymin71333,False,"['Raticate', 'Lairon', 'Diglett', 'Fearow', 'Yanma']","['Lunatone', 'Huntail', 'Diglett', 'Fearow', 'Gastly', 'Yanma']",14,4,8
gen4nu-2148760634,[Gen 4] NU,2024-06-23 20:35:02,,belueberry80725,purugly45696,purugly45696,True,"['Sandslash', 'Electrode', 'Hitmonchan', 'Cacturne', 'Jynx', 'Drifblim']","['Vileplume', 'Tauros', 'Regirock', 'Slowking', 'Drifblim']",19,8,6
gen4nu-668302333,[Gen 4] NU,2017-12-03 10:45:18,,smoochum7090,thrash80465,thrash80465,True,"['Magmortar', 'Sharpedo', 'Hitmonchan', 'Piloswine', 'Linoone', 'Gardevoir']","['Charizard', 'Tauros', 'Sandslash', 'Skuntank', 'Slowking']",29,9,10
gen4nu-661261220,[Gen 4] NU,2017-11-18 14:17:02,,futuresight13270,surf53202,surf53202,False,"['Porygon2', 'Haunter', 'Marowak', 'Crawdaunt', 'Slowking', 'Ampharos']","['Tauros', 'Haunter', 'Regirock', 'Jynx', 'Manectric', 'Slowking']",23,10,11
smogtours-gen4nu-639347,[Gen 4] NU,2022-07-20 14:20:41,,bonerush37646,rockpolish84152,rockpolish84152,False,"['Sharpedo', 'Tauros', 'Regirock', 'Cacturne', 'Dusclops', 'Manectric']","['Floatzel', 'Nidoqueen', 'Hitmonchan', 'Cacturne', 'Skuntank', 'Drifblim']",34,14,17
smogtours-gen4nu-787923,[Gen 4] NU,2024-08-29 19:31:30,,torterra15123,safeguard55452,safeguard55452,False,"['Tangrowth', 'Steelix', 'Hitmonchan', 'Manectric', 'Slowking', 'Drapion']","['Gligar', 'Medicham', 'Haunter', 'Cacturne', 'Linoone', 'Gastrodon']",23,12,9
smogtours-gen4nu-627096,[Gen 4] NU,2022-05-19 15:34:07,,mawile36886,haunter12630,mawile36886,False,"['Sharpedo', 'Tauros', 'Skuntank', 'Rhydon', 'Slowking', 'Drifblim']","['Vileplume', 'Rapidash', 'Tauros', 'Medicham', 'Regirock', 'Skuntank']",33,12,13
smogtours-gen4nu-811186,[Gen 4] NU,2024-12-21 20:23:54,,extrasensory76435,icywind98531,extrasensory76435,False,"['Vileplume', 'Tauros', 'Floatzel', 'Regirock', 'Manectric', 'Drifblim']","['Magneton', 'Floatzel', 'Regirock', 'Dodrio', 'Skuntank', 'Gardevoir']",28,13,13
smogtours-gen4nu-489366,[Gen 4] NU,2020-04-10 07:02:07,,sportball27112,airslash47650,sportball27112,False,"['Vileplume', 'Sandslash', 'Regirock', 'Slowking', 'Lickilicky', 'Articuno']","['Kingler', 'Gligar', 'Kadabra', 'Nidoqueen', 'Poliwrath', 'Marowak']",45,15,14
smogtours-gen4nu-665388,[Gen 4] NU,2022-12-18 18:26:34,,sniper70774,mawile36886,mawile36886,False,"['Shiftry', 'Vileplume', 'Medicham', 'Regirock', 'Slowking', 'Ampharos']","['Shiftry', 'Tauros', 'Regirock', 'Skuntank', 'Slowking']",20,9,9
gen4nu-2148749964,[Gen 4] NU,2024-06-23 20:19:10,,belueberry80725,purugly45696,belueberry80725,True,"['Sharpedo', 'Tauros', 'Nidoqueen', 'Slowking', 'Ampharos', 'Drifblim']","['Politoed', 'Gligar', 'Magneton', 'Regirock', 'Hitmonchan', 'Skuntank']",30,16,9
gen4nu-2054277130,[Gen 4] NU,2024-02-08 00:16:41,,truant34924,nanabberry67007,nanabberry67007,False,"['Charizard', 'Medicham', 'Skuntank', 'Persian', 'Quagsire', 'Slowking']","['Sandslash', 'Medicham', 'Typhlosion', 'Jynx', 'Skuntank', 'Cradily']",36,13,14
gen4nu-929989396,[Gen 4] NU,2019-06-17 18:17:35,,rawstberry57157,wailmer43107,wailmer43107,True,"['Politoed', 'Raticate', 'Lairon', 'Diglett', 'Fearow', 'Yanma']","['Raticate', 'Exploud', 'Dusclops', 'Solrock', 'Persian', 'Tangela']",20,9,7
gen4nu-1061120856,[Gen 4] NU,2020-02-10 21:06:58,,tangela91840,koffing93492,tangela91840,False,"['Sharpedo', 'Vileplume', 'Regirock', 'Gardevoir', 'Drifblim']","['Camerupt', 'Sharpedo', 'Medicham', 'Haunter', 'Raichu', 'Glalie']",17,8,9
smogtours-gen4nu-566596,[Gen 4] NU,2021-06-19 15:24:05,,ariados65244,sunstone25143,ariados65244,False,"['Regirock', 'Haunter', 'Poliwrath', 'Skuntank', 'Hitmonchan', 'Gardevoir']","['Politoed', 'Vileplume', 'Sandslash', 'Regirock', 'Sableye', 'Lickilicky']",43,12,16
gen4nu-792001896,[Gen 4] NU,2018-08-17 17:22:09,,altaria32948,thrash80465,thrash80465,False,"['Sandslash', 'Floatzel', 'Typhlosion', 'Regirock', 'Cacturne', 'Drifblim']","['Charizard', 'Tauros', 'Sandslash', 'Skuntank', 'Slowking', 'Cradily']",27,11,10
gen4nu-2045439560,[Gen 4] NU,2024-01-27 17:24:39,,denpowerground8804,growth69752,growth69752,True,"['Haunter', 'Ditto', 'Bastiodon', 'Gardevoir', 'Ampharos', 'Articuno']","['Camerupt', 'Meganium', 'Luxray', 'Golem', 'Gardevoir']",23,5,4
gen4nu-1037500388,[Gen 4] NU,2019-12-29 11:37:38,,raticate10267,ingrain58383,ingrain58383,False,"['Lapras', 'Charizard', 'Medicham', 'Haunter', 'Muk', 'Beedrill']","['Porygon2', 'Marowak', 'Slowking', 'Solrock']",12,5,3
smogtours-gen4nu-333751,[Gen 4] NU,2017-12-01 23:05:07,,static83539,transform81583,transform81583,False,"['Tauros', 'Haunter', 'Regirock', 'Jynx', 'Manectric', 'Slowking']","['Haunter', 'Hitmonchan', 'Regirock', 'Jynx', 'Skuntank', 'Manectric']",33,14,13
gen4nu-939812420,[Gen 4] NU,2019-07-05 00:56:27,,swinub75910,transform65474,swinub75910,False,"['Politoed', 'Raticate', 'Lairon', 'Diglett', 'Yanma']","['Pineco', 'Quagsire', 'Wigglytuff', 'Dusclops', 'Lairon', 'Chimecho']",25,8,11
gen4nu-789236273,[Gen 4] NU,2018-08-11 17:32:33,,togekiss35724,thrash80465,thrash80465,True,"['Venomoth', 'Sandslash', 'Regirock', 'Cacturne', 'Dusclops', 'Lickilicky']","['Venomoth', 'Meganium', 'Torkoal', 'Medicham', 'Magneton']",27,8,5
smogtours-gen4nu-720840,[Gen 4] NU,2023-10-01 16:28:06,,hypervoice57448,chlorophyll28494,chlorophyll28494,True,"['Lapras', 'Sandslash', 'Dusclops', 'Skuntank', 'Cradily']","['Sharpedo', 'Shiftry', 'Regirock', 'Gardevoir']",18,10,5
gen4nu-2210580054,[Gen 4] NU,2024-09-27 02:26:48,1146,imprison14816,tangrowth23890,tangrowth23890,False,"['Tauros', 'Nidoqueen', 'Poliwrath', 'Cacturne', 'Bastiodon', 'Drifblim']","['Charizard', 'Tauros', 'Sandslash', 'Medicham', 'Skuntank', 'Slowking']",33,14,14
gen4nu-2200441279,[Gen 4] NU,2024-09-13 00:34:55,1084,chopleberry38027,blackbelt17068,blackbelt17068,False,"['Sharpedo', 'Tauros', 'Floatzel', 'Nidoqueen', 'Sableye', 'Cradily']","['Bibarel', 'Gligar', 'Tauros', 'Pinsir', 'Hypno']",22,9,9
gen4nu-841295906,[Gen 4] NU,2018-12-27 21:33:18,,sandveil87527,liechiberry37967,sandveil87527,False,"['Banette', 'Raticate', 'Seviper', 'Pikachu', 'Solrock', 'Quagsire']","['Kingler', 'Lapras', 'Raticate', 'Solrock', 'Swalot', 'Tangela']",19,8,7
gen4nu-2075143515,[Gen 4] NU,2024-03-06 23:01:18,,eevee1315,magneton78463,magneton78463,False,"['Charizard', 'Vileplume', 'Sandslash', 'Floatzel', 'Skuntank', 'Gardevoir']","['Camerupt', 'Tauros', 'Medicham', 'Marowak', 'Solrock']",16,9,7
gen4nu-2210559262,[Gen 4] NU,2024-09-27 01:43:24,1064,tangrowth23890,glameow34991,tangrowth23890,True,"['Charizard', 'Tauros', 'Medicham', 'Sandslash', 'Skuntank']","['Lunatone', 'Regice', 'Electrode', 'Dusclops', 'Hypno']",13,5,5
gen4nu-788572407,[Gen 4] NU,2018-08-10 04:42:35,,altaria32948,rampardos96322,altaria32948,True,"['Sandslash', 'Typhlosion', 'Regirock', 'Cacturne', 'Drifblim']","['Venomoth', 'Sandslash', 'Regirock', 'Cacturne', 'Dusclops']",36,8,12
gen4nu-2200752199,[Gen 4] NU,2024-09-13 13:12:33,1120,wingattack74220,pinmissile14901,pinmissile14901,False,"['Magmortar', 'Meganium', 'Marowak', 'Linoone', 'Slowking', 'Drifblim']","['Charizard', 'Floatzel', 'Hitmonchan', 'Linoone', 'Gardevoir', 'Golbat']",26,11,6
smogtours-gen4nu-675372,[Gen 4] NU,2023-02-17 19:10:43,,stickyhold28665,compoundeyes14899,stickyhold28665,False,"['Monferno', 'Cacturne', 'Solrock', 'Linoone', 'Drifblim']","['Sharpedo', 'Shiftry', 'Tauros', 'Regirock', 'Gardevoir', 'Drifblim']",19,4,7
gen4nu-841007174,[Gen 4] NU,2018-12-27 03:07:45,,sandveil87527,waterveil53989,sandveil87527,False,"['Banette', 'Solrock', 'Pikachu']","['Combusken', 'Raticate', 'Meditite', 'Bastiodon', 'Quagsire', 'Tangela']",8,2,6
gen4nu-1082371125,[Gen 4] NU,2020-03-20 16:42:45,,entei72987,sniper70774,entei72987,False,"['Tauros', 'Medicham', 'Magneton', 'Regirock', 'Dodrio', 'Slowking']","['Magmortar', 'Vileplume', 'Sandslash', 'Regirock', 'Skuntank', 'Slowking']",30,13,11
gen4nu-935745624,[Gen 4] NU,2019-06-27 11:32:45,,wobbuffet61495,bigroot11690,bigroot11690,False,"['Charizard', 'Vileplume', 'Sandslash', 'Floatzel', 'Skuntank', 'Gardevoir']","['Monferno', 'Probopass', 'Gastrodon', 'Misdreavus', 'Golbat']",21,11,7
gen4nu-785441207,[Gen 4] NU,2018-08-03 17:46:23,,ironplate72178,trace64701,ironplate72178,False,"['Kadabra', 'Poliwrath', 'Cacturne', 'Mr. Mime', 'Muk', 'Metang']","['Zangoose', 'Sneasel', 'Cacturne', 'Rhydon', 'Misdreavus', 'Golbat']",28,16,13
gen4nu-2196566833,[Gen 4] NU,2024-09-07 16:32:17,1000,powerswap80797,charmeleon22366,charmeleon22366,False,"['Tauros', 'Medicham', 'Typhlosion', 'Crawdaunt', 'Pikachu', 'Cradily']","['Wailord', 'Charizard', 'Luxray', 'Butterfree', 'Hitmonchan', 'Skuntank']",20,7,8
gen4nu-876228069,[Gen 4] NU,2019-03-14 20:45:16,,poisonheal87841,acupressure5238,poisonheal87841,False,"['Camerupt', 'Tauros', 'Medicham', 'Marowak', 'Solrock', 'Gardevoir']","['Vileplume', 'Floatzel', 'Regirock', 'Hitmonchan', 'Skuntank', 'Jynx']",19,10,7
smogtours-gen4nu-784697,[Gen 4] NU,2024-08-08 04:52:29,,bellsprout54185,confusion41299,confusion41299,False,"['Ursaring', 'Entei', 'Haunter', 'Skuntank', 'Linoone', 'Glalie']","['Sharpedo', 'Steelix', 'Hitmonchan', 'Espeon', 'Drifblim']",22,7,8
gen4nu-908324398,[Gen 4] NU,2019-05-12 13:25:38,,stomp9436,koffing93492,stomp9436,False,"['Shiftry', 'Typhlosion', 'Regirock', 'Victreebel', 'Persian', 'Hypno']","['Charizard', 'Sandslash', 'Typhlosion', 'Haunter', 'Skuntank', 'Slowking']",19,6,7
gen4nu-733419820,[Gen 4] NU,2018-04-16 01:44:39,,eruption81639,aurorabeam43750,eruption81639,False,"['Tauros', 'Haunter', 'Regirock', 'Jynx', 'Manectric', 'Slowking']","['Typhlosion', 'Nidoqueen', 'Hitmonchan', 'Skuntank', 'Slowking', 'Gardevoir']",32,14,14
smogtours-gen4nu-809946,[Gen 4] NU,2024-12-12 09:05:50,,vitalspirit41729,whirlwind47872,vitalspirit41729,False,"['Sharpedo', 'Vileplume', 'Regirock', 'Lickilicky', 'Gardevoir']","['Poliwrath', 'Regirock', 'Cacturne', 'Skuntank', 'Hitmonchan', 'Drifblim']",20,6,11
gen4nu-2205503149,[Gen 4] NU,2024-09-20 00:59:51,1078,chopleberry38027,icywind98531,icywind98531,False,"['Magneton', 'Nidoqueen', 'Hitmonchan', 'Skuntank', 'Manectric', 'Drifblim']","['Pinsir', 'Medicham', 'Floatzel', 'Skuntank', 'Cradily', 'Drifblim']",21,8,8
smogtours-gen4nu-791356,[Gen 4] NU,2024-09-19 16:21:13,,exploud62674,luckypunch80473,exploud62674,False,"['Shiftry', 'Slowbro', 'Hitmonchan', 'Chansey', 'Rhydon', 'Ampharos']","['Cloyster', 'Entei', 'Regirock', 'Skuntank', 'Espeon', 'Drifblim']",16,8,7
smogtours-gen4nu-784419,[Gen 4] NU,2024-08-05 18:24:23,,bodyslam74090,torterra15123,bodyslam74090,False,"['Claydol', 'Nidoking', 'Electrode', 'Hitmonchan', 'Skuntank', 'Espeon']","['Tauros', 'Medicham', 'Steelix', 'Cacturne', 'Lanturn', 'Drifblim']",17,9,10
gen4nu-696262684,[Gen 4] NU,2018-01-29 23:30:18,,wormadam14777,aron65039,aron65039,True,"['Vileplume', 'Medicham', 'Sandslash', 'Regirock', 'Slowking', 'Articuno']","['Camerupt', 'Sunflora', 'Nidoqueen', 'Walrein', 'Crawdaunt', 'Lickilicky']",26,8,6
gen4nu-804900958,[Gen 4] NU,2018-09-13 02:05:15,,spheal7278,mail79545,spheal7278,True,"['Sneasel', 'Cacturne', 'Pelipper', 'Electabuzz', 'Rhydon', 'Beedrill']","['Golduck', 'Victreebel', 'Purugly', 'Rhydon', 'Glalie', 'Misdreavus']",19,9,9
smogtours-gen4nu-627189,[Gen 4] NU,2022-05-20 19:52:25,,koffing93492,sniper70774,koffing93492,False,"['Meganium', 'Tauros', 'Floatzel', 'Regirock', 'Skuntank']","['Tauros', 'Haunter', 'Poliwrath', 'Regirock', 'Skuntank', 'Manectric']",30,13,12
gen4nu-2209720352,[Gen 4] NU,2024-09-25 22:47:41,1168,chansey41469,megakick62601,megakick62601,False,"['Sharpedo', 'Charizard', 'Tauros', 'Magneton', 'Medicham', 'Skuntank']","['Camerupt', 'Vileplume', 'Magneton', 'Hitmonchan', 'Slowking', 'Articuno']",19,7,8
gen4nu-859868323,[Gen 4] NU,2019-02-08 12:58:36,,astonish64351,colorchange82940,colorchange82940,False,"['Ampharos', 'Armaldo', 'Hitmonchan', 'Arbok', 'Glaceon', 'Cradily']","['Lapras', 'Charizard', 'Vileplume', 'Hitmonchan', 'Regirock', 'Sneasel']",41,12,13
gen4nu-2175029628,[Gen 4] NU,2024-08-07 02:09:48,,ursaring64445,venomoth48167,ursaring64445,False,"['Sharpedo', 'Charizard', 'Regirock', 'Skuntank', 'Espeon']","['Tauros', 'Medicham', 'Steelix', 'Cacturne', 'Lanturn', 'Drifblim']",14,5,12
gen4nu-936545743,[Gen 4] NU,2019-06-28 20:41:16,,blastoise29791,ninetales23624,ninetales23624,False,"['Butterfree', 'Exploud', 'Wartortle', 'Solrock', 'Illumise', 'Diglett']","['Mightyena', 'Persian', 'Quagsire', 'Diglett', 'Tangela', 'Gastly']",33,16,13
gen4nu-937496505,[Gen 4] NU,2019-06-30 17:22:13,,wailmer43107,tangela22698,wailmer43107,False,"['Granbull', 'Lapras', 'Dusclops', 'Solrock', 'Tangela']","['Flareon', 'Quagsire', 'Dusclops', 'Wartortle', 'Lairon', 'Tangela']",25,7,12
smogtours-gen4nu-742521,[Gen 4] NU,2024-01-28 00:40:59,,wooper24132,rotomfan35023,rotomfan35023,False,"['Electrode', 'Hitmonchan', 'Skuntank', 'Slowking', 'Cradily', 'Drifblim']","['Tauros', 'Haunter', 'Regirock', 'Jynx', 'Manectric', 'Slowking']",21,7,8
gen4nu-827026557,[Gen 4] NU,2018-11-27 15:20:54,,rindoberry7399,powergem76020,rindoberry7399,True,"['Gabite', 'Xatu', 'Armaldo', 'Poliwrath', 'Muk', 'Probopass']","['Electabuzz', 'Xatu', 'Marowak', 'Pelipper', 'Metang']",28,11,6
gen4nu-2199565049,[Gen 4] NU,2024-09-11 20:35:51,1064,loudred74400,zoomlens5648,zoomlens5648,False,"['Slowking', 'Dunsparce', 'Tauros', 'Manectric', 'Regigigas', 'Gardevoir']","['Magmortar', 'Tauros', 'Sandslash', 'Skuntank', 'Slowking', 'Cradily']",24,5,8
gen4nu-467626935,[Gen 4] NU,2016-10-31 23:11:28,,mysteryberry13877,altaria32948,altaria32948,False,"['Magmortar', 'Meganium', 'Tauros', 'Medicham', 'Jynx', 'Probopass']","['Torkoal', 'Medicham', 'Mantine', 'Skuntank', 'Victreebel', 'Gardevoir']",29,9,14
gen4nu-1126214992,[Gen 4] NU,2020-06-03 20:20:44,,purugly53142,aromatherapy41444,purugly53142,False,"['Shiftry', 'Typhlosion', 'Regirock', 'Pelipper', 'Victreebel', 'Persian']","['Sharpedo', 'Meganium', 'Gligar', 'Medicham', 'Regirock', 'Skuntank']",22,9,12
gen4nu-2197934574,[Gen 4] NU,2024-09-09 16:52:14,1143,icebody95988,growl5652,growl5652,False,"['Charizard', 'Vileplume', 'Sandslash', 'Floatzel', 'Skuntank', 'Gardevoir']","['Charizard', 'Hitmonchan', 'Mawile', 'Skuntank', 'Pikachu', 'Cradily']",31,5,12
smogtours-gen4nu-596417,[Gen 4] NU,2021-12-06 00:01:39,,toxicroak68833,surskit77069,toxicroak68833,False,"['Hitmonchan', 'Regirock', 'Cacturne', 'Dusclops', 'Slowking']","['Magmortar', 'Regirock', 'Poliwrath', 'Skuntank', 'Gardevoir', 'Drifblim']",33,10,13
gen4nu-2092563049,[Gen 4] NU,2024-03-30 21:42:28,,armaldo62768,doubleedge84989,doubleedge84989,False,"['Charizard', 'Jynx', 'Dusclops', 'Bastiodon', 'Glaceon', 'Ampharos']","['Linoone', 'Lapras', 'Bibarel', 'Bastiodon']",26,8,6
gen4nu-1075194857,[Gen 4] NU,2020-03-07 19:26:11,,chlorophyll28494,thunderstone74942,thunderstone74942,False,"['Venomoth', 'Shiftry', 'Tauros', 'Medicham', 'Poliwrath', 'Regirock']","['Gorebyss', 'Medicham', 'Electrode', 'Skuntank', 'Lickilicky']",18,11,6
gen4nu-2194615720,[Gen 4] NU,2024-09-04 19:59:13,1117,defensecurl88658,agility97245,agility97245,False,"['Politoed', 'Charizard', 'Tauros', 'Nidoqueen', 'Dusclops', 'Electabuzz']","['Magneton', 'Dusclops', 'Charizard', 'Cradily']",40,9,9
smogtours-gen4nu-426747,[Gen 4] NU,2019-02-24 20:28:55,,koffing93492,miltank16297,miltank16297,False,"['Sandslash', 'Floatzel', 'Typhlosion', 'Regirock', 'Cacturne', 'Drifblim']","['Vileplume', 'Rhydon', 'Regice', 'Gligar', 'Skuntank', 'Slowking']",34,16,17
gen4nu-843260615,[Gen 4] NU,2019-01-01 22:02:13,,poisonpoint78308,klutz91942,poisonpoint78308,False,"['Skuntank', 'Floatzel', 'Charizard']","['Magneton', 'Sneasel', 'Bastiodon', 'Crawdaunt', 'Diglett', 'Roselia']",15,3,8
gen4nu-725293811,[Gen 4] NU,2018-03-29 21:16:34,,purepower71748,tyrogue12319,purepower71748,False,"['Vileplume', 'Tauros', 'Typhlosion', 'Hitmonchan', 'Skuntank']","['Charizard', 'Regice', 'Tauros', 'Sandslash', 'Jynx', 'Gardevoir']",17,6,9
smogtours-gen4nu-784016,[Gen 4] NU,2024-08-04 03:18:52,,nidoqueen443,bellsprout54185,bellsprout54185,False,"['Exeggutor', 'Tauros', 'Hitmonchan', 'Regirock', 'Jynx', 'Drapion']","['Ursaring', 'Entei', 'Haunter', 'Skuntank', 'Linoone', 'Glalie']",19,7,5
smogtours-gen4nu-783982,[Gen 4] NU,2024-08-04 00:42:15,,huntail76319,tangrowth23890,tangrowth23890,False,"['Tangrowth', 'Regirock', 'Poliwrath', 'Hitmonchan', 'Skuntank', 'Manectric']","['Hitmontop', 'Steelix', 'Miltank', 'Skuntank', 'Lanturn', 'Espeon']",34,11,11
smogtours-gen4nu-843535,[Gen 4] NU,2025-05-18 01:30:45,,extrasensory76435,denpowerwater91914,extrasensory76435,True,"['Venomoth', 'Hitmonchan', 'Regirock', 'Cacturne', 'Dusclops']","['Shiftry', 'Nidoqueen', 'Regirock', 'Hitmonchan', 'Slowking']",21,8,9
gen4nu-2196067703,[Gen 4] NU,2024-09-06 20:51:40,1032,zoomlens5648,glameow34991,zoomlens5648,False,"['Politoed', 'Sandslash', 'Haunter', 'Skuntank', 'Glalie']","['Magmortar', 'Regice', 'Electrode', 'Regirock', 'Muk', 'Regigigas']",21,6,7
gen4nu-2195773570,[Gen 4] NU,2024-09-06 13:08:05,1014,stantler8036,spelltag8256,spelltag8256,False,"['Granbull', 'Kecleon', 'Kadabra', 'Haunter', 'Arbok', 'Jumpluff']","['Charizard', 'Sandslash', 'Floatzel', 'Skuntank', 'Gardevoir']",21,9,7
smogtours-gen4nu-564960,[Gen 4] NU,2021-06-06 22:14:33,,icepunch95036,golem93168,golem93168,False,"['Magmortar', 'Sandslash', 'Poliwrath', 'Haunter', 'Manectric', 'Gardevoir']","['Gligar', 'Tauros', 'Medicham', 'Magneton', 'Hypno']",66,18,15
gen4nu-834038493,[Gen 4] NU,2018-12-26 19:33:05,,pidgeot31794,aquajet37110,pidgeot31794,False,"['Kecleon', 'Cranidos', 'Dusclops', 'Solrock', 'Clamperl']","['Bibarel', 'Mightyena', 'Persian', 'Diglett', 'Fearow', 'Gastly']",19,5,8
gen4nu-1071810053,[Gen 4] NU,2020-03-01 18:46:38,,ditto42810,thunderstone74942,thunderstone74942,False,"['Charizard', 'Tauros', 'Sandslash', 'Poliwrath', 'Jumpluff', 'Grumpig']","['Gorebyss', 'Medicham', 'Electrode', 'Skuntank', 'Lickilicky', 'Relicanth']",17,8,5
gen4nu-783979999,[Gen 4] NU,2018-07-31 17:03:54,,fire43506,tintedlens67414,fire43506,False,"['Tauros', 'Regirock', 'Skuntank', 'Whiscash', 'Lickilicky', 'Gardevoir']","['Venomoth', 'Ninetales', 'Hitmonchan', 'Regirock', 'Slowking', 'Drifblim']",26,9,13
gen4nu-2193300698,[Gen 4] NU,2024-09-02 22:59:24,1001,quagsire75994,poisontail76206,poisontail76206,True,"['Electrode', 'Tangela', 'Floatzel', 'Poliwrath']","['Slowking', 'Sharpedo', 'Magneton']",7,3,2
gen4nu-2198565335,[Gen 4] NU,2024-09-10 14:14:42,1120,defensecurl88658,arceuswater5043,defensecurl88658,False,"['Politoed', 'Charizard', 'Tauros', 'Nidoqueen', 'Hitmonchan', 'Dusclops']","['Tauros', 'Hitmonchan', 'Regirock', 'Jynx', 'Manectric', 'Drifblim']",33,9,10
gen4nu-1087617150,[Gen 4] NU,2020-03-29 23:08:12,,twistedspoon63684,magmortar26451,twistedspoon63684,True,"['Granbull', 'Tauros', 'Regirock', 'Jynx', 'Slowking', 'Gardevoir']","['Venomoth', 'Shiftry', 'Tauros', 'Medicham', 'Poliwrath', 'Regirock']",30,12,14
smogtours-gen4nu-380612,[Gen 4] NU,2018-06-03 20:45:43,,attract31504,custapberry71278,attract31504,False,"['Vileplume', 'Sandslash', 'Regirock', 'Slowking', 'Lickilicky', 'Articuno']","['Charizard', 'Nidoqueen', 'Hitmonchan', 'Skuntank', 'Slowking', 'Cradily']",63,22,22
smogtours-gen4nu-675371,[Gen 4] NU,2023-02-17 19:04:24,,stickyhold28665,compoundeyes14899,compoundeyes14899,False,"['Charizard', 'Poliwrath', 'Regirock', 'Jynx', 'Manectric', 'Drifblim']","['Medicham', 'Regirock', 'Hitmonchan', 'Skuntank', 'Manectric', 'Slowking']",27,12,12
smogtours-gen4nu-787976,[Gen 4] NU,2024-08-30 04:45:25,,suicune87392,confusion41299,confusion41299,False,"['Sharpedo', 'Ludicolo', 'Regirock', 'Hitmonchan', 'Haunter', 'Drapion']","['Wormadam-Trash', 'Gligar', 'Floatzel', 'Hitmonchan', 'Dusclops', 'Drapion']",24,9,12
gen4nu-848461360,[Gen 4] NU,2019-01-13 22:25:42,,sceptile16414,pound23438,pound23438,False,"['Magmortar', 'Medicham', 'Nidoqueen', 'Dodrio', 'Slowking', 'Cradily']","['Magmortar', 'Charizard', 'Torkoal', 'Hitmonchan', 'Victreebel', 'Persian']",23,9,10
china-gen4nu-124221,[Gen 4] NU,2018-09-29 14:26:06,,dreadplate57965,electabuzz164,electabuzz164,False,"['Haunter', 'Regirock', 'Hitmonchan', 'Jynx', 'Skuntank', 'Manectric']","['Charizard', 'Tauros', 'Sandslash', 'Poliwrath', 'Jumpluff', 'Grumpig']",25,12,11
gen4nu-2037462912,[Gen 4] NU,2024-01-17 18:27:12,,solarpower64154,gengar516,solarpower64154,False,"['Machoke', 'Charizard', 'Sandslash', 'Whiscash', 'Manectric']","['Charizard', 'Vileplume', 'Sandslash', 'Floatzel', 'Skuntank', 'Gardevoir']",21,8,10
gen4nu-2200265341,[Gen 4] NU,2024-09-12 19:28:19,,hoothoot56067,tangrowth23890,tangrowth23890,False,"['Charizard', 'Medicham', 'Nidoqueen', 'Hitmonchan', 'Skuntank', 'Slowking']","['Charizard', 'Tauros', 'Sandslash', 'Skuntank', 'Slowking']",19,13,8
gen4nu-934714017,[Gen 4] NU,2019-06-25 16:26:17,,leppaberry32170,sludgebomb80416,leppaberry32170,False,"['Dusclops', 'Persian', 'Lairon', 'Tangela', 'Gastly', 'Slaking']","['Politoed', 'Raticate', 'Lairon', 'Diglett', 'Fearow', 'Yanma']",19,11,10
gen4nu-961380369,[Gen 4] NU,2019-08-16 21:45:53,,haunter12630,mentalherb28142,haunter12630,False,"['Sudowoodo', 'Walrein', 'Wartortle', 'Grovyle', 'Magmar', 'Fearow']","['Lunatone', 'Kecleon', 'Persian', 'Quagsire', 'Tangela', 'Gastly']",30,11,12
gen4nu-803004481,[Gen 4] NU,2018-09-09 03:28:06,,dreadplate57965,torkoal49926,torkoal49926,True,"['Golduck', 'Meganium', 'Electrode', 'Monferno', 'Haunter', 'Sneasel']","['Lickilicky', 'Electrode', 'Gorebyss', 'Skuntank']",12,6,3
smogtours-gen4nu-774212,[Gen 4] NU,2024-06-13 22:08:32,,futuresight13270,absorb70373,futuresight13270,False,"['Venomoth', 'Pinsir', 'Regirock', 'Hitmonchan', 'Skuntank']","['Tauros', 'Haunter', 'Manectric', 'Rhydon', 'Glalie', 'Drifblim']",18,4,5
smogtours-gen4nu-693167,[Gen 4] NU,2023-05-20 17:16:43,,yanmega20097,rotom15770,rotom15770,False,"['Gligar', 'Mantine', 'Hitmonchan', 'Skuntank', 'Manectric', 'Cradily']","['Sharpedo', 'Regirock', 'Cacturne', 'Slowking', 'Drifblim']",23,11,5
smogtours-gen4nu-839832,[Gen 4] NU,2025-05-05 00:27:15,,extrasensory76435,icywind98531,extrasensory76435,False,"['Sharpedo', 'Tauros', 'Nidoqueen', 'Regirock', 'Glalie', 'Drifblim']","['Sharpedo', 'Venomoth', 'Tauros', 'Gastrodon-East', 'Sableye', 'Cradily']",24,8,10
smogtours-gen4nu-828966,[Gen 4] NU,2025-03-30 18:49:54,,huntail76319,denpowersteel79771,huntail76319,True,"['Rhydon', 'Regirock', 'Skuntank', 'Slowking', 'Ampharos']","['Shiftry', 'Floatzel', 'Regirock', 'Dusclops', 'Skuntank', 'Ampharos']",21,8,9
smogtours-gen4nu-333752,[Gen 4] NU,2017-12-01 23:15:13,,static83539,transform81583,static83539,False,"['Golduck', 'Metang', 'Purugly', 'Glalie', 'Misdreavus']","['Machoke', 'Poliwrath', 'Cacturne', 'Rhydon', 'Misdreavus', 'Golbat']",21,8,12
smogtours-gen4nu-782509,[Gen 4] NU,2024-07-27 03:07:15,,defensecurl74674,wormadamtrash72970,defensecurl74674,True,"['Gligar', 'Regirock', 'Hitmonchan', 'Skuntank', 'Espeon']","['Sharpedo', 'Exeggutor', 'Hitmonchan', 'Regirock', 'Slowking', 'Drapion']",22,9,10
gen4nu-839166747,[Gen 4] NU,2018-12-22 16:50:03,,sandveil87527,gengarmega66742,sandveil87527,False,"['Zangoose', 'Armaldo', 'Poliwrath', 'Electabuzz', 'Glalie', 'Golbat']","['Xatu', 'Sableye', 'Victreebel', 'Electabuzz', 'Rhydon', 'Glalie']",22,12,9
gen4nu-829044719,[Gen 4] NU,2018-11-01 20:24:30,,flameplate13159,megapunch98881,megapunch98881,False,"['Tauros', 'Haunter', 'Regirock', 'Jynx', 'Manectric', 'Slowking']","['Golduck', 'Charizard', 'Tauros', 'Hitmonchan', 'Golem', 'Skuntank']",18,7,7
gen4nu-2092766160,[Gen 4] NU,2024-03-31 04:50:31,,honeygather76267,thief3555,honeygather76267,False,"['Tauros', 'Trapinch', 'Magneton', 'Regirock', 'Slowking', 'Drifblim']","['Venomoth', 'Sandslash', 'Floatzel', 'Regirock', 'Dusclops', 'Ampharos']",30,7,10
smogtours-gen4nu-362674,[Gen 4] NU,2018-03-31 11:03:42,,electrike39110,luxray2085,electrike39110,False,"['Medicham', 'Hitmonchan', 'Cacturne', 'Skuntank', 'Probopass']","['Charizard', 'Magneton', 'Regirock', 'Hitmonchan', 'Crawdaunt', 'Slowking']",15,5,8
gen4nu-2192616892,[Gen 4] NU,2024-09-01 22:58:41,1000,chopleberry38027,unaware62153,chopleberry38027,True,"['Sharpedo', 'Haunter']","['Jumpluff', 'Armaldo', 'Typhlosion', 'Bastiodon']",7,1,3
gen4nu-1106977723,[Gen 4] NU,2020-05-01 20:58:49,,metagross54537,machobrace46788,machobrace46788,False,"['Phione', 'Luxray', 'Armaldo', 'Typhlosion', 'Muk', 'Gardevoir']","['Medicham', 'Gardevoir', 'Regirock', 'Slaking']",16,7,5
smogtours-gen4nu-334992,[Gen 4] NU,2017-12-10 20:22:22,,cradily80552,attract31504,cradily80552,False,"['Camerupt', 'Tauros', 'Medicham', 'Marowak', 'Solrock', 'Gardevoir']","['Lunatone', 'Xatu', 'Sandslash', 'Sneasel', 'Diglett', 'Gastrodon']",20,6,8
gen4nu-2255386178,[Gen 4] NU,2024-12-02 19:59:26,,vitalspirit41729,lumineon81414,vitalspirit41729,False,"['Lickilicky', 'Sharpedo', 'Vileplume']","['Meganium', 'Tauros', 'Magneton', 'Floatzel', 'Regirock', 'Slowking']",14,4,10
smogtours-gen4nu-646680,[Gen 4] NU,2022-09-05 10:56:46,,psyduck67349,numel8988,psyduck67349,True,"['Tauros', 'Haunter', 'Manectric', 'Rhydon', 'Glalie', 'Drifblim']","['Sharpedo', 'Meganium', 'Regirock', 'Hitmonchan', 'Skuntank', 'Manectric']",17,8,9
gen4nu-910788607,[Gen 4] NU,2019-05-16 17:28:53,,starmie65430,minun6717,minun6717,True,"['Magmortar', 'Meganium', 'Nidoqueen', 'Regirock', 'Haunter', 'Dusclops']","['Sandslash', 'Venomoth', 'Shiftry', 'Charizard']",30,14,8
smogtours-gen4nu-694363,[Gen 4] NU,2023-05-27 21:16:39,,stench25210,yanmega20097,stench25210,False,"['Gligar', 'Magneton', 'Dusclops', 'Skuntank', 'Slowking', 'Glalie']","['Politoed', 'Charizard', 'Vileplume', 'Sandslash', 'Medicham', 'Regirock']",38,18,17
gen4nu-840759154,[Gen 4] NU,2018-12-26 17:02:48,,liechiberry37967,adaptability26680,adaptability26680,False,"['Kingler', 'Raticate', 'Meditite', 'Clamperl', 'Drifloon', 'Ledian']","['Luxray', 'Dusclops', 'Bastiodon', 'Quagsire', 'Chimecho']",23,7,7
gen4nu-840919375,[Gen 4] NU,2018-12-26 22:32:58,,waterveil53989,liechiberry37967,waterveil53989,True,"['Combusken', 'Raticate', 'Meditite', 'Bastiodon', 'Quagsire', 'Tangela']","['Flareon', 'Onix', 'Weepinbell', 'Persian', 'Tangela', 'Slaking']",26,8,10
gen4nu-803906378,[Gen 4] NU,2018-09-11 00:19:29,,weedle33343,gardevoir41806,gardevoir41806,False,"['Rapidash', 'Grotle', 'Kadabra', 'Poliwrath', 'Metang', 'Purugly']","['Electabuzz', 'Zangoose', 'Poliwrath', 'Cacturne', 'Metang', 'Misdreavus']",33,12,12
gen4nu-2051834712,[Gen 4] NU,2024-02-05 00:24:32,,makuhita63317,closecombat44911,closecombat44911,False,"['Shiftry', 'Pinsir', 'Mr. Mime', 'Whiscash', 'Raichu', 'Drifblim']","['Sharpedo', 'Rhydon', 'Tauros', 'Skuntank', 'Slowking', 'Drifblim']",20,7,8
gen4nu-779554563,[Gen 4] NU,2018-07-22 17:23:04,,habanberry33794,entei72987,habanberry33794,True,"['Nidoqueen', 'Hitmonchan', 'Cacturne', 'Dusclops', 'Lickilicky', 'Slowking']","['Tauros', 'Sandslash', 'Haunter', 'Hitmonchan', 'Skuntank', 'Gardevoir']",16,6,6
gen4nu-922757220,[Gen 4] NU,2019-06-05 17:50:01,,carnivine10904,charizard65833,carnivine10904,False,"['Lapras', 'Vileplume', 'Charizard', 'Hitmonchan', 'Regirock', 'Sneasel']","['Venomoth', 'Gardevoir', 'Medicham', 'Floatzel', 'Bastiodon', 'Gastrodon']",28,10,12
smogtours-gen4nu-816910,[Gen 4] NU,2025-01-30 13:20:27,,extrasensory76435,pamtreberry72437,extrasensory76435,False,"['Meganium', 'Regirock', 'Hitmonchan', 'Dusclops', 'Skuntank', 'Gardevoir']","['Tauros', 'Magneton', 'Nidoqueen', 'Hitmonchan', 'Slowking', 'Drifblim']",34,10,12
gen4nu-783176698,[Gen 4] NU,2018-07-29 23:58:40,,wikiberry84439,attract31504,attract31504,True,"['Magmortar', 'Charizard', 'Regirock', 'Hitmonchan', 'Skuntank', 'Whiscash']","['Vileplume', 'Sandslash', 'Regirock', 'Slowking', 'Articuno']",35,12,13
smogtours-gen4nu-829631,[Gen 4] NU,2025-04-03 23:14:53,,weepinbell75190,icywind98531,icywind98531,False,"['Regirock', 'Cacturne', 'Hitmonchan', 'Dusclops', 'Ampharos', 'Drifblim']","['Pinsir', 'Medicham', 'Haunter', 'Rhydon', 'Slowking']",19,8,4
gen4nu-726315452,[Gen 4] NU,2018-04-01 01:14:44,,chimecho72886,rapidspin21726,rapidspin21726,False,"['Medicham', 'Hitmonchan', 'Cacturne', 'Haunter', 'Skuntank', 'Probopass']","['Haunter', 'Hitmonchan', 'Regirock', 'Jynx', 'Skuntank', 'Manectric']",21,8,6
gen4nu-949526353,[Gen 4] NU,2019-07-23 22:39:13,,heatrock37333,entei72987,heatrock37333,True,"['Venomoth', 'Sandslash', 'Regirock', 'Cacturne', 'Dusclops', 'Lickilicky']","['Medicham', 'Magneton', 'Regirock', 'Dodrio', 'Slowking']",13,6,5
gen4nu-2157510898,[Gen 4] NU,2024-07-08 22:26:00,,absorb65546,huntail76319,absorb65546,False,"['Snover', 'Claydol', 'Walrein', 'Dusclops', 'Drapion']","['Sharpedo', 'Regirock', 'Hitmonchan', 'Cacturne', 'Espeon', 'Drifblim']",26,6,8
smogtours-gen4nu-809947,[Gen 4] NU,2024-12-12 09:12:29,,whirlwind47872,vitalspirit41729,vitalspirit41729,False,"['Camerupt', 'Vileplume', 'Solrock', 'Slowking', 'Relicanth', 'Lickilicky']","['Politoed', 'Charizard', 'Sandslash', 'Regirock', 'Skuntank']",24,10,10
smogtours-gen4nu-813730,[Gen 4] NU,2025-01-11 19:16:33,,corphish30125,icywind98531,corphish30125,False,"['Regice', 'Floatzel', 'Regirock', 'Hitmonchan', 'Slowking']","['Rhydon', 'Pinsir', 'Medicham', 'Haunter', 'Manectric', 'Slowking']",23,5,9
gen4nu-2175532597,[Gen 4] NU,2024-08-07 20:14:42,,speedboost35574,poisontail76206,speedboost35574,False,"['Exeggutor', 'Charizard', 'Entei', 'Regirock', 'Skuntank', 'Lickilicky']","['Tauros', 'Medicham', 'Steelix', 'Cacturne', 'Lanturn', 'Drifblim']",17,5,8
gen4nu-957776664,[Gen 4] NU,2019-08-09 16:46:36,,rock83564,sudowoodo73296,rock83564,False,"['Nidoqueen', 'Hitmonchan', 'Cacturne', 'Sableye', 'Slowking', 'Drifblim']","['Gligar', 'Tauros', 'Medicham', 'Magneton', 'Hitmonchan', 'Hypno']",30,8,12
smogtours-gen4nu-653302,[Gen 4] NU,2022-10-08 14:11:50,,dragonfang79331,mawile36886,mawile36886,False,"['Charizard', 'Tauros', 'Sandslash', 'Regirock', 'Victreebel', 'Slowking']","['Pinsir', 'Sandslash', 'Regirock', 'Skuntank', 'Manectric', 'Slowking']",56,21,19
smogtours-gen4nu-646808,[Gen 4] NU,2022-09-07 14:26:15,,dragonfang79331,skullbash80875,dragonfang79331,False,"['Shiftry', 'Tauros', 'Nidoqueen', 'Regirock', 'Hitmonchan', 'Slowking']","['Magmortar', 'Charizard', 'Regirock', 'Hitmonchan', 'Skuntank', 'Slowking']",13,9,9
gen4nu-844903060,[Gen 4] NU,2019-01-05 19:26:31,,shroomish71441,spearow33023,shroomish71441,False,"['Metang', 'Poliwrath', 'Sneasel', 'Mr. Mime', 'Victreebel', 'Electabuzz']","['Poliwrath', 'Sneasel', 'Cacturne', 'Electabuzz', 'Rhydon', 'Golbat']",32,12,15
smogtours-gen4nu-783658,[Gen 4] NU,2024-08-02 15:38:35,,chimecho80841,torterra15123,torterra15123,False,"['Claydol', 'Tauros', 'Hitmonchan', 'Skuntank', 'Slowking', 'Drifblim']","['Altaria', 'Slowbro', 'Nidoqueen', 'Hitmonchan', 'Skuntank', 'Dusclops']",22,10,9
gen4nu-776585894,[Gen 4] NU,2018-07-16 14:50:14,,sunnyday36455,poisonheal36707,poisonheal36707,False,"['Lapras', 'Vileplume', 'Charizard', 'Hitmonchan', 'Regirock', 'Sneasel']","['Gorebyss', 'Medicham', 'Electrode', 'Skuntank', 'Lickilicky', 'Relicanth']",22,9,8
gen4nu-1131074658,[Gen 4] NU,2020-06-11 22:27:27,,slakoth53488,watergun59811,watergun59811,False,"['Machoke', 'Charizard', 'Sandslash', 'Jumpluff', 'Whiscash', 'Manectric']","['Charizard', 'Tauros', 'Sandslash', 'Skuntank', 'Slowking', 'Gardevoir']",26,11,11
gen4nu-958760037,[Gen 4] NU,2019-08-11 17:13:02,,wailmer43107,sandveil87527,wailmer43107,True,"['Kecleon', 'Pupitar', 'Persian', 'Probopass', 'Tangela', 'Gastly']","['Sableye', 'Swalot', 'Quagsire', 'Diglett', 'Tangela', 'Probopass']",45,14,14
gen4nu-2198671733,[Gen 4] NU,2024-09-10 16:50:14,1081,chopleberry38027,defensecurl88658,defensecurl88658,False,"['Sharpedo', 'Tauros', 'Magneton', 'Regirock', 'Haunter', 'Slowking']","['Politoed', 'Charizard', 'Tauros', 'Nidoqueen', 'Dusclops', 'Skuntank']",38,11,12
smogtours-gen4nu-846359,[Gen 4] NU,2025-05-28 12:26:41,,deoxys89017,crosschop14357,crosschop14357,False,"['Charizard', 'Floatzel', 'Hitmonchan', 'Skuntank', 'Lickilicky', 'Cradily']","['Hitmonchan', 'Skuntank', 'Solrock', 'Slowking', 'Ampharos']",18,7,7
gen4nu-2202065085,[Gen 4] NU,2024-09-15 11:16:16,,swallow9035,cherishball23837,swallow9035,False,"['Sharpedo', 'Floatzel', 'Nidoqueen', 'Sableye', 'Cradily']","['Politoed', 'Tauros', 'Regirock', 'Skuntank', 'Marowak', 'Drifblim']",27,7,8
gen4nu-1105142630,[Gen 4] NU,2020-04-28 21:56:36,,snorlax94126,upgrade74817,snorlax94126,False,['Floatzel'],"['Magmortar', 'Sneasel', 'Bastiodon', 'Ditto', 'Linoone', 'Drifblim']",10,0,5
smogtours-gen4nu-382552,[Gen 4] NU,2018-06-11 01:38:34,,tangledfeet73734,happiny68390,happiny68390,False,"['Sharpedo', 'Shiftry', 'Tauros', 'Regirock', 'Gardevoir', 'Drifblim']","['Shiftry', 'Charizard', 'Ninetales', 'Sandslash', 'Manectric', 'Slowking']",35,12,15
smogtours-gen4nu-810731,[Gen 4] NU,2024-12-16 05:19:44,,weepinbell75190,huntail76319,huntail76319,True,"['Nidoqueen', 'Haunter', 'Jynx', 'Manectric', 'Slowking', 'Cradily']","['Ninetales', 'Vileplume', 'Medicham', 'Poliwrath', 'Regirock', 'Skuntank']",26,14,13
smogtours-gen4nu-774690,[Gen 4] NU,2024-06-15 19:12:27,,icywind98531,willowisp76069,icywind98531,False,"['Ninetales', 'Tauros', 'Nidoqueen', 'Sableye', 'Manectric', 'Slowking']","['Vileplume', 'Magneton', 'Floatzel', 'Hitmonchan', 'Regirock', 'Drifblim']",33,14,12
smogtours-gen4nu-649404,[Gen 4] NU,2022-09-18 19:24:44,,mawile36886,buneary57593,mawile36886,True,"['Sharpedo', 'Vileplume', 'Tauros', 'Hitmonchan', 'Skuntank', 'Rhydon']","['Shiftry', 'Medicham', 'Regirock', 'Skuntank', 'Jynx', 'Slowking']",19,8,10
smogtours-gen4nu-569879,[Gen 4] NU,2021-07-11 14:37:38,,grudge24177,sunstone25143,grudge24177,False,"['Medicham', 'Electrode', 'Haunter', 'Relicanth', 'Glalie']","['Politoed', 'Meganium', 'Regirock', 'Hitmonchan', 'Sableye', 'Lickilicky']",26,9,12
gen4nu-2210601309,[Gen 4] NU,2024-09-27 03:13:53,,ludicolo843,metalsound31619,ludicolo843,False,"['Charizard', 'Vileplume', 'Sandslash', 'Floatzel', 'Skuntank', 'Gardevoir']","['Politoed', 'Magmortar', 'Magneton', 'Haunter', 'Jynx', 'Piloswine']",28,9,11
smogtours-gen4nu-717596,[Gen 4] NU,2023-09-18 19:58:29,,haunter12630,stench25210,stench25210,True,"['Medicham', 'Regirock', 'Haunter', 'Skuntank', 'Jumpluff', 'Ampharos']","['Vileplume', 'Haunter', 'Regirock', 'Skuntank', 'Slowking']",22,11,12
smogtours-gen4nu-782490,[Gen 4] NU,2024-07-27 01:14:18,,confusion41299,illuminate274,confusion41299,False,"['Tangrowth', 'Altaria', 'Magneton', 'Floatzel', 'Regirock', 'Hitmonchan']","['Tangrowth', 'Tauros', 'Steelix', 'Skuntank', 'Slowking', 'Drapion']",26,14,14
gen4nu-2206809647,[Gen 4] NU,2024-09-21 22:23:37,1062,rest68772,steadfast95560,rest68772,True,"['Ariados', 'Charizard']","['Politoed', 'Charizard', 'Nidoqueen', 'Hitmonchan', 'Jynx']",11,1,5
gen4nu-2208325595,[Gen 4] NU,2024-09-24 02:53:55,,helixfossil58960,astonish40164,astonish40164,True,"['Tauros', 'Sandslash', 'Haunter', 'Manectric', 'Glalie', 'Drifblim']","['Magmortar', 'Regirock', 'Hitmonchan', 'Skuntank', 'Whiscash']",15,6,5
smogtours-gen4nu-440295,[Gen 4] NU,2019-05-07 18:28:50,,haunter12630,minun6717,haunter12630,True,"['Sharpedo', 'Venomoth', 'Meganium', 'Torkoal', 'Medicham', 'Regirock']","['Tauros', 'Nidoqueen', 'Hitmonchan', 'Metang', 'Slowking', 'Drifblim']",27,8,14
smogtours-gen4nu-696268,[Gen 4] NU,2023-06-09 20:00:37,,mawile36886,pickup28423,mawile36886,True,"['Meganium', 'Magneton', 'Floatzel', 'Regirock', 'Slowking']","['Vileplume', 'Rhydon', 'Tauros', 'Jynx', 'Skuntank', 'Slowking']",32,10,11
gen4nu-735553144,[Gen 4] NU,2018-04-20 13:34:24,,thrash80465,naturalgift2401,thrash80465,False,"['Charizard', 'Tauros', 'Sandslash', 'Skuntank', 'Slowking', 'Cradily']","['Shiftry', 'Typhlosion', 'Haunter', 'Poliwrath', 'Regirock', 'Manectric']",32,17,14
smogtours-gen4nu-813594,[Gen 4] NU,2025-01-10 21:17:12,,rotom15770,koffing93492,rotom15770,False,"['Sharpedo', 'Vileplume', 'Tauros', 'Magneton', 'Regirock', 'Drifblim']","['Shiftry', 'Typhlosion', 'Regirock', 'Skuntank', 'Jumpluff', 'Victreebel']",25,10,9
smogtours-gen4nu-605550,[Gen 4] NU,2022-01-29 22:13:26,,futuresight13270,mawile36886,mawile36886,False,"['Porygon2', 'Haunter', 'Marowak', 'Crawdaunt', 'Slowking', 'Ampharos']","['Rapidash', 'Gligar', 'Haunter', 'Skuntank', 'Slowking', 'Gardevoir']",20,6,9
smogtours-gen4nu-377284,[Gen 4] NU,2018-05-17 23:36:59,,togekiss35724,unaware14990,togekiss35724,False,"['Venomoth', 'Sandslash', 'Regirock', 'Cacturne', 'Dusclops', 'Lickilicky']","['Venomoth', 'Charizard', 'Hitmonchan', 'Skuntank', 'Slowking', 'Cradily']",37,13,17
gen4nu-1175672126,[Gen 4] NU,2020-08-26 12:40:03,,phione53082,manectric30674,phione53082,False,"['Porygon2', 'Dusclops', 'Solrock', 'Crawdaunt', 'Slowking']","['Charizard', 'Vileplume', 'Sandslash', 'Floatzel', 'Skuntank', 'Gardevoir']",17,4,5
gen4nu-961725185,[Gen 4] NU,2019-08-17 16:16:25,,tox71156,ninetales23624,ninetales23624,False,"['Lapras', 'Huntail', 'Flareon', 'Lairon', 'Sableye', 'Tangela']","['Huntail', 'Banette', 'Kecleon', 'Persian', 'Probopass', 'Tangela']",34,11,11
smogtours-gen4nu-422999,[Gen 4] NU,2019-01-27 22:08:08,,bonsly23037,rock80097,rock80097,False,"['Charizard', 'Vileplume', 'Sandslash', 'Floatzel', 'Skuntank', 'Gardevoir']","['Floatzel', 'Typhlosion', 'Regirock', 'Cacturne', 'Drifblim']",18,6,4
gen4nu-2143046162,[Gen 4] NU,2024-06-14 07:35:22,,ultraball88994,spikes55832,spikes55832,False,"['Sharpedo', 'Gligar', 'Magneton', 'Haunter', 'Walrein', 'Espeon']","['Magneton', 'Sharpedo', 'Gligar']",11,5,2
gen4nu-942638594,[Gen 4] NU,2019-07-10 16:32:25,,icefang57178,tox71156,tox71156,False,"['Politoed', 'Tropius', 'Solrock', 'Persian', 'Lairon', 'Gastly']","['Kingler', 'Stunky', 'Pineco', 'Dusclops', 'Persian', 'Pupitar']",45,14,12
smogtours-gen4nu-662925,[Gen 4] NU,2022-11-27 16:44:21,,wooper24132,mawile36886,mawile36886,False,"['Tauros', 'Medicham', 'Floatzel', 'Haunter', 'Cacturne', 'Regirock']","['Skuntank', 'Hitmonchan', 'Regirock', 'Tauros']",25,9,7
gen4nu-2201231043,[Gen 4] NU,2024-09-14 02:49:41,,thickclub47223,ninetales23624,thickclub47223,False,"['Charizard', 'Hitmonchan', 'Skuntank', 'Hypno', 'Purugly', 'Probopass']","['Pinsir', 'Medicham', 'Floatzel', 'Skuntank', 'Cradily', 'Drifblim']",26,12,10
gen4nu-839788404,[Gen 4] NU,2018-12-24 02:46:56,,tamatoberry1958,trace64701,tamatoberry1958,False,"['Rapidash', 'Onix', 'Victreebel', 'Metang', 'Purugly', 'Tangela']","['Zangoose', 'Sneasel', 'Cacturne', 'Rhydon', 'Misdreavus', 'Golbat']",20,9,7
gen4nu-834055622,[Gen 4] NU,2018-11-11 21:03:06,,sandveil87527,trace64701,trace64701,False,"['Banette', 'Marowak', 'Solrock', 'Clamperl', 'Purugly', 'Chimecho']","['Lapras', 'Metang', 'Girafarig', 'Purugly', 'Glalie', 'Misdreavus']",23,7,8
gen4nu-1173493264,[Gen 4] NU,2020-08-22 19:35:14,,colorchange51191,mail79545,mail79545,False,"['Xatu', 'Arbok', 'Purugly', 'Probopass', 'Tangela', 'Misdreavus']","['Politoed', 'Zangoose', 'Monferno', 'Bellossom', 'Metang', 'Purugly']",36,14,11
smogtours-gen4nu-790256,[Gen 4] NU,2024-09-11 23:23:59,,huntail76319,wormadam66139,huntail76319,False,"['Tauros', 'Floatzel', 'Nidoqueen', 'Skuntank', 'Dusclops']","['Venomoth', 'Nidoqueen', 'Jumpluff', 'Lickilicky', 'Slowking', 'Cradily']",62,10,23
gen4nu-841008201,[Gen 4] NU,2018-12-27 03:14:13,,waterveil53989,sandveil87527,sandveil87527,False,"['Kingler', 'Raticate', 'Graveler', 'Solrock', 'Pikachu', 'Gastly']","['Banette', 'Raticate', 'Seviper', 'Pikachu', 'Solrock', 'Quagsire']",26,8,11
gen4nu-455863934,[Gen 4] NU,2016-10-12 21:25:15,,barboach16850,prinplup89326,barboach16850,False,"['Meganium', 'Jynx', 'Magmortar', 'Medicham']","['Bibarel', 'Walrein', 'Arbok', 'Bastiodon', 'Ampharos', 'Articuno']",23,3,7
gen4nu-2206230098,[Gen 4] NU,2024-09-21 00:47:14,,suctioncups23053,tangrowth23890,suctioncups23053,False,"['Magmortar', 'Hitmonchan', 'Skuntank', 'Dusclops', 'Jynx', 'Cradily']","['Charizard', 'Tauros', 'Sandslash', 'Medicham', 'Skuntank', 'Slowking']",29,9,8
smogtours-gen4nu-408486,[Gen 4] NU,2018-12-20 20:44:31,,drainpunch57450,sniper70774,sniper70774,False,"['Poliwrath', 'Cacturne', 'Misdreavus', 'Rhydon', 'Ampharos', 'Golbat']","['Politoed', 'Electabuzz', 'Xatu', 'Zangoose', 'Cacturne', 'Metang']",18,10,9
gen4nu-1173612679,[Gen 4] NU,2020-08-22 23:43:10,,futuresight13270,quickpowder71749,futuresight13270,False,"['Tauros', 'Sandslash', 'Regirock', 'Victreebel', 'Whiscash', 'Drifblim']","['Sharpedo', 'Medicham', 'Mantine', 'Skuntank', 'Manectric', 'Cradily']",25,12,14
gen4nu-458349564,[Gen 4] NU,2016-10-16 20:10:09,,grovyle46787,electrode23905,electrode23905,False,"['Charizard', 'Luxray', 'Grotle', 'Floatzel', 'Gardevoir', 'Articuno']","['Ampharos', 'Crawdaunt']",16,5,1
smogtours-gen4nu-812184,[Gen 4] NU,2024-12-30 18:15:05,,shinystone44310,mysteryberry83821,shinystone44310,False,"['Charizard', 'Regigigas', 'Nidoqueen', 'Hitmonchan', 'Dusclops', 'Slowking']","['Venomoth', 'Meganium', 'Floatzel', 'Regirock', 'Hitmonchan', 'Skuntank']",64,15,16
gen4nu-963356668,[Gen 4] NU,2019-08-20 20:05:19,,ninetales23624,charmeleon68884,charmeleon68884,False,"['Kecleon', 'Mightyena', 'Shelgon', 'Octillery', 'Solrock', 'Gastly']","['Togetic', 'Staryu', 'Girafarig', 'Lairon', 'Tangela', 'Magmar']",25,8,10
smogtours-gen4nu-678046,[Gen 4] NU,2023-03-04 01:23:59,,stickyhold28665,volbeat92423,stickyhold28665,False,"['Charizard', 'Sandslash', 'Medicham', 'Regirock', 'Skuntank']","['Venomoth', 'Magmortar', 'Gligar', 'Hitmonchan', 'Skuntank', 'Slowking']",15,7,10
gen4nu-799515578,[Gen 4] NU,2018-09-02 02:57:22,,spheal7278,mudkip8641,mudkip8641,False,"['Rapidash', 'Xatu', 'Poliwrath', 'Bellossom', 'Electabuzz', 'Probopass']","['Xatu', 'Poliwrath', 'Marowak', 'Victreebel', 'Electabuzz', 'Glalie']",25,11,14
gen4nu-912509171,[Gen 4] NU,2019-05-19 16:27:07,,pidgeot31794,micleberry6774,micleberry6774,False,"['Kingler', 'Kecleon', 'Luxray', 'Glaceon', 'Tangela', 'Gastly']","['Tropius', 'Pikachu', 'Dusclops', 'Lairon', 'Ariados', 'Slaking']",25,9,9
gen4nu-1152692938,[Gen 4] NU,2020-07-17 07:46:46,,toxic83968,stealthrock63558,toxic83968,False,"['Banette', 'Charizard', 'Rampardos', 'Regice', 'Armaldo', 'Dodrio']","['Magmortar', 'Meganium', 'Tauros', 'Medicham', 'Jynx', 'Probopass']",15,6,5
gen4nu-838884792,[Gen 4] NU,2018-12-21 22:39:45,,swampert50714,gardevoir41806,gardevoir41806,False,"['Poliwrath', 'Mr. Mime', 'Victreebel', 'Electabuzz', 'Rhydon', 'Misdreavus']","['Electabuzz', 'Zangoose', 'Poliwrath', 'Cacturne', 'Metang', 'Misdreavus']",19,7,8
smogtours-gen4nu-810729,[Gen 4] NU,2024-12-16 05:13:07,,weepinbell75190,huntail76319,huntail76319,True,"['Nidoqueen', 'Hitmonchan', 'Dusclops', 'Lickilicky', 'Glalie', 'Articuno']","['Magmortar', 'Tauros', 'Hitmonchan', 'Skuntank', 'Solrock', 'Slowking']",38,12,9
gen4nu-971501615,[Gen 4] NU,2019-09-05 20:38:36,,swampert50714,payday74254,swampert50714,False,"['Lapras', 'Solrock', 'Lairon', 'Sableye', 'Girafarig']","['Lapras', 'Tropius', 'Persian', 'Probopass', 'Magmar', 'Beedrill']",16,4,9
gen4nu-2354967692,[Gen 4] NU,2025-05-01 22:06:16,,passhoberry40569,rhydon28155,rhydon28155,False,"['Sharpedo', 'Magneton', 'Regirock', 'Hitmonchan', 'Slowking', 'Drifblim']","['Politoed', 'Tauros', 'Regirock', 'Skuntank', 'Marowak', 'Drifblim']",27,11,10
smogtours-gen4nu-832035,[Gen 4] NU,2025-04-10 22:02:00,,icywind98531,haunter12630,haunter12630,False,"['Venomoth', 'Tauros', 'Floatzel', 'Gastrodon-East', 'Regirock', 'Skuntank']","['Meganium', 'Ninetales', 'Sandslash', 'Typhlosion', 'Regirock', 'Slowking']",31,16,14
gen4nu-911900179,[Gen 4] NU,2019-05-18 14:59:18,,raikou10663,swampert50714,swampert50714,False,"['Gabite', 'Flareon', 'Pineco', 'Metang', 'Purugly', 'Gastrodon']","['Purugly', 'Rhydon', 'Victreebel', 'Metang']",17,9,4
smogtours-gen4nu-772940,[Gen 4] NU,2024-06-08 18:11:41,,typechange30082,denpowersteel79771,denpowersteel79771,False,"['Sandslash', 'Electrode', 'Hitmonchan', 'Cacturne', 'Jynx', 'Drifblim']","['Vileplume', 'Tauros', 'Regirock', 'Hitmonchan', 'Slowking', 'Drifblim']",28,13,12
gen4nu-925040912,[Gen 4] NU,2019-06-09 13:44:29,,spheal7278,glare38523,spheal7278,False,"['Poliwrath', 'Murkrow', 'Muk', 'Electabuzz', 'Rhydon']","['Raticate', 'Poliwrath', 'Cacturne', 'Muk', 'Rhydon', 'Misdreavus']",25,8,16
gen4nu-1081923466,[Gen 4] NU,2020-03-19 20:39:52,,premierball85719,submission75538,premierball85719,False,"['Nidoqueen', 'Regirock', 'Skuntank', 'Jumpluff', 'Slowking', 'Lickilicky']","['Vileplume', 'Medicham', 'Sandslash', 'Floatzel', 'Skuntank', 'Drifblim']",50,22,23
smogtours-gen4nu-693971,[Gen 4] NU,2023-05-25 19:38:40,,altaria32948,crosschop14357,crosschop14357,False,"['Gligar', 'Medicham', 'Hitmonchan', 'Regirock', 'Skuntank', 'Slowking']","['Sharpedo', 'Charizard', 'Nidoqueen', 'Hitmonchan', 'Gardevoir', 'Cradily']",27,11,7
gen4nu-954717241,[Gen 4] NU,2019-08-03 06:45:26,1000,psn19193,nidoqueen74781,nidoqueen74781,False,"['Seadra', 'Lunatone', 'Mightyena', 'Hitmonchan', 'Jumpluff', 'Persian']","['Charizard', 'Medicham', 'Sandslash', 'Skuntank', 'Jynx', 'Cradily']",35,7,11
gen4nu-2193730708,[Gen 4] NU,2024-09-03 15:29:08,1000,spelltag8256,agility97245,agility97245,False,"['Charizard', 'Vileplume', 'Sandslash', 'Floatzel', 'Skuntank', 'Gardevoir']","['Charizard', 'Tauros', 'Sandslash', 'Poliwrath', 'Jumpluff', 'Grumpig']",33,10,11
gen4nu-688859448,[Gen 4] NU,2018-01-14 20:25:03,,dragonite91052,stickybarb85522,stickybarb85522,True,"['Slowking', 'Regirock']","['Lickilicky', 'Glalie', 'Hitmonchan']",5,1,2
smogtours-gen4nu-676849,[Gen 4] NU,2023-02-23 00:52:40,,stickyhold28665,attract79434,attract79434,False,"['Charizard', 'Poliwrath', 'Regirock', 'Jynx', 'Manectric', 'Drifblim']","['Vileplume', 'Gligar', 'Regirock', 'Skuntank', 'Slowking', 'Ampharos']",23,5,6
gen4nu-2192485440,[Gen 4] NU,2024-09-01 18:59:45,1000,zoomlens5648,roseincense34049,zoomlens5648,False,"['Magmortar', 'Meganium', 'Tauros', 'Golem', 'Skuntank', 'Slowking']","['Charizard', 'Vileplume', 'Sandslash', 'Floatzel', 'Skuntank', 'Gardevoir']",20,8,9
gen4nu-922791660,[Gen 4] NU,2019-06-05 18:50:14,,koffing93492,haunter12630,haunter12630,False,"['Camerupt', 'Sharpedo', 'Medicham', 'Haunter', 'Raichu', 'Glalie']","['Magmortar', 'Sandslash', 'Cacturne', 'Walrein', 'Jynx', 'Drifblim']",18,9,9
smogtours-gen4nu-639923,[Gen 4] NU,2022-07-23 23:24:11,,futuresight13270,mawile36886,mawile36886,False,"['Charizard', 'Medicham', 'Kadabra', 'Skuntank', 'Jumpluff', 'Solrock']","['Tauros', 'Regirock', 'Cacturne', 'Skuntank', 'Slowking', 'Drifblim']",16,8,6
gen4nu-950123290,[Gen 4] NU,2019-07-25 01:33:19,,registeel32051,smoothrock25184,smoothrock25184,False,"['Kecleon', 'Lapras', 'Sudowoodo', 'Flareon', 'Carnivine', 'Fearow']","['Lapras', 'Dusclops', 'Solrock', 'Persian', 'Tangela', 'Yanma']",29,13,11
gen4nu-1092263080,[Gen 4] NU,2020-04-07 00:46:33,,apicotberry87068,recycle46471,recycle46471,False,"['Porygon2', 'Monferno', 'Cacturne', 'Marowak', 'Jynx', 'Misdreavus']","['Wailord', 'Regice', 'Xatu', 'Linoone', 'Relicanth', 'Purugly']",22,8,5
gen4nu-1020330751,[Gen 4] NU,2019-12-01 03:01:51,,shadowball61102,granbull58826,shadowball61102,True,"['Machoke', 'Charizard', 'Sandslash', 'Whiscash', 'Manectric']","['Camerupt', 'Armaldo', 'Exploud', 'Dusclops', 'Cradily', 'Articuno']",20,4,6
smogtours-gen4nu-773133,[Gen 4] NU,2024-06-09 03:40:31,,suicune87392,scopelens90498,scopelens90498,True,"['Charizard', 'Magneton', 'Hitmonchan', 'Skuntank', 'Slowking', 'Cradily']","['Meganium', 'Tauros', 'Regirock', 'Poliwrath', 'Skuntank', 'Sableye']",47,16,17
gen4nu-1084083212,[Gen 4] NU,2020-03-23 19:27:42,,ingrain8034,embargo36493,ingrain8034,False,"['Typhlosion', 'Nidoqueen', 'Hitmonchan', 'Slowking', 'Gardevoir']","['Shiftry', 'Charizard', 'Gligar', 'Sandslash', 'Typhlosion', 'Lickilicky']",15,5,6
gen4nu-2330311177,[Gen 4] NU,2025-03-29 01:16:34,,goldberry53422,closecombat44911,closecombat44911,True,"['Jynx', 'Haunter', 'Regirock', 'Tauros']","['Regirock', 'Cacturne', 'Hitmonchan', 'Dusclops', 'Ampharos', 'Drifblim']",17,4,7
gen4nu-938201613,[Gen 4] NU,2019-07-01 23:24:38,,registeel32051,weedle33343,registeel32051,False,"['Granbull', 'Houndour', 'Solrock', 'Quagsire', 'Diglett', 'Beedrill']","['Kingler', 'Banette', 'Clefairy', 'Persian', 'Lairon', 'Glaceon']",36,18,19
smogtours-gen4nu-793860,[Gen 4] NU,2024-10-02 00:00:02,,quagsire52408,huntail76319,huntail76319,False,"['Camerupt', 'Vileplume', 'Magneton', 'Hitmonchan', 'Slowking', 'Articuno']","['Lapras', 'Sandslash', 'Dusclops', 'Skuntank', 'Lickilicky', 'Cradily']",46,15,13
gen4nu-841436156,[Gen 4] NU,2018-12-28 04:49:37,,rindoberry7399,sandveil87527,rindoberry7399,False,"['Rhydon', 'Glalie', 'Poliwrath', 'Electabuzz']","['Monferno', 'Poliwrath', 'Sneasel', 'Muk', 'Metang', 'Purugly']",18,5,10
gen4nu-780615896,[Gen 4] NU,2018-07-24 19:31:37,,leafguard31516,togekiss35724,togekiss35724,True,"['Medicham', 'Magneton', 'Hitmonchan', 'Dodrio', 'Cradily']","['Venomoth', 'Sandslash', 'Regirock', 'Cacturne', 'Dusclops']",18,5,5
gen4nu-941243980,[Gen 4] NU,2019-07-07 22:16:19,,illuminate37247,waterveil31661,illuminate37247,False,"['Rapidash', 'Grotle', 'Armaldo', 'Gastrodon-East', 'Electabuzz']","['Kadabra', 'Marowak', 'Muk', 'Probopass', 'Glaceon', 'Glalie']",17,6,8
gen4nu-933859010,[Gen 4] NU,2019-06-24 03:20:10,,transform65474,adaptability26680,transform65474,False,"['Banette', 'Raticate', 'Solrock', 'Persian', 'Diglett', 'Fearow']","['Lapras', 'Dunsparce', 'Shelgon', 'Dusclops', 'Mankey', 'Swalot']",22,10,9
smogtours-gen4nu-605440,[Gen 4] NU,2022-01-29 20:23:08,,futuresight13270,koffing93492,koffing93492,False,"['Nidoqueen', 'Hitmonchan', 'Cacturne', 'Dusclops', 'Slowking', 'Lickilicky']","['Politoed', 'Vileplume', 'Sandslash', 'Regirock', 'Sableye', 'Lickilicky']",61,22,17
gen4nu-977951349,[Gen 4] NU,2019-09-18 14:39:13,,haunter12630,swampert50714,swampert50714,False,"['Bibarel', 'Staryu', 'Probopass', 'Glaceon', 'Grovyle', 'Magmar']","['Exploud', 'Meditite', 'Persian', 'Quagsire', 'Probopass', 'Gastly']",23,7,10
gen4nu-2187783296,[Gen 4] NU,2024-08-25 23:55:31,,enpowerflying50766,bellsprout54185,enpowerflying50766,False,"['Tauros', 'Hitmonchan', 'Regirock', 'Jynx', 'Drapion']","['Bibarel', 'Porygon2', 'Haunter', 'Cacturne', 'Jynx', 'Drapion']",25,8,8
gen4nu-838403222,[Gen 4] NU,2018-12-20 21:31:52,,levitate42349,choicespecs43511,choicespecs43511,False,"['Xatu', 'Monferno', 'Gastrodon-East', 'Electabuzz', 'Probopass', 'Misdreavus']","['Rapidash', 'Metang', 'Marowak', 'Pelipper', 'Victreebel', 'Electabuzz']",18,10,11
smogtours-gen4nu-787975,[Gen 4] NU,2024-08-30 04:40:08,,suicune87392,confusion41299,confusion41299,False,"['Gligar', 'Floatzel', 'Hitmonchan', 'Slowking', 'Drapion', 'Drifblim']","['Sharpedo', 'Vileplume', 'Nidoking', 'Entei', 'Regirock', 'Slowking']",38,12,13
smogtours-gen4nu-561947,[Gen 4] NU,2021-05-23 19:47:29,,seedflare81285,immunity29573,seedflare81285,True,"['Venomoth', 'Lapras', 'Tauros', 'Regirock', 'Cacturne', 'Dusclops']","['Regirock', 'Cacturne', 'Hitmonchan', 'Marowak', 'Regigigas', 'Slowking']",25,9,13
smogtours-gen4nu-503266,[Gen 4] NU,2020-05-24 21:06:26,,heartswap84662,stench25210,heartswap84662,False,"['Sharpedo', 'Vileplume', 'Regirock', 'Lickilicky', 'Drifblim']","['Vileplume', 'Medicham', 'Regirock', 'Haunter', 'Skuntank', 'Slowking']",20,6,10
gen4nu-899064438,[Gen 4] NU,2019-04-25 20:58:39,,waveincense13917,passhoberry12265,waveincense13917,False,"['Haunter', 'Hitmonchan', 'Regirock', 'Jynx', 'Skuntank', 'Manectric']","['Charizard', 'Vileplume', 'Sandslash', 'Floatzel', 'Skuntank', 'Gardevoir']",24,8,7
gen4nu-2195125086,[Gen 4] NU,2024-09-05 14:49:47,1000,magnetrise14372,charmeleon22366,magnetrise14372,True,"['Camerupt', 'Gardevoir', 'Dusclops', 'Slowking']","['Wailord', 'Luxray', 'Butterfree', 'Hitmonchan', 'Skuntank']",15,4,8
smogtours-gen4nu-444163,[Gen 4] NU,2019-05-30 18:59:19,,koffing93492,airslash47650,koffing93492,True,"['Magneton', 'Solrock', 'Haunter']","['Shiftry', 'Charizard', 'Sandslash', 'Solrock', 'Linoone', 'Gardevoir']",19,4,6
gen4nu-2193014812,[Gen 4] NU,2024-09-02 14:52:57,1037,arcanine2352,zoomlens5648,zoomlens5648,False,"['Magmortar', 'Lapras', 'Rampardos', 'Drifblim', 'Regigigas', 'Articuno']","['Magmortar', 'Tauros', 'Golem', 'Skuntank', 'Slowking']",15,5,4
gen4nu-921083088,[Gen 4] NU,2019-06-02 22:18:42,,gastrodon85765,mindreader27217,mindreader27217,False,"['Lapras', 'Vileplume', 'Charizard', 'Regirock', 'Hitmonchan', 'Sneasel']","['Charizard', 'Medicham', 'Regirock', 'Walrein', 'Exploud', 'Hitmonchan']",18,6,5
smogtours-gen4nu-596066,[Gen 4] NU,2021-12-04 21:33:37,,firefang57338,rockpolish84152,rockpolish84152,False,"['Sharpedo', 'Tauros', 'Regirock', 'Cacturne', 'Slowking', 'Drifblim']","['Rhydon', 'Hitmonchan', 'Regirock', 'Skuntank', 'Slowking', 'Articuno']",23,9,9
gen4nu-964435125,[Gen 4] NU,2019-08-22 21:43:56,,luvdisc61803,thrash80465,thrash80465,False,"['Flareon', 'Solrock', 'Quagsire', 'Tangela', 'Beedrill', 'Slaking']","['Luxray', 'Clefairy', 'Probopass', 'Tangela', 'Fearow', 'Gastly']",33,19,18
smogtours-gen4nu-776678,[Gen 4] NU,2024-06-24 17:43:59,,typechange30082,denpowersteel79771,typechange30082,True,"['Nidoqueen', 'Hitmonchan', 'Cacturne']","['Politoed', 'Nidoqueen', 'Manectric', 'Relicanth', 'Drifblim']",11,3,6
gen4nu-2196453093,[Gen 4] NU,2024-09-07 12:50:40,1052,camouflage32433,spelltag8256,camouflage32433,False,"['Tauros', 'Medicham', 'Magneton', 'Sandslash', 'Skuntank', 'Slowking']","['Charizard', 'Vileplume', 'Sandslash', 'Floatzel', 'Skuntank', 'Gardevoir']",24,8,8
smogtours-gen4nu-702407,[Gen 4] NU,2023-07-10 01:00:35,,rotom15770,wooper24132,wooper24132,False,"['Electrode', 'Hitmonchan', 'Skuntank', 'Slowking', 'Cradily', 'Drifblim']","['Venomoth', 'Meganium', 'Floatzel', 'Regirock', 'Hitmonchan']",23,8,7
gen4nu-1093496181,[Gen 4] NU,2020-04-09 03:17:57,,rindoberry7399,liechiberry37967,liechiberry37967,False,"['Lapras', 'Sudowoodo', 'Seviper', 'Persian', 'Tangela', 'Slaking']","['Kingler', 'Persian', 'Sableye', 'Probopass', 'Tangela', 'Gastly']",48,14,9
gen4nu-934743686,[Gen 4] NU,2019-06-25 17:22:34,,adaptability15938,gengarmega66742,adaptability15938,False,"['Politoed', 'Flareon', 'Dusclops', 'Persian', 'Lairon', 'Diglett']","['Politoed', 'Banette', 'Slaking', 'Lairon', 'Diglett', 'Yanma']",25,13,12
smogtours-gen4nu-712991,[Gen 4] NU,2023-08-29 20:21:18,,chlorophyll28494,rotomfan35023,rotomfan35023,True,"['Vileplume', 'Sandslash', 'Regirock', 'Sableye', 'Lickilicky']","['Manectric', 'Vileplume', 'Regirock', 'Gligar']",26,11,8
gen4nu-1157923226,[Gen 4] NU,2020-07-26 10:53:11,,tackle81796,clearbody66075,tackle81796,False,"['Charizard', 'Vileplume', 'Sandslash', 'Floatzel', 'Skuntank', 'Gardevoir']","['Vileplume', 'Floatzel', 'Nidoqueen', 'Rhydon', 'Gardevoir', 'Drifblim']",21,10,11
smogtours-gen4nu-776800,[Gen 4] NU,2024-06-26 16:40:53,,koffing93492,rotom15770,rotom15770,False,"['Regirock', 'Skuntank', 'Linoone', 'Gastrodon', 'Glalie', 'Drifblim']","['Machoke', 'Hitmonchan', 'Skuntank', 'Slowking', 'Cradily', 'Drifblim']",19,7,5
gen4nu-2185097017,[Gen 4] NU,2024-08-22 01:39:20,,weepinbell75190,mew49755,mew49755,False,"['Medicham', 'Nidoqueen', 'Hitmonchan', 'Cacturne', 'Haunter', 'Slowking']","['Charizard', 'Magneton', 'Hitmonchan', 'Skuntank', 'Slowking', 'Cradily']",20,7,6
smogtours-gen4nu-695440,[Gen 4] NU,2023-06-03 22:07:00,,wooper24132,rotomfan35023,wooper24132,False,"['Shiftry', 'Charizard', 'Regirock', 'Hitmonchan', 'Victreebel', 'Purugly']","['Charizard', 'Vileplume', 'Hitmonchan', 'Regirock', 'Manectric', 'Slowking']",18,5,11
gen4nu-840696468,[Gen 4] NU,2018-12-26 13:36:00,,pidgeot31794,psybeam14379,pidgeot31794,False,"['Politoed', 'Combusken', 'Persian', 'Diglett', 'Tangela', 'Gastly']","['Pidgeot', 'Wartortle', 'Clefairy', 'Pikachu', 'Swalot', 'Tangela']",37,20,18
gen4nu-1125846199,[Gen 4] NU,2020-06-03 05:42:51,,gallade6532,quickpowder71749,quickpowder71749,False,"['Sharpedo', 'Porygon2', 'Hitmonchan', 'Golem', 'Dusclops', 'Gardevoir']","['Shiftry', 'Tauros', 'Nidoqueen', 'Poliwrath', 'Regirock', 'Drifblim']",29,13,10
gen4nu-1172854274,[Gen 4] NU,2020-08-21 16:47:59,,spoink89835,mail79545,mail79545,True,"['Lapras', 'Armaldo', 'Dragonair', 'Muk', 'Purugly', 'Magmar']","['Golduck', 'Banette', 'Metang', 'Purugly', 'Glalie']",19,8,9
smogtours-gen4nu-374069,[Gen 4] NU,2018-05-05 21:12:39,,focussash20735,thunderpunch64813,thunderpunch64813,False,"['Tauros', 'Regirock', 'Haunter', 'Jynx', 'Manectric', 'Slowking']","['Lapras', 'Charizard', 'Vileplume', 'Hitmonchan', 'Regirock', 'Sneasel']",27,12,8
gen4nu-830728344,[Gen 4] NU,2018-11-05 03:51:30,,weedle33343,mudkip8641,weedle33343,False,"['Rapidash', 'Grotle', 'Armaldo', 'Kadabra', 'Poliwrath', 'Purugly']","['Armaldo', 'Pelipper', 'Electabuzz', 'Purugly', 'Swalot', 'Glaceon']",23,9,10
gen4nu-2371675484,[Gen 4] NU,2025-05-25 17:32:27,,shieldon73906,powerherb71726,powerherb71726,False,"['Camerupt', 'Tauros', 'Medicham', 'Marowak', 'Solrock', 'Gardevoir']","['Lapras', 'Vileplume', 'Charizard', 'Regirock', 'Hitmonchan', 'Sneasel']",25,7,8
gen4nu-1124292847,[Gen 4] NU,2020-05-31 12:05:32,,altaria32948,feraligatr69644,altaria32948,False,"['Sandslash', 'Floatzel', 'Typhlosion', 'Regirock', 'Cacturne', 'Drifblim']","['Charizard', 'Vileplume', 'Sandslash', 'Floatzel', 'Skuntank', 'Gardevoir']",24,10,9
gen4nu-938205420,[Gen 4] NU,2019-07-01 23:40:03,,wailmer43107,leppaberry32170,leppaberry32170,False,"['Granbull', 'Lapras', 'Dusclops', 'Solrock', 'Persian', 'Tangela']","['Raticate', 'Persian', 'Quagsire', 'Lairon', 'Tangela', 'Gastly']",24,11,11
smogtours-gen4nu-666739,[Gen 4] NU,2022-12-30 23:18:46,,spikecannon97564,mawile36886,mawile36886,False,"['Tauros', 'Medicham', 'Floatzel', 'Haunter', 'Cacturne', 'Regirock']","['Shiftry', 'Tauros', 'Regirock', 'Hitmonchan', 'Jynx']",17,8,4
smogtours-gen4nu-844098,[Gen 4] NU,2025-05-18 21:29:00,,chinchou17063,stench25210,chinchou17063,False,"['Shiftry', 'Tauros', 'Poliwrath', 'Regirock', 'Slowking', 'Misdreavus']","['Charizard', 'Regirock', 'Poliwrath', 'Hitmonchan', 'Skuntank', 'Gardevoir']",34,15,16
gen4nu-914480936,[Gen 4] NU,2019-05-22 21:10:05,,stomp9436,haunter12630,haunter12630,False,"['Camerupt', 'Tauros', 'Medicham', 'Marowak', 'Solrock', 'Gardevoir']","['Magneton', 'Sandslash', 'Regirock', 'Cacturne', 'Slowking', 'Drifblim']",31,15,11
gen4nu-826345106,[Gen 4] NU,2018-11-26 04:26:18,,gardevoir41806,rindoberry7399,rindoberry7399,False,"['Golduck', 'Zangoose', 'Electabuzz', 'Rhydon', 'Glaceon', 'Misdreavus']","['Xatu', 'Armaldo', 'Poliwrath', 'Muk', 'Probopass']",35,17,14
smogtours-gen4nu-712656,[Gen 4] NU,2023-08-27 19:22:05,,victreebel55835,innerfocus97582,innerfocus97582,False,"['Vileplume', 'Medicham', 'Regirock', 'Skuntank', 'Manectric', 'Drifblim']","['Magmortar', 'Charizard', 'Hitmonchan', 'Regirock', 'Skuntank', 'Whiscash']",18,9,7
gen4nu-451317712,[Gen 4] NU,2016-10-05 16:26:38,,stickybarb85522,plus25438,plus25438,True,"['Tauros', 'Magneton', 'Nidoqueen', 'Hitmonchan', 'Slowking']","['Haunter', 'Manectric', 'Rhydon', 'Glalie', 'Drifblim']",18,7,5
smogtours-gen4nu-583535,[Gen 4] NU,2021-10-03 15:08:26,,futuresight13270,lusterpurge99010,futuresight13270,False,"['Shiftry', 'Medicham', 'Typhlosion', 'Regirock', 'Skuntank', 'Drifblim']","['Charizard', 'Vileplume', 'Sandslash', 'Floatzel', 'Skuntank', 'Gardevoir']",25,13,10
gen4nu-2200366343,[Gen 4] NU,2024-09-12 22:11:54,1027,growl5652,skitty85915,growl5652,True,"['Charizard', 'Hitmonchan', 'Mawile', 'Skuntank', 'Pikachu', 'Cradily']","['Lapras', 'Charizard', 'Vileplume', 'Hitmonchan', 'Regirock', 'Sneasel']",29,10,8
smogtours-gen4nu-605531,[Gen 4] NU,2022-01-29 22:07:35,,futuresight13270,mawile36886,mawile36886,False,"['Porygon2', 'Regirock', 'Skuntank', 'Hypno', 'Gardevoir', 'Drifblim']","['Golduck', 'Meganium', 'Hitmonchan', 'Golem', 'Skuntank']",20,10,8
gen4nu-2354979169,[Gen 4] NU,2025-05-01 22:26:40,,stealthrock30034,rhydon28155,rhydon28155,False,"['Politoed', 'Tauros', 'Regirock', 'Marowak', 'Skuntank', 'Drifblim']","['Politoed', 'Tauros', 'Regirock', 'Marowak', 'Drifblim']",13,5,4
gen4nu-746349842,[Gen 4] NU,2018-05-12 16:46:33,,confuseray79669,helpinghand5216,helpinghand5216,False,"['Machoke', 'Poliwrath', 'Cacturne', 'Rhydon', 'Misdreavus', 'Golbat']","['Metang', 'Pelipper', 'Misdreavus', 'Electabuzz']",16,7,6
smogtours-gen4nu-457981,[Gen 4] NU,2019-09-22 17:32:44,,stoneplate37213,shadowclaw51134,stoneplate37213,True,"['Sandslash', 'Regirock', 'Hitmonchan', 'Skuntank', 'Slowking', 'Articuno']","['Typhlosion', 'Nidoqueen', 'Hitmonchan', 'Skuntank', 'Slowking', 'Gardevoir']",35,15,12
gen4nu-863480023,[Gen 4] NU,2019-02-16 16:28:04,,pidgeot31794,liechiberry37967,pidgeot31794,False,"['Kingler', 'Kecleon', 'Luxray', 'Glaceon', 'Tangela', 'Gastly']","['Bibarel', 'Granbull', 'Pidgeot', 'Quagsire', 'Tangela', 'Gastly']",22,7,9
gen4nu-783175144,[Gen 4] NU,2018-07-30 00:00:15,,wikiberry84439,beedrill11673,wikiberry84439,False,"['Magmortar', 'Regirock', 'Hitmonchan', 'Skuntank', 'Whiscash']","['Vileplume', 'Charizard', 'Sandslash', 'Floatzel', 'Skuntank', 'Gardevoir']",16,5,7
smogtours-gen4nu-664238,[Gen 4] NU,2022-12-10 15:08:04,,ninjask76302,mawile36886,ninjask76302,False,"['Charizard', 'Hitmonchan', 'Skuntank', 'Quagsire', 'Manectric', 'Cradily']","['Sharpedo', 'Rhydon', 'Tauros', 'Skuntank', 'Slowking', 'Drifblim']",32,11,10
gen4nu-2197966455,[Gen 4] NU,2024-09-09 17:38:22,1058,spelltag8256,odorsleuth68844,odorsleuth68844,False,"['Charizard', 'Vileplume', 'Sandslash', 'Floatzel', 'Skuntank']","['Charizard', 'Tauros', 'Regirock', 'Skuntank', 'Manectric', 'Lickilicky']",15,8,7
gen4nu-929992409,[Gen 4] NU,2019-06-17 18:22:42,,wailmer43107,rawstberry57157,wailmer43107,False,"['Raticate', 'Exploud', 'Solrock', 'Persian', 'Tangela']","['Solrock', 'Pupitar', 'Tangela', 'Lopunny', 'Gastly', 'Yanma']",24,10,9
smogtours-gen4nu-784614,[Gen 4] NU,2024-08-07 17:44:05,,rawstberry17405,exploud62674,exploud62674,False,"['Sharpedo', 'Ludicolo', 'Regirock', 'Hitmonchan', 'Haunter', 'Drapion']","['Sharpedo', 'Exeggutor', 'Entei', 'Regirock', 'Haunter', 'Miltank']",20,10,8
gen4nu-919359577,[Gen 4] NU,2019-05-30 23:31:27,,payday74254,houndour54582,payday74254,False,"['Flareon', 'Dusclops', 'Wartortle', 'Lairon', 'Tangela']","['Lunatone', 'Granbull', 'Octillery', 'Dusclops', 'Clefairy', 'Carnivine']",36,10,13
gen4nu-847973533,[Gen 4] NU,2019-01-12 20:04:17,,spikes30756,pidgeot31794,pidgeot31794,False,"['Yanma', 'Raticate', 'Baltoy', 'Quagsire', 'Chatot', 'Abra']","['Kecleon', 'Dusclops', 'Solrock', 'Clamperl', 'Tangela']",20,7,5
smogtours-gen4nu-775096,[Gen 4] NU,2024-06-16 17:53:23,,thunderwave9074,nidorina72636,thunderwave9074,False,"['Rhydon', 'Magneton', 'Skuntank', 'Slowking', 'Glalie', 'Drifblim']","['Charizard', 'Floatzel', 'Hitmonchan', 'Golem', 'Skuntank', 'Ampharos']",19,7,8
smogtours-gen4nu-788513,[Gen 4] NU,2024-09-01 15:08:54,,bibarel19063,whiscash23671,bibarel19063,False,"['Shiftry', 'Exeggutor', 'Typhlosion', 'Regirock', 'Persian', 'Gardevoir']","['Exeggutor', 'Tauros', 'Regirock', 'Hitmonchan', 'Slowking', 'Drapion']",27,7,12
smogtours-gen4nu-568849,[Gen 4] NU,2021-07-02 19:19:25,,slowking28210,seedflare81285,slowking28210,False,"['Venomoth', 'Charizard', 'Sandslash', 'Floatzel', 'Skuntank', 'Slowking']","['Politoed', 'Vileplume', 'Sandslash', 'Regirock', 'Sableye', 'Lickilicky']",63,25,22
gen4nu-457133281,[Gen 4] NU,2016-10-14 22:28:11,,angaskhanmega11936,custapberry71278,angaskhanmega11936,True,"['Slowking', 'Gligar', 'Dusclops', 'Lickilicky', 'Roselia']","['Regice', 'Torkoal', 'Electrode', 'Mantine', 'Golem', 'Grumpig']",41,13,15
gen4nu-934339718,[Gen 4] NU,2019-06-24 23:17:03,,chartiberry95074,weedle33343,chartiberry95074,True,"['Politoed', 'Diglett', 'Lairon', 'Yanma']","['Kingler', 'Banette', 'Clefairy', 'Persian', 'Lairon', 'Glaceon']",19,5,10
gen4nu-2205963611,[Gen 4] NU,2024-09-20 17:06:27,1260,growl5652,odorsleuth68844,odorsleuth68844,False,"['Charizard', 'Hitmonchan', 'Mawile', 'Skuntank', 'Pikachu', 'Cradily']","['Magmortar', 'Tauros', 'Nidoqueen', 'Regirock', 'Slowking']",24,12,9
gen4nu-804895999,[Gen 4] NU,2018-09-13 01:54:30,,bulletpunch16030,spheal7278,spheal7278,False,"['Golduck', 'Machoke', 'Rapidash', 'Bellossom', 'Metang', 'Misdreavus']","['Cacturne', 'Sneasel', 'Dusclops', 'Electabuzz', 'Rhydon', 'Beedrill']",35,10,12
smogtours-gen4nu-639549,[Gen 4] NU,2022-07-21 21:52:02,,haunter12630,mawile36886,mawile36886,False,"['Shiftry', 'Vileplume', 'Medicham', 'Regirock', 'Slowking', 'Ampharos']","['Shiftry', 'Tauros', 'Nidoqueen', 'Regirock', 'Hitmonchan', 'Slowking']",21,9,10
gen4nu-934223792,[Gen 4] NU,2019-06-24 19:37:12,,liechiberry37967,powertrick12892,liechiberry37967,False,"['Kingler', 'Lapras', 'Raticate', 'Solrock', 'Swalot', 'Tangela']","['Kecleon', 'Lapras', 'Pineco', 'Mawile', 'Persian', 'Gastly']",34,14,13
gen4nu-2327010747,[Gen 4] NU,2025-03-24 19:24:51,,outrage46997,gastly57717,outrage46997,False,"['Charizard', 'Vileplume', 'Floatzel', 'Hitmonchan', 'Regirock', 'Skuntank']","['Hitmonchan', 'Golem', 'Skuntank', 'Slowking', 'Ampharos', 'Drifblim']",17,8,10
smogtours-gen4nu-598811,[Gen 4] NU,2021-12-20 01:29:40,,tyranitar56327,rockpolish84152,rockpolish84152,False,"['Sharpedo', 'Regirock', 'Cacturne', 'Haunter', 'Manectric', 'Drifblim']","['Charizard', 'Tauros', 'Sandslash', 'Slowking', 'Cradily']",25,7,5
smogtours-gen4nu-559312,[Gen 4] NU,2021-05-02 21:11:38,,koffing93492,magiccoat60734,koffing93492,False,"['Pinsir', 'Muk', 'Shiftry', 'Quagsire']","['Sharpedo', 'Tauros', 'Regirock', 'Hitmonchan', 'Gardevoir', 'Drifblim']",20,4,9
smogtours-gen4nu-693919,[Gen 4] NU,2023-05-25 00:20:33,,rotom15770,rotomfan35023,rotomfan35023,False,"['Rhydon', 'Floatzel', 'Hitmonchan', 'Skuntank', 'Slowking', 'Drifblim']","['Tauros', 'Haunter', 'Regirock', 'Jynx', 'Manectric', 'Slowking']",29,13,13
gen4nu-449755665,[Gen 4] NU,2016-10-03 02:28:05,,curse93563,frenzyplant84713,curse93563,False,"['Charizard', 'Tauros', 'Nidoqueen', 'Hitmonchan', 'Jynx', 'Gardevoir']","['Miltank', 'Dugtrio', 'Alakazam', 'Drapion', 'Swellow', 'Blastoise']",16,7,7
gen4nu-951926656,[Gen 4] NU,2019-07-28 17:51:35,,blastoise29791,covet64378,blastoise29791,True,"['Raticate', 'Lairon', 'Ariados', 'Diglett', 'Gastly', 'Abra']","['Pidgeot', 'Huntail', 'Wartortle', 'Lairon', 'Pikachu', 'Diglett']",23,8,8
gen4nu-753596314,[Gen 4] NU,2018-05-27 14:55:53,,magikarp87134,croconaw49522,croconaw49522,False,"['Meganium', 'Tauros', 'Medicham', 'Magneton', 'Regirock', 'Dusclops']","['Wormadam-Trash', 'Medicham', 'Sandslash', 'Typhlosion', 'Skuntank', 'Slowking']",26,12,11
gen4nu-1156536921,[Gen 4] NU,2020-07-23 21:24:53,,xscissor99781,quickfeet30440,xscissor99781,False,"['Gorebyss', 'Torkoal', 'Mr. Mime', 'Persian', 'Diglett', 'Relicanth']","['Politoed', 'Armaldo', 'Bellossom', 'Whiscash', 'Electabuzz', 'Purugly']",33,13,12
gen4nu-958249425,[Gen 4] NU,2019-08-10 16:03:48,,wailmer43107,camouflage37346,camouflage37346,False,"['Lopunny', 'Solrock', 'Probopass', 'Tangela', 'Beedrill', 'Gastly']","['Pineco', 'Seviper', 'Persian', 'Girafarig', 'Gastly']",19,13,7
gen4nu-840728463,[Gen 4] NU,2018-12-26 15:27:54,,waterveil53989,transform65474,transform65474,False,"['Kingler', 'Raticate', 'Graveler', 'Solrock', 'Pikachu', 'Gastly']","['Kingler', 'Lunatone', 'Sudowoodo', 'Flareon', 'Exploud', 'Persian']",25,9,9
smogtours-gen4nu-333263,[Gen 4] NU,2017-11-28 00:15:31,,diglett80748,snowcloak12044,diglett80748,True,"['Poliwrath', 'Mr. Mime', 'Muk', 'Sableye', 'Rhydon']","['Purugly', 'Misdreavus', 'Poliwrath', 'Metang']",25,9,6
gen4nu-758431576,[Gen 4] NU,2018-06-06 12:17:49,,unaware14990,haunter12630,haunter12630,False,"['Wailord', 'Shiftry', 'Regirock', 'Skuntank', 'Lickilicky', 'Drifblim']","['Shiftry', 'Magneton', 'Sandslash', 'Regirock', 'Slowking', 'Drifblim']",28,9,11
smogtours-gen4nu-401094,[Gen 4] NU,2018-09-29 21:28:08,,futuresight13270,dreameater13126,futuresight13270,False,"['Porygon2', 'Crawdaunt', 'Haunter']","['Camerupt', 'Tauros', 'Nidoqueen', 'Cacturne', 'Slowking', 'Drifblim']",12,2,8
gen4nu-1075851723,[Gen 4] NU,2020-03-09 01:27:16,,lanturn24150,seedflare81285,seedflare81285,False,"['Machoke', 'Charizard', 'Sandslash', 'Jumpluff', 'Whiscash', 'Manectric']","['Tauros', 'Medicham', 'Regirock', 'Haunter', 'Skuntank', 'Slowking']",20,8,8
smogtours-gen4nu-666943,[Gen 4] NU,2023-01-02 00:13:40,,wooper24132,willowisp64187,willowisp64187,False,"['Shiftry', 'Gligar', 'Magneton', 'Floatzel', 'Regirock', 'Gardevoir']","['Gastrodon-East', 'Haunter', 'Regirock', 'Cacturne', 'Skuntank', 'Linoone']",15,7,5
gen4nu-954872316,[Gen 4] NU,2019-08-03 16:29:03,,fly68637,spelltag25803,fly68637,False,"['Camerupt', 'Monferno', 'Mantine', 'Victreebel', 'Purugly', 'Glalie']","['Camerupt', 'Mantine', 'Muk', 'Electabuzz', 'Purugly', 'Misdreavus']",23,11,9
gen4nu-838373485,[Gen 4] NU,2018-12-20 20:19:29,,victreebel40098,primeape44772,primeape44772,True,"['Charizard', 'Tauros', 'Floatzel', 'Regirock', 'Lickilicky', 'Gardevoir']","['Magmortar', 'Regirock', 'Hitmonchan', 'Skuntank', 'Whiscash']",16,7,6
gen4nu-2196451171,[Gen 4] NU,2024-09-07 12:43:15,1000,spelltag8256,woodhammer71099,spelltag8256,False,"['Vileplume', 'Charizard', 'Sandslash', 'Floatzel', 'Skuntank', 'Gardevoir']","['Regice', 'Shedinja', 'Kadabra', 'Floatzel', 'Regigigas', 'Slaking']",17,5,8
gen4nu-976552579,[Gen 4] NU,2019-09-15 20:50:40,,denpowersteel79771,mentalherb28142,denpowersteel79771,False,"['Banette', 'Sudowoodo', 'Quagsire', 'Grotle', 'Persian', 'Pikachu']","['Walrein', 'Clefairy', 'Solrock', 'Diglett', 'Tangela', 'Gastly']",24,9,9
smogtours-gen4nu-769004,[Gen 4] NU,2024-05-19 09:17:27,,needlearm25079,honeygather76267,needlearm25079,True,"['Meganium', 'Tauros', 'Regirock', 'Skuntank', 'Slowking', 'Ampharos']","['Vileplume', 'Magneton', 'Floatzel', 'Regirock', 'Skuntank', 'Electabuzz']",35,8,10
gen4nu-723371081,[Gen 4] NU,2018-03-25 21:35:16,,wormadam14777,persian55956,persian55956,True,"['Vileplume', 'Sandslash', 'Medicham', 'Regirock', 'Slowking', 'Articuno']","['Regirock', 'Haunter', 'Hitmonchan', 'Jynx', 'Skuntank']",26,13,5
gen4nu-2194151924,[Gen 4] NU,2024-09-04 03:52:02,1000,magnezone70481,magicguard53250,magicguard53250,False,"['Bibarel', 'Wailord', 'Hitmonchan', 'Gardevoir', 'Glalie', 'Cradily']","['Pinsir', 'Kecleon', 'Wigglytuff', 'Haunter']",22,7,3
gen4nu-2127712076,[Gen 4] NU,2024-05-21 20:18:35,,aeroblast89299,skullbash80875,skullbash80875,False,"['Tauros', 'Medicham', 'Sandslash', 'Magneton', 'Skuntank', 'Slowking']","['Charizard', 'Haunter', 'Regirock', 'Jynx', 'Skuntank']",21,11,8
gen4nu-941149565,[Gen 4] NU,2019-07-07 18:51:39,,levitate42349,soundproof93578,soundproof93578,False,"['Xatu', 'Gastrodon-East', 'Monferno', 'Electabuzz', 'Probopass', 'Misdreavus']","['Poliwrath', 'Mr. Mime', 'Muk', 'Sableye', 'Rhydon', 'Lickilicky']",25,9,12
smogtours-gen4nu-833110,[Gen 4] NU,2025-04-13 05:09:04,,extrasensory76435,denpowersteel79771,denpowersteel79771,False,"['Shiftry', 'Floatzel', 'Regirock', 'Hitmonchan', 'Dusclops', 'Raichu']","['Sharpedo', 'Meganium', 'Tauros', 'Regirock', 'Dusclops', 'Skuntank']",41,19,20
gen4nu-1112324061,[Gen 4] NU,2020-05-10 20:52:25,,arceuspoison70483,powerwhip99096,arceuspoison70483,False,"['Entei', 'Armaldo', 'Mantine', 'Dodrio', 'Espeon', 'Tangela']","['Charizard', 'Zangoose', 'Dragonair', 'Chatot', 'Gardevoir', 'Articuno']",27,6,5
gen4nu-829039798,[Gen 4] NU,2018-11-01 20:16:14,,razorclaw45399,luxuryball92459,razorclaw45399,False,"['Shiftry', 'Tauros', 'Typhlosion', 'Regirock', 'Jumpluff', 'Victreebel']","['Gabite', 'Charizard', 'Magneton', 'Hitmonchan', 'Sneasel', 'Slowking']",22,8,7
gen4nu-1172817905,[Gen 4] NU,2020-08-21 15:32:37,,wormadamtrash59670,mail79545,wormadamtrash59670,False,"['Glaceon', 'Gabite', 'Torkoal', 'Purugly', 'Roselia', 'Misdreavus']","['Machoke', 'Xatu', 'Bellossom', 'Marowak', 'Relicanth', 'Ampharos']",28,10,9
gen4nu-2263022232,[Gen 4] NU,2024-12-14 19:33:29,,needlearm59980,swampert50714,swampert50714,False,"['Nidoqueen', 'Regirock', 'Hitmonchan', 'Skuntank', 'Slowking', 'Drifblim']","['Skuntank', 'Nidoqueen', 'Magneton']",17,8,3
smogtours-gen4nu-691810,[Gen 4] NU,2023-05-08 21:19:50,,spikecannon97564,lusterpurge99010,spikecannon97564,False,"['Vileplume', 'Gligar', 'Regirock', 'Skuntank', 'Slowking', 'Ampharos']","['Haunter', 'Hitmonchan', 'Regirock', 'Cacturne', 'Manectric', 'Slowking']",30,13,11
gen4nu-2197642163,[Gen 4] NU,2024-09-09 06:26:08,1179,odorsleuth68844,bulkup42567,bulkup42567,True,"['Regirock', 'Jynx', 'Skuntank', 'Manectric', 'Lickilicky']","['Typhlosion', 'Regirock', 'Victreebel', 'Persian', 'Hypno']",19,9,5
smogtours-gen4nu-717460,[Gen 4] NU,2023-09-17 22:29:32,,hypervoice57448,sniper70774,hypervoice57448,False,"['Camerupt', 'Hitmonchan', 'Poliwrath', 'Skuntank', 'Drifblim']","['Gligar', 'Tauros', 'Magneton', 'Floatzel', 'Hitmonchan', 'Skuntank']",16,6,6
gen4nu-973538991,[Gen 4] NU,2019-09-09 22:10:56,,swampert50714,rindoberry379,rindoberry379,True,"['Kingler', 'Banette', 'Persian', 'Lairon']","['Lapras', 'Persian', 'Sableye', 'Diglett', 'Beedrill']",11,3,4
gen4nu-727140367,[Gen 4] NU,2018-04-02 21:11:27,,golem93168,healingwish71319,healingwish71319,False,"['Tauros', 'Haunter', 'Manectric', 'Rhydon', 'Glalie', 'Drifblim']","['Charizard', 'Vileplume', 'Hitmonchan', 'Regirock', 'Sneasel']",18,9,6
gen4nu-910899137,[Gen 4] NU,2019-05-16 20:36:17,,raikou10663,swampert50714,swampert50714,False,"['Xatu', 'Octillery', 'Dusclops', 'Marowak', 'Solrock', 'Lopunny']","['Victreebel', 'Metang', 'Purugly', 'Rhydon', 'Lickilicky']",30,10,6
smogtours-gen4nu-664713,[Gen 4] NU,2022-12-11 22:47:33,,azumarill79029,spikecannon97564,azumarill79029,True,"['Politoed', 'Vileplume', 'Sandslash', 'Regirock', 'Sableye', 'Lickilicky']","['Tauros', 'Medicham', 'Regirock', 'Dusclops', 'Manectric', 'Slowking']",75,19,23
smogtours-gen4nu-811487,[Gen 4] NU,2024-12-22 22:13:25,,crosschop14357,denpowerwater91914,denpowerwater91914,False,"['Charizard', 'Regice', 'Hitmonchan', 'Skuntank', 'Gastrodon', 'Cradily']","['Slowking', 'Nidoqueen', 'Ampharos', 'Hitmonchan']",28,11,12
gen4nu-965484442,[Gen 4] NU,2019-08-24 22:37:02,,micleberry95900,mentalherb28142,mentalherb28142,False,"['Banette', 'Plusle', 'Stantler', 'Wartortle', 'Probopass', 'Grovyle']","['Flareon', 'Solrock', 'Quagsire', 'Diglett', 'Tangela', 'Beedrill']",20,8,11
gen4nu-1147382162,[Gen 4] NU,2020-07-08 13:43:54,,gulpin48780,anorith5509,gulpin48780,False,"['Dusclops', 'Bastiodon', 'Haunter', 'Cacturne']","['Wailord', 'Meganium', 'Charizard', 'Mightyena', 'Haunter', 'Bastiodon']",34,4,9
gen4nu-1084253050,[Gen 4] NU,2020-03-24 01:04:19,,recycle46471,wormadam34125,recycle46471,False,"['Linoone', 'Regice', 'Xatu', 'Purugly', 'Relicanth']","['Camerupt', 'Machoke', 'Lapras', 'Kadabra', 'Manectric', 'Drifblim']",22,5,6
smogtours-gen4nu-374410,[Gen 4] NU,2018-05-06 17:14:09,,custapberry71278,avalanche73264,avalanche73264,False,"['Magmortar', 'Hitmonchan', 'Jumpluff', 'Whiscash', 'Grumpig', 'Cradily']","['Gastrodon-East', 'Regirock', 'Hitmonchan', 'Skuntank', 'Gardevoir', 'Drifblim']",23,13,12
smogtours-gen4nu-829417,[Gen 4] NU,2025-04-02 02:23:50,,phione89690,denpowerwater91914,phione89690,False,"['Sharpedo', 'Vileplume', 'Tauros', 'Skuntank', 'Rhydon']","['Shiftry', 'Charizard', 'Kadabra', 'Hitmonchan', 'Linoone', 'Gardevoir']",15,5,7
smogtours-gen4nu-784611,[Gen 4] NU,2024-08-07 17:28:42,,exploud62674,rawstberry17405,exploud62674,False,"['Shiftry', 'Slowbro', 'Hitmonchan', 'Chansey', 'Rhydon', 'Ampharos']","['Shiftry', 'Exeggutor', 'Typhlosion', 'Regirock', 'Persian', 'Gardevoir']",20,12,9
gen4nu-2193116553,[Gen 4] NU,2024-09-02 17:46:40,1051,defensecurl88658,magnetrise14372,magnetrise14372,False,"['Banette', 'Charizard', 'Zangoose', 'Regirock', 'Dodrio', 'Dusclops']","['Camerupt', 'Tauros', 'Sandslash', 'Haunter', 'Skuntank', 'Gardevoir']",27,8,8
smogtours-gen4nu-646807,[Gen 4] NU,2022-09-07 14:22:23,,dragonfang79331,skullbash80875,skullbash80875,False,"['Regirock', 'Skuntank', 'Jumpluff', 'Linoone', 'Glalie', 'Drifblim']","['Sharpedo', 'Tauros', 'Medicham', 'Regirock', 'Dusclops']",24,8,7
gen4nu-2193821287,[Gen 4] NU,2024-09-03 17:47:16,1078,growl5652,shiftry37306,growl5652,False,"['Skuntank', 'Dusclops', 'Nidoqueen', 'Hitmonchan']","['Charizard', 'Medicham', 'Regirock', 'Hitmonchan', 'Dusclops', 'Slowking']",21,8,9
smogtours-gen4nu-376918,[Gen 4] NU,2018-05-16 01:32:35,,happiny68390,futuresight13270,futuresight13270,True,"['Gligar', 'Tauros', 'Medicham', 'Skuntank', 'Manectric', 'Slowking']","['Gligar', 'Flareon', 'Nidoqueen', 'Quagsire', 'Lickilicky', 'Cradily']",32,12,11
gen4nu-762038892,[Gen 4] NU,2018-06-13 21:22:54,,psychup14796,calmmind75262,psychup14796,True,"['Regirock', 'Typhlosion', 'Persian']","['Sharpedo', 'Tauros', 'Medicham', 'Haunter', 'Skuntank']",10,2,5
gen4nu-994313818,[Gen 4] NU,2019-10-18 01:45:14,,payday74254,wailmer43107,wailmer43107,False,"['Kingler', 'Banette', 'Raticate', 'Probopass', 'Magmar', 'Gastly']","['Lapras', 'Pupitar', 'Persian', 'Swalot', 'Tangela', 'Magmar']",25,9,9
smogtours-gen4nu-842573,[Gen 4] NU,2025-05-15 17:15:22,,icywind98531,koffing93492,koffing93492,False,"['Tauros', 'Poliwrath', 'Regirock', 'Haunter', 'Gardevoir', 'Cradily']","['Magneton', 'Nidoqueen', 'Haunter', 'Hitmonchan', 'Slowking']",24,12,10
smogtours-gen4nu-451796,[Gen 4] NU,2019-07-19 01:04:55,,ditto42810,stoneplate37213,stoneplate37213,False,"['Vileplume', 'Tauros', 'Typhlosion', 'Hitmonchan', 'Regirock', 'Skuntank']","['Venomoth', 'Shiftry', 'Charizard', 'Sandslash', 'Slowking', 'Drifblim']",27,10,14
smogtours-gen4nu-635934,[Gen 4] NU,2022-07-03 15:20:39,,koffing93492,slowking28210,koffing93492,False,"['Vileplume', 'Regirock', 'Skuntank', 'Slowking', 'Ampharos', 'Drifblim']","['Sharpedo', 'Tauros', 'Magneton', 'Nidoqueen', 'Slowking', 'Drifblim']",36,9,9
smogtours-gen4nu-793864,[Gen 4] NU,2024-10-02 00:03:52,,quagsire52408,huntail76319,huntail76319,True,"['Sharpedo', 'Pinsir', 'Medicham', 'Haunter', 'Marowak', 'Manectric']","['Sharpedo', 'Drifblim', 'Tauros']",11,6,2
gen4nu-954134794,[Gen 4] NU,2019-08-02 01:14:15,1000,sableye38809,alakazammega8565,sableye38809,False,"['Charizard', 'Vileplume', 'Floatzel', 'Skuntank', 'Gardevoir']","['Bibarel', 'Gligar', 'Typhlosion', 'Walrein', 'Dusclops', 'Slowking']",25,7,13
gen4nu-756477369,[Gen 4] NU,2018-06-02 10:57:22,,razzberry53400,skilllink30280,skilllink30280,False,"['Armaldo', 'Gastrodon-East', 'Muk', 'Metang', 'Purugly', 'Articuno']","['Machoke', 'Poliwrath', 'Cacturne', 'Rhydon', 'Misdreavus', 'Golbat']",27,14,13
gen4nu-987164581,[Gen 4] NU,2019-10-05 00:09:58,,chlorophyll28494,chansey79290,chansey79290,True,"['Purugly', 'Torkoal', 'Mantine']","['Camerupt', 'Machoke']",10,3,1
smogtours-gen4nu-421778,[Gen 4] NU,2019-01-20 21:37:18,,poisonsting74677,delcatty2986,delcatty2986,True,"['Wormadam-Trash', 'Wailord', 'Phione', 'Dunsparce', 'Octillery']","['Wailord', 'Magcargo', 'Mantine', 'Articuno']",31,8,6
gen4nu-1048352906,[Gen 4] NU,2020-01-18 03:05:03,,karatechop96796,venonat34855,karatechop96796,False,"['Gligar', 'Tauros', 'Medicham', 'Skuntank', 'Persian']","['Sandslash', 'Floatzel', 'Typhlosion', 'Haunter', 'Hitmonchan', 'Slowking']",24,8,7
gen4nu-2193153540,[Gen 4] NU,2024-09-02 18:48:35,1031,snatch75121,growl5652,growl5652,True,"['Gligar', 'Tauros', 'Medicham', 'Monferno', 'Haunter', 'Jynx']","['Shiftry', 'Regirock', 'Victreebel', 'Persian', 'Hypno']",21,7,6
gen4nu-1049003126,[Gen 4] NU,2020-01-19 10:15:03,,swift79929,spite50471,swift79929,False,"['Sharpedo', 'Medicham', 'Mantine', 'Skuntank', 'Manectric', 'Cradily']","['Meganium', 'Lapras', 'Shedinja', 'Magneton', 'Typhlosion', 'Dodrio']",24,11,11
smogtours-gen4nu-503324,[Gen 4] NU,2020-05-24 22:22:01,,thickfat92985,seedflare81285,seedflare81285,False,"['Sharpedo', 'Medicham', 'Mantine', 'Skuntank', 'Manectric', 'Cradily']","['Sharpedo', 'Shiftry', 'Regirock', 'Hitmonchan', 'Jynx', 'Drifblim']",20,9,6
gen4nu-874363126,[Gen 4] NU,2019-03-11 01:38:51,,mudshot64183,trickroom24491,trickroom24491,True,"['Electabuzz', 'Dragonair', 'Pelipper', 'Victreebel', 'Metang', 'Misdreavus']","['Rhydon', 'Poliwrath', 'Mr. Mime', 'Muk', 'Sableye', 'Lickilicky']",60,21,18
gen4nu-1002001915,[Gen 4] NU,2019-11-01 01:21:31,,spheal7278,weedle33343,spheal7278,False,"['Politoed', 'Gabite', 'Torkoal', 'Bellossom', 'Purugly', 'Rhydon']","['Gorebyss', 'Torkoal', 'Muk', 'Electabuzz', 'Purugly', 'Relicanth']",38,17,15
gen4nu-1081308694,[Gen 4] NU,2020-03-18 19:34:04,,icebody76796,thunderstone74942,icebody76796,False,"['Magmortar', 'Meganium', 'Dodrio', 'Golem', 'Slowking', 'Drifblim']","['Machoke', 'Charizard', 'Sandslash', 'Jumpluff', 'Whiscash', 'Manectric']",17,10,7
gen4nu-2203938846,[Gen 4] NU,2024-09-17 23:15:02,1000,growl5652,bellsprout50134,growl5652,True,"['Charizard', 'Hitmonchan', 'Mawile', 'Skuntank', 'Pikachu', 'Cradily']","['Magneton', 'Regirock', 'Poliwrath', 'Haunter', 'Cacturne', 'Gardevoir']",23,9,10
gen4nu-2300301139,[Gen 4] NU,2025-02-13 22:21:00,,thunderstone91997,quickfeet95939,quickfeet95939,False,"['Charizard', 'Tauros', 'Sandslash', 'Poliwrath', 'Jumpluff', 'Grumpig']","['Meganium', 'Tauros', 'Medicham', 'Regirock', 'Skuntank']",27,16,12
gen4nu-2048326289,[Gen 4] NU,2024-01-31 10:11:00,,noeffect35007,earthplate19643,noeffect35007,True,"['Poliwrath', 'Regirock', 'Skuntank', 'Marowak', 'Drifblim']","['Magmortar', 'Charizard', 'Regirock', 'Hitmonchan', 'Whiscash']",19,7,5
gen4nu-952574980,[Gen 4] NU,2019-07-29 22:50:08,,dragonclaw47203,swampert50714,swampert50714,False,"['Monferno', 'Mantine', 'Dragonair', 'Solrock', 'Rhydon', 'Glalie']","['Rhydon', 'Glalie', 'Electabuzz']",13,5,2
smogtours-gen4nu-561024,[Gen 4] NU,2021-05-16 10:11:07,,cranidos95818,slowking28210,slowking28210,False,"['Venomoth', 'Ninetales', 'Hitmonchan', 'Regirock', 'Slowking', 'Drifblim']","['Shiftry', 'Tauros', 'Haunter', 'Regirock', 'Skuntank', 'Glalie']",19,8,7
gen4nu-2192765247,[Gen 4] NU,2024-09-02 04:15:25,1009,raindance36102,altaria42250,raindance36102,False,"['Camerupt', 'Sandslash', 'Mantine', 'Hitmonchan', 'Lickilicky', 'Drifblim']","['Magmortar', 'Luxray', 'Pinsir', 'Crawdaunt', 'Gardevoir', 'Cradily']",30,10,10
smogtours-gen4nu-561195,[Gen 4] NU,2021-05-16 22:20:32,,immunity29573,fireblast30665,fireblast30665,False,"['Venomoth', 'Shiftry', 'Charizard', 'Sandslash', 'Slowking', 'Drifblim']","['Medicham', 'Magmortar', 'Shiftry', 'Golem']",23,11,4
smogtours-gen4nu-388955,[Gen 4] NU,2018-07-18 22:07:44,,micleberry95900,denpowersteel79771,micleberry95900,False,"['Machoke', 'Charizard', 'Sandslash', 'Jumpluff', 'Whiscash', 'Manectric']","['Charizard', 'Typhlosion', 'Regirock', 'Hitmonchan', 'Skuntank', 'Slowking']",27,8,11
smogtours-gen4nu-772710,[Gen 4] NU,2024-06-07 21:20:18,,mightyena83616,rotom15770,mightyena83616,False,"['Floatzel', 'Hitmonchan', 'Regirock', 'Cacturne', 'Skuntank', 'Haunter']","['Shiftry', 'Tauros', 'Magneton', 'Haunter', 'Regirock', 'Slowking']",20,10,9
gen4nu-724236637,[Gen 4] NU,2018-03-27 18:17:58,,solarpower3830,thrash80465,thrash80465,False,"['Tauros', 'Regirock', 'Haunter', 'Jynx', 'Manectric', 'Slowking']","['Typhlosion', 'Nidoqueen', 'Hitmonchan', 'Skuntank', 'Slowking', 'Gardevoir']",24,11,12
gen4nu-2198088518,[Gen 4] NU,2024-09-09 20:39:31,1048,chikorita87889,growl5652,growl5652,True,"['Medicham', 'Gardevoir', 'Clamperl']","['Skuntank', 'Charizard', 'Cradily', 'Pikachu']",11,2,3
smogtours-gen4nu-811558,[Gen 4] NU,2024-12-23 16:08:55,,shinystone44310,rotomfan35023,shinystone44310,True,"['Shiftry', 'Floatzel', 'Regirock', 'Electabuzz', 'Glalie', 'Drifblim']","['Vileplume', 'Gligar', 'Regirock', 'Skuntank', 'Manectric', 'Slowking']",21,9,11
smogtours-gen4nu-355936,[Gen 4] NU,2018-03-04 23:11:50,,poisonsting74677,delcatty2986,poisonsting74677,False,"['Togetic', 'Granbull', 'Rapidash', 'Spinda', 'Metang', 'Shuckle']","['Pidgeot', 'Kecleon', 'Shedinja', 'Shelgon', 'Walrein', 'Clamperl']",31,8,9
gen4nu-1100205231,[Gen 4] NU,2020-04-20 19:06:10,,airslash47650,haunter12630,haunter12630,True,"['Charizard', 'Tauros', 'Armaldo', 'Manectric', 'Slowking', 'Cradily']","['Tauros', 'Magneton', 'Medicham', 'Poliwrath', 'Regirock', 'Jumpluff']",40,18,12
smogtours-gen4nu-790291,[Gen 4] NU,2024-09-12 17:13:40,,suicune87392,acupressure38299,acupressure38299,True,"['Claydol', 'Hitmontop', 'Jynx', 'Slowking', 'Drapion', 'Drifblim']","['Skuntank', 'Exeggutor', 'Persian']",20,6,3
gen4nu-2157498647,[Gen 4] NU,2024-07-08 22:00:32,,cubone50656,huntail76319,huntail76319,True,"['Tangrowth', 'Magneton', 'Medicham', 'Nidoqueen', 'Slowking', 'Drapion']","['Tangrowth', 'Regirock', 'Poliwrath', 'Hitmonchan', 'Skuntank', 'Manectric']",30,11,9
smogtours-gen4nu-594654,[Gen 4] NU,2021-11-22 20:58:49,,whirlpool40763,baddreams53669,baddreams53669,True,"['Vileplume', 'Gligar', 'Regirock', 'Skuntank', 'Slowking', 'Gardevoir']","['Venomoth', 'Charizard', 'Hitmonchan', 'Slowking', 'Cradily', 'Drifblim']",39,13,13
smogtours-gen4nu-776679,[Gen 4] NU,2024-06-24 17:47:46,,typechange30082,denpowersteel79771,typechange30082,True,"['Nidoqueen', 'Hitmonchan', 'Dusclops', 'Lickilicky', 'Glalie', 'Articuno']","['Tauros', 'Floatzel', 'Skuntank', 'Dusclops', 'Gardevoir', 'Cradily']",29,7,8
gen4nu-2196064999,[Gen 4] NU,2024-09-06 20:46:51,1079,zoomlens5648,noguard93032,noguard93032,False,"['Politoed', 'Charizard', 'Sandslash', 'Haunter', 'Regirock', 'Glalie']","['Vileplume', 'Nosepass', 'Typhlosion', 'Hitmonchan', 'Victreebel', 'Gardevoir']",20,7,8
gen4nu-1084334706,[Gen 4] NU,2020-03-24 04:20:57,,apicotberry87068,serenegrace48918,apicotberry87068,False,"['Porygon2', 'Jynx', 'Monferno', 'Cacturne']","['Golduck', 'Venomoth', 'Nidoqueen', 'Haunter', 'Dodrio', 'Golem']",15,3,6
smogtours-gen4nu-816277,[Gen 4] NU,2025-01-26 18:20:40,,sniper70774,corphish30125,sniper70774,False,"['Ninetales', 'Tauros', 'Floatzel', 'Regirock', 'Glalie', 'Drifblim']","['Charizard', 'Tauros', 'Sandslash', 'Regirock', 'Slowking', 'Ampharos']",18,6,9
gen4nu-778081065,[Gen 4] NU,2018-07-19 15:55:45,,hydration62804,blazekick86887,hydration62804,False,"['Politoed', 'Vileplume', 'Sandslash', 'Regirock', 'Sableye', 'Lickilicky']","['Magmortar', 'Charizard', 'Typhlosion', 'Regirock', 'Hitmonchan', 'Slowking']",38,13,8
smogtours-gen4nu-813659,[Gen 4] NU,2025-01-11 15:35:35,,weepinbell75190,vitalspirit41729,weepinbell75190,False,"['Lapras', 'Charizard', 'Nidoqueen', 'Hitmonchan', 'Cacturne', 'Sableye']","['Charizard', 'Sandslash', 'Floatzel', 'Cacturne', 'Sableye', 'Slowking']",44,8,8
gen4nu-904949990,[Gen 4] NU,2019-05-06 15:02:55,,raikou10663,swampert50714,swampert50714,False,"['Flareon', 'Mr. Mime', 'Victreebel', 'Electabuzz', 'Gastrodon', 'Glalie']","['Zangoose', 'Victreebel', 'Electabuzz', 'Rhydon', 'Glalie', 'Golbat']",24,9,12
gen4nu-938298618,[Gen 4] NU,2019-07-02 03:28:17,,sandveil87527,smoothrock25184,smoothrock25184,True,"['Banette', 'Persian', 'Lairon', 'Diglett', 'Beedrill', 'Yanma']","['Raticate', 'Persian', 'Quagsire', 'Lairon', 'Tangela', 'Gastly']",24,10,6
smogtours-gen4nu-344184,[Gen 4] NU,2018-01-21 16:07:02,,futuresight13270,thrash80465,thrash80465,False,"['Camerupt', 'Mantine', 'Hitmonchan', 'Dusclops', 'Lickilicky', 'Roselia']","['Nidoqueen', 'Hitmonchan', 'Poliwrath', 'Dodrio', 'Skuntank']",34,9,10
gen4nu-2194866318,[Gen 4] NU,2024-09-05 04:07:22,1083,chopleberry38027,bulkup42567,bulkup42567,False,"['Gligar', 'Tauros', 'Hitmonchan', 'Skuntank', 'Manectric', 'Slowking']","['Shiftry', 'Typhlosion', 'Regirock', 'Victreebel', 'Persian', 'Hypno']",21,9,10
gen4nu-927756299,[Gen 4] NU,2019-06-13 23:45:39,,liechiberry37967,payday74254,payday74254,True,"['Bibarel', 'Granbull', 'Pidgeot', 'Quagsire', 'Tangela', 'Gastly']","['Luxray', 'Dusclops', 'Wartortle', 'Bastiodon', 'Quagsire', 'Chimecho']",58,19,22
gen4nu-777299442,[Gen 4] NU,2018-07-17 23:05:00,,chartiberry95074,sandshrew61807,chartiberry95074,False,"['Venomoth', 'Charizard', 'Hitmonchan', 'Skuntank', 'Slowking', 'Cradily']","['Politoed', 'Magmortar', 'Magneton', 'Haunter', 'Jynx', 'Piloswine']",23,8,8
gen4nu-2192491516,[Gen 4] NU,2024-09-01 19:09:00,1000,muddywater22285,chopleberry38027,chopleberry38027,True,"['Dodrio', 'Dusclops', 'Crawdaunt', 'Electabuzz', 'Girafarig']","['Sharpedo', 'Tauros', 'Magneton', 'Regirock', 'Slowking']",9,4,4
gen4nu-2192612310,[Gen 4] NU,2024-09-01 22:52:35,,closecombat44911,enpowerflying50766,closecombat44911,False,"['Altaria', 'Claydol', 'Aggron', 'Nidoking', 'Jynx']","['Tangrowth', 'Tauros', 'Regirock', 'Hitmonchan', 'Skuntank', 'Slowking']",17,7,9
gen4nu-884050356,[Gen 4] NU,2019-03-29 20:46:16,,psybeam14379,blastoise29791,blastoise29791,False,"['Lunatone', 'Pidgeot', 'Wartortle', 'Pikachu', 'Swalot', 'Tangela']","['Dusclops', 'Kecleon', 'Beedrill', 'Persian']",41,18,10
smogtours-gen4nu-675804,[Gen 4] NU,2023-02-19 04:45:57,,tyranitar56327,magnetpull75337,tyranitar56327,True,"['Ampharos', 'Medicham', 'Skuntank', 'Slowking', 'Cradily']","['Tauros', 'Regirock', 'Marowak', 'Skuntank', 'Drifblim']",17,5,5
gen4nu-2193607456,[Gen 4] NU,2024-09-03 11:42:46,1045,zoomlens5648,agility97245,agility97245,False,"['Vileplume', 'Charizard', 'Sandslash', 'Typhlosion', 'Skuntank', 'Gardevoir']","['Pinsir', 'Medicham', 'Floatzel', 'Skuntank', 'Drifblim']",18,6,7
gen4nu-2203240036,[Gen 4] NU,2024-09-17 01:00:15,1000,chopleberry38027,rest68772,chopleberry38027,True,"['Regirock', 'Skuntank', 'Poliwrath']","['Haunter', 'Persian', 'Golem']",9,3,3
gen4nu-1124289466,[Gen 4] NU,2020-05-31 11:49:18,,crunch37612,heatproof38059,heatproof38059,False,"['Tauros', 'Sandslash', 'Skuntank', 'Slowking', 'Gardevoir', 'Roselia']","['Charizard', 'Sandslash', 'Floatzel', 'Skuntank', 'Gardevoir']",24,11,8
smogtours-gen4nu-817503,[Gen 4] NU,2025-02-02 07:41:57,,sniper70774,denpowersteel79771,sniper70774,False,"['Pinsir', 'Floatzel', 'Skuntank', 'Cradily', 'Drifblim']","['Sharpedo', 'Tauros', 'Nidoqueen', 'Hitmonchan', 'Slowking', 'Drifblim']",30,9,8
gen4nu-769649047,[Gen 4] NU,2018-06-30 20:23:40,,protean9921,gengarmega66742,protean9921,True,"['Politoed', 'Huntail', 'Butterfree', 'Rampardos', 'Raticate', 'Graveler']","['Lunatone', 'Pidgeot', 'Huntail', 'Exploud', 'Dusclops', 'Chimecho']",23,6,7
gen4nu-776588848,[Gen 4] NU,2018-07-16 14:57:13,,poisonheal36707,sunnyday36455,poisonheal36707,False,"['Politoed', 'Magmortar', 'Magneton', 'Haunter', 'Jynx', 'Piloswine']","['Tauros', 'Electrode', 'Floatzel', 'Skuntank', 'Parasect', 'Relicanth']",21,8,6
gen4nu-1000117708,[Gen 4] NU,2019-10-28 18:04:23,,wailmer43107,rockclimb62152,rockclimb62152,False,"['Banette', 'Lapras', 'Kecleon', 'Swalot', 'Probopass', 'Grovyle']","['Lapras', 'Shelgon', 'Walrein', 'Persian', 'Probopass', 'Beedrill']",29,10,10
gen4nu-2196991438,[Gen 4] NU,2024-09-08 06:51:41,1097,fissure19918,onix72022,onix72022,False,"['Charizard', 'Medicham', 'Electrode', 'Dusclops', 'Articuno', 'Shuckle']","['Wailord', 'Charizard', 'Rampardos', 'Electrode', 'Floatzel', 'Linoone']",26,6,8
gen4nu-778859139,[Gen 4] NU,2018-07-21 04:30:08,,leafguard31516,goldberry53422,leafguard31516,False,"['Venomoth', 'Charizard', 'Tauros', 'Magneton', 'Regirock', 'Slowking']","['Magmortar', 'Charizard', 'Sandslash', 'Typhlosion', 'Skuntank', 'Quagsire']",61,18,10
gen4nu-2359163436,[Gen 4] NU,2025-05-07 21:30:45,,habanberry34945,entei91434,habanberry34945,False,"['Sandslash', 'Dusclops', 'Skuntank', 'Gardevoir', 'Glalie', 'Articuno']","['Gligar', 'Tauros', 'Medicham', 'Magneton', 'Hitmonchan', 'Hypno']",39,16,13
smogtours-gen4nu-791438,[Gen 4] NU,2024-09-20 05:00:16,,bodyslam74090,confusion41299,confusion41299,False,"['Claydol', 'Nidoking', 'Electrode', 'Hitmonchan', 'Skuntank', 'Espeon']","['Charizard', 'Slowbro', 'Regirock', 'Hitmonchan', 'Drapion', 'Ampharos']",28,13,15
smogtours-gen4nu-444398,[Gen 4] NU,2019-05-31 23:38:36,,dodrio79057,delcatty2986,dodrio79057,True,"['Noctowl', 'Sunflora', 'Marowak', 'Solrock', 'Whiscash', 'Delibird']","['Yanma', 'Delcatty', 'Raichu', 'Cradily', 'Golbat', 'Shuckle']",24,11,8
gen4nu-780578648,[Gen 4] NU,2018-07-24 18:18:46,,heatrock37333,tyrogue12319,tyrogue12319,False,"['Charizard', 'Sandslash', 'Nidoqueen', 'Dusclops', 'Manectric', 'Slowking']","['Tauros', 'Medicham', 'Nidoqueen', 'Haunter', 'Dodrio', 'Slowking']",45,16,15
smogtours-gen4nu-560527,[Gen 4] NU,2021-05-10 00:16:46,,cranidos95818,fireblast30665,cranidos95818,False,"['Tauros', 'Floatzel', 'Nidoqueen', 'Hitmonchan', 'Muk', 'Slowking']","['Shiftry', 'Medicham', 'Regirock', 'Jynx', 'Skuntank', 'Slowking']",20,10,10
smogtours-gen4nu-810167,[Gen 4] NU,2024-12-14 16:05:34,,doublekick62666,quagsire52408,doublekick62666,True,"['Magneton', 'Poliwrath', 'Regirock', 'Cacturne', 'Haunter', 'Gardevoir']","['Meganium', 'Regice', 'Regirock', 'Poliwrath', 'Skuntank', 'Gardevoir']",24,10,10
smogtours-gen4nu-775675,[Gen 4] NU,2024-06-20 13:20:30,,vitalspirit41729,typechange30082,vitalspirit41729,False,"['Vileplume', 'Magneton', 'Floatzel', 'Hitmonchan', 'Regirock', 'Drifblim']","['Tauros', 'Medicham', 'Magneton', 'Sandslash', 'Skuntank', 'Slowking']",24,8,11
gen4nu-2194144542,[Gen 4] NU,2024-09-04 03:34:29,1032,kangaskhan44566,beedrill84199,kangaskhan44566,False,"['Diglett', 'Regigigas', 'Rampardos', 'Electabuzz']","['Meganium', 'Rapidash', 'Octillery', 'Sneasel', 'Marowak', 'Dusclops']",15,3,5
gen4nu-918567795,[Gen 4] NU,2019-05-29 18:08:51,,haunter12630,glare38523,haunter12630,False,"['Kadabra', 'Armaldo', 'Gastrodon-East', 'Murkrow', 'Victreebel']","['Monferno', 'Cacturne', 'Mr. Mime', 'Pelipper', 'Rhydon', 'Ampharos']",26,9,16
smogtours-gen4nu-208004,[Gen 4] NU,2016-10-29 22:11:58,,custapberry71278,shadowclaw51134,shadowclaw51134,True,"['Ninetales', 'Gligar', 'Magneton', 'Hitmonchan', 'Skuntank', 'Slowking']","['Regirock', 'Poliwrath', 'Cacturne', 'Haunter', 'Manectric', 'Gardevoir']",27,9,7
smogtours-gen4nu-718673,[Gen 4] NU,2023-09-24 12:21:42,,lightclay48488,stench25210,stench25210,False,"['Tauros', 'Magneton', 'Hitmonchan', 'Skuntank', 'Slowking', 'Cradily']","['Meganium', 'Magneton', 'Regirock', 'Poliwrath', 'Dusclops', 'Skuntank']",28,11,10
smogtours-gen4nu-766042,[Gen 4] NU,2024-05-05 18:47:22,,icywind98531,denpowersteel79771,icywind98531,True,"['Sharpedo', 'Tauros', 'Floatzel', 'Nidoqueen', 'Sableye', 'Cradily']","['Regirock', 'Hitmonchan', 'Haunter', 'Skuntank', 'Slowking', 'Gardevoir']",31,13,11
gen4nu-1074238876,[Gen 4] NU,2020-03-05 23:45:32,,entei72987,destinybond78627,entei72987,False,"['Tauros', 'Medicham', 'Magneton', 'Regirock', 'Dodrio', 'Slowking']","['Ninetales', 'Poliwrath', 'Haunter', 'Piloswine', 'Jumpluff', 'Slowking']",50,15,14
gen4nu-820184212,[Gen 4] NU,2018-10-14 15:22:01,,focusblast56623,mimic1876,mimic1876,False,"['Bibarel', 'Butterfree', 'Armaldo', 'Arbok', 'Ampharos', 'Articuno']","['Kricketune', 'Medicham', 'Floatzel', 'Exploud', 'Crawdaunt', 'Gardevoir']",31,6,9
smogtours-gen4nu-784613,[Gen 4] NU,2024-08-07 17:37:08,,rawstberry17405,exploud62674,rawstberry17405,False,"['Gligar', 'Floatzel', 'Hitmonchan', 'Slowking', 'Drapion', 'Drifblim']","['Tangrowth', 'Altaria', 'Aggron', 'Nidoking', 'Hitmonchan', 'Slowking']",24,6,14
gen4nu-735183660,[Gen 4] NU,2018-04-19 18:14:19,,supersonic37431,cometpunch68795,cometpunch68795,False,"['Medicham', 'Armaldo', 'Skuntank', 'Muk', 'Gastrodon', 'Gardevoir']","['Charizard', 'Porygon2', 'Marowak', 'Solrock', 'Slowking', 'Gardevoir']",21,9,5
gen4nu-2212369596,[Gen 4] NU,2024-09-29 20:43:46,1000,focussash39093,growl5652,growl5652,True,"['Probopass', 'Gardevoir', 'Butterfree']","['Skuntank', 'Pikachu']",6,2,1
smogtours-gen4nu-783858,[Gen 4] NU,2024-08-03 16:03:14,,charmander53660,mirrorcoat93297,mirrorcoat93297,False,"['Shiftry', 'Charizard', 'Magneton', 'Electrode', 'Linoone', 'Drifblim']","['Espeon', 'Drapion', 'Glalie', 'Haunter']",12,5,3
gen4nu-909119328,[Gen 4] NU,2019-05-13 20:51:57,,swampert50714,levitate42349,swampert50714,True,"['Victreebel', 'Metang', 'Purugly', 'Rhydon', 'Lickilicky', 'Misdreavus']","['Rapidash', 'Grotle', 'Armaldo', 'Gastrodon-East', 'Sneasel', 'Electabuzz']",22,7,11
smogtours-gen4nu-785898,[Gen 4] NU,2024-08-17 01:10:30,,scopelens90498,mysteryberry28701,scopelens90498,False,"['Purugly', 'Lanturn', 'Haunter']","['Camerupt', 'Tangrowth', 'Exeggutor', 'Claydol', 'Glalie', 'Drifblim']",22,5,9
gen4nu-884163008,[Gen 4] NU,2019-03-30 00:59:17,,zenheadbutt21681,ursaring45910,ursaring45910,True,"[""Farfetch'D"", 'Staryu', 'Charizard', 'Medicham', 'Prinplup', 'Drifblim']","['Skuntank', 'Dusclops', 'Lapras', 'Monferno']",18,8,3
gen4nu-666180960,[Gen 4] NU,2017-11-29 01:34:52,,glare38523,surf53202,surf53202,False,"['Meganium', 'Charizard', 'Regirock', 'Hitmonchan', 'Slowking', 'Gardevoir']","['Tauros', 'Regirock', 'Haunter', 'Jynx', 'Manectric', 'Slowking']",33,10,13
gen4nu-1129156823,[Gen 4] NU,2020-06-08 17:23:43,,seedflare81285,conversion257800,seedflare81285,False,"['Linoone', 'Gastrodon-East', 'Gligar', 'Tauros']","['Camerupt', 'Tauros', 'Medicham', 'Marowak', 'Solrock', 'Gardevoir']",16,3,8
smogtours-gen4nu-634470,[Gen 4] NU,2022-06-25 19:29:02,,koffing93492,pickup28423,pickup28423,False,"['Charizard', 'Tauros', 'Sandslash', 'Dodrio', 'Skuntank', 'Slowking']","['Tauros', 'Medicham', 'Sandslash', 'Magneton', 'Skuntank', 'Slowking']",92,14,13
gen4nu-1176743285,[Gen 4] NU,2020-08-28 04:01:19,,gallade6532,roseincense97599,gallade6532,False,"['Sharpedo', 'Rampardos', 'Dusclops', 'Solrock', 'Clamperl']","['Charizard', 'Tauros', 'Nidoqueen', 'Hitmonchan', 'Jynx', 'Lickilicky']",20,7,9
gen4nu-938198343,[Gen 4] NU,2019-07-01 23:19:06,,weedle33343,registeel32051,registeel32051,True,"['Exploud', 'Solrock', 'Persian', 'Swalot', 'Tangela', 'Chatot']","['Kecleon', 'Shelgon', 'Omanyte', 'Dusclops', 'Tentacool', 'Tangela']",49,15,18
gen4nu-1101875450,[Gen 4] NU,2020-04-23 11:43:30,,xscissor99781,tackle81796,xscissor99781,False,"['Magmortar', 'Poliwrath', 'Regirock', 'Skuntank', 'Gardevoir', 'Drifblim']","['Lapras', 'Vileplume', 'Charizard', 'Hitmonchan', 'Regirock', 'Sneasel']",41,10,8
gen4nu-2359160637,[Gen 4] NU,2025-05-07 21:22:31,,habanberry34945,switcheroo68506,habanberry34945,False,"['Sandslash', 'Dusclops', 'Skuntank', 'Gardevoir', 'Glalie']","['Charizard', 'Vileplume', 'Sandslash', 'Floatzel', 'Skuntank', 'Gardevoir']",22,9,5
gen4nu-2206272744,[Gen 4] NU,2024-09-21 02:16:30,,tangrowth23890,hippowdon58140,tangrowth23890,False,"['Charizard', 'Tauros', 'Sandslash', 'Medicham', 'Skuntank', 'Slowking']","['Magneton', 'Nidoqueen', 'Hitmonchan', 'Skuntank', 'Manectric', 'Drifblim']",20,11,8
smogtours-gen4nu-746039,[Gen 4] NU,2024-02-09 22:19:27,,haunter12630,rotom15770,haunter12630,False,"['Electrode', 'Hitmonchan', 'Slowking', 'Gardevoir', 'Cradily', 'Articuno']","['Tauros', 'Hitmonchan', 'Golem', 'Skuntank', 'Slowking', 'Drifblim']",40,15,13
gen4nu-942632260,[Gen 4] NU,2019-07-10 16:17:40,,tox71156,icefang57178,tox71156,True,"['Flareon', 'Wartortle', 'Clefairy', 'Dusclops', 'Diglett', 'Tangela']","['Kingler', 'Stunky', 'Sudowoodo', 'Dusclops', 'Persian', 'Tangela']",35,16,17
gen4nu-1087624564,[Gen 4] NU,2020-03-29 23:17:55,,magmortar26451,twistedspoon63684,twistedspoon63684,True,"['Medicham', 'Magneton', 'Hitmonchan', 'Slowking', 'Cradily']","['Politoed', 'Vileplume', 'Sandslash', 'Regirock', 'Sableye', 'Lickilicky']",25,9,10
gen4nu-2221785514,[Gen 4] NU,2024-10-13 02:45:00,,fastball12016,futuresight13270,fastball12016,False,"['Regirock', 'Jynx', 'Skuntank', 'Hitmonchan']","['Tauros', 'Sandslash', 'Regirock', 'Victreebel', 'Whiscash', 'Drifblim']",11,3,7
gen4nu-1044898119,[Gen 4] NU,2020-01-12 05:19:39,,venonat34855,karatechop96796,karatechop96796,False,"['Banette', 'Sandslash', 'Floatzel', 'Typhlosion', 'Hitmonchan', 'Slowking']","['Meganium', 'Banette', 'Flareon', 'Hitmonchan', 'Dodrio', 'Gastrodon']",40,18,18
smogtours-gen4nu-783860,[Gen 4] NU,2024-08-03 16:08:47,,charmander53660,mirrorcoat93297,mirrorcoat93297,False,"['Cloyster', 'Shiftry', 'Medicham', 'Electrode', 'Regirock', 'Drifblim']","['Shiftry', 'Entei', 'Nidoking', 'Regirock', 'Espeon', 'Drifblim']",18,5,8
smogtours-gen4nu-810737,[Gen 4] NU,2024-12-16 12:36:40,,questionmarks97791,clefairy19286,questionmarks97791,True,"['Shiftry', 'Glalie', 'Regirock', 'Drifblim']","['Glalie', 'Tauros', 'Regirock', 'Drifblim']",18,4,4
gen4nu-841246272,[Gen 4] NU,2018-12-27 19:18:42,,gengarmega66742,sandveil87527,sandveil87527,False,"['Mightyena', 'Quagsire', 'Chimecho', 'Fearow', 'Anorith', 'Slaking']","['Kingler', 'Solrock', 'Mankey', 'Magmar', 'Lopunny', 'Gastly']",25,10,6
gen4nu-948563354,[Gen 4] NU,2019-07-22 02:24:06,,ninetales23624,smoothrock25184,smoothrock25184,False,"['Mightyena', 'Persian', 'Quagsire', 'Diglett', 'Tangela', 'Gastly']","['Lapras', 'Dusclops', 'Solrock', 'Persian', 'Tangela', 'Yanma']",26,11,12
smogtours-gen4nu-565324,[Gen 4] NU,2021-06-10 02:58:35,,cranidos95818,batonpass29222,batonpass29222,True,"['Shiftry', 'Ninetales', 'Poliwrath', 'Regirock', 'Dodrio', 'Gardevoir']","['Charizard', 'Tauros', 'Sandslash', 'Skuntank', 'Slowking', 'Cradily']",38,11,10
gen4nu-921080959,[Gen 4] NU,2019-06-02 22:11:52,,leafeon29964,absorb54989,leafeon29964,False,"['Golduck', 'Armaldo', 'Mr. Mime', 'Victreebel', 'Metang', 'Purugly']","['Charizard', 'Vileplume', 'Sandslash', 'Floatzel', 'Skuntank', 'Gardevoir']",23,11,9
gen4nu-804902486,[Gen 4] NU,2018-09-13 02:11:37,,spheal7278,mail79545,spheal7278,False,"['Sneasel', 'Cacturne', 'Pelipper', 'Electabuzz', 'Rhydon', 'Beedrill']","['Wormadam-Trash', 'Banette', 'Monferno', 'Bellossom', 'Purugly', 'Gastrodon']",34,14,9
gen4nu-2205695939,[Gen 4] NU,2024-09-20 09:03:56,1000,piloswine85461,odorsleuth68844,odorsleuth68844,False,"['Lapras', 'Charizard', 'Ninetales', 'Meganium', 'Armaldo', 'Victreebel']","['Tauros', 'Typhlosion', 'Nidoqueen', 'Skuntank', 'Slowking']",20,7,7
gen4nu-972958630,[Gen 4] NU,2019-09-08 19:20:54,,mentalherb28142,weedle33343,weedle33343,False,"['Flareon', 'Solrock', 'Quagsire', 'Diglett', 'Tangela', 'Beedrill']","['Wailord', 'Kecleon', 'Lairon', 'Tangela', 'Magmar', 'Gastly']",26,16,12
gen4nu-954946491,[Gen 4] NU,2019-08-03 19:24:12,1010,fire52442,captivate52624,fire52442,True,"['Skuntank', 'Charizard']","['Cradily', 'Drifblim']",5,1,1
smogtours-gen4nu-560055,[Gen 4] NU,2021-05-08 22:24:38,,seedflare81285,koffing93492,koffing93492,True,"['Shiftry', 'Charizard', 'Nidoqueen', 'Regirock', 'Haunter', 'Slowking']","['Floatzel', 'Skuntank', 'Charizard', 'Cradily']",34,14,9
gen4nu-932468339,[Gen 4] NU,2019-06-21 18:37:03,,lowkick70910,wynaut4615,lowkick70910,True,"['Politoed', 'Dusclops', 'Solrock']","['Quagsire', 'Wartortle', 'Dusclops', 'Lairon']",11,2,4
smogtours-gen4nu-389152,[Gen 4] NU,2018-07-20 17:07:49,,razorfang86998,shadowclaw51134,shadowclaw51134,False,"['Flareon', 'Gligar', 'Nidoqueen', 'Quagsire', 'Lickilicky', 'Cradily']","['Floatzel', 'Nidoqueen', 'Hitmonchan', 'Muk', 'Slowking']",23,8,6
gen4nu-1056933300,[Gen 4] NU,2020-02-02 23:26:52,,slakoth53488,attackorder95627,attackorder95627,False,"['Tauros', 'Regirock', 'Haunter', 'Jynx', 'Manectric', 'Slowking']","['Charizard', 'Porygon2', 'Marowak', 'Solrock', 'Slowking', 'Gardevoir']",32,9,7
smogtours-gen4nu-593627,[Gen 4] NU,2021-11-17 22:36:46,,altaria32948,chlorophyll28494,altaria32948,False,"['Vileplume', 'Sandslash', 'Regirock', 'Lickilicky', 'Slowking', 'Articuno']","['Sharpedo', 'Shiftry', 'Tauros', 'Regirock', 'Gardevoir', 'Drifblim']",53,17,15
gen4nu-2208880015,[Gen 4] NU,2024-09-24 20:24:56,1037,przcureberry35701,imprison14816,imprison14816,False,"['Gligar', 'Magneton', 'Poliwrath', 'Mantine', 'Persian', 'Misdreavus']","['Lapras', 'Nidoqueen', 'Hitmonchan', 'Manectric', 'Fearow', 'Drifblim']",39,14,10
gen4nu-944882057,[Gen 4] NU,2019-07-14 23:02:40,,wailmer43107,smoothrock25184,wailmer43107,False,"['Granbull', 'Lapras', 'Dusclops', 'Solrock', 'Persian', 'Tangela']","['Politoed', 'Flareon', 'Dusclops', 'Persian', 'Lairon', 'Diglett']",38,8,10
smogtours-gen4nu-810165,[Gen 4] NU,2024-12-14 16:00:18,,doublekick62666,quagsire52408,quagsire52408,False,"['Tauros', 'Sandslash', 'Floatzel', 'Regirock', 'Skuntank', 'Gardevoir']","['Poliwrath', 'Regirock', 'Skuntank', 'Jynx', 'Ampharos', 'Drifblim']",25,8,10
gen4nu-2212397524,[Gen 4] NU,2024-09-29 21:36:50,,poliwrath33609,staryu66980,staryu66980,False,"['Charizard', 'Gligar', 'Sandslash', 'Regirock', 'Slowking', 'Drifblim']","['Sharpedo', 'Typhlosion', 'Nidoqueen', 'Hitmonchan', 'Regirock', 'Ampharos']",16,7,6
smogtours-gen4nu-373570,[Gen 4] NU,2018-05-04 21:46:39,,attract31504,cobaberry41000,cobaberry41000,False,"['Kecleon', 'Gligar', 'Nidoqueen', 'Sableye', 'Slowking', 'Cradily']","['Politoed', 'Vileplume', 'Sandslash', 'Regirock', 'Sableye', 'Lickilicky']",100,20,34
smogtours-gen4nu-668749,[Gen 4] NU,2023-01-15 16:17:16,,mawile36886,willowisp64187,mawile36886,False,"['Camerupt', 'Vileplume', 'Medicham', 'Regirock', 'Skuntank', 'Drifblim']","['Shiftry', 'Charizard', 'Sandslash', 'Regirock', 'Slowking', 'Drifblim']",33,11,12
gen4nu-2316692679,[Gen 4] NU,2025-03-10 21:13:28,,gastly57717,milkdrink49044,milkdrink49044,False,"['Tauros', 'Medicham', 'Sandslash', 'Magneton', 'Skuntank', 'Slowking']","['Sharpedo', 'Charizard', 'Medicham', 'Regirock', 'Skuntank']",24,12,9
smogtours-gen4nu-631166,[Gen 4] NU,2022-06-11 03:13:32,,wooper24132,tyranitar56327,wooper24132,False,"['Tauros', 'Medicham', 'Floatzel', 'Haunter', 'Regirock', 'Cacturne']","['Sharpedo', 'Tauros', 'Floatzel', 'Regirock', 'Hitmonchan', 'Dusclops']",35,12,12
gen4nu-956714064,[Gen 4] NU,2019-08-07 14:17:01,,camouflage37346,donphan58946,camouflage37346,True,"['Flareon', 'Wartortle', 'Persian', 'Girafarig', 'Swalot']","['Lapras', 'Kecleon', 'Shelgon', 'Solrock', 'Diglett', 'Tangela']",12,4,7
smogtours-gen4nu-768478,[Gen 4] NU,2024-05-18 02:23:31,,rotomfan35023,dodrio52686,rotomfan35023,False,"['Vileplume', 'Tauros', 'Magneton', 'Poliwrath', 'Skuntank', 'Rhydon']","['Sharpedo', 'Shiftry', 'Tauros', 'Regirock', 'Gardevoir', 'Drifblim']",24,10,11
gen4nu-2202264896,[Gen 4] NU,2024-09-15 18:08:01,1097,growl5652,iceberry16134,growl5652,False,"['Charizard', 'Hitmonchan', 'Mawile', 'Skuntank', 'Pikachu', 'Cradily']","['Gorebyss', 'Floatzel', 'Pelipper', 'Metang', 'Manectric', 'Cradily']",22,9,10
smogtours-gen4nu-782493,[Gen 4] NU,2024-07-27 01:22:34,,confusion41299,illuminate274,confusion41299,False,"['Entei', 'Steelix', 'Cacturne', 'Hitmonchan', 'Drifblim']","['Tauros', 'Medicham', 'Steelix', 'Cacturne', 'Lanturn', 'Drifblim']",20,6,9
smogtours-gen4nu-562262,[Gen 4] NU,2021-05-26 20:13:35,,koffing93492,batonpass29222,koffing93492,False,"['Shiftry', 'Typhlosion', 'Regirock', 'Skuntank', 'Jumpluff', 'Victreebel']","['Shiftry', 'Regirock', 'Haunter', 'Skuntank', 'Victreebel', 'Glalie']",16,8,9
smogtours-gen4nu-595813,[Gen 4] NU,2021-12-03 15:50:57,,haunter12630,futuresight13270,haunter12630,False,"['Hitmonchan', 'Regirock', 'Cacturne', 'Slowking', 'Gardevoir']","['Sandslash', 'Typhlosion', 'Mantine', 'Regirock', 'Dusclops', 'Skuntank']",26,11,13
gen4nu-2284850760,[Gen 4] NU,2025-01-20 20:31:09,,staryu66980,megakick62601,megakick62601,False,"['Vileplume', 'Poliwrath', 'Regirock', 'Skuntank', 'Manectric', 'Grumpig']","['Hitmonchan', 'Marowak', 'Skuntank', 'Slowking', 'Cradily', 'Articuno']",30,11,10
gen4nu-902989080,[Gen 4] NU,2019-05-03 00:11:14,,minun6717,stomp9436,minun6717,False,"['Jumpluff', 'Shiftry', 'Charizard', 'Regirock']","['Shiftry', 'Sandslash', 'Crawdaunt', 'Pikachu', 'Gardevoir', 'Drifblim']",18,5,7
smogtours-gen4nu-737484,[Gen 4] NU,2024-01-04 22:28:54,,rotomfan35023,haunter12630,rotomfan35023,True,"['Tauros', 'Haunter', 'Hitmonchan', 'Manectric', 'Slowking', 'Cradily']","['Gorebyss', 'Gligar', 'Electrode', 'Floatzel', 'Mantine', 'Skuntank']",23,6,10
gen4nu-2046473084,[Gen 4] NU,2024-01-29 02:30:39,,spheal43539,futuresight13270,spheal43539,False,"['Sharpedo', 'Tauros', 'Magneton', 'Regirock', 'Haunter', 'Slowking']","['Camerupt', 'Sharpedo', 'Venomoth', 'Medicham', 'Regirock', 'Slowking']",22,7,8
gen4nu-932407758,[Gen 4] NU,2019-06-21 16:36:02,,adaptability15938,shaymin71333,adaptability15938,True,"['Budew', 'Mightyena', 'Wartortle', 'Dusclops', 'Solrock']","['Kingler', 'Stunky', 'Pineco', 'Dusclops', 'Persian', 'Pupitar']",29,8,10
gen4nu-931346254,[Gen 4] NU,2019-06-19 21:32:31,,weedle33343,present83063,weedle33343,True,"['Exploud', 'Solrock', 'Persian', 'Swalot', 'Tangela']","['Granbull', 'Persian', 'Quagsire', 'Lairon', 'Gastly']",19,9,5
smogtours-gen4nu-774037,[Gen 4] NU,2024-06-12 14:09:58,,silverpowder77055,lightningrod63672,silverpowder77055,False,"['Charizard', 'Vileplume', 'Sandslash', 'Floatzel', 'Skuntank', 'Gardevoir']","['Sandslash', 'Electrode', 'Hitmonchan', 'Cacturne', 'Jynx', 'Drifblim']",24,11,10
gen4nu-1154076014,[Gen 4] NU,2020-07-19 19:27:42,,screech7860,azelf79981,azelf79981,False,"['Magmortar', 'Charizard', 'Regirock', 'Hitmonchan', 'Skuntank', 'Whiscash']","['Charizard', 'Tauros', 'Regirock', 'Hitmonchan', 'Gardevoir']",11,7,5
