id,format,uploadtime,rating,player1,player2,Winner,Forfeit,Team 1,Team 2,Turns,# Switches 1,# Switches 2
gen1ubers-778153755,[Gen 1] UBERS,2018-07-19 18:50:45,,raindance50399,dratini7919,raindance50399,False,"['Mewtwo', 'Exeggutor', 'Jynx', 'Chansey', 'Snorlax']","['Starmie', 'Exeggutor', 'Jolteon', 'Gengar', 'Jynx', 'Alakazam']",30,6,6
gen1ubers-2246689008,[Gen 1] UBERS,2024-11-19 05:26:51,,raindish79906,healblock43109,raindish79906,False,"['Mew', 'Mewtwo', 'Jolteon', 'Slowbro', 'Chansey', 'Snorlax']","['Mew', 'Mewtwo', 'Tauros', 'Zapdos', 'Chansey', 'Snorlax']",36,5,10
gen1ubers-531665275,[Gen 1] UBERS,2017-02-11 03:02:10,,miltank57341,woodhammer83701,miltank57341,False,"['Sandslash', 'Exeggcute', 'Kadabra', 'Jolteon']","['Kadabra', 'Alakazam', 'Abra']",52,3,2
gen1ubers-926592929,[Gen 1] UBERS,2019-06-12 02:24:22,1180,dialga48280,heatrock3356,heatrock3356,False,"['Exeggutor', 'Mew', 'Mewtwo', 'Gengar', 'Chansey', 'Snorlax']","['Mew', 'Mewtwo', 'Slowbro', 'Gengar', 'Chansey', 'Snorlax']",84,26,19
smogtours-gen1ubers-609985,[Gen 1] UBERS,2022-02-22 21:24:45,,painsplit82259,zapplate48793,painsplit82259,False,"['Starmie', 'Mew', 'Mewtwo', 'Chansey', 'Rhydon', 'Snorlax']","['Mew', 'Mewtwo', 'Exeggutor', 'Slowbro', 'Jynx', 'Chansey']",61,11,14
gen1ubers-1137809624,[Gen 1] UBERS,2020-06-23 03:33:21,,tailwhip2839,amnesia25800,tailwhip2839,True,"['Exeggutor', 'Mewtwo', 'Mew', 'Tauros', 'Chansey', 'Snorlax']","['Mew', 'Mewtwo', 'Slowbro', 'Chansey', 'Snorlax', 'Alakazam']",73,10,14
smogtours-gen1ubers-704507,[Gen 1] UBERS,2023-07-21 02:17:13,,steel89481,sandattack94842,sandattack94842,False,"['Starmie', 'Mew', 'Mewtwo', 'Zapdos', 'Chansey', 'Snorlax']","['Mewtwo', 'Mew', 'Tauros', 'Zapdos', 'Chansey', 'Snorlax']",51,13,7
gen1ubers-799766117,[Gen 1] UBERS,2018-09-02 16:53:37,,raindance50399,tailwhip2839,raindance50399,True,"['Starmie', 'Mew', 'Exeggutor', 'Mewtwo', 'Chansey', 'Snorlax']","['Exeggutor', 'Mewtwo', 'Mew', 'Tauros', 'Chansey', 'Snorlax']",33,7,9
gen1ubers-702320475,[Gen 1] UBERS,2018-02-11 03:54:22,,delcatty31981,sacredfire97645,delcatty31981,True,"['Mewtwo', 'Venusaur', 'Charizard', 'Blastoise']","['Mew', 'Mewtwo', 'Exeggutor', 'Slowbro', 'Chansey', 'Snorlax']",22,5,5
smogtours-gen1ubers-802697,[Gen 1] UBERS,2024-10-27 20:21:28,,arceusghost8496,aeroblast8709,aeroblast8709,False,"['Exeggutor', 'Mewtwo', 'Mew', 'Tauros', 'Zapdos', 'Gengar']","['Cloyster', 'Mew', 'Exeggutor', 'Zapdos', 'Alakazam']",75,28,22
smogtours-gen1ubers-612194,[Gen 1] UBERS,2022-03-07 01:59:47,,psn38480,focusband97190,focusband97190,True,"['Starmie', 'Mew', 'Mewtwo', 'Porygon', 'Chansey', 'Snorlax']","['Exeggutor', 'Mewtwo', 'Mew', 'Zapdos', 'Chansey', 'Snorlax']",98,15,15
smogtours-gen1ubers-748109,[Gen 1] UBERS,2024-02-18 01:17:31,,castform97328,sturdy13642,castform97328,True,"['Exeggutor', 'Mewtwo', 'Zapdos', 'Chansey', 'Snorlax']","['Mew', 'Mewtwo', 'Tauros', 'Gengar', 'Chansey', 'Snorlax']",28,7,7
gen1ubers-848488911,[Gen 1] UBERS,2019-01-14 00:08:41,,venonat16918,crushclaw72800,crushclaw72800,False,"['Mew', 'Mewtwo', 'Exeggutor', 'Slowbro', 'Jynx', 'Chansey']","['Exeggutor', 'Mewtwo', 'Mew', 'Slowbro', 'Jynx', 'Chansey']",132,8,7
smogtours-gen1ubers-815431,[Gen 1] UBERS,2025-01-21 20:01:23,,wacanberry11962,ponyta53394,wacanberry11962,True,"['Exeggutor', 'Mewtwo', 'Mew', 'Slowbro', 'Zapdos', 'Rhydon']","['Starmie', 'Mewtwo', 'Exeggutor', 'Mew', 'Zapdos', 'Snorlax']",200,24,48
smogtours-gen1ubers-744252,[Gen 1] UBERS,2024-02-03 07:09:18,,ghost50880,screech7860,ghost50880,False,"['Mew', 'Mewtwo', 'Zapdos', 'Gengar', 'Chansey', 'Snorlax']","['Mew', 'Exeggutor', 'Mewtwo', 'Tauros', 'Chansey', 'Snorlax']",71,13,15
gen1ubers-889234533,[Gen 1] UBERS,2019-04-08 11:13:17,,drifloon28946,leafblade14878,drifloon28946,True,"['Exeggutor', 'Mewtwo', 'Tauros', 'Golem', 'Chansey']","['Mewtwo', 'Mew', 'Tauros', 'Golem', 'Chansey', 'Snorlax']",45,9,12
gen1ubers-2360816677,[Gen 1] UBERS,2025-05-10 03:42:52,,status19859,exeggutor57071,status19859,False,['Electrode'],"['Gengar', 'Electrode', 'Chansey']",49,0,16
smogtours-gen1ubers-720983,[Gen 1] UBERS,2023-10-01 19:31:56,,iceball26708,icebody51285,iceball26708,False,"['Cloyster', 'Mewtwo', 'Mew', 'Zapdos', 'Chansey', 'Snorlax']","['Mew', 'Exeggutor', 'Mewtwo', 'Tauros', 'Chansey', 'Snorlax']",57,12,14
gen1ubers-516107575,[Gen 1] UBERS,2017-01-12 23:59:24,,flameorb57981,wrap55234,wrap55234,False,"['Cloyster', 'Charizard', 'Machamp', 'Gengar', 'Muk', 'Alakazam']","['Exeggutor', 'Lapras', 'Chansey', 'Snorlax', 'Alakazam']",30,6,6
gen1ubers-527334808,[Gen 1] UBERS,2017-02-02 03:02:54,,miltank57341,woodhammer83701,woodhammer83701,False,"['Arcanine', 'Ninetales', 'Rapidash']","['Sandslash', 'Kadabra', 'Ninetales']",22,2,2
smogtours-gen1ubers-728619,[Gen 1] UBERS,2023-11-04 19:27:45,,azumarill79029,steel89481,steel89481,False,"['Mewtwo', 'Mew', 'Slowbro', 'Zapdos', 'Gengar', 'Snorlax']","['Mewtwo', 'Exeggutor', 'Mew', 'Tauros', 'Chansey', 'Snorlax']",52,11,12
gen1ubers-2096331058,[Gen 1] UBERS,2024-04-05 01:55:13,,faketears19681,hydration14831,faketears19681,True,['Electrode'],"['Electrode', 'Chansey']",10,0,1
smogtours-gen1ubers-70567,[Gen 1] UBERS,2015-06-24 23:09:42,,sunkern78687,bide32585,sunkern78687,False,"['Exeggutor', 'Mewtwo', 'Mew', 'Slowbro', 'Chansey', 'Snorlax']","['Mewtwo', 'Mew', 'Slowbro', 'Jynx', 'Chansey', 'Snorlax']",49,15,16
gen1ubers-755887447,[Gen 1] UBERS,2018-06-01 03:19:30,,woodhammer83701,miltank57341,woodhammer83701,False,"['Lapras', 'Alakazam', 'Charizard']","['Nidoking', 'Nidoqueen', 'Dugtrio', 'Persian', 'Rhydon']",14,3,4
smogtours-gen1ubers-790179,[Gen 1] UBERS,2024-09-10 16:21:24,,aurasphere76841,tyrogue95104,tyrogue95104,False,"['Mew', 'Mewtwo', 'Exeggutor', 'Zapdos', 'Snorlax', 'Articuno']","['Cloyster', 'Exeggutor', 'Mewtwo', 'Mew', 'Slowbro', 'Rhydon']",74,22,22
gen1ubers-992522900,[Gen 1] UBERS,2019-10-14 20:20:54,,starfberry84995,phione47127,phione47127,True,"['Mew', 'Mewtwo', 'Exeggutor', 'Tauros', 'Slowbro', 'Snorlax']","['Jynx', 'Exeggutor', 'Mewtwo', 'Slowbro']",27,8,4
gen1ubers-733099200,[Gen 1] UBERS,2018-04-15 12:06:54,,shiftry93983,abra70797,shiftry93983,False,"['Mew', 'Mewtwo', 'Exeggutor', 'Chansey', 'Snorlax']","['Starmie', 'Mewtwo', 'Charizard', 'Jolteon', 'Rhydon', 'Alakazam']",44,5,6
smogtours-gen1ubers-779817,[Gen 1] UBERS,2024-07-13 14:10:15,,quickclaw83695,psn38480,psn38480,False,"['Mewtwo', 'Mew', 'Zapdos', 'Gengar', 'Chansey', 'Snorlax']","['Mew', 'Exeggutor', 'Mewtwo', 'Tauros', 'Zapdos', 'Snorlax']",20,9,7
gen1ubers-885180860,[Gen 1] UBERS,2019-04-01 01:27:09,,nightslash89395,surf49039,nightslash89395,False,"['Mewtwo', 'Exeggutor', 'Snorlax', 'Zapdos']","['Moltres', 'Starmie', 'Mewtwo', 'Tauros', 'Slowbro', 'Hitmonlee']",27,6,8
gen1ubers-2303039425,[Gen 1] UBERS,2025-02-18 11:35:35,,magmortar5999,tickle78778,magmortar5999,False,['Electrode'],"['Gengar', 'Electrode', 'Aerodactyl']",32,0,5
gen1ubers-402621203,[Gen 1] UBERS,2016-07-20 15:11:37,,hustle11937,aspearberry45831,hustle11937,True,"['Mewtwo', 'Mew', 'Zapdos', 'Jynx', 'Gengar', 'Snorlax']","['Mew', 'Exeggutor', 'Mewtwo', 'Tauros', 'Zapdos', 'Snorlax']",31,8,11
smogtours-gen1ubers-785605,[Gen 1] UBERS,2024-08-13 02:02:19,,poisonpowder88566,quagsire52408,poisonpowder88566,False,"['Cloyster', 'Mew', 'Mewtwo', 'Exeggutor', 'Chansey', 'Rhydon']","['Cloyster', 'Mew', 'Mewtwo', 'Exeggutor', 'Zapdos', 'Snorlax']",26,11,12
smogtours-gen1ubers-798296,[Gen 1] UBERS,2024-10-13 19:29:05,,buneary67957,arceusghost8496,buneary67957,False,"['Cloyster', 'Mew', 'Exeggutor', 'Zapdos', 'Snorlax']","['Mewtwo', 'Mew', 'Slowbro', 'Zapdos', 'Chansey', 'Snorlax']",46,14,18
gen1ubers-756357632,[Gen 1] UBERS,2018-06-02 02:21:18,1000,fighting34482,rayquaza10207,rayquaza10207,False,"['Cloyster', 'Mewtwo', 'Mew', 'Exeggutor', 'Tauros', 'Chansey']",['Mewtwo'],27,5,0
rom-gen1ubers-471152,[Gen 1] UBERS,2018-12-05 11:58:27,,constrict58938,sudowoodo17153,constrict58938,False,"['Mew', 'Mewtwo', 'Slowbro', 'Zapdos', 'Chansey', 'Snorlax']","['Mewtwo', 'Mew', 'Slowbro', 'Jynx', 'Chansey', 'Snorlax']",69,5,7
gen1ubers-1128682644,[Gen 1] UBERS,2020-06-07 21:37:25,,lowkick11314,frz82580,frz82580,False,"['Mew', 'Mewtwo', 'Charizard', 'Onix', 'Venusaur', 'Blastoise']","['Mew', 'Mewtwo']",21,5,1
gen1ubers-1068370834,[Gen 1] UBERS,2020-02-24 11:43:46,,poisonsting21099,aromatherapy41444,aromatherapy41444,False,"['Mewtwo', 'Exeggutor', 'Mew', 'Tauros', 'Slowbro', 'Zapdos']","['Exeggutor', 'Mew', 'Mewtwo', 'Slowbro', 'Jynx', 'Chansey']",233,24,22
gen1ubers-650458631,[Gen 1] UBERS,2017-10-26 00:18:34,,perish65397,bite31649,perish65397,True,"['Mewtwo', 'Mew', 'Exeggutor', 'Slowbro', 'Jynx', 'Chansey']","['Mew', 'Mewtwo', 'Slowbro', 'Gengar', 'Chansey', 'Snorlax']",114,11,13
gen1ubers-2070963494,[Gen 1] UBERS,2024-03-01 10:15:45,,gorebyss2916,vaporeon53909,vaporeon53909,False,"['Electrode', 'Chansey']","['Electrode', 'Chansey']",83,33,4
smogtours-gen1ubers-699800,[Gen 1] UBERS,2023-06-28 21:56:14,,arceusghost8496,cascoon94634,cascoon94634,False,"['Mewtwo', 'Mew', 'Slowbro', 'Zapdos', 'Chansey', 'Rhydon']","['Mew', 'Mewtwo', 'Zapdos', 'Golem', 'Chansey', 'Snorlax']",72,20,18
gen1ubers-696242162,[Gen 1] UBERS,2018-01-29 22:40:25,,skillswap74981,focussash20735,skillswap74981,False,"['Mewtwo', 'Mew', 'Slowbro', 'Jynx', 'Chansey', 'Snorlax']","['Exeggutor', 'Mew', 'Mewtwo', 'Slowbro', 'Jynx', 'Chansey']",97,19,20
smogtours-gen1ubers-649751,[Gen 1] UBERS,2022-09-20 20:26:48,,machobrace53674,tyranitar56327,tyranitar56327,False,"['Mewtwo', 'Mew', 'Slowbro', 'Jynx', 'Chansey', 'Snorlax']","['Mewtwo', 'Exeggutor', 'Mew', 'Gengar', 'Chansey', 'Snorlax']",61,7,9
smogtours-gen1ubers-699231,[Gen 1] UBERS,2023-06-25 16:33:10,,powerherb16934,psn38480,powerherb16934,True,"['Mew', 'Mewtwo', 'Zapdos', 'Gengar', 'Chansey', 'Snorlax']","['Exeggutor', 'Mewtwo', 'Mew', 'Chansey', 'Rhydon', 'Snorlax']",55,14,16
smogtours-gen1ubers-792057,[Gen 1] UBERS,2024-09-22 15:38:14,,curse693,leppaberry17132,curse693,False,"['Mewtwo', 'Mew', 'Jolteon', 'Tauros', 'Chansey', 'Snorlax']","['Exeggutor', 'Tauros', 'Jynx', 'Chansey', 'Gengar', 'Snorlax']",26,8,9
gen1ubers-2167428674,[Gen 1] UBERS,2024-07-25 21:13:27,,quagsire52408,bravebird40912,bravebird40912,True,"['Mew', 'Mewtwo', 'Slowbro', 'Gengar', 'Chansey', 'Snorlax']","['Exeggutor', 'Mew', 'Kangaskhan', 'Mewtwo', 'Gengar', 'Snorlax']",23,8,6
gen1ubers-1056528835,[Gen 1] UBERS,2020-02-02 03:25:51,,skilllink6848,girafarig63562,skilllink6848,True,['Nidoking'],"['Scyther', 'Vileplume', 'Golem']",7,0,2
gen1ubers-2370501835,[Gen 1] UBERS,2025-05-23 20:14:14,,thickclub60080,venomoth68621,venomoth68621,False,"['Mew', 'Mewtwo', 'Tauros', 'Magneton', 'Dragonair', 'Chansey']","['Mewtwo', 'Mew', 'Flareon', 'Jynx', 'Gengar', 'Chansey']",85,15,7
smogtours-gen1ubers-239211,[Gen 1] UBERS,2017-01-25 23:54:51,,mefirst94337,unburden21319,mefirst94337,True,"['Exeggutor', 'Mewtwo', 'Mew', 'Gengar', 'Chansey', 'Snorlax']","['Mewtwo', 'Exeggutor', 'Slowbro', 'Gengar', 'Snorlax']",23,10,7
gen1ubers-921037460,[Gen 1] UBERS,2019-06-02 20:54:49,,munchlax14135,illuminate38705,munchlax14135,True,"['Jynx', 'Mew', 'Slowbro']","['Mewtwo', 'Jolteon', 'Slowbro', 'Alakazam', 'Rhydon', 'Snorlax']",25,3,5
gen1ubers-679237002,[Gen 1] UBERS,2017-12-25 05:27:03,,woodhammer83701,miltank57341,woodhammer83701,False,"['Gyarados', 'Poliwrath', 'Pikachu']","['Cloyster', 'Beedrill', 'Golem']",14,2,2
gen1ubers-1143051465,[Gen 1] UBERS,2020-07-01 08:38:48,1000,tailwhip43653,recover14074,tailwhip43653,True,"['Gengar', 'Chansey', 'Exeggutor']",['Mewtwo'],18,2,0
gen1ubers-2206683644,[Gen 1] UBERS,2024-09-21 18:34:02,,stantler53358,heatproof88204,heatproof88204,False,"['Jolteon', 'Tauros', 'Hitmonchan', 'Chansey', 'Gyarados', 'Arcanine']","['Lapras', 'Charizard', 'Nidoking', 'Raichu', 'Dragonite']",33,10,4
gen1ubers-2175040471,[Gen 1] UBERS,2024-08-07 02:45:59,1000,rotomwash31525,probopass16431,probopass16431,False,"['Starmie', 'Mewtwo', 'Tauros', 'Slowbro', 'Chansey', 'Victreebel']","['Mewtwo', 'Mew', 'Zapdos', 'Jynx', 'Chansey', 'Snorlax']",84,13,12
gen1ubers-2185525108,[Gen 1] UBERS,2024-08-22 17:09:51,1046,growl5652,pelipper13259,growl5652,True,"['Mew', 'Tauros', 'Electrode', 'Gengar', 'Chansey']","['Exeggutor', 'Mewtwo', 'Jolteon', 'Mew', 'Slowbro', 'Golbat']",39,14,19
smogtours-gen1ubers-678095,[Gen 1] UBERS,2023-03-04 14:14:33,,powerherb16934,iceball26708,iceball26708,True,"['Mewtwo', 'Mew', 'Tauros', 'Gengar', 'Chansey', 'Snorlax']","['Mewtwo', 'Mew', 'Gengar', 'Chansey', 'Rhydon', 'Snorlax']",35,12,9
smogtours-gen1ubers-731038,[Gen 1] UBERS,2023-11-18 00:26:31,,icebody51285,steel89481,steel89481,True,"['Mewtwo', 'Mew', 'Exeggutor', 'Tauros', 'Zapdos', 'Snorlax']","['Mew', 'Mewtwo', 'Zapdos', 'Jynx', 'Chansey', 'Snorlax']",51,21,15
smogtours-gen1ubers-70720,[Gen 1] UBERS,2015-06-25 23:33:47,,zoomlens15496,heatrock37333,heatrock37333,True,"['Exeggutor', 'Mewtwo', 'Tauros', 'Jynx', 'Chansey', 'Snorlax']","['Mew', 'Mewtwo', 'Slowbro', 'Jynx', 'Chansey', 'Snorlax']",119,11,8
smogtours-gen1ubers-140752,[Gen 1] UBERS,2016-03-19 21:14:03,,psyduck78081,innerfocus91859,psyduck78081,False,"['Mew', 'Tauros', 'Zapdos', 'Golem', 'Gengar', 'Snorlax']","['Mew', 'Exeggutor', 'Tauros', 'Chansey', 'Snorlax', 'Alakazam']",43,9,7
gen1ubers-906334817,[Gen 1] UBERS,2019-05-08 22:40:54,,rest20747,tropius17094,rest20747,False,"['Starmie', 'Jolteon', 'Graveler', 'Clefable', 'Venusaur', 'Articuno']","['Tauros', 'Electrode', 'Dodrio', 'Jynx', 'Persian', 'Snorlax']",36,11,13
gen1ubers-969788734,[Gen 1] UBERS,2019-09-02 11:47:44,,griseousorb25272,teddiursa9962,griseousorb25272,True,"['Starmie', 'Mewtwo', 'Chansey']","['Mewtwo', 'Lapras', 'Jolteon', 'Tauros', 'Chansey']",19,3,4
gen1ubers-621559017,[Gen 1] UBERS,2017-08-23 19:50:35,,monferno30755,magnetrise41863,monferno30755,False,"['Beedrill', 'Rattata', 'Gastly', 'Kakuna']","['Moltres', 'Mewtwo', 'Dragonair', 'Gengar', 'Dewgong', 'Arcanine']",33,4,6
gen1ubers-1044403942,[Gen 1] UBERS,2020-01-11 07:01:33,,drapion98807,psychic92675,psychic92675,False,"['Mew', 'Exeggutor', 'Mewtwo', 'Slowbro', 'Jynx', 'Chansey']","['Starmie', 'Mewtwo', 'Exeggutor', 'Tauros', 'Gengar', 'Snorlax']",49,8,6
gen1ubers-715557804,[Gen 1] UBERS,2018-03-09 20:04:51,,delibird69259,plusle81074,delibird69259,False,"['Mewtwo', 'Charizard', 'Venusaur', 'Gengar', 'Snorlax']","['Moltres', 'Mew', 'Mewtwo', 'Zapdos', 'Gyarados', 'Vaporeon']",36,6,11
smogtours-gen1ubers-703386,[Gen 1] UBERS,2023-07-15 20:18:44,,deoxysdefense78874,mareep93864,mareep93864,False,"['Mewtwo', 'Mew', 'Tauros', 'Gengar', 'Chansey', 'Snorlax']","['Mewtwo', 'Mew', 'Zapdos', 'Gengar', 'Chansey', 'Snorlax']",64,18,24
rom-gen1ubers-479027,[Gen 1] UBERS,2018-12-13 15:04:17,,constrict58938,sudowoodo17153,constrict58938,False,"['Mew', 'Slowbro', 'Zapdos', 'Chansey', 'Snorlax']","['Mewtwo', 'Mew', 'Slowbro', 'Jynx', 'Chansey', 'Snorlax']",33,4,9
gen1ubers-2313222072,[Gen 1] UBERS,2025-03-05 20:07:08,,stickyhold83870,rowapberry76612,stickyhold83870,False,"[""Farfetch'D"", 'Dragonair', 'Poliwhirl', 'Haunter', 'Drowzee', 'Weepinbell']","['Scyther', 'Dragonair', 'Graveler', 'Haunter', 'Poliwhirl', 'Tangela']",33,8,10
smogtours-gen1ubers-822914,[Gen 1] UBERS,2025-03-02 18:04:01,,iceball26708,solarbeam98597,solarbeam98597,True,"['Cloyster', 'Mewtwo', 'Mew', 'Tauros', 'Jynx', 'Snorlax']","['Cloyster', 'Mew', 'Exeggutor', 'Mewtwo', 'Gengar', 'Snorlax']",35,15,9
gen1ubers-2167504577,[Gen 1] UBERS,2024-07-25 23:52:32,,hydration14831,hyperbeam38082,hydration14831,True,['Electrode'],"['Gengar', 'Electrode', 'Mewtwo', 'Aerodactyl']",21,0,6
gen1ubers-924830827,[Gen 1] UBERS,2019-06-09 02:37:00,1000,regigigas62995,machoke14723,regigigas62995,False,"['Mew', 'Exeggutor', 'Mewtwo', 'Chansey', 'Snorlax', 'Alakazam']","['Mew', 'Mewtwo', 'Tauros', 'Chansey', 'Snorlax', 'Dragonite']",85,13,8
gen1ubers-704304528,[Gen 1] UBERS,2018-02-15 02:11:32,,woodhammer83701,miltank57341,woodhammer83701,False,"['Jigglypuff', 'Clefairy', 'Horsea', 'Blastoise']","['Mr. Mime', 'Kadabra', 'Hypno']",28,5,4
gen1ubers-1174001276,[Gen 1] UBERS,2020-08-23 18:11:52,,futuresight13270,synchronize14428,synchronize14428,False,"['Mew', 'Mewtwo', 'Zapdos', 'Jynx', 'Chansey', 'Snorlax']","['Starmie', 'Mew', 'Exeggutor', 'Mewtwo', 'Chansey', 'Snorlax']",204,27,28
gen1ubers-2007896699,[Gen 1] UBERS,2023-12-09 05:40:02,,amnesia80899,sandshrew11903,amnesia80899,False,"['Mew', 'Mewtwo', 'Tauros', 'Gengar', 'Snorlax']","['Mewtwo', 'Exeggutor', 'Mew', 'Tauros', 'Chansey', 'Snorlax']",23,4,7
gen1ubers-580911028,[Gen 1] UBERS,2017-05-24 14:23:52,,razorwind35250,spinarak68499,razorwind35250,False,"['Arcanine', 'Electrode', 'Dragonite', 'Starmie']",['Mewtwo'],46,5,0
gen1ubers-900897733,[Gen 1] UBERS,2019-04-29 11:21:18,,thunder49799,hypnosis97921,thunder49799,False,"['Slowbro', 'Exeggutor', 'Snorlax', 'Tauros']","['Mewtwo', 'Tauros', 'Gengar', 'Chansey', 'Gyarados', 'Rhydon']",40,4,9
gen1ubers-525067186,[Gen 1] UBERS,2017-01-28 21:44:17,,deoxys62922,smoothrock29071,smoothrock29071,False,"['Cloyster', 'Mewtwo', 'Vileplume', 'Gengar', 'Gyarados', 'Arcanine']","['Mewtwo', 'Charizard', 'Lapras', 'Rhydon', 'Snorlax']",25,7,5
gen1ubers-715323399,[Gen 1] UBERS,2018-03-09 10:16:17,,watersport16089,stunky39923,watersport16089,False,['Charizard'],"['Flareon', 'Nidoqueen', 'Arbok', 'Mr. Mime', 'Primeape', 'Golbat']",32,0,5
gen1ubers-848085601,[Gen 1] UBERS,2019-01-13 01:18:04,,hyperfang96000,trickroom38246,trickroom38246,True,"['Mewtwo', 'Mew', 'Slowbro', 'Gengar', 'Chansey', 'Snorlax']","['Exeggutor', 'Mew', 'Mewtwo', 'Gengar', 'Chansey', 'Snorlax']",64,16,14
smogtours-gen1ubers-677912,[Gen 1] UBERS,2023-03-03 02:10:10,,arceusghost8496,mudsport71981,mudsport71981,False,"['Mew', 'Mewtwo', 'Exeggutor', 'Tauros', 'Persian', 'Snorlax']","['Mew', 'Mewtwo', 'Gengar', 'Chansey', 'Rhydon', 'Snorlax']",37,12,8
gen1ubers-2270906685,[Gen 1] UBERS,2024-12-28 10:34:15,,heatran58448,gible45423,heatran58448,True,"['Exeggutor', 'Mew', 'Tauros', 'Slowbro', 'Jynx', 'Snorlax']","['Starmie', 'Mew', 'Exeggutor', 'Tauros', 'Gengar', 'Snorlax']",68,22,25
smogtours-gen1ubers-673733,[Gen 1] UBERS,2023-02-08 17:11:36,,sturdy73204,belueberry81130,belueberry81130,False,"['Mewtwo', 'Exeggutor', 'Mew', 'Gengar', 'Chansey', 'Snorlax']","['Exeggutor', 'Mewtwo', 'Mew', 'Chansey', 'Rhydon', 'Snorlax']",44,14,11
smogtours-gen1ubers-145209,[Gen 1] UBERS,2016-04-01 20:39:10,,leechlife14525,omastar87604,leechlife14525,False,"['Exeggutor', 'Mew', 'Tauros', 'Golem', 'Chansey', 'Alakazam']","['Mew', 'Exeggutor', 'Tauros', 'Jynx', 'Chansey', 'Snorlax']",52,17,14
smogtours-gen1ubers-655644,[Gen 1] UBERS,2022-10-16 21:18:52,,synchronize14428,starfberry84995,starfberry84995,True,"['Mewtwo', 'Alakazam', 'Victreebel']","['Starmie', 'Chansey', 'Zapdos']",16,3,3
gen1ubers-2283425533,[Gen 1] UBERS,2025-01-18 12:57:27,,milotic19561,pelipper48923,milotic19561,False,"['Mew', 'Exeggutor', 'Mewtwo', 'Tauros', 'Chansey', 'Snorlax']","['Mewtwo', 'Mew', 'Exeggutor', 'Golem', 'Jynx', 'Snorlax']",44,14,12
gen1ubers-2060485625,[Gen 1] UBERS,2024-02-16 05:11:15,,seviper41633,focussash84199,focussash84199,False,"['Mewtwo', 'Exeggutor', 'Mew', 'Gengar', 'Chansey', 'Snorlax']","['Exeggutor', 'Mewtwo', 'Mew', 'Tauros', 'Snorlax']",41,7,7
smogtours-gen1ubers-776019,[Gen 1] UBERS,2024-06-22 17:19:25,,onix23031,buneary67957,buneary67957,False,"['Mewtwo', 'Exeggutor', 'Mew', 'Chansey', 'Rhydon', 'Snorlax']","['Moltres', 'Cloyster', 'Mewtwo', 'Mew', 'Jolteon', 'Chansey']",72,27,17
smogtours-gen1ubers-700829,[Gen 1] UBERS,2023-07-02 19:22:20,,deoxysdefense78874,arceusghost8496,deoxysdefense78874,False,"['Mewtwo', 'Mew', 'Tauros', 'Chansey', 'Rhydon', 'Snorlax']","['Mewtwo', 'Exeggutor', 'Mew', 'Tauros', 'Slowbro', 'Chansey']",49,12,8
magic-gen1ubers-3803,[Gen 1] UBERS,2017-07-19 02:09:33,,rage16346,hardstone23538,rage16346,False,"['Rhydon', 'Mew', 'Slowbro']","['Starmie', 'Tauros', 'Slowbro', 'Golem', 'Chansey', 'Alakazam']",25,2,9
rom-gen1ubers-479015,[Gen 1] UBERS,2018-12-13 14:56:25,,constrict58938,sudowoodo17153,constrict58938,False,"['Mew', 'Mewtwo', 'Slowbro', 'Zapdos', 'Chansey', 'Snorlax']","['Mewtwo', 'Mew', 'Slowbro', 'Jynx', 'Chansey', 'Snorlax']",93,5,8
gen1ubers-713586886,[Gen 1] UBERS,2018-03-05 22:20:42,,skillswap74981,lickitung38916,skillswap74981,False,"['Slowbro', 'Jynx', 'Chansey', 'Rhydon', 'Snorlax']","['Mewtwo', 'Exeggutor', 'Tauros', 'Slowbro', 'Jynx', 'Chansey']",41,11,16
smogtours-gen1ubers-694824,[Gen 1] UBERS,2023-05-30 01:56:45,,raikou64162,lusterpurge32163,raikou64162,True,"['Exeggutor', 'Mew', 'Mewtwo', 'Slowbro', 'Jynx', 'Chansey']","['Mewtwo', 'Mew', 'Jolteon', 'Tauros', 'Chansey', 'Snorlax']",132,39,52
gen1ubers-906544878,[Gen 1] UBERS,2019-05-09 09:34:58,,lapras51678,multitype63163,lapras51678,False,"['Mewtwo', 'Ninetales', 'Kangaskhan', 'Porygon', 'Chansey', 'Persian']","['Mew', 'Charizard', 'Kangaskhan', 'Slowbro', 'Golem', 'Dragonite']",45,5,8
smogtours-gen1ubers-174679,[Gen 1] UBERS,2016-07-09 17:16:32,,solarpower3830,poisonheal42759,poisonheal42759,False,"['Starmie', 'Mewtwo', 'Exeggutor', 'Mew', 'Chansey', 'Snorlax']","['Mewtwo', 'Mew', 'Exeggutor', 'Gengar', 'Chansey', 'Snorlax']",37,14,6
gen1ubers-924787043,[Gen 1] UBERS,2019-06-09 00:49:57,,durinberry63002,whirlwind99580,whirlwind99580,True,"['Mew', 'Exeggutor', 'Mewtwo', 'Slowbro', 'Zapdos', 'Chansey']","['Mew', 'Exeggutor', 'Tauros', 'Chansey', 'Snorlax']",29,9,5
smogtours-gen1ubers-819141,[Gen 1] UBERS,2025-02-09 19:44:48,,quickclaw83695,psn38480,psn38480,False,"['Starmie', 'Mew', 'Exeggutor', 'Mewtwo', 'Rhydon', 'Snorlax']","['Exeggutor', 'Mewtwo', 'Mew', 'Tauros', 'Golem', 'Gengar']",33,11,9
gen1ubers-2176357143,[Gen 1] UBERS,2024-08-09 00:31:19,1095,tangrowth23890,tailwind1994,tangrowth23890,True,"['Mew', 'Exeggutor', 'Mewtwo', 'Tauros', 'Snorlax']","['Mew', 'Mewtwo', 'Slowbro', 'Jynx', 'Chansey', 'Snorlax']",43,7,12
gen1ubers-357271985,[Gen 1] UBERS,2016-04-10 19:48:54,,starly21199,heatrock37333,starly21199,False,"['Mew', 'Slowbro', 'Gengar', 'Chansey', 'Rhydon']","['Mew', 'Jolteon', 'Tauros', 'Chansey', 'Snorlax', 'Alakazam']",72,4,10
smogtours-gen1ubers-777191,[Gen 1] UBERS,2024-06-29 14:57:01,,aurasphere76841,mareep93864,mareep93864,True,"['Mew', 'Mewtwo', 'Jolteon', 'Exeggutor', 'Zapdos', 'Snorlax']","['Mewtwo', 'Mew', 'Zapdos', 'Gengar', 'Chansey', 'Snorlax']",154,37,32
smogtours-gen1ubers-741024,[Gen 1] UBERS,2024-01-21 19:25:15,,icebody51285,sacredfire89193,sacredfire89193,False,"['Mew', 'Exeggutor', 'Mewtwo', 'Tauros', 'Hypno', 'Snorlax']","['Mewtwo', 'Exeggutor', 'Mew', 'Tauros', 'Gengar', 'Snorlax']",38,12,14
smogtours-gen1ubers-592872,[Gen 1] UBERS,2021-11-13 20:57:02,,synchronize14428,thrash52385,synchronize14428,True,"['Starmie', 'Mew', 'Exeggutor', 'Mewtwo', 'Chansey', 'Snorlax']","['Mewtwo', 'Mew', 'Zapdos', 'Gengar', 'Chansey', 'Snorlax']",79,15,19
gen1ubers-848485655,[Gen 1] UBERS,2019-01-13 23:34:08,,sacredfire97645,crushclaw72800,crushclaw72800,False,"['Mewtwo', 'Exeggutor', 'Jynx', 'Chansey', 'Snorlax', 'Dragonite']","['Exeggutor', 'Mewtwo']",52,7,1
gen1ubers-917152350,[Gen 1] UBERS,2019-05-27 11:17:14,,krabby97145,magiccoat91109,magiccoat91109,True,"['Exeggutor', 'Mew', 'Mewtwo', 'Slowbro', 'Jynx', 'Chansey']","['Mew', 'Exeggutor', 'Mewtwo', 'Tauros', 'Slowbro', 'Snorlax']",103,23,16
smogtours-gen1ubers-740311,[Gen 1] UBERS,2024-01-20 18:26:48,,castform97328,steadfast85547,castform97328,True,"['Mew', 'Mewtwo', 'Slowbro', 'Zapdos', 'Chansey', 'Snorlax']","['Mew', 'Mewtwo', 'Zapdos', 'Gengar', 'Chansey', 'Snorlax']",51,12,13
smogtours-gen1ubers-720462,[Gen 1] UBERS,2023-09-30 19:22:12,,shadowsneak30,skillswap74981,skillswap74981,False,"['Mewtwo', 'Mew', 'Slowbro', 'Chansey', 'Snorlax', 'Alakazam']","['Starmie', 'Exeggutor', 'Mewtwo', 'Mew', 'Tauros', 'Rhydon']",49,20,16
smogtours-gen1ubers-525556,[Gen 1] UBERS,2020-11-02 03:01:56,,innerfocus91859,sacredfire231,sacredfire231,False,"['Mewtwo', 'Mew', 'Tauros', 'Gengar', 'Chansey', 'Snorlax']","['Mewtwo', 'Mew', 'Zapdos', 'Gengar', 'Chansey', 'Snorlax']",45,11,9
rom-gen1ubers-479071,[Gen 1] UBERS,2018-12-13 15:33:51,,constrict58938,sudowoodo17153,constrict58938,False,"['Mew', 'Mewtwo', 'Slowbro', 'Zapdos', 'Chansey', 'Snorlax']","['Mewtwo', 'Mew', 'Slowbro', 'Jynx', 'Chansey', 'Snorlax']",51,7,8
gen1ubers-2175516675,[Gen 1] UBERS,2024-08-07 19:49:25,1139,infernape89990,mysteryberry28701,infernape89990,True,"['Mew', 'Mewtwo', 'Tauros', 'Gengar', 'Chansey', 'Snorlax']","['Mew', 'Exeggutor', 'Mewtwo', 'Mr. Mime', 'Snorlax']",22,7,7
smogtours-gen1ubers-804731,[Gen 1] UBERS,2024-11-04 02:46:31,,dark19734,psn38480,dark19734,False,"['Exeggutor', 'Mew', 'Mewtwo', 'Slowbro', 'Jynx', 'Snorlax']","['Mew', 'Exeggutor', 'Mewtwo', 'Arcanine', 'Snorlax', 'Dragonite']",38,11,12
gen1ubers-2213131333,[Gen 1] UBERS,2024-09-30 22:20:05,,gloom50365,heatran58448,heatran58448,False,"['Starmie', 'Exeggutor', 'Tauros', 'Jynx', 'Chansey', 'Rhydon']","['Starmie', 'Exeggutor', 'Jolteon', 'Zapdos', 'Jynx', 'Alakazam']",97,20,21
gen1ubers-790192926,[Gen 1] UBERS,2018-08-13 19:11:50,,raindance50399,rampardos21396,raindance50399,False,"['Mew', 'Exeggutor']","['Mew', 'Mewtwo', 'Tauros', 'Chansey', 'Persian', 'Snorlax']",21,1,7
smogtours-gen1ubers-788985,[Gen 1] UBERS,2024-09-04 00:43:11,,riolu39836,bravebird40912,riolu39836,True,"['Mew', 'Mewtwo', 'Slowbro', 'Chansey', 'Snorlax', 'Alakazam']","['Mew', 'Exeggutor', 'Jolteon', 'Mewtwo', 'Tauros', 'Snorlax']",98,10,11
gen1ubers-1064925160,[Gen 1] UBERS,2020-02-17 22:56:37,,loveball41396,tailwhip2839,tailwhip2839,True,"['Mewtwo', 'Exeggutor', 'Mew', 'Slowbro', 'Jynx', 'Chansey']","['Mewtwo', 'Mew', 'Exeggutor', 'Tauros', 'Chansey', 'Snorlax']",273,31,109
smogtours-gen1ubers-788179,[Gen 1] UBERS,2024-08-31 14:13:39,,flamewheel25525,torkoal68447,flamewheel25525,False,"['Mew', 'Mewtwo', 'Exeggutor', 'Tauros', 'Electrode', 'Snorlax']","['Cloyster', 'Exeggutor', 'Mewtwo', 'Mew', 'Tauros', 'Snorlax']",20,9,8
smogtours-gen1ubers-675633,[Gen 1] UBERS,2023-02-18 20:04:54,,arceusghost8496,harden39394,arceusghost8496,False,"['Mewtwo', 'Mew', 'Zapdos', 'Gengar', 'Chansey', 'Snorlax']","['Exeggutor', 'Mewtwo', 'Mew', 'Tauros', 'Chansey', 'Snorlax']",41,10,9
smogtours-gen1ubers-808650,[Gen 1] UBERS,2024-12-01 19:19:06,,bide32585,mareep93864,bide32585,False,"['Exeggutor', 'Mew', 'Mewtwo', 'Slowbro', 'Zapdos', 'Snorlax']","['Mewtwo', 'Exeggutor', 'Mew', 'Slowbro', 'Zapdos', 'Snorlax']",107,10,19
gen1ubers-757384056,[Gen 1] UBERS,2018-06-04 08:53:39,1010,airslash63871,delcatty31981,airslash63871,False,"['Mewtwo', 'Exeggutor', 'Mew', 'Gengar', 'Snorlax', 'Dragonite']","['Exeggutor', 'Mewtwo', 'Mew', 'Electrode', 'Golem', 'Jynx']",61,12,18
gen1ubers-735781228,[Gen 1] UBERS,2018-04-20 21:42:03,,moltres41380,waveincense51112,waveincense51112,True,"['Exeggutor', 'Mew', 'Mewtwo', 'Tauros', 'Slowbro', 'Snorlax']","['Mewtwo', 'Exeggutor', 'Mew', 'Jynx', 'Snorlax']",47,5,4
gen1ubers-357268213,[Gen 1] UBERS,2016-04-10 19:38:46,,starly21199,heatrock37333,heatrock37333,False,"['Mew', 'Tauros', 'Aerodactyl', 'Chansey', 'Alakazam', 'Snorlax']","['Exeggutor', 'Mew', 'Jolteon', 'Tauros', 'Chansey', 'Snorlax']",48,12,13
smogtours-gen1ubers-655075,[Gen 1] UBERS,2022-10-15 19:49:37,,arceusghost8496,iceball26708,arceusghost8496,False,"['Exeggutor', 'Mewtwo', 'Mew', 'Tauros', 'Persian', 'Snorlax']","['Exeggutor', 'Mewtwo', 'Mew', 'Slowbro', 'Jynx', 'Chansey']",88,31,33
gen1ubers-765994440,[Gen 1] UBERS,2018-06-22 15:09:46,,chikorita70851,gluttony14613,chikorita70851,False,"['Mewtwo', 'Mew', 'Slowbro', 'Zapdos', 'Chansey', 'Snorlax']","['Cloyster', 'Exeggutor', 'Mewtwo', 'Tauros', 'Zapdos', 'Chansey']",40,7,6
gen1ubers-1130432895,[Gen 1] UBERS,2020-06-10 19:52:40,,facade60368,flamethrower21140,facade60368,True,"['Starmie', 'Exeggutor', 'Mewtwo', 'Tauros', 'Chansey']","['Mew', 'Exeggutor', 'Mewtwo', 'Slowbro', 'Zapdos', 'Snorlax']",30,5,7
gen1ubers-720461560,[Gen 1] UBERS,2018-03-19 21:06:15,,raindance6746,rapidspin21726,raindance6746,False,"['Jynx', 'Mewtwo']","['Exeggutor', 'Mewtwo', 'Mew', 'Tauros', 'Slowbro', 'Snorlax']",29,1,6
gen1ubers-929663445,[Gen 1] UBERS,2019-06-17 04:00:15,,dialga48280,sweetscent78901,dialga48280,False,"['Electrode', 'Mew', 'Snorlax', 'Tauros']","['Snorlax', 'Tauros']",23,6,8
smogtours-gen1ubers-777462,[Gen 1] UBERS,2024-06-30 06:24:03,,steel89481,drapion2237,drapion2237,True,"['Mewtwo', 'Mew', 'Tauros', 'Gengar', 'Chansey', 'Snorlax']","['Starmie', 'Exeggutor', 'Mew', 'Mewtwo', 'Rhydon', 'Snorlax']",54,20,15
gen1ubers-2182733865,[Gen 1] UBERS,2024-08-18 18:58:51,1000,rapidash24830,moltres79295,rapidash24830,False,"['Mewtwo', 'Alakazam', 'Tauros']","['Lapras', 'Charizard', 'Venusaur', 'Pikachu', 'Snorlax', 'Blastoise']",16,3,6
smogtours-gen1ubers-697661,[Gen 1] UBERS,2023-06-17 17:28:42,,alakazam8068,mudsport71981,alakazam8068,False,"['Mew', 'Mewtwo', 'Tauros', 'Chansey', 'Hypno', 'Snorlax']","['Exeggutor', 'Mewtwo', 'Mew', 'Tauros', 'Chansey', 'Snorlax']",43,9,12
gen1ubers-1173988189,[Gen 1] UBERS,2020-08-23 17:28:59,,glaceon14796,cacturne74152,glaceon14796,False,"['Mewtwo', 'Exeggutor', 'Mew', 'Tauros', 'Slowbro', 'Snorlax']","['Starmie', 'Exeggutor', 'Mewtwo', 'Tauros', 'Chansey', 'Snorlax']",38,5,7
smogtours-gen1ubers-78436,[Gen 1] UBERS,2015-07-28 11:58:42,,stench25210,hustle11937,stench25210,False,"['Mewtwo', 'Mew', 'Slowbro', 'Jynx', 'Snorlax']","['Mew', 'Mewtwo', 'Exeggutor', 'Tauros', 'Zapdos', 'Snorlax']",43,7,12
gen1ubers-1137678425,[Gen 1] UBERS,2020-06-22 23:06:26,,cranidos9637,gunkshot9424,gunkshot9424,False,"['Exeggutor', 'Mew', 'Mewtwo', 'Tauros', 'Slowbro', 'Snorlax']","['Exeggutor', 'Mew', 'Mewtwo', 'Tauros', 'Slowbro', 'Snorlax']",48,10,10
gen1ubers-1145897175,[Gen 1] UBERS,2020-07-06 02:25:57,,mindreader12705,physical67369,physical67369,False,"['Gengar', 'Mewtwo', 'Alakazam', 'Snorlax']","['Mewtwo', 'Jolteon', 'Tauros']",28,9,2
gen1ubers-2184251062,[Gen 1] UBERS,2024-08-20 22:19:30,1048,fistplate50817,mintberry62541,mintberry62541,False,"['Mewtwo', 'Exeggutor', 'Mew', 'Tauros', 'Chansey', 'Snorlax']","['Mew', 'Exeggutor', 'Mewtwo', 'Chansey', 'Alakazam', 'Snorlax']",153,10,11
rom-gen1ubers-479105,[Gen 1] UBERS,2018-12-13 15:56:08,,constrict58938,sudowoodo17153,constrict58938,False,"['Mew', 'Slowbro', 'Zapdos', 'Chansey', 'Snorlax']","['Mewtwo', 'Mew', 'Slowbro', 'Jynx', 'Chansey', 'Snorlax']",40,5,8
rom-gen1ubers-479022,[Gen 1] UBERS,2018-12-13 15:01:56,,constrict58938,sudowoodo17153,constrict58938,False,"['Chansey', 'Mew', 'Snorlax', 'Zapdos']","['Mewtwo', 'Mew', 'Slowbro', 'Jynx', 'Chansey', 'Snorlax']",26,3,7
gen1ubers-526813734,[Gen 1] UBERS,2017-02-01 03:15:11,,miltank57341,woodhammer83701,miltank57341,False,['Raichu'],"['Sandshrew', 'Vulpix', 'Eevee', 'Magnemite', 'Fearow']",10,0,4
gen1ubers-2095252144,[Gen 1] UBERS,2024-04-03 17:54:59,,vileplume92177,spelltag68348,vileplume92177,False,"['Exeggutor', 'Mew', 'Jolteon', 'Tauros', 'Chansey', 'Snorlax']","['Mew', 'Exeggutor', 'Tauros', 'Gengar', 'Rhydon', 'Snorlax']",51,13,14
smogtours-gen1ubers-699220,[Gen 1] UBERS,2023-06-25 16:13:15,,psn38480,powerherb16934,psn38480,False,"['Exeggutor', 'Mew', 'Chansey', 'Rhydon', 'Snorlax']","['Starmie', 'Mew', 'Mewtwo', 'Chansey', 'Rhydon', 'Snorlax']",41,9,14
gen1ubers-2090820974,[Gen 1] UBERS,2024-03-28 06:54:29,,levelball80103,mentalherb98579,levelball80103,False,"['Cloyster', 'Exeggutor', 'Tauros', 'Chansey', 'Snorlax']","['Exeggutor', 'Mewtwo', 'Mew', 'Tauros', 'Chansey', 'Snorlax']",49,6,7
smogtours-gen1ubers-819833,[Gen 1] UBERS,2025-02-14 23:33:44,,wacanberry11962,mudsport71981,wacanberry11962,False,"['Cloyster', 'Mew', 'Exeggutor', 'Mewtwo', 'Tauros', 'Chansey']","['Moltres', 'Starmie', 'Exeggutor', 'Mewtwo', 'Mew', 'Snorlax']",83,25,19
rom-gen1ubers-468238,[Gen 1] UBERS,2018-12-02 18:19:18,,constrict58938,sudowoodo17153,constrict58938,False,"['Mew', 'Exeggutor', 'Snorlax', 'Zapdos']","['Mew', 'Mewtwo', 'Slowbro', 'Jynx', 'Chansey', 'Snorlax']",22,3,6
gen1ubers-757614151,[Gen 1] UBERS,2018-06-04 19:34:03,1025,conversion222171,aurasphere69204,conversion222171,True,"['Mew', 'Mewtwo', 'Exeggutor', 'Slowbro', 'Gengar']","['Mew', 'Mewtwo', 'Tauros', 'Jynx', 'Chansey']",50,6,4
gen1ubers-712433217,[Gen 1] UBERS,2018-03-03 16:17:09,,delcatty31981,waveincense51112,delcatty31981,False,"['Mew', 'Mewtwo', 'Electrode', 'Golem', 'Jynx', 'Chansey']","['Exeggutor', 'Mew', 'Mewtwo', 'Jynx', 'Chansey', 'Snorlax']",35,12,9
gen1ubers-1090522092,[Gen 1] UBERS,2020-04-03 22:42:05,,lightningrod63180,powerswap63373,lightningrod63180,True,"['Machoke', 'Tauros', 'Dragonair', 'Poliwhirl', 'Hypno', 'Venusaur']","['Machoke', 'Venusaur', 'Dewgong', 'Charmeleon', 'Alakazam', 'Gastly']",70,8,9
gen1ubers-246497170,[Gen 1] UBERS,2015-07-04 12:31:36,,roost96706,safariball30401,safariball30401,True,"['Mewtwo', 'Mew', 'Slowbro', 'Zapdos', 'Jynx', 'Snorlax']","['Mewtwo', 'Exeggutor', 'Snorlax']",20,5,2
gen1ubers-2166371309,[Gen 1] UBERS,2024-07-24 03:24:15,,return35038,butterfree20893,butterfree20893,False,"['Mew', 'Mewtwo', 'Tauros', 'Gengar', 'Chansey', 'Alakazam']","['Mewtwo', 'Aerodactyl', 'Gengar', 'Chansey', 'Snorlax', 'Dragonite']",56,16,12
gen1ubers-2186957195,[Gen 1] UBERS,2024-08-24 18:57:06,1000,gloom24666,machoke92118,gloom24666,True,"['Starmie', 'Mew', 'Mewtwo', 'Chansey', 'Rhydon', 'Snorlax']","['Mewtwo', 'Mew', 'Slowbro', 'Jynx', 'Chansey', 'Snorlax']",183,25,13
gen1ubers-726165731,[Gen 1] UBERS,2018-03-31 19:09:02,,gorebyss42371,payback7723,payback7723,False,"['Exeggutor', 'Mew', 'Mewtwo', 'Slowbro', 'Jynx', 'Chansey']","['Exeggutor', 'Mewtwo', 'Mew', 'Tauros', 'Slowbro', 'Snorlax']",129,11,8
smogtours-gen1ubers-739190,[Gen 1] UBERS,2024-01-14 14:42:27,,mareep93864,sacredfire89193,mareep93864,False,"['Mew', 'Mewtwo', 'Tauros', 'Zapdos', 'Chansey', 'Snorlax']","['Mew', 'Mewtwo', 'Exeggutor', 'Tauros', 'Chansey', 'Snorlax']",24,7,8
gen1ubers-2182992093,[Gen 1] UBERS,2024-08-19 03:08:42,1149,croagunk82436,mothim5580,croagunk82436,False,"['Mewtwo', 'Mew', 'Tauros', 'Slowbro', 'Electrode', 'Rhydon']","['Cloyster', 'Jolteon', 'Tauros', 'Dugtrio', 'Persian', 'Dragonite']",31,7,8
gen1ubers-1162603328,[Gen 1] UBERS,2020-08-03 17:00:23,,duskball14280,bitterberry76116,bitterberry76116,False,"['Slowbro', 'Gengar', 'Electabuzz', 'Arcanine', 'Venusaur', 'Dragonite']","['Gengar', 'Nidoking', 'Snorlax']",32,6,2
smogtours-gen1ubers-525223,[Gen 1] UBERS,2020-11-01 17:04:10,,synchronize14428,koffing93492,synchronize14428,True,"['Starmie', 'Mewtwo', 'Exeggutor', 'Mew', 'Chansey', 'Snorlax']","['Mewtwo', 'Mew', 'Zapdos', 'Gengar', 'Chansey', 'Snorlax']",100,21,17
gen1ubers-2180818884,[Gen 1] UBERS,2024-08-15 19:35:42,1065,giratina81514,aircutter66087,aircutter66087,False,"['Mew', 'Mewtwo', 'Slowbro', 'Electrode', 'Chansey', 'Snorlax']","['Mew', 'Mewtwo', 'Jolteon', 'Jynx', 'Parasect', 'Snorlax']",33,9,7
gen1ubers-720394671,[Gen 1] UBERS,2018-03-19 18:44:51,,dreameater24458,gabite71548,dreameater24458,False,"['Parasect', 'Jynx', 'Gengar']","['Golduck', ""Farfetch'D"", 'Porygon', 'Wigglytuff', 'Arcanine', 'Tangela']",29,3,8
gen1ubers-355856531,[Gen 1] UBERS,2016-04-07 20:21:51,,yanma71447,lick83288,lick83288,False,"['Exeggutor', 'Mew', 'Tauros', 'Jynx', 'Chansey', 'Snorlax']","['Starmie', 'Tauros', 'Chansey', 'Snorlax', 'Dragonite']",52,12,11
smogtours-gen1ubers-777743,[Gen 1] UBERS,2024-06-30 19:34:54,,fissure61188,arceusghost8496,fissure61188,False,"['Exeggutor', 'Mewtwo', 'Mew', 'Tauros', 'Jynx', 'Snorlax']","['Cloyster', 'Mewtwo', 'Mew', 'Exeggutor', 'Zapdos', 'Rhydon']",51,18,18
smogtours-gen1ubers-673064,[Gen 1] UBERS,2023-02-05 09:56:17,,drapion2237,deoxysdefense78874,drapion2237,True,"['Mew', 'Slowbro', 'Chansey', 'Hypno', 'Rhydon']","['Mew', 'Mewtwo', 'Jolteon', 'Slowbro', 'Chansey', 'Snorlax']",58,18,20
gen1ubers-557555614,[Gen 1] UBERS,2017-04-05 20:44:22,,aggron60452,stealthrock87335,stealthrock87335,False,"['Mew', 'Exeggutor', 'Mewtwo', 'Tauros', 'Slowbro', 'Chansey']","['Mewtwo', 'Jolteon', 'Tauros', 'Zapdos', 'Chansey', 'Snorlax']",63,9,14
smogtours-gen1ubers-140787,[Gen 1] UBERS,2016-03-19 21:37:57,,innerfocus91859,psyduck78081,innerfocus91859,False,"['Mew', 'Slowbro', 'Gengar', 'Chansey', 'Rhydon', 'Snorlax']","['Mew', 'Tauros', 'Zapdos', 'Golem', 'Gengar', 'Snorlax']",43,12,13
gen1ubers-1140456341,[Gen 1] UBERS,2020-06-27 01:55:35,1038,tailwhip2839,brightpowder67172,tailwhip2839,True,"['Mew', 'Exeggutor', 'Tauros', 'Chansey', 'Snorlax']","['Mewtwo', 'Mew', 'Golem', 'Alakazam', 'Snorlax']",20,5,9
gen1ubers-692255945,[Gen 1] UBERS,2018-01-21 20:59:28,,mist93128,aggron60452,aggron60452,True,"['Exeggutor', 'Mew', 'Mewtwo', 'Zapdos', 'Gengar', 'Snorlax']","['Mew', 'Slowbro', 'Gengar', 'Chansey', 'Snorlax']",40,8,8
gen1ubers-823937108,[Gen 1] UBERS,2018-10-22 14:09:42,,snore88965,spiderweb27115,spiderweb27115,False,"['Mewtwo', 'Exeggutor', 'Mew', 'Gengar', 'Chansey', 'Snorlax']","['Starmie', 'Mewtwo', 'Mew', 'Tauros', 'Chansey', 'Snorlax']",46,10,10
smogtours-gen1ubers-746027,[Gen 1] UBERS,2024-02-09 21:27:08,,fissure61188,sacredfire89193,sacredfire89193,False,"['Mew', 'Exeggutor', 'Mewtwo', 'Tauros', 'Chansey', 'Snorlax']","['Mew', 'Exeggutor', 'Mewtwo', 'Tauros', 'Zapdos', 'Snorlax']",62,15,14
gen1ubers-572267693,[Gen 1] UBERS,2017-05-06 02:13:54,,woodhammer83701,miltank57341,woodhammer83701,False,"['Pidgey', 'Pikachu']","['Onix', 'Geodude']",50,4,1
gen1ubers-696977660,[Gen 1] UBERS,2018-01-31 13:26:28,,venonat53531,liechiberry46724,venonat53531,False,"['Mew', 'Mewtwo', 'Exeggutor', 'Zapdos', 'Snorlax']","['Mewtwo', 'Mew', 'Lapras', 'Exeggutor', 'Tauros', 'Snorlax']",36,5,8
gen1ubers-2181568209,[Gen 1] UBERS,2024-08-16 21:34:26,1000,berryjuice11756,noability84818,berryjuice11756,False,"['Exeggutor', 'Mew', 'Jolteon', 'Mewtwo', 'Slowbro', 'Vaporeon']","['Mew', 'Mewtwo', 'Slowbro', 'Electrode', 'Chansey', 'Snorlax']",56,14,12
smogtours-gen1ubers-176700,[Gen 1] UBERS,2016-07-17 05:56:35,,innerfocus91859,dragonfang69245,innerfocus91859,True,"['Mewtwo', 'Mew', 'Slowbro', 'Jynx', 'Chansey']","['Mew', 'Mewtwo', 'Slowbro', 'Jynx', 'Chansey', 'Snorlax']",39,6,6
gen1ubers-761128416,[Gen 1] UBERS,2018-06-11 22:42:38,,waveincense51112,return265,waveincense51112,False,"['Exeggutor', 'Mewtwo', 'Tauros', 'Jynx', 'Chansey', 'Snorlax']","['Mewtwo', 'Tauros', 'Slowbro', 'Jynx', 'Chansey', 'Snorlax']",52,6,6
gen1ubers-1060154444,[Gen 1] UBERS,2020-02-08 23:59:00,,magnezone91045,mrmime58490,magnezone91045,False,"['Mewtwo', 'Porygon', 'Gyarados', 'Arcanine', 'Snorlax', 'Dragonite']","['Cloyster', 'Zapdos', 'Gengar', 'Chansey', 'Snorlax', 'Dragonite']",58,6,10
gen1ubers-758236098,[Gen 1] UBERS,2018-06-06 00:21:51,1000,luxuryball60750,wingull77021,wingull77021,True,"['Moltres', 'Mew', 'Mewtwo', 'Charizard', 'Articuno']","['Alakazam', 'Zapdos']",40,5,1
gen1ubers-1171287007,[Gen 1] UBERS,2020-08-18 23:35:52,,mew57219,omastar82748,omastar82748,False,"['Vileplume', 'Ninetales', 'Nidoking', 'Eevee', 'Meowth', 'Beedrill']","['Lapras', 'Charizard', 'Jolteon', 'Exeggutor', 'Onix', 'Gengar']",28,10,8
gen1ubers-353464339,[Gen 1] UBERS,2016-04-02 17:11:11,,rockwrecker10394,waterpulse5007,waterpulse5007,False,"['Lapras', 'Charizard', 'Gengar', 'Bulbasaur', 'Dragonite', 'Blastoise']","['Mew', 'Mewtwo', 'Kabuto', 'Zapdos', 'Dragonite']",23,10,5
gen1ubers-742608769,[Gen 1] UBERS,2018-05-04 22:25:22,,woodhammer83701,transform9613,woodhammer83701,False,"['Ivysaur', 'Poliwrath', 'Pikachu']","['Vileplume', 'Bellsprout', 'Victreebel', 'Weepinbell', 'Tangela']",25,6,4
gen1ubers-904701252,[Gen 1] UBERS,2019-05-06 01:41:06,,embargo39854,trick33871,trick33871,True,"['Mewtwo', 'Mew', 'Slowbro', 'Jynx', 'Snorlax']","['Jynx', 'Gengar', 'Chansey', 'Mewtwo']",66,9,7
smogtours-gen1ubers-672696,[Gen 1] UBERS,2023-02-04 16:03:03,,shadowsneak30,mysteryberry83821,mysteryberry83821,False,"['Exeggutor', 'Mewtwo', 'Mew', 'Gengar', 'Chansey', 'Snorlax']","['Exeggutor', 'Mew', 'Slowbro', 'Zapdos', 'Snorlax']",43,17,9
gen1ubers-824116489,[Gen 1] UBERS,2018-10-22 20:49:05,,keeneye74600,shedinja79920,shedinja79920,True,"['Mewtwo', 'Exeggutor', 'Slowbro', 'Jynx', 'Chansey', 'Alakazam']","['Slowbro', 'Mewtwo', 'Jolteon', 'Tauros']",43,7,4
gen1ubers-2015679177,[Gen 1] UBERS,2023-12-20 05:27:34,,raindish36539,luckychant8418,luckychant8418,False,"['Mewtwo', 'Tauros', 'Electrode', 'Gengar', 'Chansey', 'Venusaur']","['Starmie', 'Mew', 'Mewtwo', 'Charizard', 'Electabuzz', 'Articuno']",81,17,11
gen1ubers-2191249740,[Gen 1] UBERS,2024-08-30 20:04:21,1127,agility81333,typechange69487,typechange69487,False,"['Exeggutor', 'Mew', 'Mewtwo', 'Tauros', 'Gengar', 'Chansey']","['Mewtwo', 'Exeggutor', 'Mew', 'Tauros', 'Slowbro', 'Snorlax']",141,16,23
smogtours-gen1ubers-821719,[Gen 1] UBERS,2025-02-23 18:42:23,,nestball5505,psn38480,psn38480,True,"['Mewtwo', 'Mew', 'Slowbro', 'Zapdos', 'Chansey', 'Snorlax']","['Exeggutor', 'Mewtwo', 'Mew', 'Tauros', 'Zapdos', 'Rhydon']",35,10,13
gen1ubers-1072605158,[Gen 1] UBERS,2020-03-03 03:46:03,,ninetales87079,horndrill60662,ninetales87079,False,"['Exeggutor', 'Mew', 'Tauros', 'Slowbro', 'Snorlax']","['Mew', 'Exeggutor', 'Mewtwo', 'Tauros', 'Slowbro', 'Chansey']",30,6,7
gen1ubers-2121558488,[Gen 1] UBERS,2024-05-10 00:58:19,,chansey50342,stunspore7104,stunspore7104,False,"['Mewtwo', 'Mew', 'Zapdos', 'Snorlax', 'Alakazam', 'Articuno']","['Mew', 'Mewtwo', 'Jolteon', 'Tauros', 'Chansey']",76,7,7
gen1ubers-298734344,[Gen 1] UBERS,2015-11-29 12:48:01,,mefirst94337,chimecho62545,chimecho62545,False,"['Mewtwo', 'Exeggutor', 'Electrode', 'Lickitung', 'Victreebel', 'Hypno']","['Kingler', 'Exeggutor', 'Mewtwo', 'Victreebel', 'Hypno', 'Vaporeon']",275,20,26
smogtours-gen1ubers-668105,[Gen 1] UBERS,2023-01-10 06:04:46,,forecast46529,absorb86921,forecast46529,False,"['Mew', 'Mewtwo', 'Exeggutor', 'Zapdos', 'Chansey', 'Snorlax']","['Mew', 'Exeggutor', 'Mewtwo', 'Tauros', 'Chansey', 'Snorlax']",110,21,20
gen1ubers-2175600001,[Gen 1] UBERS,2024-08-07 22:20:38,1055,quilava32306,destinybond35325,destinybond35325,False,"['Mew', 'Exeggutor', 'Mewtwo', 'Tauros', 'Chansey', 'Snorlax']","['Mew', 'Mewtwo', 'Jolteon', 'Chansey', 'Snorlax', 'Articuno']",65,13,9
gen1ubers-2164814827,[Gen 1] UBERS,2024-07-21 14:30:58,,ludicolo79993,magikarp15910,magikarp15910,True,"['Gengar', 'Electrode']","['Electrode', 'Mewtwo']",25,2,2
gen1ubers-896188568,[Gen 1] UBERS,2019-04-20 15:58:19,,embargo94679,naturepower57210,naturepower57210,False,"['Mew', 'Mewtwo', 'Zapdos', 'Chansey', 'Snorlax', 'Alakazam']","['Mewtwo', 'Exeggutor', 'Tauros', 'Slowbro', 'Snorlax']",32,11,4
smogtours-gen1ubers-739444,[Gen 1] UBERS,2024-01-15 04:25:49,,castform97328,icebody51285,castform97328,True,"['Mewtwo', 'Mew', 'Zapdos', 'Jynx', 'Chansey', 'Snorlax']","['Mew', 'Mewtwo', 'Tauros', 'Gengar', 'Chansey', 'Snorlax']",49,10,15
gen1ubers-2174127493,[Gen 1] UBERS,2024-08-05 19:42:41,1102,softboiled62997,extremespeed54094,extremespeed54094,False,"['Mew', 'Mewtwo', 'Exeggutor', 'Tauros', 'Chansey', 'Snorlax']","['Cloyster', 'Mew', 'Charizard', 'Mewtwo', 'Golem', 'Chansey']",72,31,28
gen1ubers-739762442,[Gen 1] UBERS,2018-04-29 03:04:06,,eevee75445,drifblim84361,eevee75445,False,"['Nidoking', 'Charizard', 'Jolteon']","['Exeggutor', 'Vileplume', 'Victreebel', 'Parasect', 'Tangela', 'Venusaur']",20,2,5
smogtours-gen1ubers-816180,[Gen 1] UBERS,2025-01-26 16:07:00,,wacanberry11962,fissure61188,fissure61188,False,"['Cloyster', 'Mewtwo', 'Mew', 'Exeggutor', 'Zapdos', 'Rhydon']","['Mewtwo', 'Exeggutor', 'Mew', 'Tauros', 'Jynx', 'Snorlax']",25,9,9
smogtours-gen1ubers-820359,[Gen 1] UBERS,2025-02-16 16:17:13,,iceball26708,wacanberry11962,iceball26708,False,"['Mewtwo', 'Mew', 'Zapdos', 'Gengar', 'Chansey', 'Snorlax']","['Mewtwo', 'Mew', 'Jolteon', 'Rhydon', 'Alakazam', 'Dragonite']",77,39,13
gen1ubers-2064071232,[Gen 1] UBERS,2024-02-21 02:45:43,,custapberry19163,gorebyss2916,custapberry19163,False,"['Electrode', 'Chansey']","['Electrode', 'Chansey']",93,3,36
smogtours-gen1ubers-802625,[Gen 1] UBERS,2024-10-27 19:03:16,,buneary67957,mareep93864,buneary67957,False,"['Mew', 'Mewtwo', 'Zapdos', 'Exeggutor']","['Starmie', 'Mewtwo', 'Exeggutor', 'Mew', 'Tauros', 'Zapdos']",20,5,8
gen1ubers-1044924728,[Gen 1] UBERS,2020-01-12 06:51:50,,blackbelt63683,skilllink6848,skilllink6848,True,"['Tangela', 'Alakazam', 'Dragonair']","['Slowbro', 'Nidoking', 'Charizard', 'Starmie']",13,2,3
gen1ubers-243583303,[Gen 1] UBERS,2015-06-24 21:20:16,,imprison56103,earthpower70969,earthpower70969,True,"['Starmie', 'Exeggutor', 'Mewtwo', 'Mew', 'Jynx', 'Chansey']","['Starmie', 'Mew', 'Exeggutor', 'Mewtwo', 'Tauros', 'Chansey']",148,9,10
smogtours-gen1ubers-776518,[Gen 1] UBERS,2024-06-23 20:18:22,,aeroblast8709,weezing40879,weezing40879,False,"['Moltres', 'Mewtwo', 'Mew', 'Tauros', 'Jynx', 'Snorlax']","['Mewtwo', 'Mew', 'Zapdos', 'Chansey', 'Rhydon', 'Snorlax']",17,8,8
smogtours-gen1ubers-676817,[Gen 1] UBERS,2023-02-22 20:32:27,,skullbash4784,powerherb16934,powerherb16934,True,"['Mewtwo', 'Mew', 'Zapdos', 'Chansey', 'Rhydon', 'Snorlax']","['Mew', 'Mewtwo', 'Zapdos', 'Gengar', 'Chansey', 'Snorlax']",55,15,18
smogtours-gen1ubers-605622,[Gen 1] UBERS,2022-01-29 23:28:01,,arceusghost8496,starfberry84995,arceusghost8496,False,"['Mewtwo', 'Mew', 'Zapdos', 'Gengar', 'Chansey', 'Snorlax']","['Mewtwo', 'Mew', 'Chansey', 'Snorlax', 'Rhydon', 'Alakazam']",62,23,21
smogtours-gen1ubers-605972,[Gen 1] UBERS,2022-01-30 20:57:48,,psn38480,synchronize14428,psn38480,True,"['Starmie', 'Exeggutor', 'Mewtwo', 'Slowbro', 'Snorlax']","['Mewtwo', 'Exeggutor', 'Mew', 'Gengar', 'Chansey', 'Snorlax']",46,12,18
gen1ubers-913705397,[Gen 1] UBERS,2019-05-21 16:35:35,,oranberry44566,quilava99512,quilava99512,True,"['Mew', 'Mewtwo', 'Zapdos', 'Jynx', 'Chansey', 'Snorlax']","['Starmie', 'Mewtwo', 'Mew', 'Gengar', 'Chansey', 'Snorlax']",100,20,20
gen1ubers-1044889171,[Gen 1] UBERS,2020-01-12 04:50:00,,anticipation69983,rockpolish68549,anticipation69983,True,"['Exeggutor', 'Gyarados', 'Rhydon', 'Arcanine', 'Alakazam']","['Starmie', 'Nidoqueen', 'Pidgeot']",15,5,2
gen1ubers-413036466,[Gen 1] UBERS,2016-08-08 10:39:40,,rowapberry35587,apicotberry47926,rowapberry35587,False,"['Exeggutor', 'Lapras', 'Jolteon', 'Flareon', 'Rhydon', 'Snorlax']","['Exeggutor', 'Charizard', 'Mewtwo', 'Gyarados', 'Rhydon', 'Dragonite']",36,12,14
smogtours-gen1ubers-527703,[Gen 1] UBERS,2020-11-15 19:25:34,,innerfocus91859,amnesia25800,innerfocus91859,True,"['Mew', 'Mewtwo', 'Zapdos', 'Chansey', 'Snorlax', 'Alakazam']","['Mewtwo', 'Exeggutor', 'Mew', 'Gengar', 'Chansey', 'Snorlax']",34,11,11
smogtours-gen1ubers-806966,[Gen 1] UBERS,2024-11-18 01:12:46,,psn38480,dark19734,psn38480,False,"['Mew', 'Mewtwo', 'Tauros', 'Zapdos', 'Jynx', 'Snorlax']","['Cloyster', 'Exeggutor', 'Mewtwo', 'Mew', 'Slowbro', 'Jynx']",46,12,11
gen1ubers-620700363,[Gen 1] UBERS,2017-08-21 21:06:38,,monferno30755,magnetrise41863,monferno30755,False,"['Kabuto', 'Rattata', 'Gastly']","['Moltres', 'Mewtwo', 'Dragonair', 'Gengar', 'Dewgong', 'Arcanine']",12,2,7
smogtours-gen1ubers-590788,[Gen 1] UBERS,2021-11-01 05:13:38,,swarm18901,payday74254,swarm18901,False,"['Cloyster', 'Exeggutor', 'Mew', 'Chansey', 'Snorlax']","['Mewtwo', 'Mew', 'Jolteon', 'Tauros', 'Chansey', 'Snorlax']",33,7,8
smogtours-gen1ubers-153835,[Gen 1] UBERS,2016-04-23 14:55:15,,starly21199,powerherb16934,starly21199,False,"['Mew', 'Tauros', 'Zapdos', 'Chansey', 'Alakazam', 'Snorlax']","['Starmie', 'Mew', 'Tauros', 'Chansey', 'Snorlax', 'Dragonite']",61,10,8
smogtours-gen1ubers-817646,[Gen 1] UBERS,2025-02-02 18:42:01,,status34375,psn38480,status34375,True,"['Mewtwo', 'Exeggutor', 'Mew', 'Slowbro', 'Rhydon', 'Snorlax']","['Starmie', 'Exeggutor', 'Mewtwo', 'Mew', 'Rhydon', 'Snorlax']",39,14,11
gen1ubers-2180290972,[Gen 1] UBERS,2024-08-15 00:11:13,1254,gloom24666,raticate97196,gloom24666,True,"['Cloyster', 'Mew', 'Chansey', 'Snorlax', 'Alakazam']","['Mewtwo', 'Exeggutor', 'Mew', 'Slowbro', 'Chansey', 'Snorlax']",26,9,11
gen1ubers-453376418,[Gen 1] UBERS,2016-10-08 19:10:58,,miracleberry23649,megadrain71238,miracleberry23649,False,"['Scyther', 'Mewtwo', 'Tauros', 'Pinsir', 'Persian']","['Exeggutor', 'Tauros', 'Gengar', 'Chansey', 'Snorlax', 'Alakazam']",38,4,5
gen1ubers-1133692982,[Gen 1] UBERS,2020-06-16 15:40:27,,xatu53081,spark63591,xatu53081,False,"['Rhydon', 'Mewtwo', 'Slowbro', 'Mew']","['Exeggutor', 'Tauros', 'Golem', 'Chansey', 'Snorlax', 'Alakazam']",40,3,6
gen1ubers-624518849,[Gen 1] UBERS,2017-08-30 12:10:22,,megakick15440,ekans87081,megakick15440,False,"['Mew', 'Mewtwo', 'Tauros', 'Golem', 'Chansey', 'Beedrill']","['Mew', 'Mewtwo', 'Tauros', 'Chansey', 'Rhydon', 'Alakazam']",24,6,7
gen1ubers-2131301354,[Gen 1] UBERS,2024-05-27 06:32:50,,kricketune97683,firefang33287,kricketune97683,False,"['Mew', 'Mewtwo', 'Zapdos', 'Gengar', 'Chansey', 'Snorlax']","['Exeggutor', 'Mewtwo', 'Mew', 'Slowbro', 'Snorlax', 'Dragonite']",88,8,11
smogtours-gen1ubers-780094,[Gen 1] UBERS,2024-07-14 04:37:39,,drapion2237,arceusghost8496,drapion2237,True,"['Mewtwo', 'Mew', 'Exeggutor', 'Zapdos', 'Jynx', 'Snorlax']","['Cloyster', 'Mew', 'Exeggutor', 'Mewtwo', 'Zapdos', 'Snorlax']",44,17,19
gen1ubers-857292597,[Gen 1] UBERS,2019-02-02 17:02:29,,metronome13776,gloom24942,gloom24942,False,"['Mew', 'Charizard', 'Jolteon', 'Venusaur', 'Blastoise', 'Articuno']","['Mewtwo', 'Exeggutor', 'Mew', 'Slowbro', 'Eevee', 'Gengar']",54,5,8
gen1ubers-397867539,[Gen 1] UBERS,2016-07-10 17:56:41,,icepunch49350,metalburst30943,icepunch49350,True,"['Mewtwo', 'Mew', 'Slowbro', 'Jynx', 'Chansey', 'Snorlax']","['Mewtwo', 'Mew', 'Slowbro', 'Jynx', 'Chansey']",56,7,6
gen1ubers-1126027130,[Gen 1] UBERS,2020-06-03 14:20:44,,earthquake9505,tentacool3489,tentacool3489,False,"[""Farfetch'D"", 'Tauros', 'Aerodactyl', 'Slowbro', 'Arbok', 'Primeape']",['Mewtwo'],12,6,0
gen1ubers-825304820,[Gen 1] UBERS,2018-11-24 01:44:47,,tropius17094,rest20747,rest20747,False,"['Golduck', 'Tauros', 'Electrode', 'Jynx', 'Persian', 'Snorlax']","['Starmie', 'Jolteon', 'Sandslash', 'Clefable', 'Venusaur', 'Articuno']",33,12,10
smogtours-gen1ubers-673390,[Gen 1] UBERS,2023-02-05 21:33:36,,castform97328,fissure61188,castform97328,False,"['Lapras', 'Mewtwo', 'Mew', 'Chansey', 'Snorlax', 'Alakazam']","['Mew', 'Mewtwo', 'Zapdos', 'Chansey', 'Snorlax', 'Dragonite']",84,16,14
gen1ubers-1044938324,[Gen 1] UBERS,2020-01-12 07:48:26,,blacksludge7920,entei30085,blacksludge7920,True,"['Marowak', 'Mr. Mime', 'Hitmonchan']","['Onix', 'Electabuzz', 'Golbat']",13,2,2
smogtours-gen1ubers-736596,[Gen 1] UBERS,2023-12-26 01:08:04,,skillswap74981,cascoon94634,cascoon94634,False,"['Mew', 'Mewtwo', 'Exeggutor', 'Tauros', 'Dodrio', 'Snorlax']","['Mew', 'Mewtwo', 'Exeggutor', 'Tauros', 'Snorlax']",20,7,4
rom-gen1ubers-494016,[Gen 1] UBERS,2019-02-24 02:20:42,,shedshell7957,sudowoodo17153,shedshell7957,False,"['Jynx', 'Mew', 'Mewtwo', 'Slowbro']","['Mew', 'Mewtwo', 'Slowbro', 'Jynx', 'Chansey', 'Snorlax']",30,5,8
gen1ubers-1044736429,[Gen 1] UBERS,2020-01-11 22:35:33,,entei30085,hitmontop28431,hitmontop28431,True,"['Onix', 'Electabuzz', 'Kabutops', 'Golbat']","['Golduck', 'Sandslash', 'Parasect', 'Raichu', 'Magmar']",14,5,5
gen1ubers-698394190,[Gen 1] UBERS,2018-02-03 07:24:27,,brickbreak27182,memento36980,brickbreak27182,False,"['Exeggutor', 'Mewtwo']","['Venomoth', 'Mewtwo', 'Golem', 'Gengar', 'Electabuzz', 'Gyarados']",33,1,6
gen1ubers-788767242,[Gen 1] UBERS,2018-08-10 16:54:55,,raindance50399,waterspout59690,raindance50399,False,"['Exeggutor', 'Mewtwo', 'Slowbro', 'Gengar', 'Chansey']","['Cloyster', 'Jolteon', 'Golem', 'Chansey', 'Parasect', 'Snorlax']",40,11,9
smogtours-gen1ubers-635631,[Gen 1] UBERS,2022-07-01 22:18:44,,psn38480,amnesia25800,psn38480,True,"['Exeggutor', 'Mew', 'Mewtwo', 'Golem', 'Chansey', 'Snorlax']","['Mew', 'Mewtwo', 'Exeggutor', 'Tauros', 'Snorlax']",17,8,6
smogtours-gen1ubers-172819,[Gen 1] UBERS,2016-07-02 21:29:37,,deepseatooth64025,zoomlens15496,zoomlens15496,False,"['Cloyster', 'Mewtwo', 'Exeggutor', 'Mew', 'Jolteon', 'Alakazam']","['Exeggutor', 'Mew', 'Jolteon', 'Tauros', 'Gengar', 'Snorlax']",45,14,16
gen1ubers-824850761,[Gen 1] UBERS,2018-11-23 03:35:19,,amnesia63784,wormadamtrash50615,amnesia63784,False,"['Mew', 'Nidoking', 'Golem', 'Victreebel', 'Electabuzz', 'Gyarados']","['Exeggutor', 'Charizard', 'Hypno', 'Rhydon', 'Dragonite', 'Blastoise']",42,10,12
smogtours-gen1ubers-797778,[Gen 1] UBERS,2024-10-12 20:34:42,,mareep93864,vileplume65880,mareep93864,False,"['Mewtwo', 'Snorlax', 'Zapdos', 'Exeggutor']","['Mewtwo', 'Exeggutor', 'Mew', 'Tauros', 'Jynx', 'Snorlax']",22,4,6
smogtours-gen1ubers-774591,[Gen 1] UBERS,2024-06-15 15:36:08,,aurasphere76841,fissure61188,aurasphere76841,True,"['Starmie', 'Mew', 'Mewtwo', 'Exeggutor', 'Rhydon', 'Snorlax']","['Exeggutor', 'Mewtwo', 'Mew', 'Tauros', 'Gengar', 'Snorlax']",40,13,12
smogtours-gen1ubers-645273,[Gen 1] UBERS,2022-08-27 15:22:04,,trickroom66121,mareep93864,mareep93864,False,"['Mew', 'Mewtwo', 'Tauros', 'Zapdos', 'Golem', 'Victreebel']","['Mewtwo', 'Mew', 'Zapdos', 'Gengar', 'Chansey', 'Snorlax']",49,11,9
gen1ubers-1134656176,[Gen 1] UBERS,2020-06-18 08:21:56,,synchronize14428,glaceon53740,synchronize14428,True,"['Starmie', 'Mew', 'Exeggutor', 'Mewtwo', 'Chansey', 'Snorlax']","['Exeggutor', 'Mewtwo', 'Mew', 'Electrode', 'Chansey', 'Snorlax']",39,11,11
gen1ubers-566130008,[Gen 1] UBERS,2017-04-24 01:13:17,,charmeleon15087,solarbeam67063,solarbeam67063,False,"['Pidgeot', 'Lapras', 'Venomoth', 'Omastar', 'Nidoking', 'Zapdos']","['Zapdos', 'Dugtrio', 'Dragonite', 'Gengar']",31,7,4
smogtours-gen1ubers-745123,[Gen 1] UBERS,2024-02-04 21:23:03,,fissure61188,noability19212,noability19212,True,"['Mew', 'Mewtwo', 'Tauros', 'Zapdos', 'Jynx', 'Snorlax']","['Mew', 'Exeggutor', 'Mewtwo', 'Slowbro', 'Chansey', 'Rhydon']",141,28,35
gen1ubers-867591811,[Gen 1] UBERS,2019-02-25 20:25:02,,shayminsky80227,tailwhip2839,tailwhip2839,False,"['Moltres', 'Mewtwo', 'Tauros', 'Zapdos', 'Snorlax', 'Articuno']","['Mew', 'Mewtwo', 'Tauros', 'Chansey', 'Snorlax']",65,5,7
gen1ubers-2184875642,[Gen 1] UBERS,2024-08-21 19:21:17,1161,aircutter66087,forretress74429,forretress74429,False,"['Mewtwo', 'Mew', 'Jolteon', 'Beedrill', 'Jynx', 'Snorlax']","['Mewtwo', 'Mew', 'Tauros', 'Gengar', 'Rhydon', 'Snorlax']",39,10,9
gen1ubers-999934823,[Gen 1] UBERS,2019-10-28 11:36:44,,manectric35060,diveball7316,manectric35060,False,"['Exeggutor', 'Mewtwo', 'Mew', 'Gengar', 'Chansey', 'Snorlax']","['Mew', 'Exeggutor', 'Mewtwo', 'Tauros', 'Slowbro', 'Snorlax']",34,8,13
smogtours-gen1ubers-505854,[Gen 1] UBERS,2020-06-10 20:51:03,,synchronize14428,mefirst94337,mefirst94337,False,"['Starmie', 'Exeggutor', 'Mewtwo', 'Mew', 'Chansey', 'Snorlax']","['Mew', 'Mewtwo', 'Slowbro', 'Chansey', 'Snorlax', 'Alakazam']",91,15,15
smogtours-gen1ubers-177632,[Gen 1] UBERS,2016-07-20 22:43:06,,poisonheal42759,doubleedge42173,poisonheal42759,True,"['Exeggutor', 'Mewtwo', 'Mew', 'Gengar', 'Chansey', 'Snorlax']","['Mewtwo', 'Mew', 'Slowbro', 'Jynx', 'Chansey', 'Snorlax']",159,23,29
gen1ubers-2117794692,[Gen 1] UBERS,2024-05-04 18:30:24,,metalcoat45187,transform68304,transform68304,False,"['Jolteon', 'Magneton', 'Electrode', 'Electabuzz', 'Raichu']","['Starmie', 'Exeggutor', 'Slowbro', 'Jynx', 'Hypno', 'Alakazam']",53,9,7
smogtours-gen1ubers-522735,[Gen 1] UBERS,2020-10-17 17:58:21,,starfberry84995,drapion56609,drapion56609,False,"['Mew', 'Mewtwo', 'Exeggutor', 'Gengar', 'Chansey', 'Snorlax']","['Mewtwo', 'Slowbro', 'Zapdos', 'Jynx', 'Chansey']",56,8,5
gen1ubers-1129269169,[Gen 1] UBERS,2020-06-08 20:47:01,,primeape76219,rotom95030,rotom95030,True,"['Mewtwo', 'Exeggutor', 'Mew', 'Gengar', 'Chansey', 'Snorlax']","['Mew', 'Exeggutor', 'Mewtwo', 'Tauros', 'Chansey', 'Snorlax']",44,13,18
smogtours-gen1ubers-608273,[Gen 1] UBERS,2022-02-12 21:59:46,,arceusghost8496,synchronize14428,arceusghost8496,True,"['Mewtwo', 'Zapdos', 'Gengar', 'Chansey', 'Snorlax']","['Mewtwo', 'Mew', 'Slowbro', 'Chansey', 'Snorlax', 'Alakazam']",48,17,18
gen1ubers-388435824,[Gen 1] UBERS,2016-06-19 04:26:56,,sacredfire97645,feint90265,feint90265,True,"['Mew', 'Mewtwo', 'Lapras', 'Slowbro', 'Chansey', 'Alakazam']","['Mew', 'Mewtwo', 'Zapdos', 'Snorlax', 'Alakazam']",207,11,5
smogtours-gen1ubers-593530,[Gen 1] UBERS,2021-11-15 12:13:47,,screech7860,synchronize14428,screech7860,False,"['Mew', 'Exeggutor', 'Mewtwo', 'Tauros', 'Chansey', 'Snorlax']","['Starmie', 'Mew', 'Exeggutor', 'Mewtwo', 'Chansey', 'Snorlax']",193,20,21
smogtours-gen1ubers-674238,[Gen 1] UBERS,2023-02-11 02:03:42,,drapion2237,psn38480,drapion2237,True,"['Slowbro', 'Chansey', 'Mew', 'Alakazam']","['Starmie', 'Mew', 'Mewtwo']",9,4,2
smogtours-gen1ubers-593233,[Gen 1] UBERS,2021-11-14 19:06:11,,innerfocus91859,arceusghost8496,arceusghost8496,True,"['Mewtwo', 'Mew', 'Jolteon', 'Tauros', 'Chansey', 'Snorlax']","['Mew', 'Mewtwo', 'Exeggutor', 'Chansey', 'Rhydon', 'Snorlax']",40,13,12
gen1ubers-2312773267,[Gen 1] UBERS,2025-03-05 04:33:47,,watergun79426,truant89475,truant89475,False,"['Starmie', 'Exeggutor', 'Slowbro', 'Jynx', 'Hypno', 'Alakazam']","['Jolteon', 'Tauros', 'Gengar', 'Alakazam', 'Parasect', 'Snorlax']",55,9,6
gen1ubers-711735986,[Gen 1] UBERS,2018-03-02 05:04:55,,lastresort80905,spinarak37151,spinarak37151,False,"['Mew', 'Mewtwo', 'Tauros', 'Zapdos', 'Chansey', 'Snorlax']","['Mewtwo', 'Exeggutor', 'Mew', 'Tauros', 'Gengar', 'Snorlax']",28,7,7
gen1ubers-850845878,[Gen 1] UBERS,2019-01-19 02:56:57,,poisonsting4346,arceusground72746,poisonsting4346,True,"['Mew', 'Mewtwo', 'Exeggutor', 'Tauros']","['Exeggutor', 'Mewtwo', 'Slowbro', 'Jynx', 'Chansey']",21,5,5
smogtours-gen1ubers-525557,[Gen 1] UBERS,2020-11-02 03:18:46,,innerfocus91859,sacredfire231,innerfocus91859,True,"['Mewtwo', 'Mew', 'Tauros', 'Zapdos', 'Chansey', 'Snorlax']","['Mew', 'Mewtwo', 'Jolteon', 'Tauros', 'Chansey', 'Snorlax']",45,13,15
gen1ubers-740237100,[Gen 1] UBERS,2018-04-30 03:20:31,,drifblim84361,eevee75445,eevee75445,False,"['Starmie', 'Mewtwo', 'Machamp', 'Rhydon', 'Arcanine', 'Dragonite']","['Charizard', 'Jolteon', 'Slowbro', 'Nidoking', 'Primeape', 'Snorlax']",26,9,10
smogtours-gen1ubers-775492,[Gen 1] UBERS,2024-06-17 21:40:39,,gastrodon26689,machpunch62379,machpunch62379,False,"['Mew', 'Mewtwo', 'Exeggutor', 'Tauros', 'Chansey', 'Snorlax']","['Mew', 'Exeggutor', 'Mewtwo', 'Tauros']",22,9,4
gen1ubers-1044931239,[Gen 1] UBERS,2020-01-12 07:18:49,,chargebeam64735,powdersnow76576,chargebeam64735,True,"['Kabutops', 'Golem', 'Machamp', 'Gengar', 'Alakazam']","['Lapras', 'Blastoise', 'Pikachu']",15,4,2
gen1ubers-2254114235,[Gen 1] UBERS,2024-11-30 18:56:41,,fissure92309,arceusbug60355,arceusbug60355,True,"['Moltres', 'Paras']",['Moltres'],10,2,0
smogtours-gen1ubers-813872,[Gen 1] UBERS,2025-01-12 15:03:53,,wacanberry11962,quickclaw83695,wacanberry11962,False,"['Mewtwo', 'Exeggutor', 'Mew', 'Tauros', 'Zapdos', 'Rhydon']","['Mewtwo', 'Mew', 'Zapdos', 'Jynx', 'Rhydon', 'Snorlax']",32,10,12
smogtours-gen1ubers-649420,[Gen 1] UBERS,2022-09-18 19:38:23,,iceball26708,synchronize14428,synchronize14428,True,"['Mew', 'Exeggutor', 'Mewtwo', 'Tauros', 'Chansey', 'Snorlax']","['Mew', 'Mewtwo', 'Porygon', 'Victreebel', 'Snorlax', 'Alakazam']",50,9,6
gen1ubers-247821033,[Gen 1] UBERS,2015-07-08 19:51:06,,furyattack94312,soundproof1168,furyattack94312,True,"['Starmie', 'Mew', 'Mewtwo', 'Exeggutor', 'Chansey', 'Snorlax']","['Exeggutor', 'Mew', 'Mewtwo', 'Jynx', 'Chansey', 'Snorlax']",84,22,20
gen1ubers-1050442816,[Gen 1] UBERS,2020-01-21 22:45:35,,plusle50807,gloom76476,gloom76476,False,"['Clefable', 'Doduo', 'Spearow', 'Nidorino', 'Pikachu']","['Mankey', 'Nidoking', 'Clefable']",27,7,6
gen1ubers-769357796,[Gen 1] UBERS,2018-06-30 02:03:50,1000,spiderweb11,kricketot41896,spiderweb11,False,"['Lapras', 'Dugtrio', 'Persian', 'Clefable', 'Raichu', 'Alakazam']","['Mewtwo', 'Lapras', 'Aerodactyl', 'Gengar', 'Parasect', 'Snorlax']",28,5,6
smogtours-gen1ubers-179441,[Gen 1] UBERS,2016-07-23 20:44:46,,poisonheal42759,hustle11937,poisonheal42759,False,"['Mewtwo', 'Exeggutor', 'Tauros', 'Slowbro', 'Snorlax']","['Mewtwo', 'Exeggutor', 'Mew', 'Zapdos', 'Jynx', 'Snorlax']",23,8,9
gen1ubers-469110922,[Gen 1] UBERS,2016-11-03 11:30:51,,muddywater10060,hypervoice77119,hypervoice77119,False,"['Mewtwo', 'Mew', 'Lapras', 'Zapdos', 'Arcanine', 'Dragonite']","['Mew', 'Mewtwo', 'Zapdos']",34,8,2
gen1ubers-740057735,[Gen 1] UBERS,2018-04-29 19:41:01,,drifblim84361,eevee75445,eevee75445,False,"['Ninetales', 'Charizard', 'Rapidash', 'Flareon', 'Arcanine', 'Magmar']","['Charizard', 'Jolteon', 'Nidoking', 'Primeape', 'Snorlax']",18,6,4
gen1ubers-956061770,[Gen 1] UBERS,2019-08-06 02:36:22,,superluck27737,aurasphere26323,superluck27737,True,"['Starmie', 'Mew', 'Exeggutor', 'Mewtwo', 'Chansey', 'Dragonite']","['Gengar', 'Mewtwo', 'Snorlax', 'Slowbro']",32,8,4
gen1ubers-527329878,[Gen 1] UBERS,2017-02-02 02:56:39,,miltank57341,woodhammer83701,woodhammer83701,False,"['Kadabra', 'Alakazam', 'Abra']","['Ninetales', 'Sandslash', 'Exeggcute', 'Kadabra', 'Magneton', 'Vaporeon']",49,2,9
gen1ubers-734587529,[Gen 1] UBERS,2018-04-18 14:20:44,,morningsun98213,owntempo80218,owntempo80218,False,"['Pidgeotto', 'Pikachu']","['Onix', 'Geodude']",6,1,1
smogtours-gen1ubers-673785,[Gen 1] UBERS,2023-02-09 02:10:06,,azumarill79029,arceusghost8496,arceusghost8496,False,"['Mew', 'Mewtwo', 'Tauros', 'Slowbro', 'Chansey', 'Snorlax']","['Exeggutor', 'Mewtwo', 'Mew', 'Slowbro', 'Chansey', 'Snorlax']",52,20,17
gen1ubers-1056512947,[Gen 1] UBERS,2020-02-02 02:46:14,,mudbomb71092,muddywater69259,muddywater69259,True,"['Lapras', 'Golem', 'Arbok', 'Arcanine', 'Alakazam']","['Slowbro', 'Starmie', 'Jolteon', 'Dragonite']",40,8,4
violetversion-gen1ubers-2495,[Gen 1] UBERS,2016-10-12 18:52:01,,oddincense72660,psn38480,psn38480,True,"['Mewtwo', 'Mew', 'Zapdos', 'Jynx', 'Chansey', 'Snorlax']","['Mewtwo', 'Mew', 'Slowbro', 'Gengar', 'Chansey', 'Victreebel']",112,37,35
gen1ubers-958643638,[Gen 1] UBERS,2019-08-11 12:03:49,,armaldo2327,reckless11847,armaldo2327,False,"['Mew', 'Exeggutor', 'Mewtwo', 'Slowbro', 'Jynx', 'Chansey']","['Exeggutor', 'Mew', 'Mewtwo', 'Slowbro', 'Jynx', 'Chansey']",205,11,15
smogtours-gen1ubers-590187,[Gen 1] UBERS,2021-10-31 15:35:28,,marshtomp99135,synchronize14428,synchronize14428,True,"['Mew', 'Exeggutor', 'Mewtwo', 'Tauros', 'Chansey', 'Rhydon']","['Starmie', 'Mew', 'Exeggutor', 'Mewtwo', 'Chansey', 'Snorlax']",93,13,10
gen1ubers-1137827167,[Gen 1] UBERS,2020-06-23 04:05:52,1025,growl41167,quickattack41772,quickattack41772,False,"['Mewtwo', 'Mew', 'Golem', 'Chansey', 'Alakazam', 'Venusaur']","['Exeggutor', 'Mewtwo', 'Tauros', 'Slowbro', 'Electrode']",20,8,4
smogtours-gen1ubers-804527,[Gen 1] UBERS,2024-11-03 20:31:55,,aeroblast8709,chuspikyeared66897,aeroblast8709,True,"['Mew', 'Mewtwo', 'Exeggutor', 'Zapdos', 'Snorlax', 'Alakazam']","['Exeggutor', 'Mewtwo', 'Mew', 'Zapdos', 'Gengar', 'Snorlax']",144,28,14
smogtours-gen1ubers-71617,[Gen 1] UBERS,2015-06-29 21:43:01,,angaskhanmega75291,slugma88304,angaskhanmega75291,False,"['Exeggutor', 'Mewtwo', 'Mew', 'Slowbro', 'Chansey', 'Snorlax']","['Exeggutor', 'Mewtwo', 'Mew', 'Tauros', 'Slowbro', 'Dragonite']",82,15,14
smogtours-gen1ubers-654342,[Gen 1] UBERS,2022-10-10 22:21:31,,castform97328,mawile36886,castform97328,False,"['Mew', 'Mewtwo', 'Zapdos', 'Gengar', 'Chansey', 'Snorlax']","['Mew', 'Exeggutor', 'Mewtwo', 'Tauros', 'Chansey', 'Snorlax']",25,8,6
smogtours-gen1ubers-776629,[Gen 1] UBERS,2024-06-24 00:22:28,,electabuzz37326,gastrodon26689,gastrodon26689,False,"['Mewtwo', 'Mew', 'Exeggutor', 'Tauros', 'Snorlax', 'Alakazam']","['Mew', 'Mewtwo', 'Exeggutor', 'Tauros', 'Chansey', 'Snorlax']",20,6,7
gen1ubers-867670830,[Gen 1] UBERS,2019-02-25 23:36:38,,ursaring84679,gigadrain46202,ursaring84679,False,"['Flareon', 'Sandslash', 'Poliwrath', 'Dodrio', 'Mr. Mime', 'Victreebel']","['Charizard', 'Hitmonlee', 'Parasect', 'Rhydon', 'Snorlax', 'Tentacruel']",24,7,10
smogtours-gen1ubers-173766,[Gen 1] UBERS,2016-07-05 21:53:03,,surf53202,unburden21319,unburden21319,False,"['Exeggutor', 'Mewtwo', 'Tauros', 'Slowbro', 'Snorlax', 'Alakazam']","['Mew', 'Mewtwo', 'Tauros', 'Jynx', 'Chansey', 'Snorlax']",41,10,7
gen1ubers-761637153,[Gen 1] UBERS,2018-06-13 00:25:06,1110,delcatty31981,purepower58378,delcatty31981,True,"['Exeggutor', 'Mewtwo', 'Mew', 'Electrode', 'Golem', 'Jynx']","['Mew', 'Mewtwo', 'Tauros', 'Slowbro', 'Snorlax', 'Alakazam']",26,8,8
smogtours-gen1ubers-674350,[Gen 1] UBERS,2023-02-11 16:59:48,,swift79929,enpowerground35750,swift79929,False,"['Mew', 'Exeggutor', 'Mewtwo', 'Tauros', 'Chansey', 'Snorlax']","['Mewtwo', 'Mew', 'Zapdos', 'Gengar', 'Chansey', 'Snorlax']",62,13,12
gen1ubers-2175609429,[Gen 1] UBERS,2024-08-07 22:36:22,1112,mysteryberry28701,destinybond35325,destinybond35325,False,"['Mew', 'Exeggutor', 'Mewtwo', 'Electrode', 'Mr. Mime', 'Snorlax']","['Mew', 'Mewtwo', 'Jolteon', 'Chansey', 'Snorlax', 'Articuno']",66,10,12
gen1ubers-2333924397,[Gen 1] UBERS,2025-04-02 21:45:18,,calmmind96420,whismur97881,whismur97881,False,"['Samurott-Hisui', 'Aerodactyl-Mega', 'Cyclizar', 'Crucibelle', 'Hemogoblin', 'Polteageist']","['Altaria', 'Claydol', 'Cyclohm', 'Dhelmise', 'Hitmontop', 'Clefable']",30,10,6
rom-gen1ubers-623632,[Gen 1] UBERS,2019-07-23 13:07:30,,constrict58938,sudowoodo17153,constrict58938,False,"['Mew', 'Slowbro', 'Zapdos', 'Chansey', 'Snorlax']","['Exeggutor', 'Mewtwo', 'Mew', 'Slowbro', 'Jynx', 'Chansey']",197,4,61
gen1ubers-895962677,[Gen 1] UBERS,2019-04-20 03:13:59,,psychup36542,innerfocus91859,psychup36542,False,"['Mew', 'Charizard', 'Mewtwo', 'Slowbro', 'Jynx', 'Chansey']","['Mew', 'Exeggutor', 'Mewtwo', 'Tauros', 'Chansey', 'Snorlax']",48,10,10
smogtours-gen1ubers-332182,[Gen 1] UBERS,2017-11-22 01:31:24,,naturalcure76962,machop93256,naturalcure76962,False,"['Exeggutor', 'Mew', 'Slowbro', 'Snorlax', 'Alakazam']","['Mewtwo', 'Exeggutor', 'Mew', 'Tauros', 'Chansey', 'Snorlax']",29,8,11
gen1ubers-2173094056,[Gen 1] UBERS,2024-08-04 05:06:13,1117,poisonpowder88566,fissure61188,fissure61188,False,"['Cloyster', 'Mewtwo', 'Mew', 'Exeggutor', 'Chansey', 'Rhydon']","['Exeggutor', 'Mewtwo', 'Mew', 'Golem', 'Jynx', 'Snorlax']",59,15,17
rom-gen1ubers-479040,[Gen 1] UBERS,2018-12-13 15:13:33,,constrict58938,sudowoodo17153,constrict58938,False,"['Slowbro', 'Snorlax', 'Zapdos']","['Mewtwo', 'Mew', 'Slowbro', 'Jynx', 'Chansey', 'Snorlax']",31,2,8
gen1ubers-1136422339,[Gen 1] UBERS,2020-06-21 01:04:44,1140,nomove47433,poweranklet10171,poweranklet10171,False,"['Mew', 'Mewtwo', 'Exeggutor', 'Zapdos', 'Gengar', 'Snorlax']","['Mewtwo', 'Mew', 'Slowbro', 'Jynx', 'Chansey', 'Snorlax']",55,24,23
gen1ubers-2030481463,[Gen 1] UBERS,2024-01-09 02:55:12,,cleffa42333,metalcoat5437,cleffa42333,False,"['Gengar', 'Mewtwo', 'Snorlax', 'Lapras']","['Starmie', 'Mew', 'Tauros', 'Golem', 'Persian', 'Alakazam']",41,4,10
gen1ubers-728967270,[Gen 1] UBERS,2018-04-06 18:09:27,,linoone27366,endeavor2565,linoone27366,True,"['Mew', 'Chansey', 'Mewtwo']","['Chansey', 'Mew', 'Snorlax', 'Mewtwo']",61,9,5
gen1ubers-1044733159,[Gen 1] UBERS,2020-01-11 22:29:43,,togetic89471,hitmontop28431,hitmontop28431,True,"['Tauros', 'Ditto', 'Gyarados', 'Arcanine', 'Venusaur']","['Sandslash', 'Raichu', 'Golduck', 'Magmar']",18,5,6
gen1ubers-2192584161,[Gen 1] UBERS,2024-09-01 21:59:49,,finneon49829,crosschop25584,crosschop25584,False,"['Seadra', 'Scyther', 'Sandslash', 'Wigglytuff', 'Magikarp', 'Geodude']","['Zubat', 'Mewtwo', 'Grimer']",17,5,3
gen1ubers-749527057,[Gen 1] UBERS,2018-05-19 02:54:35,,woodhammer83701,miltank57341,woodhammer83701,False,"['Butterfree', 'Fearow', 'Pikachu']","['Shellder', 'Lapras', 'Poliwag', 'Gyarados']",34,4,3
gen1ubers-2282563489,[Gen 1] UBERS,2025-01-17 01:13:53,,rawstberry69693,compoundeyes43725,rawstberry69693,False,"['Giratina', 'Eternatus-Eternamax', 'Groudon-Primal']","['Giratina', 'Ferrothorn', 'Ting-Lu', 'Golisopod', 'Arceus', 'Calyrex-Shadow']",45,16,16
rom-gen1ubers-590237,[Gen 1] UBERS,2019-06-16 03:03:07,,constrict58938,sudowoodo17153,constrict58938,False,"['Slowbro', 'Chansey', 'Snorlax', 'Zapdos']","['Mewtwo', 'Mew', 'Slowbro', 'Jynx', 'Chansey', 'Snorlax']",78,3,9
rom-gen1ubers-382331,[Gen 1] UBERS,2018-08-25 13:26:27,,helpinghand51132,sudowoodo17153,helpinghand51132,False,"['Mew', 'Exeggutor', 'Slowbro', 'Zapdos', 'Snorlax']","['Mew', 'Mewtwo', 'Slowbro', 'Jynx', 'Chansey', 'Snorlax']",107,4,9
smogtours-gen1ubers-699793,[Gen 1] UBERS,2023-06-28 21:23:27,,arceusghost8496,cascoon94634,arceusghost8496,False,"['Mew', 'Mewtwo', 'Tauros', 'Zapdos', 'Chansey', 'Rhydon']","['Mewtwo', 'Mew', 'Tauros', 'Slowbro', 'Sandslash', 'Jynx']",32,6,9
gen1ubers-733094662,[Gen 1] UBERS,2018-04-15 11:47:33,,marill41307,honeygather89597,honeygather89597,False,"['Lapras', 'Jolteon', 'Slowbro', 'Gengar', 'Rhydon', 'Dragonite']","['Mew', 'Exeggutor', 'Tauros']",27,7,2
smogtours-gen1ubers-774259,[Gen 1] UBERS,2024-06-14 14:31:51,,toxic43930,gastrodon26689,gastrodon26689,True,"['Mew', 'Exeggutor', 'Mewtwo', 'Jolteon', 'Slowbro', 'Chansey']","['Mew', 'Zapdos', 'Gengar', 'Chansey', 'Snorlax']",35,10,11
gen1ubers-355866850,[Gen 1] UBERS,2016-04-07 20:41:48,,yanma71447,lick83288,lick83288,False,"['Exeggutor', 'Mew', 'Tauros', 'Zapdos', 'Chansey', 'Alakazam']","['Starmie', 'Mew', 'Tauros', 'Chansey', 'Snorlax', 'Alakazam']",54,16,16
gen1ubers-979265933,[Gen 1] UBERS,2019-09-20 20:43:23,,forecast43988,sunflora87131,forecast43988,True,"['Mew', 'Exeggutor', 'Mewtwo', 'Tauros', 'Slowbro']","['Exeggutor', 'Mewtwo', 'Mew', 'Tauros', 'Slowbro', 'Snorlax']",40,6,6
smogtours-gen1ubers-744952,[Gen 1] UBERS,2024-02-04 19:19:53,,sacredfire89193,castform97328,sacredfire89193,True,"['Starmie', 'Mew', 'Mewtwo', 'Exeggutor', 'Tauros', 'Snorlax']","['Mew', 'Mewtwo', 'Jolteon', 'Chansey', 'Rhydon', 'Snorlax']",27,6,7
smogtours-gen1ubers-751153,[Gen 1] UBERS,2024-03-02 23:00:03,,aurasphere76841,snowwarning53744,snowwarning53744,False,"['Starmie', 'Mew', 'Mewtwo', 'Exeggutor', 'Tauros', 'Snorlax']","['Mewtwo', 'Exeggutor', 'Mew', 'Tauros', 'Rhydon', 'Snorlax']",43,14,12
smogtours-gen1ubers-70562,[Gen 1] UBERS,2015-06-24 22:40:53,,sunkern78687,bide32585,sunkern78687,False,"['Exeggutor', 'Mewtwo', 'Mew', 'Slowbro', 'Chansey', 'Snorlax']","['Mewtwo', 'Mew', 'Slowbro', 'Gengar', 'Chansey', 'Snorlax']",43,9,6
smogtours-gen1ubers-523637,[Gen 1] UBERS,2020-10-23 17:12:53,,synchronize14428,krabby97145,synchronize14428,True,"['Mewtwo', 'Mew', 'Gengar', 'Chansey', 'Snorlax', 'Alakazam']","['Mewtwo', 'Mew', 'Tauros', 'Chansey', 'Rhydon', 'Snorlax']",236,65,65
rom-gen1ubers-479035,[Gen 1] UBERS,2018-12-13 15:08:54,,constrict58938,sudowoodo17153,constrict58938,False,"['Mew', 'Mewtwo', 'Slowbro', 'Zapdos', 'Chansey', 'Snorlax']","['Mewtwo', 'Mew', 'Slowbro', 'Jynx', 'Chansey', 'Snorlax']",38,5,8
gen1ubers-2179650795,[Gen 1] UBERS,2024-08-14 01:10:03,1113,deoxys38107,revenge71921,revenge71921,True,"['Mew', 'Mewtwo', 'Jolteon', 'Slowbro', 'Chansey', 'Snorlax']","['Mew', 'Mewtwo', 'Exeggutor', 'Jolteon', 'Beedrill', 'Snorlax']",22,7,8
smogtours-gen1ubers-300479,[Gen 1] UBERS,2017-07-05 15:16:30,,krabby97145,assurance81842,assurance81842,False,"['Exeggutor', 'Mew', 'Tauros', 'Chansey', 'Snorlax', 'Alakazam']","['Starmie', 'Exeggutor', 'Tauros', 'Jynx', 'Chansey', 'Snorlax']",55,7,9
smogtours-gen1ubers-672643,[Gen 1] UBERS,2023-02-04 06:08:15,,mudsport71981,magnetpull75337,magnetpull75337,True,"['Mew', 'Mewtwo', 'Exeggutor', 'Slowbro', 'Poliwrath', 'Snorlax']","['Mew', 'Exeggutor', 'Mewtwo', 'Tauros', 'Chansey', 'Snorlax']",68,7,7
gen1ubers-1048330293,[Gen 1] UBERS,2020-01-18 02:08:52,,fissure87729,furret23538,fissure87729,False,"['Mew', 'Mewtwo', 'Zapdos', 'Gengar', 'Rhydon']","['Moltres', 'Mew', 'Mewtwo', 'Zapdos', 'Ditto', 'Articuno']",37,4,5
gen1ubers-527341932,[Gen 1] UBERS,2017-02-02 03:23:19,,miltank57341,woodhammer83701,miltank57341,False,"['Nidoking', 'Nidoqueen', 'Dugtrio', 'Persian', 'Rhydon']","['Ninetales', 'Sandslash', 'Magneton', 'Kadabra', 'Exeggcute', 'Vaporeon']",28,4,6
smogtours-gen1ubers-818978,[Gen 1] UBERS,2025-02-09 15:08:22,,status34375,drapion2237,status34375,False,"['Exeggutor', 'Mewtwo', 'Mew', 'Slowbro', 'Zapdos', 'Rhydon']","['Mewtwo', 'Exeggutor', 'Mew', 'Tauros', 'Gengar', 'Snorlax']",45,11,11
smogtours-gen1ubers-603579,[Gen 1] UBERS,2022-01-20 09:42:43,,synchronize14428,unknownability847,synchronize14428,False,"['Mewtwo', 'Mew', 'Slowbro', 'Chansey', 'Snorlax', 'Alakazam']","['Mewtwo', 'Mew', 'Slowbro', 'Gengar', 'Chansey', 'Snorlax']",146,34,30
gen1ubers-920413014,[Gen 1] UBERS,2019-06-01 19:11:55,1000,conversion222171,karatechop75994,conversion222171,True,"['Gengar', 'Exeggutor', 'Mewtwo']","['Mew', 'Mewtwo']",13,2,1
smogtours-gen1ubers-591397,[Gen 1] UBERS,2021-11-06 16:26:44,,bidoof62502,sacredfire231,bidoof62502,False,"['Mewtwo', 'Mew', 'Exeggutor', 'Tauros', 'Snorlax']","['Mew', 'Mewtwo', 'Tauros', 'Zapdos', 'Chansey', 'Snorlax']",48,5,10
gen1ubers-2180124391,[Gen 1] UBERS,2024-08-14 18:38:26,1135,parasect7600,jumpluff23998,parasect7600,False,"['Mewtwo', 'Slowbro', 'Gengar', 'Chansey', 'Snorlax']","['Exeggutor', 'Mewtwo', 'Mew', 'Gengar', 'Chansey', 'Snorlax']",35,7,11
smogtours-gen1ubers-523081,[Gen 1] UBERS,2020-10-18 14:20:59,,swift79929,focusblast45004,focusblast45004,False,"['Mew', 'Mewtwo', 'Jolteon', 'Tauros', 'Chansey', 'Snorlax']","['Mew', 'Exeggutor', 'Mewtwo', 'Tauros', 'Chansey', 'Snorlax']",75,11,9
gen1ubers-819895298,[Gen 1] UBERS,2018-10-13 22:26:13,,return265,battlearmor28944,return265,False,"['Starmie', 'Exeggutor', 'Tauros', 'Chansey', 'Rhydon', 'Snorlax']","['Starmie', 'Mew', 'Exeggutor', 'Tauros', 'Chansey', 'Snorlax']",86,18,15
gen1ubers-520569367,[Gen 1] UBERS,2017-01-20 18:19:51,,ddenpowerfire31838,blaziken32071,ddenpowerfire31838,False,"['Moltres', 'Mewtwo', 'Venusaur']","['Mew', 'Charizard', 'Flareon', 'Zapdos', 'Pikachu', 'Beedrill']",24,2,5
gen1ubers-2180707188,[Gen 1] UBERS,2024-08-15 16:21:25,1000,piplup37955,plus78346,plus78346,False,"['Charizard', 'Nidoking', 'Gengar', 'Raichu', 'Dragonite', 'Blastoise']","['Cloyster', 'Mewtwo', 'Alakazam']",16,6,4
smogtours-gen1ubers-521155,[Gen 1] UBERS,2020-10-06 21:34:20,,fighting88830,naturalcure76962,fighting88830,False,"['Starmie', 'Mew', 'Mewtwo', 'Gengar', 'Chansey', 'Snorlax']","['Mewtwo', 'Exeggutor', 'Mew', 'Slowbro', 'Gengar', 'Snorlax']",67,10,6
gen1ubers-641041107,[Gen 1] UBERS,2017-10-05 12:54:06,,dragon74873,jolteon84738,jolteon84738,True,['Starmie'],['Mewtwo'],9,0,0
gen1ubers-651459476,[Gen 1] UBERS,2017-10-28 03:47:40,,woodhammer83701,miltank57341,woodhammer83701,False,"['Haunter', 'Pikachu']","['Kadabra', 'Abra']",19,7,1
smogtours-gen1ubers-822925,[Gen 1] UBERS,2025-03-02 18:13:01,,solarbeam98597,iceball26708,iceball26708,True,"['Mew', 'Exeggutor', 'Mewtwo', 'Slowbro', 'Zapdos', 'Rhydon']","['Mewtwo', 'Lapras', 'Mew', 'Tauros', 'Rhydon', 'Snorlax']",41,6,9
gen1ubers-463409975,[Gen 1] UBERS,2016-10-25 02:45:27,,embargo19071,drifloon97713,drifloon97713,False,"['Pidgeot', 'Charizard', 'Gyarados', 'Arcanine', 'Venusaur', 'Blastoise']","['Lapras', 'Zapdos', 'Venusaur', 'Golem', 'Alakazam', 'Dragonite']",54,8,10
smogtours-gen1ubers-651200,[Gen 1] UBERS,2022-09-25 19:54:21,,synchronize14428,mefirst94337,synchronize14428,True,"['Mewtwo', 'Mew', 'Exeggutor', 'Gengar', 'Chansey', 'Snorlax']","['Starmie', 'Mewtwo', 'Mew', 'Chansey', 'Rhydon', 'Snorlax']",73,15,19
smogtours-gen1ubers-610037,[Gen 1] UBERS,2022-02-23 22:46:08,,innerfocus91859,sacredfire231,sacredfire231,False,"['Starmie', 'Mewtwo', 'Mew', 'Tauros', 'Chansey', 'Snorlax']","['Exeggutor', 'Mewtwo', 'Mew', 'Tauros', 'Persian', 'Snorlax']",34,10,12
gen1ubers-996486377,[Gen 1] UBERS,2019-10-22 02:44:38,,kingdra7300,tailwhip2839,tailwhip2839,False,"['Starmie', 'Mew', 'Mewtwo', 'Chansey', 'Alakazam', 'Snorlax']","['Mew', 'Exeggutor', 'Tauros']",45,8,2
gen1ubers-1126152422,[Gen 1] UBERS,2020-06-03 18:17:18,,delcatty31981,payapaberry78256,delcatty31981,False,"['Mewtwo', 'Mew', 'Electrode', 'Golem', 'Jynx']","['Mew', 'Slowbro', 'Gengar', 'Chansey', 'Alakazam', 'Snorlax']",22,8,6
gen1ubers-776732933,[Gen 1] UBERS,2018-07-16 20:33:59,,gastrodoneast28533,waveincense51112,gastrodoneast28533,False,"['Exeggutor', 'Mew', 'Tauros', 'Slowbro', 'Snorlax', 'Alakazam']","['Exeggutor', 'Mew', 'Slowbro', 'Jynx', 'Chansey', 'Snorlax']",100,12,11
smogtours-gen1ubers-593545,[Gen 1] UBERS,2021-11-15 21:07:26,,closecombat89914,synchronize14428,closecombat89914,False,"['Exeggutor', 'Mewtwo', 'Mew', 'Tauros', 'Chansey', 'Snorlax']","['Starmie', 'Mew', 'Exeggutor', 'Mewtwo', 'Chansey', 'Snorlax']",125,22,20
gen1ubers-1091901409,[Gen 1] UBERS,2020-04-06 12:14:34,,lifeorb26007,headbutt37784,headbutt37784,False,"['Mewtwo', 'Mew', 'Exeggutor', 'Slowbro', 'Jynx', 'Chansey']","['Starmie', 'Mewtwo', 'Mew', 'Zapdos', 'Golem', 'Snorlax']",69,11,12
gen1ubers-2112460621,[Gen 1] UBERS,2024-04-27 02:29:03,,punishment38172,bide81826,bide81826,False,"['Exeggutor', 'Mewtwo', 'Mew', 'Chansey', 'Persian', 'Snorlax']","['Exeggutor', 'Mewtwo', 'Mew', 'Tauros', 'Chansey', 'Snorlax']",51,9,5
gen1ubers-912188462,[Gen 1] UBERS,2019-05-19 00:41:27,,chatot86786,remoraid10692,chatot86786,False,"['Chansey', 'Mewtwo', 'Snorlax']","['Starmie', 'Exeggutor', 'Jynx', 'Gengar', 'Rhydon', 'Alakazam']",27,2,7
gen1ubers-1159484733,[Gen 1] UBERS,2020-07-29 01:54:50,,meadowplate3613,breloom9638,meadowplate3613,True,"['Mew', 'Mewtwo', 'Tauros', 'Slowbro', 'Chansey', 'Snorlax']","['Mew', 'Jynx', 'Chansey', 'Gengar', 'Snorlax']",23,7,4
smogtours-gen1ubers-773828,[Gen 1] UBERS,2024-06-10 20:27:13,,wacanberry11962,denpowergrass79612,wacanberry11962,False,"['Exeggutor', 'Mewtwo', 'Mew', 'Slowbro', 'Chansey', 'Rhydon']","['Mew', 'Mewtwo', 'Exeggutor', 'Tauros', 'Chansey', 'Snorlax']",64,18,18
gen1ubers-793425134,[Gen 1] UBERS,2018-08-20 20:25:03,,tailwhip2839,rockslide88230,tailwhip2839,False,"['Exeggutor', 'Tauros', 'Slowbro', 'Chansey', 'Snorlax']","['Exeggutor', 'Mewtwo', 'Gengar', 'Chansey', 'Jynx', 'Snorlax']",42,11,10
gen1ubers-776277256,[Gen 1] UBERS,2018-07-15 21:20:43,,donphan23830,raindance50399,raindance50399,False,"['Cloyster', 'Exeggutor', 'Mew', 'Mewtwo', 'Chansey', 'Alakazam']","['Exeggutor', 'Mewtwo', 'Mew', 'Jynx', 'Chansey']",66,8,18
gen1ubers-1142763773,[Gen 1] UBERS,2020-06-30 21:00:33,,rotom95030,watergun59811,rotom95030,False,"['Mewtwo', 'Exeggutor', 'Mew', 'Tauros', 'Chansey', 'Snorlax']","['Mewtwo', 'Mew', 'Tauros', 'Slowbro', 'Chansey', 'Snorlax']",78,15,16
gen1ubers-855117757,[Gen 1] UBERS,2019-01-28 21:08:07,,oddincense72660,enpowerground37833,oddincense72660,False,"['Exeggutor', 'Lapras', 'Tauros', 'Chansey', 'Alakazam', 'Snorlax']","['Exeggutor', 'Mew', 'Tauros', 'Slowbro', 'Chansey', 'Snorlax']",93,14,16
smogtours-gen1ubers-846451,[Gen 1] UBERS,2025-05-29 15:15:57,,needlearm59980,denpowerghost39436,needlearm59980,False,"['Exeggutor', 'Mewtwo', 'Tauros', 'Zapdos', 'Rhydon']","['Mew', 'Mewtwo', 'Tauros', 'Zapdos', 'Chansey', 'Snorlax']",40,8,8
gen1ubers-952297864,[Gen 1] UBERS,2019-07-29 11:52:50,,krabby97145,arenatrap27623,krabby97145,True,"['Starmie', 'Exeggutor', 'Mew', 'Tauros', 'Golem', 'Chansey']","['Mew', 'Tauros', 'Zapdos', 'Chansey', 'Snorlax', 'Alakazam']",33,9,7
smogtours-gen1ubers-526065,[Gen 1] UBERS,2020-11-07 19:24:31,,krabby97145,amnesia25800,krabby97145,False,"['Mew', 'Exeggutor', 'Tauros', 'Chansey', 'Snorlax']","['Exeggutor', 'Mewtwo', 'Mew', 'Gengar', 'Chansey', 'Snorlax']",238,27,24
gen1ubers-923877372,[Gen 1] UBERS,2019-06-07 14:44:57,,stunspore21508,focussash9133,stunspore21508,True,"['Starmie', 'Mew', 'Mewtwo', 'Tauros', 'Zapdos', 'Golem']","['Exeggutor', 'Mew', 'Mewtwo', 'Gengar', 'Snorlax', 'Dragonite']",198,8,15
smogtours-gen1ubers-823094,[Gen 1] UBERS,2025-03-02 22:46:57,,fissure61188,psn38480,fissure61188,True,"['Mew', 'Mewtwo', 'Tauros', 'Chansey', 'Rhydon', 'Snorlax']","['Starmie', 'Mew', 'Exeggutor', 'Mewtwo', 'Tauros']",24,8,4
gen1ubers-2141861289,[Gen 1] UBERS,2024-06-12 13:18:26,,lombre16801,golduck35019,golduck35019,False,"['Mew', 'Mewtwo', 'Slowbro', 'Chansey', 'Snorlax', 'Alakazam']","['Mew', 'Mewtwo', 'Exeggutor', 'Tauros', 'Chansey', 'Snorlax']",34,10,10
gen1ubers-1128450372,[Gen 1] UBERS,2020-06-07 13:45:46,1200,sunstone95718,amnesia25800,sunstone95718,True,"['Mewtwo', 'Mew', 'Slowbro', 'Jynx', 'Chansey', 'Snorlax']","['Exeggutor', 'Mewtwo', 'Mew', 'Slowbro', 'Gengar', 'Snorlax']",77,17,13
gen1ubers-1041486007,[Gen 1] UBERS,2020-01-05 21:10:48,,blacksludge7920,belueberry20774,blacksludge7920,False,"['Kingler', 'Pidgeot', 'Kangaskhan', 'Nidoking', 'Wigglytuff', 'Machamp']","['Kingler', 'Pidgeot', 'Kangaskhan', 'Nidoking', 'Wigglytuff', 'Machamp']",26,7,5
smogtours-gen1ubers-779850,[Gen 1] UBERS,2024-07-13 15:27:32,,fissure61188,mareep93864,mareep93864,True,"['Exeggutor', 'Mew', 'Mewtwo', 'Slowbro', 'Chansey', 'Rhydon']","['Starmie', 'Mewtwo', 'Exeggutor', 'Mew', 'Zapdos', 'Snorlax']",78,29,23
gen1ubers-757679472,[Gen 1] UBERS,2018-06-04 21:49:51,1000,spiritomb79861,rayquaza10207,rayquaza10207,False,"['Mew', 'Mewtwo']",['Mewtwo'],11,1,0
gen1ubers-2180523760,[Gen 1] UBERS,2024-08-15 10:06:00,1000,aircutter66087,bagon60033,aircutter66087,True,"['Hypno', 'Jolteon', 'Vaporeon']","['Zapdos', 'Alakazam', 'Gyarados', 'Rhydon', 'Snorlax']",28,2,4
smogtours-gen1ubers-73566,[Gen 1] UBERS,2015-07-08 15:24:10,,garchomp79956,soundproof1168,garchomp79956,False,"['Exeggutor', 'Mew', 'Mewtwo', 'Jynx', 'Chansey', 'Snorlax']","['Starmie', 'Mewtwo', 'Exeggutor', 'Mew', 'Chansey', 'Snorlax']",68,16,17
gen1ubers-667916870,[Gen 1] UBERS,2017-12-02 16:29:50,,electrode94722,thrash52385,thrash52385,False,"['Lapras', 'Exeggutor', 'Mew', 'Tauros', 'Zapdos', 'Chansey']","['Mew', 'Tauros', 'Jynx', 'Chansey', 'Rhydon', 'Snorlax']",55,13,10
smogtours-gen1ubers-780365,[Gen 1] UBERS,2024-07-14 20:20:34,,quickclaw83695,spoink27592,spoink27592,False,"['Mew', 'Exeggutor', 'Mewtwo', 'Tauros', 'Chansey', 'Snorlax']","['Mewtwo', 'Mew', 'Jolteon', 'Slowbro', 'Chansey', 'Snorlax']",42,7,9
rom-gen1ubers-484169,[Gen 1] UBERS,2018-12-18 22:34:31,,constrict58938,sudowoodo17153,constrict58938,False,"['Slowbro', 'Chansey', 'Snorlax', 'Zapdos']","['Exeggutor', 'Mewtwo', 'Mew', 'Slowbro', 'Jynx', 'Chansey']",24,3,8
gen1ubers-1111667832,[Gen 1] UBERS,2020-05-09 17:54:06,,drifblim19484,glameow67345,drifblim19484,False,"['Exeggutor', 'Mew', 'Mewtwo', 'Gengar', 'Chansey', 'Snorlax']","['Mewtwo', 'Exeggutor', 'Mew', 'Tauros', 'Chansey', 'Snorlax']",44,11,8
gen1ubers-1134046375,[Gen 1] UBERS,2020-06-17 04:44:04,1390,tailwhip2839,amnesia25800,amnesia25800,True,"['Exeggutor', 'Mewtwo', 'Mew', 'Tauros', 'Chansey', 'Snorlax']","['Mewtwo', 'Mew', 'Slowbro', 'Chansey', 'Snorlax', 'Alakazam']",86,16,14
gen1ubers-756936680,[Gen 1] UBERS,2018-06-03 10:39:33,1000,persimberry80257,slowbro20357,persimberry80257,False,"['Gengar', 'Mewtwo', 'Alakazam', 'Snorlax']","['Mew', 'Mewtwo', 'Electrode', 'Zapdos', 'Dragonite', 'Articuno']",15,3,6
gen1ubers-405003219,[Gen 1] UBERS,2016-07-25 03:14:58,,electric80451,prinplup59327,prinplup59327,False,"['Mewtwo', 'Lapras', 'Zapdos', 'Alakazam', 'Rhydon', 'Snorlax']","['Mew', 'Mewtwo', 'Golem', 'Alakazam', 'Snorlax', 'Articuno']",49,5,9
smogtours-gen1ubers-773826,[Gen 1] UBERS,2024-06-10 20:19:56,,wacanberry11962,denpowergrass79612,wacanberry11962,True,"['Mew', 'Chansey', 'Exeggutor', 'Mewtwo']","['Mew', 'Mewtwo', 'Tauros', 'Gengar', 'Chansey', 'Snorlax']",31,6,10
gen1ubers-2142991370,[Gen 1] UBERS,2024-06-14 04:54:23,,aeroblast62938,onix96263,onix96263,False,"['Mew', 'Mewtwo', 'Slowbro', 'Gengar', 'Chansey', 'Snorlax']","['Exeggutor', 'Mewtwo', 'Mew', 'Chansey', 'Snorlax', 'Dragonite']",62,14,9
gen1ubers-1044897237,[Gen 1] UBERS,2020-01-12 05:15:27,,milotic22134,probopass67368,milotic22134,True,"['Venomoth', 'Ninetales', 'Vileplume', 'Primeape', 'Blastoise']","['Parasect', 'Cloyster', 'Charizard', 'Persian']",14,5,3
gen1ubers-870865896,[Gen 1] UBERS,2019-03-04 11:06:02,,flamethrower15837,trick33871,trick33871,False,"['Cloyster', 'Mew', 'Mewtwo', 'Slowbro', 'Chansey', 'Rhydon']","['Exeggutor', 'Mewtwo', 'Mew', 'Tauros', 'Slowbro', 'Chansey']",87,17,12
smogtours-gen1ubers-820192,[Gen 1] UBERS,2025-02-16 01:19:50,,dragonbreath34110,mudsport71981,mudsport71981,False,"['Mewtwo', 'Mew', 'Jolteon', 'Slowbro', 'Chansey', 'Snorlax']","['Mewtwo', 'Mew', 'Exeggutor', 'Gengar', 'Snorlax']",29,12,12
smogtours-gen1ubers-807755,[Gen 1] UBERS,2024-11-24 20:02:07,,buneary67957,dark19734,buneary67957,False,"['Cloyster', 'Exeggutor', 'Mew', 'Mewtwo', 'Zapdos', 'Gengar']","['Mew', 'Mewtwo', 'Exeggutor', 'Tauros', 'Persian', 'Snorlax']",33,8,8
smogtours-gen1ubers-148348,[Gen 1] UBERS,2016-04-09 18:08:55,,unburden21319,starly21199,starly21199,False,"['Mew', 'Exeggutor', 'Tauros', 'Chansey', 'Snorlax', 'Alakazam']","['Mew', 'Tauros', 'Aerodactyl', 'Chansey', 'Alakazam', 'Snorlax']",64,14,13
gen1ubers-779567375,[Gen 1] UBERS,2018-07-22 17:54:57,,raindance50399,wurmple99911,raindance50399,False,"['Exeggutor', 'Mewtwo', 'Mew', 'Jynx', 'Chansey', 'Snorlax']","['Exeggutor', 'Mewtwo', 'Mew', 'Slowbro', 'Jynx', 'Chansey']",45,9,10
gen1ubers-649095265,[Gen 1] UBERS,2017-10-23 01:35:05,,seviper78964,amnesia47509,seviper78964,False,"['Mew', 'Mewtwo', 'Tauros', 'Chansey', 'Alakazam']","['Mewtwo', 'Mew', 'Tauros', 'Slowbro', 'Chansey', 'Snorlax']",48,6,9
smogtours-gen1ubers-730080,[Gen 1] UBERS,2023-11-12 01:23:31,,wailmer96415,steel89481,steel89481,False,"['Mewtwo', 'Mew', 'Tauros', 'Slowbro', 'Chansey', 'Snorlax']","['Mewtwo', 'Mew', 'Tauros', 'Gengar', 'Chansey', 'Snorlax']",84,22,16
gen1ubers-762775959,[Gen 1] UBERS,2018-06-15 13:40:10,,bibarel76798,regice31983,bibarel76798,False,"['Moltres', 'Gengar', 'Mew', 'Mewtwo']","['Moltres', 'Mew', 'Mewtwo', 'Zapdos', 'Raichu', 'Articuno']",29,3,5
rom-gen1ubers-468473,[Gen 1] UBERS,2018-12-02 21:20:11,,constrict58938,sudowoodo17153,constrict58938,False,"['Mew', 'Mewtwo', 'Slowbro', 'Zapdos', 'Chansey', 'Snorlax']","['Mewtwo', 'Mew', 'Slowbro', 'Jynx', 'Chansey', 'Snorlax']",57,5,7
smogtours-gen1ubers-680210,[Gen 1] UBERS,2023-03-12 20:35:40,,arceusghost8496,helixfossil28994,helixfossil28994,False,"['Mewtwo', 'Mew', 'Zapdos', 'Gengar', 'Chansey', 'Snorlax']","['Exeggutor', 'Mewtwo', 'Mew', 'Chansey', 'Rhydon', 'Snorlax']",40,18,12
smogtours-gen1ubers-795116,[Gen 1] UBERS,2024-10-05 19:19:29,,aeroblast8709,spoink27592,aeroblast8709,False,"['Mewtwo', 'Mew', 'Exeggutor', 'Tauros', 'Gengar', 'Snorlax']","['Mew', 'Mewtwo', 'Slowbro', 'Zapdos', 'Jynx', 'Snorlax']",75,24,20
gen1ubers-1142315724,[Gen 1] UBERS,2020-06-30 02:37:59,,tailwhip2839,gunkshot9424,gunkshot9424,False,"['Mew', 'Exeggutor', 'Mewtwo', 'Tauros', 'Chansey', 'Snorlax']","['Exeggutor', 'Mewtwo', 'Mew', 'Tauros', 'Snorlax']",41,7,5
gen1ubers-762703598,[Gen 1] UBERS,2018-06-15 08:36:43,1000,conversion222171,raindish10683,conversion222171,False,"['Gengar', 'Exeggutor', 'Mewtwo']","['Mew', 'Mewtwo', 'Golem', 'Chansey', 'Rhydon', 'Alakazam']",20,2,8
gen1ubers-847889693,[Gen 1] UBERS,2019-01-12 16:36:13,,mamoswine17583,naturepower57210,naturepower57210,True,"['Mew', 'Exeggutor', 'Mewtwo', 'Slowbro', 'Jynx', 'Chansey']","['Exeggutor', 'Mew', 'Mewtwo', 'Tauros', 'Slowbro', 'Snorlax']",48,5,5
gen1ubers-1131995190,[Gen 1] UBERS,2020-06-13 14:55:00,1094,tailwhip2839,stomp96518,tailwhip2839,True,"['Mew', 'Mewtwo', 'Exeggutor', 'Tauros', 'Chansey']","['Mewtwo', 'Mew', 'Gengar', 'Chansey', 'Rhydon']",17,6,6
gen1ubers-370741484,[Gen 1] UBERS,2016-05-10 21:26:47,,aspearberry12401,shiftry46756,aspearberry12401,True,"['Chansey', 'Alakazam', 'Zapdos']","['Moltres', 'Mewtwo', 'Charizard', 'Dragonite', 'Articuno']",12,2,4
gen1ubers-1126164379,[Gen 1] UBERS,2020-06-03 18:42:17,,salacberry9428,mamoswine83841,mamoswine83841,False,"['Starmie', 'Mewtwo', 'Exeggutor', 'Tauros', 'Gengar', 'Chansey']","['Mewtwo', 'Exeggutor', 'Tauros', 'Golem', 'Chansey', 'Dragonite']",54,8,9
gen1ubers-2044544905,[Gen 1] UBERS,2024-01-26 13:29:25,,uturn43444,unaware7260,uturn43444,True,"['Ninetales', 'Jolteon', 'Zapdos', 'Hypno', 'Raichu', 'Alakazam']","['Lapras', 'Slowbro', 'Zapdos', 'Golem', 'Ditto', 'Venusaur']",30,5,5
gen1ubers-2178542027,[Gen 1] UBERS,2024-08-12 12:22:01,1112,beedrill79854,gloom24666,beedrill79854,False,"['Mew', 'Mewtwo', 'Onix', 'Jynx', 'Snorlax', 'Beedrill']","['Mew', 'Mewtwo', 'Tauros', 'Chansey', 'Persian', 'Snorlax']",63,11,15
rom-gen1ubers-468507,[Gen 1] UBERS,2018-12-02 21:47:47,,constrict58938,sudowoodo17153,constrict58938,False,"['Mew', 'Slowbro', 'Zapdos', 'Chansey', 'Snorlax']","['Mewtwo', 'Mew', 'Slowbro', 'Jynx', 'Chansey', 'Snorlax']",36,4,6
smogtours-gen1ubers-154405,[Gen 1] UBERS,2016-04-24 13:36:58,,starly21199,mefirst94337,starly21199,False,"['Mew', 'Exeggutor', 'Tauros', 'Chansey', 'Alakazam', 'Snorlax']","['Exeggutor', 'Mew', 'Tauros', 'Slowbro', 'Gengar', 'Chansey']",70,17,20
gen1ubers-848090847,[Gen 1] UBERS,2019-01-13 01:21:49,,trickroom38246,bubblebeam57603,trickroom38246,False,"['Gengar', 'Mewtwo']","['Golduck', 'Pidgeot', 'Exeggutor', 'Charizard', 'Hitmonlee', 'Snorlax']",17,1,5
gen1ubers-825354384,[Gen 1] UBERS,2018-11-24 04:12:39,,rest20747,wormadamtrash50615,wormadamtrash50615,False,"['Starmie', 'Jolteon', 'Sandslash', 'Kabutops', 'Venusaur', 'Articuno']","['Exeggutor', 'Charizard', 'Hypno', 'Rhydon', 'Dragonite', 'Blastoise']",37,11,7
rom-gen1ubers-502889,[Gen 1] UBERS,2019-01-06 20:18:44,,constrict58938,sudowoodo17153,constrict58938,False,"['Mew', 'Mewtwo', 'Slowbro', 'Zapdos', 'Chansey', 'Snorlax']","['Mewtwo', 'Mew', 'Slowbro', 'Jynx', 'Chansey', 'Snorlax']",47,5,7
gen1ubers-709239439,[Gen 1] UBERS,2018-02-25 04:52:55,,chingling18487,ursaring77378,chingling18487,False,"['Starmie', 'Mew', 'Tauros', 'Zapdos', 'Alakazam']","['Starmie', 'Exeggutor', 'Lapras', 'Mew', 'Tauros', 'Zapdos']",27,4,5
gen1ubers-1144612503,[Gen 1] UBERS,2020-07-03 21:28:37,,synchronize14428,leer23545,synchronize14428,True,"['Starmie', 'Mew', 'Exeggutor', 'Mewtwo', 'Chansey', 'Snorlax']","['Mew', 'Mewtwo', 'Slowbro', 'Gengar', 'Chansey', 'Snorlax']",48,12,14
gen1ubers-774503578,[Gen 1] UBERS,2018-07-11 21:17:05,,delcatty31981,raindance50399,delcatty31981,True,"['Mew', 'Mewtwo', 'Charizard', 'Raichu', 'Venusaur', 'Blastoise']","['Mew', 'Exeggutor', 'Mewtwo', 'Jynx', 'Chansey', 'Snorlax']",23,10,6
gen1ubers-2173276658,[Gen 1] UBERS,2024-08-04 14:12:07,1000,houndoom52874,leppaberry21116,leppaberry21116,False,"['Mew', 'Mewtwo', 'Jolteon', 'Chansey', 'Snorlax', 'Dragonite']","['Mew', 'Mewtwo', 'Exeggutor', 'Tauros', 'Slowbro', 'Snorlax']",67,6,16
gen1ubers-2178773069,[Gen 1] UBERS,2024-08-12 19:02:48,1000,arceusbug28548,parasect7600,parasect7600,False,"['Seadra', 'Mewtwo', 'Zapdos', 'Chansey', 'Venusaur', 'Dragonite']","['Mewtwo', 'Slowbro', 'Gengar', 'Chansey', 'Snorlax']",39,9,7
gen1ubers-823171064,[Gen 1] UBERS,2018-10-20 19:34:56,,tailwhip2839,rage81487,rage81487,False,"['Starmie', 'Mew', 'Exeggutor', 'Tauros', 'Chansey', 'Snorlax']","['Starmie', 'Mew', 'Exeggutor', 'Tauros', 'Zapdos', 'Chansey']",212,18,17
gen1ubers-2174421690,[Gen 1] UBERS,2024-08-06 05:11:46,1184,tailwind1994,extremespeed54094,extremespeed54094,True,"['Mew', 'Mewtwo', 'Jolteon', 'Tauros', 'Chansey', 'Snorlax']","['Cloyster', 'Mewtwo', 'Mew', 'Charizard', 'Golem']",45,11,13
gen1ubers-711116385,[Gen 1] UBERS,2018-03-01 00:30:24,,spinarak37151,acupressure5238,acupressure5238,False,"['Exeggutor', 'Mewtwo', 'Mew', 'Tauros', 'Gengar', 'Snorlax']","['Mew', 'Exeggutor', 'Mewtwo', 'Slowbro', 'Jynx', 'Chansey']",52,12,12
gen1ubers-2191818733,[Gen 1] UBERS,2024-08-31 17:47:52,1000,frz27425,multitype83678,frz27425,False,"['Exeggutor', 'Tauros', 'Electrode', 'Alakazam', 'Dragonite']","['Mew', 'Exeggutor', 'Mewtwo', 'Tauros', 'Chansey', 'Snorlax']",60,5,9
gen1ubers-1045996724,[Gen 1] UBERS,2020-01-14 04:36:11,,tailwhip2839,delcatty31981,delcatty31981,False,"['Mew', 'Poliwag', 'Exeggcute', 'Dratini', 'Clefairy', 'Diglett']","['Mew', 'Exeggcute', 'Clefairy', 'Diglett', 'Gastly']",40,13,10
gen1ubers-2182468820,[Gen 1] UBERS,2024-08-18 09:15:14,,rampardos54793,magicalleaf79563,magicalleaf79563,True,"['Mew', 'Mewtwo', 'Zapdos', 'Jynx', 'Chansey', 'Snorlax']","['Chansey', 'Mew', 'Mewtwo', 'Jolteon']",36,6,3
gen1ubers-726664085,[Gen 1] UBERS,2018-04-01 20:54:50,,moltres25439,extrasensory78025,extrasensory78025,True,"['Mewtwo', 'Mew', 'Tauros', 'Zapdos', 'Gengar', 'Chansey']","['Cloyster', 'Starmie', 'Mew', 'Lapras', 'Mewtwo', 'Tauros']",37,8,6
gen1ubers-2143953434,[Gen 1] UBERS,2024-06-15 19:54:47,,healorder84544,mudsport46630,healorder84544,False,"['Rhydon', 'Raichu', 'Scyther', 'Venomoth']","['Lapras', 'Zapdos', 'Venusaur', 'Nidoqueen', 'Arcanine', 'Snorlax']",33,6,13
smogtours-gen1ubers-738877,[Gen 1] UBERS,2024-01-12 21:17:26,,swellow16873,steadfast85547,steadfast85547,True,"['Mew', 'Mewtwo', 'Exeggutor', 'Tauros', 'Rhydon', 'Snorlax']","['Mew', 'Mewtwo', 'Tauros', 'Zapdos', 'Jynx', 'Snorlax']",91,21,19
gen1ubers-526840346,[Gen 1] UBERS,2017-02-01 04:35:32,,miltank57341,woodhammer83701,miltank57341,False,"['Tangela', 'Weepinbell']","['Sandshrew', 'Vulpix', 'Eevee', 'Magnemite', 'Fearow']",41,1,6
smogtours-gen1ubers-808634,[Gen 1] UBERS,2024-12-01 18:58:25,,mareep93864,bide32585,mareep93864,False,"['Starmie', 'Mew', 'Exeggutor', 'Mewtwo', 'Tauros', 'Zapdos']","['Mewtwo', 'Exeggutor', 'Mew', 'Gengar', 'Snorlax', 'Articuno']",39,15,17
smogtours-gen1ubers-471248,[Gen 1] UBERS,2020-01-12 03:09:06,,bide32585,luxio14122,luxio14122,False,"['Mew', 'Mewtwo', 'Slowbro', 'Jynx', 'Chansey', 'Snorlax']","['Mew', 'Mewtwo', 'Exeggutor', 'Gengar', 'Chansey', 'Snorlax']",55,12,8
gen1ubers-814016838,[Gen 1] UBERS,2018-10-01 22:08:24,,slp31441,delcatty31981,delcatty31981,False,"['Mew', 'Mewtwo', 'Slowbro', 'Gengar', 'Chansey', 'Snorlax']","['Mew', 'Mewtwo', 'Charizard', 'Raichu', 'Venusaur', 'Blastoise']",42,12,7
smogtours-gen1ubers-654339,[Gen 1] UBERS,2022-10-10 22:15:15,,mawile36886,castform97328,castform97328,True,"['Mew', 'Mewtwo', 'Slowbro', 'Gengar', 'Chansey', 'Snorlax']","['Moltres', 'Mew', 'Exeggutor', 'Mewtwo', 'Chansey', 'Snorlax']",66,15,9
gen1ubers-572779663,[Gen 1] UBERS,2017-05-07 05:00:24,,miltank57341,woodhammer83701,woodhammer83701,False,"['Machamp', 'Rhydon', 'Kingler']","['Pidgeotto', 'Bulbasaur', 'Squirtle']",20,2,4
gen1ubers-684244781,[Gen 1] UBERS,2018-01-05 03:37:59,,woodhammer83701,miltank57341,woodhammer83701,False,"['Jigglypuff', 'Clefairy', 'Horsea', 'Ditto', 'Blastoise']","['Moltres', 'Venomoth', 'Kadabra', 'Mr. Mime', 'Hypno', 'Alakazam']",59,8,5
gen1ubers-2176134604,[Gen 1] UBERS,2024-08-08 17:49:41,1000,vaporeon78945,shaymin79666,shaymin79666,True,"['Pidgeot', 'Mewtwo', 'Machamp', 'Gyarados', 'Arcanine', 'Blastoise']","['Mew', 'Exeggutor', 'Mewtwo', 'Chansey', 'Snorlax']",33,6,5
smogtours-gen1ubers-522337,[Gen 1] UBERS,2020-10-15 18:45:04,,innerfocus91859,krabby97145,krabby97145,True,"['Mewtwo', 'Mew', 'Jolteon', 'Tauros', 'Chansey', 'Snorlax']","['Mewtwo', 'Mew', 'Zapdos', 'Jynx', 'Chansey', 'Snorlax']",82,22,25
gen1ubers-1145632168,[Gen 1] UBERS,2020-07-05 17:31:07,,xscissor99781,icyrock5195,xscissor99781,False,"['Gengar', 'Chansey', 'Mew', 'Mewtwo']","['Mew', 'Mewtwo', 'Jolteon', 'Zapdos', 'Jynx', 'Articuno']",20,3,6
gen1ubers-722982055,[Gen 1] UBERS,2018-03-25 00:19:47,,mentalherb96828,delcatty31981,mentalherb96828,False,"['Exeggutor', 'Mewtwo', 'Mew', 'Tauros', 'Slowbro', 'Snorlax']","['Mew', 'Mewtwo', 'Electrode', 'Golem', 'Jynx', 'Chansey']",29,5,7
gen1ubers-1011830254,[Gen 1] UBERS,2019-11-18 11:33:40,,monferno68820,ingrain58383,monferno68820,False,"['Rhydon', 'Starmie', 'Mewtwo', 'Zapdos']","['Mewtwo', 'Mew', 'Exeggutor', 'Slowbro', 'Jynx', 'Chansey']",37,7,8
gen1ubers-651458282,[Gen 1] UBERS,2017-10-28 03:44:09,,miltank57341,woodhammer83701,woodhammer83701,False,"['Kadabra', 'Abra']","['Haunter', 'Pikachu']",14,1,3
gen1ubers-758061564,[Gen 1] UBERS,2018-06-05 17:39:26,,naturepower57210,rabutaberry15896,naturepower57210,False,"['Exeggutor', 'Mew', 'Tauros', 'Slowbro', 'Snorlax']","['Mewtwo', 'Mew', 'Slowbro', 'Jynx', 'Chansey', 'Snorlax']",37,7,8
smogtours-gen1ubers-702381,[Gen 1] UBERS,2023-07-09 23:17:50,,arceusghost8496,mareep93864,mareep93864,True,"['Mewtwo', 'Mew', 'Tauros', 'Slowbro', 'Sandslash', 'Gengar']","['Starmie', 'Mewtwo', 'Mew', 'Chansey', 'Rhydon', 'Snorlax']",35,16,16
rom-gen1ubers-468350,[Gen 1] UBERS,2018-12-02 20:36:44,,constrict58938,sudowoodo17153,constrict58938,False,"['Slowbro', 'Exeggutor', 'Snorlax', 'Zapdos']","['Mewtwo', 'Mew', 'Slowbro', 'Jynx', 'Chansey', 'Snorlax']",68,3,10
smogtours-gen1ubers-176928,[Gen 1] UBERS,2016-07-17 23:51:38,,unburden21319,dragonfang69245,unburden21319,True,"['Mew', 'Mewtwo', 'Tauros', 'Jynx', 'Chansey', 'Snorlax']","['Mewtwo', 'Mew', 'Slowbro', 'Jynx', 'Chansey', 'Snorlax']",44,9,8
smogtours-gen1ubers-594743,[Gen 1] UBERS,2021-11-23 18:56:08,,bide32585,synchronize14428,bide32585,True,"['Jynx', 'Mewtwo', 'Snorlax']","['Gengar', 'Chansey', 'Mewtwo', 'Exeggutor']",10,3,5
gen1ubers-831586927,[Gen 1] UBERS,2018-12-06 10:10:40,,wingattack60748,megakick93800,megakick93800,False,"['Charizard', 'Ditto', 'Gyarados', 'Venusaur', 'Dragonite', 'Articuno']","['Mew', 'Mewtwo']",17,5,1
gen1ubers-2175739712,[Gen 1] UBERS,2024-08-08 02:53:55,1000,tangrowth23890,tailwind1994,tailwind1994,False,"['Mew', 'Exeggutor', 'Mewtwo', 'Tauros', 'Chansey', 'Snorlax']","['Mew', 'Mewtwo', 'Exeggutor', 'Tauros', 'Chansey', 'Snorlax']",52,11,13
gen1ubers-2181611409,[Gen 1] UBERS,2024-08-16 22:57:07,,leafeon53300,golduck77039,golduck77039,False,"['Cloyster', 'Mewtwo', 'Aerodactyl', 'Omastar', 'Chansey', 'Rhydon']","['Starmie', 'Mewtwo', 'Mew', 'Tauros', 'Persian', 'Alakazam']",36,7,14
gen1ubers-833923865,[Gen 1] UBERS,2018-12-11 10:02:36,,omanyte8307,doublekick47112,doublekick47112,False,['Mew'],['Mewtwo'],8,0,0
smogtours-gen1ubers-154410,[Gen 1] UBERS,2016-04-24 13:41:20,,starly21199,mefirst94337,mefirst94337,True,"['Mew', 'Tauros', 'Zapdos', 'Chansey', 'Snorlax', 'Alakazam']","['Exeggutor', 'Tauros', 'Slowbro', 'Gengar', 'Chansey']",23,9,6
smogtours-gen1ubers-816032,[Gen 1] UBERS,2025-01-26 00:17:19,,quagsire52408,psn38480,quagsire52408,False,"['Cloyster', 'Mew', 'Exeggutor', 'Mewtwo', 'Tauros', 'Snorlax']","['Mewtwo', 'Exeggutor', 'Mew', 'Zapdos', 'Jynx', 'Snorlax']",81,11,15
smogtours-gen1ubers-703383,[Gen 1] UBERS,2023-07-15 20:11:50,,mareep93864,deoxysdefense78874,mareep93864,False,"['Starmie', 'Exeggutor', 'Mewtwo', 'Mew', 'Chansey', 'Snorlax']","['Mew', 'Exeggutor', 'Mewtwo', 'Zapdos', 'Chansey', 'Snorlax']",30,8,8
gen1ubers-824855482,[Gen 1] UBERS,2018-11-23 03:48:59,,wormadamtrash50615,onix26883,wormadamtrash50615,False,"['Exeggutor', 'Charizard', 'Rhydon', 'Dragonite', 'Blastoise']","['Kingler', 'Onix', 'Zapdos', 'Muk', 'Magmar', 'Tentacruel']",55,12,14
gen1ubers-2188242375,[Gen 1] UBERS,2024-08-26 17:21:43,1270,gloom24666,bigroot22124,bigroot22124,False,"['Starmie', 'Mew', 'Mewtwo', 'Chansey', 'Rhydon', 'Snorlax']","['Mewtwo', 'Exeggutor', 'Mew', 'Zapdos', 'Chansey', 'Snorlax']",230,42,37
gen1ubers-2181688778,[Gen 1] UBERS,2024-08-17 01:46:17,1000,destinybond35325,slaking13361,destinybond35325,True,"['Mew', 'Mewtwo', 'Jolteon', 'Chansey', 'Snorlax', 'Articuno']","['Cloyster', 'Mewtwo', 'Mew', 'Tauros', 'Zapdos', 'Snorlax']",44,10,11
gen1ubers-1126700577,[Gen 1] UBERS,2020-06-04 15:54:58,,fire24746,delcatty31981,delcatty31981,True,"['Exeggutor', 'Mew', 'Mewtwo', 'Slowbro', 'Chansey', 'Snorlax']","['Exeggutor', 'Mew', 'Mewtwo', 'Jynx', 'Chansey', 'Snorlax']",46,8,12
gen1ubers-816374718,[Gen 1] UBERS,2018-10-06 19:06:11,,wurmple99911,transform70783,wurmple99911,True,"['Exeggutor', 'Mew', 'Mewtwo', 'Tauros', 'Slowbro', 'Snorlax']","['Starmie', 'Mewtwo', 'Chansey', 'Exeggutor']",22,8,9
gen1ubers-2044960335,[Gen 1] UBERS,2024-01-26 23:23:50,,hydration14831,waterspout33125,waterspout33125,False,"['Electrode', 'Chansey']","['Electrode', 'Chansey']",107,27,4
gen1ubers-773620578,[Gen 1] UBERS,2018-07-09 22:05:14,,wiseglasses62403,sunstone24006,wiseglasses62403,False,"['Mewtwo', 'Magneton', 'Electrode', 'Zapdos', 'Raichu']","['Cloyster', 'Exeggutor', 'Jolteon', 'Tauros', 'Gengar', 'Alakazam']",29,4,7
gen1ubers-699763474,[Gen 1] UBERS,2018-02-06 01:25:58,,miltank57341,woodhammer83701,woodhammer83701,False,"['Grimer', 'Weezing', 'Muk', 'Ekans', 'Articuno', 'Golbat']","['Scyther', 'Pidgeot', 'Golduck', 'Charizard', 'Machamp']",30,7,7
gen1ubers-2189233766,[Gen 1] UBERS,2024-08-28 00:14:04,,smeargle26218,wartortle32415,smeargle26218,False,['Mewtwo'],['Mewtwo'],7,0,0
gen1ubers-2360991829,[Gen 1] UBERS,2025-05-10 12:41:53,,ledyba46914,micleberry24246,ledyba46914,True,"['Mew', 'Jynx', 'Gengar', 'Snorlax', 'Alakazam', 'Magmar']","['Clefable', 'Jynx', 'Gengar', 'Alakazam', 'Electabuzz', 'Snorlax']",46,9,8
gen1ubers-1044891476,[Gen 1] UBERS,2020-01-12 04:57:50,,probopass67368,rockpolish68549,probopass67368,True,"['Charizard', 'Sandslash', 'Ditto', 'Persian', 'Parasect']","['Magneton', 'Starmie', 'Pidgeot']",17,5,3
gen1ubers-773600917,[Gen 1] UBERS,2018-07-09 21:21:43,,sweetscent3994,tailwhip2839,sweetscent3994,False,"['Mewtwo', 'Exeggutor', 'Mew', 'Tauros', 'Slowbro', 'Snorlax']","['Mew', 'Exeggutor', 'Mewtwo', 'Tauros', 'Chansey', 'Snorlax']",36,8,12
smogtours-gen1ubers-700607,[Gen 1] UBERS,2023-07-02 13:56:01,,adaptability45192,psn38480,psn38480,False,"['Mewtwo', 'Exeggutor', 'Mew', 'Gengar', 'Chansey', 'Snorlax']","['Mew', 'Exeggutor', 'Tauros', 'Chansey', 'Snorlax']",36,15,8
gen1ubers-1056530744,[Gen 1] UBERS,2020-02-02 03:31:33,,anticipation69983,probopass67368,probopass67368,True,"['Rhydon', 'Arcanine', 'Gyarados']","['Charizard', 'Persian']",10,4,1
gen1ubers-2066421430,[Gen 1] UBERS,2024-02-24 04:30:49,,lairon33018,azurill53963,azurill53963,True,"['Electrode', 'Mewtwo', 'Jolteon']","['Chansey', 'Alakazam']",12,2,1
smogtours-gen1ubers-711020,[Gen 1] UBERS,2023-08-20 14:17:09,,mareep93864,drapion2237,drapion2237,False,"['Starmie', 'Mew', 'Mewtwo', 'Exeggutor', 'Chansey', 'Snorlax']","['Mewtwo', 'Mew', 'Sandslash', 'Zapdos', 'Gengar', 'Snorlax']",124,17,17
gen1ubers-2030492017,[Gen 1] UBERS,2024-01-09 03:13:26,,metalcoat5437,cleffa42333,cleffa42333,False,"['Mew', 'Exeggutor', 'Tauros', 'Golem', 'Persian', 'Alakazam']","['Lapras', 'Charizard', 'Mewtwo', 'Gengar', 'Snorlax', 'Dragonite']",47,6,5
gen1ubers-778159342,[Gen 1] UBERS,2018-07-19 18:56:49,,raindance50399,dratini7919,raindance50399,False,"['Exeggutor', 'Mewtwo', 'Jynx', 'Chansey', 'Snorlax']","['Moltres', 'Mew', 'Mewtwo', 'Charizard', 'Nidoking', 'Zapdos']",22,4,5
smogtours-gen1ubers-817006,[Gen 1] UBERS,2025-01-31 14:12:05,,drapion2237,wacanberry11962,wacanberry11962,False,"['Starmie', 'Mew', 'Mewtwo', 'Exeggutor', 'Tauros', 'Snorlax']","['Cloyster', 'Mewtwo', 'Mew', 'Zapdos', 'Victreebel', 'Rhydon']",52,16,19
smogtours-gen1ubers-611018,[Gen 1] UBERS,2022-03-04 02:13:47,,synthesis86498,dig95510,dig95510,False,"['Mewtwo', 'Exeggutor', 'Mew', 'Tauros', 'Slowbro', 'Snorlax']","['Mew', 'Mewtwo', 'Chansey', 'Snorlax', 'Rhydon', 'Alakazam']",41,6,6
rom-gen1ubers-539526,[Gen 1] UBERS,2019-04-16 22:45:43,,constrict58938,sudowoodo17153,constrict58938,False,"['Mew', 'Mewtwo', 'Slowbro', 'Zapdos', 'Chansey', 'Snorlax']","['Mewtwo', 'Mew', 'Slowbro', 'Jynx', 'Chansey', 'Snorlax']",74,5,10
smogtours-gen1ubers-674347,[Gen 1] UBERS,2023-02-11 16:49:00,,enpowerground35750,swift79929,enpowerground35750,False,"['Mew', 'Mewtwo', 'Zapdos', 'Gengar', 'Chansey', 'Snorlax']","['Starmie', 'Mew', 'Mewtwo', 'Exeggutor', 'Zapdos', 'Chansey']",50,13,11
gen1ubers-532165090,[Gen 1] UBERS,2017-02-12 02:41:49,,miltank57341,woodhammer83701,woodhammer83701,False,"['Tangela', 'Gloom', 'Weepinbell']","['Shellder', 'Eevee', 'Fearow', 'Magnemite']",45,2,6
rom-gen1ubers-470486,[Gen 1] UBERS,2018-12-04 18:42:42,,constrict58938,sudowoodo17153,constrict58938,False,"['Mewtwo', 'Snorlax', 'Zapdos']","['Mewtwo', 'Mew', 'Slowbro', 'Jynx', 'Chansey', 'Snorlax']",19,2,9
gen1ubers-2119327392,[Gen 1] UBERS,2024-05-06 23:40:39,,hydration14831,kingdra25969,hydration14831,False,['Electrode'],"['Electrode', 'Chansey']",55,1,5
gen1ubers-2177020126,[Gen 1] UBERS,2024-08-10 00:15:20,1000,togekiss36240,revenge71921,revenge71921,False,"['Cloyster', 'Mewtwo', 'Mew', 'Chansey', 'Snorlax', 'Alakazam']","['Mewtwo', 'Tauros', 'Chansey', 'Snorlax', 'Vaporeon']",25,12,9
gen1ubers-404257677,[Gen 1] UBERS,2016-07-23 18:55:10,,icepunch49350,aspearberry45831,aspearberry45831,False,"['Mew', 'Mewtwo', 'Slowbro', 'Gengar', 'Chansey', 'Victreebel']","['Mewtwo', 'Exeggutor', 'Mew', 'Tauros', 'Zapdos', 'Snorlax']",60,17,14
smogtours-gen1ubers-720965,[Gen 1] UBERS,2023-10-01 19:14:34,,iceball26708,icebody51285,icebody51285,False,"['Starmie', 'Mew', 'Mewtwo', 'Chansey', 'Rhydon', 'Snorlax']","['Mew', 'Mewtwo', 'Zapdos', 'Gengar', 'Chansey', 'Snorlax']",46,13,14
gen1ubers-1100006192,[Gen 1] UBERS,2020-04-20 12:09:29,,wobbuffet93319,ingrain58383,ingrain58383,False,"['Mewtwo', 'Exeggutor', 'Mew', 'Slowbro', 'Jynx', 'Chansey']","['Mewtwo', 'Mew', 'Exeggutor', 'Slowbro', 'Jynx', 'Chansey']",52,9,9
smogtours-gen1ubers-593783,[Gen 1] UBERS,2021-11-18 20:38:41,,painsplit82259,bidoof62502,bidoof62502,True,"['Mew', 'Mewtwo', 'Tauros', 'Chansey', 'Snorlax', 'Alakazam']","['Mewtwo', 'Exeggutor', 'Mew', 'Gengar', 'Chansey', 'Snorlax']",112,16,14
gen1ubers-2017894845,[Gen 1] UBERS,2023-12-22 23:56:06,,deoxys25459,cranidos9637,cranidos9637,False,"['Mewtwo', 'Mew', 'Tauros', 'Slowbro', 'Chansey', 'Snorlax']","['Mew', 'Mewtwo', 'Tauros', 'Chansey', 'Rhydon', 'Snorlax']",28,5,8
smogtours-gen1ubers-651182,[Gen 1] UBERS,2022-09-25 19:34:07,,mefirst94337,synchronize14428,mefirst94337,True,"['Starmie', 'Mew', 'Mewtwo', 'Chansey', 'Rhydon', 'Snorlax']","['Mewtwo', 'Mew', 'Porygon', 'Victreebel', 'Snorlax', 'Alakazam']",90,18,27
gen1ubers-2341673701,[Gen 1] UBERS,2025-04-13 06:38:37,,gunkshot74625,hardstone70463,hardstone70463,False,"['Starmie', 'Jolteon', 'Dodrio', 'Golem', 'Victreebel', 'Alakazam']","['Starmie', 'Exeggutor', 'Tauros', 'Golem', 'Alakazam']",51,9,5
smogtours-gen1ubers-674209,[Gen 1] UBERS,2023-02-10 22:07:53,,extremespeed62335,mudsport71981,mudsport71981,False,"['Mewtwo', 'Mew', 'Slowbro', 'Zapdos', 'Chansey', 'Snorlax']","['Mew', 'Zapdos', 'Gengar', 'Chansey', 'Snorlax']",28,8,5
smogtours-gen1ubers-700610,[Gen 1] UBERS,2023-07-02 14:07:02,,drapion2237,powerherb16934,drapion2237,False,"['Mew', 'Exeggutor', 'Mewtwo', 'Chansey', 'Rhydon', 'Snorlax']","['Exeggutor', 'Mew', 'Mewtwo', 'Gengar', 'Chansey', 'Snorlax']",175,34,37
gen1ubers-488293556,[Gen 1] UBERS,2016-12-02 22:58:29,,pound69615,azurill29651,azurill29651,True,"['Chansey', 'Ditto', 'Vaporeon']","['Arbok', 'Starmie', 'Mew', 'Golem']",33,2,3
smogtours-gen1ubers-522742,[Gen 1] UBERS,2020-10-17 18:07:19,,starfberry84995,drapion56609,starfberry84995,True,"['Mewtwo', 'Mew', 'Slowbro', 'Jynx', 'Snorlax']","['Mew', 'Mewtwo', 'Slowbro', 'Zapdos', 'Jynx', 'Chansey']",101,14,14
smogtours-gen1ubers-314448,[Gen 1] UBERS,2017-09-17 00:16:08,,bide32585,starly82327,starly82327,True,"['Mew', 'Slowbro', 'Jynx', 'Chansey', 'Snorlax']","['Mewtwo', 'Mew', 'Tauros', 'Jynx', 'Chansey', 'Snorlax']",39,8,11
gen1ubers-1046853420,[Gen 1] UBERS,2020-01-15 16:53:32,,plusle50807,tangaberry40464,plusle50807,False,"['Spearow', 'Nidorino', 'Pidgey', 'Pikachu']","['Nidorino', 'Pidgey', 'Paras', 'Pikachu']",27,5,7
gen1ubers-2175495174,[Gen 1] UBERS,2024-08-07 19:10:19,1000,chopleberry38027,ponyta77104,chopleberry38027,True,"['Starmie', 'Mew']","['Mew', 'Mewtwo', 'Tauros']",13,1,2
gen1ubers-2184762148,[Gen 1] UBERS,2024-08-21 16:16:15,1120,aircutter66087,donphan83402,aircutter66087,False,"['Mewtwo', 'Mew', 'Jolteon', 'Beedrill', 'Jynx', 'Snorlax']","['Mew', 'Exeggutor', 'Mewtwo', 'Tauros', 'Chansey', 'Snorlax']",27,8,10
smogtours-gen1ubers-680086,[Gen 1] UBERS,2023-03-12 18:26:10,,drillpeck8655,arceusghost8496,arceusghost8496,False,"['Mew', 'Mewtwo', 'Jolteon', 'Slowbro', 'Chansey', 'Snorlax']","['Mewtwo', 'Mew', 'Slowbro', 'Zapdos', 'Chansey', 'Snorlax']",126,47,47
smogtours-gen1ubers-148321,[Gen 1] UBERS,2016-04-09 16:12:28,,starly21199,innerfocus91859,starly21199,False,"['Exeggutor', 'Mew', 'Tauros', 'Jynx', 'Chansey', 'Snorlax']","['Mew', 'Slowbro', 'Gengar', 'Chansey', 'Rhydon', 'Snorlax']",38,12,13
gen1ubers-2157669941,[Gen 1] UBERS,2024-07-09 04:35:49,,poisontail76604,fissure61188,fissure61188,True,"['Mew', 'Mewtwo', 'Tauros', 'Zapdos', 'Gengar', 'Chansey']","['Starmie', 'Exeggutor', 'Mew', 'Mewtwo', 'Rhydon', 'Snorlax']",51,11,9
gen1ubers-2113587116,[Gen 1] UBERS,2024-04-28 21:38:12,,rattata21006,ledian14085,rattata21006,False,"['Mew', 'Mewtwo', 'Tauros', 'Golem', 'Chansey', 'Snorlax']","['Mewtwo', 'Mew', 'Gengar', 'Chansey', 'Rhydon', 'Alakazam']",28,8,10
gen1ubers-2180127422,[Gen 1] UBERS,2024-08-14 18:43:49,1092,calmmind8048,parasect7600,parasect7600,True,"['Cloyster', 'Chansey', 'Mewtwo', 'Snorlax']","['Gengar', 'Mewtwo', 'Snorlax', 'Slowbro']",20,4,4
rom-gen1ubers-515804,[Gen 1] UBERS,2019-03-22 04:58:21,,dialga2859,sudowoodo17153,dialga2859,False,"['Mew', 'Mewtwo', 'Slowbro', 'Zapdos', 'Gengar', 'Chansey']","['Exeggutor', 'Mewtwo', 'Mew', 'Slowbro', 'Jynx', 'Chansey']",45,5,9
gen1ubers-720474212,[Gen 1] UBERS,2018-03-19 21:33:09,,extrasensory78025,raindance6746,raindance6746,False,"['Cloyster', 'Starmie', 'Lapras', 'Mewtwo', 'Mew', 'Tauros']","['Jynx', 'Exeggutor', 'Mewtwo']",35,5,2
smogtours-gen1ubers-723895,[Gen 1] UBERS,2023-10-15 14:50:24,,adaptability45192,shadowsneak30,adaptability45192,True,"['Mewtwo', 'Exeggutor', 'Tauros', 'Chansey', 'Snorlax']","['Mewtwo', 'Zapdos', 'Gengar', 'Chansey', 'Snorlax']",19,7,12
gen1ubers-779095079,[Gen 1] UBERS,2018-07-21 18:21:39,,raindance50399,delcatty31981,raindance50399,False,"['Mew', 'Exeggutor', 'Mewtwo', 'Jynx', 'Chansey', 'Snorlax']","['Mew', 'Mewtwo', 'Charizard', 'Raichu', 'Venusaur', 'Blastoise']",37,9,10
smogtours-gen1ubers-775870,[Gen 1] UBERS,2024-06-22 00:20:37,,porygon66517,mareep93864,mareep93864,True,"['Mew', 'Exeggutor', 'Mewtwo', 'Zapdos', 'Golem', 'Snorlax']","['Exeggutor', 'Mewtwo', 'Mew', 'Slowbro', 'Zapdos', 'Snorlax']",152,59,46
gen1ubers-1117012908,[Gen 1] UBERS,2020-05-18 20:22:39,,poisonsting91623,slakoth53488,poisonsting91623,False,"['Jynx', 'Mew', 'Snorlax', 'Zapdos']","['Exeggutor', 'Mewtwo', 'Mew', 'Tauros', 'Slowbro', 'Snorlax']",33,10,14
gen1ubers-932803200,[Gen 1] UBERS,2019-06-22 08:21:46,1000,conversion222171,fighting20990,conversion222171,True,"['Gengar', 'Exeggutor', 'Zapdos', 'Mew']","['Starmie', 'Jolteon', 'Tauros', 'Snorlax', 'Dragonite']",26,6,5
rom-gen1ubers-538747,[Gen 1] UBERS,2019-04-15 23:59:50,,constrict58938,sudowoodo17153,constrict58938,False,"['Mew', 'Mewtwo', 'Slowbro', 'Zapdos', 'Chansey', 'Snorlax']","['Exeggutor', 'Mewtwo', 'Mew', 'Slowbro', 'Jynx', 'Chansey']",95,6,10
gen1ubers-2309970556,[Gen 1] UBERS,2025-02-28 23:11:25,,vespiquen29498,voltabsorb57094,vespiquen29498,False,"['Mew', 'Exeggutor', 'Mewtwo', 'Slowbro', 'Zapdos', 'Gengar']","['Mew', 'Mewtwo', 'Tauros', 'Jynx', 'Chansey', 'Snorlax']",66,10,10
gen1ubers-670345453,[Gen 1] UBERS,2017-12-07 12:33:20,,superfang61433,natu78048,superfang61433,True,"['Exeggutor', 'Mew', 'Mewtwo', 'Tauros', 'Gengar', 'Snorlax']","['Mew', 'Mewtwo', 'Exeggutor', 'Slowbro', 'Chansey', 'Snorlax']",23,6,8
gen1ubers-789740135,[Gen 1] UBERS,2018-08-12 19:55:38,,delcatty31981,raindance50399,delcatty31981,True,"['Mewtwo', 'Mew', 'Electrode', 'Golem', 'Jynx', 'Chansey']","['Mewtwo', 'Exeggutor', 'Mew', 'Gengar', 'Chansey', 'Snorlax']",123,12,16
gen1ubers-561678894,[Gen 1] UBERS,2017-04-14 15:33:56,,ironplate25942,woodhammer83701,ironplate25942,False,"['Tangela', 'Gloom', 'Weepinbell']","['Sandshrew', 'Eevee', 'Shellder', 'Magnemite', 'Fearow']",44,2,6
smogtours-gen1ubers-670578,[Gen 1] UBERS,2023-01-25 00:55:36,,arceusghost8496,psn38480,arceusghost8496,False,"['Exeggutor', 'Mewtwo', 'Mew', 'Tauros', 'Persian', 'Snorlax']","['Mewtwo', 'Mew', 'Zapdos', 'Gengar', 'Chansey', 'Snorlax']",40,10,12
smogtours-gen1ubers-736875,[Gen 1] UBERS,2023-12-28 20:46:34,,nidorina72636,aggron77866,aggron77866,True,"['Mew', 'Mewtwo', 'Zapdos', 'Gengar', 'Chansey', 'Snorlax']","['Mew', 'Mewtwo', 'Zapdos', 'Gengar', 'Chansey', 'Snorlax']",52,13,8
gen1ubers-2355687319,[Gen 1] UBERS,2025-05-02 22:16:29,,exploud68588,ground30093,ground30093,False,"['Exeggutor', 'Lapras', 'Gengar', 'Mr. Mime', 'Chansey', 'Snorlax']","['Mew', 'Porygon', 'Electrode', 'Krabby', 'Rhydon', 'Vaporeon']",49,13,5
gen1ubers-2213088655,[Gen 1] UBERS,2024-09-30 20:50:36,,gible45423,greatball86069,gible45423,False,"['Starmie', 'Exeggutor', 'Tauros', 'Snorlax', 'Rhydon', 'Alakazam']","['Starmie', 'Exeggutor', 'Tauros', 'Jynx', 'Persian', 'Alakazam']",40,10,9
gen1ubers-242345369,[Gen 1] UBERS,2015-06-20 18:06:17,,oldamber29487,furyattack94312,oldamber29487,False,"['Mewtwo', 'Mew', 'Exeggutor', 'Jynx', 'Snorlax']","['Starmie', 'Mew', 'Exeggutor', 'Mewtwo', 'Chansey', 'Snorlax']",37,11,15
smogtours-gen1ubers-673030,[Gen 1] UBERS,2023-02-05 00:58:30,,multitype99793,bubble48110,multitype99793,False,"['Jynx', 'Mewtwo', 'Mew', 'Snorlax']","['Mewtwo', 'Mew', 'Exeggutor', 'Tauros', 'Slowbro', 'Snorlax']",26,6,9
gen1ubers-1087523302,[Gen 1] UBERS,2020-03-29 20:02:11,,roleplay46330,toxicplate54191,toxicplate54191,False,"['Electrode', 'Mewtwo']","['Jynx', 'Gengar', 'Mewtwo']",91,7,11
gen1ubers-702492873,[Gen 1] UBERS,2018-02-11 15:30:57,,trapped68161,waveincense51112,waveincense51112,False,"['Exeggutor', 'Charizard', 'Mewtwo', 'Mew', 'Gengar', 'Chansey']","['Exeggutor', 'Mew', 'Mewtwo', 'Jynx', 'Chansey', 'Snorlax']",33,5,6
gen1ubers-1136736420,[Gen 1] UBERS,2020-06-21 15:07:29,,innerfocus91859,slakoth53488,slakoth53488,False,"['Exeggutor', 'Mewtwo', 'Mew', 'Tauros', 'Chansey', 'Snorlax']","['Exeggutor', 'Mewtwo', 'Mew', 'Tauros', 'Slowbro', 'Snorlax']",40,14,9
smogtours-gen1ubers-780429,[Gen 1] UBERS,2024-07-14 23:12:46,,psn38480,spoink27592,spoink27592,False,"['Cloyster', 'Starmie', 'Mew', 'Exeggutor', 'Mewtwo', 'Snorlax']","['Mewtwo', 'Mew', 'Slowbro', 'Jynx', 'Chansey', 'Snorlax']",44,7,15
smogtours-gen1ubers-77658,[Gen 1] UBERS,2015-07-24 14:52:03,,safariball30401,krabby97145,safariball30401,False,"['Mewtwo', 'Exeggutor', 'Mew', 'Zapdos', 'Jynx', 'Snorlax']","['Exeggutor', 'Mewtwo', 'Mew', 'Slowbro', 'Jynx', 'Chansey']",169,19,37
gen1ubers-1052250613,[Gen 1] UBERS,2020-01-25 01:31:27,,blackbelt63683,heartswap3972,blackbelt63683,True,['Alakazam'],"['Venusaur', 'Tentacruel', 'Aerodactyl']",8,0,2
smogtours-gen1ubers-817755,[Gen 1] UBERS,2025-02-02 21:16:46,,quagsire52408,fissure61188,fissure61188,True,"['Cloyster', 'Mewtwo', 'Exeggutor', 'Mew', 'Gengar', 'Snorlax']","['Exeggutor', 'Mewtwo', 'Mew', 'Jynx', 'Rhydon', 'Snorlax']",51,20,24
gen1ubers-2157950336,[Gen 1] UBERS,2024-07-09 17:00:00,,machamp44590,bubble48110,machamp44590,False,['Electrode'],"['Gengar', 'Electrode', 'Aerodactyl']",37,0,5
gen1ubers-848092120,[Gen 1] UBERS,2019-01-13 01:41:08,,trickroom38246,naturepower57210,trickroom38246,False,"['Exeggutor', 'Mewtwo', 'Mew', 'Gengar', 'Chansey', 'Snorlax']","['Mewtwo', 'Exeggutor', 'Mew', 'Tauros', 'Slowbro', 'Snorlax']",107,15,15
smogtours-gen1ubers-776615,[Gen 1] UBERS,2024-06-23 23:01:34,,crushclaw39801,wacanberry11962,wacanberry11962,False,"['Mew', 'Mewtwo', 'Exeggutor', 'Tauros', 'Sandslash', 'Snorlax']","['Cloyster', 'Mewtwo', 'Mew', 'Slowbro', 'Victreebel', 'Rhydon']",34,12,8
gen1ubers-532182557,[Gen 1] UBERS,2017-02-12 03:28:11,,miltank57341,woodhammer83701,woodhammer83701,False,"['Nidoking', 'Nidoqueen', 'Dugtrio', 'Persian', 'Rhydon']","['Cloyster', 'Flareon', 'Sandslash', 'Magneton', 'Kadabra']",33,4,5
smogtours-gen1ubers-610918,[Gen 1] UBERS,2022-03-02 06:54:17,,focusband97190,sacredfire231,focusband97190,True,"['Mewtwo', 'Slowbro', 'Jynx', 'Chansey', 'Snorlax']","['Starmie', 'Exeggutor', 'Mewtwo', 'Mew', 'Slowbro', 'Snorlax']",60,9,14
smogtours-gen1ubers-815742,[Gen 1] UBERS,2025-01-24 21:56:22,,iceball26708,poisonpowder88566,iceball26708,True,"['Exeggutor', 'Mewtwo', 'Mew', 'Jynx', 'Chansey', 'Snorlax']","['Cloyster', 'Mewtwo', 'Mew', 'Zapdos', 'Gengar']",39,11,8
gen1ubers-2134452945,[Gen 1] UBERS,2024-05-31 21:14:43,,healorder84544,mudsport46630,healorder84544,True,"['Scyther', 'Venomoth', 'Nidoking', 'Pikachu', 'Rhydon']","['Lapras', 'Zapdos', 'Venusaur', 'Nidoqueen', 'Arcanine', 'Snorlax']",31,7,6
gen1ubers-2178919695,[Gen 1] UBERS,2024-08-12 23:20:03,1000,beedrill79854,xscissor61666,beedrill79854,True,"['Mewtwo', 'Mew', 'Onix', 'Jynx', 'Snorlax', 'Beedrill']","['Mewtwo', 'Zapdos', 'Dugtrio', 'Tauros']",11,5,3
gen1ubers-395359663,[Gen 1] UBERS,2016-07-04 23:20:02,,payapaberry8514,poisonbarb71122,payapaberry8514,True,"['Mew', 'Mewtwo', 'Tauros', 'Jynx', 'Chansey', 'Snorlax']","['Mew', 'Exeggutor', 'Mewtwo', 'Slowbro', 'Chansey', 'Snorlax']",61,12,14
gen1ubers-2213114576,[Gen 1] UBERS,2024-09-30 21:40:02,,heatran58448,gloom50365,gloom50365,False,"['Starmie', 'Exeggutor', 'Jolteon', 'Zapdos', 'Jynx', 'Alakazam']","['Starmie', 'Exeggutor', 'Tauros', 'Jynx', 'Chansey', 'Rhydon']",65,17,15
smogtours-gen1ubers-842822,[Gen 1] UBERS,2025-05-16 20:37:06,,wacanberry11962,denpowerghost39436,wacanberry11962,False,"['Cloyster', 'Mew', 'Mewtwo', 'Exeggutor', 'Tauros', 'Chansey']","['Mew', 'Mewtwo', 'Tauros', 'Zapdos', 'Chansey', 'Snorlax']",49,13,12
rom-gen1ubers-590244,[Gen 1] UBERS,2019-06-16 03:12:03,,constrict58938,sudowoodo17153,constrict58938,False,"['Slowbro', 'Chansey', 'Snorlax', 'Zapdos']","['Mewtwo', 'Mew', 'Slowbro', 'Jynx', 'Chansey', 'Snorlax']",81,4,11
smogtours-gen1ubers-776616,[Gen 1] UBERS,2024-06-23 23:04:37,,crushclaw39801,wacanberry11962,wacanberry11962,False,"['Mew', 'Mewtwo', 'Zapdos', 'Golem', 'Snorlax', 'Articuno']","['Exeggutor', 'Mew', 'Mewtwo', 'Slowbro', 'Zapdos', 'Rhydon']",39,19,15
rom-gen1ubers-623629,[Gen 1] UBERS,2019-07-23 12:58:56,,constrict58938,sudowoodo17153,constrict58938,False,"['Mewtwo', 'Snorlax']","['Exeggutor', 'Mewtwo', 'Mew', 'Slowbro', 'Jynx', 'Chansey']",27,1,17
gen1ubers-2183235399,[Gen 1] UBERS,2024-08-19 13:46:22,1000,dracoplate91414,teeterdance75967,dracoplate91414,False,"['Mew', 'Mewtwo', 'Tauros', 'Slowbro', 'Rhydon', 'Snorlax']","['Exeggutor', 'Mewtwo', 'Jolteon', 'Slowbro', 'Chansey', 'Snorlax']",39,7,8
smogtours-gen1ubers-724258,[Gen 1] UBERS,2023-10-15 22:06:21,,icebody51285,skillswap74981,icebody51285,False,"['Mewtwo', 'Exeggutor', 'Mew', 'Tauros', 'Zapdos', 'Snorlax']","['Mew', 'Mewtwo', 'Exeggutor', 'Tauros', 'Chansey', 'Snorlax']",34,8,10
gen1ubers-896811528,[Gen 1] UBERS,2019-04-21 19:27:40,,oblivious58305,rage81487,oblivious58305,True,"['Mewtwo', 'Mew', 'Exeggutor', 'Gengar', 'Chansey', 'Snorlax']","['Exeggutor', 'Mew', 'Mewtwo', 'Tauros', 'Slowbro', 'Snorlax']",42,17,17
smogtours-gen1ubers-718307,[Gen 1] UBERS,2023-09-23 09:14:38,,shadowsneak30,leppaberry17132,shadowsneak30,False,"['Mew', 'Slowbro', 'Chansey', 'Snorlax', 'Alakazam']","['Mewtwo', 'Mew', 'Zapdos', 'Gengar', 'Chansey', 'Snorlax']",52,12,12
rom-gen1ubers-484155,[Gen 1] UBERS,2018-12-18 22:27:28,,constrict58938,sudowoodo17153,constrict58938,False,"['Mew', 'Mewtwo', 'Slowbro', 'Zapdos', 'Chansey', 'Snorlax']","['Mewtwo', 'Mew', 'Slowbro', 'Jynx', 'Chansey', 'Snorlax']",38,6,8
gen1ubers-988344393,[Gen 1] UBERS,2019-10-07 07:15:29,,blizzard84450,groudon30488,groudon30488,False,"['Gengar', 'Chansey', 'Snorlax', 'Rhydon', 'Alakazam', 'Dragonite']","['Charizard', 'Gengar', 'Chansey', 'Snorlax', 'Alakazam', 'Dragonite']",69,8,9
smogtours-gen1ubers-818881,[Gen 1] UBERS,2025-02-09 02:19:49,,wingattack30461,frenzyplant87849,wingattack30461,True,"['Exeggutor', 'Mewtwo', 'Zapdos', 'Tauros']","['Mewtwo', 'Mew', 'Gengar', 'Chansey', 'Snorlax']",15,4,4
smogtours-gen1ubers-698372,[Gen 1] UBERS,2023-06-21 13:42:31,,drapion2237,mareep93864,mareep93864,False,"['Starmie', 'Mew', 'Exeggutor', 'Mewtwo', 'Zapdos', 'Chansey']","['Mew', 'Mewtwo', 'Slowbro', 'Jynx', 'Chansey', 'Snorlax']",78,16,19
smogtours-gen1ubers-804566,[Gen 1] UBERS,2024-11-03 20:41:38,,chuspikyeared66897,aeroblast8709,aeroblast8709,True,"['Mew', 'Exeggutor', 'Mewtwo', 'Tauros', 'Chansey', 'Snorlax']","['Mew', 'Mewtwo', 'Exeggutor', 'Zapdos', 'Snorlax']",16,5,4
gen1ubers-543032617,[Gen 1] UBERS,2017-03-06 02:47:54,,miltank57341,woodhammer83701,woodhammer83701,False,['Raichu'],"['Magnemite', 'Eevee', 'Fearow', 'Sandshrew']",14,0,4
gen1ubers-2173730853,[Gen 1] UBERS,2024-08-05 04:55:15,1000,silkscarf224,toxicspikes74725,toxicspikes74725,True,"['Mewtwo', 'Exeggutor', 'Mew', 'Electrode', 'Rhydon', 'Snorlax']","['Mew', 'Mewtwo', 'Jynx', 'Gengar', 'Rhydon', 'Snorlax']",64,17,23
gen1ubers-2208236034,[Gen 1] UBERS,2024-09-24 00:19:40,,gluttony87688,deoxys38107,gluttony87688,True,"['Mew', 'Exeggutor', 'Mewtwo', 'Tauros', 'Chansey', 'Snorlax']","['Mew', 'Mewtwo', 'Jolteon', 'Slowbro', 'Chansey', 'Snorlax']",81,14,23
smogtours-gen1ubers-179290,[Gen 1] UBERS,2016-07-23 13:54:19,,innerfocus91859,unburden21319,innerfocus91859,True,"['Exeggutor', 'Mew', 'Slowbro', 'Gengar', 'Snorlax']","['Exeggutor', 'Mew', 'Mewtwo', 'Tauros', 'Gengar', 'Snorlax']",25,4,7
smogtours-gen1ubers-722181,[Gen 1] UBERS,2023-10-07 16:33:40,,rockslide37277,unknownability847,rockslide37277,False,"['Mew', 'Exeggutor', 'Mewtwo', 'Chansey', 'Snorlax']","['Mew', 'Exeggutor', 'Mewtwo', 'Zapdos', 'Chansey', 'Snorlax']",55,16,22
gen1ubers-881399561,[Gen 1] UBERS,2019-03-24 21:05:15,,krabby97145,bastiodon89462,bastiodon89462,True,"['Mew', 'Mewtwo', 'Zapdos', 'Jynx', 'Chansey', 'Snorlax']","['Exeggutor', 'Mewtwo', 'Mew', 'Tauros', 'Chansey', 'Snorlax']",81,23,26
gen1ubers-668734406,[Gen 1] UBERS,2017-12-04 05:38:23,,delcatty31981,poisontail36956,delcatty31981,False,"['Mew', 'Mewtwo', 'Charizard', 'Raichu', 'Venusaur', 'Blastoise']","['Mewtwo', 'Mew', 'Tauros', 'Slowbro', 'Gengar', 'Alakazam']",43,12,9
gen1ubers-2184797339,[Gen 1] UBERS,2024-08-21 17:10:08,1147,chargebeam82481,gloom24666,gloom24666,False,"['Mew', 'Exeggutor', 'Mewtwo', 'Gengar', 'Chansey', 'Snorlax']","['Moltres', 'Mew', 'Mewtwo', 'Gengar', 'Chansey', 'Snorlax']",42,9,9
smogtours-gen1ubers-146647,[Gen 1] UBERS,2016-04-03 21:13:42,,shedskin24281,heatrock37333,shedskin24281,False,"['Mew', 'Exeggutor', 'Tauros', 'Zapdos', 'Chansey', 'Snorlax']","['Exeggutor', 'Mew', 'Jolteon', 'Tauros', 'Chansey', 'Snorlax']",26,9,13
gen1ubers-842355829,[Gen 1] UBERS,2018-12-30 15:35:15,,bounce28917,focussash73318,focussash73318,False,['Mewtwo'],['Zapdos'],12,0,0
rom-gen1ubers-108238,[Gen 1] UBERS,2017-07-04 21:51:43,,sudowoodo17153,powerwhip88310,powerwhip88310,False,"['Mewtwo', 'Mew', 'Slowbro', 'Jynx', 'Chansey', 'Snorlax']","['Mewtwo', 'Mew', 'Slowbro', 'Golem', 'Jynx', 'Victreebel']",91,12,10
smogtours-gen1ubers-745673,[Gen 1] UBERS,2024-02-07 02:06:48,,faketears60131,hypnosis24434,hypnosis24434,False,"['Mewtwo', 'Mew', 'Exeggutor', 'Gengar', 'Chansey', 'Snorlax']","['Mewtwo', 'Zapdos', 'Gengar', 'Chansey', 'Snorlax']",67,10,8
smogtours-gen1ubers-181910,[Gen 1] UBERS,2016-07-30 18:06:20,,zoomlens15496,unburden21319,zoomlens15496,False,"['Mewtwo', 'Exeggutor', 'Alakazam', 'Snorlax']","['Mewtwo', 'Exeggutor', 'Mew', 'Tauros', 'Gengar', 'Snorlax']",27,3,8
gen1ubers-827840004,[Gen 1] UBERS,2018-11-29 01:48:16,,amnesia63784,rest20747,amnesia63784,False,"['Mew', 'Ninetales', 'Electabuzz', 'Golem', 'Victreebel', 'Gyarados']","['Starmie', 'Jolteon', 'Sandslash', 'Clefable', 'Venusaur', 'Articuno']",71,18,22
smogtours-gen1ubers-634017,[Gen 1] UBERS,2022-06-22 03:44:47,,arceusghost8496,pupitar309,pupitar309,False,"['Cloyster', 'Exeggutor', 'Mewtwo', 'Mew', 'Slowbro', 'Poliwrath']","['Mewtwo', 'Mew', 'Slowbro', 'Jynx', 'Chansey', 'Snorlax']",75,17,14
smogtours-gen1ubers-182470,[Gen 1] UBERS,2016-07-31 21:08:42,,zoomlens15496,krabby97145,zoomlens15496,True,"['Exeggutor', 'Mew', 'Lapras', 'Zapdos', 'Gengar', 'Chansey']","['Exeggutor', 'Mew', 'Slowbro', 'Gengar', 'Chansey', 'Snorlax']",93,9,14
gen1ubers-817868479,[Gen 1] UBERS,2018-10-09 20:01:01,,scopelens90277,wynaut4615,wynaut4615,False,"['Mew', 'Exeggutor', 'Tauros', 'Chansey', 'Snorlax', 'Alakazam']","['Starmie', 'Exeggutor', 'Mew', 'Chansey', 'Rhydon', 'Snorlax']",50,14,12
gen1ubers-1116748369,[Gen 1] UBERS,2020-05-18 11:17:59,,hitmonlee41914,rampardos21396,hitmonlee41914,False,"['Mew', 'Tauros', 'Jynx', 'Chansey', 'Rhydon', 'Snorlax']","['Mew', 'Jolteon', 'Tauros', 'Slowbro', 'Snorlax', 'Alakazam']",20,6,7
smogtours-gen1ubers-818418,[Gen 1] UBERS,2025-02-07 20:49:51,,azumarill79029,iceball26708,azumarill79029,False,"['Cloyster', 'Mew', 'Mewtwo', 'Exeggutor', 'Sandslash', 'Alakazam']","['Mewtwo', 'Mew', 'Zapdos', 'Gengar', 'Chansey', 'Snorlax']",104,25,31
rom-gen1ubers-381979,[Gen 1] UBERS,2018-08-25 02:28:30,,helpinghand51132,sudowoodo17153,helpinghand51132,False,"['Exeggutor', 'Mew', 'Slowbro', 'Zapdos', 'Snorlax']","['Mew', 'Mewtwo', 'Slowbro', 'Jynx', 'Chansey', 'Snorlax']",66,4,8
gen1ubers-824866095,[Gen 1] UBERS,2018-11-23 04:17:18,,amnesia63784,tropius17094,tropius17094,False,"['Mew', 'Nidoking', 'Golem', 'Victreebel', 'Electabuzz', 'Gyarados']","['Golduck', 'Tauros', 'Jynx', 'Lickitung', 'Persian', 'Snorlax']",27,7,5
gen1ubers-793439446,[Gen 1] UBERS,2018-08-20 20:59:50,,mrmime91353,pidgeot51537,mrmime91353,False,"['Mewtwo', 'Tauros', 'Slowbro', 'Jynx', 'Snorlax']","['Mewtwo', 'Tauros', 'Slowbro', 'Gengar', 'Chansey', 'Snorlax']",58,4,9
smogtours-gen1ubers-744360,[Gen 1] UBERS,2024-02-03 17:27:06,,mamoswine66279,snorlax33255,snorlax33255,False,"['Mewtwo', 'Mew', 'Exeggutor', 'Tauros', 'Slowbro', 'Snorlax']","['Mew', 'Mewtwo', 'Tauros', 'Chansey', 'Rhydon', 'Snorlax']",45,10,11
gen1ubers-739645800,[Gen 1] UBERS,2018-04-28 21:50:11,,drifblim84361,eevee75445,drifblim84361,False,"['Kadabra', 'Raticate', 'Wartortle', 'Weepinbell', 'Geodude', 'Fearow']","['Pidgeotto', 'Poliwhirl', 'Pikachu', 'Nidorino', 'Charmeleon', 'Mankey']",45,23,24
gen1ubers-1127817217,[Gen 1] UBERS,2020-06-06 10:28:54,1076,rotom95030,tackle58216,rotom95030,True,"['Exeggutor', 'Mewtwo', 'Mew', 'Tauros', 'Snorlax']","['Mew', 'Mewtwo', 'Exeggutor', 'Tauros', 'Chansey', 'Snorlax']",20,4,8
gen1ubers-651474832,[Gen 1] UBERS,2017-10-28 04:50:49,,miltank57341,woodhammer83701,woodhammer83701,False,"['Rhydon', 'Magmar', 'Ninetales']","['Charizard', 'Squirtle', 'Pikachu']",18,2,3
smogtours-gen1ubers-640245,[Gen 1] UBERS,2022-07-24 20:42:46,,psn38480,synchronize14428,synchronize14428,True,"['Gengar', 'Chansey', 'Mew', 'Zapdos']","['Mewtwo', 'Exeggutor', 'Snorlax']",26,9,2
gen1ubers-776003270,[Gen 1] UBERS,2018-07-15 05:20:46,,swablu89574,smoothrock99940,swablu89574,False,"['Gengar', 'Mewtwo', 'Dragonite']","['Scyther', 'Abra', 'Sandshrew', 'Pikachu', 'Squirtle', 'Charmander']",40,5,5
gen1ubers-1049917870,[Gen 1] UBERS,2020-01-21 00:47:48,,counter73517,mudbomb71092,mudbomb71092,True,"['Machamp', 'Nidoking', 'Nidoqueen']","['Lapras', 'Alakazam']",7,2,1
smogtours-gen1ubers-700609,[Gen 1] UBERS,2023-07-02 13:51:58,,drapion2237,powerherb16934,drapion2237,True,"['Mewtwo', 'Slowbro', 'Dodrio', 'Chansey', 'Snorlax']","['Mew', 'Mewtwo', 'Slowbro', 'Zapdos', 'Jynx', 'Snorlax']",29,8,7
gen1ubers-836006007,[Gen 1] UBERS,2018-12-15 19:30:14,,naturalcure76962,metalburst92288,metalburst92288,False,"['Exeggutor', 'Mew', 'Mewtwo', 'Slowbro', 'Chansey', 'Snorlax']","['Exeggutor', 'Mewtwo', 'Mew', 'Slowbro', 'Chansey', 'Snorlax']",197,54,50
gen1ubers-781926571,[Gen 1] UBERS,2018-07-27 10:36:31,,safariball5982,rabutaberry80396,safariball5982,False,"['Charizard', 'Butterfree', 'Golem', 'Marowak', 'Beedrill', 'Dragonite']","['Scyther', 'Exeggutor', 'Machoke', 'Electabuzz', 'Magmar', 'Blastoise']",27,6,7
gen1ubers-796782343,[Gen 1] UBERS,2018-08-27 21:00:22,,tailwhip2839,laggingtail57964,tailwhip2839,False,"['Mew', 'Exeggutor', 'Snorlax', 'Tauros']","['Mewtwo', 'Exeggutor', 'Mew', 'Gengar', 'Chansey', 'Snorlax']",21,5,7
gen1ubers-572756020,[Gen 1] UBERS,2017-05-07 03:36:32,,miltank57341,woodhammer83701,woodhammer83701,False,"['Kadabra', 'Abra']","['Haunter', 'Pikachu']",37,1,10
gen1ubers-2173585541,[Gen 1] UBERS,2024-08-04 23:44:56,1049,quickpowder52632,diglett37152,diglett37152,True,"['Mew', 'Lapras', 'Exeggutor', 'Mewtwo', 'Golem', 'Hypno']","['Cloyster', 'Mew', 'Charizard', 'Mewtwo', 'Golem', 'Chansey']",58,11,12
gen1ubers-2334581071,[Gen 1] UBERS,2025-04-03 18:08:00,,igglybuff74345,drifblim70797,drifblim70797,False,"['Starmie', 'Sandslash', 'Poliwrath', 'Electabuzz', 'Magmar', 'Fearow']","['Cloyster', 'Exeggutor', 'Magneton', 'Graveler', 'Mr. Mime', 'Persian']",45,18,20
smogtours-gen1ubers-588075,[Gen 1] UBERS,2021-10-22 21:10:29,,marshtomp99135,innerfocus91859,marshtomp99135,False,"['Mew', 'Mewtwo', 'Jolteon', 'Slowbro', 'Chansey', 'Snorlax']","['Mewtwo', 'Mew', 'Tauros', 'Gengar', 'Chansey', 'Snorlax']",37,6,11
smogtours-gen1ubers-747064,[Gen 1] UBERS,2024-02-12 19:12:19,,buneary67957,aurasphere76841,aurasphere76841,False,"['Exeggutor', 'Mewtwo', 'Mew', 'Zapdos', 'Chansey', 'Snorlax']","['Mew', 'Mewtwo', 'Exeggutor', 'Tauros', 'Snorlax']",44,11,7
smogtours-gen1ubers-609984,[Gen 1] UBERS,2022-02-22 21:16:57,,zapplate48793,painsplit82259,zapplate48793,False,"['Mewtwo', 'Mew', 'Zapdos', 'Gengar', 'Chansey', 'Snorlax']","['Mewtwo', 'Mew', 'Zapdos', 'Gengar', 'Chansey', 'Snorlax']",48,8,12
smogtours-gen1ubers-524218,[Gen 1] UBERS,2020-10-25 18:12:15,,iapapaberry79782,focusblast45004,focusblast45004,True,"['Mewtwo', 'Mew', 'Jynx', 'Chansey', 'Rhydon', 'Snorlax']","['Mew', 'Mewtwo', 'Slowbro', 'Jynx', 'Snorlax']",66,19,18
gen1ubers-1067783887,[Gen 1] UBERS,2020-02-23 05:24:00,,delcatty31981,deoxysattack98195,delcatty31981,False,"['Mewtwo', 'Mew', 'Charizard', 'Raichu', 'Venusaur', 'Blastoise']","['Mewtwo', 'Exeggutor', 'Jolteon', 'Mew', 'Chansey', 'Alakazam']",86,14,6
smogtours-gen1ubers-675782,[Gen 1] UBERS,2023-02-19 03:38:02,,drapion2237,goldeen60582,goldeen60582,False,"['Mewtwo', 'Mew', 'Zapdos', 'Gengar', 'Chansey', 'Snorlax']","['Mewtwo', 'Slowbro', 'Gengar', 'Chansey', 'Snorlax']",84,22,18
gen1ubers-2182103648,[Gen 1] UBERS,2024-08-17 19:12:29,1065,octillery52515,zigzagoon9190,zigzagoon9190,True,"['Starmie', 'Exeggutor', 'Mewtwo', 'Mew', 'Rhydon', 'Snorlax']","['Mewtwo', 'Aerodactyl', 'Tauros', 'Chansey', 'Snorlax']",156,45,34
smogtours-gen1ubers-145448,[Gen 1] UBERS,2016-04-01 23:18:18,,omastar87604,par84481,omastar87604,True,"['Exeggutor', 'Mew', 'Tauros', 'Jynx', 'Chansey', 'Snorlax']","['Exeggutor', 'Mew', 'Tauros', 'Jynx', 'Chansey', 'Snorlax']",39,6,12
gen1ubers-651420842,[Gen 1] UBERS,2017-10-28 01:40:01,,woodhammer83701,miltank57341,woodhammer83701,False,"['Pidgeotto', 'Butterfree']","['Starmie', 'Staryu']",20,3,1
gen1ubers-2030573853,[Gen 1] UBERS,2024-01-09 06:14:01,,duskball18985,gorebyss2916,duskball18985,False,['Electrode'],"['Gengar', 'Electrode', 'Aerodactyl']",37,0,24
gen1ubers-705353794,[Gen 1] UBERS,2018-02-17 03:44:29,,snubbull28978,charcoal9438,charcoal9438,False,"['Slowbro', 'Chansey', 'Snorlax']","['Mewtwo', 'Golem']",6,2,1
gen1ubers-454399298,[Gen 1] UBERS,2016-10-10 12:19:21,,oddincense72660,chimecho62545,chimecho62545,True,"['Mewtwo', 'Mew', 'Tauros', 'Slowbro', 'Jynx', 'Chansey']","['Mewtwo', 'Mew', 'Slowbro', 'Golem', 'Jynx', 'Victreebel']",52,9,7
smogtours-gen1ubers-804733,[Gen 1] UBERS,2024-11-04 02:53:35,,dark19734,psn38480,psn38480,False,"['Mewtwo', 'Exeggutor', 'Mew', 'Gengar', 'Snorlax', 'Articuno']","['Mew', 'Exeggutor', 'Mewtwo', 'Electrode', 'Golem', 'Snorlax']",35,10,9
smogtours-gen1ubers-612176,[Gen 1] UBERS,2022-03-06 23:14:04,,painsplit82259,iceball26708,painsplit82259,True,"['Starmie', 'Mew', 'Mewtwo', 'Chansey', 'Rhydon', 'Snorlax']","['Mew', 'Mewtwo', 'Slowbro', 'Jynx', 'Chansey', 'Snorlax']",57,11,12
gen1ubers-2171607527,[Gen 1] UBERS,2024-08-01 22:05:04,1000,oddish32213,chopleberry38027,chopleberry38027,True,"['Mewtwo', 'Lapras', 'Tauros', 'Slowbro', 'Rhydon', 'Alakazam']","['Starmie', 'Mew', 'Mewtwo', 'Chansey', 'Rhydon']",33,11,7
gen1ubers-679194994,[Gen 1] UBERS,2017-12-25 03:04:26,,woodhammer83701,miltank57341,woodhammer83701,False,"['Bulbasaur', 'Poliwhirl']","['Voltorb', 'Magneton', 'Electrode', 'Electabuzz', 'Magnemite']",43,1,4
smogtours-gen1ubers-672618,[Gen 1] UBERS,2023-02-04 00:19:18,,ironhead21066,psn38480,psn38480,False,"['Mew', 'Exeggutor', 'Mewtwo', 'Golem', 'Chansey', 'Snorlax']","['Mew', 'Exeggutor', 'Mewtwo', 'Tauros', 'Chansey', 'Snorlax']",40,7,8
smogtours-gen1ubers-593213,[Gen 1] UBERS,2021-11-14 18:57:56,,innerfocus91859,arceusghost8496,arceusghost8496,False,"['Starmie', 'Mew', 'Mewtwo', 'Tauros', 'Chansey', 'Snorlax']","['Exeggutor', 'Mewtwo', 'Mew', 'Gengar', 'Chansey', 'Snorlax']",148,10,15
smogtours-gen1ubers-778528,[Gen 1] UBERS,2024-07-06 18:09:35,,spoink27592,gastrodon26689,gastrodon26689,False,"['Mew', 'Mewtwo', 'Exeggutor', 'Tauros', 'Chansey', 'Snorlax']","['Mew', 'Mewtwo', 'Tauros', 'Zapdos', 'Chansey', 'Snorlax']",39,12,11
smogtours-gen1ubers-697658,[Gen 1] UBERS,2023-06-17 17:15:14,,mudsport71981,alakazam8068,mudsport71981,False,"['Exeggutor', 'Mewtwo', 'Mew', 'Slowbro', 'Chansey']","['Mew', 'Mewtwo', 'Jolteon', 'Tauros', 'Chansey', 'Snorlax']",47,19,20
gen1ubers-2044964073,[Gen 1] UBERS,2024-01-26 23:35:00,,waterspout33125,gorebyss2916,waterspout33125,False,"['Electrode', 'Chansey']","['Electrode', 'Chansey']",65,1,44
smogtours-gen1ubers-715228,[Gen 1] UBERS,2023-09-10 05:14:12,,unknownability847,innerfocus97582,unknownability847,True,"['Exeggutor', 'Mewtwo', 'Mew', 'Zapdos', 'Chansey', 'Snorlax']","['Mew', 'Mewtwo', 'Tauros', 'Chansey', 'Rhydon', 'Snorlax']",63,10,11
gen1ubers-2181655209,[Gen 1] UBERS,2024-08-17 00:35:24,1023,aquatail35883,exeggcute86397,aquatail35883,False,"['Mew', 'Exeggutor', 'Mewtwo', 'Chansey', 'Snorlax']","['Mew', 'Mewtwo', 'Zapdos', 'Gengar', 'Chansey', 'Snorlax']",58,9,8
smogtours-gen1ubers-779823,[Gen 1] UBERS,2024-07-13 14:17:17,,quickclaw83695,psn38480,psn38480,False,"['Mew', 'Mewtwo', 'Tauros', 'Zapdos', 'Jynx', 'Snorlax']","['Starmie', 'Exeggutor', 'Mew', 'Mewtwo', 'Rhydon', 'Snorlax']",38,11,11
gen1ubers-920891721,[Gen 1] UBERS,2019-06-02 16:27:08,,sharpen94146,pidgeotto15192,sharpen94146,False,"['Mew', 'Mewtwo', 'Aerodactyl', 'Zapdos', 'Arcanine', 'Dragonite']","[""Farfetch'D"", 'Mewtwo', 'Omanyte', 'Magikarp', 'Clefable', 'Alakazam']",40,7,10
gen1ubers-628580255,[Gen 1] UBERS,2017-09-08 01:27:12,,rollingkick7435,skiploom30306,rollingkick7435,False,"['Charizard', 'Tauros', 'Slowbro', 'Chansey', 'Alakazam', 'Vaporeon']","['Aerodactyl', 'Venusaur', 'Golem', 'Chansey', 'Alakazam', 'Dragonite']",49,13,8
smogtours-gen1ubers-721749,[Gen 1] UBERS,2023-10-05 16:45:32,,shadowsneak30,mudsport71981,mudsport71981,True,"['Mew', 'Exeggutor', 'Mewtwo', 'Gengar', 'Chansey', 'Snorlax']","['Exeggutor', 'Mewtwo', 'Mew', 'Slowbro', 'Zapdos', 'Snorlax']",37,13,10
smogtours-gen1ubers-80078,[Gen 1] UBERS,2015-08-03 20:18:02,,weedle49700,safariball30401,weedle49700,True,"['Exeggutor', 'Mewtwo', 'Mew', 'Slowbro', 'Chansey', 'Snorlax']","['Mewtwo', 'Exeggutor', 'Mew', 'Tauros', 'Zapdos', 'Snorlax']",83,9,13
rom-gen1ubers-470369,[Gen 1] UBERS,2018-12-04 17:36:50,,constrict58938,sudowoodo17153,constrict58938,False,"['Mew', 'Mewtwo', 'Zapdos', 'Chansey', 'Snorlax']","['Mewtwo', 'Mew', 'Slowbro', 'Jynx', 'Chansey', 'Snorlax']",164,4,7
gen1ubers-2132633305,[Gen 1] UBERS,2024-05-29 04:50:50,,phione15887,blastoise9250,phione15887,False,"['Cloyster', 'Venusaur', 'Gengar', 'Dugtrio', 'Snorlax']","['Mewtwo', 'Charizard', 'Venusaur', 'Hypno', 'Snorlax', 'Blastoise']",39,7,8
gen1ubers-651462784,[Gen 1] UBERS,2017-10-28 04:00:22,,miltank57341,woodhammer83701,woodhammer83701,False,"['Tangela', 'Gloom', 'Weepinbell']","['Charmander', 'Bulbasaur', 'Pikachu']",20,2,3
gen1ubers-1054929445,[Gen 1] UBERS,2020-01-30 02:38:52,,blackbelt63683,girafarig63562,girafarig63562,True,"['Charizard', 'Dragonair', 'Snorlax', 'Tangela', 'Alakazam']","['Scyther', 'Vileplume', 'Slowbro', 'Golem', 'Hypno']",21,4,4
gen1ubers-2178688767,[Gen 1] UBERS,2024-08-12 16:57:47,1000,grepaberry38730,aftermath92404,grepaberry38730,True,"['Starmie', 'Mew', 'Mewtwo', 'Chansey', 'Rhydon']","['Starmie', 'Mewtwo', 'Mew', 'Jolteon', 'Chansey', 'Rhydon']",88,10,10
violetversion-gen1ubers-2268,[Gen 1] UBERS,2016-08-21 18:40:28,,zoomlens15496,aspearberry45831,aspearberry45831,True,"['Gengar', 'Mewtwo', 'Snorlax', 'Rhydon']","['Mewtwo', 'Snorlax', 'Tauros']",14,4,3
gen1ubers-2189354375,[Gen 1] UBERS,2024-08-28 04:21:57,1070,punishment38172,clawfossil82530,punishment38172,False,"['Mew', 'Hypno']","['Mew', 'Mewtwo', 'Tauros', 'Slowbro', 'Chansey', 'Snorlax']",32,1,8
gen1ubers-848024457,[Gen 1] UBERS,2019-01-12 22:14:57,,rotom60105,pound23438,pound23438,True,['Mewtwo'],"['Jynx', 'Chansey', 'Exeggutor']",12,0,2
gen1ubers-936536307,[Gen 1] UBERS,2019-06-28 20:16:24,,mefirst71199,strength52915,strength52915,True,"['Mew', 'Mewtwo', 'Alakazam']","['Gengar', 'Tauros']",10,2,1
gen1ubers-2372345801,[Gen 1] UBERS,2025-05-26 17:23:25,,ledyba46914,poliwrath3176,poliwrath3176,False,"['Starmie', 'Mewtwo', 'Exeggutor', 'Mew', 'Rhydon', 'Dragonite']","['Mewtwo', 'Exeggutor', 'Mew', 'Tauros', 'Slowbro', 'Snorlax']",42,8,12
gen1ubers-905864554,[Gen 1] UBERS,2019-05-08 02:52:24,,porygon83022,tropius17094,tropius17094,False,"['Kangaskhan', 'Slowbro', 'Machamp', 'Chansey', 'Raichu', 'Alakazam']","['Tauros', 'Electrode', 'Dodrio', 'Jynx', 'Persian']",34,7,8
gen1ubers-757182769,[Gen 1] UBERS,2018-06-03 22:14:56,,steelix83008,payback7723,steelix83008,True,"['Mew', 'Exeggutor', 'Mewtwo', 'Tauros', 'Zapdos']","['Mew', 'Mewtwo', 'Exeggutor', 'Tauros', 'Slowbro', 'Snorlax']",38,13,9
smogtours-gen1ubers-655546,[Gen 1] UBERS,2022-10-16 19:19:22,,bidoof62502,nestball5505,bidoof62502,False,"['Exeggutor', 'Mewtwo', 'Mew', 'Gengar', 'Chansey', 'Snorlax']","['Starmie', 'Mew', 'Mewtwo', 'Exeggutor', 'Chansey', 'Snorlax']",122,23,19
gen1ubers-2178895708,[Gen 1] UBERS,2024-08-12 22:38:28,1122,parasect7600,beedrill79854,beedrill79854,False,"['Mewtwo', 'Mew', 'Slowbro', 'Gengar', 'Chansey', 'Snorlax']","['Mewtwo', 'Mew', 'Onix', 'Jynx', 'Snorlax', 'Beedrill']",67,8,8
smogtours-gen1ubers-654046,[Gen 1] UBERS,2022-10-09 19:29:23,,iceball26708,mefirst94337,iceball26708,True,"['Exeggutor', 'Mewtwo', 'Mew', 'Jynx', 'Chansey']","['Mew', 'Mewtwo', 'Jolteon', 'Chansey', 'Snorlax']",34,4,11
gen1ubers-827299182,[Gen 1] UBERS,2018-11-28 01:11:16,,onix26883,amnesia63784,amnesia63784,False,"['Kingler', 'Onix', 'Zapdos', 'Tangela', 'Magmar', 'Tentacruel']","['Electabuzz', 'Victreebel', 'Gyarados', 'Golem']",43,20,11
gen1ubers-526826473,[Gen 1] UBERS,2017-02-01 03:53:53,,miltank57341,woodhammer83701,miltank57341,False,"['Tangela', 'Gloom', 'Weepinbell']","['Sandshrew', 'Vulpix', 'Eevee', 'Magnemite', 'Fearow']",34,2,6
gen1ubers-945362128,[Gen 1] UBERS,2019-07-15 22:01:44,,rest20747,tropius17094,tropius17094,False,"['Cloyster', 'Exeggutor', 'Jolteon', 'Slowbro', 'Jynx', 'Gengar']","['Starmie', 'Porygon', 'Golem', 'Chansey', 'Alakazam']",64,8,11
gen1ubers-620007251,[Gen 1] UBERS,2017-08-20 07:31:48,,delcatty31981,paras31794,delcatty31981,False,"['Mewtwo', 'Charizard', 'Mew', 'Raichu', 'Venusaur', 'Blastoise']","['Mewtwo', 'Mew', 'Slowbro', 'Jynx', 'Chansey', 'Snorlax']",40,12,13
gen1ubers-2246382774,[Gen 1] UBERS,2024-11-18 19:18:00,,charcoal90680,vigoroth97083,charcoal90680,True,"['Exeggutor', 'Tauros', 'Marowak', 'Chansey', 'Gengar']","['Mew', 'Tauros', 'Gengar', 'Alakazam', 'Dragonite']",36,8,4
gen1ubers-2057557567,[Gen 1] UBERS,2024-02-12 13:26:35,,splashplate36398,rawstberry69693,splashplate36398,False,"['Electrode', 'Chansey']","['Electrode', 'Chansey']",87,3,13
gen1ubers-1150593277,[Gen 1] UBERS,2020-07-13 21:04:10,,minus9883,paras61636,paras61636,True,"['Mew', 'Mewtwo', 'Exeggutor', 'Tauros', 'Zapdos', 'Snorlax']","['Jynx', 'Chansey', 'Snorlax', 'Slowbro']",37,6,3
smogtours-gen1ubers-610919,[Gen 1] UBERS,2022-03-02 07:14:05,,sacredfire231,focusband97190,focusband97190,False,"['Mewtwo', 'Mew', 'Zapdos', 'Gengar', 'Chansey', 'Snorlax']","['Exeggutor', 'Mew', 'Mewtwo', 'Gengar', 'Chansey', 'Snorlax']",73,15,18
smogtours-gen1ubers-185214,[Gen 1] UBERS,2016-08-12 21:07:05,,aspearberry45831,hustle11937,hustle11937,True,"['Mew', 'Mewtwo', 'Slowbro', 'Jynx', 'Chansey', 'Snorlax']","['Mewtwo', 'Mew', 'Zapdos', 'Jynx', 'Snorlax']",23,9,6
gen1ubers-526814529,[Gen 1] UBERS,2017-02-01 03:17:54,,miltank57341,woodhammer83701,woodhammer83701,False,['Raichu'],"['Fearow', 'Sandshrew']",14,0,1
gen1ubers-2177701653,[Gen 1] UBERS,2024-08-11 02:46:58,1103,typechange69487,cheriberry30798,typechange69487,True,['Tauros'],"['Jynx', 'Slowbro', 'Dragonite']",7,0,2
rom-gen1ubers-109857,[Gen 1] UBERS,2017-07-09 20:33:40,,sudowoodo17153,powerwhip88310,powerwhip88310,False,"['Mewtwo', 'Mew', 'Slowbro', 'Jynx', 'Chansey', 'Snorlax']","['Mewtwo', 'Mew', 'Golem', 'Jynx', 'Victreebel']",33,10,9
gen1ubers-776619777,[Gen 1] UBERS,2018-07-16 16:31:39,,raindance50399,krabby97145,raindance50399,False,"['Mewtwo', 'Exeggutor', 'Mew', 'Tauros', 'Chansey', 'Snorlax']","['Mewtwo', 'Mew', 'Jynx', 'Chansey', 'Snorlax', 'Articuno']",59,18,17
smogtours-gen1ubers-524604,[Gen 1] UBERS,2020-10-29 21:15:59,,starfberry84995,deoxysdefense78874,starfberry84995,False,"['Mew', 'Exeggutor', 'Mewtwo', 'Tauros', 'Snorlax']","['Mewtwo', 'Mew', 'Tauros', 'Gengar', 'Chansey', 'Snorlax']",46,11,14
smogtours-gen1ubers-567115,[Gen 1] UBERS,2021-06-20 19:32:56,,krabby97145,arceusghost8496,arceusghost8496,False,"['Mewtwo', 'Exeggutor', 'Mew', 'Tauros', 'Chansey', 'Snorlax']","['Mewtwo', 'Exeggutor', 'Mew', 'Tauros', 'Slowbro', 'Snorlax']",85,9,10
gen1ubers-2186290096,[Gen 1] UBERS,2024-08-23 18:23:20,1117,growl5652,heatran44736,heatran44736,False,"['Mew', 'Mewtwo', 'Tauros', 'Electrode', 'Gengar', 'Chansey']","['Mewtwo', 'Mew', 'Victreebel', 'Rhydon', 'Alakazam', 'Dragonite']",44,15,10
gen1ubers-729979740,[Gen 1] UBERS,2018-04-08 21:34:00,,medicham68303,rampardos21396,medicham68303,True,"['Mew', 'Mewtwo']",['Mewtwo'],23,2,2
gen1ubers-765901292,[Gen 1] UBERS,2018-06-22 09:07:52,,sacredfire97645,laggingtail57964,laggingtail57964,False,"['Starmie', 'Mew', 'Mewtwo', 'Exeggutor', 'Snorlax', 'Alakazam']","['Exeggutor', 'Mew', 'Mewtwo', 'Gengar', 'Chansey', 'Snorlax']",16,7,7
gen1ubers-321179297,[Gen 1] UBERS,2016-01-23 18:05:55,,weezing17164,healball70393,weezing17164,False,"['Jolteon', 'Tauros', 'Gengar', 'Arcanine', 'Alakazam', 'Dragonite']","['Cloyster', 'Mew', 'Clefable', 'Arcanine', 'Dragonite', 'Blastoise']",108,16,5
smogtours-gen1ubers-608922,[Gen 1] UBERS,2022-02-16 23:08:21,,powdersnow17473,powerherb16934,powerherb16934,False,"['Mew', 'Exeggutor', 'Mewtwo', 'Slowbro', 'Zapdos', 'Snorlax']","['Gengar', 'Chansey', 'Snorlax', 'Slowbro']",24,6,4
rom-gen1ubers-470514,[Gen 1] UBERS,2018-12-04 18:51:21,,constrict58938,sudowoodo17153,constrict58938,False,"['Mew', 'Mewtwo', 'Slowbro', 'Zapdos', 'Chansey', 'Snorlax']","['Mewtwo', 'Mew', 'Slowbro', 'Jynx', 'Chansey', 'Snorlax']",69,5,7
gen1ubers-2175743530,[Gen 1] UBERS,2024-08-08 02:58:38,1057,tangrowth23890,alakazam8068,tangrowth23890,False,"['Mew', 'Exeggutor', 'Tauros', 'Chansey', 'Snorlax']","['Lapras', 'Mew', 'Mewtwo', 'Gengar', 'Chansey', 'Persian']",27,9,8
gen1ubers-1131135377,[Gen 1] UBERS,2020-06-12 01:08:44,,kabutops30732,poisonpowder61371,kabutops30732,False,"['Mew', 'Mewtwo', 'Slowbro', 'Jynx', 'Chansey']","['Mewtwo', 'Mew', 'Tauros', 'Slowbro', 'Chansey', 'Snorlax']",198,5,6
gen1ubers-945418394,[Gen 1] UBERS,2019-07-16 00:04:11,,tropius17094,rest20747,rest20747,False,"['Starmie', 'Porygon', 'Jolteon', 'Gengar', 'Rhydon', 'Snorlax']","['Lapras', 'Tauros', 'Zapdos', 'Golem', 'Alakazam']",31,12,4
smogtours-gen1ubers-633972,[Gen 1] UBERS,2022-06-21 19:28:24,,golduck35019,krabby97145,krabby97145,True,"['Mew', 'Mewtwo', 'Slowbro', 'Gengar', 'Chansey', 'Snorlax']","['Mewtwo', 'Mew', 'Zapdos', 'Jynx', 'Chansey', 'Snorlax']",175,13,15
gen1ubers-727135480,[Gen 1] UBERS,2018-04-02 21:31:23,,payback7723,metalcoat80824,payback7723,False,"['Exeggutor', 'Mew', 'Tauros', 'Gengar', 'Chansey', 'Snorlax']","['Exeggutor', 'Mew', 'Tauros', 'Chansey', 'Rhydon', 'Alakazam']",124,34,46
gen1ubers-1125735006,[Gen 1] UBERS,2020-06-03 00:47:24,,explosion66769,purugly98714,explosion66769,False,['Mewtwo'],"['Mewtwo', 'Exeggutor', 'Tauros', 'Rhydon', 'Snorlax', 'Dragonite']",18,0,5
smogtours-gen1ubers-820516,[Gen 1] UBERS,2025-02-16 20:04:46,,hyperfang93007,needlearm59980,hyperfang93007,True,"['Slowbro', 'Exeggutor', 'Mewtwo', 'Hypno']","['Exeggutor', 'Mewtwo', 'Tauros', 'Slowbro', 'Gengar']",45,7,9
gen1ubers-1044937250,[Gen 1] UBERS,2020-01-12 07:43:43,,blacksludge7920,togetic89471,blacksludge7920,True,"['Marowak', 'Mr. Mime', 'Electrode', 'Hitmonchan']","['Pidgeot', 'Gyarados', 'Tauros']",12,3,2
smogtours-gen1ubers-790693,[Gen 1] UBERS,2024-09-14 21:39:07,,tyrogue95104,aurasphere76841,aurasphere76841,True,"['Mew', 'Exeggutor']",['Starmie'],6,1,0
gen1ubers-620689083,[Gen 1] UBERS,2017-08-21 20:45:22,,magnetrise41863,monferno30755,magnetrise41863,False,"['Moltres', 'Mewtwo', 'Dragonair', 'Gengar', 'Dewgong', 'Arcanine']","['Kabuto', 'Rattata', 'Kakuna', 'Ditto', 'Beedrill', 'Gastly']",53,5,6
smogtours-gen1ubers-823083,[Gen 1] UBERS,2025-03-02 22:42:05,,psn38480,fissure61188,psn38480,False,"['Mew', 'Mewtwo', 'Exeggutor', 'Pinsir', 'Golem', 'Alakazam']","['Exeggutor', 'Mewtwo', 'Mew', 'Slowbro', 'Chansey', 'Rhydon']",60,12,18
smogtours-gen1ubers-780484,[Gen 1] UBERS,2024-07-15 03:36:41,,arbok74124,icebody51285,icebody51285,False,"['Mewtwo', 'Exeggutor', 'Mew', 'Gengar', 'Chansey', 'Snorlax']","['Exeggutor', 'Mew', 'Mewtwo', 'Tauros', 'Gengar', 'Snorlax']",61,15,14
gen1ubers-2172058114,[Gen 1] UBERS,2024-08-02 15:30:32,1101,deoxys38107,magmarizer61972,magmarizer61972,False,"['Mew', 'Exeggutor', 'Mewtwo', 'Tauros', 'Chansey', 'Snorlax']","['Cloyster', 'Mewtwo', 'Exeggutor', 'Chansey', 'Rhydon']",32,13,7
smogtours-gen1ubers-675772,[Gen 1] UBERS,2023-02-19 03:36:45,,castform97328,alakazam8068,castform97328,False,"['Mew', 'Mewtwo', 'Jolteon', 'Chansey', 'Rhydon', 'Snorlax']","['Mew', 'Exeggutor', 'Mewtwo', 'Tauros', 'Slowbro', 'Snorlax']",231,41,34
gen1ubers-2175116225,[Gen 1] UBERS,2024-08-07 05:38:27,1091,forretress74429,probopass16431,probopass16431,False,"['Starmie', 'Mewtwo', 'Exeggutor', 'Mew', 'Tauros', 'Snorlax']","['Charizard', 'Jolteon', 'Lickitung', 'Arcanine', 'Venusaur', 'Tentacruel']",53,14,12
gen1ubers-1141202473,[Gen 1] UBERS,2020-06-28 09:34:36,,drizzle45863,nestball5505,nestball5505,False,"['Mewtwo', 'Exeggutor', 'Mew', 'Slowbro', 'Jynx', 'Chansey']","['Exeggutor', 'Mew', 'Mewtwo', 'Tauros', 'Slowbro', 'Snorlax']",41,8,8
rom-gen1ubers-472634,[Gen 1] UBERS,2018-12-06 23:30:30,,constrict58938,sudowoodo17153,constrict58938,False,"['Slowbro', 'Snorlax', 'Zapdos']","['Mewtwo', 'Mew', 'Slowbro', 'Jynx', 'Chansey', 'Snorlax']",30,2,7
gen1ubers-561753298,[Gen 1] UBERS,2017-04-14 18:16:46,,ironplate25942,woodhammer83701,ironplate25942,False,"['Tangela', 'Gloom', 'Weepinbell']","['Sandshrew', 'Eevee', 'Shellder', 'Magnemite', 'Fearow']",35,2,6
gen1ubers-980696601,[Gen 1] UBERS,2019-09-23 12:07:07,,marill90930,sweetscent3994,marill90930,True,"['Mew', 'Mewtwo', 'Chansey', 'Victreebel', 'Snorlax']","['Mew', 'Mewtwo', 'Gengar', 'Chansey', 'Victreebel', 'Snorlax']",38,9,14
gen1ubers-756224277,[Gen 1] UBERS,2018-06-01 20:37:47,1000,sweetscent3994,rayquaza10207,sweetscent3994,False,"['Mew', 'Mewtwo', 'Slowbro', 'Gengar', 'Chansey', 'Victreebel']","['Mewtwo', 'Zapdos', 'Gengar', 'Chansey', 'Rhydon', 'Dragonite']",60,11,12
smogtours-gen1ubers-591601,[Gen 1] UBERS,2021-11-06 21:58:44,,honeygather86735,synchronize14428,synchronize14428,True,"['Mew', 'Exeggutor', 'Mewtwo', 'Tauros', 'Chansey', 'Snorlax']","['Starmie', 'Mew', 'Exeggutor', 'Mewtwo', 'Chansey', 'Snorlax']",53,8,6
gen1ubers-874511322,[Gen 1] UBERS,2019-03-11 11:15:39,,flying37486,trick33871,trick33871,True,"['Mew', 'Mewtwo', 'Exeggutor', 'Zapdos', 'Snorlax']","['Mew', 'Mewtwo', 'Exeggutor', 'Tauros', 'Chansey']",27,6,6
gen1ubers-2025461926,[Gen 1] UBERS,2024-01-02 18:39:57,,perishsong13523,jolteon92120,jolteon92120,False,"['Mew', 'Exeggutor', 'Mewtwo', 'Jynx', 'Chansey', 'Gengar']","['Mew', 'Mewtwo', 'Exeggutor', 'Tauros', 'Zapdos', 'Snorlax']",62,16,13
gen1ubers-1126464240,[Gen 1] UBERS,2020-06-04 05:34:37,,tailwhip2839,rhyperior690,tailwhip2839,False,"['Mew', 'Exeggutor', 'Mewtwo', 'Tauros', 'Chansey', 'Snorlax']","['Mew', 'Mewtwo', 'Tauros', 'Zapdos', 'Chansey', 'Snorlax']",113,24,24
gen1ubers-739691320,[Gen 1] UBERS,2018-04-28 23:41:42,,drifblim84361,eevee75445,drifblim84361,True,"['Voltorb', 'Jolteon', 'Raichu', 'Electabuzz', 'Magnemite']","['Pidgeotto', 'Nidoking', 'Pikachu', 'Slowpoke', 'Primeape', 'Charmeleon']",23,4,6
gen1ubers-778872433,[Gen 1] UBERS,2018-07-21 05:17:32,,bayleef70560,linoone10760,linoone10760,False,"['Mewtwo', 'Lapras', 'Tauros', 'Zapdos', 'Chansey', 'Rhydon']","['Mewtwo', 'Jolteon', 'Tauros', 'Chansey', 'Rhydon', 'Alakazam']",88,6,5
gen1ubers-2176155852,[Gen 1] UBERS,2024-08-08 18:25:31,1008,vaporeon78945,shaymin79666,shaymin79666,False,"['Mewtwo', 'Mew', 'Machamp', 'Gyarados', 'Arcanine', 'Blastoise']","['Mew', 'Exeggutor', 'Snorlax', 'Tauros']",26,6,3
gen1ubers-765475604,[Gen 1] UBERS,2018-06-21 11:35:34,1000,delcatty31981,wurmple33973,delcatty31981,False,"['Mew', 'Mewtwo', 'Electrode', 'Jynx', 'Chansey']","['Mewtwo', 'Charizard', 'Nidoking', 'Machamp', 'Gyarados', 'Alakazam']",52,11,7
gen1ubers-917405556,[Gen 1] UBERS,2019-05-27 20:32:02,,tailwhip2839,muscleband97738,muscleband97738,True,"['Mew', 'Mewtwo', 'Exeggutor', 'Tauros', 'Chansey', 'Snorlax']","['Exeggutor', 'Mewtwo', 'Mew', 'Jynx', 'Chansey', 'Snorlax']",189,28,24
smogtours-gen1ubers-720975,[Gen 1] UBERS,2023-10-01 19:23:06,,iceball26708,icebody51285,iceball26708,False,"['Mew', 'Exeggutor', 'Mewtwo', 'Tauros', 'Chansey', 'Snorlax']","['Mew', 'Mewtwo', 'Slowbro', 'Gengar', 'Chansey', 'Snorlax']",49,10,12
gen1ubers-1177878663,[Gen 1] UBERS,2020-08-30 03:39:45,,luxio14122,sacredfire231,sacredfire231,False,"['Mew', 'Mewtwo', 'Slowbro', 'Jynx', 'Chansey', 'Snorlax']","['Mew', 'Slowbro', 'Jynx', 'Chansey', 'Snorlax']",71,11,10
gen1ubers-422146129,[Gen 1] UBERS,2016-08-22 16:48:52,,highjumpkick85972,innerfocus91859,innerfocus91859,True,"['Mew', 'Exeggutor', 'Mewtwo', 'Tauros', 'Snorlax']","['Gengar', 'Exeggutor', 'Mewtwo', 'Mew']",19,8,4
gen1ubers-2052136919,[Gen 1] UBERS,2024-02-05 11:37:06,,hail48447,uturn43444,uturn43444,False,"['Cloyster', 'Mewtwo', 'Zapdos', 'Machamp', 'Gengar', 'Arcanine']","['Exeggutor', 'Charizard', 'Mew', 'Mewtwo', 'Gengar', 'Gyarados']",31,9,6
gen1ubers-1129255575,[Gen 1] UBERS,2020-06-08 20:25:05,,rotom95030,steadfast57227,rotom95030,False,"['Mew', 'Mewtwo', 'Exeggutor', 'Tauros', 'Chansey', 'Snorlax']","['Mewtwo', 'Exeggutor', 'Mew', 'Tauros', 'Slowbro', 'Snorlax']",39,17,10
smogtours-gen1ubers-675321,[Gen 1] UBERS,2023-02-17 13:23:58,,drapion2237,drillpeck8655,drillpeck8655,True,"['Mewtwo', 'Mew', 'Jolteon', 'Slowbro', 'Chansey', 'Snorlax']","['Mew', 'Mewtwo', 'Slowbro', 'Gengar', 'Chansey', 'Snorlax']",80,14,9
gen1ubers-767165754,[Gen 1] UBERS,2018-06-25 04:08:28,1000,haze74462,ledian53543,haze74462,False,"['Mewtwo', 'Mew', 'Tauros', 'Slowbro', 'Chansey', 'Snorlax']","['Mew', 'Mewtwo', 'Charizard', 'Gengar', 'Snorlax', 'Dragonite']",35,6,6
smogtours-gen1ubers-673066,[Gen 1] UBERS,2023-02-05 10:04:01,,deoxysdefense78874,drapion2237,drapion2237,False,"['Mewtwo', 'Mew', 'Tauros', 'Chansey', 'Rhydon', 'Snorlax']","['Mew', 'Exeggutor', 'Mewtwo', 'Tauros', 'Chansey', 'Snorlax']",30,9,9
gen1ubers-935422145,[Gen 1] UBERS,2019-06-26 20:38:06,,moldbreaker94005,spacialrend3246,spacialrend3246,False,"['Exeggutor', 'Tauros', 'Slowbro', 'Gengar', 'Rhydon', 'Snorlax']","['Lapras', 'Mew', 'Jolteon', 'Gengar', 'Rhydon', 'Snorlax']",49,10,8
gen1ubers-1113417227,[Gen 1] UBERS,2020-05-12 17:50:50,,weezing20824,xscissor99781,xscissor99781,True,"['Mewtwo', 'Exeggutor', 'Gengar', 'Chansey', 'Snorlax']","['Mewtwo', 'Mew', 'Gengar', 'Chansey', 'Snorlax']",34,9,11
gen1ubers-1003284910,[Gen 1] UBERS,2019-11-03 15:39:08,,corphish17738,pachirisu99499,pachirisu99499,False,"['Lapras', 'Charizard', 'Zapdos', 'Arbok', 'Persian', 'Vaporeon']","['Exeggutor', 'Mew', 'Mewtwo', 'Slowbro', 'Jynx', 'Chansey']",47,7,13
gen1ubers-760572736,[Gen 1] UBERS,2018-06-10 19:59:18,1000,conversion222171,berry6667,conversion222171,True,"['Exeggutor', 'Mewtwo', 'Mew', 'Gengar', 'Chansey']","['Lapras', 'Charizard', 'Jolteon', 'Mewtwo', 'Gengar', 'Rhydon']",54,12,5
smogtours-gen1ubers-820932,[Gen 1] UBERS,2025-02-19 22:23:17,,stealthrock72537,fissure61188,stealthrock72537,True,"['Mew', 'Mewtwo', 'Tauros', 'Chansey', 'Hypno', 'Snorlax']","['Mewtwo', 'Exeggutor', 'Mew', 'Jynx', 'Rhydon', 'Snorlax']",49,8,10
gen1ubers-2206688064,[Gen 1] UBERS,2024-09-21 18:41:47,,bind94813,heatproof88204,bind94813,False,"['Starmie', 'Tauros', 'Electrode', 'Dodrio', 'Rhydon']","['Lapras', 'Charizard', 'Nidoking', 'Raichu', 'Primeape', 'Dragonite']",26,6,6
gen1ubers-527340322,[Gen 1] UBERS,2017-02-02 03:18:14,,miltank57341,woodhammer83701,miltank57341,False,"['Dugtrio', 'Nidoqueen', 'Persian']","['Ninetales', 'Sandslash', 'Exeggcute', 'Kadabra', 'Magneton', 'Vaporeon']",25,2,5
smogtours-gen1ubers-697363,[Gen 1] UBERS,2023-06-16 14:26:46,,batonpass53541,simple96847,simple96847,True,"['Mew', 'Mewtwo', 'Jolteon', 'Tauros', 'Chansey', 'Snorlax']","['Mew', 'Mewtwo', 'Zapdos', 'Gengar', 'Chansey', 'Snorlax']",35,7,13
gen1ubers-761643336,[Gen 1] UBERS,2018-06-13 00:49:40,1042,purepower58378,misdreavus50944,purepower58378,False,"['Mewtwo', 'Tauros', 'Zapdos', 'Snorlax', 'Alakazam']","['Mew', 'Mewtwo', 'Tauros', 'Gengar', 'Chansey', 'Alakazam']",42,7,12
gen1ubers-2297483039,[Gen 1] UBERS,2025-02-09 17:14:01,,golbat13508,needlearm59980,needlearm59980,True,"['Chansey', 'Mew', 'Snorlax', 'Jolteon']","['Rhydon', 'Exeggutor', 'Zapdos', 'Mew']",18,6,3
gen1ubers-946002597,[Gen 1] UBERS,2019-07-17 01:57:26,,moldbreaker94005,spacialrend3246,moldbreaker94005,False,['Mewtwo'],"['Mew', 'Lapras', 'Jolteon', 'Gengar', 'Rhydon', 'Snorlax']",32,0,7
gen1ubers-334846291,[Gen 1] UBERS,2016-02-23 15:42:16,,lowkick40031,toxicplate54191,lowkick40031,False,"[""Farfetch'D"", 'Kangaskhan', 'Raticate', 'Chansey', 'Clefable', 'Snorlax']","[""Farfetch'D"", 'Kangaskhan', 'Raticate', 'Chansey', 'Clefable', 'Snorlax']",29,5,5
gen1ubers-1145651870,[Gen 1] UBERS,2020-07-05 18:17:30,,nightslash51995,cranidos9637,cranidos9637,False,"['Exeggutor', 'Mewtwo', 'Mew', 'Slowbro', 'Jynx', 'Chansey']","['Mew', 'Mewtwo', 'Slowbro', 'Jynx', 'Chansey', 'Snorlax']",117,7,16
gen1ubers-733095020,[Gen 1] UBERS,2018-04-15 11:47:44,,screech7860,nightshade73246,screech7860,False,"['Mew', 'Exeggutor', 'Mewtwo', 'Golem', 'Chansey']","['Mewtwo', 'Mew', 'Zapdos', 'Gengar', 'Snorlax', 'Dragonite']",34,4,10
smogtours-gen1ubers-631778,[Gen 1] UBERS,2022-06-12 16:01:29,,psn38480,beedrill8051,psn38480,False,"['Mew', 'Exeggutor', 'Tauros', 'Chansey', 'Snorlax']","['Mew', 'Exeggutor', 'Mewtwo', 'Zapdos', 'Chansey', 'Snorlax']",30,7,11
smogtours-gen1ubers-712226,[Gen 1] UBERS,2023-08-26 14:51:27,,unknownability847,noability19212,unknownability847,True,"['Exeggutor', 'Mewtwo', 'Mew', 'Zapdos', 'Chansey', 'Snorlax']","['Starmie', 'Mew', 'Mewtwo', 'Zapdos', 'Chansey', 'Snorlax']",117,37,38
gen1ubers-1072999404,[Gen 1] UBERS,2020-03-03 21:09:50,,volbeat24030,lotad39140,lotad39140,True,"['Lapras', 'Charizard', 'Mewtwo', 'Gengar', 'Chansey', 'Victreebel']","['Mewtwo', 'Charizard', 'Jolteon', 'Gengar', 'Chansey', 'Victreebel']",120,14,17
gen1ubers-629388882,[Gen 1] UBERS,2017-09-09 20:36:23,,aggron60452,carnivine6379,aggron60452,True,"['Mew', 'Exeggutor', 'Mewtwo', 'Slowbro']","['Mewtwo', 'Mew', 'Jynx', 'Chansey', 'Snorlax']",37,5,4
gen1ubers-779408179,[Gen 1] UBERS,2018-07-22 09:34:08,,raindance50399,dreameater92850,raindance50399,True,"['Mewtwo', 'Exeggutor', 'Mew', 'Jynx', 'Snorlax']","['Mew', 'Mewtwo', 'Tauros', 'Zapdos', 'Gengar', 'Chansey']",23,4,5
smogtours-gen1ubers-182509,[Gen 1] UBERS,2016-07-31 22:01:37,,mefirst94337,zoomlens15496,mefirst94337,True,"['Mew', 'Tauros', 'Slowbro', 'Golem', 'Gengar', 'Chansey']","['Lapras', 'Mew', 'Exeggutor', 'Zapdos', 'Gengar', 'Chansey']",55,8,14
smogtours-gen1ubers-673065,[Gen 1] UBERS,2023-02-05 10:00:31,,deoxysdefense78874,drapion2237,deoxysdefense78874,False,"['Mew', 'Mewtwo', 'Zapdos', 'Gengar', 'Chansey', 'Snorlax']","['Mew', 'Mewtwo', 'Slowbro', 'Chansey', 'Snorlax', 'Alakazam']",29,11,12
gen1ubers-2158707591,[Gen 1] UBERS,2024-07-10 22:21:36,,lowkick56044,ironplate48112,lowkick56044,False,"['Exeggutor', 'Tauros', 'Gengar', 'Chansey', 'Rhydon', 'Snorlax']","['Lapras', 'Jolteon', 'Zapdos', 'Gengar', 'Arcanine', 'Blastoise']",33,6,7
smogtours-gen1ubers-777182,[Gen 1] UBERS,2024-06-29 14:26:28,,mareep93864,aurasphere76841,mareep93864,False,"['Mew', 'Mewtwo', 'Exeggutor', 'Tauros', 'Zapdos', 'Snorlax']","['Mewtwo', 'Exeggutor', 'Mew', 'Gengar', 'Rhydon', 'Snorlax']",49,16,20
gen1ubers-939195163,[Gen 1] UBERS,2019-07-03 21:09:19,,mindplate88811,nincada82205,mindplate88811,False,"['Golduck', 'Rapidash', 'Butterfree', 'Magneton', 'Golem', 'Gengar']","['Pinsir', 'Electrode', 'Victreebel', 'Hitmonlee', 'Dragonite', 'Blastoise']",49,11,15
gen1ubers-2178623481,[Gen 1] UBERS,2024-08-12 14:57:17,1055,fastball67537,parasect7600,parasect7600,False,"['Cloyster', 'Mewtwo', 'Exeggutor', 'Tauros', 'Slowbro', 'Zapdos']","['Mewtwo', 'Slowbro', 'Gengar', 'Chansey', 'Snorlax']",42,5,6
smogtours-gen1ubers-76313,[Gen 1] UBERS,2015-07-20 10:40:12,,krabby97145,soundproof1168,krabby97145,True,"['Exeggutor', 'Mewtwo', 'Mew', 'Slowbro', 'Jynx', 'Chansey']","['Exeggutor', 'Mewtwo', 'Mew', 'Jynx', 'Chansey', 'Snorlax']",130,17,16
gen1ubers-2173564602,[Gen 1] UBERS,2024-08-04 23:01:04,1128,quickpowder52632,chopleberry38027,chopleberry38027,False,"['Cloyster', 'Mew', 'Mewtwo', 'Tauros', 'Electrode', 'Chansey']","['Starmie', 'Mew', 'Mewtwo', 'Chansey', 'Rhydon', 'Snorlax']",42,9,8
smogtours-gen1ubers-784554,[Gen 1] UBERS,2024-08-07 01:12:38,,wacanberry11962,tyrogue60797,wacanberry11962,False,"['Cloyster', 'Mew', 'Victreebel', 'Slowbro']","['Mew', 'Exeggutor', 'Mewtwo', 'Tauros', 'Chansey', 'Snorlax']",23,3,8
smogtours-gen1ubers-144572,[Gen 1] UBERS,2016-03-28 22:51:00,,furyattack94312,voltorb28165,furyattack94312,False,"['Starmie', 'Exeggutor', 'Slowbro', 'Chansey', 'Snorlax']","['Exeggutor', 'Mew', 'Tauros', 'Alakazam', 'Snorlax', 'Dragonite']",40,12,9
gen1ubers-2163545677,[Gen 1] UBERS,2024-07-19 05:22:18,,tyrogue60797,tyranitar63790,tyranitar63790,False,"['Gengar', 'Electrode', 'Aerodactyl']",['Electrode'],33,5,0
china-gen1ubers-203478,[Gen 1] UBERS,2019-06-27 14:04:53,,drapion2237,focusband97190,focusband97190,False,"['Mewtwo', 'Exeggutor', 'Mew', 'Tauros', 'Slowbro', 'Jynx']","['Mewtwo', 'Exeggutor', 'Mew', 'Slowbro', 'Gengar', 'Snorlax']",52,18,12
gen1ubers-2173643396,[Gen 1] UBERS,2024-08-05 01:37:57,1000,diglett37152,shinystone71134,diglett37152,True,"['Mewtwo', 'Mew', 'Charizard']","['Jynx', 'Mew', 'Exeggutor', 'Alakazam']",27,4,4
gen1ubers-1045259497,[Gen 1] UBERS,2020-01-12 22:08:28,,shadowforce6776,stoneedge33105,stoneedge33105,True,"['Lapras', 'Rapidash', 'Rhydon', 'Raichu', 'Dragonite']","['Victreebel', 'Persian', 'Golem']",10,4,2
gen1ubers-2336547742,[Gen 1] UBERS,2025-04-06 11:18:09,,torkoal6850,frenzyplant2474,torkoal6850,False,"['Zapdos', 'Kabutops', 'Dugtrio', 'Tangela', 'Dragonite', 'Tentacruel']","['Rhyhorn', 'Slowbro', 'Electrode', 'Dragonair', 'Raticate', 'Alakazam']",52,9,14
gen1ubers-767026572,[Gen 1] UBERS,2018-06-24 21:23:20,,sentret8615,burntberry21755,sentret8615,True,"['Cloyster', 'Mewtwo', 'Golem']","['Mew', 'Mewtwo', 'Tauros', 'Slowbro', 'Chansey', 'Snorlax']",14,2,5
smogtours-gen1ubers-612171,[Gen 1] UBERS,2022-03-06 22:59:13,,painsplit82259,iceball26708,iceball26708,True,"['Starmie', 'Mew', 'Exeggutor', 'Mewtwo', 'Chansey', 'Snorlax']","['Mewtwo', 'Mew', 'Slowbro', 'Jynx', 'Chansey', 'Snorlax']",160,17,16
gen1ubers-1128583473,[Gen 1] UBERS,2020-06-07 18:27:14,,shieldon58011,harden70835,shieldon58011,True,"['Chansey', 'Mew', 'Zapdos']","['Lapras', 'Zapdos', 'Gyarados', 'Arcanine', 'Alakazam']",24,2,4
gen1ubers-360002512,[Gen 1] UBERS,2016-04-16 19:26:53,,innerfocus91859,mefirst94337,mefirst94337,False,"['Mew', 'Tauros', 'Slowbro', 'Chansey', 'Rhydon', 'Alakazam']","['Exeggutor', 'Mew', 'Tauros', 'Jynx', 'Chansey', 'Snorlax']",56,14,18
gen1ubers-1028085613,[Gen 1] UBERS,2019-12-11 23:14:53,,sunstone53250,luckychant38315,luckychant38315,False,"['Mewtwo', 'Charizard', 'Ivysaur', 'Jigglypuff', 'Pikachu', 'Squirtle']","['Mewtwo', 'Mew', 'Snorlax', 'Zapdos']",19,8,4
gen1ubers-2117811998,[Gen 1] UBERS,2024-05-04 19:02:02,,ursaring2215,transform68304,transform68304,False,"['Scyther', 'Venomoth', 'Butterfree', 'Parasect', 'Beedrill']","['Exeggcute', 'Hypno', 'Slowpoke', 'Alakazam', 'Abra']",32,6,4
gen1ubers-1126078981,[Gen 1] UBERS,2020-06-03 16:03:01,,payapaberry78256,damp62676,payapaberry78256,False,"['Mew', 'Gengar', 'Chansey', 'Alakazam', 'Snorlax', 'Dragonite']","['Cloyster', 'Mewtwo', 'Mew', 'Tauros', 'Zapdos', 'Rhydon']",20,5,5
smogtours-gen1ubers-609990,[Gen 1] UBERS,2022-02-22 22:11:16,,powdersnow17473,dig95510,dig95510,False,"['Mew', 'Exeggutor', 'Mewtwo', 'Slowbro', 'Zapdos', 'Snorlax']","['Gengar', 'Mewtwo', 'Snorlax', 'Tauros']",22,8,4
gen1ubers-1125428508,[Gen 1] UBERS,2020-06-02 15:04:49,,delcatty31981,flareblitz5519,flareblitz5519,False,"['Mew', 'Mewtwo', 'Charizard', 'Raichu', 'Venusaur', 'Blastoise']","['Mew', 'Exeggutor', 'Jolteon', 'Mewtwo', 'Snorlax', 'Alakazam']",152,26,16
gen1ubers-675735824,[Gen 1] UBERS,2017-12-18 05:45:22,,piloswine29150,chatter48513,piloswine29150,False,"['Dragonite', 'Golem']",['Mewtwo'],21,1,0
smogtours-gen1ubers-790690,[Gen 1] UBERS,2024-09-14 21:36:35,,aurasphere76841,tyrogue95104,aurasphere76841,True,['Starmie'],"['Mew', 'Exeggutor']",11,0,1
smogtours-gen1ubers-522373,[Gen 1] UBERS,2020-10-16 16:53:19,,koffing93492,quilava99512,koffing93492,False,"['Mewtwo', 'Mew', 'Tauros', 'Slowbro', 'Chansey', 'Snorlax']","['Mew', 'Mewtwo', 'Gengar', 'Chansey', 'Rhydon', 'Snorlax']",184,11,9
gen1ubers-702324475,[Gen 1] UBERS,2018-02-11 04:08:25,,bulletpunch10,delcatty31981,bulletpunch10,False,"['Mewtwo', 'Mew', 'Slowbro', 'Zapdos', 'Chansey', 'Snorlax']","['Mewtwo', 'Mew', 'Electrode', 'Golem', 'Jynx', 'Chansey']",26,6,9
smogtours-gen1ubers-697361,[Gen 1] UBERS,2023-06-16 14:16:27,,batonpass53541,simple96847,batonpass53541,False,"['Mew', 'Mewtwo', 'Jolteon', 'Slowbro', 'Chansey', 'Snorlax']","['Mew', 'Mewtwo', 'Exeggutor', 'Tauros', 'Chansey', 'Snorlax']",52,7,9
gen1ubers-622866664,[Gen 1] UBERS,2017-08-26 18:36:56,,kingsrock45273,effectspore50262,effectspore50262,True,"['Lapras', 'Charizard', 'Zapdos', 'Gengar', 'Snorlax', 'Dragonite']","['Moltres', 'Lapras', 'Zapdos', 'Golem', 'Chansey', 'Snorlax']",58,9,17
smogtours-gen1ubers-840089,[Gen 1] UBERS,2025-05-06 18:04:02,,poisonpowder88566,unknownitem77688,unknownitem77688,False,"['Mew', 'Mewtwo', 'Tauros', 'Zapdos', 'Hypno', 'Snorlax']","['Starmie', 'Mewtwo', 'Mew', 'Chansey', 'Rhydon', 'Snorlax']",44,15,14
gen1ubers-739997395,[Gen 1] UBERS,2018-04-29 17:32:35,,drifblim84361,eevee75445,eevee75445,False,"['Starmie', 'Kangaskhan', 'Machamp', 'Rhydon', 'Arcanine']","['Charizard', 'Jolteon', 'Slowbro', 'Nidoking', 'Primeape', 'Snorlax']",33,16,12
gen1ubers-823933277,[Gen 1] UBERS,2018-10-22 14:00:39,,spiderweb27115,snore88965,spiderweb27115,False,"['Starmie', 'Mewtwo', 'Mew', 'Tauros', 'Chansey', 'Snorlax']","['Mewtwo', 'Exeggutor', 'Mew', 'Slowbro', 'Jynx', 'Chansey']",60,10,12
gen1ubers-739737423,[Gen 1] UBERS,2018-04-29 01:50:23,,drifblim84361,eevee75445,drifblim84361,False,"['Voltorb', 'Jolteon', 'Raichu', 'Electabuzz', 'Magnemite']","['Nidoking', 'Raticate', 'Pikachu', 'Drowzee', 'Charmeleon', 'Primeape']",25,4,7
smogtours-gen1ubers-781452,[Gen 1] UBERS,2024-07-21 00:26:48,,psn38480,icebody51285,psn38480,False,"['Mewtwo', 'Exeggutor', 'Mew', 'Zapdos', 'Gengar', 'Snorlax']","['Mew', 'Exeggutor', 'Mewtwo', 'Tauros', 'Hypno', 'Snorlax']",44,11,15
smogtours-gen1ubers-789187,[Gen 1] UBERS,2024-09-06 18:00:20,,tyrogue95104,aurasphere76841,aurasphere76841,False,"['Moltres', 'Mew', 'Mewtwo', 'Exeggutor', 'Tauros', 'Articuno']","['Cloyster', 'Starmie', 'Mew', 'Mewtwo', 'Exeggutor', 'Snorlax']",37,13,13
gen1ubers-932812251,[Gen 1] UBERS,2019-06-22 09:01:53,1000,conversion222171,forecast58499,conversion222171,False,"['Exeggutor', 'Mew', 'Mewtwo', 'Zapdos', 'Gengar', 'Chansey']","['Mewtwo', 'Charizard', 'Nidoking', 'Zapdos', 'Dragonite', 'Articuno']",67,8,7
rom-gen1ubers-479110,[Gen 1] UBERS,2018-12-13 16:02:10,,constrict58938,sudowoodo17153,constrict58938,False,"['Mew', 'Mewtwo', 'Slowbro', 'Zapdos', 'Chansey', 'Snorlax']","['Mewtwo', 'Mew', 'Slowbro', 'Jynx', 'Chansey', 'Snorlax']",39,6,10
gen1ubers-2173720757,[Gen 1] UBERS,2024-08-05 04:25:01,1000,toxicspikes74725,leafstone28824,toxicspikes74725,False,"['Mewtwo', 'Mew', 'Jynx', 'Gengar', 'Snorlax']","['Mew', 'Exeggutor', 'Mewtwo', 'Tauros', 'Zapdos', 'Snorlax']",28,4,7
gen1ubers-2176535490,[Gen 1] UBERS,2024-08-09 07:53:52,1044,ichuspikyeared7548,diveball17159,ichuspikyeared7548,True,"['Mew', 'Mewtwo', 'Tauros', 'Zapdos', 'Chansey', 'Snorlax']","['Mew', 'Mewtwo', 'Tauros', 'Gengar', 'Chansey', 'Snorlax']",62,9,9
smogtours-gen1ubers-697387,[Gen 1] UBERS,2023-06-16 17:00:13,,deoxysdefense78874,sandattack94842,sandattack94842,True,"['Mew', 'Exeggutor', 'Mewtwo', 'Tauros', 'Chansey', 'Snorlax']","['Mew', 'Mewtwo', 'Zapdos', 'Gengar', 'Chansey', 'Snorlax']",62,7,10
violetversion-gen1ubers-2493,[Gen 1] UBERS,2016-10-12 18:16:30,,oddincense72660,leer23545,leer23545,False,"['Mewtwo', 'Mew', 'Tauros', 'Slowbro', 'Jynx', 'Chansey']","['Mewtwo', 'Mew', 'Slowbro', 'Jynx', 'Chansey', 'Snorlax']",60,10,8
gen1ubers-315689607,[Gen 1] UBERS,2016-01-10 07:17:38,,stockpile39840,barrier34526,stockpile39840,True,"['Slowbro', 'Starmie', 'Mewtwo', 'Snorlax']","['Mew', 'Mewtwo', 'Slowbro', 'Jynx', 'Chansey']",42,5,5
gen1ubers-287292514,[Gen 1] UBERS,2015-10-29 04:27:09,,gible74679,morningsun48768,gible74679,False,"['Kangaskhan', 'Haunter', 'Victreebel', 'Gyarados', 'Raichu', 'Hypno']","['Kangaskhan', 'Kadabra', 'Gyarados', 'Rhydon', 'Raichu', 'Hypno']",53,18,15
gen1ubers-1045999616,[Gen 1] UBERS,2020-01-14 04:55:09,,bidoof1013,delcatty31981,bidoof1013,False,"['Voltorb', 'Mew', 'Exeggcute', 'Dratini', 'Diglett', 'Gastly']","['Mew', 'Exeggcute', 'Dratini', 'Clefairy', 'Diglett', 'Gastly']",84,8,11
smogtours-gen1ubers-424060,[Gen 1] UBERS,2019-02-03 18:42:47,,bonsly23037,porygon292324,bonsly23037,False,"['Mewtwo', 'Mew', 'Exeggutor', 'Snorlax', 'Dragonite']","['Mew', 'Mewtwo', 'Exeggutor', 'Slowbro', 'Jynx', 'Chansey']",119,9,13
gen1ubers-1046016806,[Gen 1] UBERS,2020-01-14 05:56:19,,stickybarb30509,delcatty31981,delcatty31981,False,"['Exeggutor', 'Mew', 'Mewtwo', 'Slowbro', 'Jynx', 'Chansey']","['Mew', 'Mewtwo', 'Electrode', 'Golem', 'Jynx', 'Chansey']",112,26,29
gen1ubers-1021612928,[Gen 1] UBERS,2019-12-03 00:35:49,,barboach1755,delcatty31981,delcatty31981,False,"['Mew', 'Mewtwo', 'Slowbro', 'Jynx', 'Chansey', 'Snorlax']","['Exeggutor', 'Mewtwo', 'Mew', 'Electrode', 'Jynx', 'Chansey']",159,8,12
gen1ubers-923073191,[Gen 1] UBERS,2019-06-06 05:32:50,,regigigas62995,dialga48280,regigigas62995,False,"['Mew', 'Exeggutor', 'Mewtwo', 'Chansey', 'Snorlax', 'Alakazam']","['Exeggutor', 'Mew', 'Mewtwo', 'Gengar', 'Chansey', 'Snorlax']",164,13,15
gen1ubers-2042853823,[Gen 1] UBERS,2024-01-24 13:07:00,,bug23041,gorebyss2916,bug23041,False,['Electrode'],"['Electrode', 'Chansey']",21,0,16
gen1ubers-924240608,[Gen 1] UBERS,2019-06-08 02:03:23,,deoxysattack68936,pineco11270,pineco11270,False,"['Cloyster', 'Starmie', 'Jolteon', 'Tauros', 'Rhydon', 'Snorlax']","['Starmie', 'Exeggutor', 'Jolteon', 'Gengar', 'Alakazam']",28,7,5
gen1ubers-562050575,[Gen 1] UBERS,2017-04-15 09:20:17,,protect1429,aggron60452,protect1429,True,"['Mewtwo', 'Mew', 'Tauros', 'Slowbro', 'Chansey', 'Snorlax']","['Mew', 'Exeggutor', 'Mewtwo', 'Tauros', 'Slowbro', 'Chansey']",83,16,10
smogtours-gen1ubers-796008,[Gen 1] UBERS,2024-10-06 21:26:46,,arceusghost8496,mareep93864,mareep93864,False,"['Mewtwo', 'Mew', 'Jynx', 'Victreebel', 'Snorlax', 'Articuno']","['Starmie', 'Mew', 'Mewtwo', 'Exeggutor', 'Rhydon', 'Snorlax']",44,10,7
gen1ubers-2367346329,[Gen 1] UBERS,2025-05-19 16:18:57,,charm52691,damprock85879,damprock85879,False,"['Lapras', 'Butterfree', 'Aerodactyl', 'Tauros', 'Slowbro', 'Hitmonlee']","['Starmie', 'Jolteon', 'Gengar', 'Clefable', 'Venusaur']",23,7,5
gen1ubers-631588612,[Gen 1] UBERS,2017-09-14 18:23:00,,astonish68495,lureball33077,astonish68495,False,['Mewtwo'],"['Charizard', 'Zapdos', 'Golem', 'Persian', 'Alakazam', 'Vaporeon']",16,0,6
gen1ubers-1146480782,[Gen 1] UBERS,2020-07-07 00:46:57,,tailwhip2839,magnetrise21163,tailwhip2839,False,"['Chansey', 'Mewtwo', 'Exeggutor', 'Tauros']","['Mewtwo', 'Mew', 'Slowbro', 'Gengar', 'Chansey', 'Snorlax']",71,7,11
gen1ubers-2192930411,[Gen 1] UBERS,2024-09-02 12:01:33,,ludicolo79993,magmortar5999,magmortar5999,False,"['Gengar', 'Electrode', 'Aerodactyl']",['Electrode'],34,5,0
gen1ubers-2112454046,[Gen 1] UBERS,2024-04-27 02:12:11,,punishment38172,bide81826,bide81826,False,"['Mewtwo', 'Mew', 'Tauros', 'Zapdos', 'Chansey', 'Snorlax']","['Mew', 'Mewtwo', 'Exeggutor', 'Tauros', 'Snorlax']",29,6,5
gen1ubers-2047355965,[Gen 1] UBERS,2024-01-30 04:25:41,,poisongas17386,frenzyplant87849,poisongas17386,False,"['Cloyster', 'Mew', 'Mewtwo', 'Chansey', 'Snorlax', 'Alakazam']","['Mewtwo', 'Mew', 'Slowbro', 'Gengar', 'Chansey', 'Snorlax']",35,9,5
smogtours-gen1ubers-658465,[Gen 1] UBERS,2022-10-30 22:18:19,,castform97328,starfberry84995,starfberry84995,False,"['Mewtwo', 'Mew', 'Slowbro', 'Zapdos', 'Chansey', 'Snorlax']","['Mew', 'Mewtwo', 'Exeggutor', 'Tauros', 'Snorlax']",49,13,10
gen1ubers-2113990181,[Gen 1] UBERS,2024-04-29 13:13:47,,denpowergrass48821,rapidspin64785,denpowergrass48821,False,"['Lapras', 'Nidoking', 'Zapdos', 'Graveler', 'Alakazam', 'Dragonite']","['Moltres', 'Mewtwo', 'Exeggutor', 'Poliwrath', 'Golem', 'Snorlax']",53,8,10
smogtours-gen1ubers-524393,[Gen 1] UBERS,2020-10-25 20:09:18,,koffing93492,sacredfire231,koffing93492,False,"['Mew', 'Mewtwo', 'Tauros', 'Golem', 'Chansey', 'Snorlax']","['Mew', 'Exeggutor', 'Mewtwo', 'Tauros', 'Chansey', 'Snorlax']",74,24,25
gen1ubers-1121657544,[Gen 1] UBERS,2020-05-26 17:35:46,,lickilicky26825,bulletpunch8366,bulletpunch8366,False,"['Mew', 'Mewtwo', 'Charizard', 'Nidoking', 'Snorlax', 'Dragonite']","['Lapras', 'Charizard', 'Zapdos', 'Arbok', 'Persian', 'Vaporeon']",48,6,7
gen1ubers-2112456178,[Gen 1] UBERS,2024-04-27 02:21:23,,punishment38172,bide81826,bide81826,False,"['Mew', 'Mewtwo', 'Electrode', 'Chansey', 'Ditto', 'Snorlax']","['Cloyster', 'Mewtwo', 'Charizard', 'Mew', 'Golem', 'Chansey']",62,11,11
gen1ubers-835678500,[Gen 1] UBERS,2018-12-14 23:14:50,,spiderweb27115,croagunk31377,croagunk31377,False,"['Mew', 'Mewtwo', 'Slowbro', 'Jynx', 'Chansey', 'Snorlax']","['Mew', 'Exeggutor', 'Mewtwo', 'Tauros', 'Chansey', 'Snorlax']",50,13,13
gen1ubers-874780390,[Gen 1] UBERS,2019-03-12 02:35:18,,deoxysattack68936,pineco11270,pineco11270,False,"['Tauros', 'Victreebel', 'Rhydon', 'Alakazam', 'Dragonite', 'Vaporeon']","['Lapras', 'Vileplume', 'Jolteon', 'Nidoking', 'Alakazam', 'Snorlax']",34,10,12
smogtours-gen1ubers-815092,[Gen 1] UBERS,2025-01-19 19:38:29,,status34375,quickclaw83695,status34375,True,"['Starmie', 'Mew', 'Mewtwo', 'Chansey', 'Rhydon', 'Snorlax']","['Mew', 'Exeggutor', 'Mewtwo', 'Tauros', 'Electrode', 'Snorlax']",39,17,18
gen1ubers-1127998333,[Gen 1] UBERS,2020-06-06 17:55:33,,iciclespear74222,sunstone95718,sunstone95718,False,"['Starmie', 'Mewtwo', 'Tauros', 'Zapdos', 'Gengar', 'Rhydon']","['Mew', 'Exeggutor', 'Mewtwo', 'Tauros', 'Chansey']",30,7,7
gen1ubers-349098183,[Gen 1] UBERS,2016-03-24 14:04:19,,salamence66976,rattata90247,salamence66976,True,"['Mew', 'Exeggutor', 'Tauros', 'Slowbro', 'Snorlax']","['Cloyster', 'Exeggutor', 'Mew', 'Golem', 'Gengar', 'Chansey']",39,8,9
gen1ubers-2177030233,[Gen 1] UBERS,2024-08-10 00:37:13,1117,nightmare69074,revenge71921,revenge71921,False,"['Mewtwo', 'Mew', 'Tauros', 'Gengar', 'Chansey', 'Snorlax']","['Mew', 'Mewtwo', 'Tauros', 'Chansey', 'Snorlax', 'Vaporeon']",56,5,12
smogtours-gen1ubers-790599,[Gen 1] UBERS,2024-09-14 18:10:52,,powerlens28906,golbat13508,powerlens28906,False,"['Starmie', 'Mew', 'Mewtwo', 'Chansey', 'Rhydon', 'Snorlax']","['Mew', 'Exeggutor', 'Mewtwo', 'Jolteon', 'Tauros', 'Snorlax']",35,16,12
gen1ubers-1052252775,[Gen 1] UBERS,2020-01-25 01:37:27,,girafarig63562,shucaberry34883,girafarig63562,True,"['Slowbro', 'Nidoking', 'Vileplume']","['Scyther', 'Tangela', 'Kabutops']",10,2,2
gen1ubers-2309214493,[Gen 1] UBERS,2025-02-27 21:26:06,,blizzard53783,rest40,blizzard53783,True,"['Mew', 'Exeggutor', 'Mewtwo', 'Tauros', 'Chansey', 'Snorlax']","['Mew', 'Mewtwo', 'Slowbro', 'Chansey', 'Snorlax', 'Alakazam']",74,9,9
smogtours-gen1ubers-722267,[Gen 1] UBERS,2023-10-07 19:26:40,,iceball26708,skillswap74981,skillswap74981,False,"['Mewtwo', 'Mew', 'Sandslash', 'Chansey', 'Snorlax', 'Alakazam']","['Mewtwo', 'Exeggutor', 'Mew', 'Tauros', 'Chansey', 'Snorlax']",36,11,8
gen1ubers-396977730,[Gen 1] UBERS,2016-07-08 17:45:17,,highjumpkick85972,krabby97145,highjumpkick85972,True,"['Gengar', 'Exeggutor', 'Mew', 'Tauros']","['Exeggutor', 'Mewtwo', 'Mew', 'Tauros', 'Jynx']",19,3,5
gen1ubers-800421555,[Gen 1] UBERS,2018-09-03 21:48:36,,stickybarb88366,tailwhip2839,tailwhip2839,False,"['Exeggutor', 'Mew', 'Slowbro', 'Jynx', 'Chansey', 'Alakazam']","['Mew', 'Exeggutor', 'Tauros', 'Slowbro', 'Chansey', 'Snorlax']",55,11,9
smogtours-gen1ubers-778723,[Gen 1] UBERS,2024-07-07 11:12:30,,aurasphere76841,drapion2237,aurasphere76841,False,"['Starmie', 'Exeggutor', 'Mew', 'Tauros', 'Rhydon']","['Mew', 'Exeggutor', 'Mewtwo', 'Zapdos', 'Hypno', 'Snorlax']",33,8,13
gen1ubers-1148401847,[Gen 1] UBERS,2020-07-10 02:31:10,,aquajet40986,taillow42520,aquajet40986,False,"['Kingler', 'Pidgeot', 'Charizard', 'Pikachu', 'Bulbasaur', 'Squirtle']","['Pidgeotto', 'Charizard', 'Kangaskhan', 'Nidoking', 'Bulbasaur', 'Snorlax']",44,8,5
gen1ubers-784994247,[Gen 1] UBERS,2018-08-02 19:08:38,,raindance50399,tailwhip2839,raindance50399,True,"['Exeggutor', 'Mewtwo', 'Chansey', 'Snorlax', 'Alakazam']","['Mew', 'Exeggutor', 'Mewtwo', 'Tauros', 'Chansey', 'Snorlax']",85,4,7
smogtours-gen1ubers-675583,[Gen 1] UBERS,2023-02-18 18:27:06,,psn38480,powerherb16934,psn38480,True,"['Mew', 'Mewtwo', 'Tauros', 'Chansey', 'Victreebel', 'Snorlax']","['Exeggutor', 'Mewtwo', 'Mew', 'Slowbro', 'Chansey', 'Rhydon']",113,14,13
smogtours-gen1ubers-674514,[Gen 1] UBERS,2023-02-12 09:38:39,,kangaskhan41867,deoxysdefense78874,deoxysdefense78874,True,"['Mew', 'Mewtwo', 'Zapdos', 'Gengar', 'Chansey', 'Snorlax']","['Mewtwo', 'Mew', 'Slowbro', 'Gengar', 'Chansey', 'Snorlax']",29,11,8
smogtours-gen1ubers-610209,[Gen 1] UBERS,2022-02-25 22:10:01,,duskball22480,synchronize14428,duskball22480,False,"['Mew', 'Mewtwo', 'Tauros', 'Chansey', 'Rhydon', 'Snorlax']","['Mewtwo', 'Exeggutor', 'Mew', 'Gengar', 'Chansey', 'Snorlax']",40,11,17
gen1ubers-526833336,[Gen 1] UBERS,2017-02-01 04:14:52,,miltank57341,woodhammer83701,miltank57341,False,"['Tangela', 'Gloom', 'Weepinbell']","['Sandshrew', 'Vulpix', 'Eevee', 'Magnemite', 'Fearow']",37,2,8
gen1ubers-351282418,[Gen 1] UBERS,2016-03-28 23:31:53,,focusenergy12335,dusknoir65952,dusknoir65952,True,"['Exeggutor', 'Mew', 'Tauros', 'Slowbro', 'Jynx', 'Chansey']","['Mew', 'Lapras', 'Exeggutor', 'Tauros', 'Chansey', 'Snorlax']",34,7,7
gen1ubers-1126409034,[Gen 1] UBERS,2020-06-04 02:53:24,1000,togetic81635,delcatty31981,delcatty31981,False,"['Cloyster', 'Mewtwo', 'Mew', 'Zapdos', 'Gengar', 'Snorlax']","['Mewtwo', 'Exeggutor', 'Mew', 'Electrode', 'Golem', 'Jynx']",34,6,11
smogtours-gen1ubers-815828,[Gen 1] UBERS,2025-01-25 12:10:43,,drapion2237,quickclaw83695,drapion2237,False,"['Starmie', 'Exeggutor', 'Mew', 'Mewtwo', 'Rhydon', 'Snorlax']","['Mew', 'Mewtwo', 'Exeggutor', 'Chansey', 'Snorlax', 'Dragonite']",72,14,11
gen1ubers-2176333686,[Gen 1] UBERS,2024-08-08 23:49:00,1000,gloom24666,adamantorb53913,gloom24666,False,"['Mew', 'Mewtwo', 'Slowbro', 'Chansey', 'Snorlax', 'Alakazam']","['Mew', 'Exeggutor', 'Mewtwo', 'Tauros', 'Chansey', 'Snorlax']",75,14,20
gen1ubers-2165766680,[Gen 1] UBERS,2024-07-23 03:49:04,,attackorder97490,plusle97979,attackorder97490,False,"['Moltres', 'Mew', 'Mewtwo', 'Porygon', 'Victreebel', 'Dragonite']","['Mewtwo', 'Mew', 'Exeggutor', 'Slowbro', 'Jynx', 'Chansey']",124,9,8
gen1ubers-910948260,[Gen 1] UBERS,2019-05-16 22:17:07,,teleport37861,gyroball22720,gyroball22720,False,"['Jolteon', 'Flareon', 'Eevee', 'Magikarp', 'Ditto', 'Vaporeon']","['Mewtwo', 'Mew', 'Raticate', 'Persian', 'Venusaur', 'Fearow']",37,7,5
smogtours-gen1ubers-651603,[Gen 1] UBERS,2022-09-29 21:23:19,,barrier67448,mawile36886,mawile36886,False,"['Starmie', 'Mew', 'Mewtwo', 'Chansey', 'Rhydon', 'Snorlax']","['Mew', 'Slowbro', 'Gengar', 'Chansey', 'Snorlax']",43,11,5
gen1ubers-1138339290,[Gen 1] UBERS,2020-06-23 22:04:08,,nomove47433,tailwhip2839,tailwhip2839,False,"['Mewtwo', 'Mew', 'Tauros', 'Golem', 'Chansey', 'Snorlax']","['Mew', 'Exeggutor', 'Tauros', 'Chansey', 'Snorlax']",37,16,6
smogtours-gen1ubers-816027,[Gen 1] UBERS,2025-01-26 00:02:34,,psn38480,quagsire52408,psn38480,False,"['Mewtwo', 'Mew', 'Exeggutor', 'Tauros', 'Chansey', 'Snorlax']","['Mew', 'Exeggutor', 'Mewtwo', 'Tauros', 'Slowbro', 'Rhydon']",43,17,6
gen1ubers-941682288,[Gen 1] UBERS,2019-07-08 19:34:15,,muscleband97738,pinapberry18707,muscleband97738,True,"['Exeggutor', 'Mewtwo', 'Gengar', 'Chansey', 'Snorlax']","['Mewtwo', 'Exeggutor', 'Mew', 'Tauros', 'Slowbro', 'Snorlax']",24,8,10
rom-gen1ubers-468262,[Gen 1] UBERS,2018-12-02 18:39:56,,constrict58938,sudowoodo17153,constrict58938,False,"['Mew', 'Exeggutor', 'Slowbro', 'Zapdos', 'Snorlax']","['Mew', 'Mewtwo', 'Slowbro', 'Jynx', 'Chansey', 'Snorlax']",33,4,9
smogtours-gen1ubers-182490,[Gen 1] UBERS,2016-07-31 21:31:45,,mefirst94337,krabby97145,krabby97145,False,"['Mew', 'Tauros', 'Slowbro', 'Golem', 'Gengar', 'Chansey']","['Exeggutor', 'Mew', 'Slowbro', 'Gengar', 'Chansey', 'Snorlax']",63,12,11
smogtours-gen1ubers-774165,[Gen 1] UBERS,2024-06-13 18:09:52,,mudsport71981,quickclaw83695,quickclaw83695,True,"['Mew', 'Exeggutor', 'Mewtwo', 'Tauros', 'Rhydon']","['Mew', 'Mewtwo', 'Gengar', 'Chansey', 'Snorlax']",27,8,6
rom-gen1ubers-490712,[Gen 1] UBERS,2018-12-25 02:17:58,,constrict58938,sudowoodo17153,constrict58938,False,"['Mew', 'Slowbro', 'Zapdos', 'Chansey', 'Snorlax']","['Exeggutor', 'Mewtwo', 'Mew', 'Slowbro', 'Jynx', 'Chansey']",75,8,9
gen1ubers-956721709,[Gen 1] UBERS,2019-08-07 14:58:36,,slp80522,nincada82205,slp80522,False,"['Seadra', 'Mewtwo', 'Porygon', 'Onix', 'Zapdos', 'Golbat']","['Scyther', 'Mew', 'Electrode', 'Golem', 'Gengar', 'Arcanine']",46,9,9
smogtours-gen1ubers-584803,[Gen 1] UBERS,2021-10-09 12:29:52,,amnesia25800,zoomlens15496,zoomlens15496,True,"['Exeggutor', 'Mewtwo', 'Gengar', 'Chansey', 'Snorlax']","['Mew', 'Tauros']",20,5,1
gen1ubers-248380600,[Gen 1] UBERS,2015-07-10 15:25:58,,garchomp79956,arceusghost95578,garchomp79956,True,"['Exeggutor', 'Mew', 'Gengar', 'Chansey', 'Snorlax']","['Starmie', 'Mew', 'Exeggutor', 'Mewtwo', 'Snorlax']",34,13,11
gen1ubers-2225832416,[Gen 1] UBERS,2024-10-18 18:08:39,,greatball86069,gloom50365,gloom50365,False,"['Starmie', 'Exeggutor', 'Tauros', 'Jynx', 'Rhydon', 'Alakazam']","['Tauros', 'Zapdos', 'Gengar', 'Chansey', 'Rhydon']",54,11,10
smogtours-gen1ubers-745750,[Gen 1] UBERS,2024-02-07 21:27:08,,noability19212,fissure61188,fissure61188,True,"['Mew', 'Exeggutor', 'Mewtwo', 'Zapdos', 'Chansey', 'Rhydon']","['Mewtwo', 'Mew', 'Exeggutor', 'Tauros', 'Gengar']",54,13,5
gen1ubers-2177046913,[Gen 1] UBERS,2024-08-10 01:12:13,1091,tangrowth23890,revenge71921,tangrowth23890,True,"['Mewtwo', 'Exeggutor', 'Mew', 'Tauros', 'Chansey', 'Snorlax']","['Mew', 'Mewtwo', 'Tauros', 'Chansey', 'Snorlax', 'Vaporeon']",40,6,17
smogtours-gen1ubers-681266,[Gen 1] UBERS,2023-03-18 19:08:24,,drillpeck8655,sturdy46275,drillpeck8655,False,"['Mewtwo', 'Exeggutor', 'Mew', 'Tauros', 'Slowbro', 'Snorlax']","['Mewtwo', 'Exeggutor', 'Mew', 'Tauros', 'Slowbro', 'Snorlax']",35,7,11
rom-gen1ubers-468236,[Gen 1] UBERS,2018-12-02 18:17:53,,constrict58938,sudowoodo17153,constrict58938,False,"['Slowbro', 'Exeggutor', 'Snorlax']","['Mew', 'Mewtwo', 'Slowbro', 'Jynx', 'Chansey', 'Snorlax']",24,2,7
gen1ubers-1166647582,[Gen 1] UBERS,2020-08-10 20:38:39,,perish18138,deoxysattack76542,deoxysattack76542,True,"['Mewtwo', 'Mew', 'Slowbro', 'Jynx', 'Chansey']","['Mewtwo', 'Mew', 'Slowbro', 'Jynx', 'Chansey']",88,4,4
gen1ubers-2175055874,[Gen 1] UBERS,2024-08-07 03:15:05,1140,probopass16431,rollout94469,rollout94469,True,"['Moltres', 'Mewtwo', 'Mew', 'Gengar', 'Chansey', 'Snorlax']","['Cloyster', 'Mew', 'Mewtwo', 'Onix', 'Hypno', 'Snorlax']",71,18,28
gen1ubers-524712294,[Gen 1] UBERS,2017-01-28 04:47:57,,miltank57341,woodhammer83701,woodhammer83701,False,"['Tangela', 'Victreebel', 'Vileplume']","['Pidgeotto', 'Exeggcute', 'Kadabra', 'Gyarados', 'Charmeleon']",30,2,4
gen1ubers-2254087932,[Gen 1] UBERS,2024-11-30 18:08:50,,fissure92309,arceusbug60355,arceusbug60355,True,"['Moltres', 'Scyther', 'Caterpie']",['Moltres'],13,3,0
gen1ubers-572777069,[Gen 1] UBERS,2017-05-07 04:49:31,,miltank57341,woodhammer83701,woodhammer83701,False,"['Machamp', 'Rhydon', 'Kingler']","['Pidgeotto', 'Bulbasaur', 'Squirtle']",16,3,3
smogtours-gen1ubers-717713,[Gen 1] UBERS,2023-09-19 14:13:16,,unknownability847,fissure35074,unknownability847,True,"['Exeggutor', 'Mewtwo', 'Zapdos', 'Chansey', 'Snorlax']","['Exeggutor', 'Mewtwo', 'Mew', 'Zapdos', 'Golem', 'Snorlax']",92,17,21
gen1ubers-760585595,[Gen 1] UBERS,2018-06-10 20:29:28,1000,conversion222171,noctowl23601,conversion222171,True,"['Exeggutor', 'Mewtwo', 'Mew', 'Zapdos', 'Gengar', 'Chansey']","['Exeggutor', 'Mewtwo', 'Mew', 'Slowbro', 'Gengar', 'Snorlax']",90,9,14
gen1ubers-810797865,[Gen 1] UBERS,2018-09-25 12:09:25,,krabby97145,tailwhip2839,tailwhip2839,False,"['Mewtwo', 'Mew', 'Zapdos', 'Jynx', 'Chansey', 'Snorlax']","['Mewtwo', 'Exeggutor', 'Mew', 'Tauros', 'Chansey', 'Snorlax']",43,22,17
gen1ubers-2110677912,[Gen 1] UBERS,2024-04-24 17:41:54,,charge64122,zoomlens5648,charge64122,False,"['Seadra', 'Mew', 'Zapdos', 'Persian', 'Arcanine']","['Golduck', 'Exeggutor', 'Ninetales', 'Nidoqueen', 'Electabuzz', 'Fearow']",28,7,8
gen1ubers-825348299,[Gen 1] UBERS,2018-11-24 03:50:14,,rest20747,babiriberry53499,rest20747,False,"['Starmie', 'Articuno']","['Cloyster', 'Vileplume', 'Aerodactyl', 'Marowak', 'Hitmonlee', 'Arcanine']",29,2,9
smogtours-gen1ubers-678100,[Gen 1] UBERS,2023-03-04 14:18:19,,iceball26708,powerherb16934,powerherb16934,True,"['Mew', 'Mewtwo', 'Tauros', 'Zapdos', 'Chansey', 'Snorlax']","['Mew', 'Mewtwo', 'Chansey', 'Snorlax', 'Alakazam']",34,10,6
smogtours-gen1ubers-609915,[Gen 1] UBERS,2022-02-21 02:21:26,,focusband97190,arceusghost8496,arceusghost8496,False,"['Mewtwo', 'Mew', 'Slowbro', 'Jynx', 'Chansey', 'Snorlax']","['Mew', 'Exeggutor', 'Mewtwo', 'Rhydon', 'Snorlax']",73,16,14
smogtours-gen1ubers-820353,[Gen 1] UBERS,2025-02-16 16:12:09,,iceball26708,wacanberry11962,iceball26708,True,"['Cloyster', 'Electrode', 'Mewtwo', 'Victreebel']","['Exeggutor', 'Mewtwo', 'Mew', 'Tauros', 'Zapdos', 'Rhydon']",22,4,6
gen1ubers-787392726,[Gen 1] UBERS,2018-08-07 19:25:37,,rabutaberry80396,safariball5982,rabutaberry80396,False,"['Scyther', 'Exeggutor', 'Machoke', 'Electabuzz', 'Magmar', 'Blastoise']","['Charizard', 'Butterfree', 'Golem', 'Marowak', 'Beedrill', 'Dragonite']",38,7,6
smogtours-gen1ubers-593781,[Gen 1] UBERS,2021-11-18 20:18:55,,bidoof62502,painsplit82259,bidoof62502,True,"['Exeggutor', 'Mewtwo', 'Mew', 'Gengar', 'Chansey', 'Snorlax']","['Mewtwo', 'Mew', 'Tauros', 'Gengar', 'Chansey', 'Snorlax']",236,74,77
gen1ubers-2190490056,[Gen 1] UBERS,2024-08-29 18:47:21,,worryseed60566,motordrive55802,worryseed60566,False,"['Mew', 'Mewtwo', 'Exeggutor', 'Slowbro', 'Zapdos', 'Snorlax']","['Mew', 'Mewtwo', 'Zapdos', 'Gengar', 'Chansey', 'Snorlax']",71,7,7
gen1ubers-359549484,[Gen 1] UBERS,2016-04-15 20:05:48,,roseincense94057,slash40826,roseincense94057,False,"['Cloyster', 'Scyther', 'Haunter', 'Muk', 'Golbat']","['Butterfree', 'Slowbro', 'Poliwrath', 'Rhydon', 'Raichu', 'Snorlax']",29,4,5
smogtours-gen1ubers-670436,[Gen 1] UBERS,2023-01-22 23:16:31,,deoxysdefense78874,arceusghost8496,arceusghost8496,True,"['Mew', 'Mewtwo', 'Slowbro', 'Gengar', 'Rhydon', 'Snorlax']","['Mewtwo', 'Mew', 'Slowbro', 'Zapdos', 'Chansey', 'Snorlax']",95,31,27
smogtours-gen1ubers-593571,[Gen 1] UBERS,2021-11-16 18:09:34,,venusaur43196,synchronize14428,synchronize14428,False,"['Mew', 'Exeggutor', 'Mewtwo', 'Tauros', 'Chansey', 'Snorlax']","['Starmie', 'Exeggutor', 'Mewtwo', 'Mew', 'Chansey', 'Snorlax']",58,11,14
gen1ubers-781713781,[Gen 1] UBERS,2018-07-26 22:49:04,,assurance52816,raindance50399,raindance50399,True,"['Starmie', 'Mew', 'Exeggutor', 'Mewtwo', 'Chansey', 'Snorlax']","['Starmie', 'Mew', 'Mewtwo', 'Exeggutor', 'Snorlax']",85,9,4
gen1ubers-1132064985,[Gen 1] UBERS,2020-06-13 17:36:28,,amnesia8036,cranidos9637,cranidos9637,True,"['Mew', 'Mewtwo', 'Zapdos', 'Golem', 'Jynx', 'Chansey']","['Mew', 'Mewtwo', 'Tauros', 'Chansey', 'Rhydon']",44,6,8
gen1ubers-2064081008,[Gen 1] UBERS,2024-02-21 03:03:55,,dig95175,gorebyss2916,gorebyss2916,True,"['Electrode', 'Chansey']","['Electrode', 'Chansey']",60,31,6
smogtours-gen1ubers-590177,[Gen 1] UBERS,2021-10-31 15:26:24,,synchronize14428,marshtomp99135,synchronize14428,False,"['Starmie', 'Exeggutor', 'Mewtwo', 'Mew', 'Chansey', 'Snorlax']","['Mewtwo', 'Mew', 'Jolteon', 'Slowbro', 'Chansey', 'Snorlax']",139,15,12
smogtours-gen1ubers-674213,[Gen 1] UBERS,2023-02-10 22:21:27,,mudsport71981,extremespeed62335,mudsport71981,True,"['Exeggutor', 'Mewtwo', 'Tauros', 'Chansey', 'Snorlax']","['Mewtwo', 'Mew', 'Slowbro', 'Zapdos', 'Chansey', 'Snorlax']",40,6,6
rom-gen1ubers-589811,[Gen 1] UBERS,2019-06-15 18:38:14,,constrict58938,sudowoodo17153,constrict58938,False,"['Mew', 'Mewtwo', 'Slowbro', 'Zapdos', 'Chansey', 'Snorlax']","['Mewtwo', 'Mew', 'Slowbro', 'Jynx', 'Chansey', 'Snorlax']",87,7,9
gen1ubers-1130441907,[Gen 1] UBERS,2020-06-10 20:08:41,,torkoal28866,medicham96407,medicham96407,False,"['Mewtwo', 'Mew', 'Golem', 'Gengar', 'Chansey', 'Snorlax']","['Mewtwo', 'Exeggutor', 'Charizard', 'Lapras', 'Machamp']",31,8,5
smogtours-gen1ubers-697065,[Gen 1] UBERS,2023-06-13 17:52:49,,quickclaw83695,mudsport71981,mudsport71981,True,"['Mew', 'Mewtwo', 'Zapdos', 'Gengar', 'Chansey', 'Snorlax']","['Mewtwo', 'Mew', 'Slowbro', 'Zapdos', 'Chansey', 'Snorlax']",66,20,22
smogtours-gen1ubers-824131,[Gen 1] UBERS,2025-03-09 18:08:46,,iceball26708,wacanberry11962,wacanberry11962,False,"['Moltres', 'Mew', 'Mewtwo', 'Electrode', 'Victreebel', 'Dragonite']","['Mew', 'Mewtwo', 'Exeggutor', 'Tauros', 'Snorlax', 'Alakazam']",91,9,24
gen1ubers-778598818,[Gen 1] UBERS,2018-07-20 17:21:35,,raindance50399,machamp44590,raindance50399,False,"['Exeggutor', 'Mew', 'Jynx', 'Chansey', 'Snorlax']","['Mew', 'Exeggutor', 'Mewtwo', 'Slowbro', 'Jynx', 'Chansey']",28,7,6
gen1ubers-394191749,[Gen 1] UBERS,2016-07-02 06:07:28,,faketears10009,kelpsyberry85904,faketears10009,False,"['Mew', 'Mewtwo', 'Persian', 'Gengar']","['Lapras', 'Charizard', 'Golem', 'Pikachu', 'Rhydon', 'Blastoise']",19,3,5
gen1ubers-1108434964,[Gen 1] UBERS,2020-05-04 10:57:34,,tailwhip2839,roselia30851,tailwhip2839,False,"['Exeggutor', 'Mewtwo', 'Tauros', 'Chansey', 'Snorlax']","['Starmie', 'Mew', 'Mewtwo', 'Zapdos', 'Golem', 'Snorlax']",25,5,14
gen1ubers-572773059,[Gen 1] UBERS,2017-05-07 04:35:41,,miltank57341,woodhammer83701,woodhammer83701,False,"['Rhydon', 'Magmar', 'Ninetales']","['Charizard', 'Squirtle', 'Pikachu']",26,2,3
smogtours-gen1ubers-787669,[Gen 1] UBERS,2024-08-26 19:32:04,,poisonpowder88566,aurasphere76841,aurasphere76841,True,"['Mew', 'Mewtwo', 'Victreebel', 'Rhydon', 'Alakazam', 'Dragonite']","['Mewtwo', 'Exeggutor', 'Mew', 'Tauros', 'Zapdos', 'Snorlax']",60,24,22
gen1ubers-1132109427,[Gen 1] UBERS,2020-06-13 19:29:44,,leer23545,gunkshot9424,gunkshot9424,True,"['Mew', 'Mewtwo', 'Slowbro', 'Gengar', 'Chansey', 'Snorlax']","['Mew', 'Mewtwo', 'Slowbro', 'Jynx', 'Chansey', 'Snorlax']",181,13,22
gen1ubers-809886351,[Gen 1] UBERS,2018-09-23 14:54:38,,raindance50399,naturepower57210,raindance50399,False,"['Starmie', 'Mew', 'Exeggutor', 'Mewtwo', 'Snorlax']","['Mewtwo', 'Exeggutor', 'Mew', 'Tauros', 'Slowbro', 'Snorlax']",40,6,9
gen1ubers-1125258726,[Gen 1] UBERS,2020-06-02 05:56:27,,focuspunch46806,sharpbeak76998,focuspunch46806,False,"['Eevee', 'Mewtwo', 'Nidoking', 'Raichu']","['Scyther', 'Charizard', 'Jolteon', 'Ninetales', 'Nidoqueen', 'Arcanine']",34,3,5
gen1ubers-2357822405,[Gen 1] UBERS,2025-05-06 02:49:43,,quilava32306,nostatus88452,nostatus88452,False,"['Cloyster', 'Mew', 'Mewtwo', 'Jolteon', 'Chansey', 'Snorlax']","['Exeggutor', 'Mewtwo', 'Mew', 'Tauros', 'Zapdos', 'Snorlax']",34,10,8
gen1ubers-1128995496,[Gen 1] UBERS,2020-06-08 11:41:50,,outrage5365,wonderguard73446,wonderguard73446,True,"['Jynx', 'Mew']","['Gengar', 'Chansey']",10,1,1
gen1ubers-909260516,[Gen 1] UBERS,2019-05-14 02:10:01,,naturepower57210,innerfocus91859,innerfocus91859,True,"['Mew', 'Exeggutor', 'Mewtwo', 'Tauros', 'Slowbro', 'Snorlax']","['Exeggutor', 'Mewtwo', 'Mew', 'Gengar', 'Snorlax']",22,6,8
smogtours-gen1ubers-776758,[Gen 1] UBERS,2024-06-25 22:26:41,,golduck35019,psn38480,psn38480,False,"['Mew', 'Exeggutor', 'Mewtwo', 'Tauros', 'Chansey', 'Snorlax']","['Cloyster', 'Mewtwo', 'Mew', 'Butterfree', 'Exeggutor', 'Snorlax']",32,13,9
smogtours-gen1ubers-584590,[Gen 1] UBERS,2021-10-08 18:41:28,,innerfocus91859,sacredfire231,sacredfire231,False,"['Mewtwo', 'Mew', 'Chansey', 'Snorlax', 'Rhydon', 'Alakazam']","['Starmie', 'Mewtwo', 'Exeggutor', 'Mew', 'Chansey', 'Snorlax']",58,19,15
gen1ubers-2071489305,[Gen 1] UBERS,2024-03-02 01:38:16,,toxic43930,micleberry24246,toxic43930,False,"['Machoke', 'Flareon', 'Onix', 'Kabutops', 'Marowak', 'Weepinbell']","['Butterfree', 'Onix', 'Magneton', 'Machamp', 'Clefairy', 'Hitmonlee']",31,9,8
smogtours-gen1ubers-747401,[Gen 1] UBERS,2024-02-15 02:33:48,,loveball86419,hypnosis24434,loveball86419,False,"['Exeggutor', 'Mew', 'Mewtwo', 'Gengar', 'Chansey', 'Snorlax']","['Mew', 'Mewtwo', 'Exeggutor', 'Gengar', 'Chansey', 'Snorlax']",40,10,12
gen1ubers-2373408143,[Gen 1] UBERS,2025-05-28 03:14:24,,mismagius33077,motordrive87413,mismagius33077,False,"['Mew', 'Exeggutor', 'Jolteon', 'Mewtwo', 'Gengar', 'Snorlax']","['Exeggutor', 'Mewtwo', 'Mew', 'Tauros', 'Zapdos', 'Gengar']",34,10,8
gen1ubers-523537341,[Gen 1] UBERS,2017-01-26 02:27:50,,miltank57341,woodhammer83701,woodhammer83701,False,"['Pidgeotto', 'Growlithe', 'Exeggcute', 'Kadabra', 'Charmeleon']","['Tangela', 'Victreebel', 'Vileplume']",35,4,2
gen1ubers-922731768,[Gen 1] UBERS,2019-06-05 17:07:40,,larvitar49583,regigigas62995,regigigas62995,False,"['Mewtwo', 'Charizard', 'Mew', 'Nidoking', 'Raichu', 'Alakazam']","['Mew', 'Mewtwo', 'Tauros', 'Jynx', 'Chansey', 'Alakazam']",47,8,8
smogtours-gen1ubers-697635,[Gen 1] UBERS,2023-06-17 16:18:40,,psn38480,mareep93864,mareep93864,False,"['Mew', 'Mewtwo', 'Slowbro', 'Gengar', 'Chansey', 'Snorlax']","['Starmie', 'Mewtwo', 'Mew', 'Zapdos', 'Chansey', 'Snorlax']",157,42,45
smogtours-gen1ubers-670431,[Gen 1] UBERS,2023-01-22 23:08:20,,arceusghost8496,deoxysdefense78874,deoxysdefense78874,False,"['Mewtwo', 'Exeggutor', 'Mew', 'Slowbro', 'Sandslash', 'Snorlax']","['Mew', 'Mewtwo', 'Tauros', 'Chansey', 'Rhydon', 'Snorlax']",70,10,11
gen1ubers-1045219030,[Gen 1] UBERS,2020-01-12 20:58:43,,followme66687,stoneedge33105,followme66687,True,"['Mr. Mime', 'Snorlax', 'Clefable', 'Arcanine', 'Venusaur', 'Gyarados']","['Cloyster', 'Golem', 'Victreebel', 'Persian', 'Hypno']",35,11,5
gen1ubers-729539420,[Gen 1] UBERS,2018-04-07 22:22:03,,aggron60452,sacredfire97645,aggron60452,True,"['Mew', 'Slowbro', 'Gengar', 'Chansey', 'Snorlax']","['Mewtwo', 'Mew', 'Tauros', 'Golem', 'Rhydon', 'Snorlax']",33,4,9
gen1ubers-2373404746,[Gen 1] UBERS,2025-05-28 03:05:40,,motordrive87413,mismagius33077,motordrive87413,False,"['Mewtwo', 'Mew', 'Exeggutor', 'Gengar', 'Snorlax']","['Golduck', 'Exeggutor', 'Mewtwo', 'Mew', 'Zapdos', 'Snorlax']",24,6,6
gen1ubers-1174679433,[Gen 1] UBERS,2020-08-24 20:28:30,,meditate33036,meadowplate3613,meditate33036,False,"['Exeggutor', 'Mew', 'Tauros', 'Slowbro', 'Snorlax']","['Mewtwo', 'Mew', 'Tauros', 'Slowbro', 'Chansey', 'Snorlax']",23,4,10
gen1ubers-2252849093,[Gen 1] UBERS,2024-11-28 16:27:52,,klutz56110,darkpulse26635,klutz56110,False,"['Mewtwo', 'Mew', 'Exeggutor', 'Slowbro', 'Gengar', 'Snorlax']",['Mewtwo'],9,6,0
gen1ubers-917419806,[Gen 1] UBERS,2019-05-27 20:41:26,,muscleband97738,shadowclaw37613,muscleband97738,True,"['Mew', 'Mewtwo', 'Exeggutor', 'Gengar', 'Chansey', 'Snorlax']","['Mew', 'Mewtwo', 'Zapdos', 'Jynx', 'Chansey', 'Snorlax']",59,11,13
gen1ubers-412617057,[Gen 1] UBERS,2016-08-07 17:45:26,,zoomlens15496,poisonheal42759,poisonheal42759,True,"['Mew', 'Mewtwo', 'Slowbro', 'Gengar', 'Chansey', 'Snorlax']","['Exeggutor', 'Mew', 'Mewtwo', 'Gengar', 'Chansey', 'Snorlax']",49,14,13
gen1ubers-700785644,[Gen 1] UBERS,2018-02-08 02:21:15,,hydrocannon48068,meteormash23390,hydrocannon48068,False,"['Jynx', 'Mr. Mime', 'Exeggutor', 'Alakazam']","['Raticate', 'Poliwrath', 'Raichu', 'Arcanine', 'Venusaur', 'Golbat']",21,3,6
gen1ubers-854851034,[Gen 1] UBERS,2019-01-28 06:33:09,,machamp44590,shadowforce54696,machamp44590,False,['Electrode'],['Electrode'],33,0,5
smogtours-gen1ubers-82166,[Gen 1] UBERS,2015-08-15 19:44:42,,hustle11937,weedle49700,hustle11937,True,"['Mewtwo', 'Exeggutor', 'Mew', 'Tauros', 'Slowbro', 'Snorlax']","['Starmie', 'Mew', 'Mewtwo', 'Slowbro', 'Chansey', 'Snorlax']",121,14,18
smogtours-gen1ubers-745135,[Gen 1] UBERS,2024-02-04 21:20:28,,golduck35019,quickclaw83695,quickclaw83695,True,"['Mew', 'Mewtwo', 'Exeggutor', 'Tauros', 'Chansey', 'Snorlax']","['Mewtwo', 'Mew', 'Jynx', 'Rhydon', 'Snorlax']",35,9,9
gen1ubers-1173985754,[Gen 1] UBERS,2020-08-23 17:39:19,,rhyperior690,adaptability73331,rhyperior690,False,"['Exeggutor', 'Mew', 'Mewtwo', 'Alakazam', 'Tentacruel']","['Golduck', 'Mewtwo', 'Mew', 'Tauros', 'Chansey', 'Alakazam']",178,4,10
gen1ubers-979280915,[Gen 1] UBERS,2019-09-20 21:21:57,,simple53659,lustrousorb69454,lustrousorb69454,True,"['Exeggutor', 'Mewtwo', 'Mew', 'Slowbro', 'Jynx', 'Chansey']","['Cloyster', 'Mewtwo', 'Mew', 'Slowbro', 'Chansey', 'Snorlax']",85,13,14
gen1ubers-2151052609,[Gen 1] UBERS,2024-06-27 16:07:38,,healorder84544,firestone76361,healorder84544,False,"['Scyther', 'Mewtwo', 'Onix', 'Magneton', 'Nidoking', 'Rhydon']","['Cloyster', 'Mewtwo', 'Jolteon', 'Tauros', 'Chansey', 'Venusaur']",46,8,13
gen1ubers-900803828,[Gen 1] UBERS,2019-04-29 04:43:58,,machamp44590,rawstberry51373,machamp44590,False,['Electrode'],"['Electrode', 'Chansey']",60,1,35
gen1ubers-394515068,[Gen 1] UBERS,2016-07-03 00:00:28,,return21819,kebiaberry74085,kebiaberry74085,False,"['Exeggutor', 'Charizard', 'Lapras', 'Mewtwo', 'Alakazam', 'Dragonite']","['Exeggutor', 'Mewtwo', 'Arcanine', 'Alakazam', 'Dragonite', 'Blastoise']",31,6,6
gen1ubers-1070978371,[Gen 1] UBERS,2020-02-29 00:47:08,,larvitar97885,masterball48645,masterball48645,False,"['Exeggutor', 'Gengar', 'Gyarados', 'Arcanine', 'Snorlax', 'Blastoise']","['Starmie', 'Charizard', 'Electrode', 'Pikachu', 'Rhydon', 'Alakazam']",38,5,7
smogtours-gen1ubers-75873,[Gen 1] UBERS,2015-07-17 20:31:43,,stench25210,roost96706,stench25210,True,"['Jynx', 'Chansey', 'Mewtwo', 'Snorlax']","['Mewtwo', 'Mew', 'Exeggutor', 'Slowbro', 'Hypno', 'Snorlax']",21,4,5
gen1ubers-1149929166,[Gen 1] UBERS,2020-07-12 18:59:18,,kasibberry98452,mefirst94337,mefirst94337,False,"['Mewtwo', 'Exeggutor', 'Mew', 'Tauros', 'Slowbro', 'Snorlax']","['Mewtwo', 'Mew', 'Zapdos', 'Gengar', 'Chansey', 'Snorlax']",31,8,10
gen1ubers-400508215,[Gen 1] UBERS,2016-07-16 09:42:16,,highjumpkick85972,hustle11937,hustle11937,True,"['Mewtwo', 'Exeggutor', 'Mew', 'Tauros', 'Gengar', 'Snorlax']","['Mew', 'Mewtwo', 'Exeggutor', 'Tauros', 'Slowbro', 'Snorlax']",51,12,12
gen1ubers-763046178,[Gen 1] UBERS,2018-06-16 01:42:26,1165,delcatty31981,purepower58378,delcatty31981,False,"['Starmie', 'Mew', 'Mewtwo', 'Jynx', 'Victreebel', 'Dragonite']","['Mewtwo', 'Mew', 'Tauros', 'Zapdos', 'Snorlax', 'Alakazam']",128,13,13
smogtours-gen1ubers-844899,[Gen 1] UBERS,2025-05-23 22:17:14,,wacanberry11962,wingattack30461,wacanberry11962,False,"['Mewtwo', 'Mew', 'Exeggutor', 'Tauros', 'Zapdos', 'Snorlax']","['Exeggutor', 'Mewtwo', 'Mew', 'Slowbro', 'Chansey', 'Rhydon']",31,7,13
gen1ubers-1046026165,[Gen 1] UBERS,2020-01-14 06:09:40,,tailwhip2839,twineedle93045,tailwhip2839,False,"['Exeggutor', 'Mewtwo', 'Tauros', 'Chansey', 'Snorlax']","['Mew', 'Mewtwo', 'Exeggutor', 'Slowbro', 'Jynx', 'Chansey']",30,8,5
gen1ubers-2174243693,[Gen 1] UBERS,2024-08-05 22:59:19,1129,poisonpowder88566,poisonjab55499,poisonpowder88566,False,"['Mew', 'Mewtwo', 'Jynx', 'Chansey', 'Rhydon', 'Articuno']","['Mewtwo', 'Mew', 'Exeggutor', 'Gengar', 'Chansey', 'Snorlax']",24,10,5
smogtours-gen1ubers-80730,[Gen 1] UBERS,2015-08-07 22:07:03,,safariball30401,stench25210,stench25210,False,"['Mew', 'Mewtwo', 'Exeggutor', 'Tauros', 'Slowbro', 'Snorlax']","['Mewtwo', 'Mew', 'Slowbro', 'Gengar', 'Chansey', 'Snorlax']",62,13,18
gen1ubers-1110847174,[Gen 1] UBERS,2020-05-08 07:34:04,,earthquake4501,cranidos95818,earthquake4501,True,['Mewtwo'],['Mewtwo'],13,0,0
gen1ubers-1125924592,[Gen 1] UBERS,2020-06-03 10:03:45,1009,harden54193,slowbro43905,harden54193,False,"['Mew', 'Mewtwo', 'Jolteon', 'Tauros', 'Rhydon', 'Dragonite']","['Mewtwo', 'Charizard', 'Mew', 'Zapdos', 'Gengar', 'Snorlax']",32,5,5
smogtours-gen1ubers-722121,[Gen 1] UBERS,2023-10-07 15:47:54,,rockslide37277,unknownability847,unknownability847,False,"['Mew', 'Mewtwo', 'Zapdos', 'Gengar', 'Chansey', 'Snorlax']","['Mewtwo', 'Mew', 'Tauros', 'Slowbro', 'Chansey', 'Snorlax']",191,33,29
smogtours-gen1ubers-523343,[Gen 1] UBERS,2020-10-18 19:24:14,,screech7860,naturalcure76962,naturalcure76962,True,"['Mew', 'Exeggutor', 'Mewtwo', 'Slowbro', 'Zapdos', 'Chansey']","['Exeggutor', 'Mew', 'Mewtwo', 'Slowbro', 'Gengar', 'Snorlax']",42,11,10
gen1ubers-749549961,[Gen 1] UBERS,2018-05-19 04:13:28,,woodhammer83701,miltank57341,woodhammer83701,False,"['Caterpie', 'Fearow', 'Pikachu']","['Rhyhorn', 'Geodude', 'Onix']",40,4,2
smogtours-gen1ubers-73217,[Gen 1] UBERS,2015-07-06 14:26:28,,scratch53792,zoomlens15496,zoomlens15496,True,"['Mew', 'Exeggutor', 'Mewtwo', 'Slowbro', 'Chansey', 'Snorlax']","['Exeggutor', 'Mew', 'Jynx', 'Chansey', 'Snorlax']",63,13,11
smogtours-gen1ubers-720879,[Gen 1] UBERS,2023-10-01 17:22:50,,mudsport71981,psn38480,mudsport71981,False,"['Mewtwo', 'Exeggutor', 'Mew', 'Slowbro', 'Snorlax', 'Dragonite']","['Mew', 'Mewtwo', 'Zapdos', 'Victreebel', 'Hypno', 'Snorlax']",75,17,20
rom-gen1ubers-468426,[Gen 1] UBERS,2018-12-02 20:54:59,,constrict58938,sudowoodo17153,constrict58938,False,"['Chansey', 'Mew', 'Snorlax']","['Mewtwo', 'Mew', 'Slowbro', 'Jynx', 'Chansey', 'Snorlax']",24,2,7
gen1ubers-2112960505,[Gen 1] UBERS,2024-04-27 22:00:08,,ledian14085,exeggcute86397,exeggcute86397,False,"['Voltorb', 'Mewtwo', 'Shellder', 'Koffing', 'Geodude', 'Gastly']","['Mew', 'Mewtwo', 'Tauros', 'Gengar', 'Chansey']",34,5,6
smogtours-gen1ubers-744536,[Gen 1] UBERS,2024-02-03 21:59:42,,castform97328,aquaring89206,castform97328,False,"['Mew', 'Exeggutor', 'Aerodactyl', 'Chansey', 'Snorlax']","['Mewtwo', 'Exeggutor', 'Mew', 'Tauros', 'Zapdos', 'Rhydon']",36,6,11
smogtours-gen1ubers-820992,[Gen 1] UBERS,2025-02-20 18:54:35,,poisonpowder88566,solarbeam98597,poisonpowder88566,True,"['Mew', 'Exeggutor', 'Mewtwo', 'Tauros', 'Zapdos', 'Snorlax']","['Starmie', 'Exeggutor', 'Mew', 'Mewtwo', 'Tauros', 'Sandslash']",62,13,8
gen1ubers-483354415,[Gen 1] UBERS,2016-11-25 23:20:04,,golem35245,roserade41267,roserade41267,False,"['Cloyster', 'Mewtwo', 'Exeggutor', 'Zapdos', 'Golem', 'Chansey']","['Mewtwo', 'Dugtrio', 'Raichu', 'Snorlax', 'Fearow', 'Blastoise']",48,9,8
smogtours-gen1ubers-652235,[Gen 1] UBERS,2022-10-02 12:07:44,,special6978,crushclaw70815,crushclaw70815,False,"['Mew', 'Mewtwo', 'Slowbro', 'Jynx', 'Chansey', 'Snorlax']","['Exeggutor', 'Mew', 'Tauros', 'Slowbro', 'Snorlax']",67,14,9
gen1ubers-2175764193,[Gen 1] UBERS,2024-08-08 03:51:07,,tailwind1994,heatproof11108,tailwind1994,False,"['Mew', 'Exeggutor', 'Mewtwo', 'Tauros', 'Chansey', 'Snorlax']","['Lapras', 'Mew', 'Mewtwo', 'Gengar', 'Rhydon', 'Snorlax']",43,6,17
gen1ubers-2158911361,[Gen 1] UBERS,2024-07-11 06:57:43,,latias7739,signalbeam13583,latias7739,False,"['Cloyster', 'Mewtwo', 'Charizard', 'Jolteon', 'Gengar', 'Dragonite']","['Lapras', 'Charizard', 'Aerodactyl', 'Zapdos', 'Graveler', 'Venusaur']",31,5,9
smogtours-gen1ubers-524378,[Gen 1] UBERS,2020-10-25 19:35:26,,koffing93492,sacredfire231,sacredfire231,False,"['Mewtwo', 'Mew', 'Slowbro', 'Jynx', 'Chansey', 'Snorlax']","['Mew', 'Mewtwo', 'Slowbro', 'Jynx', 'Chansey', 'Snorlax']",56,16,12
gen1ubers-1141417107,[Gen 1] UBERS,2020-06-28 18:35:41,,nomelberry77348,steelwing61145,steelwing61145,False,"['Mew', 'Exeggutor', 'Mewtwo', 'Gengar', 'Chansey', 'Snorlax']","['Cloyster', 'Mewtwo', 'Lapras', 'Jolteon', 'Gengar', 'Snorlax']",67,9,14
gen1ubers-2049113077,[Gen 1] UBERS,2024-02-01 09:28:07,,bug23041,ludicolo79993,bug23041,True,"['Electrode', 'Aerodactyl']","['Gengar', 'Electrode', 'Aerodactyl']",18,1,5
gen1ubers-779678538,[Gen 1] UBERS,2018-07-22 21:54:03,,raindance50399,dizzypunch18275,raindance50399,False,"['Mewtwo', 'Exeggutor', 'Mew', 'Jynx', 'Snorlax']","['Mew', 'Mewtwo', 'Slowbro', 'Zapdos', 'Chansey', 'Snorlax']",25,5,6
smogtours-gen1ubers-846449,[Gen 1] UBERS,2025-05-29 15:10:47,,denpowerghost39436,needlearm59980,needlearm59980,True,"['Mewtwo', 'Exeggutor', 'Mew', 'Gengar', 'Chansey', 'Snorlax']","['Mew', 'Exeggutor', 'Mewtwo', 'Tauros', 'Zapdos', 'Rhydon']",33,10,8
gen1ubers-916974566,[Gen 1] UBERS,2019-05-27 01:38:26,,scaryface7821,aurasphere26323,scaryface7821,True,"['Exeggutor', 'Mewtwo', 'Mew', 'Tauros', 'Slowbro', 'Chansey']","['Mewtwo', 'Mew', 'Slowbro', 'Gengar', 'Chansey', 'Snorlax']",77,14,8
gen1ubers-1131416933,[Gen 1] UBERS,2020-06-12 14:11:07,,shiftry45359,wish24602,shiftry45359,False,"['Lapras', 'Mewtwo', 'Gengar', 'Rhydon', 'Snorlax']","['Mew', 'Mewtwo', 'Zapdos', 'Alakazam', 'Rhydon', 'Snorlax']",26,4,5
gen1ubers-1087942087,[Gen 1] UBERS,2020-03-30 15:17:03,,apicotberry12271,headbutt37784,headbutt37784,False,"['Exeggutor', 'Mew', 'Jolteon', 'Slowbro', 'Jynx', 'Chansey']","['Starmie', 'Mewtwo', 'Mew', 'Zapdos', 'Golem', 'Snorlax']",223,12,11
smogtours-gen1ubers-670942,[Gen 1] UBERS,2023-01-28 13:02:59,,meditate33036,drapion2237,meditate33036,False,"['Exeggutor', 'Mewtwo', 'Mew', 'Gengar', 'Chansey', 'Snorlax']","['Starmie', 'Mew', 'Exeggutor', 'Mewtwo', 'Golem', 'Chansey']",45,13,15
gen1ubers-2180950476,[Gen 1] UBERS,2024-08-15 23:37:51,1063,gloom24666,whiscash93206,whiscash93206,False,"['Starmie', 'Mew', 'Mewtwo', 'Chansey', 'Rhydon', 'Snorlax']","['Moltres', 'Mew', 'Mewtwo', 'Zapdos', 'Dragonite', 'Articuno']",82,25,10
gen1ubers-941159361,[Gen 1] UBERS,2019-07-07 19:18:12,,spheal66020,acid42394,acid42394,True,"['Mewtwo', 'Mew', 'Tauros', 'Electrode', 'Chansey', 'Snorlax']","['Exeggutor', 'Mewtwo', 'Tauros', 'Chansey', 'Snorlax']",74,7,9
gen1ubers-2176923421,[Gen 1] UBERS,2024-08-09 21:05:05,1038,wepearberry64819,tangrowth23890,tangrowth23890,False,"['Mew', 'Mewtwo', 'Exeggutor', 'Tauros', 'Electrode', 'Hypno']","['Mew', 'Exeggutor', 'Mewtwo', 'Tauros', 'Chansey', 'Snorlax']",49,12,15
gen1ubers-679199453,[Gen 1] UBERS,2017-12-25 03:16:18,,woodhammer83701,miltank57341,woodhammer83701,False,"['Pidgeotto', 'Golduck', 'Charmeleon']","['Arbok', 'Golbat']",14,2,1
gen1ubers-838614442,[Gen 1] UBERS,2018-12-21 09:58:57,,magostberry1129,foresight96161,magostberry1129,True,['Mewtwo'],['Mewtwo'],11,0,0
gen1ubers-247275527,[Gen 1] UBERS,2015-07-07 01:02:02,,sacredfire97645,dreadplate12006,dreadplate12006,True,"['Exeggutor', 'Mew', 'Mewtwo', 'Jynx', 'Chansey', 'Alakazam']","['Mew', 'Mewtwo', 'Slowbro', 'Jynx', 'Chansey', 'Snorlax']",111,11,9
gen1ubers-835285195,[Gen 1] UBERS,2018-12-14 03:10:51,,recover63850,powerswap70526,powerswap70526,False,"['Bellsprout', 'Tangela']",['Hitmonchan'],22,1,0
smogtours-gen1ubers-523634,[Gen 1] UBERS,2020-10-23 16:28:59,,synchronize14428,krabby97145,synchronize14428,True,"['Mew', 'Mewtwo', 'Tauros', 'Chansey', 'Rhydon', 'Snorlax']","['Mewtwo', 'Mew', 'Zapdos', 'Jynx', 'Chansey', 'Snorlax']",148,29,36
gen1ubers-524714377,[Gen 1] UBERS,2017-01-28 04:53:45,,miltank57341,woodhammer83701,woodhammer83701,False,"['Ponyta', 'Growlithe', 'Arcanine', 'Rapidash']","['Pidgeot', 'Charizard', 'Exeggcute', 'Gyarados', 'Alakazam']",26,3,5
smogtours-gen1ubers-725721,[Gen 1] UBERS,2023-10-22 20:29:12,,arceusghost8496,skillswap74981,skillswap74981,True,"['Starmie', 'Mew', 'Mewtwo', 'Aerodactyl', 'Sandslash', 'Chansey']","['Mewtwo', 'Exeggutor', 'Mew', 'Tauros', 'Gengar', 'Snorlax']",167,32,50
smogtours-gen1ubers-652586,[Gen 1] UBERS,2022-10-02 19:23:34,,castform97328,mefirst94337,castform97328,True,"['Starmie', 'Mew', 'Chansey', 'Rhydon', 'Snorlax']","['Mewtwo', 'Mew', 'Gengar', 'Chansey', 'Snorlax']",39,12,13
gen1ubers-2179481205,[Gen 1] UBERS,2024-08-13 19:25:29,1070,snorlax11364,mismagius33077,mismagius33077,True,"['Mew', 'Exeggutor', 'Mewtwo', 'Chansey', 'Persian', 'Snorlax']","['Cloyster', 'Mew', 'Mewtwo', 'Flareon', 'Hypno', 'Snorlax']",38,17,7
violetversion-gen1ubers-2266,[Gen 1] UBERS,2016-08-21 18:17:37,,aspearberry45831,zoomlens15496,aspearberry45831,False,"['Mew', 'Mewtwo', 'Exeggutor', 'Tauros', 'Zapdos', 'Snorlax']","['Mewtwo', 'Mew', 'Slowbro', 'Gengar', 'Chansey', 'Snorlax']",35,12,11
rom-gen1ubers-490714,[Gen 1] UBERS,2018-12-25 02:20:08,,constrict58938,sudowoodo17153,constrict58938,False,"['Mew', 'Mewtwo', 'Slowbro', 'Zapdos', 'Chansey', 'Snorlax']","['Mewtwo', 'Mew', 'Slowbro', 'Jynx', 'Chansey', 'Snorlax']",70,5,7
gen1ubers-959346631,[Gen 1] UBERS,2019-08-12 20:11:08,,slakoth53488,wurmple75777,slakoth53488,False,"['Mew', 'Lapras', 'Tauros', 'Snorlax', 'Alakazam']","['Omastar', 'Tauros', 'Magneton', 'Nidoking', 'Arcanine', 'Beedrill']",23,5,5
smogtours-gen1ubers-79873,[Gen 1] UBERS,2015-08-02 14:34:49,,weedle49700,krabby97145,krabby97145,False,"['Mew', 'Mewtwo', 'Slowbro', 'Jynx', 'Chansey', 'Snorlax']","['Mew', 'Mewtwo', 'Exeggutor', 'Slowbro', 'Jynx', 'Chansey']",148,24,15
gen1ubers-561966966,[Gen 1] UBERS,2017-04-15 02:51:46,,ironplate25942,woodhammer83701,woodhammer83701,False,"['Tangela', 'Gloom', 'Weepinbell']","['Sandshrew', 'Eevee', 'Shellder', 'Magnemite', 'Fearow']",34,2,6
gen1ubers-824841125,[Gen 1] UBERS,2018-11-23 03:06:50,,onix26883,babiriberry53499,onix26883,False,"['Kingler', 'Onix', 'Zapdos', 'Muk', 'Magmar', 'Tentacruel']","['Cloyster', 'Vileplume', 'Marowak', 'Dugtrio', 'Hitmonlee', 'Vaporeon']",46,12,14
gen1ubers-779509035,[Gen 1] UBERS,2018-07-22 15:35:07,,raindance50399,naturepower57210,raindance50399,False,"['Mewtwo', 'Exeggutor', 'Mew', 'Jynx', 'Chansey', 'Snorlax']","['Mew', 'Exeggutor', 'Mewtwo', 'Tauros', 'Slowbro', 'Snorlax']",34,8,12
gen1ubers-2175751434,[Gen 1] UBERS,2024-08-08 03:23:31,,tailwind1994,heatproof11108,heatproof11108,True,"['Mew', 'Mewtwo', 'Slowbro', 'Jynx', 'Chansey', 'Snorlax']","['Mew', 'Mewtwo', 'Gengar', 'Chansey', 'Rhydon', 'Snorlax']",69,19,20
gen1ubers-927490273,[Gen 1] UBERS,2019-06-13 15:45:05,,brine3657,hammerarm15452,hammerarm15452,False,"['Mewtwo', 'Charizard', 'Venusaur', 'Gengar', 'Snorlax', 'Blastoise']","['Moltres', 'Mewtwo', 'Charizard', 'Zapdos', 'Dragonite']",27,7,6
smogtours-gen1ubers-718341,[Gen 1] UBERS,2023-09-23 13:46:06,,denpowergrass65615,mamoswine66279,denpowergrass65615,False,"['Cloyster', 'Mewtwo', 'Mew', 'Snorlax', 'Alakazam']","['Mewtwo', 'Mew', 'Zapdos', 'Gengar', 'Chansey', 'Snorlax']",70,8,8
gen1ubers-2142995336,[Gen 1] UBERS,2024-06-14 05:02:48,,onix96263,aeroblast62938,aeroblast62938,True,"['Mewtwo', 'Mew', 'Dodrio', 'Gengar', 'Chansey', 'Snorlax']","['Mew', 'Mewtwo', 'Exeggutor', 'Slowbro', 'Jynx', 'Chansey']",66,10,10
gen1ubers-2051240807,[Gen 1] UBERS,2024-02-04 03:43:05,,charm4292,meadowplate46739,charm4292,False,"['Lapras', 'Mewtwo', 'Wigglytuff', 'Zapdos', 'Dragonair', 'Arbok']","['Moltres', 'Tauros', 'Dratini', 'Parasect', 'Slowpoke', 'Gastly']",36,8,9
gen1ubers-2177051039,[Gen 1] UBERS,2024-08-10 01:20:55,1000,revenge71921,flamebody10927,revenge71921,True,"['Mewtwo', 'Mew', 'Tauros', 'Chansey', 'Snorlax', 'Vaporeon']","['Exeggutor', 'Mewtwo', 'Tauros', 'Chansey', 'Snorlax']",35,8,7
smogtours-gen1ubers-749959,[Gen 1] UBERS,2024-02-25 20:04:20,,arceusghost8496,fissure61188,arceusghost8496,False,"['Mewtwo', 'Mew', 'Slowbro', 'Gengar', 'Chansey', 'Rhydon']","['Exeggutor', 'Mew', 'Mewtwo', 'Gengar', 'Chansey', 'Snorlax']",121,24,33
gen1ubers-1101937788,[Gen 1] UBERS,2020-04-23 14:21:43,,shedshell10654,rampardos80036,rampardos80036,False,"['Cloyster', 'Mewtwo', 'Rapidash', 'Slowbro', 'Victreebel', 'Rhydon']","['Mew', 'Mewtwo', 'Gengar', 'Chansey', 'Alakazam', 'Beedrill']",41,6,5
gen1ubers-2174786821,[Gen 1] UBERS,2024-08-06 18:44:37,1051,repeatball39169,icepunch81322,repeatball39169,True,"['Exeggutor', 'Mewtwo', 'Mew', 'Tauros', 'Chansey', 'Rhydon']","['Cloyster', 'Mewtwo', 'Tauros', 'Zapdos', 'Golem', 'Snorlax']",40,7,6
smogtours-gen1ubers-784966,[Gen 1] UBERS,2024-08-10 14:10:34,,fissure61188,drapion2237,drapion2237,True,"['Mewtwo', 'Mew', 'Gengar', 'Chansey', 'Snorlax']","['Cloyster', 'Exeggutor', 'Mew', 'Mewtwo', 'Gengar', 'Snorlax']",33,15,13
smogtours-gen1ubers-655569,[Gen 1] UBERS,2022-10-16 19:30:28,,nestball5505,bidoof62502,bidoof62502,True,"['Mew', 'Mewtwo', 'Tauros', 'Chansey', 'Snorlax']","['Mewtwo', 'Exeggutor', 'Mew', 'Gengar', 'Chansey', 'Snorlax']",76,5,8
gen1ubers-1007671697,[Gen 1] UBERS,2019-11-11 08:19:11,,nomelberry44761,hippowdon76603,hippowdon76603,False,"['Jolteon', 'Aerodactyl', 'Gengar', 'Snorlax', 'Blastoise']","['Lapras', 'Charizard', 'Nidoking', 'Kabutops', 'Machamp']",41,9,8
gen1ubers-1143060482,[Gen 1] UBERS,2020-07-01 09:15:42,1123,rockpolish84764,tailwhip43653,tailwhip43653,True,"['Mewtwo', 'Exeggutor', 'Mew', 'Tauros', 'Gengar']","['Exeggutor', 'Mewtwo', 'Zapdos', 'Gengar', 'Chansey']",36,6,9
gen1ubers-696319250,[Gen 1] UBERS,2018-01-30 01:42:12,,woodhammer83701,hypno99223,woodhammer83701,False,"['Venusaur', 'Poliwrath', 'Pikachu', 'Snorlax', 'Gyarados']",['Mewtwo'],21,4,0
gen1ubers-1117024497,[Gen 1] UBERS,2020-05-18 20:41:55,,gripclaw12740,poisonsting91623,gripclaw12740,True,"['Exeggutor', 'Mewtwo', 'Mew', 'Tauros', 'Slowbro', 'Snorlax']","['Mew', 'Mewtwo', 'Zapdos', 'Jynx', 'Chansey', 'Snorlax']",41,7,9
gen1ubers-945483845,[Gen 1] UBERS,2019-07-16 02:48:36,,tailwhip2839,snover86144,tailwhip2839,False,"['Exeggutor', 'Mewtwo', 'Tauros', 'Chansey', 'Snorlax']","['Cloyster', 'Mewtwo', 'Exeggutor', 'Charizard', 'Gengar', 'Articuno']",35,6,5
gen1ubers-418494754,[Gen 1] UBERS,2016-08-17 03:27:14,,tyrogue39879,lileep78075,tyrogue39879,False,['Mewtwo'],['Mew'],17,0,0
gen1ubers-1125739936,[Gen 1] UBERS,2020-06-03 01:01:15,1058,fakeout95847,superfang47829,superfang47829,False,"['Mewtwo', 'Mew', 'Tauros', 'Zapdos', 'Gengar', 'Gyarados']","['Mew', 'Mewtwo', 'Tauros', 'Chansey', 'Alakazam', 'Snorlax']",57,6,5
gen1ubers-1125682332,[Gen 1] UBERS,2020-06-02 22:55:20,,bidoof81753,astonish72019,bidoof81753,False,"['Mew', 'Mewtwo', 'Tauros', 'Slowbro', 'Victreebel', 'Alakazam']","['Mew', 'Exeggutor', 'Mewtwo', 'Tauros', 'Slowbro', 'Snorlax']",23,5,5
gen1ubers-871281478,[Gen 1] UBERS,2019-03-05 04:14:29,,delcatty31981,chartiberry31419,chartiberry31419,False,"['Mewtwo', 'Mew', 'Electrode', 'Golem', 'Jynx', 'Chansey']","['Mewtwo', 'Mew', 'Tauros', 'Jynx', 'Chansey', 'Snorlax']",90,10,12
gen1ubers-781684105,[Gen 1] UBERS,2018-07-26 21:31:19,,raindance50399,dialga48280,raindance50399,True,"['Exeggutor', 'Snorlax', 'Tauros']","['Gengar', 'Chansey', 'Exeggutor', 'Snorlax']",9,2,4
gen1ubers-760579487,[Gen 1] UBERS,2018-06-10 20:10:33,1000,conversion222171,odorsleuth87951,conversion222171,True,"['Mew', 'Mewtwo', 'Exeggutor', 'Zapdos', 'Gengar']","['Mewtwo', 'Mew', 'Lapras', 'Slowbro', 'Gengar', 'Persian']",26,6,7
smogtours-gen1ubers-76311,[Gen 1] UBERS,2015-07-20 10:17:32,,krabby97145,soundproof1168,krabby97145,True,"['Exeggutor', 'Mewtwo', 'Mew', 'Slowbro', 'Jynx', 'Chansey']","['Exeggutor', 'Mew', 'Mewtwo', 'Jynx', 'Chansey', 'Snorlax']",50,14,13
gen1ubers-851765700,[Gen 1] UBERS,2019-01-21 06:25:49,,delcatty31981,xatu52984,delcatty31981,False,"['Mew', 'Mewtwo', 'Charizard', 'Raichu', 'Venusaur', 'Blastoise']","['Exeggutor', 'Mew', 'Mewtwo', 'Tauros', 'Slowbro', 'Snorlax']",20,6,5
gen1ubers-1126717281,[Gen 1] UBERS,2020-06-04 16:19:11,,wobbuffet93319,thickfat98204,thickfat98204,True,"['Rhydon', 'Starmie', 'Tauros']",['Mewtwo'],7,2,0
gen1ubers-927503384,[Gen 1] UBERS,2019-06-13 16:05:39,,slowstart16213,rotom44224,rotom44224,False,"['Machop', 'Doduo', 'Rhyhorn', 'Dratini', 'Gastly', 'Charmander']","['Gengar', 'Tauros']",10,7,1
smogtours-gen1ubers-676549,[Gen 1] UBERS,2023-02-19 22:39:54,,iceball26708,icebody51285,icebody51285,True,"['Mew', 'Mewtwo', 'Zapdos', 'Gengar', 'Chansey', 'Snorlax']","['Mew', 'Mewtwo', 'Zapdos', 'Gengar', 'Chansey', 'Snorlax']",31,6,7
smogtours-gen1ubers-697057,[Gen 1] UBERS,2023-06-13 16:13:44,,shadowsneak30,aurasphere76841,aurasphere76841,False,"['Exeggutor', 'Mew', 'Mewtwo', 'Gengar', 'Chansey', 'Snorlax']","['Mew', 'Exeggutor', 'Zapdos', 'Chansey', 'Snorlax']",28,11,10
gen1ubers-525232498,[Gen 1] UBERS,2017-01-29 03:54:03,,miltank57341,woodhammer83701,woodhammer83701,False,"['Onix', 'Geodude']","['Eevee', 'Spearow']",25,1,4
smogtours-gen1ubers-784473,[Gen 1] UBERS,2024-08-06 01:29:06,,quagsire52408,bravebird40912,quagsire52408,False,"['Exeggutor', 'Mew', 'Tauros', 'Jynx', 'Snorlax']","['Mewtwo', 'Mew', 'Zapdos', 'Jynx', 'Chansey', 'Snorlax']",19,4,6
gen1ubers-860562551,[Gen 1] UBERS,2019-02-10 00:07:19,,delcatty31981,gloom24942,delcatty31981,False,"['Mew', 'Mewtwo', 'Charizard', 'Raichu', 'Venusaur', 'Blastoise']","['Mew', 'Mewtwo', 'Exeggutor', 'Slowbro', 'Eevee', 'Gengar']",26,8,7
smogtours-gen1ubers-785265,[Gen 1] UBERS,2024-08-11 15:45:01,,quickclaw83695,gastrodon26689,quickclaw83695,False,"['Mewtwo', 'Mew', 'Zapdos', 'Gengar', 'Chansey', 'Snorlax']","['Mewtwo', 'Exeggutor', 'Mew', 'Tauros', 'Chansey', 'Snorlax']",40,12,9
gen1ubers-2213095868,[Gen 1] UBERS,2024-09-30 21:08:49,,gible45423,greatball86069,gible45423,False,"['Starmie', 'Exeggutor', 'Tauros', 'Alakazam', 'Rhydon', 'Snorlax']","['Starmie', 'Exeggutor', 'Tauros', 'Jynx', 'Persian', 'Alakazam']",85,15,11
smogtours-gen1ubers-406140,[Gen 1] UBERS,2018-10-21 20:14:43,,gripclaw81592,battlearmor28944,gripclaw81592,False,"['Mewtwo', 'Exeggutor', 'Mew', 'Tauros', 'Slowbro', 'Snorlax']","['Mewtwo', 'Mew', 'Slowbro', 'Gengar', 'Chansey', 'Snorlax']",123,14,24
smogtours-gen1ubers-776002,[Gen 1] UBERS,2024-06-22 16:50:15,,onix23031,buneary67957,buneary67957,False,"['Mewtwo', 'Exeggutor', 'Mew', 'Gengar', 'Chansey', 'Snorlax']","['Mewtwo', 'Mew', 'Exeggutor', 'Zapdos', 'Gengar', 'Snorlax']",33,10,9
smogtours-gen1ubers-780091,[Gen 1] UBERS,2024-07-14 04:29:48,,drapion2237,arceusghost8496,arceusghost8496,False,"['Exeggutor', 'Mewtwo', 'Mew', 'Slowbro', 'Hypno', 'Rhydon']","['Exeggutor', 'Mewtwo', 'Mew', 'Tauros', 'Gengar', 'Snorlax']",72,32,30
gen1ubers-848070010,[Gen 1] UBERS,2019-01-13 00:18:49,,rotom60105,flashcannon9867,rotom60105,False,['Alakazam'],['Mewtwo'],10,0,0
gen1ubers-1128859125,[Gen 1] UBERS,2020-06-08 04:26:09,,przcureberry61630,amnesia25800,przcureberry61630,False,"['Mewtwo', 'Mew', 'Tauros', 'Slowbro', 'Golem', 'Chansey']","['Exeggutor', 'Mewtwo', 'Mew', 'Golem', 'Chansey', 'Snorlax']",32,14,16
gen1ubers-2012104184,[Gen 1] UBERS,2023-12-15 14:54:40,,bravebird27847,noctowl81815,noctowl81815,False,['Mewtwo'],['Mewtwo'],7,0,0
smogtours-gen1ubers-147603,[Gen 1] UBERS,2016-04-07 16:28:16,,focusenergy12335,sludgebomb41859,sludgebomb41859,False,"['Starmie', 'Exeggutor', 'Mew', 'Tauros', 'Chansey', 'Snorlax']","['Mew', 'Exeggutor', 'Tauros', 'Jynx', 'Chansey']",56,13,8
gen1ubers-523524433,[Gen 1] UBERS,2017-01-26 01:52:51,,miltank57341,woodhammer83701,woodhammer83701,False,"['Charmander', 'Pidgeotto', 'Rattata', 'Abra']","['Starmie', 'Staryu']",14,4,1
gen1ubers-2273455787,[Gen 1] UBERS,2025-01-02 02:51:40,,poliwrath67247,flygon36672,poliwrath67247,True,"['Chansey', 'Mew', 'Ditto']","['Chansey', 'Mew', 'Persian']",18,5,3
gen1ubers-760937074,[Gen 1] UBERS,2018-06-11 16:04:15,1030,ironfist99590,angaskhanmega50753,angaskhanmega50753,False,"['Mew', 'Mewtwo', 'Exeggutor', 'Omastar', 'Electrode', 'Zapdos']","['Mew', 'Mewtwo', 'Zapdos', 'Gengar', 'Hitmonlee', 'Snorlax']",141,9,10
gen1ubers-659706888,[Gen 1] UBERS,2017-11-15 04:25:27,,miltank57341,woodhammer83701,woodhammer83701,False,"['Tangela', 'Gloom', 'Weepinbell']","['Charmander', 'Bulbasaur', 'Pikachu']",15,2,2
gen1ubers-781830455,[Gen 1] UBERS,2018-07-27 03:43:01,,larvitar71203,prinplup83989,prinplup83989,True,"['Mew', 'Mewtwo', 'Jolteon', 'Tauros', 'Snorlax', 'Alakazam']","['Mew', 'Exeggutor', 'Mewtwo', 'Tauros', 'Chansey', 'Snorlax']",36,5,5
smogtours-gen1ubers-592440,[Gen 1] UBERS,2021-11-11 18:23:22,,chopleberry56528,synchronize14428,synchronize14428,False,"['Mew', 'Exeggutor', 'Mewtwo', 'Tauros', 'Zapdos', 'Chansey']","['Starmie', 'Mew', 'Mewtwo', 'Tauros', 'Chansey', 'Snorlax']",129,15,21
gen1ubers-1140859223,[Gen 1] UBERS,2020-06-27 19:27:30,,quickpowder56066,wacanberry78887,quickpowder56066,True,"['Mewtwo', 'Charizard', 'Jolteon', 'Venusaur']","['Mewtwo', 'Charizard', 'Chansey', 'Victreebel', 'Gyarados', 'Rhydon']",22,3,6
smogtours-gen1ubers-703696,[Gen 1] UBERS,2023-07-16 15:52:56,,fissure61188,cascoon94634,fissure61188,False,"['Mewtwo', 'Mew', 'Tauros', 'Jynx', 'Chansey', 'Snorlax']","['Mewtwo', 'Mew', 'Tauros', 'Slowbro', 'Chansey', 'Snorlax']",79,10,11
gen1ubers-2172503645,[Gen 1] UBERS,2024-08-03 06:29:13,1103,chingling74628,smoochum20435,smoochum20435,False,"['Mew', 'Exeggutor', 'Mewtwo', 'Tauros', 'Chansey', 'Rhydon']","['Mew', 'Exeggutor', 'Mewtwo', 'Tauros', 'Chansey', 'Snorlax']",43,5,9
gen1ubers-718701483,[Gen 1] UBERS,2018-03-16 03:54:18,,heavyball81532,giratina95428,heavyball81532,False,"['Alakazam', 'Jolteon', 'Poliwrath', 'Tauros']","['Aerodactyl', 'Nidoqueen', 'Poliwrath', 'Venusaur', 'Gyarados', 'Snorlax']",31,3,5
gen1ubers-2192000502,[Gen 1] UBERS,2024-08-31 23:30:42,1078,psychic33775,octillery52515,octillery52515,False,"['Mew', 'Exeggutor', 'Mewtwo', 'Zapdos', 'Chansey', 'Snorlax']","['Starmie', 'Exeggutor', 'Mewtwo', 'Mew', 'Rhydon', 'Snorlax']",42,12,15
smogtours-gen1ubers-772820,[Gen 1] UBERS,2024-06-08 14:11:10,,drapion2237,fissure61188,drapion2237,False,"['Exeggutor', 'Mew', 'Mewtwo', 'Chansey', 'Rhydon', 'Snorlax']","['Mew', 'Mewtwo', 'Tauros', 'Gengar', 'Chansey', 'Rhydon']",34,7,6
gen1ubers-323561042,[Gen 1] UBERS,2016-01-29 01:27:09,,stockpile39840,rhyperior34073,stockpile39840,False,"['Starmie', 'Mew', 'Mewtwo', 'Jynx', 'Chansey', 'Snorlax']","['Mewtwo', 'Exeggutor', 'Mew', 'Chansey', 'Ditto', 'Snorlax']",53,6,10
gen1ubers-2182822517,[Gen 1] UBERS,2024-08-18 21:37:58,1078,tangrowth23890,pelipper13259,tangrowth23890,True,"['Mew', 'Exeggutor', 'Mewtwo', 'Tauros', 'Chansey', 'Snorlax']","['Exeggutor', 'Mew', 'Mewtwo', 'Slowbro', 'Snorlax', 'Golbat']",47,13,8
smogtours-gen1ubers-668683,[Gen 1] UBERS,2023-01-15 02:34:05,,drapion2237,arceusghost8496,arceusghost8496,False,"['Starmie', 'Mew', 'Exeggutor', 'Mewtwo', 'Zapdos', 'Chansey']","['Mewtwo', 'Mew', 'Slowbro', 'Zapdos', 'Chansey', 'Snorlax']",45,12,8
gen1ubers-1129341189,[Gen 1] UBERS,2020-06-08 22:58:31,,oblivious58305,slakoth53488,oblivious58305,True,"['Gengar', 'Exeggutor', 'Mewtwo']","['Exeggutor', 'Mewtwo', 'Tauros', 'Slowbro', 'Snorlax']",11,3,5
smogtours-gen1ubers-817004,[Gen 1] UBERS,2025-01-31 14:06:10,,drapion2237,wacanberry11962,drapion2237,True,"['Mew', 'Exeggutor', 'Mewtwo', 'Tauros', 'Hypno', 'Snorlax']","['Mew', 'Exeggutor', 'Mewtwo', 'Tauros', 'Zapdos', 'Snorlax']",41,10,11
gen1ubers-1128415092,[Gen 1] UBERS,2020-06-07 11:50:34,,sunstone95718,amnesia25800,sunstone95718,True,"['Mewtwo', 'Mew', 'Jynx', 'Chansey', 'Rhydon', 'Snorlax']","['Exeggutor', 'Mewtwo', 'Mew', 'Zapdos', 'Gengar', 'Snorlax']",31,16,7
violetversion-gen1ubers-2492,[Gen 1] UBERS,2016-10-12 18:00:11,,leer23545,oddincense72660,oddincense72660,False,"['Exeggutor', 'Mewtwo', 'Mew', 'Tauros', 'Zapdos', 'Chansey']","['Mewtwo', 'Mew', 'Zapdos', 'Jynx', 'Chansey', 'Snorlax']",70,20,17
gen1ubers-759371198,[Gen 1] UBERS,2018-06-08 08:05:37,1071,delcatty31981,spinarak37151,spinarak37151,False,"['Mewtwo', 'Mew', 'Electrode', 'Golem', 'Jynx', 'Chansey']","['Exeggutor', 'Mewtwo', 'Mew', 'Tauros', 'Gengar', 'Snorlax']",44,15,12
gen1ubers-922419040,[Gen 1] UBERS,2019-06-05 03:24:14,1246,dialga48280,superluck27737,dialga48280,True,"['Mewtwo', 'Exeggutor', 'Mew', 'Gengar', 'Chansey', 'Snorlax']","['Starmie', 'Mew', 'Exeggutor', 'Mewtwo', 'Chansey', 'Dragonite']",249,66,50
gen1ubers-1128371925,[Gen 1] UBERS,2020-06-07 09:25:11,1128,rotom95030,amnesia25800,rotom95030,True,"['Exeggutor', 'Mewtwo', 'Mew', 'Tauros', 'Chansey', 'Snorlax']","['Mew', 'Exeggutor', 'Gengar', 'Chansey', 'Snorlax']",56,9,10
gen1ubers-848866714,[Gen 1] UBERS,2019-01-14 20:46:22,,lifeorb98589,arceusground72746,arceusground72746,False,"['Starmie', 'Mew', 'Exeggutor', 'Mewtwo', 'Chansey', 'Rhydon']","['Mew', 'Mewtwo', 'Exeggutor', 'Slowbro', 'Jynx', 'Chansey']",66,8,9
smogtours-gen1ubers-670576,[Gen 1] UBERS,2023-01-25 00:47:42,,psn38480,arceusghost8496,arceusghost8496,True,"['Electrode', 'Exeggutor', 'Snorlax', 'Mewtwo']","['Chansey', 'Exeggutor', 'Mewtwo']",12,6,3
smogtours-gen1ubers-144255,[Gen 1] UBERS,2016-03-27 20:55:34,,glameow94696,leer23545,leer23545,False,"['Mew', 'Exeggutor', 'Tauros', 'Jynx', 'Chansey', 'Snorlax']","['Mew', 'Exeggutor', 'Gengar', 'Chansey', 'Persian', 'Snorlax']",63,8,8
rom-gen1ubers-590243,[Gen 1] UBERS,2019-06-16 03:09:16,,constrict58938,sudowoodo17153,constrict58938,False,"['Chansey', 'Mew', 'Snorlax', 'Zapdos']","['Exeggutor', 'Mewtwo', 'Mew', 'Slowbro', 'Jynx', 'Chansey']",20,3,8
gen1ubers-782622916,[Gen 1] UBERS,2018-07-28 20:29:21,,raindance50399,naturepower57210,raindance50399,True,"['Mew', 'Exeggutor', 'Mewtwo', 'Jynx', 'Chansey', 'Snorlax']","['Exeggutor', 'Mewtwo', 'Mew', 'Tauros', 'Slowbro', 'Snorlax']",59,9,15
smogtours-gen1ubers-824076,[Gen 1] UBERS,2025-03-09 15:46:15,,azumarill79029,quagsire52408,azumarill79029,False,"['Mew', 'Mewtwo', 'Exeggutor', 'Zapdos', 'Snorlax', 'Alakazam']","['Mew', 'Exeggutor', 'Mewtwo', 'Tauros', 'Hypno', 'Snorlax']",45,10,10
smogtours-gen1ubers-702679,[Gen 1] UBERS,2023-07-12 21:50:58,,toxicplate15122,fissure61188,fissure61188,False,"['Exeggutor', 'Mewtwo', 'Mew', 'Slowbro', 'Zapdos', 'Snorlax']","['Mew', 'Exeggutor', 'Mewtwo', 'Chansey', 'Snorlax', 'Dragonite']",75,28,13
rom-gen1ubers-108229,[Gen 1] UBERS,2017-07-04 21:09:26,,sudowoodo17153,powerwhip88310,powerwhip88310,False,"['Mew', 'Mewtwo', 'Slowbro', 'Jynx', 'Chansey', 'Snorlax']","['Mewtwo', 'Mew', 'Slowbro', 'Jynx', 'Chansey', 'Snorlax']",69,11,9
smogtours-gen1ubers-607357,[Gen 1] UBERS,2022-02-06 18:48:01,,arceusghost8496,psn38480,arceusghost8496,True,"['Mew', 'Mewtwo', 'Jolteon', 'Slowbro', 'Chansey', 'Snorlax']","['Exeggutor', 'Mewtwo', 'Mew', 'Zapdos', 'Chansey', 'Snorlax']",70,13,15
gen1ubers-757054855,[Gen 1] UBERS,2018-06-03 16:52:37,1000,raikou73006,klutz67629,klutz67629,False,"['Scyther', 'Magneton', 'Golem', 'Gengar', 'Hitmonlee', 'Articuno']",['Mewtwo'],11,5,0
gen1ubers-880584979,[Gen 1] UBERS,2019-03-23 05:18:45,,psychup30215,crawdaunt84072,crawdaunt84072,False,"['Vileplume', 'Raichu', 'Jynx', 'Gengar', 'Muk', 'Arcanine']","['Slowbro', 'Chansey', 'Snorlax', 'Tauros']",25,7,6
gen1ubers-2373283704,[Gen 1] UBERS,2025-05-27 23:02:09,,cresselia46343,corsola74497,corsola74497,True,"['Exeggutor', 'Mew', 'Mewtwo', 'Gengar', 'Chansey', 'Snorlax']","['Mewtwo', 'Exeggutor', 'Tauros', 'Chansey', 'Snorlax']",32,14,9
smogtours-gen1ubers-679781,[Gen 1] UBERS,2023-03-12 03:15:28,,psn38480,castform97328,castform97328,True,"['Mew', 'Mewtwo', 'Slowbro', 'Gengar', 'Chansey', 'Snorlax']","['Mew', 'Mewtwo', 'Chansey', 'Snorlax', 'Rhydon', 'Alakazam']",110,28,16
gen1ubers-2179748693,[Gen 1] UBERS,2024-08-14 04:48:36,,firefang33287,kricketune97683,firefang33287,False,"['Mew', 'Mewtwo', 'Exeggutor', 'Chansey', 'Snorlax', 'Dragonite']","['Mewtwo', 'Mew', 'Tauros', 'Slowbro', 'Jynx', 'Snorlax']",114,6,40
gen1ubers-1079840722,[Gen 1] UBERS,2020-03-16 06:53:54,,lairon74508,kingler86146,lairon74508,False,"['Gengar', 'Arcanine', 'Cloyster']","['Cloyster', 'Mewtwo', 'Exeggutor', 'Electrode', 'Gengar', 'Muk']",9,2,5
smogtours-gen1ubers-730072,[Gen 1] UBERS,2023-11-12 01:07:21,,wailmer96415,steel89481,steel89481,False,"['Mewtwo', 'Mew', 'Exeggutor', 'Sandslash', 'Zapdos', 'Snorlax']","['Mewtwo', 'Mew', 'Slowbro', 'Jynx', 'Chansey', 'Snorlax']",28,8,11
gen1ubers-1031703493,[Gen 1] UBERS,2019-12-19 02:42:03,,yacheberry64333,steelix31509,steelix31509,False,['Mewtwo'],['Mew'],8,0,0
gen1ubers-941835326,[Gen 1] UBERS,2019-07-09 01:24:15,,tailwhip2839,takedown94641,tailwhip2839,False,"['Starmie', 'Mew', 'Exeggutor', 'Tauros', 'Chansey', 'Snorlax']","['Mew', 'Jolteon', 'Jynx', 'Chansey', 'Rhydon', 'Snorlax']",41,12,10
gen1ubers-1150598569,[Gen 1] UBERS,2020-07-13 21:18:34,,glaceon14796,facade60368,facade60368,False,"['Mew', 'Mewtwo', 'Exeggutor', 'Tauros', 'Slowbro', 'Snorlax']","['Mew', 'Mewtwo', 'Slowbro', 'Chansey', 'Snorlax', 'Alakazam']",40,6,7
gen1ubers-702137310,[Gen 1] UBERS,2018-02-10 20:40:34,,earthplate76554,acupressure5238,acupressure5238,True,"['Mew', 'Exeggutor', 'Mewtwo', 'Jynx', 'Chansey', 'Snorlax']","['Mewtwo', 'Mew', 'Exeggutor', 'Slowbro', 'Jynx', 'Chansey']",123,15,20
smogtours-gen1ubers-583669,[Gen 1] UBERS,2021-10-03 17:11:39,,steel32701,lifeorb26007,lifeorb26007,False,"['Mew', 'Mewtwo', 'Jolteon', 'Slowbro', 'Chansey', 'Snorlax']","['Mewtwo', 'Exeggutor', 'Mew', 'Jynx', 'Chansey', 'Snorlax']",46,6,7
gen1ubers-1147172799,[Gen 1] UBERS,2020-07-08 03:17:15,,glaceon53740,amnesia25800,amnesia25800,False,"['Exeggutor', 'Mew', 'Mewtwo', 'Electrode', 'Chansey', 'Snorlax']","['Exeggutor', 'Mewtwo', 'Mew', 'Gengar', 'Chansey', 'Snorlax']",33,6,7
gen1ubers-395277808,[Gen 1] UBERS,2016-07-04 19:59:10,,hustle49754,masterball94687,masterball94687,False,"['Moltres', 'Starmie', 'Mewtwo', 'Jynx', 'Chansey', 'Snorlax']","['Slowbro', 'Starmie', 'Mewtwo', 'Snorlax']",39,7,3
gen1ubers-861090407,[Gen 1] UBERS,2019-02-11 05:39:48,,arceusground72746,acupressure5238,arceusground72746,True,"['Exeggutor', 'Mewtwo', 'Mew', 'Slowbro', 'Jynx', 'Chansey']","['Exeggutor', 'Mew', 'Mewtwo', 'Slowbro', 'Jynx', 'Chansey']",51,8,11
smogtours-gen1ubers-525215,[Gen 1] UBERS,2020-11-01 16:28:52,,koffing93492,synchronize14428,koffing93492,False,"['Mew', 'Mewtwo', 'Slowbro', 'Jynx', 'Chansey', 'Snorlax']","['Mewtwo', 'Mew', 'Gengar', 'Chansey', 'Snorlax', 'Alakazam']",66,19,23
smogtours-gen1ubers-521156,[Gen 1] UBERS,2020-10-06 21:45:21,,gripclaw12740,naturalcure76962,naturalcure76962,True,"['Exeggutor', 'Mewtwo', 'Mew', 'Tauros', 'Slowbro', 'Snorlax']","['Exeggutor', 'Mewtwo', 'Mew', 'Slowbro', 'Gengar', 'Snorlax']",78,12,9
smogtours-gen1ubers-820026,[Gen 1] UBERS,2025-02-15 19:27:09,,status34375,psn38480,psn38480,False,"['Starmie', 'Exeggutor', 'Mewtwo', 'Mew', 'Golem', 'Snorlax']","['Starmie', 'Mew', 'Exeggutor', 'Mewtwo', 'Rhydon', 'Snorlax']",37,16,11
gen1ubers-1131070749,[Gen 1] UBERS,2020-06-11 22:38:55,,speedboost13018,bagon13919,bagon13919,False,"['Mewtwo', 'Tauros', 'Slowbro', 'Electrode', 'Zapdos', 'Rhydon']","['Mew', 'Mewtwo', 'Gengar', 'Chansey', 'Snorlax']",141,18,8
gen1ubers-1133040234,[Gen 1] UBERS,2020-06-15 12:57:45,1185,cheriberry30798,rotom95030,rotom95030,True,"['Slowbro', 'Mew', 'Snorlax', 'Jolteon']","['Mewtwo', 'Exeggutor', 'Tauros', 'Chansey', 'Snorlax']",29,4,5
smogtours-gen1ubers-776753,[Gen 1] UBERS,2024-06-25 22:16:40,,psn38480,golduck35019,psn38480,False,"['Mew', 'Exeggutor', 'Mewtwo', 'Tauros', 'Zapdos', 'Snorlax']","['Mewtwo', 'Mew', 'Exeggutor', 'Tauros', 'Gengar', 'Snorlax']",42,12,10
smogtours-gen1ubers-175431,[Gen 1] UBERS,2016-07-12 02:32:37,,unburden21319,focussash22099,unburden21319,False,"['Mew', 'Exeggutor', 'Mewtwo', 'Tauros', 'Gengar', 'Snorlax']","['Mew', 'Mewtwo', 'Slowbro', 'Jynx', 'Chansey', 'Snorlax']",24,5,8
smogtours-gen1ubers-675779,[Gen 1] UBERS,2023-02-19 03:28:40,,drapion2237,goldeen60582,goldeen60582,True,"['Exeggutor', 'Mew', 'Jolteon', 'Mewtwo', 'Slowbro', 'Snorlax']","['Mewtwo', 'Mew', 'Tauros', 'Zapdos', 'Chansey', 'Snorlax']",30,8,9
rom-gen1ubers-490724,[Gen 1] UBERS,2018-12-25 02:27:04,,constrict58938,sudowoodo17153,constrict58938,False,"['Mewtwo', 'Mew', 'Snorlax', 'Zapdos']","['Exeggutor', 'Mewtwo', 'Mew', 'Slowbro', 'Jynx', 'Chansey']",41,3,13
smogtours-gen1ubers-649430,[Gen 1] UBERS,2022-09-18 19:49:59,,iceball26708,synchronize14428,synchronize14428,False,"['Mewtwo', 'Mew', 'Zapdos', 'Gengar', 'Chansey', 'Snorlax']","['Mewtwo', 'Mew', 'Exeggutor', 'Gengar', 'Chansey', 'Snorlax']",57,14,15
smogtours-gen1ubers-652407,[Gen 1] UBERS,2022-10-02 17:08:38,,starfberry84995,iceball26708,starfberry84995,True,"['Chansey', 'Mewtwo', 'Snorlax', 'Tauros']","['Exeggutor', 'Mew', 'Mewtwo', 'Slowbro', 'Jynx', 'Chansey']",42,12,11
smogtours-gen1ubers-70728,[Gen 1] UBERS,2015-06-25 23:41:55,,zoomlens15496,heatrock37333,zoomlens15496,False,"['Exeggutor', 'Mew', 'Mewtwo', 'Jynx', 'Chansey', 'Snorlax']","['Mewtwo', 'Mew', 'Slowbro', 'Jynx', 'Chansey', 'Snorlax']",42,7,10
gen1ubers-739633224,[Gen 1] UBERS,2018-04-28 21:12:15,,eevee75445,drifblim84361,drifblim84361,False,"['Pidgeotto', 'Poliwhirl', 'Nidorino', 'Pikachu', 'Mankey', 'Charmeleon']","['Wartortle', 'Starmie', 'Gyarados', 'Goldeen']",31,9,5
smogtours-gen1ubers-799677,[Gen 1] UBERS,2024-10-18 20:16:00,,buneary67957,aeroblast8709,buneary67957,False,"['Mewtwo', 'Exeggutor', 'Mew', 'Tauros', 'Zapdos', 'Gengar']","['Starmie', 'Mewtwo', 'Mew', 'Tauros', 'Jynx', 'Snorlax']",36,10,12
gen1ubers-1176645955,[Gen 1] UBERS,2020-08-28 00:20:55,,floatzel32544,bulletseed52442,floatzel32544,False,['Alakazam'],"['Cloyster', 'Lapras', 'Slowbro', 'Jynx', 'Dewgong']",14,0,4
gen1ubers-2179055785,[Gen 1] UBERS,2024-08-13 03:58:25,1149,leafstone28824,tailwind1994,leafstone28824,True,"['Mewtwo', 'Tauros', 'Chansey', 'Parasect', 'Snorlax']","['Exeggutor', 'Mewtwo', 'Mew', 'Gengar', 'Chansey', 'Snorlax']",49,6,11
gen1ubers-2177502515,[Gen 1] UBERS,2024-08-10 19:55:20,,softboiled62997,healball66742,softboiled62997,False,"['Mew', 'Mewtwo', 'Exeggutor', 'Tauros', 'Chansey', 'Snorlax']","['Mew', 'Exeggutor', 'Mewtwo', 'Slowbro', 'Zapdos', 'Snorlax']",36,7,8
smogtours-gen1ubers-525555,[Gen 1] UBERS,2020-11-02 02:46:25,,innerfocus91859,sacredfire231,innerfocus91859,False,"['Mew', 'Exeggutor', 'Mewtwo', 'Tauros', 'Chansey', 'Snorlax']","['Starmie', 'Mew', 'Exeggutor', 'Mewtwo', 'Chansey', 'Snorlax']",171,22,28
smogtours-gen1ubers-677526,[Gen 1] UBERS,2023-02-26 19:09:11,,skullbash4784,belueberry81130,belueberry81130,True,"['Cloyster', 'Mewtwo', 'Mew', 'Tauros', 'Chansey', 'Snorlax']","['Exeggutor', 'Mewtwo', 'Mew', 'Tauros', 'Slowbro', 'Snorlax']",36,12,13
smogtours-gen1ubers-146869,[Gen 1] UBERS,2016-04-04 10:56:48,,starly21199,icepunch89670,starly21199,False,"['Mew', 'Exeggutor', 'Tauros', 'Slowbro', 'Snorlax']","['Mew', 'Exeggutor', 'Tauros', 'Chansey', 'Snorlax', 'Alakazam']",31,4,12
gen1ubers-764564349,[Gen 1] UBERS,2018-06-19 13:22:18,1000,shadowpunch73443,synchronize41646,synchronize41646,True,"['Mew', 'Mewtwo', 'Dragonite']","['Golem', 'Mew', 'Mewtwo', 'Tauros']",11,3,3
smogtours-gen1ubers-816920,[Gen 1] UBERS,2025-01-30 14:52:58,,poisonpowder88566,wacanberry11962,wacanberry11962,False,"['Mewtwo', 'Exeggutor', 'Mew', 'Slowbro', 'Hypno', 'Rhydon']","['Cloyster', 'Mew', 'Exeggutor', 'Mewtwo', 'Sandslash', 'Alakazam']",47,14,14
smogtours-gen1ubers-637741,[Gen 1] UBERS,2022-07-15 20:42:32,,synchronize14428,starfberry84995,synchronize14428,True,"['Mewtwo', 'Exeggutor', 'Mew', 'Gengar', 'Chansey', 'Snorlax']","['Mew', 'Mewtwo', 'Chansey', 'Snorlax', 'Rhydon', 'Alakazam']",57,15,14
rom-gen1ubers-484175,[Gen 1] UBERS,2018-12-18 22:38:41,,constrict58938,sudowoodo17153,constrict58938,False,"['Mew', 'Mewtwo', 'Slowbro', 'Zapdos', 'Chansey', 'Snorlax']","['Exeggutor', 'Mewtwo', 'Mew', 'Slowbro', 'Jynx', 'Chansey']",69,6,9
gen1ubers-1135269789,[Gen 1] UBERS,2020-06-19 05:18:02,,gunkshot9424,tailwhip2839,tailwhip2839,False,"['Exeggutor', 'Mew', 'Mewtwo', 'Tauros', 'Slowbro', 'Snorlax']","['Mew', 'Mewtwo', 'Exeggutor', 'Tauros', 'Snorlax']",59,11,10
gen1ubers-781722665,[Gen 1] UBERS,2018-07-26 23:05:53,,raindance50399,dratini7919,raindance50399,True,"['Starmie', 'Mew', 'Exeggutor', 'Mewtwo', 'Chansey', 'Snorlax']","['Moltres', 'Mew', 'Mewtwo', 'Charizard', 'Zapdos', 'Articuno']",39,6,5
gen1ubers-925165484,[Gen 1] UBERS,2019-06-09 18:01:55,,cradily33679,torchic28392,cradily33679,True,"['Gengar', 'Chansey', 'Mewtwo']","['Slowbro', 'Jolteon']",86,3,1
gen1ubers-422167154,[Gen 1] UBERS,2016-08-22 17:29:18,,highjumpkick85972,innerfocus91859,innerfocus91859,True,"['Mewtwo', 'Exeggutor', 'Mew', 'Tauros', 'Zapdos', 'Snorlax']","['Exeggutor', 'Mewtwo', 'Mew', 'Slowbro', 'Gengar']",34,15,9
gen1ubers-1044935615,[Gen 1] UBERS,2020-01-12 07:38:54,,togetic89471,entei30085,togetic89471,True,"['Ditto', 'Venusaur', 'Gyarados', 'Tauros']","['Onix', 'Electabuzz', 'Kabutops', 'Golbat']",17,5,3
gen1ubers-400511367,[Gen 1] UBERS,2016-07-16 09:50:17,,hustle11937,highjumpkick85972,highjumpkick85972,False,"['Mewtwo', 'Exeggutor', 'Mew', 'Tauros', 'Zapdos', 'Snorlax']","['Exeggutor', 'Mewtwo', 'Mew', 'Tauros', 'Gengar', 'Snorlax']",30,11,7
smogtours-gen1ubers-176923,[Gen 1] UBERS,2016-07-17 23:41:44,,dragonfang69245,unburden21319,unburden21319,False,"['Mewtwo', 'Mew', 'Slowbro', 'Jynx', 'Chansey', 'Snorlax']","['Exeggutor', 'Mew', 'Mewtwo', 'Tauros', 'Gengar', 'Snorlax']",56,10,9
gen1ubers-2206691235,[Gen 1] UBERS,2024-09-21 18:47:55,,heatproof88204,bind94813,bind94813,False,"['Lapras', 'Charizard', 'Nidoking', 'Raichu', 'Primeape', 'Dragonite']","['Starmie', 'Aerodactyl', 'Tauros', 'Electrode', 'Dodrio', 'Rhydon']",26,6,8
smogtours-gen1ubers-658473,[Gen 1] UBERS,2022-10-30 22:32:22,,castform97328,starfberry84995,starfberry84995,False,"['Mewtwo', 'Mew', 'Zapdos', 'Jynx', 'Chansey', 'Snorlax']","['Mew', 'Exeggutor', 'Mewtwo', 'Chansey', 'Rhydon', 'Snorlax']",72,18,16
gen1ubers-2030361974,[Gen 1] UBERS,2024-01-08 23:35:02,,gorebyss2916,golduck77039,golduck77039,False,"['Electrode', 'Chansey']",['Electrode'],69,27,0
gen1ubers-2202385299,[Gen 1] UBERS,2024-09-15 21:53:01,,poisontail76206,shellder6516,poisontail76206,False,"['Jynx', 'Mew', 'Slowbro']","['Mew', 'Mewtwo', 'Tauros', 'Jynx', 'Chansey', 'Snorlax']",154,2,9
smogtours-gen1ubers-773842,[Gen 1] UBERS,2024-06-10 23:49:38,,gardevoir83362,aeroblast62938,gardevoir83362,False,"['Mew', 'Mewtwo', 'Tauros', 'Chansey', 'Rhydon', 'Snorlax']","['Mew', 'Exeggutor', 'Mewtwo', 'Tauros', 'Slowbro', 'Snorlax']",31,9,7
smogtours-gen1ubers-784888,[Gen 1] UBERS,2024-08-09 20:47:42,,tangrowth23890,rockslide51850,rockslide51850,False,"['Mew', 'Exeggutor', 'Mewtwo', 'Tauros', 'Chansey', 'Snorlax']","['Mew', 'Mewtwo', 'Slowbro', 'Gengar', 'Chansey', 'Snorlax']",55,14,12
gen1ubers-829141255,[Gen 1] UBERS,2018-11-02 00:26:06,,meanlook53985,deoxysattack8223,meanlook53985,False,"['Mew', 'Charizard', 'Mewtwo', 'Slowbro', 'Chansey']","['Mewtwo', 'Mew', 'Slowbro', 'Gengar', 'Chansey', 'Snorlax']",134,11,10
gen1ubers-871271576,[Gen 1] UBERS,2019-03-05 03:32:25,,slowpoke48803,delcatty31981,delcatty31981,True,"['Mew', 'Mewtwo', 'Zapdos', 'Golem', 'Chansey', 'Snorlax']","['Mew', 'Mewtwo', 'Charizard', 'Raichu', 'Venusaur', 'Blastoise']",32,9,9
gen1ubers-1044923856,[Gen 1] UBERS,2020-01-12 06:47:13,,skilllink6848,unburden78223,skilllink6848,True,"['Slowbro', 'Nidoking', 'Charizard', 'Starmie']","['Machamp', 'Scyther', 'Jynx']",10,3,2
gen1ubers-921090891,[Gen 1] UBERS,2019-06-02 22:31:08,,monferno67099,tangledfeet70625,monferno67099,True,"['Mew', 'Chansey', 'Mewtwo', 'Alakazam']","['Jolteon', 'Tauros', 'Kabutops', 'Venusaur', 'Rhydon', 'Alakazam']",19,3,5
gen1ubers-243247504,[Gen 1] UBERS,2015-06-23 18:38:46,,absol37368,rage56973,rage56973,True,"['Mew', 'Mewtwo', 'Slowbro', 'Jynx', 'Chansey', 'Articuno']","['Mew', 'Exeggutor', 'Mewtwo', 'Chansey', 'Snorlax']",60,11,9
gen1ubers-2175045041,[Gen 1] UBERS,2024-08-07 02:44:50,1040,rollout94469,hyperbeam81897,rollout94469,False,"['Cloyster', 'Mew', 'Mewtwo', 'Onix', 'Hypno', 'Snorlax']","['Mewtwo', 'Mew', 'Aerodactyl', 'Gengar', 'Chansey', 'Snorlax']",56,19,20
gen1ubers-2066553231,[Gen 1] UBERS,2024-02-24 11:07:43,,bug23041,gorebyss2916,gorebyss2916,True,"['Gengar', 'Electrode', 'Aerodactyl']","['Gengar', 'Electrode', 'Aerodactyl']",49,6,6
smogtours-gen1ubers-674212,[Gen 1] UBERS,2023-02-10 22:15:00,,mudsport71981,extremespeed62335,extremespeed62335,True,"['Exeggutor', 'Mew', 'Mewtwo', 'Sandslash', 'Slowbro', 'Snorlax']","['Mewtwo', 'Mew', 'Slowbro', 'Zapdos', 'Chansey', 'Snorlax']",33,12,9
gen1ubers-1028087831,[Gen 1] UBERS,2019-12-11 23:17:31,,sunstone53250,luckychant38315,luckychant38315,False,"['Mewtwo', 'Charizard', 'Ivysaur', 'Jigglypuff', 'Pikachu', 'Squirtle']","['Mew', 'Mewtwo']",14,7,1
smogtours-gen1ubers-802630,[Gen 1] UBERS,2024-10-27 19:19:51,,buneary67957,mareep93864,mareep93864,True,"['Cloyster', 'Mew', 'Exeggutor', 'Mewtwo', 'Zapdos', 'Hypno']","['Cloyster', 'Mewtwo', 'Exeggutor', 'Jolteon', 'Mew', 'Snorlax']",92,19,23
gen1ubers-2173889916,[Gen 1] UBERS,2024-08-05 12:32:18,1000,poisonpowder88566,extremespeed54094,poisonpowder88566,True,"['Exeggutor', 'Mewtwo', 'Mew', 'Gengar', 'Chansey', 'Rhydon']","['Cloyster', 'Mew', 'Charizard', 'Golem', 'Chansey']",44,7,12
gen1ubers-527336524,[Gen 1] UBERS,2017-02-02 03:09:11,,miltank57341,woodhammer83701,woodhammer83701,False,"['Arcanine', 'Ninetales', 'Rapidash']","['Ninetales', 'Sandslash', 'Exeggcute', 'Kadabra', 'Magneton', 'Vaporeon']",27,2,5
smogtours-gen1ubers-786776,[Gen 1] UBERS,2024-08-22 01:48:38,,psn38480,poisonpowder88566,poisonpowder88566,True,"['Starmie', 'Exeggutor']","['Gengar', 'Mewtwo']",5,1,1
rom-gen1ubers-623698,[Gen 1] UBERS,2019-07-23 15:04:23,,constrict58938,sudowoodo17153,constrict58938,False,"['Mew', 'Chansey', 'Mewtwo', 'Snorlax']","['Exeggutor', 'Mewtwo', 'Mew', 'Slowbro', 'Jynx', 'Chansey']",49,3,8
gen1ubers-1126790175,[Gen 1] UBERS,2020-06-04 18:27:25,,latios43634,rollingkick28314,latios43634,False,['Mewtwo'],"['Lapras', 'Charizard', 'Mew', 'Gengar', 'Alakazam', 'Blastoise']",23,0,5
smogtours-gen1ubers-787891,[Gen 1] UBERS,2024-08-29 15:12:52,,waterfall8105,aurasphere76841,aurasphere76841,False,"['Mew', 'Mewtwo', 'Exeggutor', 'Zapdos', 'Golem', 'Articuno']","['Mew', 'Mewtwo', 'Exeggutor', 'Zapdos', 'Snorlax']",33,15,7
smogtours-gen1ubers-677936,[Gen 1] UBERS,2023-03-03 11:36:03,,chuspikyeared66431,sturdy46275,sturdy46275,False,"['Mew', 'Mewtwo', 'Zapdos', 'Gengar', 'Chansey', 'Snorlax']","['Starmie', 'Mewtwo', 'Mew', 'Tauros', 'Chansey', 'Snorlax']",70,8,11
gen1ubers-822243120,[Gen 1] UBERS,2018-10-18 19:59:50,,krabby97145,meditite63456,krabby97145,False,"['Starmie', 'Exeggutor', 'Tauros', 'Golem', 'Chansey']","['Mew', 'Tauros', 'Zapdos', 'Golem', 'Jynx', 'Gyarados']",36,13,19
smogtours-gen1ubers-777582,[Gen 1] UBERS,2024-06-30 16:18:12,,waterfall8105,aeroblast8709,aeroblast8709,False,"['Mewtwo', 'Exeggutor', 'Mew', 'Zapdos', 'Golem', 'Articuno']","['Mew', 'Mewtwo', 'Exeggutor', 'Tauros', 'Snorlax', 'Alakazam']",54,21,16
smogtours-gen1ubers-788173,[Gen 1] UBERS,2024-08-31 14:04:06,,flamewheel25525,aurasphere76841,flamewheel25525,False,"['Exeggutor', 'Mew', 'Mewtwo', 'Tauros', 'Sandslash', 'Snorlax']","['Starmie', 'Mew', 'Mewtwo', 'Exeggutor', 'Tauros', 'Snorlax']",24,7,7
gen1ubers-650761260,[Gen 1] UBERS,2017-10-26 17:34:49,,gulpin47169,victreebel54196,gulpin47169,False,"['Arbok', 'Hypno', 'Raichu', 'Alakazam', 'Blastoise']","['Golduck', 'Electrode', 'Gengar', 'Dugtrio', 'Persian', 'Blastoise']",36,8,14
smogtours-gen1ubers-786815,[Gen 1] UBERS,2024-08-22 19:19:09,,wacanberry11962,ponyta53394,wacanberry11962,False,"['Mew', 'Mewtwo', 'Exeggutor', 'Zapdos', 'Rhydon', 'Snorlax']","['Mewtwo', 'Exeggutor', 'Mew', 'Tauros', 'Gengar', 'Snorlax']",70,22,21
gen1ubers-569024389,[Gen 1] UBERS,2017-04-30 07:42:59,,delcatty31981,aggron60452,aggron60452,False,"['Mewtwo', 'Mew', 'Electrode', 'Ditto', 'Rhydon', 'Snorlax']","['Exeggutor', 'Mew', 'Mewtwo', 'Slowbro', 'Zapdos', 'Chansey']",61,16,5
smogtours-gen1ubers-604072,[Gen 1] UBERS,2022-01-22 15:00:06,,starfberry84995,psn38480,psn38480,False,"['Mew', 'Exeggutor', 'Mewtwo', 'Chansey', 'Rhydon', 'Snorlax']","['Starmie', 'Mew', 'Mewtwo', 'Zapdos', 'Chansey', 'Snorlax']",37,13,10
gen1ubers-2206260771,[Gen 1] UBERS,2024-09-21 01:46:51,,deoxys87354,stealthrock87703,deoxys87354,False,"['Scyther', 'Flareon', 'Raticate', 'Gyarados', 'Tangela', 'Golbat']","['Exeggutor', 'Magneton', 'Seaking', 'Muk', 'Dugtrio', 'Articuno']",25,7,5
smogtours-gen1ubers-696498,[Gen 1] UBERS,2023-06-10 19:43:56,,habanberry18693,extremespeed62335,extremespeed62335,False,"['Mew', 'Tauros', 'Dodrio', 'Chansey', 'Dugtrio', 'Snorlax']","['Mew', 'Mewtwo', 'Tauros', 'Slowbro', 'Chansey', 'Snorlax']",45,8,6
smogtours-gen1ubers-736595,[Gen 1] UBERS,2023-12-26 01:02:15,,skillswap74981,cascoon94634,skillswap74981,False,"['Mew', 'Mewtwo', 'Exeggutor', 'Tauros', 'Electrode', 'Snorlax']","['Cloyster', 'Mewtwo', 'Mew', 'Tauros', 'Jynx', 'Snorlax']",32,8,11
gen1ubers-1120354249,[Gen 1] UBERS,2020-05-24 10:37:21,,machobrace3417,solrock79631,machobrace3417,True,"['Slowbro', 'Snorlax', 'Tauros']","['Jynx', 'Mewtwo', 'Slowbro', 'Exeggutor']",14,2,3
smogtours-gen1ubers-703813,[Gen 1] UBERS,2023-07-16 18:32:54,,arceusghost8496,powerherb16934,powerherb16934,False,"['Exeggutor', 'Mewtwo', 'Mew', 'Slowbro', 'Chansey', 'Snorlax']","['Mew', 'Exeggutor', 'Mewtwo', 'Tauros', 'Chansey', 'Snorlax']",46,12,12
smogtours-gen1ubers-653216,[Gen 1] UBERS,2022-10-08 13:04:44,,crawdaunt31133,mawile36886,mawile36886,False,"['Mewtwo', 'Mew', 'Slowbro', 'Gengar', 'Chansey', 'Snorlax']","['Mew', 'Mewtwo', 'Slowbro', 'Gengar', 'Chansey', 'Snorlax']",47,16,10
smogtours-gen1ubers-588747,[Gen 1] UBERS,2021-10-24 19:35:50,,synchronize14428,magnet14673,magnet14673,True,"['Starmie', 'Mew', 'Exeggutor', 'Mewtwo', 'Chansey', 'Snorlax']","['Mewtwo', 'Mew', 'Zapdos', 'Gengar', 'Chansey', 'Snorlax']",149,37,49
gen1ubers-2180583494,[Gen 1] UBERS,2024-08-15 12:39:47,,ember93698,tyrogue4575,ember93698,False,['Electrode'],"['Gengar', 'Electrode', 'Aerodactyl']",31,0,5
smogtours-gen1ubers-147601,[Gen 1] UBERS,2016-04-07 16:19:41,,sludgebomb41859,focusenergy12335,focusenergy12335,False,"['Exeggutor', 'Mew', 'Tauros', 'Jynx', 'Chansey', 'Snorlax']","['Exeggutor', 'Mew', 'Tauros', 'Slowbro', 'Jynx', 'Chansey']",44,6,15
gen1ubers-941830195,[Gen 1] UBERS,2019-07-09 01:18:31,,tailwhip2839,iceberry81699,tailwhip2839,False,"['Starmie', 'Mew', 'Exeggutor', 'Chansey', 'Snorlax']","['Mew', 'Tauros', 'Chansey', 'Ditto', 'Snorlax', 'Dragonite']",27,5,5
rom-gen1ubers-468510,[Gen 1] UBERS,2018-12-02 21:48:46,,constrict58938,sudowoodo17153,constrict58938,False,"['Mew', 'Slowbro', 'Zapdos', 'Chansey', 'Snorlax']","['Mewtwo', 'Mew', 'Slowbro', 'Jynx', 'Chansey', 'Snorlax']",22,4,9
rom-gen1ubers-381988,[Gen 1] UBERS,2018-08-25 02:34:22,,helpinghand51132,sudowoodo17153,helpinghand51132,False,"['Mew', 'Exeggutor', 'Mewtwo', 'Slowbro', 'Zapdos', 'Snorlax']","['Mew', 'Mewtwo', 'Slowbro', 'Jynx', 'Chansey', 'Snorlax']",64,5,7
gen1ubers-2021440454,[Gen 1] UBERS,2023-12-28 02:21:49,,kyogre85533,poochyena1063,kyogre85533,False,"['Starmie', 'Tauros', 'Chansey', 'Alakazam', 'Snorlax', 'Tentacruel']","['Slowbro', 'Zapdos', 'Gengar', 'Snorlax', 'Alakazam', 'Tentacruel']",75,9,8
gen1ubers-1136228686,[Gen 1] UBERS,2020-06-20 18:34:22,,roselia30851,lifeorb26007,roselia30851,False,"['Starmie', 'Mew', 'Mewtwo', 'Zapdos', 'Golem', 'Snorlax']","['Exeggutor', 'Mew', 'Mewtwo', 'Tauros', 'Slowbro', 'Snorlax']",56,11,10
smogtours-gen1ubers-654491,[Gen 1] UBERS,2022-10-13 18:09:15,,psn38480,mefirst94337,mefirst94337,False,"['Mew', 'Exeggutor', 'Mewtwo', 'Electrode', 'Golem', 'Snorlax']","['Mewtwo', 'Mew', 'Slowbro', 'Chansey', 'Snorlax', 'Alakazam']",47,12,12
smogtours-gen1ubers-611014,[Gen 1] UBERS,2022-03-04 02:00:44,,synthesis86498,dig95510,dig95510,False,"['Mewtwo', 'Mew', 'Exeggutor', 'Gengar', 'Chansey', 'Snorlax']","['Mew', 'Mewtwo', 'Tauros', 'Gengar', 'Chansey', 'Snorlax']",32,10,14
gen1ubers-569021229,[Gen 1] UBERS,2017-04-30 07:30:46,,delcatty31981,aggron60452,aggron60452,False,"['Mewtwo', 'Charizard', 'Mew', 'Pikachu', 'Venusaur', 'Blastoise']","['Exeggutor', 'Mewtwo', 'Mew', 'Slowbro', 'Zapdos', 'Chansey']",49,11,12
smogtours-gen1ubers-748110,[Gen 1] UBERS,2024-02-18 01:22:21,,castform97328,sturdy13642,castform97328,False,"['Mew', 'Mewtwo', 'Chansey', 'Snorlax', 'Rhydon', 'Alakazam']","['Mew', 'Mewtwo', 'Zapdos', 'Gengar', 'Chansey', 'Snorlax']",33,8,8
rom-gen1ubers-539508,[Gen 1] UBERS,2019-04-16 22:38:31,,constrict58938,sudowoodo17153,constrict58938,False,"['Mewtwo', 'Mew', 'Snorlax', 'Zapdos']","['Exeggutor', 'Mewtwo', 'Mew', 'Slowbro', 'Jynx', 'Chansey']",67,3,11
gen1ubers-1050437372,[Gen 1] UBERS,2020-01-21 22:35:34,,wobbuffet44173,flamewheel58904,flamewheel58904,False,"['Venonat', 'Seel', 'Nidoqueen', 'Psyduck', 'Charmeleon', 'Geodude']","[""Farfetch'D"", 'Nidoking', 'Arbok', 'Gloom', 'Gyarados']",28,10,4
gen1ubers-1021483969,[Gen 1] UBERS,2019-12-02 20:55:39,,glalie56367,scratch51368,glalie56367,True,"['Jynx', 'Chansey', 'Mewtwo', 'Slowbro']","['Slowbro', 'Mewtwo', 'Exeggutor', 'Alakazam']",27,4,3
smogtours-gen1ubers-530358,[Gen 1] UBERS,2020-11-29 22:38:03,,innerfocus91859,sacredfire231,sacredfire231,True,"['Mewtwo', 'Mew', 'Slowbro', 'Chansey', 'Rhydon', 'Snorlax']","['Mew', 'Mewtwo', 'Zapdos', 'Gengar', 'Chansey', 'Snorlax']",50,11,12
smogtours-gen1ubers-786775,[Gen 1] UBERS,2024-08-22 01:46:42,,psn38480,poisonpowder88566,poisonpowder88566,True,"['Mewtwo', 'Mew', 'Gengar', 'Chansey', 'Snorlax']","['Mewtwo', 'Victreebel', 'Rhydon', 'Alakazam', 'Dragonite']",25,11,8
gen1ubers-833919223,[Gen 1] UBERS,2018-12-11 09:41:44,,doublekick47112,omanyte8307,doublekick47112,False,['Mewtwo'],['Mew'],17,0,0
gen1ubers-2029805971,[Gen 1] UBERS,2024-01-08 08:06:12,,gible65560,gorebyss2916,gorebyss2916,False,"['Gengar', 'Electrode', 'Aerodactyl']",['Electrode'],33,5,0
smogtours-gen1ubers-844896,[Gen 1] UBERS,2025-05-23 22:09:16,,wacanberry11962,wingattack30461,wacanberry11962,False,"['Exeggutor', 'Mewtwo', 'Mew', 'Tauros', 'Zapdos', 'Snorlax']","['Cloyster', 'Mewtwo', 'Exeggutor', 'Mew', 'Tauros', 'Zapdos']",28,8,9
gen1ubers-2042769464,[Gen 1] UBERS,2024-01-24 10:18:21,,deepseatooth8828,firefang55345,deepseatooth8828,False,"['Tauros', 'Jynx', 'Chansey', 'Snorlax', 'Venusaur']","['Cloyster', 'Tauros', 'Gengar', 'Chansey', 'Victreebel', 'Snorlax']",72,5,8
gen1ubers-758852086,[Gen 1] UBERS,2018-06-07 06:34:39,1000,delcatty31981,tailwhip2839,delcatty31981,True,"['Mew', 'Mewtwo', 'Electrode', 'Golem', 'Jynx', 'Chansey']","['Mew', 'Exeggutor', 'Mewtwo', 'Tauros', 'Chansey', 'Snorlax']",66,7,10
rom-gen1ubers-479065,[Gen 1] UBERS,2018-12-13 15:28:40,,constrict58938,sudowoodo17153,constrict58938,False,"['Chansey', 'Mew', 'Snorlax', 'Zapdos']","['Mewtwo', 'Mew', 'Slowbro', 'Jynx', 'Chansey', 'Snorlax']",38,3,7
gen1ubers-2181339395,[Gen 1] UBERS,2024-08-16 14:58:28,1197,worryseed5935,objectobject86207,worryseed5935,True,"['Mew', 'Mewtwo', 'Tauros', 'Gengar', 'Chansey', 'Snorlax']","['Mewtwo', 'Exeggutor', 'Mew', 'Tauros', 'Snorlax', 'Alakazam']",44,8,7
smogtours-gen1ubers-183056,[Gen 1] UBERS,2016-08-02 18:07:17,,innerfocus91859,unburden21319,innerfocus91859,True,"['Exeggutor', 'Mew', 'Mewtwo', 'Tauros', 'Gengar', 'Snorlax']","['Exeggutor', 'Mew', 'Mewtwo', 'Tauros', 'Gengar', 'Snorlax']",32,5,8
smogtours-gen1ubers-788221,[Gen 1] UBERS,2024-08-31 16:12:57,,waterfall8105,flamewheel25525,flamewheel25525,False,"['Starmie', 'Mew', 'Mewtwo', 'Exeggutor', 'Tauros', 'Rhydon']","['Mewtwo', 'Exeggutor', 'Mew', 'Tauros', 'Hypno', 'Snorlax']",29,8,10
gen1ubers-941621493,[Gen 1] UBERS,2019-07-08 17:24:38,,swinub64017,dragonfang22862,dragonfang22862,False,"['Moltres', 'Mew', 'Jolteon', 'Kangaskhan', 'Rhydon', 'Articuno']","['Mew', 'Mewtwo', 'Alakazam']",15,5,2
gen1ubers-2196367864,[Gen 1] UBERS,2024-09-07 08:36:01,,widelens89308,focusblast66826,widelens89308,False,"['Gengar', 'Alakazam', 'Dragonite', 'Gyarados']","['Charizard', 'Venusaur', 'Arbok', 'Gengar', 'Alakazam', 'Blastoise']",29,3,5
gen1ubers-532172788,[Gen 1] UBERS,2017-02-12 03:00:45,,miltank57341,woodhammer83701,woodhammer83701,False,"['Kadabra', 'Alakazam', 'Abra']","['Sandslash', 'Exeggcute', 'Flareon']",28,2,5
smogtours-gen1ubers-607367,[Gen 1] UBERS,2022-02-06 19:00:01,,psn38480,arceusghost8496,arceusghost8496,False,"['Starmie', 'Mew', 'Mewtwo', 'Chansey', 'Rhydon', 'Snorlax']","['Mewtwo', 'Mew', 'Zapdos', 'Gengar', 'Chansey', 'Snorlax']",48,18,17
gen1ubers-842596233,[Gen 1] UBERS,2018-12-31 03:22:38,,moonstone79026,wurmple34497,moonstone79026,False,"['Cloyster', 'Jolteon', 'Tauros', 'Gengar', 'Rhydon', 'Alakazam']","['Starmie', 'Electabuzz', 'Golem', 'Gengar', 'Hitmonlee', 'Snorlax']",23,7,7
gen1ubers-744019714,[Gen 1] UBERS,2018-05-07 22:18:43,,raticate45916,toxicplate54191,toxicplate54191,False,"['Cloyster', 'Jolteon', 'Tauros', 'Zapdos', 'Victreebel', 'Dragonite']","['Mew', 'Exeggutor', 'Jolteon', 'Lapras']",36,8,5
gen1ubers-1127319548,[Gen 1] UBERS,2020-06-05 15:13:22,,nomove47433,octillery97898,nomove47433,False,"['Mewtwo', 'Mew', 'Jynx', 'Chansey', 'Rhydon', 'Snorlax']","['Mewtwo', 'Exeggutor', 'Zapdos', 'Chansey', 'Rhydon', 'Snorlax']",45,12,10
gen1ubers-2173495064,[Gen 1] UBERS,2024-08-04 20:52:17,1000,exeggcute69499,growl5652,growl5652,True,"['Mewtwo', 'Electrode', 'Chansey', 'Victreebel', 'Persian']","['Mew', 'Mewtwo', 'Tauros', 'Electrode', 'Gengar', 'Chansey']",20,5,11
gen1ubers-2191181417,[Gen 1] UBERS,2024-08-30 18:00:38,,healorder84544,pikachu33975,pikachu33975,False,"['Scyther', 'Onix', 'Pinsir', 'Arbok', 'Gengar', 'Parasect']","['Venomoth', 'Mewtwo', 'Charizard', 'Nidoqueen', 'Gengar', 'Gyarados']",41,9,8
gen1ubers-1121328312,[Gen 1] UBERS,2020-05-26 02:50:06,,delcatty31981,ninetales87079,ninetales87079,False,"['Mew', 'Charizard', 'Chansey', 'Raichu', 'Venusaur', 'Blastoise']","['Exeggutor', 'Mew', 'Tauros', 'Gengar', 'Chansey', 'Snorlax']",61,12,15
smogtours-gen1ubers-809277,[Gen 1] UBERS,2024-12-07 17:55:37,,psn38480,mareep93864,psn38480,False,"['Mew', 'Mewtwo', 'Exeggutor', 'Zapdos', 'Rhydon', 'Snorlax']","['Mewtwo', 'Exeggutor', 'Mew', 'Gengar', 'Snorlax', 'Articuno']",45,9,10
gen1ubers-1065061440,[Gen 1] UBERS,2020-02-18 04:00:47,,icepunch49350,tailwhip2839,icepunch49350,False,"['Exeggutor', 'Mew', 'Gengar', 'Chansey', 'Snorlax']","['Starmie', 'Exeggutor', 'Mew', 'Tauros', 'Chansey', 'Snorlax']",37,11,15
gen1ubers-394250928,[Gen 1] UBERS,2016-07-02 11:32:27,,mefirst94337,hustle11937,hustle11937,True,"['Mewtwo', 'Exeggutor', 'Mew', 'Gengar', 'Chansey', 'Snorlax']","['Exeggutor', 'Mew', 'Mewtwo', 'Tauros', 'Slowbro', 'Snorlax']",43,16,16
gen1ubers-2008551795,[Gen 1] UBERS,2023-12-10 08:21:34,,gorebyss35608,cut73716,gorebyss35608,False,"['Exeggutor', 'Mew', 'Mewtwo', 'Tauros', 'Slowbro', 'Snorlax']","['Mew', 'Exeggutor', 'Mewtwo', 'Tauros', 'Chansey', 'Snorlax']",57,5,7
smogtours-gen1ubers-748890,[Gen 1] UBERS,2024-02-20 21:22:26,,fissure61188,ambipom13450,fissure61188,False,"['Mewtwo', 'Exeggutor', 'Mew', 'Slowbro', 'Rhydon', 'Snorlax']","['Mewtwo', 'Mew', 'Tauros', 'Jynx', 'Gengar', 'Snorlax']",44,12,13
gen1ubers-2066925291,[Gen 1] UBERS,2024-02-24 23:34:32,,hydration14831,gorebyss2916,hydration14831,True,['Electrode'],"['Electrode', 'Chansey']",18,0,6
smogtours-gen1ubers-674348,[Gen 1] UBERS,2023-02-11 16:53:47,,swift79929,enpowerground35750,swift79929,False,"['Mew', 'Jolteon', 'Tauros', 'Chansey', 'Snorlax']","['Cloyster', 'Mewtwo', 'Mew', 'Chansey', 'Snorlax', 'Alakazam']",33,9,7
smogtours-gen1ubers-702676,[Gen 1] UBERS,2023-07-12 21:39:28,,fissure61188,toxicplate15122,fissure61188,True,"['Mew', 'Tauros', 'Golem', 'Chansey', 'Snorlax']","['Mew', 'Mewtwo', 'Exeggutor', 'Slowbro', 'Sandslash', 'Snorlax']",44,10,14
gen1ubers-921551676,[Gen 1] UBERS,2019-06-03 18:11:21,,phione47127,tailwhip2839,phione47127,False,"['Mew', 'Mewtwo', 'Slowbro', 'Zapdos', 'Chansey', 'Snorlax']","['Exeggutor', 'Mewtwo', 'Mew', 'Tauros', 'Chansey', 'Snorlax']",61,8,11
smogtours-gen1ubers-522914,[Gen 1] UBERS,2020-10-17 20:53:32,,synchronize14428,sacredfire231,sacredfire231,False,"['Starmie', 'Mew', 'Exeggutor', 'Mewtwo', 'Chansey', 'Snorlax']","['Mew', 'Mewtwo', 'Jolteon', 'Tauros', 'Chansey', 'Snorlax']",68,18,15
gen1ubers-827265492,[Gen 1] UBERS,2018-11-27 23:43:41,,stomp30555,porygon83022,porygon83022,False,"['Moltres', 'Lapras', 'Porygon', 'Magneton', 'Nidoqueen', 'Gengar']","['Kangaskhan', 'Slowbro', 'Machamp', 'Chansey', 'Raichu', 'Alakazam']",37,11,9
gen1ubers-728972625,[Gen 1] UBERS,2018-04-06 18:16:13,,linoone27366,machamp44590,linoone27366,False,"['Mew', 'Chansey', 'Mewtwo']","['Mew', 'Chansey', 'Mewtwo']",61,5,7
gen1ubers-241797268,[Gen 1] UBERS,2015-06-18 21:45:21,,drifblim5165,garchomp79956,garchomp79956,True,"['Mewtwo', 'Exeggutor', 'Tauros', 'Jynx', 'Rhydon', 'Snorlax']","['Gengar', 'Chansey', 'Exeggutor', 'Snorlax']",40,13,10
gen1ubers-786150471,[Gen 1] UBERS,2018-08-05 04:04:34,,poisonjab4813,sunkern95210,poisonjab4813,False,"['Cloyster', 'Mewtwo', 'Mew', 'Tauros', 'Golem', 'Chansey']","['Exeggutor', 'Mewtwo', 'Lapras', 'Mew', 'Chansey', 'Snorlax']",82,10,8
gen1ubers-2335348610,[Gen 1] UBERS,2025-04-04 17:21:04,,quagsire52408,copycat88893,quagsire52408,False,"['Mewtwo', 'Tauros', 'Jynx', 'Gengar', 'Dragonite']","['Mew', 'Exeggutor', 'Mewtwo', 'Gengar', 'Chansey', 'Snorlax']",43,9,7
gen1ubers-519109628,[Gen 1] UBERS,2017-01-18 03:12:54,,roserade45869,wrap55234,wrap55234,False,"['Tauros', 'Jynx', 'Gengar', 'Chansey', 'Persian', 'Alakazam']","['Exeggutor', 'Lapras', 'Mewtwo', 'Chansey', 'Snorlax', 'Alakazam']",42,11,6
smogtours-gen1ubers-672965,[Gen 1] UBERS,2023-02-04 21:10:39,,castform97328,powerherb16934,powerherb16934,False,"['Mew', 'Mewtwo', 'Zapdos', 'Gengar', 'Chansey', 'Snorlax']","['Mew', 'Mewtwo', 'Zapdos', 'Gengar', 'Chansey', 'Snorlax']",56,12,9
smogtours-gen1ubers-819834,[Gen 1] UBERS,2025-02-14 23:45:42,,mudsport71981,wacanberry11962,wacanberry11962,False,"['Mew', 'Mewtwo', 'Tauros', 'Victreebel', 'Rhydon', 'Alakazam']","['Starmie', 'Mewtwo', 'Mew', 'Tauros', 'Jynx', 'Dragonite']",60,16,14
rom-gen1ubers-479098,[Gen 1] UBERS,2018-12-13 15:48:48,,constrict58938,sudowoodo17153,constrict58938,False,"['Mewtwo', 'Slowbro', 'Zapdos', 'Chansey', 'Snorlax']","['Mewtwo', 'Mew', 'Slowbro', 'Jynx', 'Chansey', 'Snorlax']",83,4,9
smogtours-gen1ubers-844890,[Gen 1] UBERS,2025-05-23 21:44:25,,wingattack30461,slakoth94744,wingattack30461,False,"['Exeggutor', 'Mewtwo', 'Mew', 'Zapdos', 'Rhydon']","['Mewtwo', 'Mew', 'Tauros', 'Chansey', 'Rhydon', 'Dragonite']",43,13,22
gen1ubers-984930920,[Gen 1] UBERS,2019-09-30 22:47:56,,spinarak37151,payback34801,payback34801,True,['Mew'],['Mew'],10,0,0
gen1ubers-2090346341,[Gen 1] UBERS,2024-03-27 16:25:26,,simple63206,carvanha48510,simple63206,False,"['Gengar', 'Chansey', 'Mew', 'Snorlax']","['Mewtwo', 'Exeggutor', 'Mew', 'Jynx', 'Chansey', 'Snorlax']",40,5,10
gen1ubers-1129263638,[Gen 1] UBERS,2020-06-08 20:35:16,,ironfist10778,rotom95030,rotom95030,True,"['Mew', 'Mewtwo', 'Slowbro', 'Gengar', 'Chansey', 'Snorlax']","['Mew', 'Exeggutor', 'Mewtwo', 'Tauros', 'Snorlax']",41,10,8
smogtours-gen1ubers-777989,[Gen 1] UBERS,2024-07-02 16:41:37,,fissure61188,waterfall8105,waterfall8105,True,"['Exeggutor', 'Mewtwo', 'Mew', 'Golem', 'Jynx', 'Snorlax']","['Starmie', 'Mew', 'Mewtwo', 'Exeggutor', 'Tauros', 'Rhydon']",45,12,12
smogtours-gen1ubers-784874,[Gen 1] UBERS,2024-08-09 20:16:26,,tangrowth23890,rockslide51850,tangrowth23890,False,"['Mew', 'Exeggutor', 'Mewtwo', 'Tauros', 'Chansey', 'Snorlax']","['Mewtwo', 'Mew', 'Tauros', 'Jynx', 'Rhydon', 'Snorlax']",75,9,14
smogtours-gen1ubers-176395,[Gen 1] UBERS,2016-07-16 15:07:13,,poisonheal42759,noweather72418,noweather72418,True,"['Exeggutor', 'Mew', 'Mewtwo', 'Gengar', 'Chansey', 'Snorlax']","['Starmie', 'Mew', 'Exeggutor', 'Mewtwo', 'Chansey', 'Snorlax']",87,17,12
smogtours-gen1ubers-676933,[Gen 1] UBERS,2023-02-24 01:34:10,,arceusghost8496,oddincense85805,arceusghost8496,True,"['Mew', 'Exeggutor', 'Mewtwo', 'Slowbro', 'Chansey', 'Snorlax']","['Mewtwo', 'Mew', 'Gengar', 'Chansey', 'Rhydon', 'Snorlax']",156,32,27
gen1ubers-2181573180,[Gen 1] UBERS,2024-08-16 21:52:54,1030,arenatrap24994,berryjuice11756,berryjuice11756,False,"['Exeggutor', 'Mew', 'Mewtwo', 'Slowbro', 'Dodrio', 'Snorlax']","['Exeggutor', 'Mew', 'Jolteon', 'Mewtwo', 'Slowbro', 'Vaporeon']",109,13,17
gen1ubers-397450509,[Gen 1] UBERS,2016-07-09 18:59:58,,mimejr46403,flaaffy89634,flaaffy89634,False,"['Starmie', 'Charizard', 'Jolteon', 'Gengar', 'Rhydon', 'Articuno']","['Mewtwo', 'Lapras', 'Exeggutor', 'Tauros', 'Gengar', 'Snorlax']",58,17,13
gen1ubers-905744959,[Gen 1] UBERS,2019-05-07 22:05:06,,aftermath1308,filter5916,aftermath1308,False,"['Mewtwo', 'Mew', 'Gengar', 'Chansey', 'Snorlax']","['Mewtwo', 'Mew', 'Slowbro', 'Gengar', 'Rhydon', 'Venusaur']",35,4,7
gen1ubers-679216467,[Gen 1] UBERS,2017-12-25 04:16:44,,woodhammer83701,miltank57341,miltank57341,False,"['Jigglypuff', 'Clefairy', 'Horsea', 'Ditto', 'Blastoise']","['Mr. Mime', 'Kadabra', 'Venomoth', 'Hypno']",36,4,3
gen1ubers-2328230905,[Gen 1] UBERS,2025-03-26 09:49:04,,buizel3070,drifloon15910,drifloon15910,False,"['Clefable', 'Kadabra', 'Drowzee', 'Charmeleon', 'Geodude']","['Arcanine', 'Omastar', 'Blastoise', 'Dodrio']",22,6,3
gen1ubers-796025354,[Gen 1] UBERS,2018-08-26 11:13:21,,rockblast31801,arbok77651,arbok77651,False,"['Tauros', 'Zapdos', 'Gengar', 'Chansey', 'Alakazam', 'Snorlax']","['Lapras', 'Gengar', 'Snorlax', 'Rhydon', 'Alakazam']",62,9,8
gen1ubers-779672204,[Gen 1] UBERS,2018-07-22 21:39:09,,icicleplate69026,taillow66737,icicleplate69026,False,"['Mewtwo', 'Exeggutor', 'Tauros', 'Slowbro', 'Snorlax']","['Moltres', 'Mewtwo', 'Mew', 'Zapdos', 'Snorlax', 'Articuno']",30,4,8
smogtours-gen1ubers-592340,[Gen 1] UBERS,2021-11-09 18:10:19,,synchronize14428,megapunch91085,synchronize14428,False,"['Starmie', 'Exeggutor', 'Mewtwo', 'Mew', 'Chansey', 'Snorlax']","['Starmie', 'Mew', 'Mewtwo', 'Tauros', 'Chansey', 'Snorlax']",85,18,26
gen1ubers-939246692,[Gen 1] UBERS,2019-07-03 22:43:34,,swinub64017,dragonfang22862,dragonfang22862,False,"['Pidgeot', 'Exeggutor', 'Gyarados', 'Rhydon', 'Arcanine', 'Alakazam']","['Mewtwo', 'Charizard', 'Venusaur', 'Pikachu', 'Snorlax', 'Blastoise']",55,6,7
gen1ubers-2179028328,[Gen 1] UBERS,2024-08-13 03:00:02,1000,manaphy66474,roaroftime93858,manaphy66474,False,"['Mew', 'Mewtwo', 'Exeggutor', 'Chansey', 'Snorlax']","['Mew', 'Exeggutor', 'Mewtwo', 'Tauros', 'Chansey', 'Snorlax']",45,8,8
gen1ubers-523520355,[Gen 1] UBERS,2017-01-26 01:49:57,,miltank57341,woodhammer83701,miltank57341,False,"['Pidgeotto', 'Abra', 'Charmander']","['Onix', 'Geodude']",55,4,1
gen1ubers-526835645,[Gen 1] UBERS,2017-02-01 04:19:07,,miltank57341,woodhammer83701,miltank57341,False,"['Tangela', 'Weepinbell']","['Sandshrew', 'Vulpix', 'Eevee', 'Magnemite', 'Fearow']",27,1,4
smogtours-gen1ubers-588972,[Gen 1] UBERS,2021-10-24 23:42:19,,golduck35019,magnet14673,magnet14673,True,"['Exeggutor', 'Mewtwo', 'Mew', 'Tauros', 'Slowbro', 'Snorlax']","['Mewtwo', 'Mew', 'Jolteon', 'Slowbro', 'Chansey', 'Snorlax']",57,10,14
gen1ubers-922291036,[Gen 1] UBERS,2019-06-04 21:59:02,,dragonscale6269,powerbracer42648,dragonscale6269,False,"['Chansey', 'Mewtwo', 'Lapras']","['Cloyster', 'Exeggutor', 'Charizard', 'Pinsir', 'Clefable', 'Raichu']",15,4,6
smogtours-gen1ubers-606548,[Gen 1] UBERS,2022-02-04 17:16:06,,deoxysdefense78874,synchronize14428,synchronize14428,True,"['Mewtwo', 'Mew', 'Jynx', 'Chansey', 'Snorlax']","['Starmie', 'Mewtwo', 'Mew', 'Chansey', 'Rhydon', 'Snorlax']",75,19,18
rom-gen1ubers-468345,[Gen 1] UBERS,2018-12-02 20:31:20,,constrict58938,sudowoodo17153,constrict58938,False,"['Mew', 'Exeggutor', 'Mewtwo', 'Slowbro', 'Zapdos', 'Snorlax']","['Mew', 'Mewtwo', 'Slowbro', 'Jynx', 'Chansey', 'Snorlax']",57,5,7
smogtours-gen1ubers-144568,[Gen 1] UBERS,2016-03-28 22:42:10,,furyattack94312,voltorb28165,furyattack94312,False,"['Starmie', 'Exeggutor', 'Mew', 'Slowbro', 'Chansey', 'Snorlax']","['Exeggutor', 'Mew', 'Tauros', 'Alakazam', 'Snorlax', 'Dragonite']",43,15,10
smogtours-gen1ubers-698075,[Gen 1] UBERS,2023-06-18 19:12:11,,habanberry18693,bulletseed19358,habanberry18693,False,"['Cloyster', 'Mewtwo', 'Mew', 'Tauros', 'Chansey']","['Exeggutor', 'Mewtwo', 'Mew', 'Slowbro', 'Chansey', 'Snorlax']",47,9,21
gen1ubers-767164650,[Gen 1] UBERS,2018-06-25 04:00:09,1022,haze74462,meadowplate87066,haze74462,True,"['Slowbro', 'Chansey', 'Mewtwo']","['Chansey', 'Mew', 'Golem']",8,2,2
gen1ubers-740052215,[Gen 1] UBERS,2018-04-29 19:33:41,,eevee75445,drifblim84361,eevee75445,False,"['Charizard', 'Jolteon', 'Slowbro', 'Nidoking', 'Primeape', 'Snorlax']","['Starmie', 'Exeggutor', 'Jynx', 'Mr. Mime', 'Hypno', 'Alakazam']",31,9,10
gen1ubers-820823805,[Gen 1] UBERS,2018-10-15 21:16:02,,grotle90096,waterabsorb92138,grotle90096,False,"['Mewtwo', 'Zapdos']","['Moltres', 'Mewtwo', 'Zapdos', 'Pikachu', 'Gengar', 'Gyarados']",18,1,8
gen1ubers-403805806,[Gen 1] UBERS,2016-07-22 21:21:34,,highjumpkick85972,banette28544,highjumpkick85972,False,"['Exeggutor', 'Mewtwo', 'Mew', 'Tauros', 'Zapdos', 'Snorlax']","['Mewtwo', 'Mew', 'Tauros', 'Gengar', 'Chansey', 'Snorlax']",33,9,9
gen1ubers-692442278,[Gen 1] UBERS,2018-01-22 05:08:56,,staryu3108,camerupt44165,staryu3108,False,"['Starmie', 'Mew', 'Mewtwo', 'Zapdos', 'Snorlax']","['Starmie', 'Mewtwo', 'Exeggutor', 'Mew', 'Slowbro', 'Jynx']",68,9,9
gen1ubers-764561971,[Gen 1] UBERS,2018-06-19 13:14:47,,guardswap6542,synchronize41646,guardswap6542,False,"['Mew', 'Mewtwo', 'Exeggutor', 'Alakazam', 'Snorlax']","['Mew', 'Mewtwo', 'Tauros', 'Golem', 'Gengar', 'Chansey']",24,4,6
rom-gen1ubers-479009,[Gen 1] UBERS,2018-12-13 14:50:42,,constrict58938,sudowoodo17153,constrict58938,False,"['Mew', 'Mewtwo', 'Zapdos', 'Chansey', 'Snorlax']","['Mewtwo', 'Mew', 'Slowbro', 'Jynx', 'Chansey', 'Snorlax']",26,4,11
gen1ubers-728696666,[Gen 1] UBERS,2018-04-06 02:31:22,,raichu33079,agility10167,agility10167,True,['Ditto'],['Ditto'],24,0,0
smogtours-gen1ubers-654503,[Gen 1] UBERS,2022-10-13 18:42:21,,shadowsneak30,geodude45714,shadowsneak30,True,"['Mewtwo', 'Mew', 'Slowbro', 'Chansey', 'Snorlax', 'Alakazam']","['Cloyster', 'Mewtwo', 'Mew', 'Chansey', 'Snorlax', 'Alakazam']",33,10,10
smogtours-gen1ubers-712552,[Gen 1] UBERS,2023-08-27 17:02:37,,mudsport71981,innerfocus97582,innerfocus97582,False,"['Mewtwo', 'Exeggutor', 'Mew', 'Slowbro', 'Sandslash', 'Snorlax']","['Mewtwo', 'Mew', 'Porygon', 'Slowbro', 'Chansey', 'Snorlax']",113,16,19
gen1ubers-709445078,[Gen 1] UBERS,2018-02-25 17:50:15,,pidgey41875,jynx62866,jynx62866,False,"['Mew', 'Tauros', 'Onix', 'Jynx', 'Chansey', 'Snorlax']","['Moltres', 'Tauros', 'Onix', 'Jynx', 'Chansey', 'Snorlax']",56,8,8
rom-gen1ubers-468387,[Gen 1] UBERS,2018-12-02 20:47:02,,constrict58938,sudowoodo17153,constrict58938,False,"['Mew', 'Exeggutor', 'Mewtwo', 'Slowbro', 'Zapdos', 'Snorlax']","['Mewtwo', 'Mew', 'Slowbro', 'Jynx', 'Chansey', 'Snorlax']",41,5,8
gen1ubers-312304437,[Gen 1] UBERS,2016-01-02 01:21:24,,grumpig75566,steelix83008,steelix83008,False,"['Charizard', 'Pinsir', 'Poliwhirl', 'Dugtrio', 'Electabuzz', 'Fearow']","['Charizard', 'Exeggcute', 'Dugtrio', 'Electabuzz', 'Venusaur', 'Vaporeon']",48,23,22
gen1ubers-848876067,[Gen 1] UBERS,2019-01-14 21:23:37,,arceusground72746,acid42394,acid42394,False,"['Exeggutor', 'Mewtwo', 'Mew', 'Slowbro', 'Jynx', 'Chansey']","['Mewtwo', 'Exeggutor', 'Mew', 'Tauros', 'Chansey', 'Snorlax']",192,12,14
smogtours-gen1ubers-699487,[Gen 1] UBERS,2023-06-26 00:19:03,,sandattack94842,arceusghost8496,arceusghost8496,False,"['Mew', 'Exeggutor', 'Mewtwo', 'Tauros', 'Chansey', 'Snorlax']","['Exeggutor', 'Mewtwo', 'Mew', 'Zapdos', 'Chansey', 'Rhydon']",64,22,25
smogtours-gen1ubers-172825,[Gen 1] UBERS,2016-07-02 21:42:28,,doublekick99022,dragonfang69245,dragonfang69245,False,"['Mewtwo', 'Mew', 'Slowbro', 'Jynx', 'Chansey', 'Snorlax']","['Starmie', 'Mewtwo', 'Jynx', 'Chansey', 'Snorlax']",55,9,5
gen1ubers-962994207,[Gen 1] UBERS,2019-08-20 02:04:21,,tailwhip2839,noweather94413,tailwhip2839,False,"['Starmie', 'Exeggutor', 'Mew', 'Tauros', 'Chansey', 'Snorlax']","['Starmie', 'Exeggutor', 'Mew', 'Tauros', 'Chansey', 'Snorlax']",55,9,12
smogtours-gen1ubers-592449,[Gen 1] UBERS,2021-11-11 19:01:44,,staraptor1805,synchronize14428,synchronize14428,True,"['Exeggutor', 'Mew', 'Mewtwo', 'Slowbro', 'Jynx', 'Chansey']","['Starmie', 'Mewtwo', 'Mew', 'Chansey', 'Rhydon', 'Snorlax']",127,14,16
rom-gen1ubers-539518,[Gen 1] UBERS,2019-04-16 22:39:50,,constrict58938,sudowoodo17153,constrict58938,False,"['Chansey', 'Mew', 'Snorlax', 'Zapdos']","['Mewtwo', 'Mew', 'Slowbro', 'Jynx', 'Chansey', 'Snorlax']",27,3,7
smogtours-gen1ubers-703653,[Gen 1] UBERS,2023-07-16 14:09:35,,drapion2237,psn38480,drapion2237,True,"['Mew', 'Mewtwo', 'Slowbro', 'Zapdos', 'Chansey', 'Snorlax']","['Starmie', 'Mew', 'Mewtwo', 'Chansey', 'Rhydon', 'Snorlax']",56,11,10
gen1ubers-2184480170,[Gen 1] UBERS,2024-08-21 05:34:31,1000,sunstone70229,toxicplate29304,toxicplate29304,False,"['Cloyster', 'Mew', 'Mewtwo', 'Jolteon', 'Victreebel', 'Rhydon']","['Gengar', 'Chansey', 'Mew', 'Snorlax']",29,9,4
gen1ubers-2095265206,[Gen 1] UBERS,2024-04-03 18:02:59,,loudred35123,aurasphere76841,loudred35123,True,"['Mew', 'Tauros', 'Zapdos', 'Jynx', 'Chansey', 'Snorlax']","['Starmie', 'Mew', 'Tauros', 'Chansey', 'Rhydon', 'Snorlax']",60,16,18
smogtours-gen1ubers-716362,[Gen 1] UBERS,2023-09-15 20:46:52,,speedboost71038,lureball89264,lureball89264,False,"['Gengar', 'Chansey', 'Raichu', 'Snorlax', 'Dragonite', 'Tentacruel']","['Haunter', 'Machamp', 'Snorlax', 'Rhydon', 'Alakazam', 'Dragonite']",29,7,5
gen1ubers-739627060,[Gen 1] UBERS,2018-04-28 20:55:29,,eevee75445,drifblim84361,eevee75445,False,"['Nidorino', 'Charmeleon']","['Rhyhorn', 'Geodude', 'Kabuto', 'Onix']",23,1,4
smogtours-gen1ubers-746504,[Gen 1] UBERS,2024-02-11 10:07:28,,leppaberry17132,rattata90247,rattata90247,True,"['Exeggutor', 'Mew', 'Mewtwo', 'Gengar', 'Chansey', 'Snorlax']","['Exeggutor', 'Mew', 'Mewtwo', 'Tauros', 'Rhydon', 'Snorlax']",32,8,6
smogtours-gen1ubers-732763,[Gen 1] UBERS,2023-11-26 20:10:59,,mudsport71981,steel89481,mudsport71981,True,"['Mewtwo', 'Mew', 'Slowbro', 'Zapdos', 'Gengar', 'Snorlax']","['Mew', 'Exeggutor', 'Mewtwo', 'Tauros', 'Rhydon', 'Snorlax']",56,17,24
gen1ubers-2178215412,[Gen 1] UBERS,2024-08-11 22:44:22,1000,cherishball50988,parasect7600,parasect7600,False,"['Moltres', 'Mew', 'Mewtwo', 'Zapdos', 'Gyarados', 'Articuno']","['Gengar', 'Slowbro']",29,11,1
gen1ubers-1079916939,[Gen 1] UBERS,2020-03-16 12:02:32,,trick33871,scopelens30246,trick33871,True,"['Mewtwo', 'Mew', 'Jynx', 'Chansey', 'Rhydon', 'Snorlax']","['Mew', 'Mewtwo', 'Slowbro', 'Gengar', 'Chansey', 'Snorlax']",56,10,11
gen1ubers-757188770,[Gen 1] UBERS,2018-06-03 22:16:56,,payback7723,steelix83008,steelix83008,False,"['Mewtwo', 'Mew', 'Slowbro', 'Gengar', 'Chansey', 'Snorlax']","['Mew', 'Mewtwo', 'Exeggutor', 'Tauros', 'Zapdos', 'Snorlax']",122,12,10
smogtours-gen1ubers-818246,[Gen 1] UBERS,2025-02-06 20:43:35,,stick47600,wacanberry11962,wacanberry11962,False,"['Mewtwo', 'Mew', 'Jolteon', 'Slowbro', 'Chansey', 'Snorlax']","['Cloyster', 'Mew', 'Exeggutor', 'Mewtwo', 'Sandslash', 'Alakazam']",75,14,11
smogtours-gen1ubers-788878,[Gen 1] UBERS,2024-09-03 14:50:39,,aurasphere76841,waterfall8105,aurasphere76841,False,"['Mew', 'Mewtwo', 'Exeggutor', 'Tauros', 'Zapdos', 'Snorlax']","['Mewtwo', 'Mew', 'Exeggutor', 'Tauros', 'Slowbro', 'Snorlax']",37,11,10
smogtours-gen1ubers-591744,[Gen 1] UBERS,2021-11-07 05:40:21,,sacredfire231,screech7860,sacredfire231,True,"['Starmie', 'Mewtwo', 'Exeggutor', 'Mew', 'Chansey', 'Snorlax']","['Mew', 'Exeggutor', 'Mewtwo', 'Tauros', 'Chansey', 'Snorlax']",79,9,12
gen1ubers-759433414,[Gen 1] UBERS,2018-06-08 12:37:19,,tailwhip2839,thunderfang74468,tailwhip2839,True,"['Mew', 'Mewtwo', 'Exeggutor', 'Tauros', 'Chansey', 'Snorlax']","['Mew', 'Mewtwo', 'Tauros', 'Slowbro', 'Zapdos', 'Chansey']",56,9,10
smogtours-gen1ubers-797677,[Gen 1] UBERS,2024-10-12 19:02:54,,psn38480,aeroblast8709,aeroblast8709,False,"['Mew', 'Mewtwo', 'Arbok', 'Victreebel', 'Hypno', 'Dragonite']","['Mewtwo', 'Mew', 'Tauros', 'Zapdos', 'Jynx', 'Snorlax']",41,11,14
gen1ubers-848970268,[Gen 1] UBERS,2019-01-15 01:14:11,,rotom60105,flashcannon9867,flashcannon9867,False,['Chansey'],['Alakazam'],7,0,0
gen1ubers-2178943341,[Gen 1] UBERS,2024-08-13 00:09:46,1054,aeroblast79486,cheriberry30798,aeroblast79486,True,"['Mew', 'Mewtwo', 'Onix', 'Jynx', 'Snorlax', 'Beedrill']","['Mew', 'Mewtwo', 'Jolteon', 'Tauros', 'Slowbro', 'Jynx']",36,9,9
smogtours-gen1ubers-140273,[Gen 1] UBERS,2016-03-18 23:22:30,,focusenergy12335,quagsire52408,focusenergy12335,False,"['Starmie', 'Exeggutor', 'Mew', 'Tauros', 'Chansey', 'Snorlax']","['Starmie', 'Exeggutor', 'Tauros', 'Zapdos', 'Chansey', 'Snorlax']",41,19,11
smogtours-gen1ubers-819131,[Gen 1] UBERS,2025-02-09 19:23:14,,psn38480,quickclaw83695,psn38480,False,"['Exeggutor', 'Mewtwo', 'Mew', 'Tauros', 'Zapdos', 'Rhydon']","['Mew', 'Mewtwo', 'Exeggutor', 'Tauros', 'Zapdos', 'Snorlax']",50,19,18
gen1ubers-561984497,[Gen 1] UBERS,2017-04-15 03:44:59,,ironplate25942,woodhammer83701,woodhammer83701,False,"['Arcanine', 'Ninetales', 'Rapidash']","['Sandslash', 'Kadabra', 'Cloyster']",19,2,2
gen1ubers-1128161547,[Gen 1] UBERS,2020-06-06 23:42:21,,powerwhip77923,iceball56452,powerwhip77923,False,"['Slowbro', 'Mew', 'Dragonite', 'Exeggutor']","['Lapras', 'Golem', 'Chansey', 'Arcanine', 'Alakazam', 'Dragonite']",54,3,10
gen1ubers-380456548,[Gen 1] UBERS,2016-06-01 05:03:21,,mawile79807,skorupi90450,skorupi90450,False,"['Starmie', 'Mew', 'Mewtwo', 'Slowbro', 'Victreebel', 'Rhydon']","['Starmie', 'Mew', 'Mewtwo', 'Flareon', 'Zapdos', 'Jynx']",81,21,22
gen1ubers-636767674,[Gen 1] UBERS,2017-09-25 23:23:15,,aggron60452,leer23545,leer23545,False,"['Mew', 'Mewtwo', 'Slowbro', 'Zapdos', 'Gengar', 'Chansey']","['Mew', 'Mewtwo', 'Slowbro', 'Jynx', 'Chansey', 'Snorlax']",39,9,9
gen1ubers-2158276849,[Gen 1] UBERS,2024-07-10 05:02:46,,hypercutter87938,filter19943,hypercutter87938,False,"['Electrode', 'Missingno.']","['Electrode', 'Chansey', 'Dragonite']",45,1,20
smogtours-gen1ubers-672959,[Gen 1] UBERS,2023-02-04 21:04:26,,powerherb16934,castform97328,powerherb16934,False,"['Mewtwo', 'Exeggutor', 'Mew', 'Gengar', 'Chansey', 'Snorlax']","['Mew', 'Mewtwo', 'Jolteon', 'Chansey', 'Rhydon', 'Snorlax']",43,10,10
smogtours-gen1ubers-656980,[Gen 1] UBERS,2022-10-23 21:34:55,,crawdaunt31133,mareep93864,mareep93864,True,"['Mew', 'Mewtwo', 'Zapdos', 'Jynx', 'Chansey', 'Snorlax']","['Mewtwo', 'Exeggutor', 'Gengar', 'Chansey', 'Snorlax']",59,8,9
gen1ubers-815088055,[Gen 1] UBERS,2018-10-04 01:56:36,,cheriberry93068,delcatty31981,delcatty31981,True,"['Mew', 'Mewtwo', 'Charizard', 'Pikachu', 'Venusaur', 'Blastoise']","['Mew', 'Mewtwo', 'Charizard', 'Raichu', 'Venusaur', 'Blastoise']",39,11,13
gen1ubers-349093375,[Gen 1] UBERS,2016-03-24 13:54:27,,salamence66976,rattata90247,rattata90247,True,"['Exeggutor', 'Mew', 'Tauros', 'Zapdos', 'Chansey', 'Snorlax']","['Cloyster', 'Exeggutor', 'Mew', 'Golem', 'Gengar', 'Chansey']",43,14,12
gen1ubers-759949679,[Gen 1] UBERS,2018-06-09 14:02:11,1000,airslash63871,rotomfan56258,airslash63871,True,"['Gengar', 'Mewtwo', 'Dragonite', 'Exeggutor']","['Gengar', 'Nidoking', 'Rhydon', 'Blastoise']",17,3,3
smogtours-gen1ubers-819219,[Gen 1] UBERS,2025-02-09 21:16:05,,mudsport71981,psn38480,mudsport71981,True,"['Jynx', 'Mew', 'Tauros']","['Jynx', 'Chansey', 'Mew']",15,3,2
gen1ubers-965033132,[Gen 1] UBERS,2019-08-24 00:54:27,,sudowoodo73296,megahorn31335,sudowoodo73296,False,"['Mewtwo', 'Mew', 'Zapdos', 'Jynx', 'Chansey', 'Snorlax']","['Mewtwo', 'Mew', 'Jolteon', 'Slowbro', 'Chansey', 'Snorlax']",190,12,14
gen1ubers-524710089,[Gen 1] UBERS,2017-01-28 04:42:26,,miltank57341,woodhammer83701,woodhammer83701,False,"['Tangela', 'Victreebel', 'Vileplume']","['Pidgeotto', 'Kadabra', 'Charmeleon']",35,2,2
smogtours-gen1ubers-725287,[Gen 1] UBERS,2023-10-21 22:10:36,,leechlife10170,steel89481,steel89481,False,"['Starmie', 'Mew', 'Mewtwo', 'Tauros', 'Chansey', 'Snorlax']","['Mew', 'Exeggutor', 'Jolteon', 'Chansey', 'Snorlax']",28,15,11
gen1ubers-817849045,[Gen 1] UBERS,2018-10-09 19:09:17,,krabby97145,zoomlens15496,krabby97145,False,"['Starmie', 'Exeggutor', 'Mew', 'Tauros', 'Zapdos', 'Chansey']","['Flareon', 'Tauros', 'Slowbro', 'Zapdos', 'Chansey', 'Rhydon']",52,13,13
rom-gen1ubers-636150,[Gen 1] UBERS,2019-08-07 23:33:52,,constrict58938,sudowoodo17153,constrict58938,False,"['Mew', 'Mewtwo', 'Slowbro', 'Zapdos', 'Chansey', 'Snorlax']","['Exeggutor', 'Mewtwo', 'Mew', 'Slowbro', 'Jynx', 'Chansey']",33,5,10
gen1ubers-2246691549,[Gen 1] UBERS,2024-11-19 05:33:26,,raindish79906,healblock43109,healblock43109,False,"['Mew', 'Mewtwo', 'Exeggutor', 'Tauros', 'Chansey', 'Snorlax']","['Mew', 'Mewtwo', 'Zapdos', 'Gengar', 'Chansey', 'Snorlax']",30,5,8
gen1ubers-1046006725,[Gen 1] UBERS,2020-01-14 05:08:52,,bidoof1013,rhyperior690,bidoof1013,False,"['Voltorb', 'Mew', 'Exeggcute', 'Diglett', 'Gastly']","['Poliwag', 'Exeggcute', 'Dratini', 'Pikachu', 'Diglett', 'Abra']",41,5,6
gen1ubers-810432583,[Gen 1] UBERS,2018-09-24 17:14:32,,wigglytuff99512,taillow44759,taillow44759,False,"['Mew', 'Lapras', 'Charizard', 'Pikachu', 'Gyarados', 'Snorlax']","['Rapidash', 'Raichu', 'Snorlax', 'Dragonite']",20,8,4
rom-gen1ubers-468254,[Gen 1] UBERS,2018-12-02 18:32:10,,constrict58938,sudowoodo17153,constrict58938,False,"['Mew', 'Exeggutor', 'Slowbro', 'Zapdos', 'Snorlax']","['Mewtwo', 'Mew', 'Slowbro', 'Jynx', 'Chansey', 'Snorlax']",48,4,8
smogtours-gen1ubers-747059,[Gen 1] UBERS,2024-02-12 19:04:39,,buneary67957,aurasphere76841,buneary67957,False,"['Exeggutor', 'Mewtwo', 'Mew', 'Zapdos', 'Gengar', 'Snorlax']","['Mewtwo', 'Exeggutor', 'Mew', 'Tauros', 'Zapdos', 'Snorlax']",34,9,11
smogtours-gen1ubers-669817,[Gen 1] UBERS,2023-01-21 21:01:27,,psn38480,meditate33036,psn38480,True,"['Chansey', 'Mew', 'Snorlax', 'Tauros']","['Mewtwo', 'Mew', 'Zapdos', 'Gengar', 'Chansey', 'Snorlax']",23,6,8
gen1ubers-707907294,[Gen 1] UBERS,2018-02-22 14:56:22,,crawdaunt55095,lightningrod15845,crawdaunt55095,False,"['Starmie', 'Mew', 'Chansey', 'Exeggutor']","['Starmie', 'Lapras', 'Exeggutor', 'Tauros', 'Golem', 'Chansey']",36,4,8
gen1ubers-1127295467,[Gen 1] UBERS,2020-06-05 14:37:46,,nomove47433,rotom95030,nomove47433,False,"['Mewtwo', 'Mew', 'Jynx', 'Chansey', 'Rhydon', 'Snorlax']","['Mew', 'Mewtwo', 'Exeggutor', 'Tauros', 'Chansey', 'Snorlax']",56,6,10
smogtours-gen1ubers-787661,[Gen 1] UBERS,2024-08-26 19:17:41,,poisonpowder88566,aurasphere76841,aurasphere76841,True,"['Mew', 'Mewtwo', 'Slowbro', 'Zapdos', 'Victreebel', 'Rhydon']","['Starmie', 'Mewtwo', 'Jynx', 'Rhydon', 'Snorlax']",28,12,8
gen1ubers-2172849686,[Gen 1] UBERS,2024-08-03 20:14:44,1130,softboiled62997,weepinbell68120,weepinbell68120,False,"['Mew', 'Mewtwo', 'Exeggutor', 'Tauros', 'Chansey', 'Snorlax']","['Mew', 'Mewtwo', 'Exeggutor', 'Zapdos', 'Chansey', 'Snorlax']",28,9,8
rom-gen1ubers-468396,[Gen 1] UBERS,2018-12-02 20:50:23,,constrict58938,sudowoodo17153,constrict58938,False,"['Slowbro', 'Exeggutor', 'Snorlax', 'Zapdos']","['Mewtwo', 'Mew', 'Slowbro', 'Jynx', 'Chansey', 'Snorlax']",97,3,12
gen1ubers-739614453,[Gen 1] UBERS,2018-04-28 20:22:59,,eevee75445,drifblim84361,drifblim84361,False,['Charmander'],['Squirtle'],10,0,0
rom-gen1ubers-590239,[Gen 1] UBERS,2019-06-16 03:07:54,,constrict58938,sudowoodo17153,constrict58938,False,"['Mewtwo', 'Mew', 'Slowbro', 'Zapdos', 'Chansey', 'Snorlax']","['Exeggutor', 'Mewtwo', 'Mew', 'Slowbro', 'Jynx', 'Chansey']",125,5,13
gen1ubers-782708406,[Gen 1] UBERS,2018-07-29 00:05:59,,tailwhip2839,raindance50399,raindance50399,True,"['Mew', 'Exeggutor', 'Mewtwo', 'Tauros', 'Chansey', 'Snorlax']","['Mew', 'Exeggutor', 'Mewtwo', 'Jynx', 'Chansey', 'Snorlax']",55,9,8
gen1ubers-1030770974,[Gen 1] UBERS,2019-12-16 01:07:45,,sunnyday92776,angerpoint56197,sunnyday92776,True,"['Chansey', 'Exeggutor', 'Jolteon']","['Exeggutor', 'Alakazam', 'Tauros']",5,2,2
gen1ubers-1136285112,[Gen 1] UBERS,2020-06-20 20:48:22,,amnesia25800,nomove47433,amnesia25800,True,"['Starmie', 'Mew', 'Exeggutor', 'Mewtwo', 'Chansey', 'Snorlax']","['Mewtwo', 'Exeggutor', 'Zapdos', 'Gengar', 'Snorlax']",91,20,24
gen1ubers-1141560502,[Gen 1] UBERS,2020-06-28 22:48:49,,cranidos9637,amnesia25800,amnesia25800,True,"['Exeggutor', 'Mewtwo', 'Mew', 'Tauros', 'Slowbro', 'Snorlax']","['Exeggutor', 'Mewtwo', 'Mew', 'Gengar', 'Chansey', 'Snorlax']",63,16,14
gen1ubers-696229365,[Gen 1] UBERS,2018-01-29 22:23:37,,focussash20735,return265,focussash20735,True,"['Exeggutor', 'Mewtwo', 'Mew', 'Slowbro', 'Jynx', 'Chansey']","['Mewtwo', 'Mew', 'Tauros', 'Slowbro', 'Jynx', 'Chansey']",191,11,13
smogtours-gen1ubers-673568,[Gen 1] UBERS,2023-02-06 02:52:29,,kangaskhan41867,mudsport71981,kangaskhan41867,True,"['Exeggutor', 'Mewtwo', 'Mew', 'Chansey', 'Rhydon', 'Snorlax']","['Mewtwo', 'Mew', 'Slowbro', 'Zapdos', 'Chansey', 'Snorlax']",53,8,12
smogtours-gen1ubers-700439,[Gen 1] UBERS,2023-07-01 19:57:53,,mareep93864,azumarill79029,azumarill79029,True,"['Starmie', 'Mewtwo', 'Mew', 'Zapdos', 'Chansey', 'Snorlax']","['Exeggutor', 'Mewtwo', 'Jolteon', 'Mew', 'Chansey', 'Snorlax']",50,13,9
gen1ubers-1044942324,[Gen 1] UBERS,2020-01-12 08:06:15,,whitesmoke42652,roselia59720,whitesmoke42652,True,"['Muk', 'Porygon', 'Charmeleon']","['Wigglytuff', 'Blastoise', 'Clefable']",12,2,2
gen1ubers-679200854,[Gen 1] UBERS,2017-12-25 03:25:09,,woodhammer83701,miltank57341,woodhammer83701,False,"['Ivysaur', 'Poliwrath', 'Pikachu']","['Vileplume', 'Bellsprout', 'Victreebel', 'Weepinbell', 'Tangela']",43,4,4
gen1ubers-789739118,[Gen 1] UBERS,2018-08-12 19:33:52,,raindance50399,delcatty31981,raindance50399,False,"['Gengar', 'Mewtwo']","['Mew', 'Mewtwo', 'Charizard', 'Raichu', 'Venusaur', 'Blastoise']",10,1,6
smogtours-gen1ubers-148315,[Gen 1] UBERS,2016-04-09 16:04:24,,starly21199,innerfocus91859,starly21199,False,"['Mew', 'Tauros', 'Zapdos', 'Chansey', 'Snorlax', 'Alakazam']","['Exeggutor', 'Mew', 'Tauros', 'Chansey', 'Snorlax', 'Alakazam']",51,8,10
smogtours-gen1ubers-605928,[Gen 1] UBERS,2022-01-30 20:43:19,,synchronize14428,psn38480,psn38480,False,"['Mewtwo', 'Mew', 'Zapdos', 'Chansey', 'Snorlax', 'Alakazam']","['Starmie', 'Mewtwo', 'Mew', 'Zapdos', 'Chansey', 'Snorlax']",213,34,34
smogtours-gen1ubers-669821,[Gen 1] UBERS,2023-01-21 21:12:09,,meditate33036,psn38480,psn38480,True,"['Mewtwo', 'Mew', 'Zapdos', 'Gengar', 'Chansey', 'Snorlax']","['Mew', 'Mewtwo', 'Zapdos', 'Gengar', 'Chansey', 'Snorlax']",94,19,15
rom-gen1ubers-624445,[Gen 1] UBERS,2019-07-24 04:09:04,,constrict58938,sudowoodo17153,constrict58938,False,"['Mew', 'Slowbro', 'Zapdos', 'Chansey', 'Snorlax']","['Mewtwo', 'Mew', 'Slowbro', 'Jynx', 'Chansey', 'Snorlax']",38,4,8
gen1ubers-969798449,[Gen 1] UBERS,2019-09-02 12:35:28,,griseousorb25272,focussash9133,griseousorb25272,False,"['Exeggutor', 'Mew', 'Mewtwo', 'Jynx', 'Chansey', 'Snorlax']","['Exeggutor', 'Mew', 'Mewtwo', 'Gengar', 'Chansey', 'Snorlax']",159,26,35
gen1ubers-410351562,[Gen 1] UBERS,2016-08-03 17:53:51,,staravia74218,glameow3543,staravia74218,False,"['Cloyster', 'Raichu', 'Dugtrio', 'Arcanine', 'Alakazam', 'Dragonite']","['Clefable', 'Scyther', 'Magneton', 'Kabutops', 'Weezing', 'Hypno']",30,9,9
gen1ubers-969791161,[Gen 1] UBERS,2019-09-02 12:03:17,,metronome73231,focussash9133,focussash9133,True,"['Starmie', 'Lapras', 'Mewtwo', 'Exeggutor', 'Zapdos', 'Snorlax']","['Exeggutor', 'Mewtwo', 'Mew', 'Gengar', 'Chansey', 'Snorlax']",83,7,10
gen1ubers-1126875805,[Gen 1] UBERS,2020-06-04 21:01:06,,nomove62031,rotom95030,rotom95030,False,"['Mewtwo', 'Mew', 'Slowbro', 'Jynx', 'Chansey', 'Snorlax']","['Exeggutor', 'Mewtwo', 'Mew', 'Tauros', 'Chansey', 'Snorlax']",68,7,6
smogtours-gen1ubers-611017,[Gen 1] UBERS,2022-03-04 02:06:39,,dig95510,synthesis86498,synthesis86498,True,"['Exeggutor', 'Mewtwo', 'Mew', 'Tauros', 'Chansey', 'Snorlax']","['Exeggutor', 'Mew', 'Tauros', 'Slowbro', 'Snorlax']",24,7,5
smogtours-gen1ubers-673769,[Gen 1] UBERS,2023-02-09 00:10:24,,silcoon32247,multitype99793,silcoon32247,False,"['Mew', 'Jolteon', 'Tauros', 'Chansey', 'Snorlax']","['Mew', 'Mewtwo', 'Jolteon', 'Slowbro', 'Chansey', 'Snorlax']",28,6,8
gen1ubers-2027178278,[Gen 1] UBERS,2024-01-04 20:36:01,,sceptile81590,berry54436,sceptile81590,False,"['Mewtwo', 'Mew', 'Exeggutor', 'Slowbro', 'Zapdos', 'Chansey']","['Mewtwo', 'Mew', 'Slowbro', 'Nidoking', 'Jynx', 'Chansey']",83,8,8
gen1ubers-603480829,[Gen 1] UBERS,2017-07-13 20:06:57,,lickilicky63175,static20382,lickilicky63175,False,"['Starmie', 'Exeggutor', 'Mewtwo', 'Jynx', 'Chansey', 'Rhydon']","['Lapras', 'Exeggutor', 'Tauros', 'Zapdos', 'Rhydon', 'Alakazam']",17,5,7
gen1ubers-842356932,[Gen 1] UBERS,2018-12-30 15:40:21,,bounce28917,focussash73318,focussash73318,False,['Mewtwo'],"['Gengar', 'Chansey', 'Zapdos', 'Tauros']",25,0,3
smogtours-gen1ubers-592380,[Gen 1] UBERS,2021-11-10 17:32:09,,deoxysattack76542,synchronize14428,synchronize14428,True,"['Mew', 'Mewtwo', 'Slowbro', 'Chansey', 'Snorlax', 'Alakazam']","['Starmie', 'Mewtwo', 'Mew', 'Chansey', 'Rhydon', 'Snorlax']",94,12,11
gen1ubers-757091082,[Gen 1] UBERS,2018-06-03 18:14:56,1000,conversion222171,gligar77205,conversion222171,False,"['Mew', 'Exeggutor', 'Mewtwo', 'Slowbro', 'Gengar', 'Chansey']","['Scyther', 'Mewtwo', 'Jolteon', 'Gengar', 'Gyarados', 'Snorlax']",24,6,5
smogtours-gen1ubers-782560,[Gen 1] UBERS,2024-07-27 13:50:14,,mareep93864,drapion2237,drapion2237,True,"['Starmie', 'Mew', 'Mewtwo', 'Exeggutor', 'Zapdos', 'Snorlax']","['Exeggutor', 'Mew', 'Hypno', 'Rhydon', 'Snorlax']",29,12,9
gen1ubers-2175757689,[Gen 1] UBERS,2024-08-08 03:35:38,,tailwind1994,heatproof11108,tailwind1994,False,"['Mew', 'Exeggutor', 'Mewtwo', 'Tauros', 'Chansey', 'Snorlax']","['Mew', 'Mewtwo', 'Gengar', 'Chansey', 'Rhydon', 'Snorlax']",49,14,19
smogtours-gen1ubers-612173,[Gen 1] UBERS,2022-03-06 23:06:59,,painsplit82259,iceball26708,painsplit82259,False,"['Mewtwo', 'Mew', 'Zapdos', 'Gengar', 'Chansey', 'Snorlax']","['Exeggutor', 'Mew', 'Mewtwo', 'Gengar', 'Chansey', 'Snorlax']",67,12,11
rom-gen1ubers-479029,[Gen 1] UBERS,2018-12-13 15:07:33,,constrict58938,sudowoodo17153,constrict58938,False,"['Slowbro', 'Snorlax', 'Zapdos']","['Mewtwo', 'Mew', 'Slowbro', 'Jynx', 'Chansey', 'Snorlax']",72,2,10
gen1ubers-952141579,[Gen 1] UBERS,2019-07-29 01:48:43,,rhydon36576,blizzard88593,rhydon36576,False,['Electrode'],['Electrode'],26,0,5
smogtours-gen1ubers-678615,[Gen 1] UBERS,2023-03-05 22:21:27,,icebody51285,barrier67448,icebody51285,False,"['Mew', 'Mewtwo', 'Zapdos', 'Gengar', 'Chansey', 'Snorlax']","['Mew', 'Mewtwo', 'Porygon', 'Jolteon', 'Victreebel', 'Snorlax']",44,8,8
smogtours-gen1ubers-605731,[Gen 1] UBERS,2022-01-30 15:44:54,,batonpass29222,swift79929,swift79929,True,"['Mewtwo', 'Mew', 'Slowbro', 'Gengar', 'Chansey', 'Snorlax']","['Mew', 'Mewtwo', 'Jolteon', 'Tauros', 'Chansey', 'Snorlax']",144,11,10
smogtours-gen1ubers-706603,[Gen 1] UBERS,2023-07-30 12:57:44,,powerherb16934,deoxysdefense78874,powerherb16934,True,"['Mew', 'Mewtwo', 'Porygon', 'Snorlax', 'Victreebel', 'Alakazam']","['Mew', 'Exeggutor', 'Mewtwo', 'Zapdos', 'Chansey', 'Snorlax']",37,11,10
gen1ubers-408218163,[Gen 1] UBERS,2016-07-30 22:12:43,,natu89869,krabby97145,krabby97145,False,"['Exeggutor', 'Mew', 'Tauros', 'Gengar', 'Chansey', 'Snorlax']","['Exeggutor', 'Mew', 'Slowbro', 'Gengar', 'Chansey', 'Snorlax']",251,43,41
gen1ubers-2366052983,[Gen 1] UBERS,2025-05-17 17:21:17,,quagsire52408,suctioncups15151,quagsire52408,True,"['Exeggutor', 'Mewtwo', 'Mew', 'Tauros', 'Zapdos', 'Rhydon']","['Exeggutor', 'Mewtwo', 'Mew', 'Gengar', 'Chansey', 'Snorlax']",30,9,8
gen1ubers-928725382,[Gen 1] UBERS,2019-06-15 16:19:23,,griseousorb25272,mareep91568,griseousorb25272,True,"['Starmie', 'Mewtwo', 'Mew', 'Gengar', 'Chansey', 'Snorlax']","['Mew', 'Mewtwo', 'Tauros', 'Zapdos', 'Jynx', 'Chansey']",37,12,10
gen1ubers-937107112,[Gen 1] UBERS,2019-06-29 22:06:00,1158,slam69649,moldbreaker94005,moldbreaker94005,True,"['Exeggutor', 'Mewtwo', 'Mew', 'Tauros', 'Slowbro', 'Zapdos']","['Mewtwo', 'Mew', 'Exeggutor', 'Slowbro', 'Gengar', 'Snorlax']",55,15,9
smogtours-gen1ubers-697054,[Gen 1] UBERS,2023-06-13 16:07:42,,shadowsneak30,aurasphere76841,aurasphere76841,True,"['Mew', 'Mewtwo', 'Slowbro', 'Chansey', 'Snorlax', 'Alakazam']","['Mewtwo', 'Mew', 'Tauros', 'Slowbro', 'Chansey', 'Snorlax']",50,10,10
gen1ubers-2172421177,[Gen 1] UBERS,2024-08-03 02:52:17,1026,geodude42649,kangaskhan44566,kangaskhan44566,False,"['Exeggutor', 'Mew', 'Mewtwo', 'Tauros', 'Slowbro', 'Snorlax']","['Exeggutor', 'Mew', 'Tauros', 'Gengar', 'Snorlax']",21,5,5
smogtours-gen1ubers-788987,[Gen 1] UBERS,2024-09-04 00:56:23,,riolu39836,bravebird40912,riolu39836,True,"['Mew', 'Exeggutor', 'Tauros', 'Chansey', 'Snorlax']","['Mewtwo', 'Exeggutor', 'Mew', 'Zapdos', 'Gengar', 'Snorlax']",25,6,11
gen1ubers-615145574,[Gen 1] UBERS,2017-08-09 03:33:10,,ddenpowerrock85276,shellos56223,shellos56223,False,"['Gengar', 'Mewtwo', 'Alakazam', 'Snorlax']",['Mewtwo'],13,4,0
gen1ubers-2186495503,[Gen 1] UBERS,2024-08-24 00:34:10,1118,wiseglasses14654,golbat13508,golbat13508,False,"['Exeggutor', 'Mewtwo', 'Mew', 'Tauros', 'Chansey', 'Snorlax']","['Mew', 'Mewtwo', 'Jolteon', 'Exeggutor', 'Chansey', 'Rhydon']",79,8,11
gen1ubers-2030554880,[Gen 1] UBERS,2024-01-09 05:25:38,,slowking39311,kabutops34837,kabutops34837,False,"['Mewtwo', 'Mew', 'Porygon', 'Zapdos', 'Chansey', 'Snorlax']","['Mew', 'Mewtwo', 'Snorlax']",30,5,3
gen1ubers-778606505,[Gen 1] UBERS,2018-07-20 17:37:24,,raindance50399,dialga48280,raindance50399,True,"['Exeggutor', 'Mew', 'Mewtwo', 'Jynx', 'Chansey', 'Snorlax']","['Exeggutor', 'Mew', 'Mewtwo', 'Gengar', 'Chansey', 'Snorlax']",28,7,10
gen1ubers-1156673699,[Gen 1] UBERS,2020-07-24 02:25:15,,bulletseed83262,wrap69,bulletseed83262,False,['Mewtwo'],"['Mewtwo', 'Lapras', 'Tauros', 'Zapdos', 'Victreebel', 'Rhydon']",33,0,6
gen1ubers-927656653,[Gen 1] UBERS,2019-06-13 20:36:48,,rotom44224,refresh10753,rotom44224,True,"['Mewtwo', 'Mew', 'Tauros', 'Gengar', 'Chansey', 'Dragonite']","['Cloyster', 'Mew', 'Mewtwo', 'Slowbro', 'Gengar', 'Chansey']",56,11,8
gen1ubers-1142712064,[Gen 1] UBERS,2020-06-30 19:22:00,,mantine47926,weepinbell27773,weepinbell27773,False,"['Mew', 'Mewtwo', 'Exeggutor', 'Zapdos', 'Snorlax', 'Dragonite']","['Mew', 'Mewtwo', 'Lapras', 'Exeggutor', 'Chansey']",85,7,5
gen1ubers-814637672,[Gen 1] UBERS,2018-10-03 04:28:17,,scrappy4693,crunch48505,scrappy4693,False,"['Starmie', 'Exeggutor', 'Jolteon', 'Gengar', 'Hitmonlee', 'Rhydon']","['Slowbro', 'Golem', 'Jynx', 'Chansey', 'Alakazam', 'Dragonite']",58,16,17
gen1ubers-858615482,[Gen 1] UBERS,2019-02-05 17:31:47,,arceuspoison18546,unburden53271,arceuspoison18546,False,"['Chansey', 'Mewtwo', 'Snorlax', 'Tauros']","['Cloyster', 'Exeggutor', 'Zapdos', 'Golem', 'Gengar', 'Psyduck']",24,5,5
smogtours-gen1ubers-788882,[Gen 1] UBERS,2024-09-03 15:09:07,,fissure61188,waterfall8105,fissure61188,False,"['Mewtwo', 'Exeggutor', 'Mew', 'Tauros', 'Jynx', 'Snorlax']","['Starmie', 'Mew', 'Mewtwo', 'Exeggutor', 'Tauros', 'Rhydon']",22,8,11
gen1ubers-1150592242,[Gen 1] UBERS,2020-07-13 20:56:48,,denpowergrass83362,meadowplate3613,meadowplate3613,False,"['Starmie', 'Mew', 'Mewtwo', 'Tauros', 'Zapdos', 'Jynx']","['Mewtwo', 'Mew', 'Tauros', 'Slowbro', 'Chansey', 'Snorlax']",48,6,6
smogtours-gen1ubers-634016,[Gen 1] UBERS,2022-06-22 03:34:39,,arceusghost8496,pupitar309,arceusghost8496,True,"['Slowbro', 'Mewtwo', 'Snorlax', 'Zapdos']","['Exeggutor', 'Mew', 'Mewtwo', 'Slowbro', 'Jynx', 'Chansey']",111,8,17
gen1ubers-2186968737,[Gen 1] UBERS,2024-08-24 19:03:16,1000,machoke92118,heatran44736,heatran44736,True,"['Mewtwo', 'Mew', 'Slowbro', 'Jynx', 'Chansey', 'Snorlax']","['Mew', 'Mewtwo', 'Victreebel', 'Rhydon', 'Alakazam']",43,13,9
rom-gen1ubers-623631,[Gen 1] UBERS,2019-07-23 13:01:17,,constrict58938,sudowoodo17153,constrict58938,False,"['Chansey', 'Mewtwo', 'Snorlax']","['Exeggutor', 'Mewtwo', 'Mew', 'Slowbro', 'Jynx', 'Chansey']",57,2,14
gen1ubers-2186367735,[Gen 1] UBERS,2024-08-23 20:31:47,1143,typechange69487,cheriberry30798,typechange69487,True,"['Mew', 'Exeggutor', 'Mewtwo', 'Tauros', 'Slowbro', 'Snorlax']","['Mew', 'Mewtwo', 'Tauros', 'Slowbro', 'Jynx', 'Dragonite']",54,9,8
rom-gen1ubers-468234,[Gen 1] UBERS,2018-12-02 18:16:04,,constrict58938,sudowoodo17153,constrict58938,False,"['Mew', 'Exeggutor', 'Snorlax', 'Zapdos']","['Mew', 'Mewtwo', 'Slowbro', 'Jynx', 'Chansey', 'Snorlax']",28,3,7
smogtours-gen1ubers-592387,[Gen 1] UBERS,2021-11-10 20:57:10,,judgment88768,synchronize14428,synchronize14428,False,"['Mew', 'Mewtwo', 'Jolteon', 'Tauros', 'Chansey', 'Snorlax']","['Starmie', 'Mew', 'Chansey', 'Rhydon', 'Snorlax']",53,12,13
smogtours-gen1ubers-819014,[Gen 1] UBERS,2025-02-09 16:06:30,,quagsire52408,wacanberry11962,wacanberry11962,False,"['Exeggutor', 'Mew', 'Mewtwo', 'Tauros', 'Jynx', 'Snorlax']","['Mew', 'Mewtwo', 'Exeggutor', 'Zapdos', 'Snorlax']",22,9,5
gen1ubers-523540146,[Gen 1] UBERS,2017-01-26 02:33:41,,miltank57341,woodhammer83701,miltank57341,False,"['Pidgeotto', 'Kadabra', 'Growlithe', 'Charmeleon']","['Tangela', 'Victreebel', 'Vileplume']",30,3,2
gen1ubers-1068360266,[Gen 1] UBERS,2020-02-24 11:09:45,,wish33461,monferno68820,monferno68820,False,"['Mewtwo', 'Exeggutor', 'Mew', 'Tauros', 'Slowbro', 'Snorlax']","['Starmie', 'Mewtwo', 'Mew', 'Zapdos', 'Golem', 'Snorlax']",158,6,9
gen1ubers-1092131240,[Gen 1] UBERS,2020-04-06 20:15:50,,rhyperior690,bubblebeam11209,rhyperior690,True,"['Chansey', 'Mew']","['Mewtwo', 'Exeggutor', 'Snorlax', 'Tauros']",16,1,7
smogtours-gen1ubers-711032,[Gen 1] UBERS,2023-08-20 14:26:21,,drapion2237,mareep93864,drapion2237,False,"['Exeggutor', 'Mewtwo', 'Jolteon', 'Mew', 'Chansey', 'Snorlax']","['Starmie', 'Mewtwo', 'Mew', 'Zapdos', 'Chansey', 'Snorlax']",57,13,22
gen1ubers-1049911042,[Gen 1] UBERS,2020-01-21 00:32:48,,counter73517,manaphy75970,manaphy75970,True,"['Machamp', 'Nidoking', 'Tauros']","['Gengar', 'Lapras', 'Hitmonlee']",12,2,3
gen1ubers-513711066,[Gen 1] UBERS,2017-01-08 23:43:24,,zapplate1114,tailwind19289,tailwind19289,False,"['Mew', 'Mewtwo', 'Tauros', 'Slowbro', 'Gengar', 'Snorlax']","['Exeggutor', 'Mewtwo', 'Mew', 'Golem', 'Chansey', 'Snorlax']",23,7,9
gen1ubers-509615431,[Gen 1] UBERS,2017-01-02 02:56:35,,wrap55234,aerodactyl20537,wrap55234,False,"['Lapras', 'Charizard', 'Tauros', 'Venusaur', 'Snorlax', 'Alakazam']","['Moltres', 'Mew', 'Mewtwo', 'Zapdos', 'Dragonite', 'Articuno']",36,10,16
smogtours-gen1ubers-815723,[Gen 1] UBERS,2025-01-24 21:03:36,,azumarill79029,mudsport71981,azumarill79029,False,"['Exeggutor', 'Mewtwo', 'Mew', 'Tauros', 'Zapdos', 'Rhydon']","['Mew', 'Mewtwo', 'Exeggutor', 'Jolteon', 'Tauros', 'Snorlax']",35,13,14
rom-gen1ubers-468446,[Gen 1] UBERS,2018-12-02 21:05:33,,constrict58938,sudowoodo17153,constrict58938,False,"['Mewtwo', 'Slowbro', 'Zapdos', 'Chansey', 'Snorlax']","['Mewtwo', 'Mew', 'Slowbro', 'Jynx', 'Chansey', 'Snorlax']",39,4,10
smogtours-gen1ubers-704694,[Gen 1] UBERS,2023-07-22 11:12:27,,deoxysdefense78874,drapion2237,drapion2237,False,"['Mew', 'Mewtwo', 'Jolteon', 'Slowbro', 'Chansey', 'Snorlax']","['Exeggutor', 'Mew', 'Mewtwo', 'Chansey', 'Rhydon', 'Alakazam']",77,15,12
gen1ubers-2173397329,[Gen 1] UBERS,2024-08-04 17:55:43,1000,growl5652,geodude44131,growl5652,True,"['Mew', 'Mewtwo', 'Tauros', 'Electrode', 'Gengar', 'Chansey']","['Mewtwo', 'Mew', 'Slowbro', 'Chansey', 'Rhydon', 'Snorlax']",36,6,6
smogtours-gen1ubers-526033,[Gen 1] UBERS,2020-11-07 17:46:10,,innerfocus91859,synchronize14428,synchronize14428,True,"['Mew', 'Exeggutor', 'Mewtwo', 'Chansey', 'Rhydon', 'Snorlax']","['Starmie', 'Mew', 'Mewtwo', 'Exeggutor', 'Chansey', 'Snorlax']",120,26,26
smogtours-gen1ubers-649836,[Gen 1] UBERS,2022-09-22 03:55:14,,magostberry64922,slam94785,slam94785,False,"['Mewtwo', 'Mew', 'Jolteon', 'Slowbro', 'Chansey', 'Snorlax']","['Mew', 'Mewtwo', 'Tauros', 'Gengar', 'Chansey', 'Snorlax']",102,8,11
gen1ubers-2218695832,[Gen 1] UBERS,2024-10-08 17:56:36,,razorwind56610,bonsly93858,bonsly93858,False,"['Starmie', 'Mew', 'Mewtwo', 'Tauros', 'Chansey', 'Snorlax']","['Cloyster', 'Mewtwo', 'Tauros', 'Chansey', 'Snorlax', 'Alakazam']",51,12,10
gen1ubers-2188836480,[Gen 1] UBERS,2024-08-27 13:37:41,,rockblast22702,tauros79170,tauros79170,True,"['Chansey', 'Electrode']",['Electrode'],63,18,1
gen1ubers-1129597597,[Gen 1] UBERS,2020-06-09 11:08:45,1072,quilava99512,poweranklet10171,poweranklet10171,False,"['Mewtwo', 'Mew', 'Gengar', 'Chansey', 'Rhydon', 'Snorlax']","['Mew', 'Mewtwo', 'Slowbro', 'Sandslash', 'Jynx', 'Chansey']",93,22,25
smogtours-gen1ubers-777665,[Gen 1] UBERS,2024-06-30 18:09:45,,steadfast85547,spoink27592,spoink27592,False,"['Mewtwo', 'Mew', 'Exeggutor', 'Zapdos', 'Gengar', 'Snorlax']","['Gengar', 'Exeggutor', 'Snorlax', 'Mew']",19,8,4
gen1ubers-2191350190,[Gen 1] UBERS,2024-08-30 22:49:38,1002,spiritomb60839,marvelscale93627,spiritomb60839,True,"['Mewtwo', 'Mew', 'Slowbro', 'Golem', 'Gengar']","['Starmie', 'Mewtwo', 'Lapras', 'Mew', 'Electrode', 'Articuno']",35,8,12
smogtours-gen1ubers-636075,[Gen 1] UBERS,2022-07-03 20:21:37,,starfberry84995,spinarak30219,starfberry84995,False,"['Mewtwo', 'Mew', 'Jolteon', 'Tauros', 'Chansey', 'Snorlax']","['Mew', 'Mewtwo', 'Jolteon', 'Tauros', 'Chansey', 'Snorlax']",68,8,8
smogtours-gen1ubers-680227,[Gen 1] UBERS,2023-03-12 20:55:17,,drillpeck8655,helixfossil28994,drillpeck8655,False,"['Exeggutor', 'Mew', 'Tauros', 'Slowbro', 'Snorlax']","['Starmie', 'Mew', 'Mewtwo', 'Tauros', 'Chansey', 'Snorlax']",30,4,12
gen1ubers-926119571,[Gen 1] UBERS,2019-06-11 06:33:02,1247,attract39347,dialga48280,attract39347,False,"['Exeggutor', 'Mewtwo', 'Mew', 'Slowbro', 'Jynx', 'Chansey']","['Mewtwo', 'Mew', 'Exeggutor', 'Gengar', 'Chansey', 'Snorlax']",174,10,22
gen1ubers-360420867,[Gen 1] UBERS,2016-04-17 17:32:01,,mefirst94337,heatrock37333,mefirst94337,False,"['Exeggutor', 'Tauros', 'Jynx', 'Chansey', 'Snorlax']","['Mew', 'Exeggutor', 'Jolteon', 'Tauros', 'Chansey', 'Snorlax']",25,6,11
smogtours-gen1ubers-673382,[Gen 1] UBERS,2023-02-05 21:23:08,,castform97328,fissure61188,castform97328,False,"['Mew', 'Mewtwo', 'Jolteon', 'Chansey', 'Rhydon', 'Snorlax']","['Mewtwo', 'Exeggutor', 'Mew', 'Tauros', 'Gengar', 'Snorlax']",140,7,7
gen1ubers-1148986347,[Gen 1] UBERS,2020-07-11 01:33:51,,lifeorb26007,monferno14974,lifeorb26007,False,"['Exeggutor', 'Mew', 'Mewtwo', 'Tauros', 'Slowbro', 'Snorlax']","['Mew', 'Mewtwo', 'Exeggutor', 'Tauros', 'Slowbro', 'Snorlax']",72,8,10
gen1ubers-1141856958,[Gen 1] UBERS,2020-06-29 11:28:00,,tailwhip2839,mirrorshot15961,tailwhip2839,False,"['Mew', 'Exeggutor', 'Tauros', 'Chansey', 'Snorlax']","['Mew', 'Pinsir', 'Electrode', 'Golem', 'Gengar', 'Alakazam']",29,8,7
smogtours-gen1ubers-699994,[Gen 1] UBERS,2023-06-30 03:32:25,,protean9317,alakazam8068,protean9317,False,"['Mewtwo', 'Mew', 'Slowbro', 'Gengar', 'Chansey', 'Snorlax']","['Mew', 'Mewtwo', 'Tauros', 'Chansey', 'Hypno', 'Snorlax']",39,7,14
smogtours-gen1ubers-795391,[Gen 1] UBERS,2024-10-06 01:12:49,,buneary67957,psn38480,psn38480,True,"['Mew', 'Exeggutor', 'Mewtwo', 'Tauros', 'Gengar', 'Snorlax']","['Mew', 'Exeggutor', 'Mewtwo', 'Zapdos', 'Rhydon', 'Snorlax']",32,6,6
rom-gen1ubers-468469,[Gen 1] UBERS,2018-12-02 21:18:15,,constrict58938,sudowoodo17153,constrict58938,False,"['Mew', 'Slowbro', 'Zapdos', 'Chansey', 'Snorlax']","['Mewtwo', 'Mew', 'Slowbro', 'Jynx', 'Chansey', 'Snorlax']",21,4,9
gen1ubers-679207432,[Gen 1] UBERS,2017-12-25 03:43:41,,woodhammer83701,miltank57341,woodhammer83701,False,"['Scyther', 'Pidgeot', 'Golduck', 'Charizard', 'Machamp']","['Grimer', 'Weezing', 'Muk', 'Ekans', 'Articuno', 'Golbat']",29,4,5
smogtours-gen1ubers-750478,[Gen 1] UBERS,2024-02-27 20:44:41,,fissure61188,aurasphere76841,aurasphere76841,True,"['Exeggutor', 'Mewtwo', 'Mew', 'Jynx', 'Rhydon', 'Snorlax']","['Mewtwo', 'Mew', 'Exeggutor', 'Gengar', 'Chansey', 'Snorlax']",277,109,114
smogtours-gen1ubers-816164,[Gen 1] UBERS,2025-01-26 15:27:01,,status34375,wacanberry11962,wacanberry11962,False,"['Mewtwo', 'Exeggutor', 'Mew', 'Zapdos', 'Snorlax', 'Articuno']","['Mew', 'Exeggutor', 'Mewtwo', 'Tauros', 'Zapdos', 'Rhydon']",23,11,7
smogtours-gen1ubers-747280,[Gen 1] UBERS,2024-02-13 21:10:17,,lotad52239,rattata90247,lotad52239,True,"['Mew', 'Mewtwo', 'Tauros', 'Chansey', 'Rhydon', 'Snorlax']","['Mewtwo', 'Mew', 'Chansey', 'Snorlax', 'Rhydon', 'Alakazam']",42,10,10
smogtours-gen1ubers-182501,[Gen 1] UBERS,2016-07-31 21:46:08,,krabby97145,mefirst94337,mefirst94337,False,"['Mew', 'Exeggutor', 'Slowbro', 'Gengar', 'Chansey', 'Snorlax']","['Mew', 'Tauros', 'Zapdos', 'Chansey', 'Snorlax', 'Alakazam']",66,22,21
gen1ubers-458191629,[Gen 1] UBERS,2016-10-16 16:02:49,,armthrust70480,misdreavus32098,misdreavus32098,False,"['Mewtwo', 'Mew', 'Golem', 'Jynx', 'Chansey', 'Snorlax']","['Mew', 'Mewtwo', 'Tauros', 'Slowbro', 'Chansey', 'Snorlax']",64,15,9
smogtours-gen1ubers-592563,[Gen 1] UBERS,2021-11-12 20:33:02,,synchronize14428,closecombat89914,synchronize14428,False,"['Starmie', 'Mew', 'Exeggutor', 'Mewtwo', 'Chansey', 'Snorlax']","['Starmie', 'Mew', 'Exeggutor', 'Mewtwo', 'Chansey', 'Snorlax']",280,28,39
smogtours-gen1ubers-697676,[Gen 1] UBERS,2023-06-17 18:21:07,,habanberry18693,aurasphere76841,aurasphere76841,True,"['Mewtwo', 'Mew', 'Tauros', 'Zapdos', 'Chansey', 'Snorlax']","['Mewtwo', 'Mew', 'Tauros', 'Slowbro', 'Chansey', 'Snorlax']",58,17,10
smogtours-gen1ubers-675791,[Gen 1] UBERS,2023-02-19 04:08:37,,alakazam8068,castform97328,castform97328,False,"['Mew', 'Mewtwo', 'Jolteon', 'Tauros', 'Chansey', 'Snorlax']","['Mew', 'Mewtwo', 'Zapdos', 'Jynx', 'Chansey', 'Snorlax']",175,15,14
gen1ubers-1044728720,[Gen 1] UBERS,2020-01-11 22:22:55,,blacksludge7920,hitmontop28431,hitmontop28431,True,"['Pidgeot', 'Electrode', 'Hitmonchan', 'Marowak', 'Mr. Mime', 'Dewgong']","['Golduck', 'Raichu', 'Magmar', 'Sandslash']",17,7,4
smogtours-gen1ubers-668681,[Gen 1] UBERS,2023-01-15 02:25:17,,drapion2237,arceusghost8496,drapion2237,True,"['Starmie', 'Mew', 'Chansey', 'Rhydon', 'Snorlax']","['Exeggutor', 'Mewtwo', 'Mew', 'Zapdos', 'Chansey', 'Snorlax']",48,14,17
rom-gen1ubers-468271,[Gen 1] UBERS,2018-12-02 18:48:58,,constrict58938,sudowoodo17153,constrict58938,False,"['Mew', 'Exeggutor', 'Slowbro', 'Zapdos', 'Snorlax']","['Mewtwo', 'Mew', 'Slowbro', 'Jynx', 'Chansey', 'Snorlax']",31,4,8
gen1ubers-759317855,[Gen 1] UBERS,2018-06-08 04:08:19,1000,dialga48280,solidrock32883,dialga48280,False,"['Gengar', 'Mew', 'Exeggutor']","['Mewtwo', 'Snorlax', 'Dragonite']",16,3,4
smogtours-gen1ubers-775914,[Gen 1] UBERS,2024-06-22 12:28:27,,aquaring89206,snubbull75943,aquaring89206,False,"['Starmie', 'Exeggutor', 'Mew', 'Mewtwo', 'Rhydon', 'Snorlax']","['Mewtwo', 'Mew', 'Zapdos', 'Gengar', 'Chansey', 'Snorlax']",36,10,14
gen1ubers-2130002991,[Gen 1] UBERS,2024-05-25 02:04:14,,splashplate36398,gible65560,gible65560,True,"['Electrode', 'Chansey']",['Electrode'],38,20,0
rom-gen1ubers-249463,[Gen 1] UBERS,2018-02-24 11:55:41,,chingling18487,sudowoodo17153,chingling18487,False,"['Starmie', 'Mew', 'Exeggutor', 'Tauros', 'Zapdos', 'Alakazam']","['Mew', 'Mewtwo', 'Slowbro', 'Jynx', 'Chansey', 'Snorlax']",28,5,7
gen1ubers-755878547,[Gen 1] UBERS,2018-06-01 02:53:00,,woodhammer83701,miltank57341,woodhammer83701,False,"['Jigglypuff', 'Lapras', 'Ditto', 'Charmeleon']","['Rhyhorn', 'Nidorino', 'Nidoqueen', 'Kangaskhan']",24,4,3
smogtours-gen1ubers-652412,[Gen 1] UBERS,2022-10-02 17:14:28,,iceball26708,starfberry84995,iceball26708,False,"['Starmie', 'Mew', 'Mewtwo', 'Chansey', 'Snorlax']","['Mewtwo', 'Mew', 'Zapdos', 'Gengar', 'Chansey', 'Snorlax']",27,6,9
smogtours-gen1ubers-698502,[Gen 1] UBERS,2023-06-22 17:11:41,,alakazam8068,aurasphere76841,aurasphere76841,False,"['Mewtwo', 'Exeggutor', 'Mew', 'Tauros', 'Slowbro', 'Snorlax']","['Mew', 'Exeggutor', 'Mewtwo', 'Zapdos', 'Chansey', 'Snorlax']",46,18,14
smogtours-gen1ubers-699781,[Gen 1] UBERS,2023-06-28 20:35:47,,fissure61188,aurasphere76841,fissure61188,False,"['Mew', 'Exeggutor', 'Mewtwo', 'Zapdos', 'Chansey', 'Snorlax']","['Mewtwo', 'Exeggutor', 'Mew', 'Zapdos', 'Chansey', 'Snorlax']",64,17,15
gen1ubers-708748359,[Gen 1] UBERS,2018-02-24 04:11:09,,chingling18487,ursaring77378,chingling18487,False,"['Starmie', 'Exeggutor', 'Zapdos', 'Tauros']","['Starmie', 'Mew', 'Exeggutor', 'Zapdos', 'Chansey', 'Snorlax']",23,4,6
gen1ubers-913239014,[Gen 1] UBERS,2019-05-20 20:38:41,,tailwhip2839,return265,tailwhip2839,False,"['Starmie', 'Mew', 'Exeggutor', 'Tauros', 'Snorlax']","['Exeggutor', 'Mew', 'Tauros', 'Jynx', 'Chansey', 'Snorlax']",32,6,9
gen1ubers-1049881009,[Gen 1] UBERS,2020-01-20 23:26:22,,heartswap3972,unburden78223,heartswap3972,True,"['Dugtrio', 'Charizard', 'Gyarados', 'Aerodactyl']","['Tauros', 'Machamp', 'Jynx', 'Chansey', 'Gengar']",17,3,4
smogtours-gen1ubers-672836,[Gen 1] UBERS,2023-02-04 18:42:38,,extrasensory89042,psn38480,extrasensory89042,False,"['Mew', 'Mewtwo', 'Slowbro', 'Zapdos', 'Chansey', 'Snorlax']","['Mewtwo', 'Mew', 'Slowbro', 'Gengar', 'Chansey', 'Snorlax']",47,6,11
rom-gen1ubers-468431,[Gen 1] UBERS,2018-12-02 20:57:29,,constrict58938,sudowoodo17153,constrict58938,False,"['Mew', 'Mewtwo', 'Slowbro', 'Zapdos', 'Chansey', 'Snorlax']","['Mewtwo', 'Mew', 'Slowbro', 'Jynx', 'Chansey', 'Snorlax']",67,6,9
gen1ubers-824845939,[Gen 1] UBERS,2018-11-23 03:15:38,,wormadamtrash50615,babiriberry53499,wormadamtrash50615,False,"['Exeggutor', 'Charizard', 'Hypno', 'Rhydon', 'Blastoise']","['Cloyster', 'Vileplume', 'Aerodactyl', 'Mr. Mime', 'Hitmonlee', 'Arcanine']",27,5,14
gen1ubers-664219430,[Gen 1] UBERS,2017-11-24 22:37:44,,aggron60452,stickybarb85522,aggron60452,False,"['Mew', 'Mewtwo', 'Slowbro', 'Gengar', 'Chansey', 'Snorlax']","['Starmie', 'Mew', 'Mewtwo', 'Tauros', 'Chansey', 'Snorlax']",212,57,46
gen1ubers-2216682171,[Gen 1] UBERS,2024-10-05 20:40:21,,worryseed60566,icicleplate34087,icicleplate34087,False,"['Exeggutor', 'Mew', 'Mewtwo', 'Slowbro', 'Zapdos', 'Snorlax']","['Cloyster', 'Mewtwo', 'Machamp', 'Gengar', 'Dragonite']",38,10,5
gen1ubers-749548279,[Gen 1] UBERS,2018-05-19 04:06:59,,woodhammer83701,miltank57341,woodhammer83701,False,"['Pikachu', 'Charmeleon', 'Fearow', 'Bulbasaur', 'Squirtle']","['Vileplume', 'Exeggcute', 'Victreebel', 'Weepinbell', 'Gloom', 'Tangela']",38,6,5
rom-gen1ubers-764874,[Gen 1] UBERS,2020-02-23 00:24:19,,constrict58938,sudowoodo17153,constrict58938,False,"['Mew', 'Exeggutor', 'Mewtwo', 'Slowbro', 'Chansey', 'Snorlax']","['Mewtwo', 'Mew', 'Slowbro', 'Jynx', 'Chansey', 'Snorlax']",135,9,7
gen1ubers-628029879,[Gen 1] UBERS,2017-09-06 21:43:28,,nidoking43257,powerelectric13718,powerelectric13718,True,"['Mewtwo', 'Tauros', 'Dodrio', 'Arbok', 'Lickitung', 'Snorlax']","['Cloyster', 'Mew', 'Mewtwo', 'Jolteon', 'Chansey', 'Rhydon']",79,7,5
smogtours-gen1ubers-779997,[Gen 1] UBERS,2024-07-13 21:25:20,,aurasphere76841,turtwig66502,aurasphere76841,False,"['Starmie', 'Mewtwo', 'Mew', 'Jynx', 'Rhydon', 'Snorlax']","['Mew', 'Mewtwo', 'Exeggutor', 'Tauros', 'Zapdos', 'Snorlax']",85,20,11
gen1ubers-2037736463,[Gen 1] UBERS,2024-01-18 00:51:24,,duskball18985,kingdra25969,duskball18985,False,['Electrode'],"['Electrode', 'Chansey']",65,0,37
gen1ubers-554788315,[Gen 1] UBERS,2017-03-30 18:56:28,,scopelens48035,armthrust70480,scopelens48035,False,"['Mew', 'Mewtwo']","['Mew', 'Mewtwo', 'Tauros', 'Gengar', 'Chansey', 'Snorlax']",22,1,7
smogtours-gen1ubers-751158,[Gen 1] UBERS,2024-03-02 23:14:32,,aurasphere76841,snowwarning53744,aurasphere76841,False,"['Starmie', 'Mew', 'Mewtwo', 'Exeggutor', 'Tauros', 'Snorlax']","['Mewtwo', 'Exeggutor', 'Mew', 'Tauros', 'Rhydon', 'Snorlax']",34,10,11
gen1ubers-532180155,[Gen 1] UBERS,2017-02-12 03:20:24,,miltank57341,woodhammer83701,woodhammer83701,False,"['Nidoking', 'Nidoqueen', 'Dugtrio', 'Persian', 'Rhydon']","['Sandslash', 'Kadabra', 'Cloyster', 'Flareon']",28,4,3
gen1ubers-526822913,[Gen 1] UBERS,2017-02-01 03:42:49,,miltank57341,woodhammer83701,miltank57341,False,"['Tangela', 'Gloom', 'Weepinbell']","['Sandshrew', 'Vulpix', 'Eevee', 'Magnemite', 'Fearow']",30,2,4
smogtours-gen1ubers-584613,[Gen 1] UBERS,2021-10-08 19:57:02,,payday74254,innerfocus91859,innerfocus91859,False,"['Mew', 'Mewtwo', 'Tauros', 'Chansey', 'Rhydon', 'Snorlax']","['Mewtwo', 'Exeggutor', 'Mew', 'Chansey', 'Rhydon', 'Snorlax']",93,10,9
smogtours-gen1ubers-676536,[Gen 1] UBERS,2023-02-19 22:09:36,,castform97328,drought77787,castform97328,False,"['Mewtwo', 'Mew', 'Golem', 'Gengar', 'Snorlax']","['Mewtwo', 'Mew', 'Slowbro', 'Zapdos', 'Chansey', 'Snorlax']",34,4,9
smogtours-gen1ubers-707976,[Gen 1] UBERS,2023-08-06 02:16:15,,psn38480,drapion2237,psn38480,False,"['Mew', 'Mewtwo', 'Gengar', 'Chansey', 'Snorlax', 'Dragonite']","['Mewtwo', 'Exeggutor', 'Mew', 'Snorlax', 'Rhydon', 'Alakazam']",87,25,36
gen1ubers-2172444456,[Gen 1] UBERS,2024-08-03 03:48:21,1089,shaymin79666,calmmind8048,shaymin79666,True,"['Mew', 'Zapdos', 'Gengar', 'Chansey', 'Snorlax']","['Cloyster', 'Mewtwo', 'Mew', 'Exeggutor', 'Chansey', 'Snorlax']",21,6,11
gen1ubers-1137672402,[Gen 1] UBERS,2020-06-22 22:55:59,,cranidos9637,gunkshot9424,gunkshot9424,False,"['Mew', 'Mewtwo', 'Tauros', 'Chansey', 'Rhydon', 'Snorlax']","['Mewtwo', 'Mew', 'Slowbro', 'Jynx', 'Chansey', 'Snorlax']",55,17,14
smogtours-gen1ubers-773841,[Gen 1] UBERS,2024-06-10 23:43:08,,gardevoir83362,aeroblast62938,aeroblast62938,False,"['Mewtwo', 'Mew', 'Tauros', 'Jynx', 'Chansey', 'Snorlax']","['Mew', 'Mewtwo', 'Zapdos', 'Jynx', 'Chansey', 'Snorlax']",65,13,10
smogtours-gen1ubers-526027,[Gen 1] UBERS,2020-11-07 17:33:08,,innerfocus91859,synchronize14428,innerfocus91859,False,"['Mew', 'Mewtwo', 'Tauros', 'Gengar', 'Chansey', 'Snorlax']","['Mew', 'Mewtwo', 'Tauros', 'Chansey', 'Rhydon', 'Snorlax']",52,15,17
smogtours-gen1ubers-773971,[Gen 1] UBERS,2024-06-11 20:35:31,,rockslide51850,hydration14492,hydration14492,False,"['Mew', 'Mewtwo', 'Tauros', 'Jynx', 'Rhydon', 'Snorlax']","['Mew', 'Mewtwo', 'Exeggutor', 'Tauros', 'Rhydon', 'Snorlax']",50,17,10
smogtours-gen1ubers-706003,[Gen 1] UBERS,2023-07-28 02:12:47,,sandattack94842,drapion2237,sandattack94842,True,"['Mew', 'Mewtwo', 'Tauros', 'Zapdos', 'Chansey', 'Snorlax']","['Exeggutor', 'Mewtwo', 'Mew', 'Gengar', 'Chansey', 'Rhydon']",75,14,17
gen1ubers-773592538,[Gen 1] UBERS,2018-07-09 21:04:18,,return265,earthplate76554,earthplate76554,True,"['Mew', 'Mewtwo', 'Tauros', 'Slowbro', 'Jynx', 'Chansey']","['Exeggutor', 'Mewtwo', 'Tauros', 'Jynx', 'Chansey', 'Snorlax']",56,10,7
gen1ubers-396668871,[Gen 1] UBERS,2016-07-07 23:19:58,,spoink67267,motordrive45432,spoink67267,True,"['Mewtwo', 'Exeggutor', 'Tauros', 'Chansey', 'Snorlax']","['Mew', 'Mewtwo', 'Slowbro', 'Jynx', 'Chansey', 'Snorlax']",41,9,15
smogtours-gen1ubers-654496,[Gen 1] UBERS,2022-10-13 18:16:44,,psn38480,mefirst94337,psn38480,True,"['Mewtwo', 'Mew', 'Slowbro', 'Gengar', 'Chansey', 'Snorlax']","['Mewtwo', 'Mew', 'Slowbro', 'Chansey', 'Snorlax', 'Alakazam']",33,14,12
smogtours-gen1ubers-505857,[Gen 1] UBERS,2020-06-10 21:07:59,,synchronize14428,mefirst94337,mefirst94337,False,"['Mewtwo', 'Mew', 'Slowbro', 'Gengar', 'Chansey', 'Snorlax']","['Mewtwo', 'Mew', 'Jolteon', 'Tauros', 'Chansey', 'Snorlax']",53,19,15
gen1ubers-1111977583,[Gen 1] UBERS,2020-05-10 05:32:01,,deoxysattack10208,luvdisc92099,luvdisc92099,False,"['Mew', 'Jynx', 'Gengar', 'Chansey', 'Alakazam', 'Snorlax']","['Mew', 'Jynx', 'Gengar', 'Chansey', 'Snorlax', 'Alakazam']",85,16,6
smogtours-gen1ubers-790108,[Gen 1] UBERS,2024-09-09 15:21:18,,arceusghost51402,poisonpowder88566,arceusghost51402,True,"['Exeggutor', 'Mewtwo', 'Mew', 'Zapdos', 'Chansey', 'Rhydon']","['Mew', 'Mewtwo', 'Victreebel', 'Rhydon', 'Alakazam', 'Dragonite']",133,47,40
gen1ubers-2272853459,[Gen 1] UBERS,2024-12-31 22:40:49,,shayminsky21321,withdraw69638,withdraw69638,False,"['Ninetales', 'Jolteon', 'Zapdos', 'Alakazam', 'Beedrill', 'Dragonite']",['Mewtwo'],12,5,0
smogtours-gen1ubers-780482,[Gen 1] UBERS,2024-07-15 03:23:55,,arbok74124,icebody51285,arbok74124,False,"['Mew', 'Mewtwo', 'Zapdos', 'Jynx', 'Chansey', 'Snorlax']","['Mew', 'Mewtwo', 'Tauros', 'Gengar', 'Chansey', 'Snorlax']",47,6,8
gen1ubers-1146964938,[Gen 1] UBERS,2020-07-07 20:17:30,,hardstone38877,sniper37374,hardstone38877,False,"['Pidgeot', 'Alakazam', 'Gyarados', 'Rhydon', 'Venusaur']","['Lapras', 'Charizard', 'Venusaur', 'Pikachu', 'Snorlax', 'Blastoise']",26,5,11
gen1ubers-2174064059,[Gen 1] UBERS,2024-08-05 17:45:38,1091,mismagius33077,calmmind8048,mismagius33077,True,"['Moltres', 'Mew', 'Mewtwo', 'Gengar', 'Chansey', 'Snorlax']","['Cloyster', 'Exeggutor', 'Mewtwo', 'Mew', 'Chansey', 'Snorlax']",27,6,7
gen1ubers-448068462,[Gen 1] UBERS,2016-09-30 17:14:27,,scrappy64324,arbok66403,arbok66403,False,"['Mew', 'Lapras', 'Jolteon', 'Golem', 'Alakazam', 'Snorlax']","['Mew', 'Jolteon', 'Weedle', 'Snorlax', 'Gyarados', 'Venusaur']",32,8,7
gen1ubers-397850712,[Gen 1] UBERS,2016-07-10 17:50:38,,icepunch49350,metalburst30943,icepunch49350,False,"['Jynx', 'Mewtwo', 'Slowbro', 'Mew']","['Mew', 'Mewtwo', 'Slowbro', 'Jynx', 'Chansey', 'Snorlax']",182,6,10
gen1ubers-2051255910,[Gen 1] UBERS,2024-02-04 04:17:05,,charm4292,meadowplate46739,charm4292,False,"['Ninetales', 'Poliwrath', 'Muk', 'Ekans', 'Electabuzz', 'Alakazam']","['Seadra', 'Raticate', 'Gengar', 'Ivysaur', 'Hypno', 'Raichu']",55,15,16
smogtours-gen1ubers-821335,[Gen 1] UBERS,2025-02-22 19:07:39,,psn38480,wacanberry11962,wacanberry11962,True,"['Exeggutor', 'Mewtwo', 'Mew', 'Tauros', 'Slowbro', 'Zapdos']","['Cloyster', 'Mewtwo', 'Mew', 'Exeggutor', 'Rhydon', 'Alakazam']",61,26,26
smogtours-gen1ubers-721750,[Gen 1] UBERS,2023-10-05 16:53:32,,shadowsneak30,mudsport71981,mudsport71981,True,"['Mew', 'Mewtwo', 'Slowbro', 'Chansey', 'Snorlax', 'Alakazam']","['Mew', 'Mewtwo', 'Exeggutor', 'Sandslash', 'Snorlax']",42,14,9
rom-gen1ubers-484245,[Gen 1] UBERS,2018-12-18 23:03:00,,constrict58938,sudowoodo17153,constrict58938,False,"['Mew', 'Slowbro', 'Zapdos', 'Chansey', 'Snorlax']","['Mewtwo', 'Mew', 'Slowbro', 'Jynx', 'Chansey', 'Snorlax']",23,6,11
gen1ubers-2186955595,[Gen 1] UBERS,2024-08-24 18:37:35,1043,heatran44736,closecombat60098,heatran44736,True,"['Mew', 'Mewtwo', 'Victreebel', 'Rhydon', 'Alakazam']","['Starmie', 'Mew', 'Exeggutor', 'Mewtwo', 'Zapdos', 'Snorlax']",40,8,8
smogtours-gen1ubers-82156,[Gen 1] UBERS,2015-08-15 19:18:33,,hustle11937,weedle49700,hustle11937,False,"['Mewtwo', 'Exeggutor', 'Mew', 'Zapdos', 'Gengar', 'Snorlax']","['Starmie', 'Mew', 'Mewtwo', 'Slowbro', 'Chansey', 'Snorlax']",26,8,12
smogtours-gen1ubers-651368,[Gen 1] UBERS,2022-09-26 18:39:58,,pechaberry70723,seedot88254,pechaberry70723,True,"['Mewtwo', 'Mew', 'Exeggutor', 'Gengar', 'Snorlax']","['Mewtwo', 'Mew', 'Slowbro', 'Jynx', 'Snorlax']",21,4,4
gen1ubers-2178265898,[Gen 1] UBERS,2024-08-12 00:25:34,1000,flareon98759,spikecannon75283,spikecannon75283,False,"['Pidgeot', 'Mewtwo', 'Kangaskhan', 'Zapdos', 'Gengar', 'Venusaur']","['Cloyster', 'Mew', 'Mewtwo', 'Chansey', 'Alakazam', 'Snorlax']",36,5,9
gen1ubers-2173607768,[Gen 1] UBERS,2024-08-05 00:30:31,1000,diglett37152,meanlook24230,diglett37152,True,"['Cloyster', 'Mew', 'Charizard', 'Mewtwo', 'Golem', 'Chansey']","['Mewtwo', 'Exeggutor', 'Chansey', 'Snorlax', 'Alakazam', 'Dragonite']",67,13,11
gen1ubers-854747454,[Gen 1] UBERS,2019-01-28 00:33:29,,phanpy30364,aggron60452,aggron60452,False,"['Mewtwo', 'Mew', 'Charizard', 'Butterfree', 'Zapdos', 'Ditto']","['Exeggutor', 'Jolteon', 'Tauros', 'Zapdos', 'Chansey', 'Snorlax']",40,6,10
smogtours-gen1ubers-816178,[Gen 1] UBERS,2025-01-26 16:00:11,,fissure61188,wacanberry11962,fissure61188,False,"['Mewtwo', 'Mew', 'Gengar', 'Victreebel', 'Rhydon', 'Snorlax']","['Exeggutor', 'Mew', 'Mewtwo', 'Slowbro', 'Chansey', 'Rhydon']",55,13,12
gen1ubers-840999410,[Gen 1] UBERS,2018-12-27 02:45:55,,delcatty31981,yanmega41886,delcatty31981,True,"['Starmie', 'Mewtwo', 'Mew', 'Jynx', 'Victreebel', 'Dragonite']","['Mew', 'Mewtwo', 'Golem', 'Jynx', 'Chansey', 'Snorlax']",64,11,15
gen1ubers-698387820,[Gen 1] UBERS,2018-02-03 06:55:07,,memento36980,brickbreak27182,brickbreak27182,False,"['Venomoth', 'Mewtwo', 'Jolteon', 'Gengar', 'Gyarados', 'Arcanine']","['Mewtwo', 'Charizard', 'Zapdos', 'Golem', 'Dragonite', 'Blastoise']",34,6,6
gen1ubers-2180903203,[Gen 1] UBERS,2024-08-15 21:59:29,1179,poisontail7926,gloom24666,poisontail7926,False,"['Mewtwo', 'Exeggutor', 'Mew', 'Tauros', 'Zapdos', 'Snorlax']","['Starmie', 'Mew', 'Mewtwo', 'Chansey', 'Rhydon', 'Snorlax']",57,10,9
gen1ubers-507031134,[Gen 1] UBERS,2016-12-28 21:14:00,,magnezone60470,pinsir32907,pinsir32907,False,"['Sandslash', 'Golem', 'Chansey', 'Persian', 'Clefable', 'Raichu']","['Mew', 'Pinsir', 'Nidoqueen', 'Zapdos', 'Tentacruel']",48,9,7
gen1ubers-2173383164,[Gen 1] UBERS,2024-08-04 17:23:02,1066,growl5652,gligar60591,growl5652,True,"['Gengar', 'Chansey', 'Mew']","['Mew', 'Exeggutor', 'Snorlax', 'Tauros']",16,2,4
gen1ubers-2182608082,[Gen 1] UBERS,2024-08-18 15:13:02,,jigglypuff93267,shucaberry78601,jigglypuff93267,False,"['Starmie', 'Exeggutor', 'Golem', 'Persian', 'Snorlax']","['Seadra', 'Golduck', 'Exeggutor', 'Omastar', 'Electrode', 'Poliwrath']",22,5,8
gen1ubers-729838146,[Gen 1] UBERS,2018-04-08 16:12:24,,dialga48280,mefirst94337,mefirst94337,True,"['Mewtwo', 'Mew', 'Exeggutor', 'Tauros', 'Slowbro', 'Snorlax']","['Mew', 'Exeggutor', 'Mewtwo', 'Tauros', 'Zapdos', 'Snorlax']",26,5,6
smogtours-gen1ubers-675580,[Gen 1] UBERS,2023-02-18 18:15:31,,psn38480,powerherb16934,psn38480,False,"['Mew', 'Mewtwo', 'Zapdos', 'Gengar', 'Chansey', 'Snorlax']","['Mew', 'Mewtwo', 'Tauros', 'Gengar', 'Chansey', 'Snorlax']",52,12,6
gen1ubers-712437630,[Gen 1] UBERS,2018-03-03 16:30:55,,delcatty31981,cloudnine5223,delcatty31981,False,"['Mew', 'Mewtwo', 'Electrode', 'Golem', 'Jynx', 'Chansey']","['Mew', 'Exeggutor', 'Mewtwo', 'Electrode', 'Chansey', 'Persian']",76,9,13
gen1ubers-2186922100,[Gen 1] UBERS,2024-08-24 17:39:39,,powerfighting14718,jumpluff23998,powerfighting14718,False,"['Cloyster', 'Mew', 'Mewtwo', 'Tauros', 'Rhydon', 'Snorlax']","['Exeggutor', 'Mewtwo', 'Mew', 'Gengar', 'Chansey', 'Snorlax']",39,8,6
gen1ubers-768741141,[Gen 1] UBERS,2018-06-28 17:57:15,1000,wish6631,purugly52518,purugly52518,False,"['Mewtwo', 'Charizard', 'Golem', 'Raichu', 'Venusaur', 'Blastoise']","['Mewtwo', 'Charizard', 'Gengar', 'Rhydon', 'Snorlax', 'Blastoise']",38,19,15
smogtours-gen1ubers-648270,[Gen 1] UBERS,2022-09-17 01:58:55,,castform97328,psn38480,castform97328,True,"['Mewtwo', 'Tauros', 'Chansey', 'Snorlax', 'Alakazam']","['Mew', 'Exeggutor', 'Mewtwo', 'Tauros', 'Chansey', 'Snorlax']",46,5,10
smogtours-gen1ubers-530368,[Gen 1] UBERS,2020-11-29 23:12:27,,innerfocus91859,sacredfire231,sacredfire231,False,"['Cloyster', 'Mewtwo', 'Mew', 'Tauros', 'Chansey', 'Snorlax']","['Mew', 'Mewtwo', 'Jolteon', 'Tauros', 'Chansey', 'Snorlax']",66,12,11
smogtours-gen1ubers-587155,[Gen 1] UBERS,2021-10-16 20:53:36,,arceusghost8496,koffing93492,arceusghost8496,True,"['Gengar', 'Chansey', 'Snorlax', 'Zapdos']","['Mew', 'Zapdos', 'Gengar', 'Chansey', 'Snorlax']",33,7,7
gen1ubers-2073339098,[Gen 1] UBERS,2024-03-04 18:20:50,,gorebyss2916,murkrow9224,gorebyss2916,False,['Electrode'],"['Electrode', 'Chansey']",62,0,38
smogtours-gen1ubers-785098,[Gen 1] UBERS,2024-08-10 20:14:43,,psn38480,aurasphere76841,aurasphere76841,True,"['Cloyster', 'Exeggutor', 'Mew', 'Mewtwo', 'Zapdos', 'Snorlax']","['Starmie', 'Mewtwo', 'Mew', 'Jynx', 'Rhydon', 'Snorlax']",45,15,19
gen1ubers-1134357390,[Gen 1] UBERS,2020-06-17 19:17:37,,synchronize7839,mefirst94337,mefirst94337,False,"['Mew', 'Mewtwo', 'Slowbro', 'Jynx', 'Chansey', 'Snorlax']","['Mew', 'Mewtwo', 'Tauros', 'Zapdos', 'Chansey']",47,7,5
gen1ubers-1128006935,[Gen 1] UBERS,2020-06-06 18:16:49,,crushclaw7795,effectspore58495,effectspore58495,True,"['Mew', 'Mewtwo', 'Jolteon', 'Chansey', 'Victreebel', 'Rhydon']","['Mew', 'Exeggutor', 'Mewtwo', 'Tauros', 'Chansey', 'Snorlax']",64,7,13
gen1ubers-1132051043,[Gen 1] UBERS,2020-06-13 17:15:06,,nightslash51995,waterpulse35893,nightslash51995,False,"['Mewtwo', 'Exeggutor', 'Mew', 'Tauros', 'Slowbro', 'Snorlax']","['Exeggutor', 'Mewtwo', 'Mew', 'Gengar', 'Chansey', 'Snorlax']",45,7,13
gen1ubers-726655634,[Gen 1] UBERS,2018-04-01 20:35:01,,moltres25439,tailwhip50937,moltres25439,True,"['Gengar', 'Mewtwo', 'Zapdos', 'Tauros']","['Slowbro', 'Exeggutor', 'Tauros']",13,4,2
smogtours-gen1ubers-153836,[Gen 1] UBERS,2016-04-23 15:02:22,,starly21199,powerherb16934,starly21199,False,"['Mew', 'Aerodactyl', 'Tauros', 'Alakazam', 'Snorlax']","['Cloyster', 'Exeggutor', 'Mew', 'Tauros', 'Gengar', 'Alakazam']",38,4,7
smogtours-gen1ubers-703501,[Gen 1] UBERS,2023-07-16 01:41:45,,sandattack94842,adaptability45192,adaptability45192,True,"['Mewtwo', 'Mew', 'Slowbro', 'Gengar', 'Chansey', 'Snorlax']","['Mewtwo', 'Exeggutor', 'Mew', 'Tauros', 'Chansey', 'Snorlax']",62,19,20
gen1ubers-621579980,[Gen 1] UBERS,2017-08-23 20:38:46,,magnetrise41863,monferno30755,magnetrise41863,False,"['Mewtwo', 'Dragonair', 'Gengar', 'Dewgong', 'Arcanine']","['Kabuto', 'Rattata', 'Ditto', 'Kakuna', 'Beedrill', 'Gastly']",40,7,12
gen1ubers-2175065513,[Gen 1] UBERS,2024-08-07 03:36:43,1147,rollout94469,firespin54999,rollout94469,True,"['Cloyster', 'Mewtwo', 'Mew', 'Onix', 'Hypno', 'Snorlax']","['Mew', 'Exeggutor', 'Mewtwo', 'Slowbro', 'Chansey', 'Snorlax']",85,26,29
gen1ubers-762539495,[Gen 1] UBERS,2018-06-14 22:48:01,1018,porygon92447,delcatty31981,delcatty31981,False,"['Mewtwo', 'Mew', 'Zapdos', 'Rhydon', 'Snorlax', 'Blastoise']","['Mew', 'Mewtwo', 'Electrode', 'Golem', 'Jynx', 'Chansey']",56,11,11
gen1ubers-2172311499,[Gen 1] UBERS,2024-08-02 23:04:39,1103,softboiled62997,weepinbell68120,softboiled62997,False,"['Mewtwo', 'Exeggutor', 'Mew', 'Tauros', 'Chansey', 'Snorlax']","['Mew', 'Mewtwo', 'Tauros', 'Zapdos', 'Chansey', 'Snorlax']",43,10,13
gen1ubers-558608567,[Gen 1] UBERS,2017-04-08 00:47:46,,meditate29709,woodhammer83701,meditate29709,False,"['Tangela', 'Gloom', 'Weepinbell']","['Sandshrew', 'Eevee', 'Shellder', 'Magnemite', 'Fearow']",28,2,5
smogtours-gen1ubers-182462,[Gen 1] UBERS,2016-07-31 20:49:25,,zoomlens15496,krabby97145,krabby97145,False,"['Exeggutor', 'Mew', 'Zapdos', 'Gengar', 'Chansey', 'Snorlax']","['Exeggutor', 'Mew', 'Slowbro', 'Gengar', 'Chansey', 'Snorlax']",76,8,7
gen1ubers-826758243,[Gen 1] UBERS,2018-10-28 04:24:41,,camerupt44165,staryu3108,staryu3108,False,"['Starmie', 'Exeggutor', 'Mewtwo', 'Mew', 'Slowbro', 'Jynx']","['Starmie', 'Mewtwo', 'Mew', 'Zapdos', 'Rhydon', 'Snorlax']",36,7,10
gen1ubers-525236450,[Gen 1] UBERS,2017-01-29 04:05:39,,miltank57341,woodhammer83701,woodhammer83701,False,"['Starmie', 'Staryu']","['Spearow', 'Rattata', 'Sandshrew']",17,1,2
smogtours-gen1ubers-587284,[Gen 1] UBERS,2021-10-17 15:18:26,,lifeorb26007,bidoof62502,bidoof62502,True,"['Mewtwo', 'Exeggutor', 'Mew', 'Jynx', 'Chansey', 'Snorlax']","['Exeggutor', 'Mewtwo', 'Mew', 'Gengar', 'Chansey', 'Snorlax']",107,17,21
gen1ubers-356299645,[Gen 1] UBERS,2016-04-08 19:01:58,,fly92715,sludgebomb41859,fly92715,False,"['Exeggutor', 'Mewtwo', 'Gengar', 'Chansey', 'Snorlax']","['Exeggutor', 'Mewtwo', 'Mew', 'Gengar', 'Chansey', 'Snorlax']",70,6,9
gen1ubers-679234428,[Gen 1] UBERS,2017-12-25 05:20:41,,woodhammer83701,miltank57341,woodhammer83701,False,"['Aerodactyl', 'Venusaur', 'Poliwrath', 'Pikachu', 'Snorlax']","['Cloyster', 'Beedrill', 'Golem']",23,4,2
gen1ubers-755855206,[Gen 1] UBERS,2018-06-01 01:44:03,,woodhammer83701,miltank57341,woodhammer83701,False,"['Pikachu', 'Charmander']","['Onix', 'Geodude']",29,4,1
gen1ubers-2179557429,[Gen 1] UBERS,2024-08-13 22:12:18,1000,mismagius33077,feintattack4505,mismagius33077,False,"['Flareon', 'Hypno']","['Mew', 'Mewtwo', 'Tauros', 'Chansey', 'Snorlax']",28,1,4
gen1ubers-2171611232,[Gen 1] UBERS,2024-08-01 22:15:00,1060,stoneplate55960,softboiled62997,stoneplate55960,True,"['Exeggutor', 'Mewtwo', 'Tauros']","['Mew', 'Exeggutor', 'Mewtwo', 'Chansey', 'Snorlax']",28,3,12
gen1ubers-523525457,[Gen 1] UBERS,2017-01-26 01:56:16,,miltank57341,woodhammer83701,woodhammer83701,False,"['Charmander', 'Pidgeotto', 'Rattata', 'Abra']","['Starmie', 'Staryu']",18,4,1
gen1ubers-454402469,[Gen 1] UBERS,2016-10-10 12:29:30,,oddincense72660,chimecho62545,chimecho62545,False,"['Exeggutor', 'Mewtwo', 'Mew', 'Tauros', 'Gengar', 'Snorlax']","['Exeggutor', 'Mewtwo', 'Mew', 'Slowbro', 'Gengar', 'Snorlax']",59,11,12
gen1ubers-1130437063,[Gen 1] UBERS,2020-06-10 19:56:38,,flamethrower21140,facade60368,facade60368,False,"['Exeggutor', 'Mewtwo', 'Mew', 'Gengar', 'Chansey', 'Snorlax']","['Starmie', 'Mew', 'Exeggutor', 'Mewtwo', 'Chansey']",25,6,5
smogtours-gen1ubers-651654,[Gen 1] UBERS,2022-09-30 16:49:17,,nestball5505,crawdaunt31133,crawdaunt31133,True,"['Starmie', 'Mew', 'Exeggutor', 'Mewtwo', 'Chansey', 'Snorlax']","['Mewtwo', 'Mew', 'Zapdos', 'Jynx', 'Chansey', 'Snorlax']",128,11,8
smogtours-gen1ubers-716786,[Gen 1] UBERS,2023-09-17 00:38:34,,punishment8952,fissure35074,fissure35074,False,"['Mewtwo', 'Mew', 'Tauros', 'Jynx', 'Chansey', 'Snorlax']","['Mew', 'Mewtwo', 'Exeggutor', 'Zapdos', 'Golem', 'Snorlax']",35,13,11
gen1ubers-911622995,[Gen 1] UBERS,2019-05-18 00:49:49,,rotommow56443,spookyplate41616,rotommow56443,False,"['Cloyster', 'Tauros', 'Dewgong', 'Dugtrio', 'Hitmonlee', 'Venusaur']","['Exeggutor', 'Nidoking', 'Golem', 'Clefable', 'Arcanine', 'Golbat']",37,8,13
rom-gen1ubers-379114,[Gen 1] UBERS,2018-08-22 03:08:30,,helpinghand51132,sudowoodo17153,helpinghand51132,False,"['Slowbro', 'Mew', 'Snorlax', 'Zapdos']","['Mewtwo', 'Mew', 'Slowbro', 'Jynx', 'Chansey', 'Snorlax']",60,3,9
gen1ubers-1050447308,[Gen 1] UBERS,2020-01-21 22:59:09,,linoone7912,plusle50807,plusle50807,False,"['Pidgeotto', 'Growlithe', 'Butterfree', 'Arbok', 'Gloom']","['Doduo', 'Spearow', 'Pikachu', 'Nidorino', 'Clefable']",55,7,4
smogtours-gen1ubers-655931,[Gen 1] UBERS,2022-10-19 13:39:19,,adaptability45192,shadowsneak30,adaptability45192,False,"['Mewtwo', 'Exeggutor', 'Mew', 'Zapdos', 'Chansey', 'Snorlax']","['Mew', 'Mewtwo', 'Slowbro', 'Chansey', 'Snorlax', 'Alakazam']",50,9,14
gen1ubers-2177044502,[Gen 1] UBERS,2024-08-10 01:06:28,1000,revenge71921,smoochum47327,revenge71921,False,"['Vaporeon', 'Chansey', 'Snorlax', 'Tauros']","['Kingler', 'Mew', 'Mewtwo', 'Golem', 'Snorlax', 'Articuno']",24,4,6
gen1ubers-1121332123,[Gen 1] UBERS,2020-05-26 02:54:36,,ninetales87079,arenatrap27623,ninetales87079,False,"['Exeggutor', 'Mew', 'Tauros', 'Gengar', 'Chansey', 'Snorlax']","['Starmie', 'Mew', 'Exeggutor', 'Tauros', 'Golem', 'Chansey']",29,12,12
gen1ubers-820872037,[Gen 1] UBERS,2018-10-15 23:19:01,,armaldo41028,metapod2881,armaldo41028,False,"['Tauros', 'Alakazam', 'Snorlax']","['Mew', 'Lapras', 'Mewtwo', 'Tauros', 'Gengar', 'Snorlax']",74,3,5
gen1ubers-2064190830,[Gen 1] UBERS,2024-02-21 07:27:53,,bug23041,gorebyss2916,gorebyss2916,False,"['Gengar', 'Electrode', 'Aerodactyl']",['Electrode'],40,22,0
smogtours-gen1ubers-706604,[Gen 1] UBERS,2023-07-30 13:02:04,,deoxysdefense78874,powerherb16934,deoxysdefense78874,False,"['Mew', 'Mewtwo', 'Zapdos', 'Gengar', 'Chansey', 'Snorlax']","['Mew', 'Mewtwo', 'Exeggutor', 'Gengar', 'Chansey', 'Snorlax']",78,13,15
gen1ubers-1140244292,[Gen 1] UBERS,2020-06-26 18:59:34,,abra98723,lickitung58048,lickitung58048,False,"['Mewtwo', 'Lapras', 'Gengar', 'Rhydon', 'Snorlax', 'Dragonite']","['Mew', 'Mewtwo', 'Zapdos', 'Gengar', 'Snorlax']",24,7,5
smogtours-gen1ubers-145424,[Gen 1] UBERS,2016-04-01 23:12:13,,omastar87604,par84481,omastar87604,False,"['Exeggutor', 'Mew', 'Tauros', 'Jynx', 'Chansey', 'Snorlax']","['Exeggutor', 'Mew', 'Tauros', 'Jynx', 'Chansey', 'Snorlax']",65,15,15
smogtours-gen1ubers-144663,[Gen 1] UBERS,2016-03-29 19:36:23,,zoomlens15496,omastar87604,omastar87604,False,"['Starmie', 'Mew', 'Exeggutor', 'Jolteon', 'Tauros', 'Snorlax']","['Exeggutor', 'Mew', 'Tauros', 'Jynx', 'Chansey', 'Snorlax']",40,14,9
gen1ubers-407961720,[Gen 1] UBERS,2016-07-30 11:15:32,,gigadrain11480,blukberry6576,gigadrain11480,True,['Mewtwo'],"['Gengar', 'Raichu', 'Charizard', 'Dragonite']",5,0,3
gen1ubers-1012171241,[Gen 1] UBERS,2019-11-18 22:08:35,,torrent26398,diveball7316,diveball7316,False,['Mewtwo'],"['Slowbro', 'Tauros']",17,0,1
smogtours-gen1ubers-736991,[Gen 1] UBERS,2023-12-30 01:00:03,,mudsport71981,jolteon92120,mudsport71981,True,"['Mewtwo', 'Exeggutor', 'Mew', 'Tauros', 'Slowbro', 'Snorlax']","['Exeggutor', 'Mewtwo', 'Mew', 'Tauros', 'Zapdos', 'Snorlax']",134,33,45
smogtours-gen1ubers-748470,[Gen 1] UBERS,2024-02-18 21:16:57,,fissure61188,mudsport71981,mudsport71981,False,"['Mew', 'Mewtwo', 'Tauros', 'Chansey', 'Victreebel', 'Snorlax']","['Mew', 'Mewtwo', 'Exeggutor', 'Tauros', 'Rhydon', 'Snorlax']",89,17,8
smogtours-gen1ubers-592590,[Gen 1] UBERS,2021-11-12 21:44:09,,synchronize14428,deoxysdefense78874,synchronize14428,False,"['Starmie', 'Mew', 'Mewtwo', 'Tauros', 'Chansey', 'Snorlax']","['Mew', 'Mewtwo', 'Tauros', 'Zapdos', 'Chansey', 'Snorlax']",140,10,13
gen1ubers-1149898894,[Gen 1] UBERS,2020-07-12 18:00:06,,nightslash51995,roselia30851,nightslash51995,True,"['Exeggutor', 'Mew', 'Tauros', 'Slowbro', 'Snorlax']","['Starmie', 'Mewtwo', 'Mew', 'Zapdos', 'Golem', 'Snorlax']",45,7,9
gen1ubers-1049914799,[Gen 1] UBERS,2020-01-21 00:42:12,,mudbomb71092,manaphy75970,manaphy75970,True,"['Pidgeot', 'Lapras', 'Golem', 'Arbok', 'Alakazam']","['Exeggutor', 'Lapras', 'Rapidash', 'Gengar', 'Hitmonlee']",12,5,5
gen1ubers-430738046,[Gen 1] UBERS,2016-09-04 05:40:06,,shuppet59820,armaldo39941,shuppet59820,False,"['Mew', 'Mewtwo', 'Tauros', 'Zapdos', 'Gengar', 'Chansey']","['Cloyster', 'Mewtwo', 'Mew', 'Jolteon', 'Persian', 'Alakazam']",48,5,8
gen1ubers-922887257,[Gen 1] UBERS,2019-06-05 21:46:15,,rotom44224,gluttony83232,rotom44224,True,"['Mewtwo', 'Mew', 'Tauros', 'Gengar', 'Chansey', 'Rhydon']","['Mew', 'Mewtwo', 'Exeggutor', 'Slowbro', 'Chansey', 'Persian']",39,8,6
smogtours-gen1ubers-819809,[Gen 1] UBERS,2025-02-14 21:29:22,,azumarill79029,fissure61188,azumarill79029,False,"['Exeggutor', 'Mew', 'Mewtwo', 'Slowbro', 'Hypno', 'Rhydon']","['Mew', 'Mewtwo', 'Hypno', 'Rhydon', 'Snorlax', 'Articuno']",54,10,10
gen1ubers-245623122,[Gen 1] UBERS,2015-07-01 15:22:48,,splash21630,safariball30401,safariball30401,False,"['Exeggutor', 'Mewtwo', 'Lapras', 'Chansey', 'Snorlax', 'Alakazam']","['Mew', 'Exeggutor', 'Mewtwo', 'Slowbro', 'Chansey', 'Snorlax']",79,9,10
smogtours-gen1ubers-636072,[Gen 1] UBERS,2022-07-03 20:14:38,,starfberry84995,spinarak30219,starfberry84995,True,"['Starmie', 'Mew', 'Mewtwo', 'Tauros', 'Chansey', 'Snorlax']","['Mewtwo', 'Exeggutor', 'Mew', 'Tauros', 'Chansey', 'Snorlax']",53,17,19
smogtours-gen1ubers-706937,[Gen 1] UBERS,2023-07-30 21:39:17,,psn38480,arceusghost8496,psn38480,True,"['Mew', 'Mewtwo', 'Tauros', 'Chansey', 'Snorlax', 'Alakazam']","['Kingler', 'Starmie', 'Mew', 'Mewtwo', 'Aerodactyl', 'Chansey']",96,29,29
smogtours-gen1ubers-80729,[Gen 1] UBERS,2015-08-07 21:47:54,,safariball30401,stench25210,stench25210,False,"['Mew', 'Exeggutor', 'Mewtwo', 'Tauros', 'Zapdos', 'Snorlax']","['Mew', 'Mewtwo', 'Slowbro', 'Jynx', 'Rhydon']",52,14,8
smogtours-gen1ubers-819205,[Gen 1] UBERS,2025-02-09 21:10:51,,psn38480,mudsport71981,mudsport71981,False,"['Mew', 'Mewtwo', 'Dragonair', 'Victreebel', 'Alakazam', 'Dragonite']","['Mew', 'Mewtwo', 'Exeggutor', 'Snorlax', 'Alakazam', 'Articuno']",81,12,18
gen1ubers-875495267,[Gen 1] UBERS,2019-03-13 14:08:28,,feint29072,snover96445,feint29072,False,"['Cloyster', 'Exeggutor', 'Jolteon', 'Dodrio', 'Rhydon', 'Snorlax']","['Lapras', 'Charizard', 'Zapdos', 'Gengar', 'Snorlax', 'Fearow']",26,6,5
smogtours-gen1ubers-653941,[Gen 1] UBERS,2022-10-09 18:25:29,,starfberry84995,psn38480,psn38480,False,"['Starmie', 'Mew', 'Mewtwo', 'Chansey', 'Rhydon', 'Snorlax']","['Mew', 'Exeggutor', 'Mewtwo', 'Electrode', 'Golem', 'Snorlax']",21,11,7
gen1ubers-1119640073,[Gen 1] UBERS,2020-05-23 01:30:49,,apicotberry23574,sharpbeak11105,apicotberry23574,False,"['Lapras', 'Weezing', 'Alakazam', 'Arcanine', 'Snorlax']","['Lapras', 'Nidoking', 'Gengar', 'Rhydon', 'Alakazam', 'Dragonite']",22,4,8
gen1ubers-363043728,[Gen 1] UBERS,2016-04-23 12:25:32,,confusion60851,leppaberry1167,leppaberry1167,False,"['Mewtwo', 'Mew', 'Jolteon', 'Gengar', 'Alakazam', 'Dragonite']",['Mewtwo'],23,5,0
smogtours-gen1ubers-790032,[Gen 1] UBERS,2024-09-08 22:16:25,,bravebird40912,spoink27592,spoink27592,False,"['Mew', 'Exeggutor', 'Jolteon', 'Mewtwo', 'Tauros', 'Snorlax']","['Mew', 'Mewtwo', 'Slowbro', 'Jynx', 'Chansey', 'Snorlax']",41,6,10
gen1ubers-1141547994,[Gen 1] UBERS,2020-06-28 22:33:46,,cranidos9637,amnesia25800,amnesia25800,True,"['Mew', 'Mewtwo', 'Tauros', 'Chansey', 'Rhydon', 'Snorlax']","['Exeggutor', 'Mewtwo', 'Mew', 'Gengar', 'Chansey', 'Snorlax']",135,16,9
gen1ubers-1128171138,[Gen 1] UBERS,2020-06-06 23:42:55,,focusblast63426,iceball56452,focusblast63426,False,"['Lapras', 'Snorlax', 'Rhydon', 'Alakazam', 'Dragonite']","['Lapras', 'Golem', 'Chansey', 'Arcanine', 'Alakazam', 'Dragonite']",20,4,7
gen1ubers-2180375922,[Gen 1] UBERS,2024-08-15 03:10:15,,rotomheat14637,lowkick56044,lowkick56044,False,"['Starmie', 'Exeggutor', 'Tauros', 'Chansey', 'Rhydon', 'Snorlax']","['Exeggutor', 'Tauros', 'Jynx', 'Chansey', 'Snorlax', 'Alakazam']",60,8,7
rom-gen1ubers-611500,[Gen 1] UBERS,2019-07-10 18:00:23,,quickpowder35310,sudowoodo17153,quickpowder35310,False,"['Mew', 'Mewtwo', 'Alakazam', 'Persian']","['Exeggutor', 'Mewtwo', 'Mew', 'Slowbro', 'Jynx', 'Chansey']",57,3,11
gen1ubers-1150597349,[Gen 1] UBERS,2020-07-13 21:02:26,,meadowplate3613,xscissor99781,meadowplate3613,False,"['Mew', 'Mewtwo', 'Tauros', 'Slowbro', 'Chansey', 'Snorlax']","['Mew', 'Mewtwo', 'Exeggutor', 'Gengar', 'Chansey', 'Snorlax']",30,7,6
smogtours-gen1ubers-73220,[Gen 1] UBERS,2015-07-06 14:39:43,,zoomlens15496,scratch53792,zoomlens15496,True,"['Exeggutor', 'Mew', 'Mewtwo', 'Jynx', 'Chansey', 'Snorlax']","['Mew', 'Mewtwo', 'Exeggutor', 'Slowbro', 'Chansey', 'Snorlax']",88,8,12
gen1ubers-2366405013,[Gen 1] UBERS,2025-05-18 05:42:50,,kangaskhan44566,mismagius33077,mismagius33077,False,"['Mew', 'Mewtwo', 'Zapdos', 'Lickitung', 'Snorlax', 'Articuno']","['Mew', 'Exeggutor', 'Jolteon', 'Mewtwo', 'Tauros', 'Snorlax']",23,8,6
gen1ubers-952136006,[Gen 1] UBERS,2019-07-29 01:41:11,,rhydon36576,sacredfire89193,rhydon36576,False,['Electrode'],"['Electrode', 'Chansey']",66,0,46
gen1ubers-621089158,[Gen 1] UBERS,2017-08-22 19:04:40,,magnetrise41863,hoothoot99381,magnetrise41863,False,"['Metapod', 'Weedle', 'Magikarp', 'Ditto', 'Kakuna', 'Caterpie']","['Mew', 'Exeggutor', 'Mewtwo', 'Chansey', 'Alakazam', 'Snorlax']",75,9,6
gen1ubers-2315404053,[Gen 1] UBERS,2025-03-08 23:28:41,,watergun79426,icebeam37792,icebeam37792,False,"['Starmie', 'Exeggutor', 'Slowbro', 'Jynx', 'Hypno', 'Alakazam']","['Starmie', 'Exeggutor', 'Charizard', 'Chansey', 'Snorlax', 'Alakazam']",62,12,16
gen1ubers-2039434399,[Gen 1] UBERS,2024-01-20 02:04:09,,hydration14831,tyranitar63790,hydration14831,False,"['Electrode', 'Chansey']","['Electrode', 'Chansey']",126,47,42
gen1ubers-767026586,[Gen 1] UBERS,2018-06-24 21:28:32,,latias25557,wonderguard29559,latias25557,False,"['Mewtwo', 'Lapras', 'Exeggutor', 'Zapdos', 'Gengar', 'Chansey']","['Mewtwo', 'Lapras', 'Tauros', 'Zapdos', 'Golem', 'Chansey']",45,9,11
gen1ubers-352069097,[Gen 1] UBERS,2016-03-30 17:57:41,,dusknoir65952,mefirst94337,mefirst94337,False,"['Exeggutor', 'Mew', 'Tauros', 'Jynx', 'Chansey', 'Snorlax']","['Exeggutor', 'Tauros', 'Jynx', 'Chansey', 'Snorlax']",171,27,20
gen1ubers-711105409,[Gen 1] UBERS,2018-03-01 00:01:07,,reflect27536,delcatty31981,delcatty31981,True,"['Mew', 'Mewtwo', 'Tauros', 'Gengar', 'Chansey', 'Snorlax']","['Mewtwo', 'Electrode', 'Golem', 'Jynx', 'Chansey']",54,6,9
gen1ubers-523531351,[Gen 1] UBERS,2017-01-26 02:11:49,,miltank57341,woodhammer83701,woodhammer83701,False,"['Pidgeotto', 'Kadabra', 'Raticate', 'Charmeleon']","['Starmie', 'Staryu']",17,4,1
smogtours-gen1ubers-712995,[Gen 1] UBERS,2023-08-29 21:56:20,,jolteon92120,naturalcure38059,jolteon92120,False,"['Mew', 'Exeggutor', 'Mewtwo', 'Slowbro', 'Chansey', 'Snorlax']","['Mewtwo', 'Mew', 'Tauros', 'Slowbro', 'Chansey', 'Snorlax']",53,10,9
gen1ubers-2178058986,[Gen 1] UBERS,2024-08-11 18:56:51,1029,pelipper13259,flareblitz86379,pelipper13259,False,"['Mew', 'Exeggutor', 'Mewtwo', 'Slowbro', 'Snorlax', 'Golbat']","['Mew', 'Exeggutor', 'Mewtwo', 'Tauros', 'Chansey', 'Snorlax']",139,10,17
smogtours-gen1ubers-818312,[Gen 1] UBERS,2025-02-07 03:30:29,,wacanberry11962,poisonpowder88566,poisonpowder88566,False,"['Mew', 'Mewtwo', 'Tauros', 'Sandslash', 'Zapdos', 'Kabutops']","['Mewtwo', 'Mew', 'Tauros', 'Zapdos', 'Hypno', 'Snorlax']",31,6,10
gen1ubers-1127682003,[Gen 1] UBERS,2020-06-06 03:12:37,1000,flaaffy12910,enpowerflying86689,flaaffy12910,True,"['Starmie', 'Mew', 'Mewtwo', 'Slowbro', 'Alakazam']","['Starmie', 'Mew', 'Exeggutor', 'Mewtwo', 'Tauros']",46,5,5
smogtours-gen1ubers-775912,[Gen 1] UBERS,2024-06-22 12:15:28,,snubbull75943,aquaring89206,aquaring89206,False,"['Mew', 'Mewtwo', 'Exeggutor', 'Tauros', 'Zapdos', 'Snorlax']","['Starmie', 'Mewtwo', 'Mew', 'Exeggutor', 'Jynx', 'Snorlax']",33,9,10
smogtours-gen1ubers-673267,[Gen 1] UBERS,2023-02-05 18:15:56,,barrier67448,iceball26708,iceball26708,False,"['Mew', 'Exeggutor', 'Mewtwo', 'Tauros', 'Chansey', 'Snorlax']","['Mew', 'Exeggutor', 'Mewtwo', 'Zapdos', 'Chansey', 'Snorlax']",48,14,9
gen1ubers-2172428969,[Gen 1] UBERS,2024-08-03 03:11:23,1021,kangaskhan44566,shaymin79666,kangaskhan44566,False,"['Exeggutor', 'Mew', 'Mewtwo', 'Tauros', 'Gengar', 'Snorlax']","['Mew', 'Mewtwo', 'Jolteon', 'Gengar', 'Chansey', 'Snorlax']",23,6,9
gen1ubers-2103361541,[Gen 1] UBERS,2024-04-14 18:55:13,,charge64122,howl31407,howl31407,False,"['Mew', 'Zapdos', 'Poliwhirl', 'Haunter', 'Persian', 'Arcanine']","['Moltres', 'Pinsir', 'Kadabra', 'Gengar', 'Pikachu', 'Geodude']",26,10,10
gen1ubers-2174776734,[Gen 1] UBERS,2024-08-06 18:27:31,1032,icepunch81322,repeatball39169,repeatball39169,False,"['Mew', 'Mewtwo', 'Jolteon', 'Tauros', 'Golem', 'Snorlax']","['Exeggutor', 'Mewtwo', 'Mew', 'Tauros', 'Chansey', 'Rhydon']",23,6,9
gen1ubers-761629550,[Gen 1] UBERS,2018-06-13 00:05:39,1000,delcatty31981,thunderpunch45606,delcatty31981,True,"['Mewtwo', 'Mew', 'Electrode', 'Golem', 'Jynx']","['Cloyster', 'Mewtwo', 'Jolteon', 'Pinsir', 'Arcanine', 'Venusaur']",20,6,6
gen1ubers-727153011,[Gen 1] UBERS,2018-04-02 21:46:41,,payback7723,aggron60452,payback7723,False,"['Exeggutor', 'Mew', 'Tauros', 'Slowbro', 'Chansey', 'Snorlax']","['Exeggutor', 'Mew', 'Tauros', 'Chansey', 'Snorlax', 'Alakazam']",68,14,8
smogtours-gen1ubers-588754,[Gen 1] UBERS,2021-10-24 19:50:03,,synchronize14428,magnet14673,synchronize14428,True,"['Starmie', 'Mew', 'Exeggutor', 'Mewtwo', 'Chansey', 'Snorlax']","['Mew', 'Exeggutor', 'Mewtwo', 'Slowbro', 'Chansey', 'Snorlax']",84,9,12
gen1ubers-2139398917,[Gen 1] UBERS,2024-06-08 15:36:53,,croagunk93952,electabuzz37326,electabuzz37326,False,"['Cloyster', 'Mewtwo', 'Mew', 'Chansey', 'Snorlax', 'Alakazam']","['Cloyster', 'Mewtwo', 'Mew', 'Chansey', 'Snorlax', 'Alakazam']",30,12,12
gen1ubers-779561076,[Gen 1] UBERS,2018-07-22 17:40:17,,dialga48280,raindance50399,raindance50399,True,"['Exeggutor', 'Mew', 'Gengar', 'Chansey', 'Snorlax']","['Jynx', 'Snorlax']",18,5,2
gen1ubers-2033315913,[Gen 1] UBERS,2024-01-12 14:08:37,,gorebyss2916,grudge18697,gorebyss2916,False,['Electrode'],"['Electrode', 'Chansey']",69,0,14
gen1ubers-488244444,[Gen 1] UBERS,2016-12-02 21:44:44,,pound69615,azurill29651,azurill29651,False,"['Chansey', 'Vaporeon']","['Arbok', 'Mew']",26,1,1
gen1ubers-774887369,[Gen 1] UBERS,2018-07-12 18:44:53,,krabby97145,medicham64289,medicham64289,True,"['Mew', 'Mewtwo', 'Zapdos', 'Jynx', 'Chansey', 'Snorlax']","['Mew', 'Mewtwo', 'Slowbro', 'Zapdos', 'Jynx', 'Chansey']",132,25,19
smogtours-gen1ubers-674867,[Gen 1] UBERS,2023-02-12 20:09:44,,iceball26708,castform97328,castform97328,True,"['Mew', 'Exeggutor', 'Mewtwo', 'Tauros', 'Chansey', 'Snorlax']","['Cloyster', 'Mewtwo', 'Mew', 'Golem', 'Gengar', 'Snorlax']",21,9,6
smogtours-gen1ubers-705119,[Gen 1] UBERS,2023-07-23 15:06:28,,mareep93864,powerherb16934,mareep93864,True,"['Mew', 'Exeggutor', 'Zapdos', 'Chansey', 'Snorlax']","['Mew', 'Mewtwo', 'Zapdos', 'Gengar', 'Chansey', 'Snorlax']",29,5,10
gen1ubers-1174833599,[Gen 1] UBERS,2020-08-25 01:39:15,,liechiberry79283,aircutter22578,liechiberry79283,True,"['Pidgeot', 'Mew', 'Mewtwo']","['Slowbro', 'Mew', 'Articuno']",7,5,2
gen1ubers-2274716002,[Gen 1] UBERS,2025-01-04 05:28:04,,poliwrath67247,encore34044,encore34044,True,"['Mew', 'Aerodactyl']","['Mew', 'Snorlax']",6,1,1
smogtours-gen1ubers-587784,[Gen 1] UBERS,2021-10-18 19:33:17,,innerfocus91859,dugtrio78381,dugtrio78381,False,"['Exeggutor', 'Mewtwo', 'Mew', 'Tauros', 'Chansey', 'Snorlax']","['Mewtwo', 'Exeggutor', 'Mew', 'Gengar', 'Chansey', 'Snorlax']",31,12,9
gen1ubers-1141316776,[Gen 1] UBERS,2020-06-28 15:02:01,,mefirst94337,mantyke6294,mefirst94337,False,"['Mewtwo', 'Mew', 'Tauros', 'Slowbro', 'Chansey', 'Snorlax']","['Golduck', 'Mewtwo', 'Mew', 'Tauros', 'Persian', 'Snorlax']",25,6,9
gen1ubers-523545424,[Gen 1] UBERS,2017-01-26 02:47:28,,miltank57341,woodhammer83701,woodhammer83701,False,"['Pidgeot', 'Charizard', 'Exeggcute', 'Gyarados', 'Alakazam']","['Mr. Mime', 'Kadabra', 'Alakazam', 'Venomoth']",32,4,3
rom-gen1ubers-108230,[Gen 1] UBERS,2017-07-04 21:14:37,,sudowoodo17153,powerwhip88310,powerwhip88310,False,"['Mewtwo', 'Mew', 'Slowbro', 'Jynx', 'Chansey', 'Snorlax']","['Mewtwo', 'Mew', 'Slowbro', 'Golem', 'Jynx', 'Victreebel']",46,17,13
smogtours-gen1ubers-173769,[Gen 1] UBERS,2016-07-05 21:58:29,,unburden21319,surf53202,unburden21319,False,"['Exeggutor', 'Mew', 'Tauros', 'Gengar', 'Snorlax']","['Mew', 'Mewtwo', 'Exeggutor', 'Tauros', 'Chansey', 'Snorlax']",25,6,9
smogtours-gen1ubers-790899,[Gen 1] UBERS,2024-09-15 17:06:49,,curse693,wacanberry11962,wacanberry11962,False,"['Mew', 'Mewtwo', 'Jolteon', 'Tauros', 'Chansey', 'Snorlax']","['Mew', 'Exeggutor', 'Mewtwo', 'Tauros', 'Zapdos', 'Rhydon']",43,14,12
gen1ubers-760433300,[Gen 1] UBERS,2018-06-10 14:43:16,1000,conversion222171,sneasel55284,conversion222171,True,"['Snorlax', 'Vaporeon']","['Arcanine', 'Lapras', 'Alakazam']",28,1,2
smogtours-gen1ubers-608264,[Gen 1] UBERS,2022-02-12 21:53:31,,synchronize14428,arceusghost8496,arceusghost8496,True,"['Starmie', 'Mewtwo', 'Mew', 'Chansey', 'Rhydon', 'Snorlax']","['Exeggutor', 'Mewtwo', 'Mew', 'Slowbro', 'Chansey', 'Snorlax']",44,22,18
smogtours-gen1ubers-668688,[Gen 1] UBERS,2023-01-15 02:48:36,,drapion2237,arceusghost8496,arceusghost8496,True,"['Exeggutor', 'Mewtwo', 'Mew', 'Slowbro', 'Chansey', 'Rhydon']","['Mewtwo', 'Mew', 'Zapdos', 'Gengar', 'Chansey', 'Snorlax']",97,30,31
gen1ubers-2045255060,[Gen 1] UBERS,2024-01-27 10:32:22,,leafguard2245,tyranitar27789,leafguard2245,False,['Electrode'],"['Electrode', 'Chansey']",67,1,50
gen1ubers-755862035,[Gen 1] UBERS,2018-06-01 02:06:45,,woodhammer83701,miltank57341,woodhammer83701,False,"['Jigglypuff', 'Pikachu', 'Charmeleon']","['Tangela', 'Victreebel', 'Vileplume']",39,3,2
smogtours-gen1ubers-678278,[Gen 1] UBERS,2023-03-05 00:41:47,,psn38480,castform97328,psn38480,False,"['Mewtwo', 'Exeggutor', 'Mew', 'Slowbro', 'Zapdos', 'Snorlax']","['Mewtwo', 'Mew', 'Zapdos', 'Jynx', 'Chansey', 'Snorlax']",44,7,9
gen1ubers-595131971,[Gen 1] UBERS,2017-06-24 17:18:06,,deoxys84227,treecko21003,deoxys84227,False,"['Mewtwo', 'Exeggutor', 'Tauros', 'Slowbro', 'Snorlax']","['Cloyster', 'Starmie', 'Mew', 'Mewtwo', 'Gengar', 'Alakazam']",21,6,5
gen1ubers-823186632,[Gen 1] UBERS,2018-10-20 19:47:29,,tailwhip2839,rage81487,tailwhip2839,True,"['Mew', 'Exeggutor', 'Chansey', 'Snorlax', 'Alakazam']","['Starmie', 'Exeggutor', 'Tauros', 'Chansey', 'Snorlax', 'Alakazam']",37,7,13
gen1ubers-782205061,[Gen 1] UBERS,2018-07-27 22:31:31,,bravebird15095,powerelectric35813,bravebird15095,False,"['Butterfree', 'Onix', 'Electrode', 'Gloom', 'Blastoise']","['Jolteon', 'Rapidash', 'Alakazam', 'Gyarados', 'Primeape', 'Beedrill']",27,5,7
smogtours-gen1ubers-702441,[Gen 1] UBERS,2023-07-10 03:56:45,,toxicplate15122,jolteon92120,toxicplate15122,False,"['Mewtwo', 'Exeggutor', 'Mew', 'Slowbro', 'Snorlax']","['Mew', 'Exeggutor', 'Mewtwo', 'Chansey', 'Rhydon', 'Snorlax']",57,6,12
gen1ubers-2099119788,[Gen 1] UBERS,2024-04-09 00:48:05,,screech36461,berryjuice40156,screech36461,False,"['Charizard', 'Aerodactyl', 'Gengar', 'Snorlax', 'Articuno']","['Mew', 'Jolteon', 'Gyarados', 'Arcanine', 'Venusaur', 'Fearow']",34,4,5
gen1ubers-651554813,[Gen 1] UBERS,2017-10-28 12:13:56,,powerherb16934,mefirst94337,powerherb16934,False,"['Exeggutor', 'Mew', 'Mewtwo', 'Tauros', 'Zapdos', 'Snorlax']","['Mew', 'Mewtwo', 'Exeggutor', 'Tauros', 'Zapdos', 'Snorlax']",25,10,5
gen1ubers-396677536,[Gen 1] UBERS,2016-07-07 23:50:54,,spoink67267,motordrive45432,spoink67267,False,"['Exeggutor', 'Mewtwo', 'Mew', 'Tauros', 'Snorlax']","['Mew', 'Mewtwo', 'Slowbro', 'Jynx', 'Chansey', 'Snorlax']",78,9,11
gen1ubers-670160808,[Gen 1] UBERS,2017-12-07 00:46:15,,durinberry1306,breloom8756,breloom8756,False,"['Voltorb', 'Ninetales', 'Onix', 'Venusaur', 'Dragonite', 'Articuno']","['Starmie', 'Snorlax']",11,5,1
gen1ubers-679230384,[Gen 1] UBERS,2017-12-25 05:02:01,,woodhammer83701,miltank57341,woodhammer83701,False,"['Aerodactyl', 'Poliwrath', 'Pikachu', 'Venusaur', 'Gyarados', 'Snorlax']",['Mewtwo'],16,5,0
gen1ubers-1128395034,[Gen 1] UBERS,2020-06-07 10:41:39,,amnesia25800,sunstone95718,amnesia25800,False,"['Gengar', 'Exeggutor', 'Mewtwo', 'Slowbro']","['Mewtwo', 'Mew', 'Slowbro', 'Jynx', 'Chansey', 'Snorlax']",26,3,10
rom-gen1ubers-468249,[Gen 1] UBERS,2018-12-02 18:28:27,,constrict58938,sudowoodo17153,constrict58938,False,"['Mew', 'Mewtwo', 'Exeggutor', 'Zapdos', 'Snorlax']","['Mewtwo', 'Mew', 'Slowbro', 'Jynx', 'Chansey', 'Snorlax']",41,4,7
rom-gen1ubers-468240,[Gen 1] UBERS,2018-12-02 18:20:46,,constrict58938,sudowoodo17153,constrict58938,False,"['Mew', 'Exeggutor', 'Snorlax']","['Mewtwo', 'Mew', 'Slowbro', 'Jynx', 'Chansey', 'Snorlax']",16,2,7
smogtours-gen1ubers-724849,[Gen 1] UBERS,2023-10-20 02:29:57,,icebody51285,mudsport71981,icebody51285,True,"['Mew', 'Mewtwo', 'Tauros', 'Zapdos', 'Chansey', 'Snorlax']","['Mew', 'Mewtwo', 'Slowbro', 'Zapdos', 'Gengar', 'Snorlax']",122,9,26
gen1ubers-621085370,[Gen 1] UBERS,2017-08-22 18:49:36,,magnetrise41863,hoothoot99381,magnetrise41863,False,"['Metapod', 'Weedle', 'Magikarp', 'Kakuna', 'Ditto', 'Caterpie']","['Exeggutor', 'Mew', 'Mewtwo', 'Chansey', 'Snorlax', 'Alakazam']",46,6,5
violetversion-gen1ubers-1533,[Gen 1] UBERS,2016-03-30 20:40:01,,starly21199,powerherb16934,starly21199,False,"['Mew', 'Exeggutor', 'Tauros', 'Jynx', 'Chansey', 'Snorlax']","['Exeggutor', 'Mew', 'Tauros', 'Chansey', 'Snorlax', 'Alakazam']",50,19,16
gen1ubers-2064188202,[Gen 1] UBERS,2024-02-21 07:20:39,,bug23041,gorebyss2916,bug23041,False,['Electrode'],"['Electrode', 'Chansey']",38,0,6
gen1ubers-655872586,[Gen 1] UBERS,2017-11-06 21:48:50,,superfang61433,reflect45954,reflect45954,False,"['Exeggutor', 'Mew', 'Mewtwo', 'Tauros', 'Gengar', 'Snorlax']","['Mew', 'Mewtwo', 'Slowbro', 'Gengar', 'Chansey', 'Snorlax']",35,8,5
gen1ubers-651472773,[Gen 1] UBERS,2017-10-28 04:41:20,,woodhammer83701,miltank57341,woodhammer83701,False,"['Pidgeotto', 'Charmander']","['Venonat', 'Venomoth', 'Golbat']",13,2,2
gen1ubers-523560418,[Gen 1] UBERS,2017-01-26 03:24:54,,miltank57341,woodhammer83701,miltank57341,False,"['Pidgeot', 'Alakazam', 'Gyarados']","['Rhyhorn', 'Nidoking', 'Nidoqueen', 'Dugtrio', 'Rhydon']",21,3,4
gen1ubers-905869762,[Gen 1] UBERS,2019-05-08 03:07:07,,rest20747,tropius17094,tropius17094,False,"['Starmie', 'Jolteon', 'Sandslash', 'Clefable', 'Venusaur', 'Articuno']","['Tauros', 'Electrode', 'Dodrio', 'Jynx', 'Persian', 'Snorlax']",30,7,9
gen1ubers-350750310,[Gen 1] UBERS,2016-03-27 21:26:45,,camouflage69858,heatrock37333,heatrock37333,False,"['Starmie', 'Mew', 'Exeggutor', 'Golem', 'Chansey', 'Snorlax']","['Mew', 'Exeggutor', 'Jolteon', 'Tauros', 'Chansey', 'Snorlax']",51,15,11
gen1ubers-963001971,[Gen 1] UBERS,2019-08-20 02:21:35,,tailwhip2839,oldamber37774,tailwhip2839,False,"['Starmie', 'Exeggutor', 'Mew', 'Tauros', 'Chansey', 'Snorlax']","['Exeggutor', 'Mew', 'Tauros', 'Slowbro', 'Alakazam', 'Snorlax']",48,8,10
gen1ubers-247816850,[Gen 1] UBERS,2015-07-08 19:20:01,,furyattack94312,soundproof1168,furyattack94312,True,"['Starmie', 'Mew', 'Exeggutor', 'Mewtwo', 'Snorlax']","['Exeggutor', 'Mew', 'Mewtwo', 'Slowbro', 'Chansey', 'Snorlax']",47,7,12
smogtours-gen1ubers-588077,[Gen 1] UBERS,2021-10-22 21:24:02,,marshtomp99135,innerfocus91859,innerfocus91859,True,"['Mew', 'Exeggutor', 'Mewtwo', 'Tauros', 'Chansey', 'Rhydon']","['Mew', 'Exeggutor', 'Mewtwo', 'Chansey', 'Rhydon', 'Snorlax']",114,16,14
gen1ubers-867658642,[Gen 1] UBERS,2019-02-25 23:08:33,,glameow67029,ursaring84679,ursaring84679,False,"['Jolteon', 'Aerodactyl', 'Marowak', 'Clefable', 'Venusaur', 'Blastoise']","['Sandslash', 'Poliwrath', 'Dodrio', 'Mr. Mime', 'Victreebel']",28,8,5
gen1ubers-789257320,[Gen 1] UBERS,2018-08-11 18:27:43,,raindance50399,krabby97145,krabby97145,False,"['Mew', 'Mewtwo', 'Golem', 'Gengar', 'Chansey', 'Snorlax']","['Mew', 'Mewtwo', 'Zapdos', 'Jynx', 'Chansey', 'Snorlax']",36,8,7
gen1ubers-2185005611,[Gen 1] UBERS,2024-08-21 22:43:34,1000,fullincense99256,punishment38172,punishment38172,True,"['Charizard', 'Gengar', 'Gyarados', 'Raichu', 'Dragonite']",['Jynx'],9,4,0
gen1ubers-792811614,[Gen 1] UBERS,2018-08-19 14:43:11,,nknownability24024,raindance50399,raindance50399,False,"['Exeggutor', 'Mewtwo', 'Mew', 'Tauros', 'Slowbro', 'Snorlax']","['Mewtwo', 'Mew', 'Exeggutor', 'Jynx', 'Chansey', 'Snorlax']",48,6,8
smogtours-gen1ubers-723853,[Gen 1] UBERS,2023-10-15 14:28:49,,adaptability45192,shadowsneak30,shadowsneak30,False,"['Mewtwo', 'Mew', 'Tauros', 'Slowbro', 'Chansey', 'Snorlax']","['Exeggutor', 'Mew', 'Mewtwo', 'Snorlax', 'Rhydon', 'Alakazam']",148,37,27
gen1ubers-351285963,[Gen 1] UBERS,2016-03-28 23:45:07,,dusknoir65952,focusenergy12335,focusenergy12335,False,"['Mew', 'Lapras', 'Exeggutor', 'Tauros', 'Chansey', 'Snorlax']","['Mew', 'Exeggutor', 'Tauros', 'Slowbro', 'Jynx', 'Chansey']",40,13,16
gen1ubers-814071226,[Gen 1] UBERS,2018-10-02 00:36:02,,aipom12626,softboiled95502,aipom12626,False,"['Scyther', 'Charizard', 'Flareon', 'Electrode', 'Marowak', 'Gyarados']","['Pidgeot', 'Jolteon', 'Hitmonchan', 'Rhydon', 'Arcanine', 'Blastoise']",44,14,16
smogtours-gen1ubers-706631,[Gen 1] UBERS,2023-07-30 14:22:22,,mareep93864,adaptability45192,adaptability45192,True,"['Mewtwo', 'Mew', 'Aerodactyl', 'Gengar', 'Chansey', 'Snorlax']","['Exeggutor', 'Mewtwo', 'Zapdos', 'Chansey', 'Snorlax']",98,14,10
gen1ubers-2176199156,[Gen 1] UBERS,2024-08-08 19:40:01,1000,arceusbug53991,shaymin79666,shaymin79666,True,"['Mew', 'Mewtwo', 'Tauros', 'Gengar', 'Chansey', 'Snorlax']","['Mewtwo', 'Exeggutor', 'Mew', 'Tauros', 'Chansey', 'Snorlax']",56,8,6
smogtours-gen1ubers-699167,[Gen 1] UBERS,2023-06-25 14:55:46,,deoxysdefense78874,unknownability847,unknownability847,True,"['Mewtwo', 'Mew', 'Tauros', 'Gengar', 'Chansey', 'Snorlax']","['Mewtwo', 'Slowbro', 'Gengar', 'Chansey', 'Snorlax']",85,29,24
smogtours-gen1ubers-185510,[Gen 1] UBERS,2016-08-14 01:57:07,,innerfocus91859,chimecho62545,innerfocus91859,True,"['Mew', 'Exeggutor', 'Mewtwo', 'Tauros', 'Snorlax']","['Mew', 'Slowbro', 'Victreebel', 'Snorlax', 'Alakazam']",34,10,5
gen1ubers-2184903022,[Gen 1] UBERS,2024-08-21 19:58:34,,quilava32306,kadabra54239,kadabra54239,True,"['Cloyster', 'Mew', 'Mewtwo', 'Jolteon', 'Chansey', 'Snorlax']","['Mewtwo', 'Mew', 'Slowbro', 'Chansey', 'Snorlax', 'Alakazam']",56,13,11
gen1ubers-1162859013,[Gen 1] UBERS,2020-08-04 01:59:14,,meadowplate3613,toxicplate54191,toxicplate54191,False,"['Mew', 'Mewtwo', 'Tauros', 'Slowbro', 'Chansey', 'Snorlax']","['Mew', 'Mewtwo', 'Slowbro', 'Gengar', 'Chansey', 'Snorlax']",176,16,11
gen1ubers-2270962720,[Gen 1] UBERS,2024-12-28 13:56:00,,gible45423,gloom50365,gloom50365,False,"['Starmie', 'Mew', 'Exeggutor', 'Tauros', 'Gengar', 'Snorlax']","['Cloyster', 'Starmie', 'Exeggutor', 'Mew', 'Tauros', 'Raichu']",73,20,15
gen1ubers-757438807,[Gen 1] UBERS,2018-06-04 12:54:26,1116,airslash63871,attract39347,airslash63871,False,"['Mewtwo', 'Mew', 'Exeggutor', 'Gengar', 'Snorlax', 'Dragonite']","['Mew', 'Mewtwo', 'Tauros', 'Slowbro', 'Jynx', 'Chansey']",166,10,6
smogtours-gen1ubers-698373,[Gen 1] UBERS,2023-06-21 13:55:46,,drapion2237,mareep93864,mareep93864,False,"['Starmie', 'Mew', 'Mewtwo', 'Chansey', 'Rhydon', 'Snorlax']","['Mewtwo', 'Exeggutor', 'Mew', 'Tauros', 'Chansey', 'Snorlax']",120,16,11
gen1ubers-924782292,[Gen 1] UBERS,2019-06-09 00:38:40,,whirlwind99580,reflect91619,whirlwind99580,True,"['Mew', 'Mewtwo', 'Exeggutor', 'Tauros', 'Chansey', 'Snorlax']","['Mewtwo', 'Mew', 'Slowbro', 'Chansey', 'Snorlax']",25,8,5
gen1ubers-663436121,[Gen 1] UBERS,2017-11-23 03:09:44,,shayminsky11619,slakoth2448,slakoth2448,False,"['Kangaskhan', 'Nidoking', 'Nidoqueen', 'Dugtrio', 'Rhydon']",['Mewtwo'],5,4,0
gen1ubers-925513629,[Gen 1] UBERS,2019-06-10 06:47:58,1000,oldamber27183,megakick57638,oldamber27183,False,"['Mew', 'Mewtwo', 'Jolteon', 'Zapdos', 'Chansey', 'Dragonite']","['Mew', 'Mewtwo', 'Jolteon', 'Aerodactyl', 'Slowbro', 'Alakazam']",51,5,5
gen1ubers-810426160,[Gen 1] UBERS,2018-09-24 17:21:29,,wigglytuff99512,taillow44759,wigglytuff99512,False,"['Mew', 'Lapras', 'Charizard', 'Pikachu', 'Gyarados', 'Snorlax']","['Lapras', 'Rapidash', 'Raichu', 'Snorlax', 'Dragonite', 'Blastoise']",29,12,9
gen1ubers-711057468,[Gen 1] UBERS,2018-02-28 22:07:05,,worryseed53385,iratinaorigin64380,worryseed53385,False,"['Lapras', 'Golem', 'Machamp', 'Raichu', 'Snorlax', 'Dragonite']","['Lapras', 'Tauros', 'Machamp', 'Gengar', 'Alakazam', 'Dragonite']",29,7,8
gen1ubers-739994135,[Gen 1] UBERS,2018-04-29 17:22:34,,drifblim84361,eevee75445,drifblim84361,False,"['Starmie', 'Kangaskhan', 'Machamp', 'Rhydon', 'Arcanine']","['Charizard', 'Jolteon', 'Slowbro', 'Nidoking', 'Primeape', 'Snorlax']",25,6,12
smogtours-gen1ubers-82177,[Gen 1] UBERS,2015-08-15 20:08:53,,weedle49700,hustle11937,hustle11937,True,"['Exeggutor', 'Mewtwo', 'Mew', 'Slowbro', 'Chansey', 'Snorlax']","['Mew', 'Mewtwo', 'Exeggutor', 'Tauros', 'Zapdos', 'Snorlax']",58,12,11
gen1ubers-2081245092,[Gen 1] UBERS,2024-03-15 01:58:59,,wringout19682,howl39760,wringout19682,False,"['Cloyster', 'Mewtwo', 'Tauros', 'Zapdos', 'Chansey']","['Pidgeot', 'Ninetales', 'Kadabra', 'Nidoqueen', 'Raichu', 'Blastoise']",27,5,6
smogtours-gen1ubers-79899,[Gen 1] UBERS,2015-08-02 16:44:17,,weedle49700,krabby97145,krabby97145,True,"['Mew', 'Hypno']","['Jynx', 'Mew']",19,3,3
gen1ubers-739652955,[Gen 1] UBERS,2018-04-28 22:04:54,,drifblim84361,eevee75445,drifblim84361,False,"['Kadabra', 'Raticate', 'Wartortle', 'Weepinbell', 'Geodude', 'Fearow']","['Pidgeotto', 'Poliwhirl', 'Pikachu', 'Nidorino', 'Charmeleon', 'Mankey']",50,20,18
smogtours-gen1ubers-144668,[Gen 1] UBERS,2016-03-29 19:44:56,,zoomlens15496,omastar87604,omastar87604,True,"['Starmie', 'Mew', 'Exeggutor', 'Jolteon', 'Tauros', 'Snorlax']","['Mew', 'Exeggutor', 'Tauros', 'Jynx', 'Snorlax']",37,10,6
gen1ubers-927268779,[Gen 1] UBERS,2019-06-13 05:30:05,,hitmonchan76791,triattack21081,hitmonchan76791,False,"['Flareon', 'Pinsir', 'Dodrio', 'Raichu', 'Alakazam', 'Blastoise']","['Pidgeot', 'Alakazam', 'Gyarados', 'Rhydon', 'Arcanine', 'Venusaur']",42,9,7
gen1ubers-710554346,[Gen 1] UBERS,2018-02-27 22:08:55,,worryseed53385,iratinaorigin64380,iratinaorigin64380,False,"['Lapras', 'Venusaur', 'Machamp', 'Arcanine', 'Snorlax', 'Dragonite']","['Cloyster', 'Tauros', 'Machamp', 'Gengar', 'Alakazam', 'Dragonite']",27,6,6
gen1ubers-1129996051,[Gen 1] UBERS,2020-06-10 01:13:50,,rapidspin64825,unknownitem93375,unknownitem93375,False,['Raichu'],['Gloom'],9,0,0
gen1ubers-1049908634,[Gen 1] UBERS,2020-01-21 00:27:43,,shucaberry34883,electirizer5270,electirizer5270,True,"['Scyther', 'Pinsir', 'Kabutops', 'Haunter', 'Ditto', 'Tangela']","['Raichu', 'Nidoqueen']",12,5,1
gen1ubers-401119297,[Gen 1] UBERS,2016-07-17 17:22:23,,icepunch49350,fling32878,fling32878,False,"['Mew', 'Mewtwo', 'Slowbro', 'Jynx', 'Chansey', 'Snorlax']","['Mewtwo', 'Mew', 'Tauros', 'Slowbro', 'Jynx', 'Chansey']",89,32,24
rom-gen1ubers-468354,[Gen 1] UBERS,2018-12-02 20:39:28,,constrict58938,sudowoodo17153,constrict58938,False,"['Slowbro', 'Exeggutor', 'Snorlax', 'Zapdos']","['Mew', 'Mewtwo', 'Slowbro', 'Jynx', 'Chansey', 'Snorlax']",36,3,7
smogtours-gen1ubers-675600,[Gen 1] UBERS,2023-02-18 19:01:11,,aurasphere76841,psn38480,psn38480,False,"['Mewtwo', 'Mew', 'Zapdos', 'Gengar', 'Chansey', 'Snorlax']","['Mewtwo', 'Exeggutor', 'Slowbro', 'Zapdos', 'Snorlax']",39,9,5
gen1ubers-2178645405,[Gen 1] UBERS,2024-08-12 15:40:15,1023,grepaberry38730,giratina81514,grepaberry38730,True,"['Starmie', 'Mewtwo', 'Mew', 'Chansey', 'Ditto', 'Rhydon']","['Mewtwo', 'Mew', 'Slowbro', 'Electrode', 'Chansey', 'Snorlax']",71,12,16
gen1ubers-1081339968,[Gen 1] UBERS,2020-03-18 20:31:26,,custapberry68977,nknownability59763,nknownability59763,False,"['Charizard', 'Tauros', 'Gengar', 'Venusaur', 'Dragonite', 'Blastoise']","['Zapdos', 'Chansey', 'Victreebel', 'Rhydon', 'Alakazam']",32,7,7
smogtours-gen1ubers-846427,[Gen 1] UBERS,2025-05-28 23:23:36,,golduck35019,stockpile43130,stockpile43130,True,"['Exeggutor', 'Mew', 'Mewtwo', 'Tauros', 'Zapdos', 'Gengar']","['Exeggutor', 'Mewtwo', 'Mew', 'Tauros', 'Slowbro', 'Snorlax']",22,9,6
gen1ubers-1140502858,[Gen 1] UBERS,2020-06-27 03:51:12,,irontail55825,slackoff47806,irontail55825,False,"['Slowbro', 'Chansey', 'Alakazam', 'Jolteon']","['Mewtwo', 'Jolteon', 'Gyarados', 'Snorlax', 'Dragonite', 'Articuno']",26,5,5
gen1ubers-398388800,[Gen 1] UBERS,2016-07-11 20:51:37,,icepunch49350,natu89869,icepunch49350,True,"['Mewtwo', 'Mew', 'Slowbro', 'Jynx', 'Snorlax']","['Mew', 'Exeggutor', 'Mewtwo', 'Slowbro', 'Gengar', 'Chansey']",32,7,6
gen1ubers-684252604,[Gen 1] UBERS,2018-01-05 04:01:05,,woodhammer83701,miltank57341,woodhammer83701,False,"['Charizard', 'Pikachu', 'Clefable', 'Venusaur', 'Blastoise']","['Moltres', 'Mew', 'Zapdos', 'Articuno']",85,5,3
gen1ubers-2141197592,[Gen 1] UBERS,2024-06-11 13:14:48,,hydration14831,gorebyss3950,hydration14831,True,['Electrode'],"['Electrode', 'Chansey']",48,1,36
gen1ubers-1156807515,[Gen 1] UBERS,2020-07-24 09:33:17,,innerfocus7572,stunky45078,stunky45078,False,"['Mew', 'Mewtwo', 'Gengar', 'Rhydon', 'Venusaur', 'Articuno']","['Mewtwo', 'Charizard', 'Lapras', 'Chansey', 'Victreebel', 'Rhydon']",57,6,7
gen1ubers-2253195473,[Gen 1] UBERS,2024-11-29 04:13:52,,klutz56110,darkpulse26635,klutz56110,False,"['Gengar', 'Mewtwo']",['Mewtwo'],7,1,0
gen1ubers-248462630,[Gen 1] UBERS,2015-07-10 21:24:17,,articuno30599,enpowerpoison39624,articuno30599,False,"['Jynx', 'Mewtwo', 'Slowbro', 'Mew']","['Mewtwo', 'Mew', 'Slowbro', 'Jynx', 'Chansey', 'Snorlax']",47,5,7
smogtours-gen1ubers-637735,[Gen 1] UBERS,2022-07-15 20:31:12,,synchronize14428,starfberry84995,synchronize14428,True,"['Exeggutor', 'Mewtwo', 'Mew', 'Gengar', 'Chansey', 'Snorlax']","['Mewtwo', 'Exeggutor', 'Mew', 'Tauros', 'Chansey', 'Snorlax']",104,15,18
smogtours-gen1ubers-780430,[Gen 1] UBERS,2024-07-14 23:19:23,,psn38480,spoink27592,psn38480,True,"['Exeggutor', 'Mewtwo', 'Mew', 'Chansey', 'Snorlax', 'Alakazam']","['Mewtwo', 'Mew', 'Slowbro', 'Zapdos', 'Chansey', 'Snorlax']",39,9,7
gen1ubers-2180402901,[Gen 1] UBERS,2024-08-15 04:06:38,1094,icebody51285,punishment38172,punishment38172,True,"['Exeggutor', 'Mew', 'Mewtwo', 'Tauros', 'Gengar', 'Snorlax']","['Mew', 'Mewtwo', 'Exeggutor', 'Golem', 'Hypno', 'Snorlax']",31,10,8
rom-gen1ubers-539522,[Gen 1] UBERS,2019-04-16 22:41:20,,constrict58938,sudowoodo17153,constrict58938,False,"['Mew', 'Slowbro', 'Zapdos', 'Chansey', 'Snorlax']","['Mewtwo', 'Mew', 'Slowbro', 'Jynx', 'Chansey', 'Snorlax']",26,4,9
gen1ubers-695094304,[Gen 1] UBERS,2018-01-27 15:44:20,,mrmime73809,leafstone52337,mrmime73809,False,"['Pidgeot', 'Jolteon', 'Rapidash', 'Dewgong', 'Rhydon', 'Raichu']","['Starmie', 'Charizard', 'Jolteon', 'Gengar', 'Alakazam', 'Dragonite']",78,11,10
smogtours-gen1ubers-673781,[Gen 1] UBERS,2023-02-09 02:05:04,,azumarill79029,arceusghost8496,arceusghost8496,True,"['Mew', 'Mewtwo', 'Jolteon', 'Slowbro', 'Chansey', 'Snorlax']","['Mew', 'Mewtwo', 'Zapdos', 'Gengar', 'Chansey', 'Snorlax']",51,12,8
gen1ubers-1042181355,[Gen 1] UBERS,2020-01-07 04:23:57,,arceussteel79571,tailwhip2839,tailwhip2839,True,"['Mew', 'Mewtwo', 'Exeggutor', 'Slowbro', 'Jynx', 'Alakazam']","['Exeggutor', 'Mew', 'Mewtwo', 'Tauros', 'Snorlax']",32,6,5
gen1ubers-773596678,[Gen 1] UBERS,2018-07-09 21:20:13,,earthplate76554,sweetscent3994,sweetscent3994,False,"['Mewtwo', 'Exeggutor', 'Mew', 'Jynx', 'Chansey', 'Snorlax']","['Exeggutor', 'Mew', 'Mewtwo', 'Tauros', 'Slowbro', 'Snorlax']",49,5,7
gen1ubers-702130539,[Gen 1] UBERS,2018-02-10 20:10:37,,sceptile90030,sentret8615,sentret8615,False,"['Cloyster', 'Mewtwo', 'Exeggutor', 'Muk', 'Raichu', 'Articuno']","['Cloyster', 'Mewtwo']",15,7,1
smogtours-gen1ubers-73349,[Gen 1] UBERS,2015-07-07 00:53:54,,bonemerang69596,garchomp79956,garchomp79956,False,"['Exeggutor', 'Mew', 'Mewtwo', 'Slowbro', 'Chansey', 'Snorlax']","['Exeggutor', 'Mew', 'Mewtwo', 'Jynx', 'Chansey', 'Snorlax']",69,13,7
gen1ubers-2173053669,[Gen 1] UBERS,2024-08-04 03:29:01,1051,smoochum20435,seedbomb84870,smoochum20435,False,"['Mew', 'Exeggutor', 'Mewtwo', 'Tauros', 'Chansey', 'Snorlax']","['Mewtwo', 'Mew', 'Tauros', 'Zapdos', 'Chansey', 'Snorlax']",30,7,11
gen1ubers-2178229411,[Gen 1] UBERS,2024-08-11 23:09:04,1000,parasect7600,cherishball50988,parasect7600,False,"['Gengar', 'Chansey', 'Snorlax']","['Jolteon', 'Slowbro', 'Gengar', 'Ditto', 'Rhydon', 'Beedrill']",20,2,5
gen1ubers-2173405328,[Gen 1] UBERS,2024-08-04 18:04:52,1100,growl5652,tyrogue60797,growl5652,True,"['Gengar', 'Chansey', 'Mew', 'Tauros']","['Rhydon', 'Mew', 'Alakazam', 'Snorlax']",18,4,3
gen1ubers-689218744,[Gen 1] UBERS,2018-01-15 16:12:27,,slowpoke82268,shelgon18678,slowpoke82268,False,"['Starmie', 'Exeggutor', 'Mewtwo', 'Tauros', 'Slowbro', 'Snorlax']","['Mew', 'Mewtwo', 'Slowbro', 'Jynx', 'Chansey', 'Snorlax']",48,7,7
gen1ubers-2279507350,[Gen 1] UBERS,2025-01-12 05:13:32,,flash93268,zapplate64942,zapplate64942,False,"['Moltres', 'Mewtwo', 'Mew', 'Zapdos', 'Dragonite', 'Articuno']","['Gengar', 'Alakazam', 'Zapdos', 'Tauros']",35,5,4
gen1ubers-582558538,[Gen 1] UBERS,2017-05-27 23:43:19,,mysticwater69875,arceusfire62797,mysticwater69875,True,"['Gengar', 'Slowbro']","['Zapdos', 'Articuno']",7,1,1
smogtours-gen1ubers-738883,[Gen 1] UBERS,2024-01-12 21:32:47,,swellow16873,steadfast85547,steadfast85547,False,"['Mew', 'Mewtwo', 'Chansey', 'Snorlax', 'Rhydon', 'Alakazam']","['Mew', 'Exeggutor', 'Mewtwo', 'Chansey', 'Snorlax', 'Dragonite']",110,21,14
gen1ubers-400697370,[Gen 1] UBERS,2016-07-16 19:20:46,,glalie73181,frisk39799,glalie73181,True,"['Gengar', 'Chansey', 'Snorlax', 'Tauros']","['Mewtwo', 'Exeggutor', 'Mew', 'Jynx', 'Chansey', 'Snorlax']",39,10,14
gen1ubers-1178878475,[Gen 1] UBERS,2020-08-31 21:13:21,,cacnea9207,happiny10622,happiny10622,False,"['Mewtwo', 'Mew', 'Exeggutor', 'Tauros', 'Slowbro', 'Snorlax']","['Mewtwo', 'Slowbro', 'Gengar', 'Chansey', 'Snorlax']",42,8,6
smogtours-gen1ubers-806968,[Gen 1] UBERS,2024-11-18 01:18:32,,psn38480,dark19734,psn38480,True,"['Starmie', 'Mew', 'Exeggutor', 'Mewtwo', 'Rhydon', 'Snorlax']","['Mewtwo', 'Mew', 'Exeggutor', 'Slowbro', 'Gengar', 'Snorlax']",22,7,8
gen1ubers-2236803488,[Gen 1] UBERS,2024-11-03 23:03:48,,gloom50365,heatran58448,heatran58448,False,"['Starmie', 'Exeggutor', 'Mew', 'Tauros', 'Rhydon', 'Alakazam']","['Starmie', 'Mew', 'Raticate', 'Zapdos', 'Jynx']",50,14,11
gen1ubers-2230262655,[Gen 1] UBERS,2024-10-24 22:30:08,,gallade82595,dragonfang41088,gallade82595,False,"['Arcanine', 'Charizard', 'Hitmonlee', 'Tauros']","[""Farfetch'D"", 'Vileplume', 'Tauros', 'Victreebel', 'Tangela', 'Venusaur']",21,3,7
gen1ubers-780060303,[Gen 1] UBERS,2018-07-23 17:42:15,,raindance50399,krabby97145,krabby97145,False,"['Mewtwo', 'Mew', 'Exeggutor', 'Jynx', 'Chansey', 'Snorlax']","['Exeggutor', 'Mew', 'Mewtwo', 'Slowbro', 'Jynx', 'Chansey']",40,14,12
smogtours-gen1ubers-776465,[Gen 1] UBERS,2024-06-23 19:14:48,,fissure61188,aurasphere76841,fissure61188,False,"['Exeggutor', 'Mewtwo', 'Mew', 'Zapdos', 'Gengar', 'Snorlax']","['Exeggutor', 'Mewtwo', 'Mew', 'Tauros', 'Slowbro', 'Rhydon']",111,22,25
smogtours-gen1ubers-720449,[Gen 1] UBERS,2023-09-30 19:10:14,,skillswap74981,shadowsneak30,shadowsneak30,False,"['Mewtwo', 'Exeggutor', 'Mew', 'Tauros', 'Rhydon', 'Alakazam']","['Starmie', 'Mew', 'Mewtwo', 'Chansey', 'Rhydon', 'Snorlax']",56,24,21
gen1ubers-247901160,[Gen 1] UBERS,2015-07-09 00:41:08,,dragonscale46435,flaaffy33764,dragonscale46435,False,"['Exeggutor', 'Mewtwo', 'Mew', 'Slowbro', 'Jynx', 'Chansey']","['Mew', 'Mewtwo', 'Tauros', 'Golem', 'Gengar', 'Snorlax']",33,5,7
smogtours-gen1ubers-668802,[Gen 1] UBERS,2023-01-15 16:52:14,,choiceband17826,meditate33036,choiceband17826,True,"['Mew', 'Mewtwo', 'Jolteon', 'Slowbro', 'Chansey', 'Snorlax']","['Exeggutor', 'Mewtwo', 'Mew', 'Gengar', 'Chansey', 'Snorlax']",34,6,9
gen1ubers-1128591026,[Gen 1] UBERS,2020-06-07 18:43:07,,shieldon58011,frustration70250,shieldon58011,False,"['Mew', 'Mewtwo', 'Tauros', 'Zapdos', 'Chansey']","['Mewtwo', 'Alakazam']",38,4,1
gen1ubers-2190711740,[Gen 1] UBERS,2024-08-30 01:19:57,1000,multitype83678,spikecannon19225,spikecannon19225,False,"['Mew', 'Mewtwo', 'Exeggutor', 'Tauros', 'Chansey', 'Snorlax']","['Exeggutor', 'Mewtwo', 'Tauros', 'Chansey', 'Snorlax']",72,9,4
smogtours-gen1ubers-696064,[Gen 1] UBERS,2023-06-07 20:24:07,,golduck35019,powerherb16934,powerherb16934,False,"['Mew', 'Mewtwo', 'Slowbro', 'Gengar', 'Chansey', 'Snorlax']","['Mew', 'Slowbro', 'Zapdos', 'Chansey', 'Snorlax']",30,8,8
gen1ubers-2064063357,[Gen 1] UBERS,2024-02-21 02:27:10,,custapberry19163,dig95175,dig95175,False,"['Gengar', 'Electrode', 'Aerodactyl']",['Electrode'],34,5,0
gen1ubers-1095863466,[Gen 1] UBERS,2020-04-13 11:46:58,,ingrain58383,pressure53504,ingrain58383,True,"['Mew', 'Mewtwo', 'Tauros', 'Slowbro', 'Snorlax']","['Starmie', 'Mewtwo', 'Snorlax', 'Zapdos']",53,5,3
rom-gen1ubers-539569,[Gen 1] UBERS,2019-04-16 23:05:35,,constrict58938,sudowoodo17153,constrict58938,False,"['Chansey', 'Mewtwo', 'Snorlax', 'Zapdos']","['Exeggutor', 'Mewtwo', 'Mew', 'Slowbro', 'Jynx', 'Chansey']",34,3,11
gen1ubers-2177067318,[Gen 1] UBERS,2024-08-10 01:58:00,1037,lanturn87991,revenge71921,revenge71921,False,"['Mew', 'Mewtwo', 'Exeggutor', 'Tauros', 'Chansey', 'Snorlax']","['Mewtwo', 'Mew', 'Tauros', 'Chansey', 'Snorlax', 'Vaporeon']",38,8,7
gen1ubers-2178534123,[Gen 1] UBERS,2024-08-12 12:07:47,1098,aircutter66087,beedrill79854,beedrill79854,False,"['Moltres', 'Mew', 'Mewtwo', 'Exeggutor', 'Electrode', 'Snorlax']","['Mewtwo', 'Mew', 'Onix', 'Jynx', 'Snorlax', 'Beedrill']",75,13,17
rom-gen1ubers-468498,[Gen 1] UBERS,2018-12-02 21:45:23,,constrict58938,sudowoodo17153,constrict58938,False,"['Chansey', 'Mew', 'Snorlax', 'Mewtwo']","['Mewtwo', 'Mew', 'Slowbro', 'Jynx', 'Chansey', 'Snorlax']",28,3,7
gen1ubers-760429301,[Gen 1] UBERS,2018-06-10 14:33:22,1000,conversion222171,flowergift52491,conversion222171,True,"['Exeggutor', 'Mewtwo', 'Mew', 'Gengar', 'Chansey']","['Mewtwo', 'Mew', 'Jolteon', 'Slowbro', 'Chansey', 'Snorlax']",31,5,10
gen1ubers-1109465948,[Gen 1] UBERS,2020-05-06 01:07:46,,reckless73193,salacberry83398,reckless73193,False,"['Lapras', 'Gengar', 'Alakazam', 'Gyarados', 'Snorlax', 'Dragonite']","['Pidgeot', 'Exeggutor', 'Jolteon', 'Slowbro', 'Rhydon', 'Arcanine']",43,5,5
smogtours-gen1ubers-677935,[Gen 1] UBERS,2023-03-03 11:22:35,,chuspikyeared66431,sturdy46275,sturdy46275,False,"['Exeggutor', 'Mewtwo', 'Mew', 'Tauros', 'Chansey', 'Snorlax']","['Cloyster', 'Mew', 'Mewtwo', 'Tauros', 'Chansey', 'Snorlax']",38,12,11
smogtours-gen1ubers-820510,[Gen 1] UBERS,2025-02-16 19:53:02,,hyperfang93007,needlearm59980,hyperfang93007,False,"['Mew', 'Mewtwo', 'Exeggutor', 'Tauros', 'Zapdos', 'Snorlax']","['Mew', 'Exeggutor', 'Mewtwo', 'Tauros', 'Zapdos', 'Rhydon']",33,9,10
gen1ubers-708426122,[Gen 1] UBERS,2018-02-23 15:56:43,,crawdaunt55095,ursaring77378,crawdaunt55095,False,"['Starmie', 'Mew', 'Exeggutor', 'Tauros', 'Chansey', 'Snorlax']","['Starmie', 'Mew', 'Exeggutor', 'Zapdos', 'Chansey', 'Snorlax']",28,5,5
gen1ubers-1137007145,[Gen 1] UBERS,2020-06-21 23:32:29,,delcatty31981,healingwish17257,delcatty31981,False,"['Mewtwo', 'Mew', 'Electrode', 'Jynx', 'Chansey', 'Snorlax']","['Mewtwo', 'Mew', 'Zapdos', 'Chansey', 'Rhydon', 'Snorlax']",62,16,11
smogtours-gen1ubers-790694,[Gen 1] UBERS,2024-09-14 21:40:18,,aurasphere76841,tyrogue95104,tyrogue95104,False,['Mew'],['Starmie'],7,0,0
rom-gen1ubers-589809,[Gen 1] UBERS,2019-06-15 18:30:02,,constrict58938,sudowoodo17153,constrict58938,False,"['Slowbro', 'Chansey', 'Snorlax', 'Zapdos']","['Exeggutor', 'Mewtwo', 'Mew', 'Slowbro', 'Jynx', 'Chansey']",69,4,11
smogtours-gen1ubers-702313,[Gen 1] UBERS,2023-07-09 20:24:26,,psn38480,deoxysdefense78874,deoxysdefense78874,False,"['Mew', 'Mewtwo', 'Gengar', 'Chansey', 'Snorlax', 'Dragonite']","['Mewtwo', 'Mew', 'Slowbro', 'Gengar', 'Chansey', 'Snorlax']",60,17,14
gen1ubers-2127023446,[Gen 1] UBERS,2024-05-20 21:01:05,,rowapberry76612,aquatail93880,aquatail93880,False,"['Venomoth', 'Kadabra', 'Dragonair', 'Dugtrio', 'Persian', 'Weepinbell']","['Exeggutor', 'Jolteon', 'Machamp', 'Jynx', 'Snorlax', 'Tentacruel']",29,6,8
gen1ubers-2176352196,[Gen 1] UBERS,2024-08-09 00:24:14,1040,aircutter66087,tangrowth23890,aircutter66087,False,"['Moltres', 'Mew', 'Exeggutor', 'Mewtwo', 'Electrode', 'Snorlax']","['Mew', 'Exeggutor', 'Mewtwo', 'Tauros', 'Chansey', 'Snorlax']",48,11,11
gen1ubers-761072567,[Gen 1] UBERS,2018-06-11 20:31:38,1034,zoomlens80760,conversion222171,conversion222171,True,"['Mew', 'Mewtwo', 'Snorlax']","['Gengar', 'Exeggutor', 'Mewtwo']",10,2,2
smogtours-gen1ubers-787493,[Gen 1] UBERS,2024-08-25 20:46:42,,psn38480,wacanberry11962,psn38480,True,"['Starmie', 'Exeggutor', 'Mew', 'Mewtwo', 'Rhydon', 'Snorlax']","['Mew', 'Exeggutor', 'Mewtwo', 'Jolteon', 'Tauros']",18,9,8
smogtours-gen1ubers-729178,[Gen 1] UBERS,2023-11-05 22:24:45,,wailmer96415,icebody51285,icebody51285,True,"['Mewtwo', 'Mew', 'Zapdos', 'Gengar', 'Chansey', 'Snorlax']","['Mewtwo', 'Mew', 'Exeggutor', 'Tauros', 'Zapdos', 'Snorlax']",79,25,20
rom-gen1ubers-479013,[Gen 1] UBERS,2018-12-13 14:53:25,,constrict58938,sudowoodo17153,constrict58938,False,"['Chansey', 'Mew', 'Snorlax', 'Zapdos']","['Mewtwo', 'Mew', 'Slowbro', 'Jynx', 'Chansey', 'Snorlax']",37,3,8
smogtours-gen1ubers-677434,[Gen 1] UBERS,2023-02-26 16:20:13,,iceball26708,psn38480,iceball26708,True,"['Exeggutor', 'Mewtwo', 'Slowbro', 'Jynx', 'Chansey']","['Mewtwo', 'Exeggutor', 'Mew', 'Tauros', 'Chansey', 'Snorlax']",24,5,7
rom-gen1ubers-764875,[Gen 1] UBERS,2020-02-23 00:26:19,,constrict58938,sudowoodo17153,constrict58938,False,"['Chansey', 'Exeggutor', 'Snorlax', 'Mewtwo']","['Exeggutor', 'Mewtwo', 'Mew', 'Slowbro', 'Jynx', 'Chansey']",35,3,8
smogtours-gen1ubers-843525,[Gen 1] UBERS,2025-05-18 00:56:33,,mismagius33077,mareep93864,mismagius33077,False,"['Mew', 'Exeggutor', 'Mewtwo', 'Tauros', 'Chansey', 'Snorlax']","['Exeggutor', 'Mewtwo', 'Mew', 'Tauros', 'Zapdos', 'Rhydon']",38,7,12
gen1ubers-2173324327,[Gen 1] UBERS,2024-08-04 15:39:11,1088,aircutter66087,overheat90409,overheat90409,False,"['Mew', 'Mewtwo', 'Tauros', 'Electrode', 'Chansey', 'Persian']","['Mew', 'Mewtwo', 'Exeggutor', 'Slowbro', 'Chansey', 'Snorlax']",42,8,5
gen1ubers-1141312965,[Gen 1] UBERS,2020-06-28 14:55:14,,mantyke6294,mefirst94337,mefirst94337,False,"['Mewtwo', 'Mew', 'Tauros', 'Slowbro', 'Chansey', 'Snorlax']","['Mew', 'Mewtwo', 'Slowbro', 'Chansey', 'Snorlax', 'Alakazam']",45,10,5
gen1ubers-526836992,[Gen 1] UBERS,2017-02-01 04:24:41,,miltank57341,woodhammer83701,miltank57341,False,"['Tangela', 'Gloom', 'Weepinbell']","['Sandshrew', 'Vulpix', 'Eevee', 'Magnemite', 'Fearow']",43,2,6
gen1ubers-404237418,[Gen 1] UBERS,2016-07-23 18:35:09,,icepunch49350,aspearberry45831,icepunch49350,True,"['Mewtwo', 'Mew', 'Slowbro', 'Gengar', 'Chansey', 'Victreebel']","['Exeggutor', 'Mewtwo', 'Mew', 'Tauros', 'Zapdos', 'Snorlax']",107,12,17
smogtours-gen1ubers-177599,[Gen 1] UBERS,2016-07-20 20:36:10,,doubleedge42173,poisonheal42759,poisonheal42759,True,"['Mew', 'Exeggutor', 'Mewtwo', 'Tauros', 'Chansey', 'Snorlax']","['Mewtwo', 'Exeggutor', 'Mew', 'Gengar', 'Chansey', 'Snorlax']",33,15,9
gen1ubers-827348673,[Gen 1] UBERS,2018-11-28 03:23:27,,rest20747,wormadamtrash50615,wormadamtrash50615,False,"['Starmie', 'Jolteon', 'Sandslash', 'Clefable', 'Venusaur', 'Articuno']","['Exeggutor', 'Flareon', 'Weezing', 'Hypno', 'Rhydon', 'Blastoise']",37,11,10
gen1ubers-1132096184,[Gen 1] UBERS,2020-06-13 19:29:57,,leer23545,gunkshot9424,gunkshot9424,True,"['Mew', 'Mewtwo', 'Slowbro', 'Gengar', 'Chansey', 'Snorlax']","['Exeggutor', 'Mewtwo', 'Mew', 'Slowbro', 'Jynx', 'Chansey']",147,21,20
smogtours-gen1ubers-736594,[Gen 1] UBERS,2023-12-26 00:54:54,,skillswap74981,cascoon94634,cascoon94634,False,"['Mewtwo', 'Mew', 'Exeggutor', 'Tauros', 'Electrode', 'Snorlax']","['Cloyster', 'Exeggutor', 'Mewtwo', 'Mew', 'Snorlax', 'Alakazam']",42,16,17
smogtours-gen1ubers-697866,[Gen 1] UBERS,2023-06-18 04:03:00,,drapion2237,arceusghost8496,arceusghost8496,True,"['Mewtwo', 'Mew', 'Slowbro', 'Chansey', 'Hypno', 'Rhydon']","['Mewtwo', 'Mew', 'Slowbro', 'Zapdos', 'Chansey', 'Rhydon']",95,23,23
gen1ubers-759479132,[Gen 1] UBERS,2018-06-08 14:37:57,1000,arceusghost14832,chuspikyeared53962,chuspikyeared53962,False,"['Mew', 'Mewtwo', 'Onix', 'Slowbro', 'Wigglytuff', 'Alakazam']","['Mew', 'Mewtwo', 'Charizard', 'Raichu', 'Venusaur', 'Blastoise']",32,9,5
gen1ubers-885753929,[Gen 1] UBERS,2019-04-02 01:59:32,,chartiberry31419,swellow7363,chartiberry31419,False,"['Mewtwo', 'Mew', 'Tauros', 'Jynx', 'Chansey', 'Snorlax']","['Mewtwo', 'Mew', 'Slowbro', 'Gengar', 'Chansey', 'Snorlax']",34,7,8
smogtours-gen1ubers-819907,[Gen 1] UBERS,2025-02-15 15:11:20,,psn38480,iceball26708,psn38480,True,"['Mew', 'Exeggutor', 'Mewtwo', 'Dodrio', 'Snorlax']","['Cloyster', 'Mewtwo', 'Mew', 'Tauros', 'Jynx', 'Snorlax']",36,5,6
gen1ubers-1038031586,[Gen 1] UBERS,2019-12-30 11:20:29,,embargo36493,trick33871,trick33871,False,"['Mew', 'Mewtwo', 'Tauros', 'Zapdos', 'Chansey', 'Snorlax']","['Mewtwo', 'Mew', 'Jynx', 'Chansey', 'Rhydon', 'Snorlax']",72,10,12
gen1ubers-1096949214,[Gen 1] UBERS,2020-04-15 05:13:50,,innerfocus81519,whiteherb80133,whiteherb80133,False,"['Lapras', 'Jolteon', 'Gengar', 'Chansey', 'Snorlax', 'Alakazam']","['Lapras', 'Charizard', 'Jolteon', 'Victreebel', 'Alakazam', 'Dragonite']",62,5,7
smogtours-gen1ubers-815084,[Gen 1] UBERS,2025-01-19 19:27:44,,status34375,quickclaw83695,status34375,False,"['Mewtwo', 'Mew', 'Exeggutor', 'Zapdos', 'Jynx', 'Snorlax']","['Mew', 'Exeggutor', 'Mewtwo', 'Chansey', 'Snorlax', 'Dragonite']",109,16,18
gen1ubers-799917513,[Gen 1] UBERS,2018-09-02 22:06:28,,sweetscent3994,liechiberry79283,sweetscent3994,False,"['Mew', 'Exeggutor', 'Mewtwo', 'Tauros', 'Dodrio', 'Chansey']","['Mew', 'Mewtwo', 'Exeggutor', 'Tauros', 'Chansey', 'Snorlax']",79,8,10
smogtours-gen1ubers-746416,[Gen 1] UBERS,2024-02-11 00:20:33,,quickclaw83695,snowwarning53744,snowwarning53744,False,"['Mew', 'Mewtwo', 'Zapdos', 'Jynx', 'Rhydon', 'Snorlax']","['Mewtwo', 'Exeggutor', 'Mew', 'Tauros', 'Zapdos', 'Snorlax']",49,16,13
gen1ubers-1056523861,[Gen 1] UBERS,2020-02-02 03:12:32,,whitesmoke42652,muddywater69259,muddywater69259,True,"['Golduck', 'Muk', 'Dugtrio', 'Porygon']","['Rhydon', 'Starmie', 'Jolteon', 'Dragonite']",13,4,3
gen1ubers-351225997,[Gen 1] UBERS,2016-03-28 21:21:34,,focusenergy12335,rockwrecker63122,focusenergy12335,False,"['Mew', 'Exeggutor', 'Tauros', 'Slowbro', 'Jynx', 'Chansey']","['Mew', 'Exeggutor', 'Tauros', 'Slowbro', 'Chansey', 'Snorlax']",51,8,11
gen1ubers-422149385,[Gen 1] UBERS,2016-08-22 17:04:33,,highjumpkick85972,innerfocus91859,highjumpkick85972,False,"['Mewtwo', 'Mew', 'Exeggutor', 'Tauros', 'Slowbro', 'Snorlax']","['Mewtwo', 'Mew', 'Slowbro', 'Jynx', 'Chansey', 'Snorlax']",63,15,18
smogtours-gen1ubers-145904,[Gen 1] UBERS,2016-04-02 22:03:58,,aftermath21478,heatrock37333,heatrock37333,False,"['Starmie', 'Mew', 'Tauros', 'Chansey', 'Snorlax', 'Alakazam']","['Mew', 'Jolteon', 'Tauros', 'Chansey', 'Snorlax', 'Alakazam']",61,9,8
smogtours-gen1ubers-528429,[Gen 1] UBERS,2020-11-20 19:13:08,,innerfocus91859,quilava99512,innerfocus91859,False,"['Cloyster', 'Mewtwo', 'Mew', 'Tauros', 'Chansey', 'Snorlax']","['Exeggutor', 'Mewtwo', 'Mew', 'Chansey', 'Snorlax', 'Alakazam']",112,10,20
smogtours-gen1ubers-724854,[Gen 1] UBERS,2023-10-20 02:50:13,,mudsport71981,icebody51285,icebody51285,False,"['Mew', 'Mewtwo', 'Slowbro', 'Zapdos', 'Gengar', 'Snorlax']","['Mew', 'Exeggutor', 'Mewtwo', 'Tauros', 'Chansey', 'Snorlax']",113,26,26
gen1ubers-2172116859,[Gen 1] UBERS,2024-08-02 17:13:01,,sharpen79247,surf23132,sharpen79247,False,"['Lapras', 'Venusaur', 'Alakazam', 'Gyarados', 'Rhydon', 'Snorlax']","['Exeggutor', 'Jolteon', 'Nidoqueen', 'Machamp', 'Persian', 'Blastoise']",26,5,6
gen1ubers-1125419723,[Gen 1] UBERS,2020-06-02 14:40:45,1022,flareblitz5519,growl29520,flareblitz5519,True,"['Mew', 'Exeggutor', 'Jolteon', 'Mewtwo', 'Snorlax', 'Alakazam']","['Starmie', 'Mewtwo', 'Mew', 'Tauros', 'Chansey', 'Rhydon']",74,13,12
smogtours-gen1ubers-680196,[Gen 1] UBERS,2023-03-12 20:14:43,,arceusghost8496,helixfossil28994,helixfossil28994,False,"['Mewtwo', 'Mew', 'Slowbro', 'Zapdos', 'Chansey', 'Snorlax']","['Cloyster', 'Mewtwo', 'Mew', 'Tauros', 'Chansey', 'Snorlax']",46,14,10
gen1ubers-2184820699,[Gen 1] UBERS,2024-08-21 17:52:01,1024,toxicplate29304,copycat74798,toxicplate29304,False,"['Mew', 'Mewtwo', 'Tauros', 'Gengar', 'Chansey', 'Snorlax']","['Cloyster', 'Mewtwo', 'Mew', 'Chansey', 'Snorlax', 'Alakazam']",42,7,10
smogtours-gen1ubers-745674,[Gen 1] UBERS,2024-02-07 02:18:30,,faketears60131,hypnosis24434,hypnosis24434,True,"['Mew', 'Mewtwo', 'Slowbro', 'Jynx', 'Chansey', 'Snorlax']","['Mew', 'Mewtwo', 'Gengar', 'Chansey', 'Snorlax', 'Alakazam']",163,9,5
gen1ubers-2297480469,[Gen 1] UBERS,2025-02-09 17:10:51,,needlearm59980,golbat13508,needlearm59980,True,"['Exeggutor', 'Mew', 'Tauros', 'Zapdos', 'Rhydon']","['Mew', 'Exeggutor', 'Mewtwo', 'Jolteon', 'Snorlax']",25,4,10
gen1ubers-408095633,[Gen 1] UBERS,2016-07-30 17:20:40,,fling32878,aspearberry45831,aspearberry45831,True,"['Starmie', 'Exeggutor', 'Mewtwo', 'Mew', 'Tauros', 'Chansey']","['Mewtwo', 'Mew', 'Tauros', 'Slowbro', 'Zapdos', 'Snorlax']",33,7,11
gen1ubers-648863641,[Gen 1] UBERS,2017-10-22 16:27:13,,skillswap74981,quickfeet47879,skillswap74981,False,"['Mew', 'Exeggutor', 'Golem', 'Chansey', 'Snorlax']","[""Farfetch'D"", 'Mew', 'Exeggutor', 'Nidoqueen', 'Rhydon', 'Alakazam']",45,7,5
gen1ubers-351238306,[Gen 1] UBERS,2016-03-28 21:50:33,,focusenergy12335,mefirst94337,mefirst94337,False,"['Starmie', 'Exeggutor', 'Mew', 'Tauros', 'Chansey', 'Snorlax']","['Exeggutor', 'Mew', 'Tauros', 'Jynx', 'Chansey', 'Snorlax']",41,14,8
gen1ubers-1159480985,[Gen 1] UBERS,2020-07-29 01:52:05,,poisonpowder12665,meadowplate3613,meadowplate3613,True,"['Mewtwo', 'Exeggutor', 'Mew', 'Tauros', 'Slowbro', 'Snorlax']","['Mew', 'Mewtwo', 'Tauros', 'Slowbro', 'Chansey', 'Snorlax']",74,11,9
gen1ubers-488286100,[Gen 1] UBERS,2016-12-02 22:44:37,,pound69615,azurill29651,azurill29651,False,"['Chansey', 'Vaporeon']","['Arbok', 'Starmie', 'Golem']",23,1,2
smogtours-gen1ubers-773989,[Gen 1] UBERS,2024-06-11 20:48:52,,rockslide51850,hydration14492,hydration14492,True,"['Mewtwo', 'Mew', 'Slowbro', 'Jynx', 'Chansey', 'Snorlax']","['Mewtwo', 'Mew', 'Exeggutor', 'Tauros', 'Rhydon', 'Snorlax']",32,14,12
smogtours-gen1ubers-590787,[Gen 1] UBERS,2021-11-01 05:05:51,,swarm18901,payday74254,payday74254,True,"['Mew', 'Mewtwo', 'Exeggutor', 'Tauros', 'Chansey', 'Snorlax']","['Mewtwo', 'Mew', 'Tauros', 'Chansey', 'Rhydon', 'Snorlax']",49,7,10
smogtours-gen1ubers-609908,[Gen 1] UBERS,2022-02-21 01:53:53,,arceusghost8496,focusband97190,focusband97190,True,"['Lapras', 'Mewtwo', 'Exeggutor', 'Mew', 'Chansey', 'Snorlax']","['Exeggutor', 'Mewtwo', 'Mew', 'Gengar', 'Chansey', 'Snorlax']",84,31,21
gen1ubers-1127672424,[Gen 1] UBERS,2020-06-06 02:40:35,,nightslash34370,walrein32564,walrein32564,True,"['Gengar', 'Mew', 'Alakazam', 'Lapras']","['Gengar', 'Chansey', 'Mewtwo']",9,3,2
smogtours-gen1ubers-699158,[Gen 1] UBERS,2023-06-25 14:35:41,,deoxysdefense78874,unknownability847,unknownability847,False,"['Mewtwo', 'Exeggutor', 'Mew', 'Zapdos', 'Chansey', 'Snorlax']","['Starmie', 'Mew', 'Mewtwo', 'Chansey', 'Rhydon', 'Snorlax']",76,24,24
smogtours-gen1ubers-702383,[Gen 1] UBERS,2023-07-09 23:25:56,,mareep93864,arceusghost8496,arceusghost8496,False,"['Mewtwo', 'Mew', 'Tauros', 'Gengar', 'Chansey', 'Snorlax']","['Mewtwo', 'Mew', 'Zapdos', 'Gengar', 'Chansey', 'Snorlax']",60,11,11
gen1ubers-867673422,[Gen 1] UBERS,2019-02-25 23:42:32,,ursaring84679,gigadrain46202,ursaring84679,False,"['Flareon', 'Sandslash', 'Poliwrath', 'Dodrio', 'Mr. Mime']","['Charizard', 'Hitmonlee', 'Parasect', 'Rhydon', 'Snorlax', 'Tentacruel']",21,6,10
smogtours-gen1ubers-526607,[Gen 1] UBERS,2020-11-08 20:28:05,,quilava99512,sacredfire231,quilava99512,False,"['Mewtwo', 'Mew', 'Gengar', 'Chansey', 'Snorlax']","['Starmie', 'Mew', 'Mewtwo', 'Exeggutor', 'Chansey', 'Snorlax']",46,9,13
gen1ubers-523526774,[Gen 1] UBERS,2017-01-26 01:59:17,,miltank57341,woodhammer83701,woodhammer83701,False,"['Charmander', 'Pidgeotto', 'Rattata', 'Abra']","['Starmie', 'Staryu']",16,4,1
gen1ubers-2177612218,[Gen 1] UBERS,2024-08-10 23:35:21,1115,berryjuice11756,icepunch31870,berryjuice11756,True,"['Mew', 'Mewtwo', 'Tauros', 'Zapdos', 'Snorlax', 'Vaporeon']","['Mewtwo', 'Exeggutor', 'Mew', 'Zapdos', 'Snorlax', 'Alakazam']",35,11,9
gen1ubers-912244978,[Gen 1] UBERS,2019-05-19 02:59:54,,chatot86786,rotommow56443,chatot86786,False,"['Starmie', 'Exeggutor', 'Mewtwo', 'Tauros', 'Snorlax', 'Alakazam']","['Cloyster', 'Tauros', 'Dewgong', 'Dugtrio', 'Hitmonlee', 'Venusaur']",23,5,6
smogtours-gen1ubers-177607,[Gen 1] UBERS,2016-07-20 21:01:39,,poisonheal42759,doubleedge42173,doubleedge42173,True,"['Mewtwo', 'Exeggutor', 'Mew', 'Slowbro', 'Zapdos', 'Snorlax']","['Mewtwo', 'Mew', 'Tauros', 'Gengar', 'Chansey', 'Snorlax']",86,14,14
smogtours-gen1ubers-677919,[Gen 1] UBERS,2023-03-03 02:37:19,,mudsport71981,arceusghost8496,arceusghost8496,False,"['Mew', 'Mewtwo', 'Exeggutor', 'Slowbro', 'Rhydon', 'Snorlax']","['Mewtwo', 'Mew', 'Slowbro', 'Gengar', 'Chansey', 'Snorlax']",71,23,25
smogtours-gen1ubers-698078,[Gen 1] UBERS,2023-06-18 19:22:12,,habanberry18693,bulletseed19358,habanberry18693,False,"['Cloyster', 'Mewtwo', 'Mew', 'Tauros', 'Chansey', 'Snorlax']","['Mewtwo', 'Mew', 'Slowbro', 'Chansey', 'Snorlax', 'Alakazam']",60,20,19
gen1ubers-779557019,[Gen 1] UBERS,2018-07-22 17:33:36,,raindance50399,machamp44590,raindance50399,True,"['Mewtwo', 'Exeggutor', 'Mew', 'Jynx', 'Snorlax']","['Mew', 'Exeggutor', 'Mewtwo', 'Slowbro', 'Jynx', 'Chansey']",40,6,5
gen1ubers-523533992,[Gen 1] UBERS,2017-01-26 02:17:28,,miltank57341,woodhammer83701,miltank57341,False,"['Pidgeotto', 'Growlithe', 'Exeggcute', 'Kadabra', 'Charmeleon']","['Starmie', 'Staryu']",17,5,1
gen1ubers-826760486,[Gen 1] UBERS,2018-10-28 04:32:00,,camerupt44165,staryu3108,staryu3108,False,"['Starmie', 'Exeggutor', 'Mewtwo', 'Mew', 'Slowbro', 'Jynx']","['Starmie', 'Mewtwo', 'Snorlax', 'Zapdos']",36,10,5
smogtours-gen1ubers-798292,[Gen 1] UBERS,2024-10-13 19:22:28,,buneary67957,arceusghost8496,buneary67957,False,"['Cloyster', 'Mewtwo', 'Mew', 'Exeggutor', 'Gengar', 'Snorlax']","['Mewtwo', 'Mew', 'Zapdos', 'Gengar', 'Chansey', 'Snorlax']",35,6,9
gen1ubers-1045215362,[Gen 1] UBERS,2020-01-12 20:41:48,,rollout39517,triattack92475,triattack92475,True,"['Rhydon', 'Arcanine', 'Chansey', 'Dodrio']","['Flareon', 'Wigglytuff', 'Raticate', 'Poliwrath', 'Muk', 'Vaporeon']",20,6,6
gen1ubers-242347433,[Gen 1] UBERS,2015-06-20 18:11:52,,oldamber29487,furyattack94312,furyattack94312,False,"['Mewtwo', 'Mew', 'Exeggutor', 'Jynx', 'Chansey', 'Snorlax']","['Starmie', 'Mew', 'Exeggutor', 'Chansey', 'Snorlax']",24,10,10
gen1ubers-690003930,[Gen 1] UBERS,2018-01-17 03:04:53,,woodhammer83701,hypno99223,woodhammer83701,False,"['Aerodactyl', 'Venusaur', 'Poliwrath', 'Pikachu', 'Snorlax', 'Gyarados']","['Cloyster', 'Beedrill', 'Golem']",12,5,2
smogtours-gen1ubers-804735,[Gen 1] UBERS,2024-11-04 03:00:49,,dark19734,psn38480,psn38480,False,"['Mew', 'Exeggutor', 'Mewtwo', 'Slowbro', 'Chansey', 'Snorlax']","['Mew', 'Exeggutor', 'Mewtwo', 'Arcanine', 'Snorlax']",55,9,8
gen1ubers-2115925755,[Gen 1] UBERS,2024-05-02 01:23:05,,metalcoat45187,bug29229,bug29229,False,"['Electrode', 'Raichu']","['Raticate', 'Porygon', 'Persian', 'Clefable']",45,5,3
smogtours-gen1ubers-530363,[Gen 1] UBERS,2020-11-29 22:51:44,,innerfocus91859,sacredfire231,innerfocus91859,False,"['Mewtwo', 'Mew', 'Tauros', 'Gengar', 'Snorlax']","['Mewtwo', 'Mew', 'Tauros', 'Chansey', 'Rhydon', 'Snorlax']",44,6,14
gen1ubers-904287027,[Gen 1] UBERS,2019-05-05 09:47:15,,rowapberry23107,runaway84626,rowapberry23107,False,"['Mew', 'Mewtwo', 'Jynx', 'Chansey', 'Snorlax']","['Mew', 'Mewtwo', 'Slowbro', 'Jynx', 'Chansey', 'Snorlax']",29,4,9
rom-gen1ubers-496023,[Gen 1] UBERS,2018-12-30 05:34:06,,noguard66106,sudowoodo17153,noguard66106,False,"['Exeggutor', 'Mewtwo', 'Slowbro', 'Jynx', 'Chansey']","['Exeggutor', 'Mewtwo', 'Mew', 'Slowbro', 'Jynx', 'Chansey']",32,4,17
gen1ubers-2200886357,[Gen 1] UBERS,2024-09-13 16:33:25,,flamethrower41445,registeel31223,registeel31223,False,"['Mewtwo', 'Exeggutor', 'Mew', 'Zapdos', 'Chansey', 'Snorlax']","['Jynx', 'Mewtwo']",18,10,1
smogtours-gen1ubers-696151,[Gen 1] UBERS,2023-06-08 20:18:36,,barboach88300,cascoon94634,barboach88300,False,"['Mew', 'Exeggutor', 'Mewtwo', 'Zapdos', 'Chansey', 'Snorlax']","['Mew', 'Mewtwo', 'Tauros', 'Chansey', 'Snorlax', 'Dragonite']",61,24,19
gen1ubers-2066558833,[Gen 1] UBERS,2024-02-24 11:17:47,,grudge18697,gorebyss2916,gorebyss2916,True,"['Electrode', 'Chansey']",['Electrode'],51,40,1
gen1ubers-2031723132,[Gen 1] UBERS,2024-01-10 16:26:01,,bulkup82560,timerball82737,bulkup82560,False,"['Parasect', 'Mew']","['Mew', 'Mewtwo', 'Tauros', 'Zapdos', 'Chansey', 'Articuno']",31,1,5
gen1ubers-2178891211,[Gen 1] UBERS,2024-08-12 22:30:13,1000,focusband98371,beedrill79854,beedrill79854,False,"['Exeggutor', 'Mew', 'Mewtwo', 'Slowbro', 'Zapdos', 'Snorlax']","['Mewtwo', 'Mew', 'Onix', 'Jynx', 'Snorlax', 'Beedrill']",40,10,9
gen1ubers-499198588,[Gen 1] UBERS,2016-12-17 06:37:16,,pinsir32907,safeguard8634,pinsir32907,False,"['Mew', 'Pinsir', 'Nidoqueen', 'Zapdos', 'Magmar', 'Tentacruel']","['Moltres', 'Jolteon', 'Kangaskhan', 'Onix', 'Slowbro', 'Articuno']",38,10,9
gen1ubers-397515451,[Gen 1] UBERS,2016-07-09 21:51:04,,metalpowder69549,fling32878,fling32878,True,"['Mew', 'Mewtwo', 'Tauros', 'Jynx', 'Chansey', 'Snorlax']","['Mewtwo', 'Tauros', 'Slowbro', 'Jynx', 'Chansey']",162,13,6
gen1ubers-1047001391,[Gen 1] UBERS,2020-01-15 21:09:13,,plusle50807,gloom76476,gloom76476,False,"['Spearow', 'Nidorino', 'Pidgey', 'Pikachu']","['Clefairy', 'Nidorino', 'Rattata', 'Pikachu']",32,6,6
smogtours-gen1ubers-591401,[Gen 1] UBERS,2021-11-06 17:11:31,,bidoof62502,sacredfire231,bidoof62502,True,"['Mewtwo', 'Exeggutor', 'Mew', 'Tauros', 'Chansey', 'Snorlax']","['Starmie', 'Exeggutor', 'Mewtwo', 'Mew', 'Chansey', 'Snorlax']",57,12,17
gen1ubers-1046985132,[Gen 1] UBERS,2020-01-15 20:47:44,,persimberry6722,gloom76476,gloom76476,False,"['Butterfree', 'Rattata', 'Nidorina', 'Beedrill', 'Gastly']","['Rattata', 'Pidgey', 'Clefairy', 'Nidorino', 'Pikachu']",46,15,12
smogtours-gen1ubers-697390,[Gen 1] UBERS,2023-06-16 17:13:32,,sandattack94842,deoxysdefense78874,deoxysdefense78874,False,"['Mew', 'Mewtwo', 'Slowbro', 'Gengar', 'Chansey', 'Snorlax']","['Mew', 'Exeggutor', 'Mewtwo', 'Tauros', 'Chansey', 'Snorlax']",175,20,12
rom-gen1ubers-468435,[Gen 1] UBERS,2018-12-02 20:58:45,,constrict58938,sudowoodo17153,constrict58938,False,"['Mew', 'Slowbro', 'Zapdos', 'Chansey', 'Snorlax']","['Mewtwo', 'Mew', 'Slowbro', 'Jynx', 'Chansey', 'Snorlax']",35,5,9
rom-gen1ubers-468343,[Gen 1] UBERS,2018-12-02 20:29:04,,constrict58938,sudowoodo17153,constrict58938,False,"['Mew', 'Exeggutor', 'Snorlax', 'Zapdos']","['Mew', 'Mewtwo', 'Slowbro', 'Jynx', 'Chansey', 'Snorlax']",25,3,8
smogtours-gen1ubers-703504,[Gen 1] UBERS,2023-07-16 01:59:51,,sandattack94842,adaptability45192,adaptability45192,True,"['Mewtwo', 'Mew', 'Tauros', 'Slowbro', 'Chansey', 'Snorlax']","['Exeggutor', 'Mewtwo', 'Mew', 'Tauros', 'Chansey', 'Snorlax']",116,14,15
smogtours-gen1ubers-612201,[Gen 1] UBERS,2022-03-07 03:02:28,,psn38480,focusband97190,psn38480,False,"['Mew', 'Mewtwo', 'Exeggutor', 'Tauros', 'Chansey', 'Snorlax']","['Starmie', 'Mew', 'Mewtwo', 'Sandslash', 'Chansey', 'Snorlax']",82,20,33
gen1ubers-638920770,[Gen 1] UBERS,2017-09-30 18:29:02,,magicguard14043,delcatty31981,delcatty31981,False,"['Mewtwo', 'Mew', 'Tauros', 'Zapdos', 'Gengar', 'Snorlax']","['Mewtwo', 'Mew', 'Electrode', 'Golem', 'Jynx']",30,10,11
gen1ubers-494948579,[Gen 1] UBERS,2016-12-11 20:06:02,,hail38633,kakuna34563,kakuna34563,False,['Mewtwo'],['Mew'],18,0,0
gen1ubers-2158681815,[Gen 1] UBERS,2024-07-10 21:23:39,,lowkick56044,ironplate48112,ironplate48112,False,"['Exeggutor', 'Jolteon', 'Gengar', 'Rhydon', 'Snorlax', 'Articuno']","['Gengar', 'Arcanine', 'Jolteon', 'Blastoise']",19,6,4
gen1ubers-350432841,[Gen 1] UBERS,2016-03-27 03:33:53,,brn81771,chatot4703,chatot4703,False,"['Mew', 'Mewtwo', 'Charizard', 'Pikachu', 'Raichu', 'Alakazam']",['Mewtwo'],32,5,0
smogtours-gen1ubers-635634,[Gen 1] UBERS,2022-07-01 22:21:50,,amnesia25800,psn38480,amnesia25800,True,['Tauros'],"['Chansey', 'Exeggutor', 'Snorlax', 'Zapdos']",5,0,3
smogtours-gen1ubers-73581,[Gen 1] UBERS,2015-07-08 15:49:08,,garchomp79956,soundproof1168,garchomp79956,False,"['Jynx', 'Mewtwo', 'Snorlax', 'Slowbro']","['Exeggutor', 'Mew', 'Mewtwo', 'Slowbro', 'Chansey', 'Snorlax']",66,4,10
gen1ubers-526816561,[Gen 1] UBERS,2017-02-01 03:26:21,,miltank57341,woodhammer83701,miltank57341,False,"['Tangela', 'Weepinbell']","['Sandshrew', 'Vulpix', 'Eevee', 'Magnemite', 'Fearow']",37,1,8
rom-gen1ubers-502868,[Gen 1] UBERS,2019-01-06 19:21:37,,constrict58938,sudowoodo17153,constrict58938,False,"['Mew', 'Mewtwo', 'Zapdos', 'Chansey', 'Snorlax']","['Mewtwo', 'Mew', 'Slowbro', 'Jynx', 'Chansey', 'Snorlax']",51,4,7
gen1ubers-2175040135,[Gen 1] UBERS,2024-08-07 02:35:40,1000,skarmory93245,rollout94469,rollout94469,False,"['Mew', 'Exeggutor', 'Jolteon', 'Mewtwo', 'Chansey', 'Snorlax']","['Cloyster', 'Mew', 'Mewtwo', 'Onix', 'Hypno', 'Snorlax']",57,17,19
gen1ubers-755861472,[Gen 1] UBERS,2018-06-01 01:59:05,,miltank57341,woodhammer83701,woodhammer83701,False,['Electabuzz'],"['Pikachu', 'Charmeleon']",7,0,2
smogtours-gen1ubers-677916,[Gen 1] UBERS,2023-03-03 02:23:28,,arceusghost8496,mudsport71981,arceusghost8496,False,"['Exeggutor', 'Mewtwo', 'Mew', 'Slowbro', 'Chansey', 'Snorlax']","['Mewtwo', 'Mew', 'Slowbro', 'Zapdos', 'Gengar', 'Snorlax']",65,20,20
gen1ubers-1138404043,[Gen 1] UBERS,2020-06-24 00:00:17,,earthpower3828,griseousorb85131,griseousorb85131,False,"['Moltres', 'Mewtwo', 'Charizard', 'Zapdos', 'Venusaur', 'Articuno']",['Mewtwo'],15,5,0
smogtours-gen1ubers-676816,[Gen 1] UBERS,2023-02-22 20:20:46,,powerherb16934,skullbash4784,powerherb16934,True,"['Mew', 'Exeggutor', 'Tauros', 'Chansey', 'Snorlax']","['Mewtwo', 'Mew', 'Tauros', 'Zapdos', 'Chansey', 'Snorlax']",31,11,7
gen1ubers-1130763953,[Gen 1] UBERS,2020-06-11 12:14:03,1069,amnesia25800,mirrorshot7800,mirrorshot7800,True,"['Exeggutor', 'Mewtwo', 'Mew', 'Zapdos', 'Jynx', 'Chansey']","['Exeggutor', 'Mewtwo', 'Mew', 'Tauros', 'Electrode', 'Chansey']",32,12,7
gen1ubers-2073103825,[Gen 1] UBERS,2024-03-04 12:18:00,,ludicolo79993,lastresort90026,ludicolo79993,False,"['Gengar', 'Electrode']","['Gengar', 'Electrode', 'Aerodactyl']",25,2,7
gen1ubers-620686758,[Gen 1] UBERS,2017-08-21 20:35:02,,magnetrise41863,monferno30755,monferno30755,False,"['Moltres', 'Mewtwo', 'Dragonair', 'Gengar', 'Dewgong', 'Arcanine']","['Growlithe', 'Mew', 'Nidoran-M', 'Zubat', 'Weedle', 'Krabby']",15,5,6
gen1ubers-2042957052,[Gen 1] UBERS,2024-01-24 15:48:35,,gorebyss2916,bug23041,gorebyss2916,False,"['Electrode', 'Chansey']","['Gengar', 'Electrode', 'Aerodactyl']",53,2,11
smogtours-gen1ubers-672641,[Gen 1] UBERS,2023-02-04 05:59:00,,mudsport71981,magnetpull75337,mudsport71981,False,"['Mewtwo', 'Mew', 'Zapdos', 'Gengar', 'Chansey', 'Snorlax']","['Mew', 'Exeggutor', 'Mewtwo', 'Tauros', 'Chansey', 'Snorlax']",34,13,10
smogtours-gen1ubers-732956,[Gen 1] UBERS,2023-11-28 22:38:47,,waterfall8105,steel89481,waterfall8105,False,"['Mewtwo', 'Exeggutor', 'Mew', 'Tauros', 'Chansey', 'Snorlax']","['Mewtwo', 'Exeggutor', 'Mew', 'Tauros', 'Chansey', 'Snorlax']",68,27,21
gen1ubers-966781629,[Gen 1] UBERS,2019-08-27 13:46:21,,xatu88107,roar60347,xatu88107,False,"['Mewtwo', 'Charizard', 'Zapdos', 'Venusaur']","['Cloyster', 'Starmie', 'Mewtwo', 'Gengar', 'Chansey', 'Blastoise']",23,3,6
gen1ubers-523547616,[Gen 1] UBERS,2017-01-26 03:07:05,,miltank57341,woodhammer83701,miltank57341,False,"['Pidgeot', 'Charizard', 'Exeggcute', 'Gyarados', 'Alakazam']","['Venomoth', 'Kadabra', 'Alakazam', 'Mr. Mime']",134,5,3
gen1ubers-1057004898,[Gen 1] UBERS,2020-02-03 02:38:13,,skilllink6848,blacksludge7920,blacksludge7920,True,"['Nidoking', 'Vileplume', 'Charizard']","['Pidgeot', 'Electrode', 'Hitmonchan', 'Marowak', 'Mr. Mime', 'Dewgong']",15,2,5
smogtours-gen1ubers-724272,[Gen 1] UBERS,2023-10-15 22:24:20,,icebody51285,skillswap74981,icebody51285,False,"['Exeggutor', 'Mewtwo', 'Tauros', 'Chansey', 'Snorlax']","['Mewtwo', 'Mew', 'Tauros', 'Slowbro', 'Chansey', 'Snorlax']",32,10,12
gen1ubers-1142784456,[Gen 1] UBERS,2020-06-30 21:25:13,,rotom95030,watergun59811,rotom95030,True,"['Mew', 'Exeggutor', 'Tauros', 'Chansey', 'Snorlax']","['Exeggutor', 'Mew', 'Alakazam', 'Snorlax']",13,9,5
gen1ubers-832832413,[Gen 1] UBERS,2018-12-08 23:19:56,,powertrick84492,snorunt74259,powertrick84492,False,"['Starmie', 'Exeggutor', 'Tauros', 'Zapdos', 'Arcanine', 'Alakazam']","['Cloyster', 'Starmie', 'Exeggutor', 'Jolteon', 'Machamp', 'Dragonite']",33,11,11
smogtours-gen1ubers-610215,[Gen 1] UBERS,2022-02-25 22:17:14,,duskball22480,synchronize14428,synchronize14428,False,"['Mewtwo', 'Mew', 'Exeggutor', 'Gengar', 'Chansey', 'Snorlax']","['Mewtwo', 'Mew', 'Exeggutor', 'Gengar', 'Chansey', 'Snorlax']",35,16,9
smogtours-gen1ubers-790691,[Gen 1] UBERS,2024-09-14 21:37:49,,tyrogue95104,aurasphere76841,aurasphere76841,True,"['Mew', 'Exeggutor']",['Starmie'],18,1,0
gen1ubers-923276294,[Gen 1] UBERS,2019-06-06 14:58:52,,acupressure4799,stunspore21508,stunspore21508,True,"['Moltres', 'Mewtwo', 'Mew', 'Gengar', 'Articuno']","['Mew', 'Mewtwo', 'Zapdos', 'Tauros']",41,4,5
smogtours-gen1ubers-799907,[Gen 1] UBERS,2024-10-19 15:30:28,,psn38480,mareep93864,mareep93864,False,"['Starmie', 'Exeggutor', 'Mew', 'Mewtwo', 'Rhydon', 'Snorlax']","['Mew', 'Exeggutor', 'Mewtwo', 'Slowbro', 'Zapdos', 'Snorlax']",44,12,11
gen1ubers-2181620414,[Gen 1] UBERS,2024-08-16 23:19:24,1157,berryjuice11756,octillery52515,octillery52515,False,"['Mew', 'Exeggutor', 'Jolteon', 'Mewtwo', 'Slowbro', 'Vaporeon']","['Starmie', 'Exeggutor', 'Mew', 'Mewtwo', 'Rhydon', 'Snorlax']",55,18,19
smogtours-gen1ubers-704502,[Gen 1] UBERS,2023-07-21 02:00:35,,steel89481,sandattack94842,steel89481,True,"['Starmie', 'Mew', 'Exeggutor', 'Mewtwo', 'Chansey', 'Snorlax']","['Mew', 'Exeggutor', 'Mewtwo', 'Chansey', 'Snorlax', 'Dragonite']",42,11,11
gen1ubers-909249330,[Gen 1] UBERS,2019-05-14 01:41:34,,effectspore96182,magmarizer68743,effectspore96182,True,"['Mew', 'Exeggutor', 'Slowbro', 'Jynx', 'Chansey']","['Mew', 'Exeggutor', 'Mewtwo', 'Tauros']",32,5,4
smogtours-gen1ubers-301777,[Gen 1] UBERS,2017-07-10 22:30:47,,wormadam16475,lick25189,wormadam16475,True,"['Exeggutor', 'Mew', 'Tauros', 'Jynx', 'Alakazam', 'Snorlax']","['Exeggutor', 'Mew', 'Zapdos', 'Golem', 'Chansey', 'Snorlax']",36,10,11
gen1ubers-755860461,[Gen 1] UBERS,2018-06-01 01:57:07,,miltank57341,woodhammer83701,woodhammer83701,False,['Electabuzz'],"['Pikachu', 'Charmeleon']",9,0,2
gen1ubers-1056533656,[Gen 1] UBERS,2020-02-02 03:44:59,,skilllink6848,probopass67368,probopass67368,True,"['Starmie', 'Vileplume', 'Charizard', 'Tauros', 'Nidoking']","['Cloyster', 'Charizard', 'Ditto', 'Persian']",17,4,3
gen1ubers-939210608,[Gen 1] UBERS,2019-07-03 21:30:08,,murkrow17063,dragonair10209,murkrow17063,False,"['Parasect', 'Rhydon', 'Golduck', 'Alakazam']","['Jolteon', 'Dewgong', 'Persian', 'Arcanine', 'Snorlax', 'Vaporeon']",42,5,13
gen1ubers-833712282,[Gen 1] UBERS,2018-12-10 21:52:54,,powertrick84492,snorunt74259,powertrick84492,False,"['Starmie', 'Exeggutor', 'Tauros', 'Zapdos', 'Arcanine', 'Alakazam']","['Exeggutor', 'Jolteon', 'Golem', 'Arcanine', 'Alakazam', 'Vaporeon']",29,6,11
smogtours-gen1ubers-406124,[Gen 1] UBERS,2018-10-21 19:32:55,,gripclaw81592,battlearmor28944,battlearmor28944,False,"['Mew', 'Mewtwo', 'Slowbro', 'Jynx', 'Chansey', 'Snorlax']","['Exeggutor', 'Mew', 'Mewtwo', 'Tauros', 'Gengar', 'Snorlax']",30,12,11
smogtours-gen1ubers-697525,[Gen 1] UBERS,2023-06-17 01:28:05,,magnetpull75337,drought77787,magnetpull75337,True,"['Exeggutor', 'Mewtwo', 'Tauros', 'Chansey', 'Snorlax']","['Mewtwo', 'Mew', 'Zapdos', 'Gengar', 'Chansey', 'Snorlax']",44,7,10
gen1ubers-2064807203,[Gen 1] UBERS,2024-02-22 01:39:04,,stick45046,mankey85676,stick45046,False,"['Mewtwo', 'Jolteon', 'Gengar', 'Arcanine', 'Dragonite']","['Lapras', 'Charizard', 'Mewtwo', 'Venusaur', 'Pikachu', 'Snorlax']",28,4,5
gen1ubers-733102256,[Gen 1] UBERS,2018-04-15 12:21:09,,shiftry93983,payday35970,shiftry93983,True,"['Slowbro', 'Chansey', 'Exeggutor', 'Mewtwo']","['Mew', 'Mewtwo', 'Zapdos', 'Chansey', 'Snorlax']",44,3,6
gen1ubers-689999940,[Gen 1] UBERS,2018-01-17 02:54:18,,woodhammer83701,hypno99223,woodhammer83701,False,"['Aerodactyl', 'Poliwrath', 'Pikachu', 'Gyarados', 'Snorlax']","['Cloyster', 'Beedrill', 'Golem']",11,4,2
gen1ubers-727980419,[Gen 1] UBERS,2018-04-04 17:10:15,,tangaberry64509,giratina56991,giratina56991,False,"['Mewtwo', 'Charizard', 'Gengar', 'Chansey', 'Gyarados', 'Dragonite']","['Mew', 'Snorlax', 'Zapdos', 'Golem']",21,7,3
gen1ubers-2026105507,[Gen 1] UBERS,2024-01-03 14:31:58,,deoxysdefense69349,featherdance7627,featherdance7627,False,"['Gengar', 'Muk', 'Ditto']",['Missingno.'],8,3,0
gen1ubers-837095126,[Gen 1] UBERS,2018-11-17 20:28:37,,tailwhip2839,defog5226,tailwhip2839,True,"['Exeggutor', 'Mewtwo', 'Tauros']","['Mewtwo', 'Lapras', 'Tauros', 'Rhydon', 'Magmar']",16,3,5
smogtours-gen1ubers-819916,[Gen 1] UBERS,2025-02-15 15:18:38,,iceball26708,psn38480,psn38480,False,"['Mewtwo', 'Exeggutor', 'Mew', 'Slowbro', 'Gengar', 'Snorlax']","['Mewtwo', 'Exeggutor', 'Mew', 'Tauros', 'Zapdos', 'Golem']",42,8,16
gen1ubers-527352219,[Gen 1] UBERS,2017-02-02 03:50:36,,miltank57341,woodhammer83701,miltank57341,False,"['Sandshrew', 'Vulpix', 'Eevee', 'Shellder', 'Fearow']",['Raichu'],20,6,0
gen1ubers-1158710891,[Gen 1] UBERS,2020-07-27 20:08:10,,cacturne1459,xscissor99781,xscissor99781,True,"['Rhydon', 'Exeggutor']","['Gengar', 'Exeggutor']",9,1,2
gen1ubers-653730987,[Gen 1] UBERS,2017-11-02 08:39:32,,machop93256,hypercutter82948,machop93256,False,"['Mewtwo', 'Mew', 'Tauros', 'Slowbro', 'Chansey', 'Snorlax']","['Mewtwo', 'Mew', 'Slowbro', 'Zapdos', 'Chansey', 'Snorlax']",61,11,12
gen1ubers-739777969,[Gen 1] UBERS,2018-04-29 03:59:10,,eevee75445,drifblim84361,eevee75445,False,"['Charizard', 'Jolteon', 'Slowbro', 'Nidoking', 'Primeape', 'Snorlax']","['Rhyhorn', 'Kadabra', 'Dodrio', 'Victreebel', 'Arcanine', 'Blastoise']",33,7,13
gen1ubers-2183402869,[Gen 1] UBERS,2024-08-19 18:15:14,1066,fakeout28786,octillery52515,fakeout28786,False,"['Mew', 'Mewtwo', 'Tauros', 'Zapdos', 'Chansey']","['Starmie', 'Exeggutor', 'Mewtwo', 'Mew', 'Rhydon', 'Snorlax']",32,4,7
gen1ubers-2372606356,[Gen 1] UBERS,2025-05-27 01:21:54,,curse30829,glare76279,curse30829,True,"['Mew', 'Mewtwo', 'Tauros', 'Jynx', 'Chansey', 'Snorlax']","['Mew', 'Mewtwo', 'Tauros', 'Jynx', 'Chansey', 'Snorlax']",54,9,7
gen1ubers-345710307,[Gen 1] UBERS,2016-03-17 12:44:24,,astonish38644,suckerpunch86444,suckerpunch86444,False,"['Charizard', 'Gengar', 'Snorlax', 'Mankey', 'Raichu', 'Alakazam']","['Sandslash', 'Machamp', 'Mr. Mime', 'Bellsprout', 'Dragonite']",19,6,4
gen1ubers-356290626,[Gen 1] UBERS,2016-04-08 18:42:03,,fly92715,sludgebomb41859,fly92715,True,"['Exeggutor', 'Mewtwo', 'Mew', 'Gengar', 'Chansey', 'Snorlax']","['Exeggutor', 'Mewtwo', 'Mew', 'Slowbro', 'Gengar', 'Chansey']",49,10,6
gen1ubers-739765483,[Gen 1] UBERS,2018-04-29 03:17:03,,eevee75445,drifblim84361,eevee75445,False,"['Charizard', 'Jolteon', 'Slowbro', 'Nidoking', 'Raticate', 'Primeape']","['Rhyhorn', 'Nidoqueen', 'Kangaskhan', 'Gyarados']",23,9,10
gen1ubers-690006196,[Gen 1] UBERS,2018-01-17 03:11:20,,woodhammer83701,hypno99223,woodhammer83701,False,"['Aerodactyl', 'Poliwrath', 'Pikachu', 'Gyarados', 'Venusaur']","['Cloyster', 'Beedrill', 'Golem']",13,5,2
gen1ubers-966453320,[Gen 1] UBERS,2019-08-26 20:46:49,,slakoth53488,griseousorb25272,griseousorb25272,False,"['Mew', 'Exeggutor', 'Lapras', 'Tauros', 'Snorlax', 'Alakazam']","['Starmie', 'Mew', 'Exeggutor', 'Chansey', 'Snorlax']",30,9,6
gen1ubers-394255661,[Gen 1] UBERS,2016-07-02 11:50:15,,hustle11937,mefirst94337,hustle11937,False,"['Exeggutor', 'Mewtwo', 'Mew', 'Tauros', 'Zapdos', 'Snorlax']","['Mewtwo', 'Mew', 'Slowbro', 'Gengar', 'Chansey', 'Snorlax']",36,12,16
gen1ubers-987592419,[Gen 1] UBERS,2019-10-05 20:37:22,,focusenergy13679,visegrip12559,visegrip12559,False,['Metapod'],['Rattata'],12,0,0
rom-gen1ubers-623625,[Gen 1] UBERS,2019-07-23 12:56:06,,constrict58938,sudowoodo17153,constrict58938,False,"['Mew', 'Snorlax']","['Mewtwo', 'Mew', 'Slowbro', 'Jynx', 'Chansey', 'Snorlax']",13,1,7
gen1ubers-781671486,[Gen 1] UBERS,2018-07-26 21:19:04,,raindance50399,payback7723,payback7723,False,"['Exeggutor', 'Mewtwo', 'Mew', 'Gengar', 'Chansey', 'Snorlax']","['Exeggutor', 'Mewtwo', 'Gengar', 'Chansey', 'Snorlax']",132,8,7
gen1ubers-789714153,[Gen 1] UBERS,2018-08-12 18:50:47,,raindance50399,tailwhip2839,raindance50399,True,"['Exeggutor', 'Mewtwo', 'Mew', 'Gengar', 'Chansey', 'Snorlax']","['Mew', 'Exeggutor', 'Mewtwo', 'Tauros', 'Chansey', 'Snorlax']",95,15,21
smogtours-gen1ubers-587116,[Gen 1] UBERS,2021-10-16 20:45:07,,koffing93492,arceusghost8496,arceusghost8496,True,"['Mew', 'Mewtwo', 'Slowbro', 'Jynx', 'Chansey', 'Snorlax']","['Starmie', 'Mew', 'Mewtwo', 'Chansey', 'Rhydon', 'Snorlax']",120,24,33
gen1ubers-930073337,[Gen 1] UBERS,2019-06-17 20:43:22,,par74961,ironplate91202,par74961,False,"['Gengar', 'Mewtwo', 'Zapdos', 'Golem']","['Starmie', 'Mewtwo', 'Tauros', 'Slowbro', 'Chansey', 'Articuno']",58,4,8
gen1ubers-699782602,[Gen 1] UBERS,2018-02-06 02:17:14,,woodhammer83701,miltank57341,woodhammer83701,False,"['Aerodactyl', 'Poliwrath', 'Pikachu', 'Ivysaur', 'Gyarados', 'Snorlax']","['Voltorb', 'Magneton', 'Electrode', 'Zapdos', 'Electabuzz', 'Raichu']",37,10,9
gen1ubers-679180997,[Gen 1] UBERS,2017-12-25 02:17:03,,woodhammer83701,miltank57341,woodhammer83701,False,"['Bulbasaur', 'Poliwag', 'Pikachu']","['Rhyhorn', 'Rhydon']",24,4,1
gen1ubers-1049919536,[Gen 1] UBERS,2020-01-21 00:52:48,,uturn48333,counter73517,uturn48333,True,"['Jynx', 'Raichu', 'Gengar', 'Gyarados']","['Machamp', 'Arcanine', 'Nidoking']",13,3,2
smogtours-gen1ubers-745748,[Gen 1] UBERS,2024-02-07 21:18:20,,noability19212,fissure61188,noability19212,False,"['Exeggutor', 'Mewtwo', 'Slowbro', 'Chansey', 'Rhydon']","['Mewtwo', 'Mew', 'Zapdos', 'Jynx', 'Rhydon', 'Snorlax']",65,10,12
gen1ubers-911364057,[Gen 1] UBERS,2019-05-17 16:30:20,,firefang83926,rayquaza77793,rayquaza77793,False,"['Tauros', 'Zapdos', 'Jynx', 'Chansey', 'Persian', 'Alakazam']","['Exeggutor', 'Lapras', 'Tauros', 'Alakazam', 'Rhydon', 'Snorlax']",26,5,8
gen1ubers-535748229,[Gen 1] UBERS,2017-02-19 09:07:32,,stoneplate49526,gallade47666,stoneplate49526,False,"['Pidgeot', 'Lapras', 'Charizard', 'Jolteon', 'Onix', 'Machamp']","['Pidgeot', 'Exeggutor', 'Rhydon', 'Arcanine', 'Alakazam', 'Blastoise']",34,5,5
smogtours-gen1ubers-813875,[Gen 1] UBERS,2025-01-12 15:09:50,,quickclaw83695,wacanberry11962,wacanberry11962,False,"['Mewtwo', 'Exeggutor', 'Mew', 'Gengar', 'Persian', 'Snorlax']","['Mewtwo', 'Exeggutor', 'Mew', 'Tauros', 'Snorlax', 'Articuno']",36,16,11
gen1ubers-2174787718,[Gen 1] UBERS,2024-08-06 18:45:29,1023,infernape89990,quickpowder52632,infernape89990,True,"['Chansey', 'Snorlax', 'Tauros']","['Mew', 'Gengar', 'Chansey', 'Persian', 'Articuno']",14,4,6
gen1ubers-973099137,[Gen 1] UBERS,2019-09-09 00:36:38,,earthquake9328,rattata42388,rattata42388,True,"['Exeggutor', 'Mewtwo', 'Mew', 'Slowbro', 'Jynx', 'Chansey']","['Mewtwo', 'Exeggutor', 'Mew', 'Slowbro', 'Jynx', 'Chansey']",55,8,14
gen1ubers-2184763618,[Gen 1] UBERS,2024-08-21 16:18:07,1067,aurasphere94309,bigroot22124,aurasphere94309,False,"['Mewtwo', 'Mew', 'Tauros', 'Slowbro', 'Victreebel', 'Snorlax']","['Cloyster', 'Mewtwo', 'Mew', 'Tauros', 'Chansey', 'Snorlax']",44,14,9
smogtours-gen1ubers-604074,[Gen 1] UBERS,2022-01-22 15:08:11,,psn38480,starfberry84995,psn38480,True,"['Exeggutor', 'Mewtwo', 'Tauros', 'Chansey', 'Snorlax']","['Starmie', 'Mew', 'Mewtwo', 'Tauros', 'Chansey', 'Snorlax']",50,5,6
gen1ubers-1044926127,[Gen 1] UBERS,2020-01-12 06:57:51,,insectplate41158,girafarig63562,girafarig63562,True,"['Jolteon', 'Hitmonlee', 'Rhydon', 'Alakazam', 'Dragonite']","['Slowbro', 'Vileplume', 'Golem']",16,5,2
gen1ubers-939130225,[Gen 1] UBERS,2019-07-03 18:45:53,,swinub64017,dragonfang22862,dragonfang22862,False,"['Pidgeot', 'Exeggutor', 'Gyarados', 'Rhydon', 'Arcanine', 'Alakazam']","['Mewtwo', 'Charizard', 'Venusaur', 'Pikachu', 'Snorlax', 'Blastoise']",31,5,5
gen1ubers-652088480,[Gen 1] UBERS,2017-10-29 17:04:04,,stickybarb85522,quickpowder89831,stickybarb85522,True,"['Starmie', 'Mew', 'Mewtwo', 'Tauros', 'Chansey', 'Snorlax']","['Exeggutor', 'Mew', 'Mewtwo', 'Gengar', 'Chansey', 'Snorlax']",58,8,8
smogtours-gen1ubers-70731,[Gen 1] UBERS,2015-06-25 23:51:34,,zoomlens15496,heatrock37333,zoomlens15496,True,"['Exeggutor', 'Mew', 'Mewtwo', 'Jynx', 'Chansey', 'Snorlax']","['Mew', 'Mewtwo', 'Slowbro', 'Jynx', 'Chansey', 'Snorlax']",45,9,14
gen1ubers-524612729,[Gen 1] UBERS,2017-01-28 01:04:08,,apicotberry64845,wrap55234,wrap55234,False,"['Electrode', 'Machamp', 'Chansey', 'Snorlax', 'Rhydon', 'Alakazam']","['Exeggutor', 'Lapras', 'Mewtwo', 'Chansey', 'Snorlax', 'Alakazam']",87,17,20
gen1ubers-245621305,[Gen 1] UBERS,2015-07-01 15:10:12,,safariball30401,splash21630,safariball30401,False,"['Mew', 'Exeggutor', 'Mewtwo']","['Mewtwo', 'Exeggutor', 'Lapras', 'Chansey', 'Alakazam', 'Snorlax']",34,2,6
gen1ubers-653208077,[Gen 1] UBERS,2017-11-01 02:11:04,,woodhammer83701,miltank57341,woodhammer83701,False,"['Charizard', 'Squirtle', 'Pikachu']","['Rhydon', 'Magmar', 'Ninetales']",25,2,2
smogtours-gen1ubers-154392,[Gen 1] UBERS,2016-04-24 13:19:48,,starly21199,mefirst94337,mefirst94337,True,"['Mew', 'Tauros', 'Zapdos', 'Chansey', 'Snorlax', 'Alakazam']","['Mew', 'Tauros', 'Zapdos', 'Chansey', 'Snorlax', 'Alakazam']",97,13,14
gen1ubers-602813140,[Gen 1] UBERS,2017-07-12 07:38:09,,adamantorb20174,corphish42327,adamantorb20174,True,"['Mew', 'Mewtwo', 'Zapdos', 'Ditto', 'Articuno']","['Mewtwo', 'Charizard', 'Jolteon', 'Mew', 'Chansey', 'Rhydon']",38,5,13
gen1ubers-2225415026,[Gen 1] UBERS,2024-10-18 03:23:04,,wormadamsandy82235,weezing76864,wormadamsandy82235,False,['Machop'],['Pikachu'],5,0,0
gen1ubers-1021151372,[Gen 1] UBERS,2019-12-02 10:53:49,,politoed53463,blazekick11627,blazekick11627,False,"['Mewtwo', 'Mew', 'Exeggutor', 'Slowbro', 'Jynx', 'Chansey']","['Mewtwo', 'Mew', 'Exeggutor', 'Tauros', 'Gengar', 'Chansey']",221,11,10
gen1ubers-1044921557,[Gen 1] UBERS,2020-01-12 06:38:45,,blackbelt63683,unburden78223,blackbelt63683,True,"['Dragonair', 'Alakazam', 'Charizard']","['Machamp', 'Gengar', 'Chansey', 'Tauros']",13,2,3
gen1ubers-662402667,[Gen 1] UBERS,2017-11-20 23:00:23,,hustle11937,skillswap74981,hustle11937,False,"['Exeggutor', 'Mewtwo', 'Tauros', 'Slowbro', 'Zapdos', 'Snorlax']","['Exeggutor', 'Mewtwo', 'Tauros', 'Slowbro', 'Chansey', 'Snorlax']",124,12,12
gen1ubers-2180262736,[Gen 1] UBERS,2024-08-14 22:55:04,1086,parasect7600,pelipper13259,parasect7600,False,"['Mewtwo', 'Mew', 'Slowbro', 'Gengar', 'Chansey', 'Snorlax']","['Exeggutor', 'Mew', 'Mewtwo', 'Slowbro', 'Snorlax', 'Golbat']",188,30,21
gen1ubers-876208793,[Gen 1] UBERS,2019-03-14 20:08:34,,ursaring45910,zenheadbutt21681,ursaring45910,False,"['Mewtwo', 'Charizard', 'Tauros', 'Golem', 'Gengar', 'Chansey']","['Mewtwo', 'Tauros', 'Gengar', 'Hitmonlee', 'Venusaur', 'Dragonite']",26,8,8
smogtours-gen1ubers-745391,[Gen 1] UBERS,2024-02-05 16:21:50,,buneary67957,needlearm25079,needlearm25079,False,"['Mew', 'Mewtwo', 'Exeggutor', 'Tauros', 'Zapdos', 'Snorlax']","['Mewtwo', 'Exeggutor', 'Mew', 'Chansey', 'Rhydon', 'Snorlax']",60,12,12
smogtours-gen1ubers-672871,[Gen 1] UBERS,2023-02-04 18:56:46,,extrasensory89042,psn38480,psn38480,False,"['Mewtwo', 'Mew', 'Slowbro', 'Zapdos', 'Chansey', 'Snorlax']","['Mewtwo', 'Exeggutor', 'Mew', 'Slowbro', 'Zapdos', 'Snorlax']",47,9,9
smogtours-gen1ubers-819016,[Gen 1] UBERS,2025-02-09 16:11:40,,quagsire52408,wacanberry11962,wacanberry11962,False,"['Cloyster', 'Exeggutor', 'Mewtwo', 'Mew', 'Tauros', 'Rhydon']","['Mew', 'Exeggutor', 'Mewtwo', 'Tauros', 'Zapdos', 'Snorlax']",32,14,10
smogtours-gen1ubers-748485,[Gen 1] UBERS,2024-02-18 21:23:35,,mudsport71981,fissure61188,fissure61188,True,"['Mewtwo', 'Mew', 'Exeggutor', 'Slowbro', 'Zapdos', 'Snorlax']","['Mew', 'Mewtwo', 'Exeggutor', 'Tauros', 'Gengar', 'Snorlax']",39,15,15
gen1ubers-2172075137,[Gen 1] UBERS,2024-08-02 16:07:01,1086,firestone64541,magmarizer61972,magmarizer61972,False,"['Mewtwo', 'Exeggutor', 'Mew', 'Tauros', 'Slowbro', 'Snorlax']","['Cloyster', 'Mewtwo', 'Exeggutor', 'Mew', 'Chansey', 'Rhydon']",71,20,17
gen1ubers-783416758,[Gen 1] UBERS,2018-07-30 14:17:31,,raindance50399,tailwhip2839,raindance50399,False,"['Mewtwo', 'Mew', 'Exeggutor', 'Jynx', 'Chansey', 'Snorlax']","['Mew', 'Exeggutor', 'Mewtwo', 'Tauros', 'Chansey', 'Snorlax']",38,8,8
gen1ubers-346961016,[Gen 1] UBERS,2016-03-20 00:36:00,,barrier55740,omastar87604,omastar87604,True,"['Exeggutor', 'Mew', 'Tauros', 'Jynx', 'Chansey', 'Snorlax']","['Mew', 'Tauros', 'Jynx', 'Chansey', 'Snorlax']",39,8,5
rom-gen1ubers-502893,[Gen 1] UBERS,2019-01-06 20:21:19,,constrict58938,sudowoodo17153,constrict58938,False,"['Chansey', 'Mew', 'Snorlax', 'Zapdos']","['Mewtwo', 'Mew', 'Slowbro', 'Jynx', 'Chansey', 'Snorlax']",30,3,8
gen1ubers-755882969,[Gen 1] UBERS,2018-06-01 03:04:01,,woodhammer83701,miltank57341,woodhammer83701,False,"['Lapras', 'Pikachu', 'Charmeleon']","['Arcanine', 'Ninetales', 'Rapidash']",16,4,2
gen1ubers-1136308286,[Gen 1] UBERS,2020-06-20 21:19:15,,nomove47433,amnesia25800,nomove47433,False,"['Mewtwo', 'Golem', 'Gengar', 'Chansey', 'Snorlax']","['Mewtwo', 'Mew', 'Chansey', 'Snorlax', 'Rhydon', 'Alakazam']",124,32,34
smogtours-gen1ubers-700832,[Gen 1] UBERS,2023-07-02 19:26:25,,arceusghost8496,deoxysdefense78874,deoxysdefense78874,False,"['Mewtwo', 'Mew', 'Tauros', 'Slowbro', 'Chansey', 'Rhydon']","['Mew', 'Mewtwo', 'Exeggutor', 'Chansey', 'Rhydon', 'Snorlax']",55,14,15
gen1ubers-2183336926,[Gen 1] UBERS,2024-08-19 16:47:13,1106,aurasphere94309,cheriberry30798,aurasphere94309,True,"['Starmie', 'Mew', 'Mewtwo', 'Chansey', 'Rhydon', 'Snorlax']","['Mew', 'Mewtwo', 'Tauros', 'Slowbro', 'Jynx', 'Victreebel']",83,23,5
smogtours-gen1ubers-146641,[Gen 1] UBERS,2016-04-03 21:06:43,,shedskin24281,heatrock37333,shedskin24281,False,"['Mew', 'Exeggutor', 'Jolteon', 'Tauros', 'Chansey', 'Articuno']","['Mew', 'Jolteon', 'Tauros', 'Chansey', 'Alakazam', 'Snorlax']",52,14,15
gen1ubers-626424630,[Gen 1] UBERS,2017-09-03 12:50:45,,hoothoot99381,magnetrise41863,magnetrise41863,False,"['Metapod', 'Weedle', 'Magikarp', 'Ditto', 'Kakuna', 'Caterpie']","['Gengar', 'Exeggutor', 'Snorlax', 'Mew']",36,9,4
rom-gen1ubers-468267,[Gen 1] UBERS,2018-12-02 18:44:52,,constrict58938,sudowoodo17153,constrict58938,False,"['Mew', 'Exeggutor', 'Mewtwo', 'Slowbro', 'Zapdos', 'Snorlax']","['Mewtwo', 'Mew', 'Slowbro', 'Jynx', 'Chansey', 'Snorlax']",96,5,8
smogtours-gen1ubers-676864,[Gen 1] UBERS,2023-02-23 02:18:15,,castform97328,arceusghost8496,arceusghost8496,False,"['Mew', 'Mewtwo', 'Jolteon', 'Chansey', 'Rhydon', 'Snorlax']","['Mew', 'Mewtwo', 'Slowbro', 'Zapdos', 'Chansey', 'Snorlax']",49,13,13
smogtours-gen1ubers-172109,[Gen 1] UBERS,2016-07-01 04:09:32,,stall76104,fling7435,fling7435,True,"['Exeggutor', 'Mewtwo', 'Mew', 'Tauros', 'Chansey', 'Alakazam']","['Jynx', 'Starmie', 'Mewtwo', 'Snorlax']",29,11,7
rom-gen1ubers-484187,[Gen 1] UBERS,2018-12-18 22:42:18,,constrict58938,sudowoodo17153,constrict58938,False,"['Mew', 'Mewtwo', 'Slowbro', 'Zapdos', 'Chansey', 'Snorlax']","['Mewtwo', 'Mew', 'Slowbro', 'Jynx', 'Chansey', 'Snorlax']",35,5,7
smogtours-gen1ubers-648144,[Gen 1] UBERS,2022-09-15 18:34:05,,dreameater36979,mefirst94337,dreameater36979,False,"['Mewtwo', 'Mew', 'Tauros', 'Zapdos', 'Chansey', 'Snorlax']","['Mew', 'Mewtwo', 'Jolteon', 'Tauros', 'Chansey', 'Snorlax']",39,8,11
gen1ubers-2179237241,[Gen 1] UBERS,2024-08-13 12:33:25,1143,gloom24666,toxicplate26,toxicplate26,True,"['Starmie', 'Mewtwo', 'Mew', 'Chansey', 'Rhydon', 'Snorlax']","['Mew', 'Mewtwo', 'Zapdos', 'Victreebel', 'Alakazam']",39,14,13
smogtours-gen1ubers-780431,[Gen 1] UBERS,2024-07-14 23:28:40,,spoink27592,psn38480,psn38480,True,"['Mew', 'Mewtwo', 'Slowbro', 'Zapdos', 'Jynx', 'Snorlax']","['Mew', 'Exeggutor', 'Zapdos', 'Rhydon', 'Snorlax']",44,16,9
gen1ubers-1049912674,[Gen 1] UBERS,2020-01-21 00:36:24,,uturn48333,manaphy75970,manaphy75970,True,"['Jynx', 'Raichu', 'Gyarados']","['Gengar', 'Exeggutor', 'Rapidash', 'Hitmonlee']",8,2,3
gen1ubers-2277760737,[Gen 1] UBERS,2025-01-09 08:58:31,,houndoom78692,nomove92436,nomove92436,False,"['Starmie', 'Mewtwo', 'Charizard', 'Zapdos', 'Gengar', 'Victreebel']","['Chansey', 'Snorlax', 'Alakazam', 'Tauros']",46,8,5
gen1ubers-2178617068,[Gen 1] UBERS,2024-08-12 14:43:37,1041,fastball67537,parasect7600,parasect7600,False,"['Cloyster', 'Mewtwo', 'Exeggutor', 'Tauros', 'Zapdos', 'Snorlax']","['Mewtwo', 'Slowbro', 'Gengar', 'Chansey', 'Snorlax']",30,7,5
gen1ubers-401131867,[Gen 1] UBERS,2016-07-17 17:44:50,,icepunch49350,fling32878,icepunch49350,True,"['Mewtwo', 'Slowbro', 'Gengar', 'Chansey', 'Victreebel']","['Mewtwo', 'Slowbro', 'Gengar', 'Chansey', 'Snorlax']",43,6,11
gen1ubers-651410490,[Gen 1] UBERS,2017-10-28 01:10:54,,miltank57341,woodhammer83701,miltank57341,False,"['Starmie', 'Staryu']","['Pidgeotto', 'Butterfree']",24,1,1
gen1ubers-2047358571,[Gen 1] UBERS,2024-01-30 04:34:30,,poisongas17386,agility22656,agility22656,False,"['Cloyster', 'Mewtwo', 'Mew', 'Chansey', 'Snorlax', 'Alakazam']","['Mewtwo', 'Mew', 'Jolteon', 'Tauros', 'Chansey', 'Snorlax']",69,7,9
gen1ubers-2185139502,[Gen 1] UBERS,2024-08-22 03:08:41,1044,clefairy72047,sandstorm97060,clefairy72047,True,"['Mew', 'Mewtwo', 'Exeggutor', 'Tauros', 'Chansey']","['Cloyster', 'Mewtwo', 'Victreebel', 'Alakazam', 'Rhydon', 'Snorlax']",114,15,12
smogtours-gen1ubers-651605,[Gen 1] UBERS,2022-09-29 21:28:40,,barrier67448,mawile36886,barrier67448,True,"['Mewtwo', 'Exeggutor', 'Mew', 'Tauros', 'Chansey', 'Snorlax']","['Mew', 'Mewtwo', 'Zapdos', 'Gengar', 'Chansey', 'Snorlax']",57,6,9
smogtours-gen1ubers-744046,[Gen 1] UBERS,2024-02-02 02:25:35,,leppaberry17132,ponyta53394,leppaberry17132,True,"['Mew', 'Exeggutor', 'Mewtwo', 'Gengar', 'Chansey', 'Snorlax']","['Mew', 'Mewtwo', 'Tauros', 'Chansey', 'Snorlax']",26,8,4
gen1ubers-2180391872,[Gen 1] UBERS,2024-08-15 03:40:07,,unaware90805,bayleef52258,unaware90805,False,"['Mew', 'Mewtwo', 'Tauros', 'Gengar', 'Rhydon', 'Alakazam']","['Starmie', 'Porygon', 'Tauros', 'Chansey', 'Snorlax', 'Dragonite']",44,11,10
gen1ubers-1133947074,[Gen 1] UBERS,2020-06-17 00:09:35,,filter51459,azumarill49026,filter51459,False,"['Mew', 'Mewtwo', 'Jolteon', 'Exeggutor', 'Tauros', 'Slowbro']","['Mewtwo', 'Mew', 'Tauros', 'Chansey', 'Victreebel', 'Rhydon']",36,7,13
gen1ubers-781450942,[Gen 1] UBERS,2018-07-26 12:33:11,,garchomp30938,clefable36482,garchomp30938,False,"['Mewtwo', 'Zapdos', 'Golem', 'Snorlax', 'Dragonite', 'Articuno']","['Moltres', 'Mewtwo', 'Mew', 'Zapdos', 'Fearow', 'Articuno']",36,9,12
gen1ubers-749537026,[Gen 1] UBERS,2018-05-19 03:28:19,,woodhammer83701,miltank57341,woodhammer83701,False,"['Butterfree', 'Fearow', 'Pikachu']","['Mr. Mime', 'Kadabra', 'Alakazam', 'Venomoth']",44,2,3
gen1ubers-921099089,[Gen 1] UBERS,2019-06-02 23:00:37,,monferno67099,tangaberry70644,tangaberry70644,False,"['Mew', 'Mewtwo', 'Jolteon', 'Chansey', 'Snorlax', 'Alakazam']","['Mewtwo', 'Mew', 'Slowbro', 'Gengar', 'Chansey', 'Snorlax']",90,9,16
smogtours-gen1ubers-675775,[Gen 1] UBERS,2023-02-19 03:24:14,,goldeen60582,drapion2237,drapion2237,False,"['Mew', 'Exeggutor', 'Jolteon', 'Mewtwo', 'Chansey', 'Snorlax']","['Starmie', 'Mew', 'Chansey', 'Rhydon', 'Snorlax']",33,15,9
smogtours-gen1ubers-147644,[Gen 1] UBERS,2016-04-07 20:54:16,,yanma71447,focusenergy12335,focusenergy12335,True,"['Exeggutor', 'Mew', 'Tauros', 'Jynx', 'Chansey', 'Snorlax']","['Jynx', 'Exeggutor', 'Snorlax', 'Tauros']",29,12,6
smogtours-gen1ubers-179264,[Gen 1] UBERS,2016-07-23 11:10:47,,noweather72418,chimecho62545,chimecho62545,True,"['Starmie', 'Exeggutor', 'Mewtwo', 'Mew', 'Chansey', 'Snorlax']","['Mewtwo', 'Mew', 'Tauros', 'Slowbro', 'Jynx', 'Chansey']",97,22,14
smogtours-gen1ubers-775495,[Gen 1] UBERS,2024-06-17 21:48:20,,gastrodon26689,machpunch62379,gastrodon26689,False,"['Mew', 'Mewtwo', 'Zapdos', 'Chansey', 'Snorlax']","['Mew', 'Exeggutor', 'Mewtwo', 'Tauros', 'Rhydon', 'Snorlax']",39,11,16
smogtours-gen1ubers-524203,[Gen 1] UBERS,2020-10-25 17:55:26,,iapapaberry79782,focusblast45004,iapapaberry79782,True,"['Starmie', 'Mewtwo', 'Mew', 'Chansey', 'Rhydon', 'Snorlax']","['Mewtwo', 'Mew', 'Slowbro', 'Chansey', 'Snorlax', 'Alakazam']",237,45,52
gen1ubers-980689884,[Gen 1] UBERS,2019-09-23 11:40:18,,metalcoat63495,trick33871,trick33871,True,"['Gengar', 'Mew']",['Tauros'],10,1,0
smogtours-gen1ubers-786570,[Gen 1] UBERS,2024-08-19 20:44:35,,wacanberry11962,aurasphere76841,aurasphere76841,False,"['Mew', 'Exeggutor', 'Mewtwo', 'Aerodactyl', 'Zapdos', 'Chansey']","['Starmie', 'Mewtwo', 'Exeggutor', 'Mew', 'Zapdos', 'Snorlax']",49,23,20
smogtours-gen1ubers-744986,[Gen 1] UBERS,2024-02-04 19:35:38,,castform97328,sacredfire89193,sacredfire89193,True,"['Mew', 'Lapras', 'Mewtwo', 'Chansey', 'Snorlax', 'Alakazam']","['Exeggutor', 'Mewtwo', 'Tauros', 'Gengar', 'Snorlax']",58,18,13
smogtours-gen1ubers-785843,[Gen 1] UBERS,2024-08-16 19:36:24,,quilava99512,wacanberry11962,wacanberry11962,True,"['Mewtwo', 'Mew', 'Jolteon', 'Exeggutor', 'Slowbro', 'Snorlax']","['Cloyster', 'Mewtwo', 'Mew', 'Aerodactyl', 'Gengar', 'Chansey']",108,22,17
smogtours-gen1ubers-697064,[Gen 1] UBERS,2023-06-13 17:38:49,,quickclaw83695,mudsport71981,mudsport71981,True,"['Mew', 'Mewtwo', 'Slowbro', 'Zapdos', 'Chansey', 'Snorlax']","['Mew', 'Exeggutor', 'Mewtwo', 'Slowbro', 'Chansey', 'Snorlax']",82,10,7
smogtours-gen1ubers-153837,[Gen 1] UBERS,2016-04-23 15:06:40,,starly21199,powerherb16934,starly21199,False,"['Exeggutor', 'Mew', 'Tauros', 'Slowbro', 'Chansey', 'Snorlax']","['Mew', 'Tauros', 'Golem', 'Jynx', 'Persian', 'Snorlax']",32,8,8
smogtours-gen1ubers-778103,[Gen 1] UBERS,2024-07-04 01:23:25,,wacanberry11962,psn38480,wacanberry11962,False,"['Cloyster', 'Mew', 'Mewtwo', 'Slowbro', 'Victreebel', 'Rhydon']","['Mew', 'Mewtwo', 'Exeggutor', 'Zapdos', 'Rhydon', 'Snorlax']",80,21,20
rom-gen1ubers-479075,[Gen 1] UBERS,2018-12-13 15:35:14,,constrict58938,sudowoodo17153,constrict58938,False,"['Chansey', 'Snorlax', 'Zapdos']","['Mewtwo', 'Mew', 'Slowbro', 'Jynx', 'Chansey', 'Snorlax']",39,2,7
rom-gen1ubers-470517,[Gen 1] UBERS,2018-12-04 18:53:52,,constrict58938,sudowoodo17153,constrict58938,False,"['Mewtwo', 'Mew', 'Slowbro', 'Zapdos', 'Chansey', 'Snorlax']","['Mewtwo', 'Mew', 'Slowbro', 'Jynx', 'Chansey', 'Snorlax']",83,5,11
smogtours-gen1ubers-673653,[Gen 1] UBERS,2023-02-07 02:16:11,,shadowball81377,alakazam8068,alakazam8068,True,"['Mew', 'Exeggutor', 'Mewtwo', 'Tauros', 'Chansey', 'Snorlax']","['Mewtwo', 'Mew', 'Tauros', 'Chansey', 'Hypno', 'Snorlax']",28,7,8
gen1ubers-2178983778,[Gen 1] UBERS,2024-08-13 01:28:12,1053,nightshade98279,parasect7600,parasect7600,True,"['Mew', 'Mewtwo', 'Jolteon', 'Tauros', 'Gengar', 'Articuno']","['Gengar', 'Mewtwo', 'Snorlax', 'Slowbro']",28,8,3
gen1ubers-917796673,[Gen 1] UBERS,2019-05-28 13:32:30,,igglybuff61573,withdraw94027,igglybuff61573,False,"['Alakazam', 'Jolteon']","['Moltres', 'Mew', 'Flareon', 'Dragonair', 'Rhydon']",23,1,6
gen1ubers-1044883088,[Gen 1] UBERS,2020-01-12 04:30:04,,shadowforce6776,followme66687,followme66687,True,"['Rhydon', 'Raichu', 'Rapidash']","['Snorlax', 'Venusaur', 'Gyarados']",9,2,2
gen1ubers-2174553347,[Gen 1] UBERS,2024-08-06 11:58:47,1090,vinewhip72278,leer23545,vinewhip72278,True,"['Mewtwo', 'Mew', 'Exeggutor', 'Tauros', 'Chansey', 'Rhydon']","['Exeggutor', 'Mewtwo', 'Mew', 'Slowbro', 'Chansey', 'Snorlax']",81,6,9
cancer-gen1ubers-352,[Gen 1] UBERS,2018-02-17 18:31:41,,wooper76508,micleberry2700,wooper76508,False,['Vaporeon'],['Alakazam'],9,0,0
smogtours-gen1ubers-775606,[Gen 1] UBERS,2024-06-19 04:11:09,,steel89481,wacanberry11962,wacanberry11962,False,"['Mewtwo', 'Mew', 'Exeggutor', 'Tauros', 'Jynx', 'Snorlax']","['Cloyster', 'Mewtwo', 'Mew', 'Slowbro', 'Victreebel', 'Rhydon']",174,32,31
gen1ubers-848497786,[Gen 1] UBERS,2019-01-14 00:04:49,,crushclaw72800,spiderweb67093,spiderweb67093,False,"['Exeggutor', 'Mewtwo', 'Mew', 'Slowbro', 'Jynx', 'Chansey']","['Jynx', 'Mewtwo', 'Slowbro']",49,7,2
gen1ubers-917398830,[Gen 1] UBERS,2019-05-27 20:04:28,,shadowclaw37613,armthrust70480,shadowclaw37613,True,"['Mew', 'Zapdos', 'Jynx', 'Chansey', 'Snorlax']","['Mew', 'Mewtwo', 'Tauros', 'Chansey', 'Persian', 'Snorlax']",22,6,9
china-gen1ubers-155085,[Gen 1] UBERS,2018-12-31 16:10:06,,loudred91486,drapion2237,loudred91486,True,"['Mewtwo', 'Mew', 'Slowbro', 'Golem', 'Chansey', 'Snorlax']","['Exeggutor', 'Mewtwo', 'Tauros', 'Slowbro', 'Golem', 'Jynx']",68,8,11
rom-gen1ubers-484163,[Gen 1] UBERS,2018-12-18 22:32:16,,constrict58938,sudowoodo17153,constrict58938,False,"['Mewtwo', 'Slowbro', 'Zapdos', 'Chansey', 'Snorlax']","['Mewtwo', 'Mew', 'Slowbro', 'Jynx', 'Chansey', 'Snorlax']",29,6,10
smogtours-gen1ubers-699152,[Gen 1] UBERS,2023-06-25 14:17:57,,deoxysdefense78874,unknownability847,deoxysdefense78874,False,"['Mew', 'Mewtwo', 'Jynx', 'Chansey', 'Rhydon', 'Snorlax']","['Exeggutor', 'Mewtwo', 'Mew', 'Slowbro', 'Chansey', 'Snorlax']",52,10,14
gen1ubers-1113404011,[Gen 1] UBERS,2020-05-12 17:27:18,,psychoshift818,xscissor99781,xscissor99781,False,"['Mewtwo', 'Exeggutor', 'Mew', 'Tauros', 'Jynx', 'Snorlax']","['Jynx', 'Chansey', 'Mew', 'Mewtwo']",30,8,5
gen1ubers-1044934195,[Gen 1] UBERS,2020-01-12 07:31:29,,powdersnow76576,rollout39517,powdersnow76576,True,"['Lapras', 'Charizard', 'Pikachu', 'Snorlax', 'Blastoise']","['Dodrio', 'Dewgong', 'Rhydon', 'Arcanine', 'Venusaur']",20,5,5
gen1ubers-2106804925,[Gen 1] UBERS,2024-04-19 06:25:51,,smellingsalts42622,slam33741,slam33741,False,"['Pidgeot', 'Jynx', 'Lickitung', 'Muk', 'Dragonite', 'Vaporeon']","['Rhydon', 'Mewtwo']",16,5,1
smogtours-gen1ubers-698442,[Gen 1] UBERS,2023-06-22 01:19:45,,aquaring89206,magnetpull75337,aquaring89206,False,"['Mewtwo', 'Mew', 'Slowbro', 'Chansey', 'Snorlax', 'Alakazam']","['Exeggutor', 'Mew', 'Mewtwo', 'Gengar', 'Chansey', 'Snorlax']",135,8,12
gen1ubers-422160370,[Gen 1] UBERS,2016-08-22 17:19:26,,highjumpkick85972,innerfocus91859,innerfocus91859,True,"['Mewtwo', 'Mew', 'Slowbro', 'Zapdos', 'Jynx', 'Snorlax']","['Mewtwo', 'Exeggutor', 'Mew', 'Tauros', 'Slowbro', 'Snorlax']",53,19,15
gen1ubers-530155648,[Gen 1] UBERS,2017-02-08 03:02:07,,miltank57341,woodhammer83701,woodhammer83701,False,"['Tangela', 'Gloom', 'Weepinbell']","['Vulpix', 'Eevee', 'Fearow']",35,2,2
smogtours-gen1ubers-650760,[Gen 1] UBERS,2022-09-25 14:15:13,,extremespeed62335,crushclaw70815,crushclaw70815,False,"['Mew', 'Mewtwo', 'Slowbro', 'Zapdos', 'Chansey', 'Snorlax']","['Mew', 'Mewtwo', 'Jolteon', 'Tauros', 'Chansey', 'Snorlax']",63,8,11
gen1ubers-2236822981,[Gen 1] UBERS,2024-11-03 23:20:40,,gloom50365,heatran58448,heatran58448,False,"['Starmie', 'Exeggutor', 'Mew', 'Tauros', 'Gengar', 'Rhydon']","['Jynx', 'Starmie', 'Mew', 'Slowbro']",18,6,3
gen1ubers-2181118026,[Gen 1] UBERS,2024-08-16 05:45:17,1147,vacuumwave34959,worryseed5935,worryseed5935,False,"['Mewtwo', 'Exeggutor', 'Mew', 'Aerodactyl', 'Gengar', 'Chansey']","['Mewtwo', 'Mew', 'Tauros', 'Gengar', 'Chansey', 'Snorlax']",111,37,32
smogtours-gen1ubers-612161,[Gen 1] UBERS,2022-03-06 22:10:27,,mothim36513,arceusghost8496,mothim36513,False,"['Mew', 'Mewtwo', 'Zapdos', 'Snorlax', 'Alakazam', 'Dragonite']","['Exeggutor', 'Mewtwo', 'Mew', 'Chansey', 'Rhydon', 'Snorlax']",88,16,45
smogtours-gen1ubers-727146,[Gen 1] UBERS,2023-10-28 22:15:39,,icebody51285,steel89481,steel89481,False,"['Exeggutor', 'Mewtwo', 'Mew', 'Gengar', 'Chansey', 'Snorlax']","['Mewtwo', 'Exeggutor', 'Mew', 'Tauros', 'Chansey', 'Snorlax']",27,11,7
gen1ubers-2175753160,[Gen 1] UBERS,2024-08-08 03:29:21,1000,raticate97196,adamantorb53913,raticate97196,False,"['Mew', 'Exeggutor', 'Mewtwo', 'Slowbro', 'Chansey', 'Snorlax']","['Mew', 'Mewtwo', 'Exeggutor', 'Tauros', 'Chansey', 'Alakazam']",106,7,12
gen1ubers-937892039,[Gen 1] UBERS,2019-07-01 11:43:53,,toxicspikes36783,toxicplate94752,toxicspikes36783,False,"['Starmie', 'Mewtwo', 'Jolteon', 'Golem', 'Chansey', 'Snorlax']","['Mew', 'Mewtwo', 'Lapras', 'Zapdos', 'Chansey', 'Raichu']",45,7,6
smogtours-gen1ubers-653742,[Gen 1] UBERS,2022-10-09 14:35:35,,innerfocus91859,adaptability45192,adaptability45192,False,"['Mewtwo', 'Mew', 'Jolteon', 'Tauros', 'Chansey', 'Snorlax']","['Mewtwo', 'Exeggutor', 'Mew', 'Gengar', 'Chansey', 'Snorlax']",76,17,21
smogtours-gen1ubers-605608,[Gen 1] UBERS,2022-01-29 23:02:13,,arceusghost8496,starfberry84995,starfberry84995,True,"['Mew', 'Exeggutor', 'Mewtwo', 'Tauros', 'Chansey', 'Snorlax']","['Mew', 'Mewtwo', 'Exeggutor', 'Tauros', 'Chansey', 'Snorlax']",58,16,11
gen1ubers-424684017,[Gen 1] UBERS,2016-08-26 12:26:40,,doubleteam66206,primeape35883,primeape35883,False,"['Jolteon', 'Kangaskhan', 'Aerodactyl', 'Gengar', 'Dragonite', 'Blastoise']","['Starmie', 'Exeggutor', 'Tauros', 'Chansey', 'Rhydon', 'Alakazam']",35,8,10
smogtours-gen1ubers-673263,[Gen 1] UBERS,2023-02-05 18:10:54,,barrier67448,iceball26708,iceball26708,False,"['Mew', 'Mewtwo', 'Slowbro', 'Zapdos', 'Chansey', 'Snorlax']","['Exeggutor', 'Mew', 'Mewtwo', 'Tauros', 'Snorlax']",49,10,8
gen1ubers-2174817917,[Gen 1] UBERS,2024-08-06 19:38:38,1042,infernape89990,arenatrap24994,infernape89990,False,"['Mewtwo', 'Mew', 'Tauros', 'Gengar', 'Chansey', 'Snorlax']","['Mewtwo', 'Exeggutor', 'Mew', 'Tauros', 'Slowbro', 'Snorlax']",41,5,7
gen1ubers-572767775,[Gen 1] UBERS,2017-05-07 04:14:38,,miltank57341,woodhammer83701,woodhammer83701,False,"['Venonat', 'Venomoth', 'Golbat']","['Pidgeotto', 'Bulbasaur', 'Charmander']",13,2,2
gen1ubers-1130421932,[Gen 1] UBERS,2020-06-10 19:48:08,,powerwhip77923,rceusfighting67103,rceusfighting67103,False,"['Mew', 'Exeggutor', 'Slowbro', 'Gengar', 'Chansey', 'Dragonite']","['Cloyster', 'Mew', 'Jolteon', 'Venusaur', 'Chansey', 'Snorlax']",68,12,15
smogtours-gen1ubers-776103,[Gen 1] UBERS,2024-06-22 21:01:41,,wacanberry11962,aurasphere76841,wacanberry11962,False,"['Cloyster', 'Exeggutor', 'Mewtwo', 'Mew', 'Zapdos', 'Rhydon']","['Mew', 'Mewtwo', 'Exeggutor', 'Slowbro', 'Gengar', 'Rhydon']",173,29,27
gen1ubers-1021574912,[Gen 1] UBERS,2019-12-02 23:07:18,,diveball80707,delcatty31981,delcatty31981,True,"['Exeggutor', 'Mewtwo', 'Mew', 'Slowbro', 'Jynx', 'Chansey']","['Mew', 'Mewtwo', 'Charizard', 'Raichu', 'Venusaur']",38,7,8
gen1ubers-579613156,[Gen 1] UBERS,2017-05-21 18:16:09,,poisonsting25315,exeggcute83604,exeggcute83604,False,"['Mew', 'Mewtwo', 'Golem', 'Gengar', 'Chansey', 'Snorlax']","['Mew', 'Mewtwo', 'Golem', 'Gengar', 'Chansey', 'Snorlax']",85,11,5
gen1ubers-966598962,[Gen 1] UBERS,2019-08-27 02:49:07,,tangaberry70644,shadowpunch93051,tangaberry70644,True,"['Mew', 'Slowbro', 'Gengar', 'Chansey', 'Snorlax']","['Exeggutor', 'Mewtwo', 'Lapras', 'Mew', 'Tauros', 'Chansey']",37,7,6
gen1ubers-2175016631,[Gen 1] UBERS,2024-08-07 01:41:21,1028,tauros79170,lightningrod7287,lightningrod7287,True,"['Gengar', 'Chansey', 'Mew']",['Mewtwo'],8,3,0
gen1ubers-2066935594,[Gen 1] UBERS,2024-02-24 23:58:07,,gorebyss2916,hydration14831,gorebyss2916,False,"['Electrode', 'Chansey']","['Gengar', 'Electrode', 'Chansey']",64,4,23
smogtours-gen1ubers-648271,[Gen 1] UBERS,2022-09-17 02:06:54,,psn38480,castform97328,castform97328,True,"['Mewtwo', 'Mew', 'Zapdos', 'Gengar', 'Chansey', 'Snorlax']","['Starmie', 'Mewtwo', 'Exeggutor', 'Mew', 'Chansey', 'Snorlax']",45,14,11
smogtours-gen1ubers-774258,[Gen 1] UBERS,2024-06-14 14:24:54,,toxic43930,gastrodon26689,gastrodon26689,False,"['Mewtwo', 'Ninetales', 'Mew', 'Jynx', 'Chansey', 'Snorlax']","['Mew', 'Exeggutor', 'Tauros', 'Chansey', 'Snorlax']",32,10,9
gen1ubers-2333911902,[Gen 1] UBERS,2025-04-02 21:29:18,,spiritomb64065,filter70262,filter70262,False,"['Tauros', 'Pinsir', 'Electrode', 'Shellder', 'Rhydon', 'Articuno']","['Charizard', 'Chansey', 'Dewgong', 'Rhydon', 'Tangela']",33,16,11
smogtours-gen1ubers-698571,[Gen 1] UBERS,2023-06-23 00:19:18,,alakazam8068,wingattack30461,alakazam8068,False,"['Mew', 'Exeggutor', 'Mewtwo', 'Tauros', 'Slowbro', 'Snorlax']","['Mewtwo', 'Mew', 'Zapdos', 'Gengar', 'Chansey', 'Snorlax']",35,10,15
gen1ubers-1139152775,[Gen 1] UBERS,2020-06-25 02:29:29,1000,chopleberry41750,arbok42974,chopleberry41750,False,['Mewtwo'],"['Lapras', 'Exeggutor', 'Jolteon', 'Tauros', 'Rhydon', 'Snorlax']",11,0,7
gen1ubers-684204598,[Gen 1] UBERS,2018-01-05 02:01:22,,enpowerpsychic1533,shellder4770,enpowerpsychic1533,False,"['Clefable', 'Mew', 'Mewtwo', 'Gengar', 'Electabuzz', 'Alakazam']","['Mewtwo', 'Mew', 'Gengar', 'Chansey', 'Snorlax', 'Alakazam']",77,6,9
rom-gen1ubers-636145,[Gen 1] UBERS,2019-08-07 23:24:42,,constrict58938,sudowoodo17153,constrict58938,False,"['Slowbro', 'Chansey', 'Mew', 'Snorlax']","['Exeggutor', 'Mewtwo', 'Mew', 'Slowbro', 'Jynx', 'Chansey']",34,3,12
smogtours-gen1ubers-527705,[Gen 1] UBERS,2020-11-15 19:29:10,,innerfocus91859,amnesia25800,innerfocus91859,True,"['Mewtwo', 'Jolteon', 'Tauros', 'Chansey', 'Snorlax']","['Mewtwo', 'Exeggutor', 'Mew', 'Tauros', 'Chansey', 'Snorlax']",43,5,10
smogtours-gen1ubers-787987,[Gen 1] UBERS,2024-08-30 11:07:32,,anticipation18367,gligar86858,gligar86858,True,"['Mewtwo', 'Mew', 'Exeggutor', 'Tauros', 'Gengar', 'Snorlax']","['Mewtwo', 'Mew', 'Exeggutor', 'Tauros', 'Articuno']",65,26,23
smogtours-gen1ubers-596202,[Gen 1] UBERS,2021-12-05 14:47:38,,donphan3924,synchronize14428,synchronize14428,False,"['Starmie', 'Mewtwo', 'Mew', 'Slowbro', 'Chansey', 'Snorlax']","['Mewtwo', 'Mew', 'Exeggutor', 'Gengar', 'Chansey', 'Snorlax']",75,15,16
smogtours-gen1ubers-668539,[Gen 1] UBERS,2023-01-14 21:09:54,,deoxysdefense78874,psn38480,psn38480,False,"['Mewtwo', 'Mew', 'Tauros', 'Slowbro', 'Chansey', 'Snorlax']","['Exeggutor', 'Mew', 'Mewtwo', 'Golem', 'Gengar', 'Snorlax']",28,11,8
smogtours-gen1ubers-676535,[Gen 1] UBERS,2023-02-19 22:12:39,,icebody51285,iceball26708,icebody51285,False,"['Mew', 'Mewtwo', 'Tauros', 'Gengar', 'Chansey', 'Snorlax']","['Starmie', 'Mew', 'Mewtwo', 'Chansey', 'Rhydon', 'Snorlax']",58,17,12
rom-gen1ubers-109262,[Gen 1] UBERS,2017-07-08 16:37:30,,sudowoodo17153,powerwhip88310,powerwhip88310,False,"['Mewtwo', 'Mew', 'Slowbro', 'Jynx', 'Chansey', 'Snorlax']","['Mewtwo', 'Mew', 'Slowbro', 'Golem', 'Jynx', 'Victreebel']",56,13,15
gen1ubers-684240578,[Gen 1] UBERS,2018-01-05 03:19:11,,woodhammer83701,miltank57341,woodhammer83701,False,"['Bulbasaur', 'Poliwhirl', 'Pikachu']","['Starmie', 'Staryu', 'Gyarados']",14,3,2
gen1ubers-834283490,[Gen 1] UBERS,2018-11-12 07:56:47,,tailwhip2839,rindoberry7399,tailwhip2839,True,"['Exeggutor', 'Mewtwo', 'Mew', 'Tauros', 'Snorlax']","['Mewtwo', 'Mew', 'Slowbro', 'Zapdos', 'Snorlax']",28,6,6
gen1ubers-1030774469,[Gen 1] UBERS,2019-12-16 01:20:25,,sunnyday92776,blazekick11627,blazekick11627,True,"['Exeggutor', 'Mewtwo', 'Jolteon', 'Mew', 'Slowbro', 'Chansey']","['Jynx', 'Mewtwo', 'Slowbro']",76,9,3
gen1ubers-762534783,[Gen 1] UBERS,2018-06-14 22:34:19,1000,delcatty31981,shiftry8414,delcatty31981,False,"['Mew', 'Mewtwo', 'Electrode', 'Golem', 'Jynx', 'Chansey']","['Moltres', 'Mew', 'Mewtwo', 'Zapdos', 'Chansey', 'Articuno']",71,12,5
smogtours-gen1ubers-144818,[Gen 1] UBERS,2016-03-30 20:29:26,,arceus91588,unburden21319,arceus91588,False,"['Mew', 'Exeggutor', 'Tauros', 'Gengar', 'Chansey', 'Snorlax']","['Exeggutor', 'Mew', 'Tauros', 'Gengar', 'Chansey', 'Snorlax']",91,17,27
gen1ubers-782610226,[Gen 1] UBERS,2018-07-28 19:59:43,,waveincense33543,facade89941,waveincense33543,False,"['Butterfree', 'Slowbro', 'Poliwrath', 'Golem', 'Gengar', 'Muk']","['Ninetales', 'Butterfree', 'Slowbro', 'Nidoking', 'Weezing', 'Snorlax']",38,10,9
gen1ubers-2225793341,[Gen 1] UBERS,2024-10-18 17:00:32,,gible45423,heatran58448,heatran58448,False,"['Moltres', 'Starmie', 'Exeggutor', 'Tauros', 'Rhydon', 'Snorlax']","['Starmie', 'Exeggutor', 'Tauros', 'Jynx', 'Rhydon', 'Articuno']",27,11,6
gen1ubers-2298550206,[Gen 1] UBERS,2025-02-11 09:38:22,,tickle78778,ember93698,tickle78778,False,['Electrode'],"['Gengar', 'Electrode', 'Aerodactyl']",33,0,9
smogtours-gen1ubers-585503,[Gen 1] UBERS,2021-10-10 20:46:23,,arceusghost8496,synchronize14428,synchronize14428,True,"['Starmie', 'Exeggutor', 'Mewtwo', 'Mew', 'Chansey', 'Snorlax']","['Mewtwo', 'Mew', 'Zapdos', 'Gengar', 'Chansey', 'Snorlax']",241,39,47
smogtours-gen1ubers-785850,[Gen 1] UBERS,2024-08-16 19:51:40,,quilava99512,wacanberry11962,wacanberry11962,False,"['Mew', 'Mewtwo', 'Tauros', 'Zapdos', 'Chansey', 'Snorlax']","['Exeggutor', 'Mew', 'Zapdos', 'Chansey', 'Rhydon']",56,19,11
gen1ubers-548010738,[Gen 1] UBERS,2017-03-16 06:24:15,,energyball72627,grumpig44044,energyball72627,False,"['Slowbro', 'Alakazam']","['Jolteon', 'Slowbro', 'Golem', 'Gengar', 'Chansey', 'Articuno']",41,1,12
gen1ubers-515897814,[Gen 1] UBERS,2017-01-12 17:57:00,,rotomfan67519,wrap55234,wrap55234,False,"['Lapras', 'Charizard', 'Nidoking', 'Hitmonlee', 'Raichu', 'Alakazam']","['Lapras', 'Mewtwo', 'Exeggutor', 'Chansey', 'Snorlax']",32,8,9
smogtours-gen1ubers-778102,[Gen 1] UBERS,2024-07-04 01:11:43,,psn38480,wacanberry11962,psn38480,True,"['Starmie', 'Mew', 'Exeggutor', 'Mewtwo', 'Snorlax']","['Mew', 'Mewtwo', 'Aerodactyl', 'Gengar', 'Chansey', 'Rhydon']",106,24,28
gen1ubers-1148142954,[Gen 1] UBERS,2020-07-09 18:06:20,,drifblim13590,rapidspin20237,rapidspin20237,False,"['Mew', 'Mewtwo', 'Jynx', 'Gengar', 'Alakazam', 'Dragonite']","['Mew', 'Mewtwo', 'Kadabra', 'Chansey', 'Magikarp', 'Alakazam']",75,5,5
smogtours-gen1ubers-702379,[Gen 1] UBERS,2023-07-09 23:12:58,,mareep93864,arceusghost8496,arceusghost8496,True,"['Exeggutor', 'Mewtwo', 'Jolteon', 'Mew', 'Chansey', 'Snorlax']","['Mew', 'Mewtwo', 'Chansey', 'Hypno', 'Snorlax']",63,18,20
smogtours-gen1ubers-673571,[Gen 1] UBERS,2023-02-06 03:17:00,,mudsport71981,kangaskhan41867,mudsport71981,True,"['Mewtwo', 'Mew', 'Zapdos', 'Gengar', 'Chansey', 'Snorlax']","['Exeggutor', 'Mewtwo', 'Mew', 'Tauros', 'Chansey', 'Snorlax']",119,33,15
smogtours-gen1ubers-677535,[Gen 1] UBERS,2023-02-26 19:15:11,,skullbash4784,belueberry81130,skullbash4784,False,"['Mewtwo', 'Exeggutor', 'Tauros', 'Chansey', 'Snorlax']","['Mew', 'Exeggutor', 'Mewtwo', 'Chansey', 'Rhydon', 'Snorlax']",32,7,11
smogtours-gen1ubers-658443,[Gen 1] UBERS,2022-10-30 22:09:25,,castform97328,starfberry84995,castform97328,False,"['Mewtwo', 'Mew', 'Jolteon', 'Slowbro', 'Chansey', 'Snorlax']","['Exeggutor', 'Mewtwo', 'Mew', 'Gengar', 'Chansey', 'Snorlax']",162,22,27
gen1ubers-758774076,[Gen 1] UBERS,2018-06-07 02:03:11,,dark77821,tailwhip2839,dark77821,False,"['Exeggutor', 'Mewtwo', 'Mew', 'Tauros', 'Slowbro', 'Snorlax']","['Mew', 'Mewtwo', 'Exeggutor', 'Tauros', 'Chansey', 'Snorlax']",95,10,11
gen1ubers-1134652708,[Gen 1] UBERS,2020-06-18 08:11:53,,synchronize14428,glaceon53740,synchronize14428,True,"['Exeggutor', 'Mew', 'Mewtwo', 'Gengar', 'Chansey', 'Snorlax']","['Exeggutor', 'Mew', 'Mewtwo', 'Electrode', 'Chansey', 'Snorlax']",53,11,13
gen1ubers-2064186213,[Gen 1] UBERS,2024-02-21 07:12:19,,bug23041,gorebyss2916,bug23041,False,['Electrode'],"['Electrode', 'Chansey']",25,0,7
gen1ubers-759584969,[Gen 1] UBERS,2018-06-08 18:45:04,,bide32585,tailwhip2839,tailwhip2839,True,"['Mewtwo', 'Mew', 'Slowbro', 'Jynx', 'Chansey', 'Snorlax']","['Mew', 'Mewtwo', 'Exeggutor', 'Tauros', 'Chansey', 'Snorlax']",66,10,9
gen1ubers-2181679942,[Gen 1] UBERS,2024-08-17 01:29:12,1104,worryseed5935,destinybond35325,worryseed5935,True,"['Mew', 'Mewtwo', 'Tauros', 'Gengar', 'Chansey', 'Snorlax']","['Mewtwo', 'Mew', 'Jolteon', 'Chansey', 'Snorlax', 'Articuno']",55,16,19
smogtours-gen1ubers-819134,[Gen 1] UBERS,2025-02-09 19:36:04,,psn38480,quickclaw83695,quickclaw83695,False,"['Starmie', 'Exeggutor', 'Mewtwo', 'Mew', 'Tauros', 'Rhydon']","['Exeggutor', 'Mewtwo', 'Mew', 'Zapdos', 'Gengar', 'Snorlax']",80,17,15
smogtours-gen1ubers-139990,[Gen 1] UBERS,2016-03-18 14:58:57,,razzberry90727,seviper42880,razzberry90727,False,"['Mew', 'Tauros', 'Zapdos', 'Gengar', 'Chansey', 'Snorlax']","['Exeggutor', 'Mew', 'Tauros', 'Zapdos', 'Snorlax', 'Alakazam']",47,16,14
gen1ubers-1003288446,[Gen 1] UBERS,2019-11-03 15:48:16,,corphish17738,pachirisu99499,pachirisu99499,False,"['Lapras', 'Charizard', 'Zapdos', 'Arbok', 'Persian', 'Vaporeon']","['Exeggutor', 'Mew', 'Mewtwo', 'Slowbro', 'Jynx', 'Chansey']",55,9,19
gen1ubers-2066175173,[Gen 1] UBERS,2024-02-23 20:46:56,,grudge18697,gorebyss2916,grudge18697,False,['Electrode'],"['Electrode', 'Chansey']",69,1,32
smogtours-gen1ubers-784557,[Gen 1] UBERS,2024-08-07 01:24:34,,tyrogue60797,wacanberry11962,wacanberry11962,False,"['Starmie', 'Exeggutor', 'Mew', 'Mewtwo', 'Rhydon', 'Snorlax']","['Mew', 'Exeggutor', 'Mewtwo', 'Zapdos', 'Chansey', 'Rhydon']",83,17,22
gen1ubers-622734097,[Gen 1] UBERS,2017-08-26 11:58:48,,magnetrise41863,monferno30755,magnetrise41863,False,"['Moltres', 'Mewtwo', 'Dragonair', 'Gengar', 'Dewgong', 'Arcanine']","['Kabuto', 'Rattata', 'Kakuna', 'Ditto', 'Beedrill', 'Gastly']",27,5,8
smogtours-gen1ubers-784471,[Gen 1] UBERS,2024-08-06 01:16:34,,quagsire52408,bravebird40912,quagsire52408,False,"['Cloyster', 'Mewtwo', 'Mew', 'Exeggutor', 'Zapdos', 'Snorlax']","['Mewtwo', 'Mew', 'Tauros', 'Zapdos', 'Gengar', 'Snorlax']",19,6,5
gen1ubers-1119714522,[Gen 1] UBERS,2020-05-23 04:48:28,,deoxysattack10208,cutecharm85323,cutecharm85323,False,"['Mew', 'Golem', 'Gengar', 'Chansey', 'Electabuzz', 'Alakazam']","['Mew', 'Golem', 'Gengar', 'Snorlax', 'Electabuzz', 'Alakazam']",79,20,5
smogtours-gen1ubers-523589,[Gen 1] UBERS,2020-10-22 16:35:01,,innerfocus91859,quilava99512,innerfocus91859,False,"['Exeggutor', 'Mewtwo', 'Mew', 'Tauros', 'Chansey', 'Snorlax']","['Mew', 'Mewtwo', 'Tauros', 'Zapdos', 'Chansey', 'Snorlax']",132,27,28
gen1ubers-1021636741,[Gen 1] UBERS,2019-12-03 00:55:45,,fighting88830,delcatty31981,fighting88830,False,"['Mew', 'Mewtwo', 'Jynx', 'Chansey', 'Snorlax']","['Mewtwo', 'Exeggutor', 'Mew', 'Electrode', 'Jynx', 'Chansey']",36,4,10
gen1ubers-1076287338,[Gen 1] UBERS,2020-03-09 21:18:52,,slowking72956,monferno68820,slowking72956,False,"['Mew', 'Exeggutor', 'Tauros', 'Slowbro', 'Snorlax']","['Starmie', 'Mew', 'Mewtwo', 'Zapdos', 'Golem', 'Snorlax']",50,9,13
rom-gen1ubers-538756,[Gen 1] UBERS,2019-04-16 00:09:57,,constrict58938,sudowoodo17153,constrict58938,False,"['Slowbro', 'Mew', 'Snorlax', 'Zapdos']","['Exeggutor', 'Mewtwo', 'Mew', 'Slowbro', 'Jynx', 'Chansey']",257,3,55
smogtours-gen1ubers-776013,[Gen 1] UBERS,2024-06-22 17:10:54,,onix23031,buneary67957,buneary67957,False,"['Starmie', 'Mew', 'Mewtwo', 'Exeggutor', 'Zapdos', 'Snorlax']","['Mewtwo', 'Exeggutor', 'Mew', 'Zapdos', 'Hypno', 'Snorlax']",37,15,11
gen1ubers-1031708768,[Gen 1] UBERS,2019-12-19 02:50:56,,steelix31509,yacheberry64333,yacheberry64333,False,['Mewtwo'],['Mew'],5,0,0
smogtours-gen1ubers-750483,[Gen 1] UBERS,2024-02-27 20:54:57,,fissure61188,aurasphere76841,aurasphere76841,True,"['Mew', 'Exeggutor', 'Mewtwo', 'Chansey', 'Snorlax', 'Dragonite']","['Mew', 'Exeggutor', 'Mewtwo', 'Chansey', 'Snorlax']",68,18,19
smogtours-gen1ubers-722036,[Gen 1] UBERS,2023-10-07 10:27:17,,unknownability847,pomegberry93675,unknownability847,True,"['Exeggutor', 'Mewtwo', 'Mew', 'Slowbro', 'Chansey', 'Snorlax']","['Mewtwo', 'Mew', 'Slowbro', 'Gengar', 'Chansey', 'Snorlax']",127,8,14
smogtours-gen1ubers-703658,[Gen 1] UBERS,2023-07-16 14:14:02,,drapion2237,psn38480,drapion2237,True,"['Gengar', 'Exeggutor', 'Snorlax', 'Zapdos']","['Mewtwo', 'Gengar', 'Chansey', 'Snorlax', 'Dragonite']",20,3,6
smogtours-gen1ubers-723976,[Gen 1] UBERS,2023-10-15 17:05:33,,iceball26708,rotomfrost70290,rotomfrost70290,False,"['Mew', 'Mewtwo', 'Exeggutor', 'Slowbro', 'Zapdos', 'Snorlax']","['Gengar', 'Mewtwo', 'Zapdos', 'Slowbro']",41,7,6
gen1ubers-2336737475,[Gen 1] UBERS,2025-04-06 17:38:49,,sandtomb82,spiritomb64065,sandtomb82,False,"['Tauros', 'Slowbro', 'Dragonair', 'Wartortle', 'Venusaur']","['Tauros', 'Electrode', 'Weepinbell', 'Rhydon', 'Blastoise', 'Articuno']",40,9,15
smogtours-gen1ubers-776486,[Gen 1] UBERS,2024-06-23 19:51:01,,fissure61188,aurasphere76841,fissure61188,False,"['Mewtwo', 'Mew', 'Zapdos', 'Victreebel', 'Alakazam', 'Dragonite']","['Mewtwo', 'Mew', 'Exeggutor', 'Aerodactyl', 'Slowbro', 'Snorlax']",214,21,33
gen1ubers-1060949663,[Gen 1] UBERS,2020-02-10 15:33:59,,facade60368,angaskhanmega48559,facade60368,False,"['Mewtwo', 'Exeggutor', 'Mew', 'Tauros', 'Slowbro', 'Snorlax']","['Kingler', 'Mewtwo', 'Zapdos', 'Venusaur', 'Gengar', 'Snorlax']",30,10,5
gen1ubers-2309210186,[Gen 1] UBERS,2025-02-27 21:06:46,,gust51919,blizzard53783,blizzard53783,False,"['Mewtwo', 'Mew', 'Exeggutor', 'Tauros', 'Slowbro', 'Snorlax']","['Mewtwo', 'Exeggutor', 'Mew', 'Tauros', 'Chansey', 'Snorlax']",31,7,11
gen1ubers-651896372,[Gen 1] UBERS,2017-10-29 03:49:43,,woodhammer83701,miltank57341,miltank57341,False,"['Pidgeotto', 'Bulbasaur', 'Squirtle']","['Machamp', 'Rhydon', 'Kingler']",17,3,3
gen1ubers-2366406267,[Gen 1] UBERS,2025-05-18 05:50:05,,kangaskhan44566,mismagius33077,mismagius33077,False,"['Mew', 'Mewtwo', 'Zapdos', 'Lickitung', 'Snorlax', 'Articuno']","['Mew', 'Mewtwo', 'Tauros', 'Zapdos', 'Chansey', 'Dragonite']",76,13,7
gen1ubers-780064280,[Gen 1] UBERS,2018-07-23 17:57:03,,tailwhip2839,krabby97145,tailwhip2839,True,"['Mew', 'Exeggutor', 'Mewtwo', 'Tauros', 'Chansey', 'Snorlax']","['Mew', 'Mewtwo', 'Zapdos', 'Jynx', 'Chansey', 'Snorlax']",60,14,17
gen1ubers-2179555927,[Gen 1] UBERS,2024-08-13 22:06:44,1000,mismagius33077,waterspout9234,mismagius33077,False,"['Mew', 'Articuno', 'Hypno']","['Mewtwo', 'Exeggutor', 'Mew', 'Slowbro', 'Gengar', 'Snorlax']",18,2,7
gen1ubers-2180722673,[Gen 1] UBERS,2024-08-15 16:50:09,1000,durinberry56919,crawdaunt94924,crawdaunt94924,False,"['Cloyster', 'Mewtwo', 'Tauros', 'Gengar', 'Chansey', 'Snorlax']","['Mew', 'Mewtwo', 'Tauros', 'Gengar', 'Rhydon', 'Snorlax']",33,11,13
gen1ubers-2171382610,[Gen 1] UBERS,2024-08-01 15:37:52,,acidarmor43673,marvelscale20549,marvelscale20549,False,"['Mewtwo', 'Exeggutor', 'Mew', 'Tauros', 'Slowbro', 'Snorlax']","['Mew', 'Mewtwo', 'Slowbro', 'Gengar', 'Chansey', 'Snorlax']",56,7,5
smogtours-gen1ubers-609987,[Gen 1] UBERS,2022-02-22 21:27:26,,painsplit82259,zapplate48793,painsplit82259,True,"['Mew', 'Starmie', 'Exeggutor', 'Snorlax']","['Mewtwo', 'Exeggutor', 'Mew', 'Tauros', 'Slowbro', 'Snorlax']",20,3,9
gen1ubers-979269936,[Gen 1] UBERS,2019-09-20 20:43:29,,sunflora87131,forecast43988,forecast43988,False,"['Exeggutor', 'Mewtwo', 'Mew', 'Slowbro', 'Jynx', 'Chansey']","['Mewtwo', 'Exeggutor', 'Mew', 'Slowbro', 'Zapdos', 'Snorlax']",39,10,8
smogtours-gen1ubers-773843,[Gen 1] UBERS,2024-06-10 23:59:02,,aeroblast62938,gardevoir83362,aeroblast62938,False,"['Mew', 'Mewtwo', 'Slowbro', 'Jynx', 'Chansey', 'Snorlax']","['Exeggutor', 'Mewtwo', 'Mew', 'Aerodactyl', 'Chansey', 'Snorlax']",61,10,15
smogtours-gen1ubers-681233,[Gen 1] UBERS,2023-03-18 17:49:31,,arceusghost8496,sturdy46275,arceusghost8496,False,"['Mew', 'Exeggutor', 'Mewtwo', 'Chansey', 'Snorlax', 'Dragonite']","['Mew', 'Mewtwo', 'Chansey', 'Snorlax', 'Rhydon', 'Alakazam']",46,10,14
gen1ubers-739675686,[Gen 1] UBERS,2018-04-28 22:59:34,,eevee75445,drifblim84361,drifblim84361,True,"['Pidgeotto', 'Nidoking', 'Poliwhirl', 'Pikachu', 'Mankey', 'Charmeleon']","['Raticate', 'Wartortle', 'Weepinbell', 'Geodude', 'Fearow']",27,9,8
smogtours-gen1ubers-700438,[Gen 1] UBERS,2023-07-01 19:52:22,,mareep93864,azumarill79029,azumarill79029,True,"['Starmie', 'Mewtwo', 'Zapdos', 'Chansey', 'Snorlax']","['Mewtwo', 'Tauros', 'Zapdos', 'Chansey', 'Snorlax']",43,5,5
gen1ubers-608576513,[Gen 1] UBERS,2017-07-25 14:17:21,,griseousorb80783,stickyhold17429,stickyhold17429,False,"['Charizard', 'Jolteon', 'Tauros', 'Rhydon', 'Snorlax', 'Dragonite']","['Jynx', 'Chansey', 'Mewtwo', 'Snorlax']",21,5,3
gen1ubers-814147667,[Gen 1] UBERS,2018-10-02 04:32:53,,cutecharm62838,leer80748,leer80748,False,"['Mew', 'Mewtwo', 'Golem', 'Chansey', 'Alakazam', 'Snorlax']","['Exeggutor', 'Mewtwo', 'Mew', 'Tauros', 'Slowbro', 'Snorlax']",43,9,5
rom-gen1ubers-502866,[Gen 1] UBERS,2019-01-06 19:19:36,,constrict58938,sudowoodo17153,constrict58938,False,"['Slowbro', 'Chansey', 'Snorlax']","['Exeggutor', 'Mewtwo', 'Mew', 'Slowbro', 'Jynx', 'Chansey']",34,2,9
smogtours-gen1ubers-522374,[Gen 1] UBERS,2020-10-16 17:03:09,,koffing93492,quilava99512,quilava99512,True,"['Mewtwo', 'Mew', 'Zapdos', 'Gengar', 'Chansey', 'Snorlax']","['Mew', 'Mewtwo', 'Tauros', 'Slowbro', 'Golem', 'Chansey']",39,7,8
gen1ubers-722650431,[Gen 1] UBERS,2018-03-24 09:06:13,,waterstone98086,spearow9298,spearow9298,False,"['Tauros', 'Nidoking', 'Arbok', 'Chansey', 'Alakazam', 'Dragonite']","['Mew', 'Slowbro', 'Gengar', 'Chansey', 'Victreebel', 'Dragonite']",39,9,5
gen1ubers-1065055071,[Gen 1] UBERS,2020-02-18 03:41:51,,poisonpowder12665,horndrill60662,poisonpowder12665,False,"['Exeggutor', 'Mew', 'Gengar', 'Chansey', 'Snorlax']","['Exeggutor', 'Mew', 'Tauros', 'Zapdos', 'Rhydon', 'Snorlax']",36,6,10
gen1ubers-1135691776,[Gen 1] UBERS,2020-06-19 21:15:23,,combusken92302,sunstone95718,sunstone95718,True,"['Mewtwo', 'Zapdos', 'Gengar', 'Chansey', 'Snorlax', 'Dragonite']","['Exeggutor', 'Mewtwo', 'Mew', 'Tauros', 'Chansey', 'Snorlax']",64,10,15
smogtours-gen1ubers-699795,[Gen 1] UBERS,2023-06-28 21:41:06,,arceusghost8496,cascoon94634,cascoon94634,False,"['Exeggutor', 'Mewtwo', 'Mew', 'Zapdos', 'Chansey', 'Rhydon']","['Mew', 'Mewtwo', 'Tauros', 'Chansey', 'Snorlax', 'Dragonite']",124,43,23
gen1ubers-712036158,[Gen 1] UBERS,2018-03-02 19:59:33,,leer23545,waveincense51112,waveincense51112,False,"['Jynx', 'Dugtrio', 'Mewtwo', 'Mew']","['Gengar', 'Mew', 'Snorlax']",20,6,4
gen1ubers-868740991,[Gen 1] UBERS,2019-02-28 05:17:24,,healbell56596,togekiss92760,healbell56596,False,"['Starmie', 'Exeggutor', 'Tauros', 'Chansey', 'Rhydon', 'Snorlax']","['Starmie', 'Exeggutor', 'Tauros', 'Chansey', 'Rhydon', 'Snorlax']",43,6,6
smogtours-gen1ubers-743086,[Gen 1] UBERS,2024-01-28 21:30:27,,cobaberry74096,fissure61188,cobaberry74096,True,"['Mewtwo', 'Mew', 'Zapdos', 'Gengar', 'Chansey', 'Snorlax']","['Exeggutor', 'Mewtwo', 'Mew', 'Slowbro', 'Rhydon', 'Snorlax']",42,13,14
smogtours-gen1ubers-717479,[Gen 1] UBERS,2023-09-17 23:25:47,,denpowergrass65615,skyuppercut92654,denpowergrass65615,False,"['Mewtwo', 'Exeggutor', 'Mew', 'Tauros', 'Chansey', 'Snorlax']","['Mewtwo', 'Mew', 'Slowbro', 'Gengar', 'Chansey', 'Snorlax']",43,8,9
smogtours-gen1ubers-174674,[Gen 1] UBERS,2016-07-09 16:41:52,,solarpower3830,poisonheal42759,poisonheal42759,False,"['Starmie', 'Mew', 'Mewtwo', 'Exeggutor', 'Chansey', 'Snorlax']","['Exeggutor', 'Mewtwo', 'Mew', 'Gengar', 'Chansey']",41,17,16
gen1ubers-2167431465,[Gen 1] UBERS,2024-07-25 21:19:06,,bravebird40912,starfberry84995,bravebird40912,False,"['Exeggutor', 'Mew', 'Kangaskhan', 'Mewtwo', 'Gengar', 'Snorlax']","['Mew', 'Mewtwo', 'Chansey', 'Snorlax', 'Rhydon', 'Alakazam']",23,7,9
gen1ubers-2189915708,[Gen 1] UBERS,2024-08-28 22:59:01,1083,drizzle61036,toxicspikes74725,toxicspikes74725,True,"['Mewtwo', 'Mew', 'Exeggutor', 'Gengar', 'Chansey', 'Snorlax']","['Mewtwo', 'Mew', 'Jynx', 'Gengar', 'Rhydon', 'Snorlax']",53,17,8
smogtours-gen1ubers-332178,[Gen 1] UBERS,2017-11-22 01:08:22,,naturalcure76962,machop93256,naturalcure76962,False,"['Gengar', 'Exeggutor', 'Mewtwo', 'Slowbro']","['Mew', 'Mewtwo', 'Tauros', 'Slowbro', 'Chansey', 'Snorlax']",28,3,10
smogtours-gen1ubers-727151,[Gen 1] UBERS,2023-10-28 22:37:35,,steel89481,icebody51285,steel89481,False,"['Mew', 'Mewtwo', 'Jolteon', 'Exeggutor', 'Tauros', 'Snorlax']","['Mew', 'Exeggutor', 'Mewtwo', 'Tauros', 'Chansey', 'Snorlax']",124,12,32
smogtours-gen1ubers-524603,[Gen 1] UBERS,2020-10-29 21:09:39,,deoxysdefense78874,starfberry84995,deoxysdefense78874,False,"['Mewtwo', 'Mew', 'Tauros', 'Chansey', 'Rhydon', 'Snorlax']","['Mewtwo', 'Exeggutor', 'Mew', 'Gengar', 'Chansey', 'Snorlax']",36,9,11
gen1ubers-702242414,[Gen 1] UBERS,2018-02-11 00:27:15,,aggron60452,sacredfire97645,aggron60452,False,"['Mewtwo', 'Mew', 'Slowbro', 'Gengar', 'Chansey', 'Snorlax']","['Mew', 'Mewtwo', 'Exeggutor', 'Slowbro', 'Chansey', 'Snorlax']",81,14,14
gen1ubers-2173595753,[Gen 1] UBERS,2024-08-05 00:14:18,1141,luvdisc74095,aircutter66087,luvdisc74095,False,"['Moltres', 'Mewtwo', 'Mew', 'Gengar', 'Chansey', 'Snorlax']","['Mew', 'Mewtwo', 'Tauros', 'Electrode', 'Chansey', 'Persian']",57,8,10
gen1ubers-1166404235,[Gen 1] UBERS,2020-08-10 11:52:54,,meditate33036,toxic83968,meditate33036,True,"['Jynx', 'Mewtwo', 'Snorlax', 'Slowbro']","['Mewtwo', 'Mew', 'Slowbro', 'Zapdos', 'Alakazam', 'Dragonite']",50,21,5
gen1ubers-1139796682,[Gen 1] UBERS,2020-06-26 01:36:36,,paras61636,glaceon53740,glaceon53740,False,"['Mewtwo', 'Mew', 'Slowbro', 'Jynx', 'Chansey', 'Snorlax']","['Mew', 'Exeggutor', 'Mewtwo', 'Electrode', 'Chansey', 'Snorlax']",73,9,9
smogtours-gen1ubers-504955,[Gen 1] UBERS,2020-06-02 15:09:51,,perish18138,altaria73202,perish18138,True,"['Exeggutor', 'Mewtwo', 'Slowbro', 'Jynx', 'Chansey']","['Mewtwo', 'Mew', 'Zapdos', 'Jynx', 'Chansey', 'Snorlax']",77,11,14
gen1ubers-619599257,[Gen 1] UBERS,2017-08-19 11:12:56,,hoothoot99381,magnetrise41863,hoothoot99381,False,"['Mew', 'Abra', 'Arbok', 'Chansey', 'Electabuzz', 'Articuno']","['Moltres', 'Mewtwo', 'Dragonair', 'Gengar', 'Dewgong', 'Arcanine']",34,5,6
gen1ubers-2309225691,[Gen 1] UBERS,2025-02-27 21:32:04,,blizzard53783,amnesia25800,blizzard53783,True,"['Starmie', 'Mew', 'Mewtwo', 'Golem', 'Chansey', 'Articuno']","['Exeggutor', 'Mewtwo', 'Mew', 'Zapdos', 'Golem', 'Snorlax']",22,7,9
smogtours-gen1ubers-820343,[Gen 1] UBERS,2025-02-16 16:09:21,,iceball26708,wacanberry11962,wacanberry11962,False,"['Cloyster', 'Exeggutor', 'Mewtwo', 'Mew', 'Sandslash', 'Zapdos']","['Cloyster', 'Mewtwo', 'Mew', 'Zapdos', 'Chansey', 'Rhydon']",68,17,24
smogtours-gen1ubers-775517,[Gen 1] UBERS,2024-06-18 00:24:26,,aeroblast62938,electabuzz37326,electabuzz37326,False,"['Mew', 'Mewtwo', 'Slowbro', 'Gengar', 'Chansey', 'Snorlax']","['Starmie', 'Mew', 'Exeggutor', 'Mewtwo', 'Snorlax']",20,8,6
gen1ubers-2066571100,[Gen 1] UBERS,2024-02-24 11:55:10,,gorebyss2916,waveincense38272,gorebyss2916,False,['Electrode'],"['Electrode', 'Chansey']",66,0,51
smogtours-gen1ubers-145921,[Gen 1] UBERS,2016-04-02 22:28:40,,innerfocus91859,heatrock37333,innerfocus91859,False,"['Exeggutor', 'Tauros', 'Chansey', 'Snorlax', 'Alakazam']","['Mew', 'Jolteon', 'Tauros', 'Chansey', 'Alakazam', 'Snorlax']",46,8,11
gen1ubers-775904639,[Gen 1] UBERS,2018-07-14 23:55:39,,dialga48280,raindance50399,raindance50399,True,"['Exeggutor', 'Mewtwo', 'Gengar', 'Chansey', 'Snorlax']","['Jynx', 'Mewtwo', 'Snorlax']",34,6,4
gen1ubers-2185282951,[Gen 1] UBERS,2024-08-22 09:35:45,,stoneplate55960,moonstone64273,stoneplate55960,True,['Mewtwo'],"['Chansey', 'Mewtwo', 'Exeggutor']",17,0,6
gen1ubers-2225785642,[Gen 1] UBERS,2024-10-18 16:49:02,,gible45423,heatran58448,heatran58448,False,"['Moltres', 'Starmie', 'Exeggutor', 'Tauros', 'Rhydon', 'Snorlax']","['Jynx', 'Starmie', 'Exeggutor', 'Articuno']",31,9,4
gen1ubers-832248322,[Gen 1] UBERS,2018-11-08 05:22:22,,camerupt44165,staryu3108,camerupt44165,False,"['Exeggutor', 'Mewtwo', 'Mew', 'Slowbro', 'Chansey', 'Snorlax']","['Mew', 'Mewtwo', 'Slowbro', 'Zapdos', 'Golem', 'Snorlax']",72,13,13
gen1ubers-2176413067,[Gen 1] UBERS,2024-08-09 02:26:43,1000,flamebody10927,mismagius33077,mismagius33077,False,"['Cloyster', 'Mew', 'Mewtwo', 'Chansey', 'Snorlax', 'Alakazam']","['Cloyster', 'Mewtwo', 'Mew', 'Onix', 'Hypno', 'Snorlax']",39,12,10
rom-gen1ubers-470508,[Gen 1] UBERS,2018-12-04 18:48:45,,constrict58938,sudowoodo17153,constrict58938,False,"['Chansey', 'Mewtwo', 'Snorlax', 'Zapdos']","['Mewtwo', 'Mew', 'Slowbro', 'Jynx', 'Chansey', 'Snorlax']",27,3,8
gen1ubers-2328572696,[Gen 1] UBERS,2025-03-26 19:01:39,,sandtomb82,drifblim70797,sandtomb82,False,"['Ninetales', 'Tauros', 'Slowbro', 'Magneton', 'Dugtrio', 'Hitmonlee']","['Voltorb', 'Cloyster', 'Exeggutor', 'Graveler', 'Mr. Mime', 'Persian']",51,21,20
smogtours-gen1ubers-746034,[Gen 1] UBERS,2024-02-09 21:59:24,,fissure61188,sacredfire89193,sacredfire89193,False,"['Mewtwo', 'Mew', 'Aerodactyl', 'Slowbro', 'Chansey', 'Snorlax']","['Starmie', 'Mew', 'Exeggutor', 'Mewtwo', 'Tauros', 'Snorlax']",53,19,12
gen1ubers-2096404694,[Gen 1] UBERS,2024-04-05 04:33:00,,seaincense28377,lickilicky17896,seaincense28377,False,['Dragonite'],"['Onix', 'Cloyster', 'Chansey', 'Dragonite']",6,0,3
gen1ubers-2206676305,[Gen 1] UBERS,2024-09-21 18:20:27,,shedshell15156,bind94813,bind94813,True,"['Jolteon', 'Aerodactyl', 'Nidoking', 'Gengar', 'Alakazam', 'Dragonite']","['Starmie', 'Aerodactyl', 'Tauros', 'Electrode', 'Dodrio', 'Rhydon']",21,8,7
gen1ubers-560438505,[Gen 1] UBERS,2017-04-11 23:12:23,,trapped49101,chlorophyll35154,chlorophyll35154,False,"['Chansey', 'Mewtwo', 'Jolteon', 'Exeggutor']",['Mewtwo'],10,4,0
smogtours-gen1ubers-527382,[Gen 1] UBERS,2020-11-14 17:19:46,,synchronize14428,quilava99512,synchronize14428,False,"['Mew', 'Exeggutor', 'Jolteon', 'Mewtwo', 'Chansey', 'Snorlax']","['Mewtwo', 'Mew', 'Exeggutor', 'Jynx', 'Chansey', 'Snorlax']",114,31,21
smogtours-gen1ubers-816155,[Gen 1] UBERS,2025-01-26 15:16:48,,status34375,wacanberry11962,wacanberry11962,False,"['Exeggutor', 'Mew', 'Mewtwo', 'Zapdos', 'Jynx', 'Snorlax']","['Mew', 'Exeggutor', 'Mewtwo', 'Tauros', 'Chansey', 'Snorlax']",30,8,8
gen1ubers-768844150,[Gen 1] UBERS,2018-06-28 22:04:10,,steelix83008,munchlax14135,steelix83008,True,"['Starmie', 'Mew', 'Mewtwo', 'Exeggutor', 'Tauros', 'Snorlax']","['Mewtwo', 'Mew', 'Slowbro', 'Gengar', 'Chansey', 'Snorlax']",27,7,5
rom-gen1ubers-484247,[Gen 1] UBERS,2018-12-18 23:04:08,,constrict58938,sudowoodo17153,constrict58938,False,"['Mew', 'Slowbro', 'Zapdos', 'Chansey', 'Snorlax']","['Exeggutor', 'Mewtwo', 'Mew', 'Slowbro', 'Jynx', 'Chansey']",27,4,8
gen1ubers-613338035,[Gen 1] UBERS,2017-08-05 01:41:50,,delcatty31981,happiny47405,delcatty31981,True,"['Mew', 'Mewtwo', 'Charizard', 'Raichu', 'Venusaur']","['Mew', 'Mewtwo', 'Tauros', 'Slowbro', 'Chansey', 'Rhydon']",34,6,8
smogtours-gen1ubers-778521,[Gen 1] UBERS,2024-07-06 18:03:57,,gastrodon26689,spoink27592,spoink27592,False,"['Mewtwo', 'Exeggutor', 'Mew', 'Tauros', 'Chansey', 'Snorlax']","['Mewtwo', 'Mew', 'Slowbro', 'Zapdos', 'Jynx', 'Snorlax']",41,7,7
gen1ubers-404636440,[Gen 1] UBERS,2016-07-24 13:55:17,,aspearberry45831,fire84655,aspearberry45831,True,"['Exeggutor', 'Mew', 'Mewtwo', 'Slowbro', 'Zapdos', 'Snorlax']","['Exeggutor', 'Mewtwo', 'Mew', 'Chansey', 'Snorlax', 'Dragonite']",289,56,32
gen1ubers-740209648,[Gen 1] UBERS,2018-04-30 01:57:24,,drifblim84361,eevee75445,eevee75445,False,"['Onix', 'Sandslash', 'Nidoqueen', 'Marowak', 'Dugtrio', 'Rhydon']","['Charizard', 'Slowbro', 'Nidoking', 'Primeape', 'Snorlax']",22,7,6
gen1ubers-1044901123,[Gen 1] UBERS,2020-01-12 05:28:06,,milotic22134,rockpolish68549,milotic22134,True,"['Ninetales', 'Butterfree', 'Vileplume', 'Primeape', 'Blastoise']","['Magneton', 'Starmie', 'Kangaskhan', 'Pidgeot']",16,6,3
gen1ubers-760577665,[Gen 1] UBERS,2018-06-10 20:05:27,1000,conversion222171,aquatail89891,conversion222171,False,"['Gengar', 'Mewtwo']","['Cloyster', 'Mewtwo', 'Tauros', 'Slowbro', 'Gengar', 'Chansey']",16,1,6
gen1ubers-670167800,[Gen 1] UBERS,2017-12-07 01:05:21,,seedbomb84496,breloom8756,breloom8756,False,"['Butterfree', 'Magneton', 'Hitmonchan', 'Marowak', 'Gengar', 'Arcanine']","['Arcanine', 'Starmie', 'Snorlax', 'Nidoking']",17,5,4
gen1ubers-824584124,[Gen 1] UBERS,2018-10-23 19:47:00,,naturalcure76962,psychic88844,naturalcure76962,True,"['Exeggutor', 'Mew', 'Mewtwo', 'Slowbro', 'Snorlax', 'Alakazam']","['Exeggutor', 'Mew', 'Mewtwo', 'Gengar', 'Chansey', 'Snorlax']",28,8,8
smogtours-gen1ubers-713116,[Gen 1] UBERS,2023-08-30 23:00:42,,aquaring89206,fissure61188,fissure61188,True,"['Mew', 'Mewtwo', 'Golem', 'Gengar', 'Chansey', 'Snorlax']","['Exeggutor', 'Mew', 'Mewtwo', 'Slowbro', 'Golem', 'Snorlax']",61,17,14
smogtours-gen1ubers-676965,[Gen 1] UBERS,2023-02-24 14:10:48,,geodude45714,drillpeck8655,drillpeck8655,False,"['Mew', 'Mewtwo', 'Zapdos', 'Jynx', 'Chansey', 'Snorlax']","['Mew', 'Mewtwo', 'Slowbro', 'Gengar', 'Chansey', 'Snorlax']",106,10,7
gen1ubers-2180381549,[Gen 1] UBERS,2024-08-15 03:15:41,,toxicroak76241,bayleef52258,bayleef52258,False,"['Charizard', 'Tauros', 'Aerodactyl', 'Gengar', 'Raichu', 'Alakazam']","['Starmie', 'Snorlax', 'Chansey', 'Tauros']",28,6,3
gen1ubers-1138929153,[Gen 1] UBERS,2020-06-24 19:30:53,,pidgeot64658,miracleberry10684,pidgeot64658,False,"['Jynx', 'Mewtwo']","['Mewtwo', 'Charizard', 'Arbok', 'Venusaur', 'Blastoise', 'Tentacruel']",15,1,5
gen1ubers-1134349320,[Gen 1] UBERS,2020-06-17 19:09:41,,synchronize7839,mefirst94337,synchronize7839,False,"['Mewtwo', 'Mew', 'Slowbro', 'Gengar', 'Chansey', 'Snorlax']","['Mew', 'Mewtwo', 'Tauros', 'Gengar', 'Chansey', 'Snorlax']",89,20,14
gen1ubers-1081962481,[Gen 1] UBERS,2020-03-19 21:44:50,,forecast35562,apicotberry31818,forecast35562,False,"['Exeggutor', 'Alakazam', 'Zapdos', 'Snorlax']","['Starmie', 'Exeggutor', 'Tauros', 'Zapdos', 'Gengar', 'Alakazam']",25,5,9
gen1ubers-1052248909,[Gen 1] UBERS,2020-01-25 01:27:37,,skilllink6848,heartswap3972,skilllink6848,True,"['Nidoking', 'Charizard', 'Starmie']","['Venusaur', 'Charizard', 'Aerodactyl']",11,2,2
gen1ubers-1138740054,[Gen 1] UBERS,2020-06-24 14:31:11,,psychocut59553,stockpile77559,stockpile77559,False,"['Exeggutor', 'Mewtwo', 'Mew', 'Tauros', 'Chansey', 'Snorlax']","['Exeggutor', 'Mewtwo', 'Mew', 'Jynx', 'Chansey', 'Snorlax']",88,14,13
smogtours-gen1ubers-675320,[Gen 1] UBERS,2023-02-17 13:16:03,,drillpeck8655,drapion2237,drillpeck8655,True,"['Mew', 'Mewtwo', 'Slowbro', 'Zapdos', 'Chansey', 'Snorlax']","['Exeggutor', 'Mewtwo', 'Mew', 'Tauros', 'Chansey', 'Snorlax']",39,5,7
smogtours-gen1ubers-304149,[Gen 1] UBERS,2017-07-19 01:38:05,,staravia92653,wormadam16475,staravia92653,False,"['Mew', 'Exeggutor', 'Tauros', 'Chansey', 'Snorlax', 'Alakazam']","['Exeggutor', 'Mew', 'Tauros', 'Jynx', 'Alakazam', 'Snorlax']",70,10,12
smogtours-gen1ubers-697653,[Gen 1] UBERS,2023-06-17 17:05:27,,alakazam8068,mudsport71981,alakazam8068,True,"['Mew', 'Mewtwo', 'Tauros', 'Chansey', 'Hypno', 'Snorlax']","['Mewtwo', 'Mew', 'Zapdos', 'Gengar', 'Chansey', 'Snorlax']",33,10,13
smogtours-gen1ubers-612199,[Gen 1] UBERS,2022-03-07 02:30:42,,arceusghost8496,batonpass29222,arceusghost8496,True,"['Exeggutor', 'Mewtwo', 'Chansey', 'Rhydon', 'Snorlax']","['Starmie', 'Mew', 'Mewtwo', 'Tauros', 'Chansey', 'Snorlax']",38,14,13
gen1ubers-1053867994,[Gen 1] UBERS,2020-01-28 04:35:18,,sketch930,vitalspirit48045,sketch930,False,"['Exeggutor', 'Mewtwo', 'Zapdos', 'Chansey', 'Snorlax']","['Mewtwo', 'Mew', 'Tauros', 'Golem', 'Jynx', 'Gengar']",29,5,7
rom-gen1ubers-236127,[Gen 1] UBERS,2018-02-05 03:00:41,,chingling18487,sudowoodo17153,chingling18487,False,"['Starmie', 'Mew', 'Exeggutor', 'Jolteon', 'Tauros', 'Alakazam']","['Mew', 'Mewtwo', 'Slowbro', 'Jynx', 'Chansey', 'Snorlax']",45,7,9
gen1ubers-767835915,[Gen 1] UBERS,2018-06-26 17:29:41,1000,steelix83008,ninetales23394,steelix83008,False,"['Mewtwo', 'Mew', 'Exeggutor', 'Gengar', 'Rhydon', 'Snorlax']","['Exeggutor', 'Mew', 'Mewtwo', 'Slowbro', 'Jynx', 'Chansey']",42,13,7
gen1ubers-906339387,[Gen 1] UBERS,2019-05-08 22:50:10,,rest20747,tropius17094,tropius17094,False,"['Starmie', 'Jolteon', 'Graveler', 'Clefable', 'Venusaur', 'Articuno']","['Golduck', 'Tauros', 'Dodrio', 'Jynx', 'Snorlax']",35,12,6
gen1ubers-824131510,[Gen 1] UBERS,2018-10-22 21:27:27,,spoink85428,shedinja79920,spoink85428,True,"['Exeggutor', 'Mewtwo', 'Tauros', 'Slowbro', 'Jynx', 'Chansey']","['Exeggutor', 'Jolteon', 'Tauros', 'Slowbro', 'Snorlax']",38,8,5
gen1ubers-2089293677,[Gen 1] UBERS,2024-03-26 05:54:37,,cloyster43057,pinmissile14901,pinmissile14901,True,"['Mewtwo', 'Mew', 'Tauros', 'Slowbro', 'Jynx', 'Ditto']","['Mew', 'Mewtwo', 'Tauros']",47,7,3
gen1ubers-2176217551,[Gen 1] UBERS,2024-08-08 20:05:45,1065,magmortar31040,ichuspikyeared7548,ichuspikyeared7548,True,"['Gengar', 'Alakazam', 'Snorlax']","['Mew', 'Zapdos']",12,2,1
smogtours-gen1ubers-696154,[Gen 1] UBERS,2023-06-08 20:35:02,,barboach88300,cascoon94634,cascoon94634,True,"['Mew', 'Exeggutor', 'Mewtwo', 'Zapdos', 'Chansey', 'Snorlax']","['Mew', 'Mewtwo', 'Exeggutor', 'Tauros', 'Chansey', 'Snorlax']",52,12,12
gen1ubers-2189921198,[Gen 1] UBERS,2024-08-28 22:59:38,1063,clawfossil82530,drizzle61036,clawfossil82530,True,['Tauros'],"['Gengar', 'Mew']",5,0,1
smogtours-gen1ubers-814596,[Gen 1] UBERS,2025-01-18 16:25:13,,psn38480,wacanberry11962,psn38480,True,"['Starmie', 'Mew', 'Mewtwo', 'Exeggutor', 'Rhydon', 'Snorlax']","['Mewtwo', 'Mew', 'Tauros', 'Gengar', 'Snorlax', 'Dragonite']",37,13,13
gen1ubers-1087896405,[Gen 1] UBERS,2020-03-30 12:33:19,,zoomlens15496,sweetscent3994,zoomlens15496,False,"['Mew', 'Exeggutor', 'Jolteon', 'Tauros', 'Snorlax']","['Starmie', 'Exeggutor', 'Mew', 'Tauros', 'Rhydon', 'Snorlax']",45,9,10
smogtours-gen1ubers-780359,[Gen 1] UBERS,2024-07-14 20:11:56,,quickclaw83695,spoink27592,spoink27592,False,"['Mew', 'Mewtwo', 'Zapdos', 'Jynx', 'Rhydon', 'Snorlax']","['Mew', 'Mewtwo', 'Exeggutor', 'Tauros', 'Chansey', 'Snorlax']",70,13,16
smogtours-gen1ubers-705123,[Gen 1] UBERS,2023-07-23 15:13:13,,powerherb16934,mareep93864,powerherb16934,False,"['Mew', 'Exeggutor', 'Jolteon', 'Mewtwo', 'Chansey', 'Snorlax']","['Mewtwo', 'Mew', 'Tauros', 'Gengar', 'Chansey', 'Snorlax']",47,12,16
gen1ubers-679203642,[Gen 1] UBERS,2017-12-25 03:28:07,,woodhammer83701,miltank57341,woodhammer83701,False,"['Gyarados', 'Aerodactyl']",['Moltres'],10,1,0
rom-gen1ubers-468468,[Gen 1] UBERS,2018-12-02 21:17:15,,constrict58938,sudowoodo17153,constrict58938,False,"['Mew', 'Mewtwo', 'Slowbro', 'Zapdos', 'Chansey', 'Snorlax']","['Mewtwo', 'Mew', 'Slowbro', 'Jynx', 'Chansey', 'Snorlax']",42,6,9
smogtours-gen1ubers-584806,[Gen 1] UBERS,2021-10-09 12:36:47,,zoomlens15496,amnesia25800,amnesia25800,False,"['Exeggutor', 'Mewtwo', 'Mew', 'Tauros', 'Slowbro', 'Snorlax']","['Exeggutor', 'Mewtwo', 'Mew', 'Gengar', 'Chansey', 'Snorlax']",43,10,12
smogtours-gen1ubers-790109,[Gen 1] UBERS,2024-09-09 15:33:11,,apicotberry50999,tyrogue95104,tyrogue95104,True,"['Mewtwo', 'Mew', 'Exeggutor', 'Zapdos', 'Snorlax']","['Cloyster', 'Mew', 'Slowbro', 'Victreebel', 'Rhydon']",19,6,7
gen1ubers-739618334,[Gen 1] UBERS,2018-04-28 20:41:25,,eevee75445,drifblim84361,eevee75445,False,"['Poliwag', 'Nidoran-M', 'Pidgey', 'Charmander']","['Rattata', 'Nidoran-F', 'Squirtle', 'Spearow']",34,8,9
gen1ubers-945392806,[Gen 1] UBERS,2019-07-15 22:59:58,,rest20747,tropius17094,tropius17094,False,"['Cloyster', 'Starmie', 'Lapras', 'Zapdos', 'Rhydon', 'Snorlax']","['Porygon', 'Jolteon', 'Tauros', 'Golem', 'Chansey']",42,11,6
gen1ubers-523514736,[Gen 1] UBERS,2017-01-26 01:38:31,,miltank57341,woodhammer83701,woodhammer83701,False,"['Pidgey', 'Charmander']","['Onix', 'Geodude']",61,2,1
smogtours-gen1ubers-778724,[Gen 1] UBERS,2024-07-07 11:21:00,,drapion2237,aurasphere76841,aurasphere76841,True,"['Starmie', 'Mew', 'Exeggutor', 'Mewtwo', 'Tauros', 'Snorlax']","['Mew', 'Mewtwo', 'Exeggutor', 'Jynx', 'Rhydon']",44,16,14
smogtours-gen1ubers-526553,[Gen 1] UBERS,2020-11-08 20:12:43,,quilava99512,sacredfire231,quilava99512,False,"['Mew', 'Mewtwo', 'Tauros', 'Zapdos', 'Chansey', 'Snorlax']","['Mew', 'Mewtwo', 'Tauros', 'Slowbro', 'Chansey', 'Snorlax']",184,18,23
smogtours-gen1ubers-726910,[Gen 1] UBERS,2023-10-28 14:47:37,,wailmer96415,adaptability45192,adaptability45192,True,"['Exeggutor', 'Mewtwo', 'Mew', 'Gengar', 'Chansey', 'Snorlax']","['Mew', 'Exeggutor', 'Mewtwo', 'Zapdos', 'Chansey', 'Snorlax']",123,21,27
gen1ubers-2186923170,[Gen 1] UBERS,2024-08-24 17:39:28,,metalcoat48774,quilava74965,quilava74965,False,"['Exeggutor', 'Mewtwo', 'Mew', 'Tauros', 'Chansey', 'Snorlax']","['Exeggutor', 'Mewtwo', 'Mew', 'Tauros', 'Slowbro', 'Snorlax']",34,9,7
gen1ubers-2317500819,[Gen 1] UBERS,2025-03-11 22:59:44,,vespiquen29498,waterveil70912,waterveil70912,False,"['Exeggutor', 'Mewtwo', 'Mew', 'Zapdos', 'Gengar', 'Snorlax']","['Cloyster', 'Mew', 'Exeggutor', 'Mewtwo', 'Tauros', 'Slowbro']",36,8,6
gen1ubers-2111733577,[Gen 1] UBERS,2024-04-26 02:28:47,,empoleon20717,calmmind8048,empoleon20717,True,"['Mewtwo', 'Mew', 'Slowbro', 'Jynx', 'Chansey', 'Snorlax']","['Cloyster', 'Mew', 'Mewtwo', 'Exeggutor', 'Chansey', 'Snorlax']",39,9,8
smogtours-gen1ubers-645249,[Gen 1] UBERS,2022-08-27 06:44:11,,manaphy22907,encore90411,manaphy22907,False,"['Mew', 'Mewtwo', 'Slowbro', 'Zapdos', 'Chansey', 'Snorlax']","['Mewtwo', 'Exeggutor', 'Mew', 'Tauros', 'Chansey', 'Snorlax']",85,19,18
gen1ubers-368743548,[Gen 1] UBERS,2016-05-06 04:19:40,,rivalry89885,dragonbreath8232,dragonbreath8232,False,"['Ninetales', 'Zapdos', 'Gengar', 'Gyarados', 'Alakazam', 'Dragonite']","['Cloyster', 'Exeggutor', 'Jolteon', 'Tauros', 'Gengar']",46,14,13
gen1ubers-684236827,[Gen 1] UBERS,2018-01-05 03:09:46,,woodhammer83701,miltank57341,woodhammer83701,False,"['Bulbasaur', 'Poliwag', 'Pikachu']","['Rhyhorn', 'Rhydon']",15,3,1
gen1ubers-2191354297,[Gen 1] UBERS,2024-08-30 23:05:58,1124,spiritomb60839,typechange69487,spiritomb60839,False,"['Golduck', 'Mewtwo', 'Mew', 'Slowbro', 'Golem', 'Gengar']","['Mewtwo', 'Exeggutor', 'Mew', 'Tauros', 'Slowbro', 'Snorlax']",108,20,16
gen1ubers-757408570,[Gen 1] UBERS,2018-06-04 10:41:22,1000,attract39347,powerherb98930,attract39347,False,"['Starmie', 'Mew', 'Snorlax', 'Lapras']","['Cloyster', 'Lapras', 'Jolteon', 'Zapdos', 'Gengar', 'Dugtrio']",22,3,6
smogtours-gen1ubers-701834,[Gen 1] UBERS,2023-07-08 17:19:59,,powerherb16934,sandattack94842,sandattack94842,False,"['Mew', 'Mewtwo', 'Zapdos', 'Gengar', 'Chansey', 'Snorlax']","['Mewtwo', 'Mew', 'Tauros', 'Slowbro', 'Chansey', 'Snorlax']",23,7,7
gen1ubers-690010280,[Gen 1] UBERS,2018-01-17 03:22:57,,woodhammer83701,hypno99223,woodhammer83701,False,"['Aerodactyl', 'Venusaur', 'Poliwrath', 'Pikachu', 'Snorlax', 'Gyarados']","['Cloyster', 'Beedrill', 'Golem']",12,5,2
gen1ubers-758267176,[Gen 1] UBERS,2018-06-06 01:56:51,1000,spinarak37151,munchlax14432,spinarak37151,False,"['Gengar', 'Exeggutor', 'Mewtwo']","['Starmie', 'Mew', 'Mewtwo', 'Zapdos', 'Chansey', 'Alakazam']",39,2,5
gen1ubers-2191538809,[Gen 1] UBERS,2024-08-31 06:11:44,1094,fling62385,drizzle61036,fling62385,False,"['Mewtwo', 'Mew', 'Tauros', 'Zapdos', 'Chansey', 'Snorlax']","['Mew', 'Exeggutor', 'Mewtwo', 'Tauros', 'Chansey', 'Snorlax']",37,5,7
smogtours-gen1ubers-799900,[Gen 1] UBERS,2024-10-19 15:16:49,,psn38480,mareep93864,mareep93864,True,"['Mewtwo', 'Exeggutor', 'Mew', 'Tauros', 'Rhydon', 'Snorlax']","['Exeggutor', 'Mewtwo', 'Mew', 'Tauros', 'Slowbro', 'Snorlax']",37,13,11
gen1ubers-1126161332,[Gen 1] UBERS,2020-06-03 18:33:38,,bronzong89048,delcatty31981,delcatty31981,True,"['Mew', 'Mewtwo', 'Tauros', 'Gengar', 'Rhydon', 'Alakazam']","['Mew', 'Exeggutor', 'Mewtwo', 'Electrode', 'Golem', 'Jynx']",33,9,13
gen1ubers-711731373,[Gen 1] UBERS,2018-03-02 04:50:55,,combusken88551,lastresort80905,lastresort80905,False,"['Cloyster', 'Exeggutor', 'Lapras', 'Jolteon', 'Golem', 'Alakazam']","['Jynx', 'Chansey', 'Mewtwo', 'Mew']",53,7,4
smogtours-gen1ubers-802657,[Gen 1] UBERS,2024-10-27 19:30:16,,buneary67957,mareep93864,mareep93864,False,"['Cloyster', 'Mew', 'Mewtwo', 'Exeggutor', 'Tauros', 'Snorlax']","['Exeggutor', 'Mewtwo', 'Mew', 'Tauros', 'Jynx', 'Snorlax']",52,20,16
smogtours-gen1ubers-681770,[Gen 1] UBERS,2023-03-19 18:41:50,,drillpeck8655,arceusghost8496,drillpeck8655,True,"['Mew', 'Mewtwo', 'Slowbro', 'Zapdos', 'Chansey', 'Snorlax']","['Mewtwo', 'Mew', 'Zapdos', 'Gengar', 'Chansey', 'Snorlax']",36,8,16
rom-gen1ubers-496416,[Gen 1] UBERS,2019-02-27 18:49:55,,magmortar63911,sudowoodo17153,magmortar63911,False,"['Slowbro', 'Mew', 'Mewtwo', 'Snorlax']","['Exeggutor', 'Mewtwo', 'Mew', 'Slowbro', 'Jynx', 'Chansey']",28,4,11
gen1ubers-1139486178,[Gen 1] UBERS,2020-06-25 16:43:42,,synchronize14428,facade60368,synchronize14428,True,"['Exeggutor', 'Mewtwo', 'Mew', 'Gengar', 'Chansey', 'Snorlax']","['Mewtwo', 'Tauros', 'Slowbro', 'Jynx', 'Chansey', 'Snorlax']",219,66,47
gen1ubers-2178905485,[Gen 1] UBERS,2024-08-12 22:54:47,1050,tauros82925,beedrill79854,beedrill79854,True,"['Cloyster', 'Mewtwo', 'Mew']","['Jynx', 'Mew', 'Mewtwo', 'Beedrill']",16,2,3
gen1ubers-2270947923,[Gen 1] UBERS,2024-12-28 13:02:38,,gloom50365,gible45423,gible45423,False,"['Cloyster', 'Starmie', 'Exeggutor', 'Mew', 'Tauros', 'Raichu']","['Starmie', 'Exeggutor', 'Mew', 'Tauros', 'Gengar', 'Snorlax']",44,14,15
gen1ubers-2181604953,[Gen 1] UBERS,2024-08-16 23:02:09,1000,punishment38172,fakeout28786,punishment38172,False,"['Mewtwo', 'Exeggutor', 'Mew', 'Hypno', 'Snorlax', 'Articuno']","['Mew', 'Mewtwo', 'Tauros', 'Zapdos', 'Chansey', 'Articuno']",180,9,8
gen1ubers-388445421,[Gen 1] UBERS,2016-06-19 04:45:45,,ludicolo72404,sacredfire97645,ludicolo72404,True,"['Slowbro', 'Exeggutor']","['Mew', 'Lapras', 'Mewtwo', 'Chansey', 'Alakazam']",63,1,5
gen1ubers-2246682434,[Gen 1] UBERS,2024-11-19 05:18:51,,raindish79906,healblock43109,healblock43109,False,"['Starmie', 'Mew', 'Mewtwo', 'Chansey', 'Rhydon', 'Snorlax']","['Mewtwo', 'Mew', 'Jynx', 'Chansey', 'Snorlax']",64,12,5
gen1ubers-2055968884,[Gen 1] UBERS,2024-02-10 03:22:51,,crosschop98625,teeterdance17925,teeterdance17925,False,"['Tauros', 'Dragonair', 'Dratini', 'Chansey', 'Snorlax', 'Dragonite']","['Mew', 'Exeggutor', 'Mewtwo', 'Tauros', 'Chansey']",95,6,4
smogtours-gen1ubers-773941,[Gen 1] UBERS,2024-06-11 20:21:13,,rockslide51850,hydration14492,rockslide51850,False,"['Mew', 'Exeggutor', 'Mewtwo', 'Tauros', 'Chansey', 'Snorlax']","['Mew', 'Exeggutor', 'Mewtwo', 'Tauros', 'Rhydon', 'Snorlax']",75,14,14
smogtours-gen1ubers-730054,[Gen 1] UBERS,2023-11-11 23:13:56,,icebody51285,mudsport71981,mudsport71981,False,"['Mew', 'Mewtwo', 'Gengar', 'Chansey', 'Rhydon', 'Snorlax']","['Exeggutor', 'Mewtwo', 'Mew', 'Tauros', 'Zapdos', 'Snorlax']",43,15,11
smogtours-gen1ubers-588071,[Gen 1] UBERS,2021-10-22 21:04:58,,marshtomp99135,innerfocus91859,innerfocus91859,False,"['Exeggutor', 'Mewtwo', 'Mew', 'Tauros', 'Chansey', 'Rhydon']","['Mewtwo', 'Mew', 'Tauros', 'Zapdos', 'Chansey', 'Snorlax']",30,11,7
gen1ubers-2309989870,[Gen 1] UBERS,2025-02-28 23:46:33,,mudbomb34077,kingdra25969,kingdra25969,True,"['Mew', 'Mewtwo', 'Zapdos', 'Jynx', 'Chansey', 'Snorlax']","['Chansey', 'Mew', 'Snorlax', 'Tauros']",30,9,6
gen1ubers-835113180,[Gen 1] UBERS,2018-11-13 22:52:46,,soundproof93578,moldbreaker59372,soundproof93578,False,"['Mewtwo', 'Mew', 'Tauros', 'Chansey', 'Snorlax', 'Alakazam']","['Mew', 'Mewtwo', 'Exeggutor', 'Tauros', 'Slowbro', 'Snorlax']",56,7,8
gen1ubers-1128578873,[Gen 1] UBERS,2020-06-07 18:17:40,,shieldon58011,growth17798,shieldon58011,False,"['Mew', 'Mewtwo']","['Scyther', 'Venomoth', 'Butterfree', 'Pinsir', 'Parasect', 'Beedrill']",11,1,5
gen1ubers-864240147,[Gen 1] UBERS,2019-02-18 11:30:02,,krabby97145,mrmime1098,mrmime1098,True,"['Mew', 'Mewtwo', 'Zapdos', 'Jynx', 'Chansey', 'Snorlax']","['Exeggutor', 'Mewtwo', 'Mew', 'Slowbro', 'Jynx', 'Chansey']",104,19,13
smogtours-gen1ubers-703806,[Gen 1] UBERS,2023-07-16 18:27:42,,powerherb16934,arceusghost8496,powerherb16934,False,"['Exeggutor', 'Mew', 'Mewtwo', 'Chansey', 'Rhydon', 'Snorlax']","['Mew', 'Exeggutor', 'Mewtwo', 'Zapdos', 'Chansey', 'Rhydon']",63,21,24
gen1ubers-1145624068,[Gen 1] UBERS,2020-07-05 17:21:31,,xscissor99781,meditate33036,xscissor99781,True,"['Mew', 'Mewtwo', 'Exeggutor', 'Gengar', 'Chansey', 'Snorlax']","['Mew', 'Mewtwo', 'Slowbro', 'Jynx', 'Chansey', 'Snorlax']",68,8,8
gen1ubers-1072612150,[Gen 1] UBERS,2020-03-03 04:01:15,,focusband71312,innerfocus91859,innerfocus91859,True,"['Mew', 'Exeggutor', 'Mewtwo', 'Tauros', 'Snorlax', 'Alakazam']","['Mew', 'Exeggutor', 'Tauros', 'Chansey', 'Snorlax']",20,7,6
smogtours-gen1ubers-609622,[Gen 1] UBERS,2022-02-20 14:44:00,,synchronize14428,starfberry84995,starfberry84995,False,"['Exeggutor', 'Mew', 'Mewtwo', 'Gengar', 'Chansey', 'Snorlax']","['Exeggutor', 'Mewtwo', 'Mew', 'Tauros', 'Chansey', 'Snorlax']",76,13,12
gen1ubers-2174471388,[Gen 1] UBERS,2024-08-06 08:01:01,1060,destinybond35325,lombre858,destinybond35325,True,"['Mew', 'Mewtwo', 'Jolteon', 'Chansey', 'Snorlax', 'Articuno']","['Mew', 'Mewtwo', 'Slowbro', 'Chansey', 'Alakazam', 'Snorlax']",70,17,9
smogtours-gen1ubers-722164,[Gen 1] UBERS,2023-10-07 16:13:23,,unknownability847,rockslide37277,rockslide37277,False,"['Exeggutor', 'Mewtwo', 'Mew', 'Zapdos', 'Chansey', 'Snorlax']","['Mew', 'Exeggutor', 'Mewtwo', 'Tauros', 'Chansey', 'Snorlax']",92,15,12
smogtours-gen1ubers-243741,[Gen 1] UBERS,2017-02-03 20:25:42,,blastburn68087,bide32585,bide32585,False,"['Mewtwo', 'Mew', 'Slowbro', 'Jynx', 'Snorlax']","['Jynx', 'Mew', 'Snorlax', 'Slowbro']",37,7,4
gen1ubers-819890159,[Gen 1] UBERS,2018-10-13 22:12:50,,battlearmor28944,return265,return265,False,"['Exeggutor', 'Mew', 'Tauros', 'Zapdos', 'Gengar', 'Snorlax']","['Exeggutor', 'Mew', 'Tauros', 'Jynx', 'Chansey', 'Snorlax']",27,7,9
gen1ubers-2051222551,[Gen 1] UBERS,2024-02-04 03:08:35,,meadowplate46739,charm4292,charm4292,False,"['Jolteon', 'Rapidash', 'Aerodactyl', 'Poliwhirl', 'Meowth', 'Diglett']","['Omastar', 'Sandslash', 'Kadabra', 'Haunter', 'Fearow', 'Paras']",40,11,10
gen1ubers-786415269,[Gen 1] UBERS,2018-08-05 19:20:39,,raindance50399,aromatherapy86685,raindance50399,False,"['Exeggutor', 'Mewtwo', 'Mew', 'Jynx', 'Chansey', 'Snorlax']","['Exeggutor', 'Mew', 'Tauros', 'Slowbro', 'Alakazam', 'Snorlax']",38,6,6
gen1ubers-786591290,[Gen 1] UBERS,2018-08-06 02:58:55,,tailwhip27918,jigglypuff4656,jigglypuff4656,True,"['Lapras', 'Zapdos', 'Machamp', 'Gengar', 'Venusaur', 'Dragonite']","['Starmie', 'Mewtwo', 'Tauros', 'Golem', 'Persian', 'Venusaur']",21,6,7
gen1ubers-827262116,[Gen 1] UBERS,2018-11-27 23:35:17,,stomp30555,porygon83022,porygon83022,False,"['Moltres', 'Lapras', 'Magneton', 'Nidoqueen', 'Hitmonchan', 'Gengar']","['Kangaskhan', 'Slowbro', 'Machamp', 'Chansey', 'Raichu', 'Alakazam']",29,11,8
gen1ubers-760032648,[Gen 1] UBERS,2018-06-09 17:34:25,1028,conversion222171,embargo4755,conversion222171,False,"['Gengar', 'Exeggutor', 'Mewtwo']","['Mew', 'Mewtwo', 'Tauros', 'Electrode', 'Chansey', 'Snorlax']",50,3,8
gen1ubers-2187741652,[Gen 1] UBERS,2024-08-25 22:44:22,1096,quickpowder52632,synchronize84212,synchronize84212,False,"['Mew', 'Mewtwo', 'Tauros', 'Golem', 'Chansey', 'Articuno']","['Mew', 'Jolteon', 'Chansey', 'Snorlax', 'Dragonite']",97,23,16
smogtours-gen1ubers-654051,[Gen 1] UBERS,2022-10-09 19:36:14,,iceball26708,mefirst94337,mefirst94337,True,"['Mew', 'Exeggutor', 'Mewtwo', 'Tauros', 'Chansey', 'Snorlax']","['Mew', 'Jolteon', 'Tauros', 'Chansey', 'Snorlax']",23,6,6
smogtours-gen1ubers-725295,[Gen 1] UBERS,2023-10-21 22:38:52,,steel89481,leechlife10170,leechlife10170,False,"['Mew', 'Mewtwo', 'Chansey', 'Snorlax', 'Rhydon', 'Alakazam']","['Mew', 'Exeggutor', 'Tauros', 'Chansey', 'Snorlax']",44,9,10
gen1ubers-346958542,[Gen 1] UBERS,2016-03-20 00:28:33,,omastar87604,barrier55740,barrier55740,False,"['Exeggutor', 'Mew', 'Tauros', 'Jynx', 'Chansey', 'Snorlax']","['Exeggutor', 'Mew', 'Tauros', 'Jynx', 'Snorlax']",30,11,7
gen1ubers-803373202,[Gen 1] UBERS,2018-09-09 21:50:06,,damprock85481,shiftry93427,shiftry93427,True,"['Gengar', 'Chansey', 'Alakazam', 'Golem']",['Mewtwo'],16,4,0
smogtours-gen1ubers-739445,[Gen 1] UBERS,2024-01-15 04:38:56,,castform97328,icebody51285,castform97328,False,"['Mew', 'Mewtwo', 'Chansey', 'Snorlax', 'Rhydon', 'Alakazam']","['Mew', 'Exeggutor', 'Mewtwo', 'Tauros', 'Hypno', 'Snorlax']",45,15,15
gen1ubers-2179615504,[Gen 1] UBERS,2024-08-14 00:02:46,1058,beedrill79854,bug12723,beedrill79854,False,"['Mew', 'Mewtwo', 'Onix', 'Jynx', 'Snorlax', 'Beedrill']","['Mew', 'Mewtwo', 'Tauros', 'Slowbro', 'Persian', 'Snorlax']",46,10,7
gen1ubers-2044999946,[Gen 1] UBERS,2024-01-27 00:34:53,,whiscash6278,gorebyss2916,whiscash6278,False,['Electrode'],"['Electrode', 'Chansey']",61,0,39
gen1ubers-999816726,[Gen 1] UBERS,2019-10-28 03:26:47,,torrent80128,girafarig35296,girafarig35296,True,"['Mewtwo', 'Lapras', 'Zapdos', 'Chansey', 'Arcanine']",['Mewtwo'],12,4,0
smogtours-gen1ubers-744994,[Gen 1] UBERS,2024-02-04 19:32:32,,drillpeck8655,buneary67957,drillpeck8655,False,"['Mewtwo', 'Exeggutor', 'Mew', 'Tauros', 'Slowbro', 'Snorlax']","['Exeggutor', 'Mew', 'Mewtwo', 'Chansey', 'Rhydon', 'Snorlax']",29,7,11
smogtours-gen1ubers-728611,[Gen 1] UBERS,2023-11-04 19:15:31,,azumarill79029,steel89481,steel89481,True,"['Mew', 'Mewtwo', 'Zapdos', 'Chansey', 'Hypno', 'Snorlax']","['Starmie', 'Mew', 'Mewtwo', 'Chansey', 'Rhydon', 'Snorlax']",54,14,10
smogtours-gen1ubers-785607,[Gen 1] UBERS,2024-08-13 02:19:29,,quagsire52408,poisonpowder88566,poisonpowder88566,False,"['Exeggutor', 'Mew', 'Mewtwo', 'Tauros', 'Jynx', 'Snorlax']","['Exeggutor', 'Mewtwo', 'Mew', 'Slowbro', 'Electrode', 'Gengar']",47,5,10
gen1ubers-2178235746,[Gen 1] UBERS,2024-08-11 23:25:34,1062,cheriberry30798,aeroblast79486,aeroblast79486,True,"['Mew', 'Mewtwo', 'Jolteon', 'Tauros', 'Slowbro', 'Jynx']","['Mew', 'Mewtwo', 'Onix', 'Jynx', 'Snorlax', 'Beedrill']",39,9,9
gen1ubers-840945042,[Gen 1] UBERS,2018-12-26 23:47:09,,yanmega41886,delcatty31981,delcatty31981,False,"['Mew', 'Mewtwo', 'Golem', 'Jynx', 'Chansey', 'Snorlax']","['Mew', 'Electrode', 'Golem', 'Jynx', 'Chansey']",41,13,11
smogtours-gen1ubers-747276,[Gen 1] UBERS,2024-02-13 21:03:14,,rattata90247,lotad52239,rattata90247,True,"['Mewtwo', 'Exeggutor', 'Mew', 'Tauros', 'Rhydon', 'Snorlax']","['Mewtwo', 'Exeggutor', 'Mew', 'Tauros', 'Golem', 'Snorlax']",30,8,10
smogtours-gen1ubers-776630,[Gen 1] UBERS,2024-06-24 00:30:06,,gastrodon26689,electabuzz37326,gastrodon26689,False,"['Mewtwo', 'Exeggutor', 'Mew', 'Tauros', 'Chansey', 'Snorlax']","['Starmie', 'Exeggutor', 'Mew', 'Mewtwo', 'Jynx', 'Snorlax']",67,12,10
smogtours-gen1ubers-612157,[Gen 1] UBERS,2022-03-06 21:59:02,,mothim36513,arceusghost8496,mothim36513,False,"['Mew', 'Mewtwo', 'Tauros', 'Golem', 'Chansey', 'Snorlax']","['Mew', 'Mewtwo', 'Golem', 'Chansey', 'Victreebel', 'Snorlax']",51,17,21
gen1ubers-776739860,[Gen 1] UBERS,2018-07-16 20:52:24,,gastrodoneast28533,tailwhip2839,tailwhip2839,True,"['Exeggutor', 'Mew', 'Tauros', 'Slowbro', 'Snorlax', 'Alakazam']","['Exeggutor', 'Mew', 'Tauros', 'Slowbro', 'Chansey', 'Snorlax']",71,9,8
gen1ubers-779228484,[Gen 1] UBERS,2018-07-21 23:31:20,,raindance50399,dialga48280,raindance50399,True,"['Mewtwo', 'Exeggutor', 'Mew', 'Jynx', 'Chansey', 'Snorlax']","['Exeggutor', 'Mew', 'Mewtwo', 'Gengar', 'Chansey', 'Snorlax']",28,7,9
smogtours-gen1ubers-807740,[Gen 1] UBERS,2024-11-24 19:23:20,,psn38480,mareep93864,mareep93864,False,"['Mew', 'Mewtwo', 'Zapdos', 'Jynx', 'Chansey', 'Snorlax']","['Jynx', 'Mewtwo']",39,8,1
smogtours-gen1ubers-651082,[Gen 1] UBERS,2022-09-25 18:40:13,,starfberry84995,castform97328,castform97328,False,"['Cloyster', 'Mewtwo', 'Mew', 'Chansey', 'Snorlax', 'Alakazam']","['Starmie', 'Mew', 'Mewtwo', 'Chansey', 'Rhydon', 'Snorlax']",161,31,33
smogtours-gen1ubers-821776,[Gen 1] UBERS,2025-02-23 20:06:42,,yanma14716,iceball26708,iceball26708,False,"['Mewtwo', 'Exeggutor', 'Mew', 'Tauros', 'Chansey', 'Snorlax']","['Mewtwo', 'Mew', 'Jolteon', 'Tauros', 'Chansey', 'Snorlax']",28,8,9
gen1ubers-2187764762,[Gen 1] UBERS,2024-08-25 23:20:59,1000,punishment38172,illuminate95605,punishment38172,False,"['Electrode', 'Exeggutor', 'Snorlax', 'Tauros']","['Mewtwo', 'Zapdos', 'Gengar', 'Chansey', 'Snorlax', 'Alakazam']",36,3,5
gen1ubers-2178227667,[Gen 1] UBERS,2024-08-11 23:11:05,1038,quickpowder52632,aeroblast79486,aeroblast79486,True,"['Mewtwo', 'Mew', 'Tauros', 'Jynx', 'Rhydon', 'Articuno']","['Mew', 'Mewtwo', 'Onix', 'Jynx', 'Snorlax', 'Beedrill']",43,16,11
smogtours-gen1ubers-674878,[Gen 1] UBERS,2023-02-12 20:19:27,,castform97328,iceball26708,iceball26708,False,"['Mewtwo', 'Mew', 'Slowbro', 'Zapdos', 'Chansey', 'Snorlax']","['Mew', 'Mewtwo', 'Zapdos', 'Gengar', 'Chansey', 'Snorlax']",88,14,9
gen1ubers-2223792038,[Gen 1] UBERS,2024-10-15 23:18:22,,wormadamsandy82235,naturepower41350,wormadamsandy82235,False,['Machop'],['Nidoran-M'],5,0,0
gen1ubers-837099991,[Gen 1] UBERS,2018-11-17 20:38:52,,stantler13317,sacredfire97645,stantler13317,False,"['Exeggutor', 'Mewtwo', 'Mew', 'Slowbro', 'Jynx', 'Chansey']","['Mew', 'Mewtwo', 'Tauros', 'Slowbro', 'Chansey', 'Snorlax']",45,7,5
gen1ubers-654550947,[Gen 1] UBERS,2017-11-03 23:32:19,,metalcoat80824,laggingtail64546,laggingtail64546,False,"['Mewtwo', 'Mew', 'Tauros', 'Jynx', 'Chansey', 'Snorlax']","['Jynx', 'Mewtwo', 'Snorlax']",26,11,2
smogtours-gen1ubers-678018,[Gen 1] UBERS,2023-03-03 23:01:36,,mudsport71981,kangaskhan41867,kangaskhan41867,True,"['Mewtwo', 'Mew', 'Slowbro', 'Zapdos', 'Rhydon', 'Snorlax']","['Cloyster', 'Mewtwo', 'Exeggutor', 'Mew', 'Zapdos', 'Gengar']",59,18,12
smogtours-gen1ubers-653600,[Gen 1] UBERS,2022-10-08 20:59:15,,castform97328,mist21242,castform97328,True,"['Mew', 'Exeggutor', 'Mewtwo', 'Chansey', 'Snorlax']","['Mew', 'Mewtwo', 'Slowbro', 'Chansey', 'Snorlax', 'Alakazam']",33,4,8
gen1ubers-679229052,[Gen 1] UBERS,2017-12-25 04:56:35,,woodhammer83701,miltank57341,woodhammer83701,False,"['Aerodactyl', 'Venusaur', 'Poliwrath', 'Pikachu', 'Snorlax', 'Gyarados']",['Mewtwo'],17,6,0
gen1ubers-910641465,[Gen 1] UBERS,2019-05-16 12:53:19,,cacnea52999,dragonair22801,cacnea52999,False,"['Cloyster', 'Mewtwo', 'Exeggutor', 'Electrode', 'Graveler', 'Golem']","['Pidgeotto', 'Raticate', 'Dugtrio', 'Parasect', 'Beedrill', 'Blastoise']",10,7,5
gen1ubers-2183575131,[Gen 1] UBERS,2024-08-19 23:02:38,,shadowtag37139,growl5652,growl5652,True,"['Mewtwo', 'Mew', 'Golem', 'Rhydon', 'Alakazam']","['Mew', 'Mewtwo', 'Tauros', 'Electrode', 'Gengar', 'Chansey']",29,9,7
gen1ubers-2158278875,[Gen 1] UBERS,2024-07-10 05:06:45,,hypercutter87938,megapunch44074,megapunch44074,False,"['Electrode', 'Missingno.']",['Electrode'],31,5,1
smogtours-gen1ubers-744531,[Gen 1] UBERS,2024-02-03 21:54:36,,aquaring89206,castform97328,castform97328,True,"['Mew', 'Mewtwo', 'Slowbro', 'Gengar', 'Rhydon', 'Snorlax']","['Exeggutor', 'Mewtwo', 'Mew', 'Zapdos', 'Chansey', 'Snorlax']",32,10,9
smogtours-gen1ubers-706646,[Gen 1] UBERS,2023-07-30 15:03:27,,mareep93864,adaptability45192,adaptability45192,True,"['Mewtwo', 'Exeggutor', 'Mew', 'Tauros', 'Chansey', 'Snorlax']","['Mewtwo', 'Mew', 'Jynx', 'Chansey', 'Rhydon', 'Snorlax']",63,11,20
gen1ubers-930261649,[Gen 1] UBERS,2019-06-18 03:11:53,,pidgeotto55239,whismur35915,pidgeotto55239,False,"['Exeggutor', 'Mewtwo', 'Tauros', 'Chansey', 'Snorlax']","['Exeggutor', 'Mewtwo', 'Mew', 'Slowbro', 'Chansey', 'Snorlax']",44,8,8
gen1ubers-2175476117,[Gen 1] UBERS,2024-08-07 18:53:37,1172,aircutter66087,poisonpowder88566,poisonpowder88566,False,"['Mew', 'Mewtwo', 'Aerodactyl', 'Sandslash', 'Chansey', 'Snorlax']","['Exeggutor', 'Mewtwo', 'Mew', 'Slowbro', 'Electrode', 'Gengar']",73,17,18
gen1ubers-937733060,[Gen 1] UBERS,2019-07-01 02:08:29,,seaking24495,blazekick42234,seaking24495,True,"['Mewtwo', 'Mew', 'Exeggutor', 'Slowbro', 'Jynx', 'Chansey']","['Exeggutor', 'Mewtwo', 'Mew', 'Slowbro', 'Jynx', 'Chansey']",53,5,10
smogtours-gen1ubers-673649,[Gen 1] UBERS,2023-02-07 02:03:05,,shadowball81377,alakazam8068,alakazam8068,True,"['Mewtwo', 'Mew', 'Exeggutor', 'Tauros', 'Chansey', 'Snorlax']","['Mew', 'Mewtwo', 'Exeggutor', 'Tauros', 'Slowbro', 'Snorlax']",41,11,9
gen1ubers-1095863523,[Gen 1] UBERS,2020-04-13 11:47:00,,rotomheat45865,belueberry40138,rotomheat45865,False,"['Mew', 'Mewtwo', 'Tauros', 'Zapdos', 'Chansey', 'Dragonite']","['Mewtwo', 'Exeggutor', 'Mew', 'Slowbro', 'Jynx', 'Chansey']",70,5,5
gen1ubers-2184443473,[Gen 1] UBERS,2024-08-21 03:56:45,1000,blukberry14278,monferno96881,blukberry14278,False,"['Mew', 'Exeggutor', 'Mewtwo', 'Tauros', 'Chansey', 'Snorlax']","['Cloyster', 'Mewtwo', 'Mew', 'Gengar', 'Chansey', 'Snorlax']",47,6,11
gen1ubers-1145657685,[Gen 1] UBERS,2020-07-05 18:20:59,,nightslash51995,cranidos9637,nightslash51995,False,"['Exeggutor', 'Mewtwo', 'Mew', 'Gengar', 'Chansey', 'Snorlax']","['Exeggutor', 'Mewtwo', 'Mew', 'Tauros', 'Slowbro', 'Snorlax']",31,11,8
gen1ubers-2190134945,[Gen 1] UBERS,2024-08-29 07:28:56,,present1355,lickilicky78210,present1355,True,"['Electrode', 'Chansey']","['Electrode', 'Chansey']",101,30,32
smogtours-gen1ubers-713917,[Gen 1] UBERS,2023-09-03 16:25:44,,fissure61188,innerfocus97582,innerfocus97582,True,"['Mew', 'Exeggutor', 'Mewtwo', 'Chansey', 'Snorlax', 'Dragonite']","['Mewtwo', 'Mew', 'Zapdos', 'Gengar', 'Chansey', 'Snorlax']",60,22,22
gen1ubers-526818622,[Gen 1] UBERS,2017-02-01 03:31:13,,miltank57341,woodhammer83701,miltank57341,False,"['Tangela', 'Gloom', 'Weepinbell']","['Sandshrew', 'Vulpix', 'Eevee', 'Magnemite', 'Fearow']",33,2,5
gen1ubers-531682085,[Gen 1] UBERS,2017-02-11 03:42:33,,miltank57341,woodhammer83701,miltank57341,False,"['Cloyster', 'Ninetales', 'Jolteon', 'Sandslash', 'Kadabra']","['Nidoking', 'Nidoqueen', 'Dugtrio', 'Persian', 'Rhydon']",23,4,4
smogtours-gen1ubers-670944,[Gen 1] UBERS,2023-01-28 13:11:34,,drapion2237,meditate33036,drapion2237,False,"['Mew', 'Exeggutor', 'Mewtwo', 'Tauros', 'Chansey', 'Snorlax']","['Exeggutor', 'Mewtwo', 'Mew', 'Gengar', 'Chansey', 'Snorlax']",35,9,15
gen1ubers-524708086,[Gen 1] UBERS,2017-01-28 04:34:40,,miltank57341,woodhammer83701,woodhammer83701,False,"['Voltorb', 'Raichu', 'Pikachu']","['Pidgeotto', 'Exeggcute', 'Kadabra']",24,2,2
gen1ubers-834387338,[Gen 1] UBERS,2018-11-12 14:53:20,,nidoranm71867,sableye83674,nidoranm71867,False,"['Jynx', 'Chansey', 'Mewtwo', 'Exeggutor']","['Mew', 'Mewtwo', 'Slowbro', 'Jynx', 'Chansey', 'Snorlax']",71,4,10
gen1ubers-778197355,[Gen 1] UBERS,2018-07-19 20:21:23,,raindance50399,waveincense51112,raindance50399,True,"['Mewtwo', 'Exeggutor', 'Mew', 'Jynx', 'Chansey', 'Snorlax']","['Mew', 'Mewtwo', 'Exeggutor', 'Jynx', 'Chansey', 'Snorlax']",34,10,9
gen1ubers-777842113,[Gen 1] UBERS,2018-07-19 01:34:01,,pikachu68479,ralts9162,pikachu68479,False,['Mewtwo'],"['Gengar', 'Cloyster', 'Alakazam']",5,0,2
smogtours-gen1ubers-705128,[Gen 1] UBERS,2023-07-23 15:51:33,,powerherb16934,mareep93864,mareep93864,False,"['Mew', 'Exeggutor', 'Mewtwo', 'Chansey', 'Snorlax', 'Dragonite']","['Starmie', 'Mew', 'Mewtwo', 'Chansey', 'Rhydon', 'Snorlax']",259,56,66
smogtours-gen1ubers-820169,[Gen 1] UBERS,2025-02-16 01:01:35,,clefairy19286,spoink27592,spoink27592,False,"['Mew', 'Mewtwo', 'Exeggutor', 'Tauros', 'Snorlax', 'Dragonite']","['Starmie', 'Mew', 'Exeggutor', 'Mewtwo', 'Tauros', 'Snorlax']",79,8,39
gen1ubers-705356089,[Gen 1] UBERS,2018-02-17 03:50:51,,snubbull28978,charcoal9438,charcoal9438,False,"['Slowbro', 'Chansey', 'Snorlax']",['Mewtwo'],6,2,0
gen1ubers-404284700,[Gen 1] UBERS,2016-07-23 19:52:15,,icepunch49350,aspearberry45831,aspearberry45831,False,"['Mew', 'Mewtwo', 'Slowbro', 'Zapdos', 'Gengar', 'Snorlax']","['Mewtwo', 'Exeggutor', 'Mew', 'Tauros', 'Zapdos', 'Snorlax']",50,11,9
gen1ubers-912231159,[Gen 1] UBERS,2019-05-19 02:31:38,,rotommow56443,xatu80263,rotommow56443,False,"['Cloyster', 'Tauros', 'Dewgong', 'Dugtrio', 'Hitmonlee', 'Venusaur']","['Ponyta', 'Kangaskhan', 'Tauros', 'Exeggcute', 'Dratini', 'Squirtle']",31,11,8
gen1ubers-715211632,[Gen 1] UBERS,2018-03-09 02:31:10,,aggron60452,poisonbarb30483,aggron60452,True,"['Mew', 'Slowbro', 'Gengar', 'Chansey', 'Snorlax']","['Exeggutor', 'Mew', 'Mewtwo', 'Tauros', 'Gengar', 'Snorlax']",43,12,11
gen1ubers-631777070,[Gen 1] UBERS,2017-09-15 01:55:04,,seviper49285,voltabsorb27887,seviper49285,False,"['Pidgey', 'Pikachu']",['Bulbasaur'],6,1,0
gen1ubers-651461571,[Gen 1] UBERS,2017-10-28 03:56:03,,miltank57341,woodhammer83701,woodhammer83701,False,"['Tangela', 'Gloom', 'Weepinbell']","['Bulbasaur', 'Pikachu', 'Charmander']",23,2,4
smogtours-gen1ubers-608923,[Gen 1] UBERS,2022-02-16 23:14:29,,powdersnow17473,powerherb16934,powerherb16934,False,"['Mewtwo', 'Mew', 'Slowbro', 'Jynx', 'Chansey', 'Snorlax']","['Mew', 'Exeggutor', 'Mewtwo', 'Chansey', 'Snorlax']",64,8,4
smogtours-gen1ubers-839702,[Gen 1] UBERS,2025-05-04 20:32:32,,iceball26708,poisonpowder88566,poisonpowder88566,True,"['Mew', 'Mewtwo', 'Jolteon', 'Tauros', 'Chansey', 'Snorlax']","['Mew', 'Mewtwo', 'Slowbro', 'Jynx', 'Rhydon', 'Articuno']",24,7,8
gen1ubers-928103579,[Gen 1] UBERS,2019-06-14 15:28:08,,sandstorm60527,moldbreaker94005,sandstorm60527,False,"['Gengar', 'Mewtwo', 'Zapdos']","['Cloyster', 'Mewtwo', 'Exeggutor', 'Mew', 'Gengar', 'Snorlax']",35,2,10
gen1ubers-767036398,[Gen 1] UBERS,2018-06-24 21:50:40,,tailwhip2839,sentret8615,tailwhip2839,False,"['Mew', 'Exeggutor', 'Tauros', 'Chansey', 'Snorlax']","['Cloyster', 'Mewtwo', 'Mew', 'Golem', 'Chansey', 'Snorlax']",30,7,7
gen1ubers-923970387,[Gen 1] UBERS,2019-06-07 17:12:01,,stunspore21508,gengarmega41046,gengarmega41046,True,"['Starmie', 'Mew', 'Mewtwo', 'Tauros', 'Zapdos', 'Golem']","['Cloyster', 'Mewtwo', 'Slowbro', 'Mew']",80,11,5
smogtours-gen1ubers-772824,[Gen 1] UBERS,2024-06-08 14:19:55,,drapion2237,fissure61188,fissure61188,False,"['Exeggutor', 'Mew', 'Mewtwo', 'Zapdos', 'Gengar', 'Snorlax']","['Exeggutor', 'Mewtwo', 'Mew', 'Tauros', 'Chansey', 'Snorlax']",39,10,11
gen1ubers-2190529516,[Gen 1] UBERS,2024-08-29 19:47:55,,vacuumwave34959,jumpluff23998,vacuumwave34959,False,"['Mewtwo', 'Exeggutor', 'Aerodactyl', 'Gengar', 'Chansey']","['Mewtwo', 'Exeggutor', 'Mew', 'Gengar', 'Chansey', 'Snorlax']",61,13,19
gen1ubers-785993757,[Gen 1] UBERS,2018-08-04 21:00:42,,krabby97145,lockon50489,lockon50489,False,"['Mewtwo', 'Mew', 'Zapdos', 'Jynx', 'Chansey', 'Snorlax']","['Starmie', 'Mew', 'Mewtwo', 'Exeggutor', 'Tauros', 'Snorlax']",43,17,16
gen1ubers-827294801,[Gen 1] UBERS,2018-11-28 00:57:33,,amnesia63784,onix26883,amnesia63784,False,"['Mew', 'Victreebel', 'Gyarados', 'Golem']","['Kingler', 'Onix', 'Zapdos', 'Tangela', 'Magmar', 'Tentacruel']",36,5,10
gen1ubers-969650538,[Gen 1] UBERS,2019-09-02 02:25:58,,flameorb68301,sableye22069,sableye22069,False,"['Jolteon', 'Gengar', 'Clefable', 'Arcanine', 'Dragonite', 'Blastoise']","['Jolteon', 'Flareon', 'Chansey', 'Alakazam', 'Vaporeon']",53,6,7
gen1ubers-2177539385,[Gen 1] UBERS,2024-08-10 21:04:59,1000,psychocut86526,toxicspikes74725,toxicspikes74725,False,"['Mewtwo', 'Charizard', 'Zapdos', 'Venusaur', 'Gengar', 'Snorlax']","['Mew', 'Mewtwo', 'Jynx', 'Gengar', 'Rhydon']",39,9,8
gen1ubers-763279616,[Gen 1] UBERS,2018-06-16 16:43:37,,rivalry49046,ghost70244,rivalry49046,False,"['Mewtwo', 'Tauros']","['Cloyster', 'Mewtwo', 'Mew', 'Zapdos', 'Rhydon', 'Alakazam']",14,1,7
gen1ubers-724460321,[Gen 1] UBERS,2018-03-28 03:33:25,,gastrodoneast56915,exeggutor28738,gastrodoneast56915,False,"['Lapras', 'Zapdos', 'Snorlax', 'Rhydon', 'Arcanine', 'Alakazam']","['Charizard', 'Jolteon', 'Gengar', 'Alakazam', 'Snorlax', 'Dragonite']",49,9,8
gen1ubers-2292985381,[Gen 1] UBERS,2025-02-02 15:09:13,,cottonspore46659,groudon66048,groudon66048,False,"['Lapras', 'Charizard', 'Tauros', 'Muk', 'Pikachu', 'Snorlax']","['Jolteon', 'Sandslash', 'Victreebel', 'Persian', 'Blastoise']",26,5,5
gen1ubers-984042942,[Gen 1] UBERS,2019-09-29 09:22:44,,needlearm25079,heatwave99438,heatwave99438,True,"['Mew', 'Exeggutor', 'Mewtwo', 'Tauros', 'Slowbro', 'Snorlax']","['Exeggutor', 'Mew', 'Mewtwo', 'Slowbro', 'Jynx', 'Chansey']",47,6,10
gen1ubers-778981105,[Gen 1] UBERS,2018-07-21 13:15:58,,multitype1656,rampardos21396,rampardos21396,False,"['Starmie', 'Jolteon', 'Zapdos', 'Golem', 'Chansey', 'Snorlax']",['Mewtwo'],13,5,0
gen1ubers-851767021,[Gen 1] UBERS,2019-01-21 06:34:56,,delcatty31981,payapaberry50246,payapaberry50246,False,"['Mewtwo', 'Mew', 'Electrode', 'Golem', 'Jynx', 'Chansey']","['Cloyster', 'Mewtwo', 'Mew', 'Jynx', 'Chansey', 'Rhydon']",30,8,9
gen1ubers-1052585543,[Gen 1] UBERS,2020-01-25 19:09:09,,fling91176,leafblade47140,leafblade47140,True,"['Cloyster', 'Mew', 'Mewtwo', 'Gengar', 'Chansey', 'Snorlax']","['Starmie', 'Mew', 'Mewtwo', 'Tauros', 'Chansey', 'Snorlax']",49,10,11
gen1ubers-2177071368,[Gen 1] UBERS,2024-08-10 02:02:39,1089,revenge71921,defensecurl87398,revenge71921,True,"['Vaporeon', 'Chansey', 'Snorlax', 'Tauros']","['Mew', 'Mewtwo', 'Snorlax', 'Tauros']",23,6,5
gen1ubers-1126184866,[Gen 1] UBERS,2020-06-03 19:15:43,,kirlia88480,meteormash7929,kirlia88480,False,"['Starmie', 'Mewtwo']","['Mewtwo', 'Aerodactyl', 'Slowbro', 'Venusaur', 'Arcanine', 'Snorlax']",17,1,7
gen1ubers-1044893966,[Gen 1] UBERS,2020-01-12 05:04:52,,probopass67368,anticipation69983,probopass67368,True,"['Cloyster', 'Charizard', 'Ditto', 'Persian']","['Pidgeot', 'Exeggutor', 'Gyarados', 'Rhydon', 'Arcanine']",14,3,5
gen1ubers-756708778,[Gen 1] UBERS,2018-06-02 21:30:42,,lavaplume94266,persimberry80257,persimberry80257,False,"['Exeggutor', 'Mew', 'Tentacruel', 'Gengar', 'Dragonite', 'Vaporeon']","['Gengar', 'Chansey', 'Mewtwo', 'Alakazam']",39,8,5
gen1ubers-973461618,[Gen 1] UBERS,2019-09-09 19:39:47,,luxray41244,griseousorb25272,griseousorb25272,False,"['Mewtwo', 'Mew', 'Slowbro', 'Gengar', 'Chansey', 'Snorlax']","['Mewtwo', 'Exeggutor', 'Mew', 'Jynx', 'Chansey', 'Snorlax']",72,14,11
gen1ubers-1138328893,[Gen 1] UBERS,2020-06-23 21:47:16,,nomove47433,cheriberry30798,nomove47433,True,"['Mewtwo', 'Tauros', 'Golem', 'Chansey', 'Snorlax']","['Starmie', 'Mew', 'Mewtwo', 'Jolteon', 'Slowbro', 'Snorlax']",42,8,5
smogtours-gen1ubers-592351,[Gen 1] UBERS,2021-11-09 20:07:01,,questionmarks16192,synchronize14428,synchronize14428,False,"['Mew', 'Mewtwo', 'Jolteon', 'Tauros', 'Chansey', 'Snorlax']","['Starmie', 'Mew', 'Exeggutor', 'Mewtwo', 'Chansey', 'Snorlax']",99,17,13
rom-gen1ubers-468256,[Gen 1] UBERS,2018-12-02 18:33:34,,constrict58938,sudowoodo17153,constrict58938,False,"['Mew', 'Exeggutor', 'Snorlax']","['Mew', 'Mewtwo', 'Slowbro', 'Jynx', 'Chansey', 'Snorlax']",21,2,6
smogtours-gen1ubers-802711,[Gen 1] UBERS,2024-10-27 20:38:38,,arceusghost8496,aeroblast8709,aeroblast8709,False,"['Mew', 'Mewtwo', 'Exeggutor', 'Zapdos', 'Chansey', 'Snorlax']","['Mewtwo', 'Mew', 'Slowbro', 'Zapdos', 'Jynx', 'Victreebel']",63,8,13
gen1ubers-809960722,[Gen 1] UBERS,2018-09-23 17:41:36,,raindance50399,delcatty31981,raindance50399,False,"['Starmie', 'Mew', 'Exeggutor', 'Mewtwo', 'Chansey', 'Snorlax']","['Mew', 'Mewtwo', 'Electrode', 'Golem', 'Jynx', 'Chansey']",44,10,14
gen1ubers-1063928515,[Gen 1] UBERS,2020-02-16 00:51:18,,cobaberry64187,crushgrip1719,crushgrip1719,False,"['Lapras', 'Charizard', 'Jolteon', 'Exeggutor', 'Machamp', 'Gengar']","['Starmie', 'Pidgeot', 'Ninetales', 'Electabuzz', 'Rhydon', 'Venusaur']",45,12,12
smogtours-gen1ubers-746505,[Gen 1] UBERS,2024-02-11 10:13:34,,leppaberry17132,rattata90247,rattata90247,False,"['Exeggutor', 'Mew', 'Mewtwo', 'Gengar', 'Chansey', 'Snorlax']","['Mewtwo', 'Mew', 'Chansey', 'Snorlax', 'Rhydon', 'Alakazam']",56,11,9
gen1ubers-2283478643,[Gen 1] UBERS,2025-01-18 15:20:34,,miracleseed66080,present1355,present1355,False,"['Electrode', 'Chansey']",['Electrode'],68,5,0
gen1ubers-1057898468,[Gen 1] UBERS,2020-02-04 20:30:08,,rayquaza17772,dragonfang18239,rayquaza17772,False,"['Starmie', 'Exeggutor', 'Jolteon', 'Gengar', 'Chansey', 'Rhydon']","['Starmie', 'Tauros', 'Gengar', 'Chansey', 'Rhydon', 'Alakazam']",80,27,18
gen1ubers-2264294781,[Gen 1] UBERS,2024-12-16 22:09:24,,steadfast85547,sketch27668,steadfast85547,False,"['Exeggutor', 'Mewtwo', 'Mew', 'Zapdos', 'Gengar', 'Snorlax']","['Mew', 'Exeggutor', 'Mewtwo', 'Tauros', 'Rhydon', 'Snorlax']",41,12,10
smogtours-gen1ubers-707975,[Gen 1] UBERS,2023-08-06 02:05:37,,psn38480,drapion2237,drapion2237,True,"['Mew', 'Mewtwo', 'Chansey', 'Snorlax', 'Alakazam']","['Gengar', 'Chansey', 'Mew', 'Snorlax']",25,10,5
smogtours-gen1ubers-816912,[Gen 1] UBERS,2025-01-30 14:11:33,,wacanberry11962,poisonpowder88566,poisonpowder88566,True,"['Mew', 'Mewtwo', 'Exeggutor', 'Tauros', 'Snorlax', 'Articuno']","['Mew', 'Exeggutor', 'Mewtwo', 'Slowbro', 'Chansey']",57,10,7
gen1ubers-577532796,[Gen 1] UBERS,2017-05-17 10:13:08,,flamethrower61984,hyperbeam72758,flamethrower61984,True,"['Mew', 'Mewtwo', 'Exeggutor', 'Chansey', 'Dragonite']","['Mew', 'Mewtwo', 'Aerodactyl', 'Ditto', 'Rhydon', 'Alakazam']",73,7,12
smogtours-gen1ubers-645594,[Gen 1] UBERS,2022-08-28 19:26:56,,truant84021,cascoon94634,truant84021,True,"['Slowbro', 'Electrode', 'Mewtwo', 'Tauros']","['Exeggutor', 'Mewtwo', 'Tauros', 'Chansey', 'Snorlax']",62,3,6
smogtours-gen1ubers-727091,[Gen 1] UBERS,2023-10-28 19:34:54,,raikou64162,skillswap74981,skillswap74981,False,"['Mewtwo', 'Mew', 'Slowbro', 'Zapdos', 'Gengar', 'Snorlax']","['Starmie', 'Mew', 'Exeggutor', 'Mewtwo', 'Tauros', 'Snorlax']",41,19,16
gen1ubers-2176145745,[Gen 1] UBERS,2024-08-08 18:09:53,1071,quickpowder52632,shaymin79666,shaymin79666,False,"['Mew', 'Exeggutor', 'Lapras', 'Mewtwo', 'Golem', 'Hypno']","['Exeggutor', 'Mewtwo', 'Mew', 'Aerodactyl', 'Chansey', 'Snorlax']",39,12,12
gen1ubers-1054922353,[Gen 1] UBERS,2020-01-30 02:24:25,,blacksludge7920,chargebeam64735,blacksludge7920,True,"['Pidgeot', 'Electrode', 'Hitmonchan', 'Marowak', 'Mr. Mime', 'Dewgong']","['Pidgeot', 'Kabutops', 'Golem', 'Machamp', 'Gengar', 'Alakazam']",26,5,6
gen1ubers-2164817905,[Gen 1] UBERS,2024-07-21 14:39:48,,lickilicky78210,ludicolo79993,lickilicky78210,False,['Electrode'],"['Gengar', 'Electrode', 'Aerodactyl']",42,2,10
gen1ubers-1098490344,[Gen 1] UBERS,2020-04-17 19:53:26,,iceball66917,gigadrain95664,iceball66917,False,"['Gengar', 'Mew', 'Victreebel', 'Jolteon']","['Mew', 'Mewtwo']",26,3,1
smogtours-gen1ubers-522336,[Gen 1] UBERS,2020-10-15 18:23:28,,innerfocus91859,krabby97145,innerfocus91859,False,"['Mewtwo', 'Mew', 'Tauros', 'Gengar', 'Chansey', 'Snorlax']","['Mew', 'Exeggutor', 'Mewtwo', 'Tauros', 'Chansey', 'Snorlax']",135,12,14
gen1ubers-1127474991,[Gen 1] UBERS,2020-06-05 19:55:24,,rotom95030,static32916,rotom95030,False,"['Mew', 'Exeggutor', 'Mewtwo', 'Tauros', 'Chansey', 'Snorlax']","['Mew', 'Mewtwo', 'Tauros', 'Gengar', 'Rhydon', 'Alakazam']",34,7,7
smogtours-gen1ubers-747071,[Gen 1] UBERS,2024-02-12 19:26:24,,buneary67957,aurasphere76841,aurasphere76841,False,"['Mewtwo', 'Exeggutor', 'Mew', 'Tauros', 'Gengar', 'Snorlax']","['Mew', 'Mewtwo', 'Exeggutor', 'Tauros', 'Zapdos', 'Snorlax']",31,9,11
smogtours-gen1ubers-782042,[Gen 1] UBERS,2024-07-23 22:14:41,,fissure61188,icebody51285,fissure61188,True,"['Starmie', 'Mew', 'Mewtwo', 'Exeggutor', 'Snorlax']","['Mewtwo', 'Mew', 'Tauros', 'Gengar', 'Chansey', 'Snorlax']",37,5,11
gen1ubers-572751967,[Gen 1] UBERS,2017-05-07 03:19:55,,miltank57341,woodhammer83701,miltank57341,False,['Kadabra'],['Pikachu'],6,0,0
gen1ubers-512940019,[Gen 1] UBERS,2017-01-07 18:45:51,,ninetales94827,forretress785,ninetales94827,False,"['Starmie', 'Dewgong', 'Lapras', 'Seaking']","['Exeggutor', 'Aerodactyl', 'Machamp', 'Arcanine', 'Alakazam', 'Blastoise']",31,3,7
smogtours-gen1ubers-140199,[Gen 1] UBERS,2016-03-18 23:01:16,,focusenergy12335,quagsire52408,focusenergy12335,False,"['Exeggutor', 'Mew', 'Tauros', 'Slowbro', 'Jynx', 'Chansey']","['Starmie', 'Mew', 'Exeggutor', 'Tauros', 'Golem', 'Chansey']",52,12,16
smogtours-gen1ubers-652596,[Gen 1] UBERS,2022-10-02 19:37:51,,castform97328,mefirst94337,mefirst94337,False,"['Mew', 'Exeggutor', 'Mewtwo', 'Tauros', 'Chansey', 'Snorlax']","['Starmie', 'Mew', 'Mewtwo', 'Chansey', 'Rhydon', 'Snorlax']",55,12,10
gen1ubers-679225764,[Gen 1] UBERS,2017-12-25 04:48:37,,woodhammer83701,miltank57341,miltank57341,False,"['Arcanine', 'Ninetales', 'Rapidash']",['Mewtwo'],27,2,0
smogtours-gen1ubers-706642,[Gen 1] UBERS,2023-07-30 14:46:34,,mareep93864,adaptability45192,mareep93864,True,"['Mewtwo', 'Mew', 'Jolteon', 'Exeggutor', 'Chansey', 'Snorlax']","['Mewtwo', 'Exeggutor', 'Mew', 'Zapdos', 'Gengar', 'Snorlax']",152,38,34
gen1ubers-1141854882,[Gen 1] UBERS,2020-06-29 11:23:36,,fastball91928,tailwhip2839,tailwhip2839,False,"['Mewtwo', 'Mew', 'Slowbro', 'Jynx', 'Chansey', 'Snorlax']","['Mewtwo', 'Exeggutor', 'Tauros', 'Chansey', 'Snorlax']",36,10,10
gen1ubers-2189238574,[Gen 1] UBERS,2024-08-28 00:22:14,,smeargle26218,wartortle32415,smeargle26218,False,['Mewtwo'],['Mewtwo'],6,0,0
gen1ubers-1142743990,[Gen 1] UBERS,2020-06-30 20:11:16,,dugtrio78381,kasibberry98452,kasibberry98452,False,"['Mew', 'Exeggutor', 'Mewtwo', 'Tauros', 'Slowbro', 'Snorlax']","['Exeggutor', 'Mew', 'Mewtwo', 'Slowbro', 'Zapdos', 'Snorlax']",40,11,9
gen1ubers-679228046,[Gen 1] UBERS,2017-12-25 04:53:22,,miltank57341,woodhammer83701,woodhammer83701,False,['Mewtwo'],"['Arcanine', 'Ninetales', 'Rapidash']",15,0,3
gen1ubers-1141200672,[Gen 1] UBERS,2020-06-28 09:28:58,,vibrava62207,drizzle45863,drizzle45863,False,"['Mewtwo', 'Exeggutor', 'Mew', 'Tauros', 'Slowbro', 'Snorlax']","['Mewtwo', 'Mew', 'Exeggutor', 'Slowbro', 'Jynx', 'Chansey']",59,6,7
gen1ubers-1142693944,[Gen 1] UBERS,2020-06-30 18:37:48,,amnesia25800,innerfocus91859,amnesia25800,True,"['Mewtwo', 'Mew', 'Slowbro', 'Gengar', 'Chansey', 'Snorlax']","['Exeggutor', 'Mew', 'Mewtwo', 'Tauros', 'Gengar', 'Snorlax']",26,10,9
smogtours-gen1ubers-820994,[Gen 1] UBERS,2025-02-20 19:02:16,,solarbeam98597,poisonpowder88566,solarbeam98597,True,"['Mewtwo', 'Mew', 'Exeggutor', 'Tauros', 'Snorlax', 'Alakazam']","['Mew', 'Mewtwo', 'Tauros', 'Zapdos', 'Hypno', 'Snorlax']",23,7,7
gen1ubers-2173280922,[Gen 1] UBERS,2024-08-04 14:10:11,1082,smokescreen43213,overheat90409,smokescreen43213,True,"['Exeggutor', 'Mewtwo', 'Mew', 'Golem', 'Chansey', 'Alakazam']","['Mew', 'Mewtwo', 'Exeggutor', 'Slowbro', 'Snorlax']",32,10,6
smogtours-gen1ubers-173504,[Gen 1] UBERS,2016-07-04 20:09:30,,uturn10423,frisk39799,uturn10423,False,"['Mew', 'Exeggutor', 'Mewtwo', 'Chansey', 'Rhydon', 'Snorlax']","['Starmie', 'Mew', 'Exeggutor', 'Mewtwo', 'Chansey', 'Snorlax']",81,13,14
smogtours-gen1ubers-172823,[Gen 1] UBERS,2016-07-02 21:38:02,,zoomlens15496,deepseatooth64025,zoomlens15496,False,"['Exeggutor', 'Mew', 'Jolteon', 'Tauros', 'Gengar', 'Snorlax']","['Cloyster', 'Mewtwo', 'Mew', 'Exeggutor', 'Rhydon', 'Alakazam']",56,12,13
gen1ubers-737200714,[Gen 1] UBERS,2018-04-23 21:37:24,,payback7723,toxicspikes22910,payback7723,True,"['Mewtwo', 'Tauros', 'Slowbro', 'Jynx', 'Chansey', 'Snorlax']","['Exeggutor', 'Mewtwo', 'Tauros', 'Slowbro', 'Chansey', 'Snorlax']",74,12,15
smogtours-gen1ubers-817306,[Gen 1] UBERS,2025-02-01 19:18:40,,azumarill79029,psn38480,azumarill79029,True,"['Mew', 'Mewtwo', 'Exeggutor', 'Tauros', 'Snorlax', 'Articuno']","['Mew', 'Mewtwo', 'Exeggutor', 'Electrode', 'Golem', 'Snorlax']",21,8,7
gen1ubers-2206309170,[Gen 1] UBERS,2024-09-21 03:37:27,,chatot82716,flareon13599,chatot82716,False,"['Starmie', 'Nidoking', 'Victreebel', 'Raichu', 'Snorlax']","['Charizard', 'Slowbro', 'Haunter', 'Snorlax', 'Rhydon', 'Venusaur']",23,4,6
smogtours-gen1ubers-592601,[Gen 1] UBERS,2021-11-12 22:25:41,,megapunch91085,synchronize14428,synchronize14428,True,"['Starmie', 'Mew', 'Mewtwo', 'Tauros', 'Gengar', 'Snorlax']","['Starmie', 'Exeggutor', 'Mewtwo', 'Mew', 'Chansey', 'Snorlax']",33,8,11
gen1ubers-1132842127,[Gen 1] UBERS,2020-06-15 02:31:24,,toxic55160,rockwrecker66890,toxic55160,False,"['Starmie', 'Alakazam', 'Jolteon', 'Snorlax']","['Mew', 'Exeggutor', 'Zapdos', 'Golem', 'Dragonite', 'Blastoise']",20,3,6
smogtours-gen1ubers-807761,[Gen 1] UBERS,2024-11-24 20:06:23,,buneary67957,dark19734,buneary67957,False,"['Starmie', 'Mew', 'Exeggutor', 'Mewtwo', 'Tauros', 'Zapdos']","['Starmie', 'Exeggutor', 'Mew', 'Mewtwo', 'Gengar', 'Snorlax']",34,11,7
smogtours-gen1ubers-707687,[Gen 1] UBERS,2023-08-05 13:43:07,,adaptability45192,mareep93864,adaptability45192,False,"['Mew', 'Mewtwo', 'Exeggutor', 'Zapdos', 'Gengar', 'Snorlax']","['Exeggutor', 'Mewtwo', 'Mew', 'Slowbro', 'Chansey', 'Snorlax']",64,17,18
gen1ubers-397445482,[Gen 1] UBERS,2016-07-09 18:44:33,,flaaffy89634,rabutaberry10289,flaaffy89634,False,"['Mewtwo', 'Lapras', 'Exeggutor', 'Tauros', 'Gengar', 'Snorlax']","['Moltres', 'Gengar', 'Electabuzz', 'Rhydon', 'Venusaur', 'Gyarados']",42,8,6
gen1ubers-665508156,[Gen 1] UBERS,2017-11-27 17:52:09,,metang40467,stickybarb85522,stickybarb85522,False,"['Mewtwo', 'Exeggutor', 'Mew', 'Slowbro', 'Gengar', 'Snorlax']","['Starmie', 'Mew', 'Mewtwo', 'Tauros', 'Snorlax']",44,9,6
smogtours-gen1ubers-669570,[Gen 1] UBERS,2023-01-21 07:40:41,,sandattack94842,drapion2237,sandattack94842,False,"['Mewtwo', 'Mew', 'Slowbro', 'Gengar', 'Chansey', 'Snorlax']","['Mew', 'Mewtwo', 'Slowbro', 'Golem', 'Chansey', 'Snorlax']",72,13,21
rom-gen1ubers-468442,[Gen 1] UBERS,2018-12-02 21:03:53,,constrict58938,sudowoodo17153,constrict58938,False,"['Mew', 'Slowbro', 'Zapdos', 'Chansey', 'Snorlax']","['Mewtwo', 'Mew', 'Slowbro', 'Jynx', 'Chansey', 'Snorlax']",69,4,7
gen1ubers-1131548930,[Gen 1] UBERS,2020-06-12 18:48:08,,sunstone95718,shiftry45359,shiftry45359,False,"['Mewtwo', 'Mew', 'Golem', 'Gengar', 'Chansey', 'Snorlax']","['Lapras', 'Mewtwo', 'Gengar', 'Snorlax', 'Rhydon', 'Venusaur']",82,23,11
gen1ubers-984932841,[Gen 1] UBERS,2019-09-30 22:50:03,,spinarak37151,payback34801,payback34801,True,['Mew'],['Mew'],7,0,0
gen1ubers-911937025,[Gen 1] UBERS,2019-05-18 16:20:16,,arenatrap16080,moltres68234,moltres68234,False,"['Starmie', 'Mewtwo', 'Zapdos', 'Jynx', 'Chansey', 'Rhydon']","['Mewtwo', 'Tauros', 'Zapdos', 'Tangela', 'Alakazam', 'Dragonite']",78,10,12
gen1ubers-1126074196,[Gen 1] UBERS,2020-06-03 15:56:31,,payapaberry78256,scratch69165,payapaberry78256,False,"['Mew', 'Gengar', 'Chansey', 'Alakazam', 'Snorlax']","['Lapras', 'Exeggutor', 'Arcanine', 'Alakazam', 'Dragonite', 'Blastoise']",28,5,7
gen1ubers-756970808,[Gen 1] UBERS,2018-06-03 13:01:54,,persimberry80257,rayquaza10207,persimberry80257,False,"['Chansey', 'Mew', 'Alakazam', 'Snorlax']","['Mewtwo', 'Zapdos', 'Gengar', 'Chansey', 'Rhydon', 'Dragonite']",38,4,7
gen1ubers-2181628518,[Gen 1] UBERS,2024-08-16 23:38:08,1090,aircutter66087,berryjuice11756,berryjuice11756,False,"['Mewtwo', 'Mew', 'Jolteon', 'Jynx', 'Parasect', 'Snorlax']","['Exeggutor', 'Mew', 'Jolteon', 'Mewtwo', 'Slowbro', 'Vaporeon']",50,8,9
smogtours-gen1ubers-653342,[Gen 1] UBERS,2022-10-08 15:41:11,,surskit32262,mamoswine66279,surskit32262,False,"['Mewtwo', 'Mew', 'Tauros', 'Zapdos', 'Chansey', 'Snorlax']","['Mew', 'Mewtwo', 'Zapdos', 'Gengar', 'Chansey', 'Snorlax']",45,10,10
gen1ubers-2181346432,[Gen 1] UBERS,2024-08-16 15:24:04,1046,worryseed5935,onix36835,worryseed5935,True,"['Mew', 'Mewtwo', 'Tauros', 'Gengar', 'Chansey', 'Snorlax']","['Mewtwo', 'Exeggutor', 'Mew', 'Aerodactyl', 'Tauros', 'Chansey']",112,32,30
smogtours-gen1ubers-737394,[Gen 1] UBERS,2024-01-02 23:11:15,,psywave98107,crabhammer6934,crabhammer6934,False,"['Mew', 'Mewtwo', 'Exeggutor', 'Tauros', 'Hypno', 'Snorlax']","['Starmie', 'Exeggutor', 'Mewtwo', 'Mew', 'Tauros', 'Snorlax']",48,7,10
gen1ubers-1128086485,[Gen 1] UBERS,2020-06-06 20:44:07,,sunstone95718,toxic55160,sunstone95718,True,"['Jynx', 'Mewtwo']","['Mew', 'Snorlax', 'Alakazam']",6,1,2
gen1ubers-921085627,[Gen 1] UBERS,2019-06-02 22:23:42,,moldbreaker94005,monferno67099,monferno67099,False,"['Cloyster', 'Mewtwo', 'Exeggutor', 'Tauros', 'Gengar', 'Snorlax']","['Mew', 'Mewtwo', 'Jolteon', 'Chansey', 'Alakazam', 'Snorlax']",33,5,6
gen1ubers-412623362,[Gen 1] UBERS,2016-08-07 17:54:57,,poisonheal42759,zoomlens15496,zoomlens15496,False,"['Exeggutor', 'Mewtwo', 'Mew', 'Gengar', 'Chansey', 'Snorlax']","['Mewtwo', 'Exeggutor', 'Slowbro', 'Snorlax', 'Alakazam']",30,11,8
gen1ubers-759352713,[Gen 1] UBERS,2018-06-08 06:37:24,1000,triplekick49073,delcatty31981,delcatty31981,True,"['Mewtwo', 'Mew', 'Jolteon', 'Tauros', 'Slowbro', 'Jynx']","['Mewtwo', 'Exeggutor', 'Mew', 'Electrode', 'Golem', 'Chansey']",36,8,11
smogtours-gen1ubers-743026,[Gen 1] UBERS,2024-01-28 20:14:00,,arceusghost8496,castform97328,arceusghost8496,False,"['Mewtwo', 'Mew', 'Tauros', 'Zapdos', 'Chansey', 'Rhydon']","['Mew', 'Exeggutor', 'Mewtwo', 'Zapdos', 'Chansey', 'Snorlax']",37,10,16
rom-gen1ubers-496408,[Gen 1] UBERS,2019-02-27 18:44:10,,magmortar63911,sudowoodo17153,magmortar63911,False,"['Mew', 'Mewtwo', 'Exeggutor', 'Slowbro', 'Jynx', 'Chansey']","['Mew', 'Mewtwo', 'Slowbro', 'Jynx', 'Chansey', 'Snorlax']",35,8,11
gen1ubers-2178664877,[Gen 1] UBERS,2024-08-12 16:01:13,1030,flail16617,parasect7600,parasect7600,False,"['Mewtwo', 'Exeggutor', 'Tauros', 'Gengar', 'Chansey', 'Alakazam']","['Gengar', 'Chansey', 'Mew', 'Slowbro']",25,6,3
gen1ubers-827363720,[Gen 1] UBERS,2018-11-28 04:05:58,,tropius17094,babiriberry53499,tropius17094,False,"['Golduck', 'Tauros', 'Electrode', 'Jynx', 'Persian']","['Cloyster', 'Vileplume', 'Dugtrio', 'Hitmonlee', 'Arcanine', 'Vaporeon']",23,4,7
gen1ubers-764109963,[Gen 1] UBERS,2018-06-18 14:08:51,,durinberry49494,naturepower57210,naturepower57210,False,"['Mewtwo', 'Mew', 'Slowbro', 'Gengar', 'Chansey', 'Snorlax']","['Mewtwo', 'Exeggutor', 'Mew', 'Tauros', 'Slowbro', 'Snorlax']",40,12,9
gen1ubers-1137011493,[Gen 1] UBERS,2020-06-21 23:42:00,,delcatty31981,lightscreen63007,delcatty31981,False,"['Mewtwo', 'Mew', 'Electrode', 'Jynx', 'Chansey', 'Snorlax']","['Cloyster', 'Mewtwo', 'Tauros', 'Zapdos', 'Jynx', 'Chansey']",57,13,11
gen1ubers-2142998594,[Gen 1] UBERS,2024-06-14 05:11:26,,onix96263,aeroblast62938,aeroblast62938,False,"['Mewtwo', 'Mew', 'Dodrio', 'Gengar', 'Chansey', 'Snorlax']","['Mew', 'Mewtwo', 'Gengar', 'Chansey', 'Snorlax']",66,13,8
gen1ubers-1130737023,[Gen 1] UBERS,2020-06-11 10:54:06,1000,denpowerwater32473,sunstone95718,sunstone95718,True,"['Starmie', 'Alakazam', 'Zapdos', 'Snorlax']","['Gengar', 'Mewtwo', 'Exeggutor']",22,6,5
gen1ubers-2186347236,[Gen 1] UBERS,2024-08-23 19:56:11,1100,aircutter66087,clefairy72047,clefairy72047,True,"['Mewtwo', 'Mew', 'Jolteon', 'Jynx', 'Snorlax', 'Beedrill']","['Mewtwo', 'Exeggutor', 'Tauros', 'Chansey', 'Snorlax']",38,7,9
gen1ubers-631776174,[Gen 1] UBERS,2017-09-15 01:51:39,,voltabsorb27887,seviper49285,seviper49285,False,"['Pidgey', 'Pikachu']",['Charmander'],6,1,0
smogtours-gen1ubers-820990,[Gen 1] UBERS,2025-02-20 18:40:55,,solarbeam98597,poisonpowder88566,solarbeam98597,True,"['Jynx', 'Snorlax', 'Tauros']","['Exeggutor', 'Mew', 'Mewtwo', 'Tauros', 'Snorlax']",12,3,5
gen1ubers-2129731125,[Gen 1] UBERS,2024-05-24 17:22:12,,calmmind88892,kingdra25969,calmmind88892,False,['Electrode'],"['Electrode', 'Chansey']",54,0,6
gen1ubers-756230265,[Gen 1] UBERS,2018-06-01 20:43:35,1048,blizzard73114,rayquaza10207,rayquaza10207,False,"['Starmie', 'Mew', 'Mewtwo', 'Lapras', 'Tauros', 'Snorlax']","['Chansey', 'Mewtwo']",32,6,2
gen1ubers-690552634,[Gen 1] UBERS,2018-01-18 06:04:50,,woodhammer83701,hypno99223,woodhammer83701,False,"['Scyther', 'Charizard', 'Pikachu', 'Clefable', 'Venusaur']","['Moltres', 'Mew', 'Zapdos', 'Articuno']",42,6,3
rom-gen1ubers-470349,[Gen 1] UBERS,2018-12-04 17:25:20,,constrict58938,sudowoodo17153,constrict58938,False,"['Mew', 'Snorlax', 'Zapdos']","['Mewtwo', 'Mew', 'Slowbro', 'Jynx', 'Chansey', 'Snorlax']",21,2,7
rom-gen1ubers-468246,[Gen 1] UBERS,2018-12-02 18:26:31,,constrict58938,sudowoodo17153,constrict58938,False,"['Exeggutor', 'Mew', 'Slowbro', 'Zapdos', 'Snorlax']","['Mewtwo', 'Mew', 'Slowbro', 'Jynx', 'Chansey', 'Snorlax']",27,4,9
gen1ubers-1125720294,[Gen 1] UBERS,2020-06-03 00:15:51,,extrasensory80648,screech91435,screech91435,False,"['Starmie', 'Mewtwo', 'Exeggutor', 'Tauros', 'Snorlax', 'Dragonite']","['Mewtwo', 'Jolteon', 'Tauros', 'Rhydon', 'Alakazam']",39,8,5
smogtours-gen1ubers-239479,[Gen 1] UBERS,2017-01-26 19:32:44,,blastburn68087,icepunch49350,icepunch49350,False,"['Mewtwo', 'Mew', 'Slowbro', 'Jynx', 'Chansey', 'Snorlax']","['Mewtwo', 'Mew', 'Slowbro', 'Gengar', 'Chansey', 'Victreebel']",50,8,7
gen1ubers-711737009,[Gen 1] UBERS,2018-03-02 05:08:12,,spinarak37151,sacredfire97645,sacredfire97645,True,"['Mewtwo', 'Mew', 'Exeggutor', 'Tauros', 'Gengar', 'Snorlax']","['Slowbro', 'Mewtwo', 'Snorlax', 'Mew']",25,13,5
gen1ubers-1130954772,[Gen 1] UBERS,2020-06-11 18:38:33,,brn80757,petayaberry48144,petayaberry48144,False,"['Starmie', 'Jolteon', 'Golem', 'Gengar', 'Alakazam', 'Articuno']","['Exeggutor', 'Jolteon', 'Tauros', 'Slowbro', 'Snorlax', 'Dragonite']",26,8,9
smogtours-gen1ubers-406135,[Gen 1] UBERS,2018-10-21 19:42:47,,gripclaw81592,battlearmor28944,gripclaw81592,False,"['Mewtwo', 'Exeggutor', 'Mew', 'Tauros', 'Snorlax']","['Exeggutor', 'Mew', 'Mewtwo', 'Tauros', 'Slowbro', 'Snorlax']",31,5,10
gen1ubers-2179618442,[Gen 1] UBERS,2024-08-14 00:07:24,,bug12723,beedrill79854,beedrill79854,False,"['Mew', 'Mewtwo', 'Tauros', 'Slowbro', 'Persian', 'Snorlax']","['Mewtwo', 'Mew', 'Onix', 'Jynx', 'Snorlax', 'Beedrill']",34,12,10
smogtours-gen1ubers-821343,[Gen 1] UBERS,2025-02-22 19:10:32,,psn38480,wacanberry11962,wacanberry11962,True,"['Gengar', 'Mewtwo']","['Chansey', 'Exeggutor', 'Mewtwo']",11,3,3
smogtours-gen1ubers-784797,[Gen 1] UBERS,2024-08-09 02:16:04,,mudsport71981,ponyta53394,ponyta53394,False,"['Cloyster', 'Mewtwo', 'Mew', 'Tauros', 'Gengar', 'Chansey']","['Starmie', 'Mew', 'Mewtwo', 'Exeggutor', 'Zapdos', 'Snorlax']",77,16,16
gen1ubers-1145589944,[Gen 1] UBERS,2020-07-05 16:08:56,,fly50963,physical67369,physical67369,True,"['Mewtwo', 'Mew', 'Porygon', 'Pikachu', 'Snorlax', 'Gastly']","['Cloyster', 'Mewtwo']",16,7,2
gen1ubers-2365316853,[Gen 1] UBERS,2025-05-16 14:49:04,,gluttony57471,skyuppercut1400,gluttony57471,True,"['Exeggutor', 'Mew', 'Mewtwo', 'Tauros', 'Slowbro', 'Snorlax']","['Mewtwo', 'Exeggutor', 'Mew', 'Jynx', 'Chansey', 'Snorlax']",109,16,13
gen1ubers-1048050377,[Gen 1] UBERS,2020-01-17 16:57:32,,tangaberry40464,sonicboom31235,sonicboom31235,False,"['Sandslash', 'Ivysaur', 'Weepinbell', 'Pikachu', 'Charmeleon', 'Golbat']","['Nidoqueen', 'Horsea', 'Gloom', 'Charmeleon', 'Mankey', 'Fearow']",42,14,9
smogtours-gen1ubers-524262,[Gen 1] UBERS,2020-10-25 18:21:16,,iapapaberry79782,focusblast45004,iapapaberry79782,True,"['Starmie', 'Mewtwo', 'Mew', 'Gengar', 'Chansey', 'Snorlax']","['Exeggutor', 'Tauros', 'Gengar', 'Chansey', 'Snorlax']",39,8,14
gen1ubers-1128597381,[Gen 1] UBERS,2020-06-07 19:12:22,,shieldon58011,frustration70250,shieldon58011,True,"['Starmie', 'Mew', 'Mewtwo', 'Tauros', 'Zapdos', 'Chansey']","['Starmie', 'Mewtwo', 'Tauros', 'Aerodactyl', 'Electrode', 'Alakazam']",130,12,8
gen1ubers-757089236,[Gen 1] UBERS,2018-06-03 18:15:44,1059,raikou73006,conversion222171,conversion222171,False,"['Kingler', 'Aerodactyl', 'Electrode', 'Golem', 'Parasect', 'Snorlax']","['Exeggutor', 'Mew', 'Slowbro', 'Gengar', 'Chansey']",30,8,6
gen1ubers-768515565,[Gen 1] UBERS,2018-06-28 03:37:14,,omanyte32769,naturepower57210,omanyte32769,False,"['Mew', 'Mewtwo', 'Electrode', 'Hypno', 'Alakazam']","['Mew', 'Mewtwo', 'Exeggutor', 'Tauros', 'Slowbro', 'Snorlax']",131,5,8
smogtours-gen1ubers-174675,[Gen 1] UBERS,2016-07-09 17:02:59,,poisonheal42759,solarpower3830,solarpower3830,True,"['Mewtwo', 'Exeggutor', 'Mew', 'Jynx', 'Chansey', 'Snorlax']","['Cloyster', 'Starmie', 'Mewtwo', 'Mew', 'Chansey', 'Snorlax']",91,12,16
gen1ubers-2184722215,[Gen 1] UBERS,2024-08-21 15:15:24,1013,shedshell34421,aircutter66087,aircutter66087,True,"['Mewtwo', 'Exeggutor', 'Mew', 'Tauros', 'Chansey', 'Snorlax']","['Mewtwo', 'Mew', 'Jolteon', 'Beedrill', 'Jynx', 'Snorlax']",34,6,5
gen1ubers-2178789227,[Gen 1] UBERS,2024-08-12 19:29:50,1000,gloom24666,leafeon79939,gloom24666,True,"['Mew', 'Zapdos', 'Gengar', 'Chansey', 'Snorlax']","['Cloyster', 'Mew', 'Mewtwo', 'Gengar', 'Chansey', 'Alakazam']",30,17,6
gen1ubers-2175797445,[Gen 1] UBERS,2024-08-08 05:08:11,1000,tailwind1994,dracometeor21038,tailwind1994,False,"['Exeggutor', 'Mew', 'Mewtwo', 'Gengar', 'Chansey', 'Snorlax']","['Exeggutor', 'Mewtwo', 'Mew', 'Slowbro', 'Chansey', 'Snorlax']",72,9,14
smogtours-gen1ubers-674464,[Gen 1] UBERS,2023-02-11 23:17:51,,special6978,recover74685,special6978,False,"['Mew', 'Mewtwo', 'Slowbro', 'Chansey', 'Snorlax', 'Alakazam']","['Mewtwo', 'Mew', 'Zapdos', 'Gengar', 'Chansey', 'Snorlax']",34,9,10
gen1ubers-1044899360,[Gen 1] UBERS,2020-01-12 05:21:12,,anticipation69983,milotic22134,anticipation69983,True,"['Exeggutor', 'Gyarados', 'Rhydon', 'Arcanine', 'Alakazam']","['Venomoth', 'Ninetales', 'Butterfree', 'Primeape', 'Blastoise']",13,4,5
gen1ubers-2171461767,[Gen 1] UBERS,2024-08-01 17:55:43,1109,aurasphere76841,klutz90989,klutz90989,False,"['Mewtwo', 'Exeggutor', 'Mew', 'Tauros', 'Rhydon', 'Snorlax']","['Exeggutor', 'Mew', 'Mewtwo', 'Slowbro', 'Jynx', 'Chansey']",39,11,9
gen1ubers-889347847,[Gen 1] UBERS,2019-04-08 15:42:11,,tailwhip2839,wobbuffet91754,tailwhip2839,False,"['Exeggutor', 'Mewtwo', 'Snorlax', 'Tauros']","['Mewtwo', 'Mew', 'Slowbro', 'Gengar', 'Chansey', 'Snorlax']",32,6,10
gen1ubers-1140867979,[Gen 1] UBERS,2020-06-27 19:47:33,,nomelberry77348,steelwing61145,nomelberry77348,False,"['Exeggutor', 'Mew', 'Slowbro', 'Zapdos', 'Snorlax']","['Cloyster', 'Lapras', 'Mewtwo', 'Jolteon', 'Gengar', 'Snorlax']",36,7,9
smogtours-gen1ubers-779856,[Gen 1] UBERS,2024-07-13 15:34:53,,fissure61188,mareep93864,fissure61188,True,"['Mewtwo', 'Exeggutor', 'Tauros', 'Gengar', 'Snorlax']","['Mew', 'Mewtwo', 'Exeggutor', 'Tauros', 'Rhydon', 'Snorlax']",37,8,10
gen1ubers-835792696,[Gen 1] UBERS,2018-11-15 06:24:07,,altaria73202,granbull68030,granbull68030,True,['Slowbro'],['Tauros'],6,0,0
gen1ubers-2314039400,[Gen 1] UBERS,2025-03-06 22:37:18,,stickyhold83870,sneasel14451,stickyhold83870,False,"['Poliwhirl', 'Drowzee', 'Dragonair', 'Haunter']","['Graveler', 'Haunter', 'Ivysaur', 'Wartortle', 'Drowzee', 'Charmeleon']",22,3,7
gen1ubers-1026803057,[Gen 1] UBERS,2019-12-10 04:59:18,,tailwhip2839,arenatrap27623,tailwhip2839,False,"['Mewtwo', 'Exeggutor', 'Mew', 'Tauros', 'Chansey', 'Snorlax']","['Mewtwo', 'Exeggutor', 'Mew', 'Tauros', 'Slowbro', 'Snorlax']",94,16,16
smogtours-gen1ubers-840095,[Gen 1] UBERS,2025-05-06 18:14:37,,poisonpowder88566,unknownitem77688,unknownitem77688,True,"['Mew', 'Mewtwo', 'Slowbro', 'Jynx', 'Rhydon', 'Articuno']","['Starmie', 'Mew', 'Mewtwo', 'Chansey', 'Rhydon', 'Snorlax']",41,8,13
gen1ubers-1129495062,[Gen 1] UBERS,2020-06-09 05:17:21,1238,sunstone95718,amnesia25800,sunstone95718,True,"['Exeggutor', 'Mewtwo', 'Mew', 'Gengar', 'Snorlax']","['Mew', 'Exeggutor', 'Mewtwo', 'Tauros', 'Chansey', 'Snorlax']",62,11,13
gen1ubers-1146969442,[Gen 1] UBERS,2020-07-07 20:27:44,,hardstone38877,sniper37374,hardstone38877,False,"['Pidgeot', 'Gyarados', 'Rhydon', 'Arcanine', 'Alakazam']","['Lapras', 'Charizard', 'Snorlax', 'Pikachu', 'Venusaur', 'Blastoise']",25,5,8
gen1ubers-2213080814,[Gen 1] UBERS,2024-09-30 20:40:12,,greatball86069,gible45423,greatball86069,False,"['Starmie', 'Exeggutor', 'Tauros', 'Jynx', 'Persian', 'Alakazam']","['Starmie', 'Exeggutor', 'Tauros', 'Snorlax', 'Rhydon', 'Alakazam']",51,8,16
gen1ubers-2095258563,[Gen 1] UBERS,2024-04-03 17:56:59,,aurasphere76841,vileplume92177,aurasphere76841,False,"['Starmie', 'Mew', 'Exeggutor', 'Tauros', 'Chansey', 'Snorlax']","['Mew', 'Exeggutor', 'Jolteon', 'Tauros', 'Chansey', 'Snorlax']",42,11,7
gen1ubers-1148260101,[Gen 1] UBERS,2020-07-09 22:24:52,,rotom95030,gunkshot9424,rotom95030,False,"['Mewtwo', 'Mew', 'Exeggutor', 'Gengar', 'Chansey', 'Snorlax']","['Mewtwo', 'Mew', 'Slowbro', 'Jynx', 'Chansey', 'Snorlax']",167,30,36
smogtours-gen1ubers-653495,[Gen 1] UBERS,2022-10-08 20:19:57,,synchronize14428,castform97328,synchronize14428,False,"['Starmie', 'Mew', 'Mewtwo', 'Porygon', 'Victreebel', 'Snorlax']","['Moltres', 'Mew', 'Exeggutor', 'Mewtwo', 'Chansey', 'Snorlax']",122,10,10
smogtours-gen1ubers-176698,[Gen 1] UBERS,2016-07-17 05:47:45,,innerfocus91859,dragonfang69245,innerfocus91859,True,"['Mewtwo', 'Slowbro', 'Jynx', 'Chansey', 'Snorlax']","['Starmie', 'Mewtwo', 'Mew', 'Jynx', 'Chansey', 'Snorlax']",46,5,8
smogtours-gen1ubers-142438,[Gen 1] UBERS,2016-03-23 22:19:36,,par84481,nidorina47996,par84481,False,"['Exeggutor', 'Mew', 'Tauros', 'Jynx', 'Chansey', 'Snorlax']","['Exeggutor', 'Mew', 'Tauros', 'Chansey', 'Rhydon', 'Snorlax']",32,7,8
violetversion-gen1ubers-2494,[Gen 1] UBERS,2016-10-12 18:32:17,,oddincense72660,psn38480,psn38480,False,"['Mewtwo', 'Exeggutor', 'Mew', 'Tauros', 'Gengar', 'Snorlax']","['Exeggutor', 'Mewtwo', 'Mew', 'Aerodactyl', 'Slowbro', 'Jynx']",64,9,11
gen1ubers-1044886093,[Gen 1] UBERS,2020-01-12 04:43:12,,shadowforce6776,venonat8901,shadowforce6776,True,"['Lapras', 'Rapidash', 'Rhydon', 'Snorlax', 'Dragonite']","['Ninetales', 'Pinsir', 'Gengar', 'Electabuzz', 'Snorlax', 'Blastoise']",23,4,5
gen1ubers-651477143,[Gen 1] UBERS,2017-10-28 05:04:17,,woodhammer83701,miltank57341,woodhammer83701,False,"['Pidgeotto', 'Bulbasaur', 'Squirtle']","['Machamp', 'Rhydon', 'Kingler']",35,3,2
gen1ubers-817677572,[Gen 1] UBERS,2018-10-09 12:20:26,,dreameater92850,bronzong21778,bronzong21778,False,"['Mewtwo', 'Exeggutor', 'Mew', 'Zapdos', 'Jynx', 'Snorlax']","['Exeggutor', 'Mew', 'Mewtwo', 'Tauros']",16,9,3
smogtours-gen1ubers-702320,[Gen 1] UBERS,2023-07-09 20:30:13,,psn38480,deoxysdefense78874,psn38480,True,"['Mew', 'Mewtwo', 'Tauros', 'Chansey', 'Snorlax', 'Alakazam']","['Mewtwo', 'Mew', 'Slowbro', 'Gengar', 'Chansey', 'Snorlax']",51,14,12
gen1ubers-2157952952,[Gen 1] UBERS,2024-07-09 17:03:53,,lickilicky78210,machamp44590,machamp44590,False,"['Electrode', 'Chansey']",['Electrode'],59,40,0
smogtours-gen1ubers-670615,[Gen 1] UBERS,2023-01-25 21:08:53,,ironhead21066,deoxysdefense78874,deoxysdefense78874,False,"['Mewtwo', 'Exeggutor', 'Mew', 'Slowbro', 'Zapdos', 'Snorlax']","['Mew', 'Exeggutor', 'Mewtwo', 'Tauros', 'Chansey', 'Snorlax']",29,8,9
smogtours-gen1ubers-747403,[Gen 1] UBERS,2024-02-15 02:38:03,,hypnosis24434,loveball86419,hypnosis24434,False,"['Exeggutor', 'Mew', 'Gengar', 'Chansey', 'Snorlax']","['Mew', 'Mewtwo', 'Jolteon', 'Tauros', 'Chansey', 'Snorlax']",18,7,9
rom-gen1ubers-379106,[Gen 1] UBERS,2018-08-22 03:00:46,,helpinghand51132,sudowoodo17153,helpinghand51132,False,"['Slowbro', 'Mew', 'Snorlax', 'Zapdos']","['Mewtwo', 'Mew', 'Slowbro', 'Jynx', 'Chansey', 'Snorlax']",38,4,8
gen1ubers-2176739666,[Gen 1] UBERS,2024-08-09 15:42:36,1146,scyther94393,infernape89990,infernape89990,True,"['Exeggutor', 'Mewtwo', 'Mew', 'Tauros', 'Electrode', 'Golem']","['Mewtwo', 'Mew', 'Tauros', 'Gengar', 'Chansey', 'Snorlax']",30,9,11
gen1ubers-2372338223,[Gen 1] UBERS,2025-05-26 17:08:03,,ledyba46914,poliwrath3176,ledyba46914,False,"['Cloyster', 'Mewtwo', 'Mew', 'Tauros', 'Jynx', 'Snorlax']","['Starmie', 'Mew', 'Exeggutor', 'Mewtwo', 'Tauros', 'Snorlax']",24,10,11
smogtours-gen1ubers-142430,[Gen 1] UBERS,2016-03-23 22:11:33,,nidorina47996,par84481,par84481,False,"['Exeggutor', 'Mew', 'Tauros', 'Chansey', 'Rhydon', 'Snorlax']","['Exeggutor', 'Mew', 'Tauros', 'Jynx', 'Chansey', 'Snorlax']",51,14,11
gen1ubers-825625642,[Gen 1] UBERS,2018-10-25 21:30:20,,return265,tailwhip2839,tailwhip2839,False,"['Exeggutor', 'Tauros', 'Zapdos', 'Chansey', 'Snorlax', 'Alakazam']","['Starmie', 'Exeggutor', 'Mew', 'Tauros', 'Chansey', 'Snorlax']",37,12,13
smogtours-gen1ubers-584607,[Gen 1] UBERS,2021-10-08 19:46:55,,payday74254,innerfocus91859,innerfocus91859,False,"['Mew', 'Mewtwo', 'Tauros', 'Chansey', 'Rhydon', 'Snorlax']","['Mew', 'Exeggutor', 'Jolteon', 'Mewtwo', 'Chansey', 'Snorlax']",173,14,9
gen1ubers-786223909,[Gen 1] UBERS,2018-08-05 09:13:24,,rage81487,tailwhip2839,rage81487,False,"['Mewtwo', 'Exeggutor', 'Mew', 'Tauros', 'Slowbro', 'Snorlax']","['Mewtwo', 'Exeggutor', 'Mew', 'Tauros', 'Chansey', 'Snorlax']",40,8,8
smogtours-gen1ubers-652175,[Gen 1] UBERS,2022-10-01 22:23:08,,synchronize14428,slam94785,synchronize14428,True,"['Exeggutor', 'Mewtwo', 'Mew', 'Gengar', 'Chansey', 'Snorlax']","['Mew', 'Mewtwo', 'Exeggutor', 'Tauros', 'Chansey', 'Snorlax']",159,26,33
smogtours-gen1ubers-654035,[Gen 1] UBERS,2022-10-09 19:21:08,,iceball26708,mefirst94337,mefirst94337,True,"['Starmie', 'Mewtwo', 'Mew', 'Slowbro', 'Chansey', 'Snorlax']","['Mew', 'Exeggutor', 'Mewtwo', 'Tauros', 'Chansey', 'Snorlax']",27,9,9
smogtours-gen1ubers-744664,[Gen 1] UBERS,2024-02-04 04:35:37,,chuspikyeared66431,mudsport71981,mudsport71981,True,"['Mew', 'Mewtwo', 'Tauros', 'Slowbro', 'Chansey', 'Snorlax']","['Mewtwo', 'Exeggutor', 'Mew', 'Tauros', 'Slowbro', 'Snorlax']",62,14,12
gen1ubers-689244694,[Gen 1] UBERS,2018-01-15 17:12:23,,klutz71084,dark77821,klutz71084,True,"['Jynx', 'Chansey', 'Mewtwo']","['Mew', 'Exeggutor', 'Tauros', 'Chansey', 'Snorlax']",30,3,5
smogtours-gen1ubers-676543,[Gen 1] UBERS,2023-02-19 22:23:09,,castform97328,drought77787,castform97328,False,"['Mew', 'Tauros', 'Chansey', 'Snorlax', 'Alakazam']","['Mewtwo', 'Mew', 'Zapdos', 'Gengar', 'Chansey', 'Snorlax']",66,14,20
rom-gen1ubers-539540,[Gen 1] UBERS,2019-04-16 22:46:29,,constrict58938,sudowoodo17153,constrict58938,False,"['Mew', 'Snorlax']","['Mewtwo', 'Mew', 'Slowbro', 'Jynx', 'Chansey', 'Snorlax']",13,1,7
gen1ubers-938935536,[Gen 1] UBERS,2019-07-03 11:00:14,,drapion2237,garchomp36911,garchomp36911,False,"['Mewtwo', 'Exeggutor', 'Mew', 'Slowbro', 'Gengar', 'Snorlax']","['Mewtwo', 'Mew', 'Slowbro', 'Gengar', 'Chansey', 'Snorlax']",85,28,20
gen1ubers-549584126,[Gen 1] UBERS,2017-03-19 16:49:11,,golem95958,leppaberry98093,leppaberry98093,False,['Mew'],"['Lapras', 'Alakazam']",7,0,1
violetversion-gen1ubers-2267,[Gen 1] UBERS,2016-08-21 18:53:30,,aspearberry45831,zoomlens15496,aspearberry45831,False,"['Mew', 'Exeggutor', 'Mewtwo', 'Zapdos', 'Jynx', 'Snorlax']","['Mewtwo', 'Mew', 'Slowbro', 'Gengar', 'Chansey', 'Snorlax']",63,16,14
gen1ubers-2333910821,[Gen 1] UBERS,2025-04-02 21:31:13,,whismur97881,calmmind96420,whismur97881,False,"['Altaria', 'Claydol', 'Cyclohm', 'Dhelmise', 'Hitmontop', 'Clefable']","['Samurott-Hisui', 'Aerodactyl-Mega', 'Cyclizar', 'Crucibelle', 'Hemogoblin', 'Polteageist']",43,10,16
gen1ubers-2158570788,[Gen 1] UBERS,2024-07-10 17:50:57,,lowkick56044,ironplate48112,ironplate48112,True,"['Cloyster', 'Exeggutor', 'Gengar', 'Rhydon', 'Snorlax', 'Dragonite']","['Lapras', 'Charizard', 'Jolteon', 'Venusaur', 'Blastoise']",27,10,4
gen1ubers-850893758,[Gen 1] UBERS,2019-01-19 06:08:12,,sacredfire97645,arceusground72746,arceusground72746,True,"['Mewtwo', 'Lapras', 'Jynx', 'Chansey', 'Snorlax', 'Articuno']","['Jynx', 'Chansey', 'Mew', 'Mewtwo']",56,6,7
gen1ubers-2181589575,[Gen 1] UBERS,2024-08-16 22:11:59,,golduck77039,leafeon53300,leafeon53300,False,"['Electrode', 'Dodrio']",['Electrode'],34,5,1
gen1ubers-1041653753,[Gen 1] UBERS,2020-01-06 03:43:03,,wikiberry46448,nevermeltice88145,nevermeltice88145,False,"['Mew', 'Mewtwo', 'Tauros', 'Chansey', 'Rhydon', 'Snorlax']","['Mew', 'Mewtwo', 'Charizard', 'Arcanine', 'Snorlax', 'Dragonite']",31,7,6
gen1ubers-523558580,[Gen 1] UBERS,2017-01-26 03:20:02,,miltank57341,woodhammer83701,miltank57341,False,"['Pidgeot', 'Alakazam']","['Ponyta', 'Growlithe', 'Arcanine', 'Rapidash']",23,1,3
gen1ubers-769278361,[Gen 1] UBERS,2018-06-29 22:03:35,,laggingtail57964,nomelberry7583,laggingtail57964,False,"['Gengar', 'Mewtwo', 'Mew', 'Exeggutor']","['Mew', 'Exeggutor', 'Mewtwo', 'Slowbro', 'Zapdos', 'Snorlax']",19,4,5
smogtours-gen1ubers-669571,[Gen 1] UBERS,2023-01-21 07:46:00,,sandattack94842,drapion2237,drapion2237,False,"['Mewtwo', 'Mew', 'Tauros', 'Slowbro', 'Chansey', 'Snorlax']","['Mew', 'Mewtwo', 'Zapdos', 'Gengar', 'Chansey', 'Snorlax']",51,12,12
gen1ubers-941157443,[Gen 1] UBERS,2019-07-07 19:10:58,,par74961,chlorophyll17166,chlorophyll17166,True,"['Mewtwo', 'Lapras', 'Zapdos', 'Golem', 'Gengar', 'Arcanine']","['Starmie', 'Jolteon', 'Tauros', 'Gengar', 'Alakazam']",28,5,5
gen1ubers-1137652394,[Gen 1] UBERS,2020-06-22 22:21:01,,gunkshot16383,choiceband48472,choiceband48472,True,"['Cloyster', 'Jolteon', 'Chansey', 'Victreebel', 'Rhydon', 'Alakazam']","['Starmie', 'Exeggutor', 'Slowbro', 'Golem', 'Chansey', 'Persian']",53,11,15
gen1ubers-1096943318,[Gen 1] UBERS,2020-04-15 04:59:41,,innerfocus81519,whiteherb80133,innerfocus81519,False,"['Lapras', 'Jolteon', 'Gengar', 'Chansey', 'Alakazam', 'Snorlax']","['Lapras', 'Charizard', 'Jolteon', 'Victreebel', 'Alakazam', 'Dragonite']",90,5,10
gen1ubers-1137304962,[Gen 1] UBERS,2020-06-22 12:17:07,,roselia30851,mail98447,roselia30851,False,"['Starmie', 'Mewtwo', 'Mew', 'Zapdos', 'Golem', 'Snorlax']","['Exeggutor', 'Mewtwo', 'Mew', 'Slowbro', 'Jynx', 'Chansey']",69,16,7
gen1ubers-814147546,[Gen 1] UBERS,2018-10-02 04:44:44,,leer80748,shedinja30373,shedinja30373,True,"['Mew', 'Mewtwo', 'Exeggutor', 'Tauros', 'Slowbro', 'Snorlax']","['Exeggutor', 'Mew', 'Mewtwo', 'Slowbro', 'Jynx', 'Chansey']",91,8,8
gen1ubers-739732169,[Gen 1] UBERS,2018-04-29 01:35:27,,eevee75445,drifblim84361,drifblim84361,True,"['Pidgeotto', 'Nidoking', 'Pikachu', 'Slowpoke', 'Primeape', 'Charmeleon']","['Voltorb', 'Jolteon', 'Raichu', 'Electabuzz', 'Magnemite']",24,7,6
smogtours-gen1ubers-655083,[Gen 1] UBERS,2022-10-15 20:06:25,,arceusghost8496,iceball26708,arceusghost8496,False,"['Mew', 'Exeggutor', 'Mewtwo', 'Slowbro', 'Poliwrath', 'Snorlax']","['Mew', 'Exeggutor', 'Mewtwo', 'Zapdos', 'Chansey', 'Snorlax']",89,13,16
gen1ubers-1054390750,[Gen 1] UBERS,2020-01-29 02:58:27,,insectplate41158,shucaberry34883,shucaberry34883,True,"['Rhydon', 'Chansey', 'Jolteon', 'Dragonite']","['Tangela', 'Kabutops']",15,3,1
gen1ubers-743911862,[Gen 1] UBERS,2018-05-07 18:20:34,,waveincense13917,drifblim73821,drifblim73821,False,"['Exeggutor', 'Mew', 'Mewtwo', 'Tauros', 'Slowbro', 'Snorlax']","['Exeggutor', 'Mew', 'Mewtwo', 'Tauros', 'Gengar', 'Snorlax']",44,10,9
gen1ubers-832893109,[Gen 1] UBERS,2018-12-09 02:03:16,,machamp44590,closecombat31426,machamp44590,True,['Electrode'],"['Chansey', 'Mewtwo', 'Tauros']",19,0,2
gen1ubers-1127603371,[Gen 1] UBERS,2020-06-06 00:07:35,,weezing45181,nomove47433,nomove47433,True,"['Exeggutor', 'Mewtwo', 'Mew', 'Jynx', 'Chansey']","['Jynx', 'Chansey', 'Mewtwo']",37,5,4
gen1ubers-2121550395,[Gen 1] UBERS,2024-05-10 00:34:39,,stunspore7104,chansey50342,stunspore7104,True,"['Chansey', 'Jolteon']","['Mew', 'Mewtwo', 'Alakazam']",5,2,4
gen1ubers-920597675,[Gen 1] UBERS,2019-06-02 01:56:38,,moldbreaker94005,spacialrend3246,spacialrend3246,False,"['Cloyster', 'Exeggutor', 'Mewtwo', 'Tauros', 'Gengar', 'Snorlax']","['Mewtwo', 'Lapras', 'Jolteon', 'Gengar', 'Snorlax', 'Alakazam']",39,12,9
rom-gen1ubers-468365,[Gen 1] UBERS,2018-12-02 20:42:43,,constrict58938,sudowoodo17153,constrict58938,False,"['Mew', 'Exeggutor', 'Snorlax', 'Zapdos']","['Mew', 'Mewtwo', 'Slowbro', 'Jynx', 'Chansey', 'Snorlax']",25,3,8
smogtours-gen1ubers-703689,[Gen 1] UBERS,2023-07-16 15:37:45,,fissure61188,cascoon94634,fissure61188,True,"['Mew', 'Mewtwo', 'Zapdos', 'Gengar', 'Chansey', 'Snorlax']","['Mewtwo', 'Mew', 'Tauros', 'Gengar', 'Chansey', 'Snorlax']",52,11,14
smogtours-gen1ubers-700606,[Gen 1] UBERS,2023-07-02 13:48:12,,powerherb16934,drapion2237,powerherb16934,True,"['Mew', 'Mewtwo', 'Tauros', 'Chansey', 'Snorlax', 'Alakazam']","['Exeggutor', 'Mewtwo', 'Mew', 'Chansey', 'Snorlax', 'Alakazam']",41,16,12
smogtours-gen1ubers-739195,[Gen 1] UBERS,2024-01-14 15:02:42,,mareep93864,sacredfire89193,mareep93864,False,"['Mewtwo', 'Exeggutor', 'Mew', 'Slowbro', 'Zapdos', 'Snorlax']","['Mew', 'Mewtwo', 'Jolteon', 'Exeggutor', 'Tauros', 'Snorlax']",38,10,17
gen1ubers-831192353,[Gen 1] UBERS,2018-11-06 02:35:22,,tailwhip2839,stormdrain73941,tailwhip2839,False,"['Mew', 'Exeggutor', 'Tauros', 'Chansey', 'Snorlax']","['Mew', 'Mewtwo', 'Tauros', 'Slowbro', 'Chansey', 'Snorlax']",38,5,14
gen1ubers-906330895,[Gen 1] UBERS,2019-05-08 22:31:34,,rest20747,tropius17094,tropius17094,False,"['Starmie', 'Jolteon', 'Graveler', 'Clefable', 'Venusaur', 'Articuno']","['Tauros', 'Electrode', 'Dodrio', 'Jynx', 'Persian', 'Snorlax']",37,10,12
gen1ubers-781689747,[Gen 1] UBERS,2018-07-26 22:25:02,,raindance50399,dratini7919,raindance50399,False,"['Starmie', 'Mew', 'Exeggutor', 'Mewtwo', 'Chansey', 'Snorlax']","['Moltres', 'Mew', 'Mewtwo', 'Charizard', 'Zapdos', 'Articuno']",24,6,5
smogtours-gen1ubers-781547,[Gen 1] UBERS,2024-07-21 13:43:57,,mareep93864,drapion2237,drapion2237,False,"['Mewtwo', 'Exeggutor', 'Mew', 'Tauros', 'Gengar', 'Snorlax']","['Mewtwo', 'Exeggutor', 'Mew', 'Golem', 'Jynx', 'Snorlax']",22,8,7
gen1ubers-257407703,[Gen 1] UBERS,2015-08-09 04:14:13,,articuno30599,innerfocus91859,articuno30599,True,"['Mewtwo', 'Mew', 'Slowbro', 'Jynx', 'Chansey', 'Snorlax']","['Mewtwo', 'Mew', 'Slowbro', 'Jynx', 'Chansey', 'Snorlax']",176,34,40
gen1ubers-2066932648,[Gen 1] UBERS,2024-02-24 23:52:45,,hydration14831,gorebyss2916,hydration14831,False,['Electrode'],"['Electrode', 'Chansey']",50,0,15
smogtours-gen1ubers-776007,[Gen 1] UBERS,2024-06-22 17:03:10,,buneary67957,onix23031,onix23031,False,"['Mewtwo', 'Exeggutor', 'Mew', 'Tauros', 'Gengar', 'Snorlax']","['Mewtwo', 'Mew', 'Sandslash', 'Zapdos', 'Gengar', 'Snorlax']",41,11,9
smogtours-gen1ubers-521203,[Gen 1] UBERS,2020-10-08 19:31:40,,judgment88768,naturalcure76962,naturalcure76962,False,"['Mewtwo', 'Mew', 'Zapdos', 'Jynx', 'Chansey', 'Snorlax']","['Gengar', 'Exeggutor', 'Mewtwo', 'Slowbro']",36,10,3
rom-gen1ubers-468516,[Gen 1] UBERS,2018-12-02 21:52:56,,constrict58938,sudowoodo17153,constrict58938,False,"['Mew', 'Mewtwo', 'Slowbro', 'Zapdos', 'Chansey', 'Snorlax']","['Mewtwo', 'Mew', 'Slowbro', 'Jynx', 'Chansey', 'Snorlax']",53,5,9
smogtours-gen1ubers-698444,[Gen 1] UBERS,2023-06-22 01:28:47,,aquaring89206,magnetpull75337,aquaring89206,True,"['Mewtwo', 'Mew', 'Sandslash', 'Gengar', 'Chansey', 'Snorlax']","['Exeggutor', 'Mew', 'Slowbro', 'Jynx', 'Chansey']",49,9,9
gen1ubers-1012332360,[Gen 1] UBERS,2019-11-19 03:31:20,,innerfocus91859,tailwhip2839,innerfocus91859,False,"['Exeggutor', 'Mewtwo', 'Mew', 'Tauros', 'Gengar', 'Snorlax']","['Mewtwo', 'Exeggutor', 'Mew', 'Tauros', 'Chansey', 'Snorlax']",33,10,12
smogtours-gen1ubers-723983,[Gen 1] UBERS,2023-10-15 17:10:47,,iceball26708,rotomfrost70290,rotomfrost70290,True,"['Mew', 'Exeggutor', 'Mewtwo', 'Tauros', 'Chansey', 'Snorlax']","['Mewtwo', 'Mew', 'Slowbro', 'Zapdos', 'Gengar', 'Snorlax']",43,12,9
gen1ubers-2164975151,[Gen 1] UBERS,2024-07-21 20:27:37,,pikachu2737,honeygather83933,honeygather83933,False,"['Mew', 'Mewtwo', 'Slowbro', 'Snorlax', 'Persian', 'Alakazam']","['Mew', 'Mewtwo', 'Jolteon', 'Chansey', 'Clefable']",42,5,4
gen1ubers-873543332,[Gen 1] UBERS,2019-03-09 12:43:35,,vulpix30639,watmelberry28121,watmelberry28121,False,"['Mewtwo', 'Charizard', 'Mew', 'Zapdos', 'Chansey', 'Articuno']","['Starmie', 'Exeggutor', 'Jolteon', 'Golem', 'Gengar']",43,11,4
gen1ubers-699766303,[Gen 1] UBERS,2018-02-06 01:35:39,,woodhammer83701,miltank57341,miltank57341,False,"['Aerodactyl', 'Poliwrath', 'Pikachu', 'Ivysaur', 'Gyarados', 'Snorlax']","['Voltorb', 'Magneton', 'Electrode', 'Electabuzz', 'Raichu']",26,7,6
gen1ubers-813806430,[Gen 1] UBERS,2018-10-01 14:13:59,,ledyba85048,timerball61189,ledyba85048,False,"['Mew', 'Electrode', 'Chansey', 'Alakazam', 'Gyarados', 'Snorlax']","['Mewtwo', 'Tauros', 'Golem', 'Gengar', 'Chansey', 'Dragonite']",38,6,5
smogtours-gen1ubers-775518,[Gen 1] UBERS,2024-06-18 00:35:49,,aeroblast62938,electabuzz37326,electabuzz37326,True,"['Mewtwo', 'Mew', 'Slowbro', 'Gengar', 'Chansey', 'Snorlax']","['Mew', 'Exeggutor', 'Mewtwo', 'Tauros', 'Alakazam', 'Snorlax']",69,21,14
smogtours-gen1ubers-653602,[Gen 1] UBERS,2022-10-08 21:14:43,,mist21242,castform97328,castform97328,True,"['Mew', 'Mewtwo', 'Zapdos', 'Gengar', 'Chansey', 'Snorlax']","['Moltres', 'Mew', 'Exeggutor', 'Mewtwo', 'Chansey', 'Snorlax']",125,10,7
smogtours-gen1ubers-676545,[Gen 1] UBERS,2023-02-19 22:29:39,,iceball26708,icebody51285,iceball26708,True,"['Exeggutor', 'Mew', 'Mewtwo', 'Slowbro', 'Jynx', 'Chansey']","['Mew', 'Mewtwo', 'Exeggutor', 'Tauros', 'Chansey', 'Snorlax']",53,8,12
smogtours-gen1ubers-653212,[Gen 1] UBERS,2022-10-08 12:58:00,,crawdaunt31133,mawile36886,mawile36886,False,"['Mew', 'Exeggutor', 'Mewtwo', 'Tauros', 'Slowbro', 'Snorlax']","['Mewtwo', 'Mew', 'Zapdos', 'Gengar', 'Snorlax']",60,13,9
gen1ubers-526815593,[Gen 1] UBERS,2017-02-01 03:19:33,,miltank57341,woodhammer83701,woodhammer83701,False,['Raichu'],"['Eevee', 'Fearow', 'Sandshrew']",13,0,2
gen1ubers-2182097223,[Gen 1] UBERS,2024-08-17 19:24:40,1050,grepaberry38730,slaking13361,grepaberry38730,False,"['Starmie', 'Mewtwo', 'Mew', 'Chansey', 'Ditto', 'Rhydon']","['Cloyster', 'Mew', 'Mewtwo', 'Tauros', 'Zapdos', 'Snorlax']",227,38,26
smogtours-gen1ubers-183055,[Gen 1] UBERS,2016-08-02 18:02:42,,innerfocus91859,unburden21319,innerfocus91859,True,"['Mewtwo', 'Slowbro', 'Jynx', 'Chansey', 'Snorlax']","['Exeggutor', 'Mew', 'Mewtwo', 'Tauros', 'Gengar', 'Snorlax']",46,6,8
smogtours-gen1ubers-677431,[Gen 1] UBERS,2023-02-26 16:14:45,,psn38480,iceball26708,psn38480,True,"['Mewtwo', 'Zapdos', 'Gengar', 'Chansey', 'Snorlax']","['Mew', 'Exeggutor', 'Mewtwo', 'Tauros', 'Chansey', 'Snorlax']",62,16,8
gen1ubers-827159593,[Gen 1] UBERS,2018-10-29 00:34:10,,copycat44078,seel91341,copycat44078,False,"['Exeggutor', 'Mew', 'Mewtwo', 'Gengar', 'Chansey', 'Snorlax']","['Mew', 'Mewtwo', 'Tauros', 'Chansey', 'Snorlax', 'Dragonite']",70,12,5
gen1ubers-757828229,[Gen 1] UBERS,2018-06-05 04:57:50,,tailwhip2839,delcatty31981,delcatty31981,True,"['Starmie', 'Exeggutor', 'Mewtwo', 'Tauros', 'Chansey']","['Mewtwo', 'Electrode', 'Golem', 'Jynx', 'Chansey']",35,7,6
smogtours-gen1ubers-846431,[Gen 1] UBERS,2025-05-29 00:36:01,,status34375,wacanberry11962,wacanberry11962,False,"['Mewtwo', 'Exeggutor', 'Mew', 'Zapdos', 'Snorlax', 'Articuno']","['Mew', 'Exeggutor', 'Tauros', 'Zapdos', 'Snorlax']",29,11,8
gen1ubers-2072586600,[Gen 1] UBERS,2024-03-03 18:30:19,,grudge18697,dig95175,grudge18697,True,['Electrode'],"['Electrode', 'Chansey']",28,0,21
gen1ubers-692248523,[Gen 1] UBERS,2018-01-21 20:53:18,,aggron60452,waveincense51112,aggron60452,True,"['Mew', 'Mewtwo', 'Slowbro', 'Gengar', 'Chansey', 'Snorlax']","['Exeggutor', 'Mew', 'Mewtwo', 'Jynx', 'Chansey', 'Snorlax']",86,9,9
gen1ubers-2181518622,[Gen 1] UBERS,2024-08-16 20:07:24,1055,infernape89990,bide72023,bide72023,False,"['Mewtwo', 'Mew', 'Tauros', 'Gengar', 'Chansey', 'Snorlax']","['Mewtwo', 'Mew', 'Exeggutor', 'Tauros', 'Slowbro', 'Snorlax']",69,8,6
gen1ubers-910937811,[Gen 1] UBERS,2019-05-16 22:01:43,,xatu80263,gastrodon88532,xatu80263,False,"['Ponyta', 'Kangaskhan', 'Tauros', 'Exeggcute', 'Dratini', 'Squirtle']","['Gengar', 'Snorlax', 'Arcanine', 'Primeape', 'Venusaur', 'Vaporeon']",46,16,15
gen1ubers-2080790964,[Gen 1] UBERS,2024-03-14 13:30:11,,wailord84610,uturn43444,uturn43444,False,"['Mewtwo', 'Ninetales', 'Mew', 'Nidoking', 'Gengar', 'Dragonite']","['Mew', 'Exeggutor', 'Mewtwo', 'Articuno']",30,7,3
azure-gen1ubers-189225,[Gen 1] UBERS,2017-07-22 23:54:51,,ponyta3288,weedle98668,weedle98668,False,"['Onix', 'Geodude']","['Bulbasaur', 'Charmeleon']",5,1,1
smogtours-gen1ubers-678276,[Gen 1] UBERS,2023-03-05 00:34:51,,psn38480,castform97328,psn38480,False,"['Mew', 'Exeggutor', 'Mewtwo', 'Electrode', 'Golem', 'Snorlax']","['Cloyster', 'Mew', 'Mewtwo', 'Golem', 'Gengar', 'Snorlax']",26,11,8
smogtours-gen1ubers-813813,[Gen 1] UBERS,2025-01-12 02:44:30,,drapion2237,psn38480,drapion2237,False,"['Mew', 'Mewtwo', 'Exeggutor', 'Tauros', 'Zapdos', 'Snorlax']","['Mewtwo', 'Mew', 'Gengar', 'Chansey', 'Snorlax', 'Articuno']",45,19,21
smogtours-gen1ubers-777988,[Gen 1] UBERS,2024-07-02 16:34:23,,fissure61188,waterfall8105,fissure61188,False,"['Mewtwo', 'Exeggutor', 'Mew', 'Tauros', 'Zapdos', 'Snorlax']","['Mewtwo', 'Exeggutor', 'Mew', 'Zapdos', 'Golem', 'Articuno']",46,17,19
gen1ubers-970010914,[Gen 1] UBERS,2019-09-02 20:35:21,,ironplate91202,airslash90186,ironplate91202,False,"['Starmie', 'Mew', 'Mewtwo', 'Tauros', 'Slowbro', 'Chansey']","['Mewtwo', 'Mew', 'Jolteon', 'Gengar', 'Rhydon', 'Snorlax']",36,10,6
smogtours-gen1ubers-650326,[Gen 1] UBERS,2022-09-24 18:10:37,,psn38480,iceball26708,iceball26708,False,"['Mew', 'Mewtwo', 'Slowbro', 'Gengar', 'Chansey', 'Snorlax']","['Exeggutor', 'Mewtwo', 'Mew', 'Zapdos', 'Chansey', 'Snorlax']",40,11,9
gen1ubers-1045844909,[Gen 1] UBERS,2020-01-13 22:49:17,,poisontail61920,berry24029,poisontail61920,False,"['Scyther', 'Venomoth', 'Flareon', 'Poliwrath', 'Golem', 'Chansey']","['Mew', 'Charizard', 'Sandslash', 'Wigglytuff', 'Dragonite', 'Tentacruel']",55,12,11
smogtours-gen1ubers-656388,[Gen 1] UBERS,2022-10-22 18:50:24,,bidoof62502,arceusghost8496,arceusghost8496,True,"['Mewtwo', 'Exeggutor', 'Mew', 'Gengar', 'Chansey', 'Snorlax']","['Mewtwo', 'Mew', 'Zapdos', 'Gengar', 'Chansey', 'Snorlax']",81,26,27
gen1ubers-626427268,[Gen 1] UBERS,2017-09-03 13:03:50,,magnetrise41863,hoothoot99381,magnetrise41863,False,"['Mewtwo', 'Exeggutor', 'Mew', 'Tauros', 'Gengar', 'Snorlax']","['Metapod', 'Weedle', 'Magikarp', 'Ditto', 'Kakuna', 'Caterpie']",50,6,6
gen1ubers-738172041,[Gen 1] UBERS,2018-04-25 20:28:03,,waveincense51112,sealeo21756,waveincense51112,False,"['Mew', 'Exeggutor', 'Jynx', 'Chansey', 'Snorlax']","['Mewtwo', 'Mew', 'Exeggutor', 'Slowbro', 'Jynx', 'Chansey']",35,8,8
smogtours-gen1ubers-743100,[Gen 1] UBERS,2024-01-28 21:45:42,,cobaberry74096,fissure61188,fissure61188,False,"['Mew', 'Mewtwo', 'Zapdos', 'Gengar', 'Chansey', 'Snorlax']","['Exeggutor', 'Mewtwo', 'Mew', 'Tauros', 'Chansey', 'Snorlax']",35,9,10
gen1ubers-2044055023,[Gen 1] UBERS,2024-01-25 21:22:44,,colburberry39805,dark19734,dark19734,False,"['Mew', 'Mewtwo', 'Slowbro', 'Gengar', 'Chansey', 'Snorlax']","['Exeggutor', 'Mewtwo', 'Jolteon', 'Chansey', 'Snorlax']",41,12,8
gen1ubers-2178777474,[Gen 1] UBERS,2024-08-12 19:08:18,1000,captivate16786,parasect7600,parasect7600,True,"['Mew', 'Mewtwo', 'Tauros', 'Chansey', 'Dragonite']","['Gengar', 'Chansey', 'Snorlax', 'Slowbro']",17,5,5
gen1ubers-1127636246,[Gen 1] UBERS,2020-06-06 01:21:23,1107,rotom95030,snover8342,snover8342,False,"['Mew', 'Mewtwo', 'Exeggutor', 'Tauros', 'Chansey', 'Snorlax']","['Mew', 'Mewtwo', 'Slowbro', 'Jynx', 'Chansey', 'Snorlax']",44,14,12
smogtours-gen1ubers-788211,[Gen 1] UBERS,2024-08-31 16:04:50,,waterfall8105,flamewheel25525,flamewheel25525,False,"['Mew', 'Mewtwo', 'Exeggutor', 'Tauros', 'Slowbro', 'Snorlax']","['Mew', 'Mewtwo', 'Exeggutor', 'Tauros', 'Hypno', 'Snorlax']",34,7,9
gen1ubers-952034412,[Gen 1] UBERS,2019-07-28 21:26:55,,moldbreaker94005,suicune5952,suicune5952,False,"['Exeggutor', 'Tauros', 'Slowbro', 'Gengar', 'Rhydon', 'Snorlax']","['Gengar', 'Exeggutor', 'Lapras']",31,10,2
gen1ubers-679232950,[Gen 1] UBERS,2017-12-25 05:11:32,,woodhammer83701,miltank57341,woodhammer83701,False,"['Snorlax', 'Gyarados', 'Aerodactyl']","['Arcanine', 'Ninetales', 'Rapidash']",14,4,2
gen1ubers-789249006,[Gen 1] UBERS,2018-08-11 18:13:44,,raindance50399,dialga48280,raindance50399,True,"['Mewtwo', 'Mew', 'Golem', 'Gengar', 'Chansey', 'Snorlax']","['Exeggutor', 'Mew', 'Mewtwo', 'Gengar', 'Chansey', 'Snorlax']",24,6,9
gen1ubers-348249116,[Gen 1] UBERS,2016-03-22 19:16:40,,yanma71447,icepunch89670,icepunch89670,False,"['Starmie', 'Exeggutor', 'Mew', 'Tauros', 'Gengar', 'Chansey']","['Mew', 'Tauros', 'Zapdos', 'Gengar', 'Chansey', 'Snorlax']",84,15,22
gen1ubers-937890580,[Gen 1] UBERS,2019-07-01 11:42:10,,soundproof93578,chingling44092,chingling44092,False,"['Mewtwo', 'Mew', 'Tauros', 'Chansey', 'Snorlax', 'Alakazam']","['Jynx', 'Mewtwo']",26,6,1
smogtours-gen1ubers-670439,[Gen 1] UBERS,2023-01-22 23:24:35,,deoxysdefense78874,arceusghost8496,deoxysdefense78874,True,"['Exeggutor', 'Mewtwo', 'Chansey', 'Snorlax', 'Alakazam']","['Mewtwo', 'Mew', 'Slowbro', 'Chansey', 'Hypno', 'Snorlax']",42,11,14
smogtours-gen1ubers-528434,[Gen 1] UBERS,2020-11-20 19:18:31,,quilava99512,innerfocus91859,innerfocus91859,True,"['Mew', 'Mewtwo', 'Gengar', 'Chansey', 'Rhydon', 'Snorlax']","['Mew', 'Exeggutor', 'Mewtwo', 'Chansey', 'Rhydon', 'Snorlax']",34,9,7
gen1ubers-255375490,[Gen 1] UBERS,2015-08-02 16:30:12,,krabby97145,hustle11937,hustle11937,True,"['Jynx', 'Mew']","['Mew', 'Exeggutor']",8,1,1
gen1ubers-2332103034,[Gen 1] UBERS,2025-03-31 17:03:42,,aerodactyl19022,razzberry26093,razzberry26093,False,"['Gengar', 'Mewtwo', 'Snorlax']",['Mewtwo'],8,2,0
smogtours-gen1ubers-648142,[Gen 1] UBERS,2022-09-15 18:25:53,,dreameater36979,mefirst94337,mefirst94337,False,"['Exeggutor', 'Mewtwo', 'Mew', 'Chansey', 'Rhydon', 'Snorlax']","['Starmie', 'Mew', 'Chansey', 'Rhydon', 'Snorlax']",70,23,20
gen1ubers-817872455,[Gen 1] UBERS,2018-10-09 20:00:54,,scopelens90277,wynaut4615,scopelens90277,False,"['Exeggutor', 'Mew', 'Tauros', 'Chansey', 'Snorlax', 'Alakazam']","['Exeggutor', 'Lapras', 'Tauros', 'Jynx', 'Chansey', 'Snorlax']",38,15,14
smogtours-gen1ubers-843531,[Gen 1] UBERS,2025-05-18 01:12:27,,mismagius33077,mareep93864,mismagius33077,True,"['Mew', 'Mewtwo', 'Tauros', 'Zapdos', 'Chansey', 'Dragonite']","['Mew', 'Mewtwo', 'Exeggutor', 'Tauros', 'Zapdos', 'Rhydon']",44,13,19
gen1ubers-1085797268,[Gen 1] UBERS,2020-03-26 18:46:55,,mindplate88811,spinda66688,mindplate88811,False,"['Graveler', 'Machoke', 'Dragonair', 'Poliwhirl']","['Haunter', 'Ivysaur', 'Nidorino', 'Nidorina', 'Gloom', 'Charmeleon']",27,3,9
gen1ubers-969789033,[Gen 1] UBERS,2019-09-02 11:47:51,,intimidate46047,metronome73231,metronome73231,True,"['Mewtwo', 'Slowbro', 'Gengar', 'Chansey', 'Snorlax']","['Lapras', 'Mewtwo', 'Zapdos', 'Snorlax']",50,7,4
smogtours-gen1ubers-697362,[Gen 1] UBERS,2023-06-16 14:20:49,,batonpass53541,simple96847,simple96847,False,"['Mew', 'Mewtwo', 'Jolteon', 'Slowbro', 'Chansey', 'Snorlax']","['Mew', 'Tauros', 'Zapdos', 'Chansey', 'Snorlax']",27,8,7
gen1ubers-2066942505,[Gen 1] UBERS,2024-02-25 00:13:41,,hydration14831,gorebyss2916,gorebyss2916,False,"['Gengar', 'Electrode', 'Chansey']",['Electrode'],52,5,1
gen1ubers-2290757326,[Gen 1] UBERS,2025-01-29 21:33:47,,questionmarks18685,focussash41997,focussash41997,False,"['Exeggutor', 'Tauros', 'Slowbro', 'Chansey', 'Snorlax', 'Alakazam']","['Exeggutor', 'Mew', 'Mewtwo', 'Tauros', 'Gengar', 'Snorlax']",48,6,6
smogtours-gen1ubers-653557,[Gen 1] UBERS,2022-10-08 20:28:03,,synchronize14428,castform97328,castform97328,True,"['Mewtwo', 'Mew', 'Exeggutor', 'Gengar', 'Chansey', 'Snorlax']","['Cloyster', 'Mew', 'Mewtwo', 'Golem', 'Gengar', 'Snorlax']",75,18,12
gen1ubers-709241017,[Gen 1] UBERS,2018-02-25 04:58:57,,jynx62866,swarm98403,swarm98403,False,"['Moltres', 'Lapras', 'Tauros', 'Jynx', 'Chansey', 'Snorlax']","['Mew', 'Tauros', 'Onix', 'Zapdos', 'Jynx', 'Snorlax']",29,9,8
gen1ubers-1127010441,[Gen 1] UBERS,2020-06-05 01:20:51,1059,aurasphere65573,rotom95030,rotom95030,True,"['Mew', 'Exeggutor', 'Mewtwo', 'Jolteon']","['Exeggutor', 'Mewtwo', 'Snorlax', 'Tauros']",9,3,3
gen1ubers-2189926045,[Gen 1] UBERS,2024-08-28 23:16:18,1090,damp1480,toxicspikes74725,damp1480,False,"['Mew', 'Exeggutor', 'Mewtwo', 'Chansey', 'Rhydon', 'Snorlax']","['Mewtwo', 'Mew', 'Jynx', 'Gengar', 'Rhydon', 'Snorlax']",46,8,7
gen1ubers-1115484694,[Gen 1] UBERS,2020-05-16 02:51:52,,deoxysattack10208,luvdisc92099,luvdisc92099,False,"['Mew', 'Golem', 'Gengar', 'Chansey', 'Electabuzz', 'Alakazam']","['Mew', 'Hitmonchan', 'Golem', 'Gengar', 'Snorlax', 'Alakazam']",79,16,13
gen1ubers-1044932504,[Gen 1] UBERS,2020-01-12 07:25:41,,chargebeam64735,rollout39517,chargebeam64735,True,"['Gengar', 'Alakazam', 'Kabutops', 'Golem']","['Rhydon', 'Arcanine', 'Venusaur', 'Chansey']",22,3,4
gen1ubers-894788181,[Gen 1] UBERS,2019-04-18 01:02:32,,swagger9528,healbell83383,swagger9528,False,"['Starmie', 'Jolteon', 'Slowbro', 'Venusaur', 'Alakazam', 'Snorlax']","['Starmie', 'Charizard', 'Arbok', 'Gengar', 'Raichu', 'Primeape']",24,5,8
gen1ubers-946291157,[Gen 1] UBERS,2019-07-17 16:41:14,,swinub64017,dragonfang22862,dragonfang22862,False,"['Moltres', 'Mew', 'Jolteon', 'Kangaskhan', 'Rhydon', 'Articuno']","['Seadra', 'Mew', 'Mewtwo', 'Alakazam', 'Venusaur', 'Articuno']",30,5,5
gen1ubers-825621497,[Gen 1] UBERS,2018-10-25 21:30:23,,return265,tailwhip2839,return265,False,"['Exeggutor', 'Mew', 'Tauros', 'Jynx', 'Chansey', 'Snorlax']","['Starmie', 'Mew', 'Exeggutor', 'Tauros', 'Chansey', 'Snorlax']",60,18,14
smogtours-gen1ubers-144893,[Gen 1] UBERS,2016-03-31 00:42:19,,unburden21319,yanma71447,yanma71447,False,"['Mew', 'Exeggutor', 'Tauros', 'Chansey', 'Snorlax', 'Alakazam']","['Mew', 'Exeggutor', 'Lapras', 'Tauros', 'Chansey', 'Snorlax']",45,13,11
smogtours-gen1ubers-700613,[Gen 1] UBERS,2023-07-02 14:12:34,,psn38480,adaptability45192,adaptability45192,True,"['Mewtwo', 'Mew', 'Exeggutor', 'Slowbro', 'Zapdos', 'Snorlax']","['Mewtwo', 'Mew', 'Tauros', 'Zapdos', 'Chansey', 'Snorlax']",72,12,9
gen1ubers-2176621204,[Gen 1] UBERS,2024-08-09 11:51:01,1184,lombre858,poisonpowder88566,lombre858,True,['Mewtwo'],"['Mew', 'Mewtwo', 'Alakazam']",18,0,2
smogtours-gen1ubers-818415,[Gen 1] UBERS,2025-02-07 20:41:53,,azumarill79029,iceball26708,azumarill79029,False,"['Cloyster', 'Mew', 'Zapdos', 'Victreebel', 'Rhydon']","['Mewtwo', 'Exeggutor', 'Jolteon', 'Mew', 'Chansey', 'Snorlax']",31,10,13
gen1ubers-792825775,[Gen 1] UBERS,2018-08-19 15:22:31,,raindance50399,tailwhip2839,raindance50399,True,"['Starmie', 'Mew', 'Exeggutor', 'Chansey', 'Snorlax']","['Mewtwo', 'Exeggutor', 'Mew', 'Tauros', 'Chansey', 'Snorlax']",32,7,9
smogtours-gen1ubers-673651,[Gen 1] UBERS,2023-02-07 02:07:43,,shadowball81377,alakazam8068,shadowball81377,False,"['Mew', 'Exeggutor', 'Tauros', 'Chansey', 'Snorlax']","['Mewtwo', 'Mew', 'Jolteon', 'Tauros', 'Chansey', 'Snorlax']",14,4,5
smogtours-gen1ubers-670617,[Gen 1] UBERS,2023-01-25 21:11:57,,ironhead21066,deoxysdefense78874,ironhead21066,False,"['Mewtwo', 'Exeggutor', 'Mew', 'Gengar', 'Chansey', 'Snorlax']","['Mewtwo', 'Mew', 'Tauros', 'Zapdos', 'Chansey', 'Snorlax']",32,9,12
gen1ubers-473747282,[Gen 1] UBERS,2016-11-11 02:49:26,,houndoom35253,rayquaza69178,houndoom35253,False,"['Golem', 'Gengar', 'Dewgong', 'Gyarados', 'Rhydon', 'Alakazam']","['Cloyster', 'Jolteon', 'Tauros', 'Muk', 'Alakazam', 'Dragonite']",27,7,8
smogtours-gen1ubers-612195,[Gen 1] UBERS,2022-03-07 02:14:09,,focusband97190,psn38480,psn38480,False,"['Mewtwo', 'Mew', 'Slowbro', 'Jynx', 'Chansey', 'Snorlax']","['Exeggutor', 'Charizard', 'Mewtwo', 'Chansey', 'Snorlax']",42,12,7
smogtours-gen1ubers-697353,[Gen 1] UBERS,2023-06-16 10:14:55,,powerherb16934,adaptability45192,adaptability45192,True,"['Mewtwo', 'Exeggutor', 'Mew', 'Tauros', 'Chansey', 'Snorlax']","['Exeggutor', 'Mewtwo', 'Tauros', 'Chansey', 'Snorlax']",52,11,12
smogtours-gen1ubers-70565,[Gen 1] UBERS,2015-06-24 22:53:17,,sunkern78687,bide32585,bide32585,False,"['Mewtwo', 'Mew', 'Tauros', 'Slowbro', 'Chansey', 'Snorlax']","['Mewtwo', 'Mew', 'Slowbro', 'Jynx', 'Snorlax']",32,8,6
gen1ubers-998687792,[Gen 1] UBERS,2019-10-26 00:00:35,,arceusgrass16033,arcanine41174,arcanine41174,False,"['Exeggutor', 'Tauros', 'Machamp', 'Gyarados', 'Arcanine', 'Alakazam']","['Lapras', 'Charizard', 'Venusaur', 'Pikachu', 'Snorlax', 'Blastoise']",32,5,5
smogtours-gen1ubers-697354,[Gen 1] UBERS,2023-06-16 10:34:42,,powerherb16934,adaptability45192,adaptability45192,False,"['Mewtwo', 'Mew', 'Jolteon', 'Slowbro', 'Chansey', 'Snorlax']","['Mewtwo', 'Tauros', 'Chansey', 'Alakazam', 'Snorlax']",165,9,13
gen1ubers-1046858357,[Gen 1] UBERS,2020-01-15 17:02:31,,ember75074,quickfeet58377,ember75074,False,"['Growlithe', 'Nidorina', 'Butterfree', 'Pidgey']","['Vulpix', 'Nidorino', 'Beedrill', 'Pidgey']",29,4,4
smogtours-gen1ubers-736589,[Gen 1] UBERS,2023-12-26 00:20:08,,skillswap74981,cascoon94634,skillswap74981,False,"['Mewtwo', 'Mew', 'Tauros', 'Sandslash', 'Jynx', 'Snorlax']","['Mewtwo', 'Exeggutor', 'Mew', 'Tauros', 'Chansey', 'Snorlax']",39,10,13
gen1ubers-493592508,[Gen 1] UBERS,2016-12-10 00:49:02,,durinberry49065,heatran17460,durinberry49065,False,"['Mewtwo', 'Golem', 'Gengar', 'Snorlax', 'Alakazam']","['Mew', 'Mewtwo', 'Aerodactyl', 'Chansey', 'Snorlax', 'Dragonite']",73,12,14
gen1ubers-1021506079,[Gen 1] UBERS,2019-12-02 21:14:57,,glalie56367,tailwhip2839,tailwhip2839,True,"['Jynx', 'Mewtwo', 'Slowbro']","['Mewtwo', 'Tauros']",17,2,1
smogtours-gen1ubers-674890,[Gen 1] UBERS,2023-02-12 20:24:30,,iceball26708,castform97328,iceball26708,False,"['Exeggutor', 'Mew', 'Tauros', 'Slowbro', 'Snorlax']","['Mew', 'Lapras', 'Mewtwo', 'Chansey', 'Snorlax', 'Alakazam']",40,7,8
gen1ubers-1082731555,[Gen 1] UBERS,2020-03-21 06:11:40,,triplekick39654,dragonscale91836,dragonscale91836,True,"['Mew', 'Mewtwo', 'Nidoking', 'Zapdos', 'Ditto', 'Blastoise']",['Mewtwo'],20,5,0
gen1ubers-1007540161,[Gen 1] UBERS,2019-11-11 01:31:00,,cranidos9637,absol63524,cranidos9637,True,"['Mew', 'Mewtwo', 'Exeggutor', 'Tauros', 'Slowbro', 'Snorlax']","['Mew', 'Mewtwo', 'Slowbro', 'Jynx', 'Chansey', 'Snorlax']",33,6,6
gen1ubers-824123794,[Gen 1] UBERS,2018-10-22 21:08:29,,wormadamsandy16538,torchic11522,wormadamsandy16538,False,"['Pidgeot', ""Farfetch'D"", 'Staryu', 'Jolteon', 'Sandshrew', 'Bulbasaur']","['Spearow', 'Charizard', 'Gloom', 'Electabuzz', 'Geodude', 'Vaporeon']",48,6,6
gen1ubers-2030373090,[Gen 1] UBERS,2024-01-08 23:53:01,,gorebyss2916,kingdra25969,kingdra25969,False,"['Electrode', 'Chansey']","['Electrode', 'Chansey']",72,45,1
gen1ubers-626456980,[Gen 1] UBERS,2017-09-03 14:32:17,,magnetrise41863,hoothoot99381,hoothoot99381,False,"['Exeggutor', 'Mewtwo', 'Mew', 'Tauros', 'Gengar', 'Snorlax']","['Goldeen', 'Venonat', 'Magikarp', 'Kakuna', 'Ditto', 'Caterpie']",34,8,8
gen1ubers-672566005,[Gen 1] UBERS,2017-12-11 21:37:08,,mysticwater69875,superfang61433,superfang61433,False,"['Mewtwo', 'Mew', 'Tauros', 'Gengar', 'Chansey', 'Snorlax']","['Mewtwo', 'Mew', 'Exeggutor', 'Tauros', 'Gengar', 'Snorlax']",32,11,11
gen1ubers-750012666,[Gen 1] UBERS,2018-05-20 04:32:53,,woodhammer83701,hypno99223,woodhammer83701,False,"['Caterpie', 'Spearow', 'Pikachu']","['Onix', 'Rhyhorn', 'Geodude']",65,8,2
gen1ubers-686030731,[Gen 1] UBERS,2018-01-09 00:11:31,,metalcoat80824,aquaring24787,aquaring24787,False,"['Exeggutor', 'Mew', 'Tauros', 'Chansey', 'Rhydon', 'Alakazam']","['Mew', 'Tauros', 'Slowbro', 'Chansey', 'Snorlax', 'Alakazam']",61,16,11
gen1ubers-853158897,[Gen 1] UBERS,2019-01-24 10:01:29,,riolu66274,mothim72818,riolu66274,False,"['Starmie', 'Mewtwo', 'Lapras', 'Gengar', 'Snorlax']","['Mewtwo', 'Lapras', 'Kangaskhan', 'Nidoqueen', 'Alakazam', 'Snorlax']",38,6,5
gen1ubers-1135879028,[Gen 1] UBERS,2020-06-20 03:34:51,,powerwhip21206,amnesia25800,powerwhip21206,False,"['Exeggutor', 'Mew', 'Mewtwo', 'Slowbro', 'Zapdos', 'Snorlax']","['Mewtwo', 'Mew', 'Chansey', 'Snorlax', 'Rhydon', 'Alakazam']",52,10,13
gen1ubers-970023586,[Gen 1] UBERS,2019-09-02 20:56:02,,medicham64289,ironplate91202,ironplate91202,False,"['Mewtwo', 'Mew', 'Slowbro', 'Zapdos', 'Jynx', 'Chansey']","['Mew', 'Mewtwo', 'Tauros', 'Slowbro', 'Jynx', 'Chansey']",79,11,10
gen1ubers-830304275,[Gen 1] UBERS,2018-12-03 21:55:59,,lunardance19168,sceptile16414,lunardance19168,False,"['Mewtwo', 'Mew', 'Tauros', 'Slowbro', 'Snorlax']","['Mew', 'Exeggutor', 'Mewtwo', 'Slowbro', 'Chansey', 'Snorlax']",37,4,5
smogtours-gen1ubers-678041,[Gen 1] UBERS,2023-03-04 01:13:01,,kangaskhan41867,drillpeck8655,drillpeck8655,False,"['Mew', 'Mewtwo', 'Zapdos', 'Gengar', 'Chansey', 'Snorlax']","['Mewtwo', 'Mew', 'Slowbro', 'Gengar', 'Chansey', 'Snorlax']",60,12,9
smogtours-gen1ubers-586960,[Gen 1] UBERS,2021-10-16 17:49:48,,innerfocus91859,synchronize14428,synchronize14428,False,"['Mewtwo', 'Mew', 'Zapdos', 'Gengar', 'Chansey', 'Snorlax']","['Mewtwo', 'Mew', 'Jolteon', 'Slowbro', 'Chansey', 'Snorlax']",165,31,28
gen1ubers-948203091,[Gen 1] UBERS,2019-07-21 09:42:33,,skarmory66799,sweetscent3994,skarmory66799,False,"['Mewtwo', 'Exeggutor', 'Tauros', 'Slowbro', 'Chansey', 'Snorlax']","['Mewtwo', 'Tauros', 'Slowbro', 'Zapdos', 'Gengar', 'Snorlax']",30,9,11
smogtours-gen1ubers-672694,[Gen 1] UBERS,2023-02-04 15:56:50,,shadowsneak30,mysteryberry83821,mysteryberry83821,False,"['Mew', 'Mewtwo', 'Slowbro', 'Chansey', 'Snorlax', 'Alakazam']","['Mewtwo', 'Slowbro', 'Chansey', 'Snorlax', 'Alakazam']",99,14,13
gen1ubers-636772690,[Gen 1] UBERS,2017-09-26 00:08:19,,kangaskhan64117,leer23545,leer23545,False,"['Mewtwo', 'Mew', 'Exeggutor', 'Tauros', 'Jynx', 'Chansey']","['Mew', 'Mewtwo', 'Slowbro', 'Jynx', 'Chansey', 'Snorlax']",112,28,16
gen1ubers-521176178,[Gen 1] UBERS,2017-01-21 20:01:49,,silcoon61948,haunter26474,haunter26474,False,"['Charizard', 'Gengar', 'Gyarados', 'Raichu', 'Alakazam', 'Dragonite']","['Lapras', 'Charizard', 'Jolteon', 'Exeggutor', 'Nidoqueen']",30,7,10
smogtours-gen1ubers-820178,[Gen 1] UBERS,2025-02-16 00:59:17,,quagsire52408,thief62213,thief62213,False,"['Mew', 'Mewtwo', 'Exeggutor', 'Tauros', 'Zapdos', 'Snorlax']","['Mew', 'Mewtwo', 'Lapras', 'Exeggutor', 'Tauros', 'Snorlax']",27,5,7
smogtours-gen1ubers-604054,[Gen 1] UBERS,2022-01-22 14:53:40,,starfberry84995,psn38480,starfberry84995,True,"['Mew', 'Mewtwo', 'Tauros', 'Gengar', 'Chansey', 'Snorlax']","['Mewtwo', 'Mew', 'Slowbro', 'Gengar', 'Chansey', 'Snorlax']",50,15,16
smogtours-gen1ubers-527787,[Gen 1] UBERS,2020-11-15 22:23:00,,krabby97145,sacredfire231,sacredfire231,True,"['Mewtwo', 'Exeggutor', 'Mew', 'Tauros', 'Slowbro', 'Chansey']","['Mew', 'Mewtwo', 'Slowbro', 'Gengar', 'Chansey', 'Snorlax']",387,126,127
gen1ubers-2178781192,[Gen 1] UBERS,2024-08-12 19:17:45,1002,shaymin24604,parasect7600,parasect7600,True,"['Mew', 'Mewtwo', 'Tauros', 'Slowbro', 'Zapdos', 'Chansey']","['Mewtwo', 'Mew', 'Slowbro', 'Gengar', 'Chansey', 'Snorlax']",56,8,13
rom-gen1ubers-623627,[Gen 1] UBERS,2019-07-23 12:57:39,,constrict58938,sudowoodo17153,constrict58938,False,"['Mewtwo', 'Snorlax']","['Mewtwo', 'Mew', 'Slowbro', 'Jynx', 'Chansey', 'Snorlax']",41,1,7
gen1ubers-917403170,[Gen 1] UBERS,2019-05-27 20:08:45,,shadowclaw37613,ludicolo53608,shadowclaw37613,True,"['Mew', 'Mewtwo', 'Zapdos', 'Jynx', 'Chansey', 'Snorlax']","['Exeggutor', 'Mewtwo', 'Mew', 'Tauros', 'Slowbro', 'Snorlax']",52,8,8
smogtours-gen1ubers-731565,[Gen 1] UBERS,2023-11-19 18:08:21,,iceball26708,mudsport71981,iceball26708,True,"['Mew', 'Mewtwo', 'Zapdos', 'Gengar', 'Chansey', 'Snorlax']","['Mew', 'Mewtwo', 'Exeggutor', 'Slowbro', 'Sandslash', 'Snorlax']",36,8,11
gen1ubers-1047005964,[Gen 1] UBERS,2020-01-15 21:16:34,,gloom76476,gastrodoneast47534,gastrodoneast47534,False,"['Clefairy', 'Nidorino', 'Rattata', 'Pikachu']","['Magnemite', 'Nidorino', 'Nidorina']",18,3,2
smogtours-gen1ubers-175435,[Gen 1] UBERS,2016-07-12 02:42:29,,unburden21319,focussash22099,unburden21319,True,"['Mewtwo', 'Mew', 'Tauros', 'Jynx', 'Chansey', 'Snorlax']","['Mewtwo', 'Exeggutor', 'Mew', 'Slowbro', 'Chansey', 'Alakazam']",76,15,13
smogtours-gen1ubers-590785,[Gen 1] UBERS,2021-11-01 04:57:44,,swarm18901,payday74254,swarm18901,True,"['Mew', 'Mewtwo', 'Exeggutor', 'Tauros', 'Chansey', 'Snorlax']","['Mew', 'Mewtwo', 'Tauros', 'Chansey', 'Rhydon', 'Snorlax']",37,7,12
gen1ubers-2065508649,[Gen 1] UBERS,2024-02-22 23:18:45,,diveball10901,magnet51073,magnet51073,True,"['Mewtwo', 'Tauros', 'Chansey', 'Dugtrio', 'Dragonite']","['Jynx', 'Mew', 'Snorlax', 'Zapdos']",23,4,4
gen1ubers-926385207,[Gen 1] UBERS,2019-06-11 18:52:19,,soundproof93578,delibird59669,delibird59669,False,"['Mew', 'Mewtwo', 'Tauros', 'Chansey', 'Snorlax', 'Alakazam']","['Mew', 'Mewtwo', 'Tauros', 'Golem', 'Jynx', 'Chansey']",220,16,14
gen1ubers-1095029326,[Gen 1] UBERS,2020-04-11 21:42:36,,hippopotas88168,gloom76476,gloom76476,False,"['Vileplume', 'Wigglytuff', 'Golem', 'Arbok', 'Mr. Mime', 'Vaporeon']","['Golduck', 'Ninetales', 'Nidoking', 'Mr. Mime', 'Clefable', 'Primeape']",60,10,21
gen1ubers-945406036,[Gen 1] UBERS,2019-07-15 23:35:26,,tropius17094,rest20747,rest20747,False,"['Cloyster', 'Exeggutor', 'Porygon', 'Slowbro', 'Gengar', 'Rhydon']","['Jolteon', 'Tauros', 'Golem', 'Jynx', 'Chansey', 'Alakazam']",25,12,7
gen1ubers-2095252536,[Gen 1] UBERS,2024-04-03 17:56:17,,loudred35123,cloyster43183,loudred35123,False,"['Starmie', 'Mew', 'Tauros', 'Zapdos', 'Chansey', 'Snorlax']","['Starmie', 'Mew', 'Tauros', 'Chansey', 'Snorlax', 'Alakazam']",49,12,17
rom-gen1ubers-468338,[Gen 1] UBERS,2018-12-02 20:20:07,,constrict58938,sudowoodo17153,constrict58938,False,"['Slowbro', 'Exeggutor', 'Snorlax', 'Zapdos']","['Mewtwo', 'Mew', 'Slowbro', 'Jynx', 'Chansey', 'Snorlax']",64,3,10
smogtours-gen1ubers-737582,[Gen 1] UBERS,2024-01-05 21:14:37,,jynx88656,skillswap74981,jynx88656,True,"['Mew', 'Mewtwo', 'Exeggutor', 'Tauros', 'Chansey', 'Snorlax']","['Starmie', 'Mew', 'Exeggutor', 'Mewtwo', 'Tauros', 'Snorlax']",30,7,8
gen1ubers-2173609660,[Gen 1] UBERS,2024-08-05 00:30:09,1063,tyrogue60797,luvdisc74095,luvdisc74095,True,"['Mew', 'Exeggutor', 'Mewtwo', 'Tauros', 'Chansey', 'Snorlax']","['Mewtwo', 'Mew', 'Zapdos', 'Jynx', 'Chansey']",16,6,5
rom-gen1ubers-468264,[Gen 1] UBERS,2018-12-02 18:41:30,,constrict58938,sudowoodo17153,constrict58938,False,"['Mew', 'Exeggutor', 'Slowbro', 'Zapdos', 'Snorlax']","['Mew', 'Mewtwo', 'Slowbro', 'Jynx', 'Chansey', 'Snorlax']",35,4,9
smogtours-gen1ubers-675596,[Gen 1] UBERS,2023-02-18 18:54:57,,psn38480,aurasphere76841,psn38480,False,"['Mew', 'Exeggutor', 'Mewtwo', 'Tauros', 'Chansey', 'Snorlax']","['Mewtwo', 'Mew', 'Tauros', 'Chansey', 'Rhydon', 'Snorlax']",59,9,15
smogtours-gen1ubers-722255,[Gen 1] UBERS,2023-10-07 19:10:41,,skillswap74981,iceball26708,skillswap74981,False,"['Mew', 'Mewtwo', 'Tauros', 'Slowbro', 'Chansey', 'Snorlax']","['Mew', 'Exeggutor', 'Mewtwo', 'Chansey', 'Snorlax', 'Articuno']",41,10,10
gen1ubers-961441288,[Gen 1] UBERS,2019-08-16 23:45:10,,dragonfang22862,swinub64017,swinub64017,False,"['Flareon', 'Aerodactyl', 'Zapdos', 'Venusaur', 'Snorlax', 'Dragonite']","['Moltres', 'Mew', 'Jolteon', 'Kangaskhan', 'Rhydon', 'Articuno']",30,5,5
gen1ubers-2006864262,[Gen 1] UBERS,2023-12-07 18:52:31,,dig89108,iceberry27765,dig89108,False,"['Rhydon', 'Chansey', 'Alakazam']","['Jolteon', 'Aerodactyl', 'Omastar', 'Chansey', 'Alakazam', 'Venusaur']",49,5,10
smogtours-gen1ubers-681761,[Gen 1] UBERS,2023-03-19 18:36:49,,drillpeck8655,arceusghost8496,drillpeck8655,False,"['Mew', 'Exeggutor', 'Mewtwo', 'Slowbro', 'Zapdos', 'Snorlax']","['Mewtwo', 'Mew', 'Slowbro', 'Zapdos', 'Chansey', 'Snorlax']",65,14,16
smogtours-gen1ubers-697699,[Gen 1] UBERS,2023-06-17 18:44:57,,habanberry18693,aurasphere76841,aurasphere76841,False,"['Mewtwo', 'Mew', 'Tauros', 'Zapdos', 'Chansey', 'Snorlax']","['Mewtwo', 'Mew', 'Slowbro', 'Hypno', 'Rhydon', 'Snorlax']",88,23,24
gen1ubers-2281765644,[Gen 1] UBERS,2025-01-15 20:05:15,,iceshard95524,wikiberry18879,iceshard95524,False,"['Cloyster', 'Mew', 'Chansey', 'Snorlax', 'Alakazam']","['Mewtwo', 'Mew', 'Slowbro', 'Gengar', 'Chansey', 'Snorlax']",59,5,10
smogtours-gen1ubers-724846,[Gen 1] UBERS,2023-10-20 02:11:36,,icebody51285,mudsport71981,mudsport71981,False,"['Mew', 'Mewtwo', 'Tauros', 'Gengar', 'Chansey', 'Snorlax']","['Mewtwo', 'Mew', 'Zapdos', 'Gengar', 'Chansey', 'Snorlax']",80,27,23
gen1ubers-757836741,[Gen 1] UBERS,2018-06-05 05:40:21,,healorder14175,crawdaunt96939,crawdaunt96939,False,"['Mewtwo', 'Mew', 'Slowbro', 'Gengar', 'Chansey', 'Snorlax']","['Mewtwo', 'Mew', 'Exeggutor', 'Gengar', 'Snorlax']",28,5,7
smogtours-gen1ubers-179261,[Gen 1] UBERS,2016-07-23 10:54:32,,chimecho62545,noweather72418,chimecho62545,False,"['Exeggutor', 'Mew', 'Mewtwo', 'Slowbro', 'Gengar', 'Snorlax']","['Mew', 'Mewtwo', 'Tauros', 'Zapdos', 'Jynx', 'Chansey']",70,11,15
gen1ubers-711037592,[Gen 1] UBERS,2018-02-28 21:22:17,,worryseed53385,earlybird20560,worryseed53385,False,"['Golem', 'Machamp', 'Raichu', 'Snorlax', 'Dragonite']","['Charizard', 'Dodrio', 'Gengar', 'Gyarados', 'Snorlax', 'Dragonite']",20,4,6
gen1ubers-1096145350,[Gen 1] UBERS,2020-04-13 21:17:19,,ninetales61700,tentacool90980,ninetales61700,False,"['Mew', 'Mewtwo', 'Exeggutor', 'Tauros', 'Snorlax']","['Mewtwo', 'Mew', 'Slowbro', 'Jynx', 'Chansey', 'Snorlax']",33,8,9
gen1ubers-864114172,[Gen 1] UBERS,2019-02-18 02:30:07,,rollingkick9290,arceusrock7430,rollingkick9290,False,"['Electrode', 'Mewtwo', 'Chansey']","['Mewtwo', 'Slowbro', 'Electrode', 'Jynx', 'Chansey']",138,8,9
smogtours-gen1ubers-795135,[Gen 1] UBERS,2024-10-05 19:33:32,,aeroblast8709,spoink27592,aeroblast8709,True,"['Mew', 'Mewtwo', 'Aerodactyl', 'Gengar', 'Chansey']","['Starmie', 'Mew', 'Exeggutor', 'Mewtwo', 'Tauros', 'Snorlax']",48,10,14
gen1ubers-1145648447,[Gen 1] UBERS,2020-07-05 18:05:22,,nightslash51995,cranidos9637,nightslash51995,False,"['Mewtwo', 'Exeggutor', 'Mew', 'Tauros', 'Slowbro', 'Snorlax']","['Mew', 'Mewtwo', 'Tauros', 'Chansey', 'Rhydon', 'Snorlax']",44,9,15
gen1ubers-2179227687,[Gen 1] UBERS,2024-08-13 12:07:56,1150,parasect7600,gloom24666,parasect7600,True,"['Mewtwo', 'Slowbro', 'Gengar', 'Chansey', 'Snorlax']","['Mew', 'Exeggutor', 'Mewtwo', 'Aerodactyl', 'Chansey', 'Snorlax']",27,5,9
gen1ubers-2180733018,[Gen 1] UBERS,2024-08-15 17:19:17,1082,gloom24666,calmmind8048,gloom24666,True,"['Cloyster', 'Mewtwo', 'Mew', 'Chansey', 'Snorlax', 'Alakazam']","['Cloyster', 'Mewtwo', 'Mew', 'Exeggutor', 'Chansey', 'Snorlax']",91,27,31
gen1ubers-751418894,[Gen 1] UBERS,2018-05-23 00:44:13,,woodhammer83701,miltank57341,woodhammer83701,False,"['Fearow', 'Butterfree', 'Pikachu']","['Kadabra', 'Alakazam', 'Abra']",31,5,2
gen1ubers-764423994,[Gen 1] UBERS,2018-06-19 03:27:01,,mismagius3640,tailwhip2839,tailwhip2839,False,"['Mew', 'Mewtwo', 'Slowbro', 'Zapdos', 'Chansey', 'Snorlax']","['Mew', 'Mewtwo', 'Exeggutor', 'Tauros', 'Snorlax']",33,6,6
smogtours-gen1ubers-699786,[Gen 1] UBERS,2023-06-28 20:53:08,,fissure61188,aurasphere76841,fissure61188,False,"['Mewtwo', 'Mew', 'Gengar', 'Chansey', 'Snorlax', 'Dragonite']","['Exeggutor', 'Mewtwo', 'Mew', 'Tauros', 'Chansey', 'Snorlax']",44,10,20
rom-gen1ubers-539566,[Gen 1] UBERS,2019-04-16 23:01:26,,constrict58938,sudowoodo17153,constrict58938,False,"['Mew', 'Slowbro', 'Zapdos', 'Chansey', 'Snorlax']","['Mewtwo', 'Mew', 'Slowbro', 'Jynx', 'Chansey', 'Snorlax']",64,6,9
gen1ubers-792823581,[Gen 1] UBERS,2018-08-19 15:16:13,,raindance50399,tailwhip2839,tailwhip2839,True,"['Starmie', 'Exeggutor', 'Mewtwo', 'Mew', 'Chansey', 'Snorlax']","['Mew', 'Exeggutor', 'Tauros', 'Chansey', 'Snorlax']",35,9,8
gen1ubers-2181332283,[Gen 1] UBERS,2024-08-16 14:44:07,1000,seaincense25649,worryseed5935,worryseed5935,False,"['Mew', 'Mewtwo', 'Exeggutor', 'Tauros', 'Electrode', 'Gengar']","['Mew', 'Mewtwo', 'Tauros', 'Gengar', 'Chansey', 'Snorlax']",26,5,7
smogtours-gen1ubers-524602,[Gen 1] UBERS,2020-10-29 21:05:49,,starfberry84995,deoxysdefense78874,starfberry84995,True,"['Jynx', 'Mewtwo', 'Mew', 'Snorlax']","['Mewtwo', 'Mew', 'Jynx', 'Chansey', 'Snorlax']",25,7,5
gen1ubers-640411501,[Gen 1] UBERS,2017-10-04 00:13:52,,azumarill94189,woodhammer83701,woodhammer83701,False,"['Onix', 'Geodude']","['Pidgey', 'Pikachu']",55,1,7
gen1ubers-759186312,[Gen 1] UBERS,2018-06-07 22:04:39,,aggron60452,palkia77517,aggron60452,True,"['Gengar', 'Chansey', 'Mew', 'Slowbro']","['Moltres', 'Mewtwo', 'Exeggutor', 'Gengar', 'Rhydon', 'Snorlax']",52,6,10
smogtours-gen1ubers-818874,[Gen 1] UBERS,2025-02-09 02:14:19,,wingattack30461,frenzyplant87849,wingattack30461,False,"['Mewtwo', 'Exeggutor', 'Mew', 'Slowbro', 'Gengar', 'Snorlax']","['Cloyster', 'Starmie', 'Mewtwo', 'Mew', 'Chansey', 'Dragonite']",68,9,12
smogtours-gen1ubers-567122,[Gen 1] UBERS,2021-06-20 19:42:53,,krabby97145,arceusghost8496,arceusghost8496,True,"['Mew', 'Mewtwo', 'Zapdos', 'Jynx', 'Chansey', 'Snorlax']","['Mew', 'Exeggutor', 'Mewtwo', 'Tauros', 'Chansey', 'Snorlax']",60,16,15
gen1ubers-243519222,[Gen 1] UBERS,2015-06-24 17:07:47,,absol37368,rage56973,rage56973,False,"['Mew', 'Mewtwo', 'Slowbro', 'Jynx', 'Chansey', 'Articuno']","['Mew', 'Mewtwo', 'Slowbro', 'Jynx', 'Chansey', 'Snorlax']",93,14,10
gen1ubers-394259338,[Gen 1] UBERS,2016-07-02 12:03:01,,focusenergy12335,innerfocus91859,innerfocus91859,True,"['Mew', 'Tauros', 'Slowbro', 'Jynx', 'Chansey']","['Mew', 'Mewtwo', 'Slowbro', 'Jynx', 'Chansey', 'Snorlax']",38,6,7
gen1ubers-764851156,[Gen 1] UBERS,2018-06-20 01:05:06,1000,shockwave19413,purepower58378,purepower58378,True,"['Mewtwo', 'Exeggutor', 'Chansey', 'Rhydon', 'Arcanine']","['Alakazam', 'Zapdos', 'Snorlax']",17,5,4
smogtours-gen1ubers-655633,[Gen 1] UBERS,2022-10-16 21:15:25,,synchronize14428,starfberry84995,starfberry84995,True,"['Exeggutor', 'Mewtwo', 'Mew', 'Tauros', 'Chansey', 'Snorlax']","['Cloyster', 'Mewtwo', 'Mew', 'Golem', 'Gengar', 'Snorlax']",63,28,18
rom-gen1ubers-470477,[Gen 1] UBERS,2018-12-04 18:39:30,,constrict58938,sudowoodo17153,constrict58938,False,"['Mew', 'Slowbro', 'Zapdos', 'Chansey', 'Snorlax']","['Mewtwo', 'Mew', 'Slowbro', 'Jynx', 'Chansey', 'Snorlax']",46,4,8
gen1ubers-774256940,[Gen 1] UBERS,2018-07-11 08:49:20,,krabby97145,magmastorm83132,magmastorm83132,False,"['Mewtwo', 'Mew', 'Zapdos', 'Jynx', 'Chansey', 'Snorlax']","['Exeggutor', 'Mew', 'Mewtwo', 'Tauros', 'Slowbro', 'Snorlax']",54,23,17
gen1ubers-790272515,[Gen 1] UBERS,2018-08-13 22:31:52,,mrmime91353,tailwhip2839,tailwhip2839,False,"['Mew', 'Exeggutor', 'Tauros', 'Chansey', 'Snorlax', 'Alakazam']","['Mew', 'Exeggutor', 'Tauros', 'Slowbro', 'Chansey', 'Snorlax']",95,13,16
gen1ubers-867970418,[Gen 1] UBERS,2019-02-26 17:12:56,,krabby97145,icicleplate49268,krabby97145,True,"['Mewtwo', 'Mew', 'Zapdos', 'Jynx', 'Chansey', 'Snorlax']","['Mewtwo', 'Mew', 'Exeggutor', 'Tauros', 'Slowbro', 'Snorlax']",111,13,15
gen1ubers-1063240816,[Gen 1] UBERS,2020-02-14 17:26:51,,smoothrock89427,dragonclaw44114,smoothrock89427,False,"['Scyther', 'Snorlax', 'Blastoise', 'Alakazam']","['Rhydon', 'Charizard', 'Kabutops', 'Aerodactyl']",19,3,3
gen1ubers-764115797,[Gen 1] UBERS,2018-06-18 14:21:36,,taillow66737,naturepower57210,naturepower57210,False,"['Moltres', 'Mew', 'Mewtwo', 'Zapdos', 'Snorlax', 'Articuno']","['Exeggutor', 'Mewtwo', 'Mew', 'Tauros', 'Slowbro', 'Snorlax']",32,8,6
gen1ubers-740232458,[Gen 1] UBERS,2018-04-30 03:04:51,,drifblim84361,eevee75445,drifblim84361,False,"['Dodrio', 'Victreebel', 'Rhydon', 'Alakazam', 'Blastoise']","['Charizard', 'Jolteon', 'Slowbro', 'Nidoking', 'Primeape', 'Snorlax']",22,8,10
smogtours-gen1ubers-786107,[Gen 1] UBERS,2024-08-17 23:53:10,,psn38480,rockslide51850,psn38480,False,"['Mewtwo', 'Mew', 'Tauros', 'Gengar', 'Chansey', 'Snorlax']","['Mewtwo', 'Mew', 'Tauros', 'Jynx', 'Rhydon', 'Snorlax']",69,18,23
smogtours-gen1ubers-818793,[Gen 1] UBERS,2025-02-08 22:20:23,,vespiquen29498,hyperfang93007,hyperfang93007,False,"['Starmie', 'Mew', 'Exeggutor', 'Jolteon', 'Mewtwo', 'Snorlax']","['Mew', 'Mewtwo', 'Tauros', 'Zapdos', 'Hypno', 'Snorlax']",51,17,12
gen1ubers-2174438140,[Gen 1] UBERS,2024-08-06 06:06:28,1216,poisonpowder88566,tailwind1994,poisonpowder88566,False,"['Mew', 'Mewtwo', 'Jynx', 'Chansey', 'Snorlax', 'Articuno']","['Mew', 'Mewtwo', 'Jolteon', 'Tauros', 'Chansey', 'Snorlax']",179,47,11
gen1ubers-2278206896,[Gen 1] UBERS,2025-01-10 00:41:14,,togepi76939,covet29262,togepi76939,False,"['Mew', 'Mewtwo', 'Tauros', 'Slowbro', 'Chansey', 'Snorlax']","['Mewtwo', 'Mew', 'Tauros', 'Slowbro', 'Chansey', 'Venusaur']",50,12,15
gen1ubers-403799586,[Gen 1] UBERS,2016-07-22 21:09:39,,highjumpkick85972,banette28544,highjumpkick85972,True,"['Exeggutor', 'Snorlax', 'Zapdos', 'Tauros']","['Mewtwo', 'Mew', 'Slowbro', 'Jynx', 'Chansey', 'Snorlax']",23,4,8
gen1ubers-2176975506,[Gen 1] UBERS,2024-08-09 22:42:36,1050,revenge71921,enigmaberry54782,revenge71921,False,"['Mewtwo', 'Mew', 'Tauros', 'Chansey', 'Snorlax', 'Vaporeon']","['Mewtwo', 'Mew', 'Zapdos', 'Gengar', 'Chansey', 'Snorlax']",32,10,9
smogtours-gen1ubers-680219,[Gen 1] UBERS,2023-03-12 20:51:39,,drillpeck8655,helixfossil28994,drillpeck8655,False,"['Mewtwo', 'Exeggutor', 'Mew', 'Slowbro', 'Zapdos', 'Snorlax']","['Exeggutor', 'Mewtwo', 'Mew', 'Chansey', 'Rhydon', 'Snorlax']",39,16,19
smogtours-gen1ubers-591642,[Gen 1] UBERS,2021-11-06 23:13:39,,synchronize14428,honeygather86735,honeygather86735,False,"['Starmie', 'Mew', 'Exeggutor', 'Mewtwo', 'Chansey', 'Snorlax']","['Mew', 'Mewtwo', 'Zapdos', 'Gengar', 'Chansey', 'Snorlax']",113,12,15
gen1ubers-639920308,[Gen 1] UBERS,2017-10-02 22:41:45,,kangaskhan64117,pidgeot66575,pidgeot66575,False,"['Exeggutor', 'Mewtwo', 'Tauros', 'Jynx', 'Chansey', 'Snorlax']","['Mewtwo', 'Chansey', 'Alakazam', 'Rhydon', 'Snorlax']",41,14,15
smogtours-gen1ubers-673569,[Gen 1] UBERS,2023-02-06 03:03:37,,mudsport71981,kangaskhan41867,mudsport71981,True,"['Exeggutor', 'Mewtwo', 'Mew', 'Slowbro', 'Sandslash', 'Snorlax']","['Exeggutor', 'Mewtwo', 'Mew', 'Gengar', 'Chansey', 'Snorlax']",71,12,14
gen1ubers-938292981,[Gen 1] UBERS,2019-07-02 03:11:58,,futuresight13270,spheal66020,futuresight13270,True,"['Mew', 'Zapdos', 'Jynx', 'Chansey', 'Snorlax']","['Mew', 'Mewtwo', 'Tauros', 'Electrode', 'Chansey', 'Snorlax']",27,5,8
gen1ubers-2329627446,[Gen 1] UBERS,2025-03-28 03:01:45,,megapunch71247,tailwind1994,tailwind1994,False,"['Mewtwo', 'Mew', 'Tauros', 'Gengar', 'Chansey', 'Snorlax']","['Exeggutor', 'Mewtwo', 'Mew', 'Slowbro', 'Chansey', 'Snorlax']",72,11,11
gen1ubers-693847135,[Gen 1] UBERS,2018-01-25 01:21:43,,krabby97145,delcatty31981,krabby97145,False,"['Exeggutor', 'Mewtwo', 'Mew', 'Slowbro', 'Jynx', 'Chansey']","['Mewtwo', 'Mew', 'Electrode', 'Golem', 'Jynx', 'Chansey']",116,15,9
gen1ubers-679197796,[Gen 1] UBERS,2017-12-25 03:11:32,,woodhammer83701,miltank57341,woodhammer83701,False,"['Bulbasaur', 'Snorlax', 'Poliwrath', 'Pikachu']","['Pidgeotto', 'Golduck', 'Scyther', 'Charmeleon', 'Gastly']",31,4,6
gen1ubers-2206679586,[Gen 1] UBERS,2024-09-21 18:28:06,,shedshell15156,bind94813,bind94813,False,"['Jolteon', 'Aerodactyl', 'Nidoking', 'Gengar', 'Alakazam', 'Dragonite']","['Starmie', 'Tauros', 'Aerodactyl', 'Electrode', 'Dodrio', 'Rhydon']",33,11,9
gen1ubers-2066187361,[Gen 1] UBERS,2024-02-23 21:12:15,,grudge18697,gorebyss2916,grudge18697,False,"['Electrode', 'Chansey']","['Electrode', 'Chansey']",129,51,35
gen1ubers-2191519881,[Gen 1] UBERS,2024-08-31 05:22:54,,psychic33775,gluttony57471,gluttony57471,False,"['Mew', 'Mewtwo', 'Exeggutor', 'Zapdos', 'Chansey', 'Snorlax']","['Mew', 'Mewtwo', 'Jolteon', 'Slowbro', 'Chansey', 'Snorlax']",108,8,12
gen1ubers-762950351,[Gen 1] UBERS,2018-06-15 21:01:57,1000,mareep61680,frz89236,frz89236,False,"['Charizard', 'Kabutops', 'Haunter', 'Alakazam', 'Pikachu', 'Beedrill']","['Mewtwo', 'Alakazam', 'Golem']",15,7,3
gen1ubers-2175749780,[Gen 1] UBERS,2024-08-08 03:13:18,1000,overheat90409,adamantorb53913,overheat90409,False,"['Mewtwo', 'Mew', 'Slowbro', 'Zapdos', 'Snorlax']","['Mew', 'Exeggutor', 'Mewtwo', 'Tauros', 'Chansey', 'Alakazam']",54,4,8
rom-gen1ubers-496024,[Gen 1] UBERS,2018-12-30 05:43:19,,noguard66106,sudowoodo17153,noguard66106,False,"['Mewtwo', 'Mew', 'Exeggutor', 'Slowbro', 'Jynx', 'Chansey']","['Exeggutor', 'Mewtwo', 'Mew', 'Slowbro', 'Jynx', 'Chansey']",204,39,85
smogtours-gen1ubers-80074,[Gen 1] UBERS,2015-08-03 19:45:02,,safariball30401,weedle49700,safariball30401,False,"['Exeggutor', 'Mewtwo', 'Mew', 'Tauros', 'Zapdos', 'Snorlax']","['Mewtwo', 'Mew', 'Slowbro', 'Jynx', 'Chansey', 'Snorlax']",83,11,11
gen1ubers-826351888,[Gen 1] UBERS,2018-10-27 10:24:13,,scopelens90277,krabby97145,krabby97145,False,"['Mew', 'Exeggutor', 'Tauros', 'Chansey', 'Snorlax', 'Alakazam']","['Starmie', 'Exeggutor', 'Mew', 'Tauros', 'Golem', 'Chansey']",56,20,16
gen1ubers-2312524076,[Gen 1] UBERS,2025-03-04 20:37:29,,rawstberry77414,sneasel14451,rawstberry77414,False,"['Scyther', 'Poliwhirl', 'Graveler', 'Haunter', 'Ivysaur', 'Drowzee']","['Graveler', 'Haunter', 'Ivysaur', 'Wartortle', 'Drowzee', 'Charmeleon']",30,12,13
smogtours-gen1ubers-610434,[Gen 1] UBERS,2022-02-26 17:25:39,,doubleslap23021,painsplit82259,painsplit82259,False,"['Mew', 'Mewtwo', 'Zapdos', 'Gengar', 'Chansey', 'Snorlax']","['Starmie', 'Mew', 'Chansey', 'Rhydon', 'Snorlax']",32,11,6
smogtours-gen1ubers-701830,[Gen 1] UBERS,2023-07-08 17:12:05,,sandattack94842,powerherb16934,sandattack94842,False,"['Mew', 'Mewtwo', 'Tauros', 'Zapdos', 'Chansey', 'Snorlax']","['Exeggutor', 'Mewtwo', 'Mew', 'Chansey', 'Rhydon', 'Snorlax']",67,12,9
smogtours-gen1ubers-696499,[Gen 1] UBERS,2023-06-10 19:48:13,,habanberry18693,extremespeed62335,habanberry18693,False,"['Cloyster', 'Mewtwo', 'Snorlax']","['Mew', 'Mewtwo', 'Tauros', 'Slowbro', 'Chansey', 'Snorlax']",24,4,6
smogtours-gen1ubers-424050,[Gen 1] UBERS,2019-02-03 18:24:06,,bonsly23037,porygon292324,porygon292324,True,"['Exeggutor', 'Mew', 'Slowbro', 'Jynx', 'Chansey']","['Exeggutor', 'Mew', 'Slowbro', 'Chansey', 'Snorlax']",34,7,4
gen1ubers-2333923935,[Gen 1] UBERS,2025-04-02 21:39:45,,calmmind96420,whismur97881,calmmind96420,False,"['Samurott-Hisui', 'Aerodactyl-Mega', 'Crucibelle', 'Hemogoblin', 'Polteageist']","['Altaria', 'Claydol', 'Cyclohm', 'Hitmontop', 'Dhelmise', 'Clefable']",35,9,11
gen1ubers-2190630498,[Gen 1] UBERS,2024-08-29 22:45:21,1197,aircutter66087,irontail68167,aircutter66087,False,"['Mewtwo', 'Mew', 'Jolteon', 'Beedrill', 'Jynx', 'Snorlax']","['Cloyster', 'Mew', 'Mewtwo', 'Chansey', 'Snorlax', 'Alakazam']",53,10,12
gen1ubers-758178925,[Gen 1] UBERS,2018-06-05 22:18:19,1123,lavaplume94266,airslash63871,airslash63871,False,"['Mewtwo', 'Aerodactyl', 'Magneton', 'Slowbro', 'Snorlax', 'Tentacruel']","['Mewtwo', 'Mew', 'Exeggutor', 'Gengar', 'Snorlax', 'Dragonite']",91,13,22
smogtours-gen1ubers-696060,[Gen 1] UBERS,2023-06-07 20:19:09,,powerherb16934,golduck35019,powerherb16934,False,"['Mewtwo', 'Mew', 'Slowbro', 'Zapdos', 'Jynx', 'Snorlax']","['Mew', 'Mewtwo', 'Zapdos', 'Jynx', 'Chansey', 'Snorlax']",57,11,16
smogtours-gen1ubers-782556,[Gen 1] UBERS,2024-07-27 13:41:42,,drapion2237,mareep93864,drapion2237,False,"['Starmie', 'Mew', 'Exeggutor', 'Mewtwo', 'Tauros', 'Snorlax']","['Starmie', 'Mew', 'Exeggutor', 'Mewtwo', 'Rhydon', 'Snorlax']",50,9,10
gen1ubers-810792832,[Gen 1] UBERS,2018-09-25 11:46:25,,magnetpull12833,zoomlens15496,zoomlens15496,True,"['Jynx', 'Exeggutor', 'Snorlax']","['Slowbro', 'Exeggutor', 'Snorlax', 'Tauros']",14,4,4
gen1ubers-986167227,[Gen 1] UBERS,2019-10-03 04:59:45,,passhoberry39799,waterpulse18082,waterpulse18082,False,"['Starmie', 'Pidgeot', 'Charizard', 'Gengar', 'Electabuzz', 'Snorlax']","['Exeggutor', 'Mewtwo', 'Porygon', 'Chansey', 'Snorlax']",44,9,5
smogtours-gen1ubers-614975,[Gen 1] UBERS,2022-03-20 22:22:01,,dig95510,synchronize14428,synchronize14428,True,"['Mewtwo', 'Mew', 'Tauros', 'Slowbro', 'Jynx', 'Snorlax']","['Exeggutor', 'Mewtwo', 'Mew', 'Gengar', 'Chansey', 'Snorlax']",123,13,13
smogtours-gen1ubers-179435,[Gen 1] UBERS,2016-07-23 20:33:39,,hustle11937,poisonheal42759,hustle11937,True,"['Exeggutor', 'Mewtwo', 'Mew', 'Tauros', 'Slowbro', 'Snorlax']","['Exeggutor', 'Mewtwo', 'Mew', 'Gengar', 'Chansey', 'Snorlax']",51,7,7
gen1ubers-680392472,[Gen 1] UBERS,2017-12-27 21:57:04,,woodhammer83701,hypno99223,woodhammer83701,False,['Charmeleon'],['Onix'],10,0,0
smogtours-gen1ubers-651659,[Gen 1] UBERS,2022-09-30 17:00:38,,nestball5505,crawdaunt31133,nestball5505,True,"['Cloyster', 'Mew', 'Mewtwo', 'Tauros', 'Chansey', 'Snorlax']","['Mewtwo', 'Mew', 'Slowbro', 'Chansey', 'Snorlax', 'Alakazam']",74,11,12
smogtours-gen1ubers-749947,[Gen 1] UBERS,2024-02-25 19:49:54,,fissure61188,arceusghost8496,fissure61188,True,"['Mew', 'Mewtwo', 'Tauros', 'Zapdos', 'Hypno', 'Snorlax']","['Venomoth', 'Mewtwo', 'Mew', 'Slowbro', 'Chansey', 'Rhydon']",140,31,32
rom-gen1ubers-470489,[Gen 1] UBERS,2018-12-04 18:44:03,,constrict58938,sudowoodo17153,constrict58938,False,"['Mewtwo', 'Slowbro', 'Zapdos', 'Chansey', 'Snorlax']","['Mewtwo', 'Mew', 'Slowbro', 'Jynx', 'Chansey', 'Snorlax']",35,4,8
gen1ubers-937137791,[Gen 1] UBERS,2019-06-29 23:23:47,1166,moldbreaker94005,spinarak99777,moldbreaker94005,False,"['Mewtwo', 'Mew', 'Exeggutor', 'Slowbro', 'Gengar']","['Cloyster', 'Exeggutor', 'Slowbro', 'Golem', 'Gengar', 'Chansey']",80,15,22
gen1ubers-826392984,[Gen 1] UBERS,2018-10-27 13:04:40,,return265,scopelens90277,return265,False,"['Exeggutor', 'Mew', 'Tauros', 'Jynx', 'Chansey', 'Snorlax']","['Starmie', 'Exeggutor', 'Tauros', 'Chansey', 'Snorlax', 'Alakazam']",42,14,17
smogtours-gen1ubers-139988,[Gen 1] UBERS,2016-03-18 14:51:35,,razzberry90727,seviper42880,razzberry90727,True,"['Exeggutor', 'Mew', 'Tauros', 'Chansey', 'Alakazam', 'Snorlax']","['Starmie', 'Mew', 'Tauros', 'Slowbro', 'Golem', 'Chansey']",30,7,8
smogtours-gen1ubers-239473,[Gen 1] UBERS,2017-01-26 19:25:09,,blastburn68087,icepunch49350,blastburn68087,False,"['Mewtwo', 'Mew', 'Slowbro', 'Jynx', 'Chansey', 'Snorlax']","['Mew', 'Exeggutor', 'Mewtwo', 'Tauros', 'Zapdos', 'Snorlax']",45,12,10
gen1ubers-2171605163,[Gen 1] UBERS,2024-08-01 22:00:32,1000,chopleberry38027,mothim16598,chopleberry38027,True,"['Rhydon', 'Starmie', 'Mewtwo']","['Gengar', 'Mewtwo', 'Jolteon', 'Gyarados']",8,3,3
smogtours-gen1ubers-747405,[Gen 1] UBERS,2024-02-15 02:46:12,,loveball86419,hypnosis24434,hypnosis24434,False,"['Mew', 'Exeggutor', 'Mewtwo', 'Gengar', 'Chansey', 'Snorlax']","['Mew', 'Exeggutor', 'Mewtwo', 'Gengar', 'Chansey', 'Snorlax']",44,11,10
smogtours-gen1ubers-818988,[Gen 1] UBERS,2025-02-09 15:21:18,,drapion2237,status34375,status34375,False,"['Starmie', 'Exeggutor', 'Mew', 'Mewtwo', 'Rhydon', 'Snorlax']","['Mewtwo', 'Exeggutor', 'Mew', 'Zapdos', 'Snorlax', 'Articuno']",53,28,20
gen1ubers-1146485545,[Gen 1] UBERS,2020-07-07 00:58:21,,tailwhip2839,magnetrise21163,tailwhip2839,True,"['Exeggutor', 'Mew', 'Mewtwo', 'Tauros', 'Chansey', 'Snorlax']","['Mewtwo', 'Mew', 'Zapdos', 'Golem', 'Jynx', 'Chansey']",84,11,8
smogtours-gen1ubers-668531,[Gen 1] UBERS,2023-01-14 21:00:58,,psn38480,deoxysdefense78874,deoxysdefense78874,False,"['Mew', 'Mewtwo', 'Slowbro', 'Gengar', 'Chansey', 'Snorlax']","['Starmie', 'Mew', 'Mewtwo', 'Chansey', 'Rhydon', 'Snorlax']",73,27,25
gen1ubers-953018311,[Gen 1] UBERS,2019-07-30 20:36:49,,slp80522,mindplate88811,slp80522,False,"['Seadra', 'Mewtwo', 'Porygon', 'Zapdos', 'Golbat']","['Moltres', 'Cloyster', 'Venomoth', 'Sandslash', 'Machamp', 'Dragonite']",27,5,12
gen1ubers-716550179,[Gen 1] UBERS,2018-03-11 19:54:37,,stickybarb85522,roselia93938,stickybarb85522,False,"['Starmie', 'Mewtwo', 'Mew', 'Tauros', 'Chansey', 'Snorlax']","['Exeggutor', 'Mewtwo', 'Mew', 'Tauros', 'Chansey', 'Alakazam']",85,7,10
gen1ubers-828726979,[Gen 1] UBERS,2018-11-01 03:57:29,,staryu3108,camerupt44165,staryu3108,True,"['Mewtwo', 'Mew', 'Slowbro', 'Zapdos', 'Golem', 'Snorlax']","['Mew', 'Exeggutor', 'Mewtwo', 'Slowbro', 'Chansey', 'Snorlax']",115,10,16
gen1ubers-2213124168,[Gen 1] UBERS,2024-09-30 21:53:25,,heatran58448,gloom50365,heatran58448,False,"['Starmie', 'Exeggutor', 'Jolteon', 'Zapdos', 'Jynx', 'Alakazam']","['Starmie', 'Exeggutor', 'Tauros', 'Jynx', 'Chansey', 'Rhydon']",48,16,14
gen1ubers-824859522,[Gen 1] UBERS,2018-11-23 03:57:08,,tropius17094,stomp30555,tropius17094,False,"['Golduck', 'Tauros', 'Electrode', 'Jynx', 'Persian', 'Snorlax']","['Moltres', 'Lapras', 'Magneton', 'Nidoqueen', 'Poliwrath', 'Gengar']",41,9,9
smogtours-gen1ubers-185215,[Gen 1] UBERS,2016-08-12 21:19:25,,aspearberry45831,hustle11937,hustle11937,False,"['Mewtwo', 'Mew', 'Exeggutor', 'Tauros', 'Zapdos', 'Snorlax']","['Mewtwo', 'Exeggutor', 'Mew', 'Tauros', 'Slowbro', 'Snorlax']",38,12,6
smogtours-gen1ubers-784882,[Gen 1] UBERS,2024-08-09 20:35:07,,tangrowth23890,rockslide51850,rockslide51850,False,"['Mew', 'Exeggutor', 'Mewtwo', 'Tauros', 'Chansey', 'Snorlax']","['Mew', 'Mewtwo', 'Slowbro', 'Gengar', 'Chansey', 'Snorlax']",130,22,32
gen1ubers-2190325332,[Gen 1] UBERS,2024-08-29 14:34:35,1079,psychic75056,gluttony10293,psychic75056,True,"['Golduck', 'Mewtwo', 'Mew', 'Golem', 'Gengar']","['Mew', 'Mewtwo', 'Exeggutor', 'Zapdos', 'Chansey', 'Snorlax']",19,6,7
gen1ubers-1080877207,[Gen 1] UBERS,2020-03-18 00:29:46,,return49082,nknownability59763,nknownability59763,False,"['Aerodactyl', 'Zapdos', 'Venusaur', 'Gyarados', 'Arcanine', 'Beedrill']","['Zapdos', 'Chansey', 'Victreebel', 'Rhydon', 'Alakazam']",33,7,9
gen1ubers-834635307,[Gen 1] UBERS,2018-11-13 00:08:04,,teeterdance59533,acid42394,acid42394,True,"['Mew', 'Exeggutor', 'Mewtwo', 'Tauros', 'Slowbro', 'Chansey']","['Mew', 'Exeggutor', 'Mewtwo', 'Tauros', 'Chansey', 'Snorlax']",47,8,10
gen1ubers-1063008135,[Gen 1] UBERS,2020-02-14 05:44:05,,shuckle4514,magicguard14043,shuckle4514,True,"['Mewtwo', 'Mew', 'Tauros', 'Slowbro', 'Jynx', 'Chansey']","['Mew', 'Mewtwo', 'Exeggutor', 'Slowbro', 'Gengar', 'Snorlax']",34,8,7
gen1ubers-834214587,[Gen 1] UBERS,2018-12-11 22:33:03,,snorunt74259,powertrick84492,powertrick84492,False,"['Exeggutor', 'Tauros', 'Golem', 'Machamp', 'Rhydon', 'Snorlax']","['Starmie', 'Arcanine', 'Alakazam', 'Tauros']",26,10,6
gen1ubers-520744294,[Gen 1] UBERS,2017-01-20 23:43:37,,darkrai32031,wrap55234,wrap55234,False,"['Cloyster', 'Exeggutor', 'Charizard', 'Jolteon', 'Golem', 'Chansey']","['Lapras', 'Exeggutor', 'Chansey', 'Alakazam', 'Snorlax']",42,10,9
rom-gen1ubers-512643,[Gen 1] UBERS,2019-01-21 03:42:56,,heatwave24674,sudowoodo17153,heatwave24674,False,"['Exeggutor', 'Mew', 'Mewtwo', 'Tauros', 'Slowbro', 'Chansey']","['Exeggutor', 'Mewtwo', 'Mew', 'Slowbro', 'Jynx', 'Chansey']",142,11,7
gen1ubers-2177058357,[Gen 1] UBERS,2024-08-10 01:36:53,1108,revenge71921,softboiled62997,softboiled62997,False,"['Mewtwo', 'Mew', 'Tauros', 'Chansey', 'Snorlax', 'Vaporeon']","['Mew', 'Mewtwo', 'Exeggutor', 'Tauros', 'Chansey', 'Snorlax']",38,15,11
gen1ubers-1139801544,[Gen 1] UBERS,2020-06-26 01:44:25,,paras61636,glaceon53740,glaceon53740,False,"['Mewtwo', 'Mew', 'Slowbro', 'Jynx', 'Chansey', 'Snorlax']","['Mew', 'Mewtwo', 'Slowbro', 'Gengar', 'Chansey', 'Snorlax']",51,7,8
gen1ubers-1108858271,[Gen 1] UBERS,2020-05-05 01:31:02,,innerfocus91859,fearow28019,fearow28019,True,"['Mew', 'Mewtwo', 'Exeggutor', 'Tauros', 'Chansey', 'Snorlax']","['Mewtwo', 'Jolteon', 'Tauros']",19,7,3
gen1ubers-1177719052,[Gen 1] UBERS,2020-08-29 21:31:17,,illumise34719,irondefense62985,illumise34719,False,"['Lapras', 'Jolteon', 'Alakazam', 'Snorlax', 'Dragonite', 'Blastoise']","['Seadra', 'Charizard', 'Electrode', 'Marowak', 'Gengar', 'Dragonite']",49,10,6
gen1ubers-404626590,[Gen 1] UBERS,2016-07-24 12:30:42,,fire84655,aspearberry45831,aspearberry45831,False,"['Starmie', 'Mew', 'Exeggutor', 'Mewtwo', 'Chansey', 'Snorlax']","['Mew', 'Exeggutor', 'Mewtwo', 'Tauros', 'Zapdos', 'Snorlax']",73,11,12
smogtours-gen1ubers-651147,[Gen 1] UBERS,2022-09-25 19:14:27,,synchronize14428,mefirst94337,synchronize14428,True,"['Exeggutor', 'Mewtwo', 'Mew', 'Tauros', 'Chansey', 'Snorlax']","['Exeggutor', 'Mewtwo', 'Mew', 'Zapdos', 'Chansey', 'Snorlax']",51,12,13
gen1ubers-2176559292,[Gen 1] UBERS,2024-08-09 09:02:37,1000,chingling33806,punishment38172,punishment38172,False,"['Mew', 'Exeggutor', 'Mewtwo', 'Chansey', 'Ditto', 'Snorlax']","['Mewtwo', 'Mew', 'Exeggutor', 'Golem', 'Gengar', 'Snorlax']",24,8,7
smogtours-gen1ubers-781451,[Gen 1] UBERS,2024-07-21 00:14:55,,icebody51285,psn38480,psn38480,True,"['Mew', 'Mewtwo', 'Tauros', 'Zapdos', 'Chansey', 'Snorlax']","['Starmie', 'Exeggutor', 'Mew', 'Mewtwo', 'Rhydon', 'Snorlax']",42,15,11
smogtours-gen1ubers-115691,[Gen 1] UBERS,2016-01-21 18:19:48,,arceus91588,iceshard54290,arceus91588,False,"['Mewtwo', 'Mew', 'Tauros', 'Slowbro', 'Jynx', 'Snorlax']","['Mewtwo', 'Mew', 'Tauros', 'Zapdos', 'Jynx', 'Chansey']",48,8,11
gen1ubers-1055176062,[Gen 1] UBERS,2020-01-30 16:06:51,,anticipation69983,stoneedge33105,anticipation69983,True,"['Arcanine', 'Exeggutor', 'Alakazam', 'Gyarados']","['Cloyster', 'Golem', 'Jynx', 'Victreebel', 'Persian', 'Hypno']",25,4,9
gen1ubers-2179465103,[Gen 1] UBERS,2024-08-13 19:02:07,1092,ganlonberry52408,foresight22909,ganlonberry52408,True,"['Cloyster', 'Mew', 'Mewtwo', 'Exeggutor', 'Gengar', 'Chansey']","['Cloyster', 'Mew', 'Mewtwo', 'Exeggutor', 'Tauros', 'Snorlax']",35,7,6
gen1ubers-526828500,[Gen 1] UBERS,2017-02-01 03:58:26,,miltank57341,woodhammer83701,miltank57341,False,"['Tangela', 'Weepinbell']","['Sandshrew', 'Vulpix', 'Eevee', 'Magnemite', 'Fearow']",26,1,5
smogtours-gen1ubers-824352,[Gen 1] UBERS,2025-03-09 23:54:49,,mudsport71981,aurasphere76841,mudsport71981,True,"['Gengar', 'Starmie', 'Exeggutor', 'Mewtwo']","['Jynx', 'Mewtwo', 'Mew', 'Cloyster']",20,5,8
gen1ubers-871275883,[Gen 1] UBERS,2019-03-05 03:53:28,,delcatty31981,tailwhip2839,delcatty31981,False,"['Mew', 'Mewtwo', 'Electrode', 'Golem', 'Jynx', 'Chansey']","['Mew', 'Exeggutor', 'Mewtwo', 'Tauros', 'Chansey', 'Snorlax']",84,10,15
gen1ubers-2122293986,[Gen 1] UBERS,2024-05-11 02:45:55,,doubleteam75853,swellow81652,doubleteam75853,False,"['Chansey', 'Exeggutor', 'Mewtwo']","['Cloyster', 'Mew', 'Mewtwo', 'Slowbro', 'Rhydon', 'Alakazam']",85,2,8
gen1ubers-2179005300,[Gen 1] UBERS,2024-08-13 02:12:36,1000,clearbody17096,mothim5580,mothim5580,False,"['Cloyster', 'Mew', 'Mewtwo', 'Chansey', 'Snorlax', 'Alakazam']","['Cloyster', 'Jolteon', 'Tauros', 'Dugtrio', 'Persian', 'Dragonite']",50,10,9
gen1ubers-321334016,[Gen 1] UBERS,2016-01-23 23:46:56,,crunch44216,agility42543,agility42543,False,"['Machamp', 'Jynx', 'Mr. Mime', 'Snorlax', 'Clefable', 'Alakazam']","['Chansey', 'Alakazam', 'Clefable']",63,5,2
smogtours-gen1ubers-389326,[Gen 1] UBERS,2018-07-21 07:05:45,,magmastorm83132,cleffa16650,magmastorm83132,True,['Tauros'],"['Gengar', 'Exeggutor']",5,0,1
gen1ubers-2236727308,[Gen 1] UBERS,2024-11-03 20:21:43,,gible45423,greatball86069,greatball86069,False,"['Cloyster', 'Starmie', 'Exeggutor', 'Mew', 'Tauros', 'Snorlax']","['Starmie', 'Mew', 'Tauros', 'Jynx', 'Alakazam']",34,14,7
gen1ubers-430735313,[Gen 1] UBERS,2016-09-04 05:27:44,,shuppet59820,armaldo39941,shuppet59820,False,['Mewtwo'],"['Cloyster', 'Mewtwo', 'Mew', 'Arbok', 'Persian', 'Alakazam']",13,0,6
gen1ubers-1121676879,[Gen 1] UBERS,2020-05-26 18:21:31,,deoxysattack10208,luvdisc92099,deoxysattack10208,False,"['Mew', 'Golem', 'Jynx', 'Chansey', 'Gengar', 'Alakazam']","['Mew', 'Hitmonchan', 'Golem', 'Gengar', 'Snorlax', 'Alakazam']",98,14,11
gen1ubers-693836085,[Gen 1] UBERS,2018-01-25 00:38:36,,icicleplate24364,delcatty31981,delcatty31981,False,"['Cloyster', 'Mew', 'Mewtwo', 'Aerodactyl', 'Muk', 'Beedrill']","['Mew', 'Mewtwo', 'Charizard', 'Raichu', 'Venusaur', 'Blastoise']",21,5,6
gen1ubers-784104061,[Gen 1] UBERS,2018-07-31 21:42:45,,raindance50399,sandstorm11000,raindance50399,False,"['Jynx', 'Chansey', 'Mew', 'Snorlax']","['Mewtwo', 'Ninetales', 'Gyarados', 'Rhydon', 'Magmar', 'Dragonite']",18,3,6
gen1ubers-684145673,[Gen 1] UBERS,2018-01-04 23:30:26,,marshtomp92267,megadrain72478,megadrain72478,True,"['Mewtwo', 'Dragonite', 'Golem']","['Mew', 'Mewtwo', 'Jolteon', 'Chansey', 'Alakazam', 'Snorlax']",18,2,5
gen1ubers-2372342167,[Gen 1] UBERS,2025-05-26 17:14:14,,ledyba46914,poliwrath3176,poliwrath3176,True,"['Exeggutor', 'Mewtwo', 'Mew', 'Gengar', 'Snorlax', 'Articuno']","['Mew', 'Zapdos', 'Gengar', 'Chansey', 'Snorlax']",26,8,9
gen1ubers-775988569,[Gen 1] UBERS,2018-07-15 04:35:07,,raindance50399,aggron60452,raindance50399,True,"['Exeggutor', 'Mewtwo', 'Mew', 'Jynx', 'Chansey', 'Snorlax']","['Mewtwo', 'Mew', 'Slowbro', 'Gengar', 'Chansey', 'Snorlax']",79,14,15
smogtours-gen1ubers-696152,[Gen 1] UBERS,2023-06-08 20:26:02,,barboach88300,cascoon94634,cascoon94634,False,"['Exeggutor', 'Mewtwo', 'Mew', 'Chansey', 'Alakazam', 'Snorlax']","['Mew', 'Mewtwo', 'Tauros', 'Chansey', 'Snorlax']",29,11,7
gen1ubers-2174253396,[Gen 1] UBERS,2024-08-05 23:17:32,1164,poisonpowder88566,extremespeed54094,extremespeed54094,True,"['Jynx', 'Chansey', 'Mewtwo', 'Articuno']","['Cloyster', 'Chansey', 'Mew', 'Charizard']",18,7,5
gen1ubers-945273764,[Gen 1] UBERS,2019-07-15 18:50:02,,rest20747,tropius17094,rest20747,False,"['Cloyster', 'Exeggutor', 'Tauros', 'Slowbro', 'Jynx', 'Rhydon']","['Jolteon', 'Porygon', 'Zapdos', 'Golem', 'Alakazam', 'Snorlax']",45,9,11
smogtours-gen1ubers-697389,[Gen 1] UBERS,2023-06-16 17:02:09,,deoxysdefense78874,sandattack94842,deoxysdefense78874,True,"['Mew', 'Mewtwo', 'Tauros', 'Zapdos', 'Chansey']","['Mew', 'Mewtwo', 'Tauros', 'Slowbro', 'Chansey', 'Snorlax']",27,5,8
smogtours-gen1ubers-810289,[Gen 1] UBERS,2024-12-14 19:33:14,,mudsport71981,poisonpowder88566,poisonpowder88566,True,"['Mewtwo', 'Mew', 'Jolteon', 'Tauros', 'Jynx', 'Snorlax']","['Cloyster', 'Mewtwo', 'Mew', 'Zapdos', 'Gengar', 'Rhydon']",117,41,38
gen1ubers-706370438,[Gen 1] UBERS,2018-02-19 08:48:16,,chingling18487,lightningrod15845,chingling18487,False,"['Starmie', 'Mew', 'Exeggutor', 'Jolteon', 'Tauros', 'Alakazam']","['Starmie', 'Exeggutor', 'Lapras', 'Tauros', 'Golem', 'Chansey']",37,10,12
smogtours-gen1ubers-510832,[Gen 1] UBERS,2020-07-12 20:40:43,,synchronize14428,innerfocus91859,synchronize14428,True,"['Mew', 'Mewtwo', 'Zapdos', 'Gengar', 'Chansey', 'Snorlax']","['Mewtwo', 'Mew', 'Tauros', 'Jynx', 'Chansey', 'Snorlax']",105,18,10
rom-gen1ubers-484229,[Gen 1] UBERS,2018-12-18 23:01:03,,constrict58938,sudowoodo17153,constrict58938,False,"['Chansey', 'Mew', 'Snorlax', 'Zapdos']","['Mewtwo', 'Mew', 'Slowbro', 'Jynx', 'Chansey', 'Snorlax']",37,3,8
gen1ubers-2184472257,[Gen 1] UBERS,2024-08-21 05:11:37,1000,corphish19254,monferno96881,monferno96881,True,"['Jolteon', 'Tauros', 'Snorlax', 'Persian', 'Gyarados', 'Alakazam']","['Exeggutor', 'Mew', 'Mewtwo', 'Gengar', 'Chansey', 'Snorlax']",41,9,11
smogtours-gen1ubers-778302,[Gen 1] UBERS,2024-07-05 21:33:17,,quickclaw83695,aquaring89206,quickclaw83695,True,"['Mew', 'Mewtwo', 'Tauros', 'Zapdos', 'Jynx', 'Snorlax']","['Starmie', 'Mew', 'Exeggutor', 'Mewtwo', 'Rhydon', 'Snorlax']",58,12,13
gen1ubers-2066548281,[Gen 1] UBERS,2024-02-24 10:51:08,,gorebyss2916,bug23041,gorebyss2916,True,"['Electrode', 'Chansey']","['Electrode', 'Aerodactyl']",44,18,4
rom-gen1ubers-468460,[Gen 1] UBERS,2018-12-02 21:12:15,,constrict58938,sudowoodo17153,constrict58938,False,"['Chansey', 'Mew', 'Snorlax', 'Zapdos']","['Mewtwo', 'Mew', 'Slowbro', 'Jynx', 'Chansey', 'Snorlax']",23,3,7
gen1ubers-2066897732,[Gen 1] UBERS,2024-02-24 22:49:34,,sunnyday25634,gorebyss2916,sunnyday25634,False,"['Electrode', 'Aerodactyl']","['Gengar', 'Electrode', 'Aerodactyl']",47,1,11
gen1ubers-926328668,[Gen 1] UBERS,2019-06-11 16:52:16,1026,stunspore21508,houndoom54044,stunspore21508,False,"['Mew', 'Mewtwo', 'Lapras', 'Tauros', 'Gengar', 'Chansey']","['Mewtwo', 'Charizard', 'Marowak', 'Chansey', 'Venusaur', 'Blastoise']",45,8,7
smogtours-gen1ubers-593866,[Gen 1] UBERS,2021-11-20 17:23:08,,trick28969,synchronize14428,synchronize14428,False,"['Mew', 'Mewtwo', 'Slowbro', 'Gengar', 'Chansey', 'Snorlax']","['Starmie', 'Mew', 'Mewtwo', 'Exeggutor', 'Chansey', 'Snorlax']",60,10,13
smogtours-gen1ubers-813815,[Gen 1] UBERS,2025-01-12 02:53:33,,psn38480,drapion2237,drapion2237,True,"['Mew', 'Exeggutor', 'Mewtwo', 'Tauros', 'Zapdos', 'Snorlax']","['Starmie', 'Exeggutor', 'Mewtwo', 'Mew', 'Rhydon', 'Snorlax']",41,10,11
gen1ubers-866926787,[Gen 1] UBERS,2019-02-24 09:29:30,,trick33871,swalot15800,trick33871,False,"['Mew', 'Mewtwo', 'Exeggutor', 'Tauros', 'Slowbro', 'Chansey']","['Mewtwo', 'Mew', 'Zapdos', 'Gengar', 'Chansey', 'Snorlax']",133,10,11
rom-gen1ubers-468244,[Gen 1] UBERS,2018-12-02 18:24:59,,constrict58938,sudowoodo17153,constrict58938,False,"['Mew', 'Mewtwo', 'Exeggutor', 'Zapdos', 'Snorlax']","['Mew', 'Mewtwo', 'Slowbro', 'Jynx', 'Chansey', 'Snorlax']",32,4,10
smogtours-gen1ubers-589750,[Gen 1] UBERS,2021-10-30 18:23:16,,gengarmega88128,innerfocus91859,innerfocus91859,False,"['Exeggutor', 'Mewtwo', 'Mew', 'Tauros', 'Chansey', 'Snorlax']","['Cloyster', 'Mew', 'Mewtwo', 'Tauros', 'Chansey', 'Snorlax']",40,15,11
smogtours-gen1ubers-672644,[Gen 1] UBERS,2023-02-04 06:22:00,,mudsport71981,magnetpull75337,mudsport71981,False,"['Mewtwo', 'Mew', 'Slowbro', 'Gengar', 'Chansey', 'Snorlax']","['Mewtwo', 'Mew', 'Jolteon', 'Tauros', 'Chansey', 'Snorlax']",84,15,13
smogtours-gen1ubers-780096,[Gen 1] UBERS,2024-07-14 04:46:17,,drapion2237,arceusghost8496,drapion2237,True,"['Mewtwo', 'Exeggutor', 'Mew', 'Gengar', 'Snorlax', 'Articuno']","['Mew', 'Mewtwo', 'Aerodactyl', 'Gengar', 'Chansey', 'Rhydon']",37,10,11
smogtours-gen1ubers-606552,[Gen 1] UBERS,2022-02-04 17:38:14,,deoxysdefense78874,synchronize14428,synchronize14428,True,"['Cloyster', 'Mew', 'Mewtwo', 'Zapdos', 'Chansey', 'Snorlax']","['Mewtwo', 'Exeggutor', 'Gengar', 'Chansey', 'Snorlax']",108,18,20
smogtours-gen1ubers-583674,[Gen 1] UBERS,2021-10-03 17:35:54,,steel32701,lifeorb26007,lifeorb26007,False,"['Mew', 'Mewtwo', 'Zapdos', 'Gengar', 'Chansey', 'Snorlax']","['Mew', 'Mewtwo', 'Tauros', 'Zapdos', 'Chansey', 'Snorlax']",162,6,7
smogtours-gen1ubers-777730,[Gen 1] UBERS,2024-06-30 19:27:43,,fissure61188,arceusghost8496,fissure61188,False,"['Mewtwo', 'Mew', 'Gengar', 'Victreebel', 'Rhydon', 'Snorlax']","['Cloyster', 'Mew', 'Mewtwo', 'Exeggutor', 'Slowbro', 'Rhydon']",65,19,23
gen1ubers-711028221,[Gen 1] UBERS,2018-02-28 21:00:55,,charcoal9438,mysticwater6128,mysticwater6128,False,"['Slowbro', 'Chansey', 'Snorlax']",['Mewtwo'],9,2,0
gen1ubers-2187589607,[Gen 1] UBERS,2024-08-25 18:08:09,1155,bigroot22124,synchronize84212,synchronize84212,True,"['Mew', 'Exeggutor', 'Mewtwo', 'Tauros', 'Chansey', 'Dragonite']","['Mew', 'Jolteon', 'Chansey', 'Snorlax', 'Dragonite']",36,8,6
smogtours-gen1ubers-609608,[Gen 1] UBERS,2022-02-20 14:13:37,,synchronize14428,starfberry84995,starfberry84995,True,"['Exeggutor', 'Mewtwo', 'Mew', 'Gengar', 'Chansey', 'Snorlax']","['Mewtwo', 'Tauros', 'Zapdos', 'Chansey', 'Snorlax']",44,14,14
gen1ubers-740230548,[Gen 1] UBERS,2018-04-30 02:59:12,,drifblim84361,eevee75445,drifblim84361,False,"['Dodrio', 'Victreebel', 'Rhydon', 'Arcanine', 'Alakazam', 'Blastoise']","['Charizard', 'Jolteon', 'Slowbro', 'Nidoking', 'Primeape', 'Snorlax']",25,10,9
smogtours-gen1ubers-702675,[Gen 1] UBERS,2023-07-12 21:30:15,,toxicplate15122,fissure61188,toxicplate15122,False,"['Mewtwo', 'Mew', 'Zapdos', 'Gengar', 'Chansey', 'Snorlax']","['Mew', 'Mewtwo', 'Tauros', 'Gengar', 'Chansey', 'Snorlax']",83,20,20
gen1ubers-2131709143,[Gen 1] UBERS,2024-05-27 20:58:54,,psn38480,gluttony87688,psn38480,False,"['Mew', 'Exeggutor', 'Tauros', 'Chansey', 'Snorlax']","['Starmie', 'Mew', 'Mewtwo', 'Chansey', 'Rhydon', 'Snorlax']",35,9,19
gen1ubers-526838784,[Gen 1] UBERS,2017-02-01 04:29:42,,miltank57341,woodhammer83701,miltank57341,False,"['Tangela', 'Weepinbell']","['Sandshrew', 'Vulpix', 'Eevee', 'Magnemite', 'Fearow']",34,1,6
smogtours-gen1ubers-736590,[Gen 1] UBERS,2023-12-26 00:29:33,,aurasphere76841,skillswap74981,aurasphere76841,True,"['Mew', 'Mewtwo', 'Exeggutor', 'Tauros', 'Zapdos', 'Snorlax']","['Mew', 'Mewtwo', 'Exeggutor', 'Tauros', 'Sandslash', 'Snorlax']",30,12,9
gen1ubers-912062364,[Gen 1] UBERS,2019-05-18 20:16:13,,groudon21119,icefang73412,groudon21119,False,['Mew'],['Mewtwo'],23,0,0
gen1ubers-768406948,[Gen 1] UBERS,2018-06-27 22:18:15,1048,megadrain79859,pokeball95786,pokeball95786,True,"['Mewtwo', 'Lapras', 'Tauros', 'Golem', 'Gengar', 'Chansey']","['Mew', 'Mewtwo', 'Slowbro', 'Persian', 'Dragonite']",46,10,9
smogtours-gen1ubers-725706,[Gen 1] UBERS,2023-10-22 19:50:04,,skillswap74981,arceusghost8496,arceusghost8496,False,"['Mew', 'Mewtwo', 'Exeggutor', 'Tauros', 'Hypno', 'Snorlax']","['Moltres', 'Mew', 'Mewtwo', 'Aerodactyl', 'Rhydon', 'Dragonite']",89,38,13
smogtours-gen1ubers-651070,[Gen 1] UBERS,2022-09-25 18:24:34,,starfberry84995,castform97328,starfberry84995,False,"['Mew', 'Exeggutor', 'Mewtwo', 'Tauros', 'Chansey', 'Snorlax']","['Mewtwo', 'Mew', 'Zapdos', 'Gengar', 'Chansey', 'Snorlax']",27,9,9
smogtours-gen1ubers-806938,[Gen 1] UBERS,2024-11-17 22:16:02,,mareep93864,buneary67957,buneary67957,False,"['Starmie', 'Mew', 'Exeggutor', 'Mewtwo', 'Zapdos', 'Snorlax']","['Exeggutor', 'Mewtwo', 'Mew', 'Slowbro', 'Rhydon', 'Snorlax']",63,18,8
smogtours-gen1ubers-784472,[Gen 1] UBERS,2024-08-06 01:23:15,,quagsire52408,bravebird40912,bravebird40912,False,"['Cloyster', 'Mewtwo', 'Exeggutor', 'Mew', 'Gengar', 'Snorlax']","['Mewtwo', 'Mew', 'Tauros', 'Gengar', 'Rhydon', 'Snorlax']",25,6,10
smogtours-gen1ubers-145947,[Gen 1] UBERS,2016-04-02 23:45:34,,starly21199,furyattack94312,starly21199,False,"['Tauros', 'Zapdos', 'Chansey', 'Alakazam', 'Snorlax']","['Starmie', 'Exeggutor', 'Mew', 'Slowbro', 'Chansey', 'Snorlax']",64,12,18
gen1ubers-2236739584,[Gen 1] UBERS,2024-11-03 20:42:25,,gible45423,greatball86069,greatball86069,False,"['Cloyster', 'Starmie', 'Exeggutor', 'Mew', 'Tauros', 'Snorlax']","['Starmie', 'Mew', 'Tauros', 'Jynx', 'Rhydon', 'Alakazam']",41,12,8
rom-gen1ubers-479010,[Gen 1] UBERS,2018-12-13 14:51:54,,constrict58938,sudowoodo17153,constrict58938,False,"['Slowbro', 'Snorlax', 'Zapdos']","['Mewtwo', 'Mew', 'Slowbro', 'Jynx', 'Chansey', 'Snorlax']",23,2,8
smogtours-gen1ubers-816545,[Gen 1] UBERS,2025-01-26 23:20:10,,psn38480,steel89481,psn38480,True,"['Rhydon', 'Starmie', 'Mew', 'Snorlax']","['Jynx', 'Mewtwo', 'Snorlax', 'Mew']",25,5,4
gen1ubers-2174606535,[Gen 1] UBERS,2024-08-06 13:41:50,1244,poisonpowder88566,barboach37669,poisonpowder88566,False,"['Exeggutor', 'Mewtwo', 'Jolteon', 'Mew', 'Slowbro', 'Gengar']","['Mew', 'Exeggutor', 'Mewtwo', 'Tauros', 'Zapdos', 'Snorlax']",73,15,10
gen1ubers-1044940908,[Gen 1] UBERS,2020-01-12 07:59:57,,mudbomb71092,uturn48333,mudbomb71092,True,"['Arcanine', 'Lapras', 'Alakazam', 'Golem']","['Jynx', 'Raichu', 'Primeape', 'Gengar']",11,4,3
gen1ubers-1048279539,[Gen 1] UBERS,2020-01-18 00:05:15,,heatproof8643,nevermeltice9980,heatproof8643,False,"['Pidgeot', 'Lapras', 'Jolteon', 'Nidoking', 'Poliwrath']","['Lapras', 'Charizard', 'Jolteon', 'Machamp', 'Snorlax', 'Dragonite']",21,4,6
gen1ubers-662373963,[Gen 1] UBERS,2017-11-20 22:37:14,,metalcoat80824,skillswap74981,skillswap74981,False,"['Starmie', 'Mewtwo', 'Jynx', 'Gengar', 'Chansey', 'Snorlax']","['Mewtwo', 'Slowbro', 'Gengar', 'Chansey', 'Victreebel', 'Snorlax']",277,84,67
gen1ubers-751343964,[Gen 1] UBERS,2018-05-22 21:44:51,,delcatty31981,dodrio50116,delcatty31981,False,"['Jynx', 'Electrode', 'Mewtwo', 'Golem']","['Mew', 'Mewtwo', 'Tauros', 'Slowbro', 'Chansey', 'Snorlax']",32,7,5
smogtours-gen1ubers-145950,[Gen 1] UBERS,2016-04-02 23:52:45,,starly21199,furyattack94312,starly21199,False,"['Exeggutor', 'Mew', 'Tauros', 'Jynx', 'Chansey', 'Snorlax']","['Exeggutor', 'Mew', 'Slowbro', 'Jynx', 'Chansey', 'Snorlax']",25,9,10
gen1ubers-605342265,[Gen 1] UBERS,2017-07-18 03:10:09,,hydration25464,thunderbolt11009,thunderbolt11009,False,"['Mew', 'Mewtwo', 'Pinsir', 'Zapdos', 'Alakazam', 'Dragonite']","['Starmie', 'Exeggutor', 'Slowbro', 'Poliwrath', 'Chansey', 'Rhydon']",50,5,6
gen1ubers-2180383951,[Gen 1] UBERS,2024-08-15 03:27:54,,lowkick56044,bayleef52258,bayleef52258,False,"['Exeggutor', 'Tauros', 'Jynx', 'Chansey', 'Snorlax', 'Alakazam']","['Starmie', 'Porygon', 'Tauros', 'Chansey', 'Snorlax', 'Dragonite']",81,9,11
gen1ubers-2177492772,[Gen 1] UBERS,2024-08-10 19:33:33,,poisonpowder88566,aurasphere76841,aurasphere76841,True,"['Mew', 'Mewtwo', 'Zapdos', 'Victreebel', 'Rhydon', 'Alakazam']","['Mewtwo', 'Mew', 'Exeggutor', 'Tauros', 'Rhydon']",29,13,9
gen1ubers-908864938,[Gen 1] UBERS,2019-05-13 12:47:00,,trick33871,skyuppercut36771,skyuppercut36771,True,"['Exeggutor', 'Mew', 'Mewtwo', 'Tauros', 'Slowbro', 'Chansey']","['Mew', 'Mewtwo', 'Zapdos', 'Jynx', 'Chansey', 'Snorlax']",87,10,11
gen1ubers-921126202,[Gen 1] UBERS,2019-06-02 23:50:47,,aggron60452,naturepower57210,aggron60452,True,"['Exeggutor', 'Mewtwo', 'Mew', 'Gengar', 'Chansey']","['Exeggutor', 'Mew', 'Mewtwo', 'Tauros', 'Slowbro', 'Snorlax']",38,9,10
smogtours-gen1ubers-674239,[Gen 1] UBERS,2023-02-11 02:10:55,,psn38480,drapion2237,psn38480,True,"['Mewtwo', 'Mew', 'Zapdos', 'Gengar', 'Chansey', 'Snorlax']","['Moltres', 'Mewtwo', 'Mew', 'Golem', 'Jynx', 'Chansey']",37,14,14
gen1ubers-1166659571,[Gen 1] UBERS,2020-08-10 20:53:29,,innerfocus91859,leppaberry5961,leppaberry5961,False,"['Mewtwo', 'Exeggutor', 'Mew', 'Tauros', 'Gengar', 'Snorlax']","['Exeggutor', 'Mew', 'Mewtwo', 'Tauros', 'Slowbro', 'Snorlax']",37,9,6
smogtours-gen1ubers-82818,[Gen 1] UBERS,2015-08-20 10:03:19,,hustle11937,stench25210,hustle11937,False,"['Mew', 'Mewtwo', 'Exeggutor', 'Tauros', 'Zapdos', 'Snorlax']","['Mew', 'Mewtwo', 'Slowbro', 'Gengar', 'Chansey', 'Snorlax']",39,11,15
smogtours-gen1ubers-594136,[Gen 1] UBERS,2021-11-20 20:52:01,,innerfocus91859,synchronize14428,innerfocus91859,False,"['Starmie', 'Mewtwo', 'Mew', 'Chansey', 'Rhydon', 'Snorlax']","['Mew', 'Exeggutor', 'Jolteon', 'Mewtwo', 'Chansey', 'Snorlax']",65,23,23
gen1ubers-763042181,[Gen 1] UBERS,2018-06-16 01:23:18,1000,delcatty31981,icebody45933,delcatty31981,False,"['Starmie', 'Mewtwo', 'Mew', 'Jynx', 'Victreebel', 'Dragonite']","['Mewtwo', 'Zapdos', 'Arcanine', 'Snorlax', 'Dragonite', 'Articuno']",61,10,17
gen1ubers-2047374640,[Gen 1] UBERS,2024-01-30 05:03:13,,lusterpurge99010,kingdra25969,lusterpurge99010,False,"['Mew', 'Mewtwo', 'Exeggutor', 'Tauros', 'Slowbro', 'Snorlax']","['Mew', 'Exeggutor', 'Mewtwo', 'Tauros', 'Chansey', 'Snorlax']",27,8,12
rom-gen1ubers-538737,[Gen 1] UBERS,2019-04-15 23:51:16,,constrict58938,sudowoodo17153,constrict58938,False,"['Mew', 'Mewtwo', 'Zapdos', 'Chansey', 'Snorlax']","['Exeggutor', 'Mewtwo', 'Mew', 'Slowbro', 'Jynx', 'Chansey']",62,4,8
smogtours-gen1ubers-788883,[Gen 1] UBERS,2024-09-03 15:13:52,,waterfall8105,fissure61188,fissure61188,True,"['Mew', 'Exeggutor', 'Mewtwo', 'Zapdos', 'Golem', 'Articuno']","['Mew', 'Exeggutor', 'Mewtwo', 'Chansey', 'Snorlax']",41,19,14
smogtours-gen1ubers-778106,[Gen 1] UBERS,2024-07-04 01:41:37,,wacanberry11962,psn38480,psn38480,False,"['Mew', 'Mewtwo', 'Aerodactyl', 'Gengar', 'Chansey', 'Rhydon']","['Exeggutor', 'Mewtwo', 'Mew', 'Tauros', 'Rhydon', 'Snorlax']",201,31,45
smogtours-gen1ubers-788171,[Gen 1] UBERS,2024-08-31 13:57:29,,flamewheel25525,aurasphere76841,flamewheel25525,False,"['Mewtwo', 'Mew', 'Exeggutor', 'Tauros', 'Golem', 'Snorlax']","['Mew', 'Mewtwo', 'Exeggutor', 'Tauros', 'Zapdos', 'Snorlax']",24,8,11
gen1ubers-2336252983,[Gen 1] UBERS,2025-04-05 23:18:17,,hypercutter87938,hustle26753,hustle26753,False,"['Electrode', 'Snorlax', 'Aerodactyl']","['Gengar', 'Electrode']",42,7,2
gen1ubers-837095080,[Gen 1] UBERS,2018-11-17 20:33:18,,spikecannon94422,sacredfire97645,sacredfire97645,False,"['Exeggutor', 'Mewtwo', 'Mew', 'Tauros', 'Slowbro', 'Snorlax']","['Mew', 'Mewtwo', 'Tauros', 'Slowbro', 'Chansey', 'Snorlax']",32,6,5
gen1ubers-1121326735,[Gen 1] UBERS,2020-05-26 02:40:11,,heatproof50245,delcatty31981,delcatty31981,False,"['Mew', 'Exeggutor', 'Tauros', 'Gengar', 'Chansey', 'Snorlax']","['Mew', 'Charizard', 'Chansey', 'Raichu', 'Venusaur', 'Blastoise']",23,8,7
gen1ubers-756593889,[Gen 1] UBERS,2018-06-02 17:09:24,1000,airslash63871,flareblitz35387,flareblitz35387,False,"['Exeggutor', 'Mewtwo', 'Mew', 'Gengar', 'Snorlax', 'Dragonite']","['Mewtwo', 'Charizard', 'Dodrio', 'Gengar', 'Gyarados', 'Dragonite']",60,7,12
gen1ubers-751351449,[Gen 1] UBERS,2018-05-22 22:02:18,,delcatty31981,dodrio50116,dodrio50116,False,"['Starmie', 'Tauros', 'Golem', 'Jynx', 'Chansey', 'Snorlax']","['Mew', 'Mewtwo', 'Tauros', 'Slowbro', 'Chansey', 'Snorlax']",52,12,6
smogtours-gen1ubers-744047,[Gen 1] UBERS,2024-02-02 02:46:46,,ponyta53394,leppaberry17132,leppaberry17132,False,"['Mewtwo', 'Mew', 'Zapdos', 'Gengar', 'Chansey', 'Snorlax']","['Mewtwo', 'Mew', 'Zapdos', 'Gengar', 'Chansey', 'Snorlax']",184,14,11
gen1ubers-966218796,[Gen 1] UBERS,2019-08-26 11:17:52,,griseousorb25272,zoomlens15496,griseousorb25272,True,"['Jynx', 'Mewtwo']","['Slowbro', 'Mewtwo', 'Exeggutor', 'Snorlax']",12,1,5
gen1ubers-1137291635,[Gen 1] UBERS,2020-06-22 11:34:22,1000,spiderweb20759,aerodactyl37101,spiderweb20759,False,"['Mew', 'Exeggutor', 'Mewtwo', 'Tauros', 'Chansey', 'Snorlax']","['Mewtwo', 'Lapras', 'Zapdos', 'Gengar', 'Rhydon', 'Arcanine']",42,7,9
gen1ubers-1074777019,[Gen 1] UBERS,2020-03-06 22:32:08,,gluttony57348,meadowplate43781,gluttony57348,False,"['Mewtwo', 'Charizard', 'Ditto', 'Gyarados', 'Snorlax', 'Articuno']","['Mewtwo', 'Exeggutor', 'Flareon', 'Gengar', 'Snorlax', 'Vaporeon']",37,7,7
smogtours-gen1ubers-744044,[Gen 1] UBERS,2024-02-02 02:19:34,,leppaberry17132,ponyta53394,ponyta53394,False,"['Exeggutor', 'Mew', 'Mewtwo', 'Gengar', 'Chansey', 'Snorlax']","['Mewtwo', 'Mew', 'Tauros', 'Gengar', 'Chansey', 'Snorlax']",145,13,11
gen1ubers-2057947339,[Gen 1] UBERS,2024-02-12 22:54:41,,glare27756,cloyster87711,glare27756,False,['Mewtwo'],['Mewtwo'],9,0,0
gen1ubers-2066577093,[Gen 1] UBERS,2024-02-24 12:15:54,,gorebyss2916,waveincense38272,waveincense38272,False,"['Electrode', 'Chansey']",['Electrode'],65,35,0
gen1ubers-2116633602,[Gen 1] UBERS,2024-05-03 00:32:10,,thunder32053,aurasphere76841,aurasphere76841,False,"['Mew', 'Exeggutor', 'Mewtwo', 'Tauros', 'Chansey', 'Snorlax']","['Starmie', 'Exeggutor', 'Mewtwo', 'Tauros']",20,8,3
smogtours-gen1ubers-673611,[Gen 1] UBERS,2023-02-06 19:44:16,,koffing28618,aurasphere76841,aurasphere76841,True,"['Mew', 'Mewtwo', 'Tauros', 'Slowbro', 'Chansey', 'Snorlax']","['Mew', 'Mewtwo', 'Tauros', 'Jynx', 'Chansey', 'Snorlax']",106,33,25
smogtours-gen1ubers-75871,[Gen 1] UBERS,2015-07-17 20:27:41,,stench25210,roost96706,roost96706,False,"['Mewtwo', 'Mew', 'Slowbro', 'Gengar', 'Chansey', 'Snorlax']","['Mewtwo', 'Mew', 'Slowbro', 'Zapdos', 'Jynx', 'Snorlax']",28,9,8
smogtours-gen1ubers-668806,[Gen 1] UBERS,2023-01-15 16:58:07,,meditate33036,choiceband17826,meditate33036,False,"['Starmie', 'Mew', 'Mewtwo', 'Chansey', 'Rhydon', 'Snorlax']","['Exeggutor', 'Mewtwo', 'Mew', 'Tauros', 'Chansey', 'Snorlax']",54,14,12
gen1ubers-523555209,[Gen 1] UBERS,2017-01-26 03:14:19,,miltank57341,woodhammer83701,woodhammer83701,False,"['Pidgeot', 'Charizard', 'Exeggcute', 'Gyarados', 'Alakazam']","['Ponyta', 'Growlithe', 'Arcanine', 'Rapidash']",40,6,3
smogtours-gen1ubers-731573,[Gen 1] UBERS,2023-11-19 18:12:21,,iceball26708,mudsport71981,iceball26708,False,"['Mewtwo', 'Exeggutor', 'Mew', 'Tauros', 'Slowbro']","['Mew', 'Mewtwo', 'Exeggutor', 'Tauros', 'Zapdos', 'Snorlax']",28,9,14
gen1ubers-1158733255,[Gen 1] UBERS,2020-07-27 20:49:25,,xscissor99781,ice74721,xscissor99781,False,"['Mew', 'Mewtwo', 'Gengar', 'Chansey', 'Snorlax']","['Mew', 'Mewtwo', 'Slowbro', 'Jynx', 'Chansey', 'Snorlax']",23,4,8
gen1ubers-790185835,[Gen 1] UBERS,2018-08-13 18:53:38,,tailwhip2839,pidgeot51537,tailwhip2839,False,"['Exeggutor', 'Mewtwo', 'Mew', 'Tauros', 'Chansey', 'Snorlax']","['Mewtwo', 'Mew', 'Slowbro', 'Gengar', 'Chansey', 'Snorlax']",22,7,10
smogtours-gen1ubers-775605,[Gen 1] UBERS,2024-06-19 03:57:05,,steel89481,wacanberry11962,wacanberry11962,False,"['Mewtwo', 'Exeggutor', 'Mew', 'Tauros', 'Jynx', 'Snorlax']","['Mew', 'Mewtwo', 'Exeggutor', 'Zapdos', 'Chansey', 'Rhydon']",88,21,21
smogtours-gen1ubers-818789,[Gen 1] UBERS,2025-02-08 22:10:18,,vespiquen29498,hyperfang93007,hyperfang93007,False,"['Mewtwo', 'Mew', 'Exeggutor', 'Tauros', 'Gengar', 'Snorlax']","['Mewtwo', 'Exeggutor', 'Mew', 'Tauros', 'Zapdos', 'Snorlax']",34,9,7
rom-gen1ubers-468229,[Gen 1] UBERS,2018-12-02 18:10:50,,constrict58938,sudowoodo17153,constrict58938,False,"['Mewtwo', 'Exeggutor', 'Mew', 'Slowbro', 'Snorlax']","['Mew', 'Mewtwo', 'Slowbro', 'Jynx', 'Chansey', 'Snorlax']",50,4,7
gen1ubers-1044944255,[Gen 1] UBERS,2020-01-12 08:14:25,,roselia59720,barboach14789,roselia59720,True,"['Wigglytuff', 'Ditto', 'Blastoise']","['Butterfree', 'Weezing', 'Tauros']",8,2,2
smogtours-gen1ubers-678040,[Gen 1] UBERS,2023-03-04 01:06:08,,kangaskhan41867,drillpeck8655,drillpeck8655,True,"['Mewtwo', 'Mew', 'Zapdos', 'Gengar', 'Chansey', 'Snorlax']","['Mewtwo', 'Exeggutor', 'Mew', 'Tauros', 'Slowbro', 'Snorlax']",32,8,5
gen1ubers-1155917386,[Gen 1] UBERS,2020-07-22 20:39:42,,aircutter22578,liechiberry79283,aircutter22578,True,"['Pidgeot', 'Mew', 'Mewtwo', 'Articuno']","['Pidgeot', 'Mew', 'Mewtwo', 'Articuno']",34,3,5
smogtours-gen1ubers-591435,[Gen 1] UBERS,2021-11-06 19:22:55,,innerfocus91859,arceusghost8496,innerfocus91859,True,"['Exeggutor', 'Mewtwo', 'Mew', 'Tauros', 'Chansey', 'Snorlax']","['Mew', 'Mewtwo', 'Tauros', 'Slowbro', 'Chansey', 'Snorlax']",38,11,17
gen1ubers-2178336188,[Gen 1] UBERS,2024-08-12 02:53:59,1000,alakazammega92046,hitmontop52074,hitmontop52074,True,"['Mew', 'Mewtwo', 'Jolteon', 'Tauros', 'Chansey', 'Ditto']","['Mew', 'Mewtwo', 'Exeggutor', 'Tauros', 'Chansey', 'Snorlax']",82,12,7
smogtours-gen1ubers-698332,[Gen 1] UBERS,2023-06-20 18:15:16,,ponyta53394,noability19212,noability19212,False,"['Mewtwo', 'Mew', 'Jolteon', 'Tauros', 'Chansey', 'Snorlax']","['Mewtwo', 'Exeggutor', 'Tauros', 'Gengar', 'Snorlax']",32,9,7
smogtours-gen1ubers-672363,[Gen 1] UBERS,2023-02-02 01:42:37,,drillpeck8655,golduck35019,drillpeck8655,False,"['Mew', 'Exeggutor', 'Mewtwo', 'Tauros', 'Chansey', 'Snorlax']","['Mew', 'Mewtwo', 'Slowbro', 'Gengar', 'Chansey', 'Snorlax']",152,11,12
gen1ubers-1173985215,[Gen 1] UBERS,2020-08-23 17:21:03,,sacredfire21452,synchronize14428,synchronize14428,True,"['Mewtwo', 'Exeggutor', 'Mew', 'Slowbro', 'Jynx', 'Chansey']","['Starmie', 'Mew', 'Exeggutor', 'Mewtwo', 'Chansey', 'Snorlax']",30,9,7
smogtours-gen1ubers-719335,[Gen 1] UBERS,2023-09-25 13:33:28,,unknownability847,denpowergrass65615,unknownability847,True,"['Mew', 'Mewtwo', 'Exeggutor', 'Zapdos', 'Chansey']","['Cloyster', 'Mewtwo', 'Mew', 'Chansey', 'Snorlax', 'Alakazam']",28,7,7
rom-gen1ubers-468230,[Gen 1] UBERS,2018-12-02 18:12:29,,constrict58938,sudowoodo17153,constrict58938,False,"['Mew', 'Exeggutor', 'Zapdos', 'Slowbro']","['Mew', 'Mewtwo', 'Slowbro', 'Jynx', 'Chansey', 'Snorlax']",25,3,8
gen1ubers-1174013117,[Gen 1] UBERS,2020-08-23 18:20:29,,synchronize14428,glaceon14796,synchronize14428,False,"['Starmie', 'Mew', 'Mewtwo', 'Exeggutor', 'Chansey', 'Snorlax']","['Mew', 'Mewtwo', 'Exeggutor', 'Tauros', 'Slowbro', 'Snorlax']",94,8,5
gen1ubers-1144602115,[Gen 1] UBERS,2020-07-03 21:18:13,,leer23545,synchronize14428,synchronize14428,True,"['Mew', 'Mewtwo', 'Slowbro', 'Gengar', 'Chansey', 'Snorlax']","['Exeggutor', 'Mewtwo', 'Mew', 'Gengar', 'Chansey', 'Snorlax']",108,16,13
gen1ubers-2309360654,[Gen 1] UBERS,2025-02-28 01:45:31,,stick47600,amnesia25800,amnesia25800,True,"['Exeggutor', 'Mewtwo', 'Mew', 'Chansey', 'Rhydon', 'Snorlax']","['Starmie', 'Mewtwo', 'Exeggutor', 'Zapdos', 'Golem']",50,10,11
gen1ubers-2200877792,[Gen 1] UBERS,2024-09-13 16:28:01,,registeel31223,flamethrower41445,registeel31223,False,"['Mewtwo', 'Exeggutor', 'Mew', 'Jynx', 'Chansey', 'Snorlax']","['Mewtwo', 'Exeggutor', 'Mew', 'Zapdos', 'Chansey', 'Snorlax']",43,8,9
smogtours-gen1ubers-650984,[Gen 1] UBERS,2022-09-25 18:16:25,,starfberry84995,castform97328,castform97328,False,"['Mewtwo', 'Mew', 'Jolteon', 'Tauros', 'Chansey', 'Snorlax']","['Exeggutor', 'Mew', 'Mewtwo', 'Chansey', 'Rhydon', 'Snorlax']",163,11,11
gen1ubers-353108495,[Gen 1] UBERS,2016-04-01 21:57:19,,leer23545,par84481,par84481,False,"['Mew', 'Exeggutor', 'Tauros', 'Jynx', 'Chansey', 'Snorlax']","['Exeggutor', 'Mew', 'Tauros', 'Jynx', 'Chansey', 'Snorlax']",62,11,11
rom-gen1ubers-468347,[Gen 1] UBERS,2018-12-02 20:32:49,,constrict58938,sudowoodo17153,constrict58938,False,"['Slowbro', 'Exeggutor', 'Snorlax', 'Zapdos']","['Mewtwo', 'Mew', 'Slowbro', 'Jynx', 'Chansey', 'Snorlax']",39,3,8
gen1ubers-733101223,[Gen 1] UBERS,2018-04-15 12:14:59,,honeygather89597,shiftry93983,shiftry93983,True,"['Mew', 'Mewtwo', 'Exeggutor', 'Tauros', 'Slowbro', 'Snorlax']","['Exeggutor', 'Mewtwo', 'Slowbro', 'Chansey', 'Snorlax']",40,9,6
smogtours-gen1ubers-820172,[Gen 1] UBERS,2025-02-16 00:52:06,,thief62213,quagsire52408,thief62213,True,"['Mew', 'Mewtwo', 'Exeggutor', 'Tauros', 'Persian', 'Snorlax']","['Cloyster', 'Exeggutor', 'Mewtwo', 'Mew', 'Tauros', 'Chansey']",26,8,7
smogtours-gen1ubers-747273,[Gen 1] UBERS,2024-02-13 20:56:54,,lotad52239,rattata90247,lotad52239,False,"['Mewtwo', 'Mew', 'Exeggutor', 'Tauros', 'Gengar', 'Snorlax']","['Exeggutor', 'Mewtwo', 'Mew', 'Slowbro', 'Zapdos', 'Snorlax']",36,10,13
gen1ubers-395353585,[Gen 1] UBERS,2016-07-04 23:06:50,,poisonbarb71122,payapaberry8514,payapaberry8514,True,"['Mew', 'Mewtwo', 'Tauros', 'Slowbro', 'Jynx', 'Chansey']","['Mew', 'Mewtwo', 'Tauros', 'Jynx', 'Chansey', 'Snorlax']",122,17,19
smogtours-gen1ubers-140206,[Gen 1] UBERS,2016-03-18 23:14:24,,focusenergy12335,quagsire52408,quagsire52408,False,"['Starmie', 'Exeggutor', 'Mew', 'Tauros', 'Chansey', 'Snorlax']","['Exeggutor', 'Tauros', 'Golem', 'Jynx', 'Chansey', 'Alakazam']",76,27,23
smogtours-gen1ubers-795396,[Gen 1] UBERS,2024-10-06 01:20:41,,buneary67957,psn38480,psn38480,False,"['Mew', 'Exeggutor', 'Mewtwo', 'Zapdos', 'Snorlax', 'Articuno']","['Starmie', 'Mewtwo', 'Exeggutor', 'Mew', 'Tauros', 'Snorlax']",34,11,9
gen1ubers-784351196,[Gen 1] UBERS,2018-08-01 11:40:32,,piplup35590,lugia44799,piplup35590,False,"['Lapras', 'Charizard', 'Exeggutor', 'Machamp', 'Gyarados', 'Snorlax']","['Starmie', 'Exeggutor', 'Tauros', 'Chansey', 'Rhydon', 'Snorlax']",43,8,12
gen1ubers-1142631905,[Gen 1] UBERS,2020-06-30 16:56:30,,physical67369,fly50963,physical67369,False,"['Gengar', 'Mewtwo', 'Zapdos']","['Mew', 'Charizard', 'Porygon', 'Ditto', 'Raichu', 'Blastoise']",61,3,27
smogtours-gen1ubers-655079,[Gen 1] UBERS,2022-10-15 19:56:03,,iceball26708,arceusghost8496,iceball26708,True,"['Mewtwo', 'Exeggutor', 'Mew', 'Tauros', 'Slowbro', 'Snorlax']","['Exeggutor', 'Mewtwo', 'Mew', 'Dodrio', 'Gengar', 'Snorlax']",36,8,14
smogtours-gen1ubers-815738,[Gen 1] UBERS,2025-01-24 21:34:36,,iceball26708,poisonpowder88566,iceball26708,False,"['Mew', 'Mewtwo', 'Lapras', 'Tauros', 'Rhydon', 'Snorlax']","['Cloyster', 'Mew', 'Mewtwo', 'Aerodactyl', 'Tauros', 'Chansey']",61,18,20
smogtours-gen1ubers-652414,[Gen 1] UBERS,2022-10-02 17:20:54,,iceball26708,starfberry84995,iceball26708,False,"['Mew', 'Exeggutor', 'Jolteon', 'Mewtwo', 'Chansey', 'Snorlax']","['Mew', 'Mewtwo', 'Tauros', 'Zapdos', 'Chansey', 'Snorlax']",50,9,12
smogtours-gen1ubers-740302,[Gen 1] UBERS,2024-01-20 18:15:22,,castform97328,steadfast85547,castform97328,False,"['Mew', 'Mewtwo', 'Zapdos', 'Gengar', 'Chansey', 'Snorlax']","['Mew', 'Exeggutor', 'Mewtwo', 'Tauros', 'Chansey', 'Snorlax']",55,7,9
smogtours-gen1ubers-707982,[Gen 1] UBERS,2023-08-06 02:21:10,,drapion2237,psn38480,psn38480,False,"['Mew', 'Exeggutor', 'Mewtwo', 'Zapdos', 'Golem', 'Snorlax']","['Mew', 'Exeggutor', 'Jolteon', 'Mewtwo', 'Slowbro', 'Snorlax']",34,10,8
gen1ubers-979849667,[Gen 1] UBERS,2019-09-21 21:40:19,,endeavor83660,dark77821,dark77821,True,"['Mewtwo', 'Mew', 'Jynx', 'Chansey', 'Snorlax']","['Mew', 'Mewtwo', 'Jynx', 'Chansey', 'Snorlax']",22,7,8
gen1ubers-2175081538,[Gen 1] UBERS,2024-08-07 03:59:59,1035,rollout94469,enigmaberry54782,rollout94469,True,"['Cloyster', 'Mewtwo', 'Mew', 'Hypno', 'Snorlax']","['Mew', 'Mewtwo', 'Zapdos', 'Gengar', 'Chansey', 'Snorlax']",26,7,11
smogtours-gen1ubers-749154,[Gen 1] UBERS,2024-02-23 16:21:45,,aurasphere76841,hypnosis24434,aurasphere76841,False,"['Mewtwo', 'Mew', 'Exeggutor', 'Zapdos', 'Jynx', 'Snorlax']","['Mew', 'Mewtwo', 'Zapdos', 'Gengar', 'Chansey', 'Snorlax']",52,12,12
gen1ubers-2089284720,[Gen 1] UBERS,2024-03-26 05:49:22,,pinmissile14901,cloyster43057,pinmissile14901,True,"['Starmie', 'Mew', 'Mewtwo', 'Tauros', 'Rhydon', 'Snorlax']","['Mew', 'Mewtwo', 'Tauros', 'Slowbro', 'Jynx', 'Ditto']",48,8,7
smogtours-gen1ubers-653560,[Gen 1] UBERS,2022-10-08 20:46:16,,synchronize14428,castform97328,castform97328,False,"['Mewtwo', 'Exeggutor', 'Mew', 'Gengar', 'Chansey', 'Snorlax']","['Mew', 'Mewtwo', 'Zapdos', 'Gengar', 'Chansey', 'Snorlax']",135,13,10
gen1ubers-824855169,[Gen 1] UBERS,2018-11-23 03:44:59,,amnesia63784,stomp30555,amnesia63784,False,"['Mew', 'Nidoking', 'Golem', 'Victreebel', 'Electabuzz', 'Gyarados']","['Moltres', 'Lapras', 'Magneton', 'Nidoqueen', 'Poliwrath', 'Gengar']",39,8,9
gen1ubers-1128835459,[Gen 1] UBERS,2020-06-08 03:19:55,,brn80757,lombre40574,brn80757,False,"['Gengar', 'Alakazam', 'Golem']","['Charizard', 'Poliwrath', 'Gengar', 'Raichu', 'Snorlax', 'Dragonite']",20,2,5
smogtours-gen1ubers-591398,[Gen 1] UBERS,2021-11-06 16:56:05,,bidoof62502,sacredfire231,sacredfire231,True,"['Mewtwo', 'Exeggutor', 'Mew', 'Tauros', 'Chansey', 'Snorlax']","['Starmie', 'Mew', 'Exeggutor', 'Mewtwo', 'Chansey', 'Snorlax']",152,29,27
gen1ubers-956059098,[Gen 1] UBERS,2019-08-06 02:29:29,,superluck27737,delcatty31981,superluck27737,False,"['Starmie', 'Mew', 'Exeggutor', 'Mewtwo', 'Chansey', 'Dragonite']","['Mew', 'Mewtwo', 'Charizard', 'Raichu', 'Venusaur', 'Blastoise']",46,13,12
gen1ubers-824862872,[Gen 1] UBERS,2018-11-23 04:10:21,,stomp30555,wormadamtrash50615,stomp30555,False,"['Moltres', 'Lapras', 'Magneton', 'Nidoqueen', 'Poliwrath', 'Gengar']","['Exeggutor', 'Charizard', 'Hypno', 'Rhydon', 'Dragonite', 'Blastoise']",54,16,17
gen1ubers-927553142,[Gen 1] UBERS,2019-06-13 17:38:37,,nomelberry39683,blaze60071,nomelberry39683,False,"['Mew', 'Chansey', 'Mewtwo', 'Golem']","['Jolteon', 'Zapdos', 'Gengar', 'Chansey', 'Arcanine', 'Raichu']",31,5,6
gen1ubers-2185078593,[Gen 1] UBERS,2024-08-22 01:17:21,1091,aquatail35883,crawdaunt58468,crawdaunt58468,True,"['Starmie', 'Mew', 'Mewtwo', 'Chansey', 'Rhydon', 'Snorlax']","['Starmie', 'Mew', 'Mewtwo', 'Chansey', 'Rhydon', 'Snorlax']",82,10,11
smogtours-gen1ubers-814592,[Gen 1] UBERS,2025-01-18 16:13:10,,psn38480,wacanberry11962,psn38480,True,"['Mew', 'Mewtwo', 'Exeggutor', 'Tauros', 'Zapdos', 'Snorlax']","['Mewtwo', 'Mew', 'Exeggutor', 'Slowbro', 'Zapdos', 'Rhydon']",42,19,20
gen1ubers-2366403335,[Gen 1] UBERS,2025-05-18 05:38:43,,mismagius33077,kangaskhan44566,mismagius33077,True,"['Mew', 'Exeggutor', 'Tauros', 'Chansey', 'Snorlax']","['Mew', 'Mewtwo', 'Zapdos', 'Lickitung', 'Snorlax', 'Articuno']",41,8,14
gen1ubers-1136896909,[Gen 1] UBERS,2020-06-21 20:13:16,,swellow74202,nomove47433,nomove47433,True,"['Cloyster', 'Mewtwo', 'Chansey', 'Snorlax', 'Alakazam', 'Dragonite']","['Exeggutor', 'Mewtwo', 'Mew', 'Slowbro', 'Chansey', 'Snorlax']",89,14,14
gen1ubers-1125602514,[Gen 1] UBERS,2020-06-02 20:17:59,,numel39361,wailmer84940,wailmer84940,False,"['Mew', 'Nidoking', 'Gengar', 'Alakazam', 'Beedrill', 'Blastoise']","['Gengar', 'Starmie', 'Mewtwo', 'Tauros']",22,6,4
gen1ubers-962850715,[Gen 1] UBERS,2019-08-19 20:25:57,,slakoth53488,koffing17929,slakoth53488,False,"['Starmie', 'Exeggutor', 'Mewtwo', 'Gengar', 'Chansey', 'Snorlax']","['Mewtwo', 'Jolteon', 'Tauros', 'Slowbro', 'Golem', 'Jynx']",28,7,7
smogtours-gen1ubers-181904,[Gen 1] UBERS,2016-07-30 18:01:37,,zoomlens15496,unburden21319,unburden21319,True,"['Mew', 'Mewtwo', 'Slowbro', 'Gengar', 'Chansey', 'Snorlax']","['Mewtwo', 'Exeggutor', 'Tauros', 'Gengar', 'Snorlax']",27,8,4
gen1ubers-1128422584,[Gen 1] UBERS,2020-06-07 12:19:19,1202,sunstone95718,amnesia25800,sunstone95718,True,"['Mewtwo', 'Slowbro', 'Jynx', 'Chansey', 'Snorlax']","['Mewtwo', 'Exeggutor', 'Mew', 'Slowbro', 'Gengar', 'Snorlax']",79,11,8
gen1ubers-561750597,[Gen 1] UBERS,2017-04-14 18:10:29,,ironplate25942,woodhammer83701,ironplate25942,False,"['Tangela', 'Weepinbell', 'Gloom']","['Sandshrew', 'Eevee', 'Shellder', 'Magnemite', 'Fearow']",41,2,8
gen1ubers-758055983,[Gen 1] UBERS,2018-06-05 17:32:24,,dialga48280,kingler48414,dialga48280,False,"['Mewtwo', 'Mew', 'Exeggutor', 'Gengar', 'Snorlax']","['Starmie', 'Mew', 'Mewtwo', 'Machamp', 'Gengar', 'Snorlax']",43,6,6
gen1ubers-956668935,[Gen 1] UBERS,2019-08-07 12:28:43,,nincada82205,spinda66688,nincada82205,False,"['Scyther', 'Mew', 'Electrode', 'Golem', 'Gengar', 'Arcanine']","['Omastar', 'Tauros', 'Dugtrio', 'Tangela', 'Alakazam', 'Articuno']",49,12,16
smogtours-gen1ubers-147648,[Gen 1] UBERS,2016-04-07 21:21:10,,yanma71447,omastar87604,yanma71447,False,"['Exeggutor', 'Tauros', 'Zapdos', 'Chansey', 'Alakazam']","['Exeggutor', 'Mew', 'Tauros', 'Jynx', 'Chansey', 'Snorlax']",53,9,12
gen1ubers-2173614382,[Gen 1] UBERS,2024-08-05 00:43:05,1047,tyrogue60797,diglett37152,diglett37152,True,"['Mew', 'Exeggutor', 'Mewtwo', 'Tauros', 'Chansey', 'Snorlax']","['Cloyster', 'Mew', 'Charizard', 'Mewtwo', 'Golem', 'Chansey']",65,8,15
smogtours-gen1ubers-726898,[Gen 1] UBERS,2023-10-28 14:13:11,,wailmer96415,adaptability45192,adaptability45192,True,"['Mew', 'Exeggutor', 'Mewtwo', 'Zapdos', 'Chansey', 'Snorlax']","['Mewtwo', 'Mew', 'Tauros', 'Chansey', 'Rhydon', 'Snorlax']",90,20,16
gen1ubers-703534464,[Gen 1] UBERS,2018-02-13 16:20:18,,diglett79268,grepaberry38143,grepaberry38143,False,"['Mew', 'Mewtwo', 'Jolteon', 'Tauros', 'Aerodactyl', 'Chansey']","['Gengar', 'Tauros', 'Mew', 'Exeggutor']",22,7,5
gen1ubers-1092310454,[Gen 1] UBERS,2020-04-07 02:31:50,,tailwhip2839,quickfeet81067,quickfeet81067,True,"['Mewtwo', 'Exeggutor', 'Mew', 'Tauros', 'Chansey', 'Snorlax']","['Exeggutor', 'Mewtwo', 'Mew', 'Slowbro', 'Jynx', 'Chansey']",68,19,12
gen1ubers-711733295,[Gen 1] UBERS,2018-03-02 04:58:06,,lastresort80905,crobat33257,lastresort80905,False,"['Exeggutor', 'Mew', 'Jynx', 'Chansey', 'Snorlax']","['Mewtwo', 'Jynx', 'Chansey', 'Gengar', 'Rhydon', 'Alakazam']",40,8,10
gen1ubers-930252365,[Gen 1] UBERS,2019-06-18 02:58:22,,sweetscent78901,stormdrain66432,sweetscent78901,False,"['Exeggutor', 'Mewtwo', 'Mew', 'Tauros', 'Slowbro', 'Snorlax']","['Mew', 'Lapras', 'Mewtwo', 'Tauros', 'Chansey', 'Rhydon']",61,10,13
violetversion-gen1ubers-1532,[Gen 1] UBERS,2016-03-30 20:39:59,,starly21199,powerherb16934,powerherb16934,False,"['Mew', 'Tauros', 'Zapdos', 'Chansey', 'Snorlax', 'Alakazam']","['Starmie', 'Mew', 'Tauros', 'Chansey', 'Snorlax', 'Alakazam']",66,8,9
gen1ubers-932406990,[Gen 1] UBERS,2019-06-21 16:42:58,,focussash9133,conversion222171,conversion222171,False,"['Exeggutor', 'Mewtwo', 'Mew', 'Gengar', 'Chansey', 'Snorlax']","['Gengar', 'Mewtwo', 'Mew', 'Exeggutor']",62,13,3
gen1ubers-2309735411,[Gen 1] UBERS,2025-02-28 16:36:13,,rawstberry77414,stickyhold83870,stickyhold83870,False,"['Scyther', 'Poliwhirl', 'Graveler', 'Haunter', 'Ivysaur', 'Drowzee']","['Drowzee', 'Haunter']",19,8,2
gen1ubers-833927015,[Gen 1] UBERS,2018-12-11 10:16:43,,omanyte8307,doublekick47112,omanyte8307,False,['Mew'],['Mewtwo'],12,0,0
gen1ubers-779114597,[Gen 1] UBERS,2018-07-21 19:12:15,,raindance50399,delcatty31981,raindance50399,False,"['Mewtwo', 'Mew', 'Exeggutor', 'Jynx', 'Chansey', 'Snorlax']","['Mewtwo', 'Mew', 'Electrode', 'Golem', 'Jynx', 'Chansey']",65,13,13
gen1ubers-2146006304,[Gen 1] UBERS,2024-06-19 03:59:57,,endeavor18222,vileplume8163,endeavor18222,False,"['Mew', 'Mewtwo', 'Slowbro', 'Chansey', 'Snorlax', 'Alakazam']","['Exeggutor', 'Mewtwo', 'Mew', 'Tauros', 'Chansey', 'Snorlax']",49,9,11
smogtours-gen1ubers-745113,[Gen 1] UBERS,2024-02-04 21:10:25,,golduck35019,quickclaw83695,quickclaw83695,True,"['Mew', 'Mewtwo', 'Exeggutor', 'Tauros', 'Rhydon', 'Snorlax']","['Mew', 'Mewtwo', 'Zapdos', 'Gengar', 'Chansey', 'Snorlax']",46,11,7
gen1ubers-2191365660,[Gen 1] UBERS,2024-08-30 23:21:40,1179,wiseglasses14654,typechange69487,typechange69487,True,"['Exeggutor', 'Mewtwo', 'Mew', 'Tauros', 'Chansey', 'Snorlax']","['Exeggutor', 'Mew', 'Tauros', 'Slowbro', 'Snorlax']",29,7,5
gen1ubers-566148400,[Gen 1] UBERS,2017-04-24 02:02:22,,solarbeam67063,charmeleon15087,solarbeam67063,False,"['Gengar', 'Zapdos', 'Dragonite', 'Blastoise']","['Venomoth', 'Lapras', 'Pidgeot', 'Omastar', 'Nidoking', 'Zapdos']",19,3,5
gen1ubers-1142695917,[Gen 1] UBERS,2020-06-30 18:45:06,,amnesia25800,innerfocus91859,innerfocus91859,True,"['Exeggutor', 'Mewtwo', 'Mew', 'Gengar', 'Chansey', 'Snorlax']","['Mewtwo', 'Mew', 'Tauros', 'Jynx', 'Chansey', 'Snorlax']",64,16,15
gen1ubers-2118005443,[Gen 1] UBERS,2024-05-05 01:29:45,,trickroom7098,bulletseed19358,bulletseed19358,False,"['Mewtwo', 'Mew', 'Jolteon', 'Slowbro', 'Chansey', 'Snorlax']","['Exeggutor', 'Mew', 'Mewtwo', 'Tauros', 'Slowbro', 'Snorlax']",43,6,8
gen1ubers-1047558032,[Gen 1] UBERS,2020-01-16 20:07:29,,alakazam91495,tangaberry40464,tangaberry40464,False,"['Growlithe', 'Pidgeotto', 'Butterfree', 'Venonat', 'Arbok', 'Gloom']","['Sandslash', 'Ivysaur', 'Weepinbell', 'Pikachu', 'Charmeleon', 'Golbat']",64,12,12
gen1ubers-2172303636,[Gen 1] UBERS,2024-08-02 22:51:22,1000,illuminate30311,clawfossil64897,illuminate30311,False,"['Mew', 'Chansey', 'Exeggutor', 'Snorlax']","['Mewtwo', 'Gengar', 'Gyarados', 'Hypno', 'Snorlax', 'Dragonite']",27,4,5
gen1ubers-2180581891,[Gen 1] UBERS,2024-08-15 12:34:20,,ember93698,nidorino85906,ember93698,True,"['Electrode', 'Chansey']","['Gengar', 'Electrode', 'Aerodactyl']",31,1,6
smogtours-gen1ubers-584807,[Gen 1] UBERS,2021-10-09 12:43:20,,zoomlens15496,amnesia25800,amnesia25800,True,"['Exeggutor', 'Mewtwo', 'Mew', 'Slowbro', 'Zapdos', 'Snorlax']","['Exeggutor', 'Mewtwo', 'Mew', 'Tauros', 'Slowbro', 'Snorlax']",35,12,12
smogtours-gen1ubers-716807,[Gen 1] UBERS,2023-09-17 01:33:20,,wailmer96415,chuspikyeared66431,chuspikyeared66431,False,"['Exeggutor', 'Mewtwo', 'Mew', 'Tauros', 'Chansey', 'Snorlax']","['Cloyster', 'Mewtwo', 'Mew', 'Chansey', 'Snorlax', 'Alakazam']",24,11,7
smogtours-gen1ubers-678620,[Gen 1] UBERS,2023-03-05 22:28:45,,barrier67448,icebody51285,icebody51285,False,"['Mewtwo', 'Mew', 'Zapdos', 'Poliwrath', 'Hypno', 'Snorlax']","['Exeggutor', 'Mew', 'Mewtwo', 'Slowbro', 'Chansey', 'Snorlax']",30,6,7
rom-gen1ubers-484160,[Gen 1] UBERS,2018-12-18 22:30:07,,constrict58938,sudowoodo17153,constrict58938,False,"['Mew', 'Mewtwo', 'Zapdos', 'Chansey', 'Snorlax']","['Mewtwo', 'Mew', 'Slowbro', 'Jynx', 'Chansey', 'Snorlax']",28,4,8
gen1ubers-727138202,[Gen 1] UBERS,2018-04-02 21:06:53,,return265,aggron60452,aggron60452,False,"['Exeggutor', 'Mew', 'Tauros', 'Jynx', 'Chansey', 'Snorlax']","['Gengar', 'Chansey', 'Mew', 'Snorlax']",46,10,3
gen1ubers-832253628,[Gen 1] UBERS,2018-11-08 05:35:30,,camerupt44165,staryu3108,staryu3108,False,"['Starmie', 'Mewtwo', 'Exeggutor', 'Mew', 'Slowbro', 'Jynx']","['Mewtwo', 'Mew', 'Slowbro', 'Zapdos', 'Golem', 'Snorlax']",51,13,9
gen1ubers-719499013,[Gen 1] UBERS,2018-03-17 20:38:46,,dreameater24458,gabite71548,dreameater24458,False,"['Exeggutor', 'Jolteon', 'Pinsir', 'Hypno', 'Rhydon', 'Tentacruel']","['Lapras', 'Charizard', 'Golem', 'Chansey', 'Snorlax', 'Alakazam']",40,7,9
smogtours-gen1ubers-522954,[Gen 1] UBERS,2020-10-17 21:20:06,,sacredfire231,synchronize14428,sacredfire231,True,"['Mew', 'Mewtwo', 'Tauros', 'Zapdos', 'Chansey', 'Snorlax']","['Mew', 'Mewtwo', 'Chansey', 'Snorlax', 'Victreebel', 'Alakazam']",66,17,19
gen1ubers-758786835,[Gen 1] UBERS,2018-06-07 02:28:54,,teeterdance99325,shadowclaw3738,shadowclaw3738,False,"['Starmie', 'Exeggutor', 'Tauros', 'Zapdos', 'Gengar', 'Alakazam']","['Mewtwo', 'Jolteon', 'Golem', 'Gengar', 'Chansey', 'Blastoise']",40,12,11
gen1ubers-2181165145,[Gen 1] UBERS,2024-08-16 08:03:41,1018,spikecannon19225,berryjuice11756,berryjuice11756,False,"['Mew', 'Mewtwo', 'Porygon', 'Slowbro', 'Gengar', 'Snorlax']","['Mew', 'Mewtwo', 'Hypno', 'Rhydon', 'Snorlax', 'Vaporeon']",47,8,11
gen1ubers-525238135,[Gen 1] UBERS,2017-01-29 04:10:31,,miltank57341,woodhammer83701,miltank57341,False,"['Starmie', 'Staryu']","['Eevee', 'Spearow', 'Rattata', 'Sandshrew']",27,1,3
smogtours-gen1ubers-594652,[Gen 1] UBERS,2021-11-22 20:59:05,,trick28969,synchronize14428,synchronize14428,False,"['Mew', 'Mewtwo', 'Jolteon', 'Tauros', 'Chansey', 'Snorlax']","['Exeggutor', 'Mew', 'Mewtwo', 'Gengar', 'Chansey', 'Snorlax']",110,19,18
gen1ubers-380472178,[Gen 1] UBERS,2016-06-01 05:57:46,,poison88575,leafguard37075,leafguard37075,False,"['Mew', 'Tauros', 'Zapdos', 'Golem', 'Gengar', 'Snorlax']","['Cloyster', 'Mew', 'Aerodactyl', 'Tauros', 'Jynx', 'Chansey']",42,8,9
gen1ubers-2118012465,[Gen 1] UBERS,2024-05-05 01:45:12,,spiderweb34583,bulletseed19358,spiderweb34583,False,"['Mew', 'Exeggutor', 'Mewtwo', 'Tauros', 'Chansey', 'Snorlax']","['Exeggutor', 'Mewtwo', 'Mew', 'Tauros', 'Slowbro', 'Snorlax']",59,6,9
gen1ubers-2176129218,[Gen 1] UBERS,2024-08-08 17:42:12,1084,shaymin79666,lombre858,shaymin79666,False,"['Mew', 'Chansey', 'Exeggutor', 'Mewtwo']","['Mewtwo', 'Mew', 'Slowbro', 'Chansey', 'Alakazam', 'Snorlax']",41,4,5
gen1ubers-2141856868,[Gen 1] UBERS,2024-06-12 13:10:11,,lombre16801,golduck35019,golduck35019,False,"['Exeggutor', 'Mew', 'Mewtwo', 'Slowbro', 'Jynx', 'Chansey']","['Mew', 'Exeggutor', 'Mewtwo', 'Tauros', 'Chansey', 'Snorlax']",52,8,11
smogtours-gen1ubers-674465,[Gen 1] UBERS,2023-02-11 23:23:36,,recover74685,special6978,special6978,True,"['Exeggutor', 'Mewtwo', 'Mew', 'Tauros', 'Chansey', 'Snorlax']","['Exeggutor', 'Mewtwo', 'Mew', 'Tauros', 'Chansey', 'Snorlax']",35,13,9
smogtours-gen1ubers-744253,[Gen 1] UBERS,2024-02-03 07:22:16,,ghost50880,screech7860,ghost50880,False,"['Mew', 'Exeggutor', 'Mewtwo', 'Slowbro', 'Rhydon', 'Snorlax']","['Exeggutor', 'Mewtwo', 'Mew', 'Tauros', 'Chansey', 'Snorlax']",117,20,11
gen1ubers-2189924742,[Gen 1] UBERS,2024-08-28 23:08:05,1000,damp1480,magnetbomb59480,damp1480,True,['Mewtwo'],"['Raichu', 'Lapras', 'Charizard', 'Nidoking']",8,0,3
gen1ubers-802065510,[Gen 1] UBERS,2018-09-07 06:07:18,,grumpig6785,hyperbeam7367,hyperbeam7367,False,"['Cloyster', 'Exeggutor', 'Jolteon', 'Gengar', 'Chansey', 'Rhydon']","['Starmie', 'Exeggutor', 'Ninetales', 'Clefable', 'Rhydon', 'Snorlax']",40,7,9
smogtours-gen1ubers-585491,[Gen 1] UBERS,2021-10-10 20:08:57,,arceusghost8496,synchronize14428,synchronize14428,True,"['Exeggutor', 'Mewtwo', 'Mew', 'Tauros', 'Chansey', 'Snorlax']","['Starmie', 'Mew', 'Exeggutor', 'Mewtwo', 'Chansey', 'Snorlax']",106,27,19
smogtours-gen1ubers-605614,[Gen 1] UBERS,2022-01-29 23:15:43,,arceusghost8496,starfberry84995,arceusghost8496,False,"['Exeggutor', 'Mewtwo', 'Mew', 'Aerodactyl', 'Chansey', 'Snorlax']","['Mew', 'Mewtwo', 'Tauros', 'Zapdos', 'Chansey', 'Snorlax']",110,14,18
smogtours-gen1ubers-743092,[Gen 1] UBERS,2024-01-28 21:36:33,,fissure61188,cobaberry74096,fissure61188,True,"['Exeggutor', 'Mewtwo', 'Mew', 'Tauros', 'Gengar', 'Snorlax']","['Mew', 'Mewtwo', 'Zapdos', 'Gengar', 'Chansey', 'Snorlax']",34,9,12
gen1ubers-781573516,[Gen 1] UBERS,2018-07-26 18:11:53,,lockon50489,krabby97145,krabby97145,False,"['Starmie', 'Mew', 'Mewtwo', 'Exeggutor', 'Snorlax', 'Alakazam']","['Mewtwo', 'Mew', 'Zapdos', 'Jynx', 'Chansey', 'Snorlax']",160,15,22
magic-gen1ubers-3802,[Gen 1] UBERS,2017-07-19 02:00:43,,hardstone23538,rage16346,rage16346,True,"['Chansey', 'Snorlax', 'Alakazam', 'Tauros']","['Exeggutor', 'Mewtwo']",15,5,1
smogtours-gen1ubers-673771,[Gen 1] UBERS,2023-02-09 00:16:27,,multitype99793,silcoon32247,silcoon32247,False,"['Mewtwo', 'Exeggutor', 'Mew', 'Zapdos', 'Chansey', 'Snorlax']","['Mewtwo', 'Mew', 'Zapdos', 'Gengar', 'Chansey', 'Snorlax']",46,9,7
smogtours-gen1ubers-748888,[Gen 1] UBERS,2024-02-20 21:13:26,,fissure61188,ambipom13450,ambipom13450,False,"['Mew', 'Mewtwo', 'Exeggutor', 'Jynx', 'Rhydon', 'Snorlax']","['Mew', 'Mewtwo', 'Tauros', 'Slowbro', 'Jynx', 'Snorlax']",38,6,6
gen1ubers-1128576870,[Gen 1] UBERS,2020-06-07 18:22:41,,growth17798,harden70835,harden70835,False,"['Scyther', 'Venomoth', 'Butterfree', 'Pinsir', 'Parasect', 'Beedrill']","['Mewtwo', 'Lapras', 'Alakazam', 'Zapdos']",26,5,3
gen1ubers-2297822271,[Gen 1] UBERS,2025-02-10 06:17:55,,wobbuffet58095,ember93698,wobbuffet58095,False,['Electrode'],"['Electrode', 'Chansey']",58,0,18
rom-gen1ubers-479019,[Gen 1] UBERS,2018-12-13 14:59:53,,constrict58938,sudowoodo17153,constrict58938,False,"['Mew', 'Mewtwo', 'Slowbro', 'Zapdos', 'Chansey', 'Snorlax']","['Mewtwo', 'Mew', 'Slowbro', 'Jynx', 'Chansey', 'Snorlax']",89,6,15
gen1ubers-740234918,[Gen 1] UBERS,2018-04-30 03:13:25,,drifblim84361,eevee75445,eevee75445,False,"['Dodrio', 'Victreebel', 'Rhydon', 'Arcanine', 'Alakazam', 'Blastoise']","['Charizard', 'Jolteon', 'Slowbro', 'Nidoking', 'Snorlax']",25,13,6
smogtours-gen1ubers-70748,[Gen 1] UBERS,2015-06-26 00:36:46,,flash7618,bide32585,flash7618,True,"['Electrode', 'Mew', 'Exeggutor']","['Jynx', 'Mew']",7,2,1
smogtours-gen1ubers-584591,[Gen 1] UBERS,2021-10-08 19:03:36,,innerfocus91859,sacredfire231,innerfocus91859,False,"['Exeggutor', 'Mewtwo', 'Mew', 'Tauros', 'Chansey', 'Snorlax']","['Mewtwo', 'Mew', 'Tauros', 'Chansey', 'Rhydon', 'Snorlax']",59,19,21
gen1ubers-572748519,[Gen 1] UBERS,2017-05-07 03:09:27,,miltank57341,woodhammer83701,woodhammer83701,False,['Raichu'],['Pikachu'],6,0,0
gen1ubers-2300807086,[Gen 1] UBERS,2025-02-14 18:07:35,,ponyta82141,fissure61188,fissure61188,True,"['Exeggutor', 'Mewtwo', 'Mew', 'Zapdos', 'Golem', 'Snorlax']","['Exeggutor', 'Mewtwo', 'Mew', 'Zapdos', 'Chansey', 'Snorlax']",65,15,18
gen1ubers-905701957,[Gen 1] UBERS,2019-05-07 20:28:48,,aftermath1308,psychic63984,aftermath1308,False,['Mewtwo'],"['Exeggutor', 'Zapdos', 'Alakazam', 'Rhydon', 'Snorlax', 'Dragonite']",23,0,6
gen1ubers-826829445,[Gen 1] UBERS,2018-11-27 03:26:35,,tropius17094,porygon83022,tropius17094,False,"['Tauros', 'Electrode', 'Jynx', 'Lickitung', 'Persian', 'Snorlax']","['Kangaskhan', 'Slowbro', 'Machamp', 'Chansey', 'Raichu', 'Alakazam']",46,9,9
rom-gen1ubers-539567,[Gen 1] UBERS,2019-04-16 23:03:53,,constrict58938,sudowoodo17153,sudowoodo17153,False,"['Mew', 'Mewtwo', 'Slowbro', 'Zapdos', 'Chansey', 'Snorlax']","['Jynx', 'Exeggutor', 'Mewtwo', 'Slowbro']",54,6,4
gen1ubers-881408873,[Gen 1] UBERS,2019-03-24 21:12:28,,bastiodon89462,nightmare6084,bastiodon89462,True,"['Mew', 'Mewtwo', 'Exeggutor', 'Tauros', 'Chansey', 'Snorlax']","['Mew', 'Exeggutor', 'Mewtwo', 'Gengar', 'Chansey', 'Snorlax']",58,11,8
gen1ubers-1147175653,[Gen 1] UBERS,2020-07-08 03:26:17,,glaceon53740,amnesia25800,amnesia25800,False,"['Mew', 'Mewtwo', 'Slowbro', 'Gengar', 'Chansey', 'Snorlax']","['Mewtwo', 'Exeggutor', 'Mew', 'Gengar', 'Chansey', 'Snorlax']",64,23,14
smogtours-gen1ubers-823098,[Gen 1] UBERS,2025-03-02 23:05:16,,fissure61188,psn38480,fissure61188,True,"['Mewtwo', 'Mew', 'Exeggutor', 'Golem', 'Jynx', 'Snorlax']","['Mewtwo', 'Mew', 'Aerodactyl', 'Gengar', 'Chansey', 'Rhydon']",95,28,31
gen1ubers-621570385,[Gen 1] UBERS,2017-08-23 20:13:12,,monferno30755,magnetrise41863,monferno30755,False,"['Kabuto', 'Rattata', 'Ditto', 'Kakuna', 'Beedrill', 'Gastly']","['Moltres', 'Mewtwo', 'Dragonair', 'Gengar', 'Dewgong', 'Arcanine']",32,7,7
smogtours-gen1ubers-819814,[Gen 1] UBERS,2025-02-14 21:46:13,,azumarill79029,fissure61188,fissure61188,False,"['Mew', 'Mewtwo', 'Exeggutor', 'Tauros', 'Snorlax', 'Alakazam']","['Exeggutor', 'Mewtwo', 'Mew', 'Tauros', 'Jynx', 'Snorlax']",43,11,12
gen1ubers-1127939004,[Gen 1] UBERS,2020-06-06 15:54:06,,xscissor83157,rceusfighting67103,rceusfighting67103,False,"['Starmie', 'Vileplume', 'Zapdos', 'Gengar', 'Arcanine', 'Snorlax']","['Cloyster', 'Mew', 'Jolteon', 'Venusaur', 'Snorlax']",31,9,6
smogtours-gen1ubers-820930,[Gen 1] UBERS,2025-02-19 22:15:56,,stealthrock72537,fissure61188,stealthrock72537,True,"['Mewtwo', 'Mew', 'Exeggutor', 'Tauros', 'Zapdos', 'Snorlax']","['Exeggutor', 'Mewtwo', 'Mew', 'Tauros', 'Snorlax', 'Dragonite']",129,13,12
smogtours-gen1ubers-739218,[Gen 1] UBERS,2024-01-14 16:35:32,,aurasphere76841,ingrain1000,ingrain1000,False,"['Mewtwo', 'Exeggutor', 'Mew', 'Tauros', 'Zapdos', 'Snorlax']","['Mewtwo', 'Mew', 'Exeggutor', 'Tauros', 'Jynx', 'Snorlax']",46,16,16
smogtours-gen1ubers-424054,[Gen 1] UBERS,2019-02-03 18:31:19,,bonsly23037,porygon292324,bonsly23037,False,"['Mew', 'Mewtwo', 'Exeggutor', 'Snorlax']","['Starmie', 'Mewtwo', 'Mew', 'Gengar', 'Chansey', 'Snorlax']",44,3,7
gen1ubers-2175431081,[Gen 1] UBERS,2024-08-07 17:26:09,,ditto3959,mysteryberry28701,mysteryberry28701,False,"['Mew', 'Mewtwo', 'Porygon', 'Gengar', 'Chansey', 'Hypno']","['Slowbro', 'Chansey', 'Exeggutor', 'Snorlax']",29,9,8
gen1ubers-829151597,[Gen 1] UBERS,2018-11-02 00:40:43,,powerlens25718,icywind73758,powerlens25718,True,"['Mew', 'Mewtwo', 'Electrode', 'Zapdos', 'Gengar', 'Jynx']","['Mew', 'Mewtwo', 'Jolteon', 'Tauros', 'Chansey', 'Snorlax']",58,17,16
gen1ubers-737190826,[Gen 1] UBERS,2018-04-23 21:14:29,,toxicspikes22910,return265,toxicspikes22910,True,"['Exeggutor', 'Mewtwo', 'Tauros', 'Slowbro', 'Chansey', 'Snorlax']","['Mewtwo', 'Tauros', 'Slowbro', 'Jynx', 'Chansey', 'Snorlax']",71,12,8
gen1ubers-1055548732,[Gen 1] UBERS,2020-01-31 06:31:09,,delcatty31981,ninetales87079,delcatty31981,True,"['Mewtwo', 'Mew', 'Charizard', 'Venusaur', 'Blastoise']","['Mewtwo', 'Mew', 'Tauros', 'Slowbro', 'Chansey', 'Snorlax']",87,25,13
smogtours-gen1ubers-673779,[Gen 1] UBERS,2023-02-09 02:01:09,,arceusghost8496,azumarill79029,azumarill79029,False,"['Mew', 'Mewtwo', 'Slowbro', 'Zapdos', 'Chansey', 'Snorlax']","['Mew', 'Mewtwo', 'Zapdos', 'Gengar', 'Chansey', 'Snorlax']",37,16,7
gen1ubers-2172249211,[Gen 1] UBERS,2024-08-02 21:10:03,1056,tauros79170,chopleberry38027,tauros79170,False,"['Mew', 'Exeggutor', 'Mewtwo', 'Tauros', 'Chansey', 'Snorlax']","['Starmie', 'Mewtwo', 'Mew', 'Chansey', 'Rhydon', 'Snorlax']",75,8,8
gen1ubers-619642132,[Gen 1] UBERS,2017-08-19 14:07:21,,cheriberry57452,wurmple99911,cheriberry57452,False,"['Exeggutor', 'Mew', 'Mewtwo', 'Slowbro', 'Chansey', 'Snorlax']","['Mew', 'Mewtwo', 'Slowbro', 'Zapdos', 'Gengar', 'Snorlax']",66,9,13
gen1ubers-2171989291,[Gen 1] UBERS,2024-08-02 13:36:22,1000,skilllink72029,magmarizer61972,magmarizer61972,True,"['Mewtwo', 'Mew', 'Tauros', 'Zapdos', 'Chansey', 'Snorlax']","['Starmie', 'Exeggutor', 'Mew', 'Mewtwo', 'Chansey', 'Rhydon']",103,17,19
gen1ubers-529392126,[Gen 1] UBERS,2017-02-06 10:03:07,,elekid48154,conversion284398,elekid48154,False,"['Raticate', 'Rattata']",['Onix'],8,1,0
gen1ubers-927014261,[Gen 1] UBERS,2019-06-12 20:07:37,,dialga48280,rotom44224,rotom44224,True,"['Mew', 'Exeggutor', 'Mewtwo', 'Tauros', 'Slowbro', 'Snorlax']","['Gengar', 'Chansey', 'Dragonite', 'Tauros']",60,38,4
smogtours-gen1ubers-389327,[Gen 1] UBERS,2018-07-21 07:17:15,,cleffa16650,magmastorm83132,cleffa16650,True,"['Mewtwo', 'Mew', 'Tauros', 'Slowbro', 'Jynx', 'Snorlax']","['Exeggutor', 'Mew', 'Mewtwo', 'Tauros', 'Slowbro', 'Snorlax']",40,14,13
gen1ubers-979271495,[Gen 1] UBERS,2019-09-20 21:22:10,,simple53659,lustrousorb69454,lustrousorb69454,True,"['Mew', 'Mewtwo', 'Slowbro', 'Gengar', 'Chansey', 'Snorlax']","['Mew', 'Mewtwo', 'Jynx', 'Chansey', 'Rhydon', 'Snorlax']",49,15,17
gen1ubers-739688930,[Gen 1] UBERS,2018-04-28 23:35:38,,drifblim84361,eevee75445,drifblim84361,False,"['Voltorb', 'Jolteon', 'Raichu', 'Electabuzz', 'Magnemite']","['Pidgeotto', 'Nidoking', 'Pikachu', 'Slowpoke', 'Primeape', 'Charmeleon']",25,4,6
rom-gen1ubers-479045,[Gen 1] UBERS,2018-12-13 15:16:19,,constrict58938,sudowoodo17153,constrict58938,False,"['Mew', 'Mewtwo', 'Snorlax', 'Zapdos']","['Mewtwo', 'Mew', 'Slowbro', 'Jynx', 'Chansey', 'Snorlax']",60,3,13
gen1ubers-945481384,[Gen 1] UBERS,2019-07-16 02:38:48,,blastoise97127,tailwhip2839,tailwhip2839,False,"['Cloyster', 'Mewtwo', 'Zapdos', 'Gengar', 'Rhydon', 'Snorlax']","['Exeggutor', 'Tauros', 'Chansey', 'Rhydon', 'Snorlax']",21,8,6
gen1ubers-764699451,[Gen 1] UBERS,2018-06-19 18:50:23,1000,noeffect75779,transform58014,noeffect75779,False,"['Mewtwo', 'Ninetales', 'Dragonite']","['Mewtwo', 'Charizard', 'Nidoking', 'Rhydon', 'Alakazam', 'Blastoise']",15,2,6
gen1ubers-735298749,[Gen 1] UBERS,2018-04-19 22:44:56,,waveincense51112,stantler13317,waveincense51112,False,"['Mew', 'Exeggutor', 'Mewtwo', 'Jynx', 'Chansey', 'Snorlax']","['Mew', 'Exeggutor', 'Mewtwo', 'Slowbro', 'Jynx', 'Chansey']",150,14,20
smogtours-gen1ubers-635635,[Gen 1] UBERS,2022-07-01 22:35:29,,amnesia25800,psn38480,psn38480,False,"['Mew', 'Mewtwo', 'Tauros', 'Zapdos', 'Victreebel', 'Rhydon']","['Exeggutor', 'Mewtwo', 'Mew', 'Slowbro', 'Chansey', 'Snorlax']",67,17,14
gen1ubers-2178934132,[Gen 1] UBERS,2024-08-12 23:54:09,1012,dragondance1403,hitmontop52074,dragondance1403,False,"['Mew', 'Exeggutor', 'Mewtwo', 'Tauros', 'Chansey']","['Mew', 'Mewtwo', 'Exeggutor', 'Tauros', 'Chansey', 'Snorlax']",22,9,7
smogtours-gen1ubers-608688,[Gen 1] UBERS,2022-02-14 01:59:47,,focusband97190,psn38480,focusband97190,True,"['Mewtwo', 'Tauros', 'Chansey', 'Snorlax', 'Alakazam']","['Starmie', 'Exeggutor', 'Mewtwo', 'Mew', 'Chansey', 'Snorlax']",32,12,14
gen1ubers-818472976,[Gen 1] UBERS,2018-10-11 00:10:02,,psn38480,tailwhip2839,tailwhip2839,True,"['Slowbro', 'Starmie', 'Exeggutor', 'Chansey']","['Starmie', 'Exeggutor', 'Tauros', 'Chansey', 'Snorlax']",37,12,12
gen1ubers-636760145,[Gen 1] UBERS,2017-09-25 23:10:15,,aggron60452,snowwarning81895,aggron60452,True,"['Mewtwo', 'Mew', 'Slowbro', 'Zapdos', 'Gengar', 'Chansey']","['Mewtwo', 'Mew', 'Exeggutor', 'Tauros', 'Gengar', 'Snorlax']",99,21,20
gen1ubers-531977682,[Gen 1] UBERS,2017-02-11 19:41:17,,nostatus17737,aquajet24641,nostatus17737,False,"['Seadra', 'Mew', 'Venusaur', 'Muk', 'Snorlax']","['Charizard', 'Golem', 'Pikachu', 'Chansey', 'Hypno', 'Snorlax']",29,6,11
smogtours-gen1ubers-587115,[Gen 1] UBERS,2021-10-16 20:25:46,,amnesia25800,sacredfire231,amnesia25800,False,"['Mew', 'Mewtwo', 'Jolteon', 'Chansey', 'Snorlax']","['Mew', 'Mewtwo', 'Jolteon', 'Slowbro', 'Chansey', 'Snorlax']",74,10,13
gen1ubers-810788895,[Gen 1] UBERS,2018-09-25 11:49:14,,crawdaunt91763,magnetpull12833,magnetpull12833,True,"['Mewtwo', 'Exeggutor', 'Mew', 'Slowbro', 'Jynx', 'Chansey']","['Jynx', 'Mewtwo', 'Slowbro', 'Exeggutor']",87,11,5
smogtours-gen1ubers-131338,[Gen 1] UBERS,2016-02-12 20:53:02,,innerfocus91859,bide32585,innerfocus91859,True,"['Mewtwo', 'Mew', 'Jynx', 'Chansey', 'Snorlax']","['Mewtwo', 'Mew', 'Slowbro', 'Jynx', 'Chansey', 'Snorlax']",85,6,8
smogtours-gen1ubers-805473,[Gen 1] UBERS,2024-11-09 17:42:48,,pomegberry93675,machamp2495,machamp2495,False,"['Mew', 'Exeggutor', 'Mewtwo', 'Tauros', 'Chansey', 'Snorlax']","['Cloyster', 'Mewtwo', 'Mew', 'Chansey', 'Snorlax', 'Alakazam']",33,12,9
gen1ubers-2173333283,[Gen 1] UBERS,2024-08-04 16:09:48,,magmaarmor29002,quickpowder52632,quickpowder52632,False,"['Exeggutor', 'Mew', 'Mewtwo', 'Tauros', 'Gengar', 'Snorlax']","['Mew', 'Exeggutor', 'Mewtwo', 'Jolteon', 'Slowbro', 'Ditto']",159,11,12
gen1ubers-256570783,[Gen 1] UBERS,2015-08-06 14:40:33,,articuno30599,innerfocus91859,articuno30599,True,"['Jynx', 'Mew', 'Mewtwo', 'Slowbro']","['Mew', 'Mewtwo', 'Slowbro', 'Jynx', 'Chansey', 'Snorlax']",38,8,7
gen1ubers-1126718530,[Gen 1] UBERS,2020-06-04 16:23:36,,chlorophyll79380,thickfat98204,thickfat98204,True,"['Mewtwo', 'Tauros', 'Nidoking', 'Gengar', 'Chansey', 'Dragonite']","['Mew', 'Mewtwo', 'Gengar', 'Alakazam', 'Dragonite']",27,5,5
gen1ubers-620706295,[Gen 1] UBERS,2017-08-21 21:24:45,,monferno30755,magnetrise41863,magnetrise41863,False,"['Kabuto', 'Rattata', 'Ditto', 'Kakuna', 'Beedrill', 'Gastly']","['Moltres', 'Mewtwo', 'Dragonair', 'Gengar', 'Dewgong', 'Arcanine']",30,7,6
smogtours-gen1ubers-527384,[Gen 1] UBERS,2020-11-14 17:31:17,,quilava99512,synchronize14428,synchronize14428,True,"['Mew', 'Mewtwo', 'Tauros', 'Zapdos', 'Chansey', 'Snorlax']","['Mewtwo', 'Mew', 'Gengar', 'Chansey', 'Snorlax', 'Alakazam']",72,11,16
smogtours-gen1ubers-775497,[Gen 1] UBERS,2024-06-17 21:56:11,,gastrodon26689,machpunch62379,gastrodon26689,False,"['Cloyster', 'Mewtwo', 'Mew', 'Chansey', 'Snorlax']","['Mewtwo', 'Mew', 'Exeggutor', 'Tauros', 'Jynx', 'Snorlax']",30,7,9
gen1ubers-603472643,[Gen 1] UBERS,2017-07-13 19:50:53,,static20382,gible81970,static20382,False,"['Lapras', 'Exeggutor', 'Tauros', 'Zapdos', 'Rhydon', 'Alakazam']","['Mew', 'Lapras', 'Jolteon', 'Golem', 'Chansey', 'Rhydon']",45,11,13
gen1ubers-2270955661,[Gen 1] UBERS,2024-12-28 13:27:10,,gible45423,gloom50365,gloom50365,False,"['Mew', 'Tauros', 'Zapdos', 'Victreebel', 'Snorlax', 'Alakazam']","['Cloyster', 'Starmie', 'Mew', 'Exeggutor', 'Tauros', 'Raichu']",73,25,18
smogtours-gen1ubers-788169,[Gen 1] UBERS,2024-08-31 13:50:37,,aurasphere76841,flamewheel25525,aurasphere76841,False,"['Mewtwo', 'Exeggutor', 'Mew', 'Tauros', 'Zapdos', 'Snorlax']","['Mewtwo', 'Mew', 'Exeggutor', 'Tauros', 'Golem', 'Snorlax']",22,7,8
gen1ubers-2041037752,[Gen 1] UBERS,2024-01-22 08:09:14,,silkscarf15538,tyranitar27789,tyranitar27789,True,['Electrode'],['Electrode'],9,0,0
smogtours-gen1ubers-788215,[Gen 1] UBERS,2024-08-31 16:08:48,,waterfall8105,flamewheel25525,flamewheel25525,False,"['Mewtwo', 'Exeggutor', 'Mew', 'Tauros', 'Zapdos', 'Snorlax']","['Mew', 'Mewtwo', 'Exeggutor', 'Tauros', 'Hypno', 'Snorlax']",36,11,10
smogtours-gen1ubers-815830,[Gen 1] UBERS,2025-01-25 12:17:06,,drapion2237,quickclaw83695,drapion2237,True,"['Mewtwo', 'Exeggutor', 'Tauros', 'Zapdos', 'Snorlax']","['Mewtwo', 'Exeggutor', 'Mew', 'Slowbro', 'Rhydon', 'Snorlax']",29,10,9
gen1ubers-759014031,[Gen 1] UBERS,2018-06-07 15:50:50,,rhydon64404,latias62316,latias62316,True,"['Mewtwo', 'Mew', 'Slowbro', 'Chansey', 'Snorlax']","['Mewtwo', 'Mew', 'Tauros', 'Golem', 'Alakazam']",32,5,4
smogtours-gen1ubers-154401,[Gen 1] UBERS,2016-04-24 13:25:17,,starly21199,mefirst94337,mefirst94337,False,"['Mew', 'Exeggutor', 'Tauros', 'Slowbro', 'Chansey', 'Snorlax']","['Exeggutor', 'Mew', 'Tauros', 'Jynx', 'Chansey', 'Snorlax']",33,10,11
gen1ubers-525241854,[Gen 1] UBERS,2017-01-29 04:18:56,,miltank57341,woodhammer83701,miltank57341,False,['Raichu'],"['Eevee', 'Spearow', 'Rattata', 'Sandshrew']",7,0,4
gen1ubers-1050528171,[Gen 1] UBERS,2020-01-22 01:59:13,,barboach14789,muddywater69259,muddywater69259,True,"['Mr. Mime', 'Butterfree', 'Weezing']","['Starmie', 'Jolteon', 'Slowbro', 'Snorlax', 'Dragonite']",14,2,5
rom-gen1ubers-468467,[Gen 1] UBERS,2018-12-02 21:15:28,,constrict58938,sudowoodo17153,constrict58938,False,"['Chansey', 'Mew', 'Snorlax', 'Zapdos']","['Mewtwo', 'Mew', 'Slowbro', 'Jynx', 'Chansey', 'Snorlax']",39,3,7
gen1ubers-2048590646,[Gen 1] UBERS,2024-01-31 17:52:13,,psywave3230,grudge18697,grudge18697,True,"['Electrode', 'Chansey']","['Electrode', 'Chansey']",25,1,17
smogtours-gen1ubers-706008,[Gen 1] UBERS,2023-07-28 02:19:13,,drapion2237,sandattack94842,sandattack94842,True,"['Mew', 'Mewtwo', 'Slowbro', 'Jynx', 'Chansey', 'Snorlax']","['Mew', 'Exeggutor', 'Mewtwo', 'Chansey', 'Snorlax', 'Dragonite']",47,8,6
smogtours-gen1ubers-789062,[Gen 1] UBERS,2024-09-05 00:29:58,,aurasphere76841,deoxysspeed57470,deoxysspeed57470,False,"['Mew', 'Exeggutor', 'Mewtwo', 'Tauros', 'Zapdos', 'Snorlax']","['Cloyster', 'Mew', 'Mewtwo', 'Exeggutor', 'Zapdos', 'Rhydon']",86,33,37
gen1ubers-337242078,[Gen 1] UBERS,2016-02-28 17:04:20,,tentacruel38153,crushgrip11624,tentacruel38153,False,"['Starmie', 'Charizard', 'Gengar', 'Chansey', 'Dragonite']","['Porygon', 'Venusaur', 'Gengar', 'Electabuzz', 'Rhydon', 'Magmar']",42,8,7
gen1ubers-2177600261,[Gen 1] UBERS,2024-08-10 23:08:08,1123,berryjuice11756,gloom24666,berryjuice11756,True,"['Tauros', 'Mew', 'Zapdos', 'Vaporeon']","['Mewtwo', 'Slowbro', 'Chansey', 'Snorlax', 'Alakazam']",25,6,9
gen1ubers-2300794674,[Gen 1] UBERS,2025-02-14 17:43:49,,fissure61188,ponyta82141,fissure61188,False,"['Exeggutor', 'Mew', 'Mewtwo', 'Tauros', 'Gengar', 'Snorlax']","['Mewtwo', 'Exeggutor', 'Mew', 'Tauros', 'Jynx', 'Snorlax']",38,8,11
smogtours-gen1ubers-592395,[Gen 1] UBERS,2021-11-10 22:37:36,,focusenergy12335,synchronize14428,synchronize14428,True,"['Mewtwo', 'Tauros', 'Slowbro', 'Jynx', 'Chansey', 'Snorlax']","['Mew', 'Exeggutor', 'Jolteon', 'Mewtwo', 'Chansey', 'Snorlax']",44,10,11
smogtours-gen1ubers-716487,[Gen 1] UBERS,2023-09-16 05:58:53,,castform97328,mamoswine66279,mamoswine66279,False,"['Mew', 'Exeggutor', 'Mewtwo', 'Aerodactyl', 'Chansey', 'Snorlax']","['Mewtwo', 'Mew', 'Zapdos', 'Gengar', 'Chansey', 'Snorlax']",121,31,30
gen1ubers-948199380,[Gen 1] UBERS,2019-07-21 09:30:04,,aggron60452,sweetscent3994,sweetscent3994,True,"['Exeggutor', 'Mew', 'Slowbro', 'Jynx', 'Chansey', 'Snorlax']","['Mewtwo', 'Tauros', 'Slowbro', 'Zapdos', 'Gengar']",109,13,8
china-gen1ubers-205361,[Gen 1] UBERS,2019-07-04 05:01:28,,gengarmega39461,drapion2237,gengarmega39461,False,"['Starmie', 'Mewtwo', 'Tauros', 'Gengar', 'Chansey', 'Dragonite']","['Mewtwo', 'Exeggutor', 'Mew', 'Slowbro', 'Gengar', 'Snorlax']",65,7,12
gen1ubers-2177729314,[Gen 1] UBERS,2024-08-11 03:52:56,1045,rotom59311,custapberry7450,rotom59311,True,"['Jynx', 'Mew', 'Slowbro']","['Mew', 'Mewtwo', 'Aerodactyl']",25,2,3
gen1ubers-2030463535,[Gen 1] UBERS,2024-01-09 02:28:44,,cleffa42333,metalcoat5437,cleffa42333,False,"['Mewtwo', 'Snorlax', 'Lapras']","['Jolteon', 'Tauros', 'Slowbro', 'Gengar', 'Chansey', 'Alakazam']",44,2,7
smogtours-gen1ubers-592457,[Gen 1] UBERS,2021-11-11 21:17:22,,questionmarks16192,synchronize14428,questionmarks16192,False,"['Mewtwo', 'Mew', 'Zapdos', 'Gengar', 'Chansey', 'Snorlax']","['Starmie', 'Mew', 'Mewtwo', 'Tauros', 'Chansey', 'Snorlax']",100,35,30
gen1ubers-601881948,[Gen 1] UBERS,2017-07-10 05:08:27,,par57723,delcatty31981,par57723,True,"['Mewtwo', 'Exeggutor', 'Mew', 'Golem', 'Chansey', 'Alakazam']","['Mew', 'Mewtwo', 'Charizard', 'Pikachu', 'Venusaur', 'Blastoise']",28,5,6
gen1ubers-1025543311,[Gen 1] UBERS,2019-12-08 12:16:22,,bronzor23347,glameow93280,glameow93280,False,"['Mewtwo', 'Mew', 'Tauros', 'Slowbro', 'Jynx', 'Chansey']","['Mewtwo', 'Mew', 'Jynx', 'Chansey', 'Rhydon', 'Snorlax']",75,9,12
smogtours-gen1ubers-698789,[Gen 1] UBERS,2023-06-24 14:12:52,,unknownability847,poisonbarb8537,unknownability847,True,"['Mew', 'Chansey', 'Snorlax', 'Rhydon', 'Alakazam']","['Mew', 'Exeggutor', 'Mewtwo', 'Chansey', 'Snorlax', 'Alakazam']",59,14,10
gen1ubers-2237637772,[Gen 1] UBERS,2024-11-05 03:44:09,,dusclops45500,nightslash93269,dusclops45500,False,"['Mew', 'Snorlax', 'Jolteon', 'Tauros']","['Starmie', 'Mewtwo', 'Jolteon', 'Gengar', 'Rhydon', 'Snorlax']",32,5,6
gen1ubers-1136216307,[Gen 1] UBERS,2020-06-20 18:12:51,,roselia30851,lifeorb26007,roselia30851,True,"['Starmie', 'Mew', 'Mewtwo', 'Zapdos', 'Golem']","['Mewtwo', 'Mew', 'Slowbro', 'Jynx', 'Chansey']",60,6,5
smogtours-gen1ubers-173507,[Gen 1] UBERS,2016-07-04 20:19:56,,uturn10423,frisk39799,frisk39799,True,"['Mewtwo', 'Mew', 'Jolteon', 'Exeggutor', 'Chansey', 'Snorlax']","['Exeggutor', 'Mewtwo', 'Mew', 'Jynx', 'Chansey']",41,12,11
smogtours-gen1ubers-523590,[Gen 1] UBERS,2020-10-22 16:46:26,,quilava99512,innerfocus91859,innerfocus91859,False,"['Mewtwo', 'Mew', 'Jolteon', 'Jynx', 'Chansey', 'Snorlax']","['Mewtwo', 'Mew', 'Tauros', 'Gengar', 'Chansey', 'Snorlax']",65,9,9
smogtours-gen1ubers-701303,[Gen 1] UBERS,2023-07-06 14:14:31,,adaptability45192,drapion2237,drapion2237,False,"['Exeggutor', 'Mewtwo', 'Mew', 'Gengar', 'Chansey', 'Snorlax']","['Mewtwo', 'Exeggutor', 'Mew', 'Golem', 'Snorlax', 'Alakazam']",112,19,16
gen1ubers-762442616,[Gen 1] UBERS,2018-06-14 18:53:38,1000,return39470,rollout63063,return39470,False,['Mewtwo'],"['Cloyster', 'Mewtwo', 'Gengar', 'Chansey', 'Alakazam', 'Dragonite']",21,0,7
smogtours-gen1ubers-815727,[Gen 1] UBERS,2025-01-24 21:08:48,,azumarill79029,mudsport71981,azumarill79029,False,"['Mew', 'Mewtwo', 'Exeggutor', 'Tauros', 'Snorlax', 'Articuno']","['Cloyster', 'Exeggutor', 'Mew', 'Mewtwo', 'Zapdos', 'Alakazam']",36,11,11
gen1ubers-2174124661,[Gen 1] UBERS,2024-08-05 19:25:29,1029,waterspout1957,extremespeed54094,extremespeed54094,True,"['Mewtwo', 'Exeggutor', 'Tauros', 'Chansey', 'Snorlax']","['Cloyster', 'Chansey', 'Mewtwo', 'Charizard']",9,4,3
smogtours-gen1ubers-145913,[Gen 1] UBERS,2016-04-02 22:18:46,,innerfocus91859,heatrock37333,innerfocus91859,False,"['Mew', 'Slowbro', 'Gengar', 'Chansey', 'Rhydon', 'Snorlax']","['Exeggutor', 'Mew', 'Jolteon', 'Tauros', 'Chansey', 'Snorlax']",30,10,11
gen1ubers-2158405363,[Gen 1] UBERS,2024-07-10 11:59:05,,ludicolo79993,kricketune23578,ludicolo79993,False,['Electrode'],"['Gengar', 'Mewtwo', 'Clefable']",21,0,2
smogtours-gen1ubers-702327,[Gen 1] UBERS,2023-07-09 20:34:36,,deoxysdefense78874,psn38480,deoxysdefense78874,True,"['Mewtwo', 'Mew', 'Gengar', 'Chansey', 'Snorlax']","['Mew', 'Mewtwo', 'Slowbro', 'Gengar', 'Chansey', 'Snorlax']",46,8,8
smogtours-gen1ubers-734802,[Gen 1] UBERS,2023-12-10 23:06:57,,golduck35019,cascoon94634,cascoon94634,False,"['Mew', 'Exeggutor', 'Mewtwo', 'Tauros', 'Rhydon', 'Snorlax']","['Mewtwo', 'Exeggutor', 'Mew', 'Tauros', 'Chansey', 'Snorlax']",35,11,8
gen1ubers-813542441,[Gen 1] UBERS,2018-09-30 22:19:41,,sweetscent3994,sacredfire89193,sweetscent3994,True,"['Jynx', 'Mewtwo', 'Mew']","['Jynx', 'Mewtwo']",84,6,11
gen1ubers-1148292268,[Gen 1] UBERS,2020-07-09 22:42:56,,rotom95030,gunkshot9424,rotom95030,False,"['Mewtwo', 'Exeggutor', 'Mew', 'Tauros', 'Chansey', 'Snorlax']","['Mewtwo', 'Exeggutor', 'Mew', 'Tauros', 'Slowbro', 'Snorlax']",63,14,19
gen1ubers-761185003,[Gen 1] UBERS,2018-06-12 01:14:32,,thunderfang74468,waveincense51112,thunderfang74468,True,"['Mew', 'Mewtwo', 'Tauros', 'Zapdos', 'Chansey']","['Exeggutor', 'Mewtwo', 'Mew', 'Jynx', 'Chansey', 'Snorlax']",28,4,5
gen1ubers-2122856346,[Gen 1] UBERS,2024-05-12 01:21:46,,jabocaberry98497,softsand45315,softsand45315,False,"['Mew', 'Mewtwo']","['Mew', 'Mewtwo']",17,1,1
gen1ubers-2172783711,[Gen 1] UBERS,2024-08-03 18:04:51,1017,substitute94302,growl5652,growl5652,True,"['Mew', 'Exeggutor', 'Mewtwo', 'Slowbro']","['Gengar', 'Chansey', 'Mew', 'Electrode']",12,4,3
gen1ubers-248332416,[Gen 1] UBERS,2015-07-10 11:27:30,,krabby97145,furyattack94312,krabby97145,True,"['Exeggutor', 'Mew', 'Slowbro', 'Jynx', 'Chansey']","['Starmie', 'Mew', 'Exeggutor', 'Mewtwo', 'Chansey', 'Snorlax']",96,20,18
smogtours-gen1ubers-523588,[Gen 1] UBERS,2020-10-22 16:14:51,,innerfocus91859,quilava99512,quilava99512,True,"['Exeggutor', 'Mewtwo', 'Mew', 'Chansey', 'Rhydon', 'Snorlax']","['Starmie', 'Mew', 'Mewtwo', 'Chansey', 'Snorlax']",48,21,11
gen1ubers-1006289371,[Gen 1] UBERS,2019-11-08 20:25:20,,lightningrod69920,waterfall19243,lightningrod69920,False,['Mew'],"['Mew', 'Charizard', 'Jolteon', 'Exeggutor', 'Flareon', 'Rhydon']",20,0,6
smogtours-gen1ubers-144261,[Gen 1] UBERS,2016-03-27 21:00:52,,glameow94696,leer23545,leer23545,True,"['Mew', 'Exeggutor', 'Alakazam', 'Snorlax']","['Gengar', 'Chansey', 'Exeggutor', 'Snorlax']",16,3,6
smogtours-gen1ubers-185509,[Gen 1] UBERS,2016-08-14 01:50:44,,innerfocus91859,chimecho62545,innerfocus91859,True,"['Gengar', 'Mewtwo', 'Exeggutor', 'Snorlax']","['Exeggutor', 'Mewtwo', 'Mew', 'Slowbro', 'Zapdos', 'Gengar']",18,3,5
gen1ubers-728700045,[Gen 1] UBERS,2018-04-06 02:48:57,,dialga48280,delcatty31981,delcatty31981,False,"['Mewtwo', 'Mew', 'Slowbro', 'Golem', 'Gengar', 'Chansey']","['Mewtwo', 'Mew', 'Electrode', 'Golem', 'Jynx', 'Chansey']",66,12,15
gen1ubers-720444904,[Gen 1] UBERS,2018-03-19 20:32:09,,rollingkick215,reflect23908,reflect23908,False,"['Lapras', 'Golem', 'Marowak', 'Jigglypuff', 'Caterpie', 'Squirtle']","['Ninetales', 'Dragonair', 'Weezing', 'Gloom', 'Arcanine']",53,25,4
gen1ubers-1031713809,[Gen 1] UBERS,2019-12-19 03:04:14,,steelix31509,yacheberry64333,steelix31509,True,['Mewtwo'],['Mew'],8,0,0
gen1ubers-930077801,[Gen 1] UBERS,2019-06-17 20:56:47,,waterpulse29189,psychup18617,waterpulse29189,False,"['Exeggutor', 'Tauros', 'Slowbro', 'Zapdos', 'Jynx', 'Chansey']","['Exeggutor', 'Tauros', 'Slowbro', 'Chansey', 'Alakazam', 'Snorlax']",65,12,13
gen1ubers-991705491,[Gen 1] UBERS,2019-10-13 09:38:06,,rotomfrost66079,dark77821,dark77821,False,"['Exeggutor', 'Lapras', 'Tauros', 'Raticate', 'Chansey', 'Snorlax']","['Mew', 'Mewtwo', 'Slowbro', 'Jynx', 'Chansey', 'Snorlax']",34,9,8
gen1ubers-684166787,[Gen 1] UBERS,2018-01-05 00:15:58,,woodhammer83701,hypno99223,woodhammer83701,False,['Charmeleon'],['Onix'],9,0,0
smogtours-gen1ubers-744987,[Gen 1] UBERS,2024-02-04 19:28:33,,buneary67957,drillpeck8655,buneary67957,False,"['Mewtwo', 'Mew', 'Tauros', 'Zapdos', 'Chansey', 'Rhydon']","['Mew', 'Mewtwo', 'Slowbro', 'Zapdos', 'Chansey', 'Snorlax']",49,10,13
gen1ubers-1057415763,[Gen 1] UBERS,2020-02-03 22:34:01,,aron10060,monferno68820,aron10060,True,"['Gengar', 'Chansey', 'Mewtwo', 'Snorlax']","['Starmie', 'Mewtwo', 'Zapdos', 'Golem', 'Snorlax']",140,3,7
smogtours-gen1ubers-654489,[Gen 1] UBERS,2022-10-13 17:54:16,,psn38480,mefirst94337,psn38480,True,"['Mew', 'Mewtwo', 'Zapdos', 'Gengar', 'Chansey', 'Snorlax']","['Mew', 'Mewtwo', 'Slowbro', 'Chansey', 'Snorlax', 'Alakazam']",53,16,10
gen1ubers-1142689889,[Gen 1] UBERS,2020-06-30 18:33:50,,innerfocus91859,amnesia25800,innerfocus91859,True,"['Exeggutor', 'Mewtwo', 'Mew', 'Tauros', 'Chansey', 'Snorlax']","['Exeggutor', 'Mew', 'Mewtwo', 'Gengar', 'Chansey', 'Snorlax']",34,10,11
gen1ubers-1026796121,[Gen 1] UBERS,2019-12-10 04:32:14,,spiderweb62208,filter41379,spiderweb62208,False,"['Starmie', 'Exeggutor', 'Tauros', 'Golem', 'Gengar', 'Chansey']","['Exeggutor', 'Mewtwo', 'Mew', 'Slowbro', 'Jynx', 'Chansey']",30,8,6
rom-gen1ubers-479086,[Gen 1] UBERS,2018-12-13 15:39:53,,constrict58938,sudowoodo17153,constrict58938,False,"['Chansey', 'Mew', 'Snorlax', 'Zapdos']","['Mewtwo', 'Mew', 'Slowbro', 'Jynx', 'Chansey', 'Snorlax']",40,3,8
gen1ubers-2113583043,[Gen 1] UBERS,2024-04-28 21:29:58,,ledian14085,exeggcute86397,exeggcute86397,False,"['Mewtwo', 'Mew', 'Gengar', 'Chansey', 'Rhydon', 'Alakazam']","['Mew', 'Exeggutor', 'Mewtwo', 'Jolteon', 'Persian']",28,9,4
gen1ubers-826835510,[Gen 1] UBERS,2018-11-27 03:44:11,,wormadamtrash50615,porygon83022,porygon83022,False,"['Exeggutor', 'Charizard', 'Hypno', 'Rhydon', 'Dragonite', 'Blastoise']","['Kangaskhan', 'Slowbro', 'Machamp', 'Chansey', 'Raichu', 'Alakazam']",34,11,9
smogtours-gen1ubers-610200,[Gen 1] UBERS,2022-02-25 22:02:23,,duskball22480,synchronize14428,synchronize14428,False,"['Mew', 'Exeggutor', 'Mewtwo', 'Slowbro', 'Zapdos', 'Snorlax']","['Mewtwo', 'Exeggutor', 'Gengar', 'Chansey', 'Snorlax']",54,19,17
gen1ubers-2179644055,[Gen 1] UBERS,2024-08-14 00:57:33,1112,revenge71921,parasect7600,parasect7600,True,"['Mew', 'Mewtwo', 'Exeggutor', 'Jolteon', 'Snorlax']","['Mew', 'Mewtwo', 'Slowbro', 'Gengar', 'Chansey', 'Snorlax']",28,8,11
smogtours-gen1ubers-698481,[Gen 1] UBERS,2023-06-22 16:08:57,,golem77587,simple96847,golem77587,False,"['Mew', 'Mewtwo', 'Exeggutor', 'Zapdos', 'Chansey', 'Snorlax']","['Mew', 'Mewtwo', 'Tauros', 'Jynx', 'Chansey', 'Snorlax']",44,6,11
gen1ubers-726656997,[Gen 1] UBERS,2018-04-01 21:01:25,,spheal83266,extrasensory78025,extrasensory78025,True,"['Mew', 'Mewtwo', 'Tauros', 'Chansey', 'Alakazam']","['Cloyster', 'Mewtwo']",12,4,1
gen1ubers-749541406,[Gen 1] UBERS,2018-05-19 03:45:52,,woodhammer83701,miltank57341,woodhammer83701,False,"['Squirtle', 'Pikachu', 'Bulbasaur', 'Fearow', 'Charmander']","['Voltorb', 'Magneton', 'Electrode', 'Electabuzz', 'Raichu']",41,7,4
smogtours-gen1ubers-80506,[Gen 1] UBERS,2015-08-06 10:37:20,,stench25210,hustle11937,hustle11937,True,"['Exeggutor', 'Tauros', 'Slowbro', 'Chansey', 'Alakazam', 'Snorlax']","['Exeggutor', 'Mewtwo', 'Mew', 'Tauros', 'Zapdos', 'Snorlax']",28,13,13
gen1ubers-2185682766,[Gen 1] UBERS,2024-08-22 21:19:37,,arceusrock85310,dragonair5297,dragonair5297,False,"['Starmie', 'Mew', 'Mewtwo', 'Tauros', 'Chansey', 'Snorlax']","['Cloyster', 'Mewtwo', 'Mew', 'Chansey', 'Snorlax', 'Alakazam']",55,9,10
gen1ubers-527343793,[Gen 1] UBERS,2017-02-02 03:26:40,,miltank57341,woodhammer83701,woodhammer83701,False,"['Nidoking', 'Nidoqueen', 'Dugtrio', 'Persian', 'Rhydon']","['Sandslash', 'Ninetales', 'Magneton', 'Vaporeon']",19,4,3
smogtours-gen1ubers-724254,[Gen 1] UBERS,2023-10-15 21:46:55,,icebody51285,skillswap74981,skillswap74981,False,"['Mew', 'Exeggutor', 'Mewtwo', 'Tauros', 'Chansey', 'Snorlax']","['Mewtwo', 'Exeggutor', 'Mew', 'Tauros', 'Chansey', 'Snorlax']",31,11,10
gen1ubers-525239659,[Gen 1] UBERS,2017-01-29 04:13:52,,miltank57341,woodhammer83701,woodhammer83701,False,"['Starmie', 'Staryu']","['Eevee', 'Spearow', 'Rattata', 'Sandshrew']",17,1,4
smogtours-gen1ubers-179292,[Gen 1] UBERS,2016-07-23 14:08:16,,innerfocus91859,unburden21319,unburden21319,True,"['Mew', 'Exeggutor', 'Mewtwo', 'Tauros', 'Slowbro', 'Snorlax']","['Mew', 'Mewtwo', 'Tauros', 'Jynx', 'Chansey', 'Snorlax']",100,10,10
smogtours-gen1ubers-677438,[Gen 1] UBERS,2023-02-26 16:27:17,,iceball26708,psn38480,psn38480,False,"['Mew', 'Exeggutor', 'Mewtwo', 'Tauros', 'Slowbro', 'Snorlax']","['Exeggutor', 'Mewtwo', 'Mew', 'Slowbro', 'Zapdos', 'Snorlax']",43,5,8
smogtours-gen1ubers-82816,[Gen 1] UBERS,2015-08-20 09:26:50,,stench25210,hustle11937,hustle11937,False,"['Mewtwo', 'Exeggutor', 'Tauros', 'Slowbro', 'Snorlax', 'Alakazam']","['Exeggutor', 'Mewtwo', 'Mew', 'Gengar', 'Chansey', 'Snorlax']",50,17,17
gen1ubers-1037703175,[Gen 1] UBERS,2019-12-29 20:22:10,,razorclaw41314,solarbeam52435,razorclaw41314,True,"['Exeggutor', 'Mewtwo', 'Slowbro', 'Jynx', 'Chansey']","['Mew', 'Exeggutor', 'Mewtwo', 'Tauros', 'Chansey', 'Snorlax']",44,5,7
smogtours-gen1ubers-723888,[Gen 1] UBERS,2023-10-15 14:41:22,,adaptability45192,shadowsneak30,adaptability45192,True,"['Exeggutor', 'Mewtwo', 'Mew', 'Zapdos', 'Chansey', 'Snorlax']","['Mewtwo', 'Exeggutor', 'Mew', 'Zapdos', 'Golem', 'Snorlax']",35,14,13
smogtours-gen1ubers-653595,[Gen 1] UBERS,2022-10-08 20:54:34,,mist21242,castform97328,mist21242,False,"['Mew', 'Mewtwo', 'Exeggutor', 'Tauros']","['Cloyster', 'Mewtwo', 'Mew', 'Golem', 'Gengar', 'Snorlax']",43,5,8
gen1ubers-2195008973,[Gen 1] UBERS,2024-09-05 11:16:33,,nidorino85906,magmortar5999,magmortar5999,True,"['Electrode', 'Chansey']","['Electrode', 'Kangaskhan']",42,7,1
gen1ubers-2180288719,[Gen 1] UBERS,2024-08-15 00:31:19,1129,croagunk82436,rockblast1638,croagunk82436,False,"['Moltres', 'Mew', 'Mewtwo', 'Gengar', 'Chansey', 'Snorlax']","['Starmie', 'Mewtwo', 'Mew', 'Chansey', 'Rhydon', 'Snorlax']",154,24,43
gen1ubers-636798555,[Gen 1] UBERS,2017-09-26 00:44:55,,leer23545,wakeupslap48376,leer23545,False,"['Mew', 'Zapdos', 'Jynx', 'Chansey', 'Snorlax']","['Mew', 'Slowbro', 'Zapdos', 'Jynx', 'Chansey', 'Snorlax']",37,5,8
smogtours-gen1ubers-144890,[Gen 1] UBERS,2016-03-31 00:32:18,,yanma71447,unburden21319,yanma71447,False,"['Exeggutor', 'Mew', 'Tauros', 'Zapdos', 'Jynx', 'Snorlax']","['Exeggutor', 'Mew', 'Tauros', 'Gengar', 'Chansey', 'Snorlax']",83,19,26
gen1ubers-2066919063,[Gen 1] UBERS,2024-02-24 23:23:38,,hydration14831,gorebyss2916,hydration14831,False,['Electrode'],"['Gengar', 'Electrode', 'Aerodactyl']",35,0,11
smogtours-gen1ubers-809272,[Gen 1] UBERS,2024-12-07 17:46:22,,psn38480,mareep93864,mareep93864,False,"['Mewtwo', 'Exeggutor', 'Mew', 'Golem', 'Alakazam', 'Articuno']","['Mewtwo', 'Exeggutor', 'Mew', 'Golem', 'Gengar', 'Snorlax']",44,12,13
gen1ubers-690499062,[Gen 1] UBERS,2018-01-18 02:42:40,,gastly43278,heatran89123,heatran89123,True,"['Exeggutor', 'Mew', 'Mewtwo', 'Jynx', 'Chansey', 'Snorlax']","['Mew', 'Mewtwo', 'Tauros', 'Slowbro', 'Jynx', 'Chansey']",44,9,11
gen1ubers-684242281,[Gen 1] UBERS,2018-01-05 03:27:29,,woodhammer83701,miltank57341,miltank57341,False,"['Jigglypuff', 'Clefairy', 'Horsea', 'Ditto', 'Blastoise']","['Mr. Mime', 'Kadabra', 'Venomoth', 'Hypno']",35,9,3
rom-gen1ubers-479100,[Gen 1] UBERS,2018-12-13 15:50:57,,constrict58938,sudowoodo17153,constrict58938,False,"['Mew', 'Mewtwo', 'Slowbro', 'Zapdos', 'Chansey', 'Snorlax']","['Mewtwo', 'Mew', 'Slowbro', 'Jynx', 'Chansey', 'Snorlax']",53,5,8
gen1ubers-2177545394,[Gen 1] UBERS,2024-08-10 21:16:42,1000,toxicspikes74725,icyrock574,toxicspikes74725,True,"['Mew', 'Mewtwo', 'Jynx', 'Gengar', 'Rhydon', 'Snorlax']","['Mewtwo', 'Mew', 'Sandslash', 'Zapdos', 'Gengar', 'Snorlax']",19,10,9
rom-gen1ubers-472624,[Gen 1] UBERS,2018-12-06 23:25:49,,constrict58938,sudowoodo17153,constrict58938,False,"['Slowbro', 'Chansey', 'Mew', 'Snorlax']","['Mewtwo', 'Mew', 'Slowbro', 'Jynx', 'Chansey', 'Snorlax']",69,3,9
gen1ubers-2187475682,[Gen 1] UBERS,2024-08-25 14:45:28,1094,custapberry7450,oblivious71228,custapberry7450,True,"['Mew', 'Mewtwo', 'Zapdos', 'Gengar', 'Dragonite']","['Cloyster', 'Exeggutor', 'Mewtwo', 'Mew', 'Golem', 'Gengar']",46,4,8
smogtours-gen1ubers-745112,[Gen 1] UBERS,2024-02-04 21:04:20,,fissure61188,noability19212,noability19212,True,"['Mew', 'Mewtwo', 'Exeggutor', 'Tauros', 'Snorlax', 'Dragonite']","['Mewtwo', 'Exeggutor', 'Mew', 'Zapdos', 'Chansey', 'Rhydon']",55,21,19
gen1ubers-774505808,[Gen 1] UBERS,2018-07-11 21:42:41,,raindance50399,delcatty31981,raindance50399,False,"['Exeggutor', 'Mew', 'Mewtwo', 'Jynx', 'Chansey', 'Snorlax']","['Mewtwo', 'Mew', 'Electrode', 'Golem', 'Jynx', 'Chansey']",200,22,23
gen1ubers-2180164090,[Gen 1] UBERS,2024-08-14 19:53:07,1099,aircutter66087,bug12723,aircutter66087,True,"['Mewtwo', 'Mew', 'Jolteon', 'Hypno', 'Snorlax', 'Vaporeon']","['Mew', 'Mewtwo', 'Tauros', 'Slowbro', 'Persian', 'Snorlax']",59,9,10
gen1ubers-816383998,[Gen 1] UBERS,2018-10-06 19:01:38,,snowcloak89374,wurmple99911,snowcloak89374,False,"['Mew', 'Mewtwo', 'Exeggutor', 'Jynx', 'Chansey']","['Mewtwo', 'Mew', 'Exeggutor', 'Tauros', 'Slowbro', 'Snorlax']",77,10,15
gen1ubers-767043125,[Gen 1] UBERS,2018-06-24 22:10:01,,sketch49888,starly75521,starly75521,False,"['Mew', 'Mewtwo', 'Exeggutor', 'Slowbro', 'Zapdos', 'Chansey']","['Mewtwo', 'Exeggutor', 'Mew', 'Slowbro', 'Zapdos', 'Chansey']",62,18,13
smogtours-gen1ubers-688428,[Gen 1] UBERS,2023-04-19 23:00:46,,blastburn86266,glameow14223,blastburn86266,False,"['Exeggutor', 'Omastar', 'Chansey', 'Alakazam', 'Dragonite']","['Machamp', 'Gengar', 'Snorlax', 'Victreebel', 'Rhydon', 'Alakazam']",39,5,6
gen1ubers-2039501974,[Gen 1] UBERS,2024-01-20 04:22:28,,lightclay90870,lanturn56725,lanturn56725,False,"['Aerodactyl', 'Poliwrath', 'Jynx', 'Gengar', 'Marowak', 'Electabuzz']",['Mewtwo'],11,6,0
smogtours-gen1ubers-725677,[Gen 1] UBERS,2023-10-22 19:26:24,,arceusghost8496,skillswap74981,skillswap74981,False,"['Starmie', 'Mew', 'Mewtwo', 'Aerodactyl', 'Sandslash', 'Chansey']","['Mewtwo', 'Exeggutor', 'Mew', 'Tauros', 'Gengar', 'Snorlax']",96,26,21
smogtours-gen1ubers-679782,[Gen 1] UBERS,2023-03-12 03:23:27,,castform97328,psn38480,psn38480,False,"['Mew', 'Exeggutor', 'Mewtwo', 'Tauros', 'Chansey', 'Snorlax']","['Exeggutor', 'Mew', 'Mewtwo', 'Slowbro', 'Zapdos', 'Snorlax']",61,11,11
gen1ubers-692404269,[Gen 1] UBERS,2018-01-22 02:58:24,,woodhammer83701,hypno99223,woodhammer83701,False,"['Scyther', 'Pidgeot', 'Golduck', 'Charizard', 'Machamp']","['Grimer', 'Weezing', 'Muk', 'Ekans', 'Articuno', 'Golbat']",24,4,5
smogtours-gen1ubers-681279,[Gen 1] UBERS,2023-03-18 19:18:04,,drillpeck8655,sturdy46275,drillpeck8655,True,"['Mewtwo', 'Slowbro', 'Gengar', 'Chansey', 'Snorlax']","['Mewtwo', 'Mew', 'Jolteon', 'Tauros', 'Chansey', 'Snorlax']",26,5,6
gen1ubers-2178281709,[Gen 1] UBERS,2024-08-12 00:56:14,1127,aeroblast79486,tailwind1994,aeroblast79486,False,"['Mew', 'Mewtwo', 'Onix', 'Jynx', 'Snorlax', 'Beedrill']","['Mew', 'Mewtwo', 'Exeggutor', 'Gengar', 'Chansey', 'Snorlax']",27,9,10
gen1ubers-2103366702,[Gen 1] UBERS,2024-04-14 19:02:54,,charge64122,howl31407,charge64122,False,"['Mew', 'Zapdos', 'Haunter', 'Poliwhirl', 'Persian', 'Arcanine']","['Moltres', 'Pinsir', 'Kadabra', 'Gengar', 'Pikachu', 'Geodude']",32,9,14
gen1ubers-756246528,[Gen 1] UBERS,2018-06-01 21:28:24,1011,persimberry80257,airslash63871,persimberry80257,False,"['Mewtwo', 'Mew', 'Gengar', 'Chansey', 'Alakazam', 'Snorlax']","['Mewtwo', 'Mew', 'Exeggutor', 'Gengar', 'Snorlax', 'Dragonite']",64,5,7
smogtours-gen1ubers-780477,[Gen 1] UBERS,2024-07-15 03:14:54,,arbok74124,icebody51285,icebody51285,False,"['Exeggutor', 'Mewtwo', 'Mew', 'Zapdos', 'Chansey', 'Snorlax']","['Exeggutor', 'Mew', 'Mewtwo', 'Tauros', 'Zapdos', 'Snorlax']",64,8,6
smogtours-gen1ubers-651408,[Gen 1] UBERS,2022-09-26 22:26:12,,dryskin89658,shadowball31610,shadowball31610,False,"['Mew', 'Exeggutor', 'Mewtwo', 'Tauros', 'Chansey', 'Snorlax']","['Mew', 'Mewtwo', 'Zapdos', 'Jynx', 'Chansey', 'Snorlax']",53,11,11
gen1ubers-930071093,[Gen 1] UBERS,2019-06-17 20:42:07,,psychup18617,cascoon38668,psychup18617,False,"['Exeggutor', 'Slowbro', 'Chansey', 'Snorlax', 'Alakazam']","['Aerodactyl', 'Raichu', 'Machamp', 'Dewgong', 'Arcanine', 'Venusaur']",40,11,18
gen1ubers-1118661851,[Gen 1] UBERS,2020-05-21 13:32:42,,gorebyss81432,noitem36920,gorebyss81432,False,"['Mewtwo', 'Lapras', 'Tauros', 'Chansey', 'Dragonite']","['Mewtwo', 'Tauros', 'Zapdos', 'Chansey', 'Rhydon', 'Dragonite']",73,5,12
gen1ubers-749533192,[Gen 1] UBERS,2018-05-19 03:13:32,,woodhammer83701,miltank57341,woodhammer83701,False,"['Butterfree', 'Beedrill', 'Fearow', 'Pikachu']","['Venonat', 'Venomoth', 'Muk', 'Weezing']",20,5,3
gen1ubers-2178341149,[Gen 1] UBERS,2024-08-12 02:57:02,1048,thundershock21463,typechange69487,typechange69487,True,"['Mew', 'Mewtwo', 'Slowbro', 'Gengar', 'Chansey', 'Snorlax']","['Mew', 'Exeggutor', 'Snorlax', 'Tauros']",20,8,4
gen1ubers-375241864,[Gen 1] UBERS,2016-05-20 15:52:00,,curse91978,roughskin79826,curse91978,False,"['Moltres', 'Raichu', 'Mew', 'Mewtwo']","['Mew', 'Exeggutor', 'Slowbro', 'Hitmonchan', 'Wartortle', 'Persian']",18,4,5
smogtours-gen1ubers-824081,[Gen 1] UBERS,2025-03-09 15:52:06,,quagsire52408,azumarill79029,azumarill79029,False,"['Mew', 'Mewtwo', 'Slowbro', 'Jynx', 'Rhydon', 'Snorlax']","['Mewtwo', 'Exeggutor', 'Mew', 'Tauros', 'Alakazam', 'Snorlax']",27,9,5
rom-gen1ubers-468228,[Gen 1] UBERS,2018-12-02 18:08:04,,constrict58938,sudowoodo17153,constrict58938,False,"['Mew', 'Exeggutor', 'Slowbro', 'Zapdos', 'Snorlax']","['Mew', 'Mewtwo', 'Slowbro', 'Jynx', 'Chansey', 'Snorlax']",74,4,9
gen1ubers-371749544,[Gen 1] UBERS,2016-05-13 01:01:29,,stoneplate90871,painsplit47116,painsplit47116,False,"['Cloyster', 'Venusaur', 'Gengar', 'Alakazam', 'Snorlax', 'Dragonite']","['Aerodactyl', 'Chansey', 'Snorlax', 'Rhydon', 'Alakazam', 'Dragonite']",43,9,6
gen1ubers-2172448938,[Gen 1] UBERS,2024-08-03 03:55:23,1059,pelipper13259,shaymin79666,shaymin79666,True,"['Moltres', 'Mew', 'Exeggutor', 'Slowbro', 'Zapdos']","['Gengar', 'Chansey', 'Snorlax']",18,5,3
gen1ubers-527355982,[Gen 1] UBERS,2017-02-02 04:06:41,,miltank57341,woodhammer83701,woodhammer83701,False,"['Sandshrew', 'Vulpix', 'Eevee', 'Shellder', 'Fearow']","['Tangela', 'Gloom', 'Weepinbell']",47,6,2
smogtours-gen1ubers-731042,[Gen 1] UBERS,2023-11-18 00:47:05,,steel89481,icebody51285,steel89481,False,"['Mew', 'Exeggutor', 'Mewtwo', 'Slowbro', 'Zapdos', 'Snorlax']","['Mewtwo', 'Exeggutor', 'Mew', 'Tauros', 'Gengar', 'Snorlax']",75,12,17
smogtours-gen1ubers-610040,[Gen 1] UBERS,2022-02-23 23:03:53,,innerfocus91859,sacredfire231,sacredfire231,True,"['Mewtwo', 'Mew', 'Chansey', 'Snorlax', 'Rhydon', 'Alakazam']","['Mew', 'Mewtwo', 'Slowbro', 'Chansey', 'Rhydon', 'Snorlax']",118,14,17
gen1ubers-757384197,[Gen 1] UBERS,2018-06-04 09:11:13,,krabby97145,steelix83008,steelix83008,True,"['Mew', 'Mewtwo', 'Slowbro', 'Jynx', 'Chansey', 'Snorlax']","['Exeggutor', 'Mew', 'Mewtwo', 'Zapdos', 'Gengar', 'Snorlax']",130,33,32
gen1ubers-853012167,[Gen 1] UBERS,2019-01-24 00:08:35,,flashcannon9867,rotom60105,rotom60105,False,"['Scyther', 'Tauros', 'Arbok', 'Gengar', 'Snorlax', 'Beedrill']",['Alakazam'],8,5,0
smogtours-gen1ubers-775868,[Gen 1] UBERS,2024-06-21 23:54:09,,mareep93864,porygon66517,mareep93864,False,"['Starmie', 'Mewtwo', 'Exeggutor', 'Mew', 'Tauros', 'Snorlax']","['Mew', 'Mewtwo', 'Tauros', 'Zapdos', 'Chansey', 'Snorlax']",54,13,20
gen1ubers-1127154704,[Gen 1] UBERS,2020-06-05 08:03:47,1078,aurasphere65573,tailwhip2839,tailwhip2839,True,"['Mew', 'Exeggutor', 'Mewtwo', 'Jolteon', 'Tauros']","['Mew', 'Snorlax', 'Zapdos']",21,6,3
gen1ubers-288163366,[Gen 1] UBERS,2015-10-31 13:17:47,,rocksmash80117,magnetpull47702,rocksmash80117,False,"['Mewtwo', 'Exeggutor', 'Jolteon', 'Tauros', 'Chansey', 'Snorlax']","['Mewtwo', 'Tauros', 'Zapdos', 'Chansey', 'Snorlax', 'Alakazam']",48,8,11
smogtours-gen1ubers-185507,[Gen 1] UBERS,2016-08-14 01:47:56,,innerfocus91859,chimecho62545,innerfocus91859,True,"['Mewtwo', 'Mew', 'Slowbro', 'Jynx', 'Chansey', 'Snorlax']","['Exeggutor', 'Mew', 'Lapras', 'Mewtwo', 'Gengar', 'Chansey']",78,13,12
smogtours-gen1ubers-819009,[Gen 1] UBERS,2025-02-09 16:02:34,,wacanberry11962,quagsire52408,quagsire52408,False,"['Mewtwo', 'Mew', 'Tauros', 'Jynx', 'Gengar', 'Dragonite']","['Mewtwo', 'Mew', 'Exeggutor', 'Tauros', 'Rhydon', 'Alakazam']",49,10,8
gen1ubers-826354392,[Gen 1] UBERS,2018-10-27 10:44:47,,scopelens90277,krabby97145,scopelens90277,False,"['Exeggutor', 'Mew', 'Tauros', 'Gengar', 'Chansey', 'Snorlax']","['Starmie', 'Exeggutor', 'Tauros', 'Zapdos', 'Golem', 'Chansey']",96,34,32
gen1ubers-523535780,[Gen 1] UBERS,2017-01-26 02:21:10,,miltank57341,woodhammer83701,miltank57341,False,"['Pidgeotto', 'Kadabra', 'Growlithe', 'Charmeleon']","['Voltorb', 'Raichu', 'Pikachu']",17,3,2
smogtours-gen1ubers-593570,[Gen 1] UBERS,2021-11-16 18:14:11,,staraptor1805,synchronize14428,synchronize14428,True,"['Exeggutor', 'Mew', 'Mewtwo', 'Tauros', 'Slowbro', 'Snorlax']","['Starmie', 'Exeggutor', 'Mewtwo', 'Mew', 'Chansey', 'Snorlax']",170,28,44
smogtours-gen1ubers-173192,[Gen 1] UBERS,2016-07-03 20:10:08,,noweather72418,magmarizer99130,noweather72418,True,"['Mew', 'Mewtwo', 'Tauros', 'Zapdos', 'Jynx', 'Chansey']","['Exeggutor', 'Mewtwo', 'Tauros', 'Jynx', 'Chansey', 'Snorlax']",72,7,8
gen1ubers-2171478851,[Gen 1] UBERS,2024-08-01 18:30:27,1093,wacanberry11962,magmarizer61972,magmarizer61972,True,"['Mew', 'Mewtwo', 'Aerodactyl', 'Gengar', 'Chansey', 'Rhydon']","['Starmie', 'Exeggutor', 'Mewtwo', 'Mew', 'Chansey', 'Rhydon']",78,19,16
gen1ubers-690016460,[Gen 1] UBERS,2018-01-17 03:45:27,,woodhammer83701,hypno99223,hypno99223,False,"['Scyther', 'Charizard', 'Pikachu', 'Clefable', 'Venusaur', 'Blastoise']","['Moltres', 'Mew', 'Zapdos', 'Articuno']",37,7,3
smogtours-gen1ubers-510837,[Gen 1] UBERS,2020-07-12 20:57:33,,innerfocus91859,synchronize14428,synchronize14428,True,"['Mewtwo', 'Mew', 'Exeggutor', 'Tauros', 'Gengar', 'Snorlax']","['Exeggutor', 'Mewtwo', 'Mew', 'Gengar', 'Chansey', 'Snorlax']",165,25,28
gen1ubers-1057911722,[Gen 1] UBERS,2020-02-04 20:49:06,,dragonfang18239,rayquaza17772,rayquaza17772,False,"['Starmie', 'Tauros', 'Chansey', 'Rhydon', 'Alakazam', 'Dragonite']","['Starmie', 'Exeggutor', 'Jolteon', 'Gengar', 'Chansey', 'Rhydon']",44,12,11
gen1ubers-2180805668,[Gen 1] UBERS,2024-08-15 19:08:47,,pickup89891,blissey66455,pickup89891,False,"['Starmie', 'Victreebel', 'Rhydon', 'Snorlax', 'Dragonite']","['Cloyster', 'Electrode', 'Arbok', 'Gengar', 'Rhydon', 'Arcanine']",31,8,12
gen1ubers-1056510863,[Gen 1] UBERS,2020-02-02 02:37:42,,bite59104,whitesmoke42652,whitesmoke42652,True,"['Gengar', 'Lapras', 'Hitmonlee']","['Muk', 'Porygon', 'Golbat', 'Charmeleon']",10,3,3
gen1ubers-2175031376,[Gen 1] UBERS,2024-08-07 02:11:42,1000,spoink29458,rollout94469,rollout94469,True,"['Exeggutor', 'Tauros']","['Cloyster', 'Mew', 'Mewtwo', 'Onix', 'Hypno']",10,1,4
gen1ubers-1125425761,[Gen 1] UBERS,2020-06-02 14:39:18,,meowth42699,victreebel66972,victreebel66972,True,"['Starmie', 'Mewtwo', 'Exeggutor']",['Mewtwo'],11,2,0
smogtours-gen1ubers-140765,[Gen 1] UBERS,2016-03-19 21:27:14,,innerfocus91859,psyduck78081,innerfocus91859,False,"['Starmie', 'Exeggutor', 'Snorlax', 'Chansey']","['Cloyster', 'Mew', 'Aerodactyl', 'Tauros', 'Jynx', 'Chansey']",65,10,13
gen1ubers-760485130,[Gen 1] UBERS,2018-06-10 17:07:35,1263,conversion222171,krabby97145,conversion222171,True,"['Mew', 'Exeggutor', 'Mewtwo', 'Slowbro', 'Gengar', 'Chansey']","['Mew', 'Mewtwo', 'Zapdos', 'Jynx', 'Chansey', 'Snorlax']",124,22,32
gen1ubers-758979236,[Gen 1] UBERS,2018-06-07 14:48:56,1000,lickilicky24546,airslash63871,airslash63871,True,"['Cloyster', 'Mewtwo', 'Golem', 'Gengar', 'Snorlax', 'Alakazam']","['Mewtwo', 'Exeggutor', 'Gengar', 'Snorlax', 'Dragonite']",97,13,15
smogtours-gen1ubers-527785,[Gen 1] UBERS,2020-11-15 21:23:25,,krabby97145,sacredfire231,sacredfire231,True,"['Mew', 'Exeggutor', 'Mewtwo', 'Tauros', 'Chansey', 'Snorlax']","['Mew', 'Mewtwo', 'Gengar', 'Chansey', 'Rhydon', 'Snorlax']",38,17,13
smogtours-gen1ubers-591427,[Gen 1] UBERS,2021-11-06 19:13:59,,arceusghost8496,innerfocus91859,innerfocus91859,False,"['Mew', 'Exeggutor', 'Mewtwo', 'Tauros', 'Chansey', 'Snorlax']","['Mewtwo', 'Mew', 'Zapdos', 'Gengar', 'Chansey', 'Snorlax']",73,12,9
gen1ubers-773718847,[Gen 1] UBERS,2018-07-10 02:30:15,,delcatty31981,tailwhip2839,delcatty31981,True,"['Mew', 'Electrode', 'Golem', 'Jynx', 'Chansey']","['Mew', 'Exeggutor', 'Mewtwo', 'Tauros', 'Chansey', 'Snorlax']",33,8,8
gen1ubers-1154084308,[Gen 1] UBERS,2020-07-19 19:44:23,,thrash98423,withdraw35047,withdraw35047,True,"['Chansey', 'Mew', 'Mewtwo']","['Exeggutor', 'Snorlax', 'Tauros']",9,2,2
smogtours-gen1ubers-525217,[Gen 1] UBERS,2020-11-01 16:43:17,,synchronize14428,koffing93492,synchronize14428,False,"['Mew', 'Mewtwo', 'Tauros', 'Chansey', 'Rhydon', 'Snorlax']","['Mewtwo', 'Mew', 'Jolteon', 'Chansey', 'Rhydon', 'Snorlax']",69,11,10
gen1ubers-1128259704,[Gen 1] UBERS,2020-06-07 03:13:55,,toxic55160,shedinja99238,toxic55160,False,"['Mew', 'Alakazam', 'Jolteon']","['Moltres', 'Pidgeot', 'Zapdos', 'Gengar', 'Alakazam', 'Articuno']",24,2,6
gen1ubers-512652331,[Gen 1] UBERS,2017-01-07 04:56:17,,magneton35210,wrap55234,wrap55234,False,"['Pidgeot', 'Lapras', 'Snorlax', 'Raichu', 'Alakazam', 'Blastoise']","['Lapras', 'Venusaur', 'Chansey', 'Snorlax', 'Alakazam']",35,9,9
smogtours-gen1ubers-588970,[Gen 1] UBERS,2021-10-24 23:26:13,,magnet14673,golduck35019,magnet14673,False,"['Mew', 'Mewtwo', 'Tauros', 'Chansey', 'Rhydon', 'Snorlax']","['Mewtwo', 'Mew', 'Slowbro', 'Gengar', 'Chansey', 'Snorlax']",159,9,12
smogtours-gen1ubers-698327,[Gen 1] UBERS,2023-06-20 17:26:50,,mamoswine66279,mudsport71981,mudsport71981,False,"['Mew', 'Mewtwo', 'Exeggutor', 'Tauros', 'Persian', 'Snorlax']","['Mewtwo', 'Mew', 'Zapdos', 'Gengar', 'Chansey', 'Snorlax']",30,9,11
smogtours-gen1ubers-720475,[Gen 1] UBERS,2023-09-30 19:30:58,,shadowsneak30,skillswap74981,skillswap74981,False,"['Exeggutor', 'Mewtwo', 'Mew', 'Gengar', 'Chansey', 'Snorlax']","['Starmie', 'Exeggutor', 'Mewtwo', 'Mew', 'Tauros', 'Rhydon']",33,14,14
gen1ubers-2178784810,[Gen 1] UBERS,2024-08-12 19:23:33,1000,parasect7600,leafeon79939,parasect7600,False,"['Mewtwo', 'Mew', 'Gengar', 'Chansey', 'Snorlax']","['Mewtwo', 'Mew', 'Zapdos', 'Chansey', 'Victreebel', 'Alakazam']",59,11,11
gen1ubers-832260387,[Gen 1] UBERS,2018-11-08 06:15:34,,camerupt44165,staryu3108,staryu3108,False,"['Exeggutor', 'Mewtwo', 'Mew', 'Slowbro', 'Chansey', 'Snorlax']","['Mew', 'Mewtwo', 'Exeggutor', 'Zapdos', 'Snorlax']",116,11,7
gen1ubers-688091714,[Gen 1] UBERS,2018-01-13 04:59:19,,woodhammer83701,hypno99223,hypno99223,False,"['Scyther', 'Charizard', 'Pikachu', 'Clefable', 'Venusaur', 'Blastoise']","['Moltres', 'Mew', 'Zapdos', 'Articuno']",63,7,4
gen1ubers-1140506615,[Gen 1] UBERS,2020-06-27 03:59:29,,slackoff47806,irontail55825,irontail55825,False,"['Mewtwo', 'Jolteon', 'Gyarados', 'Snorlax', 'Dragonite', 'Articuno']","['Slowbro', 'Alakazam', 'Porygon']",29,6,2
smogtours-gen1ubers-592356,[Gen 1] UBERS,2021-11-09 20:15:19,,magiccoat60734,synchronize14428,synchronize14428,True,"['Mewtwo', 'Exeggutor', 'Mew', 'Slowbro', 'Zapdos', 'Snorlax']","['Starmie', 'Mew', 'Exeggutor', 'Mewtwo', 'Chansey']",24,5,5
gen1ubers-733097416,[Gen 1] UBERS,2018-04-15 12:01:22,,payday35970,rollingkick63381,payday35970,False,"['Starmie', 'Mewtwo', 'Mew', 'Zapdos', 'Chansey', 'Snorlax']","['Mew', 'Mewtwo', 'Tauros', 'Slowbro', 'Jynx', 'Gengar']",33,8,9
rom-gen1ubers-479101,[Gen 1] UBERS,2018-12-13 15:54:41,,constrict58938,sudowoodo17153,constrict58938,False,"['Mew', 'Mewtwo', 'Slowbro', 'Zapdos', 'Chansey', 'Snorlax']","['Mewtwo', 'Mew', 'Slowbro', 'Jynx', 'Chansey', 'Snorlax']",110,6,8
smogtours-gen1ubers-776114,[Gen 1] UBERS,2024-06-22 21:09:29,,aurasphere76841,wacanberry11962,wacanberry11962,False,"['Exeggutor', 'Mewtwo', 'Mew', 'Tauros', 'Rhydon', 'Snorlax']","['Cloyster', 'Mew', 'Mewtwo', 'Slowbro', 'Victreebel', 'Rhydon']",43,14,7
gen1ubers-2066565413,[Gen 1] UBERS,2024-02-24 11:49:29,,gorebyss2916,grudge18697,gorebyss2916,True,"['Electrode', 'Chansey']","['Electrode', 'Chansey']",72,23,17
smogtours-gen1ubers-799661,[Gen 1] UBERS,2024-10-18 20:09:38,,buneary67957,aeroblast8709,buneary67957,False,"['Exeggutor', 'Mewtwo', 'Mew', 'Zapdos', 'Chansey', 'Snorlax']","['Mew', 'Mewtwo', 'Jolteon', 'Tauros', 'Jynx', 'Snorlax']",79,17,21
smogtours-gen1ubers-729190,[Gen 1] UBERS,2023-11-05 22:33:07,,wailmer96415,icebody51285,icebody51285,True,"['Mew', 'Exeggutor', 'Mewtwo', 'Tauros', 'Chansey', 'Snorlax']","['Exeggutor', 'Mewtwo', 'Mew', 'Gengar', 'Chansey', 'Snorlax']",40,8,10
gen1ubers-757247783,[Gen 1] UBERS,2018-06-04 00:21:11,1000,block40894,delcatty31981,delcatty31981,False,"['Mewtwo', 'Mew', 'Gengar', 'Chansey', 'Alakazam', 'Snorlax']","['Mew', 'Mewtwo', 'Charizard', 'Raichu', 'Venusaur', 'Blastoise']",28,6,10
smogtours-gen1ubers-147631,[Gen 1] UBERS,2016-04-07 19:54:00,,focusenergy12335,lick83288,focusenergy12335,False,"['Exeggutor', 'Tauros', 'Jynx', 'Chansey', 'Snorlax']","['Mew', 'Exeggutor', 'Tauros', 'Chansey', 'Snorlax', 'Alakazam']",41,7,11
gen1ubers-853020678,[Gen 1] UBERS,2019-01-24 00:36:04,,rotom60105,flashcannon9867,rotom60105,False,['Alakazam'],"['Mew', 'Mewtwo']",19,0,1
gen1ubers-2224992047,[Gen 1] UBERS,2024-10-17 15:28:18,,thunder35085,earthplate33099,thunder35085,False,"['Mew', 'Exeggutor', 'Snorlax', 'Tauros']","['Cloyster', 'Mew', 'Mewtwo', 'Chansey', 'Snorlax', 'Alakazam']",36,10,10
gen1ubers-966609384,[Gen 1] UBERS,2019-08-27 03:01:04,,mindplate76031,tangaberry70644,mindplate76031,False,"['Exeggutor', 'Mew', 'Mewtwo', 'Tauros', 'Slowbro', 'Snorlax']","['Mew', 'Mewtwo', 'Slowbro', 'Gengar', 'Chansey', 'Snorlax']",30,5,9
gen1ubers-759718840,[Gen 1] UBERS,2018-06-08 23:45:19,1024,purepower58378,synchronize82161,purepower58378,False,"['Slowbro', 'Mew', 'Alakazam', 'Snorlax']","['Starmie', 'Mew', 'Mewtwo', 'Golem', 'Jynx', 'Chansey']",17,4,6
gen1ubers-1128129286,[Gen 1] UBERS,2020-06-06 22:13:19,,baddreams46847,sunstone95718,sunstone95718,True,"['Slowbro', 'Chansey', 'Mewtwo', 'Tauros']","['Jynx', 'Mewtwo']",39,5,1
gen1ubers-1053413777,[Gen 1] UBERS,2020-01-27 10:51:14,,voltabsorb57094,monferno68820,voltabsorb57094,False,"['Exeggutor', 'Mewtwo', 'Mew', 'Gengar', 'Chansey', 'Snorlax']","['Starmie', 'Mewtwo', 'Mew', 'Sandslash', 'Zapdos', 'Snorlax']",39,9,15
smogtours-gen1ubers-74185,[Gen 1] UBERS,2015-07-11 15:51:22,,stench25210,weedle49700,weedle49700,True,"['Mew', 'Mewtwo', 'Slowbro', 'Jynx', 'Chansey', 'Snorlax']","['Mew', 'Mewtwo', 'Exeggutor', 'Slowbro', 'Chansey', 'Snorlax']",91,12,11
gen1ubers-755858065,[Gen 1] UBERS,2018-06-01 01:49:54,,woodhammer83701,miltank57341,woodhammer83701,False,"['Charmander', 'Pikachu']","['Starmie', 'Staryu']",9,1,1
smogtours-gen1ubers-707692,[Gen 1] UBERS,2023-08-05 14:06:07,,adaptability45192,mareep93864,adaptability45192,True,"['Mew', 'Mewtwo', 'Tauros', 'Chansey', 'Rhydon', 'Snorlax']","['Mew', 'Mewtwo', 'Tauros', 'Slowbro', 'Chansey', 'Snorlax']",137,14,19
rom-gen1ubers-468514,[Gen 1] UBERS,2018-12-02 21:50:59,,constrict58938,sudowoodo17153,constrict58938,False,"['Chansey', 'Mew', 'Snorlax', 'Zapdos']","['Mewtwo', 'Mew', 'Slowbro', 'Jynx', 'Chansey', 'Snorlax']",26,3,7
gen1ubers-977228180,[Gen 1] UBERS,2019-09-17 03:03:26,,delcatty31981,gorebyss18266,delcatty31981,False,"['Exeggutor', 'Mewtwo', 'Mew', 'Electrode', 'Jynx', 'Chansey']","['Exeggutor', 'Lapras', 'Tauros', 'Chansey', 'Alakazam', 'Snorlax']",45,9,7
smogtours-gen1ubers-817007,[Gen 1] UBERS,2025-01-31 14:22:23,,drapion2237,wacanberry11962,wacanberry11962,True,"['Cloyster', 'Mew', 'Exeggutor', 'Mewtwo', 'Gengar', 'Snorlax']","['Mew', 'Mewtwo', 'Exeggutor', 'Tauros', 'Zapdos', 'Snorlax']",95,19,13
gen1ubers-727919801,[Gen 1] UBERS,2018-04-04 14:59:11,,healblock67842,tangaberry64509,tangaberry64509,False,"['Mew', 'Lapras', 'Kabutops', 'Chansey', 'Ditto', 'Clefable']","['Mewtwo', 'Charizard', 'Gengar', 'Ditto', 'Gyarados', 'Dragonite']",49,12,18
gen1ubers-1045212485,[Gen 1] UBERS,2020-01-12 20:35:59,,powdersnow76576,triattack92475,triattack92475,True,"['Lapras', 'Venusaur', 'Blastoise', 'Pikachu']","['Wigglytuff', 'Raticate', 'Poliwrath', 'Muk', 'Vaporeon']",19,3,5
gen1ubers-992536677,[Gen 1] UBERS,2019-10-14 20:46:10,,phione47127,fighting88830,phione47127,True,"['Jynx', 'Exeggutor', 'Slowbro', 'Mew']","['Jynx', 'Exeggutor', 'Mew']",10,4,2
gen1ubers-2305418590,[Gen 1] UBERS,2025-02-22 00:29:06,,spore33609,status19859,status19859,False,"['Gengar', 'Electrode', 'Aerodactyl']",['Electrode'],36,5,0
smogtours-gen1ubers-675787,[Gen 1] UBERS,2023-02-19 03:51:25,,alakazam8068,castform97328,alakazam8068,True,"['Mew', 'Mewtwo', 'Tauros', 'Chansey', 'Hypno', 'Snorlax']","['Mew', 'Lapras', 'Mewtwo', 'Chansey', 'Snorlax', 'Alakazam']",63,13,22
gen1ubers-2183406403,[Gen 1] UBERS,2024-08-19 18:33:55,1188,octillery52515,worryseed5935,octillery52515,False,"['Starmie', 'Exeggutor', 'Mewtwo', 'Mew', 'Rhydon', 'Snorlax']","['Mewtwo', 'Mew', 'Tauros', 'Gengar', 'Chansey', 'Snorlax']",214,19,24
gen1ubers-722976283,[Gen 1] UBERS,2018-03-25 00:11:59,,delcatty31981,nastyplot71931,delcatty31981,True,"['Mewtwo', 'Electrode', 'Golem', 'Jynx', 'Chansey']","['Cloyster', 'Mewtwo', 'Jolteon', 'Slowbro', 'Chansey', 'Rhydon']",66,12,11
gen1ubers-2007533069,[Gen 1] UBERS,2023-12-08 17:57:05,,aurasphere76841,icywind73758,aurasphere76841,False,"['Exeggutor', 'Mewtwo', 'Mew', 'Aerodactyl', 'Tauros', 'Slowbro']","['Starmie', 'Mew', 'Mewtwo', 'Nidoking', 'Zapdos', 'Rhydon']",45,16,19
gen1ubers-824118209,[Gen 1] UBERS,2018-10-22 20:51:35,,laggingtail30043,heatwave10330,heatwave10330,False,"['Gengar', 'Cloyster', 'Alakazam', 'Snorlax']","['Gengar', 'Mewtwo', 'Alakazam']",15,3,2
gen1ubers-2051232227,[Gen 1] UBERS,2024-02-04 03:28:47,,charm4292,meadowplate46739,meadowplate46739,False,"['Nidoking', 'Drowzee', 'Gyarados', 'Rhydon', 'Snorlax', 'Golbat']","['Mew', 'Hitmonchan', 'Shellder', 'Pikachu', 'Beedrill', 'Tentacruel']",65,10,6
gen1ubers-922391778,[Gen 1] UBERS,2019-06-05 01:58:21,,dialga48280,regigigas62995,dialga48280,True,"['Mew', 'Mewtwo', 'Exeggutor', 'Gengar', 'Chansey', 'Snorlax']","['Mew', 'Mewtwo', 'Tauros', 'Jynx', 'Chansey', 'Alakazam']",127,9,12
gen1ubers-2186449060,[Gen 1] UBERS,2024-08-23 22:52:19,1104,objectobject86207,wiseglasses14654,wiseglasses14654,True,"['Gengar', 'Tauros']","['Chansey', 'Exeggutor']",14,1,1
gen1ubers-1137016157,[Gen 1] UBERS,2020-06-21 23:50:12,,breloom9638,delcatty31981,breloom9638,False,"['Mewtwo', 'Mew', 'Jynx', 'Gengar', 'Chansey', 'Snorlax']","['Mew', 'Mewtwo', 'Electrode', 'Jynx', 'Chansey', 'Snorlax']",53,7,14
rom-gen1ubers-538754,[Gen 1] UBERS,2019-04-16 00:01:58,,constrict58938,sudowoodo17153,constrict58938,False,"['Mew', 'Mewtwo', 'Zapdos', 'Chansey', 'Snorlax']","['Mewtwo', 'Mew', 'Slowbro', 'Jynx', 'Chansey', 'Snorlax']",62,4,7
gen1ubers-739757548,[Gen 1] UBERS,2018-04-29 02:51:31,,drifblim84361,eevee75445,drifblim84361,True,"['Exeggutor', 'Vileplume', 'Victreebel', 'Parasect', 'Tangela', 'Venusaur']","['Charizard', 'Jolteon', 'Slowbro', 'Nidoking', 'Primeape']",29,5,4
smogtours-gen1ubers-786089,[Gen 1] UBERS,2024-08-17 22:57:31,,clefairy19286,wacanberry11962,wacanberry11962,False,"['Mew', 'Exeggutor', 'Mewtwo', 'Tauros', 'Persian', 'Snorlax']","['Mew', 'Exeggutor', 'Mewtwo', 'Aerodactyl', 'Zapdos', 'Chansey']",37,10,12
gen1ubers-757664991,[Gen 1] UBERS,2018-06-04 21:26:01,1000,conversion222171,numel7029,conversion222171,False,"['Exeggutor', 'Mew', 'Mewtwo', 'Slowbro', 'Gengar', 'Chansey']","['Cloyster', 'Mewtwo', 'Gengar', 'Rhydon', 'Snorlax', 'Dragonite']",78,12,6
gen1ubers-1142641243,[Gen 1] UBERS,2020-06-30 17:10:08,,physical67369,fly50963,physical67369,True,"['Zapdos', 'Gengar', 'Chansey', 'Victreebel', 'Alakazam']","['Mew', 'Mewtwo', 'Porygon', 'Ditto', 'Pikachu', 'Gastly']",50,5,26
smogtours-gen1ubers-777669,[Gen 1] UBERS,2024-06-30 18:20:31,,spoink27592,steadfast85547,steadfast85547,False,"['Mew', 'Mewtwo', 'Exeggutor', 'Tauros', 'Chansey', 'Snorlax']","['Mew', 'Exeggutor', 'Mewtwo', 'Tauros', 'Chansey', 'Snorlax']",61,24,15
smogtours-gen1ubers-778301,[Gen 1] UBERS,2024-07-05 21:26:32,,quickclaw83695,aquaring89206,quickclaw83695,True,"['Mewtwo', 'Mew', 'Zapdos', 'Gengar', 'Chansey', 'Snorlax']","['Mewtwo', 'Mew', 'Zapdos', 'Gengar', 'Chansey', 'Snorlax']",25,6,7
gen1ubers-1132092722,[Gen 1] UBERS,2020-06-13 18:33:13,,leer23545,gunkshot9424,leer23545,False,"['Mew', 'Mewtwo', 'Gengar', 'Chansey', 'Snorlax']","['Mewtwo', 'Exeggutor', 'Mew', 'Tauros', 'Slowbro', 'Snorlax']",31,6,12
gen1ubers-825217496,[Gen 1] UBERS,2018-11-23 22:06:56,,stomp30555,onix26883,stomp30555,False,"['Moltres', 'Lapras', 'Magneton', 'Nidoqueen', 'Poliwrath', 'Gengar']","['Kingler', 'Onix', 'Zapdos', 'Tangela', 'Magmar', 'Tentacruel']",42,9,13
rom-gen1ubers-468437,[Gen 1] UBERS,2018-12-02 21:00:09,,constrict58938,sudowoodo17153,constrict58938,False,"['Chansey', 'Mew', 'Snorlax', 'Zapdos']","['Mewtwo', 'Mew', 'Slowbro', 'Jynx', 'Chansey', 'Snorlax']",44,3,7
gen1ubers-749539550,[Gen 1] UBERS,2018-05-19 03:36:19,,woodhammer83701,miltank57341,woodhammer83701,False,"['Butterfree', 'Fearow', 'Pikachu']","['Ponyta', 'Growlithe', 'Arcanine', 'Rapidash']",22,2,3
gen1ubers-827855171,[Gen 1] UBERS,2018-11-29 02:46:11,,amnesia63784,rest20747,rest20747,False,"['Mew', 'Ninetales', 'Golem', 'Victreebel', 'Electabuzz', 'Gyarados']","['Starmie', 'Jolteon', 'Sandslash', 'Clefable', 'Venusaur', 'Articuno']",31,15,11
rom-gen1ubers-381996,[Gen 1] UBERS,2018-08-25 02:42:26,,helpinghand51132,sudowoodo17153,helpinghand51132,False,"['Mew', 'Exeggutor', 'Mewtwo', 'Slowbro', 'Snorlax']","['Mew', 'Mewtwo', 'Slowbro', 'Jynx', 'Chansey', 'Snorlax']",35,4,7
gen1ubers-2374520968,[Gen 1] UBERS,2025-05-29 17:15:44,,kyogre21274,duskull18344,duskull18344,False,"['Cloyster', 'Mewtwo', 'Mew', 'Chansey', 'Snorlax', 'Alakazam']","['Mew', 'Mewtwo', 'Zapdos', 'Chansey', 'Rhydon', 'Snorlax']",52,7,10
gen1ubers-727724198,[Gen 1] UBERS,2018-04-04 02:01:06,,liechiberry37967,explosion52894,liechiberry37967,True,"['Jynx', 'Mewtwo']","['Mewtwo', 'Exeggutor', 'Mew', 'Zapdos', 'Golem', 'Chansey']",16,1,8
smogtours-gen1ubers-523082,[Gen 1] UBERS,2020-10-18 14:33:57,,swift79929,focusblast45004,swift79929,True,"['Mew', 'Mewtwo', 'Tauros', 'Gengar', 'Chansey', 'Snorlax']","['Mewtwo', 'Mew', 'Zapdos', 'Gengar', 'Chansey', 'Snorlax']",77,8,14
smogtours-gen1ubers-732773,[Gen 1] UBERS,2023-11-26 20:19:00,,steel89481,mudsport71981,steel89481,True,"['Mewtwo', 'Mew', 'Tauros', 'Gengar', 'Chansey', 'Snorlax']","['Mewtwo', 'Mew', 'Slowbro', 'Zapdos', 'Gengar', 'Snorlax']",53,13,12
gen1ubers-1124799445,[Gen 1] UBERS,2020-06-01 12:15:00,,tailwhip2839,soundproof93578,tailwhip2839,False,"['Mew', 'Mewtwo', 'Exeggutor', 'Tauros', 'Snorlax']","['Mewtwo', 'Mew', 'Tauros', 'Chansey', 'Alakazam', 'Snorlax']",29,6,7
gen1ubers-2173601870,[Gen 1] UBERS,2024-08-05 00:20:03,1073,tyrogue60797,diglett37152,diglett37152,True,"['Mewtwo', 'Mew', 'Chansey', 'Snorlax', 'Rhydon', 'Alakazam']","['Cloyster', 'Mew', 'Charizard', 'Mewtwo', 'Golem', 'Chansey']",76,8,11
gen1ubers-905859814,[Gen 1] UBERS,2019-05-08 02:40:47,,porygon83022,tropius17094,tropius17094,False,"['Kangaskhan', 'Slowbro', 'Machamp', 'Chansey', 'Raichu', 'Alakazam']","['Tauros', 'Electrode', 'Dodrio', 'Jynx', 'Persian', 'Snorlax']",35,7,7
smogtours-gen1ubers-782044,[Gen 1] UBERS,2024-07-23 22:27:16,,fissure61188,icebody51285,fissure61188,False,"['Mewtwo', 'Mew', 'Zapdos', 'Gengar', 'Chansey', 'Snorlax']","['Mewtwo', 'Mew', 'Exeggutor', 'Tauros', 'Gengar', 'Snorlax']",71,15,24
gen1ubers-757844974,[Gen 1] UBERS,2018-06-05 06:08:39,,stickyhold17429,crawdaunt96939,crawdaunt96939,False,"['Mew', 'Tauros', 'Slowbro', 'Jynx', 'Chansey', 'Snorlax']","['Mewtwo', 'Exeggutor', 'Mew', 'Gengar', 'Snorlax']",18,8,5
gen1ubers-2066920946,[Gen 1] UBERS,2024-02-24 23:32:27,,hydration14831,gorebyss2916,hydration14831,False,['Electrode'],"['Electrode', 'Chansey']",74,1,37
gen1ubers-699775548,[Gen 1] UBERS,2018-02-06 02:01:33,,woodhammer83701,miltank57341,woodhammer83701,False,"['Aerodactyl', 'Pikachu', 'Ivysaur', 'Gyarados', 'Snorlax']","['Voltorb', 'Magneton', 'Electrode', 'Zapdos', 'Electabuzz', 'Raichu']",44,7,10
rom-gen1ubers-479082,[Gen 1] UBERS,2018-12-13 15:38:42,,constrict58938,sudowoodo17153,constrict58938,False,"['Mewtwo', 'Slowbro', 'Zapdos', 'Chansey', 'Snorlax']","['Mewtwo', 'Mew', 'Slowbro', 'Jynx', 'Chansey', 'Snorlax']",71,4,7
gen1ubers-1137001685,[Gen 1] UBERS,2020-06-21 23:21:17,,astonish72019,delcatty31981,delcatty31981,False,"['Mew', 'Exeggutor', 'Mewtwo', 'Tauros', 'Slowbro', 'Snorlax']","['Mew', 'Mewtwo', 'Charizard', 'Raichu', 'Venusaur', 'Blastoise']",43,5,10
smogtours-gen1ubers-676968,[Gen 1] UBERS,2023-02-24 14:27:24,,geodude45714,drillpeck8655,drillpeck8655,False,"['Exeggutor', 'Mew', 'Mewtwo', 'Gengar', 'Chansey', 'Snorlax']","['Mewtwo', 'Mew', 'Zapdos', 'Gengar', 'Chansey', 'Snorlax']",166,6,10
smogtours-gen1ubers-176392,[Gen 1] UBERS,2016-07-16 14:34:24,,poisonheal42759,noweather72418,noweather72418,True,"['Mew', 'Exeggutor', 'Mewtwo', 'Tauros', 'Chansey', 'Snorlax']","['Mew', 'Mewtwo', 'Tauros', 'Zapdos', 'Jynx', 'Chansey']",77,12,9
gen1ubers-2095191797,[Gen 1] UBERS,2024-04-03 16:20:22,,splashplate36398,hydration14831,splashplate36398,True,['Electrode'],"['Electrode', 'Chansey']",58,1,37
smogtours-gen1ubers-820181,[Gen 1] UBERS,2025-02-16 01:09:40,,dragonbreath34110,mudsport71981,mudsport71981,False,"['Mew', 'Mewtwo', 'Jolteon', 'Tauros', 'Chansey', 'Snorlax']","['Mew', 'Exeggutor', 'Mewtwo', 'Tauros', 'Slowbro', 'Sandslash']",46,10,11
gen1ubers-867789969,[Gen 1] UBERS,2019-02-26 06:05:00,,sacredfire97645,tailwhip2839,tailwhip2839,False,"['Mewtwo', 'Mew', 'Zapdos', 'Chansey', 'Rhydon', 'Snorlax']","['Mew', 'Mewtwo', 'Tauros', 'Chansey', 'Snorlax']",43,8,7
smogtours-gen1ubers-697684,[Gen 1] UBERS,2023-06-17 18:31:34,,habanberry18693,aurasphere76841,habanberry18693,False,"['Mew', 'Mewtwo', 'Exeggutor', 'Tauros', 'Chansey', 'Snorlax']","['Mew', 'Exeggutor', 'Mewtwo', 'Zapdos', 'Chansey', 'Snorlax']",39,8,16
gen1ubers-2314934488,[Gen 1] UBERS,2025-03-08 04:53:39,,floatzel89453,wobbuffet82179,wobbuffet82179,True,"['Exeggutor', 'Mewtwo', 'Mew', 'Slowbro', 'Jynx']","['Chansey', 'Mewtwo', 'Exeggutor', 'Tauros']",26,5,8
gen1ubers-1050525513,[Gen 1] UBERS,2020-01-22 01:54:26,,roselia59720,muddywater69259,muddywater69259,True,"['Wigglytuff', 'Nidoqueen', 'Ditto', 'Clefable', 'Blastoise']","['Snorlax', 'Jolteon']",21,4,1
smogtours-gen1ubers-704504,[Gen 1] UBERS,2023-07-21 02:10:10,,sandattack94842,steel89481,sandattack94842,True,"['Mew', 'Mewtwo', 'Tauros', 'Chansey', 'Snorlax']","['Mewtwo', 'Mew', 'Chansey', 'Snorlax', 'Rhydon', 'Alakazam']",118,21,20
smogtours-gen1ubers-773818,[Gen 1] UBERS,2024-06-10 19:53:46,,aurasphere76841,paras61636,aurasphere76841,True,"['Starmie', 'Exeggutor', 'Mewtwo']","['Cloyster', 'Mewtwo', 'Alakazam', 'Snorlax']",23,6,3
gen1ubers-786425993,[Gen 1] UBERS,2018-08-05 19:45:40,,raindance50399,return265,raindance50399,True,"['Mewtwo', 'Exeggutor', 'Jynx', 'Chansey', 'Snorlax']","['Mewtwo', 'Tauros', 'Jynx', 'Chansey', 'Snorlax']",23,4,5
gen1ubers-2158921439,[Gen 1] UBERS,2024-07-11 07:24:08,,lickilicky78210,ludicolo79993,lickilicky78210,False,"['Electrode', 'Mewtwo']","['Electrode', 'Mewtwo']",37,3,4
gen1ubers-2180277875,[Gen 1] UBERS,2024-08-14 23:42:05,1180,worryseed5935,aircutter66087,aircutter66087,True,"['Mew', 'Mewtwo', 'Tauros', 'Chansey', 'Snorlax', 'Tentacruel']","['Mewtwo', 'Snorlax', 'Jolteon', 'Hypno']",50,11,5
smogtours-gen1ubers-748895,[Gen 1] UBERS,2024-02-20 21:29:31,,fissure61188,ambipom13450,fissure61188,False,"['Mewtwo', 'Mew', 'Exeggutor', 'Gengar', 'Snorlax']","['Mew', 'Exeggutor', 'Mewtwo', 'Tauros', 'Snorlax', 'Dragonite']",30,8,9
gen1ubers-1096647793,[Gen 1] UBERS,2020-04-14 18:29:00,,magmar27027,gloom76476,gloom76476,False,"['Kingler', 'Gengar', 'Mr. Mime', 'Victreebel', 'Hitmonlee', 'Golbat']","['Golduck', 'Ninetales', 'Nidoking', 'Mr. Mime', 'Clefable']",22,11,8
smogtours-gen1ubers-779989,[Gen 1] UBERS,2024-07-13 21:08:33,,turtwig66502,aurasphere76841,aurasphere76841,False,"['Starmie', 'Mew', 'Exeggutor', 'Mewtwo', 'Tauros', 'Snorlax']","['Starmie', 'Mewtwo', 'Mew', 'Jynx', 'Rhydon', 'Snorlax']",49,13,16
gen1ubers-760436151,[Gen 1] UBERS,2018-06-10 14:56:35,1121,conversion222171,lavaplume94266,conversion222171,False,"['Exeggutor', 'Mew', 'Mewtwo', 'Slowbro', 'Gengar', 'Chansey']","['Scyther', 'Mewtwo', 'Exeggutor', 'Lapras', 'Tauros', 'Gengar']",38,11,8
gen1ubers-1068082696,[Gen 1] UBERS,2020-02-23 20:54:37,,cranidos9637,quilava99512,quilava99512,True,"['Exeggutor', 'Mew', 'Mewtwo', 'Tauros', 'Slowbro', 'Snorlax']","['Mew', 'Mewtwo', 'Tauros', 'Zapdos', 'Chansey', 'Snorlax']",106,10,14
gen1ubers-2246321176,[Gen 1] UBERS,2024-11-18 17:31:08,,wacanberry11962,paras31841,wacanberry11962,False,"['Exeggutor', 'Mewtwo', 'Mew', 'Tauros', 'Zapdos', 'Rhydon']","['Mew', 'Mewtwo', 'Aerodactyl', 'Tauros', 'Chansey', 'Dragonite']",31,6,7
smogtours-gen1ubers-776004,[Gen 1] UBERS,2024-06-22 16:57:51,,buneary67957,onix23031,onix23031,False,"['Mewtwo', 'Exeggutor', 'Mew', 'Zapdos', 'Golem', 'Snorlax']","['Mew', 'Exeggutor', 'Mewtwo', 'Chansey', 'Rhydon', 'Snorlax']",38,8,10
gen1ubers-345607750,[Gen 1] UBERS,2016-03-17 03:55:43,,dragonscale54185,cheriberry4189,cheriberry4189,False,"['Flareon', 'Poliwrath', 'Seaking', 'Gengar', 'Muk', 'Dragonite']","['Slowbro', 'Starmie', 'Wigglytuff', 'Butterfree']",21,6,3
gen1ubers-646761180,[Gen 1] UBERS,2017-10-17 22:54:37,,azumarill94189,woodhammer83701,woodhammer83701,False,"['Starmie', 'Staryu']","['Pidgeotto', 'Butterfree']",22,1,1
smogtours-gen1ubers-677342,[Gen 1] UBERS,2023-02-26 03:37:12,,castform97328,icebody51285,castform97328,True,"['Mewtwo', 'Mew', 'Chansey', 'Snorlax', 'Rhydon', 'Alakazam']","['Mew', 'Mewtwo', 'Tauros', 'Gengar', 'Chansey', 'Snorlax']",77,16,32
smogtours-gen1ubers-772699,[Gen 1] UBERS,2024-06-07 20:26:52,,steel89481,aurasphere76841,aurasphere76841,True,"['Mewtwo', 'Mew', 'Tauros', 'Gengar', 'Rhydon', 'Snorlax']","['Starmie', 'Mew', 'Exeggutor', 'Mewtwo', 'Rhydon', 'Snorlax']",45,14,12
smogtours-gen1ubers-675210,[Gen 1] UBERS,2023-02-15 20:15:18,,machamp2495,mudsport71981,mudsport71981,True,"['Mew', 'Mewtwo', 'Slowbro', 'Zapdos', 'Chansey', 'Snorlax']","['Exeggutor', 'Mewtwo', 'Mew', 'Slowbro', 'Snorlax']",33,8,9
smogtours-gen1ubers-745002,[Gen 1] UBERS,2024-02-04 19:35:22,,buneary67957,drillpeck8655,buneary67957,True,"['Mew', 'Exeggutor', 'Snorlax', 'Zapdos']","['Mewtwo', 'Mew', 'Slowbro', 'Gengar', 'Chansey', 'Snorlax']",20,5,7
gen1ubers-1105607429,[Gen 1] UBERS,2020-04-29 16:58:23,,magnetpull45638,shadowclaw52853,magnetpull45638,False,"['Lapras', 'Electrode', 'Gengar', 'Chansey', 'Victreebel']","['Flareon', 'Dewgong', 'Ditto', 'Alakazam', 'Rhydon', 'Beedrill']",34,5,7
smogtours-gen1ubers-697528,[Gen 1] UBERS,2023-06-17 01:36:50,,magnetpull75337,drought77787,magnetpull75337,False,"['Exeggutor', 'Mewtwo', 'Mew', 'Tauros', 'Chansey', 'Snorlax']","['Mew', 'Exeggutor', 'Mewtwo', 'Chansey', 'Rhydon', 'Snorlax']",45,7,11
gen1ubers-651559792,[Gen 1] UBERS,2017-10-28 12:34:33,,powerherb16934,mefirst94337,powerherb16934,False,"['Mewtwo', 'Exeggutor', 'Tauros', 'Zapdos', 'Snorlax']","['Mewtwo', 'Exeggutor', 'Mew', 'Gengar', 'Chansey', 'Snorlax']",31,5,12
gen1ubers-1128344937,[Gen 1] UBERS,2020-06-07 07:33:26,1000,ludicolo95278,anorith72635,anorith72635,False,"['Moltres', 'Mew', 'Mewtwo', 'Zapdos', 'Dragonite', 'Articuno']","['Mewtwo', 'Tauros', 'Slowbro', 'Chansey', 'Rhydon', 'Vaporeon']",62,11,11
rom-gen1ubers-624448,[Gen 1] UBERS,2019-07-24 04:11:44,,constrict58938,sudowoodo17153,constrict58938,False,"['Mew', 'Mewtwo', 'Slowbro', 'Zapdos', 'Chansey', 'Snorlax']","['Mewtwo', 'Mew', 'Slowbro', 'Jynx', 'Chansey', 'Snorlax']",64,6,11
smogtours-gen1ubers-844894,[Gen 1] UBERS,2025-05-23 21:54:59,,wingattack30461,slakoth94744,wingattack30461,False,"['Cloyster', 'Mewtwo', 'Exeggutor', 'Mew', 'Tauros', 'Zapdos']","['Cloyster', 'Mew', 'Mewtwo', 'Exeggutor', 'Tauros', 'Persian']",32,14,12
smogtours-gen1ubers-817743,[Gen 1] UBERS,2025-02-02 21:06:06,,fissure61188,quagsire52408,fissure61188,False,"['Starmie', 'Mew', 'Exeggutor', 'Mewtwo', 'Tauros', 'Zapdos']","['Mew', 'Mewtwo', 'Tauros', 'Chansey', 'Rhydon', 'Articuno']",47,9,20
gen1ubers-924533648,[Gen 1] UBERS,2019-06-08 16:26:33,,wormadamsandy16538,torchic11522,wormadamsandy16538,False,"['Mewtwo', 'Charizard', 'Pikachu', 'Venusaur', 'Dragonite', 'Blastoise']","['Kingler', 'Charizard', 'Tauros', 'Pikachu', 'Bulbasaur', 'Snorlax']",35,5,5
gen1ubers-921089778,[Gen 1] UBERS,2019-06-02 22:27:54,,moldbreaker94005,tangledfeet70625,moldbreaker94005,False,['Mewtwo'],"['Jolteon', 'Tauros', 'Kabutops', 'Venusaur', 'Rhydon', 'Alakazam']",14,0,8
gen1ubers-1128743158,[Gen 1] UBERS,2020-06-07 23:51:44,,delcatty31981,amnesia25800,amnesia25800,False,"['Mew', 'Mewtwo', 'Electrode', 'Golem', 'Jynx', 'Chansey']","['Mew', 'Mewtwo', 'Slowbro', 'Jynx', 'Chansey', 'Snorlax']",71,16,16
rom-gen1ubers-470493,[Gen 1] UBERS,2018-12-04 18:47:30,,constrict58938,sudowoodo17153,constrict58938,False,"['Mew', 'Mewtwo', 'Slowbro', 'Zapdos', 'Chansey', 'Snorlax']","['Mewtwo', 'Mew', 'Slowbro', 'Jynx', 'Chansey', 'Snorlax']",84,5,9
rom-gen1ubers-2246888,[Gen 1] UBERS,2024-11-16 09:01:31,,doubleteam75853,sudowoodo17153,doubleteam75853,False,"['Mewtwo', 'Exeggutor', 'Mew', 'Tauros', 'Chansey', 'Snorlax']","['Mewtwo', 'Mew', 'Slowbro', 'Jynx', 'Chansey', 'Snorlax']",42,8,7
smogtours-gen1ubers-147646,[Gen 1] UBERS,2016-04-07 21:02:00,,yanma71447,focusenergy12335,focusenergy12335,False,"['Exeggutor', 'Mew', 'Tauros', 'Zapdos', 'Chansey', 'Alakazam']","['Starmie', 'Exeggutor', 'Mew', 'Tauros', 'Chansey', 'Snorlax']",50,13,10
smogtours-gen1ubers-820160,[Gen 1] UBERS,2025-02-16 00:35:57,,clefairy19286,spoink27592,clefairy19286,False,"['Exeggutor', 'Mewtwo', 'Mew', 'Tauros', 'Snorlax', 'Dragonite']","['Mewtwo', 'Mew', 'Slowbro', 'Zapdos', 'Jynx', 'Snorlax']",86,6,30
gen1ubers-398391496,[Gen 1] UBERS,2016-07-11 20:51:28,,icepunch49350,natu89869,icepunch49350,True,"['Jynx', 'Mewtwo', 'Slowbro', 'Mew']","['Exeggutor', 'Mew', 'Slowbro', 'Gengar', 'Chansey']",21,3,4
gen1ubers-593992626,[Gen 1] UBERS,2017-06-22 01:20:46,,azumarill78379,energypowder65389,azumarill78379,False,"['Starmie', 'Jolteon', 'Golem', 'Chansey', 'Dragonite']","['Mew', 'Mewtwo', 'Lapras', 'Zapdos', 'Arcanine', 'Dragonite']",91,9,11
gen1ubers-746009116,[Gen 1] UBERS,2018-05-11 21:52:19,,charge63416,powertrick72868,powertrick72868,False,"['Moltres', 'Lapras', 'Electrode', 'Golem', 'Gengar', 'Alakazam']","['Kingler', 'Exeggutor', 'Jolteon', 'Gengar', 'Snorlax', 'Venusaur']",41,14,9
smogtours-gen1ubers-846426,[Gen 1] UBERS,2025-05-28 23:17:23,,stockpile43130,golduck35019,stockpile43130,False,"['Mew', 'Exeggutor', 'Mewtwo', 'Tauros', 'Rhydon', 'Snorlax']","['Exeggutor', 'Mewtwo', 'Mew', 'Gengar', 'Snorlax', 'Articuno']",40,10,11
smogtours-gen1ubers-677325,[Gen 1] UBERS,2023-02-26 03:22:45,,castform97328,icebody51285,castform97328,False,"['Mew', 'Exeggutor', 'Mewtwo', 'Aerodactyl', 'Chansey', 'Snorlax']","['Mew', 'Mewtwo', 'Gengar', 'Chansey', 'Snorlax', 'Alakazam']",165,46,47
gen1ubers-760621618,[Gen 1] UBERS,2018-06-10 21:51:19,,purepower58378,payback76559,purepower58378,True,"['Mewtwo', 'Mew', 'Tauros', 'Slowbro', 'Snorlax', 'Alakazam']","['Mew', 'Exeggutor', 'Mewtwo', 'Slowbro', 'Chansey', 'Snorlax']",51,12,12
smogtours-gen1ubers-673029,[Gen 1] UBERS,2023-02-05 00:54:34,,multitype99793,bubble48110,multitype99793,False,"['Mew', 'Mewtwo', 'Jolteon', 'Slowbro', 'Chansey', 'Snorlax']","['Cloyster', 'Mew', 'Mewtwo', 'Chansey', 'Snorlax', 'Alakazam']",64,9,16
gen1ubers-526820469,[Gen 1] UBERS,2017-02-01 03:38:04,,miltank57341,woodhammer83701,miltank57341,False,"['Tangela', 'Weepinbell']","['Sandshrew', 'Vulpix', 'Eevee', 'Magnemite', 'Fearow']",42,1,6
gen1ubers-990951338,[Gen 1] UBERS,2019-10-11 21:50:57,,remoraid62311,rotomheat58177,rotomheat58177,False,"['Lapras', 'Exeggutor', 'Tauros', 'Chansey', 'Snorlax', 'Alakazam']","['Mewtwo', 'Mew', 'Exeggutor', 'Tauros', 'Slowbro', 'Snorlax']",76,5,8
gen1ubers-1130668814,[Gen 1] UBERS,2020-06-11 07:08:02,,metronome73231,amnesia25800,amnesia25800,False,"['Mew', 'Exeggutor', 'Mewtwo', 'Tauros', 'Slowbro', 'Snorlax']","['Exeggutor', 'Mewtwo', 'Mew', 'Slowbro', 'Chansey', 'Snorlax']",35,10,13
smogtours-gen1ubers-147636,[Gen 1] UBERS,2016-04-07 20:39:44,,omastar87604,focusenergy12335,omastar87604,False,"['Exeggutor', 'Mew', 'Tauros', 'Jynx', 'Chansey', 'Snorlax']","['Exeggutor', 'Mew', 'Tauros', 'Jynx', 'Chansey', 'Snorlax']",56,11,15
gen1ubers-782627417,[Gen 1] UBERS,2018-07-28 20:37:46,,raindance50399,delcatty31981,raindance50399,False,"['Exeggutor', 'Mewtwo', 'Mew', 'Jynx', 'Chansey', 'Snorlax']","['Mew', 'Mewtwo', 'Electrode', 'Golem', 'Jynx', 'Chansey']",36,6,12
smogtours-gen1ubers-676938,[Gen 1] UBERS,2023-02-24 01:51:20,,oddincense85805,arceusghost8496,arceusghost8496,False,"['Mew', 'Mewtwo', 'Zapdos', 'Gengar', 'Chansey', 'Snorlax']","['Mewtwo', 'Mew', 'Zapdos', 'Gengar', 'Chansey', 'Snorlax']",174,18,22
gen1ubers-930089924,[Gen 1] UBERS,2019-06-17 21:15:29,,bulletpunch81591,par74961,bulletpunch81591,False,"['Mewtwo', 'Exeggutor', 'Gengar', 'Chansey', 'Jynx', 'Snorlax']","['Mewtwo', 'Lapras', 'Zapdos', 'Golem', 'Gengar', 'Arcanine']",40,9,6
gen1ubers-733096206,[Gen 1] UBERS,2018-04-15 11:54:03,,screech7860,rollingkick63381,rollingkick63381,True,"['Starmie', 'Mew', 'Exeggutor', 'Mewtwo', 'Chansey', 'Snorlax']","['Mew', 'Mewtwo', 'Tauros', 'Slowbro', 'Jynx', 'Gengar']",36,9,8
gen1ubers-829724330,[Gen 1] UBERS,2018-11-03 02:58:26,,staryu3108,camerupt44165,staryu3108,False,"['Mewtwo', 'Mew', 'Slowbro', 'Zapdos', 'Snorlax']","['Mew', 'Exeggutor', 'Mewtwo', 'Slowbro', 'Chansey', 'Snorlax']",51,4,11
rom-gen1ubers-468439,[Gen 1] UBERS,2018-12-02 21:01:50,,constrict58938,sudowoodo17153,constrict58938,False,"['Mew', 'Mewtwo', 'Zapdos', 'Chansey', 'Snorlax']","['Mewtwo', 'Mew', 'Slowbro', 'Jynx', 'Chansey', 'Snorlax']",39,4,7
gen1ubers-2300804191,[Gen 1] UBERS,2025-02-14 17:59:41,,fissure61188,ponyta82141,ponyta82141,False,"['Mewtwo', 'Exeggutor', 'Mew', 'Zapdos', 'Gengar', 'Snorlax']","['Mewtwo', 'Mew', 'Exeggutor', 'Tauros', 'Alakazam', 'Snorlax']",33,14,9
gen1ubers-2178274157,[Gen 1] UBERS,2024-08-12 00:48:16,1080,aircutter66087,aeroblast79486,aircutter66087,False,"['Moltres', 'Mew', 'Exeggutor', 'Mewtwo', 'Electrode', 'Snorlax']","['Mewtwo', 'Mew', 'Onix', 'Jynx', 'Snorlax', 'Beedrill']",41,6,15
gen1ubers-2182183583,[Gen 1] UBERS,2024-08-17 21:54:07,1075,lombre858,pupitar34571,pupitar34571,False,"['Mewtwo', 'Mew', 'Slowbro', 'Chansey', 'Alakazam', 'Snorlax']","['Mewtwo', 'Mew', 'Jynx', 'Chansey', 'Snorlax']",121,13,21
gen1ubers-854847972,[Gen 1] UBERS,2019-01-28 06:18:49,,machamp44590,shadowforce54696,machamp44590,False,['Electrode'],['Electrode'],41,0,5
gen1ubers-891378372,[Gen 1] UBERS,2019-04-12 01:03:10,,filter5916,delcatty31981,delcatty31981,True,"['Mew', 'Mewtwo', 'Tauros', 'Electrode', 'Gengar', 'Articuno']","['Mew', 'Mewtwo', 'Raichu', 'Venusaur', 'Blastoise']",22,8,12
gen1ubers-966777789,[Gen 1] UBERS,2019-08-27 13:39:40,,xatu88107,roar60347,xatu88107,False,"['Mew', 'Starmie', 'Mewtwo', 'Zapdos']","['Cloyster', 'Starmie', 'Mewtwo', 'Gengar', 'Chansey', 'Blastoise']",30,3,5
smogtours-gen1ubers-675625,[Gen 1] UBERS,2023-02-18 19:58:04,,arceusghost8496,harden39394,arceusghost8496,False,"['Mew', 'Mewtwo', 'Slowbro', 'Zapdos', 'Chansey', 'Snorlax']","['Mewtwo', 'Exeggutor', 'Mew', 'Gengar', 'Chansey', 'Snorlax']",32,11,10
gen1ubers-701875370,[Gen 1] UBERS,2018-02-10 06:37:37,,butterfree5944,delcatty31981,delcatty31981,False,"['Mewtwo', 'Exeggutor', 'Mew', 'Tauros', 'Gengar', 'Snorlax']","['Mew', 'Mewtwo', 'Charizard', 'Raichu', 'Venusaur', 'Blastoise']",26,7,7
gen1ubers-2167413046,[Gen 1] UBERS,2024-07-25 20:43:03,,facade60368,bravebird40912,bravebird40912,True,"['Mewtwo', 'Mew', 'Slowbro', 'Gengar', 'Chansey', 'Snorlax']","['Exeggutor', 'Mewtwo', 'Kangaskhan', 'Mew', 'Gengar', 'Snorlax']",31,10,7
smogtours-gen1ubers-695879,[Gen 1] UBERS,2023-06-05 05:06:42,,aggron30439,mudsport71981,mudsport71981,True,"['Mew', 'Exeggutor', 'Mewtwo', 'Slowbro', 'Chansey', 'Snorlax']","['Slowbro', 'Exeggutor', 'Snorlax', 'Mew']",38,6,3
gen1ubers-2076819438,[Gen 1] UBERS,2024-03-09 02:01:21,,splashplate36398,sleeppowder94973,splashplate36398,True,"['Electrode', 'Chansey']","['Electrode', 'Chansey']",60,3,2
gen1ubers-524703162,[Gen 1] UBERS,2017-01-28 04:24:10,,miltank57341,woodhammer83701,woodhammer83701,False,"['Starmie', 'Staryu']","['Pidgeotto', 'Kadabra', 'Raticate', 'Charmeleon']",14,1,4
gen1ubers-1044927519,[Gen 1] UBERS,2020-01-12 07:02:56,,electirizer5270,girafarig63562,electirizer5270,True,"['Aerodactyl', 'Raichu', 'Nidoqueen', 'Omastar']","['Slowbro', 'Nidoking', 'Vileplume']",14,3,2
smogtours-gen1ubers-676863,[Gen 1] UBERS,2023-02-23 02:11:33,,castform97328,arceusghost8496,castform97328,False,"['Mew', 'Mewtwo', 'Zapdos', 'Jynx', 'Chansey', 'Snorlax']","['Mewtwo', 'Mew', 'Zapdos', 'Gengar', 'Chansey', 'Snorlax']",79,7,12
gen1ubers-1092123494,[Gen 1] UBERS,2020-04-06 20:12:54,,solrock12454,rhyperior690,rhyperior690,False,"['Exeggutor', 'Mew', 'Mewtwo', 'Gengar', 'Chansey', 'Snorlax']","['Mew', 'Mewtwo', 'Tauros', 'Chansey', 'Snorlax']",64,16,9
gen1ubers-876212176,[Gen 1] UBERS,2019-03-14 20:11:38,,ursaring45910,zenheadbutt21681,ursaring45910,True,"['Gengar', 'Chansey', 'Mewtwo', 'Charizard']","['Mewtwo', 'Tauros', 'Gengar', 'Hitmonlee', 'Venusaur', 'Dragonite']",18,6,8
smogtours-gen1ubers-73559,[Gen 1] UBERS,2015-07-08 15:04:17,,soundproof1168,garchomp79956,soundproof1168,False,"['Exeggutor', 'Mew', 'Mewtwo', 'Slowbro', 'Chansey', 'Snorlax']","['Mew', 'Mewtwo', 'Exeggutor', 'Gengar', 'Chansey', 'Snorlax']",103,13,16
smogtours-gen1ubers-634018,[Gen 1] UBERS,2022-06-22 04:00:31,,arceusghost8496,pupitar309,arceusghost8496,True,"['Mew', 'Mewtwo', 'Zapdos', 'Gengar', 'Chansey', 'Snorlax']","['Mewtwo', 'Mew', 'Zapdos', 'Jynx', 'Chansey', 'Snorlax']",131,23,14
gen1ubers-243535592,[Gen 1] UBERS,2015-06-24 18:39:20,,flash7618,rollout90377,rollout90377,False,"['Exeggutor', 'Mewtwo', 'Mew', 'Slowbro', 'Chansey', 'Articuno']","['Mew', 'Mewtwo', 'Slowbro', 'Jynx', 'Chansey', 'Snorlax']",141,23,21
gen1ubers-874780262,[Gen 1] UBERS,2019-03-12 02:29:08,,chartiberry31419,tailwhip2839,tailwhip2839,False,"['Mewtwo', 'Mew', 'Tauros', 'Jynx', 'Chansey', 'Snorlax']","['Mewtwo', 'Exeggutor', 'Mew', 'Tauros', 'Chansey', 'Snorlax']",33,11,7
smogtours-gen1ubers-678106,[Gen 1] UBERS,2023-03-04 14:24:49,,iceball26708,powerherb16934,powerherb16934,True,"['Mewtwo', 'Exeggutor', 'Mew', 'Gengar', 'Chansey', 'Snorlax']","['Mew', 'Zapdos', 'Gengar', 'Chansey', 'Snorlax']",51,7,12
gen1ubers-2171508261,[Gen 1] UBERS,2024-08-01 19:11:23,1014,snatch75121,quickclaw290,snatch75121,False,"['Mew', 'Tauros', 'Gengar', 'Chansey', 'Snorlax']","['Starmie', 'Exeggutor', 'Mew', 'Mewtwo', 'Gengar', 'Chansey']",48,14,12
rom-gen1ubers-636142,[Gen 1] UBERS,2019-08-07 23:21:03,,constrict58938,sudowoodo17153,constrict58938,False,"['Mew', 'Mewtwo', 'Zapdos', 'Chansey', 'Snorlax']","['Mewtwo', 'Mew', 'Slowbro', 'Jynx', 'Chansey', 'Snorlax']",59,4,7
gen1ubers-800330717,[Gen 1] UBERS,2018-09-03 18:36:15,,delcatty31981,tailwhip2839,tailwhip2839,False,"['Mew', 'Mewtwo', 'Charizard', 'Raichu', 'Venusaur', 'Blastoise']","['Exeggutor', 'Mewtwo', 'Tauros', 'Chansey', 'Snorlax']",27,8,5
gen1ubers-821140272,[Gen 1] UBERS,2018-10-16 15:24:18,,roar19979,icebody52339,icebody52339,False,"['Exeggutor', 'Mew', 'Mewtwo', 'Tauros', 'Slowbro', 'Snorlax']","['Mew', 'Mewtwo', 'Tauros', 'Jynx', 'Chansey', 'Dragonite']",70,7,7
smogtours-gen1ubers-524919,[Gen 1] UBERS,2020-10-31 17:33:41,,quilava99512,krabby97145,quilava99512,False,"['Mew', 'Mewtwo', 'Gengar', 'Chansey', 'Rhydon', 'Snorlax']","['Mew', 'Exeggutor', 'Mewtwo', 'Tauros', 'Chansey', 'Snorlax']",110,21,28
smogtours-gen1ubers-594813,[Gen 1] UBERS,2021-11-24 20:19:57,,lusterpurge32163,synchronize14428,synchronize14428,True,"['Exeggutor', 'Mewtwo', 'Mew', 'Slowbro', 'Jynx', 'Chansey']","['Mew', 'Mewtwo', 'Exeggutor', 'Gengar', 'Chansey', 'Snorlax']",137,38,31
gen1ubers-2131505594,[Gen 1] UBERS,2024-05-27 15:04:16,,hydration14831,rawstberry69693,hydration14831,True,['Groudon-Primal'],"['Giratina', 'Eternatus-Eternamax', 'Regieleki', 'Calyrex-Shadow']",61,24,18
gen1ubers-2189897263,[Gen 1] UBERS,2024-08-28 22:23:00,1099,punishment38172,drizzle61036,punishment38172,True,"['Mewtwo', 'Exeggutor', 'Mew', 'Gyarados', 'Snorlax', 'Hypno']","['Mew', 'Mewtwo', 'Exeggutor', 'Gengar', 'Chansey', 'Snorlax']",51,8,14
smogtours-gen1ubers-147640,[Gen 1] UBERS,2016-04-07 20:47:21,,omastar87604,focusenergy12335,focusenergy12335,False,"['Exeggutor', 'Mew', 'Tauros', 'Jynx', 'Chansey', 'Snorlax']","['Starmie', 'Exeggutor', 'Tauros', 'Chansey', 'Snorlax']",42,12,11
smogtours-gen1ubers-594148,[Gen 1] UBERS,2021-11-20 21:00:44,,innerfocus91859,synchronize14428,innerfocus91859,False,"['Mewtwo', 'Mew', 'Zapdos', 'Gengar', 'Chansey', 'Snorlax']","['Starmie', 'Exeggutor', 'Mewtwo', 'Mew', 'Chansey', 'Snorlax']",39,9,12
rom-gen1ubers-539549,[Gen 1] UBERS,2019-04-16 22:52:20,,constrict58938,sudowoodo17153,sudowoodo17153,False,"['Mew', 'Mewtwo', 'Slowbro', 'Zapdos', 'Chansey', 'Snorlax']","['Mewtwo', 'Mew', 'Slowbro', 'Jynx', 'Snorlax']",63,8,8
gen1ubers-966599218,[Gen 1] UBERS,2019-08-27 02:45:49,,delcatty31981,spinda56194,delcatty31981,True,"['Mewtwo', 'Exeggutor', 'Mew', 'Electrode', 'Jynx', 'Chansey']","['Exeggutor', 'Mewtwo', 'Mew', 'Gengar', 'Chansey', 'Snorlax']",84,18,21
smogtours-gen1ubers-696497,[Gen 1] UBERS,2023-06-10 19:32:31,,habanberry18693,extremespeed62335,habanberry18693,False,"['Moltres', 'Mewtwo', 'Mew', 'Tauros', 'Chansey', 'Snorlax']","['Mew', 'Mewtwo', 'Slowbro', 'Zapdos', 'Chansey', 'Snorlax']",50,10,13
smogtours-gen1ubers-670619,[Gen 1] UBERS,2023-01-25 21:17:52,,ironhead21066,deoxysdefense78874,ironhead21066,False,"['Mewtwo', 'Mew', 'Zapdos', 'Gengar', 'Chansey', 'Snorlax']","['Mew', 'Mewtwo', 'Zapdos', 'Gengar', 'Chansey', 'Snorlax']",85,20,17
gen1ubers-2029809911,[Gen 1] UBERS,2024-01-08 08:19:42,,gorebyss2916,duskball18985,duskball18985,False,"['Gengar', 'Electrode', 'Aerodactyl']","['Gengar', 'Electrode', 'Aerodactyl']",60,9,4
gen1ubers-619609186,[Gen 1] UBERS,2017-08-19 11:58:16,,magnetrise41863,hoothoot99381,hoothoot99381,False,"['Moltres', 'Mewtwo', 'Dragonair', 'Gengar', 'Dewgong', 'Arcanine']","['Growlithe', 'Mew', 'Nidoran-M', 'Zubat', 'Weedle', 'Krabby']",40,5,6
gen1ubers-750817744,[Gen 1] UBERS,2018-05-21 21:10:42,,payback7723,reflect45954,reflect45954,False,"['Exeggutor', 'Mewtwo', 'Mew', 'Tauros', 'Slowbro', 'Snorlax']","['Mewtwo', 'Mew', 'Slowbro', 'Jynx', 'Chansey', 'Snorlax']",197,15,24
gen1ubers-708752060,[Gen 1] UBERS,2018-02-24 04:23:26,,chingling18487,ursaring77378,ursaring77378,True,"['Starmie', 'Tauros']","['Mew', 'Snorlax']",7,1,1
smogtours-gen1ubers-716281,[Gen 1] UBERS,2023-09-15 15:55:25,,golduck11935,bide32585,bide32585,True,"['Mew', 'Mewtwo', 'Tauros', 'Chansey', 'Snorlax', 'Alakazam']","['Mewtwo', 'Mew', 'Slowbro', 'Jynx', 'Chansey', 'Snorlax']",120,30,15
gen1ubers-1133174537,[Gen 1] UBERS,2020-06-15 18:17:30,,bagon13919,counter68743,counter68743,True,"['Mewtwo', 'Mew', 'Slowbro', 'Gengar', 'Chansey', 'Snorlax']","['Mewtwo', 'Mew', 'Jynx', 'Chansey', 'Rhydon', 'Snorlax']",243,13,25
gen1ubers-1130248138,[Gen 1] UBERS,2020-06-10 13:32:55,,sleeptalk61281,recycle96488,sleeptalk61281,False,"['Mewtwo', 'Mew', 'Slowbro', 'Jynx', 'Chansey', 'Snorlax']","['Mewtwo', 'Tauros', 'Zapdos', 'Chansey', 'Snorlax', 'Alakazam']",38,7,7
smogtours-gen1ubers-842824,[Gen 1] UBERS,2025-05-16 20:42:06,,denpowerghost39436,wacanberry11962,wacanberry11962,False,"['Mewtwo', 'Exeggutor', 'Mew', 'Gengar', 'Chansey', 'Snorlax']","['Mewtwo', 'Mew', 'Exeggutor', 'Tauros', 'Zapdos', 'Rhydon']",29,10,10
gen1ubers-755881309,[Gen 1] UBERS,2018-06-01 03:00:38,,woodhammer83701,miltank57341,woodhammer83701,False,"['Jigglypuff', 'Lapras', 'Pikachu', 'Charmeleon']","['Mr. Mime', 'Kadabra', 'Alakazam', 'Venomoth']",23,5,3
smogtours-gen1ubers-698326,[Gen 1] UBERS,2023-06-20 17:21:03,,mudsport71981,mamoswine66279,mudsport71981,False,"['Mewtwo', 'Mew', 'Zapdos', 'Gengar', 'Chansey', 'Snorlax']","['Mewtwo', 'Mew', 'Zapdos', 'Gengar', 'Chansey', 'Snorlax']",54,13,14
gen1ubers-901296818,[Gen 1] UBERS,2019-04-30 02:11:17,,trick33871,swellow7363,trick33871,False,"['Mewtwo', 'Mew', 'Tauros', 'Slowbro', 'Chansey']","['Mewtwo', 'Mew', 'Slowbro', 'Gengar', 'Chansey', 'Snorlax']",68,8,8
gen1ubers-351608689,[Gen 1] UBERS,2016-03-29 17:59:50,,yanma71447,stantler31509,yanma71447,False,"['Mew', 'Exeggutor', 'Zapdos', 'Jynx', 'Snorlax']","['Starmie', 'Mew', 'Exeggutor', 'Tauros', 'Chansey', 'Snorlax']",70,9,18
smogtours-gen1ubers-816916,[Gen 1] UBERS,2025-01-30 14:36:07,,poisonpowder88566,wacanberry11962,wacanberry11962,False,"['Mew', 'Mewtwo', 'Tauros', 'Zapdos', 'Hypno', 'Snorlax']","['Mew', 'Mewtwo', 'Tauros', 'Victreebel', 'Rhydon', 'Dragonite']",175,27,11
gen1ubers-595127492,[Gen 1] UBERS,2017-06-24 17:01:45,,fling32878,deoxys84227,deoxys84227,True,"['Mew', 'Mewtwo', 'Tauros', 'Slowbro', 'Jynx', 'Chansey']","['Mew', 'Exeggutor', 'Mewtwo', 'Tauros', 'Slowbro', 'Snorlax']",114,15,9
gen1ubers-350758399,[Gen 1] UBERS,2016-03-27 21:39:54,,heatrock37333,camouflage69858,heatrock37333,True,"['Mew', 'Jolteon', 'Chansey', 'Snorlax', 'Alakazam']","['Exeggutor', 'Mew', 'Zapdos', 'Gengar', 'Chansey', 'Snorlax']",27,6,7
smogtours-gen1ubers-786571,[Gen 1] UBERS,2024-08-19 20:49:36,,wacanberry11962,aurasphere76841,aurasphere76841,True,"['Cloyster', 'Mew', 'Mewtwo', 'Exeggutor', 'Zapdos', 'Rhydon']","['Jynx', 'Starmie', 'Mewtwo', 'Zapdos']",32,9,5
gen1ubers-825077187,[Gen 1] UBERS,2018-11-23 16:53:05,,stomp30555,porygon83022,porygon83022,False,"['Moltres', 'Lapras', 'Magneton', 'Nidoqueen', 'Poliwrath', 'Gengar']","['Kangaskhan', 'Machamp', 'Chansey', 'Dewgong', 'Raichu', 'Alakazam']",43,10,8
gen1ubers-572766015,[Gen 1] UBERS,2017-05-07 04:08:56,,miltank57341,woodhammer83701,woodhammer83701,False,"['Tangela', 'Gloom', 'Weepinbell']","['Bulbasaur', 'Pikachu', 'Charmander']",15,2,3
gen1ubers-995915549,[Gen 1] UBERS,2019-10-21 02:08:45,,arceusgrass16033,keeneye85626,keeneye85626,False,"['Exeggutor', 'Aerodactyl', 'Machamp', 'Gyarados', 'Arcanine', 'Alakazam']","['Lapras', 'Charizard', 'Venusaur', 'Pikachu', 'Snorlax', 'Blastoise']",33,5,5
smogtours-gen1ubers-808639,[Gen 1] UBERS,2024-12-01 19:07:03,,bide32585,mareep93864,bide32585,True,"['Mew', 'Mewtwo', 'Exeggutor', 'Tauros', 'Persian', 'Snorlax']","['Cloyster', 'Mewtwo', 'Mew', 'Chansey', 'Rhydon', 'Fearow']",51,18,22
gen1ubers-2188895378,[Gen 1] UBERS,2024-08-27 15:23:20,1122,infernape89990,vibrava46788,vibrava46788,False,"['Mewtwo', 'Mew', 'Tauros', 'Gengar', 'Chansey', 'Snorlax']","['Exeggutor', 'Mewtwo', 'Mew', 'Tauros', 'Rhydon', 'Snorlax']",71,15,9
smogtours-gen1ubers-584598,[Gen 1] UBERS,2021-10-08 19:24:35,,innerfocus91859,sacredfire231,sacredfire231,False,"['Mew', 'Exeggutor', 'Mewtwo', 'Jolteon', 'Chansey', 'Snorlax']","['Mewtwo', 'Mew', 'Jolteon', 'Tauros', 'Chansey', 'Snorlax']",65,9,9
smogtours-gen1ubers-775343,[Gen 1] UBERS,2024-06-17 00:52:26,,arceusghost8496,icebody51285,icebody51285,True,"['Mewtwo', 'Mew', 'Exeggutor', 'Tauros', 'Zapdos', 'Rhydon']","['Mew', 'Mewtwo', 'Exeggutor', 'Tauros', 'Zapdos', 'Snorlax']",64,22,18
gen1ubers-827847270,[Gen 1] UBERS,2018-11-29 02:02:50,,amnesia63784,rest20747,rest20747,False,"['Mew', 'Ninetales', 'Electabuzz', 'Golem', 'Victreebel', 'Gyarados']","['Starmie', 'Jolteon', 'Sandslash', 'Clefable', 'Venusaur', 'Articuno']",47,14,17
smogtours-gen1ubers-775330,[Gen 1] UBERS,2024-06-17 00:36:43,,arceusghost8496,icebody51285,icebody51285,False,"['Cloyster', 'Mewtwo', 'Mew', 'Slowbro', 'Victreebel', 'Rhydon']","['Exeggutor', 'Mewtwo', 'Mew', 'Tauros', 'Gengar', 'Snorlax']",49,15,12
smogtours-gen1ubers-603580,[Gen 1] UBERS,2022-01-20 10:06:09,,synchronize14428,unknownability847,synchronize14428,False,"['Mewtwo', 'Mew', 'Tauros', 'Slowbro', 'Chansey', 'Snorlax']","['Exeggutor', 'Mew', 'Mewtwo', 'Slowbro', 'Gengar', 'Snorlax']",50,9,16
gen1ubers-2316150839,[Gen 1] UBERS,2025-03-10 02:51:06,,chuspikyeared63976,rampardos63417,chuspikyeared63976,False,"['Electrode', 'Mewtwo', 'Kangaskhan', 'Aerodactyl']",['Electrode'],33,5,0
gen1ubers-651443444,[Gen 1] UBERS,2017-10-28 02:50:56,,miltank57341,woodhammer83701,miltank57341,False,['Raichu'],['Pikachu'],5,0,0
gen1ubers-243587457,[Gen 1] UBERS,2015-06-24 21:20:36,,earthpower70969,imprison56103,earthpower70969,True,"['Starmie', 'Exeggutor', 'Mew', 'Mewtwo', 'Tauros', 'Chansey']","['Mew', 'Mewtwo', 'Slowbro', 'Jynx', 'Chansey', 'Snorlax']",48,7,6
gen1ubers-1127433083,[Gen 1] UBERS,2020-06-05 18:37:47,,magiccoat47203,payapaberry78256,payapaberry78256,False,"['Lapras', 'Charizard', 'Vileplume', 'Nidoking', 'Zapdos', 'Dragonite']","['Mew', 'Gengar', 'Chansey', 'Alakazam', 'Snorlax']",24,5,4
gen1ubers-961228068,[Gen 1] UBERS,2019-08-16 15:45:21,,sharpen10213,fullincense15779,sharpen10213,False,"['Venusaur', 'Golem', 'Gengar', 'Chansey', 'Alakazam', 'Snorlax']","['Lapras', 'Exeggutor', 'Jolteon', 'Rhydon', 'Alakazam', 'Dragonite']",68,5,10
gen1ubers-736805867,[Gen 1] UBERS,2018-04-23 01:45:58,,leer23545,choicespecs66124,leer23545,False,"['Jynx', 'Snorlax']","['Exeggutor', 'Mewtwo', 'Gengar', 'Chansey', 'Alakazam', 'Dragonite']",23,1,5
smogtours-gen1ubers-173509,[Gen 1] UBERS,2016-07-04 20:26:30,,uturn10423,frisk39799,frisk39799,True,"['Mew', 'Exeggutor', 'Mewtwo', 'Chansey', 'Rhydon', 'Snorlax']","['Starmie', 'Exeggutor', 'Mewtwo', 'Chansey', 'Snorlax']",26,7,7
gen1ubers-2175052751,[Gen 1] UBERS,2024-08-07 02:58:37,1026,rollout94469,rotomwash31525,rollout94469,True,"['Mewtwo', 'Mew', 'Onix', 'Hypno', 'Snorlax']","['Starmie', 'Mewtwo', 'Tauros', 'Slowbro', 'Chansey', 'Victreebel']",34,7,7
gen1ubers-1129991974,[Gen 1] UBERS,2020-06-10 01:04:31,,rapidspin64825,unknownitem93375,unknownitem93375,False,"['Starmie', 'Staryu']","['Pidgeotto', 'Bellsprout', 'Oddish', 'Charmeleon']",11,1,3
gen1ubers-757534588,[Gen 1] UBERS,2018-06-04 16:44:43,1000,conversion222171,swallow21311,conversion222171,True,"['Mew', 'Exeggutor', 'Slowbro', 'Gengar', 'Chansey']","['Cloyster', 'Mewtwo', 'Tauros', 'Zapdos', 'Gengar', 'Rhydon']",24,8,7
gen1ubers-1087586625,[Gen 1] UBERS,2020-03-29 21:55:44,,shieldon89329,bagon19543,shieldon89329,False,"['Cloyster', 'Mewtwo', 'Mew', 'Zapdos', 'Gengar', 'Dragonite']","['Moltres', 'Mewtwo', 'Mew', 'Zapdos', 'Gengar', 'Alakazam']",29,5,9
gen1ubers-739657668,[Gen 1] UBERS,2018-04-28 22:22:00,,eevee75445,drifblim84361,drifblim84361,True,"['Pidgeotto', 'Poliwhirl', 'Pikachu', 'Nidorino', 'Charmeleon', 'Mankey']","['Kadabra', 'Raticate', 'Wartortle', 'Weepinbell', 'Geodude', 'Fearow']",45,21,23
smogtours-gen1ubers-587119,[Gen 1] UBERS,2021-10-16 20:36:08,,amnesia25800,sacredfire231,amnesia25800,False,"['Mewtwo', 'Mew', 'Jolteon', 'Tauros', 'Chansey', 'Snorlax']","['Mewtwo', 'Mew', 'Zapdos', 'Gengar', 'Chansey', 'Snorlax']",43,10,17
gen1ubers-828718585,[Gen 1] UBERS,2018-11-01 03:33:55,,camerupt44165,staryu3108,camerupt44165,False,"['Mew', 'Exeggutor', 'Mewtwo', 'Slowbro', 'Chansey', 'Snorlax']","['Starmie', 'Mew', 'Mewtwo', 'Zapdos', 'Rhydon', 'Snorlax']",156,11,14
gen1ubers-1128361068,[Gen 1] UBERS,2020-06-07 08:33:57,1121,tailwhip2839,amnesia25800,tailwhip2839,True,"['Chansey', 'Exeggutor', 'Snorlax', 'Tauros']","['Mewtwo', 'Mew', 'Zapdos', 'Golem', 'Gengar', 'Snorlax']",21,5,8
smogtours-gen1ubers-526019,[Gen 1] UBERS,2020-11-07 17:26:08,,innerfocus91859,synchronize14428,synchronize14428,False,"['Mew', 'Mewtwo', 'Tauros', 'Zapdos', 'Chansey', 'Snorlax']","['Mewtwo', 'Mew', 'Zapdos', 'Gengar', 'Chansey', 'Snorlax']",203,20,28
smogtours-gen1ubers-612200,[Gen 1] UBERS,2022-03-07 02:40:01,,arceusghost8496,batonpass29222,arceusghost8496,True,"['Gengar', 'Chansey', 'Mewtwo', 'Zapdos']","['Mewtwo', 'Mew', 'Tauros', 'Zapdos', 'Chansey', 'Snorlax']",66,6,5
gen1ubers-2263577571,[Gen 1] UBERS,2024-12-15 19:32:21,,gloom50365,heatran58448,heatran58448,False,"['Starmie', 'Exeggutor', 'Mew', 'Tauros', 'Zapdos', 'Rhydon']","['Starmie', 'Exeggutor', 'Tauros', 'Slowbro', 'Jynx', 'Snorlax']",28,11,8
smogtours-gen1ubers-817302,[Gen 1] UBERS,2025-02-01 19:13:27,,azumarill79029,psn38480,azumarill79029,True,"['Rhydon', 'Exeggutor', 'Zapdos', 'Mew']","['Mew', 'Exeggutor', 'Mewtwo', 'Jolteon', 'Snorlax']",27,11,14
smogtours-gen1ubers-179295,[Gen 1] UBERS,2016-07-23 14:14:47,,innerfocus91859,unburden21319,innerfocus91859,True,"['Mewtwo', 'Exeggutor', 'Mew', 'Gengar', 'Snorlax']","['Mewtwo', 'Exeggutor', 'Mew', 'Tauros', 'Gengar', 'Snorlax']",29,4,12
smogtours-gen1ubers-717457,[Gen 1] UBERS,2023-09-17 22:23:23,,batonpass29222,scizor95158,batonpass29222,False,"['Mew', 'Mewtwo', 'Jolteon', 'Tauros', 'Chansey', 'Snorlax']","['Mew', 'Mewtwo', 'Zapdos', 'Gengar', 'Chansey', 'Snorlax']",30,8,7
gen1ubers-651888858,[Gen 1] UBERS,2017-10-29 03:21:07,,miltank57341,woodhammer83701,woodhammer83701,False,"['Rhydon', 'Magmar', 'Ninetales']","['Charizard', 'Squirtle', 'Pikachu']",17,3,3
gen1ubers-837095153,[Gen 1] UBERS,2018-11-17 20:31:11,,transform70783,stantler13317,stantler13317,True,"['Starmie', 'Exeggutor', 'Chansey', 'Lapras']","['Exeggutor', 'Mew', 'Mewtwo', 'Slowbro', 'Jynx', 'Chansey']",25,8,7
smogtours-gen1ubers-797695,[Gen 1] UBERS,2024-10-12 19:21:52,,psn38480,aeroblast8709,psn38480,False,"['Mewtwo', 'Exeggutor', 'Mew', 'Zapdos', 'Gengar', 'Snorlax']","['Cloyster', 'Mewtwo', 'Mew', 'Tauros', 'Jynx', 'Snorlax']",28,10,10
gen1ubers-1142775211,[Gen 1] UBERS,2020-06-30 21:17:54,,watergun59811,rotom95030,watergun59811,True,"['Mew', 'Mewtwo', 'Zapdos', 'Chansey', 'Snorlax', 'Alakazam']","['Mewtwo', 'Exeggutor', 'Mew', 'Gengar', 'Chansey', 'Snorlax']",56,7,12
smogtours-gen1ubers-812299,[Gen 1] UBERS,2025-01-01 21:26:42,,furyswipes43732,aquaring89206,furyswipes43732,True,"['Mew', 'Exeggutor', 'Mewtwo', 'Tauros', 'Golem', 'Snorlax']","['Cloyster', 'Mewtwo', 'Mew', 'Zapdos', 'Chansey', 'Rhydon']",36,8,11
gen1ubers-763052474,[Gen 1] UBERS,2018-06-16 01:50:03,1000,delcatty31981,giratina33352,delcatty31981,False,"['Mew', 'Exeggutor', 'Electrode', 'Golem', 'Jynx']","['Lapras', 'Charizard', 'Jolteon', 'Aerodactyl', 'Snorlax', 'Alakazam']",20,6,7
smogtours-gen1ubers-749987,[Gen 1] UBERS,2024-02-25 20:18:02,,arceusghost8496,fissure61188,fissure61188,False,"['Mewtwo', 'Mew', 'Slowbro', 'Zapdos', 'Chansey', 'Rhydon']","['Exeggutor', 'Mew', 'Mewtwo', 'Slowbro', 'Rhydon', 'Snorlax']",95,22,22
smogtours-gen1ubers-673028,[Gen 1] UBERS,2023-02-05 00:45:26,,bubble48110,multitype99793,bubble48110,False,"['Mew', 'Mewtwo', 'Exeggutor', 'Slowbro', 'Jynx', 'Chansey']","['Mew', 'Mewtwo', 'Jolteon', 'Tauros', 'Chansey', 'Snorlax']",36,5,9
gen1ubers-579408367,[Gen 1] UBERS,2017-05-21 06:38:35,,aggron60452,delcatty31981,aggron60452,False,"['Mew', 'Exeggutor', 'Mewtwo', 'Slowbro', 'Zapdos', 'Chansey']","['Mewtwo', 'Exeggutor', 'Mew', 'Electrode', 'Golem', 'Chansey']",165,8,11
smogtours-gen1ubers-774576,[Gen 1] UBERS,2024-06-15 15:14:49,,aurasphere76841,fissure61188,aurasphere76841,True,"['Exeggutor', 'Mewtwo', 'Mew', 'Tauros', 'Slowbro', 'Snorlax']","['Mew', 'Exeggutor', 'Mewtwo', 'Tauros', 'Zapdos', 'Snorlax']",49,15,14
smogtours-gen1ubers-523087,[Gen 1] UBERS,2020-10-18 14:55:10,,swift79929,focusblast45004,focusblast45004,True,"['Mew', 'Mewtwo', 'Exeggutor', 'Tauros', 'Chansey', 'Snorlax']","['Mew', 'Mewtwo', 'Jolteon', 'Tauros', 'Chansey', 'Snorlax']",156,13,13
gen1ubers-651881966,[Gen 1] UBERS,2017-10-29 02:54:20,,miltank57341,woodhammer83701,miltank57341,False,['Kadabra'],['Pikachu'],8,0,0
smogtours-gen1ubers-668536,[Gen 1] UBERS,2023-01-14 21:05:50,,psn38480,deoxysdefense78874,psn38480,True,"['Mew', 'Exeggutor', 'Mewtwo', 'Tauros', 'Chansey', 'Snorlax']","['Mewtwo', 'Mew', 'Zapdos', 'Gengar', 'Chansey', 'Snorlax']",49,5,7
gen1ubers-693834047,[Gen 1] UBERS,2018-01-25 00:25:40,,krabby97145,bugbite68770,krabby97145,True,"['Jynx', 'Mewtwo']","['Mewtwo', 'Snorlax', 'Jolteon']",9,1,2
gen1ubers-854846843,[Gen 1] UBERS,2019-01-28 06:09:38,,yacheberry57336,aggron60452,aggron60452,True,['Electrode'],['Electrode'],9,1,0
smogtours-gen1ubers-706944,[Gen 1] UBERS,2023-07-30 21:47:15,,psn38480,arceusghost8496,psn38480,False,"['Mew', 'Mewtwo', 'Zapdos', 'Gengar', 'Chansey', 'Snorlax']","['Mew', 'Mewtwo', 'Jolteon', 'Arbok', 'Victreebel', 'Dragonite']",60,15,12
smogtours-gen1ubers-821785,[Gen 1] UBERS,2025-02-23 20:11:36,,iceball26708,yanma14716,iceball26708,True,"['Cloyster', 'Exeggutor', 'Mewtwo', 'Zapdos']","['Mew', 'Mewtwo', 'Gengar', 'Chansey', 'Snorlax', 'Articuno']",43,4,22
smogtours-gen1ubers-594634,[Gen 1] UBERS,2021-11-22 18:53:38,,powerherb16934,synchronize14428,synchronize14428,False,"['Mew', 'Mewtwo', 'Slowbro', 'Gengar', 'Chansey', 'Snorlax']","['Mewtwo', 'Mew', 'Exeggutor', 'Gengar', 'Chansey', 'Snorlax']",75,18,19
gen1ubers-524705957,[Gen 1] UBERS,2017-01-28 04:28:51,,miltank57341,woodhammer83701,woodhammer83701,False,"['Starmie', 'Staryu']","['Pidgeotto', 'Kadabra', 'Raticate', 'Charmeleon']",13,1,3
gen1ubers-2030488533,[Gen 1] UBERS,2024-01-09 03:05:23,,metalcoat5437,cleffa42333,cleffa42333,False,"['Starmie', 'Mew', 'Tauros', 'Golem', 'Persian', 'Alakazam']","['Gengar', 'Mewtwo', 'Snorlax', 'Charizard']",35,9,5
smogtours-gen1ubers-669572,[Gen 1] UBERS,2023-01-21 07:51:05,,sandattack94842,drapion2237,drapion2237,False,"['Starmie', 'Mewtwo', 'Mew', 'Chansey', 'Rhydon', 'Snorlax']","['Mew', 'Mewtwo', 'Jolteon', 'Tauros', 'Chansey', 'Snorlax']",34,11,10
gen1ubers-924852529,[Gen 1] UBERS,2019-06-09 03:22:23,1000,regigigas62995,machoke14723,regigigas62995,False,"['Mew', 'Mewtwo', 'Exeggutor', 'Chansey', 'Alakazam']","['Mewtwo', 'Mew', 'Tauros', 'Chansey', 'Snorlax', 'Dragonite']",28,4,8
gen1ubers-758757543,[Gen 1] UBERS,2018-06-07 01:02:44,1000,withdraw62625,magmar78178,magmar78178,False,"['Mew', 'Mewtwo', 'Slowbro', 'Jynx', 'Chansey', 'Snorlax']","['Exeggutor', 'Mew', 'Mewtwo', 'Slowbro', 'Jynx', 'Chansey']",40,6,8
gen1ubers-2139397911,[Gen 1] UBERS,2024-06-08 15:38:03,,bidoof75200,croagunk93952,bidoof75200,False,"['Cloyster', 'Mewtwo', 'Chansey', 'Snorlax', 'Alakazam']","['Cloyster', 'Mewtwo', 'Mew', 'Chansey', 'Snorlax', 'Alakazam']",43,6,10
smogtours-gen1ubers-675207,[Gen 1] UBERS,2023-02-15 20:08:36,,mudsport71981,machamp2495,mudsport71981,False,"['Mewtwo', 'Zapdos', 'Gengar', 'Chansey', 'Snorlax']","['Mewtwo', 'Mew', 'Zapdos', 'Gengar', 'Chansey', 'Snorlax']",36,8,13
gen1ubers-2313798012,[Gen 1] UBERS,2025-03-06 16:27:26,,sneasel14451,rowapberry76612,sneasel14451,False,"['Graveler', 'Haunter', 'Wartortle', 'Ivysaur', 'Drowzee', 'Charmeleon']","['Scyther', 'Dragonair', 'Graveler', 'Haunter', 'Poliwhirl', 'Tangela']",51,19,22
smogtours-gen1ubers-668822,[Gen 1] UBERS,2023-01-15 17:07:37,,meditate33036,choiceband17826,choiceband17826,False,"['Starmie', 'Mewtwo', 'Mew', 'Chansey', 'Rhydon', 'Snorlax']","['Mew', 'Chansey', 'Exeggutor', 'Tauros']",22,8,5
smogtours-gen1ubers-746031,[Gen 1] UBERS,2024-02-09 21:37:42,,fissure61188,sacredfire89193,fissure61188,True,"['Starmie', 'Exeggutor', 'Mewtwo', 'Tauros']","['Mew', 'Mewtwo', 'Exeggutor', 'Tauros', 'Gengar']",27,7,10
gen1ubers-527353397,[Gen 1] UBERS,2017-02-02 03:58:55,,miltank57341,woodhammer83701,woodhammer83701,False,"['Sandshrew', 'Vulpix', 'Eevee', 'Shellder', 'Fearow']","['Tangela', 'Gloom', 'Weepinbell']",46,9,2
smogtours-gen1ubers-698793,[Gen 1] UBERS,2023-06-24 14:31:52,,poisonbarb8537,unknownability847,unknownability847,True,"['Mew', 'Exeggutor', 'Mewtwo', 'Chansey', 'Snorlax', 'Alakazam']","['Mew', 'Exeggutor', 'Mewtwo', 'Tauros', 'Chansey', 'Snorlax']",104,12,20
gen1ubers-2039505178,[Gen 1] UBERS,2024-01-20 04:22:05,,lanturn56725,lightclay90870,lightclay90870,False,"['Charizard', 'Nidoking', 'Gyarados', 'Rhydon', 'Arcanine']","['Aerodactyl', 'Poliwrath', 'Jynx', 'Gengar', 'Marowak', 'Electabuzz']",26,9,12
gen1ubers-619607346,[Gen 1] UBERS,2017-08-19 11:48:02,,hoothoot99381,magnetrise41863,magnetrise41863,False,"['Growlithe', 'Mew', 'Nidoran-M', 'Zubat', 'Weedle', 'Krabby']","['Dewgong', 'Gengar', 'Mewtwo']",21,7,2
gen1ubers-2179916178,[Gen 1] UBERS,2024-08-14 12:45:02,1048,blazekick80181,marvelscale34779,marvelscale34779,False,"['Mew', 'Exeggutor', 'Mewtwo', 'Tauros', 'Chansey', 'Snorlax']","['Starmie', 'Mewtwo', 'Chansey', 'Dragonite']",56,6,3
gen1ubers-973263237,[Gen 1] UBERS,2019-09-09 11:29:42,,krabby97145,whitesmoke96215,whitesmoke96215,True,"['Mew', 'Exeggutor', 'Mewtwo', 'Slowbro', 'Jynx', 'Chansey']","['Starmie', 'Mew', 'Mewtwo', 'Exeggutor', 'Jynx', 'Alakazam']",134,37,32
smogtours-gen1ubers-784972,[Gen 1] UBERS,2024-08-10 14:19:01,,drapion2237,fissure61188,drapion2237,False,"['Mew', 'Exeggutor', 'Mewtwo', 'Zapdos', 'Jynx', 'Snorlax']","['Mewtwo', 'Exeggutor', 'Mew', 'Tauros', 'Jynx', 'Snorlax']",43,12,16
gen1ubers-980372691,[Gen 1] UBERS,2019-09-22 20:11:39,,airlock38649,needlearm25079,needlearm25079,True,"['Jynx', 'Chansey', 'Mew', 'Slowbro']","['Mewtwo', 'Exeggutor', 'Mew', 'Tauros', 'Snorlax']",33,6,7
gen1ubers-761882243,[Gen 1] UBERS,2018-06-13 15:31:12,,mindreader27217,honeygather89597,honeygather89597,False,"['Starmie', 'Mewtwo', 'Mew', 'Slowbro', 'Chansey', 'Snorlax']","['Mew', 'Mewtwo', 'Exeggutor', 'Tauros', 'Snorlax']",29,8,4
gen1ubers-764415731,[Gen 1] UBERS,2018-06-19 02:58:28,,sacredfire97645,delcatty31981,delcatty31981,False,"['Cloyster', 'Mewtwo', 'Tauros', 'Golem', 'Victreebel', 'Snorlax']","['Mewtwo', 'Mew', 'Exeggutor', 'Jynx', 'Victreebel', 'Dragonite']",62,6,11
gen1ubers-2171651102,[Gen 1] UBERS,2024-08-01 23:41:52,,wacanberry11962,fissure61188,wacanberry11962,True,"['Mew', 'Mewtwo', 'Aerodactyl', 'Gengar', 'Chansey', 'Rhydon']","['Exeggutor', 'Mewtwo', 'Mew', 'Tauros', 'Gengar', 'Snorlax']",151,48,37
smogtours-gen1ubers-807718,[Gen 1] UBERS,2024-11-24 19:14:42,,psn38480,mareep93864,mareep93864,False,"['Starmie', 'Mew', 'Mewtwo', 'Dragonair', 'Victreebel', 'Dragonite']","['Mewtwo', 'Exeggutor', 'Mew', 'Tauros', 'Rhydon', 'Snorlax']",82,13,34
smogtours-gen1ubers-788986,[Gen 1] UBERS,2024-09-04 00:50:01,,bravebird40912,riolu39836,bravebird40912,False,"['Mewtwo', 'Exeggutor', 'Mew', 'Kangaskhan', 'Gengar', 'Snorlax']","['Mewtwo', 'Mew', 'Slowbro', 'Gengar', 'Chansey', 'Snorlax']",46,9,15
gen1ubers-548849892,[Gen 1] UBERS,2017-03-18 00:18:22,,grass71113,foresight33406,grass71113,False,"['Mewtwo', 'Jolteon', 'Tauros', 'Slowbro', 'Chansey', 'Dragonite']","['Starmie', 'Mew', 'Mewtwo', 'Jolteon', 'Jynx', 'Alakazam']",25,7,6
gen1ubers-2208242449,[Gen 1] UBERS,2024-09-24 00:12:36,,gluttony87688,poisonpowder88566,poisonpowder88566,False,"['Mew', 'Exeggutor', 'Mewtwo', 'Tauros', 'Chansey', 'Snorlax']","['Exeggutor', 'Mewtwo', 'Mew', 'Slowbro', 'Electrode', 'Gengar']",47,14,12
gen1ubers-679209251,[Gen 1] UBERS,2017-12-25 03:52:37,,woodhammer83701,miltank57341,woodhammer83701,False,"['Aerodactyl', 'Poliwrath', 'Ivysaur', 'Pikachu', 'Snorlax']","['Voltorb', 'Magneton', 'Electrode', 'Zapdos', 'Electabuzz', 'Raichu']",36,4,8
gen1ubers-848887351,[Gen 1] UBERS,2019-01-14 21:36:09,,acid42394,shinx88465,acid42394,False,"['Mew', 'Exeggutor', 'Mewtwo', 'Tauros', 'Snorlax']","['Exeggutor', 'Mewtwo', 'Mew', 'Slowbro', 'Chansey', 'Snorlax']",94,4,12
gen1ubers-639930270,[Gen 1] UBERS,2017-10-02 23:00:09,,pidgeot66575,rollout26462,rollout26462,True,"['Cloyster', 'Mew', 'Golem', 'Jynx', 'Gengar', 'Alakazam']","['Chansey', 'Mew', 'Snorlax', 'Exeggutor']",33,14,9
gen1ubers-703531572,[Gen 1] UBERS,2018-02-13 16:15:43,,sacredfire97645,diglett79268,diglett79268,False,"['Mew', 'Mewtwo', 'Exeggutor', 'Slowbro', 'Zapdos', 'Chansey']","['Chansey', 'Mew', 'Mewtwo', 'Tauros']",41,10,6
rom-gen1ubers-468349,[Gen 1] UBERS,2018-12-02 20:34:30,,constrict58938,sudowoodo17153,constrict58938,False,"['Mewtwo', 'Exeggutor', 'Snorlax', 'Zapdos']","['Mew', 'Mewtwo', 'Slowbro', 'Jynx', 'Chansey', 'Snorlax']",46,3,7
gen1ubers-763816795,[Gen 1] UBERS,2018-06-17 20:53:27,1026,smoochum49185,dugtrio26933,smoochum49185,False,"['Starmie', 'Mew', 'Mewtwo', 'Tauros', 'Snorlax']","['Mewtwo', 'Mew', 'Tauros', 'Gengar', 'Chansey', 'Alakazam']",44,5,5
gen1ubers-664436362,[Gen 1] UBERS,2017-11-25 11:04:13,,mintberry15657,truant91497,truant91497,False,"['Charizard', 'Tauros', 'Golem', 'Chansey', 'Persian', 'Alakazam']","['Mew', 'Chansey', 'Mewtwo', 'Snorlax']",21,5,4
gen1ubers-2207953521,[Gen 1] UBERS,2024-09-23 16:36:47,,greatball86069,heatran58448,heatran58448,False,"['Starmie', 'Raticate', 'Jynx', 'Pikachu', 'Arcanine', 'Alakazam']","['Starmie', 'Mewtwo', 'Kadabra', 'Zapdos', 'Poliwrath', 'Dugtrio']",45,7,9
gen1ubers-803931454,[Gen 1] UBERS,2018-09-11 01:20:08,,naturepower57210,metalburst86854,naturepower57210,False,"['Mewtwo', 'Exeggutor', 'Mew', 'Tauros', 'Slowbro', 'Snorlax']","['Exeggutor', 'Mewtwo', 'Mew', 'Gengar', 'Chansey', 'Snorlax']",39,10,9
gen1ubers-2263571101,[Gen 1] UBERS,2024-12-15 19:16:35,,heatran58448,gloom50365,heatran58448,False,"['Jynx', 'Snorlax', 'Slowbro', 'Tauros']","['Starmie', 'Mew', 'Exeggutor', 'Tauros', 'Rhydon', 'Koffing']",20,4,7
smogtours-gen1ubers-699482,[Gen 1] UBERS,2023-06-26 00:13:21,,arceusghost8496,sandattack94842,arceusghost8496,True,"['Mewtwo', 'Mew', 'Tauros', 'Zapdos', 'Chansey', 'Rhydon']","['Mew', 'Mewtwo', 'Zapdos', 'Gengar', 'Chansey', 'Snorlax']",48,15,13
gen1ubers-688103157,[Gen 1] UBERS,2018-01-13 05:38:17,,woodhammer83701,hypno99223,woodhammer83701,False,"['Scyther', 'Charizard', 'Pikachu', 'Clefable', 'Blastoise']","['Moltres', 'Mew', 'Zapdos', 'Articuno']",40,7,3
smogtours-gen1ubers-672617,[Gen 1] UBERS,2023-02-04 00:16:04,,psn38480,ironhead21066,psn38480,True,"['Mew', 'Mewtwo', 'Gengar', 'Chansey', 'Snorlax', 'Dragonite']","['Starmie', 'Mew', 'Mewtwo', 'Chansey', 'Rhydon', 'Snorlax']",59,20,21
smogtours-gen1ubers-745393,[Gen 1] UBERS,2024-02-05 16:28:18,,needlearm25079,buneary67957,buneary67957,False,"['Exeggutor', 'Mew', 'Mewtwo', 'Slowbro', 'Gengar', 'Snorlax']","['Exeggutor', 'Mew', 'Zapdos', 'Gengar', 'Snorlax']",28,7,6
gen1ubers-2023034416,[Gen 1] UBERS,2023-12-30 06:51:04,,spitup6373,dragon70819,spitup6373,False,"['Mew', 'Tauros', 'Slowbro', 'Electrode', 'Zapdos', 'Rhydon']","['Cloyster', 'Exeggutor', 'Tauros', 'Zapdos', 'Gengar', 'Snorlax']",61,11,13
gen1ubers-856445503,[Gen 1] UBERS,2019-01-31 18:53:27,,highjumpkick71384,sludge29068,sludge29068,False,"['Exeggutor', 'Mewtwo', 'Nidoking', 'Raichu', 'Arcanine', 'Blastoise']","['Mew', 'Lapras', 'Vileplume', 'Jolteon']",40,11,3
smogtours-gen1ubers-670943,[Gen 1] UBERS,2023-01-28 13:07:01,,drapion2237,meditate33036,drapion2237,True,"['Mewtwo', 'Mew', 'Jolteon', 'Slowbro', 'Chansey', 'Snorlax']","['Exeggutor', 'Mewtwo', 'Mew', 'Gengar', 'Chansey', 'Snorlax']",34,9,12
smogtours-gen1ubers-78206,[Gen 1] UBERS,2015-07-27 10:15:09,,stench25210,chimecho62545,stench25210,True,"['Mew', 'Mewtwo', 'Slowbro', 'Jynx', 'Chansey', 'Snorlax']","['Exeggutor', 'Mewtwo', 'Mew', 'Slowbro', 'Zapdos', 'Snorlax']",56,18,18
smogtours-gen1ubers-594199,[Gen 1] UBERS,2021-11-20 22:32:12,,staraptor1805,synchronize14428,synchronize14428,True,"['Mew', 'Mewtwo', 'Slowbro', 'Gengar', 'Chansey', 'Snorlax']","['Starmie', 'Mew', 'Mewtwo', 'Tauros', 'Chansey', 'Snorlax']",48,10,8
smogtours-gen1ubers-697868,[Gen 1] UBERS,2023-06-18 04:12:37,,drapion2237,arceusghost8496,arceusghost8496,False,"['Starmie', 'Mew', 'Mewtwo', 'Exeggutor', 'Golem', 'Snorlax']","['Mew', 'Mewtwo', 'Tauros', 'Dodrio', 'Chansey', 'Hypno']",77,22,20
gen1ubers-712703638,[Gen 1] UBERS,2018-03-04 02:30:12,,delcatty31981,attackorder25644,delcatty31981,False,"['Mewtwo', 'Mew', 'Electrode', 'Golem', 'Jynx', 'Chansey']","['Mew', 'Mewtwo', 'Slowbro', 'Chansey', 'Persian', 'Snorlax']",51,13,10
gen1ubers-401125116,[Gen 1] UBERS,2016-07-17 17:38:02,,fling32878,icepunch49350,icepunch49350,True,"['Mew', 'Exeggutor', 'Mewtwo', 'Slowbro', 'Chansey', 'Alakazam']","['Mew', 'Mewtwo', 'Slowbro', 'Gengar', 'Chansey', 'Victreebel']",99,29,27
gen1ubers-1108451607,[Gen 1] UBERS,2020-05-04 11:56:13,,furyattack21130,sandattack34662,furyattack21130,False,"['Mew', 'Mewtwo', 'Jolteon', 'Exeggutor', 'Chansey']","['Cloyster', 'Mewtwo', 'Mew', 'Exeggutor', 'Gengar', 'Alakazam']",58,7,9
gen1ubers-758200200,[Gen 1] UBERS,2018-06-05 22:44:24,,bravebird86217,vespiquen99067,vespiquen99067,False,"['Poliwrath', 'Alakazam', 'Pikachu', 'Arcanine', 'Venusaur', 'Dragonite']","['Slowbro', 'Mewtwo', 'Tauros']",21,6,2
gen1ubers-1154294845,[Gen 1] UBERS,2020-07-20 03:27:11,,bulletpunch92021,absol60772,bulletpunch92021,False,"['Exeggutor', 'Mew', 'Mewtwo', 'Tauros', 'Snorlax']","['Mewtwo', 'Mew', 'Zapdos', 'Jynx', 'Chansey', 'Snorlax']",29,8,13
gen1ubers-829750736,[Gen 1] UBERS,2018-12-02 20:35:13,,rawstberry64920,leafguard31516,leafguard31516,True,"['Mew', 'Mewtwo', 'Exeggutor', 'Slowbro', 'Jynx']","['Mew', 'Mewtwo', 'Slowbro', 'Gengar', 'Chansey', 'Snorlax']",54,5,7
smogtours-gen1ubers-332179,[Gen 1] UBERS,2017-11-22 01:22:41,,naturalcure76962,machop93256,machop93256,False,"['Exeggutor', 'Mewtwo', 'Mew', 'Slowbro', 'Chansey', 'Snorlax']","['Mew', 'Exeggutor', 'Mewtwo', 'Tauros', 'Chansey', 'Snorlax']",45,14,16
smogtours-gen1ubers-672616,[Gen 1] UBERS,2023-02-04 00:08:25,,psn38480,ironhead21066,ironhead21066,False,"['Mew', 'Mewtwo', 'Exeggutor', 'Slowbro', 'Zapdos', 'Snorlax']","['Mewtwo', 'Mew', 'Tauros', 'Gengar', 'Chansey', 'Snorlax']",50,11,6
gen1ubers-1082119369,[Gen 1] UBERS,2020-03-20 03:29:44,,denpowerwater18527,heatproof9615,heatproof9615,False,"['Kingler', 'Pidgeot', 'Charizard', 'Haunter', 'Venusaur', 'Dragonite']","['Lapras', 'Vileplume', 'Jolteon', 'Charizard', 'Gengar', 'Gyarados']",49,9,6
gen1ubers-1086213015,[Gen 1] UBERS,2020-03-27 12:43:49,,aquaring80527,smog11361,aquaring80527,False,"['Spearow', 'Nidoking', 'Kadabra', 'Wartortle', 'Oddish']","['Butterfree', 'Sandshrew', 'Nidoqueen', 'Pidgey', 'Ivysaur', 'Pikachu']",29,9,13
gen1ubers-741192806,[Gen 1] UBERS,2018-05-02 01:21:23,,stantler13317,delcatty31981,delcatty31981,False,"['Exeggutor', 'Mewtwo', 'Mew', 'Slowbro', 'Jynx', 'Chansey']","['Mew', 'Mewtwo', 'Electrode', 'Golem', 'Jynx', 'Chansey']",103,8,12
gen1ubers-911295581,[Gen 1] UBERS,2019-05-17 14:36:28,,chatot86786,withdraw94027,chatot86786,False,['Mewtwo'],"['Cloyster', 'Mew', 'Flareon', 'Slowbro', 'Rhydon', 'Snorlax']",62,0,8
smogtours-gen1ubers-799654,[Gen 1] UBERS,2024-10-18 19:53:25,,buneary67957,aeroblast8709,aeroblast8709,False,"['Exeggutor', 'Mew', 'Mewtwo', 'Zapdos', 'Gengar', 'Snorlax']","['Starmie', 'Mew', 'Mewtwo', 'Jynx', 'Snorlax']",29,9,8
gen1ubers-687255532,[Gen 1] UBERS,2018-01-11 15:59:29,,lumineon18588,confuseray48427,confuseray48427,False,"['Metapod', 'Magikarp', 'Jolteon', 'Golbat']","['Exeggutor', 'Kabuto', 'Pidgey']",27,4,2
gen1ubers-1044943251,[Gen 1] UBERS,2020-01-12 08:10:39,,whitesmoke42652,barboach14789,whitesmoke42652,True,"['Muk', 'Dugtrio', 'Charmeleon']","['Mr. Mime', 'Butterfree', 'Weezing']",9,3,2
smogtours-gen1ubers-648006,[Gen 1] UBERS,2022-09-11 21:08:59,,mareep93864,cascoon94634,mareep93864,False,"['Starmie', 'Mewtwo', 'Mew', 'Chansey', 'Rhydon', 'Snorlax']","['Mewtwo', 'Mew', 'Golem', 'Gengar', 'Chansey', 'Snorlax']",52,25,25
smogtours-gen1ubers-179447,[Gen 1] UBERS,2016-07-23 20:53:05,,hustle11937,poisonheal42759,poisonheal42759,False,"['Exeggutor', 'Mew', 'Mewtwo', 'Tauros', 'Slowbro', 'Snorlax']","['Mewtwo', 'Exeggutor', 'Tauros', 'Slowbro', 'Snorlax']",24,8,5
gen1ubers-1128066921,[Gen 1] UBERS,2020-06-06 20:13:47,,rotom95030,feebas96914,rotom95030,True,"['Mew', 'Exeggutor', 'Mewtwo', 'Tauros', 'Chansey', 'Snorlax']","['Cloyster', 'Mewtwo', 'Mew', 'Zapdos', 'Alakazam', 'Snorlax']",35,8,9
gen1ubers-701444488,[Gen 1] UBERS,2018-02-09 12:58:15,,vitalspirit48045,perishsong60717,perishsong60717,False,"['Mewtwo', 'Exeggutor', 'Tauros', 'Gengar', 'Jynx', 'Snorlax']","['Mewtwo', 'Exeggutor', 'Mew', 'Slowbro', 'Jynx', 'Chansey']",42,7,9
smogtours-gen1ubers-651607,[Gen 1] UBERS,2022-09-29 21:33:59,,mawile36886,barrier67448,barrier67448,False,"['Mew', 'Mewtwo', 'Slowbro', 'Gengar', 'Chansey', 'Snorlax']","['Cloyster', 'Mew', 'Mewtwo', 'Chansey', 'Snorlax', 'Alakazam']",53,12,7
gen1ubers-2172442792,[Gen 1] UBERS,2024-08-03 03:41:03,1000,shaymin79666,powertrick63602,shaymin79666,True,"['Mew', 'Mewtwo', 'Zapdos', 'Gengar', 'Chansey', 'Snorlax']","['Mew', 'Mewtwo', 'Exeggutor', 'Zapdos', 'Chansey']",17,5,6
gen1ubers-2336639931,[Gen 1] UBERS,2025-04-06 14:46:50,,nomove99225,xscissor69965,nomove99225,False,"['Lapras', 'Exeggutor', 'Jolteon', 'Sandslash', 'Machamp', 'Hypno']","['Lapras', 'Exeggutor', 'Rapidash', 'Sandslash', 'Electrode', 'Persian']",35,9,13
gen1ubers-834248244,[Gen 1] UBERS,2018-12-12 00:00:19,,snorunt74259,powertrick84492,powertrick84492,False,"['Exeggutor', 'Tauros', 'Golem', 'Machamp', 'Rhydon', 'Snorlax']","['Starmie', 'Lapras', 'Exeggutor', 'Tauros', 'Zapdos', 'Alakazam']",19,10,8
gen1ubers-739671501,[Gen 1] UBERS,2018-04-28 22:50:32,,eevee75445,drifblim84361,drifblim84361,True,"['Pidgeotto', 'Poliwhirl', 'Pikachu', 'Nidorino', 'Charmeleon', 'Mankey']","['Kadabra', 'Raticate', 'Wartortle', 'Weepinbell', 'Geodude', 'Fearow']",43,14,16
gen1ubers-759177348,[Gen 1] UBERS,2018-06-07 22:04:44,,aggron60452,covet10740,aggron60452,False,"['Gengar', 'Mew', 'Snorlax', 'Slowbro']","['Mew', 'Mewtwo', 'Tauros', 'Jynx', 'Chansey', 'Snorlax']",74,6,13
smogtours-gen1ubers-653930,[Gen 1] UBERS,2022-10-09 18:21:12,,psn38480,starfberry84995,psn38480,False,"['Mew', 'Exeggutor', 'Tauros', 'Chansey', 'Snorlax']","['Cloyster', 'Mewtwo', 'Mew', 'Chansey', 'Snorlax', 'Alakazam']",39,10,12
smogtours-gen1ubers-673734,[Gen 1] UBERS,2023-02-08 17:17:31,,sturdy73204,belueberry81130,belueberry81130,True,"['Exeggutor', 'Mew', 'Mewtwo', 'Slowbro', 'Zapdos', 'Snorlax']","['Mew', 'Mewtwo', 'Tauros', 'Gengar', 'Chansey', 'Snorlax']",37,9,9
gen1ubers-2187552653,[Gen 1] UBERS,2024-08-25 17:04:51,1010,clefairy72047,wringout87510,clefairy72047,True,"['Exeggutor', 'Mewtwo', 'Tauros', 'Chansey', 'Snorlax']","['Mew', 'Mewtwo', 'Poliwrath', 'Gengar', 'Gyarados', 'Dragonite']",29,6,12
gen1ubers-696301323,[Gen 1] UBERS,2018-01-30 01:01:02,,woodhammer83701,hypno99223,woodhammer83701,False,"['Scyther', 'Charizard', 'Pikachu', 'Clefable', 'Blastoise']","['Moltres', 'Mew', 'Zapdos', 'Articuno']",35,5,3
rom-gen1ubers-468257,[Gen 1] UBERS,2018-12-02 18:34:58,,constrict58938,sudowoodo17153,constrict58938,False,"['Slowbro', 'Exeggutor', 'Snorlax', 'Zapdos']","['Mewtwo', 'Mew', 'Slowbro', 'Jynx', 'Chansey', 'Snorlax']",35,3,8
gen1ubers-2207962994,[Gen 1] UBERS,2024-09-23 16:52:33,,greatball86069,heatran58448,heatran58448,False,"['Starmie', 'Raticate', 'Jynx', 'Pikachu', 'Arcanine', 'Alakazam']","['Starmie', 'Mewtwo', 'Kadabra', 'Zapdos', 'Poliwrath', 'Dugtrio']",78,10,10
gen1ubers-1127622762,[Gen 1] UBERS,2020-06-06 00:51:23,,nomove47433,shaymin77392,nomove47433,True,"['Mew', 'Mewtwo', 'Jynx', 'Chansey', 'Rhydon', 'Snorlax']","['Mewtwo', 'Charizard', 'Jolteon', 'Venusaur', 'Gyarados', 'Snorlax']",32,10,7
smogtours-gen1ubers-633981,[Gen 1] UBERS,2022-06-21 19:44:42,,golduck35019,krabby97145,krabby97145,False,"['Mewtwo', 'Exeggutor', 'Mew', 'Tauros', 'Slowbro', 'Snorlax']","['Exeggutor', 'Mewtwo', 'Tauros', 'Chansey', 'Snorlax']",79,12,8
gen1ubers-626438755,[Gen 1] UBERS,2017-09-03 13:39:34,,magnetrise41863,hoothoot99381,magnetrise41863,False,"['Exeggutor', 'Mewtwo', 'Mew', 'Tauros', 'Gengar']","['Venonat', 'Weedle', 'Magikarp', 'Ditto', 'Kakuna', 'Caterpie']",43,4,7
gen1ubers-820824960,[Gen 1] UBERS,2018-10-15 21:18:39,,waveincense51112,glare72728,waveincense51112,False,"['Mew', 'Exeggutor', 'Jynx', 'Chansey', 'Snorlax']","['Gengar', 'Lapras', 'Alakazam', 'Zapdos']",24,5,4
gen1ubers-622735338,[Gen 1] UBERS,2017-08-26 12:09:10,,magnetrise41863,monferno30755,magnetrise41863,False,"['Moltres', 'Mewtwo', 'Dragonair', 'Gengar', 'Dewgong', 'Arcanine']","['Kabuto', 'Rattata', 'Kakuna', 'Ditto', 'Beedrill', 'Gastly']",48,11,13
smogtours-gen1ubers-680201,[Gen 1] UBERS,2023-03-12 20:20:45,,arceusghost8496,helixfossil28994,arceusghost8496,False,"['Mew', 'Mewtwo', 'Zapdos', 'Gengar', 'Chansey', 'Snorlax']","['Exeggutor', 'Mewtwo', 'Mew', 'Tauros', 'Slowbro', 'Snorlax']",55,10,10
gen1ubers-822249558,[Gen 1] UBERS,2018-10-18 20:15:20,,krabby97145,meditite63456,krabby97145,False,"['Starmie', 'Exeggutor', 'Tauros', 'Zapdos', 'Golem', 'Chansey']","['Mew', 'Exeggutor', 'Ninetales', 'Tauros', 'Golem', 'Chansey']",40,13,16
gen1ubers-2177167658,[Gen 1] UBERS,2024-08-10 06:05:39,1055,jumpkick78354,berryjuice11756,berryjuice11756,False,"['Mew', 'Mewtwo', 'Tauros', 'Chansey', 'Snorlax', 'Alakazam']","['Mew', 'Hypno', 'Rhydon', 'Snorlax', 'Vaporeon']",31,5,5
smogtours-gen1ubers-591607,[Gen 1] UBERS,2021-11-06 22:50:59,,synchronize14428,honeygather86735,honeygather86735,True,"['Exeggutor', 'Mewtwo', 'Jolteon', 'Mew', 'Chansey', 'Snorlax']","['Mew', 'Exeggutor', 'Mewtwo', 'Tauros', 'Zapdos', 'Snorlax']",210,26,36
gen1ubers-679213637,[Gen 1] UBERS,2017-12-25 04:04:21,,miltank57341,woodhammer83701,miltank57341,False,"['Mr. Mime', 'Kadabra', 'Hypno']","['Jigglypuff', 'Clefairy', 'Horsea', 'Ditto', 'Blastoise']",14,2,5
gen1ubers-785118523,[Gen 1] UBERS,2018-08-02 23:49:19,,spore93728,icicleplate85086,spore93728,False,"['Exeggutor', 'Tauros', 'Golem', 'Chansey', 'Alakazam', 'Snorlax']","['Cloyster', 'Mewtwo', 'Charizard', 'Jolteon', 'Gengar', 'Rhydon']",22,8,7
gen1ubers-762071555,[Gen 1] UBERS,2018-06-13 22:47:31,1000,miracleberry25366,delcatty31981,delcatty31981,False,"['Mewtwo', 'Charizard', 'Tauros', 'Zapdos', 'Golem', 'Vaporeon']","['Mewtwo', 'Exeggutor', 'Mew', 'Electrode', 'Golem', 'Jynx']",31,10,11
gen1ubers-758396853,[Gen 1] UBERS,2018-06-06 10:18:22,1000,phione87260,airslash63871,airslash63871,False,"['Mewtwo', 'Zapdos', 'Gyarados', 'Rhydon', 'Dragonite', 'Vaporeon']","['Mewtwo', 'Exeggutor', 'Gengar', 'Snorlax', 'Dragonite']",81,6,6
smogtours-gen1ubers-674513,[Gen 1] UBERS,2023-02-12 09:33:55,,kangaskhan41867,deoxysdefense78874,deoxysdefense78874,False,"['Cloyster', 'Mew', 'Mewtwo', 'Tauros', 'Chansey', 'Snorlax']","['Mewtwo', 'Mew', 'Tauros', 'Zapdos', 'Chansey', 'Snorlax']",37,10,9
smogtours-gen1ubers-705032,[Gen 1] UBERS,2023-07-23 04:55:32,,arceusghost8496,adaptability45192,arceusghost8496,False,"['Mew', 'Mewtwo', 'Exeggutor', 'Tauros', 'Slowbro', 'Chansey']","['Mewtwo', 'Mew', 'Jynx', 'Chansey', 'Rhydon', 'Snorlax']",43,13,14
smogtours-gen1ubers-736598,[Gen 1] UBERS,2023-12-26 01:21:46,,skillswap74981,cascoon94634,skillswap74981,False,"['Starmie', 'Exeggutor', 'Mewtwo', 'Tauros', 'Snorlax']","['Cloyster', 'Mew', 'Exeggutor', 'Mewtwo', 'Tauros', 'Snorlax']",31,7,11
gen1ubers-394253779,[Gen 1] UBERS,2016-07-02 11:40:30,,hustle11937,mefirst94337,mefirst94337,False,"['Exeggutor', 'Mewtwo', 'Mew', 'Zapdos', 'Jynx', 'Snorlax']","['Exeggutor', 'Mewtwo', 'Mew', 'Gengar', 'Chansey', 'Snorlax']",42,13,8
gen1ubers-2179181763,[Gen 1] UBERS,2024-08-13 10:08:50,1094,raikou56902,infernape89990,raikou56902,False,"['Starmie', 'Mew', 'Mewtwo', 'Tauros', 'Chansey', 'Snorlax']","['Mew', 'Mewtwo', 'Tauros', 'Gengar', 'Chansey', 'Snorlax']",46,8,11
rom-gen1ubers-539557,[Gen 1] UBERS,2019-04-16 22:53:59,,constrict58938,sudowoodo17153,constrict58938,False,"['Mew', 'Snorlax', 'Zapdos']","['Exeggutor', 'Mewtwo', 'Mew', 'Slowbro', 'Jynx', 'Chansey']",31,2,9
gen1ubers-2066938804,[Gen 1] UBERS,2024-02-25 00:05:27,,gorebyss2916,hydration14831,hydration14831,False,"['Electrode', 'Chansey']",['Electrode'],66,40,1
smogtours-gen1ubers-699224,[Gen 1] UBERS,2023-06-25 16:22:46,,psn38480,powerherb16934,powerherb16934,True,"['Mewtwo', 'Mew', 'Slowbro', 'Zapdos', 'Chansey', 'Snorlax']","['Mew', 'Mewtwo', 'Tauros', 'Chansey', 'Snorlax', 'Alakazam']",70,19,15
gen1ubers-2373406168,[Gen 1] UBERS,2025-05-28 03:09:35,,mismagius33077,motordrive87413,mismagius33077,False,"['Mew', 'Mewtwo', 'Tauros', 'Zapdos', 'Chansey']","['Exeggutor', 'Mewtwo', 'Mew', 'Tauros', 'Zapdos', 'Rhydon']",42,6,9
smogtours-gen1ubers-820017,[Gen 1] UBERS,2025-02-15 19:14:54,,status34375,psn38480,psn38480,False,"['Mew', 'Mewtwo', 'Tauros', 'Gengar', 'Chansey', 'Snorlax']","['Exeggutor', 'Mewtwo', 'Mew', 'Golem', 'Gengar']",31,8,4
gen1ubers-684143223,[Gen 1] UBERS,2018-01-04 23:25:55,,marshtomp92267,megadrain72478,megadrain72478,False,"['Mew', 'Mewtwo', 'Tauros', 'Zapdos', 'Golem', 'Dragonite']","['Mewtwo', 'Mew', 'Jolteon', 'Snorlax', 'Alakazam']",31,5,5
gen1ubers-2158465310,[Gen 1] UBERS,2024-07-10 14:18:58,,pineco90864,ember93698,ember93698,True,"['Electrode', 'Mewtwo']",['Electrode'],12,2,0
gen1ubers-1038463990,[Gen 1] UBERS,2019-12-31 03:35:24,,tailwhip2839,blastburn3217,tailwhip2839,False,"['Mew', 'Exeggutor', 'Mewtwo', 'Tauros', 'Chansey', 'Snorlax']","['Mewtwo', 'Mew', 'Jolteon', 'Golem', 'Jynx', 'Snorlax']",32,8,8
gen1ubers-800349739,[Gen 1] UBERS,2018-09-03 19:16:01,,snowwarning81895,tailwhip2839,tailwhip2839,True,"['Mewtwo', 'Exeggutor', 'Mew', 'Tauros', 'Gengar', 'Snorlax']","['Exeggutor', 'Mew', 'Mewtwo', 'Tauros', 'Chansey', 'Snorlax']",37,9,7
gen1ubers-759191724,[Gen 1] UBERS,2018-06-07 22:28:26,,aggron60452,lumberry1308,aggron60452,True,"['Mewtwo', 'Mew', 'Slowbro', 'Gengar', 'Snorlax']","['Exeggutor', 'Mewtwo', 'Mew', 'Slowbro', 'Jynx', 'Chansey']",94,6,9
gen1ubers-760429438,[Gen 1] UBERS,2018-06-10 14:36:48,1023,raindance96508,dugtrio26933,dugtrio26933,False,"['Mewtwo', 'Exeggutor', 'Mew', 'Alakazam', 'Rhydon', 'Snorlax']","['Mew', 'Mewtwo', 'Tauros', 'Gengar', 'Chansey', 'Alakazam']",45,5,6
smogtours-gen1ubers-698334,[Gen 1] UBERS,2023-06-20 18:23:12,,noability19212,ponyta53394,noability19212,False,"['Mew', 'Mewtwo', 'Slowbro', 'Chansey', 'Rhydon', 'Snorlax']","['Mewtwo', 'Mew', 'Slowbro', 'Chansey', 'Snorlax', 'Alakazam']",51,9,14
gen1ubers-626431392,[Gen 1] UBERS,2017-09-03 13:16:12,,magnetrise41863,hoothoot99381,magnetrise41863,False,"['Exeggutor', 'Mewtwo', 'Mew', 'Tauros', 'Gengar', 'Snorlax']","['Metapod', 'Weedle', 'Magikarp', 'Ditto', 'Kakuna', 'Caterpie']",50,5,8
gen1ubers-2270903579,[Gen 1] UBERS,2024-12-28 10:14:34,,heatran58448,gible45423,heatran58448,False,"['Mew', 'Exeggutor', 'Tauros', 'Slowbro', 'Jynx', 'Snorlax']","['Starmie', 'Exeggutor', 'Mew', 'Tauros', 'Gengar', 'Snorlax']",36,17,16
gen1ubers-2368125187,[Gen 1] UBERS,2025-05-20 16:39:15,,stickyhold92286,synthesis81182,synthesis81182,True,"['Exeggutor', 'Mewtwo', 'Tauros', 'Zapdos', 'Rhydon', 'Snorlax']","['Mewtwo', 'Snorlax', 'Poliwrath']",22,5,2
smogtours-gen1ubers-588734,[Gen 1] UBERS,2021-10-24 19:15:26,,magnet14673,synchronize14428,synchronize14428,False,"['Mew', 'Mewtwo', 'Tauros', 'Zapdos', 'Chansey', 'Snorlax']","['Starmie', 'Mew', 'Mewtwo', 'Chansey', 'Rhydon', 'Snorlax']",43,21,12
gen1ubers-825197806,[Gen 1] UBERS,2018-11-23 21:27:10,,onix26883,porygon83022,porygon83022,False,"['Kingler', 'Onix', 'Zapdos', 'Tangela', 'Magmar', 'Tentacruel']","['Kangaskhan', 'Slowbro', 'Chansey', 'Raichu', 'Alakazam', 'Fearow']",75,18,16
smogtours-gen1ubers-739184,[Gen 1] UBERS,2024-01-14 14:32:18,,mareep93864,sacredfire89193,sacredfire89193,False,"['Mewtwo', 'Mew', 'Tauros', 'Gengar', 'Chansey', 'Snorlax']","['Mew', 'Mewtwo', 'Exeggutor', 'Jolteon', 'Tauros', 'Snorlax']",26,12,9
smogtours-gen1ubers-821723,[Gen 1] UBERS,2025-02-23 18:48:30,,nestball5505,psn38480,psn38480,False,"['Starmie', 'Mew', 'Exeggutor', 'Mewtwo', 'Rhydon', 'Snorlax']","['Mewtwo', 'Exeggutor', 'Mew', 'Tauros', 'Gengar', 'Articuno']",28,8,6
gen1ubers-1139462129,[Gen 1] UBERS,2020-06-25 16:06:07,,facade60368,synchronize14428,facade60368,False,"['Mew', 'Mewtwo', 'Slowbro', 'Jynx', 'Chansey', 'Snorlax']","['Mew', 'Mewtwo', 'Slowbro', 'Jynx', 'Chansey', 'Snorlax']",260,17,22
gen1ubers-827825642,[Gen 1] UBERS,2018-11-29 01:12:16,,amnesia63784,rest20747,rest20747,True,"['Mew', 'Electabuzz', 'Nidoking', 'Golem', 'Victreebel', 'Gyarados']","['Starmie', 'Jolteon', 'Sandslash', 'Clefable', 'Venusaur', 'Articuno']",38,13,13
smogtours-gen1ubers-587283,[Gen 1] UBERS,2021-10-17 15:04:39,,bidoof62502,lifeorb26007,bidoof62502,True,"['Exeggutor', 'Mewtwo', 'Mew', 'Gengar', 'Chansey', 'Snorlax']","['Mewtwo', 'Mew', 'Tauros', 'Zapdos', 'Chansey', 'Snorlax']",141,6,7
gen1ubers-1120356824,[Gen 1] UBERS,2020-05-24 10:35:52,,tailwhip2839,altaria73202,altaria73202,True,"['Mewtwo', 'Exeggutor', 'Mew', 'Tauros', 'Chansey', 'Snorlax']","['Mew', 'Exeggutor', 'Mewtwo', 'Tauros', 'Slowbro', 'Snorlax']",48,13,6
gen1ubers-1131828921,[Gen 1] UBERS,2020-06-13 05:41:28,1096,shellbell80973,sunstone95718,shellbell80973,False,"['Mewtwo', 'Exeggutor', 'Tauros', 'Chansey', 'Snorlax']","['Exeggutor', 'Mewtwo', 'Mew', 'Zapdos', 'Gengar', 'Snorlax']",31,5,12
smogtours-gen1ubers-736591,[Gen 1] UBERS,2023-12-26 00:39:21,,aurasphere76841,skillswap74981,skillswap74981,False,"['Exeggutor', 'Mew', 'Mewtwo', 'Tauros', 'Slowbro', 'Hypno']","['Mew', 'Mewtwo', 'Exeggutor', 'Tauros', 'Electrode', 'Snorlax']",34,9,11
gen1ubers-739636061,[Gen 1] UBERS,2018-04-28 21:23:25,,drifblim84361,eevee75445,eevee75445,False,"['Wartortle', 'Starmie', 'Gyarados', 'Goldeen']","['Pidgeotto', 'Poliwhirl', 'Nidorino', 'Pikachu', 'Mankey']",35,8,8
smogtours-gen1ubers-700621,[Gen 1] UBERS,2023-07-02 14:35:41,,adaptability45192,psn38480,adaptability45192,True,"['Starmie', 'Mewtwo', 'Mew', 'Chansey', 'Rhydon', 'Snorlax']","['Mew', 'Mewtwo', 'Slowbro', 'Gengar', 'Chansey', 'Snorlax']",81,17,20
gen1ubers-347486656,[Gen 1] UBERS,2016-03-21 02:24:51,,polkadotbow63974,misdreavus32098,polkadotbow63974,False,"['Mewtwo', 'Mew', 'Tauros', 'Slowbro', 'Chansey', 'Snorlax']","['Exeggutor', 'Mewtwo', 'Mew', 'Zapdos', 'Chansey', 'Snorlax']",60,8,9
gen1ubers-761067561,[Gen 1] UBERS,2018-06-11 20:31:26,,truant84021,tailwhip2839,tailwhip2839,True,"['Mew', 'Mewtwo', 'Tauros', 'Golem', 'Chansey', 'Snorlax']","['Mew', 'Exeggutor', 'Mewtwo', 'Tauros', 'Chansey', 'Snorlax']",68,10,13
smogtours-gen1ubers-744665,[Gen 1] UBERS,2024-02-04 04:44:58,,chuspikyeared66431,mudsport71981,mudsport71981,False,"['Mewtwo', 'Mew', 'Tauros', 'Gengar', 'Chansey', 'Snorlax']","['Mewtwo', 'Mew', 'Slowbro', 'Zapdos', 'Gengar', 'Snorlax']",60,18,21
gen1ubers-1021483154,[Gen 1] UBERS,2019-12-02 20:49:03,,tailwhip2839,blackbelt92832,tailwhip2839,True,"['Mew', 'Mewtwo', 'Tauros', 'Chansey', 'Snorlax']","['Exeggutor', 'Mew', 'Mewtwo', 'Tauros', 'Slowbro', 'Snorlax']",40,7,7
smogtours-gen1ubers-744343,[Gen 1] UBERS,2024-02-03 17:16:03,,mamoswine66279,snorlax33255,mamoswine66279,False,"['Mewtwo', 'Mew', 'Zapdos', 'Gengar', 'Chansey', 'Snorlax']","['Mewtwo', 'Mew', 'Dodrio', 'Chansey', 'Rhydon', 'Snorlax']",48,13,20
gen1ubers-2138043175,[Gen 1] UBERS,2024-06-06 12:59:38,,weedle31731,iceshard52297,weedle31731,False,"['Golduck', 'Persian', 'Tentacruel']","['Golduck', 'Scyther', 'Nidoking', 'Seaking', 'Gyarados', 'Vaporeon']",48,4,11
gen1ubers-792423163,[Gen 1] UBERS,2018-08-18 17:52:06,,donphan35312,delcatty35175,donphan35312,False,"['Lapras', 'Charizard', 'Venusaur', 'Pikachu', 'Snorlax', 'Blastoise']","['Pidgeot', 'Exeggutor', 'Rhydon', 'Arcanine', 'Alakazam', 'Blastoise']",29,8,6
gen1ubers-1138131088,[Gen 1] UBERS,2020-06-23 16:23:19,,nomove47433,poisonjab55819,nomove47433,False,"['Exeggutor', 'Mewtwo', 'Mew', 'Zapdos', 'Gengar']","['Mewtwo', 'Pinsir', 'Weezing', 'Marowak', 'Dewgong', 'Vaporeon']",19,6,7
gen1ubers-1114927065,[Gen 1] UBERS,2020-05-15 04:40:15,,rocktomb63728,gyarados10283,gyarados10283,False,"['Rhyhorn', 'Nidoking', 'Kabutops', 'Marowak', 'Rhydon', 'Blastoise']","['Moltres', 'Venomoth', 'Vulpix', 'Dragonair', 'Zapdos', 'Tentacruel']",24,8,5
gen1ubers-855719764,[Gen 1] UBERS,2019-01-30 03:20:53,,latias71222,twineedle42888,twineedle42888,False,"['Starmie', 'Mewtwo', 'Venusaur', 'Gengar', 'Chansey', 'Alakazam']","['Slowbro', 'Alakazam', 'Hypno', 'Magmar', 'Snorlax']",53,7,6
smogtours-gen1ubers-744334,[Gen 1] UBERS,2024-02-03 17:01:15,,mamoswine66279,snorlax33255,snorlax33255,False,"['Mewtwo', 'Mew', 'Zapdos', 'Gengar', 'Chansey', 'Snorlax']","['Mewtwo', 'Mew', 'Tauros', 'Zapdos', 'Chansey', 'Snorlax']",44,10,12
rom-gen1ubers-468474,[Gen 1] UBERS,2018-12-02 21:21:35,,constrict58938,sudowoodo17153,constrict58938,False,"['Mew', 'Mewtwo', 'Zapdos', 'Chansey', 'Snorlax']","['Mewtwo', 'Mew', 'Slowbro', 'Jynx', 'Chansey', 'Snorlax']",42,4,7
gen1ubers-2312563214,[Gen 1] UBERS,2025-03-04 21:44:22,,watergun79426,roost55573,roost55573,False,"['Starmie', 'Exeggutor', 'Slowbro', 'Jynx', 'Hypno', 'Alakazam']","['Starmie', 'Jolteon', 'Chansey', 'Snorlax', 'Alakazam']",62,5,7
smogtours-gen1ubers-655558,[Gen 1] UBERS,2022-10-16 19:26:13,,surskit32262,shadowsneak30,shadowsneak30,True,"['Mew', 'Mewtwo', 'Chansey', 'Snorlax', 'Rhydon', 'Alakazam']","['Mew', 'Mewtwo', 'Slowbro', 'Chansey', 'Snorlax', 'Alakazam']",150,26,29
gen1ubers-949431616,[Gen 1] UBERS,2019-07-23 19:19:55,,swinub64017,dragonfang22862,swinub64017,False,"['Moltres', 'Mew', 'Jolteon', 'Kangaskhan', 'Rhydon']","['Mew', 'Jolteon', 'Flareon', 'Chansey', 'Dragonite', 'Vaporeon']",35,4,7
gen1ubers-760371127,[Gen 1] UBERS,2018-06-10 11:16:49,1000,conversion222171,flowergift52491,conversion222171,True,"['Gengar', 'Exeggutor', 'Mewtwo']","['Mewtwo', 'Mew', 'Slowbro', 'Zapdos', 'Chansey']",44,2,4
gen1ubers-2272858833,[Gen 1] UBERS,2024-12-31 22:55:29,,shayminsky21321,withdraw69638,shayminsky21321,False,"['Ninetales', 'Alakazam', 'Zapdos']","['Mewtwo', 'Tauros', 'Gengar', 'Chansey', 'Snorlax', 'Tentacruel']",26,2,5
gen1ubers-695346900,[Gen 1] UBERS,2018-01-28 01:21:27,,whitesmoke23160,taillow59263,whitesmoke23160,False,"['Kingler', 'Lapras', 'Charizard', 'Snorlax', 'Rhydon', 'Alakazam']","['Golduck', 'Golem', 'Gengar', 'Arcanine', 'Raichu', 'Venusaur']",23,5,5
gen1ubers-900138234,[Gen 1] UBERS,2019-04-27 21:53:34,,tailwhip2839,adaptability4411,tailwhip2839,False,"['Exeggutor', 'Mewtwo', 'Mew', 'Tauros', 'Chansey', 'Snorlax']","['Mewtwo', 'Mew', 'Tauros', 'Jynx', 'Chansey', 'Snorlax']",43,9,8
gen1ubers-991020365,[Gen 1] UBERS,2019-10-12 00:40:25,,psn38480,absol63524,psn38480,True,"['Exeggutor', 'Mew', 'Mewtwo', 'Aerodactyl', 'Slowbro', 'Jynx']","['Mew', 'Mewtwo', 'Slowbro', 'Jynx', 'Chansey', 'Snorlax']",105,9,9
gen1ubers-704302060,[Gen 1] UBERS,2018-02-15 02:05:51,,woodhammer83701,miltank57341,woodhammer83701,False,"['Jigglypuff', 'Clefairy', 'Horsea', 'Blastoise']","['Mr. Mime', 'Kadabra', 'Hypno']",39,5,2
smogtours-gen1ubers-631791,[Gen 1] UBERS,2022-06-12 16:17:55,,beedrill8051,psn38480,psn38480,False,"['Mewtwo', 'Mew', 'Exeggutor', 'Gengar', 'Chansey', 'Snorlax']","['Cloyster', 'Mew', 'Exeggutor', 'Mewtwo', 'Chansey', 'Snorlax']",32,10,8
gen1ubers-778982204,[Gen 1] UBERS,2018-07-21 13:26:29,,raindance50399,rampardos21396,raindance50399,False,"['Mewtwo', 'Mew', 'Exeggutor', 'Jynx', 'Chansey', 'Snorlax']","['Mew', 'Mewtwo', 'Tauros', 'Chansey', 'Persian', 'Snorlax']",26,7,6
smogtours-gen1ubers-720867,[Gen 1] UBERS,2023-10-01 17:11:14,,mudsport71981,psn38480,mudsport71981,True,"['Gengar', 'Mewtwo', 'Zapdos', 'Slowbro']","['Mew', 'Mewtwo', 'Sandslash', 'Zapdos', 'Gengar', 'Snorlax']",56,10,9
gen1ubers-858051189,[Gen 1] UBERS,2019-02-04 11:11:50,,krabby97145,sentret20302,krabby97145,False,"['Mew', 'Mewtwo', 'Zapdos', 'Jynx', 'Chansey', 'Snorlax']","['Mewtwo', 'Exeggutor', 'Mew', 'Tauros', 'Slowbro', 'Snorlax']",48,13,14
gen1ubers-733095737,[Gen 1] UBERS,2018-04-15 11:55:53,,levelball66110,jirachi80419,jirachi80419,False,"['Exeggutor', 'Mewtwo', 'Mew', 'Slowbro', 'Jynx', 'Chansey']","['Mewtwo', 'Mew', 'Tauros', 'Slowbro', 'Chansey', 'Snorlax']",70,13,5
gen1ubers-2087018862,[Gen 1] UBERS,2024-03-22 22:02:31,,zapplate86570,hydration14831,zapplate86570,True,"['Electrode', 'Chansey']","['Electrode', 'Aerodactyl']",25,3,1
smogtours-gen1ubers-817661,[Gen 1] UBERS,2025-02-02 19:15:20,,status34375,psn38480,status34375,True,"['Starmie', 'Mew', 'Exeggutor', 'Mewtwo', 'Zapdos', 'Snorlax']","['Mew', 'Mewtwo', 'Zapdos', 'Gengar', 'Chansey', 'Snorlax']",34,11,8
gen1ubers-759063200,[Gen 1] UBERS,2018-06-07 17:34:46,1000,gorebyss98708,wormadam6303,gorebyss98708,True,"['Butterfree', 'Sandslash', 'Poliwrath', 'Raichu', 'Snorlax']","['Lapras', 'Mewtwo', 'Aerodactyl', 'Chansey', 'Ditto', 'Snorlax']",36,6,8
smogtours-gen1ubers-745392,[Gen 1] UBERS,2024-02-05 16:25:31,,needlearm25079,buneary67957,buneary67957,True,"['Mewtwo', 'Mew', 'Tauros', 'Zapdos', 'Gengar', 'Snorlax']","['Mew', 'Mewtwo', 'Exeggutor', 'Tauros', 'Gengar', 'Snorlax']",32,11,8
gen1ubers-1021631055,[Gen 1] UBERS,2019-12-03 00:46:27,,highjumpkick55096,delcatty31981,delcatty31981,True,"['Exeggutor', 'Mewtwo', 'Mew', 'Slowbro', 'Jynx', 'Chansey']","['Mew', 'Mewtwo', 'Exeggutor', 'Electrode', 'Jynx', 'Chansey']",33,9,7
smogtours-gen1ubers-591746,[Gen 1] UBERS,2021-11-07 05:46:01,,sacredfire231,screech7860,sacredfire231,True,"['Mew', 'Mewtwo', 'Tauros', 'Chansey', 'Rhydon', 'Snorlax']","['Mewtwo', 'Mew', 'Zapdos', 'Gengar', 'Chansey', 'Snorlax']",32,11,11
gen1ubers-689994692,[Gen 1] UBERS,2018-01-17 02:42:32,,woodhammer83701,hypno99223,woodhammer83701,False,"['Poliwrath', 'Aerodactyl']","['Cloyster', 'Beedrill', 'Golem']",14,2,2
smogtours-gen1ubers-672261,[Gen 1] UBERS,2023-02-01 00:34:27,,koffing28618,aquaring89206,koffing28618,False,"['Mew', 'Exeggutor', 'Zapdos', 'Snorlax', 'Dragonite']","['Mew', 'Mewtwo', 'Zapdos', 'Gengar', 'Chansey', 'Snorlax']",36,10,9
gen1ubers-2046744580,[Gen 1] UBERS,2024-01-29 12:57:02,,wailord84610,uturn43444,uturn43444,False,"['Kingler', ""Farfetch'D"", 'Pidgeot', 'Charizard', 'Flareon', 'Dragonite']","['Exeggutor', 'Mewtwo', 'Charizard', 'Mew', 'Gengar', 'Gyarados']",28,7,5
smogtours-gen1ubers-648145,[Gen 1] UBERS,2022-09-15 18:50:46,,dreameater36979,mefirst94337,dreameater36979,False,"['Cloyster', 'Mew', 'Mewtwo', 'Tauros', 'Chansey', 'Snorlax']","['Mewtwo', 'Mew', 'Zapdos', 'Gengar', 'Chansey', 'Snorlax']",63,18,21
smogtours-gen1ubers-73352,[Gen 1] UBERS,2015-07-07 01:03:27,,garchomp79956,bonemerang69596,bonemerang69596,False,"['Mewtwo', 'Exeggutor', 'Mew', 'Gengar', 'Chansey', 'Snorlax']","['Mewtwo', 'Exeggutor', 'Mew', 'Slowbro', 'Chansey', 'Snorlax']",27,10,5
smogtours-gen1ubers-635363,[Gen 1] UBERS,2022-06-28 22:58:12,,pupitar309,pidgeot29429,pupitar309,False,"['Mew', 'Mewtwo', 'Exeggutor', 'Slowbro', 'Jynx', 'Chansey']","['Starmie', 'Mew', 'Mewtwo', 'Chansey', 'Rhydon', 'Snorlax']",51,6,11
smogtours-gen1ubers-594649,[Gen 1] UBERS,2021-11-22 20:26:58,,squirtle55849,synchronize14428,squirtle55849,False,"['Mew', 'Mewtwo', 'Exeggutor', 'Slowbro', 'Jynx', 'Chansey']","['Exeggutor', 'Mewtwo', 'Mew', 'Gengar', 'Chansey', 'Snorlax']",137,18,28
gen1ubers-2175627181,[Gen 1] UBERS,2024-08-07 23:10:38,1000,quilava32306,tailwind79401,quilava32306,False,"['Cloyster', 'Mew', 'Mewtwo', 'Jolteon', 'Chansey', 'Snorlax']","['Mewtwo', 'Charizard', 'Nidoking', 'Hitmonchan', 'Machamp', 'Gengar']",37,11,14
smogtours-gen1ubers-702435,[Gen 1] UBERS,2023-07-10 03:45:11,,toxicplate15122,jolteon92120,toxicplate15122,False,"['Mew', 'Mewtwo', 'Chansey', 'Hypno', 'Snorlax', 'Dragonite']","['Mewtwo', 'Mew', 'Slowbro', 'Gengar', 'Chansey', 'Snorlax']",224,18,43
gen1ubers-1125526809,[Gen 1] UBERS,2020-06-02 18:02:51,,blaze7709,cottonspore33351,cottonspore33351,False,"['Zapdos', 'Gengar', 'Victreebel', 'Alakazam', 'Rhydon', 'Snorlax']","['Moltres', 'Mewtwo', 'Lapras', 'Zapdos', 'Alakazam', 'Articuno']",41,8,11
smogtours-gen1ubers-80732,[Gen 1] UBERS,2015-08-07 22:24:03,,safariball30401,stench25210,stench25210,False,"['Mew', 'Mewtwo', 'Exeggutor', 'Tauros', 'Zapdos', 'Snorlax']","['Mew', 'Mewtwo', 'Slowbro', 'Jynx', 'Chansey', 'Snorlax']",39,7,10
smogtours-gen1ubers-79877,[Gen 1] UBERS,2015-08-02 15:52:55,,weedle49700,krabby97145,weedle49700,True,"['Mew', 'Mewtwo', 'Slowbro', 'Chansey', 'Hypno', 'Snorlax']","['Exeggutor', 'Mewtwo', 'Mew', 'Slowbro', 'Jynx', 'Chansey']",297,74,116
gen1ubers-1149933821,[Gen 1] UBERS,2020-07-12 19:13:02,,kasibberry98452,mefirst94337,mefirst94337,False,"['Mewtwo', 'Exeggutor', 'Mew', 'Gengar', 'Chansey', 'Snorlax']","['Mewtwo', 'Mew', 'Jolteon', 'Tauros', 'Chansey', 'Snorlax']",45,12,12
gen1ubers-488262791,[Gen 1] UBERS,2016-12-02 22:10:31,,pound69615,azurill29651,pound69615,True,"['Chansey', 'Vaporeon']",['Arbok'],20,1,0
gen1ubers-525242694,[Gen 1] UBERS,2017-01-29 04:21:18,,miltank57341,woodhammer83701,miltank57341,False,['Raichu'],"['Eevee', 'Spearow', 'Rattata', 'Sandshrew']",11,0,3
gen1ubers-828843352,[Gen 1] UBERS,2018-11-01 12:57:45,,milkdrink83939,perish32380,milkdrink83939,False,"['Golem', 'Chansey', 'Mewtwo', 'Tauros']","['Mewtwo', 'Tauros', 'Slowbro', 'Zapdos', 'Golem', 'Gengar']",36,7,7
gen1ubers-730522679,[Gen 1] UBERS,2018-04-10 01:17:10,,aggron60452,stantler13317,aggron60452,True,"['Mew', 'Mewtwo', 'Slowbro', 'Gengar', 'Chansey', 'Snorlax']","['Exeggutor', 'Mew', 'Mewtwo', 'Slowbro', 'Jynx', 'Chansey']",158,17,16
smogtours-gen1ubers-672356,[Gen 1] UBERS,2023-02-02 01:24:03,,drillpeck8655,golduck35019,drillpeck8655,False,"['Mewtwo', 'Mew', 'Slowbro', 'Gengar', 'Chansey', 'Snorlax']","['Mew', 'Mewtwo', 'Zapdos', 'Jynx', 'Chansey', 'Snorlax']",226,10,14
gen1ubers-956067103,[Gen 1] UBERS,2019-08-06 02:53:20,,futuresight13270,superluck27737,futuresight13270,False,"['Mewtwo', 'Mew', 'Zapdos', 'Jynx', 'Chansey']","['Starmie', 'Mew', 'Exeggutor', 'Mewtwo', 'Chansey', 'Dragonite']",46,12,16
gen1ubers-1136738931,[Gen 1] UBERS,2020-06-21 15:19:25,,innerfocus91859,slakoth53488,slakoth53488,True,"['Mewtwo', 'Mew', 'Tauros', 'Jynx', 'Chansey', 'Snorlax']","['Mewtwo', 'Exeggutor', 'Mew', 'Tauros', 'Slowbro', 'Snorlax']",55,19,13
rom-gen1ubers-468453,[Gen 1] UBERS,2018-12-02 21:11:21,,constrict58938,sudowoodo17153,constrict58938,False,"['Mew', 'Mewtwo', 'Zapdos', 'Chansey', 'Snorlax']","['Mewtwo', 'Mew', 'Slowbro', 'Jynx', 'Chansey', 'Snorlax']",155,4,16
gen1ubers-767876152,[Gen 1] UBERS,2018-06-26 19:02:22,1079,batonpass12097,payback7723,payback7723,False,"['Starmie', 'Mew', 'Lapras', 'Mewtwo', 'Gengar', 'Snorlax']","['Gengar', 'Mewtwo', 'Exeggutor']",26,6,4
gen1ubers-1121186879,[Gen 1] UBERS,2020-05-25 21:25:00,,slakoth53488,gastrodon33569,slakoth53488,True,"['Mewtwo', 'Exeggutor', 'Tauros', 'Slowbro', 'Snorlax']","['Mew', 'Exeggutor', 'Mewtwo', 'Slowbro', 'Zapdos', 'Snorlax']",30,8,9
gen1ubers-2186262438,[Gen 1] UBERS,2024-08-23 17:38:24,1131,clefairy72047,scyther94393,clefairy72047,False,"['Exeggutor', 'Mewtwo', 'Mew', 'Tauros', 'Chansey', 'Snorlax']","['Cloyster', 'Exeggutor', 'Mew', 'Mewtwo', 'Electrode', 'Golem']",47,13,13
gen1ubers-1130420594,[Gen 1] UBERS,2020-06-10 19:34:56,,mamoswine77753,torkoal28866,torkoal28866,True,"['Mew', 'Mewtwo', 'Tauros', 'Electrode', 'Chansey', 'Alakazam']","['Gengar', 'Mewtwo', 'Snorlax', 'Golem']",40,6,7
gen1ubers-2046287927,[Gen 1] UBERS,2024-01-28 21:10:30,,whiscash6278,grudge18697,grudge18697,True,"['Electrode', 'Chansey']",['Electrode'],53,31,0
gen1ubers-763100855,[Gen 1] UBERS,2018-06-16 04:55:34,,focussash20735,exploud26605,exploud26605,True,"['Mew', 'Mewtwo', 'Exeggutor', 'Slowbro', 'Jynx', 'Chansey']","['Exeggutor', 'Mewtwo', 'Mew', 'Gengar', 'Chansey', 'Snorlax']",84,10,6
gen1ubers-619606475,[Gen 1] UBERS,2017-08-19 11:42:56,,magnetrise41863,hoothoot99381,magnetrise41863,False,"['Moltres', 'Gengar', 'Mewtwo']","['Growlithe', 'Mew', 'Nidoran-M', 'Zubat', 'Weedle', 'Krabby']",18,2,7
gen1ubers-526824657,[Gen 1] UBERS,2017-02-01 03:47:53,,miltank57341,woodhammer83701,miltank57341,False,"['Tangela', 'Gloom', 'Weepinbell']","['Sandshrew', 'Vulpix', 'Eevee', 'Magnemite', 'Fearow']",32,2,5
smogtours-gen1ubers-736876,[Gen 1] UBERS,2023-12-28 20:59:01,,nidorina72636,aggron77866,aggron77866,False,"['Mewtwo', 'Mew', 'Zapdos', 'Gengar', 'Chansey', 'Snorlax']","['Mew', 'Mewtwo', 'Exeggutor', 'Tauros', 'Chansey', 'Snorlax']",33,14,8
gen1ubers-827361235,[Gen 1] UBERS,2018-11-28 03:58:26,,tropius17094,babiriberry53499,tropius17094,False,"['Golduck', 'Tauros', 'Electrode', 'Jynx', 'Persian']","['Cloyster', 'Vileplume', 'Aerodactyl', 'Hitmonlee', 'Arcanine', 'Vaporeon']",34,7,12
gen1ubers-926600044,[Gen 1] UBERS,2019-06-12 02:39:42,1199,dialga48280,superluck27737,superluck27737,True,"['Mew', 'Exeggutor', 'Mewtwo', 'Gengar', 'Chansey', 'Snorlax']","['Starmie', 'Mew', 'Exeggutor', 'Mewtwo', 'Chansey', 'Dragonite']",67,16,9
smogtours-gen1ubers-522338,[Gen 1] UBERS,2020-10-15 19:23:57,,innerfocus91859,krabby97145,krabby97145,False,"['Mewtwo', 'Mew', 'Tauros', 'Zapdos', 'Chansey', 'Snorlax']","['Exeggutor', 'Mewtwo', 'Mew', 'Tauros', 'Chansey', 'Snorlax']",183,19,17
smogtours-gen1ubers-734382,[Gen 1] UBERS,2023-12-09 19:34:42,,mudsport71981,kangaskhan41867,kangaskhan41867,False,"['Mew', 'Mewtwo', 'Slowbro', 'Zapdos', 'Gengar', 'Snorlax']","['Mewtwo', 'Mew', 'Tauros', 'Zapdos', 'Chansey', 'Rhydon']",52,15,9
gen1ubers-380450015,[Gen 1] UBERS,2016-06-01 04:27:38,,skorupi90450,mawile79807,mawile79807,False,"['Starmie', 'Mew', 'Mewtwo', 'Flareon', 'Zapdos', 'Jynx']","['Starmie', 'Mew', 'Mewtwo', 'Slowbro', 'Victreebel', 'Rhydon']",52,12,8
gen1ubers-2066928104,[Gen 1] UBERS,2024-02-24 23:43:34,,rawstberry69693,hydration14831,rawstberry69693,False,"['Giratina', 'Eternatus-Eternamax']",['Groudon-Primal'],43,6,6
gen1ubers-532174941,[Gen 1] UBERS,2017-02-12 03:05:24,,miltank57341,woodhammer83701,woodhammer83701,False,"['Arcanine', 'Ninetales', 'Rapidash']","['Sandslash', 'Cloyster', 'Magneton']",26,2,4
smogtours-gen1ubers-640251,[Gen 1] UBERS,2022-07-24 20:55:16,,psn38480,synchronize14428,synchronize14428,True,"['Mewtwo', 'Mew', 'Exeggutor', 'Golem', 'Chansey', 'Snorlax']","['Mew', 'Exeggutor', 'Mewtwo', 'Porygon', 'Zapdos', 'Snorlax']",125,28,16
gen1ubers-776748313,[Gen 1] UBERS,2018-07-16 21:05:25,,armthrust70480,tailwhip2839,armthrust70480,True,"['Exeggutor', 'Mew', 'Tauros', 'Jynx', 'Chansey', 'Snorlax']","['Exeggutor', 'Mew', 'Tauros', 'Slowbro', 'Chansey', 'Snorlax']",52,13,11
gen1ubers-949611780,[Gen 1] UBERS,2019-07-24 02:09:26,,dragonfang22862,swinub64017,swinub64017,False,"['Mewtwo', 'Charizard', 'Tauros', 'Venusaur', 'Dragonite', 'Blastoise']","['Moltres', 'Mew', 'Jolteon', 'Kangaskhan', 'Rhydon', 'Articuno']",31,7,10
gen1ubers-1001029002,[Gen 1] UBERS,2019-10-30 09:34:59,,mail39359,endure64095,mail39359,False,"['Mew', 'Mewtwo']","['Starmie', 'Mew', 'Mewtwo', 'Exeggutor', 'Zapdos', 'Alakazam']",45,1,7
gen1ubers-579406058,[Gen 1] UBERS,2017-05-21 05:48:54,,delcatty31981,aggron60452,delcatty31981,False,"['Mew', 'Exeggutor', 'Mewtwo', 'Electrode', 'Golem', 'Chansey']","['Exeggutor', 'Mewtwo', 'Mew', 'Slowbro', 'Zapdos', 'Chansey']",38,9,9
smogtours-gen1ubers-772812,[Gen 1] UBERS,2024-06-08 14:05:55,,drapion2237,fissure61188,fissure61188,True,"['Mewtwo', 'Mew', 'Exeggutor', 'Tauros', 'Jynx', 'Snorlax']","['Mewtwo', 'Mew', 'Exeggutor', 'Jynx', 'Snorlax']",39,15,9
gen1ubers-679193896,[Gen 1] UBERS,2017-12-25 02:56:15,,woodhammer83701,miltank57341,woodhammer83701,False,"['Bulbasaur', 'Poliwhirl', 'Pikachu']","['Starmie', 'Staryu', 'Gyarados']",14,4,2
gen1ubers-656207843,[Gen 1] UBERS,2017-11-07 17:21:20,,naturalcure76962,iddenpowerbug29275,naturalcure76962,False,"['Mewtwo', 'Mew', 'Exeggutor', 'Slowbro', 'Gengar', 'Snorlax']","['Mew', 'Mewtwo', 'Exeggutor', 'Slowbro', 'Zapdos', 'Snorlax']",36,6,10
smogtours-gen1ubers-637738,[Gen 1] UBERS,2022-07-15 20:37:52,,starfberry84995,synchronize14428,starfberry84995,True,"['Cloyster', 'Mew', 'Mewtwo', 'Tauros', 'Chansey', 'Snorlax']","['Exeggutor', 'Mewtwo', 'Mew', 'Gengar', 'Chansey', 'Snorlax']",68,21,21
smogtours-gen1ubers-592350,[Gen 1] UBERS,2021-11-09 19:45:47,,needlearm25079,synchronize14428,synchronize14428,True,"['Mew', 'Exeggutor', 'Jolteon', 'Mewtwo', 'Chansey', 'Snorlax']","['Starmie', 'Mew', 'Exeggutor', 'Mewtwo', 'Chansey', 'Snorlax']",138,15,17
smogtours-gen1ubers-593791,[Gen 1] UBERS,2021-11-18 22:21:48,,salacberry17621,synchronize14428,synchronize14428,False,"['Cloyster', 'Exeggutor', 'Mew', 'Mewtwo', 'Tauros', 'Snorlax']","['Starmie', 'Exeggutor', 'Mewtwo', 'Mew', 'Chansey', 'Snorlax']",41,12,12
smogtours-gen1ubers-779108,[Gen 1] UBERS,2024-07-07 21:54:10,,mareep93864,arceusghost8496,arceusghost8496,False,"['Mew', 'Mewtwo', 'Tauros', 'Zapdos', 'Chansey', 'Snorlax']","['Mewtwo', 'Exeggutor', 'Mew', 'Gengar', 'Snorlax']",32,11,10
rom-gen1ubers-484196,[Gen 1] UBERS,2018-12-18 22:54:10,,constrict58938,sudowoodo17153,constrict58938,False,"['Mew', 'Slowbro', 'Zapdos', 'Chansey', 'Snorlax']","['Exeggutor', 'Mewtwo', 'Mew', 'Slowbro', 'Jynx', 'Chansey']",140,6,24
gen1ubers-739746577,[Gen 1] UBERS,2018-04-29 02:20:16,,eevee75445,drifblim84361,drifblim84361,False,"['Pidgeotto', 'Nidoking', 'Pikachu', 'Slowpoke', 'Primeape', 'Charmeleon']","['Kadabra', 'Raticate', 'Graveler', 'Wartortle', 'Weepinbell', 'Fearow']",35,17,14
gen1ubers-397522409,[Gen 1] UBERS,2016-07-09 21:55:40,,metalpowder69549,fling32878,fling32878,True,"['Mew', 'Mewtwo', 'Tauros', 'Jynx', 'Chansey', 'Snorlax']","['Mew', 'Exeggutor', 'Tauros', 'Slowbro', 'Snorlax']",22,11,5
gen1ubers-597441344,[Gen 1] UBERS,2017-06-29 22:50:08,,aggron60452,delcatty31981,delcatty31981,False,"['Mew', 'Exeggutor', 'Mewtwo', 'Slowbro', 'Zapdos', 'Chansey']","['Mew', 'Exeggutor', 'Mewtwo', 'Electrode', 'Chansey', 'Rhydon']",29,13,7
smogtours-gen1ubers-674242,[Gen 1] UBERS,2023-02-11 02:20:54,,psn38480,drapion2237,drapion2237,True,"['Exeggutor', 'Mewtwo', 'Mew', 'Tauros', 'Chansey', 'Snorlax']","['Starmie', 'Mew', 'Mewtwo', 'Chansey', 'Rhydon', 'Snorlax']",87,11,9
gen1ubers-1149915912,[Gen 1] UBERS,2020-07-12 18:50:30,,kasibberry98452,mefirst94337,kasibberry98452,False,"['Mew', 'Mewtwo', 'Zapdos', 'Jynx', 'Chansey', 'Snorlax']","['Mewtwo', 'Mew', 'Zapdos', 'Gengar', 'Chansey', 'Snorlax']",95,38,33
gen1ubers-1126933770,[Gen 1] UBERS,2020-06-04 22:46:21,,delcatty31981,watergun59811,delcatty31981,True,"['Mewtwo', 'Mew', 'Charizard', 'Raichu', 'Venusaur', 'Blastoise']","['Starmie', 'Mew', 'Mewtwo', 'Tauros', 'Chansey', 'Snorlax']",56,13,13
gen1ubers-715205272,[Gen 1] UBERS,2018-03-09 02:13:11,,sacredfire97645,aggron60452,aggron60452,False,"['Golduck', 'Mewtwo', 'Exeggutor', 'Slowbro', 'Chansey', 'Snorlax']","['Gengar', 'Chansey', 'Snorlax', 'Slowbro']",49,9,9
gen1ubers-2206315090,[Gen 1] UBERS,2024-09-21 03:50:27,,chatot82716,flareon13599,chatot82716,False,"['Lapras', 'Ninetales', 'Jolteon', 'Exeggutor', 'Alakazam', 'Blastoise']","['Lapras', 'Exeggutor', 'Aerodactyl', 'Gengar', 'Ditto', 'Dragonite']",42,5,12
smogtours-gen1ubers-694825,[Gen 1] UBERS,2023-05-30 02:16:46,,raikou64162,lusterpurge32163,raikou64162,False,"['Mewtwo', 'Mew', 'Slowbro', 'Jynx', 'Chansey', 'Snorlax']","['Mew', 'Exeggutor', 'Mewtwo', 'Tauros', 'Slowbro', 'Snorlax']",110,25,23
gen1ubers-1128004494,[Gen 1] UBERS,2020-06-06 18:20:40,,garchomp8478,present11303,present11303,True,"['Mewtwo', 'Mew', 'Jynx', 'Chansey', 'Rhydon', 'Snorlax']","['Exeggutor', 'Mew', 'Mewtwo', 'Slowbro', 'Jynx', 'Chansey']",147,18,19
smogtours-gen1ubers-172829,[Gen 1] UBERS,2016-07-02 21:51:19,,dragonfang69245,doublekick99022,dragonfang69245,True,"['Starmie', 'Mew', 'Mewtwo', 'Jynx', 'Snorlax']","['Mew', 'Mewtwo', 'Slowbro', 'Jynx', 'Chansey', 'Snorlax']",39,5,8
gen1ubers-679222184,[Gen 1] UBERS,2017-12-25 04:38:40,,woodhammer83701,miltank57341,woodhammer83701,False,"['Clefable', 'Pidgeot', 'Charizard', 'Pikachu', 'Venusaur', 'Blastoise']","['Moltres', 'Mew', 'Zapdos', 'Articuno']",52,6,3
smogtours-gen1ubers-672851,[Gen 1] UBERS,2023-02-04 18:50:21,,psn38480,extrasensory89042,psn38480,False,"['Mewtwo', 'Exeggutor', 'Mew', 'Tauros', 'Chansey', 'Snorlax']","['Mewtwo', 'Mew', 'Slowbro', 'Zapdos', 'Chansey', 'Snorlax']",72,11,13
smogtours-gen1ubers-727083,[Gen 1] UBERS,2023-10-28 19:17:50,,raikou64162,skillswap74981,skillswap74981,False,"['Mew', 'Mewtwo', 'Slowbro', 'Zapdos', 'Jynx', 'Dragonite']","['Starmie', 'Mew', 'Mewtwo', 'Exeggutor', 'Snorlax']",39,14,8
gen1ubers-921195953,[Gen 1] UBERS,2019-06-03 02:39:15,1053,belueberry99938,superluck27737,superluck27737,False,"['Mew', 'Mewtwo', 'Golem', 'Chansey', 'Alakazam', 'Snorlax']","['Starmie', 'Mew', 'Exeggutor', 'Mewtwo', 'Chansey', 'Dragonite']",127,17,10
gen1ubers-2174779597,[Gen 1] UBERS,2024-08-06 18:30:23,1000,vinewhip72278,habanberry79683,vinewhip72278,True,"['Rhydon', 'Mew', 'Mewtwo', 'Tauros']","['Chansey', 'Exeggutor', 'Mewtwo', 'Tauros']",18,3,3
smogtours-gen1ubers-725291,[Gen 1] UBERS,2023-10-21 22:28:12,,leechlife10170,steel89481,leechlife10170,False,"['Mew', 'Exeggutor', 'Mewtwo', 'Chansey', 'Rhydon', 'Snorlax']","['Mewtwo', 'Mew', 'Zapdos', 'Gengar', 'Chansey', 'Snorlax']",71,16,25
gen1ubers-1045207046,[Gen 1] UBERS,2020-01-12 20:28:59,,chargebeam64735,triattack92475,chargebeam64735,True,['Gengar'],"['Flareon', 'Wigglytuff', 'Raticate', 'Poliwrath', 'Muk', 'Vaporeon']",15,0,6
gen1ubers-679231303,[Gen 1] UBERS,2017-12-25 05:07:27,,woodhammer83701,miltank57341,woodhammer83701,False,"['Snorlax', 'Poliwrath', 'Aerodactyl']",['Mewtwo'],10,2,0
smogtours-gen1ubers-145349,[Gen 1] UBERS,2016-04-01 22:25:11,,gengarmega39514,unburden21319,unburden21319,True,"['Mew', 'Exeggutor', 'Tauros', 'Chansey', 'Snorlax', 'Alakazam']","['Exeggutor', 'Mew', 'Tauros', 'Gengar', 'Chansey', 'Snorlax']",39,7,8
gen1ubers-834052072,[Gen 1] UBERS,2018-12-26 20:14:15,,overgrow61925,swarm86048,overgrow61925,False,"['Exeggutor', 'Mewtwo', 'Tauros', 'Slowbro', 'Zapdos', 'Rhydon']","['Exeggutor', 'Mewtwo', 'Rapidash', 'Lapras', 'Electrode', 'Rhydon']",49,13,11
gen1ubers-827595734,[Gen 1] UBERS,2018-10-29 22:01:22,,teeterdance59533,whismur61888,whismur61888,False,"['Mew', 'Exeggutor', 'Mewtwo', 'Tauros', 'Slowbro', 'Chansey']","['Mew', 'Mewtwo', 'Slowbro', 'Gengar', 'Chansey', 'Snorlax']",120,11,11
gen1ubers-711782328,[Gen 1] UBERS,2018-03-02 09:00:04,,lastresort80905,toxicspikes79296,lastresort80905,False,"['Mew', 'Mewtwo', 'Exeggutor', 'Slowbro', 'Chansey', 'Snorlax']","['Mewtwo', 'Exeggutor', 'Mew', 'Jynx', 'Chansey', 'Snorlax']",86,13,20
gen1ubers-814032898,[Gen 1] UBERS,2018-10-01 22:54:25,,hydration39676,delcatty31981,hydration39676,False,"['Mewtwo', 'Mew', 'Sandslash', 'Chansey', 'Snorlax', 'Alakazam']","['Mew', 'Mewtwo', 'Electrode', 'Golem', 'Jynx', 'Chansey']",110,19,13
smogtours-gen1ubers-809283,[Gen 1] UBERS,2024-12-07 18:06:41,,mareep93864,psn38480,mareep93864,False,"['Exeggutor', 'Mew', 'Tauros', 'Slowbro', 'Rhydon']","['Mew', 'Mewtwo', 'Butterfree', 'Gengar', 'Chansey', 'Snorlax']",34,10,16
gen1ubers-2126194040,[Gen 1] UBERS,2024-05-19 16:19:26,,golbat13508,teeterdance78348,golbat13508,False,"['Mew', 'Mewtwo', 'Exeggutor', 'Dodrio', 'Chansey']","['Starmie', 'Mewtwo', 'Mew', 'Chansey', 'Rhydon', 'Snorlax']",55,4,5
smogtours-gen1ubers-777673,[Gen 1] UBERS,2024-06-30 18:37:16,,spoink27592,steadfast85547,spoink27592,True,"['Mew', 'Exeggutor', 'Mewtwo', 'Slowbro', 'Chansey', 'Snorlax']","['Mew', 'Exeggutor', 'Mewtwo', 'Jynx', 'Rhydon', 'Snorlax']",101,11,10
gen1ubers-739682138,[Gen 1] UBERS,2018-04-28 23:15:52,,eevee75445,drifblim84361,drifblim84361,True,"['Pidgeotto', 'Nidoking', 'Pikachu', 'Charmeleon', 'Slowpoke', 'Primeape']","['Kadabra', 'Raticate', 'Wartortle', 'Weepinbell', 'Geodude', 'Fearow']",23,8,6
gen1ubers-1150608918,[Gen 1] UBERS,2020-07-13 21:40:58,,facade60368,rotom95030,rotom95030,True,"['Mewtwo', 'Mew', 'Slowbro', 'Chansey', 'Snorlax', 'Alakazam']","['Mewtwo', 'Exeggutor', 'Mew', 'Gengar', 'Chansey', 'Snorlax']",100,28,31
gen1ubers-356294691,[Gen 1] UBERS,2016-04-08 18:52:13,,fly92715,sludgebomb41859,sludgebomb41859,False,"['Mew', 'Mewtwo', 'Slowbro', 'Gengar', 'Chansey', 'Snorlax']","['Mew', 'Mewtwo', 'Exeggutor', 'Gengar', 'Chansey', 'Snorlax']",69,14,13
smogtours-gen1ubers-145218,[Gen 1] UBERS,2016-04-01 20:52:18,,leechlife14525,omastar87604,omastar87604,False,"['Exeggutor', 'Mew', 'Jolteon', 'Tauros', 'Gengar', 'Chansey']","['Exeggutor', 'Mew', 'Tauros', 'Jynx', 'Chansey', 'Snorlax']",38,16,13
gen1ubers-2250605002,[Gen 1] UBERS,2024-11-25 07:18:47,,powerlens25180,quickattack10277,quickattack10277,False,"['Moltres', 'Mewtwo', 'Mew', 'Exeggutor', 'Jynx', 'Snorlax']","['Mewtwo', 'Mew', 'Exeggutor', 'Tauros', 'Jynx', 'Snorlax']",38,6,7
smogtours-gen1ubers-795990,[Gen 1] UBERS,2024-10-06 21:15:20,,arceusghost8496,mareep93864,mareep93864,False,"['Cloyster', 'Mewtwo', 'Mew', 'Victreebel', 'Rhydon', 'Snorlax']","['Mewtwo', 'Mew', 'Exeggutor', 'Tauros', 'Jynx', 'Snorlax']",50,14,14
gen1ubers-771980360,[Gen 1] UBERS,2018-07-06 03:15:02,,belueberry69038,rampardos21396,belueberry69038,True,"['Mewtwo', 'Lapras', 'Zapdos', 'Snorlax', 'Gyarados', 'Alakazam']","['Mew', 'Chansey', 'Mewtwo', 'Persian']",26,6,3
smogtours-gen1ubers-672263,[Gen 1] UBERS,2023-02-01 00:47:36,,koffing28618,aquaring89206,koffing28618,False,"['Exeggutor', 'Mew', 'Tauros', 'Gengar', 'Snorlax']","['Mewtwo', 'Mew', 'Slowbro', 'Chansey', 'Snorlax', 'Alakazam']",37,9,12
gen1ubers-818457398,[Gen 1] UBERS,2018-10-11 00:00:11,,tailwhip2839,psn38480,psn38480,False,"['Mew', 'Exeggutor', 'Tauros', 'Slowbro', 'Chansey', 'Snorlax']","['Starmie', 'Mew', 'Exeggutor', 'Porygon', 'Chansey', 'Rhydon']",211,23,32
gen1ubers-2366408634,[Gen 1] UBERS,2025-05-18 05:53:21,,mismagius33077,kangaskhan44566,kangaskhan44566,False,"['Mew', 'Exeggutor', 'Mewtwo', 'Tauros', 'Chansey', 'Snorlax']","['Mewtwo', 'Mew', 'Zapdos', 'Snorlax', 'Articuno']",23,5,7
rom-gen1ubers-468225,[Gen 1] UBERS,2018-12-02 18:01:15,,constrict58938,sudowoodo17153,constrict58938,False,"['Exeggutor', 'Mew', 'Slowbro', 'Zapdos', 'Snorlax']","['Mew', 'Mewtwo', 'Slowbro', 'Jynx', 'Chansey', 'Snorlax']",33,5,8
gen1ubers-757396667,[Gen 1] UBERS,2018-06-04 09:53:35,1000,memento29906,airslash63871,airslash63871,True,"['Mewtwo', 'Mew', 'Tauros', 'Rhydon', 'Snorlax']","['Mew', 'Exeggutor', 'Mewtwo', 'Gengar', 'Snorlax', 'Dragonite']",53,6,7
gen1ubers-558145029,[Gen 1] UBERS,2017-04-07 01:30:45,,oblivious86415,mudkip96962,mudkip96962,False,"['Starmie', 'Mew', 'Charizard', 'Nidoqueen', 'Gyarados', 'Snorlax']","['Mew', 'Mewtwo', 'Slowbro', 'Zapdos', 'Chansey', 'Snorlax']",37,10,9
smogtours-gen1ubers-790695,[Gen 1] UBERS,2024-09-14 21:41:38,,aurasphere76841,tyrogue95104,aurasphere76841,False,['Mew'],['Starmie'],17,0,0
gen1ubers-397400230,[Gen 1] UBERS,2016-07-09 16:50:51,,armthrust70480,misdreavus32098,misdreavus32098,False,"['Starmie', 'Mew', 'Mewtwo', 'Slowbro', 'Chansey', 'Snorlax']","['Mew', 'Tauros', 'Slowbro', 'Chansey', 'Snorlax']",43,16,9
gen1ubers-1128418695,[Gen 1] UBERS,2020-06-07 11:57:20,,amnesia25800,tailwhip2839,tailwhip2839,True,"['Exeggutor', 'Mewtwo', 'Mew', 'Slowbro', 'Gengar', 'Snorlax']","['Chansey', 'Exeggutor', 'Mewtwo', 'Tauros']",20,6,3
gen1ubers-1132839619,[Gen 1] UBERS,2020-06-15 02:26:57,,toxic55160,rockwrecker66890,toxic55160,False,"['Mew', 'Exeggutor', 'Jolteon', 'Snorlax', 'Alakazam']","['Exeggutor', 'Mew', 'Zapdos', 'Golem', 'Dragonite', 'Blastoise']",30,5,5
smogtours-gen1ubers-681273,[Gen 1] UBERS,2023-03-18 19:13:56,,drillpeck8655,sturdy46275,sturdy46275,False,"['Mew', 'Mewtwo', 'Slowbro', 'Gengar', 'Chansey', 'Snorlax']","['Mew', 'Mewtwo', 'Jolteon', 'Chansey', 'Snorlax']",55,11,8
gen1ubers-1037797242,[Gen 1] UBERS,2019-12-29 23:34:53,,croconaw1396,scratch34751,croconaw1396,True,"['Mew', 'Jolteon']","['Golem', 'Chansey', 'Mewtwo', 'Tauros']",8,1,4
gen1ubers-402604038,[Gen 1] UBERS,2016-07-20 14:42:18,,aspearberry45831,hustle11937,aspearberry45831,False,"['Exeggutor', 'Mewtwo', 'Mew', 'Tauros', 'Gengar', 'Snorlax']","['Exeggutor', 'Mewtwo', 'Mew', 'Tauros', 'Slowbro', 'Snorlax']",61,17,17
gen1ubers-521169789,[Gen 1] UBERS,2017-01-21 19:37:21,,haunter26474,silcoon61948,silcoon61948,True,"['Exeggutor', 'Charizard', 'Jolteon', 'Lapras', 'Nidoqueen', 'Gengar']","['Charizard', 'Gengar', 'Gyarados', 'Raichu', 'Alakazam']",33,6,4
gen1ubers-2151688166,[Gen 1] UBERS,2024-06-28 17:21:15,,swift79929,bug99931,bug99931,False,"['Mew', 'Mewtwo', 'Tauros', 'Gengar', 'Chansey', 'Snorlax']","['Cloyster', 'Mew', 'Mewtwo', 'Chansey', 'Snorlax', 'Alakazam']",61,9,11
gen1ubers-921094326,[Gen 1] UBERS,2019-06-02 22:42:35,,monferno67099,moldbreaker94005,monferno67099,False,"['Mewtwo', 'Jolteon', 'Chansey', 'Snorlax', 'Alakazam']","['Cloyster', 'Mewtwo', 'Exeggutor', 'Tauros', 'Gengar', 'Snorlax']",46,4,9
gen1ubers-2158854282,[Gen 1] UBERS,2024-07-11 03:58:25,,megapunch44074,timerball93855,timerball93855,True,"['Chansey', 'Mewtwo']",['Mewtwo'],37,6,1
gen1ubers-2311472411,[Gen 1] UBERS,2025-03-03 10:59:54,,tickle78778,ember93698,ember93698,False,"['Gengar', 'Electrode', 'Aerodactyl']",['Electrode'],32,5,0
gen1ubers-803365056,[Gen 1] UBERS,2018-09-09 21:44:54,,naturepower57210,shiftry93427,shiftry93427,False,"['Exeggutor', 'Mew', 'Mewtwo', 'Tauros', 'Slowbro', 'Snorlax']","['Mew', 'Mewtwo', 'Exeggutor', 'Tauros', 'Zapdos', 'Chansey']",38,10,10
smogtours-gen1ubers-239482,[Gen 1] UBERS,2017-01-26 19:44:19,,blastburn68087,icepunch49350,blastburn68087,False,"['Mewtwo', 'Mew', 'Slowbro', 'Jynx', 'Chansey', 'Snorlax']","['Mewtwo', 'Mew', 'Slowbro', 'Zapdos', 'Gengar', 'Snorlax']",72,16,18
smogtours-gen1ubers-824128,[Gen 1] UBERS,2025-03-09 18:00:49,,wacanberry11962,iceball26708,wacanberry11962,False,"['Mew', 'Mewtwo', 'Exeggutor', 'Gengar', 'Snorlax', 'Articuno']","['Mewtwo', 'Mew', 'Tauros', 'Jynx', 'Hypno', 'Snorlax']",27,6,9
gen1ubers-712710265,[Gen 1] UBERS,2018-03-04 02:46:49,,delcatty31981,waveincense51112,waveincense51112,False,"['Mew', 'Mewtwo', 'Electrode', 'Golem', 'Jynx', 'Chansey']","['Mewtwo', 'Exeggutor', 'Mew', 'Jynx', 'Snorlax']",30,13,4
gen1ubers-901286126,[Gen 1] UBERS,2019-04-30 01:53:37,,swellow7363,sudowoodo73296,swellow7363,False,"['Mew', 'Mewtwo', 'Slowbro', 'Gengar', 'Snorlax']","['Mewtwo', 'Exeggutor', 'Mew', 'Slowbro', 'Jynx', 'Chansey']",44,4,7
gen1ubers-2126824140,[Gen 1] UBERS,2024-05-20 15:52:57,,compoundeyes43725,hyperfang69178,hyperfang69178,False,"['Electrode', 'Chansey', 'Dragonite']","['Gengar', 'Electrode']",65,42,2
gen1ubers-995253601,[Gen 1] UBERS,2019-10-19 20:55:20,,sweetscent3994,chlorophyll33441,chlorophyll33441,False,"['Mew', 'Mewtwo', 'Slowbro', 'Gengar', 'Chansey', 'Snorlax']","['Mew', 'Mewtwo', 'Zapdos', 'Jynx', 'Chansey', 'Snorlax']",59,9,5
rom-gen1ubers-538744,[Gen 1] UBERS,2019-04-15 23:55:58,,constrict58938,sudowoodo17153,constrict58938,False,"['Mew', 'Slowbro', 'Zapdos', 'Chansey', 'Snorlax']","['Exeggutor', 'Mewtwo', 'Mew', 'Slowbro', 'Jynx', 'Chansey']",51,4,8
gen1ubers-861094806,[Gen 1] UBERS,2019-02-11 05:56:22,,arceusground72746,crushclaw33364,arceusground72746,True,"['Mew', 'Mewtwo', 'Exeggutor', 'Slowbro', 'Jynx', 'Chansey']","['Mewtwo', 'Mew', 'Tauros', 'Slowbro', 'Chansey', 'Snorlax']",29,6,6
smogtours-gen1ubers-736597,[Gen 1] UBERS,2023-12-26 01:14:31,,skillswap74981,cascoon94634,cascoon94634,False,"['Mew', 'Mewtwo', 'Exeggutor', 'Tauros', 'Dodrio', 'Snorlax']","['Mew', 'Exeggutor', 'Mewtwo', 'Tauros', 'Zapdos', 'Snorlax']",28,11,7
smogtours-gen1ubers-78209,[Gen 1] UBERS,2015-07-27 10:28:06,,stench25210,chimecho62545,stench25210,True,"['Mew', 'Mewtwo', 'Slowbro', 'Gengar', 'Chansey']","['Mew', 'Mewtwo', 'Tauros', 'Slowbro', 'Jynx', 'Chansey']",32,9,8
smogtours-gen1ubers-706601,[Gen 1] UBERS,2023-07-30 12:54:41,,powerherb16934,deoxysdefense78874,deoxysdefense78874,False,"['Exeggutor', 'Mew', 'Porygon', 'Mewtwo', 'Zapdos', 'Snorlax']","['Exeggutor', 'Mewtwo', 'Jolteon', 'Mew', 'Chansey', 'Snorlax']",57,18,17
smogtours-gen1ubers-790107,[Gen 1] UBERS,2024-09-09 15:03:58,,poisonpowder88566,arceusghost51402,arceusghost51402,True,"['Exeggutor', 'Mewtwo', 'Mew', 'Slowbro', 'Electrode', 'Gengar']","['Cloyster', 'Mewtwo', 'Mew', 'Slowbro', 'Victreebel', 'Rhydon']",62,15,15
gen1ubers-1174427298,[Gen 1] UBERS,2020-08-24 12:31:36,,trick33871,turtwig42732,turtwig42732,True,"['Mew', 'Mewtwo', 'Spearow', 'Tentacool', 'Gastly']","['Mew', 'Mewtwo', 'Kangaskhan', 'Wigglytuff', 'Zapdos', 'Chansey']",68,6,15
gen1ubers-905872674,[Gen 1] UBERS,2019-05-08 03:15:27,,rest20747,tropius17094,tropius17094,False,"['Starmie', 'Jolteon', 'Sandslash', 'Clefable', 'Venusaur', 'Articuno']","['Tauros', 'Electrode', 'Dodrio', 'Jynx', 'Persian']",32,9,5
smogtours-gen1ubers-609615,[Gen 1] UBERS,2022-02-20 14:29:50,,synchronize14428,starfberry84995,synchronize14428,False,"['Exeggutor', 'Mewtwo', 'Mew', 'Gengar', 'Chansey', 'Snorlax']","['Mew', 'Mewtwo', 'Slowbro', 'Chansey', 'Rhydon', 'Snorlax']",71,23,26
gen1ubers-2236715813,[Gen 1] UBERS,2024-11-03 20:05:25,,greatball86069,gible45423,gible45423,False,"['Starmie', 'Mew', 'Tauros', 'Jynx', 'Rhydon', 'Alakazam']","['Starmie', 'Mew', 'Exeggutor', 'Tauros', 'Zapdos', 'Snorlax']",60,18,11
gen1ubers-659086628,[Gen 1] UBERS,2017-11-13 21:38:39,,skillswap74981,flying25585,skillswap74981,True,"['Mew', 'Exeggutor', 'Tauros', 'Golem', 'Chansey']","['Exeggutor', 'Slowbro', 'Chansey', 'Snorlax', 'Rhydon', 'Alakazam']",53,12,11
smogtours-gen1ubers-652172,[Gen 1] UBERS,2022-10-01 22:03:34,,slam94785,synchronize14428,synchronize14428,True,"['Mew', 'Mewtwo', 'Slowbro', 'Zapdos', 'Chansey', 'Snorlax']","['Mewtwo', 'Mew', 'Exeggutor', 'Gengar', 'Snorlax']",85,31,20
rom-gen1ubers-538741,[Gen 1] UBERS,2019-04-15 23:53:14,,constrict58938,sudowoodo17153,constrict58938,False,"['Mew', 'Mewtwo', 'Snorlax', 'Zapdos']","['Mewtwo', 'Mew', 'Slowbro', 'Jynx', 'Chansey', 'Snorlax']",39,3,11
gen1ubers-828355790,[Gen 1] UBERS,2018-11-30 00:43:49,,tropius17094,porygon83022,tropius17094,False,"['Golduck', 'Tauros', 'Electrode', 'Jynx', 'Persian']","['Kangaskhan', 'Slowbro', 'Machamp', 'Chansey', 'Raichu', 'Alakazam']",36,7,10
smogtours-gen1ubers-654341,[Gen 1] UBERS,2022-10-10 22:18:13,,mawile36886,castform97328,mawile36886,False,"['Mew', 'Mewtwo', 'Zapdos', 'Gengar', 'Chansey', 'Snorlax']","['Cloyster', 'Mew', 'Mewtwo', 'Golem', 'Gengar', 'Snorlax']",21,8,9
gen1ubers-2179486145,[Gen 1] UBERS,2024-08-13 19:39:10,1116,weepinbell68120,mismagius33077,mismagius33077,False,"['Exeggutor', 'Mewtwo', 'Mew', 'Zapdos', 'Chansey', 'Snorlax']","['Cloyster', 'Mewtwo', 'Mew', 'Flareon', 'Hypno', 'Snorlax']",69,19,8
gen1ubers-817678797,[Gen 1] UBERS,2018-10-09 12:27:36,,bronzong21778,shuckle6849,bronzong21778,False,"['Slowbro', 'Exeggutor', 'Mewtwo', 'Tauros']","['Mew', 'Mewtwo', 'Tauros', 'Gengar', 'Hitmonlee', 'Arcanine']",30,4,8
smogtours-gen1ubers-699989,[Gen 1] UBERS,2023-06-30 03:23:01,,protean9317,alakazam8068,protean9317,False,"['Mew', 'Mewtwo', 'Zapdos', 'Jynx', 'Chansey', 'Snorlax']","['Mew', 'Lapras', 'Mewtwo', 'Gengar', 'Chansey', 'Persian']",81,28,26
gen1ubers-679603631,[Gen 1] UBERS,2017-12-26 02:45:53,,fling5828,purugly17156,fling5828,True,"['Mewtwo', 'Mew', 'Exeggutor', 'Tauros', 'Slowbro', 'Snorlax']","['Mew', 'Mewtwo', 'Exeggutor', 'Slowbro', 'Chansey', 'Snorlax']",54,9,5
gen1ubers-2182813615,[Gen 1] UBERS,2024-08-18 21:21:27,1031,tangrowth23890,teleport46361,tangrowth23890,True,"['Mew', 'Exeggutor', 'Mewtwo', 'Tauros', 'Chansey', 'Snorlax']","['Mewtwo', 'Exeggutor', 'Mew', 'Tauros', 'Chansey', 'Snorlax']",31,8,8
gen1ubers-448278055,[Gen 1] UBERS,2016-09-30 22:37:07,,rapidash24714,lureball16041,rapidash24714,False,"['Starmie', 'Mewtwo', 'Jolteon', 'Electrode', 'Hitmonlee', 'Alakazam']","['Golduck', 'Mewtwo', 'Exeggutor', 'Alakazam', 'Snorlax', 'Dragonite']",92,14,11
smogtours-gen1ubers-589746,[Gen 1] UBERS,2021-10-30 18:13:33,,innerfocus91859,gengarmega88128,innerfocus91859,True,"['Exeggutor', 'Mewtwo', 'Mew', 'Chansey', 'Rhydon', 'Snorlax']","['Starmie', 'Mew', 'Exeggutor', 'Mewtwo', 'Chansey', 'Snorlax']",41,7,12
gen1ubers-2312543148,[Gen 1] UBERS,2025-03-04 21:09:10,,watergun79426,spark69293,watergun79426,False,"['Starmie', 'Exeggutor', 'Jynx', 'Hypno', 'Alakazam']","['Jolteon', 'Pinsir', 'Chansey', 'Gyarados', 'Alakazam', 'Dragonite']",51,4,5
gen1ubers-2338472704,[Gen 1] UBERS,2025-04-08 21:28:39,,watergun79426,thunder67996,watergun79426,False,"['Jynx', 'Starmie', 'Exeggutor', 'Hypno']","['Charizard', 'Jolteon', 'Golem', 'Gyarados', 'Snorlax', 'Dragonite']",30,4,7
gen1ubers-2179435212,[Gen 1] UBERS,2024-08-13 18:15:17,1070,growl5652,cheriberry30798,growl5652,False,"['Mew', 'Mewtwo', 'Tauros', 'Electrode', 'Gengar', 'Chansey']","['Mew', 'Mewtwo', 'Jolteon', 'Tauros', 'Slowbro', 'Jynx']",39,7,6
smogtours-gen1ubers-820189,[Gen 1] UBERS,2025-02-16 01:21:22,,spoink27592,clefairy19286,spoink27592,False,"['Starmie', 'Mew', 'Exeggutor', 'Mewtwo', 'Gengar', 'Snorlax']","['Mewtwo', 'Exeggutor', 'Mew', 'Tauros', 'Gengar', 'Snorlax']",35,7,5
gen1ubers-2006849622,[Gen 1] UBERS,2023-12-07 18:27:48,,dig89108,xscissor10322,dig89108,False,"['Cloyster', 'Exeggutor', 'Electrode', 'Chansey', 'Rhydon']","['Exeggutor', 'Tauros', 'Nidoking', 'Hitmonlee', 'Arcanine', 'Alakazam']",32,5,8
smogtours-gen1ubers-146638,[Gen 1] UBERS,2016-04-03 20:55:11,,shedskin24281,heatrock37333,heatrock37333,False,"['Mew', 'Tauros', 'Slowbro', 'Golem', 'Chansey', 'Snorlax']","['Mew', 'Exeggutor', 'Jolteon', 'Tauros', 'Chansey', 'Snorlax']",23,11,7
smogtours-gen1ubers-656979,[Gen 1] UBERS,2022-10-23 21:28:25,,mareep93864,crawdaunt31133,mareep93864,False,"['Mewtwo', 'Mew', 'Zapdos', 'Gengar', 'Chansey', 'Snorlax']","['Mewtwo', 'Exeggutor', 'Mew', 'Tauros', 'Slowbro', 'Snorlax']",62,22,20
smogtours-gen1ubers-705035,[Gen 1] UBERS,2023-07-23 05:10:55,,adaptability45192,arceusghost8496,arceusghost8496,False,"['Mewtwo', 'Mew', 'Slowbro', 'Jynx', 'Chansey', 'Snorlax']","['Exeggutor', 'Mewtwo', 'Mew', 'Slowbro', 'Snorlax']",64,17,13
gen1ubers-848969040,[Gen 1] UBERS,2019-01-15 01:10:03,,flashcannon9867,rotom60105,rotom60105,False,['Exeggutor'],['Alakazam'],8,0,0
smogtours-gen1ubers-808045,[Gen 1] UBERS,2024-11-27 20:10:50,,wacanberry11962,poisonpowder88566,poisonpowder88566,False,"['Exeggutor', 'Mewtwo', 'Mew', 'Tauros', 'Zapdos', 'Snorlax']","['Mewtwo', 'Mew', 'Exeggutor', 'Slowbro', 'Electrode', 'Gengar']",37,10,9
gen1ubers-855125996,[Gen 1] UBERS,2019-01-28 21:16:42,,oddincense72660,medicham64289,medicham64289,False,"['Kingler', 'Exeggutor', 'Tauros', 'Zapdos', 'Gengar', 'Chansey']","['Exeggutor', 'Mew', 'Tauros', 'Jynx', 'Chansey', 'Rhydon']",49,17,19
smogtours-gen1ubers-654486,[Gen 1] UBERS,2022-10-13 17:20:18,,shadowsneak30,sharpedo76687,shadowsneak30,False,"['Mewtwo', 'Mew', 'Slowbro', 'Chansey', 'Snorlax', 'Alakazam']","['Mewtwo', 'Exeggutor', 'Mew', 'Tauros', 'Slowbro', 'Snorlax']",40,10,9
gen1ubers-2331126695,[Gen 1] UBERS,2025-03-30 07:34:05,,nomove99225,frenzyplant2474,nomove99225,False,"['Exeggutor', 'Lapras', 'Jolteon', 'Sandslash', 'Hypno']","['Charizard', 'Rhyhorn', 'Slowbro', 'Electrode', 'Dragonair', 'Hitmonlee']",24,7,10
smogtours-gen1ubers-701828,[Gen 1] UBERS,2023-07-08 17:07:10,,sandattack94842,powerherb16934,powerherb16934,True,"['Mew', 'Mewtwo', 'Slowbro', 'Gengar', 'Chansey', 'Snorlax']","['Mew', 'Exeggutor', 'Tauros', 'Chansey', 'Snorlax']",25,9,6
smogtours-gen1ubers-778532,[Gen 1] UBERS,2024-07-06 18:18:29,,gastrodon26689,spoink27592,spoink27592,False,"['Mew', 'Mewtwo', 'Exeggutor', 'Tauros', 'Chansey', 'Snorlax']","['Exeggutor', 'Mew', 'Mewtwo', 'Slowbro', 'Gengar', 'Snorlax']",47,18,15
gen1ubers-2309642730,[Gen 1] UBERS,2025-02-28 14:07:07,,rawstberry77414,rowapberry76612,rawstberry77414,False,"['Scyther', 'Graveler', 'Haunter', 'Poliwhirl', 'Ivysaur', 'Drowzee']","['Scyther', 'Dragonair', 'Graveler', 'Haunter', 'Poliwhirl', 'Tangela']",42,15,16
gen1ubers-1044928669,[Gen 1] UBERS,2020-01-12 07:07:41,,electirizer5270,insectplate41158,insectplate41158,True,"['Omastar', 'Aerodactyl', 'Nidoqueen', 'Chansey', 'Raichu']","['Rhydon', 'Jolteon', 'Dragonite', 'Hitmonlee']",12,5,3
smogtours-gen1ubers-749151,[Gen 1] UBERS,2024-02-23 16:14:09,,hypnosis24434,aurasphere76841,aurasphere76841,False,"['Mew', 'Mewtwo', 'Exeggutor', 'Tauros', 'Persian', 'Snorlax']","['Mewtwo', 'Mew', 'Exeggutor', 'Zapdos', 'Jynx', 'Snorlax']",32,8,5
gen1ubers-330607645,[Gen 1] UBERS,2016-02-14 01:04:15,,stockpile39840,armthrust70480,stockpile39840,False,"['Starmie', 'Mewtwo', 'Mew', 'Slowbro', 'Chansey', 'Snorlax']","['Mew', 'Mewtwo', 'Slowbro', 'Jynx', 'Chansey', 'Snorlax']",105,17,16
smogtours-gen1ubers-674462,[Gen 1] UBERS,2023-02-11 23:11:54,,special6978,recover74685,recover74685,True,"['Mewtwo', 'Mew', 'Zapdos', 'Jynx', 'Chansey', 'Snorlax']","['Mewtwo', 'Mew', 'Slowbro', 'Zapdos', 'Chansey', 'Snorlax']",36,10,6
gen1ubers-1129991977,[Gen 1] UBERS,2020-06-10 01:08:42,,shiftry45359,chargebeam69114,shiftry45359,False,"['Gengar', 'Mewtwo']","['Mewtwo', 'Mew', 'Exeggutor', 'Zapdos', 'Gengar', 'Snorlax']",26,1,7
smogtours-gen1ubers-676861,[Gen 1] UBERS,2023-02-23 02:05:00,,arceusghost8496,castform97328,arceusghost8496,True,"['Exeggutor', 'Mewtwo', 'Mew', 'Slowbro', 'Chansey', 'Snorlax']","['Mew', 'Mewtwo', 'Zapdos', 'Gengar', 'Chansey', 'Snorlax']",53,13,10
smogtours-gen1ubers-182505,[Gen 1] UBERS,2016-07-31 21:53:24,,zoomlens15496,mefirst94337,mefirst94337,False,"['Exeggutor', 'Mew', 'Lapras', 'Zapdos', 'Gengar', 'Chansey']","['Mew', 'Tauros', 'Zapdos', 'Chansey', 'Snorlax', 'Alakazam']",39,17,12
gen1ubers-1128735479,[Gen 1] UBERS,2020-06-07 23:28:51,,delcatty31981,amnesia25800,delcatty31981,False,"['Mewtwo', 'Exeggutor', 'Mew', 'Jynx', 'Chansey', 'Snorlax']","['Exeggutor', 'Mewtwo', 'Mew', 'Tauros', 'Slowbro', 'Snorlax']",30,9,13
gen1ubers-712444393,[Gen 1] UBERS,2018-03-03 16:47:06,,delcatty31981,innerfocus91859,innerfocus91859,False,"['Mew', 'Mewtwo', 'Electrode', 'Golem', 'Jynx', 'Chansey']","['Gengar', 'Exeggutor', 'Mewtwo', 'Mew']",65,15,3
gen1ubers-2056426599,[Gen 1] UBERS,2024-02-10 20:48:45,,durinberry31411,machamp44590,machamp44590,False,"['Gengar', 'Electrode', 'Aerodactyl']",['Electrode'],38,5,0
gen1ubers-966426314,[Gen 1] UBERS,2019-08-26 19:50:19,,adaptability26680,slakoth53488,slakoth53488,True,"['Mewtwo', 'Mew', 'Slowbro', 'Jynx', 'Snorlax']","['Mew', 'Exeggutor', 'Snorlax', 'Tauros']",14,5,3
gen1ubers-977230983,[Gen 1] UBERS,2019-09-17 03:09:30,,delcatty31981,tailwhip2839,tailwhip2839,False,"['Exeggutor', 'Mewtwo', 'Mew', 'Electrode', 'Jynx', 'Chansey']","['Mew', 'Exeggutor', 'Mewtwo', 'Tauros', 'Chansey', 'Snorlax']",29,12,9
gen1ubers-788454451,[Gen 1] UBERS,2018-08-09 23:13:52,,raindance50399,machamp44590,raindance50399,False,"['Mew', 'Exeggutor', 'Mewtwo', 'Gengar', 'Chansey', 'Snorlax']","['Mewtwo', 'Mew', 'Exeggutor', 'Slowbro', 'Jynx', 'Chansey']",59,12,10
smogtours-gen1ubers-777990,[Gen 1] UBERS,2024-07-02 16:45:41,,fissure61188,waterfall8105,fissure61188,False,"['Mew', 'Exeggutor', 'Mewtwo', 'Chansey', 'Snorlax']","['Mew', 'Exeggutor', 'Mewtwo', 'Tauros', 'Zapdos', 'Snorlax']",26,9,14
gen1ubers-713057770,[Gen 1] UBERS,2018-03-04 20:58:16,,skillswap74981,whiscash55136,skillswap74981,False,"['Mewtwo', 'Slowbro', 'Jynx', 'Chansey', 'Snorlax']","['Mewtwo', 'Mew', 'Tauros', 'Golem', 'Gengar', 'Alakazam']",42,5,9
smogtours-gen1ubers-701310,[Gen 1] UBERS,2023-07-06 14:33:53,,drapion2237,adaptability45192,adaptability45192,False,"['Mew', 'Mewtwo', 'Tauros', 'Slowbro', 'Zapdos', 'Chansey']","['Mewtwo', 'Mew', 'Gengar', 'Chansey', 'Snorlax', 'Dragonite']",86,21,20
smogtours-gen1ubers-820503,[Gen 1] UBERS,2025-02-16 19:46:34,,needlearm59980,hyperfang93007,needlearm59980,False,"['Mew', 'Exeggutor', 'Mewtwo', 'Tauros', 'Zapdos', 'Rhydon']","['Mewtwo', 'Mew', 'Tauros', 'Zapdos', 'Hypno', 'Snorlax']",42,9,13
gen1ubers-966013516,[Gen 1] UBERS,2019-08-25 23:18:49,,shinx255,foresight89801,foresight89801,False,"['Mewtwo', 'Exeggutor', 'Mew', 'Slowbro', 'Jynx', 'Chansey']","['Mewtwo', 'Mew', 'Slowbro', 'Gengar', 'Chansey']",67,5,6
gen1ubers-2053455021,[Gen 1] UBERS,2024-02-07 00:09:35,,arceuswater624,oblivious90777,oblivious90777,False,"['Exeggutor', 'Mew', 'Mewtwo', 'Tauros', 'Ditto', 'Snorlax']","['Mew', 'Mewtwo', 'Exeggutor', 'Aerodactyl', 'Chansey', 'Snorlax']",61,15,14
rom-gen1ubers-479078,[Gen 1] UBERS,2018-12-13 15:36:44,,constrict58938,sudowoodo17153,constrict58938,False,"['Slowbro', 'Snorlax', 'Zapdos']","['Mewtwo', 'Mew', 'Slowbro', 'Jynx', 'Chansey', 'Snorlax']",36,2,8
gen1ubers-1136222215,[Gen 1] UBERS,2020-06-20 18:25:00,,roselia30851,lifeorb26007,lifeorb26007,False,"['Starmie', 'Mew', 'Mewtwo', 'Zapdos', 'Golem', 'Snorlax']","['Exeggutor', 'Mew', 'Tauros', 'Slowbro', 'Snorlax']",74,13,9
gen1ubers-351604487,[Gen 1] UBERS,2016-03-29 17:43:13,,yanma71447,stantler31509,yanma71447,False,"['Mew', 'Exeggutor', 'Lapras', 'Tauros', 'Chansey', 'Snorlax']","['Mew', 'Exeggutor', 'Tauros', 'Chansey', 'Snorlax', 'Alakazam']",50,13,20
gen1ubers-1127870699,[Gen 1] UBERS,2020-06-06 13:18:10,1051,cheriberry30798,sunstone95718,sunstone95718,True,"['Starmie', 'Mew', 'Mewtwo', 'Jolteon', 'Slowbro']","['Jynx', 'Mewtwo', 'Rhydon']",45,6,5
gen1ubers-777128106,[Gen 1] UBERS,2018-07-17 17:13:48,,raindance50399,waveincense51112,waveincense51112,True,"['Mew', 'Exeggutor', 'Mewtwo', 'Tauros', 'Chansey', 'Snorlax']","['Mewtwo', 'Exeggutor', 'Mew', 'Jynx', 'Chansey', 'Snorlax']",38,15,11
gen1ubers-826390255,[Gen 1] UBERS,2018-10-27 12:57:33,,scopelens90277,return265,scopelens90277,False,"['Mew', 'Exeggutor', 'Tauros', 'Gengar', 'Chansey', 'Snorlax']","['Exeggutor', 'Mew', 'Tauros', 'Jynx', 'Chansey', 'Snorlax']",44,13,15
gen1ubers-2117804065,[Gen 1] UBERS,2024-05-04 18:47:22,,ursaring2215,transform68304,transform68304,False,"['Scyther', 'Venomoth', 'Butterfree', 'Pinsir', 'Parasect', 'Beedrill']","['Slowbro', 'Starmie', 'Exeggutor', 'Hypno']",22,6,3
gen1ubers-1132064845,[Gen 1] UBERS,2020-06-13 17:36:47,,nightslash51995,waterpulse35893,nightslash51995,False,"['Exeggutor', 'Mewtwo', 'Tauros', 'Slowbro', 'Snorlax']","['Exeggutor', 'Mewtwo', 'Mew', 'Gengar', 'Chansey', 'Snorlax']",36,6,13
gen1ubers-842359223,[Gen 1] UBERS,2018-12-30 15:45:12,,bounce28917,focussash73318,focussash73318,False,['Mewtwo'],['Zapdos'],10,0,0
gen1ubers-2174154575,[Gen 1] UBERS,2024-08-05 20:18:25,1080,flameorb82633,fling62385,fling62385,True,"['Mew', 'Mewtwo', 'Slowbro', 'Chansey', 'Snorlax', 'Alakazam']","['Mew', 'Snorlax', 'Zapdos']",30,7,2
gen1ubers-684193805,[Gen 1] UBERS,2018-01-05 01:24:55,,woodhammer83701,hypno99223,woodhammer83701,False,['Pikachu'],['Onix'],57,0,0
gen1ubers-921354845,[Gen 1] UBERS,2019-06-03 11:18:27,1202,dialga48280,superluck27737,superluck27737,True,"['Mew', 'Mewtwo', 'Slowbro', 'Gengar', 'Chansey', 'Snorlax']","['Starmie', 'Mew', 'Exeggutor', 'Mewtwo', 'Chansey']",30,10,6
gen1ubers-2313947507,[Gen 1] UBERS,2025-03-06 20:04:52,,watergun79426,spark69293,spark69293,False,"['Starmie', 'Exeggutor', 'Slowbro', 'Jynx', 'Hypno', 'Alakazam']","['Starmie', 'Charizard', 'Tauros', 'Slowbro', 'Chansey', 'Alakazam']",70,7,5
gen1ubers-825213467,[Gen 1] UBERS,2018-11-23 21:56:01,,rest20747,stomp30555,rest20747,False,"['Starmie', 'Jolteon', 'Sandslash', 'Kabutops', 'Venusaur', 'Articuno']","['Moltres', 'Lapras', 'Magneton', 'Nidoqueen', 'Poliwrath', 'Gengar']",34,11,10
smogtours-gen1ubers-698499,[Gen 1] UBERS,2023-06-22 17:03:45,,aurasphere76841,alakazam8068,aurasphere76841,True,"['Mewtwo', 'Mew', 'Tauros', 'Slowbro', 'Chansey', 'Snorlax']","['Mew', 'Mewtwo', 'Tauros', 'Chansey', 'Hypno', 'Snorlax']",95,16,17
gen1ubers-2089734502,[Gen 1] UBERS,2024-03-26 19:54:55,,calmmind8048,glaceon14796,glaceon14796,False,"['Cloyster', 'Exeggutor', 'Mewtwo', 'Mew', 'Chansey', 'Snorlax']","['Mew', 'Mewtwo', 'Tauros', 'Zapdos', 'Chansey', 'Rhydon']",197,14,13
gen1ubers-1142311877,[Gen 1] UBERS,2020-06-30 02:30:28,,tailwhip2839,gunkshot9424,gunkshot9424,True,"['Mewtwo', 'Exeggutor', 'Mew', 'Tauros', 'Chansey', 'Snorlax']","['Mewtwo', 'Mew', 'Slowbro', 'Jynx', 'Snorlax']",47,10,11
china-gen1ubers-206003,[Gen 1] UBERS,2019-07-05 13:00:22,,drapion2237,psncureberry24139,drapion2237,False,"['Exeggutor', 'Mew', 'Mewtwo', 'Tauros', 'Slowbro', 'Jynx']","['Mew', 'Mewtwo', 'Exeggutor', 'Tauros', 'Golem', 'Chansey']",28,11,14
gen1ubers-905125464,[Gen 1] UBERS,2019-05-06 20:33:10,,switcheroo96640,thunder49799,thunder49799,True,"['Mew', 'Mewtwo', 'Golem', 'Gengar', 'Chansey', 'Snorlax']","['Exeggutor', 'Mew', 'Tauros', 'Slowbro', 'Snorlax']",30,11,6
gen1ubers-404333795,[Gen 1] UBERS,2016-07-23 21:28:08,,electric50444,acidarmor32438,acidarmor32438,False,"['Cloyster', 'Lapras', 'Golem', 'Gengar', 'Rhydon', 'Alakazam']","['Cloyster', 'Exeggutor', 'Lapras', 'Jolteon', 'Rhydon', 'Alakazam']",34,18,12
smogtours-gen1ubers-522726,[Gen 1] UBERS,2020-10-17 17:50:10,,drapion56609,starfberry84995,starfberry84995,True,"['Mewtwo', 'Jynx', 'Chansey', 'Rhydon', 'Articuno']","['Mew', 'Exeggutor', 'Mewtwo', 'Tauros', 'Slowbro', 'Snorlax']",38,12,10
gen1ubers-1021494188,[Gen 1] UBERS,2019-12-02 21:20:07,,glalie56367,domefossil71379,glalie56367,True,"['Mew', 'Exeggutor', 'Mewtwo', 'Slowbro', 'Jynx', 'Chansey']","['Exeggutor', 'Mew', 'Mewtwo', 'Gengar', 'Chansey', 'Snorlax']",76,8,18
gen1ubers-2117790907,[Gen 1] UBERS,2024-05-04 18:20:10,,metalcoat45187,transform68304,metalcoat45187,False,"['Magneton', 'Raichu', 'Electrode', 'Electabuzz']","['Jynx', 'Slowbro', 'Mr. Mime', 'Kadabra']",25,7,5
rom-gen1ubers-479048,[Gen 1] UBERS,2018-12-13 15:17:23,,constrict58938,sudowoodo17153,constrict58938,False,"['Mew', 'Snorlax', 'Zapdos']","['Mewtwo', 'Mew', 'Slowbro', 'Jynx', 'Chansey', 'Snorlax']",24,2,7
rom-gen1ubers-479095,[Gen 1] UBERS,2018-12-13 15:44:12,,constrict58938,sudowoodo17153,constrict58938,False,"['Mewtwo', 'Slowbro', 'Zapdos', 'Chansey', 'Snorlax']","['Mewtwo', 'Mew', 'Slowbro', 'Jynx', 'Chansey', 'Snorlax']",34,4,10
gen1ubers-619605521,[Gen 1] UBERS,2017-08-19 11:38:48,,hoothoot99381,magnetrise41863,magnetrise41863,False,"['Growlithe', 'Mew', 'Nidoran-M', 'Zubat', 'Weedle', 'Krabby']","['Moltres', 'Gengar', 'Dewgong', 'Mewtwo']",20,6,3
gen1ubers-1128595007,[Gen 1] UBERS,2020-06-07 18:48:12,,shieldon58011,harden70835,shieldon58011,True,"['Starmie', 'Mewtwo']","['Mewtwo', 'Zapdos', 'Gyarados', 'Arcanine', 'Dragonite']",16,2,4
gen1ubers-1047593367,[Gen 1] UBERS,2020-01-16 21:09:40,,persimberry6722,sonicboom31235,sonicboom31235,False,"['Butterfree', 'Raticate', 'Nidoqueen', 'Charmeleon', 'Gyarados', 'Gastly']","['Nidoqueen', 'Horsea', 'Gloom', 'Charmeleon', 'Mankey', 'Fearow']",36,13,9
gen1ubers-851241946,[Gen 1] UBERS,2019-01-20 01:35:34,,upgrade40744,firefang33388,upgrade40744,False,"['Exeggutor', 'Mewtwo', 'Mew', 'Slowbro', 'Jynx', 'Chansey']","['Mewtwo', 'Mew', 'Exeggutor', 'Slowbro', 'Jynx', 'Chansey']",74,17,10
gen1ubers-833921778,[Gen 1] UBERS,2018-12-11 09:52:18,,omanyte8307,doublekick47112,doublekick47112,False,['Mew'],['Mewtwo'],14,0,0
rom-gen1ubers-470360,[Gen 1] UBERS,2018-12-04 17:31:20,,constrict58938,sudowoodo17153,constrict58938,False,"['Mew', 'Slowbro', 'Zapdos', 'Chansey', 'Snorlax']","['Mewtwo', 'Mew', 'Slowbro', 'Jynx', 'Chansey', 'Snorlax']",25,5,8
gen1ubers-1098492214,[Gen 1] UBERS,2020-04-17 20:05:01,,absol22092,skitty58942,absol22092,False,"['Kingler', 'Cloyster', 'Lapras', 'Gyarados', 'Blastoise']","['Pidgeot', 'Vileplume', 'Golem', 'Dewgong', 'Pikachu', 'Tentacruel']",36,5,10
gen1ubers-619610596,[Gen 1] UBERS,2017-08-19 12:03:22,,magnetrise41863,hoothoot99381,magnetrise41863,False,"['Gengar', 'Dewgong', 'Dragonair']","['Growlithe', 'Mew', 'Nidoran-M', 'Zubat', 'Weedle', 'Krabby']",32,2,7
smogtours-gen1ubers-656381,[Gen 1] UBERS,2022-10-22 18:42:26,,bidoof62502,arceusghost8496,arceusghost8496,True,"['Mewtwo', 'Mew', 'Exeggutor', 'Gengar', 'Chansey', 'Snorlax']","['Mewtwo', 'Mew', 'Slowbro', 'Zapdos', 'Chansey', 'Snorlax']",225,48,30
gen1ubers-858280874,[Gen 1] UBERS,2019-02-04 22:10:06,,krabby97145,acid42394,krabby97145,True,"['Mew', 'Mewtwo', 'Zapdos', 'Jynx', 'Chansey', 'Snorlax']","['Exeggutor', 'Mew', 'Mewtwo', 'Tauros', 'Chansey', 'Snorlax']",90,15,18
smogtours-gen1ubers-732777,[Gen 1] UBERS,2023-11-26 20:27:31,,steel89481,mudsport71981,steel89481,False,"['Mewtwo', 'Exeggutor', 'Mew', 'Tauros', 'Chansey', 'Snorlax']","['Mewtwo', 'Mew', 'Slowbro', 'Zapdos', 'Gengar', 'Snorlax']",51,13,19
gen1ubers-651896371,[Gen 1] UBERS,2017-10-29 03:50:04,,miltank57341,woodhammer83701,woodhammer83701,False,"['Machamp', 'Rhydon', 'Kingler']","['Pidgeotto', 'Bulbasaur', 'Squirtle']",18,5,2
gen1ubers-824580027,[Gen 1] UBERS,2018-10-23 19:39:44,,naturalcure76962,psychic88844,naturalcure76962,True,"['Mewtwo', 'Exeggutor', 'Mew', 'Slowbro', 'Gengar', 'Snorlax']","['Mewtwo', 'Mew', 'Slowbro', 'Jynx', 'Chansey', 'Snorlax']",31,8,12
smogtours-gen1ubers-606550,[Gen 1] UBERS,2022-02-04 17:21:54,,deoxysdefense78874,synchronize14428,deoxysdefense78874,True,"['Mewtwo', 'Exeggutor', 'Jolteon', 'Chansey', 'Snorlax']","['Exeggutor', 'Mewtwo', 'Gengar', 'Chansey', 'Snorlax']",21,6,9
gen1ubers-966427336,[Gen 1] UBERS,2019-08-26 20:01:07,,slakoth53488,metang73793,slakoth53488,False,"['Mew', 'Mewtwo', 'Exeggutor', 'Tauros', 'Slowbro', 'Snorlax']","['Mewtwo', 'Mew', 'Exeggutor', 'Tauros', 'Slowbro', 'Snorlax']",186,10,8
smogtours-gen1ubers-147628,[Gen 1] UBERS,2016-04-07 19:45:58,,lick83288,focusenergy12335,lick83288,True,"['Starmie', 'Tauros', 'Chansey', 'Snorlax', 'Dragonite']","['Exeggutor', 'Mew', 'Tauros', 'Jynx', 'Chansey', 'Snorlax']",90,7,29
gen1ubers-2180342424,[Gen 1] UBERS,2024-08-15 02:00:02,1002,arceus51133,spinda10951,arceus51133,False,"['Mewtwo', 'Snorlax', 'Zapdos', 'Tauros']","['Cloyster', 'Exeggutor', 'Electrode', 'Gengar', 'Alakazam', 'Vaporeon']",22,3,6
smogtours-gen1ubers-846430,[Gen 1] UBERS,2025-05-29 00:30:25,,status34375,wacanberry11962,wacanberry11962,False,"['Mewtwo', 'Exeggutor', 'Mew', 'Slowbro', 'Rhydon', 'Snorlax']","['Mew', 'Exeggutor', 'Mewtwo', 'Tauros', 'Chansey', 'Rhydon']",37,12,10
gen1ubers-1126469118,[Gen 1] UBERS,2020-06-04 05:42:12,,tailwhip2839,gunkshot9424,gunkshot9424,False,"['Mew', 'Mewtwo', 'Exeggutor', 'Tauros', 'Chansey', 'Snorlax']","['Exeggutor', 'Mew', 'Tauros', 'Slowbro', 'Snorlax']",34,10,5
gen1ubers-2172163881,[Gen 1] UBERS,2024-08-02 18:39:50,1076,weepinbell68120,endeavor18222,endeavor18222,False,"['Mew', 'Mewtwo', 'Zapdos', 'Chansey', 'Rhydon', 'Snorlax']","['Starmie', 'Mew', 'Mewtwo', 'Chansey', 'Rhydon', 'Snorlax']",89,13,17
gen1ubers-1045257320,[Gen 1] UBERS,2020-01-12 22:05:01,,venonat8901,stoneedge33105,stoneedge33105,True,"['Ninetales', 'Pinsir', 'Gengar', 'Snorlax', 'Blastoise']","['Jynx', 'Victreebel', 'Persian', 'Golem']",16,4,4
gen1ubers-1050530220,[Gen 1] UBERS,2020-01-22 02:02:47,,whitesmoke42652,muddywater69259,muddywater69259,True,"['Golduck', 'Muk', 'Dugtrio', 'Charmeleon', 'Golbat']","['Slowbro', 'Jolteon', 'Dragonite']",10,4,2
gen1ubers-746614737,[Gen 1] UBERS,2018-05-13 04:12:29,,arceuswater19348,taillow66737,arceuswater19348,False,"['Mew', 'Mewtwo', 'Slowbro', 'Gengar', 'Chansey', 'Snorlax']","['Moltres', 'Mew', 'Mewtwo', 'Zapdos', 'Snorlax', 'Articuno']",33,8,13
smogtours-gen1ubers-839686,[Gen 1] UBERS,2025-05-04 20:13:45,,poisonpowder88566,iceball26708,poisonpowder88566,False,"['Exeggutor', 'Mewtwo', 'Mew', 'Tauros', 'Jynx', 'Snorlax']","['Cloyster', 'Mewtwo', 'Mew', 'Electrode', 'Victreebel', 'Dragonite']",26,12,7
rom-gen1ubers-468449,[Gen 1] UBERS,2018-12-02 21:06:38,,constrict58938,sudowoodo17153,constrict58938,False,"['Chansey', 'Mew', 'Snorlax', 'Zapdos']","['Mewtwo', 'Mew', 'Slowbro', 'Jynx', 'Chansey', 'Snorlax']",23,3,9
smogtours-gen1ubers-146134,[Gen 1] UBERS,2016-04-03 10:48:41,,zoomlens15496,leer23545,leer23545,True,"['Exeggutor', 'Mew', 'Jolteon', 'Tauros', 'Gengar', 'Snorlax']","['Gengar', 'Chansey', 'Exeggutor', 'Snorlax']",32,7,8
smogtours-gen1ubers-677539,[Gen 1] UBERS,2023-02-26 19:26:59,,skullbash4784,belueberry81130,belueberry81130,True,"['Mewtwo', 'Mew', 'Tauros', 'Zapdos', 'Chansey', 'Snorlax']","['Mew', 'Mewtwo', 'Chansey', 'Snorlax', 'Rhydon', 'Alakazam']",51,13,12
gen1ubers-2289923723,[Gen 1] UBERS,2025-01-28 16:34:58,,dryskin96179,griseousorb20931,dryskin96179,False,['Chansey'],['Snorlax'],20,0,0
gen1ubers-2273921156,[Gen 1] UBERS,2025-01-02 21:57:30,,facade60368,pelipper48923,pelipper48923,False,"['Mew', 'Mewtwo', 'Zapdos', 'Gengar', 'Chansey', 'Snorlax']","['Mewtwo', 'Mew', 'Exeggutor', 'Golem', 'Jynx']",37,7,5
gen1ubers-651556546,[Gen 1] UBERS,2017-10-28 12:26:09,,mefirst94337,powerherb16934,mefirst94337,False,"['Exeggutor', 'Mewtwo', 'Mew', 'Gengar', 'Chansey', 'Snorlax']","['Mewtwo', 'Exeggutor', 'Mew', 'Tauros', 'Zapdos', 'Snorlax']",71,13,12
gen1ubers-1126895647,[Gen 1] UBERS,2020-06-04 21:39:12,,rotom95030,wurmple99911,rotom95030,False,"['Mew', 'Exeggutor', 'Mewtwo', 'Tauros', 'Chansey', 'Snorlax']","['Mew', 'Exeggutor', 'Mewtwo', 'Tauros', 'Slowbro', 'Snorlax']",75,11,15
gen1ubers-824847109,[Gen 1] UBERS,2018-11-23 03:22:11,,amnesia63784,onix26883,amnesia63784,False,"['Golem', 'Electabuzz', 'Victreebel', 'Gyarados']","['Kingler', 'Onix', 'Zapdos', 'Muk', 'Magmar', 'Tentacruel']",35,11,15
gen1ubers-348234839,[Gen 1] UBERS,2016-03-22 18:51:48,,icepunch89670,yanma71447,yanma71447,False,"['Mew', 'Exeggutor', 'Tauros', 'Jynx', 'Chansey', 'Snorlax']","['Starmie', 'Exeggutor', 'Mew', 'Tauros', 'Gengar', 'Chansey']",51,19,19
gen1ubers-722619313,[Gen 1] UBERS,2018-03-24 06:01:08,,camerupt36808,zubat69045,zubat69045,False,"['Tauros', 'Slowbro', 'Electrode', 'Arbok', 'Persian', 'Alakazam']","['Starmie', 'Tauros', 'Zapdos', 'Chansey', 'Snorlax']",40,7,4
gen1ubers-900808192,[Gen 1] UBERS,2019-04-29 05:00:13,,machamp44590,trick33871,machamp44590,False,"['Electrode', 'Chansey']","['Onix', 'Gengar', 'Electrode']",57,18,5
gen1ubers-701878681,[Gen 1] UBERS,2018-02-10 06:57:38,,aggron60452,sacredfire97645,sacredfire97645,True,"['Mew', 'Mewtwo', 'Slowbro', 'Gengar', 'Chansey', 'Snorlax']","['Golduck', 'Mew', 'Mewtwo', 'Slowbro', 'Poliwrath', 'Snorlax']",77,9,9
smogtours-gen1ubers-818245,[Gen 1] UBERS,2025-02-06 20:36:04,,stick47600,wacanberry11962,wacanberry11962,False,"['Cloyster', 'Mewtwo', 'Mew', 'Jolteon', 'Victreebel', 'Snorlax']","['Mew', 'Mewtwo', 'Exeggutor', 'Tauros', 'Zapdos', 'Rhydon']",52,12,16
gen1ubers-2173615292,[Gen 1] UBERS,2024-08-05 00:39:40,1000,foresight40004,gluttony10293,gluttony10293,False,"['Mewtwo', 'Mew', 'Jolteon', 'Tauros', 'Chansey', 'Snorlax']",['Mewtwo'],22,5,0
smogtours-gen1ubers-680092,[Gen 1] UBERS,2023-03-12 18:32:56,,drillpeck8655,arceusghost8496,arceusghost8496,False,"['Mewtwo', 'Mew', 'Zapdos', 'Gengar', 'Chansey', 'Snorlax']","['Mewtwo', 'Mew', 'Zapdos', 'Gengar', 'Chansey', 'Snorlax']",82,16,23
smogtours-gen1ubers-748454,[Gen 1] UBERS,2024-02-18 21:04:59,,mudsport71981,fissure61188,fissure61188,False,"['Mewtwo', 'Mew', 'Tauros', 'Gengar', 'Snorlax', 'Dragonite']","['Mew', 'Exeggutor', 'Mewtwo', 'Zapdos', 'Rhydon', 'Snorlax']",137,23,34
smogtours-gen1ubers-701316,[Gen 1] UBERS,2023-07-06 14:56:00,,drapion2237,adaptability45192,adaptability45192,False,"['Mew', 'Mewtwo', 'Slowbro', 'Jynx', 'Chansey', 'Rhydon']","['Exeggutor', 'Mewtwo', 'Mew', 'Tauros', 'Chansey', 'Snorlax']",85,23,25
gen1ubers-2174772908,[Gen 1] UBERS,2024-08-06 18:22:08,1064,nightshade98279,repeatball39169,repeatball39169,True,"['Mew', 'Mewtwo', 'Tauros', 'Gengar', 'Articuno']","['Chansey', 'Exeggutor', 'Mewtwo', 'Tauros']",28,5,3
gen1ubers-1132059132,[Gen 1] UBERS,2020-06-13 17:27:11,,nightslash51995,waterpulse35893,waterpulse35893,True,"['Mew', 'Exeggutor', 'Mewtwo', 'Tauros', 'Slowbro', 'Snorlax']","['Mewtwo', 'Exeggutor', 'Mew', 'Tauros', 'Chansey', 'Snorlax']",42,10,11
smogtours-gen1ubers-594805,[Gen 1] UBERS,2021-11-24 19:41:33,,trick28969,synchronize14428,synchronize14428,False,"['Mew', 'Mewtwo', 'Exeggutor', 'Tauros', 'Slowbro', 'Snorlax']","['Exeggutor', 'Mewtwo', 'Mew', 'Gengar', 'Chansey', 'Snorlax']",174,23,20
gen1ubers-621578025,[Gen 1] UBERS,2017-08-23 20:27:41,,magnetrise41863,monferno30755,magnetrise41863,False,"['Gengar', 'Mewtwo']","['Kabuto', 'Rattata', 'Ditto', 'Kakuna', 'Beedrill', 'Gastly']",13,1,6
smogtours-gen1ubers-145901,[Gen 1] UBERS,2016-04-02 21:55:19,,aftermath21478,heatrock37333,heatrock37333,False,"['Starmie', 'Mew', 'Tauros', 'Chansey', 'Snorlax', 'Alakazam']","['Mew', 'Exeggutor', 'Jolteon', 'Tauros', 'Chansey', 'Snorlax']",35,12,8
smogtours-gen1ubers-650332,[Gen 1] UBERS,2022-09-24 18:21:21,,psn38480,iceball26708,iceball26708,True,"['Exeggutor', 'Mewtwo', 'Mew', 'Tauros', 'Chansey', 'Snorlax']","['Starmie', 'Mew', 'Mewtwo', 'Chansey', 'Rhydon', 'Snorlax']",84,16,20
gen1ubers-1135908739,[Gen 1] UBERS,2020-06-20 04:38:38,,hardstone97978,bulletseed19358,hardstone97978,False,"['Caterpie', 'Weedle', 'Venonat', 'Paras']","['Caterpie', 'Weedle', 'Venonat', 'Paras']",23,3,5
smogtours-gen1ubers-586946,[Gen 1] UBERS,2021-10-16 17:23:51,,synchronize14428,innerfocus91859,synchronize14428,True,"['Starmie', 'Mew', 'Mewtwo', 'Exeggutor', 'Chansey', 'Snorlax']","['Starmie', 'Mewtwo', 'Mew', 'Tauros', 'Chansey', 'Snorlax']",110,32,28
smogtours-gen1ubers-631781,[Gen 1] UBERS,2022-06-12 16:10:02,,beedrill8051,psn38480,beedrill8051,True,"['Starmie', 'Mew', 'Mewtwo', 'Chansey', 'Snorlax', 'Golbat']","['Exeggutor', 'Mewtwo', 'Mew', 'Electrode', 'Golem', 'Snorlax']",40,13,14
gen1ubers-2301368801,[Gen 1] UBERS,2025-02-15 17:57:28,,tailwhip2839,goldberry53422,tailwhip2839,True,"['Chansey', 'Exeggutor', 'Mewtwo', 'Tauros']","['Mewtwo', 'Jolteon', 'Slowbro', 'Chansey', 'Snorlax']",46,4,7
gen1ubers-913963993,[Gen 1] UBERS,2019-05-22 00:36:08,,rocksmash74366,acidarmor58327,rocksmash74366,False,"['Mewtwo', 'Charizard', 'Rhyhorn', 'Ivysaur', 'Pikachu', 'Blastoise']","['Mewtwo', 'Charizard', 'Eevee', 'Ditto', 'Gyarados', 'Dragonite']",45,9,6
smogtours-gen1ubers-704693,[Gen 1] UBERS,2023-07-22 11:05:36,,drapion2237,deoxysdefense78874,drapion2237,True,"['Mew', 'Mewtwo', 'Chansey', 'Snorlax', 'Persian', 'Alakazam']","['Mew', 'Exeggutor', 'Mewtwo', 'Zapdos', 'Chansey', 'Snorlax']",50,9,15
gen1ubers-2180503551,[Gen 1] UBERS,2024-08-15 09:00:30,,megakick77974,magikarp61573,megakick77974,False,['Moltres'],['Flareon'],39,0,0
gen1ubers-739739354,[Gen 1] UBERS,2018-04-29 01:57:06,,drifblim84361,eevee75445,eevee75445,False,"['Voltorb', 'Jolteon', 'Raichu', 'Electabuzz', 'Magnemite']","['Nidoking', 'Raticate', 'Drowzee', 'Pikachu', 'Primeape']",28,4,6
smogtours-gen1ubers-697864,[Gen 1] UBERS,2023-06-18 03:52:25,,drapion2237,arceusghost8496,drapion2237,False,"['Exeggutor', 'Mewtwo', 'Mew', 'Slowbro', 'Zapdos', 'Chansey']","['Mew', 'Exeggutor', 'Mewtwo', 'Chansey', 'Snorlax', 'Dragonite']",65,21,24
gen1ubers-777673713,[Gen 1] UBERS,2018-07-18 19:04:52,,raindance50399,dialga48280,raindance50399,True,"['Mewtwo', 'Mew', 'Exeggutor', 'Jynx', 'Chansey', 'Snorlax']","['Mewtwo', 'Exeggutor', 'Mew', 'Gengar', 'Chansey', 'Snorlax']",63,16,20
smogtours-gen1ubers-786103,[Gen 1] UBERS,2024-08-17 23:37:49,,rockslide51850,psn38480,rockslide51850,True,"['Mewtwo', 'Exeggutor', 'Mew', 'Zapdos', 'Gengar', 'Snorlax']","['Mew', 'Exeggutor', 'Mewtwo', 'Slowbro', 'Zapdos', 'Snorlax']",51,15,14
smogtours-gen1ubers-609992,[Gen 1] UBERS,2022-02-22 22:15:02,,powdersnow17473,dig95510,dig95510,False,"['Mew', 'Mewtwo', 'Exeggutor', 'Tauros', 'Slowbro', 'Snorlax']","['Mew', 'Exeggutor', 'Mewtwo', 'Tauros', 'Chansey', 'Snorlax']",26,7,8
smogtours-gen1ubers-812505,[Gen 1] UBERS,2025-01-03 22:23:00,,fissure61188,ponyta53394,ponyta53394,False,"['Exeggutor', 'Mew', 'Mewtwo', 'Tauros', 'Jynx', 'Snorlax']","['Starmie', 'Mew', 'Mewtwo', 'Exeggutor', 'Zapdos', 'Snorlax']",52,16,13
rom-gen1ubers-484252,[Gen 1] UBERS,2018-12-18 23:09:52,,constrict58938,sudowoodo17153,constrict58938,False,"['Mew', 'Slowbro', 'Zapdos', 'Chansey', 'Snorlax']","['Exeggutor', 'Mewtwo', 'Mew', 'Slowbro', 'Jynx', 'Chansey']",55,4,6
smogtours-gen1ubers-594941,[Gen 1] UBERS,2021-11-26 17:25:36,,staraptor1805,synchronize14428,synchronize14428,True,"['Exeggutor', 'Mewtwo', 'Tauros', 'Slowbro', 'Snorlax']","['Exeggutor', 'Mewtwo', 'Mew', 'Gengar', 'Chansey']",24,7,7
gen1ubers-2249681654,[Gen 1] UBERS,2024-11-23 18:29:46,,trace71320,calmmind8048,trace71320,False,"['Mew', 'Mewtwo', 'Zapdos', 'Gengar', 'Chansey', 'Snorlax']","['Mew', 'Mewtwo', 'Butterfree', 'Muk', 'Parasect', 'Beedrill']",55,5,8
smogtours-gen1ubers-797685,[Gen 1] UBERS,2024-10-12 19:10:28,,psn38480,aeroblast8709,psn38480,False,"['Starmie', 'Exeggutor', 'Mewtwo', 'Slowbro', 'Snorlax']","['Mew', 'Exeggutor', 'Jolteon', 'Mewtwo', 'Tauros', 'Snorlax']",31,8,10
smogtours-gen1ubers-695880,[Gen 1] UBERS,2023-06-05 05:17:57,,mudsport71981,aggron30439,mudsport71981,True,"['Mewtwo', 'Exeggutor', 'Mew', 'Dodrio', 'Gengar', 'Snorlax']","['Mew', 'Mewtwo', 'Zapdos', 'Gengar', 'Chansey', 'Snorlax']",42,8,11
smogtours-gen1ubers-743031,[Gen 1] UBERS,2024-01-28 20:24:46,,castform97328,arceusghost8496,arceusghost8496,False,"['Mewtwo', 'Mew', 'Zapdos', 'Jynx', 'Chansey', 'Snorlax']","['Mew', 'Mewtwo', 'Slowbro', 'Poliwrath', 'Victreebel', 'Rhydon']",76,29,11
gen1ubers-2176032564,[Gen 1] UBERS,2024-08-08 15:00:07,1093,illuminate30311,tailwind1994,illuminate30311,False,"['Exeggutor', 'Mewtwo', 'Mew', 'Golem', 'Chansey', 'Snorlax']","['Mew', 'Mewtwo', 'Slowbro', 'Chansey', 'Snorlax', 'Alakazam']",47,5,10
smogtours-gen1ubers-779112,[Gen 1] UBERS,2024-07-07 22:16:04,,mareep93864,arceusghost8496,arceusghost8496,False,"['Mewtwo', 'Exeggutor', 'Mew', 'Slowbro', 'Jynx', 'Snorlax']","['Mew', 'Exeggutor', 'Mewtwo', 'Zapdos', 'Rhydon', 'Snorlax']",135,26,27
gen1ubers-528985900,[Gen 1] UBERS,2017-02-05 13:04:37,,conversion284398,elekid48154,conversion284398,True,['Arbok'],"['Diglett', 'Magikarp']",16,0,2
gen1ubers-751287539,[Gen 1] UBERS,2018-05-22 19:34:16,,delcatty31981,dodrio50116,delcatty31981,False,"['Mewtwo', 'Venusaur', 'Blastoise']","['Mewtwo', 'Mew', 'Tauros', 'Slowbro', 'Chansey', 'Snorlax']",27,4,6
gen1ubers-825227936,[Gen 1] UBERS,2018-11-23 22:29:23,,rest20747,porygon83022,rest20747,False,"['Starmie', 'Jolteon', 'Sandslash', 'Clefable', 'Venusaur', 'Articuno']","['Pinsir', 'Slowbro', 'Machamp', 'Chansey', 'Raichu', 'Alakazam']",43,11,14
gen1ubers-558602410,[Gen 1] UBERS,2017-04-08 00:32:57,,meditate29709,woodhammer83701,woodhammer83701,False,"['Tangela', 'Weepinbell', 'Gloom']","['Sandshrew', 'Eevee', 'Shellder', 'Magnemite', 'Fearow']",25,2,6
gen1ubers-1117166497,[Gen 1] UBERS,2020-05-19 01:27:05,,bide32585,salacberry83852,bide32585,False,"['Mewtwo', 'Slowbro', 'Jynx', 'Chansey', 'Snorlax']","['Starmie', 'Mew', 'Mewtwo', 'Jolteon', 'Exeggutor', 'Chansey']",34,6,10
gen1ubers-925150921,[Gen 1] UBERS,2019-06-09 17:26:43,,astonish14368,machoke14723,astonish14368,False,"['Mewtwo', 'Mew', 'Lapras', 'Gengar', 'Chansey', 'Rhydon']","['Mew', 'Mewtwo', 'Tauros', 'Chansey', 'Snorlax', 'Dragonite']",60,10,11
gen1ubers-1134361505,[Gen 1] UBERS,2020-06-17 19:21:49,,synchronize7839,mefirst94337,mefirst94337,True,"['Jynx', 'Chansey', 'Mew', 'Slowbro']","['Chansey', 'Zapdos', 'Tauros']",10,4,3
gen1ubers-777175470,[Gen 1] UBERS,2018-07-17 18:39:30,,raindance50399,machamp44590,raindance50399,False,"['Mewtwo', 'Mew', 'Jynx', 'Chansey', 'Snorlax']","['Exeggutor', 'Mew', 'Mewtwo', 'Slowbro', 'Jynx', 'Chansey']",48,11,10
pokecommunity-gen1ubers-267090,[Gen 1] UBERS,2017-06-29 19:59:30,,highjumpkick2135,mewtwo23934,mewtwo23934,False,"['Mewtwo', 'Charizard', 'Eevee', 'Zapdos', 'Pikachu', 'Bulbasaur']","['Gengar', 'Alakazam', 'Snorlax']",29,8,2
smogtours-gen1ubers-673613,[Gen 1] UBERS,2023-02-06 20:40:34,,koffing28618,aurasphere76841,aurasphere76841,True,"['Mewtwo', 'Mew', 'Tauros', 'Slowbro', 'Chansey', 'Snorlax']","['Mewtwo', 'Mew', 'Tauros', 'Slowbro', 'Chansey', 'Snorlax']",258,84,77
gen1ubers-922379987,[Gen 1] UBERS,2019-06-05 01:21:45,,rotom44224,domefossil28585,rotom44224,True,"['Mewtwo', 'Tauros', 'Gengar', 'Chansey', 'Rhydon']","['Cloyster', 'Mew', 'Mewtwo', 'Onix', 'Zapdos', 'Ditto']",119,9,8
smogtours-gen1ubers-181915,[Gen 1] UBERS,2016-07-30 18:14:49,,unburden21319,zoomlens15496,unburden21319,False,"['Mewtwo', 'Tauros', 'Jynx', 'Chansey', 'Snorlax']","['Exeggutor', 'Mewtwo', 'Tauros', 'Slowbro', 'Snorlax', 'Alakazam']",52,8,12
gen1ubers-526830150,[Gen 1] UBERS,2017-02-01 04:03:49,,miltank57341,woodhammer83701,miltank57341,False,"['Tangela', 'Weepinbell']","['Sandshrew', 'Vulpix', 'Eevee', 'Magnemite', 'Fearow']",36,1,7
gen1ubers-2178232085,[Gen 1] UBERS,2024-08-11 23:14:53,1072,aeroblast79486,parasect7600,aeroblast79486,False,"['Mewtwo', 'Mew', 'Onix', 'Jynx', 'Snorlax', 'Beedrill']","['Mewtwo', 'Mew', 'Slowbro', 'Gengar', 'Chansey', 'Snorlax']",28,7,8
smogtours-gen1ubers-524401,[Gen 1] UBERS,2020-10-25 20:34:40,,koffing93492,sacredfire231,koffing93492,False,"['Starmie', 'Mew', 'Mewtwo', 'Tauros', 'Chansey', 'Snorlax']","['Mewtwo', 'Mew', 'Gengar', 'Chansey', 'Rhydon', 'Snorlax']",78,21,24
smogtours-gen1ubers-522367,[Gen 1] UBERS,2020-10-16 16:30:24,,koffing93492,quilava99512,quilava99512,True,"['Mew', 'Exeggutor', 'Mewtwo', 'Tauros', 'Chansey', 'Snorlax']","['Cloyster', 'Mew', 'Mewtwo', 'Gengar', 'Chansey', 'Snorlax']",187,19,18
gen1ubers-1136411075,[Gen 1] UBERS,2020-06-21 00:30:43,,quickattack41772,nomove47433,nomove47433,True,"['Mewtwo', 'Exeggutor', 'Tauros', 'Slowbro', 'Electrode', 'Snorlax']","['Mew', 'Mewtwo', 'Golem', 'Gengar', 'Chansey', 'Snorlax']",27,9,9
smogtours-gen1ubers-173198,[Gen 1] UBERS,2016-07-03 20:31:30,,noweather72418,magmarizer99130,noweather72418,True,"['Starmie', 'Mew', 'Exeggutor', 'Mewtwo', 'Chansey', 'Snorlax']","['Exeggutor', 'Mewtwo', 'Jolteon', 'Jynx', 'Chansey', 'Snorlax']",181,17,11
gen1ubers-784127691,[Gen 1] UBERS,2018-07-31 22:59:58,,raindance50399,tailwhip2839,tailwhip2839,True,"['Mewtwo', 'Mew', 'Exeggutor', 'Jynx', 'Chansey', 'Snorlax']","['Exeggutor', 'Mew', 'Mewtwo', 'Tauros', 'Chansey', 'Snorlax']",147,9,10
gen1ubers-924291037,[Gen 1] UBERS,2019-06-08 04:17:44,,bulletpunch59803,durinberry63002,durinberry63002,False,"['Mew', 'Exeggutor', 'Mewtwo', 'Tauros', 'Slowbro', 'Chansey']","['Mew', 'Exeggutor', 'Mewtwo', 'Zapdos', 'Chansey']",32,9,8
smogtours-gen1ubers-746421,[Gen 1] UBERS,2024-02-11 00:31:34,,quickclaw83695,snowwarning53744,snowwarning53744,False,"['Mewtwo', 'Exeggutor', 'Mew', 'Slowbro', 'Rhydon', 'Snorlax']","['Mew', 'Mewtwo', 'Exeggutor', 'Tauros', 'Rhydon', 'Snorlax']",48,11,10
gen1ubers-1057141975,[Gen 1] UBERS,2020-02-03 11:48:20,,medicham64289,shedskin8172,medicham64289,False,"['Jynx', 'Chansey', 'Exeggutor', 'Mewtwo']","['Cloyster', 'Scyther', 'Venusaur', 'Gengar', 'Alakazam', 'Dragonite']",21,3,7
gen1ubers-572273291,[Gen 1] UBERS,2017-05-06 02:25:00,,woodhammer83701,miltank57341,woodhammer83701,False,"['Pidgeotto', 'Butterfree']","['Starmie', 'Staryu']",36,1,1
smogtours-gen1ubers-698487,[Gen 1] UBERS,2023-06-22 16:19:06,,simple96847,golem77587,golem77587,True,"['Mewtwo', 'Exeggutor', 'Mew', 'Tauros', 'Chansey', 'Snorlax']","['Cloyster', 'Mewtwo', 'Mew', 'Tauros', 'Chansey', 'Snorlax']",37,8,13
gen1ubers-1095870325,[Gen 1] UBERS,2020-04-13 11:45:44,,rotomheat45865,waveincense29191,waveincense29191,False,"['Mew', 'Mewtwo', 'Tauros', 'Zapdos', 'Chansey', 'Dragonite']","['Mew', 'Exeggutor', 'Snorlax', 'Tauros']",26,5,4
gen1ubers-2306857892,[Gen 1] UBERS,2025-02-24 13:31:49,,croagunk83934,hippopotas53949,croagunk83934,False,"['Mewtwo', 'Chansey', 'Rhydon', 'Alakazam', 'Dragonite', 'Articuno']","['Cloyster', 'Mewtwo', 'Mew', 'Chansey', 'Snorlax', 'Alakazam']",41,5,6
smogtours-gen1ubers-74182,[Gen 1] UBERS,2015-07-11 15:40:26,,weedle49700,stench25210,weedle49700,True,"['Mewtwo', 'Exeggutor', 'Mew', 'Slowbro', 'Chansey', 'Snorlax']","['Mew', 'Mewtwo', 'Slowbro', 'Gengar', 'Chansey', 'Snorlax']",53,7,11
gen1ubers-2182830406,[Gen 1] UBERS,2024-08-18 21:52:28,1131,vulpix11801,tangrowth23890,tangrowth23890,False,"['Mew', 'Exeggutor', 'Mewtwo', 'Slowbro', 'Chansey', 'Snorlax']","['Mew', 'Exeggutor', 'Mewtwo', 'Tauros', 'Chansey', 'Snorlax']",54,12,7
smogtours-gen1ubers-816038,[Gen 1] UBERS,2025-01-26 00:30:42,,quagsire52408,psn38480,quagsire52408,True,"['Mew', 'Mewtwo', 'Lapras', 'Exeggutor', 'Tauros', 'Snorlax']","['Starmie', 'Mew', 'Mewtwo', 'Exeggutor', 'Rhydon', 'Snorlax']",50,15,22
gen1ubers-2366409793,[Gen 1] UBERS,2025-05-18 06:00:25,,kangaskhan44566,mismagius33077,kangaskhan44566,False,"['Mew', 'Mewtwo', 'Zapdos', 'Lickitung', 'Snorlax', 'Articuno']","['Mew', 'Exeggutor', 'Jolteon', 'Mewtwo', 'Tauros', 'Lickitung']",57,8,33
gen1ubers-1135665649,[Gen 1] UBERS,2020-06-19 20:23:34,,naturalcure76962,amnesia25800,amnesia25800,True,"['Mewtwo', 'Exeggutor', 'Mew', 'Slowbro', 'Gengar', 'Snorlax']","['Mewtwo', 'Slowbro', 'Chansey', 'Snorlax', 'Alakazam']",49,8,8
smogtours-gen1ubers-144842,[Gen 1] UBERS,2016-03-30 21:26:21,,starly21199,arceus91588,starly21199,False,"['Mew', 'Tauros', 'Zapdos', 'Chansey', 'Snorlax', 'Alakazam']","['Exeggutor', 'Mew', 'Tauros', 'Gengar', 'Chansey', 'Snorlax']",57,13,15
gen1ubers-2171493394,[Gen 1] UBERS,2024-08-01 19:00:36,1058,hyperfang93007,endeavor18222,endeavor18222,False,"['Mew', 'Mewtwo', 'Slowbro', 'Jynx', 'Chansey', 'Snorlax']","['Mew', 'Mewtwo', 'Slowbro', 'Jynx', 'Chansey', 'Snorlax']",196,14,11
rom-gen1ubers-539543,[Gen 1] UBERS,2019-04-16 22:47:28,,constrict58938,sudowoodo17153,constrict58938,False,"['Mewtwo', 'Snorlax']","['Mewtwo', 'Mew', 'Slowbro', 'Jynx', 'Chansey', 'Snorlax']",23,1,13
gen1ubers-920407519,[Gen 1] UBERS,2019-06-01 19:12:10,1000,conversion222171,swagger41094,conversion222171,True,"['Exeggutor', 'Mew', 'Mewtwo', 'Zapdos', 'Gengar', 'Chansey']","['Mew', 'Mewtwo', 'Tauros', 'Chansey', 'Rhydon', 'Alakazam']",34,6,6
gen1ubers-2225847864,[Gen 1] UBERS,2024-10-18 18:25:50,,greatball86069,gloom50365,gloom50365,False,"['Starmie', 'Exeggutor', 'Tauros', 'Jynx', 'Rhydon', 'Alakazam']","['Starmie', 'Tauros', 'Zapdos', 'Gengar', 'Chansey', 'Rhydon']",30,14,6
smogtours-gen1ubers-672260,[Gen 1] UBERS,2023-02-01 00:28:01,,koffing28618,aquaring89206,aquaring89206,True,"['Mew', 'Mewtwo', 'Chansey', 'Snorlax', 'Alakazam', 'Dragonite']","['Chansey', 'Mew', 'Snorlax', 'Tauros']",21,6,3
gen1ubers-937721032,[Gen 1] UBERS,2019-07-01 01:38:59,,spinda56194,trick33871,trick33871,False,"['Mew', 'Exeggutor', 'Mewtwo', 'Slowbro', 'Jynx', 'Chansey']","['Exeggutor', 'Mewtwo', 'Mew', 'Tauros', 'Slowbro', 'Chansey']",96,20,20
smogtours-gen1ubers-603578,[Gen 1] UBERS,2022-01-20 09:01:10,,unknownability847,synchronize14428,unknownability847,True,"['Mewtwo', 'Exeggutor', 'Jolteon', 'Mew', 'Slowbro', 'Snorlax']","['Starmie', 'Mewtwo', 'Mew', 'Zapdos', 'Chansey', 'Snorlax']",45,12,16
smogtours-gen1ubers-614973,[Gen 1] UBERS,2022-03-20 22:09:12,,synchronize14428,dig95510,synchronize14428,True,"['Starmie', 'Mewtwo', 'Exeggutor', 'Chansey', 'Snorlax']","['Mew', 'Mewtwo', 'Jolteon', 'Tauros', 'Chansey', 'Snorlax']",66,12,13
smogtours-gen1ubers-698570,[Gen 1] UBERS,2023-06-23 00:11:05,,alakazam8068,wingattack30461,alakazam8068,True,"['Mew', 'Mewtwo', 'Tauros', 'Chansey', 'Hypno', 'Snorlax']","['Cloyster', 'Mew', 'Mewtwo', 'Gengar', 'Chansey', 'Snorlax']",45,13,16
gen1ubers-710528529,[Gen 1] UBERS,2018-02-27 21:10:42,,leechlife95971,worryseed53385,worryseed53385,False,"['Mewtwo', 'Charizard', 'Gengar', 'Chansey', 'Muk', 'Snorlax']","['Lapras', 'Jolteon', 'Machamp', 'Arcanine', 'Snorlax', 'Dragonite']",24,5,9
gen1ubers-525228296,[Gen 1] UBERS,2017-01-29 03:46:48,,miltank57341,woodhammer83701,miltank57341,False,"['Onix', 'Geodude']","['Eevee', 'Spearow']",54,1,8
rom-gen1ubers-636148,[Gen 1] UBERS,2019-08-07 23:28:50,,constrict58938,sudowoodo17153,constrict58938,False,"['Mew', 'Slowbro', 'Zapdos', 'Chansey', 'Snorlax']","['Exeggutor', 'Mewtwo', 'Mew', 'Slowbro', 'Jynx', 'Chansey']",51,5,9
gen1ubers-739759826,[Gen 1] UBERS,2018-04-29 02:58:29,,drifblim84361,eevee75445,drifblim84361,False,"['Exeggutor', 'Vileplume', 'Victreebel', 'Parasect', 'Tangela', 'Venusaur']","['Charizard', 'Jolteon', 'Slowbro', 'Nidoking', 'Primeape']",27,5,6
smogtours-gen1ubers-679783,[Gen 1] UBERS,2023-03-12 03:31:12,,psn38480,castform97328,psn38480,False,"['Mew', 'Mewtwo', 'Exeggutor', 'Tauros', 'Chansey', 'Snorlax']","['Mew', 'Exeggutor', 'Mewtwo', 'Aerodactyl', 'Chansey', 'Snorlax']",63,16,18
gen1ubers-785827703,[Gen 1] UBERS,2018-08-04 14:16:46,,raindance50399,krabby97145,raindance50399,True,"['Exeggutor', 'Mewtwo', 'Slowbro', 'Chansey', 'Snorlax']","['Mewtwo', 'Mew', 'Zapdos', 'Jynx', 'Chansey', 'Snorlax']",70,15,18
gen1ubers-905875384,[Gen 1] UBERS,2019-05-08 03:23:27,,rest20747,tropius17094,rest20747,False,"['Starmie', 'Jolteon', 'Sandslash', 'Clefable', 'Venusaur', 'Articuno']","['Tauros', 'Electrode', 'Dodrio', 'Jynx', 'Persian', 'Snorlax']",35,7,5
gen1ubers-735931997,[Gen 1] UBERS,2018-04-21 05:04:32,,aggron60452,raichu94178,raichu94178,True,"['Mewtwo', 'Slowbro', 'Gengar', 'Chansey', 'Snorlax']","['Mew', 'Exeggutor', 'Mewtwo', 'Slowbro', 'Zapdos', 'Chansey']",33,6,8
smogtours-gen1ubers-773823,[Gen 1] UBERS,2024-06-10 20:15:35,,wacanberry11962,denpowergrass79612,denpowergrass79612,True,"['Mew', 'Exeggutor', 'Mewtwo', 'Zapdos', 'Chansey', 'Rhydon']","['Mew', 'Mewtwo', 'Zapdos', 'Gengar', 'Chansey']",70,18,20
gen1ubers-696323037,[Gen 1] UBERS,2018-01-30 01:51:18,,woodhammer83701,hypno99223,woodhammer83701,False,"['Snorlax', 'Gyarados', 'Aerodactyl']","['Arcanine', 'Ninetales', 'Rapidash']",11,3,2
smogtours-gen1ubers-779858,[Gen 1] UBERS,2024-07-13 15:41:37,,mareep93864,fissure61188,mareep93864,False,"['Mewtwo', 'Exeggutor', 'Mew', 'Tauros', 'Gengar', 'Snorlax']","['Mewtwo', 'Mew', 'Exeggutor', 'Slowbro', 'Rhydon', 'Snorlax']",39,11,10
gen1ubers-759361092,[Gen 1] UBERS,2018-06-08 07:16:39,1000,delcatty31981,payback78106,delcatty31981,False,"['Mewtwo', 'Electrode', 'Golem', 'Jynx', 'Chansey']","['Cloyster', 'Mewtwo', 'Jolteon', 'Tauros', 'Chansey', 'Snorlax']",30,6,7
smogtours-gen1ubers-775323,[Gen 1] UBERS,2024-06-17 00:25:15,,icebody51285,arceusghost8496,arceusghost8496,False,"['Mew', 'Exeggutor', 'Mewtwo', 'Slowbro', 'Chansey', 'Snorlax']","['Cloyster', 'Exeggutor', 'Mewtwo', 'Mew', 'Zapdos', 'Snorlax']",45,18,12
gen1ubers-2175049597,[Gen 1] UBERS,2024-08-07 02:52:15,1080,rollout94469,tailwind1994,tailwind1994,False,"['Cloyster', 'Mew', 'Mewtwo', 'Onix', 'Hypno', 'Snorlax']","['Exeggutor', 'Mewtwo', 'Mew', 'Gengar', 'Chansey', 'Snorlax']",33,15,9
smogtours-gen1ubers-745752,[Gen 1] UBERS,2024-02-07 21:37:34,,noability19212,fissure61188,fissure61188,True,"['Mewtwo', 'Mew', 'Slowbro', 'Zapdos', 'Chansey', 'Rhydon']","['Exeggutor', 'Mewtwo', 'Mew', 'Slowbro', 'Rhydon', 'Snorlax']",59,20,13
gen1ubers-698399348,[Gen 1] UBERS,2018-02-03 07:49:42,,memento36980,brickbreak27182,brickbreak27182,False,"['Mewtwo', 'Exeggutor', 'Golem', 'Gengar', 'Electabuzz', 'Gyarados']","['Exeggutor', 'Mewtwo']",23,5,1
gen1ubers-1028312272,[Gen 1] UBERS,2019-12-12 08:00:23,,masquerain27087,spookyplate49162,masquerain27087,False,"['Mewtwo', 'Jolteon', 'Sandslash', 'Alakazam', 'Blastoise']","['Mewtwo', 'Wigglytuff', 'Ditto', 'Arcanine', 'Dragonite', 'Blastoise']",20,4,5
smogtours-gen1ubers-657134,[Gen 1] UBERS,2022-10-24 14:09:02,,surskit32262,adaptability45192,surskit32262,False,"['Mew', 'Exeggutor', 'Mewtwo', 'Chansey', 'Rhydon', 'Snorlax']","['Starmie', 'Mewtwo', 'Mew', 'Tauros', 'Chansey', 'Snorlax']",35,10,9
gen1ubers-2070986910,[Gen 1] UBERS,2024-03-01 11:07:56,,kingdra25969,vaporeon53909,kingdra25969,False,"['Gengar', 'Electrode', 'Aerodactyl']","['Electrode', 'Chansey']",53,4,9
smogtours-gen1ubers-785606,[Gen 1] UBERS,2024-08-13 02:08:25,,quagsire52408,poisonpowder88566,quagsire52408,False,"['Cloyster', 'Exeggutor', 'Mew', 'Mewtwo', 'Gengar', 'Snorlax']","['Exeggutor', 'Mewtwo', 'Mew', 'Zapdos', 'Chansey', 'Rhydon']",25,7,12
gen1ubers-2180408280,[Gen 1] UBERS,2024-08-15 04:20:39,1013,lanturn87991,adamantorb53913,adamantorb53913,False,"['Mew', 'Mewtwo', 'Gengar', 'Chansey', 'Snorlax', 'Alakazam']","['Mew', 'Mewtwo', 'Exeggutor', 'Tauros', 'Snorlax']",39,6,7
smogtours-gen1ubers-145265,[Gen 1] UBERS,2016-04-01 22:15:34,,unburden21319,gengarmega39514,gengarmega39514,False,"['Exeggutor', 'Mew', 'Tauros', 'Gengar', 'Chansey', 'Snorlax']","['Starmie', 'Mew', 'Exeggutor', 'Tauros', 'Chansey', 'Snorlax']",41,17,14
gen1ubers-1064082777,[Gen 1] UBERS,2020-02-16 09:22:39,,trick33871,frz75,trick33871,True,"['Mewtwo', 'Jynx', 'Chansey', 'Rhydon', 'Snorlax']","['Exeggutor', 'Mew', 'Mewtwo', 'Slowbro', 'Chansey', 'Snorlax']",45,6,11
gen1ubers-526842117,[Gen 1] UBERS,2017-02-01 04:40:07,,miltank57341,woodhammer83701,woodhammer83701,False,"['Tangela', 'Gloom', 'Weepinbell']","['Sandshrew', 'Vulpix', 'Eevee', 'Magnemite', 'Fearow']",33,2,4
gen1ubers-979843515,[Gen 1] UBERS,2019-09-21 21:40:30,,endeavor83660,dark77821,dark77821,True,"['Mewtwo', 'Mew', 'Tauros', 'Jynx', 'Chansey', 'Snorlax']","['Exeggutor', 'Mewtwo', 'Mew', 'Slowbro', 'Jynx', 'Chansey']",75,20,15
gen1ubers-1145619519,[Gen 1] UBERS,2020-07-05 17:12:48,,slakoth53488,meditate33036,meditate33036,True,"['Mewtwo', 'Exeggutor', 'Mew', 'Tauros', 'Slowbro', 'Snorlax']","['Mewtwo', 'Exeggutor', 'Mew', 'Gengar', 'Chansey', 'Snorlax']",71,13,11
smogtours-gen1ubers-806936,[Gen 1] UBERS,2024-11-17 22:08:55,,buneary67957,mareep93864,buneary67957,False,"['Mew', 'Mewtwo', 'Exeggutor', 'Tauros', 'Rhydon', 'Snorlax']","['Cloyster', 'Mewtwo', 'Mew', 'Golem', 'Chansey', 'Snorlax']",43,6,7
gen1ubers-944624125,[Gen 1] UBERS,2019-07-14 13:12:52,,nincada82205,spinda66688,spinda66688,False,"['Pinsir', 'Electrode', 'Victreebel', 'Hitmonlee', 'Dragonite', 'Blastoise']","['Arbok', 'Marowak', 'Chansey', 'Alakazam', 'Beedrill']",42,11,12
gen1ubers-827351742,[Gen 1] UBERS,2018-11-28 03:30:26,,wormadamtrash50615,rest20747,rest20747,False,"['Exeggutor', 'Flareon', 'Weezing', 'Hypno', 'Rhydon', 'Blastoise']","['Starmie', 'Venusaur', 'Articuno', 'Clefable']",32,10,3
smogtours-gen1ubers-792814,[Gen 1] UBERS,2024-09-27 22:38:43,,irontail97243,aurasphere76841,irontail97243,False,"['Starmie', 'Exeggutor', 'Mewtwo', 'Mew', 'Zapdos', 'Snorlax']","['Mew', 'Mewtwo', 'Exeggutor', 'Tauros', 'Zapdos', 'Snorlax']",39,10,12
smogtours-gen1ubers-697638,[Gen 1] UBERS,2023-06-17 16:31:09,,psn38480,mareep93864,mareep93864,False,"['Mew', 'Mewtwo', 'Zapdos', 'Gengar', 'Chansey', 'Snorlax']","['Starmie', 'Mewtwo', 'Mew', 'Chansey', 'Rhydon', 'Snorlax']",88,27,23
gen1ubers-2299205511,[Gen 1] UBERS,2025-02-12 08:25:36,,magmortar5999,status19859,magmortar5999,False,"['Electrode', 'Aerodactyl']","['Electrode', 'Mewtwo', 'Kangaskhan', 'Aerodactyl']",33,1,9
smogtours-gen1ubers-78435,[Gen 1] UBERS,2015-07-28 11:49:39,,stench25210,hustle11937,hustle11937,True,"['Mew', 'Mewtwo', 'Slowbro', 'Gengar', 'Chansey', 'Snorlax']","['Exeggutor', 'Mewtwo', 'Zapdos', 'Tauros']",25,7,5
gen1ubers-443702175,[Gen 1] UBERS,2016-09-24 04:06:20,,haunter26474,silcoon61948,haunter26474,False,"['Exeggutor', 'Charizard', 'Jolteon', 'Lapras', 'Dragonite']","['Charizard', 'Gengar', 'Gyarados', 'Raichu', 'Alakazam', 'Dragonite']",33,8,13
smogtours-gen1ubers-809871,[Gen 1] UBERS,2024-12-10 23:50:50,,wacanberry11962,aquaring89206,aquaring89206,False,"['Mewtwo', 'Mew', 'Zapdos', 'Victreebel', 'Rhydon', 'Snorlax']","['Starmie', 'Exeggutor', 'Mew', 'Rhydon', 'Snorlax']",45,11,6
rom-gen1ubers-479111,[Gen 1] UBERS,2018-12-13 16:06:00,,constrict58938,sudowoodo17153,constrict58938,False,"['Mew', 'Slowbro', 'Zapdos', 'Chansey', 'Snorlax']","['Mewtwo', 'Mew', 'Slowbro', 'Jynx', 'Chansey', 'Snorlax']",156,6,9
gen1ubers-476538597,[Gen 1] UBERS,2016-11-15 18:47:46,,ditto42100,electric31243,electric31243,False,"['Moltres', 'Mewtwo', 'Jolteon', 'Marowak', 'Snorlax', 'Venusaur']","['Mew', 'Mewtwo', 'Exeggutor', 'Tauros', 'Zapdos', 'Gengar']",35,6,5
gen1ubers-799717752,[Gen 1] UBERS,2018-09-02 15:01:38,,raindance50399,aipom40883,raindance50399,True,"['Mew', 'Starmie', 'Exeggutor']","['Mew', 'Exeggutor', 'Gengar', 'Chansey', 'Snorlax']",12,2,5
smogtours-gen1ubers-409974,[Gen 1] UBERS,2018-11-15 16:39:41,,kabuto29684,bidoof78913,kabuto29684,False,"['Mewtwo', 'Exeggutor', 'Tauros']","['Mew', 'Onix', 'Gengar', 'Parasect', 'Arcanine', 'Snorlax']",25,3,5
gen1ubers-1056520514,[Gen 1] UBERS,2020-02-02 03:06:47,,blacksludge7920,hitmontop28431,blacksludge7920,True,"['Electrode', 'Hitmonchan', 'Marowak', 'Mr. Mime', 'Dewgong']","['Golduck', 'Kangaskhan', 'Sandslash', 'Parasect', 'Raichu', 'Magmar']",18,5,8
smogtours-gen1ubers-609918,[Gen 1] UBERS,2022-02-21 03:05:18,,arceusghost8496,focusband97190,focusband97190,False,"['Mewtwo', 'Exeggutor', 'Mew', 'Slowbro', 'Chansey', 'Snorlax']","['Mewtwo', 'Mew', 'Chansey', 'Snorlax', 'Rhydon', 'Alakazam']",123,32,26
smogtours-gen1ubers-403650,[Gen 1] UBERS,2018-10-09 18:46:46,,zoomlens15496,krabby97145,zoomlens15496,True,"['Mew', 'Exeggutor', 'Jolteon', 'Tauros', 'Chansey', 'Snorlax']","['Starmie', 'Exeggutor', 'Mew', 'Tauros', 'Golem', 'Chansey']",114,30,31
smogtours-gen1ubers-147651,[Gen 1] UBERS,2016-04-07 21:34:55,,yanma71447,omastar87604,yanma71447,False,"['Exeggutor', 'Tauros', 'Zapdos', 'Chansey', 'Alakazam']","['Exeggutor', 'Mew', 'Tauros', 'Jynx', 'Chansey', 'Snorlax']",90,15,18
gen1ubers-246281711,[Gen 1] UBERS,2015-07-03 18:46:16,,furyattack94312,enpowerpoison39624,furyattack94312,True,"['Starmie', 'Mew', 'Exeggutor', 'Mewtwo', 'Chansey', 'Snorlax']","['Mewtwo', 'Mew', 'Slowbro', 'Jynx', 'Chansey', 'Snorlax']",60,8,11
rom-gen1ubers-539546,[Gen 1] UBERS,2019-04-16 22:49:45,,constrict58938,sudowoodo17153,constrict58938,False,"['Mew', 'Mewtwo', 'Slowbro', 'Zapdos', 'Chansey', 'Snorlax']","['Exeggutor', 'Mewtwo', 'Mew', 'Slowbro', 'Jynx', 'Chansey']",50,6,7
gen1ubers-2045819467,[Gen 1] UBERS,2024-01-28 04:15:53,,ichuspikyeared2282,denpowerghost58957,ichuspikyeared2282,False,"['Mew', 'Exeggutor', 'Slowbro', 'Chansey', 'Snorlax']","['Mew', 'Mewtwo', 'Tauros', 'Zapdos', 'Chansey', 'Snorlax']",35,6,7
rom-gen1ubers-484250,[Gen 1] UBERS,2018-12-18 23:06:23,,constrict58938,sudowoodo17153,constrict58938,False,"['Slowbro', 'Chansey', 'Snorlax', 'Zapdos']","['Mewtwo', 'Mew', 'Slowbro', 'Jynx', 'Chansey', 'Snorlax']",48,3,8
gen1ubers-2131304785,[Gen 1] UBERS,2024-05-27 06:42:15,,kricketune97683,firefang33287,firefang33287,False,"['Mew', 'Mewtwo', 'Zapdos', 'Gengar', 'Chansey', 'Snorlax']","['Mewtwo', 'Slowbro', 'Gengar', 'Snorlax', 'Dragonite']",55,19,16
gen1ubers-1054927187,[Gen 1] UBERS,2020-01-30 02:29:26,,electirizer5270,skilllink6848,skilllink6848,True,"['Omastar', 'Aerodactyl', 'Nidoqueen', 'Chansey', 'Raichu']","['Nidoking', 'Tauros']",9,4,1
smogtours-gen1ubers-526089,[Gen 1] UBERS,2020-11-07 19:38:13,,krabby97145,amnesia25800,krabby97145,True,"['Mewtwo', 'Mew', 'Zapdos', 'Jynx', 'Chansey', 'Snorlax']","['Mewtwo', 'Exeggutor', 'Mew', 'Gengar', 'Chansey', 'Snorlax']",93,20,18
smogtours-gen1ubers-707682,[Gen 1] UBERS,2023-08-05 13:26:40,,adaptability45192,mareep93864,mareep93864,False,"['Exeggutor', 'Mewtwo', 'Mew', 'Slowbro', 'Chansey', 'Snorlax']","['Starmie', 'Mew', 'Mewtwo', 'Zapdos', 'Chansey', 'Snorlax']",110,22,13
gen1ubers-698397240,[Gen 1] UBERS,2018-02-03 07:40:28,,memento36980,brickbreak27182,brickbreak27182,False,"['Exeggutor', 'Mewtwo', 'Golem', 'Gengar', 'Electabuzz', 'Gyarados']","['Exeggutor', 'Mewtwo', 'Snorlax']",33,7,2
gen1ubers-2173290025,[Gen 1] UBERS,2024-08-04 14:46:35,1000,pidgeotto85901,aircutter66087,aircutter66087,True,"['Mew', 'Exeggutor', 'Mewtwo', 'Electrode', 'Chansey', 'Snorlax']","['Mew', 'Mewtwo', 'Tauros', 'Electrode', 'Chansey', 'Persian']",46,9,8
gen1ubers-1054932884,[Gen 1] UBERS,2020-01-30 02:51:11,,followme66687,probopass67368,probopass67368,True,"['Snorlax', 'Clefable', 'Arcanine', 'Venusaur', 'Gyarados']","['Cloyster', 'Charizard', 'Sandslash', 'Persian', 'Parasect']",22,9,5
smogtours-gen1ubers-786099,[Gen 1] UBERS,2024-08-17 23:27:06,,psn38480,rockslide51850,psn38480,False,"['Starmie', 'Exeggutor', 'Mew', 'Mewtwo', 'Rhydon', 'Snorlax']","['Mewtwo', 'Mew', 'Slowbro', 'Gengar', 'Chansey', 'Snorlax']",31,8,17
smogtours-gen1ubers-510829,[Gen 1] UBERS,2020-07-12 20:25:49,,innerfocus91859,synchronize14428,innerfocus91859,True,"['Exeggutor', 'Mewtwo', 'Mew', 'Tauros', 'Chansey', 'Snorlax']","['Starmie', 'Mew', 'Exeggutor', 'Mewtwo', 'Chansey', 'Snorlax']",42,9,12
smogtours-gen1ubers-735701,[Gen 1] UBERS,2023-12-17 20:08:40,,mudsport71981,golduck35019,golduck35019,False,"['Mewtwo', 'Mew', 'Slowbro', 'Zapdos', 'Gengar', 'Snorlax']","['Mew', 'Mewtwo', 'Exeggutor', 'Tauros', 'Chansey', 'Snorlax']",57,23,9
smogtours-gen1ubers-524918,[Gen 1] UBERS,2020-10-31 17:17:36,,krabby97145,quilava99512,quilava99512,True,"['Exeggutor', 'Mewtwo', 'Mew', 'Tauros', 'Chansey', 'Snorlax']","['Mew', 'Mewtwo', 'Tauros', 'Zapdos', 'Chansey', 'Snorlax']",162,53,50
smogtours-gen1ubers-751145,[Gen 1] UBERS,2024-03-02 22:44:34,,aurasphere76841,snowwarning53744,aurasphere76841,False,"['Starmie', 'Mew', 'Mewtwo', 'Exeggutor', 'Tauros', 'Snorlax']","['Mew', 'Exeggutor', 'Mewtwo', 'Tauros', 'Rhydon', 'Snorlax']",41,9,13
smogtours-gen1ubers-788222,[Gen 1] UBERS,2024-08-31 16:16:56,,wacanberry11962,fissure61188,wacanberry11962,False,"['Mew', 'Exeggutor', 'Mewtwo', 'Zapdos', 'Chansey', 'Rhydon']","['Mewtwo', 'Exeggutor', 'Mew', 'Tauros', 'Jynx', 'Snorlax']",45,7,10
gen1ubers-2331246316,[Gen 1] UBERS,2025-03-30 13:35:38,,ampharos94643,igglybuff74345,igglybuff74345,False,"['Starmie', 'Pinsir', 'Raticate', 'Dodrio', 'Gengar', 'Raichu']","['Starmie', 'Onix', 'Sandslash', 'Poliwrath', 'Electabuzz', 'Dragonite']",27,7,8
gen1ubers-696291003,[Gen 1] UBERS,2018-01-30 00:35:18,,woodhammer83701,hypno99223,woodhammer83701,False,"['Aerodactyl', 'Poliwrath', 'Pikachu', 'Ivysaur', 'Gyarados', 'Snorlax']","['Voltorb', 'Magneton', 'Electrode', 'Zapdos', 'Electabuzz', 'Raichu']",37,7,5
gen1ubers-2047799853,[Gen 1] UBERS,2024-01-30 18:22:55,,grudge18697,irontail97243,grudge18697,True,"['Exeggutor', 'Mew', 'Mewtwo', 'Tauros', 'Slowbro', 'Snorlax']","['Cloyster', 'Mew', 'Mewtwo', 'Chansey', 'Snorlax', 'Alakazam']",71,16,8
gen1ubers-1130430055,[Gen 1] UBERS,2020-06-10 19:44:57,,facade60368,flamethrower21140,flamethrower21140,True,"['Mewtwo', 'Tauros', 'Slowbro', 'Jynx', 'Chansey', 'Snorlax']","['Mew', 'Mewtwo', 'Slowbro', 'Jynx', 'Chansey', 'Snorlax']",32,13,9
gen1ubers-409135799,[Gen 1] UBERS,2016-08-01 14:29:33,,blizzard86430,recover70722,recover70722,False,"['Cloyster', 'Lapras', 'Jolteon', 'Golem', 'Jynx', 'Rhydon']","['Cloyster', 'Starmie', 'Jolteon', 'Tauros', 'Golem', 'Alakazam']",43,19,17
gen1ubers-1047628039,[Gen 1] UBERS,2020-01-16 22:03:44,,waterpulse27387,judgment88768,waterpulse27387,False,"['Mewtwo', 'Exeggutor', 'Gengar', 'Chansey', 'Snorlax']","['Exeggutor', 'Mewtwo', 'Mew', 'Slowbro', 'Jynx', 'Chansey']",38,6,11
gen1ubers-2180271035,[Gen 1] UBERS,2024-08-14 23:00:08,1159,parasect7600,mismagius33077,mismagius33077,False,"['Mewtwo', 'Mew', 'Slowbro', 'Gengar', 'Chansey', 'Snorlax']","['Mew', 'Mewtwo', 'Flareon', 'Wigglytuff', 'Snorlax', 'Articuno']",46,9,5
gen1ubers-1128727864,[Gen 1] UBERS,2020-06-07 23:14:33,,delcatty31981,amnesia25800,amnesia25800,False,"['Mewtwo', 'Exeggutor', 'Mew', 'Jynx', 'Chansey', 'Snorlax']","['Mewtwo', 'Mew', 'Slowbro', 'Gengar', 'Chansey', 'Snorlax']",48,13,11
gen1ubers-1056994193,[Gen 1] UBERS,2020-02-03 02:11:21,,blacksludge7920,muddywater69259,muddywater69259,True,"['Pidgeot', 'Electrode', 'Hitmonchan', 'Marowak', 'Mr. Mime', 'Dewgong']","['Starmie', 'Jolteon', 'Slowbro', 'Rhydon', 'Snorlax']",27,8,4
smogtours-gen1ubers-788230,[Gen 1] UBERS,2024-08-31 16:25:56,,fissure61188,wacanberry11962,wacanberry11962,True,"['Mew', 'Mewtwo', 'Exeggutor', 'Tauros', 'Zapdos', 'Snorlax']","['Mew', 'Exeggutor', 'Mewtwo', 'Aerodactyl', 'Chansey']",74,22,23
gen1ubers-783104669,[Gen 1] UBERS,2018-07-29 21:04:16,,donphan23830,raindance50399,raindance50399,False,"['Mewtwo', 'Mew', 'Exeggutor', 'Chansey', 'Snorlax', 'Dragonite']","['Mewtwo', 'Mew', 'Exeggutor', 'Jynx', 'Chansey', 'Snorlax']",28,6,7
gen1ubers-346964144,[Gen 1] UBERS,2016-03-20 00:51:43,,barrier55740,omastar87604,omastar87604,False,"['Exeggutor', 'Mew', 'Tauros', 'Gengar', 'Chansey', 'Snorlax']","['Starmie', 'Mew', 'Tauros', 'Chansey', 'Rhydon', 'Articuno']",45,12,7
rom-gen1ubers-468462,[Gen 1] UBERS,2018-12-02 21:13:21,,constrict58938,sudowoodo17153,constrict58938,False,"['Chansey', 'Mew', 'Snorlax', 'Zapdos']","['Mewtwo', 'Mew', 'Slowbro', 'Jynx', 'Chansey', 'Snorlax']",23,3,8
smogtours-gen1ubers-818472,[Gen 1] UBERS,2025-02-08 00:42:22,,quagsire52408,yanma14716,yanma14716,True,"['Cloyster', 'Exeggutor', 'Mew', 'Mewtwo', 'Gengar', 'Snorlax']","['Exeggutor', 'Mewtwo', 'Slowbro', 'Zapdos', 'Rhydon']",49,6,7
gen1ubers-837097459,[Gen 1] UBERS,2018-11-17 20:33:29,,sacredfire97645,tailwhip2839,sacredfire97645,False,"['Mew', 'Mewtwo', 'Tauros', 'Slowbro', 'Snorlax']","['Mew', 'Mewtwo', 'Exeggutor', 'Tauros', 'Chansey', 'Snorlax']",20,4,8
gen1ubers-1062827903,[Gen 1] UBERS,2020-02-13 21:53:15,,scopelens44452,rotomfrost41148,scopelens44452,False,"['Chansey', 'Spearow', 'Weepinbell', 'Hitmonlee']","['Golduck', 'Exeggutor', 'Charizard', 'Persian', 'Hypno', 'Alakazam']",33,7,7
gen1ubers-658487733,[Gen 1] UBERS,2017-11-12 16:30:15,,magcargo58806,furyswipes45664,furyswipes45664,False,"['Mew', 'Mewtwo', 'Slowbro', 'Gengar', 'Chansey', 'Snorlax']","['Starmie', 'Mew', 'Mewtwo', 'Jynx', 'Chansey', 'Snorlax']",64,10,13
smogtours-gen1ubers-819811,[Gen 1] UBERS,2025-02-14 21:38:41,,azumarill79029,fissure61188,fissure61188,True,"['Mew', 'Mewtwo', 'Exeggutor', 'Tauros', 'Snorlax', 'Articuno']","['Starmie', 'Exeggutor', 'Mew', 'Mewtwo', 'Zapdos', 'Rhydon']",69,15,10
gen1ubers-2250469891,[Gen 1] UBERS,2024-11-25 01:41:20,,psncureberry912,starfberry84995,starfberry84995,True,"['Mew', 'Mewtwo', 'Slowbro', 'Chansey', 'Snorlax', 'Alakazam']","['Mew', 'Mewtwo', 'Zapdos', 'Gengar', 'Chansey', 'Snorlax']",181,16,16
gen1ubers-2167410720,[Gen 1] UBERS,2024-07-25 20:43:09,,bravebird40912,frenzyplant87849,bravebird40912,False,"['Exeggutor', 'Mewtwo', 'Kangaskhan', 'Mew', 'Gengar', 'Snorlax']","['Exeggutor', 'Tauros', 'Zapdos', 'Gengar', 'Chansey', 'Snorlax']",21,5,5
gen1ubers-761826918,[Gen 1] UBERS,2018-06-13 12:55:27,1000,delcatty31981,ominouswind63057,delcatty31981,True,"['Jynx', 'Electrode', 'Mewtwo', 'Golem']","['Mew', 'Mewtwo', 'Gengar']",12,3,2
smogtours-gen1ubers-587783,[Gen 1] UBERS,2021-10-18 19:26:47,,dugtrio78381,innerfocus91859,dugtrio78381,True,"['Mewtwo', 'Exeggutor', 'Jolteon', 'Tauros', 'Snorlax']","['Starmie', 'Mewtwo', 'Mew', 'Chansey', 'Rhydon', 'Snorlax']",28,7,10
gen1ubers-782634873,[Gen 1] UBERS,2018-07-28 21:12:30,,raindance50399,krabby97145,raindance50399,False,"['Mewtwo', 'Mew', 'Exeggutor', 'Jynx', 'Chansey', 'Snorlax']","['Mewtwo', 'Mew', 'Zapdos', 'Jynx', 'Chansey', 'Snorlax']",163,19,22
gen1ubers-2211917237,[Gen 1] UBERS,2024-09-29 02:51:46,,drowzee83323,tamatoberry12616,drowzee83323,False,"['Parasect', 'Venomoth', 'Beedrill']","['Starmie', 'Mewtwo', 'Slowbro', 'Jynx', 'Hypno', 'Alakazam']",26,3,6
gen1ubers-348031908,[Gen 1] UBERS,2016-03-22 06:40:31,,furyattack94312,croagunk71025,croagunk71025,True,"['Starmie', 'Mew', 'Exeggutor', 'Mewtwo', 'Chansey', 'Snorlax']","['Mew', 'Mewtwo', 'Slowbro', 'Jynx', 'Chansey', 'Snorlax']",25,10,11
gen1ubers-651469784,[Gen 1] UBERS,2017-10-28 04:28:57,,woodhammer83701,miltank57341,woodhammer83701,False,"['Pidgeotto', 'Charmander']","['Venonat', 'Venomoth', 'Golbat']",21,4,2
rom-gen1ubers-108649,[Gen 1] UBERS,2017-07-06 09:35:55,,sudowoodo17153,powerwhip88310,powerwhip88310,False,"['Mewtwo', 'Mew', 'Slowbro', 'Jynx', 'Chansey', 'Snorlax']","['Mewtwo', 'Mew', 'Slowbro', 'Golem', 'Jynx', 'Victreebel']",67,11,13
smogtours-gen1ubers-234531,[Gen 1] UBERS,2017-01-15 14:07:28,,mefirst94337,bigroot25383,bigroot25383,False,"['Mewtwo', 'Mew', 'Slowbro', 'Gengar', 'Chansey', 'Snorlax']","['Mew', 'Mewtwo', 'Tauros', 'Jynx', 'Snorlax']",40,13,6
smogtours-gen1ubers-818483,[Gen 1] UBERS,2025-02-08 01:22:50,,yanma14716,quagsire52408,quagsire52408,False,"['Mewtwo', 'Exeggutor', 'Mew', 'Tauros', 'Jynx', 'Snorlax']","['Cloyster', 'Mewtwo', 'Mew', 'Exeggutor', 'Zapdos', 'Snorlax']",31,7,9
smogtours-gen1ubers-822920,[Gen 1] UBERS,2025-03-02 18:07:53,,solarbeam98597,iceball26708,iceball26708,False,"['Starmie', 'Mewtwo', 'Mew', 'Tauros', 'Jynx', 'Snorlax']","['Mew', 'Tauros', 'Gengar', 'Chansey', 'Snorlax']",31,12,8
gen1ubers-649087008,[Gen 1] UBERS,2017-10-23 01:12:10,,seviper78964,rotomwash11985,seviper78964,False,"['Mew', 'Mewtwo', 'Tauros', 'Chansey', 'Snorlax', 'Alakazam']","['Mew', 'Mewtwo', 'Slowbro', 'Jynx', 'Chansey', 'Dragonite']",85,11,11
smogtours-gen1ubers-777566,[Gen 1] UBERS,2024-06-30 16:05:11,,waterfall8105,aeroblast8709,aeroblast8709,False,"['Starmie', 'Mewtwo', 'Mew', 'Exeggutor', 'Tauros', 'Rhydon']","['Mew', 'Mewtwo', 'Slowbro', 'Gengar', 'Chansey', 'Snorlax']",139,54,13
gen1ubers-1107828852,[Gen 1] UBERS,2020-05-03 09:14:50,,crunch37612,wish33461,wish33461,True,"['Mewtwo', 'Exeggutor', 'Mew', 'Gengar', 'Chansey', 'Snorlax']","['Mew', 'Exeggutor', 'Mewtwo', 'Tauros', 'Slowbro', 'Snorlax']",37,5,5
gen1ubers-669957118,[Gen 1] UBERS,2017-12-06 17:49:33,,upgrade4741,azurill29651,azurill29651,False,"['Exeggutor', 'Jynx', 'Chansey', 'Gengar', 'Gyarados', 'Tentacruel']","['Zapdos', 'Persian', 'Rhydon', 'Alakazam', 'Dragonite']",30,9,5
gen1ubers-749535088,[Gen 1] UBERS,2018-05-19 03:18:42,,woodhammer83701,miltank57341,woodhammer83701,False,"['Butterfree', 'Fearow', 'Pikachu']",['Haunter'],14,2,0
gen1ubers-241791528,[Gen 1] UBERS,2015-06-18 21:24:07,,garchomp79956,drifblim5165,garchomp79956,False,"['Mewtwo', 'Exeggutor', 'Mew', 'Jynx', 'Chansey', 'Snorlax']","['Exeggutor', 'Mewtwo', 'Tauros', 'Jynx', 'Rhydon', 'Snorlax']",35,9,13
gen1ubers-1132069249,[Gen 1] UBERS,2020-06-13 17:40:13,,amnesia8036,cranidos9637,cranidos9637,True,"['Gengar', 'Chansey', 'Mew', 'Slowbro']","['Mew', 'Exeggutor', 'Tauros']",14,3,2
gen1ubers-2180410348,[Gen 1] UBERS,2024-08-15 04:38:47,1129,typechange69487,icebody51285,typechange69487,True,"['Exeggutor', 'Mew', 'Mewtwo', 'Tauros', 'Slowbro', 'Snorlax']","['Mewtwo', 'Mew', 'Exeggutor', 'Tauros', 'Gengar', 'Snorlax']",105,28,21
gen1ubers-2070961731,[Gen 1] UBERS,2024-03-01 10:04:34,,mew73600,gorebyss2916,gorebyss2916,True,"['Electrode', 'Chansey']","['Electrode', 'Chansey']",57,3,29
smogtours-gen1ubers-681230,[Gen 1] UBERS,2023-03-18 17:43:56,,arceusghost8496,sturdy46275,arceusghost8496,False,"['Mew', 'Exeggutor', 'Mewtwo', 'Slowbro', 'Chansey', 'Snorlax']","['Starmie', 'Mewtwo', 'Mew', 'Tauros', 'Chansey', 'Snorlax']",80,13,14
gen1ubers-991703334,[Gen 1] UBERS,2019-10-13 09:32:15,,dark77821,rotomfrost66079,dark77821,False,"['Mew', 'Exeggutor', 'Slowbro', 'Jynx', 'Chansey']","['Exeggutor', 'Tauros', 'Zapdos', 'Chansey', 'Snorlax', 'Alakazam']",66,6,7
gen1ubers-572340871,[Gen 1] UBERS,2017-05-06 06:35:31,,pinsir76328,crushgrip60504,crushgrip60504,False,"['Kangaskhan', 'Onix', 'Shellder', 'Psyduck', 'Electabuzz', 'Parasect']","['Lapras', 'Charizard', 'Snorlax']",11,5,2
smogtours-gen1ubers-781545,[Gen 1] UBERS,2024-07-21 13:36:13,,mareep93864,drapion2237,drapion2237,True,"['Mewtwo', 'Mew', 'Exeggutor', 'Jynx', 'Rhydon', 'Snorlax']","['Mew', 'Exeggutor', 'Mewtwo', 'Tauros', 'Electrode', 'Snorlax']",38,13,13
gen1ubers-762066470,[Gen 1] UBERS,2018-06-13 22:33:58,1000,delcatty31981,sandstorm60527,delcatty31981,False,"['Exeggutor', 'Mewtwo', 'Mew', 'Electrode', 'Golem', 'Jynx']","['Exeggutor', 'Mew', 'Jolteon', 'Mewtwo', 'Chansey', 'Rhydon']",33,11,8
gen1ubers-2141307244,[Gen 1] UBERS,2024-06-11 16:23:33,,pinsir22075,hydration14831,hydration14831,True,"['Electrode', 'Snorlax']",['Electrode'],12,5,0
gen1ubers-1142747574,[Gen 1] UBERS,2020-06-30 20:19:16,,dugtrio78381,kasibberry98452,kasibberry98452,False,"['Mewtwo', 'Mew', 'Slowbro', 'Jynx', 'Chansey', 'Snorlax']","['Mewtwo', 'Mew', 'Slowbro', 'Jynx', 'Chansey', 'Snorlax']",46,12,11
smogtours-gen1ubers-818487,[Gen 1] UBERS,2025-02-08 01:28:37,,quagsire52408,yanma14716,yanma14716,False,"['Exeggutor', 'Mewtwo', 'Mew', 'Tauros', 'Jynx', 'Snorlax']","['Cloyster', 'Mew', 'Mewtwo', 'Zapdos', 'Victreebel', 'Rhydon']",46,10,11
gen1ubers-2060491034,[Gen 1] UBERS,2024-02-16 05:02:34,,kingdra25969,focussash84199,focussash84199,False,"['Exeggutor', 'Mewtwo', 'Mew', 'Tauros', 'Chansey', 'Snorlax']","['Exeggutor', 'Mew', 'Mewtwo', 'Tauros', 'Slowbro', 'Snorlax']",33,11,7
smogtours-gen1ubers-797744,[Gen 1] UBERS,2024-10-12 20:27:01,,mareep93864,vileplume65880,mareep93864,False,"['Mewtwo', 'Mew', 'Zapdos', 'Gengar', 'Rhydon', 'Snorlax']","['Mewtwo', 'Mew', 'Slowbro', 'Gengar', 'Chansey', 'Snorlax']",77,18,21
smogtours-gen1ubers-774586,[Gen 1] UBERS,2024-06-15 15:24:12,,fissure61188,aurasphere76841,fissure61188,False,"['Mewtwo', 'Mew', 'Exeggutor', 'Zapdos', 'Gengar', 'Snorlax']","['Starmie', 'Mewtwo', 'Exeggutor', 'Mew', 'Zapdos', 'Snorlax']",35,10,13
rom-gen1ubers-468276,[Gen 1] UBERS,2018-12-02 18:54:10,,constrict58938,sudowoodo17153,constrict58938,False,"['Mew', 'Exeggutor', 'Slowbro', 'Zapdos', 'Snorlax']","['Mew', 'Mewtwo', 'Slowbro', 'Jynx', 'Chansey', 'Snorlax']",72,4,9
gen1ubers-400513057,[Gen 1] UBERS,2016-07-16 10:01:16,,hustle11937,highjumpkick85972,highjumpkick85972,False,"['Exeggutor', 'Mewtwo', 'Mew', 'Tauros', 'Slowbro', 'Snorlax']","['Exeggutor', 'Mewtwo', 'Mew', 'Tauros', 'Gengar']",51,13,10
gen1ubers-1149902724,[Gen 1] UBERS,2020-07-12 18:10:00,,nightslash51995,roselia30851,nightslash51995,True,"['Exeggutor', 'Mew', 'Mewtwo', 'Slowbro', 'Jynx', 'Chansey']","['Starmie', 'Mew', 'Mewtwo', 'Zapdos', 'Golem', 'Snorlax']",65,6,6
gen1ubers-816373681,[Gen 1] UBERS,2018-10-06 19:06:13,,snowcloak89374,ice23345,snowcloak89374,True,"['Exeggutor', 'Mewtwo', 'Mew', 'Slowbro', 'Jynx', 'Chansey']","['Exeggutor', 'Mew', 'Mewtwo', 'Slowbro', 'Zapdos', 'Snorlax']",52,7,11
smogtours-gen1ubers-82817,[Gen 1] UBERS,2015-08-20 09:49:49,,stench25210,hustle11937,hustle11937,True,"['Mewtwo', 'Mew', 'Slowbro', 'Jynx', 'Rhydon', 'Snorlax']","['Mewtwo', 'Mew', 'Slowbro', 'Gengar', 'Chansey', 'Snorlax']",39,7,8
smogtours-gen1ubers-652575,[Gen 1] UBERS,2022-10-02 19:15:51,,mefirst94337,castform97328,mefirst94337,False,"['Mew', 'Zapdos', 'Gengar', 'Chansey', 'Snorlax']","['Mew', 'Mewtwo', 'Tauros', 'Chansey', 'Alakazam', 'Snorlax']",45,10,14
gen1ubers-1041510469,[Gen 1] UBERS,2020-01-05 22:01:41,,blacksludge7920,triattack92475,triattack92475,False,"['Kingler', 'Pidgeot', 'Kangaskhan', 'Nidoking', 'Wigglytuff', 'Machamp']","['Charizard', 'Raticate', 'Poliwhirl', 'Snorlax', 'Vaporeon']",23,6,5
smogtours-gen1ubers-77659,[Gen 1] UBERS,2015-07-24 15:20:55,,safariball30401,krabby97145,safariball30401,False,"['Mewtwo', 'Mew', 'Exeggutor', 'Zapdos', 'Jynx', 'Snorlax']","['Exeggutor', 'Mewtwo', 'Mew', 'Slowbro', 'Jynx', 'Chansey']",80,16,21
smogtours-gen1ubers-521157,[Gen 1] UBERS,2020-10-06 21:51:21,,perish18138,naturalcure76962,naturalcure76962,False,"['Mewtwo', 'Mew', 'Zapdos', 'Jynx', 'Chansey', 'Snorlax']","['Mew', 'Exeggutor', 'Mewtwo', 'Snorlax', 'Alakazam']",33,13,5
smogtours-gen1ubers-651652,[Gen 1] UBERS,2022-09-30 16:30:19,,crawdaunt31133,nestball5505,nestball5505,False,"['Mew', 'Mewtwo', 'Jolteon', 'Slowbro', 'Chansey', 'Snorlax']","['Mewtwo', 'Exeggutor', 'Mew', 'Tauros', 'Slowbro', 'Snorlax']",44,13,6
gen1ubers-929294161,[Gen 1] UBERS,2019-06-16 15:42:33,,flashfire35509,choicescarf57657,choicescarf57657,False,"['Nidoran-M', 'Pikachu']","['Rhyhorn', 'Charmander']",12,2,2
gen1ubers-759179758,[Gen 1] UBERS,2018-06-07 21:44:47,,nomove948,kingdra7300,kingdra7300,False,"['Exeggutor', 'Mewtwo', 'Mew', 'Slowbro', 'Jynx', 'Chansey']","['Mew', 'Slowbro', 'Gengar', 'Rhydon', 'Snorlax']",26,7,4
gen1ubers-2171617977,[Gen 1] UBERS,2024-08-01 22:24:54,1038,absorb37064,stoneplate55960,absorb37064,False,"['Gengar', 'Chansey', 'Mewtwo', 'Tauros']","['Mewtwo', 'Exeggutor', 'Mew', 'Tauros', 'Slowbro', 'Snorlax']",29,3,7
gen1ubers-2171661868,[Gen 1] UBERS,2024-08-01 23:54:29,1084,snatch75121,objectobject86207,snatch75121,True,"['Mewtwo', 'Mew', 'Tauros', 'Gengar', 'Chansey']","['Mewtwo', 'Mew', 'Tauros', 'Gengar', 'Chansey', 'Snorlax']",51,11,10
gen1ubers-410386079,[Gen 1] UBERS,2016-08-03 19:51:10,,unaware31189,trickroom30212,unaware31189,False,"['Mewtwo', 'Porygon', 'Jolteon', 'Poliwrath', 'Snorlax', 'Dragonite']","['Mewtwo', 'Jolteon', 'Slowbro', 'Gengar', 'Alakazam', 'Snorlax']",155,8,11
smogtours-gen1ubers-843526,[Gen 1] UBERS,2025-05-18 01:04:00,,mismagius33077,mareep93864,mareep93864,False,"['Mewtwo', 'Mew', 'Tauros', 'Zapdos', 'Chansey', 'Dragonite']","['Cloyster', 'Mew', 'Exeggutor', 'Mewtwo', 'Rhydon', 'Alakazam']",70,11,37
smogtours-gen1ubers-817649,[Gen 1] UBERS,2025-02-02 18:57:25,,psn38480,status34375,psn38480,False,"['Mew', 'Exeggutor', 'Zapdos', 'Snorlax', 'Dragonite']","['Starmie', 'Mewtwo', 'Mew', 'Chansey', 'Rhydon', 'Snorlax']",57,13,19
gen1ubers-780233133,[Gen 1] UBERS,2018-07-23 23:59:31,,fullincense52281,visegrip63965,fullincense52281,False,"['Exeggutor', 'Mew', 'Tauros', 'Slowbro', 'Snorlax']","['Exeggutor', 'Lapras', 'Tauros', 'Chansey', 'Snorlax', 'Alakazam']",31,9,6
gen1ubers-1139450866,[Gen 1] UBERS,2020-06-25 15:29:42,,synchronize14428,facade60368,synchronize14428,True,"['Starmie', 'Mew', 'Exeggutor', 'Mewtwo', 'Chansey', 'Snorlax']","['Starmie', 'Mew', 'Exeggutor', 'Mewtwo', 'Chansey']",75,23,19
gen1ubers-925128416,[Gen 1] UBERS,2019-06-09 16:43:59,,regigigas62995,pidgeot51537,regigigas62995,True,"['Exeggutor', 'Mew', 'Mewtwo', 'Chansey', 'Snorlax', 'Alakazam']","['Mew', 'Exeggutor', 'Mewtwo', 'Tauros', 'Chansey', 'Snorlax']",43,7,8
gen1ubers-1139081474,[Gen 1] UBERS,2020-06-25 00:01:22,,ghost15990,tauros60965,tauros60965,False,"['Moltres', 'Charizard', 'Machamp', 'Gengar', 'Gyarados', 'Arcanine']",['Mewtwo'],9,5,0
gen1ubers-2178674384,[Gen 1] UBERS,2024-08-12 16:21:36,1000,omanyte7160,grepaberry38730,grepaberry38730,True,"['Gengar', 'Ditto']","['Starmie', 'Chansey', 'Ditto']",43,3,4
smogtours-gen1ubers-730063,[Gen 1] UBERS,2023-11-11 23:33:19,,mudsport71981,icebody51285,mudsport71981,False,"['Exeggutor', 'Mewtwo', 'Mew', 'Chansey', 'Snorlax', 'Dragonite']","['Mew', 'Mewtwo', 'Exeggutor', 'Tauros', 'Zapdos', 'Snorlax']",85,27,30
gen1ubers-2184413348,[Gen 1] UBERS,2024-08-21 02:55:30,1014,alakazammega92046,toxicplate29304,alakazammega92046,False,"['Mew', 'Mewtwo', 'Jolteon', 'Tauros', 'Chansey', 'Ditto']","['Mewtwo', 'Mew', 'Tauros', 'Gengar', 'Chansey', 'Snorlax']",57,8,11
smogtours-gen1ubers-721248,[Gen 1] UBERS,2023-10-02 08:03:06,,deoxysspeed36728,unknownability847,unknownability847,False,"['Mewtwo', 'Mew', 'Tauros', 'Zapdos', 'Chansey', 'Rhydon']","['Exeggutor', 'Mewtwo', 'Zapdos', 'Chansey', 'Snorlax']",37,15,12
smogtours-gen1ubers-699784,[Gen 1] UBERS,2023-06-28 20:42:23,,aurasphere76841,fissure61188,aurasphere76841,True,"['Mew', 'Mewtwo', 'Slowbro', 'Zapdos', 'Chansey', 'Snorlax']","['Mew', 'Exeggutor', 'Mewtwo', 'Chansey', 'Snorlax', 'Dragonite']",42,9,8
rom-gen1ubers-539564,[Gen 1] UBERS,2019-04-16 22:58:25,,constrict58938,sudowoodo17153,constrict58938,False,"['Mew', 'Slowbro', 'Zapdos', 'Chansey', 'Snorlax']","['Exeggutor', 'Mewtwo', 'Mew', 'Slowbro', 'Jynx', 'Chansey']",44,4,6
gen1ubers-929154589,[Gen 1] UBERS,2019-06-16 09:31:19,,bodyslam10653,dialga48280,dialga48280,True,"['Exeggutor', 'Mewtwo', 'Mew', 'Tauros', 'Slowbro', 'Snorlax']","['Exeggutor', 'Mew', 'Mewtwo', 'Gengar', 'Chansey', 'Snorlax']",36,11,8
gen1ubers-724913765,[Gen 1] UBERS,2018-03-29 02:14:09,,lugia56915,endure12545,endure12545,False,"['Moltres', 'Scyther', 'Zapdos', 'Graveler', 'Mr. Mime', 'Articuno']","['Moltres', 'Lapras', 'Mewtwo', 'Aerodactyl', 'Nidoking', 'Zapdos']",37,44,44
gen1ubers-359913095,[Gen 1] UBERS,2016-04-16 16:06:54,,innerfocus91859,azelf44095,innerfocus91859,False,"['Mew', 'Exeggutor', 'Tauros', 'Chansey', 'Snorlax', 'Alakazam']","['Exeggutor', 'Mew', 'Gengar', 'Chansey', 'Persian', 'Snorlax']",70,12,16
smogtours-gen1ubers-694823,[Gen 1] UBERS,2023-05-30 01:35:26,,lusterpurge32163,raikou64162,lusterpurge32163,False,"['Mewtwo', 'Exeggutor', 'Mew', 'Slowbro', 'Zapdos', 'Snorlax']","['Mew', 'Mewtwo', 'Slowbro', 'Jynx', 'Chansey', 'Snorlax']",35,13,10
gen1ubers-622727755,[Gen 1] UBERS,2017-08-26 11:37:48,,monferno30755,magnetrise41863,magnetrise41863,False,"['Kabuto', 'Rattata', 'Ditto', 'Kakuna', 'Beedrill', 'Gastly']","['Moltres', 'Mewtwo', 'Dragonair', 'Gengar', 'Dewgong', 'Arcanine']",55,10,8
gen1ubers-733095690,[Gen 1] UBERS,2018-04-15 11:49:07,,spacialrend69598,honeygather89597,honeygather89597,False,"['Mewtwo', 'Charizard', 'Mew', 'Machamp', 'Venusaur', 'Blastoise']","['Mewtwo', 'Tauros']",20,5,1
gen1ubers-928743573,[Gen 1] UBERS,2019-06-15 16:51:01,,rotom44224,squirtle40029,rotom44224,False,"['Mew', 'Mewtwo', 'Tauros', 'Gengar', 'Chansey']","['Mew', 'Mewtwo', 'Jolteon', 'Tauros', 'Golem', 'Chansey']",33,5,5
gen1ubers-760743323,[Gen 1] UBERS,2018-06-11 03:21:17,1025,delcatty31981,staraptor15748,delcatty31981,True,"['Mewtwo', 'Electrode', 'Golem', 'Jynx', 'Chansey']","['Starmie', 'Mewtwo', 'Exeggutor', 'Tauros', 'Rhydon', 'Snorlax']",50,7,7
gen1ubers-675030607,[Gen 1] UBERS,2017-12-16 20:20:44,,miltank57341,woodhammer83701,woodhammer83701,False,['Onix'],['Charmeleon'],13,0,0
smogtours-gen1ubers-608687,[Gen 1] UBERS,2022-02-14 01:47:54,,psn38480,focusband97190,focusband97190,True,"['Starmie', 'Mew', 'Mewtwo', 'Porygon', 'Chansey', 'Snorlax']","['Cloyster', 'Mewtwo', 'Mew', 'Tauros', 'Chansey', 'Snorlax']",66,15,15
gen1ubers-2189346843,[Gen 1] UBERS,2024-08-28 04:06:06,1000,karatechop22879,adamantorb53913,adamantorb53913,True,"['Cloyster', 'Mew', 'Mewtwo', 'Electrode', 'Gengar', 'Snorlax']","['Exeggutor', 'Mewtwo', 'Tauros', 'Chansey', 'Snorlax']",42,7,6
gen1ubers-2177402588,[Gen 1] UBERS,2024-08-10 16:45:57,1052,ichuspikyeared7548,rotom55472,ichuspikyeared7548,False,"['Mew', 'Mewtwo', 'Tauros', 'Zapdos', 'Chansey', 'Snorlax']","['Mewtwo', 'Mew', 'Gengar', 'Chansey', 'Rhydon', 'Snorlax']",99,14,20
gen1ubers-1056998159,[Gen 1] UBERS,2020-02-03 02:25:08,,probopass67368,muddywater69259,muddywater69259,True,"['Cloyster', 'Charizard', 'Sandslash', 'Ditto', 'Persian', 'Parasect']","['Starmie', 'Jolteon', 'Slowbro', 'Rhydon', 'Snorlax', 'Dragonite']",51,12,8
gen1ubers-1127055938,[Gen 1] UBERS,2020-06-05 03:21:38,,giratina81234,delcatty31981,delcatty31981,False,"['Starmie', 'Mewtwo', 'Mew', 'Chansey', 'Alakazam', 'Snorlax']","['Exeggutor', 'Mewtwo', 'Mew', 'Electrode', 'Golem', 'Jynx']",103,10,20
gen1ubers-2152074965,[Gen 1] UBERS,2024-06-29 10:11:04,,hydrocannon21693,zapplate460,zapplate460,True,"['Parasect', 'Jolteon']",['Paras'],8,2,0
gen1ubers-961437631,[Gen 1] UBERS,2019-08-16 23:35:25,,dragonfang22862,swinub64017,swinub64017,False,"['Charizard', 'Omastar', 'Articuno', 'Snorlax', 'Dragonite', 'Vaporeon']","['Rhydon', 'Mew', 'Jolteon', 'Kangaskhan']",14,5,3
gen1ubers-622732639,[Gen 1] UBERS,2017-08-26 11:53:27,,magnetrise41863,monferno30755,monferno30755,False,"['Moltres', 'Mewtwo', 'Dragonair', 'Gengar', 'Dewgong', 'Arcanine']","['Kabuto', 'Rattata', 'Kakuna', 'Ditto', 'Beedrill', 'Gastly']",29,6,7
gen1ubers-920328870,[Gen 1] UBERS,2019-06-01 16:41:15,,bulletpunch40514,ralts67992,bulletpunch40514,False,"['Mew', 'Mewtwo']","['Cloyster', 'Mewtwo', 'Mew', 'Exeggutor', 'Chansey', 'Alakazam']",16,1,5
gen1ubers-2176725962,[Gen 1] UBERS,2024-08-09 15:29:03,1000,spoink15364,nidoking69790,nidoking69790,False,"['Mew', 'Mewtwo', 'Zapdos', 'Gengar', 'Chansey', 'Snorlax']","['Cloyster', 'Mewtwo', 'Mew', 'Jolteon', 'Chansey', 'Snorlax']",76,8,8
rom-gen1ubers-479037,[Gen 1] UBERS,2018-12-13 15:11:01,,constrict58938,sudowoodo17153,constrict58938,False,"['Mew', 'Slowbro', 'Zapdos', 'Chansey', 'Snorlax']","['Mewtwo', 'Mew', 'Slowbro', 'Jynx', 'Chansey', 'Snorlax']",30,4,7
smogtours-gen1ubers-774166,[Gen 1] UBERS,2024-06-13 18:15:40,,quickclaw83695,mudsport71981,quickclaw83695,True,"['Mewtwo', 'Mew', 'Tauros', 'Jynx', 'Snorlax']","['Mewtwo', 'Mew', 'Tauros', 'Slowbro', 'Gengar', 'Snorlax']",38,7,7
gen1ubers-2373272064,[Gen 1] UBERS,2025-05-27 23:03:00,,cresselia46343,plus41071,cresselia46343,False,"['Mew', 'Exeggutor', 'Mewtwo', 'Gengar', 'Chansey', 'Snorlax']","['Mew', 'Mewtwo', 'Jolteon', 'Slowbro', 'Chansey', 'Snorlax']",181,17,18
gen1ubers-1053675952,[Gen 1] UBERS,2020-01-27 21:00:12,,frz75,focuspunch85822,frz75,False,"['Mew', 'Exeggutor', 'Mewtwo', 'Slowbro', 'Chansey', 'Snorlax']","['Mewtwo', 'Exeggutor', 'Mew', 'Slowbro', 'Jynx', 'Chansey']",132,9,11
gen1ubers-1044884432,[Gen 1] UBERS,2020-01-12 04:34:35,,venonat8901,followme66687,followme66687,True,"['Gengar', 'Snorlax', 'Blastoise']","['Mr. Mime', 'Snorlax', 'Venusaur', 'Clefable']",11,2,3
gen1ubers-2177713684,[Gen 1] UBERS,2024-08-11 03:16:31,1000,flamebody10927,icepunch31870,icepunch31870,False,"['Mew', 'Exeggutor', 'Mewtwo', 'Tauros', 'Chansey', 'Snorlax']","['Mew', 'Mewtwo', 'Slowbro', 'Chansey', 'Snorlax', 'Alakazam']",31,8,8
gen1ubers-531669258,[Gen 1] UBERS,2017-02-11 03:07:35,,miltank57341,woodhammer83701,miltank57341,False,"['Sandslash', 'Cloyster']","['Arcanine', 'Ninetales', 'Rapidash']",19,1,2
gen1ubers-2177053707,[Gen 1] UBERS,2024-08-10 01:27:47,1077,aircutter66087,revenge71921,revenge71921,False,"['Moltres', 'Mew', 'Exeggutor', 'Mewtwo', 'Electrode', 'Snorlax']","['Vaporeon', 'Chansey', 'Snorlax', 'Tauros']",40,5,7
