id,format,uploadtime,rating,player1,player2,Winner,Forfeit,Team 1,Team 2,Turns,# Switches 1,# Switches 2
gen2nu-746921167,[Gen 2] NU,2018-05-13 20:48:05,1000,blacksludge18509,synthesis55828,blacksludge18509,False,"['Hitmontop', 'Haunter', 'Mr. Mime', 'Dewgong', 'Pikachu']","['Pidgeot', 'Hitmontop', 'Murkrow', 'Mr. Mime', 'Dugtrio', 'Pikachu']",24,4,9
smogtours-gen2nu-535256,[Gen 2] NU,2021-01-03 19:34:28,,watergun59811,turtwig42732,turtwig42732,False,"['Sudowoodo', 'Xatu', 'Octillery', 'Weezing', 'Stantler', 'Primeape']","['Xatu', 'Houndour', 'Graveler', 'Chinchou', 'Hitmonlee', 'Primeape']",39,22,20
smogtours-gen2nu-553293,[Gen 2] NU,2021-04-03 17:26:21,,watergun59811,watmelberry24903,watergun59811,True,"['Flareon', 'Xatu', 'Wigglytuff', 'Weezing', 'Stantler', 'Dugtrio']","['Xatu', 'Octillery', 'Graveler', 'Gloom', 'Magnemite', 'Primeape']",29,12,12
gen2nu-825263872,[Gen 2] NU,2018-11-24 00:02:09,,heatrock37333,bug99182,heatrock37333,False,"['Weezing', 'Graveler', 'Feraligatr', 'Raichu', 'Primeape', 'Fearow']","['Porygon', 'Rapidash', 'Weezing', 'Primeape', 'Feraligatr', 'Tangela']",76,28,26
smogtours-gen2nu-714544,[Gen 2] NU,2023-09-06 21:37:23,,stench25210,buneary57593,stench25210,True,"['Ninetales', 'Xatu', 'Wigglytuff', 'Graveler', 'Chinchou', 'Tangela']","['Octillery', 'Weezing', 'Graveler', 'Stantler', 'Furret', 'Fearow']",65,27,31
smogtours-gen2nu-664574,[Gen 2] NU,2022-12-11 20:44:10,,innerfocus91859,zoomlens36961,zoomlens36961,True,"['Xatu', 'Octillery', 'Houndour', 'Chinchou', 'Hitmonlee', 'Primeape']","['Porygon', 'Pineco', 'Xatu', 'Octillery', 'Weezing', 'Fearow']",66,16,19
gen2nu-914017866,[Gen 2] NU,2019-05-22 02:45:39,,lightscreen99950,latias5555,lightscreen99950,True,"['Kingler', 'Sudowoodo', 'Exeggcute', 'Poliwrath', 'Dugtrio', 'Raichu']","['Pineco', 'Xatu', 'Wigglytuff', 'Poliwrath', 'Dugtrio', 'Persian']",63,17,16
smogtours-gen2nu-448229,[Gen 2] NU,2019-06-20 01:09:57,,ariados65244,trick33871,trick33871,True,"['Exeggcute', 'Cubone', 'Dragonair', 'Poliwrath', 'Lickitung', 'Ledian']","['Pineco', 'Exeggcute', 'Wigglytuff', 'Poliwrath', 'Raichu', 'Shuckle']",105,29,35
gen2nu-1103411368,[Gen 2] NU,2020-04-26 01:44:31,,psn38480,trick33871,trick33871,True,"['Chinchou', 'Dugtrio', 'Persian']","['Kingler', 'Pineco', 'Chinchou']",12,3,3
smogtours-gen2nu-551947,[Gen 2] NU,2021-03-29 00:31:22,,watergun59811,onix94468,onix94468,False,"['Kingler', 'Houndour', 'Dugtrio', 'Gloom', 'Hitmonlee', 'Primeape']","['Ninetales', 'Sudowoodo', 'Xatu', 'Octillery', 'Weezing', 'Stantler']",67,23,26
smogtours-gen2nu-723645,[Gen 2] NU,2023-10-14 20:52:50,,watmelberry24903,pidgeot17027,pidgeot17027,True,"['Venomoth', 'Sunflora', 'Elekid', 'Delibird', 'Golbat']","['Hitmontop', 'Elekid', 'Murkrow', 'Tangela', 'Delibird']",42,15,15
smogtours-gen2nu-531023,[Gen 2] NU,2020-12-06 20:32:55,,golduck34873,watergun59811,golduck34873,False,"['Kingler', 'Pidgeot', 'Rapidash', 'Pineco', 'Poliwhirl', 'Dugtrio']","['Kingler', 'Pineco', 'Xatu', 'Dugtrio', 'Gloom', 'Magmar']",64,15,11
smogtours-gen2nu-769815,[Gen 2] NU,2024-05-22 02:02:53,,astonish32045,innerfocus97582,innerfocus97582,True,"[""Farfetch'D"", 'Octillery', 'Stantler', 'Dugtrio', 'Fearow']","['Flareon', 'Bayleef', 'Weezing', 'Dewgong', 'Shuckle']",115,35,33
gen2nu-2027137007,[Gen 2] NU,2024-01-04 19:35:19,,armaldo7268,stockpile1252,stockpile1252,False,"['Togetic', 'Magby', 'Bayleef', 'Onix', 'Croconaw', 'Koffing']","['Togetic', 'Magby', 'Grimer', 'Onix', 'Meowth', 'Croconaw']",89,37,38
gen2nu-1130741982,[Gen 2] NU,2020-06-11 11:09:21,,trick33871,watergun59811,trick33871,False,"['Rapidash', 'Xatu', 'Weezing', 'Primeape', 'Magmar', 'Fearow']","['Rapidash', 'Xatu', 'Wigglytuff', 'Weezing', 'Chinchou', 'Primeape']",36,8,13
smogtours-gen2nu-554137,[Gen 2] NU,2021-04-04 23:02:09,,watergun59811,watmelberry24903,watergun59811,False,"['Flareon', 'Xatu', 'Wigglytuff', 'Stantler', 'Dugtrio']","['Ponyta', 'Murkrow', 'Furret', 'Tangela', 'Delibird', 'Gastly']",22,4,9
gen2nu-1073205033,[Gen 2] NU,2020-03-04 04:56:36,,razzberry93036,mail80062,mail80062,True,"['Pidgeot', 'Dunsparce']","['Dewgong', 'Ninetales', 'Graveler', 'Wigglytuff']",56,2,5
smogtours-gen2nu-670241,[Gen 2] NU,2023-01-22 19:29:14,,koffing28618,volbeat92423,koffing28618,True,"['Magby', 'Snubbull', 'Bayleef', 'Croconaw', 'Koffing']","['Togetic', 'Magby', 'Ledyba', 'Smoochum', 'Croconaw', 'Weepinbell']",40,15,16
gen2nu-875433845,[Gen 2] NU,2019-03-13 11:05:38,,shellarmor75221,poisonbarb10640,shellarmor75221,True,"['Tangela', 'Venomoth', 'Octillery', 'Rapidash']","['Flareon', 'Azumarill', 'Sneasel', 'Magmar', 'Beedrill']",17,4,5
gen2nu-1170796859,[Gen 2] NU,2020-08-18 03:19:40,,withdraw35047,sharpedo31502,withdraw35047,False,"['Kingler', 'Ninetales', 'Pineco', 'Wigglytuff', 'Weezing', 'Dugtrio']","['Ninetales', 'Pineco', 'Bayleef', 'Mantine', 'Persian', 'Shuckle']",37,8,11
gen2nu-1162018933,[Gen 2] NU,2020-08-02 16:12:54,,watergun59811,alakazammega2287,watergun59811,False,"['Kingler', 'Magcargo', 'Wigglytuff', 'Weezing', 'Chinchou', 'Hitmonlee']","['Flareon', 'Xatu', 'Mantine', 'Lickitung', 'Parasect', 'Delibird']",35,12,13
smogtours-gen2nu-441703,[Gen 2] NU,2019-05-16 17:47:53,,swinub46701,arceuswater57688,swinub46701,False,"['Golduck', 'Pidgeot', 'Pineco', 'Raichu', 'Magmar']","['Golduck', 'Pineco', 'Dugtrio', 'Raichu', 'Fearow', 'Shuckle']",36,8,15
gen2nu-825055283,[Gen 2] NU,2018-11-23 15:57:20,,hydration62804,arbok24041,hydration62804,True,"['Ninetales', 'Bayleef', 'Graveler', 'Poliwrath', 'Raichu', 'Primeape']","['Flareon', 'Weezing', 'Dugtrio', 'Feraligatr', 'Raichu', 'Primeape']",31,9,12
gen2nu-1164455522,[Gen 2] NU,2020-08-06 20:49:45,,poliwag79956,watergun59811,poliwag79956,False,"['Kingler', 'Rapidash', 'Pineco', 'Xatu', 'Dragonair']","['Kingler', 'Ninetales', 'Pineco', 'Wigglytuff', 'Weezing', 'Dugtrio']",29,7,10
gen2nu-824467770,[Gen 2] NU,2018-11-22 11:25:38,1063,horsea9129,meditate54840,meditate54840,False,"['Bayleef', 'Xatu', 'Poliwrath', 'Graveler', 'Stantler', 'Raichu']","['Voltorb', 'Pineco', 'Cubone', 'Poliwrath', 'Ledian', 'Gastly']",21,9,6
smogtours-gen2nu-511353,[Gen 2] NU,2020-07-17 23:04:34,,amnesia25800,mantyke6294,mantyke6294,False,"['Flareon', 'Pineco', 'Xatu', 'Weezing', 'Chinchou', 'Magnemite']","['Exeggcute', 'Octillery', 'Cubone', 'Dragonair', 'Wigglytuff', 'Dewgong']",55,21,14
gen2nu-1117485985,[Gen 2] NU,2020-05-19 15:48:18,,watergun59811,oddincense6510,watergun59811,False,"['Rapidash', 'Xatu', 'Graveler', 'Lickitung', 'Chinchou', 'Primeape']","['Rapidash', 'Pineco', 'Xatu', 'Wigglytuff', 'Weezing', 'Dugtrio']",49,11,11
smogtours-gen2nu-831885,[Gen 2] NU,2025-04-09 19:16:09,,stoneplate55960,effectspore19836,stoneplate55960,False,"['Pidgeot', 'Pineco', 'Octillery', 'Weezing', 'Stantler', 'Magnemite']","['Porygon', 'Pineco', 'Weezing', 'Dewgong', 'Primeape', 'Fearow']",107,22,11
smogtours-gen2nu-568807,[Gen 2] NU,2021-07-02 02:18:53,,doublehit67198,enpowerpoison62249,enpowerpoison62249,False,"['Flareon', 'Xatu', 'Dragonair', 'Dewgong', 'Gloom', 'Magnemite']","['Pineco', 'Xatu', 'Octillery', 'Weezing', 'Stantler', 'Primeape']",46,13,14
smogtours-gen2nu-602615,[Gen 2] NU,2022-01-15 20:55:30,,lick25189,powerherb27781,lick25189,True,"['Octillery', 'Dunsparce']","['Dewgong', 'Wigglytuff', 'Rapidash', 'Pineco']",92,1,4
smogtours-gen2nu-783245,[Gen 2] NU,2024-07-29 01:26:12,,futuresight13270,shinystone44310,futuresight13270,False,"['Kingler', 'Porygon', 'Xatu', 'Octillery', 'Dugtrio', 'Magmar']","['Kingler', 'Wigglytuff', 'Weezing', 'Dewgong', 'Primeape', 'Fearow']",46,11,12
gen2nu-1175515690,[Gen 2] NU,2020-08-26 04:04:44,,sharpedo31502,quickpowder55779,quickpowder55779,False,"['Kingler', 'Xatu', 'Wigglytuff', 'Gloom', 'Pupitar', 'Magmar']","['Flareon', 'Xatu', 'Octillery', 'Dragonair', 'Dewgong', 'Magnemite']",49,16,12
gen2nu-1125358498,[Gen 2] NU,2020-06-02 11:43:36,,delcatty31981,watergun59811,watergun59811,False,"['Seadra', 'Weezing', 'Sneasel', 'Chinchou', 'Delibird', 'Gastly']","['Venomoth', 'Flareon', 'Bayleef', 'Wigglytuff', 'Azumarill', 'Dugtrio']",36,14,8
gen2nu-1096717740,[Gen 2] NU,2020-04-14 20:36:32,,flamebody71831,gorebyss18266,flamebody71831,False,"['Weezing', 'Flareon', 'Xatu']","['Pineco', 'Flareon', 'Xatu', 'Octillery', 'Graveler', 'Magnemite']",19,2,7
smogtours-gen2nu-701963,[Gen 2] NU,2023-07-09 01:31:23,,venusaur88702,articuno75579,articuno75579,True,"['Dewgong', 'Ninetales', 'Gloom']","['Hitmontop', 'Wigglytuff', 'Mantine']",5,2,2
gen2nu-835953000,[Gen 2] NU,2018-11-15 16:03:47,,delcatty85537,magmastorm83132,magmastorm83132,False,"['Pineco', 'Weezing', 'Dugtrio', 'Feraligatr', 'Raichu', 'Primeape']","['Xatu', 'Wigglytuff', 'Dugtrio', 'Persian', 'Feraligatr']",28,10,5
gen2nu-1162144822,[Gen 2] NU,2020-08-02 20:32:27,,regigigas73727,watergun59811,watergun59811,False,"['Pineco', 'Wigglytuff', 'Weezing', 'Dewgong', 'Furret', 'Magmar']","['Kingler', 'Sudowoodo', 'Wigglytuff', 'Chinchou', 'Hitmonlee']",23,7,8
gen2nu-2061692977,[Gen 2] NU,2024-02-17 21:52:32,,regigigas73727,delcatty31981,regigigas73727,False,"['Snubbull', 'Sandshrew', 'Houndour', 'Elekid', 'Krabby', 'Mankey']","['Voltorb', 'Staryu', 'Pineco', 'Seel', 'Diglett', 'Gastly']",22,10,8
smogtours-gen2nu-532813,[Gen 2] NU,2020-12-18 22:04:02,,arceuswater57688,farfetchd68284,arceuswater57688,False,"['Venomoth', 'Flareon', 'Xatu', 'Wigglytuff', 'Graveler', 'Dewgong']","['Kingler', 'Flareon', 'Pineco', 'Xatu', 'Wigglytuff', 'Graveler']",104,33,33
smogtours-gen2nu-710999,[Gen 2] NU,2023-08-20 12:54:15,,hitmonchan30284,spikecannon62450,spikecannon62450,False,"['Pineco', 'Xatu', 'Octillery', 'Dugtrio', 'Persian', 'Magmar']","['Sudowoodo', 'Pineco', 'Xatu', 'Octillery', 'Weezing', 'Stantler']",48,16,15
smogtours-gen2nu-531723,[Gen 2] NU,2020-12-12 18:21:11,,watergun59811,extremespeed30289,extremespeed30289,True,"['Xatu', 'Octillery', 'Dugtrio', 'Chinchou', 'Magmar', 'Fearow']","['Kingler', 'Ninetales', 'Pineco', 'Xatu', 'Dewgong', 'Gloom']",44,19,18
gen2nu-1121715101,[Gen 2] NU,2020-05-26 19:29:45,,rawstberry28879,stringshot88219,stringshot88219,False,"['Kingler', 'Ninetales', 'Sudowoodo', 'Exeggcute', 'Wigglytuff', 'Primeape']","['Kingler', 'Dunsparce', 'Xatu', 'Octillery', 'Lickitung', 'Magnemite']",56,27,21
smogtours-gen2nu-675148,[Gen 2] NU,2023-02-14 18:19:06,,innerfocus97582,lick25189,innerfocus97582,False,"['Togetic', 'Magby', 'Bayleef', 'Meowth', 'Croconaw', 'Koffing']","['Togetic', 'Magby', 'Doduo', 'Bayleef', 'Onix', 'Croconaw']",64,9,17
smogtours-gen2nu-711822,[Gen 2] NU,2023-08-23 20:10:57,,watmelberry24903,objectobject4055,watmelberry24903,False,"['Pineco', 'Octillery', 'Stantler', 'Chinchou', 'Persian', 'Fearow']","['Sudowoodo', 'Pineco', 'Octillery', 'Wigglytuff', 'Stantler', 'Fearow']",34,11,14
smogtours-gen2nu-812575,[Gen 2] NU,2025-01-04 15:18:12,,articuno75579,riolu39836,riolu39836,False,"['Pineco', 'Xatu', 'Weezing', 'Dewgong', 'Persian', 'Primeape']","['Pineco', 'Xatu', 'Octillery', 'Weezing', 'Stantler', 'Fearow']",27,9,6
smogtours-gen2nu-662189,[Gen 2] NU,2022-11-20 14:20:46,,magmastorm83132,zoomlens36961,zoomlens36961,False,"['Pineco', 'Xatu', 'Octillery', 'Houndour', 'Dugtrio', 'Persian']","['Exeggcute', 'Wigglytuff', 'Sudowoodo', 'Pineco']",51,18,10
gen2nu-1161231440,[Gen 2] NU,2020-08-01 01:56:07,,bitterberry84865,deoxysattack78714,deoxysattack78714,False,"['Kingler', 'Flareon', 'Dewgong', 'Hitmonlee', 'Raichu', 'Primeape']","['Xatu', 'Weezing', 'Sneasel', 'Dugtrio', 'Magmar', 'Gastly']",31,8,7
gen2nu-1147143001,[Gen 2] NU,2020-07-08 02:08:20,,plus85665,vitalspirit20864,vitalspirit20864,False,"['Kingler', 'Venomoth', 'Exeggcute', 'Wigglytuff', 'Lickitung', 'Dugtrio']","['Kingler', 'Dunsparce', 'Xatu', 'Octillery', 'Magnemite']",34,11,7
gen2nu-1166110969,[Gen 2] NU,2020-08-09 21:54:54,,froslass36770,truant84021,truant84021,False,"['Ninetales', 'Flaaffy', 'Dragonair', 'Hitmonchan', 'Mantine', 'Aipom']","['Wigglytuff', 'Graveler', 'Arbok', 'Dewgong', 'Hitmonlee']",39,15,9
gen2nu-1142801047,[Gen 2] NU,2020-06-30 21:55:44,,focusband1232,facade60368,facade60368,True,"['Dunsparce', 'Azumarill', 'Weezing', 'Raticate', 'Magnemite']","['Sudowoodo', 'Rapidash', 'Xatu', 'Chinchou', 'Primeape']",43,19,19
smogtours-gen2nu-695680,[Gen 2] NU,2023-06-04 19:45:39,,innerfocus91859,zoomlens36961,zoomlens36961,False,"['Togetic', 'Magby', 'Bayleef', 'Croconaw', 'Tentacool', 'Koffing']","['Togetic', 'Magby', 'Teddiursa', 'Smoochum', 'Croconaw', 'Koffing']",56,16,12
smogtours-gen2nu-719962,[Gen 2] NU,2023-09-29 01:36:01,,screech4752,whirlpool40763,screech4752,False,"['Pineco', 'Xatu', 'Octillery', 'Weezing', 'Stantler', 'Fearow']","['Pineco', 'Xatu', 'Octillery', 'Dugtrio', 'Persian', 'Fearow']",19,9,6
gen2nu-1160641331,[Gen 2] NU,2020-07-31 00:55:09,,watergun59811,deoxysattack76542,watergun59811,False,"['Pineco', 'Onix', 'Exeggcute', 'Dewgong', 'Chinchou', 'Magnemite']","['Staryu', 'Murkrow', 'Hitmonlee', 'Tangela', 'Magmar', 'Delibird']",22,7,9
smogtours-gen2nu-666767,[Gen 2] NU,2022-12-31 02:12:14,,flamebody71831,innerfocus91859,flamebody71831,False,"['Rapidash', 'Sudowoodo', 'Xatu', 'Weezing', 'Chinchou', 'Primeape']","['Xatu', 'Octillery', 'Houndour', 'Weezing', 'Dugtrio', 'Chinchou']",33,10,17
smogtours-gen2nu-606649,[Gen 2] NU,2022-02-04 21:32:16,,assist83072,vulpix95233,vulpix95233,True,"['Porygon', 'Xatu', 'Octillery', 'Flaaffy', 'Houndour', 'Dugtrio']","['Pineco', 'Xatu', 'Weezing', 'Dugtrio', 'Chinchou', 'Fearow']",32,12,13
gen2nu-1121710601,[Gen 2] NU,2020-05-26 19:27:18,,torterra43935,xscissor99781,xscissor99781,False,"['Ninetales', 'Hitmontop', 'Azumarill', 'Ditto', 'Ariados', 'Fearow']","['Xatu', 'Rapidash', 'Chinchou', 'Weezing']",35,13,7
smogtours-gen2nu-530999,[Gen 2] NU,2020-12-06 18:59:15,,sharpedo31502,watergun59811,watergun59811,False,"['Pidgeot', 'Xatu', 'Wartortle', 'Gloom', 'Pupitar', 'Magnemite']","['Pineco', 'Xatu', 'Sneasel', 'Dugtrio', 'Primeape', 'Fearow']",50,17,12
gen2nu-2122942292,[Gen 2] NU,2024-05-12 04:50:43,,regigigas73727,delcatty31981,regigigas73727,False,"['Porygon', 'Pineco', 'Cubone', 'Cleffa', 'Spinarak']","['Ponyta', 'Chikorita', 'Porygon', 'Cubone', 'Dratini', 'Elekid']",14,4,6
smogtours-gen2nu-553198,[Gen 2] NU,2021-04-03 12:14:18,,watergun59811,watmelberry24903,watergun59811,True,"['Dugtrio', 'Hitmonlee', 'Gloom', 'Houndour']","['Xatu', 'Octillery', 'Graveler', 'Gloom', 'Magnemite', 'Primeape']",18,4,9
smogtours-gen2nu-493367,[Gen 2] NU,2020-04-21 10:33:47,,sunkern78687,altaria32948,sunkern78687,True,"['Dunsparce', 'Octillery', 'Graveler', 'Parasect', 'Magmar', 'Delibird']","['Bayleef', 'Wigglytuff', 'Graveler', 'Mantine', 'Lickitung', 'Shuckle']",209,97,95
smogtours-gen2nu-725826,[Gen 2] NU,2023-10-22 23:03:42,,buneary57593,innerfocus97582,buneary57593,False,"['Pineco', 'Xatu', 'Octillery', 'Wigglytuff', 'Weezing', 'Magnemite']","['Pineco', 'Octillery', 'Stantler', 'Dewgong', 'Dugtrio', 'Fearow']",45,18,15
smogtours-gen2nu-814662,[Gen 2] NU,2025-01-18 19:21:27,,quagsire94479,powerlens28906,powerlens28906,False,"['Xatu', 'Weezing', 'Stantler', 'Dewgong', 'Persian', 'Delibird']","['Kingler', 'Porygon', 'Pineco', 'Weezing', 'Dewgong', 'Primeape']",97,22,20
gen2nu-834179986,[Gen 2] NU,2018-11-12 01:57:13,,focusband1232,icywind10570,focusband1232,True,"['Sudowoodo', 'Weezing', 'Dugtrio', 'Feraligatr', 'Delibird', 'Shuckle']","['Machoke', 'Pineco', 'Hitmonlee', 'Feraligatr', 'Raichu', 'Fearow']",46,14,17
smogtours-gen2nu-819791,[Gen 2] NU,2025-02-14 20:31:00,,powerlens28906,quagsire94479,quagsire94479,False,"['Pineco', 'Dragonair', 'Weezing', 'Dewgong', 'Pupitar', 'Primeape']","['Pineco', 'Octillery', 'Weezing', 'Stantler', 'Magnemite', 'Fearow']",39,24,19
smogtours-gen2nu-605625,[Gen 2] NU,2022-01-29 23:47:01,,magmastorm83132,watmelberry24903,magmastorm83132,True,"['Xatu', 'Octillery', 'Weezing', 'Stantler', 'Dugtrio', 'Gloom']","['Pidgeot', 'Pineco', 'Xatu', 'Octillery', 'Hitmonlee', 'Fearow']",120,29,36
gen2nu-1148647057,[Gen 2] NU,2020-07-10 14:28:40,,trick33871,watergun59811,trick33871,False,"['Ninetales', 'Magcargo', 'Xatu', 'Octillery', 'Weezing', 'Parasect']","['Sudowoodo', 'Xatu', 'Octillery', 'Wigglytuff', 'Primeape', 'Fearow']",89,24,29
gen2nu-746865704,[Gen 2] NU,2018-05-13 18:43:56,,iceball42025,blacksludge18509,blacksludge18509,False,"['Pidgeot', 'Octillery', 'Haunter', 'Mr. Mime', 'Dugtrio', 'Persian']","['Dewgong', 'Lickitung', 'Hitmontop', 'Haunter']",33,7,3
gen2nu-2046388122,[Gen 2] NU,2024-01-29 00:02:10,,stockpile1252,lickitung60497,stockpile1252,False,"['Togetic', 'Magby', 'Doduo', 'Onix', 'Croconaw', 'Tentacool']","['Magby', 'Bayleef', 'Smoochum', 'Croconaw', 'Tentacool', 'Koffing']",41,13,11
smogtours-gen2nu-676923,[Gen 2] NU,2023-02-23 23:27:03,,innerfocus97582,firestone64684,firestone64684,False,"['Togetic', 'Magby', 'Grimer', 'Onix', 'Croconaw', 'Koffing']","['Magby', 'Onix', 'Natu', 'Smoochum', 'Dratini', 'Croconaw']",35,12,12
smogtours-gen2nu-766190,[Gen 2] NU,2024-05-05 20:22:27,,quagsire94479,liechiberry37967,quagsire94479,False,"['Rapidash', 'Xatu', 'Wigglytuff', 'Dewgong', 'Magnemite', 'Delibird']","['Pineco', 'Octillery', 'Weezing', 'Stantler', 'Pupitar', 'Fearow']",55,16,18
smogtours-gen2nu-534964,[Gen 2] NU,2021-01-02 20:00:59,,arceuswater57688,conversion257800,arceuswater57688,False,"['Kingler', 'Rapidash', 'Pineco', 'Dragonair', 'Murkrow', 'Magnemite']","['Xatu', 'Wigglytuff', 'Weezing', 'Dewgong', 'Magnemite', 'Fearow']",32,9,10
gen2nu-1119536547,[Gen 2] NU,2020-05-22 21:46:23,,watergun59811,oddincense6510,watergun59811,False,"['Pidgeot', 'Rapidash', 'Xatu', 'Hitmonchan', 'Lickitung', 'Dewgong']","['Rapidash', 'Pineco', 'Xatu', 'Wigglytuff', 'Weezing', 'Dugtrio']",30,7,9
smogtours-gen2nu-673077,[Gen 2] NU,2023-02-05 13:17:58,,watmelberry24903,belueberry81130,watmelberry24903,False,"['Doduo', 'Bayleef', 'Onix', 'Smoochum', 'Croconaw', 'Diglett']","['Togetic', 'Magby', 'Bayleef', 'Onix', 'Croconaw', 'Tentacool']",44,15,18
smogtours-gen2nu-728221,[Gen 2] NU,2023-11-02 22:00:53,,buneary57593,willowisp64187,willowisp64187,True,"['Pineco', 'Xatu', 'Weezing', 'Chinchou', 'Pupitar', 'Fearow']","['Xatu', 'Octillery', 'Graveler', 'Stantler', 'Gloom', 'Chinchou']",52,24,24
smogtours-gen2nu-596623,[Gen 2] NU,2021-12-08 23:43:49,,trick33871,quickpowder55779,trick33871,False,"['Xatu', 'Octillery', 'Weezing', 'Dugtrio', 'Hitmonlee', 'Fearow']","['Sudowoodo', 'Pineco', 'Xatu', 'Wigglytuff', 'Weezing', 'Persian']",37,14,17
gen2nu-892754883,[Gen 2] NU,2019-04-14 15:02:39,,sonicboom26327,poisongas8357,sonicboom26327,True,"['Rapidash', 'Weezing', 'Graveler', 'Dewgong', 'Raichu', 'Tangela']","['Pidgeot', 'Rapidash', 'Pineco', 'Poliwrath', 'Dugtrio', 'Raichu']",95,32,35
smogtours-gen2nu-690766,[Gen 2] NU,2023-05-02 13:42:10,,buneary57593,magnetpull75337,magnetpull75337,True,"['Seadra', 'Magcargo', 'Hitmontop', 'Murkrow', 'Drowzee', 'Tangela']","['Seadra', 'Venomoth', 'Magcargo', 'Elekid', 'Murkrow', 'Furret']",42,18,14
gen2nu-833765713,[Gen 2] NU,2018-11-11 06:28:57,1069,focusband1232,delcatty31981,focusband1232,False,"['Ninetales', 'Noctowl', 'Pineco', 'Arbok', 'Feraligatr', 'Raichu']","['Pineco', 'Mantine', 'Lickitung', 'Dugtrio', 'Parasect', 'Raichu']",60,17,15
smogtours-gen2nu-699414,[Gen 2] NU,2023-06-25 22:47:10,,astonish32045,innerfocus91859,innerfocus91859,True,"['Seadra', 'Magcargo', 'Hitmontop', 'Elekid', 'Murkrow', 'Furret']","['Seadra', 'Rhyhorn', 'Hitmontop', 'Elekid', 'Murkrow', 'Furret']",74,24,21
smogtours-gen2nu-411348,[Gen 2] NU,2018-11-27 00:14:21,,futuresight13270,bonemerang45480,bonemerang45480,False,"['Sudowoodo', 'Poliwrath', 'Arbok', 'Feraligatr', 'Raichu', 'Tangela']","['Wigglytuff', 'Graveler', 'Arbok', 'Ivysaur', 'Lickitung', 'Feraligatr']",75,31,26
gen2nu-1168483802,[Gen 2] NU,2020-08-13 23:16:12,,watergun59811,amnesia25800,watergun59811,False,"['Rapidash', 'Flareon', 'Sudowoodo', 'Pineco', 'Exeggcute', 'Magmar']","['Ninetales', 'Xatu', 'Weezing', 'Stantler', 'Chinchou', 'Magnemite']",43,12,18
smogtours-gen2nu-662993,[Gen 2] NU,2022-11-27 19:43:00,,pickup28423,magby20415,pickup28423,False,"['Ninetales', 'Pineco', 'Wigglytuff', 'Azumarill', 'Shuckle']","['Kingler', 'Xatu', 'Octillery', 'Dugtrio', 'Gloom', 'Magmar']",93,16,18
gen2nu-1174944693,[Gen 2] NU,2020-08-25 07:00:33,,trick33871,pursuit89449,trick33871,False,"['Pineco', 'Xatu', 'Houndour', 'Weezing', 'Dewgong', 'Hitmonlee']","[""Farfetch'D"", 'Cubone', 'Lickitung', 'Chinchou', 'Primeape', 'Magmar']",45,9,10
gen2nu-877907740,[Gen 2] NU,2019-03-18 03:39:35,,cottonspore48070,fullincense52281,fullincense52281,False,"['Pineco', 'Xatu', 'Weezing', 'Poliwrath', 'Dugtrio', 'Raichu']","['Sudowoodo', 'Pineco', 'Xatu', 'Exeggcute', 'Dugtrio', 'Raichu']",41,17,16
gen2nu-832838047,[Gen 2] NU,2018-11-09 11:29:30,,focusband1232,delcatty31981,delcatty31981,True,"[""Farfetch'D"", 'Raticate', 'Hitmonchan', 'Murkrow', 'Ledian']","['Arbok', 'Ninetales']",20,4,1
gen2nu-1169531367,[Gen 2] NU,2020-08-15 21:23:54,,watergun59811,sharpedo31502,watergun59811,False,"['Rapidash', 'Dragonair', 'Lickitung', 'Ariados', 'Ledian']","['Pidgeot', 'Flareon', 'Xatu', 'Octillery', 'Wigglytuff', 'Weezing']",33,13,12
gen2nu-833958206,[Gen 2] NU,2018-11-11 17:32:33,,arcanine15013,revenge81867,arcanine15013,False,"['Venomoth', 'Dugtrio', 'Rapidash', 'Sudowoodo']","['Pidgeot', 'Magcargo', 'Sneasel', 'Ditto', 'Raichu', 'Beedrill']",33,5,9
gen2nu-2096294726,[Gen 2] NU,2024-04-05 00:50:35,,regigigas73727,innerfocus97582,regigigas73727,False,"['Doduo', 'Porygon', 'Pineco', 'Chinchou', 'Swinub', 'Diglett']","['Staryu', 'Poliwag', 'Porygon', 'Diglett', 'Magnemite', 'Abra']",31,9,10
gen2nu-1137395010,[Gen 2] NU,2020-06-22 15:14:09,,amnesia25800,watergun59811,watergun59811,False,"['Flareon', 'Xatu', 'Octillery', 'Magmar', 'Tangela', 'Ledian']","['Staryu', 'Snubbull', 'Pineco', 'Octillery', 'Hitmontop', 'Wigglytuff']",50,14,16
gen2nu-2180309879,[Gen 2] NU,2024-08-15 00:57:11,,shinystone44310,aquajet31035,shinystone44310,True,"['Octillery', 'Primeape', 'Pineco', 'Xatu']","['Porygon', 'Hitmontop', 'Wigglytuff', 'Weezing', 'Dewgong']",29,14,14
gen2nu-1038851580,[Gen 2] NU,2019-12-31 21:51:18,,bodyslam85384,static92475,bodyslam85384,False,"['Pineco', 'Xatu', 'Weezing', 'Graveler', 'Dugtrio', 'Fearow']","['Kingler', 'Dunsparce', 'Xatu', 'Octillery', 'Lickitung', 'Magnemite']",34,8,8
gen2nu-2079574907,[Gen 2] NU,2024-03-12 21:30:44,,tangrowth23890,koffing93492,koffing93492,False,"['Ponyta', 'Porygon', 'Pineco', 'Elekid', 'Chinchou', 'Abra']","['Elekid', 'Exeggcute', 'Staryu', 'Porygon']",20,6,4
smogtours-gen2nu-532893,[Gen 2] NU,2020-12-19 16:39:44,,watergun59811,quilava99512,watergun59811,True,"['Pineco', 'Xatu', 'Octillery', 'Weezing', 'Stantler', 'Primeape']","['Ninetales', 'Dunsparce', 'Xatu', 'Octillery', 'Graveler', 'Tangela']",85,29,33
smogtours-gen2nu-625450,[Gen 2] NU,2022-05-10 21:56:25,,rotom99808,marshtomp99135,marshtomp99135,True,"['Togetic', 'Poliwag', 'Onix', 'Smoochum', 'Weepinbell', 'Croconaw']","['Magby', 'Onix', 'Smoochum', 'Nidorina', 'Croconaw']",25,7,6
smogtours-gen2nu-531730,[Gen 2] NU,2020-12-12 18:37:52,,watergun59811,extremespeed30289,extremespeed30289,True,"['Seadra', 'Sunflora', 'Magcargo', 'Hitmonchan', 'Murkrow', 'Furret']","['Seadra', 'Sunflora', 'Magcargo', 'Hitmonchan', 'Murkrow', 'Furret']",44,18,19
smogtours-gen2nu-599351,[Gen 2] NU,2021-12-27 02:07:42,,turtwig42732,spikecannon97564,turtwig42732,False,"['Ninetales', 'Pineco', 'Octillery', 'Weezing', 'Dewgong', 'Magnemite']","['Ninetales', 'Pineco', 'Xatu', 'Wigglytuff', 'Weezing', 'Azumarill']",67,21,20
gen2nu-2122920339,[Gen 2] NU,2024-05-12 03:54:04,,regigigas73727,delcatty31981,delcatty31981,False,"['Porygon', 'Pineco', 'Sandshrew', 'Ledyba', 'Houndour', 'Omanyte']","['Spearow', 'Staryu', 'Cubone', 'Houndour', 'Squirtle', 'Gastly']",29,14,8
gen2nu-1161134248,[Gen 2] NU,2020-07-31 22:10:43,,exeggcute84393,watergun59811,watergun59811,False,"['Rapidash', 'Pineco', 'Xatu', 'Exeggcute', 'Corsola', 'Magmar']","['Kingler', 'Ninetales', 'Magcargo', 'Arbok', 'Lickitung', 'Chinchou']",79,21,17
smogtours-gen2nu-600655,[Gen 2] NU,2022-01-06 20:15:58,,zoomlens36961,powerherb27781,zoomlens36961,True,"['Kingler', 'Xatu', 'Houndour', 'Wigglytuff', 'Dragonair']","['Ninetales', 'Pineco', 'Xatu', 'Octillery', 'Weezing', 'Dugtrio']",31,8,12
gen2nu-1101870298,[Gen 2] NU,2020-04-23 11:30:00,,altaria32948,surskit77069,surskit77069,True,"['Bayleef', 'Wigglytuff', 'Graveler', 'Mantine', 'Lickitung', 'Shuckle']","['Flareon', 'Xatu', 'Octillery', 'Wigglytuff', 'Weezing', 'Graveler']",35,12,8
gen2nu-1043639431,[Gen 2] NU,2020-01-09 21:35:35,1053,tailwhip43653,runaway61538,runaway61538,True,"['Ariados', 'Aipom', 'Flareon']","['Shuckle', 'Noctowl', 'Flareon', 'Xatu']",13,3,4
gen2nu-1171221082,[Gen 2] NU,2020-08-18 21:20:12,,present11303,sharpedo31502,present11303,False,"['Rapidash', 'Bayleef', 'Xatu', 'Weezing', 'Chinchou', 'Primeape']","['Sudowoodo', 'Pineco', 'Xatu', 'Weezing', 'Primeape', 'Magmar']",33,8,11
gen2nu-1172144501,[Gen 2] NU,2020-08-20 13:08:49,,sharpedo31502,watergun59811,watergun59811,False,"['Pineco', 'Xatu', 'Exeggcute', 'Weezing', 'Azumarill', 'Magmar']","['Pidgeot', 'Ninetales', 'Xatu', 'Azumarill', 'Gloom', 'Magnemite']",73,18,20
gen2nu-751605356,[Gen 2] NU,2018-05-23 12:46:17,,stickyhold17429,psn3836,stickyhold17429,False,"['Rapidash', 'Hitmontop', 'Azumarill', 'Stantler', 'Mr. Mime', 'Pikachu']","['Noctowl', 'Rapidash', 'Dugtrio', 'Persian', 'Parasect', 'Corsola']",38,13,13
smogtours-gen2nu-814508,[Gen 2] NU,2025-01-18 00:18:01,,payday17700,magmortar19991,payday17700,False,"['Pineco', 'Xatu', 'Octillery', 'Weezing', 'Stantler', 'Fearow']","['Pineco', 'Xatu', 'Octillery', 'Weezing', 'Graveler', 'Fearow']",23,11,11
smogtours-gen2nu-523479,[Gen 2] NU,2020-10-19 21:18:31,,watergun59811,brightpowder1774,brightpowder1774,False,"['Pidgeot', 'Ninetales', 'Sunflora', 'Snubbull', 'Mantine', 'Primeape']","['Flareon', 'Xatu', 'Dragonair', 'Dewgong', 'Chinchou', 'Corsola']",57,18,23
gen2nu-1121708046,[Gen 2] NU,2020-05-26 19:11:10,,paras61636,watergun59811,watergun59811,True,"['Pineco', 'Flareon', 'Xatu', 'Octillery', 'Graveler', 'Magnemite']","['Primeape', 'Rapidash', 'Chinchou', 'Xatu']",31,7,6
smogtours-gen2nu-596220,[Gen 2] NU,2021-12-05 16:11:51,,pickup28423,extremespeed30289,extremespeed30289,False,"['Kingler', 'Xatu', 'Wigglytuff', 'Gloom', 'Chinchou', 'Magmar']","['Ninetales', 'Pineco', 'Xatu', 'Octillery', 'Weezing', 'Dugtrio']",47,13,12
smogtours-gen2nu-749850,[Gen 2] NU,2024-02-25 17:36:42,,articuno75579,venusaur88702,venusaur88702,True,"['Rapidash', 'Pineco', 'Xatu', 'Octillery', 'Primeape']","['Dewgong', 'Pupitar', 'Primeape', 'Pineco']",13,9,5
gen2nu-1176349312,[Gen 2] NU,2020-08-27 15:36:54,,magnitude70169,watergun59811,watergun59811,False,"['Xatu', 'Weezing', 'Stantler', 'Dewgong', 'Magnemite', 'Primeape']","['Ninetales', 'Pineco', 'Lickitung', 'Chinchou', 'Hitmonlee', 'Fearow']",66,26,22
smogtours-gen2nu-783248,[Gen 2] NU,2024-07-29 01:41:47,,futuresight13270,shinystone44310,shinystone44310,False,"['Kingler', 'Sudowoodo', 'Xatu', 'Octillery', 'Stantler', 'Hitmonlee']","['Porygon', 'Weezing', 'Graveler', 'Stantler', 'Dewgong', 'Primeape']",72,23,23
gen2nu-2366828295,[Gen 2] NU,2025-05-18 21:46:44,,regigigas73727,dragonrush80137,dragonrush80137,False,"['Magby', 'Porygon', 'Natu', 'Cubone', 'Chinchou', 'Abra']","['Pineco', 'Houndour', 'Seel', 'Mankey', 'Diglett', 'Magnemite']",29,12,10
gen2nu-1154041918,[Gen 2] NU,2020-07-19 18:21:56,,mew62926,jynx88656,mew62926,True,"['Sudowoodo', 'Flareon', 'Pineco', 'Stantler', 'Dewgong']","['Pidgeot', 'Dunsparce', 'Houndour', 'Wigglytuff', 'Weezing', 'Stantler']",21,6,7
smogtours-gen2nu-474492,[Gen 2] NU,2020-02-04 04:09:05,,mentalherb24963,shadowclaw51134,shadowclaw51134,False,"['Pineco', 'Xatu', 'Octillery', 'Weezing', 'Graveler', 'Primeape']","['Rapidash', 'Pineco', 'Xatu', 'Sudowoodo', 'Dewgong', 'Dugtrio']",45,13,15
gen2nu-825482085,[Gen 2] NU,2018-11-24 13:26:04,1000,blizzard6066,thief84345,thief84345,True,"['Sunflora', 'Flareon', 'Pineco', 'Octillery', 'Sneasel']","['Raichu', 'Ditto', ""Farfetch'D"", 'Hitmonlee']",21,5,3
gen2nu-833962666,[Gen 2] NU,2018-11-11 17:46:25,,bronzong70090,arcanine15013,arcanine15013,False,"['Weezing', 'Dugtrio', 'Hitmonlee', 'Feraligatr', 'Raichu', 'Magmar']","['Venomoth', 'Sudowoodo', 'Rapidash', 'Octillery', 'Hitmonchan', 'Dugtrio']",44,14,11
smogtours-gen2nu-659495,[Gen 2] NU,2022-11-05 17:27:02,,pickup28423,arceuswater57688,arceuswater57688,False,"['Xatu', 'Octillery', 'Weezing', 'Gloom', 'Magnemite', 'Magmar']","['Kingler', 'Porygon', 'Pineco', 'Cubone', 'Weezing', 'Tangela']",38,10,11
china-gen2nu-184127,[Gen 2] NU,2019-04-02 07:12:20,,loudred91486,iratinaorigin47575,loudred91486,False,"['Wigglytuff', 'Graveler', 'Poliwrath', 'Arbok', 'Lickitung', 'Raichu']","['Pineco', 'Xatu', 'Graveler', 'Poliwrath', 'Raichu', 'Gastly']",36,16,16
gen2nu-823807944,[Gen 2] NU,2018-11-21 01:49:44,,copycat44078,trick33871,trick33871,False,"['Kingler', 'Pineco', 'Parasect', 'Weezing', 'Feraligatr', 'Raichu']","['Wigglytuff', 'Graveler', 'Arbok', 'Lickitung', 'Feraligatr', 'Raichu']",40,18,12
gen2nu-1161580107,[Gen 2] NU,2020-08-01 19:12:19,,watergun59811,deoxysattack76542,watergun59811,False,"['Magcargo', 'Hitmonchan']","['Flareon', 'Pineco', 'Graveler', 'Stantler', 'Dewgong', 'Tangela']",18,1,7
gen2nu-1145847279,[Gen 2] NU,2020-07-06 00:40:33,,regigigas73727,watergun59811,regigigas73727,False,"['Kingler', 'Flareon', 'Wigglytuff', 'Weezing', 'Stantler', 'Magmar']","['Porygon', 'Xatu', 'Cubone', 'Octillery', 'Wigglytuff', 'Dragonair']",84,24,32
gen2nu-1121910055,[Gen 2] NU,2020-05-27 02:25:12,,trick33871,amnesia25800,trick33871,False,"['Ninetales', 'Pineco', 'Dunsparce', 'Xatu', 'Sneasel', 'Chinchou']","['Rapidash', 'Xatu', 'Sneasel', 'Lickitung', 'Chinchou', 'Primeape']",147,29,25
gen2nu-2061418854,[Gen 2] NU,2024-02-17 13:17:00,,mysteryberry83821,charcoal70,mysteryberry83821,False,"['Doduo', 'Porygon', 'Onix', 'Meowth', 'Chinchou', 'Diglett']","['Porygon', 'Cubone', 'Murkrow', 'Drowzee', 'Chinchou', 'Magnemite']",36,10,10
smogtours-gen2nu-724290,[Gen 2] NU,2023-10-15 23:52:22,,rotomfan35023,willowisp64187,willowisp64187,True,"['Ninetales', 'Sudowoodo', 'Pineco', 'Xatu', 'Octillery', 'Chinchou']","['Porygon', 'Flareon', 'Xatu', 'Weezing', 'Dewgong', 'Primeape']",71,29,24
gen2nu-1079205516,[Gen 2] NU,2020-03-15 02:50:04,,deoxysspeed62981,enpowerpoison95815,enpowerpoison95815,False,"['Snubbull', 'Bayleef', 'Clefairy', 'Nidorina', 'Skiploom', 'Tangela']","['Flareon', 'Hitmontop', 'Dewgong', 'Dugtrio', 'Beedrill', 'Yanma']",31,5,9
smogtours-gen2nu-754490,[Gen 2] NU,2024-03-20 21:09:19,,regigigas73727,liechiberry37967,regigigas73727,True,"['Cubone', 'Exeggcute', 'Smoochum', 'Elekid', 'Gastly']","['Doduo', 'Porygon', 'Onix', 'Meowth', 'Chinchou', 'Diglett']",17,4,6
smogtours-gen2nu-632084,[Gen 2] NU,2022-06-12 23:38:05,,blaziken67392,falseswipe920,blaziken67392,False,"['Kingler', 'Porygon', 'Xatu', 'Weezing', 'Dragonair']","['Kingler', 'Pineco', 'Xatu', 'Dugtrio', 'Gloom', 'Magmar']",23,7,5
gen2nu-2079579363,[Gen 2] NU,2024-03-12 21:46:27,,tangrowth23890,koffing93492,tangrowth23890,False,"['Staryu', 'Porygon', 'Houndour', 'Elekid', 'Diglett', 'Abra']","['Porygon', 'Poliwag', 'Ledyba', 'Exeggcute', 'Cubone', 'Elekid']",27,9,8
gen2nu-2021022463,[Gen 2] NU,2023-12-27 14:53:05,,miracleeye49568,stoneplate55960,stoneplate55960,True,"['Porygon', 'Pineco', 'Octillery', 'Weezing', 'Stantler', 'Magmar']","['Pidgeot', 'Ninetales', 'Vileplume', 'Octillery', 'Graveler']",43,14,15
gen2nu-1148934243,[Gen 2] NU,2020-07-10 23:34:37,,watergun59811,weedle59449,watergun59811,False,"['Xatu', 'Cubone', 'Octillery', 'Wigglytuff', 'Dragonair', 'Primeape']","['Xatu', 'Wigglytuff', 'Weezing', 'Poliwhirl', 'Persian', 'Slowpoke']",60,8,5
smogtours-gen2nu-556343,[Gen 2] NU,2021-04-18 14:59:02,,watergun59811,deoxysattack76542,watergun59811,False,"['Xatu', 'Octillery', 'Wigglytuff', 'Weezing', 'Dugtrio', 'Primeape']","['Rapidash', 'Xatu', 'Exeggcute', 'Wigglytuff', 'Graveler', 'Magmar']",47,13,12
smogtours-gen2nu-661132,[Gen 2] NU,2022-11-13 17:27:14,,watmelberry24903,multitype73036,multitype73036,False,"['Pineco', 'Xatu', 'Octillery', 'Houndour', 'Dugtrio', 'Persian']","['Pineco', 'Xatu', 'Octillery', 'Chinchou', 'Gloom', 'Primeape']",27,11,8
gen2nu-1161348412,[Gen 2] NU,2020-08-01 08:15:25,,deoxysattack76542,growl27128,deoxysattack76542,False,"['Magmar', 'Delibird', 'Hitmonlee']","['Sunflora', 'Aipom', 'Persian', 'Corsola', 'Magmar', 'Shuckle']",23,2,8
gen2nu-1121465170,[Gen 2] NU,2020-05-26 09:59:52,,defensecurl10777,watergun59811,watergun59811,False,"['Magcargo', 'Weezing', 'Wobbuffet', 'Hitmonlee', 'Furret', 'Delibird']","['Seadra', 'Rapidash', 'Xatu', 'Elekid', 'Lickitung', 'Dugtrio']",40,7,10
gen2nu-1117814860,[Gen 2] NU,2020-05-20 02:28:20,,aron31863,weedle59449,weedle59449,False,"[""Farfetch'D"", 'Hitmonchan', 'Arbok', 'Wobbuffet', 'Dugtrio', 'Ariados']","['Kingler', 'Exeggcute', 'Wigglytuff', 'Poliwhirl']",29,7,3
smogtours-gen2nu-760271,[Gen 2] NU,2024-04-11 19:16:13,,regigigas73727,hornattack31442,regigigas73727,False,"['Doduo', 'Porygon', 'Pineco', 'Chinchou', 'Swinub', 'Diglett']","['Staryu', 'Porygon', 'Pineco', 'Cubone', 'Houndour', 'Spinarak']",21,9,10
smogtours-gen2nu-675151,[Gen 2] NU,2023-02-14 18:35:25,,innerfocus97582,lick25189,lick25189,False,"['Togetic', 'Magby', 'Onix', 'Dratini', 'Croconaw', 'Koffing']","['Togetic', 'Bayleef', 'Onix', 'Croconaw', 'Tentacool', 'Diglett']",64,19,16
smogtours-gen2nu-689532,[Gen 2] NU,2023-04-25 19:19:44,,lightclay48488,quilava74965,quilava74965,False,"['Venomoth', 'Noctowl', 'Elekid', 'Murkrow', 'Delibird', 'Golbat']","['Seadra', 'Sunflora', 'Magcargo', 'Elekid', 'Murkrow', 'Delibird']",47,14,15
gen2nu-1155448577,[Gen 2] NU,2020-07-22 01:19:43,,minun63363,sandveil96544,sandveil96544,True,"['Azumarill', 'Arbok', 'Dewgong', 'Ariados', 'Corsola', 'Delibird']","['Flareon', 'Xatu', 'Octillery', 'Dragonair', 'Dewgong', 'Magnemite']",67,11,13
smogtours-gen2nu-519348,[Gen 2] NU,2020-09-27 17:58:06,,forretress73895,watmelberry24903,forretress73895,False,"['Onix', 'Poliwhirl', 'Mantine', 'Elekid', 'Beedrill', 'Delibird']","['Onix', 'Ivysaur', 'Wobbuffet', 'Corsola', 'Delibird', 'Golbat']",43,14,15
gen2nu-2040153736,[Gen 2] NU,2024-01-21 02:19:13,,regigigas73727,delcatty31981,regigigas73727,False,"['Voltorb', 'Ponyta', 'Staryu', 'Pineco', 'Teddiursa', 'Diglett']","['Ponyta', 'Pineco', 'Cubone', 'Elekid', 'Squirtle', 'Gastly']",28,12,15
smogtours-gen2nu-729923,[Gen 2] NU,2023-11-11 17:58:51,,judgment88768,articuno75579,articuno75579,False,"['Xatu', 'Octillery', 'Weezing', 'Dugtrio', 'Primeape', 'Fearow']","['Pineco', 'Xatu', 'Octillery', 'Wigglytuff', 'Weezing', 'Stantler']",42,14,12
smogtours-gen2nu-548913,[Gen 2] NU,2021-03-20 18:54:21,,doubleedge47965,roaroftime72943,roaroftime72943,False,"['Kingler', 'Dunsparce', 'Xatu', 'Octillery', 'Lickitung', 'Magnemite']","['Rapidash', 'Pineco', 'Xatu', 'Stantler', 'Dugtrio', 'Primeape']",37,7,9
gen2nu-1169933180,[Gen 2] NU,2020-08-16 16:59:40,,watergun59811,sharpedo31502,watergun59811,False,"['Pineco', 'Rhyhorn', 'Wigglytuff', 'Sneasel', 'Dugtrio', 'Croconaw']","['Pidgeot', 'Flareon', 'Xatu', 'Wigglytuff', 'Weezing']",47,12,14
gen2nu-2248433296,[Gen 2] NU,2024-11-21 18:49:21,,powerlens28906,staryu84419,powerlens28906,False,"['Pineco', 'Xatu', 'Octillery', 'Weezing', 'Stantler', 'Dugtrio']","['Porygon', 'Pineco', 'Weezing', 'Stantler', 'Dugtrio', 'Dewgong']",51,9,7
smogtours-gen2nu-443661,[Gen 2] NU,2019-05-26 22:13:52,,swinub46701,heartswap84662,swinub46701,False,"['Kingler', 'Pineco', 'Bayleef', 'Poliwrath', 'Raichu', 'Shuckle']","['Rapidash', 'Pineco', 'Exeggcute', 'Poliwrath', 'Raichu', 'Gastly']",113,60,63
gen2nu-2074193281,[Gen 2] NU,2024-03-05 19:28:03,,armthrust98225,ampharos18190,ampharos18190,False,"['Porygon', 'Cubone', 'Meowth', 'Chinchou', 'Magnemite', 'Abra']","['Staryu', 'Houndour', 'Elekid', 'Mankey', 'Diglett']",21,9,5
smogtours-gen2nu-739367,[Gen 2] NU,2024-01-14 21:33:08,,bulletseed14964,suicune87392,bulletseed14964,False,"['Seadra', 'Venomoth', 'Magcargo', 'Noctowl', 'Flaaffy', 'Delibird']","['Seadra', 'Flaaffy', 'Elekid', 'Murkrow', 'Tangela', 'Delibird']",71,16,19
gen2nu-2023462354,[Gen 2] NU,2023-12-30 22:04:33,,present11303,sentret78377,sentret78377,False,"['Vileplume', 'Xatu', 'Octillery', 'Weezing', 'Magnemite', 'Primeape']","['Kingler', 'Pineco', 'Xatu', 'Stantler', 'Primeape', 'Fearow']",19,6,5
gen2nu-1133894493,[Gen 2] NU,2020-06-16 22:12:29,,quickpowder55779,regigigas73727,quickpowder55779,False,"['Rapidash', 'Sudowoodo', 'Xatu', 'Weezing', 'Dewgong']","['Dunsparce', 'Xatu', 'Azumarill', 'Weezing', 'Raticate', 'Magnemite']",31,8,12
gen2nu-1038980271,[Gen 2] NU,2020-01-01 03:17:17,,delcatty31981,trick33871,trick33871,False,"['Abra', 'Onix', 'Cubone', 'Omanyte', 'Dratini', 'Paras']","['Staryu', 'Exeggcute', 'Houndour', 'Elekid', 'Diglett']",21,7,6
gen2nu-1170965791,[Gen 2] NU,2020-08-18 12:50:47,,sharpedo31502,watergun59811,watergun59811,False,"['Xatu', 'Octillery', 'Wigglytuff', 'Weezing', 'Primeape', 'Magmar']","['Kingler', 'Ninetales', 'Pineco', 'Xatu', 'Hitmonlee']",36,13,7
gen2nu-1165963028,[Gen 2] NU,2020-08-09 16:32:50,,heatwave93550,watergun59811,watergun59811,True,"['Togetic', 'Magcargo', 'Dunsparce', 'Wigglytuff', 'Ledian', 'Shuckle']","['Kingler', 'Ninetales', 'Pineco', 'Wigglytuff', 'Weezing', 'Dugtrio']",44,13,18
gen2nu-1092483381,[Gen 2] NU,2020-04-07 11:45:44,,lureball74235,shuppet62508,shuppet62508,False,"['Ninetales', 'Xatu', 'Octillery', 'Weezing', 'Primeape', 'Shuckle']","['Pidgeot', 'Dunsparce', 'Houndour', 'Wigglytuff', 'Weezing', 'Stantler']",49,9,10
gen2nu-1124249158,[Gen 2] NU,2020-05-31 09:15:24,,trick33871,watergun59811,watergun59811,False,"['Ninetales', 'Pineco', 'Dunsparce', 'Xatu', 'Sneasel', 'Chinchou']","['Venomoth', 'Flareon', 'Bayleef', 'Wigglytuff', 'Azumarill', 'Dugtrio']",65,19,10
gen2nu-825216450,[Gen 2] NU,2018-11-23 22:05:25,,copycat44078,goldberry53422,copycat44078,True,"['Sudowoodo', 'Pineco', 'Weezing', 'Feraligatr', 'Raichu']","['Weezing', 'Feraligatr', 'Raichu', 'Primeape', 'Magmar']",37,9,8
gen2nu-1151843599,[Gen 2] NU,2020-07-15 21:45:23,,nuzleaf44678,psyduck38308,psyduck38308,False,"['Seadra', 'Machoke', 'Houndour', 'Poliwhirl', 'Graveler', 'Drowzee']","['Bayleef', 'Dragonair', 'Graveler', 'Clefairy', 'Drowzee', 'Abra']",64,15,21
smogtours-gen2nu-630959,[Gen 2] NU,2022-06-09 13:30:06,,kingsrock95028,quilava74965,quilava74965,False,"['Onix', 'Mantine', 'Poliwhirl', 'Elekid', 'Furret', 'Tangela']","['Seadra', 'Clefairy', 'Murkrow', 'Furret', 'Tangela', 'Delibird']",68,20,20
gen2nu-2122936352,[Gen 2] NU,2024-05-12 04:48:39,,regigigas73727,delcatty31981,regigigas73727,False,"['Voltorb', 'Porygon', 'Cubone', 'Houndour', 'Omanyte', 'Spinarak']","['Doduo', 'Poliwag', 'Pineco', 'Houndour', 'Elekid', 'Diglett']",31,10,15
gen2nu-1166145203,[Gen 2] NU,2020-08-09 23:05:26,,mudkip14197,watergun59811,mudkip14197,False,"['Pineco', 'Wigglytuff', 'Weezing', 'Dewgong', 'Furret', 'Magmar']","['Pineco', 'Hitmonchan', 'Sneasel', 'Stantler', 'Dugtrio', 'Croconaw']",34,10,14
smogtours-gen2nu-830970,[Gen 2] NU,2025-04-06 13:13:09,,bibarel19063,rattata90247,bibarel19063,True,"['Rapidash', 'Sudowoodo', 'Pineco', 'Xatu', 'Octillery', 'Primeape']","['Rapidash', 'Pineco', 'Porygon', 'Dewgong', 'Gloom', 'Pupitar']",48,17,17
smogtours-gen2nu-410814,[Gen 2] NU,2018-11-23 18:14:57,,rockblast30807,blastburn84594,blastburn84594,False,"['Noctowl', 'Wigglytuff', 'Weezing', 'Graveler', 'Feraligatr', 'Raichu']","['Venomoth', 'Dugtrio', 'Persian', 'Hitmonlee', 'Ledian', 'Fearow']",67,17,18
smogtours-gen2nu-815295,[Gen 2] NU,2025-01-20 17:18:00,,powerlens28906,sableye96591,powerlens28906,False,"['Rapidash', 'Sudowoodo', 'Xatu', 'Pineco', 'Octillery', 'Persian']","['Pineco', 'Xatu', 'Rhyhorn', 'Weezing', 'Stantler', 'Dewgong']",50,18,19
smogtours-gen2nu-632230,[Gen 2] NU,2022-06-14 19:15:42,,sleeptalk75109,noability55942,sleeptalk75109,True,"['Pineco', 'Xatu', 'Octillery', 'Dugtrio', 'Persian', 'Magmar']","['Kingler', 'Ninetales', 'Pineco', 'Xatu', 'Dugtrio', 'Parasect']",52,19,21
gen2nu-1152390755,[Gen 2] NU,2020-07-16 19:48:36,,psyduck38308,nuzleaf44678,nuzleaf44678,False,"['Exeggcute', 'Graveler', 'Clefairy', 'Drowzee', 'Gastly', 'Abra']","['Seadra', 'Machoke', 'Houndour', 'Graveler', 'Poliwhirl', 'Drowzee']",22,13,10
gen2nu-837308330,[Gen 2] NU,2018-11-18 05:49:15,1030,focusband1232,metalclaw67212,focusband1232,True,"['Noctowl', 'Pineco', 'Arbok', 'Feraligatr', 'Pupitar', 'Raichu']","['Xatu', 'Weezing', 'Lickitung', 'Dugtrio', 'Feraligatr', 'Raichu']",61,29,28
gen2nu-1155451539,[Gen 2] NU,2020-07-22 01:41:12,,hydration43285,astonish72019,hydration43285,False,"['Ninetales', 'Xatu', 'Mantine', 'Dugtrio', 'Primeape', 'Fearow']","['Kingler', 'Dunsparce', 'Xatu', 'Octillery', 'Lickitung', 'Magnemite']",49,12,10
gen2nu-1133996517,[Gen 2] NU,2020-06-17 02:21:05,,grimer19403,thickclub70730,grimer19403,False,"['Kingler', 'Magnemite', 'Octillery', 'Xatu']","['Porygon', 'Sudowoodo', 'Octillery', 'Wigglytuff', 'Arbok', 'Delibird']",22,4,12
smogtours-gen2nu-819784,[Gen 2] NU,2025-02-14 19:30:12,,quagsire94479,powerlens28906,powerlens28906,True,"['Rapidash', 'Xatu', 'Wigglytuff', 'Dewgong', 'Magnemite', 'Delibird']","['Flareon', 'Pineco', 'Octillery', 'Hitmontop', 'Weezing', 'Graveler']",36,15,16
smogtours-gen2nu-440879,[Gen 2] NU,2019-05-11 16:20:44,,lavaplume47096,swinub46701,swinub46701,True,"['Pineco', 'Xatu', 'Graveler', 'Poliwrath', 'Raichu']","['Exeggcute', 'Dugtrio', 'Raichu']",19,6,2
gen2nu-741433790,[Gen 2] NU,2018-05-02 15:57:22,,ninetales82401,lanturn52136,ninetales82401,True,"['Porygon', 'Hitmontop', 'Dragonair', 'Sneasel', 'Mr. Mime', 'Delibird']","['Sunflora', 'Pineco', 'Flaaffy', 'Sneasel', 'Mr. Mime', 'Shuckle']",30,6,7
gen2nu-2169210225,[Gen 2] NU,2024-07-29 00:22:39,,recover74685,waveincense21524,waveincense21524,False,"['Pineco', 'Xatu', 'Octillery', 'Wigglytuff', 'Weezing', 'Stantler']","['Ninetales', 'Porygon', 'Octillery', 'Wigglytuff', 'Weezing', 'Fearow']",84,17,13
smogtours-gen2nu-830171,[Gen 2] NU,2025-04-05 14:36:23,,articuno75579,aircutter24151,aircutter24151,False,"['Porygon', 'Rapidash', 'Sudowoodo', 'Pineco', 'Stantler', 'Pupitar']","['Sudowoodo', 'Pineco', 'Xatu', 'Octillery', 'Chinchou', 'Primeape']",24,7,9
smogtours-gen2nu-474493,[Gen 2] NU,2020-02-04 04:14:56,,mentalherb24963,shadowclaw51134,shadowclaw51134,False,"['Kingler', 'Sudowoodo', 'Pineco', 'Xatu', 'Primeape', 'Magmar']","['Pineco', 'Xatu', 'Graveler', 'Dewgong', 'Primeape', 'Magmar']",24,8,5
smogtours-gen2nu-596219,[Gen 2] NU,2021-12-05 16:07:00,,quickpowder55779,powerherb27781,powerherb27781,True,"['Rapidash', 'Sudowoodo', 'Xatu', 'Dewgong', 'Gloom', 'Magmar']","['Kingler', 'Xatu', 'Stantler', 'Dugtrio', 'Magmar', 'Shuckle']",64,16,17
gen2nu-1153391916,[Gen 2] NU,2020-07-18 14:29:46,,trick33871,watergun59811,trick33871,False,"['Kingler', 'Porygon', 'Flareon', 'Lickitung', 'Dewgong', 'Slowpoke']","['Ninetales', 'Sudowoodo', 'Pineco', 'Xatu', 'Exeggcute', 'Chinchou']",37,8,13
gen2nu-1120490469,[Gen 2] NU,2020-05-24 16:57:01,,poliwag79956,watergun59811,watergun59811,False,"['Ninetales', 'Xatu', 'Octillery', 'Weezing', 'Dugtrio', 'Fearow']","['Rapidash', 'Xatu', 'Weezing', 'Lickitung', 'Chinchou', 'Primeape']",37,7,8
gen2nu-1130315487,[Gen 2] NU,2020-06-10 16:13:25,,watergun59811,amnesia25800,watergun59811,False,"['Pineco', 'Octillery', 'Weezing', 'Chinchou', 'Primeape', 'Magmar']","['Rapidash', 'Xatu', 'Sneasel', 'Lickitung', 'Chinchou', 'Primeape']",26,8,7
gen2nu-1133998914,[Gen 2] NU,2020-06-17 02:21:23,,gastrodoneast315,grimer19403,grimer19403,False,"['Sudowoodo', 'Hitmonchan', 'Lickitung', 'Dugtrio', 'Murkrow', 'Ariados']","['Kingler', 'Magnemite', 'Octillery', 'Xatu']",17,8,3
smogtours-gen2nu-533032,[Gen 2] NU,2020-12-20 16:21:54,,conversion257800,quickpowder55779,quickpowder55779,False,"['Kingler', 'Xatu', 'Wigglytuff', 'Weezing', 'Sneasel', 'Magmar']","['Kingler', 'Pineco', 'Xatu', 'Stantler', 'Hitmonlee', 'Magnemite']",56,20,17
gen2nu-1106305598,[Gen 2] NU,2020-04-30 18:52:37,,watergun59811,gunkshot9424,watergun59811,False,"['Rapidash', 'Xatu', 'Wigglytuff', 'Dewgong', 'Primeape', 'Fearow']","['Rapidash', 'Pineco', 'Xatu', 'Exeggcute', 'Corsola', 'Magmar']",48,10,19
gen2nu-1174571694,[Gen 2] NU,2020-08-24 17:20:43,,deepseascale54775,adaptability73331,adaptability73331,False,"['Sudowoodo', 'Pineco', 'Weezing', 'Graveler', 'Lickitung', 'Shuckle']","['Octillery', 'Wigglytuff', 'Ditto', 'Sudowoodo']",31,13,7
gen2nu-2061421991,[Gen 2] NU,2024-02-17 13:22:21,,kingdra25969,powerlens44128,powerlens44128,False,"['Porygon', 'Cubone', 'Meowth', 'Chinchou', 'Magnemite', 'Abra']","['Porygon', 'Cubone', 'Meowth', 'Chinchou', 'Magnemite', 'Abra']",38,8,8
gen2nu-1056125522,[Gen 2] NU,2020-02-01 09:14:51,,runaway61538,trick33871,trick33871,False,"['Pineco', 'Xatu', 'Weezing', 'Dewgong', 'Tangela', 'Magmar']","['Kingler', 'Ninetales', 'Sudowoodo', 'Exeggcute', 'Wigglytuff', 'Primeape']",55,23,19
gen2nu-1122630991,[Gen 2] NU,2020-05-28 12:32:29,,defensecurl10777,amnesia25800,amnesia25800,False,"['Magcargo', 'Weezing', 'Wobbuffet', 'Hitmonlee', 'Furret', 'Delibird']","['Sunflora', 'Flareon', 'Xatu', 'Octillery', 'Magmar', 'Ledian']",49,11,15
gen2nu-837269483,[Gen 2] NU,2018-11-18 03:48:42,1038,magnet86978,metalclaw67212,magnet86978,False,"['Porygon', 'Rapidash', 'Weezing', 'Feraligatr', 'Tangela', 'Primeape']","['Ninetales', 'Pineco', 'Weezing', 'Graveler', 'Feraligatr', 'Raichu']",79,18,22
smogtours-gen2nu-690987,[Gen 2] NU,2023-05-05 00:05:31,,quilava74965,dig97663,dig97663,False,"['Magcargo', 'Sunflora', 'Sneasel', 'Murkrow', 'Furret', 'Delibird']","['Seadra', 'Rhyhorn', 'Elekid', 'Murkrow', 'Furret', 'Delibird']",31,12,10
gen2nu-1100923556,[Gen 2] NU,2020-04-21 21:51:24,,watergun59811,glaceon67942,glaceon67942,False,"['Rapidash', 'Dragonair', 'Graveler', 'Weezing', 'Dewgong', 'Fearow']","['Pineco', 'Flareon', 'Xatu', 'Octillery', 'Weezing', 'Dewgong']",111,14,24
gen2nu-2240241956,[Gen 2] NU,2024-11-09 00:00:41,,rattata41549,umbreon6699,umbreon6699,False,"['Kingler', 'Sudowoodo', 'Porygon', 'Pineco', 'Dunsparce', 'Wigglytuff']","['Dugtrio', 'Sudowoodo', 'Pineco']",17,5,3
smogtours-gen2nu-693798,[Gen 2] NU,2023-05-23 17:17:19,,special6978,stench25210,stench25210,True,"['Ninetales', 'Pineco', 'Xatu', 'Stantler', 'Dewgong', 'Magnemite']","['Ninetales', 'Xatu', 'Octillery', 'Wigglytuff', 'Graveler', 'Tangela']",60,23,23
smogtours-gen2nu-632224,[Gen 2] NU,2022-06-14 18:57:50,,sleeptalk75109,noability55942,noability55942,True,"['Magby', 'Bayleef', 'Smoochum', 'Croconaw', 'Tentacool', 'Koffing']","['Magby', 'Doduo', 'Onix', 'Tentacool', 'Weepinbell', 'Croconaw']",63,13,15
smogtours-gen2nu-730260,[Gen 2] NU,2023-11-12 18:24:45,,icepunch19432,willowisp64187,icepunch19432,True,"['Porygon', 'Pineco', 'Octillery', 'Weezing', 'Primeape', 'Fearow']","['Xatu', 'Cubone', 'Octillery', 'Weezing', 'Hitmonlee', 'Ledian']",63,15,12
gen2nu-2008345262,[Gen 2] NU,2023-12-09 23:55:23,,micleberry42653,stoneplate55960,stoneplate55960,True,"['Machop', 'Seel', 'Meowth', 'Jigglypuff', 'Horsea', 'Skiploom']","['Pidgeotto', 'Seel', 'Phanpy', 'Meowth', 'Oddish', 'Mankey']",70,15,20
gen2nu-970509219,[Gen 2] NU,2019-09-03 20:08:57,,marill90930,wurmple75777,marill90930,False,"['Golduck', 'Rapidash', 'Xatu', 'Raichu', 'Tangela']","['Arbok', 'Dugtrio', 'Dewgong', 'Raichu', 'Tangela', 'Magmar']",28,6,11
gen2nu-1151152984,[Gen 2] NU,2020-07-14 19:23:39,,watergun59811,xscissor99781,watergun59811,False,"['Ninetales', 'Sudowoodo', 'Pineco', 'Xatu', 'Exeggcute', 'Chinchou']","['Ninetales', 'Sudowoodo', 'Pineco', 'Xatu', 'Exeggcute', 'Chinchou']",77,28,28
smogtours-gen2nu-782397,[Gen 2] NU,2024-07-26 20:21:25,,suicune87392,tangledfeet30693,tangledfeet30693,True,"['Octillery', 'Graveler', 'Gloom', 'Magnemite', 'Primeape', 'Delibird']","['Kingler', 'Pineco', 'Weezing', 'Lickitung', 'Dewgong', 'Primeape']",37,16,16
gen2nu-1155448293,[Gen 2] NU,2020-07-22 01:14:46,,trick33871,pidgey72655,trick33871,False,"['Pineco', 'Chinchou', 'Flareon', 'Sneasel']","['Kingler', 'Venomoth', 'Sudowoodo', 'Arbok', 'Ditto', 'Beedrill']",19,5,6
smogtours-gen2nu-814761,[Gen 2] NU,2025-01-18 22:29:07,,sunstone71283,sableye96591,sunstone71283,False,"['Pineco', 'Flareon', 'Weezing', 'Dewgong', 'Primeape']","['Pineco', 'Xatu', 'Rhyhorn', 'Weezing', 'Stantler', 'Dewgong']",40,20,20
gen2nu-825756233,[Gen 2] NU,2018-11-25 00:12:23,,gripclaw98844,acid31107,acid31107,True,"['Raichu', 'Tangela', 'Wigglytuff', 'Weezing']","['Voltorb', 'Pineco', 'Cubone', 'Ledian', 'Gastly']",13,4,4
gen2nu-1172722616,[Gen 2] NU,2020-08-21 11:54:34,,sharpedo31502,watergun59811,watergun59811,False,"['Pineco', 'Xatu', 'Wigglytuff', 'Weezing', 'Dewgong', 'Magmar']","['Ninetales', 'Hitmontop', 'Dragonair', 'Seaking', 'Chinchou', 'Fearow']",42,19,13
gen2nu-837183986,[Gen 2] NU,2018-11-17 23:49:29,,bug99182,twineedle35563,bug99182,False,"['Rapidash', 'Xatu', 'Hitmontop', 'Lickitung', 'Tangela']","['Rapidash', 'Porygon', 'Dugtrio', 'Feraligatr', 'Raichu', 'Fearow']",36,10,10
gen2nu-741566955,[Gen 2] NU,2018-05-02 20:32:21,,delcatty31981,ninetales82401,delcatty31981,False,"['Sudowoodo', 'Parasect', 'Octillery', 'Pikachu', 'Furret']","['Porygon', 'Hitmontop', 'Dragonair', 'Sneasel', 'Mr. Mime', 'Delibird']",37,8,8
gen2nu-834144385,[Gen 2] NU,2018-11-12 00:24:36,,swinub46701,mudbomb84611,mudbomb84611,False,"['Golduck', 'Bayleef', 'Cubone', 'Weezing', 'Feraligatr', 'Raichu']","['Golduck', 'Weezing', 'Dugtrio', 'Feraligatr', 'Raichu', 'Fearow']",42,12,8
gen2nu-1168329090,[Gen 2] NU,2020-08-13 18:14:37,,amnesia25800,watergun59811,amnesia25800,False,"['Flareon', 'Pineco', 'Xatu', 'Weezing', 'Chinchou', 'Magnemite']","['Ninetales', 'Sudowoodo', 'Pineco', 'Xatu', 'Chinchou', 'Gloom']",79,28,29
gen2nu-1132547597,[Gen 2] NU,2020-06-14 15:50:38,,watergun59811,conversion257464,watergun59811,False,"['Rapidash', 'Xatu', 'Persian', 'Chinchou', 'Primeape', 'Magmar']","['Venomoth', 'Rapidash', 'Sudowoodo', 'Octillery', 'Hitmonchan', 'Dugtrio']",34,6,15
gen2nu-1118734071,[Gen 2] NU,2020-05-21 15:50:01,,lavaplume47096,watergun59811,watergun59811,True,"['Octillery', 'Drowzee', 'Dugtrio', 'Magmar', 'Delibird', 'Gastly']","['Rapidash', 'Xatu', 'Octillery', 'Weezing', 'Sneasel', 'Lickitung']",31,14,8
gen2nu-2145227568,[Gen 2] NU,2024-06-17 22:14:30,,skarmory11046,skuntank86887,skarmory11046,False,"['Kingler', 'Dewgong', 'Flareon', 'Xatu']","[""Farfetch'D"", 'Dragonair', 'Arbok', 'Dewgong', 'Dugtrio', 'Fearow']",30,4,8
smogtours-gen2nu-710116,[Gen 2] NU,2023-08-15 01:12:51,,whirlpool40763,articuno75579,articuno75579,True,"['Pineco', 'Xatu', 'Octillery', 'Houndour', 'Gloom']","['Pineco', 'Xatu', 'Octillery', 'Weezing', 'Stantler', 'Fearow']",21,8,6
gen2nu-1114269943,[Gen 2] NU,2020-05-14 02:09:00,,weedle59449,gust97110,weedle59449,False,"['Kingler', 'Sudowoodo', 'Wigglytuff', 'Dragonair', 'Chinchou', 'Slowpoke']","['Beedrill', 'Dewgong', 'Dugtrio', 'Hitmonlee', 'Magmar', 'Fearow']",30,7,11
smogtours-gen2nu-783112,[Gen 2] NU,2024-07-28 19:19:16,,innerfocus97582,articuno75579,articuno75579,False,"['Rapidash', 'Pineco', 'Xatu', 'Wigglytuff', 'Dugtrio', 'Primeape']","['Pineco', 'Octillery', 'Weezing', 'Stantler', 'Lickitung', 'Dugtrio']",30,9,9
smogtours-gen2nu-689382,[Gen 2] NU,2023-04-23 21:49:03,,icywind98531,kingdra96181,icywind98531,False,"['Togetic', 'Magby', 'Doduo', 'Bayleef', 'Teddiursa', 'Croconaw']","['Magby', 'Onix', 'Smoochum', 'Weepinbell', 'Croconaw', 'Diglett']",32,12,12
gen2nu-2050652800,[Gen 2] NU,2024-02-03 07:09:20,,regigigas73727,delcatty31981,delcatty31981,True,"['Chikorita', 'Porygon', 'Poliwag', 'Elekid', 'Magnemite']","['Chikorita', 'Teddiursa', 'Houndour', 'Omanyte', 'Diglett']",20,9,9
gen2nu-1176644189,[Gen 2] NU,2020-08-28 01:02:13,,sharpedo31502,watergun59811,sharpedo31502,False,"['Ninetales', 'Bayleef', 'Xatu', 'Weezing', 'Furret', 'Pupitar']","['Kingler', 'Ninetales', 'Pineco', 'Xatu', 'Chinchou', 'Hitmonlee']",62,23,27
smogtours-gen2nu-813574,[Gen 2] NU,2025-01-10 18:51:34,,muk57201,tangledfeet30693,tangledfeet30693,True,"['Dewgong', 'Octillery', 'Weezing', 'Pineco']","['Wigglytuff', 'Persian']",24,6,3
gen2nu-833789843,[Gen 2] NU,2018-11-11 07:42:27,,delcatty31981,nknownability24024,delcatty31981,False,"['Mantine', 'Lickitung', 'Dugtrio', 'Parasect', 'Raichu']","['Ninetales', 'Pineco', 'Xatu', 'Weezing', 'Tangela', 'Magmar']",42,6,15
gen2nu-747926243,[Gen 2] NU,2018-05-15 21:43:54,1000,zapdos90988,swampert6893,zapdos90988,True,"['Sudowoodo', 'Octillery', 'Arbok', 'Mr. Mime', 'Dugtrio']","['Kingler', 'Pineco', 'Mantine', 'Lickitung', 'Pikachu']",21,6,8
smogtours-gen2nu-712284,[Gen 2] NU,2023-08-26 17:22:35,,extrasensory76435,larvitar96901,larvitar96901,True,"['Pineco', 'Xatu', 'Stantler', 'Dewgong', 'Magnemite']","['Venomoth', 'Sudowoodo', 'Octillery', 'Poliwhirl', 'Dugtrio', 'Fearow']",56,10,10
smogtours-gen2nu-531029,[Gen 2] NU,2020-12-06 20:33:43,,altaria32948,watergun59811,altaria32948,False,"['Bayleef', 'Wigglytuff', 'Mantine', 'Graveler', 'Lickitung', 'Shuckle']","['Kingler', 'Flareon', 'Pineco', 'Xatu', 'Wigglytuff', 'Graveler']",73,17,18
gen2nu-1150030272,[Gen 2] NU,2020-07-12 22:22:02,,deoxysspeed66431,watergun59811,watergun59811,False,"['Sunflora', 'Flareon', 'Octillery', 'Sneasel', 'Dugtrio', 'Magnemite']","['Ninetales', 'Sudowoodo', 'Xatu', 'Exeggcute', 'Wartortle', 'Chinchou']",72,17,15
smogtours-gen2nu-598043,[Gen 2] NU,2021-12-17 23:49:36,,zapdos59192,watmelberry24903,zapdos59192,False,"['Kingler', 'Ninetales', 'Pineco', 'Xatu', 'Wigglytuff', 'Weezing']","['Ninetales', 'Xatu', 'Azumarill', 'Graveler', 'Gloom', 'Shuckle']",90,34,37
smogtours-gen2nu-740098,[Gen 2] NU,2024-01-20 02:16:20,,articuno75579,magnetpull75337,articuno75579,False,"['Pineco', 'Xatu', 'Octillery', 'Weezing', 'Stantler', 'Pupitar']","['Octillery', 'Wigglytuff', 'Weezing', 'Graveler', 'Persian', 'Primeape']",54,22,19
gen2nu-1120913613,[Gen 2] NU,2020-05-25 11:44:18,,amnesia25800,watergun59811,watergun59811,False,"['Rapidash', 'Xatu', 'Sneasel', 'Lickitung', 'Chinchou', 'Primeape']","['Venomoth', 'Xatu', 'Raticate', 'Murkrow', 'Dugtrio', 'Lickitung']",28,7,7
smogtours-gen2nu-769814,[Gen 2] NU,2024-05-22 01:35:20,,innerfocus97582,astonish32045,innerfocus97582,False,"['Pineco', 'Weezing', 'Dewgong', 'Dugtrio', 'Furret', 'Primeape']","['Pineco', 'Xatu', 'Flareon', 'Wigglytuff', 'Stantler', 'Delibird']",28,9,11
smogtours-gen2nu-804353,[Gen 2] NU,2024-11-03 15:47:45,,tangledfeet30693,arceuswater57688,tangledfeet30693,False,"['Porygon', 'Rapidash', 'Pineco', 'Xatu', 'Octillery', 'Primeape']","['Kingler', 'Pineco', 'Xatu', 'Wigglytuff', 'Gloom', 'Magnemite']",30,12,16
smogtours-gen2nu-599460,[Gen 2] NU,2021-12-28 11:00:15,,trick33871,zoomlens36961,trick33871,False,"['Ninetales', 'Pineco', 'Octillery', 'Weezing', 'Dewgong', 'Magnemite']","['Xatu', 'Octillery', 'Weezing', 'Dugtrio', 'Primeape', 'Fearow']",51,20,15
smogtours-gen2nu-497340,[Gen 2] NU,2020-05-02 19:06:17,,staraptor64408,twistedspoon78974,twistedspoon78974,False,"['Kingler', 'Xatu', 'Stantler', 'Lickitung', 'Dewgong', 'Hitmonlee']","['Ninetales', 'Sudowoodo', 'Exeggcute', 'Wigglytuff', 'Primeape']",24,11,7
smogtours-gen2nu-535520,[Gen 2] NU,2021-01-03 23:40:52,,turtwig42732,arceuswater57688,turtwig42732,False,"['Flareon', 'Xatu', 'Weezing', 'Dewgong', 'Hitmonlee', 'Magnemite']","['Sudowoodo', 'Rapidash', 'Xatu', 'Weezing', 'Chinchou', 'Primeape']",78,33,39
smogtours-gen2nu-662743,[Gen 2] NU,2022-11-26 18:19:12,,manaphy22907,arceuswater57688,arceuswater57688,False,"['Ninetales', 'Sudowoodo', 'Pineco', 'Xatu', 'Stantler', 'Dewgong']","['Kingler', 'Xatu', 'Houndour', 'Weezing', 'Gloom', 'Primeape']",33,13,10
smogtours-gen2nu-756678,[Gen 2] NU,2024-03-29 19:11:48,,rattata90247,hornattack31442,hornattack31442,False,"['Porygon', 'Cubone', 'Meowth', 'Chinchou', 'Magnemite', 'Abra']","['Staryu', 'Porygon', 'Exeggcute', 'Houndour', 'Meowth', 'Elekid']",18,7,9
gen2nu-1103394577,[Gen 2] NU,2020-04-26 01:05:59,,trick33871,kelpsyberry27938,kelpsyberry27938,False,"['Kingler', 'Rapidash', 'Sudowoodo', 'Pineco', 'Sneasel', 'Chinchou']","['Dunsparce', 'Graveler', 'Seaking', 'Lickitung', 'Primeape']",28,12,6
gen2nu-1172843001,[Gen 2] NU,2020-08-21 16:24:03,,alakazammega8565,watergun59811,watergun59811,False,"['Sudowoodo', 'Flareon', 'Weezing', 'Dewgong', 'Primeape', 'Shuckle']","['Ninetales', 'Snubbull', 'Pineco', 'Xatu', 'Hitmonlee', 'Magnemite']",35,15,14
smogtours-gen2nu-493814,[Gen 2] NU,2020-04-24 10:45:09,,dragonrush34751,magmastorm83132,magmastorm83132,False,"['Pineco', 'Flareon', 'Xatu', 'Octillery', 'Magnemite']","['Ninetales', 'Xatu', 'Octillery', 'Wigglytuff', 'Dugtrio', 'Persian']",49,15,11
smogtours-gen2nu-712292,[Gen 2] NU,2023-08-26 17:34:16,,larvitar96901,extrasensory76435,larvitar96901,False,"['Xatu', 'Octillery', 'Houndour', 'Weezing', 'Lickitung', 'Fearow']","['Xatu', 'Octillery', 'Weezing', 'Dugtrio', 'Primeape', 'Fearow']",23,6,9
gen2nu-746783865,[Gen 2] NU,2018-05-13 15:45:44,1044,magiccoat1189,meditite93115,meditite93115,False,"['Pidgeot', 'Sudowoodo', 'Mr. Mime', 'Pikachu', 'Tangela', 'Fearow']","['Sunflora', 'Sudowoodo', 'Sneasel', 'Stantler', 'Mr. Mime', 'Pikachu']",51,19,18
gen2nu-2075926725,[Gen 2] NU,2024-03-07 22:46:49,,acidarmor93650,stickyhold28665,acidarmor93650,False,"['Voltorb', 'Staryu', 'Porygon', 'Houndour', 'Elekid', 'Mankey']","['Staryu', 'Pineco', 'Houndour', 'Elekid', 'Mankey', 'Diglett']",21,6,5
gen2nu-830815473,[Gen 2] NU,2018-11-05 10:36:02,1000,grotle42094,protean59949,protean59949,True,"['Raichu', 'Xatu', 'Pineco', 'Hitmonchan']","['Aipom', 'Poliwrath']",8,3,1
gen2nu-1150480404,[Gen 2] NU,2020-07-13 17:33:06,,rindoberry93484,watergun59811,watergun59811,False,"['Venomoth', 'Bayleef', 'Flareon', 'Wigglytuff', 'Azumarill', 'Dugtrio']","['Ninetales', 'Sudowoodo', 'Xatu', 'Exeggcute', 'Hitmontop', 'Chinchou']",90,28,27
smogtours-gen2nu-812572,[Gen 2] NU,2025-01-04 15:13:10,,articuno75579,riolu39836,articuno75579,False,"['Ninetales', 'Porygon', 'Omastar', 'Weezing', 'Dewgong', 'Primeape']","['Pineco', 'Exeggcute', 'Wigglytuff', 'Weezing', 'Graveler', 'Dewgong']",36,12,13
gen2nu-2023456633,[Gen 2] NU,2023-12-30 22:00:06,,present11303,sentret78377,present11303,False,"['Vileplume', 'Xatu', 'Octillery', 'Weezing', 'Magnemite', 'Primeape']","['Kingler', 'Pineco', 'Xatu', 'Stantler', 'Primeape', 'Fearow']",35,8,6
gen2nu-741630497,[Gen 2] NU,2018-05-02 23:05:01,1050,prinplup91103,dialga48280,prinplup91103,False,"['Mantine', 'Murkrow', 'Mr. Mime', 'Dugtrio', 'Fearow']","['Octillery', 'Hitmonchan', 'Mr. Mime', 'Dugtrio', 'Pikachu', 'Fearow']",30,7,9
gen2nu-2062270671,[Gen 2] NU,2024-02-18 19:07:30,,baltoy77606,magnemite47056,magnemite47056,False,"['Staryu', 'Porygon', 'Elekid', 'Chinchou', 'Diglett', 'Paras']","['Porygon', 'Houndour', 'Omanyte', 'Smoochum', 'Diglett', 'Abra']",25,12,10
smogtours-gen2nu-723814,[Gen 2] NU,2023-10-15 10:19:40,,buneary57593,screech4752,buneary57593,False,"['Porygon', 'Flareon', 'Pineco', 'Xatu', 'Octillery', 'Stantler']","['Pineco', 'Xatu', 'Octillery', 'Weezing', 'Stantler', 'Fearow']",56,14,14
gen2nu-1178909123,[Gen 2] NU,2020-08-31 22:08:27,,present11303,pursuit89449,pursuit89449,False,"['Rapidash', 'Xatu', 'Weezing', 'Dugtrio', 'Chinchou', 'Primeape']","[""Farfetch'D"", 'Cubone']",10,6,1
gen2nu-2122589171,[Gen 2] NU,2024-05-11 16:10:10,,articuno75579,rattata90247,articuno75579,True,"['Pineco', 'Octillery', 'Weezing', 'Chinchou', 'Primeape', 'Fearow']","['Pineco', 'Xatu', 'Octillery', 'Weezing', 'Stantler', 'Dugtrio']",34,14,15
smogtours-gen2nu-556369,[Gen 2] NU,2021-04-18 16:08:10,,watmelberry24903,watergun59811,watergun59811,True,"['Pineco', 'Houndour', 'Weezing', 'Chinchou', 'Gloom', 'Primeape']","['Dunsparce', 'Xatu', 'Weezing', 'Dugtrio', 'Magmar', 'Fearow']",25,11,10
smogtours-gen2nu-694186,[Gen 2] NU,2023-05-27 12:40:09,,innerfocus91859,magnetpull75337,innerfocus91859,False,"['Kingler', 'Pineco', 'Xatu', 'Wigglytuff', 'Graveler', 'Gloom']","['Sudowoodo', 'Xatu', 'Octillery', 'Wigglytuff', 'Weezing', 'Persian']",56,16,16
gen2nu-1124559261,[Gen 2] NU,2020-05-31 23:45:36,,weedle59449,watergun59811,watergun59811,False,"['Seadra', 'Exeggcute', 'Dragonair', 'Dewgong', 'Chinchou', 'Gastly']","['Rapidash', 'Pineco', 'Weezing', 'Lickitung', 'Dewgong', 'Primeape']",44,13,11
gen2nu-1177790070,[Gen 2] NU,2020-08-30 00:00:58,,deoxysattack78714,dragonpulse47397,dragonpulse47397,False,"['Xatu', 'Weezing', 'Sneasel', 'Dugtrio', 'Magmar', 'Gastly']","['Ninetales', 'Azumarill', 'Graveler', 'Weezing', 'Delibird', 'Shuckle']",59,11,17
smogtours-gen2nu-672039,[Gen 2] NU,2023-01-29 22:24:49,,watmelberry24903,lusterpurge99010,watmelberry24903,False,"['Togetic', 'Onix', 'Smoochum', 'Croconaw', 'Tentacool', 'Diglett']","['Togetic', 'Magby', 'Doduo', 'Croconaw', 'Diglett', 'Koffing']",47,24,20
smogtours-gen2nu-720259,[Gen 2] NU,2023-09-30 06:33:31,,astonish32045,pidgeot17027,pidgeot17027,False,"['Venomoth', 'Machoke', 'Noctowl', 'Hitmontop', 'Elekid', 'Murkrow']","['Seadra', 'Hitmontop', 'Elekid', 'Murkrow', 'Tangela', 'Delibird']",42,11,12
smogtours-gen2nu-689536,[Gen 2] NU,2023-04-25 19:34:23,,quilava74965,lightclay48488,quilava74965,False,"['Seadra', 'Noctowl', 'Flaaffy', 'Furret', 'Tangela']","['Seadra', 'Clefairy', 'Murkrow', 'Furret', 'Tangela', 'Delibird']",83,16,21
gen2nu-1040718370,[Gen 2] NU,2020-01-04 10:59:28,1000,nidoking16580,ironfist29922,ironfist29922,True,"['Pidgeot', 'Magcargo', 'Sunflora', 'Dewgong', 'Dugtrio', 'Hitmonlee']","['Ninetales', 'Porygon', 'Sudowoodo', 'Xatu', 'Wigglytuff', 'Tangela']",40,10,11
gen2nu-745115035,[Gen 2] NU,2018-05-10 02:56:42,1000,synchronize82161,delcatty31981,delcatty31981,False,"['Pidgeot', 'Pineco', 'Octillery', 'Haunter', 'Mr. Mime', 'Pikachu']","['Pineco', 'Haunter', 'Mantine', 'Lickitung', 'Dugtrio', 'Parasect']",28,10,7
gen2nu-2061701387,[Gen 2] NU,2024-02-17 22:04:47,,regigigas73727,delcatty31981,delcatty31981,True,"['Chikorita', 'Porygon', 'Houndour', 'Dratini', 'Wooper', 'Diglett']","['Ponyta', 'Staryu', 'Porygon', 'Pineco', 'Elekid']",32,10,12
gen2nu-1175448874,[Gen 2] NU,2020-08-26 01:29:19,,regigigas73727,astonish72019,regigigas73727,True,"['Magnemite', 'Weezing', 'Dunsparce', 'Xatu']","['Arbok', 'Magnemite', 'Wigglytuff', 'Dunsparce']",28,4,5
gen2nu-1042815404,[Gen 2] NU,2020-01-08 11:34:25,,cosmicpower71524,magmortar26451,cosmicpower71524,False,"['Sudowoodo', 'Pineco', 'Xatu', 'Stantler', 'Dewgong', 'Magmar']","['Xatu', 'Exeggcute', 'Graveler', 'Stantler', 'Chinchou', 'Magmar']",32,16,12
smogtours-gen2nu-742566,[Gen 2] NU,2024-01-28 02:46:35,,articuno75579,innerfocus97582,innerfocus97582,True,"['Vileplume', 'Porygon', 'Flareon', 'Graveler', 'Dewgong', 'Primeape']","['Ninetales', 'Vileplume', 'Octillery', 'Graveler', 'Chinchou', 'Fearow']",200,59,69
gen2nu-1151166164,[Gen 2] NU,2020-07-14 19:45:31,,watergun59811,slakoth53488,slakoth53488,False,"['Sudowoodo', 'Xatu', 'Octillery', 'Wigglytuff', 'Primeape', 'Fearow']","['Flareon', 'Xatu', 'Octillery', 'Dragonair', 'Dewgong', 'Magnemite']",57,14,11
gen2nu-836846611,[Gen 2] NU,2018-11-17 07:43:53,1000,splashplate96182,powerelectric48356,powerelectric48356,True,['Raichu'],['Delibird'],6,0,0
gen2nu-1117616337,[Gen 2] NU,2020-05-19 19:41:11,,watergun59811,fire24746,watergun59811,False,"['Rapidash', 'Xatu', 'Lickitung', 'Chinchou', 'Primeape', 'Gastly']","['Bayleef', 'Xatu', 'Weezing', 'Graveler', 'Dewgong', 'Hitmonlee']",34,9,14
smogtours-gen2nu-720831,[Gen 2] NU,2023-10-01 16:21:25,,hypervoice57448,chlorophyll28494,hypervoice57448,False,"['Xatu', 'Octillery', 'Weezing', 'Dugtrio', 'Primeape', 'Fearow']","['Ninetales', 'Pineco', 'Xatu', 'Octillery', 'Weezing', 'Dugtrio']",29,9,9
smogtours-gen2nu-811430,[Gen 2] NU,2024-12-22 20:18:09,,quagsire94479,stench25210,quagsire94479,False,"['Pineco', 'Octillery', 'Weezing', 'Persian', 'Primeape', 'Fearow']","['Pineco', 'Xatu', 'Weezing', 'Dewgong', 'Magnemite', 'Primeape']",57,18,22
smogtours-gen2nu-567578,[Gen 2] NU,2021-06-24 23:14:04,,quickpowder55779,payapaberry16719,payapaberry16719,False,"['Kingler', 'Ninetales', 'Xatu', 'Weezing', 'Lickitung', 'Dugtrio']","['Pineco', 'Xatu', 'Octillery', 'Weezing', 'Stantler', 'Primeape']",21,10,6
smogtours-gen2nu-745126,[Gen 2] NU,2024-02-04 21:10:04,,venusaur88702,willowisp64187,venusaur88702,True,"['Porygon', 'Pineco', 'Weezing', 'Stantler', 'Dewgong', 'Dugtrio']","['Xatu', 'Octillery', 'Weezing', 'Hitmonlee', 'Ledian']",15,7,5
gen2nu-1176319122,[Gen 2] NU,2020-08-27 14:42:03,,watergun59811,sharpedo31502,watergun59811,False,"['Ninetales', 'Xatu', 'Azumarill', 'Gloom', 'Pupitar', 'Fearow']","['Ninetales', 'Xatu', 'Weezing', 'Furret', 'Pupitar', 'Primeape']",92,36,37
smogtours-gen2nu-443784,[Gen 2] NU,2019-05-27 03:10:03,,ninjask45400,trick33871,trick33871,True,"['Xatu', 'Weezing', 'Poliwrath', 'Graveler', 'Lickitung', 'Raichu']","['Pineco', 'Exeggcute', 'Graveler', 'Poliwrath', 'Raichu', 'Shuckle']",138,32,37
smogtours-gen2nu-829695,[Gen 2] NU,2025-04-04 13:32:18,,stoneplate55960,sunstone71283,stoneplate55960,False,"['Pineco', 'Xatu', 'Weezing', 'Dewgong', 'Persian', 'Primeape']","['Sudowoodo', 'Pineco', 'Xatu', 'Flareon', 'Octillery', 'Persian']",22,8,11
gen2nu-832824706,[Gen 2] NU,2018-11-09 10:34:11,,delcatty31981,focusband1232,delcatty31981,False,"['Sudowoodo', 'Parasect', 'Octillery', 'Dugtrio', 'Hitmonlee', 'Furret']","['Kingler', 'Sudowoodo', 'Rapidash', 'Sneasel', 'Hitmonlee', 'Parasect']",24,9,8
gen2nu-1159976920,[Gen 2] NU,2020-07-29 22:17:39,,rest31376,present58217,rest31376,False,"['Dewgong', 'Tangela', 'Delibird', 'Phanpy']","['Cubone', 'Graveler', 'Dugtrio', 'Swinub', 'Wooper', 'Pupitar']",22,7,7
gen2nu-1104848354,[Gen 2] NU,2020-04-28 13:03:36,,watergun59811,brightpowder1774,brightpowder1774,False,"['Rapidash', 'Xatu', 'Lickitung', 'Dewgong', 'Primeape', 'Fearow']","['Pidgeot', 'Pineco', 'Sneasel', 'Chinchou', 'Primeape', 'Gastly']",65,16,17
gen2nu-825263227,[Gen 2] NU,2018-11-23 23:54:20,,chartiberry95074,hydration62804,chartiberry95074,False,"['Golduck', 'Ninetales', 'Sudowoodo', 'Pineco', 'Weezing', 'Raichu']","['Ninetales', 'Xatu', 'Graveler', 'Poliwrath', 'Raichu', 'Primeape']",40,15,17
smogtours-gen2nu-665462,[Gen 2] NU,2022-12-18 21:21:09,,watmelberry24903,zoomlens36961,zoomlens36961,False,"['Ninetales', 'Pineco', 'Xatu', 'Stantler', 'Dewgong', 'Magnemite']","['Sudowoodo', 'Pineco', 'Xatu', 'Exeggcute', 'Wigglytuff', 'Stantler']",48,12,11
smogtours-gen2nu-569628,[Gen 2] NU,2021-07-09 23:04:27,,watergun59811,mimejr67810,watergun59811,False,"['Kingler', 'Ninetales', 'Xatu', 'Weezing', 'Lickitung']","['Ninetales', 'Xatu', 'Octillery', 'Dugtrio', 'Gloom', 'Persian']",41,7,7
gen2nu-1133996245,[Gen 2] NU,2020-06-17 02:20:18,,kabuto89124,frz54735,kabuto89124,True,"['Kingler', 'Venomoth', 'Pineco', 'Murkrow', 'Dewgong']","['Corsola', 'Wobbuffet', 'Magmar', 'Xatu']",20,5,5
gen2nu-1133998082,[Gen 2] NU,2020-06-17 02:21:14,,kabuto89124,weedle59449,weedle59449,True,"['Kingler', 'Venomoth', 'Pineco', 'Arbok', 'Murkrow', 'Dewgong']","['Slowpoke', 'Magmar', 'Rapidash', 'Xatu']",34,9,7
gen2nu-2068177187,[Gen 2] NU,2024-02-26 19:22:10,,spoink40808,armaldo7268,armaldo7268,False,"['Togetic', 'Magby', 'Doduo', 'Smoochum', 'Croconaw', 'Weepinbell']","['Magby', 'Natu', 'Smoochum', 'Meowth', 'Croconaw']",24,8,6
gen2nu-2027880105,[Gen 2] NU,2024-01-05 17:40:43,,armaldo75787,leafeon34076,armaldo75787,False,"['Togetic', 'Magby', 'Natu', 'Smoochum', 'Meowth', 'Croconaw']","['Togetic', 'Magby', 'Doduo', 'Smoochum', 'Croconaw', 'Weepinbell']",40,9,13
gen2nu-1151848015,[Gen 2] NU,2020-07-15 21:56:59,,victreebel55835,psyduck38308,psyduck38308,False,"['Seadra', 'Machoke', 'Snubbull', 'Houndour', 'Graveler', 'Croconaw']","['Bayleef', 'Dragonair', 'Graveler', 'Clefairy', 'Drowzee', 'Abra']",54,14,12
smogtours-gen2nu-598773,[Gen 2] NU,2021-12-19 23:10:39,,turtwig42732,magmastorm83132,magmastorm83132,False,"['Ninetales', 'Sudowoodo', 'Xatu', 'Octillery', 'Chinchou', 'Primeape']","['Kingler', 'Xatu', 'Wigglytuff', 'Weezing', 'Dugtrio', 'Persian']",48,18,15
gen2nu-1170961530,[Gen 2] NU,2020-08-18 12:39:27,,taunt17457,trick33871,trick33871,False,"['Flareon', 'Xatu', 'Octillery', 'Dragonair', 'Dewgong', 'Magnemite']","['Xatu', 'Houndour', 'Sudowoodo', 'Hitmonlee']",28,10,9
smogtours-gen2nu-569626,[Gen 2] NU,2021-07-09 23:00:12,,watergun59811,mimejr67810,watergun59811,False,"['Pineco', 'Xatu', 'Octillery', 'Raticate', 'Weezing', 'Magmar']","['Kingler', 'Xatu', 'Dragonair', 'Weezing', 'Stantler', 'Gloom']",20,5,6
gen2nu-878274815,[Gen 2] NU,2019-03-18 21:30:26,,ursaring45910,zenheadbutt21681,ursaring45910,False,"['Quilava', 'Wobbuffet', 'Dugtrio', 'Raichu', 'Delibird', 'Shuckle']","[""Farfetch'D"", 'Ninetales', 'Dugtrio', 'Croconaw', 'Parasect', 'Raichu']",47,8,8
gen2nu-754690585,[Gen 2] NU,2018-05-29 19:23:54,,sing25817,forewarn68091,sing25817,False,"['Octillery', 'Hitmonchan', 'Murkrow', 'Mr. Mime', 'Dugtrio', 'Pikachu']","['Pidgeot', 'Hitmontop', 'Murkrow', 'Mr. Mime', 'Dugtrio', 'Pikachu']",30,11,13
smogtours-gen2nu-556332,[Gen 2] NU,2021-04-18 14:32:17,,watergun59811,deoxysattack76542,watergun59811,False,"['Dunsparce', 'Xatu', 'Weezing', 'Magmar', 'Fearow']","['Kingler', 'Houndour', 'Dugtrio', 'Gloom', 'Hitmonlee', 'Primeape']",31,10,13
smogtours-gen2nu-677501,[Gen 2] NU,2023-02-26 18:53:05,,watmelberry24903,belueberry81130,watmelberry24903,False,"['Magby', 'Onix', 'Smoochum', 'Dratini', 'Croconaw', 'Tentacool']","['Togetic', 'Doduo', 'Bayleef', 'Onix', 'Smoochum', 'Croconaw']",70,24,27
gen2nu-917453573,[Gen 2] NU,2019-05-27 21:40:10,,registeel45872,quickfeet93886,registeel45872,False,"['Gastly', 'Pineco', 'Xatu']","['Weezing', 'Mantine', 'Poliwrath', 'Tangela', 'Raichu', 'Primeape']",20,4,7
smogtours-gen2nu-665465,[Gen 2] NU,2022-12-18 21:59:10,,magmastorm83132,innerfocus91859,magmastorm83132,False,"['Pineco', 'Xatu', 'Houndour', 'Octillery', 'Dugtrio', 'Persian']","['Kingler', 'Xatu', 'Houndour', 'Weezing', 'Gloom', 'Primeape']",49,19,18
smogtours-gen2nu-446269,[Gen 2] NU,2019-06-09 18:53:37,,tangrowth58764,lavaplume47096,tangrowth58764,True,"['Pineco', 'Wigglytuff', 'Poliwrath', 'Dugtrio', 'Raichu', 'Shuckle']","['Golduck', 'Pineco', 'Weezing', 'Dugtrio', 'Raichu', 'Fearow']",88,32,35
smogtours-gen2nu-566536,[Gen 2] NU,2021-06-18 23:19:55,,watergun59811,stoneplate32738,watergun59811,False,"['Rapidash', 'Pineco', 'Xatu', 'Octillery', 'Dugtrio', 'Persian']","['Flareon', 'Xatu', 'Octillery', 'Dragonair', 'Dewgong', 'Magnemite']",43,13,12
gen2nu-1133996257,[Gen 2] NU,2020-06-17 02:20:22,,astonish72019,bagon92667,astonish72019,True,"['Kingler', 'Dunsparce', 'Xatu', 'Octillery', 'Lickitung', 'Magnemite']","['Ninetales', 'Arbok', 'Dewgong', 'Dugtrio', 'Ditto', 'Fearow']",41,10,10
gen2nu-832360970,[Gen 2] NU,2018-11-08 13:40:57,1037,brickbreak25862,magnetpull12833,brickbreak25862,False,"['Venomoth', 'Machoke', 'Flareon', 'Cubone', 'Aipom', 'Raichu']","['Dragonair', 'Mantine', 'Feraligatr', 'Pupitar', 'Raichu', 'Delibird']",42,11,15
smogtours-gen2nu-689478,[Gen 2] NU,2023-04-25 00:07:05,,nuzleaf29867,koffing28618,nuzleaf29867,False,"['Seadra', 'Venomoth', 'Elekid', 'Furret', 'Tangela', 'Abra']","['Seadra', 'Cubone', 'Elekid', 'Murkrow', 'Furret', 'Delibird']",33,5,10
gen2nu-2067611474,[Gen 2] NU,2024-02-26 00:43:20,,regigigas73727,delcatty31981,delcatty31981,True,"['Staryu', 'Porygon', 'Pineco', 'Exeggcute', 'Omanyte', 'Magnemite']","['Chikorita', 'Teddiursa', 'Houndour', 'Omanyte', 'Diglett', 'Paras']",34,13,16
smogtours-gen2nu-598621,[Gen 2] NU,2021-12-19 20:18:19,,quickpowder55779,zoomlens36961,quickpowder55779,True,"['Ariados', 'Lickitung', 'Dragonair', 'Flareon']","['Ninetales', 'Pineco', 'Wigglytuff', 'Azumarill', 'Gloom', 'Shuckle']",26,6,6
smogtours-gen2nu-496482,[Gen 2] NU,2020-04-29 09:07:40,,magmastorm83132,sunkern78687,magmastorm83132,False,"['Stantler', 'Octillery', 'Rapidash', 'Persian']","['Dunsparce', 'Octillery', 'Graveler', 'Parasect', 'Magmar', 'Delibird']",35,7,12
gen2nu-1125356298,[Gen 2] NU,2020-06-02 11:36:53,,watergun59811,delcatty31981,watergun59811,False,"['Rapidash', 'Xatu', 'Wigglytuff', 'Weezing', 'Chinchou', 'Primeape']","['Rapidash', 'Pineco', 'Bayleef', 'Xatu', 'Dewgong', 'Dugtrio']",43,7,14
smogtours-gen2nu-756887,[Gen 2] NU,2024-03-29 23:24:19,,tangrowth23890,regigigas73727,regigigas73727,False,"['Staryu', 'Porygon', 'Houndour', 'Elekid', 'Diglett', 'Abra']","['Chikorita', 'Porygon', 'Snubbull', 'Houndour', 'Ekans', 'Diglett']",45,12,13
smogtours-gen2nu-701976,[Gen 2] NU,2023-07-09 01:52:24,,venusaur88702,articuno75579,articuno75579,True,"['Flareon', 'Pineco', 'Weezing', 'Stantler', 'Dewgong', 'Primeape']","['Porygon', 'Pineco', 'Flareon', 'Xatu', 'Octillery', 'Stantler']",31,12,12
gen2nu-834160268,[Gen 2] NU,2018-11-12 01:07:20,,icywind10570,acupressure5238,acupressure5238,True,"['Machoke', 'Sunflora', 'Pineco', 'Weezing', 'Feraligatr', 'Raichu']","[""Farfetch'D"", 'Flareon', 'Hitmontop', 'Feraligatr', 'Graveler', 'Parasect']",55,28,27
gen2nu-2005641249,[Gen 2] NU,2023-12-06 01:21:56,,present11303,stoneplate55960,stoneplate55960,False,"['Rapidash', 'Pineco', 'Xatu', 'Wigglytuff', 'Dugtrio', 'Chinchou']","['Ninetales', 'Vileplume', 'Xatu', 'Octillery', 'Weezing', 'Stantler']",66,17,22
smogtours-gen2nu-534179,[Gen 2] NU,2020-12-27 20:04:50,,farfetchd68284,conversion257800,farfetchd68284,False,"['Sudowoodo', 'Rapidash', 'Xatu', 'Weezing', 'Chinchou', 'Primeape']","['Xatu', 'Weezing', 'Sneasel', 'Dewgong', 'Hitmonlee', 'Magnemite']",22,8,15
smogtours-gen2nu-654919,[Gen 2] NU,2022-10-15 14:20:24,,honeygather86735,watmelberry24903,honeygather86735,True,"['Rapidash', 'Pineco', 'Wigglytuff', 'Dugtrio', 'Primeape']","['Pidgeot', 'Pineco', 'Xatu', 'Wigglytuff', 'Hitmonlee', 'Fearow']",51,11,10
smogtours-gen2nu-711466,[Gen 2] NU,2023-08-21 18:29:48,,sharpedo31502,stench25210,stench25210,False,"['Xatu', 'Octillery', 'Weezing', 'Stantler', 'Pupitar', 'Primeape']","['Ninetales', 'Xatu', 'Octillery', 'Wigglytuff', 'Graveler', 'Tangela']",57,25,21
smogtours-gen2nu-715549,[Gen 2] NU,2023-09-10 21:59:08,,objectobject4055,articuno75579,articuno75579,False,"['Pineco', 'Octillery', 'Dugtrio', 'Chinchou', 'Pupitar', 'Fearow']","['Flareon', 'Xatu', 'Wigglytuff', 'Weezing', 'Stantler', 'Dewgong']",24,11,7
gen2nu-1155454547,[Gen 2] NU,2020-07-22 01:26:19,,trick33871,sandveil96544,trick33871,False,"['Chinchou', 'Lickitung', 'Flareon', 'Sneasel']","['Flareon', 'Xatu', 'Octillery', 'Dragonair', 'Dewgong', 'Magnemite']",38,9,12
smogtours-gen2nu-603422,[Gen 2] NU,2022-01-18 12:21:54,,zapdos59192,trick33871,trick33871,False,"['Sudowoodo', 'Pineco', 'Xatu', 'Stantler', 'Lickitung', 'Dugtrio']","['Porygon', 'Sudowoodo', 'Octillery', 'Wigglytuff', 'Weezing']",48,10,9
gen2nu-2145238749,[Gen 2] NU,2024-06-17 22:47:40,,skarmory11046,skuntank86887,skarmory11046,False,"[""Farfetch'D"", 'Pineco', 'Xatu', 'Octillery', 'Weezing', 'Stantler']","[""Farfetch'D"", 'Dragonair', 'Arbok', 'Dewgong', 'Dugtrio', 'Fearow']",82,9,9
smogtours-gen2nu-523480,[Gen 2] NU,2020-10-19 21:26:33,,watergun59811,brightpowder1774,brightpowder1774,False,"['Ninetales', 'Pineco', 'Wigglytuff', 'Omanyte', 'Gloom', 'Hitmonlee']","['Voltorb', 'Kingler', 'Dunsparce', 'Xatu']",21,9,4
gen2nu-2080223618,[Gen 2] NU,2024-03-13 18:19:51,,ampharos18190,regigigas73727,regigigas73727,True,"['Doduo', 'Staryu', 'Porygon', 'Houndour', 'Elekid']","['Tentacool', 'Cubone', 'Porygon', 'Paras']",17,5,4
gen2nu-2004158977,[Gen 2] NU,2023-12-04 01:16:25,,micleberry42653,stoneplate55960,stoneplate55960,False,"['Ledyba', 'Rattata', 'Meowth', 'Krabby', 'Mankey', 'Spinarak']","['Mankey', 'Phanpy']",16,6,1
smogtours-gen2nu-777842,[Gen 2] NU,2024-06-30 23:26:01,,astonish32045,venusaur88702,venusaur88702,False,"['Bayleef', 'Weezing', 'Graveler', 'Stantler', 'Aipom', 'Chinchou']","['Rapidash', 'Pineco', 'Xatu', 'Octillery', 'Persian', 'Primeape']",74,34,30
gen2nu-1178641630,[Gen 2] NU,2020-08-31 14:10:49,,sharpedo31502,watergun59811,watergun59811,False,"['Ninetales', 'Porygon', 'Pineco', 'Xatu', 'Hitmonlee', 'Pupitar']","['Ninetales', 'Lickitung', 'Chinchou', 'Hitmonlee', 'Pupitar', 'Fearow']",43,17,11
smogtours-gen2nu-675067,[Gen 2] NU,2023-02-13 03:49:48,,lusterpurge99010,magnetpull75337,lusterpurge99010,False,"['Magby', 'Bayleef', 'Onix', 'Smoochum', 'Nidorino', 'Croconaw']","['Magby', 'Doduo', 'Bayleef', 'Onix', 'Smoochum', 'Croconaw']",85,43,37
smogtours-gen2nu-711464,[Gen 2] NU,2023-08-21 18:15:44,,stench25210,sharpedo31502,sharpedo31502,True,"['Pineco', 'Xatu', 'Octillery', 'Weezing', 'Dugtrio']","['Chinchou', 'Dewgong', 'Flareon']",26,11,7
smogtours-gen2nu-601799,[Gen 2] NU,2022-01-09 20:13:08,,watmelberry24903,quickpowder55779,watmelberry24903,False,"['Pineco', 'Xatu', 'Houndour', 'Octillery', 'Dugtrio', 'Persian']","['Kingler', 'Pineco', 'Xatu', 'Stantler', 'Hitmonlee', 'Magnemite']",53,19,24
smogtours-gen2nu-554139,[Gen 2] NU,2021-04-04 23:24:18,,watergun59811,watmelberry24903,watergun59811,False,"[""Farfetch'D"", 'Cubone', 'Azumarill', 'Weezing', 'Stantler', 'Ledian']","['Xatu', 'Octillery', 'Wigglytuff', 'Weezing', 'Dugtrio', 'Primeape']",24,6,8
smogtours-gen2nu-406620,[Gen 2] NU,2018-12-01 23:33:01,,avalanche55702,sitrusberry77995,sitrusberry77995,False,"['Pidgeot', 'Pineco', 'Weezing', 'Dugtrio', 'Feraligatr', 'Raichu']","['Sunflora', 'Sudowoodo', 'Octillery', 'Poliwrath', 'Raichu']",84,17,12
smogtours-gen2nu-538401,[Gen 2] NU,2021-01-23 20:00:08,,turtwig42732,quilava99512,quilava99512,True,"['Ninetales', 'Sudowoodo', 'Xatu', 'Octillery', 'Weezing', 'Stantler']","['Ninetales', 'Pineco', 'Azumarill', 'Gloom', 'Shuckle']",150,73,75
gen2nu-2122591609,[Gen 2] NU,2024-05-11 16:14:08,,articuno75579,rattata90247,articuno75579,False,"['Pidgeot', 'Weezing', 'Graveler', 'Chinchou', 'Primeape']","['Pineco', 'Octillery', 'Stantler', 'Chinchou', 'Persian', 'Fearow']",38,9,17
gen2nu-1151636133,[Gen 2] NU,2020-07-15 15:08:09,,watergun59811,feebas82106,watergun59811,False,"['Ninetales', 'Sudowoodo', 'Pineco', 'Xatu', 'Exeggcute', 'Chinchou']","['Venomoth', 'Pidgeot', 'Hitmonchan', 'Dewgong', 'Magmar', 'Gastly']",70,18,20
gen2nu-1171203662,[Gen 2] NU,2020-08-18 20:44:10,,present11303,tentacool90980,present11303,False,"['Rapidash', 'Bayleef', 'Xatu', 'Weezing', 'Chinchou', 'Primeape']","['Rapidash', 'Pineco', 'Xatu', 'Exeggcute', 'Corsola', 'Magmar']",28,13,9
gen2nu-1155462203,[Gen 2] NU,2020-07-22 01:42:45,,trick33871,overgrow36009,trick33871,False,"['Ninetales', 'Wigglytuff', 'Sudowoodo']","['Pidgeot', 'Dunsparce', 'Houndour', 'Wigglytuff', 'Weezing', 'Stantler']",21,3,7
smogtours-gen2nu-782463,[Gen 2] NU,2024-07-26 23:14:55,,manaphy35614,pickup28423,pickup28423,True,"['Pineco', 'Octillery', 'Weezing', 'Stantler', 'Dewgong', 'Magnemite']","['Kingler', 'Pineco', 'Octillery', 'Weezing', 'Stantler']",35,8,6
smogtours-gen2nu-597593,[Gen 2] NU,2021-12-13 04:46:40,,trick33871,powerherb27781,powerherb27781,False,"['Xatu', 'Octillery', 'Weezing', 'Stantler', 'Dugtrio', 'Gloom']","['Pineco', 'Xatu', 'Octillery', 'Houndour', 'Hitmonlee', 'Primeape']",42,14,17
gen2nu-1016143600,[Gen 2] NU,2019-11-24 21:33:50,,larvitar96901,wormadam14777,larvitar96901,False,"['Rapidash', 'Pineco', 'Xatu', 'Poliwrath', 'Dugtrio', 'Fearow']","['Xatu', 'Octillery', 'Wigglytuff', 'Weezing', 'Dugtrio', 'Raichu']",39,13,12
smogtours-gen2nu-728414,[Gen 2] NU,2023-11-04 00:52:32,,articuno75579,rotomfan35023,articuno75579,True,"['Pineco', 'Xatu', 'Octillery', 'Weezing', 'Persian', 'Pupitar']","['Graveler', 'Dewgong', 'Gloom', 'Chinchou', 'Magnemite', 'Fearow']",65,31,30
smogtours-gen2nu-739426,[Gen 2] NU,2024-01-15 02:11:02,,willowisp64187,pickup28423,pickup28423,False,"['Porygon', 'Flareon', 'Octillery', 'Weezing', 'Lickitung', 'Primeape']","['Sudowoodo', 'Pineco', 'Xatu', 'Octillery', 'Weezing', 'Stantler']",26,12,10
smogtours-gen2nu-753873,[Gen 2] NU,2024-03-17 17:28:59,,rattata90247,confuseray41666,rattata90247,False,"['Voltorb', 'Porygon', 'Onix', 'Houndour', 'Koffing', 'Gastly']","['Staryu', 'Porygon', 'Houndour', 'Elekid', 'Mankey', 'Diglett']",25,8,8
smogtours-gen2nu-813340,[Gen 2] NU,2025-01-06 03:56:11,,goldberry53422,denpowerwater91914,goldberry53422,False,"['Flareon', 'Pineco', 'Xatu', 'Weezing', 'Dewgong', 'Primeape']","['Rapidash', 'Pineco', 'Xatu', 'Stantler', 'Dewgong', 'Magnemite']",60,19,20
gen2nu-1138931610,[Gen 2] NU,2020-06-24 19:40:13,,poliwag79956,watergun59811,watergun59811,False,"['Flareon', 'Xatu', 'Weezing', 'Stantler', 'Dugtrio', 'Chinchou']","['Xatu', 'Weezing', 'Sneasel', 'Stantler', 'Dugtrio', 'Yanma']",50,14,12
gen2nu-2122926779,[Gen 2] NU,2024-05-12 04:11:24,,regigigas73727,delcatty31981,delcatty31981,True,"['Porygon', 'Pineco', 'Cubone', 'Elekid', 'Spinarak']","['Voltorb', 'Doduo', 'Onix', 'Kabuto', 'Abra']",25,11,6
gen2nu-893364994,[Gen 2] NU,2019-04-15 16:16:15,,swarm86048,overgrow61925,overgrow61925,False,"['Weezing', 'Mantine', 'Hitmonchan', 'Aipom', 'Delibird', 'Shuckle']","[""Farfetch'D"", 'Octillery', 'Aipom', 'Hitmonlee', 'Ariados', 'Ledian']",41,8,8
vivantshowdown-gen2nu-12,[Gen 2] NU,2015-10-27 02:14:01,,rhyperior34073,razorleaf82225,razorleaf82225,False,"['Kingler', 'Hitmontop', 'Murkrow', 'Dugtrio', 'Furret', 'Delibird']","['Pidgeot', 'Sunflora', 'Sudowoodo', 'Hitmontop', 'Mantine', 'Dewgong']",74,18,12
smogtours-gen2nu-814991,[Gen 2] NU,2025-01-19 16:01:21,,bibarel19063,tangledfeet30693,bibarel19063,False,"['Rapidash', 'Sudowoodo', 'Pineco', 'Xatu', 'Octillery', 'Primeape']","['Porygon', 'Pineco', 'Weezing', 'Dewgong', 'Primeape', 'Fearow']",60,23,25
gen2nu-2055280873,[Gen 2] NU,2024-02-09 07:01:51,,regigigas73727,delcatty31981,delcatty31981,True,"['Voltorb', 'Staryu', 'Porygon', 'Cubone', 'Tentacool', 'Paras']","['Onix', 'Cubone', 'Omanyte', 'Dratini', 'Paras', 'Abra']",20,10,6
gen2nu-1151383053,[Gen 2] NU,2020-07-15 02:53:35,,nuzleaf44678,psyduck38308,psyduck38308,False,"['Seadra', 'Pineco', 'Cubone', 'Houndour', 'Drowzee', 'Gloom']","['Seadra', 'Porygon', 'Pineco', 'Drowzee', 'Gastly', 'Abra']",40,10,10
gen2nu-985167845,[Gen 2] NU,2019-10-01 11:43:37,,trick33871,amnesia56008,trick33871,True,"['Kingler', 'Exeggcute']","['Voltorb', 'Exeggcute', 'Cubone', 'Poliwrath', 'Ariados']",14,1,7
smogtours-gen2nu-824513,[Gen 2] NU,2025-03-11 23:16:18,,grasswhistle96525,metalsound31619,grasswhistle96525,True,"['Sudowoodo', 'Porygon', 'Weezing', 'Graveler', 'Persian', 'Primeape']","['Rapidash', 'Pineco', 'Xatu', 'Weezing', 'Chinchou', 'Fearow']",29,5,11
smogtours-gen2nu-811459,[Gen 2] NU,2024-12-22 21:10:04,,metalsound31619,tangledfeet30693,tangledfeet30693,False,"['Pineco', 'Xatu', 'Omastar', 'Weezing', 'Dugtrio', 'Primeape']","['Pineco', 'Xatu', 'Omastar', 'Weezing', 'Stantler', 'Persian']",29,11,10
smogtours-gen2nu-802553,[Gen 2] NU,2024-10-27 18:06:46,,quagsire94479,arceuswater57688,arceuswater57688,False,"['Porygon', 'Octillery', 'Weezing', 'Graveler', 'Stantler', 'Delibird']","['Kingler', 'Porygon', 'Xatu', 'Octillery', 'Primeape', 'Magmar']",59,20,16
gen2nu-2112976558,[Gen 2] NU,2024-04-27 22:29:44,,magnet51073,cranidos9637,cranidos9637,False,"['Rapidash', 'Xatu', 'Octillery', 'Weezing', 'Stantler', 'Dugtrio']","['Pineco', 'Octillery', 'Stantler', 'Persian', 'Chinchou', 'Fearow']",29,9,9
smogtours-gen2nu-411379,[Gen 2] NU,2018-11-28 19:09:17,,sitrusberry77995,avalanche55702,avalanche55702,True,"['Ninetales', 'Sunflora', 'Pineco', 'Weezing', 'Feraligatr', 'Gastly']","['Feraligatr', 'Raichu', 'Weezing', 'Pidgeot']",54,23,24
smogtours-gen2nu-727644,[Gen 2] NU,2023-10-29 21:45:20,,watmelberry24903,stench25210,watmelberry24903,True,"['Xatu', 'Octillery', 'Weezing', 'Graveler', 'Stantler', 'Delibird']","['Pineco', 'Octillery', 'Weezing', 'Graveler', 'Sneasel', 'Hitmonlee']",34,14,13
gen2nu-1134004588,[Gen 2] NU,2020-06-17 02:31:59,,quickpowder55779,weedle59449,weedle59449,False,"['Rapidash', 'Sudowoodo', 'Xatu', 'Dewgong', 'Chinchou', 'Primeape']","['Kingler', 'Rapidash', 'Xatu', 'Slowpoke', 'Magmar']",35,10,6
gen2nu-1079316758,[Gen 2] NU,2020-03-15 10:00:16,,submission27704,trick33871,trick33871,False,"['Butterfree', 'Octillery', 'Sneasel', 'Dugtrio', 'Hitmonlee', 'Magmar']","['Octillery', 'Dewgong', 'Rapidash', 'Xatu']",30,11,10
smogtours-gen2nu-645947,[Gen 2] NU,2022-09-01 18:32:37,,barboach11830,honeygather86735,honeygather86735,True,"['Pineco', 'Xatu', 'Octillery', 'Dugtrio', 'Persian', 'Magmar']","['Ninetales', 'Houndour', 'Azumarill', 'Gloom', 'Shuckle']",34,19,14
gen2nu-959656687,[Gen 2] NU,2019-08-13 12:55:14,,munchlax14135,rowapberry81823,munchlax14135,False,"['Bayleef', 'Xatu', 'Graveler', 'Stantler', 'Raichu']","['Bayleef', 'Xatu', 'Graveler', 'Poliwrath', 'Stantler', 'Raichu']",60,14,13
gen2nu-1055387628,[Gen 2] NU,2020-01-30 22:47:49,,espeon70636,rowapberry81823,espeon70636,False,"['Sudowoodo', 'Pineco', 'Magnemite', 'Tangela', 'Magmar', 'Gastly']","['Kingler', 'Dunsparce', 'Xatu', 'Octillery', 'Lickitung', 'Magnemite']",48,13,8
gen2nu-1178638290,[Gen 2] NU,2020-08-31 14:02:01,,watergun59811,sharpedo31502,watergun59811,False,"['Xatu', 'Houndour', 'Wigglytuff', 'Nidorino', 'Dugtrio', 'Hitmonlee']","['Magcargo', 'Bayleef', 'Porygon', 'Weezing', 'Dugtrio', 'Delibird']",47,12,15
smogtours-gen2nu-596516,[Gen 2] NU,2021-12-06 11:48:38,,magmastorm83132,zapdos59192,magmastorm83132,False,"['Xatu', 'Octillery', 'Weezing', 'Dugtrio', 'Hitmonlee', 'Fearow']","['Pineco', 'Xatu', 'Octillery', 'Dugtrio', 'Persian', 'Magmar']",43,8,15
smogtours-gen2nu-690989,[Gen 2] NU,2023-05-05 00:13:37,,quilava74965,dig97663,quilava74965,True,"['Seadra', 'Murkrow', 'Clefairy', 'Furret', 'Tangela', 'Delibird']","['Seadra', 'Venomoth', 'Sunflora', 'Magcargo', 'Sneasel', 'Elekid']",37,14,14
gen2nu-2050665458,[Gen 2] NU,2024-02-03 07:50:40,,regigigas73727,delcatty31981,delcatty31981,True,"['Hoothoot', 'Staryu', 'Porygon', 'Onix', 'Diglett', 'Magnemite']","['Voltorb', 'Staryu', 'Porygon', 'Pineco', 'Cubone', 'Chinchou']",28,14,14
gen2nu-1173108172,[Gen 2] NU,2020-08-22 01:29:10,,sharpedo31502,present11303,present11303,True,"['Pineco', 'Xatu', 'Weezing', 'Stantler', 'Dewgong', 'Magmar']","['Rapidash', 'Xatu', 'Weezing', 'Sneasel', 'Chinchou', 'Primeape']",53,17,19
gen2nu-837556379,[Gen 2] NU,2018-11-18 19:32:07,,sitrusberry77995,clefable74034,sitrusberry77995,False,"['Machoke', 'Poliwrath', 'Lickitung', 'Aipom', 'Ariados', 'Raichu']","['Kingler', 'Sunflora', 'Sudowoodo', 'Pineco', 'Fearow', 'Gastly']",28,9,9
smogtours-gen2nu-724449,[Gen 2] NU,2023-10-17 01:23:20,,outrage46997,astonish32045,outrage46997,True,"['Porygon', 'Weezing', 'Stantler', 'Dewgong', 'Tentacool', 'Tangela']","['Pineco', 'Octillery', 'Stantler', 'Dugtrio', 'Dewgong', 'Fearow']",175,79,74
smogtours-gen2nu-441148,[Gen 2] NU,2019-05-12 01:45:13,,tangrowth58764,trick33871,trick33871,True,"['Golduck', 'Bayleef', 'Arbok', 'Raichu', 'Magmar', 'Fearow']","['Pineco', 'Xatu', 'Poliwrath', 'Dugtrio', 'Raichu', 'Shuckle']",85,28,27
gen2nu-1098321281,[Gen 2] NU,2020-04-17 14:28:24,,sunnyday92776,ironplate91202,ironplate91202,False,"['Sudowoodo', 'Rapidash', 'Octillery', 'Weezing', 'Dugtrio', 'Primeape']","['Sudowoodo', 'Hitmontop', 'Dugtrio', 'Tangela', 'Magmar', 'Gastly']",22,8,9
gen2nu-2045634565,[Gen 2] NU,2024-01-27 22:45:26,,outrage46997,stoneplate55960,stoneplate55960,False,"['Togetic', 'Magby', 'Grimer', 'Onix', 'Croconaw', 'Tentacool']","['Magby', 'Doduo', 'Bayleef', 'Grimer', 'Smoochum', 'Croconaw']",51,21,10
smogtours-gen2nu-811588,[Gen 2] NU,2024-12-23 21:17:31,,motordrive87413,powerlens28906,powerlens28906,False,"['Porygon', 'Pineco', 'Xatu', 'Dragonair', 'Weezing', 'Primeape']","['Pineco', 'Omastar', 'Octillery', 'Stantler', 'Persian', 'Fearow']",49,17,16
gen2nu-1129825871,[Gen 2] NU,2020-06-09 19:31:48,,spheal83266,weepinbell21753,weepinbell21753,False,"['Machop', 'Staryu', 'Porygon', 'Houndour', 'Elekid', 'Gastly']","['Magby', 'Pineco', 'Elekid', 'Diglett', 'Abra']",32,9,10
smogtours-gen2nu-712402,[Gen 2] NU,2023-08-27 00:08:14,,articuno75579,pickup28423,articuno75579,True,"['Kingler', 'Ninetales', 'Xatu', 'Exeggcute', 'Dewgong', 'Primeape']","['Ninetales', 'Dunsparce', 'Xatu', 'Octillery', 'Graveler', 'Tangela']",74,29,26
smogtours-gen2nu-700839,[Gen 2] NU,2023-07-02 19:37:41,,zoomlens36961,innerfocus91859,innerfocus91859,False,"['Sunflora', 'Hitmontop', 'Flaaffy', 'Furret', 'Corsola', 'Golbat']","['Seadra', 'Hitmontop', 'Elekid', 'Murkrow', 'Furret', 'Delibird']",65,17,14
gen2nu-1162231348,[Gen 2] NU,2020-08-02 23:41:21,,watergun59811,astonish72019,watergun59811,False,"['Kingler', 'Wigglytuff', 'Weezing', 'Chinchou', 'Hitmonlee']","['Dunsparce', 'Xatu', 'Wigglytuff', 'Arbok', 'Lickitung', 'Magnemite']",68,9,13
smogtours-gen2nu-827994,[Gen 2] NU,2025-03-29 16:09:42,,articuno75579,metalsound31619,metalsound31619,False,"['Rapidash', 'Pineco', 'Porygon', 'Exeggcute', 'Dugtrio', 'Pupitar']","['Porygon', 'Sudowoodo', 'Weezing', 'Graveler', 'Persian', 'Primeape']",32,12,13
smogtours-gen2nu-582616,[Gen 2] NU,2021-09-29 00:13:36,,arceuswater57688,trick33871,arceuswater57688,False,"['Seadra', 'Rapidash', 'Flareon', 'Persian', 'Ariados', 'Tangela']","['Kingler', 'Xatu', 'Dragonair', 'Graveler', 'Stantler', 'Gloom']",39,6,11
gen2nu-894041300,[Gen 2] NU,2019-04-16 18:54:41,,stickyhold17429,sonicboom26327,sonicboom26327,False,"['Flareon', 'Pineco', 'Weezing', 'Poliwrath', 'Dugtrio', 'Raichu']","['Bayleef', 'Xatu', 'Wigglytuff', 'Graveler', 'Poliwrath', 'Raichu']",69,22,21
smogtours-gen2nu-411464,[Gen 2] NU,2018-11-29 22:09:05,,blastburn84594,bonemerang45480,bonemerang45480,False,"['Kingler', 'Pineco', 'Cubone', 'Lickitung', 'Raichu', 'Fearow']","['Graveler', 'Arbok', 'Ivysaur', 'Lickitung', 'Feraligatr']",20,12,5
gen2nu-1174948634,[Gen 2] NU,2020-08-25 07:10:22,,trick33871,pursuit89449,trick33871,False,"['Kingler', 'Porygon', 'Flareon', 'Lickitung', 'Dewgong', 'Slowpoke']","['Rapidash', 'Pineco', 'Murkrow', 'Dewgong', 'Chinchou', 'Magmar']",34,13,14
gen2nu-2268230089,[Gen 2] NU,2024-12-23 13:05:34,,quagsire94479,delibird28697,delibird28697,True,"['Porygon', 'Flareon', 'Xatu', 'Octillery', 'Weezing', 'Graveler']","['Rapidash', 'Pineco', 'Xatu', 'Rhyhorn', 'Chinchou', 'Primeape']",71,27,29
gen2nu-1147139923,[Gen 2] NU,2020-07-08 02:07:23,,plus85665,phanpy80869,plus85665,False,"['Kingler', 'Venomoth', 'Exeggcute', 'Wigglytuff', 'Lickitung', 'Dugtrio']","['Rapidash', 'Pineco', 'Xatu', 'Exeggcute', 'Corsola', 'Magmar']",38,10,14
gen2nu-1125360622,[Gen 2] NU,2020-06-02 11:47:39,,delcatty31981,watergun59811,watergun59811,False,"['Kingler', 'Pineco', 'Dunsparce', 'Flareon', 'Chinchou', 'Primeape']","['Xatu', 'Lickitung', 'Chinchou', 'Persian', 'Primeape']",22,8,6
gen2nu-1155447602,[Gen 2] NU,2020-07-22 01:14:14,,astonish72019,absol28867,astonish72019,False,"['Magnemite', 'Dunsparce']","['Houndour', 'Wigglytuff', 'Dewgong', 'Pupitar', 'Primeape', 'Golbat']",19,1,6
gen2nu-1027295799,[Gen 2] NU,2019-12-10 21:54:37,,muscleband97738,wormadam14777,muscleband97738,True,"['Ninetales', 'Pineco', 'Weezing', 'Azumarill', 'Graveler', 'Shuckle']","['Xatu', 'Octillery', 'Weezing', 'Dugtrio', 'Raichu']",222,98,77
smogtours-gen2nu-712710,[Gen 2] NU,2023-08-27 20:32:27,,butterfree38678,shuckle12503,shuckle12503,False,"['Rapidash', 'Xatu', 'Exeggcute', 'Wigglytuff', 'Graveler', 'Magmar']","['Dugtrio', 'Octillery', 'Magmar', 'Pineco']",18,6,4
smogtours-gen2nu-511347,[Gen 2] NU,2020-07-17 22:50:42,,amnesia25800,mantyke6294,mantyke6294,False,"['Rapidash', 'Xatu', 'Sneasel', 'Lickitung', 'Chinchou', 'Primeape']","['Kingler', 'Sudowoodo', 'Pineco', 'Exeggcute', 'Sneasel']",29,12,6
gen2nu-830567129,[Gen 2] NU,2018-11-04 21:15:35,1049,protean59949,porygon29702,protean59949,True,"['Lickitung', 'Aipom', 'Poliwrath']","['Sudowoodo', 'Xatu']",12,3,2
smogtours-gen2nu-714540,[Gen 2] NU,2023-09-06 21:13:03,,buneary57593,stench25210,buneary57593,True,"['Pineco', 'Xatu', 'Octillery', 'Dewgong', 'Magnemite', 'Primeape']","['Ninetales', 'Pineco', 'Stantler', 'Dewgong', 'Gloom', 'Gastly']",87,34,34
smogtours-gen2nu-811572,[Gen 2] NU,2024-12-23 19:51:50,,riolu39836,doubleteam62013,riolu39836,True,"['Kingler', 'Sudowoodo', 'Pineco', 'Dugtrio', 'Chinchou']","['Xatu', 'Weezing', 'Graveler', 'Stantler', 'Dewgong', 'Hitmonlee']",37,6,10
smogtours-gen2nu-738890,[Gen 2] NU,2024-01-12 21:39:41,,bonemerang32569,focusband38548,bonemerang32569,False,"['Staryu', 'Porygon', 'Diglett', 'Slowpoke', 'Abra']","['Staryu', 'Porygon', 'Pineco', 'Elekid', 'Diglett', 'Abra']",26,8,7
smogtours-gen2nu-800125,[Gen 2] NU,2024-10-19 21:40:47,,articuno75579,tangledfeet30693,articuno75579,False,"['Pidgeot', 'Pineco', 'Octillery', 'Weezing', 'Stantler', 'Magnemite']","['Porygon', 'Pineco', 'Weezing', 'Stantler', 'Dewgong', 'Primeape']",118,38,41
gen2nu-1151098356,[Gen 2] NU,2020-07-14 17:39:34,,withdraw35047,watergun59811,watergun59811,True,"['Rapidash', 'Sudowoodo', 'Xatu', 'Weezing', 'Chinchou', 'Primeape']","['Ninetales', 'Sudowoodo', 'Xatu', 'Exeggcute', 'Chinchou']",45,18,14
gen2nu-871415799,[Gen 2] NU,2019-03-05 12:55:53,,levelball74387,beldum79475,beldum79475,True,"['Kingler', 'Flareon', 'Weezing', 'Parasect', 'Raichu', 'Primeape']","['Xatu', 'Weezing', 'Graveler', 'Lickitung', 'Raichu']",36,11,7
gen2nu-1170961046,[Gen 2] NU,2020-08-18 12:31:35,,meditate33036,sharpedo31502,sharpedo31502,True,"['Ninetales', 'Azumarill', 'Graveler', 'Weezing', 'Delibird', 'Shuckle']","['Xatu', 'Octillery', 'Wigglytuff', 'Weezing', 'Magmar']",17,7,5
smogtours-gen2nu-738894,[Gen 2] NU,2024-01-12 22:03:51,,bonemerang32569,focusband38548,focusband38548,False,"['Doduo', 'Porygon', 'Cubone', 'Chinchou', 'Magnemite', 'Abra']","['Staryu', 'Porygon', 'Exeggcute', 'Elekid', 'Diglett', 'Abra']",78,12,11
smogtours-gen2nu-710790,[Gen 2] NU,2023-08-19 16:44:42,,tangledfeet30693,butterfree38678,butterfree38678,False,"['Flareon', 'Xatu', 'Stantler', 'Dewgong', 'Gloom', 'Primeape']","['Kingler', 'Ninetales', 'Bayleef', 'Weezing', 'Chinchou', 'Primeape']",43,12,12
gen2nu-1134001216,[Gen 2] NU,2020-06-17 02:26:24,,weedle59449,astonish72019,weedle59449,False,"['Rapidash', 'Flareon', 'Xatu', 'Slowpoke', 'Magmar']","['Kingler', 'Dunsparce', 'Xatu', 'Octillery', 'Lickitung', 'Magnemite']",34,9,10
smogtours-gen2nu-677051,[Gen 2] NU,2023-02-25 02:18:27,,articuno75579,magnetpull75337,articuno75579,False,"['Flareon', 'Xatu', 'Dragonair', 'Stantler', 'Dewgong', 'Magnemite']","['Flareon', 'Xatu', 'Weezing', 'Lickitung', 'Dewgong', 'Ledian']",50,9,14
smogtours-gen2nu-710788,[Gen 2] NU,2023-08-19 16:38:08,,tangledfeet30693,butterfree38678,butterfree38678,False,"['Pineco', 'Xatu', 'Octillery', 'Weezing', 'Persian', 'Fearow']","['Weezing', 'Graveler', 'Stantler', 'Hitmonlee', 'Fearow']",26,10,6
smogtours-gen2nu-693264,[Gen 2] NU,2023-05-20 20:43:10,,innerfocus91859,hypervoice57448,hypervoice57448,False,"['Kingler', 'Xatu', 'Houndour', 'Weezing', 'Gloom', 'Primeape']","['Xatu', 'Octillery', 'Weezing', 'Dugtrio', 'Primeape', 'Fearow']",40,16,17
smogtours-gen2nu-662171,[Gen 2] NU,2022-11-20 07:27:12,,manaphy22907,powerelectric10332,manaphy22907,False,"['Pineco', 'Xatu', 'Octillery', 'Dugtrio', 'Persian', 'Fearow']","['Ninetales', 'Sudowoodo', 'Xatu', 'Octillery', 'Stantler', 'Tangela']",100,36,44
smogtours-gen2nu-830964,[Gen 2] NU,2025-04-06 13:06:13,,rattata90247,bibarel19063,bibarel19063,True,"['Porygon', 'Rapidash', 'Pineco', 'Dewgong', 'Gloom', 'Pupitar']","['Rapidash', 'Pineco', 'Xatu', 'Octillery', 'Persian', 'Primeape']",51,21,16
gen2nu-2305462648,[Gen 2] NU,2025-02-22 02:18:05,,static28416,kingdra25969,static28416,True,"['Pidgeot', 'Ninetales', 'Porygon', 'Omanyte', 'Gloom', 'Tentacool']","['Kingler', 'Noctowl', 'Pineco', 'Octillery', 'Stantler', 'Fearow']",66,11,17
gen2nu-1122666289,[Gen 2] NU,2020-05-28 13:55:39,,amnesia25800,watergun59811,watergun59811,False,"['Seadra', 'Rapidash', 'Xatu', 'Weezing', 'Lickitung', 'Chinchou']","['Rapidash', 'Xatu', 'Weezing', 'Dugtrio', 'Chinchou']",28,11,5
smogtours-gen2nu-600808,[Gen 2] NU,2022-01-07 04:22:20,,hitmontop52210,trick33871,trick33871,True,"['Xatu', 'Houndour', 'Graveler', 'Chinchou', 'Hitmonlee', 'Primeape']","['Xatu', 'Octillery', 'Weezing', 'Dugtrio', 'Persian']",30,12,8
gen2nu-1170798716,[Gen 2] NU,2020-08-18 03:24:01,,sharpedo31502,withdraw35047,withdraw35047,False,"['Wigglytuff', 'Dragonair', 'Weezing', 'Chinchou', 'Primeape', 'Magmar']","['Kingler', 'Ninetales', 'Pineco', 'Wigglytuff', 'Weezing', 'Dugtrio']",22,9,8
gen2nu-2085452858,[Gen 2] NU,2024-03-20 20:35:54,,rattata41549,bonsly59503,bonsly59503,False,"['Xatu', 'Octillery', 'Azumarill', 'Dewgong', 'Chinchou', 'Fearow']","['Machoke', 'Pineco', 'Xatu', 'Houndour', 'Chinchou', 'Fearow']",56,12,13
gen2nu-833957433,[Gen 2] NU,2018-11-11 17:36:56,,naturepower57210,bronzong70090,bronzong70090,False,"['Golduck', 'Hitmonlee', 'Raichu', 'Primeape', 'Magmar', 'Fearow']","['Weezing', 'Dugtrio', 'Hitmonlee', 'Feraligatr', 'Raichu', 'Magmar']",44,11,10
smogtours-gen2nu-688313,[Gen 2] NU,2023-04-17 15:26:26,,buneary57593,chargebeam2564,chargebeam2564,False,"['Togetic', 'Magby', 'Mareep', 'Smoochum', 'Dratini', 'Croconaw']","['Togetic', 'Magby', 'Mareep', 'Smoochum', 'Croconaw', 'Tentacool']",94,21,23
smogtours-gen2nu-599229,[Gen 2] NU,2021-12-24 19:09:07,,pickup28423,magmastorm83132,magmastorm83132,True,"['Kingler', 'Ninetales', 'Pineco', 'Xatu', 'Wigglytuff', 'Weezing']","['Xatu', 'Octillery', 'Weezing', 'Dugtrio', 'Hitmonlee', 'Fearow']",23,8,6
gen2nu-1123387124,[Gen 2] NU,2020-05-29 18:25:14,,weepinbell21753,gunkshot9424,weepinbell21753,False,"['Staryu', 'Porygon', 'Exeggcute', 'Diglett', 'Abra']","['Magby', 'Porygon', 'Exeggcute', 'Houndour', 'Chinchou', 'Diglett']",17,6,6
smogtours-gen2nu-829390,[Gen 2] NU,2025-04-01 20:21:35,,effectspore19836,poisonpowder88566,effectspore19836,False,"['Kingler', 'Porygon', 'Pineco', 'Weezing', 'Dewgong', 'Primeape']","['Rapidash', 'Pineco', 'Xatu', 'Octillery', 'Persian', 'Primeape']",32,12,14
gen2nu-1000809236,[Gen 2] NU,2019-10-29 22:01:33,,kabutops91792,soundproof93578,kabutops91792,False,"['Kingler', 'Venomoth', 'Dunsparce', 'Murkrow', 'Dugtrio', 'Raichu']","['Golduck', 'Hitmonlee', 'Raichu', 'Primeape', 'Magmar', 'Fearow']",50,10,7
gen2nu-1159768274,[Gen 2] NU,2020-07-29 15:40:31,,watergun59811,swift79929,watergun59811,True,"['Kingler', 'Pineco', 'Sneasel', 'Stantler', 'Dugtrio', 'Croconaw']","['Venomoth', 'Pidgeot', 'Xatu', 'Octillery', 'Lickitung', 'Dugtrio']",32,8,9
gen2nu-1102752034,[Gen 2] NU,2020-04-24 20:15:22,,acupressure5238,kelpsyberry27938,kelpsyberry27938,True,"['Mantine', 'Lickitung', 'Dugtrio', 'Tangela', 'Delibird', 'Shuckle']","['Seadra', 'Xatu', 'Dragonair', 'Dugtrio', 'Persian', 'Chinchou']",59,20,19
gen2nu-1035346142,[Gen 2] NU,2019-12-25 04:49:26,,baltoy65440,blastburn3217,blastburn3217,False,"['Flareon', 'Xatu', 'Octillery', 'Wigglytuff', 'Weezing', 'Graveler']","['Dunsparce', 'Graveler', 'Stantler', 'Dewgong', 'Fearow', 'Delibird']",26,8,6
smogtours-gen2nu-411462,[Gen 2] NU,2018-11-29 22:01:13,,blastburn84594,bonemerang45480,blastburn84594,False,"['Pineco', 'Poliwrath', 'Dugtrio', 'Raichu', 'Primeape', 'Fearow']","['Pineco', 'Xatu', 'Weezing', 'Graveler', 'Feraligatr', 'Raichu']",39,16,17
gen2nu-1147140389,[Gen 2] NU,2020-07-08 02:07:40,,astonish72019,raichu57375,astonish72019,True,"['Kingler', 'Dunsparce', 'Xatu', 'Octillery', 'Magnemite']","['Flareon', 'Xatu', 'Octillery', 'Dragonair', 'Dewgong', 'Magnemite']",33,6,8
smogtours-gen2nu-712288,[Gen 2] NU,2023-08-26 17:27:51,,larvitar96901,extrasensory76435,extrasensory76435,False,"['Rapidash', 'Pineco', 'Octillery', 'Graveler', 'Stantler', 'Gastly']","['Sudowoodo', 'Pineco', 'Xatu', 'Weezing', 'Dugtrio']",32,8,9
smogtours-gen2nu-493653,[Gen 2] NU,2020-04-23 22:06:18,,swinub46701,runaway61538,swinub46701,False,"['Sudowoodo', 'Pineco', 'Xatu', 'Stantler', 'Dewgong', 'Magmar']","['Kingler', 'Staryu', 'Ninetales', 'Dragonair', 'Dugtrio', 'Primeape']",51,16,17
smogtours-gen2nu-410639,[Gen 2] NU,2018-11-20 23:16:56,,rawstberry64920,whiscash25801,whiscash25801,True,"['Kingler', 'Flareon', 'Weezing', 'Parasect', 'Raichu', 'Primeape']","['Pineco', 'Xatu', 'Weezing', 'Graveler', 'Feraligatr', 'Raichu']",42,15,16
gen2nu-2075932744,[Gen 2] NU,2024-03-07 22:46:38,,acidarmor93650,stickyhold28665,acidarmor93650,False,"['Diglett', 'Elekid', 'Staryu', 'Pineco']","['Porygon', 'Cubone', 'Meowth', 'Chinchou', 'Magnemite', 'Abra']",20,5,6
gen2nu-834148346,[Gen 2] NU,2018-11-12 00:33:45,,swinub46701,mudbomb84611,swinub46701,False,"['Pidgeot', 'Ninetales', 'Pineco', 'Xatu', 'Feraligatr', 'Raichu']","['Pineco', 'Weezing', 'Poliwrath', 'Feraligatr', 'Raichu', 'Magmar']",37,13,11
gen2nu-1169525662,[Gen 2] NU,2020-08-15 21:09:41,,withdraw35047,watergun59811,withdraw35047,True,"['Dugtrio', 'Wigglytuff', 'Ninetales', 'Weezing']","['Venomoth', 'Xatu', 'Dragonair', 'Poliwhirl', 'Lickitung', 'Ledian']",23,8,7
smogtours-gen2nu-725797,[Gen 2] NU,2023-10-22 21:54:32,,stench25210,willowisp64187,willowisp64187,False,"['Ninetales', 'Pineco', 'Xatu', 'Chinchou', 'Pupitar', 'Tangela']","['Sudowoodo', 'Xatu', 'Wigglytuff', 'Weezing', 'Stantler', 'Chinchou']",45,23,20
gen2nu-2027872009,[Gen 2] NU,2024-01-05 17:33:55,,stockpile1252,leafeon34076,leafeon34076,True,"['Togetic', 'Magby', 'Grimer', 'Onix', 'Meowth', 'Croconaw']","['Togetic', 'Magby', 'Bayleef', 'Onix', 'Smoochum', 'Croconaw']",94,36,39
smogtours-gen2nu-722304,[Gen 2] NU,2023-10-07 20:21:29,,innerfocus97582,chlorophyll28494,innerfocus97582,False,"['Pineco', 'Octillery', 'Weezing', 'Stantler', 'Dewgong', 'Magnemite']","['Ninetales', 'Pineco', 'Xatu', 'Octillery', 'Weezing', 'Dugtrio']",18,8,6
smogtours-gen2nu-475160,[Gen 2] NU,2020-02-09 18:53:10,,quilava99512,shadowclaw51134,shadowclaw51134,False,"['Flareon', 'Xatu', 'Octillery', 'Wigglytuff', 'Weezing', 'Graveler']","['Pineco', 'Xatu', 'Graveler', 'Dewgong', 'Primeape', 'Magmar']",59,11,14
gen2nu-2017806581,[Gen 2] NU,2023-12-22 21:26:06,,articuno75579,stoneplate55960,articuno75579,False,"['Pineco', 'Weezing', 'Stantler', 'Dewgong', 'Dugtrio', 'Primeape']","['Pidgeot', 'Ninetales', 'Porygon', 'Vileplume', 'Octillery', 'Graveler']",35,10,14
smogtours-gen2nu-532878,[Gen 2] NU,2020-12-19 16:06:25,,sharpedo31502,watergun59811,sharpedo31502,True,"['Stantler', 'Pupitar', 'Octillery', 'Gloom']","['Stantler', 'Octillery', 'Xatu']",18,7,6
gen2nu-912792917,[Gen 2] NU,2019-05-20 01:59:05,,magmarizer68743,lightscreen63007,magmarizer68743,False,"['Pineco', 'Weezing', 'Poliwrath', 'Dugtrio', 'Raichu', 'Fearow']","['Magcargo', 'Weezing', 'Stantler', 'Murkrow', 'Dugtrio', 'Fearow']",30,9,7
gen2nu-1157144123,[Gen 2] NU,2020-07-24 22:24:11,,victreebel55835,psyduck38308,psyduck38308,True,"['Voltorb', 'Staryu', 'Pineco', 'Cubone', 'Poliwhirl', 'Clefairy']","['Wartortle', 'Exeggcute', 'Machoke', 'Elekid']",23,6,9
smogtours-gen2nu-409512,[Gen 2] NU,2018-11-11 18:47:39,,shadowclaw51134,lavaplume47096,lavaplume47096,False,"['Pidgeot', 'Xatu', 'Dugtrio', 'Feraligatr', 'Raichu', 'Gastly']","['Pineco', 'Weezing', 'Parasect', 'Raichu', 'Gastly']",33,16,16
smogtours-gen2nu-409516,[Gen 2] NU,2018-11-11 19:05:21,,shadowclaw51134,lavaplume47096,shadowclaw51134,False,"['Pineco', 'Xatu', 'Dugtrio', 'Feraligatr', 'Raichu', 'Gastly']","['Pineco', 'Weezing', 'Dugtrio', 'Feraligatr', 'Raichu', 'Primeape']",37,14,16
gen2nu-1133799480,[Gen 2] NU,2020-06-16 19:02:54,,poliwag79956,watergun59811,watergun59811,False,"['Xatu', 'Azumarill', 'Ariados', 'Primeape', 'Gastly', 'Shuckle']","['Rapidash', 'Sudowoodo', 'Xatu', 'Weezing', 'Lickitung']",43,11,10
gen2nu-1040796115,[Gen 2] NU,2020-01-04 15:13:20,,hypnosis27558,cosmicpower71524,cosmicpower71524,False,"['Pineco', 'Flareon', 'Xatu', 'Octillery', 'Graveler', 'Magnemite']","['Sudowoodo', 'Pineco', 'Xatu', 'Stantler', 'Dewgong', 'Magmar']",38,14,10
gen2nu-2281282892,[Gen 2] NU,2025-01-15 01:26:04,,fling78647,gastly57717,fling78647,False,"['Pineco', 'Xatu', 'Octillery', 'Houndour', 'Weezing', 'Hitmonlee']","['Pineco', 'Octillery', 'Stantler', 'Chinchou', 'Persian', 'Fearow']",27,11,7
smogtours-gen2nu-671972,[Gen 2] NU,2023-01-29 20:36:22,,willowisp64187,belueberry81130,belueberry81130,False,"['Magby', 'Onix', 'Smoochum', 'Croconaw', 'Weepinbell', 'Diglett']","['Togetic', 'Magby', 'Onix', 'Smoochum', 'Weepinbell', 'Croconaw']",37,18,14
smogtours-gen2nu-531470,[Gen 2] NU,2020-12-07 23:03:32,,deoxysattack76542,watergun59811,watergun59811,False,"['Kingler', 'Flareon', 'Pineco', 'Xatu', 'Wigglytuff', 'Graveler']","['Pineco', 'Xatu', 'Octillery', 'Dugtrio', 'Magmar', 'Fearow']",26,8,6
gen2nu-878258123,[Gen 2] NU,2019-03-18 20:56:34,,ursaring45910,zenheadbutt21681,ursaring45910,True,"['Onix', 'Cyndaquil', 'Pineco', 'Tentacool']","['Totodile', 'Elekid', 'Bulbasaur', 'Geodude', 'Abra']",15,4,5
smogtours-gen2nu-670294,[Gen 2] NU,2023-01-22 20:45:56,,innerfocus97582,willowisp64187,innerfocus97582,False,"['Togetic', 'Magby', 'Onix', 'Dratini', 'Croconaw', 'Koffing']","['Magby', 'Onix', 'Smoochum', 'Dratini', 'Croconaw', 'Tentacool']",61,16,11
gen2nu-753036395,[Gen 2] NU,2018-05-26 07:46:42,,delcatty31981,nknownability24024,nknownability24024,False,"['Sudowoodo', 'Parasect', 'Octillery', 'Dugtrio', 'Pikachu', 'Furret']","['Pineco', 'Octillery', 'Haunter', 'Mr. Mime', 'Dugtrio', 'Pikachu']",25,9,8
gen2nu-1092487510,[Gen 2] NU,2020-04-07 12:01:33,,wish33461,leer37138,leer37138,False,"['Pineco', 'Flareon', 'Xatu', 'Octillery', 'Graveler', 'Magnemite']","['Flareon', 'Xatu', 'Octillery', 'Wigglytuff', 'Weezing', 'Graveler']",25,10,9
gen2nu-1048384571,[Gen 2] NU,2020-01-18 04:44:56,,cosmicpower71524,phione37956,cosmicpower71524,False,"['Kingler', 'Ninetales', 'Pineco', 'Dewgong', 'Skiploom', 'Magnemite']","['Sudowoodo', 'Pineco', 'Xatu', 'Stantler', 'Dewgong', 'Magmar']",74,24,21
smogtours-gen2nu-729919,[Gen 2] NU,2023-11-11 18:13:11,,innerfocus97582,mysteryberry83821,innerfocus97582,False,"['Pidgeot', 'Ninetales', 'Octillery', 'Graveler', 'Gloom']","['Kingler', 'Porygon', 'Dragonair', 'Weezing', 'Stantler', 'Dewgong']",94,27,33
smogtours-gen2nu-756915,[Gen 2] NU,2024-03-29 23:41:05,,tangrowth23890,regigigas73727,regigigas73727,False,"['Staryu', 'Porygon', 'Houndour', 'Elekid', 'Diglett', 'Abra']","['Chikorita', 'Porygon', 'Snubbull', 'Houndour', 'Ekans', 'Diglett']",36,10,10
gen2nu-1121708824,[Gen 2] NU,2020-05-26 19:27:15,,cherishball13779,stringshot88219,stringshot88219,False,"['Flareon', 'Xatu', 'Weezing', 'Graveler', 'Lickitung', 'Magnemite']","['Kingler', 'Xatu', 'Octillery', 'Lickitung', 'Magnemite']",34,12,13
smogtours-gen2nu-800170,[Gen 2] NU,2024-10-19 23:28:29,,metalsound31619,arceuswater57688,arceuswater57688,False,"['Ninetales', 'Bayleef', 'Hitmontop', 'Weezing', 'Dewgong', 'Shuckle']","['Kingler', 'Porygon', 'Pineco', 'Cubone', 'Weezing', 'Tangela']",98,35,33
gen2nu-1143428125,[Gen 2] NU,2020-07-01 22:56:15,,delcatty31981,watergun59811,watergun59811,False,"['Rapidash', 'Pineco', 'Bayleef', 'Xatu', 'Dugtrio', 'Dewgong']","['Rapidash', 'Xatu', 'Omanyte', 'Weezing', 'Dugtrio', 'Hitmonlee']",40,14,11
gen2nu-970501301,[Gen 2] NU,2019-09-03 20:10:09,,teddiursa9962,wurmple75777,wurmple75777,True,"['Hitmontop', 'Ninetales', 'Shuckle']","['Arbok', 'Dewgong', 'Dugtrio']",15,6,6
gen2nu-995873286,[Gen 2] NU,2019-10-21 00:22:48,,blaze75887,morningsun49788,blaze75887,False,"['Octillery', 'Weezing', 'Dugtrio', 'Persian', 'Raichu', 'Tangela']","['Seadra', 'Pidgeot', 'Pineco', 'Hitmontop', 'Murkrow', 'Dugtrio']",42,9,12
smogtours-gen2nu-498947,[Gen 2] NU,2020-05-07 11:34:49,,sunkern78687,kangaskhan33292,sunkern78687,False,"['Kingler', 'Xatu', 'Stantler', 'Lickitung', 'Chinchou', 'Magnemite']","['Rapidash', 'Pineco', 'Xatu', 'Exeggcute', 'Corsola', 'Magmar']",32,6,9
gen2nu-1176562448,[Gen 2] NU,2020-08-27 21:49:14,,present11303,amnesia25800,amnesia25800,False,"['Rapidash', 'Xatu', 'Azumarill', 'Weezing', 'Primeape', 'Magmar']","['Xatu', 'Hitmontop', 'Flaaffy', 'Azumarill', 'Arbok', 'Dugtrio']",58,16,19
gen2nu-1155447542,[Gen 2] NU,2020-07-22 01:14:31,,charge9689,hydration43285,hydration43285,False,"['Butterfree', 'Hitmontop', 'Azumarill', 'Mantine', 'Murkrow', 'Furret']","['Ninetales', 'Xatu', 'Mantine', 'Dugtrio', 'Primeape', 'Fearow']",44,11,8
gen2nu-2287716291,[Gen 2] NU,2025-01-25 02:16:55,,bug29229,regigigas73727,regigigas73727,False,"['Doduo', 'Porygon', 'Onix', 'Cubone', 'Elekid', 'Abra']","['Snubbull', 'Grimer', 'Kabuto', 'Elekid', 'Krabby', 'Diglett']",25,13,8
smogtours-gen2nu-670933,[Gen 2] NU,2023-01-28 06:54:05,,azelf61448,alakazam57294,azelf61448,False,"['Sudowoodo', 'Pineco', 'Octillery', 'Dugtrio', 'Fearow']","['Ninetales', 'Pineco', 'Xatu', 'Stantler', 'Dewgong', 'Magnemite']",38,10,16
smogtours-gen2nu-411405,[Gen 2] NU,2018-11-28 23:45:56,,sitrusberry77995,avalanche55702,avalanche55702,True,"['Golduck', 'Hitmonlee', 'Raichu', 'Primeape', 'Magmar', 'Fearow']","['Pidgeot', 'Wigglytuff', 'Weezing', 'Feraligatr', 'Raichu']",42,9,10
smogtours-gen2nu-811591,[Gen 2] NU,2024-12-23 21:25:42,,motordrive87413,powerlens28906,powerlens28906,True,"['Porygon', 'Graveler', 'Stantler', 'Dewgong', 'Gloom', 'Persian']","['Flareon', 'Xatu', 'Wigglytuff', 'Weezing', 'Stantler', 'Dewgong']",30,11,9
smogtours-gen2nu-742526,[Gen 2] NU,2024-01-28 01:16:05,,innerfocus97582,magnetpull75337,magnetpull75337,False,"['Ninetales', 'Porygon', 'Graveler', 'Gloom', 'Hitmonlee', 'Primeape']","['Flareon', 'Octillery', 'Wigglytuff', 'Weezing', 'Graveler', 'Primeape']",100,30,28
smogtours-gen2nu-678543,[Gen 2] NU,2023-03-05 21:10:37,,lusterpurge99010,sturdy46275,sturdy46275,False,"['Magby', 'Bayleef', 'Meowth', 'Croconaw', 'Tentacool', 'Koffing']","['Togetic', 'Magby', 'Onix', 'Smoochum', 'Croconaw', 'Tentacool']",59,20,14
smogtours-gen2nu-568672,[Gen 2] NU,2021-06-30 00:11:54,,watergun59811,turtwig42732,watergun59811,False,"['Ninetales', 'Pineco', 'Xatu', 'Dunsparce', 'Dugtrio', 'Chinchou']","['Flareon', 'Xatu', 'Weezing', 'Dewgong', 'Hitmonlee', 'Magnemite']",50,21,21
gen2nu-1171217260,[Gen 2] NU,2020-08-18 21:10:50,,sharpedo31502,adaptability73331,sharpedo31502,False,"['Pineco', 'Xatu', 'Weezing', 'Dewgong', 'Primeape']","['Kingler', 'Dunsparce', 'Pineco', 'Xatu', 'Flaaffy', 'Dugtrio']",39,8,11
gen2nu-878536618,[Gen 2] NU,2019-03-19 11:44:02,,trick33871,facade60368,facade60368,True,"['Pineco', 'Xatu', 'Weezing', 'Poliwrath', 'Raichu', 'Gastly']","['Raichu', 'Graveler', 'Bayleef', 'Xatu']",57,26,20
gen2nu-824310901,[Gen 2] NU,2018-11-22 01:46:50,,hydration62804,acupressure5238,hydration62804,False,"['Xatu', 'Graveler', 'Lickitung', 'Hitmonlee', 'Feraligatr']","['Noctowl', 'Pineco', 'Sudowoodo', 'Poliwrath', 'Raichu', 'Tangela']",55,18,29
gen2nu-2283724444,[Gen 2] NU,2025-01-19 00:03:48,,milkdrink49044,habanberry34945,habanberry34945,False,"['Flareon', 'Xatu', 'Wigglytuff', 'Weezing', 'Stantler', 'Dewgong']","['Ninetales', 'Porygon', 'Graveler', 'Dewgong', 'Gloom', 'Primeape']",59,23,19
gen2nu-2289161348,[Gen 2] NU,2025-01-27 14:32:59,,spacialrend20639,powerlens28906,powerlens28906,False,"['Pineco', 'Xatu', 'Octillery', 'Weezing', 'Stantler', 'Fearow']","['Kingler', 'Porygon', 'Pineco', 'Weezing', 'Dewgong']",48,10,10
gen2nu-1176543891,[Gen 2] NU,2020-08-27 21:09:56,,present11303,amnesia25800,amnesia25800,False,"['Rapidash', 'Xatu', 'Weezing', 'Sneasel', 'Chinchou', 'Primeape']","['Hitmontop', 'Dugtrio', 'Flaaffy', 'Azumarill']",35,16,7
gen2nu-912792159,[Gen 2] NU,2019-05-20 01:59:08,,sonicboom26327,aurasphere26323,sonicboom26327,False,"['Kingler', 'Sudowoodo', 'Exeggcute', 'Poliwrath', 'Dugtrio', 'Raichu']","['Rapidash', 'Pineco', 'Xatu', 'Poliwrath', 'Dugtrio', 'Fearow']",31,11,12
gen2nu-2023473643,[Gen 2] NU,2023-12-30 22:29:54,,present11303,sentret78377,present11303,False,"['Wigglytuff', 'Rapidash']","['Kingler', 'Vileplume', 'Pineco', 'Xatu', 'Primeape', 'Fearow']",23,1,7
smogtours-gen2nu-813393,[Gen 2] NU,2025-01-06 20:12:28,,vitalspirit41729,weepinbell75190,weepinbell75190,False,"['Pineco', 'Rhyhorn', 'Octillery', 'Dewgong', 'Primeape', 'Gastly']","['Pineco', 'Weezing', 'Stantler', 'Dewgong', 'Persian', 'Fearow']",48,23,13
gen2nu-1067134358,[Gen 2] NU,2020-02-21 21:56:44,,runaway61538,conversion257800,conversion257800,False,"['Pineco', 'Flareon', 'Xatu', 'Weezing', 'Elekid', 'Dewgong']","['Voltorb', 'Rapidash', 'Stantler', 'Primeape', 'Magmar']",25,11,4
gen2nu-1125363596,[Gen 2] NU,2020-06-02 12:03:32,,delcatty31981,watergun59811,delcatty31981,True,"['Dewgong', 'Porygon', 'Sudowoodo', 'Xatu']","['Bayleef', 'Houndour', 'Octillery', 'Azumarill', 'Dragonair', 'Lickitung']",46,14,13
gen2nu-837258637,[Gen 2] NU,2018-11-18 03:02:43,1017,grimer63502,waterveil53989,waterveil53989,False,"['Golduck', 'Xatu', 'Wigglytuff', 'Weezing', 'Hitmonlee', 'Parasect']","['Kingler', 'Weezing', 'Parasect', 'Raichu', 'Primeape']",24,7,5
gen2nu-1110795281,[Gen 2] NU,2020-05-08 04:43:19,,teddiursa9962,misdreavus18147,teddiursa9962,False,"['Venomoth', 'Ninetales', 'Hitmontop', 'Dewgong', 'Shuckle']","['Hitmontop', 'Murkrow', 'Wobbuffet', 'Tangela', 'Magmar', 'Shuckle']",52,10,11
smogtours-gen2nu-749852,[Gen 2] NU,2024-02-25 17:40:48,,articuno75579,venusaur88702,articuno75579,False,"['Pineco', 'Xatu', 'Octillery', 'Weezing', 'Stantler', 'Pupitar']","[""Farfetch'D"", 'Pineco', 'Weezing', 'Stantler', 'Dewgong', 'Dugtrio']",42,15,15
gen2nu-2017794365,[Gen 2] NU,2023-12-22 21:08:57,,articuno75579,stoneplate55960,articuno75579,False,"['Ninetales', 'Vileplume', 'Dunsparce', 'Octillery', 'Graveler', 'Fearow']","['Pidgeot', 'Ninetales', 'Vileplume', 'Octillery', 'Graveler', 'Primeape']",51,20,23
gen2nu-2059560813,[Gen 2] NU,2024-02-15 00:08:08,,powerherb71726,powerlens28906,powerlens28906,False,"['Kingler', 'Sudowoodo', 'Pineco', 'Weezing', 'Dugtrio', 'Chinchou']","['Pineco', 'Xatu', 'Octillery', 'Weezing', 'Stantler', 'Dugtrio']",28,14,13
gen2nu-1147145435,[Gen 2] NU,2020-07-08 02:21:01,,flamewheel13250,vitalspirit20864,vitalspirit20864,True,"['Pineco', 'Octillery', 'Sneasel', 'Dugtrio', 'Tangela', 'Shuckle']","['Kingler', 'Dunsparce', 'Xatu', 'Octillery', 'Lickitung', 'Magnemite']",34,9,10
smogtours-gen2nu-756682,[Gen 2] NU,2024-03-29 19:15:25,,hornattack31442,rattata90247,hornattack31442,False,"['Porygon', 'Elekid', 'Meowth', 'Mankey', 'Abra']","['Doduo', 'Staryu', 'Porygon', 'Omanyte', 'Koffing', 'Magnemite']",14,6,10
gen2nu-1041394135,[Gen 2] NU,2020-01-05 18:05:40,1082,ironfist29922,heatwave93550,heatwave93550,False,"['Sudowoodo', 'Rapidash', 'Xatu', 'Wigglytuff', 'Dewgong', 'Gloom']","['Kingler', 'Flareon', 'Xatu', 'Wigglytuff', 'Weezing', 'Pichu']",51,18,15
smogtours-gen2nu-697453,[Gen 2] NU,2023-06-16 20:23:30,,stench25210,innerfocus97582,innerfocus97582,True,"['Ninetales', 'Xatu', 'Octillery', 'Wigglytuff', 'Graveler', 'Tangela']","['Pineco', 'Flareon', 'Xatu', 'Octillery', 'Stantler']",64,22,21
gen2nu-1173113920,[Gen 2] NU,2020-08-22 01:33:12,,bide8530,present11303,present11303,True,"['Noctowl', 'Hitmonchan', 'Sneasel', 'Clefairy', 'Dugtrio', 'Shuckle']","['Primeape', 'Rapidash', 'Chinchou', 'Xatu']",16,9,3
gen2nu-1161174248,[Gen 2] NU,2020-07-31 23:40:43,,azelf79981,watergun59811,watergun59811,False,"['Sudowoodo', 'Xatu', 'Mantine', 'Primeape', 'Dugtrio', 'Tangela']","['Kingler', 'Ninetales', 'Magcargo', 'Arbok', 'Lickitung', 'Chinchou']",47,21,21
smogtours-gen2nu-530816,[Gen 2] NU,2020-12-05 20:46:37,,sharpedo31502,watergun59811,watergun59811,False,"['Pidgeot', 'Xatu', 'Wartortle', 'Gloom', 'Pupitar', 'Magnemite']","['Pineco', 'Xatu', 'Octillery', 'Dugtrio', 'Magmar', 'Fearow']",32,17,13
smogtours-gen2nu-570879,[Gen 2] NU,2021-07-21 04:01:58,,seedflare81285,trick33871,trick33871,False,"['Sudowoodo', 'Pineco', 'Xatu', 'Octillery', 'Dugtrio', 'Gloom']","['Pineco', 'Xatu', 'Octillery', 'Weezing', 'Dugtrio', 'Chinchou']",46,19,21
gen2nu-917425059,[Gen 2] NU,2019-05-27 20:43:00,,seaking24495,doubleedge47965,seaking24495,True,"['Pineco', 'Shuckle']",['Dunsparce'],6,1,0
smogtours-gen2nu-746071,[Gen 2] NU,2024-02-10 00:17:39,,articuno75579,venusaur88702,articuno75579,False,"['Porygon', 'Weezing', 'Graveler', 'Stantler', 'Dewgong', 'Primeape']","['Pineco', 'Xatu', 'Octillery', 'Weezing', 'Stantler', 'Persian']",49,14,16
gen2nu-837180665,[Gen 2] NU,2018-11-17 23:42:54,,bug99182,twineedle35563,bug99182,False,"['Pidgeot', 'Ninetales', 'Dragonair', 'Dugtrio', 'Feraligatr', 'Delibird']","['Porygon', 'Rapidash', 'Dugtrio', 'Feraligatr', 'Raichu', 'Fearow']",42,15,13
gen2nu-751554083,[Gen 2] NU,2018-05-23 09:36:23,,wakeupslap1053,powerlens95525,wakeupslap1053,False,"['Pidgeot', 'Hitmontop', 'Murkrow', 'Mr. Mime', 'Dugtrio', 'Pikachu']","['Pidgeot', 'Hitmontop', 'Murkrow', 'Mr. Mime', 'Dugtrio', 'Pikachu']",22,6,9
gen2nu-2075921758,[Gen 2] NU,2024-03-07 22:46:52,,acidarmor93650,stickyhold28665,stickyhold28665,False,"['Staryu', 'Porygon', 'Houndour', 'Elekid', 'Mankey', 'Diglett']","['Doduo', 'Onix', 'Meowth', 'Chinchou', 'Diglett']",24,7,5
gen2nu-1178255583,[Gen 2] NU,2020-08-30 20:45:10,,watergun59811,poliwag79956,poliwag79956,False,"['Machoke', 'Wigglytuff', 'Weezing', 'Phanpy', 'Stantler', 'Murkrow']","['Kingler', 'Venomoth', 'Magcargo', 'Xatu', 'Primeape', 'Tangela']",70,26,28
gen2nu-2005636252,[Gen 2] NU,2023-12-06 01:06:26,,present11303,stoneplate55960,stoneplate55960,False,"['Vileplume', 'Xatu', 'Octillery', 'Weezing', 'Magnemite', 'Primeape']","['Vileplume', 'Ninetales', 'Xatu', 'Octillery', 'Weezing', 'Stantler']",39,11,12
smogtours-gen2nu-699350,[Gen 2] NU,2023-06-25 20:07:34,,shinystone44310,innerfocus97582,innerfocus97582,False,"['Voltorb', 'Hitmontop', 'Poliwhirl', 'Elekid', 'Beedrill', 'Delibird']","['Seadra', 'Hitmontop', 'Furret', 'Gastly', 'Abra']",24,9,6
smogtours-gen2nu-691562,[Gen 2] NU,2023-05-06 22:42:01,,houndour44173,nuzleaf29867,houndour44173,False,"['Furret', 'Elekid', 'Tangela']","['Voltorb', 'Parasect', 'Hitmontop', 'Omanyte', 'Murkrow', 'Furret']",16,3,5
smogtours-gen2nu-811587,[Gen 2] NU,2024-12-23 21:09:49,,motordrive87413,powerlens28906,motordrive87413,True,"['Dugtrio', 'Xatu', 'Pineco', 'Omastar']","['Stantler', 'Dugtrio', 'Porygon', 'Pineco']",19,4,6
smogtours-gen2nu-753870,[Gen 2] NU,2024-03-17 17:24:41,,rattata90247,confuseray41666,rattata90247,False,"['Porygon', 'Pineco', 'Onix', 'Chinchou', 'Gastly', 'Abra']","['Doduo', 'Porygon', 'Onix', 'Meowth', 'Chinchou', 'Diglett']",24,7,6
gen2nu-1121830261,[Gen 2] NU,2020-05-26 23:04:23,,oddincense6510,watergun59811,watergun59811,True,"['Kingler', 'Magcargo', 'Dewgong', 'Parasect', 'Delibird', 'Gastly']","['Lickitung', 'Primeape', 'Rapidash']",25,9,2
smogtours-gen2nu-844527,[Gen 2] NU,2025-05-21 22:35:29,,tangledfeet24308,powerlens28906,tangledfeet24308,False,"['Rapidash', 'Pineco', 'Xatu', 'Exeggcute', 'Pupitar']","['Venomoth', 'Pineco', 'Dunsparce', 'Chinchou', 'Pupitar', 'Fearow']",53,16,25
smogtours-gen2nu-406944,[Gen 2] NU,2018-12-03 21:54:28,,clefable74034,shadowclaw51134,shadowclaw51134,False,"['Sudowoodo', 'Flareon', 'Wigglytuff', 'Poliwrath', 'Lickitung', 'Raichu']","['Pineco', 'Xatu', 'Weezing', 'Dugtrio', 'Feraligatr', 'Raichu']",41,12,11
gen2nu-1127209035,[Gen 2] NU,2020-06-05 10:51:44,,watergun59811,electivire882,watergun59811,True,"['Venomoth', 'Flareon', 'Bayleef', 'Wigglytuff', 'Azumarill', 'Dugtrio']","['Pineco', 'Flareon', 'Xatu', 'Octillery', 'Graveler', 'Magnemite']",41,11,18
gen2nu-825961189,[Gen 2] NU,2018-11-25 12:38:16,,conversion257800,swinub46701,swinub46701,False,"['Ninetales', 'Bayleef', 'Hitmontop', 'Dugtrio', 'Feraligatr', 'Delibird']","['Flareon', 'Weezing', 'Stantler', 'Feraligatr', 'Raichu', 'Fearow']",48,17,12
smogtours-gen2nu-742561,[Gen 2] NU,2024-01-28 02:28:06,,articuno75579,innerfocus97582,articuno75579,False,"['Kingler', 'Pidgeot', 'Ninetales', 'Vileplume', 'Graveler', 'Hitmonlee']","['Ninetales', 'Vileplume', 'Pineco', 'Hitmontop', 'Dewgong', 'Shuckle']",219,32,40
gen2nu-1176366472,[Gen 2] NU,2020-08-27 15:59:56,,watergun59811,magnitude70169,watergun59811,False,"['Xatu', 'Octillery', 'Wigglytuff', 'Dragonair', 'Dugtrio', 'Chinchou']","['Xatu', 'Wigglytuff', 'Weezing', 'Dewgong', 'Dugtrio', 'Hitmonlee']",47,17,19
gen2nu-1000504008,[Gen 2] NU,2019-10-29 11:57:16,,manectric35060,diveball7316,manectric35060,False,"['Pineco', 'Xatu', 'Weezing', 'Poliwrath', 'Raichu', 'Gastly']","['Rapidash', 'Pineco', 'Xatu', 'Poliwrath', 'Dugtrio', 'Fearow']",48,20,19
gen2nu-886826338,[Gen 2] NU,2019-04-03 23:14:29,,chartiberry95074,arceuswater57688,arceuswater57688,False,"['Golduck', 'Ninetales', 'Sudowoodo', 'Pineco', 'Weezing', 'Raichu']","['Golduck', 'Pineco', 'Murkrow', 'Dugtrio', 'Raichu', 'Golbat']",43,12,13
gen2nu-1132619663,[Gen 2] NU,2020-06-14 18:24:21,,infernape34883,watergun59811,infernape34883,False,"['Machop', 'Staryu', 'Porygon', 'Houndour', 'Gastly']","['Staryu', 'Porygon', 'Exeggcute', 'Houndour', 'Chinchou', 'Diglett']",30,6,12
smogtours-gen2nu-714498,[Gen 2] NU,2023-09-06 15:50:52,,sniper70774,screech4752,screech4752,False,"['Pineco', 'Octillery', 'Stantler', 'Chinchou', 'Persian', 'Fearow']","['Kingler', 'Pineco', 'Xatu', 'Wigglytuff', 'Weezing', 'Dugtrio']",31,12,7
gen2nu-1092492299,[Gen 2] NU,2020-04-07 12:11:08,,skullbash30877,leer37138,skullbash30877,False,"['Flareon', 'Xatu', 'Octillery', 'Wigglytuff', 'Graveler']","['Flareon', 'Xatu', 'Octillery', 'Wigglytuff', 'Weezing', 'Graveler']",26,8,9
gen2nu-1174454137,[Gen 2] NU,2020-08-24 13:42:36,,watergun59811,sharpedo31502,watergun59811,True,"['Kingler', 'Ninetales', 'Pineco', 'Xatu', 'Chinchou', 'Hitmonlee']","['Ninetales', 'Pineco', 'Xatu', 'Weezing', 'Stantler', 'Pupitar']",54,17,23
gen2nu-1079475407,[Gen 2] NU,2020-03-15 17:16:54,,ironplate21504,mudslap23591,mudslap23591,False,"['Rapidash', 'Pineco', 'Xatu', 'Weezing', 'Hitmonlee', 'Gastly']","['Dugtrio', 'Weezing', 'Graveler']",22,7,3
smogtours-gen2nu-812567,[Gen 2] NU,2025-01-04 15:04:10,,articuno75579,riolu39836,riolu39836,True,"['Ninetales', 'Porygon', 'Flareon', 'Xatu', 'Dragonair', 'Weezing']","['Kingler', 'Sudowoodo', 'Pineco', 'Weezing', 'Dugtrio', 'Chinchou']",26,12,8
gen2nu-747939771,[Gen 2] NU,2018-05-15 22:35:49,1056,zapdos90988,metalclaw34878,metalclaw34878,False,"['Sudowoodo', 'Octillery', 'Arbok', 'Mr. Mime', 'Lickitung', 'Dugtrio']","['Bayleef', 'Xatu', 'Hitmontop', 'Azumarill', 'Dugtrio', 'Shuckle']",77,25,29
gen2nu-1036340481,[Gen 2] NU,2019-12-27 03:57:33,,runaway61538,trick33871,trick33871,False,"['Machoke', 'Ninetales', 'Pineco', 'Rhyhorn', 'Octillery', 'Raticate']","['Rapidash', 'Pineco', 'Xatu', 'Exeggcute', 'Corsola', 'Magmar']",28,14,10
gen2nu-1178696506,[Gen 2] NU,2020-08-31 15:53:51,,watergun59811,poliwag79956,watergun59811,False,"['Kingler', 'Ninetales', 'Porygon', 'Xatu', 'Wigglytuff', 'Hitmonlee']","['Kingler', 'Flareon', 'Xatu', 'Weezing', 'Dragonair', 'Dewgong']",43,11,13
smogtours-gen2nu-531707,[Gen 2] NU,2020-12-12 17:38:45,,ledian89996,watergun59811,ledian89996,False,"['Pineco', 'Xatu', 'Octillery', 'Dugtrio', 'Magnemite', 'Fearow']","['Kingler', 'Ninetales', 'Pineco', 'Xatu', 'Azumarill', 'Gloom']",77,18,16
gen2nu-1121176871,[Gen 2] NU,2020-05-25 21:09:47,,watergun59811,runaway61538,watergun59811,False,"['Venomoth', 'Flareon', 'Xatu', 'Octillery', 'Lickitung', 'Dugtrio']","['Pidgeot', 'Magcargo', 'Xatu', 'Flaaffy', 'Azumarill', 'Magmar']",54,11,16
smogtours-gen2nu-699126,[Gen 2] NU,2023-06-25 12:30:24,,zoomlens36961,magnetpull75337,magnetpull75337,False,"['Machoke', 'Hitmontop', 'Elekid', 'Murkrow', 'Furret', 'Tangela']","['Seadra', 'Noctowl', 'Onix', 'Hitmontop', 'Elekid', 'Delibird']",172,7,11
gen2nu-834170032,[Gen 2] NU,2018-11-12 01:30:30,1034,acupressure5238,metalclaw67212,acupressure5238,False,"['Pineco', 'Xatu', 'Octillery', 'Houndour', 'Lickitung', 'Raichu']","['Ninetales', 'Weezing', 'Mantine', 'Dugtrio', 'Raichu', 'Fearow']",36,13,14
gen2nu-823542878,[Gen 2] NU,2018-11-20 16:14:09,1000,mirrorcoat20001,flamewheel38109,mirrorcoat20001,True,"['Venomoth', 'Xatu', 'Stantler', 'Feraligatr', 'Raichu']","['Xatu', 'Hitmonlee', 'Feraligatr', 'Primeape', 'Shuckle']",39,11,12
smogtours-gen2nu-700487,[Gen 2] NU,2023-07-01 21:46:41,,outrage46997,innerfocus97582,outrage46997,False,"['Magby', 'Bayleef', 'Seel', 'Nidorina', 'Croconaw']","['Magby', 'Onix', 'Tentacool', 'Croconaw', 'Weepinbell', 'Diglett']",59,18,22
smogtours-gen2nu-596840,[Gen 2] NU,2021-12-11 12:58:20,,watmelberry24903,powerherb27781,powerherb27781,False,"['Ninetales', 'Pineco', 'Xatu', 'Azumarill', 'Gloom', 'Fearow']","['Ninetales', 'Pineco', 'Xatu', 'Octillery', 'Weezing', 'Dugtrio']",91,23,22
gen2nu-2274047811,[Gen 2] NU,2025-01-03 02:29:30,,earthplate33099,dusknoir58612,earthplate33099,False,"['Kingler', 'Omastar', 'Xatu', 'Dugtrio', 'Persian', 'Fearow']","['Porygon', 'Pineco', 'Flareon', 'Weezing', 'Dewgong', 'Primeape']",58,8,14
smogtours-gen2nu-824519,[Gen 2] NU,2025-03-11 23:44:17,,metalsound31619,grasswhistle96525,grasswhistle96525,False,"['Porygon', 'Sudowoodo', 'Weezing', 'Graveler', 'Persian', 'Primeape']","['Rapidash', 'Pineco', 'Xatu', 'Octillery', 'Persian', 'Primeape']",25,8,12
gen2nu-1163282387,[Gen 2] NU,2020-08-04 19:58:16,,poisonjab86241,watergun59811,watergun59811,False,"['Sudowoodo', 'Xatu', 'Azumarill', 'Weezing', 'Primeape', 'Magmar']","['Kingler', 'Ninetales', 'Pineco', 'Wigglytuff', 'Weezing']",58,20,18
gen2nu-1172455420,[Gen 2] NU,2020-08-20 23:13:52,,sharpedo31502,watergun59811,sharpedo31502,False,"['Pineco', 'Xatu', 'Wigglytuff', 'Weezing', 'Dewgong', 'Magmar']","['Kingler', 'Ninetales', 'Wigglytuff', 'Weezing', 'Dugtrio', 'Fearow']",55,15,17
gen2nu-1173384729,[Gen 2] NU,2020-08-22 15:45:39,,watergun59811,sharpedo31502,watergun59811,False,"['Ninetales', 'Pineco', 'Dragonair', 'Tentacool', 'Fearow']","['Pineco', 'Xatu', 'Wigglytuff', 'Weezing', 'Dewgong', 'Magmar']",34,6,13
gen2nu-832851492,[Gen 2] NU,2018-11-09 12:26:17,,focusband1232,delcatty31981,delcatty31981,True,"[""Farfetch'D"", 'Raticate', 'Hitmonchan', 'Murkrow', 'Tangela', 'Ledian']","['Butterfree', 'Flareon', 'Hitmontop', 'Dewgong', 'Tangela', 'Beedrill']",38,9,7
gen2nu-977752885,[Gen 2] NU,2019-09-18 07:34:19,,kabuto89124,regigigas73727,kabuto89124,False,"['Kingler', 'Graveler', 'Lickitung', 'Parasect', 'Raichu', 'Delibird']","['Pineco', 'Dragonair', 'Poliwrath', 'Lickitung', 'Raichu', 'Shuckle']",44,11,16
smogtours-gen2nu-406510,[Gen 2] NU,2018-12-01 17:54:40,,avalanche55702,sitrusberry77995,avalanche55702,True,"['Pidgeot', 'Pineco', 'Wigglytuff', 'Hitmonlee', 'Raichu', 'Primeape']","['Golduck', 'Hitmonlee', 'Raichu', 'Primeape', 'Magmar', 'Fearow']",49,14,12
gen2nu-1175394604,[Gen 2] NU,2020-08-25 23:34:57,,amnesia25800,present11303,amnesia25800,False,"['Rapidash', 'Sudowoodo', 'Xatu', 'Arbok', 'Chinchou', 'Primeape']","['Rapidash', 'Sudowoodo', 'Xatu', 'Weezing', 'Chinchou', 'Primeape']",37,12,12
smogtours-gen2nu-663760,[Gen 2] NU,2022-12-04 20:27:02,,flamebody71831,zoomlens36961,zoomlens36961,False,"['Pineco', 'Xatu', 'Octillery', 'Dugtrio', 'Persian', 'Fearow']","['Sudowoodo', 'Xatu', 'Exeggcute', 'Stantler', 'Dewgong', 'Dugtrio']",103,21,17
smogtours-gen2nu-829385,[Gen 2] NU,2025-04-01 19:51:35,,effectspore19836,poisonpowder88566,poisonpowder88566,False,"['Rapidash', 'Sudowoodo', 'Pineco', 'Xatu', 'Octillery', 'Persian']","['Rapidash', 'Pineco', 'Xatu', 'Octillery', 'Persian', 'Primeape']",34,13,12
gen2nu-742652431,[Gen 2] NU,2018-05-05 00:21:28,1022,mirrormove40391,milkdrink54004,mirrormove40391,False,"['Butterfree', 'Pineco', 'Mantine', 'Hitmonchan', 'Mr. Mime', 'Pikachu']","['Azumarill', 'Haunter', 'Hitmonchan', 'Mr. Mime', 'Fearow', 'Shuckle']",33,12,10
gen2nu-2249740745,[Gen 2] NU,2024-11-23 20:31:24,,tangledfeet30693,quagsire94479,tangledfeet30693,True,"['Pineco', 'Xatu', 'Weezing', 'Dewgong', 'Dugtrio', 'Primeape']","['Xatu', 'Octillery', 'Weezing', 'Persian', 'Primeape', 'Delibird']",37,13,15
smogtours-gen2nu-722681,[Gen 2] NU,2023-10-08 20:22:04,,stench25210,extrasensory76435,stench25210,True,"['Ninetales', 'Xatu', 'Wigglytuff', 'Graveler', 'Chinchou', 'Tangela']","['Porygon', 'Pineco', 'Xatu', 'Octillery', 'Weezing', 'Dugtrio']",114,47,49
smogtours-gen2nu-511350,[Gen 2] NU,2020-07-17 22:54:10,,mantyke6294,amnesia25800,amnesia25800,False,"['Sudowoodo', 'Pineco', 'Graveler', 'Dugtrio', 'Persian', 'Corsola']","['Tangela', 'Octillery', 'Ledian']",18,5,2
smogtours-gen2nu-744642,[Gen 2] NU,2024-02-04 02:15:01,,astonish32045,articuno75579,articuno75579,False,"[""Farfetch'D"", 'Cubone', 'Octillery', 'Dugtrio', 'Fearow']","['Kingler', 'Pidgeot', 'Weezing', 'Dewgong', 'Primeape']",27,7,7
gen2nu-1175809458,[Gen 2] NU,2020-08-26 17:21:14,,sharpedo31502,watergun59811,sharpedo31502,False,"['Ninetales', 'Bayleef', 'Mantine', 'Furret', 'Pupitar', 'Abra']","['Venomoth', 'Ninetales', 'Wigglytuff', 'Azumarill', 'Pupitar', 'Abra']",71,17,21
smogtours-gen2nu-570204,[Gen 2] NU,2021-07-13 22:12:40,,watergun59811,mimejr67810,watergun59811,False,"['Kingler', 'Ninetales', 'Xatu', 'Weezing', 'Lickitung']","['Rapidash', 'Xatu', 'Exeggcute', 'Wigglytuff', 'Graveler', 'Magmar']",18,5,8
smogtours-gen2nu-498226,[Gen 2] NU,2020-05-03 23:49:30,,altaria32948,golduck34873,golduck34873,True,"['Flareon', 'Octillery', 'Wigglytuff', 'Weezing', 'Chinchou', 'Magmar']","['Sudowoodo', 'Bayleef', 'Octillery', 'Poliwhirl', 'Elekid', 'Dewgong']",35,15,13
smogtours-gen2nu-603084,[Gen 2] NU,2022-01-16 19:56:55,,zoomlens36961,magmastorm83132,magmastorm83132,False,"['Sudowoodo', 'Xatu', 'Azumarill', 'Weezing', 'Dugtrio', 'Fearow']","['Sudowoodo', 'Xatu', 'Exeggcute', 'Octillery', 'Weezing', 'Gastly']",48,19,20
gen2nu-1147152780,[Gen 2] NU,2020-07-08 02:33:48,,weedle59449,vitalspirit20864,weedle59449,True,"['Kingler', 'Exeggcute', 'Wigglytuff', 'Poliwhirl', 'Arbok', 'Chinchou']","['Kingler', 'Dunsparce', 'Xatu', 'Octillery', 'Lickitung', 'Magnemite']",38,7,14
smogtours-gen2nu-829387,[Gen 2] NU,2025-04-01 20:06:30,,effectspore19836,poisonpowder88566,effectspore19836,False,"['Porygon', 'Pineco', 'Weezing', 'Dewgong', 'Primeape', 'Fearow']","['Pineco', 'Flareon', 'Hitmontop', 'Octillery', 'Weezing', 'Graveler']",54,13,14
gen2nu-750409600,[Gen 2] NU,2018-05-21 00:57:46,,aggron60452,payback7723,aggron60452,True,"['Noctowl', 'Poliwhirl', 'Sneasel', 'Ivysaur', 'Elekid', 'Corsola']","['Sunflora', 'Xatu', 'Poliwhirl', 'Corsola', 'Beedrill', 'Shuckle']",90,46,40
smogtours-gen2nu-802235,[Gen 2] NU,2024-10-26 19:39:11,,innerfocus97582,tangledfeet30693,tangledfeet30693,True,"['Pidgeot', 'Ninetales', 'Porygon', 'Omanyte', 'Gloom', 'Tentacool']","['Rapidash', 'Pineco', 'Xatu', 'Octillery', 'Stantler', 'Gastly']",134,42,44
gen2nu-1157150841,[Gen 2] NU,2020-07-24 22:40:16,,watergun59811,weedle59449,weedle59449,False,"['Ninetales', 'Sudowoodo', 'Pineco', 'Xatu', 'Exeggcute', 'Chinchou']","['Flareon', 'Exeggcute', 'Weezing', 'Lickitung', 'Slowpoke']",33,14,9
gen2nu-1108181834,[Gen 2] NU,2020-05-03 23:19:14,,trick33871,conversion257800,trick33871,False,"['Rapidash', 'Sudowoodo', 'Flaaffy', 'Weezing', 'Primeape']","['Kingler', 'Magcargo', 'Flareon', 'Azumarill', 'Hitmonchan', 'Lickitung']",63,20,20
gen2nu-2079568600,[Gen 2] NU,2024-03-12 21:46:05,,koffing93492,tangrowth23890,tangrowth23890,False,"['Doduo', 'Porygon', 'Houndour', 'Chinchou', 'Gastly', 'Abra']","['Staryu', 'Porygon', 'Houndour', 'Elekid', 'Diglett', 'Abra']",25,6,5
vivantshowdown-gen2nu-16,[Gen 2] NU,2015-10-27 21:04:29,,rhyperior34073,swalot14614,rhyperior34073,False,"['Kingler', 'Hitmontop', 'Murkrow', 'Dugtrio', 'Furret', 'Delibird']","['Magcargo', 'Mantine', 'Arbok', 'Aipom', 'Dugtrio', 'Tangela']",54,20,16
gen2nu-1121342109,[Gen 2] NU,2020-05-26 03:24:46,,delcatty31981,magby58555,delcatty31981,False,"['Butterfree', 'Flareon', 'Xatu', 'Octillery', 'Dugtrio', 'Furret']","['Rapidash', 'Dunsparce', 'Xatu', 'Hitmontop', 'Arbok', 'Corsola']",43,10,15
gen2nu-1151159607,[Gen 2] NU,2020-07-14 19:29:07,,azelf79981,slakoth53488,slakoth53488,False,"['Sudowoodo', 'Xatu', 'Mantine', 'Dugtrio', 'Tangela', 'Primeape']","['Flareon', 'Xatu', 'Octillery', 'Dragonair', 'Dewgong', 'Magnemite']",26,10,7
smogtours-gen2nu-824516,[Gen 2] NU,2025-03-11 23:37:48,,grasswhistle96525,metalsound31619,metalsound31619,False,"['Rapidash', 'Pineco', 'Xatu', 'Octillery', 'Wigglytuff', 'Primeape']","['Rapidash', 'Wigglytuff', 'Weezing', 'Graveler', 'Dewgong', 'Primeape']",142,23,22
gen2nu-741057421,[Gen 2] NU,2018-05-01 19:51:53,,denpowersteel79771,stickyhold17429,denpowersteel79771,False,"['Sunflora', 'Pineco', 'Flaaffy', 'Sneasel', 'Mr. Mime', 'Shuckle']","['Haunter', 'Hitmonchan', 'Mr. Mime', 'Dugtrio', 'Murkrow', 'Pikachu']",83,33,29
smogtours-gen2nu-652180,[Gen 2] NU,2022-10-01 22:50:00,,watmelberry24903,honeygather86735,honeygather86735,True,"['Ninetales', 'Pineco', 'Xatu', 'Stantler', 'Dewgong', 'Magnemite']","['Sunflora', 'Rapidash', 'Wigglytuff', 'Mantine', 'Graveler', 'Chinchou']",127,49,53
gen2nu-825274410,[Gen 2] NU,2018-11-24 00:25:42,,heatrock37333,bug99182,bug99182,False,"['Flareon', 'Dugtrio', 'Feraligatr', 'Raichu', 'Primeape', 'Abra']","['Rapidash', 'Xatu', 'Hitmontop', 'Lickitung', 'Dugtrio', 'Tangela']",59,23,18
smogtours-gen2nu-411381,[Gen 2] NU,2018-11-28 19:45:14,,avalanche55702,sitrusberry77995,avalanche55702,True,"['Feraligatr', 'Pidgeot', 'Wigglytuff', 'Raichu']","['Ninetales', 'Sunflora', 'Pineco', 'Weezing', 'Feraligatr', 'Gastly']",51,10,16
gen2nu-1117718049,[Gen 2] NU,2020-05-19 22:54:13,,watergun59811,notype63934,notype63934,True,"['Ninetales', 'Pineco', 'Xatu', 'Sneasel', 'Lickitung', 'Chinchou']","['Kingler', 'Ninetales', 'Sudowoodo', 'Exeggcute', 'Wigglytuff', 'Primeape']",71,21,25
gen2nu-1078643246,[Gen 2] NU,2020-03-14 01:22:48,,protect59663,skarmory63891,protect59663,False,"['Unown', 'Azumarill', 'Aipom', 'Primeape', 'Delibird', 'Yanma']","['Pidgeot', 'Unown', 'Xatu', 'Beedrill', 'Delibird', 'Shuckle']",127,10,8
gen2nu-1083562847,[Gen 2] NU,2020-03-22 21:04:05,,delcatty31981,fire24746,delcatty31981,True,"['Elekid', 'Houndour', 'Omanyte', 'Diglett']","['Doduo', 'Onix', 'Exeggcute', 'Houndour', 'Elekid', 'Abra']",21,6,7
smogtours-gen2nu-527151,[Gen 2] NU,2020-11-13 21:45:09,,wringout43587,rabutaberry90278,rabutaberry90278,False,"['Venomoth', 'Pidgey', 'Poliwhirl', 'Hitmonchan', 'Elekid', 'Krabby']","['Aipom', 'Ivysaur', 'Tangela', 'Gastly']",25,6,3
smogtours-gen2nu-742554,[Gen 2] NU,2024-01-28 01:54:23,,articuno75579,innerfocus97582,innerfocus97582,False,"['Vileplume', 'Rapidash', 'Pineco', 'Xatu', 'Octillery', 'Persian']","['Vileplume', 'Ninetales', 'Octillery', 'Graveler', 'Chinchou']",59,30,28
smogtours-gen2nu-689133,[Gen 2] NU,2023-04-23 11:21:49,,watmelberry24903,karatechop34549,watmelberry24903,False,"['Magby', 'Onix', 'Smoochum', 'Dratini', 'Croconaw', 'Tentacool']","['Togetic', 'Magby', 'Bayleef', 'Grimer', 'Onix', 'Remoraid']",75,24,26
gen2nu-1054265823,[Gen 2] NU,2020-01-28 21:54:04,,trick33871,frz75,trick33871,False,"['Weezing', 'Stantler', 'Dewgong', 'Dugtrio', 'Primeape', 'Magmar']","['Bayleef', 'Xatu', 'Octillery', 'Graveler', 'Stantler', 'Magnemite']",27,9,15
smogtours-gen2nu-439305,[Gen 2] NU,2019-05-03 20:04:32,,tangrowth58764,dig95510,tangrowth58764,True,"['Golduck', 'Pineco', 'Xatu', 'Weezing', 'Graveler', 'Raichu']","['Bayleef', 'Pineco', 'Wigglytuff', 'Weezing', 'Mantine', 'Shuckle']",61,22,24
smogtours-gen2nu-702333,[Gen 2] NU,2023-07-09 20:48:39,,outrage46997,innerfocus91859,outrage46997,False,"['Magby', 'Onix', 'Seel', 'Phanpy', 'Nidorina', 'Croconaw']","['Togetic', 'Magby', 'Onix', 'Croconaw', 'Tentacool', 'Koffing']",105,34,38
smogtours-gen2nu-598041,[Gen 2] NU,2021-12-17 23:27:43,,rock51085,pickup28423,rock51085,False,"['Kingler', 'Rapidash', 'Pineco', 'Wigglytuff', 'Graveler']","['Xatu', 'Octillery', 'Weezing', 'Gloom', 'Magnemite', 'Magmar']",20,7,9
gen2nu-2145231512,[Gen 2] NU,2024-06-17 22:27:36,,skarmory11046,skuntank86887,skarmory11046,False,"[""Farfetch'D"", 'Ninetales', 'Sudowoodo', 'Azumarill', 'Gloom', 'Primeape']","[""Farfetch'D"", 'Dragonair', 'Arbok', 'Dewgong', 'Dugtrio', 'Fearow']",56,10,7
gen2nu-747812386,[Gen 2] NU,2018-05-15 17:44:28,,zapdos90988,aron12824,zapdos90988,False,"['Octillery', 'Arbok', 'Mr. Mime', 'Dugtrio', 'Lickitung', 'Tangela']","['Pineco', 'Raticate', 'Haunter', 'Mr. Mime', 'Dugtrio', 'Persian']",54,12,10
gen2nu-2061424156,[Gen 2] NU,2024-02-17 13:25:46,,powerlens44128,mysteryberry83821,mysteryberry83821,False,"['Porygon', 'Cubone', 'Meowth', 'Chinchou', 'Magnemite', 'Abra']","['Meowth', 'Doduo', 'Porygon', 'Diglett']",30,10,8
gen2nu-874249612,[Gen 2] NU,2019-03-10 21:16:22,,seaking53525,metalcoat80824,seaking53525,False,"['Sunflora', 'Sudowoodo', 'Octillery', 'Wigglytuff', 'Raichu']","['Noctowl', 'Poliwhirl', 'Sneasel', 'Ivysaur', 'Elekid', 'Corsola']",44,10,14
gen2nu-1042531273,[Gen 2] NU,2020-01-07 21:05:24,,lightball23149,jumpkick32318,jumpkick32318,False,"['Pidgeot', 'Dunsparce', 'Houndour', 'Wigglytuff', 'Weezing', 'Stantler']","['Flareon', 'Xatu', 'Octillery', 'Wigglytuff', 'Weezing', 'Graveler']",44,11,11
smogtours-gen2nu-779125,[Gen 2] NU,2024-07-07 22:44:45,,venusaur88702,aircutter24151,venusaur88702,True,"['Ninetales', 'Bayleef', 'Hitmontop', 'Weezing', 'Dewgong', 'Shuckle']","['Pineco', 'Xatu', 'Octillery', 'Weezing', 'Graveler', 'Stantler']",212,54,57
gen2nu-825218434,[Gen 2] NU,2018-11-23 22:05:25,,sacredfire89193,arbok24041,sacredfire89193,False,"['Xatu', 'Weezing', 'Graveler', 'Stantler', 'Feraligatr', 'Raichu']","['Golduck', 'Pineco', 'Xatu', 'Weezing', 'Raichu', 'Magmar']",41,11,14
gen2nu-2285735123,[Gen 2] NU,2025-01-22 03:25:07,,mintberry37268,fling78647,fling78647,False,"['Porygon', 'Pineco', 'Xatu', 'Octillery', 'Weezing', 'Dugtrio']","['Ninetales', 'Hitmontop', 'Weezing', 'Dewgong', 'Dugtrio', 'Tangela']",57,28,24
gen2nu-746865124,[Gen 2] NU,2018-05-13 18:46:13,,shadowsneak91261,waveincense17164,shadowsneak91261,True,"['Pidgeot', 'Hitmontop', 'Murkrow', 'Mr. Mime', 'Pikachu', 'Shuckle']","['Rapidash', 'Hitmonchan', 'Haunter', 'Dewgong', 'Pikachu', 'Shuckle']",26,6,7
smogtours-gen2nu-695689,[Gen 2] NU,2023-06-04 19:52:08,,innerfocus91859,zoomlens36961,zoomlens36961,False,"['Togetic', 'Magby', 'Onix', 'Meowth', 'Croconaw', 'Tentacool']","['Togetic', 'Teddiursa', 'Onix', 'Meowth', 'Croconaw', 'Koffing']",37,9,11
smogtours-gen2nu-661745,[Gen 2] NU,2022-11-17 19:17:35,,flamebody71831,venusaur98572,venusaur98572,False,"['Ninetales', 'Pineco', 'Xatu', 'Stantler', 'Dewgong', 'Magnemite']","['Sudowoodo', 'Xatu', 'Octillery', 'Wigglytuff', 'Weezing', 'Stantler']",66,16,13
smogtours-gen2nu-406610,[Gen 2] NU,2018-12-01 22:43:18,,avalanche55702,sitrusberry77995,sitrusberry77995,True,"['Pidgeot', 'Pineco', 'Wigglytuff', 'Hitmonlee', 'Raichu', 'Primeape']","['Raichu', 'Octillery', 'Wigglytuff', 'Sudowoodo']",46,9,6
smogtours-gen2nu-814653,[Gen 2] NU,2025-01-18 19:18:07,,metalsound31619,quagsire94479,quagsire94479,True,"['Ninetales', 'Pineco', 'Xatu', 'Octillery', 'Weezing', 'Stantler']","['Porygon', 'Xatu', 'Weezing', 'Graveler', 'Dewgong', 'Primeape']",56,20,15
smogtours-gen2nu-693267,[Gen 2] NU,2023-05-20 20:47:33,,hypervoice57448,innerfocus91859,innerfocus91859,False,"['Sudowoodo', 'Pineco', 'Xatu', 'Weezing', 'Dugtrio', 'Fearow']","['Pineco', 'Xatu', 'Octillery', 'Chinchou', 'Gloom']",25,7,9
gen2nu-1161516084,[Gen 2] NU,2020-08-01 16:53:08,,oddincense6510,watergun59811,oddincense6510,False,"['Pineco', 'Xatu', 'Wigglytuff', 'Weezing', 'Dugtrio', 'Magmar']","['Kingler', 'Magcargo', 'Exeggcute', 'Wigglytuff', 'Weezing', 'Chinchou']",40,13,13
gen2nu-1120869148,[Gen 2] NU,2020-05-25 08:59:28,,watergun59811,amnesia25800,watergun59811,False,"['Venomoth', 'Sunflora', 'Xatu', 'Octillery', 'Lickitung', 'Dugtrio']","['Pineco', 'Xatu', 'Flareon', 'Weezing', 'Chinchou', 'Magnemite']",33,13,13
gen2nu-1065187444,[Gen 2] NU,2020-02-18 12:02:45,,trick33871,runaway61538,trick33871,False,"['Weezing', 'Stantler', 'Dewgong', 'Dugtrio', 'Primeape', 'Magmar']","['Pineco', 'Xatu', 'Flareon', 'Weezing', 'Dewgong', 'Corsola']",42,15,24
gen2nu-1148158782,[Gen 2] NU,2020-07-09 18:25:52,,watergun59811,oddincense6510,watergun59811,False,"['Xatu', 'Weezing', 'Poliwhirl', 'Dewgong', 'Fearow']","['Kingler', 'Venomoth', 'Arbok', 'Primeape', 'Magmar', 'Fearow']",24,6,6
gen2nu-1098322356,[Gen 2] NU,2020-04-17 14:33:06,,ironplate91202,uturn64923,ironplate91202,True,"['Sudowoodo', 'Hitmontop', 'Dugtrio', 'Tangela', 'Magmar', 'Gastly']","['Pidgeot', 'Dunsparce', 'Houndour', 'Wigglytuff', 'Weezing', 'Stantler']",40,15,15
gen2nu-1148326889,[Gen 2] NU,2020-07-09 23:54:16,,weedle59449,watergun59811,weedle59449,False,"['Machoke', 'Dunsparce', 'Exeggcute', 'Wigglytuff', 'Chinchou', 'Primeape']","['Sudowoodo', 'Pineco', 'Graveler', 'Dugtrio', 'Persian', 'Corsola']",32,9,10
smogtours-gen2nu-411465,[Gen 2] NU,2018-11-29 22:23:09,,blastburn84594,bonemerang45480,bonemerang45480,False,"['Sudowoodo', 'Pineco', 'Feraligatr', 'Poliwrath', 'Parasect', 'Raichu']","['Pineco', 'Xatu', 'Weezing', 'Graveler', 'Feraligatr', 'Raichu']",51,22,20
smogtours-gen2nu-604737,[Gen 2] NU,2022-01-23 19:47:27,,lick25189,quickpowder55779,quickpowder55779,True,"['Pineco', 'Xatu', 'Octillery', 'Seaking', 'Dugtrio']","['Venomoth', 'Omanyte', 'Elekid', 'Furret', 'Delibird']",18,6,4
smogtours-gen2nu-821711,[Gen 2] NU,2025-02-23 18:29:41,,articuno75579,tangledfeet30693,articuno75579,False,"['Ninetales', 'Sudowoodo', 'Weezing', 'Graveler', 'Dewgong', 'Primeape']","['Flareon', 'Hitmontop', 'Octillery', 'Weezing', 'Graveler', 'Fearow']",37,11,15
gen2nu-1171116123,[Gen 2] NU,2020-08-18 17:53:50,,alakazammega81122,watergun59811,watergun59811,False,"['Kingler', 'Ninetales', 'Pineco', 'Wigglytuff', 'Weezing', 'Dugtrio']","['Kingler', 'Ninetales', 'Pineco', 'Xatu', 'Hitmonlee']",41,9,10
smogtours-gen2nu-815997,[Gen 2] NU,2025-01-25 21:51:30,,sunstone71283,tangledfeet30693,tangledfeet30693,True,"['Ninetales', 'Xatu', 'Octillery', 'Wigglytuff', 'Graveler', 'Gloom']","['Pineco', 'Xatu', 'Octillery', 'Wigglytuff', 'Stantler']",30,6,7
gen2nu-1165508348,[Gen 2] NU,2020-08-08 18:57:47,,poliwag79956,watergun59811,poliwag79956,False,"['Kingler', 'Rapidash', 'Pineco', 'Xatu', 'Dragonair', 'Sneasel']","['Pineco', 'Hitmonchan', 'Sneasel', 'Stantler', 'Dugtrio', 'Croconaw']",36,10,9
gen2nu-1175071377,[Gen 2] NU,2020-08-25 13:35:56,,bide54382,sharpedo31502,bide54382,True,['Dunsparce'],"['Pidgeot', 'Pineco', 'Pupitar', 'Primeape', 'Magmar']",23,0,4
gen2nu-1133198195,[Gen 2] NU,2020-06-15 18:33:57,,watergun59811,naturalgift46412,naturalgift46412,False,"['Rapidash', 'Xatu', 'Wigglytuff', 'Weezing', 'Chinchou', 'Primeape']","['Rapidash', 'Pineco', 'Xatu', 'Exeggcute', 'Corsola']",36,17,11
gen2nu-2268311927,[Gen 2] NU,2024-12-23 16:20:23,,diveball3840,hitmonchan26625,hitmonchan26625,False,"['Rapidash', 'Pineco', 'Xatu', 'Rhyhorn', 'Chinchou', 'Primeape']","['Pineco', 'Octillery', 'Raticate', 'Weezing', 'Persian']",46,24,16
gen2nu-1043249161,[Gen 2] NU,2020-01-09 03:57:07,,delcatty31981,bidoof82933,delcatty31981,False,"['Pineco', 'Mantine', 'Lickitung', 'Dugtrio', 'Parasect', 'Tangela']","['Pineco', 'Dugtrio', 'Dewgong', 'Primeape', 'Magmar', 'Fearow']",31,9,11
gen2nu-1136690545,[Gen 2] NU,2020-06-21 13:32:23,,watergun59811,trick33871,trick33871,False,"['Pineco', 'Xatu', 'Seaking', 'Arbok', 'Sneasel', 'Persian']","['Ninetales', 'Snubbull', 'Hitmonchan', 'Arbok', 'Wartortle', 'Shuckle']",87,27,34
gen2nu-1158126102,[Gen 2] NU,2020-07-26 19:40:30,,hail24316,present58217,hail24316,False,['Octillery'],"['Cubone', 'Graveler', 'Dugtrio', 'Swinub', 'Wooper', 'Pupitar']",8,0,5
gen2nu-741411337,[Gen 2] NU,2018-05-02 15:08:58,1000,ninetales82401,lanturn52136,lanturn52136,False,"['Rapidash', 'Porygon', 'Dragonair', 'Haunter', 'Sneasel', 'Mr. Mime']","['Sunflora', 'Pineco', 'Flaaffy', 'Sneasel', 'Mr. Mime', 'Shuckle']",42,9,9
smogtours-gen2nu-598831,[Gen 2] NU,2021-12-20 06:17:17,,zapdos59192,powerherb27781,zapdos59192,True,"['Pineco', 'Xatu', 'Octillery', 'Dugtrio', 'Persian', 'Magmar']","['Rapidash', 'Pineco', 'Xatu', 'Wigglytuff', 'Dugtrio', 'Dewgong']",38,8,11
smogtours-gen2nu-696262,[Gen 2] NU,2023-06-09 19:31:23,,stench25210,aquajet31035,stench25210,False,"['Ninetales', 'Sudowoodo', 'Pineco', 'Chinchou', 'Tangela']","['Porygon', 'Wigglytuff', 'Weezing', 'Dewgong', 'Persian', 'Fearow']",51,11,12
gen2nu-1147145763,[Gen 2] NU,2020-07-08 02:21:10,,astonish72019,weedle59449,weedle59449,False,"['Kingler', 'Dunsparce', 'Xatu', 'Octillery', 'Lickitung', 'Magnemite']","['Exeggcute', 'Wigglytuff', 'Weezing', 'Lickitung', 'Chinchou', 'Persian']",52,5,7
smogtours-gen2nu-410656,[Gen 2] NU,2018-11-21 12:22:19,,sacredfire89193,luckychant87352,sacredfire89193,False,"['Xatu', 'Weezing', 'Graveler', 'Stantler', 'Feraligatr', 'Raichu']","['Golduck', 'Pineco', 'Exeggcute', 'Weezing', 'Feraligatr', 'Raichu']",59,23,23
smogtours-gen2nu-663302,[Gen 2] NU,2022-12-01 00:51:37,,thunderfang29085,snatch7890,thunderfang29085,False,"['Ninetales', 'Pineco', 'Octillery', 'Weezing', 'Dewgong', 'Magnemite']","['Kingler', 'Porygon', 'Xatu', 'Wigglytuff', 'Graveler', 'Chinchou']",53,16,16
gen2nu-1121297291,[Gen 2] NU,2020-05-26 01:32:38,,delcatty31981,magby58555,delcatty31981,False,"['Ninetales', 'Bayleef', 'Xatu', 'Hitmontop', 'Furret', 'Beedrill']","['Ninetales', 'Dunsparce', 'Xatu', 'Stantler', 'Ariados', 'Delibird']",54,15,23
gen2nu-905873610,[Gen 2] NU,2019-05-08 03:28:16,,whitesmoke85886,trick33871,whitesmoke85886,False,"['Pineco', 'Xatu', 'Poliwrath', 'Poliwhirl', 'Lickitung', 'Raichu']","['Golduck', 'Pidgeot', 'Rapidash', 'Pineco', 'Dugtrio', 'Raichu']",44,13,14
smogtours-gen2nu-711470,[Gen 2] NU,2023-08-21 18:41:58,,sharpedo31502,stench25210,stench25210,False,"['Xatu', 'Octillery', 'Weezing', 'Stantler', 'Pupitar', 'Fearow']","['Ninetales', 'Xatu', 'Octillery', 'Wigglytuff', 'Graveler', 'Tangela']",61,16,15
gen2nu-1121721560,[Gen 2] NU,2020-05-26 19:38:35,,xscissor99781,stringshot88219,xscissor99781,False,"['Rapidash', 'Xatu', 'Weezing', 'Lickitung', 'Chinchou', 'Primeape']","['Kingler', 'Dunsparce', 'Xatu', 'Octillery', 'Lickitung', 'Magnemite']",38,8,11
gen2nu-743098774,[Gen 2] NU,2018-05-05 23:40:44,,uxie44783,static4650,uxie44783,False,"['Seadra', 'Rapidash', 'Sudowoodo', 'Mr. Mime', 'Dugtrio']","['Sudowoodo', 'Houndour', 'Lickitung', 'Gloom', 'Pikachu', 'Ariados']",25,8,11
gen2nu-1151313961,[Gen 2] NU,2020-07-15 00:27:57,,trick33871,watergun59811,trick33871,False,"['Pidgeot', 'Pineco', 'Flareon', 'Xatu', 'Raticate', 'Chinchou']","['Sudowoodo', 'Xatu', 'Octillery', 'Wigglytuff', 'Primeape', 'Fearow']",93,17,14
smogtours-gen2nu-713177,[Gen 2] NU,2023-08-31 17:29:53,,larvitar96901,stench25210,stench25210,False,"['Xatu', 'Octillery', 'Houndour', 'Weezing', 'Lickitung', 'Fearow']","['Ninetales', 'Xatu', 'Wigglytuff', 'Graveler', 'Chinchou', 'Tangela']",69,21,27
gen2nu-1043254625,[Gen 2] NU,2020-01-09 04:10:50,,bidoof82933,delcatty31981,delcatty31981,False,"['Pineco', 'Dugtrio', 'Dewgong', 'Primeape', 'Magmar', 'Fearow']","['Rapidash', 'Pineco', 'Bayleef', 'Xatu', 'Sudowoodo', 'Octillery']",31,11,9
gen2nu-1121715612,[Gen 2] NU,2020-05-26 19:27:08,,xscissor99781,runaway61538,xscissor99781,True,"['Primeape', 'Rapidash', 'Xatu']","['Pineco', 'Dragonair', 'Azumarill', 'Weezing', 'Dugtrio']",20,2,7
gen2nu-828962062,[Gen 2] NU,2018-11-01 17:47:30,,gripclaw76305,lavaplume47096,lavaplume47096,True,"['Corsola', 'Flareon', 'Weezing', 'Parasect', 'Raichu', 'Fearow']","['Ninetales', 'Sunflora', 'Pineco', 'Weezing', 'Feraligatr', 'Gastly']",51,22,25
gen2nu-1163157184,[Gen 2] NU,2020-08-04 15:59:39,,astonish72019,watergun59811,watergun59811,False,"['Dunsparce', 'Xatu', 'Wigglytuff', 'Arbok', 'Lickitung', 'Magnemite']","['Kingler', 'Ninetales', 'Xatu', 'Wigglytuff', 'Weezing', 'Chinchou']",75,13,12
gen2nu-837558869,[Gen 2] NU,2018-11-18 19:29:53,,sitrusberry77995,clefable74034,clefable74034,False,"['Machoke', 'Poliwrath', 'Lickitung', 'Aipom', 'Ariados', 'Raichu']","['Pineco', 'Exeggcute', 'Weezing', 'Raichu', 'Gastly']",17,7,4
gen2nu-1170966760,[Gen 2] NU,2020-08-18 13:16:27,,truant84021,trick33871,trick33871,False,"['Hitmonlee', 'Primeape', 'Dewgong', 'Magmar', 'Tangela', 'Beedrill']","['Xatu', 'Houndour', 'Hitmonlee', 'Chinchou', 'Tentacool']",48,18,18
gen2nu-742748242,[Gen 2] NU,2018-05-05 05:36:12,1060,static4650,chatter18586,static4650,False,"['Sudowoodo', 'Houndour', 'Lickitung', 'Gloom', 'Pikachu', 'Ariados']","['Rapidash', 'Octillery', 'Lickitung', 'Mr. Mime', 'Pikachu', 'Shuckle']",28,8,11
gen2nu-1041140689,[Gen 2] NU,2020-01-05 04:18:45,1172,ironfist29922,weedle59449,ironfist29922,True,"['Rapidash', 'Porygon', 'Sudowoodo', 'Xatu', 'Wigglytuff']","['Kingler', 'Dragonair', 'Arbok', 'Lickitung', 'Magnemite', 'Tangela']",41,10,15
gen2nu-1106232231,[Gen 2] NU,2020-04-30 16:35:23,,watergun59811,toxicspikes41663,watergun59811,False,"['Fearow', 'Primeape', 'Rapidash', 'Xatu']","['Delibird', 'Dunsparce', 'Hitmonchan', 'Tangela', 'Fearow', 'Abra']",33,3,12
gen2nu-2067615676,[Gen 2] NU,2024-02-26 01:01:42,,regigigas73727,delcatty31981,regigigas73727,False,"['Voltorb', 'Doduo', 'Teddiursa', 'Oddish', 'Diglett', 'Abra']","['Exeggcute', 'Houndour', 'Cubone', 'Dratini', 'Elekid', 'Abra']",31,11,12
smogtours-gen2nu-808336,[Gen 2] NU,2024-11-30 17:07:28,,articuno75579,tangledfeet30693,articuno75579,False,"['Pineco', 'Xatu', 'Dewgong', 'Persian', 'Primeape']","['Rapidash', 'Xatu', 'Octillery', 'Stantler', 'Pupitar', 'Delibird']",64,18,19
smogtours-gen2nu-568917,[Gen 2] NU,2021-07-02 23:16:02,,watergun59811,stoneplate32738,watergun59811,False,"['Stantler', 'Octillery', 'Wigglytuff', 'Xatu']","['Rapidash', 'Xatu', 'Exeggcute', 'Wigglytuff', 'Graveler', 'Magmar']",33,3,6
gen2nu-1121505682,[Gen 2] NU,2020-05-26 12:32:36,,trick33871,watergun59811,watergun59811,False,"['Rapidash', 'Dunsparce', 'Sudowoodo', 'Flaaffy', 'Weezing', 'Primeape']","['Venomoth', 'Porygon', 'Dragonair', 'Poliwhirl', 'Dewgong', 'Abra']",30,10,7
gen2nu-1147145123,[Gen 2] NU,2020-07-08 02:14:42,,innerfocus91859,regigigas73727,regigigas73727,False,"['Pineco', 'Xatu', 'Octillery', 'Weezing', 'Dewgong', 'Primeape']","['Dunsparce', 'Xatu', 'Azumarill', 'Weezing', 'Raticate', 'Magnemite']",41,13,9
smogtours-gen2nu-701969,[Gen 2] NU,2023-07-09 01:39:45,,venusaur88702,articuno75579,venusaur88702,False,"['Pineco', 'Weezing', 'Stantler', 'Dewgong', 'Dugtrio', 'Fearow']","['Rapidash', 'Pineco', 'Xatu', 'Octillery', 'Wigglytuff', 'Fearow']",32,9,14
gen2nu-1171711722,[Gen 2] NU,2020-08-19 18:08:54,,sharpedo31502,alakazammega81122,alakazammega81122,False,"['Pineco', 'Xatu', 'Azumarill', 'Weezing', 'Primeape', 'Magmar']","['Kingler', 'Ninetales', 'Pineco', 'Wigglytuff', 'Weezing', 'Dugtrio']",35,11,11
gen2nu-1160089160,[Gen 2] NU,2020-07-30 02:28:49,,gastrodoneast21991,deoxysattack78714,deoxysattack78714,True,"['Pineco', 'Octillery', 'Murkrow', 'Dugtrio', 'Lickitung', 'Shuckle']","['Xatu', 'Weezing', 'Sneasel', 'Dugtrio', 'Magmar', 'Gastly']",66,9,12
gen2nu-1056958304,[Gen 2] NU,2020-02-03 00:35:38,,karatechop9047,curse86186,karatechop9047,False,"['Butterfree', 'Weezing', 'Hitmonchan', 'Sneasel', 'Dugtrio', 'Magmar']","['Kingler', 'Ninetales', 'Pineco', 'Xatu', 'Wigglytuff', 'Weezing']",46,12,20
gen2nu-1095538158,[Gen 2] NU,2020-04-12 20:39:16,,delcatty31981,wailmer17491,delcatty31981,True,"['Ninetales', 'Bayleef', 'Xatu', 'Hitmontop', 'Furret', 'Beedrill']","['Kingler', 'Dunsparce', 'Xatu', 'Octillery', 'Lickitung', 'Magnemite']",47,14,14
smogtours-gen2nu-726840,[Gen 2] NU,2023-10-28 00:36:28,,buneary57593,articuno75579,articuno75579,True,"['Kingler', 'Graveler', 'Stantler', 'Dewgong', 'Primeape']","['Pineco', 'Xatu', 'Octillery', 'Wigglytuff', 'Weezing', 'Stantler']",43,11,14
gen2nu-981546672,[Gen 2] NU,2019-09-24 21:07:57,,regigigas73727,lavaplume47096,lavaplume47096,False,"['Pineco', 'Dragonair', 'Poliwrath', 'Lickitung', 'Raichu', 'Shuckle']","['Pineco', 'Exeggcute', 'Weezing', 'Poliwrath', 'Raichu', 'Primeape']",85,28,29
smogtours-gen2nu-675988,[Gen 2] NU,2023-02-19 17:00:23,,watmelberry24903,articuno75579,watmelberry24903,False,"['Pineco', 'Xatu', 'Octillery', 'Houndour', 'Dugtrio', 'Persian']","['Kingler', 'Sudowoodo', 'Pineco', 'Xatu', 'Octillery', 'Hitmonlee']",31,13,12
smogtours-gen2nu-570201,[Gen 2] NU,2021-07-13 22:09:37,,watergun59811,mimejr67810,watergun59811,False,"['Xatu', 'Octillery', 'Wigglytuff', 'Weezing', 'Stantler', 'Dewgong']","['Rapidash', 'Sudowoodo', 'Xatu', 'Octillery', 'Weezing', 'Primeape']",41,13,16
smogtours-gen2nu-714497,[Gen 2] NU,2023-09-06 15:42:27,,sniper70774,screech4752,sniper70774,False,"['Ninetales', 'Pineco', 'Xatu', 'Octillery', 'Stantler', 'Magnemite']","['Kingler', 'Ninetales', 'Pineco', 'Xatu', 'Wigglytuff', 'Weezing']",30,8,12
smogtours-gen2nu-537298,[Gen 2] NU,2021-01-17 20:28:36,,chatter70230,quilava99512,quilava99512,False,"['Kingler', 'Xatu', 'Octillery', 'Dugtrio', 'Gloom', 'Magmar']","['Flareon', 'Xatu', 'Dragonair', 'Dewgong', 'Gloom', 'Magnemite']",87,25,21
smogtours-gen2nu-700846,[Gen 2] NU,2023-07-02 19:53:09,,zoomlens36961,innerfocus91859,innerfocus91859,False,"['Pineco', 'Xatu', 'Octillery', 'Wigglytuff', 'Gloom', 'Shuckle']","['Kingler', 'Pineco', 'Xatu', 'Hitmonlee', 'Magnemite', 'Fearow']",62,18,16
smogtours-gen2nu-845722,[Gen 2] NU,2025-05-25 15:42:08,,articuno75579,metalsound31619,articuno75579,False,"['Rapidash', 'Pineco', 'Xatu', 'Octillery', 'Stantler', 'Primeape']","['Sudowoodo', 'Pineco', 'Xatu', 'Octillery', 'Weezing', 'Primeape']",41,18,18
gen2nu-1154789367,[Gen 2] NU,2020-07-20 23:18:09,,psyduck38308,victreebel55835,psyduck38308,False,"['Exeggcute', 'Graveler', 'Drowzee', 'Gastly', 'Abra']","['Staryu', 'Pineco', 'Cubone', 'Flaaffy', 'Poliwhirl', 'Clefairy']",23,7,8
smogtours-gen2nu-570942,[Gen 2] NU,2021-07-22 03:54:52,,trick33871,seedflare81285,trick33871,True,"['Kingler', 'Octillery', 'Wigglytuff', 'Graveler', 'Gloom']","['Pineco', 'Xatu', 'Weezing', 'Stantler', 'Dugtrio', 'Chinchou']",25,9,12
gen2nu-1151841393,[Gen 2] NU,2020-07-15 21:35:24,,nuzleaf44678,psyduck38308,nuzleaf44678,True,"['Seadra', 'Houndour', 'Drowzee']","['Dragonair', 'Graveler', 'Clefairy', 'Drowzee', 'Abra']",18,7,7
smogtours-gen2nu-625453,[Gen 2] NU,2022-05-10 22:05:04,,marshtomp99135,rotom99808,rotom99808,False,"['Togetic', 'Magby', 'Doduo', 'Mareep', 'Smoochum', 'Croconaw']","['Togetic', 'Magby', 'Bayleef', 'Onix', 'Smoochum', 'Croconaw']",44,13,17
gen2nu-1040794040,[Gen 2] NU,2020-01-04 15:03:08,1043,tailwhip43653,rhyhorn54750,tailwhip43653,True,"[""Farfetch'D"", 'Flareon', 'Eevee', 'Aipom', 'Ariados']",['Delibird'],29,9,0
smogtours-gen2nu-596223,[Gen 2] NU,2021-12-05 16:21:46,,watmelberry24903,frenzyplant67575,watmelberry24903,True,"['Ninetales', 'Pineco', 'Xatu', 'Stantler', 'Dewgong', 'Magnemite']","['Kingler', 'Rapidash', 'Pineco', 'Xatu', 'Dugtrio', 'Gloom']",41,18,15
smogtours-gen2nu-727113,[Gen 2] NU,2023-10-28 20:39:34,,buneary57593,extrasensory76435,extrasensory76435,False,"['Pineco', 'Xatu', 'Weezing', 'Dewgong', 'Pupitar', 'Fearow']","['Pineco', 'Octillery', 'Stantler', 'Chinchou', 'Persian', 'Fearow']",75,19,17
gen2nu-823375016,[Gen 2] NU,2018-11-20 06:27:42,,icywind10570,watergun49059,icywind10570,False,"['Machoke', 'Pineco', 'Hitmonlee', 'Feraligatr', 'Raichu', 'Fearow']","['Ninetales', 'Sunflora', 'Pineco', 'Weezing', 'Feraligatr', 'Gastly']",30,11,14
gen2nu-1121335570,[Gen 2] NU,2020-05-26 03:12:01,,delcatty31981,magby58555,delcatty31981,False,"['Pineco', 'Mantine', 'Lickitung', 'Dugtrio', 'Parasect', 'Tangela']","['Rapidash', 'Dunsparce', 'Xatu', 'Hitmontop', 'Arbok', 'Corsola']",54,12,10
gen2nu-922265875,[Gen 2] NU,2019-06-04 21:10:43,,iddenpowerbug68940,slakoth53488,slakoth53488,False,"['Kingler', 'Arbok', 'Dugtrio', 'Persian', 'Primeape', 'Delibird']","['Rapidash', 'Pineco', 'Xatu', 'Poliwrath', 'Dugtrio', 'Fearow']",30,9,10
gen2nu-1121303765,[Gen 2] NU,2020-05-26 02:00:56,,magby58555,delcatty31981,delcatty31981,False,"['Ninetales', 'Dunsparce', 'Xatu', 'Hitmontop', 'Corsola', 'Delibird']","['Sudowoodo', 'Pineco', 'Rapidash', 'Bayleef', 'Xatu', 'Octillery']",50,15,11
smogtours-gen2nu-660862,[Gen 2] NU,2022-11-12 20:24:55,,magby20415,manaphy22907,magby20415,False,"['Xatu', 'Weezing', 'Dragonair', 'Stantler', 'Dewgong', 'Hitmonlee']","['Pineco', 'Xatu', 'Octillery', 'Dugtrio', 'Persian', 'Fearow']",86,17,20
gen2nu-2283721533,[Gen 2] NU,2025-01-18 23:53:57,,milkdrink49044,fling78647,milkdrink49044,False,"['Flareon', 'Xatu', 'Wigglytuff', 'Weezing', 'Stantler', 'Dewgong']","['Porygon', 'Pineco', 'Xatu', 'Octillery', 'Weezing', 'Fearow']",26,10,11
gen2nu-1175389248,[Gen 2] NU,2020-08-25 23:22:54,,present11303,amnesia25800,amnesia25800,False,"['Rapidash', 'Xatu', 'Weezing', 'Sneasel', 'Chinchou', 'Primeape']","['Sudowoodo', 'Rapidash', 'Xatu', 'Arbok', 'Chinchou', 'Primeape']",44,13,15
smogtours-gen2nu-673890,[Gen 2] NU,2023-02-09 22:56:01,,watmelberry24903,koffing28618,watmelberry24903,False,"['Porygon', 'Pineco', 'Xatu', 'Weezing', 'Chinchou', 'Fearow']","['Octillery', 'Weezing', 'Graveler', 'Stantler', 'Hitmonlee', 'Fearow']",53,22,24
gen2nu-2117108372,[Gen 2] NU,2024-05-03 17:10:50,,stealthrock72537,closecombat44911,stealthrock72537,False,"['Ninetales', 'Pineco', 'Xatu', 'Aipom', 'Pupitar', 'Magnemite']","['Porygon', 'Pineco', 'Weezing', 'Chinchou', 'Persian', 'Primeape']",31,8,11
gen2nu-1151386596,[Gen 2] NU,2020-07-15 03:00:33,,nuzleaf44678,psyduck38308,nuzleaf44678,True,"['Seadra', 'Houndour', 'Gloom', 'Pineco']","['Bayleef', 'Dragonair', 'Graveler', 'Clefairy', 'Drowzee', 'Abra']",30,4,7
gen2nu-1152381952,[Gen 2] NU,2020-07-16 19:43:09,,psyduck38308,magostberry2704,magostberry2704,True,"['Machoke', 'Exeggcute', 'Houndour', 'Wartortle', 'Clefairy', 'Elekid']","['Bayleef', 'Dragonair', 'Graveler', 'Clefairy', 'Drowzee', 'Abra']",66,30,22
smogtours-gen2nu-439920,[Gen 2] NU,2019-05-05 16:03:23,,gallade40917,magmastorm83132,magmastorm83132,False,"['Pineco', 'Xatu', 'Poliwrath', 'Poliwhirl', 'Lickitung', 'Raichu']","['Kingler', 'Sudowoodo', 'Exeggcute', 'Poliwrath', 'Dugtrio', 'Raichu']",45,15,11
smogtours-gen2nu-596734,[Gen 2] NU,2021-12-10 19:47:30,,zapdos59192,frenzyplant67575,zapdos59192,False,"['Sudowoodo', 'Xatu', 'Azumarill', 'Stantler', 'Gloom', 'Fearow']","['Xatu', 'Houndour', 'Wigglytuff', 'Graveler', 'Chinchou', 'Primeape']",84,34,40
gen2nu-912795439,[Gen 2] NU,2019-05-20 02:44:14,,sonicboom26327,blastburn32091,sonicboom26327,False,"['Kingler', 'Sudowoodo', 'Exeggcute', 'Poliwrath', 'Dugtrio', 'Raichu']","['Pineco', 'Xatu', 'Poliwrath', 'Dugtrio', 'Raichu', 'Shuckle']",73,19,27
smogtours-gen2nu-689134,[Gen 2] NU,2023-04-23 11:37:16,,watmelberry24903,karatechop34549,watmelberry24903,False,"['Doduo', 'Bayleef', 'Onix', 'Smoochum', 'Croconaw', 'Diglett']","['Magby', 'Bayleef', 'Onix', 'Smoochum', 'Croconaw', 'Diglett']",45,15,17
gen2nu-2061687214,[Gen 2] NU,2024-02-17 21:36:54,,regigigas73727,delcatty31981,regigigas73727,False,"['Porygon', 'Pineco', 'Cubone', 'Elekid', 'Spinarak']","['Ponyta', 'Chikorita', 'Cubone', 'Dratini', 'Elekid', 'Meowth']",25,7,7
smogtours-gen2nu-717553,[Gen 2] NU,2023-09-18 15:29:08,,screech4752,buneary57593,screech4752,True,"['Pineco', 'Xatu', 'Octillery', 'Weezing', 'Stantler', 'Fearow']","['Xatu', 'Octillery', 'Weezing', 'Dugtrio', 'Primeape', 'Fearow']",36,13,12
gen2nu-744510958,[Gen 2] NU,2018-05-08 22:03:56,,zapplate31609,clefable74034,clefable74034,True,"['Venomoth', 'Sudowoodo', 'Rapidash', 'Octillery', 'Hitmonchan', 'Dugtrio']","['Kingler', 'Rapidash', 'Hitmontop', 'Stantler', 'Mr. Mime', 'Dewgong']",40,12,11
gen2nu-2017798917,[Gen 2] NU,2023-12-22 21:21:27,,articuno75579,stoneplate55960,stoneplate55960,False,"['Octillery', 'Weezing', 'Stantler', 'Magnemite', 'Magmar', 'Fearow']","['Dunsparce', 'Flareon', 'Octillery', 'Weezing', 'Lickitung', 'Fearow']",94,22,28
gen2nu-1102076340,[Gen 2] NU,2020-04-23 18:39:02,,poisongas8357,sunkern78687,poisongas8357,False,"['Xatu', 'Azumarill', 'Graveler', 'Magnemite', 'Delibird']","['Bayleef', 'Wigglytuff', 'Graveler', 'Mantine', 'Lickitung', 'Shuckle']",81,33,25
gen2nu-1133283607,[Gen 2] NU,2020-06-15 21:11:35,,watergun59811,poliwag79956,watergun59811,False,['Magnemite'],['Magnemite'],7,0,0
gen2nu-1157912318,[Gen 2] NU,2020-07-26 10:11:33,,clearbody66075,glaceon53740,clearbody66075,True,"['Ninetales', 'Sudowoodo', 'Pineco', 'Xatu', 'Exeggcute', 'Chinchou']","['Ninetales', 'Xatu', 'Octillery', 'Wigglytuff', 'Dugtrio', 'Shuckle']",67,21,19
smogtours-gen2nu-712405,[Gen 2] NU,2023-08-27 00:19:14,,pickup28423,articuno75579,pickup28423,False,"['Xatu', 'Octillery', 'Weezing', 'Gloom', 'Magnemite', 'Magmar']","['Pineco', 'Octillery', 'Weezing', 'Graveler', 'Sneasel', 'Stantler']",42,13,17
smogtours-gen2nu-657440,[Gen 2] NU,2022-10-26 21:53:11,,altaria32948,innerfocus97582,altaria32948,False,"['Bayleef', 'Wigglytuff', 'Mantine', 'Graveler', 'Lickitung', 'Shuckle']","['Xatu', 'Octillery', 'Weezing', 'Stantler', 'Dugtrio', 'Gloom']",88,32,35
smogtours-gen2nu-495908,[Gen 2] NU,2020-04-26 20:46:04,,staraptor64408,conversion257800,staraptor64408,False,"['Pineco', 'Flareon', 'Xatu', 'Weezing', 'Dewgong', 'Chinchou']","['Flareon', 'Pineco', 'Octillery', 'Wigglytuff', 'Weezing', 'Chinchou']",40,16,12
gen2nu-836049564,[Gen 2] NU,2018-11-15 19:13:39,,curse9658,larvitar96901,larvitar96901,False,"['Poliwrath', 'Dugtrio', 'Hitmonlee', 'Parasect', 'Raichu', 'Delibird']","['Tangela', 'Weezing']",31,9,1
smogtours-gen2nu-818806,[Gen 2] NU,2025-02-08 22:56:49,,articuno75579,flash59106,articuno75579,True,"['Porygon', 'Wigglytuff', 'Weezing', 'Graveler', 'Stantler', 'Dewgong']","['Porygon', 'Octillery', 'Wigglytuff', 'Weezing', 'Graveler', 'Fearow']",130,26,23
gen2nu-2130369122,[Gen 2] NU,2024-05-25 17:59:34,,venusaur88702,articuno75579,venusaur88702,False,"['Rapidash', 'Pineco', 'Xatu', 'Octillery', 'Persian', 'Primeape']","['Kingler', 'Wigglytuff', 'Weezing', 'Dewgong', 'Primeape', 'Fearow']",37,14,11
smogtours-gen2nu-782391,[Gen 2] NU,2024-07-26 20:14:58,,suicune87392,tangledfeet30693,tangledfeet30693,False,"['Ninetales', 'Pineco', 'Xatu', 'Octillery', 'Chinchou', 'Gastly']","['Kingler', 'Pineco', 'Xatu', 'Weezing', 'Dewgong', 'Hitmonlee']",97,35,30
smogtours-gen2nu-530814,[Gen 2] NU,2020-12-05 20:41:43,,sharpedo31502,watergun59811,sharpedo31502,True,"['Pidgeot', 'Wartortle', 'Gloom', 'Pupitar', 'Magnemite']","['Flareon', 'Dragonair', 'Drowzee', 'Ariados', 'Ledian', 'Abra']",41,9,16
smogtours-gen2nu-664239,[Gen 2] NU,2022-12-10 15:22:00,,aron10883,innerfocus97582,innerfocus97582,True,"['Pineco', 'Octillery', 'Stantler', 'Chinchou', 'Persian', 'Fearow']","['Ninetales', 'Pineco', 'Xatu', 'Dewgong', 'Gloom', 'Persian']",33,9,9
smogtours-gen2nu-699336,[Gen 2] NU,2023-06-25 19:48:07,,shinystone44310,innerfocus97582,innerfocus97582,False,"['Kingler', 'Xatu', 'Wigglytuff', 'Gloom', 'Chinchou', 'Magmar']","['Weezing', 'Graveler', 'Stantler', 'Dewgong', 'Hitmonlee', 'Fearow']",65,21,22
gen2nu-2116542440,[Gen 2] NU,2024-05-02 21:37:43,,megahorn51778,arceusground95568,arceusground95568,False,"['Pineco', 'Xatu', 'Octillery', 'Weezing', 'Stantler', 'Dugtrio']","['Flareon', 'Xatu', 'Dragonair', 'Dewgong', 'Gloom']",28,8,7
smogtours-gen2nu-406627,[Gen 2] NU,2018-12-01 23:36:41,,avalanche55702,sitrusberry77995,avalanche55702,True,"['Pidgeot', 'Pineco', 'Raichu']","['Raichu', 'Primeape', 'Fearow']",15,2,2
smogtours-gen2nu-701967,[Gen 2] NU,2023-07-09 01:36:22,,venusaur88702,articuno75579,venusaur88702,True,"['Pineco', 'Octillery', 'Weezing', 'Graveler', 'Sneasel', 'Stantler']","['Pineco', 'Xatu', 'Octillery', 'Persian', 'Primeape']",24,6,9
smogtours-gen2nu-636742,[Gen 2] NU,2022-07-09 18:30:53,,mareep94285,pickup28423,pickup28423,False,"['Rapidash', 'Pineco', 'Xatu', 'Wigglytuff', 'Dugtrio', 'Primeape']","['Kingler', 'Octillery', 'Houndour', 'Gloom', 'Fearow']",38,9,9
smogtours-gen2nu-742793,[Gen 2] NU,2024-01-28 15:43:41,,articuno75579,lick25189,lick25189,False,"['Magby', 'Bayleef', 'Onix', 'Croconaw', 'Tentacool', 'Koffing']","['Togetic', 'Doduo', 'Onix', 'Croconaw', 'Tentacool']",40,18,14
gen2nu-2287710360,[Gen 2] NU,2025-01-25 02:07:19,,regigigas73727,bug29229,regigigas73727,False,"['Doduo', 'Porygon', 'Mareep', 'Cubone', 'Magnemite', 'Squirtle']","['Ponyta', 'Magby', 'Chikorita', 'Pineco', 'Rhyhorn', 'Houndour']",39,12,17
gen2nu-747070314,[Gen 2] NU,2018-05-14 03:37:06,1121,torterra62884,fullincense52281,fullincense52281,False,"['Cubone', 'Poliwhirl', 'Mr. Mime', 'Aipom', 'Lickitung', 'Ariados']","['Hitmontop', 'Haunter', 'Mr. Mime', 'Dugtrio', 'Pikachu', 'Fearow']",30,7,7
smogtours-gen2nu-551962,[Gen 2] NU,2021-03-29 00:36:13,,watergun59811,onix94468,watergun59811,True,"['Dewgong', 'Rapidash', 'Pineco', 'Weezing']","['Octillery', 'Ninetales', 'Pineco', 'Xatu']",11,4,5
smogtours-gen2nu-738799,[Gen 2] NU,2024-01-11 22:22:55,,articuno75579,innerfocus97582,articuno75579,False,"['Octillery', 'Wigglytuff', 'Weezing', 'Graveler', 'Primeape', 'Fearow']","['Pidgeot', 'Porygon', 'Weezing', 'Tentacool', 'Dewgong', 'Hitmonlee']",143,46,47
gen2nu-824716298,[Gen 2] NU,2018-11-22 21:56:31,,spikes93971,focusband1232,spikes93971,True,"['Voltorb', 'Pineco', 'Poliwrath', 'Ledian', 'Gastly']","['Pupitar', 'Raichu', 'Noctowl', 'Pineco']",10,4,3
gen2nu-1171195327,[Gen 2] NU,2020-08-18 20:58:08,,astonish72019,mindplate42012,astonish72019,False,"['Venomoth', 'Dunsparce', 'Wigglytuff', 'Arbok', 'Magnemite', 'Ledian']","['Sudowoodo', 'Rapidash', 'Xatu', 'Weezing', 'Chinchou', 'Primeape']",124,9,11
gen2nu-1103260547,[Gen 2] NU,2020-04-25 20:31:53,,slakoth53488,watergun59811,watergun59811,False,"['Flareon', 'Xatu', 'Octillery', 'Wigglytuff', 'Weezing', 'Graveler']","['Rapidash', 'Xatu', 'Lickitung', 'Dewgong', 'Primeape', 'Fearow']",36,14,9
smogtours-gen2nu-438741,[Gen 2] NU,2019-04-28 20:00:17,,dig95510,bonsly23037,dig95510,True,"['Pineco', 'Wigglytuff', 'Poliwrath', 'Dugtrio', 'Raichu', 'Fearow']","['Rapidash', 'Pineco', 'Exeggcute', 'Poliwrath', 'Raichu', 'Gastly']",24,13,16
smogtours-gen2nu-811472,[Gen 2] NU,2024-12-22 21:27:31,,metalsound31619,tangledfeet30693,tangledfeet30693,True,"['Pineco', 'Omastar', 'Weezing', 'Stantler', 'Persian', 'Fearow']","['Pineco', 'Xatu', 'Weezing', 'Dugtrio', 'Dewgong', 'Primeape']",26,10,7
smogtours-gen2nu-645395,[Gen 2] NU,2022-08-28 02:32:13,,honeygather86735,attract79434,honeygather86735,False,"['Kingler', 'Ninetales', 'Wigglytuff', 'Xatu']","['Kingler', 'Rapidash', 'Pineco', 'Xatu', 'Stantler', 'Dugtrio']",25,4,8
smogtours-gen2nu-407776,[Gen 2] NU,2018-12-10 13:11:08,,copycat44078,bonemerang45480,copycat44078,False,"['Kingler', 'Pineco', 'Feraligatr', 'Weezing', 'Parasect', 'Raichu']","['Wigglytuff', 'Graveler', 'Arbok', 'Ivysaur', 'Lickitung', 'Feraligatr']",47,19,19
smogtours-gen2nu-527147,[Gen 2] NU,2020-11-13 21:35:50,,wringout43587,rabutaberry90278,wringout43587,False,"['Venomoth', 'Pidgey', 'Poliwhirl', 'Hitmonchan', 'Elekid', 'Krabby']","['Doduo', 'Quilava', 'Ivysaur', 'Aipom', 'Tangela', 'Gastly']",29,11,9
smogtours-gen2nu-406511,[Gen 2] NU,2018-12-01 18:04:54,,avalanche55702,sitrusberry77995,avalanche55702,False,"['Pidgeot', 'Wigglytuff', 'Pineco', 'Raichu']","['Golduck', 'Hitmonlee', 'Raichu', 'Primeape', 'Magmar', 'Fearow']",34,7,6
gen2nu-1177598138,[Gen 2] NU,2020-08-29 16:25:34,,watergun59811,turtwig42732,watergun59811,False,"['Ninetales', 'Pineco', 'Chinchou', 'Hitmonlee', 'Fearow']","['Kingler', 'Pineco', 'Xatu', 'Weezing', 'Dugtrio', 'Parasect']",26,10,15
gen2nu-1096729141,[Gen 2] NU,2020-04-14 20:59:20,,soundproof93578,rage81487,rage81487,False,"['Flareon', 'Xatu', 'Octillery', 'Wigglytuff', 'Weezing', 'Graveler']","['Kingler', 'Dunsparce', 'Xatu', 'Octillery', 'Lickitung', 'Magnemite']",51,8,7
gen2nu-1105788935,[Gen 2] NU,2020-04-29 22:14:26,,twistedspoon78974,poisongas8357,twistedspoon78974,False,"['Dunsparce', 'Primeape', 'Raticate', 'Persian']","['Flareon', 'Pineco', 'Xatu', 'Octillery', 'Graveler', 'Gastly']",26,3,12
gen2nu-1123474631,[Gen 2] NU,2020-05-29 21:18:26,,amnesia25800,watergun59811,watergun59811,False,"['Ledian', 'Sunflora', 'Flareon', 'Xatu', 'Octillery', 'Magmar']","['Rapidash', 'Xatu', 'Weezing', 'Lickitung', 'Chinchou', 'Primeape']",31,12,11
smogtours-gen2nu-749846,[Gen 2] NU,2024-02-25 17:30:54,,venusaur88702,articuno75579,venusaur88702,False,"['Pineco', 'Octillery', 'Weezing', 'Persian', 'Furret', 'Fearow']","['Pineco', 'Xatu', 'Octillery', 'Weezing', 'Persian', 'Primeape']",28,12,13
gen2nu-2067308906,[Gen 2] NU,2024-02-25 15:49:29,,healorder33693,nestball5505,nestball5505,False,"['Pineco', 'Octillery', 'Weezing', 'Stantler', 'Dewgong', 'Magnemite']","['Pineco', 'Octillery', 'Weezing', 'Graveler', 'Stantler', 'Fearow']",41,17,14
gen2nu-1166427785,[Gen 2] NU,2020-08-10 13:04:46,,poliwag79956,watergun59811,watergun59811,False,"['Togetic', 'Sunflora', 'Rapidash', 'Sudowoodo', 'Xatu', 'Magmar']","['Kingler', 'Ninetales', 'Wigglytuff', 'Weezing', 'Dugtrio']",54,17,13
smogtours-gen2nu-645944,[Gen 2] NU,2022-09-01 18:18:56,,barboach11830,honeygather86735,honeygather86735,False,"['Rapidash', 'Pineco', 'Xatu', 'Wigglytuff', 'Dugtrio', 'Primeape']","['Rapidash', 'Flareon', 'Xatu', 'Dragonair', 'Dewgong', 'Magnemite']",46,18,14
smogtours-gen2nu-409514,[Gen 2] NU,2018-11-11 18:55:39,,shadowclaw51134,lavaplume47096,shadowclaw51134,True,"['Pineco', 'Xatu', 'Dugtrio', 'Feraligatr', 'Gastly']","['Bayleef', 'Weezing', 'Poliwrath', 'Graveler', 'Raichu']",18,6,8
smogtours-gen2nu-766203,[Gen 2] NU,2024-05-05 20:39:36,,quagsire94479,liechiberry37967,liechiberry37967,False,"['Rapidash', 'Xatu', 'Octillery', 'Graveler', 'Primeape', 'Delibird']","['Pineco', 'Octillery', 'Weezing', 'Stantler', 'Pupitar', 'Fearow']",49,19,16
smogtours-gen2nu-662054,[Gen 2] NU,2022-11-19 19:20:22,,innerfocus97582,watmelberry24903,watmelberry24903,False,"['Pineco', 'Xatu', 'Octillery', 'Dugtrio', 'Gloom', 'Fearow']","['Ninetales', 'Pineco', 'Xatu', 'Stantler', 'Dewgong', 'Magnemite']",53,16,15
smogtours-gen2nu-678913,[Gen 2] NU,2023-03-10 01:11:57,,articuno75579,spikecannon97564,articuno75579,True,"['Xatu', 'Octillery', 'Weezing', 'Stantler', 'Pupitar', 'Ledian']","['Bayleef', 'Xatu', 'Stantler', 'Murkrow', 'Dewgong', 'Dugtrio']",171,54,72
smogtours-gen2nu-690764,[Gen 2] NU,2023-05-02 13:04:08,,buneary57593,magnetpull75337,magnetpull75337,False,"['Voltorb', 'Venomoth', 'Hitmontop', 'Elekid', 'Furret', 'Abra']","['Seadra', 'Rhyhorn', 'Sneasel', 'Elekid', 'Murkrow', 'Furret']",34,11,12
gen2nu-2090970799,[Gen 2] NU,2024-03-28 13:43:30,,rattata41549,bonsly59503,rattata41549,False,"['Ninetales', 'Rapidash', 'Octillery', 'Dewgong', 'Chinchou', 'Magmar']","['Ninetales', 'Pineco', 'Xatu', 'Dewgong', 'Hitmonlee', 'Fearow']",91,22,29
smogtours-gen2nu-650598,[Gen 2] NU,2022-09-24 22:58:04,,shiftry23835,honeygather86735,shiftry23835,True,"['Pineco', 'Xatu', 'Octillery', 'Persian', 'Magmar']","['Rapidash', 'Wigglytuff', 'Mantine', 'Graveler', 'Gloom', 'Shuckle']",40,17,21
gen2nu-1092489743,[Gen 2] NU,2020-04-07 12:05:53,,skullbash30877,kinesis5951,skullbash30877,False,"['Flareon', 'Xatu', 'Octillery', 'Wigglytuff', 'Weezing', 'Graveler']","['Rapidash', 'Arbok', 'Dewgong', 'Beedrill', 'Fearow', 'Shuckle']",39,17,19
gen2nu-1161459514,[Gen 2] NU,2020-08-01 14:39:30,,venusaur27555,watergun59811,watergun59811,True,"['Venomoth', 'Sudowoodo', 'Hitmontop', 'Stantler', 'Dewgong']","['Kingler', 'Magcargo', 'Exeggcute', 'Wigglytuff', 'Weezing', 'Chinchou']",31,9,9
gen2nu-1130969960,[Gen 2] NU,2020-06-11 19:07:50,,watergun59811,poliwag79956,poliwag79956,False,"['Machoke', 'Xatu', 'Dragonair', 'Parasect', 'Magmar', 'Fearow']","['Rapidash', 'Xatu', 'Wigglytuff', 'Arbok', 'Dewgong']",33,11,7
smogtours-gen2nu-533121,[Gen 2] NU,2020-12-20 19:10:14,,turtwig42732,farfetchd68284,turtwig42732,False,"['Kingler', 'Xatu', 'Octillery', 'Dugtrio', 'Gloom', 'Magmar']","['Kingler', 'Pineco', 'Flareon', 'Hitmonlee', 'Magnemite', 'Fearow']",37,11,15
smogtours-gen2nu-410806,[Gen 2] NU,2018-11-23 17:59:24,,rockblast30807,blastburn84594,blastburn84594,False,"['Xatu', 'Weezing', 'Graveler', 'Lickitung', 'Feraligatr', 'Raichu']","['Pineco', 'Cubone', 'Octillery', 'Lickitung', 'Raichu', 'Fearow']",36,14,14
smogtours-gen2nu-511334,[Gen 2] NU,2020-07-17 22:31:51,,mantyke6294,amnesia25800,mantyke6294,True,"['Ninetales', 'Sudowoodo', 'Pineco', 'Exeggcute', 'Chinchou']","['Ledian', 'Flareon', 'Xatu', 'Octillery', 'Tangela', 'Magmar']",39,12,16
gen2nu-1169535910,[Gen 2] NU,2020-08-15 21:34:58,,withdraw35047,sharpedo31502,withdraw35047,False,"['Ninetales', 'Pineco', 'Wigglytuff', 'Weezing', 'Dugtrio']","['Pidgeot', 'Sudowoodo', 'Flareon', 'Xatu', 'Wigglytuff', 'Weezing']",36,8,12
smogtours-gen2nu-442816,[Gen 2] NU,2019-05-22 23:19:04,,sonicboom26327,arceuswater57688,arceuswater57688,False,"['Kingler', 'Sudowoodo', 'Exeggcute', 'Poliwrath', 'Dugtrio', 'Raichu']","['Pineco', 'Wigglytuff', 'Poliwrath', 'Dugtrio', 'Raichu', 'Shuckle']",191,56,60
smogtours-gen2nu-822694,[Gen 2] NU,2025-03-01 23:28:43,,powerlens28906,astonish32045,powerlens28906,False,"['Rapidash', 'Pineco', 'Xatu', 'Octillery', 'Stantler', 'Primeape']","['Ninetales', 'Bayleef', 'Hitmontop', 'Weezing', 'Dewgong', 'Shuckle']",97,35,36
smogtours-gen2nu-733724,[Gen 2] NU,2023-12-03 20:38:43,,aircutter24151,willowisp64187,aircutter24151,False,"['Porygon', 'Pineco', 'Xatu', 'Octillery', 'Weezing', 'Stantler']","['Xatu', 'Weezing', 'Stantler', 'Chinchou', 'Magnemite', 'Primeape']",51,15,18
smogtours-gen2nu-598610,[Gen 2] NU,2021-12-19 20:21:36,,frenzyplant67575,lick25189,frenzyplant67575,False,"['Kingler', 'Xatu', 'Wigglytuff', 'Weezing', 'Stantler', 'Hitmonlee']","['Xatu', 'Azumarill', 'Seaking', 'Dugtrio', 'Magnemite', 'Tangela']",52,15,22
gen2nu-1158591087,[Gen 2] NU,2020-07-27 16:27:56,,xscissor99781,oddincense6510,oddincense6510,False,"['Rapidash', 'Xatu', 'Weezing', 'Lickitung', 'Chinchou', 'Primeape']","['Rapidash', 'Pineco', 'Murkrow', 'Persian', 'Primeape', 'Gastly']",26,10,7
smogtours-gen2nu-712696,[Gen 2] NU,2023-08-27 20:20:41,,butterfree38678,shuckle12503,shuckle12503,False,"['Ninetales', 'Xatu', 'Octillery', 'Dugtrio', 'Gloom', 'Persian']","['Xatu', 'Octillery', 'Weezing', 'Stantler', 'Pupitar', 'Ledian']",55,12,19
gen2nu-2258310329,[Gen 2] NU,2024-12-07 03:50:31,,chopleberry38027,umbreon6699,chopleberry38027,True,"['Pineco', 'Xatu', 'Octillery', 'Wigglytuff', 'Chinchou', 'Magnemite']","['Porygon', 'Pineco', 'Flareon', 'Weezing', 'Dewgong', 'Primeape']",46,17,16
smogtours-gen2nu-817136,[Gen 2] NU,2025-02-01 12:55:24,,tangledfeet30693,powerlens28906,powerlens28906,True,"['Porygon', 'Pineco', 'Octillery', 'Wigglytuff', 'Weezing', 'Primeape']","['Pidgeot', 'Ninetales', 'Hitmontop', 'Omanyte', 'Gloom', 'Magmar']",272,99,119
gen2nu-1041165070,[Gen 2] NU,2020-01-05 05:42:59,1132,ironfist29922,raindish97917,ironfist29922,True,"['Sudowoodo', 'Rapidash', 'Xatu', 'Wigglytuff', 'Dewgong', 'Gloom']","['Flareon', 'Xatu', 'Octillery', 'Wigglytuff', 'Weezing', 'Graveler']",68,18,15
gen2nu-2019173183,[Gen 2] NU,2023-12-24 20:34:40,,venusaur88702,sentret78377,sentret78377,True,"['Flareon', 'Xatu', 'Wigglytuff', 'Weezing', 'Stantler', 'Dewgong']","['Kingler', 'Pineco', 'Xatu', 'Stantler', 'Fearow']",19,8,5
smogtours-gen2nu-742558,[Gen 2] NU,2024-01-28 02:05:19,,articuno75579,innerfocus97582,innerfocus97582,True,"['Vileplume', 'Porygon', 'Flareon', 'Graveler', 'Primeape']","['Vileplume', 'Ninetales', 'Wigglytuff', 'Stantler', 'Delibird']",24,8,7
smogtours-gen2nu-531022,[Gen 2] NU,2020-12-06 20:22:23,,altaria32948,watergun59811,watergun59811,False,"['Bayleef', 'Wigglytuff', 'Graveler', 'Mantine', 'Lickitung', 'Shuckle']","[""Farfetch'D"", 'Rapidash', 'Cubone', 'Stantler', 'Ariados', 'Ledian']",49,20,10
smogtours-gen2nu-817570,[Gen 2] NU,2025-02-02 15:39:05,,quagsire94479,rock51085,rock51085,False,"['Xatu', 'Octillery', 'Weezing', 'Persian', 'Pupitar', 'Delibird']","['Wigglytuff', 'Weezing', 'Graveler', 'Stantler', 'Persian']",65,19,12
gen2nu-1040881143,[Gen 2] NU,2020-01-04 18:44:43,1047,ironfist29922,jumpluff89905,ironfist29922,False,"['Ninetales', 'Porygon', 'Sudowoodo', 'Xatu', 'Wigglytuff', 'Tangela']","['Flareon', 'Xatu', 'Weezing', 'Dugtrio', 'Hitmonlee', 'Corsola']",47,14,19
gen2nu-1096718024,[Gen 2] NU,2020-04-14 20:40:29,,aguavberry30217,luxuryball7486,luxuryball7486,True,"[""Farfetch'D"", 'Butterfree', 'Flareon', 'Xatu', 'Dewgong', 'Beedrill']","['Ninetales', 'Azumarill', 'Weezing', 'Delibird', 'Shuckle']",31,7,6
gen2nu-1159072024,[Gen 2] NU,2020-07-28 11:38:57,,xscissor99781,intimidate46047,xscissor99781,True,"['Rapidash', 'Xatu', 'Weezing', 'Chinchou', 'Primeape']","['Dunsparce', 'Houndour', 'Wigglytuff', 'Weezing', 'Stantler']",18,6,6
smogtours-gen2nu-805550,[Gen 2] NU,2024-11-09 20:42:25,,aircutter24151,tangledfeet30693,aircutter24151,False,"['Kingler', 'Wigglytuff', 'Graveler', 'Stantler', 'Dewgong', 'Gloom']","['Porygon', 'Octillery', 'Weezing', 'Graveler', 'Magnemite', 'Primeape']",134,61,68
gen2nu-2008425072,[Gen 2] NU,2023-12-10 02:33:10,,hornattack31442,kangaskhanmega4620,hornattack31442,True,"['Magby', 'Staryu', 'Porygon', 'Smoochum', 'Diglett']",['Pineco'],5,5,0
gen2nu-1112980042,[Gen 2] NU,2020-05-11 23:03:48,,amnesia25800,weedle59449,weedle59449,False,"['Pineco', 'Xatu', 'Flareon', 'Weezing', 'Chinchou', 'Magnemite']","['Tangela', 'Stantler', 'Houndour', 'Magmar']",22,10,3
smogtours-gen2nu-683495,[Gen 2] NU,2023-03-26 22:17:26,,firestone64684,rotomfan35023,firestone64684,True,"['Magby', 'Onix', 'Tentacool', 'Weepinbell', 'Croconaw', 'Diglett']","['Togetic', 'Magby', 'Grimer', 'Onix', 'Croconaw', 'Koffing']",50,17,17
gen2nu-1084895552,[Gen 2] NU,2020-03-25 03:37:56,,cyndaquil44025,ddenpowerfire83034,cyndaquil44025,True,"['Kingler', 'Dunsparce', 'Xatu', 'Lickitung', 'Magnemite']","['Flareon', 'Weezing', 'Dewgong', 'Magnemite', 'Tangela', 'Abra']",29,5,9
gen2nu-877910695,[Gen 2] NU,2019-03-18 03:43:18,,fullincense52281,gluttony60852,fullincense52281,False,"['Sudowoodo', 'Exeggcute', 'Poliwrath', 'Dugtrio', 'Raichu']","['Golduck', 'Sunflora', 'Sudowoodo', 'Octillery', 'Wigglytuff', 'Raichu']",37,12,12
gen2nu-1033982111,[Gen 2] NU,2019-12-22 21:19:30,,clefable74034,arceussteel79571,clefable74034,False,"['Ninetales', 'Pineco', 'Exeggcute', 'Weezing', 'Dugtrio', 'Gastly']","['Ninetales', 'Azumarill', 'Graveler', 'Weezing', 'Primeape', 'Delibird']",24,9,10
gen2nu-1124800178,[Gen 2] NU,2020-06-01 12:29:11,,trick33871,watergun59811,trick33871,False,"['Dunsparce', 'Xatu', 'Azumarill', 'Dewgong', 'Chinchou', 'Ariados']","['Venomoth', 'Flareon', 'Bayleef', 'Wigglytuff', 'Azumarill', 'Dugtrio']",125,27,24
gen2nu-1148851491,[Gen 2] NU,2020-07-10 20:50:10,,delcatty31981,watergun59811,delcatty31981,False,"['Rapidash', 'Pineco', 'Xatu', 'Bayleef', 'Sudowoodo', 'Octillery']","['Ninetales', 'Sudowoodo', 'Bayleef', 'Hitmontop', 'Wartortle', 'Golbat']",77,15,17
gen2nu-2035220876,[Gen 2] NU,2024-01-15 00:02:03,,ninjask54826,gardevoir41806,ninjask54826,False,"['Voltorb', 'Sunflora', 'Magcargo', 'Mantine', 'Sneasel']","['Cubone', 'Mantine', 'Elekid', 'Furret', 'Tangela', 'Delibird']",25,8,9
gen2nu-1135207204,[Gen 2] NU,2020-06-19 02:43:44,,focusband1232,amnesia25800,amnesia25800,False,"['Dunsparce', 'Pineco', 'Azumarill', 'Weezing', 'Ariados', 'Shuckle']","['Flareon', 'Xatu', 'Octillery', 'Magmar', 'Tangela', 'Ledian']",57,24,17
gen2nu-899215746,[Gen 2] NU,2019-04-26 03:15:29,,treecko99493,kebiaberry47204,kebiaberry47204,False,"['Pineco', 'Cubone', 'Houndour', 'Seel', 'Elekid', 'Aipom']","['Diglett', 'Exeggcute', 'Magby', 'Chinchou']",22,6,3
smogtours-gen2nu-568680,[Gen 2] NU,2021-06-30 01:47:00,,turtwig42732,rock51085,rock51085,False,"['Ninetales', 'Pineco', 'Xatu', 'Wigglytuff', 'Azumarill', 'Weezing']","['Rapidash', 'Xatu', 'Wigglytuff', 'Weezing', 'Dewgong', 'Dugtrio']",97,36,34
gen2nu-1102757662,[Gen 2] NU,2020-04-24 20:27:34,,acupressure5238,kelpsyberry27938,kelpsyberry27938,True,"['Mantine', 'Lickitung', 'Dugtrio', 'Tangela', 'Delibird', 'Shuckle']","['Pineco', 'Lickitung', 'Croconaw', 'Gloom', 'Gastly']",66,20,25
gen2nu-1027286055,[Gen 2] NU,2019-12-10 21:24:46,,starfberry84995,tailwhip2839,starfberry84995,False,"['Flareon', 'Xatu', 'Octillery', 'Weezing', 'Graveler']","['Flareon', 'Xatu', 'Octillery', 'Wigglytuff', 'Weezing', 'Graveler']",32,14,13
gen2nu-2335641299,[Gen 2] NU,2025-04-05 01:30:42,,metalsound31619,twineedle11989,metalsound31619,True,"['Rapidash', 'Exeggcute', 'Dewgong', 'Chinchou', 'Hitmonlee']","['Kingler', 'Flareon', 'Xatu', 'Octillery', 'Dragonair', 'Dugtrio']",90,11,13
gen2nu-1158083692,[Gen 2] NU,2020-07-26 18:13:21,,taunt57729,slakoth53488,slakoth53488,False,"['Kingler', 'Dunsparce', 'Xatu', 'Octillery', 'Lickitung', 'Magnemite']","['Flareon', 'Xatu', 'Octillery', 'Dragonair', 'Dewgong', 'Magnemite']",41,15,12
gen2nu-1162188717,[Gen 2] NU,2020-08-02 22:08:21,,poisonjab86241,mudkip14197,mudkip14197,False,"['Pidgeot', 'Dunsparce', 'Houndour', 'Wigglytuff', 'Weezing', 'Stantler']","['Kingler', 'Flareon', 'Wigglytuff', 'Weezing', 'Stantler', 'Magmar']",45,13,10
smogtours-gen2nu-442320,[Gen 2] NU,2019-05-19 16:19:56,,dig95510,lavaplume47096,lavaplume47096,False,"['Noctowl', 'Xatu', 'Wigglytuff', 'Graveler', 'Poliwrath', 'Raichu']","['Raichu', 'Graveler', 'Pineco', 'Xatu']",71,35,27
gen2nu-2116674762,[Gen 2] NU,2024-05-03 01:58:42,,mawile86179,chopleberry38027,mawile86179,False,"['Pineco', 'Xatu', 'Weezing', 'Dewgong', 'Chinchou', 'Primeape']","['Pineco', 'Xatu', 'Octillery', 'Weezing', 'Graveler', 'Primeape']",34,13,11
smogtours-gen2nu-725775,[Gen 2] NU,2023-10-22 21:06:15,,watmelberry24903,pickup28423,watmelberry24903,True,"['Xatu', 'Octillery', 'Weezing', 'Graveler', 'Primeape', 'Delibird']","['Xatu', 'Wigglytuff', 'Dewgong', 'Gloom', 'Primeape']",28,12,9
smogtours-gen2nu-511340,[Gen 2] NU,2020-07-17 22:43:13,,amnesia25800,mantyke6294,mantyke6294,False,"['Pineco', 'Xatu', 'Flareon', 'Weezing', 'Chinchou', 'Magnemite']","['Rapidash', 'Xatu', 'Omanyte', 'Weezing', 'Dugtrio', 'Hitmonlee']",49,17,14
gen2nu-1172117177,[Gen 2] NU,2020-08-20 11:51:32,,sharpedo31502,trick33871,trick33871,False,"['Pineco', 'Xatu', 'Exeggcute', 'Weezing', 'Chinchou', 'Magmar']","['Ninetales', 'Magcargo', 'Xatu', 'Octillery', 'Weezing', 'Parasect']",31,17,13
smogtours-gen2nu-813643,[Gen 2] NU,2025-01-11 04:35:29,,qwilfish22299,magnetpull75337,qwilfish22299,False,"['Pineco', 'Xatu', 'Octillery', 'Weezing', 'Graveler', 'Stantler']","['Ninetales', 'Hitmontop', 'Graveler', 'Stantler', 'Dewgong', 'Gloom']",86,42,42
smogtours-gen2nu-496607,[Gen 2] NU,2020-04-29 23:26:59,,swinub46701,trick33871,trick33871,False,"['Sudowoodo', 'Pineco', 'Xatu', 'Stantler', 'Dewgong', 'Magnemite']","['Rapidash', 'Pineco', 'Sneasel', 'Seaking', 'Chinchou']",49,16,14
gen2nu-1080823598,[Gen 2] NU,2020-03-17 22:40:55,,poliwag79956,mindplate76031,mindplate76031,False,"['Xatu', 'Weezing', 'Stantler', 'Dewgong', 'Tangela', 'Magmar']","['Flareon', 'Xatu', 'Octillery', 'Wigglytuff', 'Weezing', 'Graveler']",43,10,8
gen2nu-1124334870,[Gen 2] NU,2020-05-31 14:18:27,,delcatty31981,watergun59811,watergun59811,False,"['Ninetales', 'Bayleef', 'Xatu', 'Hitmontop', 'Furret', 'Beedrill']","['Dewgong', 'Rapidash', 'Pineco', 'Weezing']",27,11,6
gen2nu-1088947153,[Gen 2] NU,2020-04-01 05:11:56,,wish33461,energypowder37061,energypowder37061,False,"['Pineco', 'Flareon', 'Xatu', 'Octillery', 'Graveler', 'Magnemite']","['Xatu', 'Octillery', 'Azumarill', 'Dugtrio', 'Persian', 'Parasect']",21,5,5
gen2nu-833793086,[Gen 2] NU,2018-11-11 08:00:33,,delcatty31981,nknownability24024,nknownability24024,False,"[""Farfetch'D"", 'Ninetales', 'Xatu', 'Hitmonchan', 'Arbok', 'Feraligatr']","['Rapidash', 'Pineco', 'Octillery', 'Dugtrio', 'Raichu']",33,7,5
smogtours-gen2nu-447441,[Gen 2] NU,2019-06-15 01:11:23,,trick33871,poisonsting13812,trick33871,False,"['Dunsparce', 'Pineco', 'Dragonair', 'Poliwrath', 'Lickitung', 'Raichu']","['Pineco', 'Wigglytuff', 'Poliwrath', 'Dugtrio', 'Raichu', 'Shuckle']",43,9,18
smogtours-gen2nu-568922,[Gen 2] NU,2021-07-02 23:24:08,,watergun59811,stoneplate32738,watergun59811,True,"['Xatu', 'Octillery', 'Houndour', 'Lickitung', 'Dugtrio']","['Rapidash', 'Sudowoodo', 'Xatu', 'Octillery', 'Primeape']",36,13,15
gen2nu-2040161368,[Gen 2] NU,2024-01-21 02:34:07,,regigigas73727,delcatty31981,delcatty31981,False,"['Chikorita', 'Porygon', 'Poliwag', 'Houndour', 'Elekid', 'Magnemite']","['Voltorb', 'Staryu', 'Porygon', 'Pineco', 'Cubone', 'Chinchou']",35,12,13
gen2nu-1132035572,[Gen 2] NU,2020-06-13 16:27:42,,quilava99512,metronome73231,metronome73231,True,"['Sudowoodo', 'Pineco', 'Xatu', 'Wigglytuff', 'Weezing', 'Murkrow']","['Kingler', 'Xatu', 'Octillery', 'Lickitung', 'Magnemite']",20,7,6
gen2nu-1096717886,[Gen 2] NU,2020-04-14 20:36:55,,meowth96732,soundproof93578,soundproof93578,False,"['Rapidash', 'Pineco', 'Xatu', 'Exeggcute', 'Corsola', 'Magmar']","['Flareon', 'Xatu', 'Octillery', 'Wigglytuff', 'Weezing', 'Graveler']",26,10,6
smogtours-gen2nu-675152,[Gen 2] NU,2023-02-14 18:55:10,,innerfocus97582,lick25189,innerfocus97582,False,"['Togetic', 'Magby', 'Onix', 'Croconaw', 'Koffing', 'Yanma']","['Togetic', 'Doduo', 'Bayleef', 'Onix', 'Croconaw', 'Tentacool']",98,22,20
smogtours-gen2nu-599744,[Gen 2] NU,2021-12-31 03:57:09,,magmastorm83132,spikecannon97564,spikecannon97564,False,"['Ninetales', 'Pineco', 'Octillery', 'Weezing', 'Dewgong', 'Magnemite']","['Pineco', 'Xatu', 'Flareon', 'Weezing', 'Graveler', 'Chinchou']",53,16,16
smogtours-gen2nu-819788,[Gen 2] NU,2025-02-14 20:22:22,,quagsire94479,powerlens28906,quagsire94479,False,"['Pidgeot', 'Porygon', 'Xatu', 'Rhyhorn', 'Octillery', 'Weezing']","['Rapidash', 'Pineco', 'Xatu', 'Octillery', 'Persian', 'Primeape']",80,31,35
smogtours-gen2nu-719169,[Gen 2] NU,2023-09-24 19:39:46,,zoomlens36961,astonish32045,astonish32045,True,"['Seadra', 'Venomoth', 'Hitmontop', 'Elekid', 'Murkrow', 'Abra']","['Venomoth', 'Drowzee', 'Magcargo', 'Seaking']",31,7,7
gen2nu-878262603,[Gen 2] NU,2019-03-18 21:03:14,,ursaring45910,zenheadbutt21681,ursaring45910,True,"['Cyndaquil', 'Doduo', 'Pineco', 'Onix', 'Elekid', 'Tentacool']","['Houndour', 'Totodile', 'Elekid', 'Tentacool', 'Bulbasaur', 'Abra']",27,9,10
smogtours-gen2nu-533689,[Gen 2] NU,2020-12-22 19:34:32,,watergun59811,arceuswater57688,arceuswater57688,False,"['Xatu', 'Hitmonchan', 'Dugtrio', 'Persian', 'Magnemite', 'Fearow']","['Kingler', 'Flareon', 'Pineco', 'Xatu', 'Wigglytuff', 'Magmar']",54,15,20
smogtours-gen2nu-676160,[Gen 2] NU,2023-02-19 18:09:23,,innerfocus97582,belueberry81130,innerfocus97582,False,"['Magby', 'Grimer', 'Onix', 'Seel', 'Croconaw', 'Koffing']","['Togetic', 'Magby', 'Bayleef', 'Smoochum', 'Dratini', 'Croconaw']",34,14,16
gen2nu-1159973049,[Gen 2] NU,2020-07-29 22:09:58,,ironhead81816,present58217,ironhead81816,False,"['Tangela', 'Octillery', 'Machoke', 'Hitmonlee']","['Cubone', 'Graveler', 'Dugtrio', 'Swinub', 'Wooper', 'Pupitar']",15,4,5
gen2nu-1151152889,[Gen 2] NU,2020-07-14 19:20:31,,lifeorb26007,azelf79981,azelf79981,True,"['Pineco', 'Flareon', 'Xatu', 'Octillery', 'Graveler', 'Magnemite']","['Sudowoodo', 'Xatu', 'Mantine', 'Dugtrio', 'Tangela']",33,11,13
gen2nu-1036914669,[Gen 2] NU,2019-12-28 06:04:44,,stealthrock23092,delcatty31981,delcatty31981,True,"['Sudowoodo', 'Hitmonchan', 'Murkrow', 'Lickitung', 'Dugtrio', 'Ariados']","['Pineco', 'Mantine', 'Lickitung', 'Dugtrio', 'Parasect', 'Tangela']",22,11,6
smogtours-gen2nu-493559,[Gen 2] NU,2020-04-22 22:17:01,,twistedspoon78974,swinub46701,twistedspoon78974,False,"['Pineco', 'Xatu', 'Flareon', 'Weezing', 'Dewgong', 'Chinchou']","['Sudowoodo', 'Xatu', 'Lickitung', 'Dewgong', 'Chinchou', 'Primeape']",37,13,10
gen2nu-1170970171,[Gen 2] NU,2020-08-18 13:01:22,,sunnyday92776,trick33871,trick33871,False,"['Rapidash', 'Sudowoodo', 'Octillery', 'Weezing', 'Dugtrio', 'Primeape']","['Sudowoodo', 'Xatu', 'Houndour', 'Hitmonlee', 'Chinchou', 'Tentacool']",44,13,15
gen2nu-1043854527,[Gen 2] NU,2020-01-10 08:06:56,1199,ironfist29922,cloudnine57902,cloudnine57902,True,"['Rapidash', 'Sudowoodo', 'Xatu', 'Wigglytuff', 'Dewgong', 'Gloom']","['Rapidash', 'Pineco', 'Xatu', 'Exeggcute', 'Corsola', 'Magmar']",65,32,27
smogtours-gen2nu-817160,[Gen 2] NU,2025-02-01 15:24:42,,punishment8952,bibarel19063,bibarel19063,False,"['Porygon', 'Octillery', 'Wigglytuff', 'Weezing', 'Graveler', 'Fearow']","['Rapidash', 'Pineco', 'Xatu', 'Octillery', 'Persian', 'Primeape']",40,16,18
smogtours-gen2nu-749854,[Gen 2] NU,2024-02-25 17:44:16,,venusaur88702,articuno75579,articuno75579,True,"['Porygon', 'Pineco', 'Flareon', 'Weezing', 'Stantler', 'Dewgong']","['Kingler', 'Pidgeot', 'Flareon', 'Weezing', 'Dewgong', 'Primeape']",26,11,10
gen2nu-2310527373,[Gen 2] NU,2025-03-01 21:46:04,,leafguard83390,futuresight13270,leafguard83390,False,"['Porygon', 'Pineco', 'Xatu', 'Octillery', 'Weezing', 'Stantler']","['Kingler', 'Sudowoodo', 'Xatu', 'Octillery', 'Stantler', 'Hitmonlee']",36,9,12
gen2nu-1169524053,[Gen 2] NU,2020-08-15 21:05:15,,withdraw35047,watergun59811,watergun59811,False,"['Sudowoodo', 'Rapidash', 'Xatu', 'Weezing', 'Chinchou', 'Primeape']","['Venomoth', 'Xatu', 'Dragonair', 'Poliwhirl', 'Lickitung', 'Ledian']",27,8,6
gen2nu-2285728172,[Gen 2] NU,2025-01-22 03:15:58,,mintberry37268,habanberry34945,mintberry37268,False,"['Porygon', 'Pineco', 'Xatu', 'Octillery', 'Weezing', 'Dugtrio']","['Rapidash', 'Pineco', 'Porygon', 'Gloom', 'Pupitar', 'Primeape']",45,16,15
smogtours-gen2nu-670207,[Gen 2] NU,2023-01-22 19:06:49,,latias62316,blizzard81233,blizzard81233,False,"['Magby', 'Bayleef', 'Smoochum', 'Nidorino', 'Croconaw', 'Koffing']","['Togetic', 'Magby', 'Bayleef', 'Smoochum', 'Croconaw', 'Koffing']",115,20,21
smogtours-gen2nu-830144,[Gen 2] NU,2025-04-05 14:27:06,,articuno75579,aircutter24151,articuno75579,True,"['Pineco', 'Xatu', 'Octillery', 'Weezing', 'Persian', 'Pupitar']","['Sudowoodo', 'Pineco', 'Flareon', 'Xatu', 'Octillery', 'Primeape']",35,7,6
smogtours-gen2nu-531711,[Gen 2] NU,2020-12-12 17:44:00,,watergun59811,ledian89996,watergun59811,False,"['Xatu', 'Octillery', 'Dugtrio', 'Chinchou', 'Fearow']","['Xatu', 'Houndour', 'Azumarill', 'Stantler', 'Dugtrio', 'Hitmonlee']",40,16,16
gen2nu-1103074120,[Gen 2] NU,2020-04-25 14:03:16,,ironplate91202,watergun59811,watergun59811,False,"['Kingler', 'Rapidash', 'Pineco', 'Xatu', 'Weezing', 'Hitmonchan']","['Rapidash', 'Wigglytuff', 'Dragonair', 'Weezing', 'Dewgong', 'Fearow']",35,16,11
smogtours-gen2nu-717548,[Gen 2] NU,2023-09-18 15:17:31,,buneary57593,screech4752,buneary57593,True,"['Ninetales', 'Dunsparce', 'Xatu', 'Octillery', 'Graveler', 'Gloom']","['Weezing', 'Graveler', 'Stantler', 'Dewgong', 'Chinchou', 'Fearow']",136,36,31
smogtours-gen2nu-406602,[Gen 2] NU,2018-12-01 22:26:37,,avalanche55702,sitrusberry77995,sitrusberry77995,False,"['Pidgeot', 'Pineco', 'Wigglytuff', 'Hitmonlee', 'Raichu', 'Primeape']","['Golduck', 'Hitmonlee', 'Raichu', 'Primeape', 'Magmar', 'Fearow']",48,16,12
gen2nu-1129589560,[Gen 2] NU,2020-06-09 10:23:32,,watergun59811,trick33871,watergun59811,False,"['Rapidash', 'Xatu', 'Weezing', 'Chinchou', 'Primeape']","['Kingler', 'Pineco', 'Xatu', 'Chinchou', 'Magnemite', 'Magmar']",40,11,17
smogtours-gen2nu-716914,[Gen 2] NU,2023-09-17 12:56:58,,watmelberry24903,buneary57593,buneary57593,False,"['Pineco', 'Octillery', 'Stantler', 'Chinchou', 'Persian', 'Fearow']","['Porygon', 'Pineco', 'Weezing', 'Graveler', 'Dewgong', 'Tangela']",55,18,22
gen2nu-1146709626,[Gen 2] NU,2020-07-07 12:23:38,,trick33871,feebas82106,trick33871,False,"['Ninetales', 'Snubbull', 'Hitmonchan', 'Arbok', 'Wartortle', 'Shuckle']","['Kingler', 'Butterfree', 'Dugtrio', 'Hitmonlee', 'Magmar', 'Gastly']",61,23,20
gen2nu-823602034,[Gen 2] NU,2018-11-20 18:15:46,,mindplate17151,heatwave93550,heatwave93550,True,"['Rapidash', 'Dugtrio', 'Feraligatr', 'Raichu', 'Gastly']","['Raichu', 'Pidgeot', 'Shuckle', 'Hitmonlee']",29,11,8
gen2nu-1147140598,[Gen 2] NU,2020-07-08 02:14:24,,stormdrain66432,weedle59449,weedle59449,False,"['Pidgeot', 'Wigglytuff', 'Azumarill', 'Dewgong', 'Dugtrio', 'Tangela']","['Noctowl', 'Sudowoodo', 'Weezing', 'Chinchou', 'Slowpoke', 'Primeape']",61,18,17
smogtours-gen2nu-530995,[Gen 2] NU,2020-12-06 18:48:44,,sharpedo31502,watergun59811,watergun59811,False,"['Pidgeot', 'Xatu', 'Wartortle', 'Gloom', 'Pupitar', 'Magnemite']","['Kingler', 'Xatu', 'Dugtrio', 'Gloom', 'Magmar']",38,15,8
gen2nu-1147140318,[Gen 2] NU,2020-07-08 02:01:00,,mysteryberry47942,regigigas73727,regigigas73727,False,"['Machop', 'Aipom', 'Beedrill', 'Dunsparce']","['Kingler', 'Wigglytuff', 'Weezing', 'Stantler', 'Magmar']",16,5,4
smogtours-gen2nu-760270,[Gen 2] NU,2024-04-11 19:10:50,,regigigas73727,hornattack31442,regigigas73727,True,"['Ponyta', 'Snubbull', 'Cubone', 'Elekid', 'Chinchou', 'Abra']","['Ponyta', 'Staryu', 'Porygon', 'Exeggcute', 'Elekid', 'Abra']",25,9,9
gen2nu-1123694511,[Gen 2] NU,2020-05-30 07:03:52,,delcatty31981,trick33871,trick33871,False,"['Ninetales', 'Bayleef', 'Xatu', 'Hitmontop', 'Furret', 'Beedrill']","['Rapidash', 'Pineco', 'Onix', 'Exeggcute', 'Weezing', 'Chinchou']",45,11,13
smogtours-gen2nu-663045,[Gen 2] NU,2022-11-27 22:01:53,,watmelberry24903,spiritomb2144,watmelberry24903,False,"['Pineco', 'Octillery', 'Stantler', 'Chinchou', 'Persian', 'Fearow']","['Flareon', 'Xatu', 'Exeggcute', 'Wigglytuff', 'Dragonair', 'Dewgong']",38,13,11
smogtours-gen2nu-811573,[Gen 2] NU,2024-12-23 20:00:37,,riolu39836,doubleteam62013,riolu39836,True,"['Pineco', 'Xatu', 'Octillery', 'Stantler', 'Dugtrio']","['Porygon', 'Wigglytuff', 'Graveler', 'Dewgong', 'Gloom']",26,7,9
gen2nu-1158585619,[Gen 2] NU,2020-07-27 16:23:15,,slakoth53488,deoxysattack76542,deoxysattack76542,True,"['Flareon', 'Octillery', 'Dragonair', 'Dewgong', 'Magnemite']","['Magnemite', 'Dewgong', 'Octillery', 'Dragonair']",37,12,6
smogtours-gen2nu-444898,[Gen 2] NU,2019-06-02 18:14:29,,arceuswater57688,swinub46701,swinub46701,True,"['Golduck', 'Rapidash', 'Flareon', 'Persian', 'Ariados']","['Pineco', 'Exeggcute', 'Wigglytuff', 'Poliwrath', 'Raichu', 'Shuckle']",52,4,14
gen2nu-897698332,[Gen 2] NU,2019-04-23 12:30:29,,poisongas8357,sweetscent3994,sweetscent3994,True,"['Pidgeot', 'Rapidash', 'Pineco', 'Poliwrath', 'Raichu']","['Rapidash', 'Pineco', 'Xatu', 'Poliwrath', 'Dugtrio', 'Fearow']",30,14,13
smogtours-gen2nu-439498,[Gen 2] NU,2019-05-04 15:14:52,,mentalherb28142,trick33871,trick33871,True,"['Golduck', 'Pidgeot', 'Pineco', 'Dugtrio', 'Raichu', 'Gastly']","['Bayleef', 'Xatu', 'Poliwrath', 'Graveler', 'Raichu']",96,31,33
gen2nu-2303362575,[Gen 2] NU,2025-02-18 21:28:07,,machop37934,upgrade25774,machop37934,False,"['Kingler', 'Magmar', 'Fearow', 'Hitmonlee']","['Kingler', 'Porygon', 'Pineco', 'Weezing', 'Graveler', 'Primeape']",19,5,9
smogtours-gen2nu-724155,[Gen 2] NU,2023-10-15 19:55:03,,suicune87392,stench25210,stench25210,False,"['Dunsparce', 'Xatu', 'Octillery', 'Graveler', 'Gloom', 'Magmar']","['Flareon', 'Xatu', 'Wigglytuff', 'Weezing', 'Stantler', 'Dewgong']",40,9,9
smogtours-gen2nu-831887,[Gen 2] NU,2025-04-09 19:21:54,,stoneplate55960,effectspore19836,stoneplate55960,False,"['Pineco', 'Xatu', 'Weezing', 'Dewgong', 'Persian', 'Primeape']","['Rapidash', 'Sudowoodo', 'Pineco', 'Xatu', 'Octillery', 'Persian']",48,11,14
gen2nu-1133996428,[Gen 2] NU,2020-06-17 02:20:26,,gastrodoneast315,icyrock5195,gastrodoneast315,False,"['Ariados', 'Lickitung']","['Flareon', 'Azumarill', 'Hitmonchan', 'Stantler', 'Hitmonlee', 'Ariados']",15,1,5
gen2nu-2019168856,[Gen 2] NU,2023-12-24 20:27:50,,venusaur88702,sentret78377,venusaur88702,False,"['Pineco', 'Xatu', 'Weezing', 'Stantler', 'Dewgong', 'Persian']","['Kingler', 'Pineco', 'Xatu', 'Stantler', 'Primeape', 'Fearow']",31,9,10
gen2nu-836589310,[Gen 2] NU,2018-11-16 19:48:16,,chartiberry95074,rage81487,chartiberry95074,False,"['Sudowoodo', 'Pineco', 'Weezing', 'Feraligatr', 'Raichu', 'Fearow']","['Pineco', 'Weezing', 'Dugtrio', 'Feraligatr', 'Raichu', 'Primeape']",40,13,15
smogtours-gen2nu-689476,[Gen 2] NU,2023-04-24 23:59:41,,nuzleaf29867,koffing28618,nuzleaf29867,False,"['Voltorb', 'Furret', 'Hitmontop', 'Omanyte', 'Murkrow', 'Parasect']","['Seadra', 'Venomoth', 'Elekid', 'Murkrow', 'Furret', 'Tangela']",79,10,10
gen2nu-1056676062,[Gen 2] NU,2020-02-02 13:23:12,,submission75538,swellow69424,swellow69424,True,"['Seadra', 'Rapidash', 'Xatu', 'Weezing', 'Dugtrio', 'Tangela']","['Rapidash', 'Sudowoodo', 'Xatu', 'Wigglytuff', 'Dewgong', 'Gloom']",54,15,15
smogtours-gen2nu-829693,[Gen 2] NU,2025-04-04 13:23:37,,stoneplate55960,sunstone71283,sunstone71283,False,"['Pidgeot', 'Pineco', 'Octillery', 'Weezing', 'Stantler', 'Magnemite']","['Porygon', 'Octillery', 'Weezing', 'Graveler', 'Stantler', 'Primeape']",50,20,17
smogtours-gen2nu-440876,[Gen 2] NU,2019-05-11 16:15:14,,magmastorm83132,dig95510,magmastorm83132,False,"['Golduck', 'Pidgeot', 'Pineco', 'Dugtrio', 'Raichu', 'Magmar']","['Rapidash', 'Flareon', 'Pineco', 'Xatu', 'Dugtrio', 'Raichu']",34,13,18
gen2nu-1152430027,[Gen 2] NU,2020-07-16 21:01:37,,rawstberry28879,watergun59811,watergun59811,False,"['Pidgeot', 'Dunsparce', 'Houndour', 'Wigglytuff', 'Weezing', 'Stantler']","['Ninetales', 'Sudowoodo', 'Pineco', 'Xatu', 'Exeggcute', 'Chinchou']",37,8,8
gen2nu-2242568253,[Gen 2] NU,2024-11-12 19:31:28,,umbreon6699,rattata41549,umbreon6699,True,"['Chinchou', 'Magmar', 'Pineco', 'Hitmonlee']","['Kingler', 'Sudowoodo', 'Porygon', 'Pineco', 'Dunsparce', 'Wigglytuff']",17,4,5
smogtours-gen2nu-604261,[Gen 2] NU,2022-01-22 20:23:00,,watmelberry24903,zoomlens36961,zoomlens36961,False,"['Kingler', 'Pineco', 'Xatu', 'Octillery', 'Houndour', 'Gloom']","['Chinchou', 'Wigglytuff', 'Porygon', 'Graveler']",38,7,3
smogtours-gen2nu-596271,[Gen 2] NU,2021-12-05 18:27:02,,rock51085,magmastorm83132,magmastorm83132,False,"['Kingler', 'Xatu', 'Stantler', 'Dugtrio', 'Magmar', 'Shuckle']","['Xatu', 'Octillery', 'Weezing', 'Stantler', 'Dugtrio', 'Gloom']",44,13,10
gen2nu-1056947712,[Gen 2] NU,2020-02-03 00:09:10,,curse86186,karatechop9047,karatechop9047,False,"['Venomoth', 'Sudowoodo', 'Rapidash', 'Octillery', 'Hitmonchan', 'Dugtrio']","['Xatu', 'Wigglytuff', 'Dragonair', 'Dewgong', 'Dugtrio', 'Magnemite']",42,14,14
smogtours-gen2nu-690765,[Gen 2] NU,2023-05-02 13:25:15,,buneary57593,magnetpull75337,buneary57593,False,"['Seadra', 'Sunflora', 'Rhyhorn', 'Hitmontop', 'Murkrow', 'Furret']","['Seadra', 'Sunflora', 'Magcargo', 'Elekid', 'Murkrow', 'Furret']",55,23,22
gen2nu-1175724854,[Gen 2] NU,2020-08-26 14:43:09,,watergun59811,sharpedo31502,watergun59811,False,"['Venomoth', 'Ninetales', 'Azumarill', 'Pupitar', 'Abra']","['Xatu', 'Wigglytuff', 'Weezing', 'Chinchou', 'Pupitar', 'Magmar']",35,13,15
smogtours-gen2nu-711006,[Gen 2] NU,2023-08-20 13:06:01,,spikecannon62450,hitmonchan30284,hitmonchan30284,False,"['Pineco', 'Xatu', 'Exeggcute', 'Octillery', 'Graveler', 'Primeape']","['Rapidash', 'Pineco', 'Xatu', 'Stantler', 'Dugtrio', 'Primeape']",34,8,7
smogtours-gen2nu-407802,[Gen 2] NU,2018-12-12 14:23:28,,copycat44078,magmastorm83132,magmastorm83132,True,"['Pineco', 'Xatu', 'Graveler', 'Feraligatr', 'Raichu', 'Gastly']","['Wigglytuff', 'Graveler', 'Arbok', 'Lickitung', 'Feraligatr', 'Raichu']",85,36,25
smogtours-gen2nu-689631,[Gen 2] NU,2023-04-27 06:12:02,,innerfocus97582,astonish32045,innerfocus97582,False,"['Seadra', 'Magcargo', 'Hitmontop', 'Elekid', 'Murkrow', 'Furret']","['Seadra', 'Cubone', 'Eevee', 'Elekid', 'Ariados', 'Furret']",35,12,7
gen2nu-836044856,[Gen 2] NU,2018-11-15 19:04:52,,larvitar96901,curse9658,larvitar96901,False,"['Cubone', 'Weezing', 'Poliwrath', 'Graveler', 'Gloom', 'Raichu']","['Pineco', 'Weezing', 'Hitmonlee', 'Feraligatr', 'Raichu', 'Tangela']",28,9,12
gen2nu-1122661973,[Gen 2] NU,2020-05-28 13:45:19,,watergun59811,amnesia25800,amnesia25800,False,"['Rapidash', 'Snubbull', 'Xatu', 'Dragonair', 'Hitmonchan', 'Lickitung']","['Octillery', 'Ledian', 'Flareon', 'Xatu']",22,7,4
smogtours-gen2nu-636513,[Gen 2] NU,2022-07-08 01:33:51,,stunspore96840,shadowclaw51134,shadowclaw51134,False,"['Kingler', 'Pineco', 'Xatu', 'Wigglytuff', 'Weezing', 'Dugtrio']","['Pineco', 'Xatu', 'Octillery', 'Dugtrio', 'Persian', 'Magmar']",30,9,6
smogtours-gen2nu-714770,[Gen 2] NU,2023-09-08 21:42:02,,futuresight13270,pickup28423,futuresight13270,True,"['Octillery', 'Sudowoodo', 'Xatu', 'Hitmonlee']","['Pineco', 'Xatu', 'Octillery', 'Stantler', 'Dugtrio']",44,6,8
smogtours-gen2nu-625448,[Gen 2] NU,2022-05-10 21:50:05,,rotom99808,marshtomp99135,marshtomp99135,False,"['Togetic', 'Grimer', 'Bayleef', 'Vulpix', 'Mareep', 'Croconaw']","['Togetic', 'Butterfree', 'Smoochum', 'Dratini', 'Croconaw', 'Koffing']",83,10,10
smogtours-gen2nu-654932,[Gen 2] NU,2022-10-15 14:37:47,,watmelberry24903,honeygather86735,watmelberry24903,False,"['Ninetales', 'Pineco', 'Xatu', 'Stantler', 'Dewgong', 'Magnemite']","['Pineco', 'Xatu', 'Octillery', 'Wigglytuff', 'Weezing', 'Dugtrio']",42,11,15
smogtours-gen2nu-498340,[Gen 2] NU,2020-05-04 14:36:35,,swinub46701,dragonrush34751,dragonrush34751,True,"['Dunsparce', 'Weezing', 'Azumarill', 'Lickitung', 'Chinchou', 'Primeape']","['Pineco', 'Flareon', 'Xatu', 'Octillery', 'Graveler', 'Magnemite']",31,9,15
gen2nu-1151339188,[Gen 2] NU,2020-07-15 01:24:11,,psyduck38308,nuzleaf44678,nuzleaf44678,True,"['Seadra', 'Porygon', 'Pineco', 'Drowzee', 'Gastly', 'Abra']","['Bayleef', 'Dragonair', 'Graveler', 'Clefairy', 'Drowzee', 'Abra']",67,18,12
smogtours-gen2nu-816064,[Gen 2] NU,2025-01-26 02:41:23,,goldberry53422,mist92913,mist92913,False,"['Rapidash', 'Sudowoodo', 'Pineco', 'Xatu', 'Octillery', 'Primeape']","['Porygon', 'Wigglytuff', 'Weezing', 'Graveler', 'Dewgong', 'Primeape']",78,33,26
gen2nu-832578895,[Gen 2] NU,2018-11-08 21:25:24,,lavaplume47096,delcatty85537,delcatty85537,True,"['Sudowoodo', 'Flareon', 'Xatu', 'Dewgong', 'Parasect', 'Raichu']","['Pineco', 'Weezing', 'Dugtrio', 'Feraligatr', 'Raichu', 'Primeape']",44,14,12
gen2nu-1012974335,[Gen 2] NU,2019-11-20 03:04:27,,iceshard80608,trick33871,trick33871,True,"['Voltorb', 'Exeggcute', 'Cubone', 'Poliwrath', 'Aipom']","['Golduck', 'Exeggcute', 'Xatu', 'Raichu']",20,8,4
gen2nu-877901250,[Gen 2] NU,2019-03-18 03:26:48,,cottonspore48070,trick33871,cottonspore48070,False,"['Pineco', 'Hitmontop', 'Poliwrath', 'Raichu', 'Tangela', 'Shuckle']","['Kingler', 'Dunsparce', 'Weezing', 'Poliwrath', 'Arbok', 'Raichu']",90,34,18
gen2nu-1096716776,[Gen 2] NU,2020-04-14 20:37:13,,loveball41396,crunch37612,crunch37612,False,"['Pineco', 'Flareon', 'Xatu', 'Octillery', 'Graveler', 'Magnemite']","['Rapidash', 'Pineco', 'Xatu', 'Exeggcute', 'Corsola', 'Magmar']",32,13,10
smogtours-gen2nu-625454,[Gen 2] NU,2022-05-10 22:16:41,,marshtomp99135,rotom99808,marshtomp99135,False,"['Togetic', 'Butterfree', 'Diglett', 'Smoochum', 'Croconaw', 'Koffing']","['Togetic', 'Magby', 'Vulpix', 'Onix', 'Smoochum', 'Croconaw']",45,9,12
gen2nu-1095534470,[Gen 2] NU,2020-04-12 20:24:43,,futuresight13270,noeffect96710,futuresight13270,True,"['Ninetales', 'Xatu', 'Wigglytuff', 'Graveler', 'Dewgong', 'Dugtrio']","['Flareon', 'Xatu', 'Octillery', 'Wigglytuff', 'Weezing', 'Graveler']",23,8,9
smogtours-gen2nu-697460,[Gen 2] NU,2023-06-16 20:51:55,,innerfocus97582,stench25210,stench25210,False,"['Sudowoodo', 'Flareon', 'Xatu', 'Weezing', 'Stantler', 'Dewgong']","['Xatu', 'Stantler', 'Dewgong', 'Magnemite', 'Tangela', 'Fearow']",151,47,39
gen2nu-1157962755,[Gen 2] NU,2020-07-26 13:12:32,,trick33871,watergun59811,trick33871,False,"['Porygon', 'Pineco', 'Drowzee', 'Gloom', 'Chinchou', 'Charmeleon']","['Pineco', 'Onix', 'Exeggcute', 'Chinchou', 'Magnemite', 'Gastly']",33,10,11
smogtours-gen2nu-696265,[Gen 2] NU,2023-06-09 20:05:21,,stench25210,aquajet31035,aquajet31035,True,"['Ninetales', 'Xatu', 'Octillery', 'Stantler', 'Magnemite', 'Tangela']","['Porygon', 'Wigglytuff', 'Weezing', 'Graveler', 'Dewgong', 'Persian']",106,33,23
smogtours-gen2nu-607604,[Gen 2] NU,2022-02-07 00:24:50,,magmastorm83132,powerherb27781,powerherb27781,False,"['Sudowoodo', 'Xatu', 'Octillery', 'Weezing', 'Dugtrio', 'Persian']","['Kingler', 'Pineco', 'Xatu', 'Houndour', 'Stantler', 'Dugtrio']",33,12,12
smogtours-gen2nu-688317,[Gen 2] NU,2023-04-17 16:02:02,,chargebeam2564,buneary57593,chargebeam2564,True,"['Togetic', 'Growlithe', 'Bayleef', 'Larvitar', 'Croconaw', 'Yanma']","['Magby', 'Bayleef', 'Grimer', 'Onix', 'Croconaw', 'Yanma']",96,34,34
smogtours-gen2nu-714769,[Gen 2] NU,2023-09-08 21:29:00,,pickup28423,futuresight13270,pickup28423,False,"['Kingler', 'Sudowoodo', 'Xatu', 'Tangela', 'Magmar', 'Fearow']","['Pineco', 'Xatu', 'Octillery', 'Dugtrio', 'Persian', 'Fearow']",31,9,14
gen2nu-970500873,[Gen 2] NU,2019-09-03 20:10:11,,marill90930,leechlife14525,marill90930,False,"['Bayleef', 'Xatu', 'Poliwrath', 'Graveler', 'Stantler', 'Raichu']","['Rapidash', 'Pineco', 'Xatu', 'Poliwrath', 'Dugtrio', 'Fearow']",29,14,12
smogtours-gen2nu-667220,[Gen 2] NU,2023-01-04 21:45:39,,zoomlens36961,gust33890,zoomlens36961,False,"['Xatu', 'Octillery', 'Weezing', 'Gloom', 'Magnemite', 'Primeape']","['Kingler', 'Flareon', 'Xatu', 'Wigglytuff', 'Graveler', 'Chinchou']",73,33,34
smogtours-gen2nu-406612,[Gen 2] NU,2018-12-01 22:55:21,,avalanche55702,sitrusberry77995,avalanche55702,False,"['Pidgeot', 'Pineco', 'Wigglytuff', 'Hitmonlee', 'Raichu', 'Primeape']","['Sudowoodo', 'Sunflora', 'Octillery', 'Wigglytuff', 'Poliwrath', 'Raichu']",54,11,11
smogtours-gen2nu-732865,[Gen 2] NU,2023-11-27 00:14:22,,shuckle12503,willowisp64187,willowisp64187,False,"['Porygon', 'Pineco', 'Weezing', 'Chinchou', 'Persian', 'Primeape']","['Xatu', 'Cubone', 'Octillery', 'Weezing', 'Hitmonlee', 'Ledian']",33,13,8
gen2nu-1101860786,[Gen 2] NU,2020-04-23 10:57:05,,lavaplume47096,surskit77069,lavaplume47096,False,"['Gastly', 'Octillery', 'Flareon', 'Pineco']","['Flareon', 'Xatu', 'Pineco', 'Octillery', 'Graveler', 'Magnemite']",22,4,10
gen2nu-1039535198,[Gen 2] NU,2020-01-02 06:42:39,1000,ironfist29922,magmarizer68743,ironfist29922,False,"['Porygon', 'Xatu', 'Wigglytuff', 'Graveler', 'Tangela', 'Magmar']","['Pineco', 'Xatu', 'Weezing', 'Dewgong', 'Dugtrio', 'Primeape']",59,12,15
gen2nu-1177454342,[Gen 2] NU,2020-08-29 09:40:24,,trick33871,watergun59811,trick33871,False,"['Voltorb', ""Farfetch'D"", 'Flareon', 'Cubone', 'Chinchou', 'Primeape']","['Venomoth', 'Wigglytuff', 'Azumarill', 'Swinub', 'Pupitar', 'Abra']",29,7,14
smogtours-gen2nu-719976,[Gen 2] NU,2023-09-29 09:19:55,,lightclay48488,extrasensory76435,extrasensory76435,False,"['Weezing', 'Graveler', 'Azumarill', 'Stantler', 'Hitmonlee', 'Fearow']","['Xatu', 'Octillery', 'Weezing', 'Gloom', 'Magnemite', 'Primeape']",84,32,32
gen2nu-746202305,[Gen 2] NU,2018-05-12 08:50:22,1223,nknownability24024,oranberry51733,nknownability24024,False,"['Pineco', 'Octillery', 'Haunter', 'Mr. Mime', 'Dugtrio', 'Pikachu']","['Pineco', 'Raticate', 'Sneasel', 'Mr. Mime', 'Dugtrio', 'Persian']",47,18,6
smogtours-gen2nu-830185,[Gen 2] NU,2025-04-05 14:57:07,,articuno75579,aircutter24151,articuno75579,True,"['Porygon', 'Rapidash', 'Pineco', 'Exeggcute', 'Dugtrio', 'Pupitar']","['Weezing', 'Lickitung', 'Dugtrio', 'Persian', 'Magmar', 'Fearow']",49,21,17
smogtours-gen2nu-724455,[Gen 2] NU,2023-10-17 01:36:16,,outrage46997,astonish32045,outrage46997,False,"['Flareon', 'Xatu', 'Wigglytuff', 'Weezing', 'Graveler']","['Porygon', 'Pineco', 'Xatu', 'Weezing', 'Chinchou', 'Fearow']",41,9,15
gen2nu-1171214856,[Gen 2] NU,2020-08-18 21:03:28,,sharpedo31502,astonish72019,sharpedo31502,False,"['Pineco', 'Xatu', 'Weezing', 'Primeape', 'Magmar']","['Venomoth', 'Dunsparce', 'Wigglytuff', 'Arbok', 'Magnemite', 'Ledian']",22,4,7
gen2nu-830542126,[Gen 2] NU,2018-11-04 20:25:21,,denpowerghost17562,golem16126,golem16126,False,"['Sunflora', 'Xatu', 'Murkrow', 'Dugtrio', 'Feraligatr', 'Magmar']","['Venomoth', 'Octillery', 'Dugtrio']",23,11,4
gen2nu-1121714073,[Gen 2] NU,2020-05-26 19:27:13,,poisongas8357,watergun59811,poisongas8357,False,"['Pineco', 'Xatu', 'Dewgong', 'Parasect', 'Primeape', 'Gastly']","['Rapidash', 'Xatu', 'Weezing', 'Lickitung', 'Chinchou', 'Primeape']",60,18,15
gen2nu-746268876,[Gen 2] NU,2018-05-12 13:24:18,1092,nknownability24024,meditite93115,meditite93115,False,"['Pidgeot', 'Pineco', 'Octillery', 'Haunter', 'Mr. Mime', 'Dugtrio']","['Sunflora', 'Sudowoodo', 'Sneasel', 'Stantler', 'Mr. Mime', 'Pikachu']",36,18,19
smogtours-gen2nu-601073,[Gen 2] NU,2022-01-08 18:34:42,,zapdos59192,lick25189,zapdos59192,True,"['Kingler', 'Pineco', 'Xatu', 'Wigglytuff', 'Weezing', 'Dugtrio']","['Ninetales', 'Pineco', 'Weezing', 'Stantler', 'Dewgong', 'Shuckle']",112,17,42
gen2nu-833329755,[Gen 2] NU,2018-11-10 10:17:41,1067,chikorita70851,focusband1232,chikorita70851,False,"['Golduck', 'Hitmonlee', 'Raichu', 'Primeape', 'Magmar', 'Fearow']","['Sudowoodo', 'Weezing', 'Dugtrio', 'Feraligatr', 'Delibird', 'Shuckle']",30,8,13
smogtours-gen2nu-711816,[Gen 2] NU,2023-08-23 20:05:55,,watmelberry24903,objectobject4055,watmelberry24903,False,"['Rapidash', 'Pineco', 'Xatu', 'Wigglytuff', 'Dewgong', 'Magnemite']","['Kingler', 'Ninetales', 'Porygon', 'Graveler', 'Seaking', 'Gloom']",44,12,14
smogtours-gen2nu-662559,[Gen 2] NU,2022-11-25 15:50:23,,innerfocus91859,lumberry36716,lumberry36716,True,"['Ninetales', 'Pineco', 'Xatu', 'Azumarill', 'Weezing', 'Stantler']","['Rapidash', 'Pineco', 'Xatu', 'Wigglytuff', 'Dewgong', 'Dugtrio']",66,16,16
gen2nu-1160523624,[Gen 2] NU,2020-07-30 20:50:18,,watergun59811,deoxysattack76542,watergun59811,False,"['Kingler', 'Pineco', 'Sneasel', 'Stantler', 'Dugtrio']","['Ninetales', 'Staryu', 'Murkrow', 'Hitmonlee', 'Tangela', 'Delibird']",25,5,7
smogtours-gen2nu-496546,[Gen 2] NU,2020-04-29 18:20:29,,staraptor64408,surskit77069,staraptor64408,False,"['Kingler', 'Xatu', 'Stantler', 'Lickitung', 'Dewgong', 'Hitmonlee']","['Pineco', 'Flareon', 'Xatu', 'Octillery', 'Graveler', 'Magnemite']",42,10,11
gen2nu-2050664009,[Gen 2] NU,2024-02-03 07:41:17,,regigigas73727,delcatty31981,delcatty31981,True,"['Staryu', 'Cubone', 'Exeggcute', 'Smoochum', 'Gastly']","['Voltorb', 'Chinchou', 'Porygon', 'Pineco']",9,5,3
smogtours-gen2nu-739036,[Gen 2] NU,2024-01-13 19:32:06,,quagsire94479,articuno75579,articuno75579,True,"['Pineco', 'Xatu', 'Weezing', 'Dewgong', 'Persian', 'Fearow']","['Ninetales', 'Bayleef', 'Weezing', 'Hitmonchan', 'Dewgong', 'Shuckle']",81,19,27
gen2nu-1122473276,[Gen 2] NU,2020-05-28 04:11:26,,delcatty31981,amnesia25800,delcatty31981,False,"['Pineco', 'Mantine', 'Lickitung', 'Dugtrio', 'Parasect', 'Tangela']","['Flareon', 'Pineco', 'Xatu', 'Weezing', 'Chinchou', 'Magnemite']",38,14,18
smogtours-gen2nu-731285,[Gen 2] NU,2023-11-18 21:29:40,,stench25210,darkvoid27789,darkvoid27789,True,"['Ninetales', 'Pineco', 'Xatu', 'Lickitung', 'Chinchou', 'Pupitar']","['Pineco', 'Octillery', 'Weezing', 'Stantler', 'Persian', 'Fearow']",103,33,32
smogtours-gen2nu-440176,[Gen 2] NU,2019-05-05 22:06:40,,lavaplume47096,rawstberry64920,lavaplume47096,False,"['Pineco', 'Xatu', 'Weezing', 'Mantine', 'Dugtrio', 'Raichu']","['Pineco', 'Xatu', 'Poliwrath', 'Dugtrio', 'Raichu', 'Shuckle']",119,32,32
gen2nu-1109045851,[Gen 2] NU,2020-05-05 10:47:03,,jirachi5770,conversion257800,conversion257800,False,"['Weezing', 'Stantler', 'Dewgong', 'Dugtrio', 'Primeape', 'Magmar']","['Flareon', 'Octillery', 'Wigglytuff', 'Weezing', 'Chinchou', 'Magmar']",56,20,20
smogtours-gen2nu-693799,[Gen 2] NU,2023-05-23 17:29:07,,special6978,stench25210,stench25210,False,"['Pineco', 'Octillery', 'Stantler', 'Chinchou', 'Persian', 'Fearow']","['Xatu', 'Stantler', 'Dewgong', 'Magnemite', 'Tangela', 'Fearow']",39,10,11
smogtours-gen2nu-447938,[Gen 2] NU,2019-06-16 21:08:42,,sonicboom26327,swinub46701,swinub46701,False,"['Golduck', 'Xatu', 'Wigglytuff', 'Dragonair', 'Raichu', 'Primeape']","['Pineco', 'Exeggcute', 'Weezing', 'Poliwrath', 'Raichu', 'Primeape']",41,14,15
smogtours-gen2nu-533055,[Gen 2] NU,2020-12-20 17:13:41,,watergun59811,conversion257800,conversion257800,False,"['Kingler', 'Magcargo', 'Pineco', 'Xatu', 'Azumarill', 'Gloom']","['Kingler', 'Rapidash', 'Pineco', 'Xatu', 'Octillery', 'Gloom']",72,38,33
gen2nu-1063536433,[Gen 2] NU,2020-02-15 05:19:45,,omastar1298,technician1947,technician1947,False,"[""Farfetch'D"", 'Ninetales', 'Azumarill', 'Dugtrio', 'Ditto', 'Beedrill']","['Sunflora', 'Flareon', 'Sudowoodo', 'Octillery', 'Wigglytuff', 'Hitmonchan']",32,5,6
smogtours-gen2nu-743001,[Gen 2] NU,2024-01-28 19:42:08,,articuno75579,tangledfeet30693,articuno75579,False,"['Pineco', 'Octillery', 'Wigglytuff', 'Weezing', 'Persian', 'Fearow']","['Kingler', 'Pineco', 'Xatu', 'Weezing', 'Dewgong', 'Hitmonlee']",73,11,18
smogtours-gen2nu-668104,[Gen 2] NU,2023-01-10 05:15:47,,innerfocus97582,magnetpull75337,innerfocus97582,False,"['Pineco', 'Xatu', 'Octillery', 'Dewgong', 'Magnemite', 'Primeape']","['Pineco', 'Xatu', 'Octillery', 'Dewgong', 'Magmar', 'Fearow']",60,13,14
gen2nu-1118938930,[Gen 2] NU,2020-05-21 22:05:37,,rawstberry28879,watergun59811,watergun59811,False,"['Dunsparce', 'Xatu', 'Graveler', 'Seaking', 'Lickitung', 'Primeape']","['Rapidash', 'Xatu', 'Weezing', 'Lickitung', 'Primeape']",32,16,6
smogtours-gen2nu-555570,[Gen 2] NU,2021-04-13 21:26:41,,judgment88768,watergun59811,watergun59811,False,"['Togetic', 'Bayleef', 'Vulpix', 'Phanpy', 'Croconaw', 'Squirtle']","['Togetic', 'Growlithe', 'Bayleef', 'Larvitar', 'Croconaw', 'Yanma']",47,11,9
gen2nu-1027289194,[Gen 2] NU,2019-12-10 21:24:48,,fistplate44955,wormadam14777,wormadam14777,False,"['Pineco', 'Flareon', 'Xatu', 'Octillery', 'Graveler', 'Magnemite']","['Xatu', 'Octillery', 'Wigglytuff', 'Weezing', 'Dugtrio', 'Raichu']",30,11,9
gen2nu-993127385,[Gen 2] NU,2019-10-15 21:45:20,,blaze75887,snorunt7638,blaze75887,False,"['Kingler', 'Dugtrio', 'Raticate']","['Togetic', 'Flaaffy', 'Azumarill', 'Sneasel', 'Dugtrio', 'Magmar']",13,2,6
smogtours-gen2nu-725111,[Gen 2] NU,2023-10-21 15:39:23,,batonpass53541,articuno75579,articuno75579,False,"['Sudowoodo', 'Xatu', 'Octillery', 'Gloom', 'Magnemite', 'Primeape']","['Dunsparce', 'Flareon', 'Octillery', 'Weezing', 'Lickitung', 'Fearow']",109,39,33
smogtours-gen2nu-752862,[Gen 2] NU,2024-03-11 01:27:05,,noability19212,amnesia86270,noability19212,False,"['Onix', 'Meowth', 'Doduo', 'Chinchou']","['Ponyta', 'Voltorb', 'Doduo', 'Staryu', 'Cubone', 'Drowzee']",16,4,9
gen2nu-753121944,[Gen 2] NU,2018-05-26 14:35:47,1152,slash70910,nknownability24024,slash70910,False,"['Pidgeot', 'Pineco', 'Octillery', 'Mr. Mime', 'Lickitung', 'Shuckle']","['Pidgeot', 'Octillery', 'Haunter', 'Mr. Mime', 'Dugtrio', 'Lickitung']",302,125,114
gen2nu-1142078549,[Gen 2] NU,2020-06-29 19:00:32,,watergun59811,psybeam14379,watergun59811,False,"['Xatu', 'Weezing', 'Dewgong', 'Chinchou', 'Primeape', 'Fearow']","['Venomoth', 'Bayleef', 'Flareon', 'Wigglytuff', 'Azumarill', 'Dugtrio']",47,18,21
gen2nu-1172791757,[Gen 2] NU,2020-08-21 14:38:22,,sharpedo31502,amnesia25800,sharpedo31502,True,"['Dewgong', 'Wigglytuff', 'Pineco']","['Octillery', 'Ledian', 'Magmar', 'Xatu']",14,3,3
gen2nu-1123988036,[Gen 2] NU,2020-05-30 20:44:26,,blazekick42234,watergun59811,watergun59811,False,"['Kingler', 'Dunsparce', 'Xatu', 'Octillery', 'Lickitung', 'Magnemite']","['Primeape', 'Rapidash', 'Chinchou']",30,14,5
gen2nu-2008420545,[Gen 2] NU,2023-12-10 02:26:10,,ambipom31371,hornattack31442,hornattack31442,False,"['Doduo', 'Porygon', 'Pineco', 'Elekid', 'Mankey', 'Abra']","['Magby', 'Staryu', 'Porygon', 'Smoochum', 'Chinchou', 'Diglett']",27,8,7
gen2nu-1102749327,[Gen 2] NU,2020-04-24 20:05:03,,acupressure5238,kelpsyberry27938,kelpsyberry27938,True,"['Mantine', 'Lickitung', 'Dugtrio', 'Tangela', 'Delibird', 'Shuckle']","['Dunsparce', 'Xatu', 'Seaking', 'Lickitung', 'Primeape']",29,9,6
gen2nu-1096735098,[Gen 2] NU,2020-04-14 21:07:35,,rage81487,flamebody71831,flamebody71831,False,"['Flareon', 'Xatu', 'Octillery', 'Wigglytuff', 'Weezing', 'Graveler']","['Flareon', 'Octillery', 'Graveler', 'Xatu']",35,16,5
gen2nu-1150030947,[Gen 2] NU,2020-07-12 22:13:46,,delcatty31981,watergun59811,delcatty31981,False,"['Butterfree', 'Flareon', 'Octillery', 'Dugtrio', 'Furret']","['Sudowoodo', 'Pineco', 'Graveler', 'Dugtrio', 'Persian', 'Corsola']",23,6,6
gen2nu-746859830,[Gen 2] NU,2018-05-13 18:40:24,,iceball42025,endure62719,iceball42025,False,"['Haunter', 'Pidgeot', 'Persian', 'Mr. Mime']","['Butterfree', 'Azumarill', 'Aipom', 'Dugtrio', 'Ditto', 'Pikachu']",18,4,5
smogtours-gen2nu-782459,[Gen 2] NU,2024-07-26 23:07:30,,manaphy35614,pickup28423,pickup28423,True,"['Pineco', 'Xatu', 'Octillery', 'Wigglytuff', 'Weezing', 'Graveler']","['Xatu', 'Octillery', 'Weezing', 'Gloom', 'Magnemite', 'Magmar']",60,23,14
smogtours-gen2nu-645173,[Gen 2] NU,2022-08-26 17:59:58,,haunter12630,mawile36886,haunter12630,False,"['Kingler', 'Porygon', 'Houndour', 'Dragonair', 'Weezing']","['Pidgeot', 'Pineco', 'Xatu', 'Octillery', 'Hitmonlee', 'Fearow']",44,10,14
gen2nu-956419990,[Gen 2] NU,2019-08-06 21:54:05,,teddiursa9962,roost90341,teddiursa9962,True,"['Venomoth', 'Ninetales', 'Hitmontop', 'Dewgong', 'Shuckle']","['Hitmonchan', 'Mantine', 'Arbok', 'Raichu', 'Magmar', 'Fearow']",40,7,10
smogtours-gen2nu-716911,[Gen 2] NU,2023-09-17 12:40:10,,buneary57593,watmelberry24903,buneary57593,True,"['Sudowoodo', 'Pineco', 'Flareon', 'Octillery', 'Stantler', 'Dewgong']","['Rapidash', 'Pineco', 'Xatu', 'Wigglytuff', 'Dewgong', 'Magnemite']",61,8,7
smogtours-gen2nu-531041,[Gen 2] NU,2020-12-06 20:51:31,,watergun59811,golduck34873,watergun59811,False,"['Wigglytuff', 'Raticate', 'Stantler', 'Lickitung', 'Persian', 'Fearow']","['Bayleef', 'Flareon', 'Xatu', 'Graveler', 'Stantler', 'Magmar']",33,8,11
gen2nu-1136300094,[Gen 2] NU,2020-06-20 20:44:43,,watergun59811,kabuto89124,watergun59811,True,['Pidgeot'],"['Noctowl', 'Azumarill', 'Graveler', 'Delibird', 'Gastly']",9,0,4
smogtours-gen2nu-411026,[Gen 2] NU,2018-11-24 22:12:47,,sitrusberry77995,sharpedo96453,sitrusberry77995,False,"['Raichu', 'Aipom', 'Poliwrath', 'Lickitung']","['Voltorb', 'Kingler', 'Onix', 'Weezing', 'Poliwrath', 'Ariados']",13,3,5
gen2nu-1054262189,[Gen 2] NU,2020-01-28 21:54:44,,trick33871,medicham64289,trick33871,False,"['Sudowoodo', 'Pineco', 'Xatu', 'Dewgong', 'Magmar']","['Voltorb', 'Cubone', 'Octillery', 'Lickitung', 'Ariados', 'Ledian']",27,7,8
smogtours-gen2nu-788744,[Gen 2] NU,2024-09-01 23:32:02,,pickup28423,victreebel55835,victreebel55835,True,"['Kingler', 'Xatu', 'Houndour', 'Octillery', 'Fearow']","['Ninetales', 'Exeggcute', 'Hitmontop', 'Wigglytuff', 'Dewgong', 'Shuckle']",114,31,38
gen2nu-1169937625,[Gen 2] NU,2020-08-16 17:10:36,,sharpedo31502,peck80123,sharpedo31502,True,"['Sudowoodo', 'Flareon', 'Wigglytuff', 'Weezing', 'Primeape']","['Xatu', 'Houndour', 'Weezing', 'Dewgong', 'Primeape', 'Delibird']",16,4,6
smogtours-gen2nu-599925,[Gen 2] NU,2022-01-01 17:10:05,,frenzyplant67575,quickpowder55779,quickpowder55779,False,"['Kingler', 'Xatu', 'Wigglytuff', 'Stantler', 'Gloom', 'Magnemite']","['Sudowoodo', 'Pineco', 'Xatu', 'Octillery', 'Weezing']",35,13,12
smogtours-gen2nu-713173,[Gen 2] NU,2023-08-31 17:07:14,,larvitar96901,stench25210,larvitar96901,False,"['Rapidash', 'Pineco', 'Octillery', 'Graveler', 'Stantler', 'Gastly']","['Kingler', 'Xatu', 'Wigglytuff', 'Chinchou', 'Gloom', 'Magmar']",58,17,14
smogtours-gen2nu-441396,[Gen 2] NU,2019-05-12 22:38:02,,sonicboom26327,heartswap84662,sonicboom26327,False,"['Sudowoodo', 'Exeggcute', 'Poliwrath', 'Dugtrio', 'Raichu']","['Xatu', 'Exeggcute', 'Poliwrath', 'Graveler', 'Lickitung', 'Raichu']",40,10,19
smogtours-gen2nu-555568,[Gen 2] NU,2021-04-13 21:10:06,,watergun59811,judgment88768,judgment88768,False,"['Togetic', 'Magby', 'Smoochum', 'Croconaw', 'Weepinbell', 'Koffing']","['Togetic', 'Magby', 'Poliwag', 'Sandshrew', 'Weepinbell', 'Yanma']",27,10,10
gen2nu-1134000636,[Gen 2] NU,2020-06-17 02:26:06,,grimer19403,quickpowder55779,quickpowder55779,False,"['Kingler', 'Dunsparce', 'Xatu', 'Octillery', 'Lickitung', 'Magnemite']","['Rapidash', 'Xatu', 'Weezing', 'Dewgong', 'Primeape']",34,6,8
smogtours-gen2nu-670236,[Gen 2] NU,2023-01-22 19:14:58,,koffing28618,volbeat92423,volbeat92423,True,"['Togetic', 'Magby', 'Bayleef', 'Croconaw', 'Tentacool', 'Koffing']","['Togetic', 'Magby', 'Smoochum', 'Croconaw', 'Tentacool', 'Diglett']",33,12,11
smogtours-gen2nu-566538,[Gen 2] NU,2021-06-18 23:23:43,,stoneplate32738,watergun59811,watergun59811,False,"['Seadra', 'Poliwhirl', 'Hitmonchan', 'Murkrow', 'Furret', 'Abra']","['Rapidash', 'Pineco', 'Xatu', 'Octillery', 'Persian']",27,10,6
gen2nu-1055488437,[Gen 2] NU,2020-01-31 03:02:34,,aron10060,rock51085,rock51085,False,"['Venomoth', 'Sudowoodo', 'Rapidash', 'Octillery', 'Hitmonchan', 'Dugtrio']","['Sudowoodo', 'Pineco', 'Xatu', 'Weezing', 'Dewgong', 'Dugtrio']",35,12,8
smogtours-gen2nu-663755,[Gen 2] NU,2022-12-04 20:10:17,,watmelberry24903,innerfocus91859,watmelberry24903,False,"['Porygon', 'Pineco', 'Xatu', 'Weezing', 'Chinchou', 'Fearow']","['Pineco', 'Xatu', 'Octillery', 'Chinchou', 'Gloom', 'Primeape']",81,29,32
smogtours-gen2nu-692966,[Gen 2] NU,2023-05-19 20:53:10,,innerfocus97582,quilava74965,innerfocus97582,False,"['Seadra', 'Sunflora', 'Magcargo', 'Hitmontop', 'Murkrow', 'Furret']","['Seadra', 'Rhyhorn', 'Elekid', 'Murkrow', 'Furret', 'Delibird']",20,9,9
gen2nu-1147150712,[Gen 2] NU,2020-07-08 02:25:10,,regigigas73727,weedle59449,weedle59449,True,"['Azumarill', 'Magnemite', 'Weezing', 'Xatu']","['Stantler', 'Octillery', 'Ledian', 'Flareon']",18,4,3
smogtours-gen2nu-566527,[Gen 2] NU,2021-06-18 23:06:16,,watergun59811,stoneplate32738,watergun59811,False,"['Kingler', 'Ninetales', 'Xatu', 'Weezing', 'Lickitung', 'Dugtrio']","['Seadra', 'Poliwhirl', 'Hitmonchan', 'Murkrow', 'Furret', 'Abra']",35,9,9
smogtours-gen2nu-527138,[Gen 2] NU,2020-11-13 21:19:18,,rabutaberry90278,wringout43587,wringout43587,False,"['Diglett', 'Quilava', 'Aipom', 'Koffing', 'Tangela', 'Beedrill']","['Venomoth', 'Pidgey', 'Poliwhirl', 'Hitmonchan', 'Elekid', 'Krabby']",24,9,8
smogtours-gen2nu-694187,[Gen 2] NU,2023-05-27 12:51:42,,innerfocus91859,magnetpull75337,innerfocus91859,False,"['Sudowoodo', 'Pineco', 'Flareon', 'Octillery', 'Dewgong']","['Pineco', 'Xatu', 'Octillery', 'Weezing', 'Dugtrio', 'Fearow']",33,8,8
smogtours-gen2nu-812929,[Gen 2] NU,2025-01-05 16:48:10,,tangledfeet30693,rock51085,rock51085,False,"['Rapidash', 'Sudowoodo', 'Pineco', 'Xatu', 'Octillery', 'Wigglytuff']","['Kingler', 'Sudowoodo', 'Porygon', 'Weezing', 'Graveler', 'Primeape']",39,15,13
smogtours-gen2nu-551974,[Gen 2] NU,2021-03-29 00:54:01,,watergun59811,onix94468,watergun59811,True,"['Dugtrio', 'Magmar', 'Fearow', 'Xatu']","['Octillery', 'Dugtrio', 'Pineco', 'Xatu']",13,3,7
smogtours-gen2nu-699133,[Gen 2] NU,2023-06-25 12:59:01,,magnetpull75337,zoomlens36961,zoomlens36961,False,"['Ninetales', 'Sudowoodo', 'Pineco', 'Xatu', 'Exeggcute', 'Octillery']","['Sudowoodo', 'Pineco', 'Xatu', 'Exeggcute', 'Stantler']",18,9,7
gen2nu-834482654,[Gen 2] NU,2018-11-12 18:38:30,,icywind10570,metalclaw67212,metalclaw67212,False,"['Machoke', 'Pineco', 'Hitmonlee', 'Feraligatr', 'Raichu', 'Fearow']","['Xatu', 'Weezing', 'Mantine', 'Dugtrio', 'Raichu', 'Gastly']",33,16,12
smogtours-gen2nu-493460,[Gen 2] NU,2020-04-22 09:30:43,,manaphy70783,runaway61538,runaway61538,False,"['Ninetales', 'Xatu', 'Octillery', 'Wigglytuff', 'Dugtrio', 'Persian']","['Machoke', 'Pineco', 'Xatu', 'Chinchou', 'Magmar', 'Gastly']",54,19,22
smogtours-gen2nu-689614,[Gen 2] NU,2023-04-27 01:19:30,,quilava74965,astonish32045,quilava74965,False,"['Magby', 'Onix', 'Smoochum', 'Weepinbell', 'Croconaw', 'Diglett']","['Togetic', 'Magby', 'Onix', 'Nidorino', 'Nidorina', 'Croconaw']",94,37,39
smogtours-gen2nu-407775,[Gen 2] NU,2018-12-10 12:56:28,,copycat44078,bonemerang45480,copycat44078,False,"['Pineco', 'Flareon', 'Xatu', 'Weezing', 'Feraligatr', 'Raichu']","['Pineco', 'Xatu', 'Weezing', 'Graveler', 'Feraligatr', 'Raichu']",34,12,15
gen2nu-746873776,[Gen 2] NU,2018-05-13 19:02:15,,wormadam14777,soundproof26499,wormadam14777,False,"['Octillery', 'Haunter', 'Mr. Mime', 'Dugtrio', 'Persian', 'Pikachu']","['Seadra', 'Rapidash', 'Sudowoodo', 'Raticate', 'Mr. Mime', 'Dugtrio']",21,7,7
gen2nu-1065181282,[Gen 2] NU,2020-02-18 11:42:28,,runaway61538,poisonsting21099,runaway61538,False,"['Flareon', 'Xatu', 'Pineco', 'Weezing', 'Dewgong', 'Corsola']","['Ninetales', 'Azumarill', 'Graveler', 'Sneasel', 'Delibird', 'Shuckle']",41,15,10
gen2nu-1079785376,[Gen 2] NU,2020-03-16 03:41:39,,aquaring45449,recycle63071,recycle63071,False,"['Kingler', 'Venomoth', 'Sneasel', 'Ariados', 'Primeape', 'Shuckle']","['Sudowoodo', 'Flareon', 'Pineco', 'Stantler', 'Fearow']",21,7,5
gen2nu-742627223,[Gen 2] NU,2018-05-04 23:14:07,1022,meditite93115,stantler95641,meditite93115,False,"['Sunflora', 'Sudowoodo', 'Sneasel', 'Stantler', 'Mr. Mime', 'Pikachu']","['Haunter', 'Mr. Mime', 'Dugtrio', 'Pikachu', 'Tangela', 'Fearow']",26,7,10
smogtours-gen2nu-811266,[Gen 2] NU,2024-12-22 02:24:51,,metalsound31619,magnetpull75337,magnetpull75337,False,"['Rapidash', 'Pineco', 'Xatu', 'Weezing', 'Dewgong', 'Primeape']","['Pineco', 'Rhyhorn', 'Octillery', 'Dewgong', 'Primeape', 'Gastly']",61,26,25
smogtours-gen2nu-597441,[Gen 2] NU,2021-12-12 21:20:01,,lavaplume47096,zoomlens36961,zoomlens36961,True,"['Xatu', 'Dugtrio', 'Gloom', 'Chinchou', 'Magnemite', 'Fearow']","['Ninetales', 'Pineco', 'Xatu', 'Octillery', 'Dugtrio', 'Gloom']",93,39,35
gen2nu-753716097,[Gen 2] NU,2018-05-27 19:35:33,,ddenpowerfire31838,kyogre56351,ddenpowerfire31838,False,"['Pidgeot', 'Dunsparce', 'Pikachu', 'Dewgong', 'Charmeleon', 'Beedrill']","['Azumarill', 'Hitmonchan', 'Arbok', 'Ditto', 'Delibird', 'Shuckle']",27,6,6
smogtours-gen2nu-673370,[Gen 2] NU,2023-02-05 20:50:03,,chuspikyeared66897,firestone64684,firestone64684,True,"['Togetic', 'Magby', 'Onix', 'Smoochum', 'Croconaw', 'Weepinbell']","['Magby', 'Bayleef', 'Croconaw', 'Tentacool', 'Koffing']",31,11,8
gen2nu-834151897,[Gen 2] NU,2018-11-12 00:40:52,1051,icywind10570,metalclaw67212,metalclaw67212,True,"['Golduck', 'Hitmonlee', 'Raichu', 'Primeape', 'Magmar', 'Fearow']","['Ninetales', 'Weezing', 'Dugtrio', 'Raichu', 'Fearow', 'Gastly']",31,14,12
smogtours-gen2nu-498128,[Gen 2] NU,2020-05-03 20:20:20,,poisongas8357,fullincense52281,poisongas8357,True,"['Pineco', 'Xatu', 'Dewgong', 'Parasect', 'Primeape', 'Gastly']","['Rapidash', 'Octillery', 'Weezing', 'Stantler', 'Lickitung', 'Persian']",70,28,31
gen2nu-1112972576,[Gen 2] NU,2020-05-11 22:53:20,,weedle59449,amnesia25800,weedle59449,False,"['Kingler', 'Sudowoodo', 'Wigglytuff', 'Dragonair', 'Chinchou', 'Slowpoke']","['Pineco', 'Xatu', 'Flareon', 'Weezing', 'Chinchou', 'Magnemite']",49,10,16
gen2nu-833778709,[Gen 2] NU,2018-11-11 06:57:48,,focusband1232,delcatty31981,delcatty31981,False,"['Noctowl', 'Dunsparce', 'Pineco', 'Graveler', 'Dewgong', 'Magmar']","['Pidgeot', 'Ninetales', 'Cubone', 'Ditto', 'Feraligatr', 'Raichu']",45,18,12
gen2nu-750382761,[Gen 2] NU,2018-05-20 23:40:01,,metalcoat80824,klutz35993,metalcoat80824,True,"['Noctowl', 'Poliwhirl', 'Sneasel', 'Ivysaur', 'Elekid']","['Noctowl', 'Poliwhirl', 'Sneasel', 'Ivysaur', 'Elekid', 'Corsola']",36,11,11
smogtours-gen2nu-444737,[Gen 2] NU,2019-06-01 22:08:31,,arceuswater57688,sitrusberry17731,arceuswater57688,False,"['Golduck', 'Rapidash', 'Flareon', 'Persian', 'Ariados', 'Tangela']","['Pineco', 'Xatu', 'Poliwrath', 'Poliwhirl', 'Lickitung', 'Raichu']",43,7,10
smogtours-gen2nu-660097,[Gen 2] NU,2022-11-06 23:18:04,,outrage46997,iceshard30836,iceshard30836,False,"['Ninetales', 'Pineco', 'Xatu', 'Wigglytuff', 'Graveler', 'Dewgong']","['Kingler', 'Xatu', 'Octillery', 'Houndour', 'Gloom', 'Fearow']",88,22,17
gen2nu-994213238,[Gen 2] NU,2019-10-17 21:41:20,,mantyke6294,watergun59811,mantyke6294,False,"['Pineco', 'Dewgong', 'Dugtrio', 'Raichu', 'Fearow']","['Kingler', 'Noctowl', 'Pineco', 'Xatu', 'Dugtrio', 'Raichu']",38,6,8
gen2nu-1145032959,[Gen 2] NU,2020-07-04 16:15:22,,delcatty31981,watergun59811,delcatty31981,True,"['Sudowoodo', 'Rapidash', 'Bayleef', 'Xatu', 'Octillery']","['Kingler', 'Rapidash', 'Flareon', 'Sudowoodo', 'Primeape', 'Magmar']",35,11,11
gen2nu-826147140,[Gen 2] NU,2018-11-25 20:27:43,,stunspore96840,chartiberry95074,chartiberry95074,True,"['Xatu', 'Weezing', 'Graveler', 'Lickitung', 'Feraligatr', 'Raichu']","['Rapidash', 'Xatu', 'Poliwrath', 'Dugtrio', 'Hitmonlee', 'Raichu']",57,28,26
smogtours-gen2nu-777940,[Gen 2] NU,2024-07-01 20:46:17,,venusaur88702,articuno75579,articuno75579,True,"['Pineco', 'Primeape', 'Rapidash', 'Persian']","['Dewgong', 'Fearow', 'Gloom']",15,6,4
smogtours-gen2nu-724712,[Gen 2] NU,2023-10-19 01:47:54,,innerfocus97582,extrasensory76435,extrasensory76435,False,"['Pidgeot', 'Ninetales', 'Octillery', 'Graveler', 'Gloom', 'Primeape']","['Pineco', 'Xatu', 'Octillery', 'Dugtrio', 'Persian', 'Fearow']",77,31,25
smogtours-gen2nu-845298,[Gen 2] NU,2025-05-24 18:46:13,,firestone64684,outrage46997,outrage46997,True,"['Rapidash', 'Pineco', 'Xatu', 'Octillery', 'Chinchou', 'Gastly']","['Porygon', 'Hitmontop', 'Octillery', 'Houndour', 'Hitmonchan']",93,25,16
gen2nu-1170652067,[Gen 2] NU,2020-08-17 21:52:06,,watergun59811,pursuit89449,pursuit89449,False,"['Voltorb', 'Pineco', 'Xatu', 'Rhyhorn', 'Sneasel', 'Dugtrio']","['Octillery', 'Wigglytuff', 'Weezing', 'Seaking', 'Chinchou', 'Parasect']",28,10,7
gen2nu-930682034,[Gen 2] NU,2019-06-18 20:19:15,,regigigas73727,slakoth53488,regigigas73727,True,"['Pineco', 'Dragonair', 'Poliwrath', 'Lickitung', 'Raichu', 'Shuckle']","['Rapidash', 'Pineco', 'Xatu', 'Poliwrath', 'Dugtrio', 'Fearow']",40,9,12
gen2nu-1049220687,[Gen 2] NU,2020-01-19 19:58:25,1031,skullbash87934,heatwave93550,heatwave93550,False,"['Togetic', 'Pidgeot', 'Magcargo', 'Xatu', 'Sneasel', 'Dewgong']","['Kingler', 'Flareon', 'Xatu', 'Hitmonchan', 'Sneasel', 'Pichu']",45,10,7
gen2nu-1168226295,[Gen 2] NU,2020-08-13 14:46:35,,watergun59811,peck80123,watergun59811,True,"['Chinchou', 'Ninetales', 'Sudowoodo', 'Gloom']","['Xatu', 'Houndour', 'Dewgong', 'Primeape', 'Delibird']",19,5,7
gen2nu-1080833952,[Gen 2] NU,2020-03-17 23:04:24,,pidgeotto86235,mindplate76031,pidgeotto86235,False,"['Pidgeot', 'Dunsparce', 'Houndour', 'Wigglytuff', 'Weezing', 'Stantler']","['Flareon', 'Xatu', 'Octillery', 'Wigglytuff', 'Weezing', 'Graveler']",55,18,14
smogtours-gen2nu-702311,[Gen 2] NU,2023-07-09 20:26:09,,innerfocus91859,outrage46997,outrage46997,False,"['Seadra', 'Machoke', 'Hitmontop', 'Elekid', 'Murkrow', 'Furret']","['Venomoth', 'Sunflora', 'Magcargo', 'Hitmontop', 'Seaking', 'Murkrow']",61,19,19
gen2nu-888925222,[Gen 2] NU,2019-04-07 20:09:31,,truant84021,slakoth53488,slakoth53488,True,"['Voltorb', ""Farfetch'D"", 'Venomoth', 'Poliwhirl', 'Furret', 'Beedrill']","['Venomoth', 'Dunsparce', 'Mantine', 'Seaking', 'Parasect', 'Golbat']",34,10,8
smogtours-gen2nu-701970,[Gen 2] NU,2023-07-09 01:42:54,,venusaur88702,articuno75579,venusaur88702,False,"['Flareon', 'Xatu', 'Dunsparce', 'Octillery', 'Weezing', 'Dewgong']","['Ninetales', 'Pineco', 'Xatu', 'Octillery', 'Stantler', 'Dugtrio']",41,13,14
gen2nu-746865571,[Gen 2] NU,2018-05-13 18:45:03,,icebeam13855,wormadam14777,wormadam14777,False,"['Pidgeot', 'Sudowoodo', 'Xatu', 'Hitmontop', 'Mr. Mime', 'Lickitung']","['Octillery', 'Haunter', 'Mr. Mime', 'Dugtrio', 'Persian', 'Pikachu']",27,8,7
smogtours-gen2nu-556346,[Gen 2] NU,2021-04-18 15:05:58,,watmelberry24903,watergun59811,watergun59811,False,"['Pineco', 'Houndour', 'Weezing', 'Chinchou', 'Gloom', 'Primeape']","['Dunsparce', 'Xatu', 'Weezing', 'Dugtrio', 'Magmar', 'Fearow']",29,11,10
gen2nu-833968050,[Gen 2] NU,2018-11-11 17:52:22,,vinewhip66430,pupitar29504,vinewhip66430,False,"['Ariados', 'Raichu', 'Aipom', 'Poliwrath']","['Kingler', 'Flareon', 'Weezing', 'Parasect', 'Raichu', 'Primeape']",13,3,8
smogtours-gen2nu-673365,[Gen 2] NU,2023-02-05 20:42:52,,chuspikyeared66897,firestone64684,firestone64684,False,"['Togetic', 'Magby', 'Bayleef', 'Onix', 'Croconaw', 'Tentacool']","['Togetic', 'Magby', 'Smoochum', 'Weepinbell', 'Croconaw', 'Koffing']",36,16,8
gen2nu-1118742819,[Gen 2] NU,2020-05-21 16:08:50,,lavaplume47096,watergun59811,watergun59811,False,"['Kingler', 'Ninetales', 'Bayleef', 'Xatu', 'Graveler', 'Mantine']","['Rapidash', 'Snubbull', 'Xatu', 'Weezing', 'Lickitung', 'Chinchou']",43,14,11
smogtours-gen2nu-712704,[Gen 2] NU,2023-08-27 20:26:34,,butterfree38678,shuckle12503,butterfree38678,False,"['Dunsparce', 'Xatu', 'Weezing', 'Dugtrio', 'Primeape']","['Pineco', 'Xatu', 'Exeggcute', 'Octillery', 'Stantler', 'Pupitar']",31,7,10
gen2nu-1096724969,[Gen 2] NU,2020-04-14 20:54:16,,soundproof93578,luxuryball7486,soundproof93578,False,"['Flareon', 'Xatu', 'Octillery', 'Wigglytuff', 'Graveler']","['Ninetales', 'Azumarill', 'Weezing', 'Graveler', 'Delibird', 'Shuckle']",37,9,14
smogtours-gen2nu-749647,[Gen 2] NU,2024-02-25 02:12:57,,articuno75579,magnetpull75337,articuno75579,False,"['Rapidash', 'Pineco', 'Xatu', 'Octillery', 'Dugtrio', 'Primeape']","['Ninetales', 'Pineco', 'Weezing', 'Dewgong', 'Chinchou', 'Primeape']",50,21,20
smogtours-gen2nu-531015,[Gen 2] NU,2020-12-06 20:05:19,,watergun59811,golduck34873,watergun59811,False,"['Pineco', 'Xatu', 'Octillery', 'Dugtrio', 'Magmar', 'Fearow']","['Kingler', 'Pidgeot', 'Rapidash', 'Pineco', 'Poliwhirl', 'Dugtrio']",39,14,11
smogtours-gen2nu-519352,[Gen 2] NU,2020-09-27 18:07:57,,watmelberry24903,forretress73895,watmelberry24903,False,"['Onix', 'Ivysaur', 'Wobbuffet', 'Corsola', 'Delibird', 'Golbat']","['Seadra', 'Venomoth', 'Sunflora', 'Hitmonchan', 'Elekid', 'Murkrow']",46,19,18
gen2nu-1096717325,[Gen 2] NU,2020-04-14 20:36:40,,wynaut48382,rage81487,rage81487,False,"['Flareon', 'Xatu', 'Octillery', 'Murkrow', 'Dewgong', 'Primeape']","['Magnemite', 'Octillery', 'Dunsparce', 'Xatu']",36,16,8
gen2nu-878270240,[Gen 2] NU,2019-03-18 21:21:20,,ursaring45910,zenheadbutt21681,ursaring45910,False,"['Wobbuffet', 'Dugtrio', 'Raichu', 'Delibird', 'Shuckle']","[""Farfetch'D"", 'Ninetales', 'Dugtrio', 'Croconaw', 'Parasect', 'Raichu']",35,9,9
smogtours-gen2nu-551941,[Gen 2] NU,2021-03-29 00:20:21,,onix94468,watergun59811,watergun59811,True,"['Xatu', 'Dragonair', 'Weezing', 'Lickitung', 'Dewgong', 'Dugtrio']","['Kingler', 'Xatu', 'Wigglytuff', 'Graveler', 'Chinchou']",29,13,9
smogtours-gen2nu-723647,[Gen 2] NU,2023-10-14 21:03:08,,watmelberry24903,pidgeot17027,pidgeot17027,False,"['Seadra', 'Clefairy', 'Murkrow', 'Tangela', 'Delibird', 'Gastly']","['Seadra', 'Hitmontop', 'Elekid', 'Murkrow', 'Tangela', 'Delibird']",54,17,14
gen2nu-1124811264,[Gen 2] NU,2020-06-01 12:50:33,,trick33871,watergun59811,trick33871,False,"['Murkrow', 'Primeape', 'Noctowl']","[""Farfetch'D"", 'Venomoth', 'Flareon', 'Cubone', 'Ariados', 'Ledian']",42,2,16
smogtours-gen2nu-566529,[Gen 2] NU,2021-06-18 23:10:53,,watergun59811,stoneplate32738,watergun59811,False,"['Rapidash', 'Flareon', 'Xatu', 'Dragonair', 'Dewgong', 'Dugtrio']","['Flareon', 'Xatu', 'Octillery', 'Dragonair', 'Dewgong', 'Magnemite']",32,6,9
gen2nu-1040001198,[Gen 2] NU,2020-01-03 02:04:54,1047,cacnea69953,raindish97917,cacnea69953,False,"['Machoke', 'Onix', 'Arbok', 'Aipom', 'Beedrill', 'Delibird']","['Flareon', 'Pineco', 'Xatu', 'Octillery', 'Wigglytuff', 'Weezing']",28,5,7
gen2nu-1123984110,[Gen 2] NU,2020-05-30 20:43:07,,amnesia25800,watergun59811,amnesia25800,False,"['Octillery', 'Magmar', 'Xatu']","['Pidgeot', 'Delibird', 'Xatu', 'Mantine', 'Murkrow', 'Fearow']",18,2,5
gen2nu-2106493313,[Gen 2] NU,2024-04-18 20:00:49,,rattata90247,marshtomp99135,rattata90247,False,"['Togetic', 'Magby', 'Butterfree', 'Onix', 'Smoochum', 'Croconaw']","['Togetic', 'Butterfree', 'Diglett', 'Smoochum', 'Croconaw', 'Koffing']",55,25,25
smogtours-gen2nu-701964,[Gen 2] NU,2023-07-09 01:33:06,,venusaur88702,articuno75579,venusaur88702,True,"['Dewgong', 'Ninetales', 'Gloom', 'Seaking']","['Weezing', 'Octillery', 'Houndour', 'Hitmonlee']",14,3,3
smogtours-gen2nu-444792,[Gen 2] NU,2019-06-02 02:20:43,,tangrowth58764,magmastorm83132,magmastorm83132,True,"['Golduck', 'Pineco', 'Xatu', 'Weezing', 'Graveler', 'Raichu']","['Pineco', 'Exeggcute', 'Weezing', 'Poliwrath', 'Raichu', 'Primeape']",48,24,18
smogtours-gen2nu-443025,[Gen 2] NU,2019-05-24 19:57:44,,magmastorm83132,lavaplume47096,magmastorm83132,False,"['Kingler', 'Sudowoodo', 'Exeggcute', 'Poliwrath', 'Dugtrio', 'Raichu']","['Pineco', 'Exeggcute', 'Weezing', 'Poliwrath', 'Raichu', 'Primeape']",77,31,32
smogtours-gen2nu-595609,[Gen 2] NU,2021-11-30 12:49:05,,trick33871,poisongas8357,trick33871,True,"['Pineco', 'Xatu', 'Octillery', 'Gloom', 'Shuckle']","['Xatu', 'Dugtrio', 'Chinchou', 'Gloom', 'Magnemite', 'Fearow']",450,218,199
gen2nu-830590854,[Gen 2] NU,2018-11-04 22:04:10,,gripclaw76305,protean59949,protean59949,True,"['Raichu', 'Dewgong', 'Weezing', 'Flareon']","['Aipom', 'Poliwrath']",6,3,1
gen2nu-965923442,[Gen 2] NU,2019-08-25 20:05:02,,lavaplume47096,infernape2360,lavaplume47096,False,"['Doduo', 'Poliwag', 'Sandshrew', 'Elekid', 'Drowzee']","['Doduo', 'Machop', 'Poliwag', 'Sandshrew', 'Elekid', 'Drowzee']",42,8,9
gen2nu-1170505072,[Gen 2] NU,2020-08-17 17:12:46,,watergun59811,alakazammega81122,watergun59811,True,"['Kingler', 'Ninetales', 'Sudowoodo', 'Pineco', 'Xatu', 'Gloom']","['Kingler', 'Ninetales', 'Pineco', 'Wigglytuff', 'Weezing', 'Dugtrio']",42,10,12
smogtours-gen2nu-672214,[Gen 2] NU,2023-01-30 21:49:04,,articuno75579,koffing28618,articuno75579,False,"['Pineco', 'Xatu', 'Dewgong', 'Dugtrio', 'Chinchou', 'Fearow']","['Ninetales', 'Xatu', 'Dewgong', 'Gloom', 'Persian', 'Primeape']",35,15,13
smogtours-gen2nu-570187,[Gen 2] NU,2021-07-13 21:16:54,,snowwarning13339,constrict53264,constrict53264,False,"['Magby', 'Growlithe', 'Smoochum', 'Ivysaur', 'Meowth', 'Yanma']","['Pidgeotto', 'Magby', 'Mareep', 'Smoochum', 'Ivysaur', 'Croconaw']",35,10,9
smogtours-gen2nu-596920,[Gen 2] NU,2021-12-11 17:09:06,,extremespeed30289,rock51085,rock51085,False,"['Pineco', 'Xatu', 'Octillery', 'Weezing', 'Dugtrio', 'Primeape']","['Pineco', 'Xatu', 'Octillery', 'Stantler', 'Gloom', 'Primeape']",46,12,13
gen2nu-1040187094,[Gen 2] NU,2020-01-03 12:18:50,1000,chimecho8592,meditate33748,chimecho8592,True,['Murkrow'],"['Ariados', ""Farfetch'D"", 'Flareon', 'Venomoth']",8,0,4
gen2nu-2125057364,[Gen 2] NU,2024-05-17 19:29:04,,denpowerghost52706,quickclaw83695,quickclaw83695,False,"['Staryu', 'Pineco', 'Houndour', 'Elekid', 'Mankey', 'Diglett']","['Staryu', 'Pineco', 'Elekid', 'Mankey', 'Diglett']",15,6,5
gen2nu-897689694,[Gen 2] NU,2019-04-23 12:09:10,,wakeupslap73500,poisongas8357,poisongas8357,False,"['Pineco', 'Xatu', 'Weezing', 'Poliwrath', 'Raichu', 'Gastly']","['Golduck', 'Sunflora', 'Weezing', 'Graveler', 'Raichu', 'Fearow']",66,26,25
gen2nu-1134897534,[Gen 2] NU,2020-06-18 17:18:23,,watergun59811,lifeorb26007,watergun59811,False,"['Porygon', 'Wigglytuff', 'Stantler', 'Lickitung', 'Persian', 'Fearow']","['Flareon', 'Xatu', 'Pineco', 'Octillery', 'Graveler', 'Magnemite']",24,6,8
gen2nu-1157953406,[Gen 2] NU,2020-07-26 12:42:04,,trick33871,watergun59811,watergun59811,True,"['Porygon', 'Pineco', 'Drowzee', 'Gloom', 'Croconaw', 'Charmeleon']","['Pineco', 'Octillery', 'Hitmonchan', 'Stantler', 'Chinchou', 'Persian']",55,12,12
smogtours-gen2nu-599009,[Gen 2] NU,2021-12-23 00:21:29,,zapdos59192,rock51085,rock51085,False,"['Pineco', 'Xatu', 'Dewgong', 'Hitmonlee', 'Magmar', 'Fearow']","['Rapidash', 'Pineco', 'Xatu', 'Wigglytuff', 'Dewgong', 'Dugtrio']",56,15,17
gen2nu-2262589536,[Gen 2] NU,2024-12-13 23:48:58,,gravity42933,metalsound31619,gravity42933,False,"['Pineco', 'Xatu', 'Octillery', 'Weezing', 'Stantler', 'Primeape']","['Porygon', 'Pineco', 'Weezing', 'Stantler', 'Dewgong', 'Primeape']",30,13,14
gen2nu-746864870,[Gen 2] NU,2018-05-13 18:41:18,,assist74543,dragonfang20633,assist74543,True,"['Seadra', 'Haunter', 'Fearow', 'Pineco']","['Kingler', 'Sunflora', 'Rapidash', 'Hitmonchan', 'Arbok', 'Dugtrio']",20,7,7
gen2nu-1151276547,[Gen 2] NU,2020-07-14 23:08:23,,watergun59811,present11303,watergun59811,False,"['Exeggcute', 'Ninetales', 'Sudowoodo', 'Chinchou']","['Flareon', 'Xatu', 'Octillery', 'Dragonair', 'Dewgong', 'Magnemite']",36,8,17
gen2nu-874273225,[Gen 2] NU,2019-03-10 21:58:53,,sonicboom26327,lairon23875,lairon23875,False,"['Xatu', 'Exeggcute', 'Dugtrio', 'Raichu', 'Primeape', 'Gastly']","['Ninetales', 'Pineco', 'Xatu', 'Weezing', 'Tangela', 'Magmar']",45,13,13
gen2nu-1134276423,[Gen 2] NU,2020-06-17 16:21:10,,watergun59811,oddincense6510,oddincense6510,False,"['Xatu', 'Weezing', 'Chinchou', 'Primeape', 'Magmar', 'Fearow']","['Pineco', 'Xatu', 'Wigglytuff', 'Weezing', 'Dugtrio', 'Magmar']",42,13,14
gen2nu-836041151,[Gen 2] NU,2018-11-15 18:57:50,,larvitar96901,curse9658,curse9658,False,"['Pineco', 'Weezing', 'Charmeleon', 'Feraligatr', 'Raichu', 'Primeape']","['Poliwrath', 'Dugtrio', 'Parasect', 'Raichu', 'Delibird']",26,8,5
gen2nu-831958583,[Gen 2] NU,2018-11-07 17:32:46,,leafstone28532,attract39347,leafstone28532,False,"['Sudowoodo', 'Pineco', 'Bayleef', 'Weezing', 'Raichu', 'Primeape']","['Kingler', 'Sunflora', 'Magcargo', 'Dunsparce', 'Mantine', 'Raichu']",48,19,17
smogtours-gen2nu-670037,[Gen 2] NU,2023-01-22 14:16:40,,shadowsneak30,liechiberry37967,liechiberry37967,True,"['Magby', 'Doduo', 'Bayleef', 'Smoochum', 'Croconaw', 'Tentacool']","['Togetic', 'Magby', 'Doduo', 'Smoochum', 'Croconaw', 'Diglett']",42,15,10
gen2nu-2122946299,[Gen 2] NU,2024-05-12 05:02:50,,regigigas73727,delcatty31981,delcatty31981,True,"['Porygon', 'Pineco', 'Sandshrew', 'Ledyba', 'Houndour', 'Omanyte']","['Doduo', 'Cubone', 'Houndour', 'Chinchou', 'Squirtle', 'Gastly']",22,11,10
smogtours-gen2nu-723643,[Gen 2] NU,2023-10-14 20:46:26,,watmelberry24903,pidgeot17027,watmelberry24903,False,"['Venomoth', 'Sunflora', 'Elekid', 'Murkrow', 'Delibird', 'Golbat']","['Venomoth', 'Sunflora', 'Hitmontop', 'Elekid', 'Murkrow', 'Gastly']",36,8,13
smogtours-gen2nu-602787,[Gen 2] NU,2022-01-15 23:34:54,,zapdos59192,quickpowder55779,zapdos59192,False,"['Flareon', 'Pineco', 'Xatu', 'Octillery', 'Stantler', 'Dugtrio']","['Sudowoodo', 'Pineco', 'Xatu', 'Wigglytuff', 'Weezing', 'Persian']",29,7,14
gen2nu-1147140273,[Gen 2] NU,2020-07-08 02:07:34,,magoberry70595,innerfocus91859,innerfocus91859,True,"['Pidgeot', 'Mantine', 'Hitmonchan', 'Seaking', 'Persian', 'Delibird']","['Pineco', 'Xatu', 'Weezing', 'Dewgong', 'Magmar']",28,8,6
smogtours-gen2nu-719175,[Gen 2] NU,2023-09-24 19:53:29,,zoomlens36961,astonish32045,astonish32045,True,"['Noctowl', 'Flaaffy', 'Sneasel', 'Tangela', 'Golbat']","['Cubone', 'Eevee', 'Elekid', 'Ariados', 'Tangela']",26,5,7
gen2nu-1098623090,[Gen 2] NU,2020-04-18 00:31:09,,brightpowder1774,quickpowder71749,brightpowder1774,False,"['Kingler', 'Pidgeot', 'Rapidash', 'Dragonair', 'Hitmonlee', 'Gastly']","['Pidgeot', 'Dunsparce', 'Houndour', 'Wigglytuff', 'Weezing', 'Stantler']",49,11,17
smogtours-gen2nu-843099,[Gen 2] NU,2025-05-17 15:09:31,,articuno75579,aircutter24151,articuno75579,True,"['Rapidash', 'Pineco', 'Xatu', 'Octillery', 'Primeape', 'Fearow']","['Sudowoodo', 'Wigglytuff', 'Weezing', 'Stantler', 'Chinchou', 'Persian']",36,11,12
gen2nu-753034707,[Gen 2] NU,2018-05-26 07:40:18,,delcatty31981,nknownability24024,nknownability24024,False,"['Pineco', 'Haunter', 'Mantine', 'Lickitung', 'Dugtrio', 'Parasect']","['Pineco', 'Octillery', 'Haunter', 'Mr. Mime', 'Dugtrio', 'Pikachu']",27,9,9
smogtours-gen2nu-730349,[Gen 2] NU,2023-11-12 20:48:13,,rotomfan35023,stench25210,stench25210,True,"['Kingler', 'Flareon', 'Xatu', 'Wigglytuff', 'Weezing', 'Chinchou']","['Ninetales', 'Pineco', 'Octillery', 'Weezing', 'Stantler', 'Hitmonlee']",77,26,26
smogtours-gen2nu-531019,[Gen 2] NU,2020-12-06 20:13:04,,altaria32948,watergun59811,watergun59811,True,"['Bayleef', 'Wigglytuff', 'Mantine', 'Graveler', 'Lickitung', 'Shuckle']","['Pineco', 'Xatu', 'Octillery', 'Dugtrio', 'Magmar', 'Fearow']",50,26,22
gen2nu-744571853,[Gen 2] NU,2018-05-09 00:44:47,,chatter18586,suckerpunch32797,chatter18586,False,"['Rapidash', 'Octillery', 'Mr. Mime', 'Pikachu', 'Shuckle']","['Sudowoodo', 'Hitmontop', 'Arbok', 'Murkrow', 'Lickitung', 'Pikachu']",36,11,9
smogtours-gen2nu-527157,[Gen 2] NU,2020-11-13 21:52:46,,wringout43587,rabutaberry90278,wringout43587,False,"['Venomoth', 'Pidgey', 'Hitmonchan', 'Poliwhirl', 'Elekid', 'Krabby']","['Doduo', 'Quilava', 'Ivysaur', 'Aipom', 'Tangela', 'Gastly']",25,7,5
gen2nu-836580596,[Gen 2] NU,2018-11-16 19:37:58,,chartiberry95074,rage81487,chartiberry95074,True,"['Ninetales', 'Xatu', 'Graveler', 'Feraligatr', 'Raichu']","['Sunflora', 'Sudowoodo', 'Pineco', 'Hitmontop', 'Feraligatr', 'Fearow']",54,17,17
smogtours-gen2nu-570210,[Gen 2] NU,2021-07-13 22:23:01,,watergun59811,mimejr67810,watergun59811,False,"['Flareon', 'Azumarill', 'Gloom', 'Xatu']","['Rapidash', 'Sudowoodo', 'Xatu', 'Octillery', 'Weezing', 'Primeape']",44,8,10
gen2nu-1159388377,[Gen 2] NU,2020-07-28 22:29:53,,watergun59811,liechiberry79283,liechiberry79283,False,"['Kingler', 'Pineco', 'Sneasel', 'Stantler', 'Dugtrio', 'Croconaw']","['Kingler', 'Dunsparce', 'Xatu', 'Octillery', 'Lickitung', 'Magnemite']",83,18,26
smogtours-gen2nu-766199,[Gen 2] NU,2024-05-05 20:28:53,,liechiberry37967,quagsire94479,liechiberry37967,False,"['Pineco', 'Octillery', 'Weezing', 'Stantler', 'Pupitar', 'Fearow']","['Xatu', 'Octillery', 'Graveler', 'Magnemite', 'Primeape', 'Delibird']",38,13,15
gen2nu-743091583,[Gen 2] NU,2018-05-05 23:28:57,,guardswap70902,magikarp87134,magikarp87134,False,"['Seadra', 'Venomoth', 'Rapidash', 'Hitmontop', 'Murkrow', 'Pikachu']","['Kingler', 'Venomoth', 'Dugtrio', 'Dunsparce']",56,19,13
smogtours-gen2nu-688316,[Gen 2] NU,2023-04-17 15:34:53,,chargebeam2564,buneary57593,buneary57593,False,"['Togetic', 'Magby', 'Teddiursa', 'Smoochum', 'Croconaw', 'Koffing']","['Magby', 'Grimer', 'Onix', 'Seel', 'Croconaw', 'Koffing']",25,11,9
smogtours-gen2nu-776118,[Gen 2] NU,2024-06-22 21:30:02,,articuno75579,aircutter24151,articuno75579,False,"['Ninetales', 'Hitmontop', 'Graveler', 'Dewgong', 'Gloom', 'Fearow']","['Pineco', 'Xatu', 'Octillery', 'Weezing', 'Stantler', 'Magnemite']",54,21,25
gen2nu-1119466336,[Gen 2] NU,2020-05-22 19:33:44,,adamantorb36589,watergun59811,watergun59811,False,"['Seadra', 'Rapidash', 'Xatu', 'Weezing', 'Lickitung', 'Chinchou']","['Seadra', 'Rapidash', 'Xatu', 'Weezing', 'Elekid', 'Lickitung']",34,8,10
gen2nu-825028826,[Gen 2] NU,2018-11-23 14:46:22,,dreadplate92651,clefable74034,clefable74034,False,"['Sudowoodo', 'Pineco', 'Ivysaur', 'Feraligatr', 'Raichu', 'Fearow']","['Sudowoodo', 'Flareon', 'Wigglytuff', 'Poliwrath', 'Raichu']",43,13,9
gen2nu-836702189,[Gen 2] NU,2018-11-16 23:56:09,1037,grimer63502,metalclaw67212,metalclaw67212,False,"['Kingler', 'Sunflora', 'Xatu', 'Weezing', 'Sneasel', 'Hitmonlee']","['Ninetales', 'Pineco', 'Xatu', 'Dugtrio', 'Raichu']",31,11,9
smogtours-gen2nu-742560,[Gen 2] NU,2024-01-28 02:12:32,,articuno75579,innerfocus97582,innerfocus97582,False,"['Ninetales', 'Vileplume', 'Dunsparce', 'Octillery', 'Graveler', 'Fearow']","['Sudowoodo', 'Weezing', 'Stantler', 'Dewgong', 'Delibird']",48,19,20
gen2nu-750390375,[Gen 2] NU,2018-05-20 23:47:41,,aggron60452,gardevoir41806,aggron60452,False,"['Noctowl', 'Poliwhirl', 'Sneasel', 'Ivysaur', 'Elekid', 'Corsola']","['Magcargo', 'Noctowl', 'Poliwhirl', 'Ivysaur', 'Elekid', 'Furret']",40,15,17
smogtours-gen2nu-730864,[Gen 2] NU,2023-11-16 23:39:28,,rotomfan35023,innerfocus97582,innerfocus97582,False,"['Kingler', 'Xatu', 'Houndour', 'Wigglytuff', 'Weezing', 'Primeape']","['Pineco', 'Xatu', 'Octillery', 'Wigglytuff', 'Weezing', 'Stantler']",27,12,10
gen2nu-2240226189,[Gen 2] NU,2024-11-08 23:27:39,,rattata41549,umbreon6699,umbreon6699,True,"['Pineco', 'Xatu', 'Octillery', 'Dewgong', 'Dugtrio', 'Primeape']","['Rapidash', 'Xatu', 'Weezing', 'Chinchou', 'Fearow']",28,6,8
gen2nu-1174566924,[Gen 2] NU,2020-08-24 17:18:50,,mindplate42012,bug12723,bug12723,False,"['Sudowoodo', 'Rapidash', 'Xatu', 'Weezing', 'Chinchou', 'Primeape']","['Venomoth', 'Arbok', 'Dewgong', 'Persian', 'Magmar', 'Fearow']",51,17,14
smogtours-gen2nu-650595,[Gen 2] NU,2022-09-24 22:43:58,,shiftry23835,honeygather86735,honeygather86735,True,"['Ninetales', 'Rapidash', 'Pineco', 'Xatu', 'Octillery', 'Wigglytuff']","['Rapidash', 'Flareon', 'Wigglytuff', 'Graveler', 'Mantine', 'Gloom']",69,34,28
smogtours-gen2nu-530812,[Gen 2] NU,2020-12-05 20:34:52,,sharpedo31502,watergun59811,watergun59811,False,"['Pidgeot', 'Xatu', 'Wartortle', 'Gloom', 'Pupitar', 'Magnemite']","['Kingler', 'Flareon', 'Xatu', 'Pineco', 'Wigglytuff', 'Graveler']",54,24,22
gen2nu-1052028181,[Gen 2] NU,2020-01-24 18:03:16,,judgment88768,quilava99512,judgment88768,False,"['Kingler', 'Dunsparce', 'Xatu', 'Octillery', 'Lickitung', 'Magnemite']","['Xatu', 'Octillery', 'Graveler', 'Lickitung', 'Tangela', 'Gastly']",70,15,13
smogtours-gen2nu-652184,[Gen 2] NU,2022-10-01 23:06:19,,watmelberry24903,honeygather86735,honeygather86735,False,"['Porygon', 'Pineco', 'Xatu', 'Weezing', 'Chinchou', 'Fearow']","['Sunflora', 'Rapidash', 'Wigglytuff', 'Graveler', 'Mantine', 'Chinchou']",59,22,20
gen2nu-2013032032,[Gen 2] NU,2023-12-16 21:52:43,,stoneplate55960,chimchar12577,stoneplate55960,False,"['Porygon', 'Pineco', 'Octillery', 'Weezing', 'Primeape', 'Fearow']","['Porygon', 'Flareon', 'Pineco', 'Exeggcute', 'Weezing', 'Chinchou']",42,17,17
smogtours-gen2nu-527077,[Gen 2] NU,2020-11-13 01:30:17,,static17787,pluck40365,static17787,False,"['Kingler', 'Ninetales', 'Pineco', 'Xatu', 'Chinchou', 'Hitmonlee']","['Kingler', 'Pineco', 'Xatu', 'Weezing', 'Dugtrio', 'Parasect']",47,11,17
gen2nu-743152910,[Gen 2] NU,2018-05-06 02:21:03,,burntberry44446,dialga48280,dialga48280,False,"['Pidgeot', 'Azumarill', 'Mr. Mime', 'Dugtrio', 'Lickitung', 'Persian']","['Octillery', 'Hitmonchan', 'Lickitung', 'Mr. Mime', 'Dugtrio', 'Pikachu']",58,16,9
smogtours-gen2nu-634415,[Gen 2] NU,2022-06-25 15:03:45,,guts47619,chargebeam2564,guts47619,False,"['Pineco', 'Xatu', 'Stantler', 'Dewgong', 'Dugtrio', 'Gloom']","['Kingler', 'Ninetales', 'Pineco', 'Xatu', 'Wigglytuff', 'Weezing']",36,14,19
gen2nu-1170961989,[Gen 2] NU,2020-08-18 12:37:11,,sharpedo31502,watergun59811,sharpedo31502,False,"['Xatu', 'Octillery', 'Wigglytuff', 'Weezing', 'Primeape', 'Magmar']","['Voltorb', 'Kingler', 'Ninetales', 'Wigglytuff', 'Weezing', 'Dugtrio']",37,15,14
gen2nu-1134884988,[Gen 2] NU,2020-06-18 17:00:59,,watergun59811,amnesia25800,watergun59811,False,"['Pidgeot', 'Xatu', 'Weezing', 'Chinchou', 'Primeape', 'Gastly']","['Flareon', 'Xatu', 'Octillery', 'Magmar', 'Tangela', 'Ledian']",45,13,17
smogtours-gen2nu-662177,[Gen 2] NU,2022-11-20 13:08:39,,innerfocus91859,magnetpull75337,innerfocus91859,False,"['Ninetales', 'Pineco', 'Xatu', 'Azumarill', 'Weezing', 'Stantler']","['Ninetales', 'Pineco', 'Xatu', 'Octillery', 'Wigglytuff', 'Dugtrio']",56,14,15
smogtours-gen2nu-730204,[Gen 2] NU,2023-11-12 16:29:07,,watmelberry24903,buneary57593,buneary57593,True,"['Rapidash', 'Pineco', 'Weezing', 'Chinchou', 'Persian', 'Fearow']","['Porygon', 'Sudowoodo', 'Octillery', 'Weezing', 'Stantler', 'Dugtrio']",49,18,16
gen2nu-1170503909,[Gen 2] NU,2020-08-17 17:05:54,,alakazammega81122,watergun59811,alakazammega81122,True,"['Wigglytuff', 'Weezing']","['Rapidash', 'Xatu', 'Lickitung', 'Ariados', 'Ledian']",13,2,4
smogtours-gen2nu-595747,[Gen 2] NU,2021-12-02 19:13:48,,zapdos59192,zoomlens36961,zapdos59192,False,"['Dewgong', 'Dugtrio', 'Pineco', 'Xatu']","['Kingler', 'Pineco', 'Xatu', 'Wigglytuff', 'Dugtrio', 'Gloom']",36,4,12
smogtours-gen2nu-700484,[Gen 2] NU,2023-07-01 21:36:14,,innerfocus97582,outrage46997,innerfocus97582,False,"['Venomoth', 'Magcargo', 'Hitmontop', 'Seaking', 'Drowzee']","['Venomoth', 'Magcargo', 'Hitmontop', 'Flaaffy', 'Seaking', 'Murkrow']",30,6,12
smogtours-gen2nu-551990,[Gen 2] NU,2021-03-29 01:18:28,,watergun59811,onix94468,watergun59811,True,"['Xatu', 'Weezing', 'Stantler', 'Chinchou', 'Primeape', 'Magmar']","['Flareon', 'Xatu', 'Dragonair', 'Dewgong', 'Gloom', 'Magnemite']",38,14,18
smogtours-gen2nu-735216,[Gen 2] NU,2023-12-15 21:54:53,,aircutter24151,stench25210,aircutter24151,False,"['Flareon', 'Octillery', 'Weezing', 'Magnemite', 'Primeape', 'Fearow']","['Ninetales', 'Pineco', 'Octillery', 'Weezing', 'Stantler', 'Chinchou']",58,18,26
smogtours-gen2nu-406973,[Gen 2] NU,2018-12-05 00:55:39,,magmastorm83132,shadowclaw51134,magmastorm83132,False,"['Rapidash', 'Pineco', 'Xatu', 'Dugtrio', 'Feraligatr', 'Fearow']","['Rapidash', 'Pineco', 'Bayleef', 'Poliwrath', 'Dugtrio', 'Raichu']",23,10,11
gen2nu-1073017734,[Gen 2] NU,2020-03-03 21:28:09,,slowking72956,dialga90414,slowking72956,True,"['Kingler', 'Dunsparce', 'Xatu', 'Octillery', 'Lickitung', 'Magnemite']","['Ninetales', 'Azumarill', 'Graveler', 'Weezing', 'Delibird', 'Shuckle']",52,14,21
smogtours-gen2nu-699478,[Gen 2] NU,2023-06-26 00:14:00,,innerfocus91859,astonish32045,astonish32045,False,"['Togetic', 'Magby', 'Onix', 'Meowth', 'Croconaw', 'Tentacool']","['Togetic', 'Magby', 'Onix', 'Ledyba', 'Croconaw', 'Tentacool']",60,15,15
smogtours-gen2nu-411025,[Gen 2] NU,2018-11-24 22:11:23,,sitrusberry77995,sharpedo96453,sitrusberry77995,False,"['Ninetales', 'Sunflora', 'Pineco', 'Feraligatr', 'Gastly']","['Voltorb', 'Pineco', 'Poliwrath', 'Ledian', 'Gastly']",22,5,5
smogtours-gen2nu-738893,[Gen 2] NU,2024-01-12 21:48:54,,bonemerang32569,focusband38548,focusband38548,False,"['Doduo', 'Porygon', 'Houndour', 'Diglett', 'Magnemite', 'Abra']","['Staryu', 'Porygon', 'Sandshrew', 'Houndour', 'Diglett', 'Abra']",28,12,9
gen2nu-1161044794,[Gen 2] NU,2020-07-31 19:01:49,,watergun59811,alakazammega2287,watergun59811,False,"['Kingler', 'Pineco', 'Xatu', 'Stantler', 'Dugtrio', 'Croconaw']","['Flareon', 'Xatu', 'Mantine', 'Lickitung', 'Parasect', 'Delibird']",30,5,9
gen2nu-1101031770,[Gen 2] NU,2020-04-22 01:27:15,,dragonrush34751,glaceon67942,glaceon67942,True,"['Flareon', 'Xatu', 'Pineco', 'Octillery', 'Graveler', 'Magnemite']","['Pineco', 'Flareon', 'Xatu', 'Octillery', 'Weezing', 'Dewgong']",34,14,15
smogtours-gen2nu-676922,[Gen 2] NU,2023-02-23 23:13:02,,innerfocus97582,firestone64684,firestone64684,False,"['Togetic', 'Magby', 'Onix', 'Meowth', 'Croconaw', 'Tentacool']","['Magby', 'Onix', 'Smoochum', 'Nidorino', 'Croconaw', 'Tentacool']",33,13,9
smogtours-gen2nu-714496,[Gen 2] NU,2023-09-06 15:38:31,,sniper70774,screech4752,screech4752,True,"['Xatu', 'Octillery', 'Weezing', 'Gloom', 'Magnemite', 'Primeape']","['Pineco', 'Xatu', 'Wigglytuff', 'Weezing', 'Dugtrio']",37,14,14
gen2nu-1155458767,[Gen 2] NU,2020-07-22 01:41:21,,hydration43285,overgrow36009,overgrow36009,False,"['Ninetales', 'Xatu', 'Mantine', 'Dugtrio', 'Primeape', 'Fearow']","['Pidgeot', 'Dunsparce', 'Houndour', 'Wigglytuff', 'Weezing', 'Stantler']",38,14,6
gen2nu-1175307413,[Gen 2] NU,2020-08-25 20:53:54,,mindplate42012,watergun59811,watergun59811,True,"['Kingler', 'Dunsparce', 'Xatu', 'Octillery', 'Lickitung', 'Magnemite']","['Ninetales', 'Vileplume', 'Xatu', 'Azumarill', 'Magnemite', 'Fearow']",90,14,23
gen2nu-1159409311,[Gen 2] NU,2020-07-28 23:07:51,,watergun59811,alakazammega2287,watergun59811,True,"['Ninetales', 'Sudowoodo', 'Pineco', 'Xatu', 'Chinchou']","['Flareon', 'Xatu', 'Mantine', 'Lickitung', 'Parasect', 'Delibird']",26,9,10
smogtours-gen2nu-701974,[Gen 2] NU,2023-07-09 01:48:16,,venusaur88702,articuno75579,articuno75579,False,"['Kingler', 'Sudowoodo', 'Exeggcute', 'Weezing', 'Graveler', 'Stantler']","['Xatu', 'Weezing', 'Graveler', 'Stantler', 'Dewgong', 'Primeape']",15,6,9
smogtours-gen2nu-820092,[Gen 2] NU,2025-02-15 22:26:09,,tangledfeet30693,astonish32045,tangledfeet30693,False,"['Pidgeot', 'Pineco', 'Wigglytuff', 'Weezing', 'Stantler', 'Dewgong']","['Rapidash', 'Pineco', 'Xatu', 'Octillery', 'Stantler', 'Pupitar']",77,22,21
smogtours-gen2nu-742522,[Gen 2] NU,2024-01-28 00:53:35,,articuno75579,pickup28423,pickup28423,False,"['Pineco', 'Xatu', 'Octillery', 'Weezing', 'Stantler', 'Primeape']","['Kingler', 'Pineco', 'Houndour', 'Octillery', 'Weezing', 'Stantler']",112,17,16
smogtours-gen2nu-659650,[Gen 2] NU,2022-11-05 21:40:24,,outrage46997,hitmonchan30284,outrage46997,True,"['Ninetales', 'Pineco', 'Graveler', 'Dewgong', 'Tangela']","['Octillery', 'Fearow', 'Gloom', 'Xatu']",93,30,30
smogtours-gen2nu-813891,[Gen 2] NU,2025-01-12 17:04:20,,sunstone71283,quagsire94479,quagsire94479,True,"['Porygon', 'Octillery', 'Weezing', 'Graveler', 'Stantler', 'Primeape']","['Rapidash', 'Pineco', 'Xatu', 'Octillery', 'Chinchou', 'Gastly']",37,12,14
smogtours-gen2nu-650516,[Gen 2] NU,2022-09-24 20:54:57,,shiftry23835,honeygather86735,shiftry23835,True,"['Stantler', 'Wigglytuff', 'Rapidash', 'Sudowoodo']","['Flareon', 'Xatu', 'Octillery', 'Wigglytuff', 'Weezing']",39,6,10
gen2nu-1120873856,[Gen 2] NU,2020-05-25 09:13:22,,amnesia25800,watergun59811,watergun59811,False,"['Rapidash', 'Xatu', 'Sneasel', 'Lickitung', 'Chinchou', 'Primeape']","['Rapidash', 'Xatu', 'Mantine', 'Hitmonchan', 'Lickitung', 'Pupitar']",33,14,10
smogtours-gen2nu-666754,[Gen 2] NU,2022-12-31 01:05:41,,rockpolish84152,arceuswater57688,arceuswater57688,False,"['Pineco', 'Xatu', 'Octillery', 'Weezing', 'Stantler', 'Magnemite']","['Xatu', 'Octillery', 'Weezing', 'Gloom', 'Magnemite', 'Primeape']",91,20,15
gen2nu-1098605721,[Gen 2] NU,2020-04-18 00:31:16,,stringshot28281,brightpowder1774,stringshot28281,False,"['Flareon', 'Xatu', 'Octillery', 'Wigglytuff', 'Weezing', 'Graveler']","['Noctowl', 'Sunflora', 'Hitmontop', 'Flaaffy', 'Dragonair', 'Arbok']",41,12,14
smogtours-gen2nu-568912,[Gen 2] NU,2021-07-02 23:05:37,,watergun59811,stoneplate32738,stoneplate32738,False,"['Xatu', 'Octillery', 'Weezing', 'Dugtrio', 'Primeape', 'Fearow']","['Kingler', 'Xatu', 'Weezing', 'Dragonair', 'Stantler', 'Gloom']",46,11,13
gen2nu-1087299778,[Gen 2] NU,2020-03-29 10:23:49,,solrock12454,frz75,solrock12454,False,"['Machop', 'Staryu', 'Porygon', 'Houndour', 'Elekid', 'Gastly']","['Porygon', 'Pineco', 'Houndour', 'Larvitar', 'Diglett', 'Abra']",33,5,7
gen2nu-746866665,[Gen 2] NU,2018-05-13 18:58:31,,soundproof26499,honeygather89597,soundproof26499,False,"['Seadra', 'Sudowoodo', 'Rapidash', 'Raticate', 'Mr. Mime', 'Dugtrio']","['Rapidash', 'Pineco', 'Hitmontop', 'Haunter', 'Dugtrio', 'Dewgong']",26,5,6
smogtours-gen2nu-815117,[Gen 2] NU,2025-01-19 20:14:46,,goldberry53422,tangledfeet30693,goldberry53422,False,"['Octillery', 'Wigglytuff', 'Weezing', 'Graveler', 'Chinchou']","['Pineco', 'Octillery', 'Weezing', 'Magnemite', 'Primeape', 'Fearow']",27,9,12
gen2nu-2130371944,[Gen 2] NU,2024-05-25 18:07:49,,venusaur88702,articuno75579,venusaur88702,True,"['Porygon', 'Wigglytuff', 'Weezing', 'Graveler', 'Stantler', 'Dewgong']","['Kingler', 'Flareon', 'Dewgong', 'Gloom', 'Primeape']",53,14,13
gen2nu-1108237140,[Gen 2] NU,2020-05-04 01:12:40,,fire24746,kelpsyberry42591,fire24746,False,"['Xatu', 'Weezing', 'Graveler', 'Dewgong', 'Hitmonlee']","['Butterfree', 'Octillery', 'Sneasel', 'Dugtrio', 'Hitmonlee', 'Magmar']",22,8,9
smogtours-gen2nu-679926,[Gen 2] NU,2023-03-12 17:02:35,,lick25189,lightclay48488,lightclay48488,True,"['Togetic', 'Magby', 'Doduo', 'Bayleef', 'Onix', 'Croconaw']","['Togetic', 'Magby', 'Onix', 'Meowth', 'Croconaw', 'Tentacool']",51,19,14
gen2nu-1112965078,[Gen 2] NU,2020-05-11 22:38:01,,weedle59449,amnesia25800,amnesia25800,False,"['Kingler', 'Sudowoodo', 'Flareon', 'Octillery', 'Houndour', 'Primeape']","['Flareon', 'Pineco', 'Xatu', 'Weezing', 'Chinchou', 'Magnemite']",30,10,13
smogtours-gen2nu-700479,[Gen 2] NU,2023-07-01 21:30:28,,innerfocus97582,outrage46997,outrage46997,False,"['Bayleef', 'Hitmontop', 'Weezing', 'Stantler', 'Dewgong', 'Shuckle']","['Porygon', 'Pineco', 'Weezing', 'Graveler', 'Dewgong', 'Tangela']",133,42,39
gen2nu-1125085379,[Gen 2] NU,2020-06-01 22:25:28,,rawstberry28879,watergun59811,watergun59811,False,"['Sudowoodo', 'Pineco', 'Seaking', 'Sneasel', 'Stantler', 'Gloom']","['Rapidash', 'Xatu', 'Wigglytuff', 'Weezing', 'Chinchou', 'Primeape']",72,20,10
gen2nu-1170508564,[Gen 2] NU,2020-08-17 17:16:12,,alakazammega81122,watergun59811,alakazammega81122,False,"['Kingler', 'Ninetales', 'Pineco', 'Wigglytuff', 'Dugtrio']","['Voltorb', 'Pineco', 'Xatu', 'Rhyhorn', 'Sneasel', 'Dugtrio']",30,10,13
smogtours-gen2nu-605461,[Gen 2] NU,2022-01-29 20:54:44,,zapdos59192,powerherb27781,powerherb27781,False,"['Pineco', 'Xatu', 'Weezing', 'Dewgong', 'Primeape', 'Fearow']","['Kingler', 'Rapidash', 'Pineco', 'Xatu', 'Weezing', 'Dugtrio']",53,16,17
smogtours-gen2nu-670042,[Gen 2] NU,2023-01-22 14:26:45,,shadowsneak30,liechiberry37967,liechiberry37967,False,"['Magby', 'Doduo', 'Bayleef', 'Smoochum', 'Croconaw', 'Tentacool']","['Togetic', 'Magby', 'Doduo', 'Smoochum', 'Croconaw', 'Diglett']",76,21,18
gen2nu-2275101368,[Gen 2] NU,2025-01-04 22:39:12,,healball66742,rapidash13098,healball66742,False,"['Porygon', 'Pineco', 'Octillery', 'Primeape', 'Fearow']","['Rapidash', 'Pineco', 'Xatu', 'Octillery', 'Weezing', 'Stantler']",47,8,17
smogtours-gen2nu-666134,[Gen 2] NU,2022-12-24 08:41:22,,zoomlens36961,chuspikyeared66431,chuspikyeared66431,False,"['Xatu', 'Octillery', 'Houndour', 'Stantler', 'Gloom', 'Primeape']","['Pineco', 'Xatu', 'Octillery', 'Dewgong', 'Magmar', 'Fearow']",46,15,16
gen2nu-2335634906,[Gen 2] NU,2025-04-05 01:08:41,,heavyball53896,metalsound31619,metalsound31619,False,"['Kingler', 'Rapidash', 'Bayleef', 'Weezing', 'Hitmonlee', 'Magmar']","['Sudowoodo', 'Porygon', 'Weezing', 'Graveler', 'Persian', 'Primeape']",27,10,8
smogtours-gen2nu-742929,[Gen 2] NU,2024-01-28 18:22:52,,liechiberry37967,lusterpurge99010,liechiberry37967,False,"['Togetic', 'Magby', 'Bayleef', 'Teddiursa', 'Croconaw', 'Koffing']","['Magby', 'Bayleef', 'Meowth', 'Croconaw', 'Tentacool', 'Koffing']",71,25,26
smogtours-gen2nu-732175,[Gen 2] NU,2023-11-24 19:04:47,,innerfocus97582,payapaberry58955,payapaberry58955,False,"['Weezing', 'Graveler', 'Dewgong', 'Chinchou', 'Primeape', 'Fearow']","['Porygon', 'Pineco', 'Weezing', 'Stantler', 'Dugtrio', 'Dewgong']",129,33,32
smogtours-gen2nu-437410,[Gen 2] NU,2019-04-22 20:53:38,,magmastorm83132,sonicboom26327,magmastorm83132,True,"['Pineco', 'Xatu', 'Poliwrath', 'Dugtrio', 'Raichu', 'Shuckle']","['Kingler', 'Xatu', 'Arbok', 'Lickitung', 'Dugtrio', 'Raichu']",76,21,21
smogtours-gen2nu-691566,[Gen 2] NU,2023-05-06 22:50:22,,nuzleaf29867,houndour44173,houndour44173,False,"['Seadra', 'Venomoth', 'Elekid', 'Furret', 'Tangela', 'Abra']","['Furret', 'Elekid', 'Murkrow', 'Wartortle']",31,8,6
smogtours-gen2nu-663672,[Gen 2] NU,2022-12-04 02:25:41,,pickup28423,magnetpull75337,pickup28423,False,"['Pineco', 'Xatu', 'Octillery', 'Stantler', 'Dugtrio', 'Gloom']","['Pineco', 'Xatu', 'Octillery', 'Dugtrio', 'Persian', 'Fearow']",34,10,10
gen2nu-2080214106,[Gen 2] NU,2024-03-13 18:19:46,,regigigas73727,ampharos18190,regigigas73727,False,"['Voltorb', 'Staryu', 'Porygon', 'Cubone', 'Tentacool', 'Paras']","['Staryu', 'Porygon', 'Houndour', 'Elekid', 'Mankey', 'Diglett']",22,9,11
gen2nu-1164383729,[Gen 2] NU,2020-08-06 18:34:44,,deoxysattack76542,watergun59811,watergun59811,False,"['Pidgeot', 'Pineco', 'Xatu', 'Stantler', 'Murkrow', 'Corsola']","['Kingler', 'Dugtrio', 'Ninetales', 'Pineco']",23,8,3
smogtours-gen2nu-813416,[Gen 2] NU,2025-01-06 21:24:36,,futuresight13270,weepinbell75190,futuresight13270,True,"['Kingler', 'Porygon', 'Xatu', 'Octillery', 'Dugtrio']","['Ninetales', 'Octillery', 'Graveler', 'Gloom', 'Chinchou', 'Fearow']",34,6,17
smogtours-gen2nu-596413,[Gen 2] NU,2021-12-05 23:48:54,,zapdos59192,watmelberry24903,watmelberry24903,False,"['Flareon', 'Xatu', 'Pineco', 'Dugtrio', 'Chinchou', 'Persian']","['Ninetales', 'Pineco', 'Xatu', 'Stantler', 'Dewgong', 'Magnemite']",40,11,13
gen2nu-2013036804,[Gen 2] NU,2023-12-16 22:00:57,,stoneplate55960,chimchar12577,stoneplate55960,False,"['Pidgeot', 'Ninetales', 'Porygon', 'Vileplume', 'Octillery', 'Graveler']","['Sudowoodo', 'Pineco', 'Xatu', 'Octillery', 'Weezing', 'Dugtrio']",50,15,21
smogtours-gen2nu-554134,[Gen 2] NU,2021-04-04 22:49:58,,watergun59811,watmelberry24903,watergun59811,False,"['Xatu', 'Octillery', 'Dugtrio', 'Primeape', 'Magmar', 'Fearow']","['Xatu', 'Octillery', 'Graveler', 'Gloom', 'Magnemite', 'Primeape']",45,14,24
smogtours-gen2nu-535724,[Gen 2] NU,2021-01-08 21:14:41,,snore81392,quilava99512,quilava99512,False,"['Sudowoodo', 'Flareon', 'Dunsparce', 'Octillery', 'Chinchou', 'Magmar']","['Kingler', 'Flareon', 'Xatu', 'Wigglytuff', 'Weezing', 'Chinchou']",34,12,10
smogtours-gen2nu-411408,[Gen 2] NU,2018-11-29 00:04:23,,avalanche55702,sitrusberry77995,avalanche55702,True,"['Feraligatr', 'Pidgeot', 'Wigglytuff', 'Weezing']","['Kingler', 'Flareon', 'Weezing', 'Parasect', 'Raichu']",28,9,9
gen2nu-1121862020,[Gen 2] NU,2020-05-27 00:19:03,,watergun59811,amnesia25800,watergun59811,False,"['Venomoth', 'Porygon', 'Dragonair', 'Poliwhirl', 'Dewgong']","['Flareon', 'Xatu', 'Cubone', 'Dugtrio', 'Chinchou', 'Ledian']",33,5,13
pokemonhispano-gen2nu-68360,[Gen 2] NU,2020-02-24 04:53:04,,bounce83432,lucario46553,bounce83432,False,"['Seaking', 'Dugtrio', 'Hitmonlee', 'Tangela', 'Magmar', 'Fearow']","['Pineco', 'Flareon', 'Xatu', 'Octillery', 'Graveler', 'Magnemite']",25,9,10
gen2nu-1124280967,[Gen 2] NU,2020-05-31 11:17:51,,feraligatr69644,trick33871,feraligatr69644,False,"['Kingler', 'Dunsparce', 'Xatu', 'Octillery', 'Magnemite']","['Sudowoodo', 'Pineco', 'Sneasel', 'Seaking', 'Stantler', 'Gloom']",34,10,14
gen2nu-1065181254,[Gen 2] NU,2020-02-18 11:42:33,,wailmer60180,earthquake9328,earthquake9328,True,"['Rapidash', 'Pineco', 'Xatu', 'Exeggcute', 'Corsola', 'Magmar']","['Flareon', 'Xatu', 'Octillery', 'Weezing', 'Graveler']",22,9,5
gen2nu-1170060633,[Gen 2] NU,2020-08-16 21:23:32,,sharpedo31502,watergun59811,watergun59811,False,"['Xatu', 'Wigglytuff', 'Weezing', 'Sneasel', 'Primeape', 'Magmar']","['Rapidash', 'Flareon', 'Pineco', 'Sudowoodo', 'Exeggcute', 'Magmar']",33,12,10
smogtours-gen2nu-697467,[Gen 2] NU,2023-06-16 21:10:59,,innerfocus97582,stench25210,innerfocus97582,True,"['Weezing', 'Graveler', 'Stantler', 'Dewgong', 'Chinchou', 'Fearow']","['Flareon', 'Xatu', 'Octillery', 'Stantler', 'Magnemite', 'Tangela']",65,27,28
gen2nu-1174468682,[Gen 2] NU,2020-08-24 14:10:57,,sharpedo31502,trick33871,sharpedo31502,False,"['Pineco', 'Xatu', 'Octillery', 'Weezing', 'Stantler']","['Ninetales', 'Snubbull', 'Hitmonchan', 'Arbok', 'Wartortle', 'Shuckle']",76,19,31
gen2nu-917724837,[Gen 2] NU,2019-05-28 10:32:21,,armthrust70480,trick33871,trick33871,True,"['Flareon', 'Azumarill', 'Poliwrath', 'Arbok', 'Raichu', 'Tangela']","['Pineco', 'Exeggcute', 'Poliwrath', 'Graveler', 'Raichu', 'Shuckle']",45,13,16
smogtours-gen2nu-729119,[Gen 2] NU,2023-11-05 20:33:18,,watmelberry24903,innerfocus97582,innerfocus97582,False,"['Rapidash', 'Pineco', 'Weezing', 'Chinchou', 'Persian', 'Fearow']","['Ninetales', 'Bayleef', 'Hitmonchan', 'Dewgong', 'Shuckle']",82,29,25
gen2nu-1158094899,[Gen 2] NU,2020-07-26 18:36:40,,watergun59811,weedle59449,watergun59811,False,"['Pineco', 'Stantler', 'Persian', 'Chinchou', 'Croconaw', 'Gastly']","['Kingler', 'Flareon', 'Exeggcute', 'Seaking', 'Lickitung', 'Slowpoke']",31,10,8
smogtours-gen2nu-746438,[Gen 2] NU,2024-02-11 01:44:05,,pickup28423,magnetpull75337,magnetpull75337,False,"['Kingler', 'Pineco', 'Xatu', 'Dragonair', 'Weezing', 'Lickitung']","['Porygon', 'Octillery', 'Weezing', 'Graveler', 'Stantler']",35,7,7
gen2nu-955421827,[Gen 2] NU,2019-08-04 20:04:21,,sharpbeak82029,hydration43285,hydration43285,True,"['Rapidash', 'Pineco', 'Xatu', 'Poliwrath', 'Dugtrio', 'Fearow']","['Dunsparce', 'Xatu', 'Weezing', 'Dewgong', 'Raichu']",33,9,6
gen2nu-2258305778,[Gen 2] NU,2024-12-07 03:37:10,,umbreon6699,chopleberry38027,umbreon6699,False,"['Rapidash', 'Xatu', 'Chinchou', 'Primeape', 'Fearow']","['Pidgeot', 'Rapidash', 'Pineco', 'Wigglytuff', 'Dugtrio', 'Chinchou']",30,12,11
smogtours-gen2nu-731670,[Gen 2] NU,2023-11-19 20:25:23,,watmelberry24903,willowisp64187,watmelberry24903,False,"['Xatu', 'Octillery', 'Weezing', 'Graveler', 'Primeape', 'Delibird']","['Kingler', 'Pineco', 'Octillery', 'Weezing', 'Stantler', 'Primeape']",31,9,11
gen2nu-988107380,[Gen 2] NU,2019-10-06 20:34:00,,poisongas8357,regigigas73727,poisongas8357,False,"['Pineco', 'Exeggcute', 'Weezing', 'Poliwrath', 'Raichu', 'Primeape']","['Pineco', 'Dragonair', 'Poliwrath', 'Lickitung', 'Raichu', 'Shuckle']",150,55,55
gen2nu-914025324,[Gen 2] NU,2019-05-22 03:05:57,,focusband1232,sharpbeak82029,focusband1232,True,"['Weezing', 'Poliwrath', 'Dragonair', 'Lickitung', 'Raichu', 'Shuckle']","['Pineco', 'Flareon', 'Lickitung', 'Dewgong', 'Raichu', 'Shuckle']",75,28,32
gen2nu-1136339663,[Gen 2] NU,2020-06-20 22:08:10,,amnesia25800,watergun59811,amnesia25800,False,"['Porygon', 'Wigglytuff', 'Stantler', 'Lickitung', 'Fearow']","['Pidgeot', 'Delibird', 'Xatu', 'Mantine', 'Murkrow', 'Fearow']",53,8,8
smogtours-gen2nu-819781,[Gen 2] NU,2025-02-14 19:10:18,,quagsire94479,powerlens28906,powerlens28906,False,"['Pidgeot', 'Xatu', 'Rhyhorn', 'Dewgong', 'Gloom', 'Delibird']","['Pineco', 'Xatu', 'Octillery', 'Weezing', 'Chinchou']",62,31,27
gen2nu-1125415976,[Gen 2] NU,2020-06-02 14:18:47,,trick33871,watergun59811,watergun59811,False,"['Weezing', 'Sneasel', 'Stantler', 'Dugtrio', 'Hitmonlee', 'Ledian']","['Staryu', 'Snubbull', 'Pineco', 'Hitmontop', 'Octillery']",34,8,6
gen2nu-1041127436,[Gen 2] NU,2020-01-05 03:34:20,,raichu94178,meditate33748,raichu94178,False,"['Flareon', 'Pineco', 'Xatu', 'Octillery', 'Dugtrio', 'Magnemite']","['Venomoth', 'Flareon', 'Cubone', 'Octillery', 'Ariados', 'Tangela']",26,10,12
smogtours-gen2nu-556338,[Gen 2] NU,2021-04-18 14:47:51,,watergun59811,deoxysattack76542,deoxysattack76542,False,"['Flareon', 'Xatu', 'Wigglytuff', 'Weezing', 'Stantler', 'Dugtrio']","['Sudowoodo', 'Pineco', 'Xatu', 'Wigglytuff', 'Weezing', 'Dugtrio']",40,14,13
gen2nu-933394969,[Gen 2] NU,2019-06-23 10:03:46,,tailwhip57752,aggron60452,aggron60452,False,"['Xatu', 'Exeggcute', 'Graveler', 'Poliwrath', 'Lickitung', 'Raichu']","['Rapidash', 'Pineco', 'Xatu', 'Poliwrath', 'Dugtrio', 'Fearow']",37,12,10
gen2nu-2145222407,[Gen 2] NU,2024-06-17 22:06:01,,skarmory11046,skuntank86887,skarmory11046,False,"[""Farfetch'D"", 'Pineco', 'Xatu', 'Octillery', 'Weezing', 'Stantler']","[""Farfetch'D"", 'Dragonair', 'Arbok', 'Dewgong', 'Dugtrio', 'Fearow']",30,8,7
gen2nu-2117113541,[Gen 2] NU,2024-05-03 17:16:22,,stealthrock72537,closecombat44911,stealthrock72537,False,"['Graveler', 'Stantler', 'Weezing', 'Chinchou']","['Porygon', 'Pineco', 'Flareon', 'Octillery', 'Weezing', 'Fearow']",24,8,11
gen2nu-2074205055,[Gen 2] NU,2024-03-05 19:45:35,,ampharos18190,armthrust98225,ampharos18190,False,"['Staryu', 'Porygon', 'Houndour', 'Elekid', 'Mankey', 'Diglett']","['Staryu', 'Pineco', 'Houndour', 'Elekid', 'Mankey', 'Diglett']",23,10,8
gen2nu-1103397820,[Gen 2] NU,2020-04-26 01:31:10,,kelpsyberry27938,trick33871,trick33871,True,"['Pineco', 'Sneasel', 'Lickitung', 'Croconaw', 'Gloom', 'Gastly']","['Wigglytuff', 'Graveler', 'Mantine', 'Lickitung', 'Shuckle']",188,42,56
smogtours-gen2nu-817417,[Gen 2] NU,2025-02-01 23:03:36,,lusterpurge61870,powerlens28906,powerlens28906,False,"['Porygon', 'Xatu', 'Weezing', 'Graveler', 'Dewgong', 'Primeape']","['Pineco', 'Xatu', 'Weezing', 'Hitmonlee', 'Magnemite']",70,28,22
smogtours-gen2nu-597521,[Gen 2] NU,2021-12-12 23:22:33,,turtwig42732,pickup28423,pickup28423,False,"['Ninetales', 'Pineco', 'Xatu', 'Wigglytuff', 'Weezing', 'Azumarill']","['Kingler', 'Xatu', 'Octillery', 'Dragonair', 'Primeape', 'Fearow']",65,22,16
gen2nu-1173702122,[Gen 2] NU,2020-08-23 03:16:19,,sharpedo31502,present11303,present11303,False,"['Ninetales', 'Porygon', 'Pineco', 'Xatu', 'Weezing', 'Chinchou']","['Rapidash', 'Xatu', 'Weezing', 'Sneasel', 'Primeape']",23,11,5
gen2nu-2020507171,[Gen 2] NU,2023-12-26 20:29:10,,armaldo7268,firestone64684,firestone64684,True,"['Togetic', 'Magby', 'Bayleef', 'Onix', 'Croconaw', 'Koffing']","['Onix', 'Magby', 'Parasect', 'Tentacool']",19,9,3
smogtours-gen2nu-740354,[Gen 2] NU,2024-01-20 20:05:09,,trick47788,watmelberry24903,watmelberry24903,False,"['Ninetales', 'Bayleef', 'Octillery', 'Weezing', 'Hitmonchan', 'Shuckle']","['Ninetales', 'Pineco', 'Xatu', 'Octillery', 'Chinchou', 'Gastly']",62,25,20
smogtours-gen2nu-664762,[Gen 2] NU,2022-12-12 02:28:15,,magnetpull75337,flamebody71831,flamebody71831,False,"['Pineco', 'Xatu', 'Octillery', 'Dugtrio', 'Persian', 'Fearow']","['Xatu', 'Weezing', 'Dragonair', 'Stantler', 'Dewgong', 'Hitmonlee']",35,13,15
smogtours-gen2nu-407803,[Gen 2] NU,2018-12-12 14:38:41,,copycat44078,magmastorm83132,magmastorm83132,True,"['Pineco', 'Wigglytuff', 'Arbok', 'Feraligatr', 'Raichu', 'Gastly']","['Pineco', 'Xatu', 'Wigglytuff', 'Dugtrio', 'Persian', 'Feraligatr']",54,23,14
gen2nu-1065266727,[Gen 2] NU,2020-02-18 15:30:43,,tailglow95662,gloom45129,tailglow95662,False,"['Pidgeot', 'Dunsparce', 'Houndour', 'Weezing', 'Stantler']","['Pineco', 'Xatu', 'Flareon', 'Weezing', 'Dewgong', 'Corsola']",32,4,16
gen2nu-1172800711,[Gen 2] NU,2020-08-21 15:03:36,,sharpedo31502,amnesia25800,amnesia25800,False,"['Pineco', 'Xatu', 'Wigglytuff', 'Weezing', 'Dewgong', 'Magmar']","['Sudowoodo', 'Rapidash', 'Xatu', 'Arbok', 'Chinchou', 'Primeape']",57,23,20
smogtours-gen2nu-811155,[Gen 2] NU,2024-12-21 19:05:11,,chopleberry38027,worryseed42469,chopleberry38027,False,"['Pineco', 'Omastar', 'Weezing', 'Stantler', 'Persian', 'Fearow']","['Pineco', 'Xatu', 'Omastar', 'Weezing', 'Dugtrio', 'Chinchou']",36,12,13
smogtours-gen2nu-673387,[Gen 2] NU,2023-02-05 21:30:44,,attackorder56665,geodude45714,attackorder56665,False,"['Pineco', 'Xatu', 'Weezing', 'Dewgong', 'Primeape', 'Fearow']","['Ninetales', 'Pineco', 'Xatu', 'Azumarill', 'Weezing', 'Stantler']",64,10,13
gen2nu-917425205,[Gen 2] NU,2019-05-27 21:02:33,,solarpower96368,registeel45872,registeel45872,False,"['Sunflora', 'Pineco', 'Xatu', 'Flaaffy', 'Sneasel', 'Shuckle']","['Kingler', 'Venomoth', 'Murkrow', 'Dugtrio', 'Raichu']",52,19,10
gen2nu-1170666893,[Gen 2] NU,2020-08-17 22:27:26,,slakoth53488,watergun59811,watergun59811,True,"['Flareon', 'Xatu', 'Flaaffy', 'Dewgong', 'Primeape', 'Fearow']","['Kingler', 'Ninetales', 'Pineco', 'Wigglytuff', 'Weezing', 'Dugtrio']",59,17,14
smogtours-gen2nu-645382,[Gen 2] NU,2022-08-28 02:19:55,,attract79434,honeygather86735,honeygather86735,False,"['Kingler', 'Pineco', 'Xatu', 'Weezing', 'Primeape', 'Fearow']","['Pineco', 'Xatu', 'Octillery', 'Wigglytuff', 'Weezing', 'Dugtrio']",37,9,10
gen2nu-2040170385,[Gen 2] NU,2024-01-21 02:47:38,,regigigas73727,delcatty31981,regigigas73727,False,"['Magby', 'Doduo', 'Cubone', 'Chinchou', 'Swinub']","['Voltorb', 'Pineco', 'Cubone', 'Dratini', 'Elekid', 'Paras']",14,8,7
gen2nu-836462198,[Gen 2] NU,2018-11-16 15:31:51,,watergun49059,bronzong70090,watergun49059,False,"['Flareon', 'Octillery', 'Weezing', 'Dugtrio', 'Raichu', 'Fearow']","['Rapidash', 'Weezing', 'Dugtrio', 'Hitmonlee', 'Feraligatr', 'Raichu']",29,10,9
gen2nu-930686864,[Gen 2] NU,2019-06-18 20:16:41,,regigigas73727,kabutops99333,regigigas73727,True,"['Pineco', 'Dragonair', 'Lickitung', 'Raichu', 'Shuckle']","['Golduck', 'Raichu', 'Fearow', 'Hitmonlee']",36,13,11
gen2nu-1166412221,[Gen 2] NU,2020-08-10 12:17:34,,watergun59811,meditate33036,watergun59811,False,"['Kingler', 'Vileplume', 'Ninetales', 'Wigglytuff', 'Weezing', 'Dugtrio']","['Ninetales', 'Azumarill', 'Weezing', 'Graveler', 'Delibird', 'Shuckle']",54,17,16
gen2nu-832821509,[Gen 2] NU,2018-11-09 10:20:12,,focusband1232,delcatty31981,delcatty31981,False,"['Kingler', 'Rapidash', 'Sudowoodo', 'Sneasel', 'Hitmonlee', 'Parasect']","['Pineco', 'Mantine', 'Lickitung', 'Dugtrio', 'Ditto', 'Raichu']",48,13,14
smogtours-gen2nu-692969,[Gen 2] NU,2023-05-19 21:05:15,,quilava74965,innerfocus97582,innerfocus97582,True,"['Sunflora', 'Hitmontop', 'Seaking', 'Murkrow', 'Furret', 'Corsola']","['Seadra', 'Magcargo', 'Hitmontop', 'Elekid', 'Murkrow', 'Furret']",32,13,8
gen2nu-825030725,[Gen 2] NU,2018-11-23 14:51:37,,dreadplate92651,clefable74034,clefable74034,True,"['Bayleef', 'Weezing', 'Feraligatr', 'Raichu', 'Primeape', 'Magmar']","['Pineco', 'Weezing', 'Dugtrio', 'Feraligatr', 'Raichu', 'Primeape']",44,15,14
gen2nu-2180316336,[Gen 2] NU,2024-08-15 01:22:57,,shinystone44310,aquajet31035,shinystone44310,False,"['Pidgeot', 'Flareon', 'Octillery', 'Weezing', 'Graveler', 'Stantler']","['Porygon', 'Wigglytuff', 'Weezing', 'Stantler', 'Persian', 'Fearow']",80,26,24
gen2nu-2035996253,[Gen 2] NU,2024-01-16 00:04:00,,moonstone84685,waterfall87144,moonstone84685,False,"['Togetic', 'Magby', 'Butterfree', 'Onix', 'Croconaw']","['Togetic', 'Magby', 'Butterfree', 'Onix', 'Smoochum', 'Croconaw']",51,6,6
gen2nu-1063340460,[Gen 2] NU,2020-02-14 20:48:40,,trick7692,spikes81641,spikes81641,False,"['Pidgeotto', 'Flaaffy', 'Bellsprout', 'Drowzee', 'Croconaw', 'Togepi']","['Hoothoot', 'Cyndaquil', 'Sentret', 'Oddish', 'Wooper', 'Spinarak']",64,16,15
smogtours-gen2nu-568901,[Gen 2] NU,2021-07-02 22:57:46,,stoneplate32738,watergun59811,watergun59811,False,"['Flareon', 'Xatu', 'Octillery', 'Dragonair', 'Dewgong', 'Magnemite']","['Octillery', 'Weezing', 'Dugtrio', 'Primeape', 'Fearow']",33,16,10
gen2nu-1132171873,[Gen 2] NU,2020-06-13 21:24:00,,poliwag79956,watergun59811,poliwag79956,False,"['Flareon', 'Xatu', 'Weezing', 'Stantler', 'Dugtrio', 'Chinchou']","['Pidgeot', 'Xatu', 'Weezing', 'Chinchou', 'Primeape', 'Gastly']",31,8,9
smogtours-gen2nu-811462,[Gen 2] NU,2024-12-22 21:21:34,,metalsound31619,tangledfeet30693,metalsound31619,False,"['Pineco', 'Omastar', 'Weezing', 'Stantler', 'Persian', 'Fearow']","['Pidgeot', 'Pineco', 'Omastar', 'Weezing', 'Stantler', 'Magnemite']",37,19,16
gen2nu-2250468706,[Gen 2] NU,2024-11-25 01:34:09,,guardswap95287,chopleberry38027,guardswap95287,False,"['Kingler', 'Sudowoodo', 'Pineco', 'Dugtrio', 'Chinchou']","['Pineco', 'Weezing', 'Dewgong', 'Dugtrio', 'Furret', 'Primeape']",29,5,10
smogtours-gen2nu-568895,[Gen 2] NU,2021-07-02 22:54:26,,stoneplate32738,watergun59811,watergun59811,False,"['Seadra', 'Hitmonchan', 'Poliwhirl', 'Murkrow', 'Furret', 'Abra']","['Xatu', 'Octillery', 'Wigglytuff', 'Weezing', 'Stantler', 'Dewgong']",27,9,7
gen2nu-2019171469,[Gen 2] NU,2023-12-24 20:31:11,,venusaur88702,sentret78377,sentret78377,True,"['Porygon', 'Pineco', 'Flareon', 'Weezing', 'Dewgong', 'Primeape']","['Kingler', 'Pineco', 'Stantler', 'Primeape', 'Fearow']",21,6,4
smogtours-gen2nu-442164,[Gen 2] NU,2019-05-19 00:11:50,,trick33871,sonicboom26327,sonicboom26327,False,"['Xatu', 'Wigglytuff', 'Weezing', 'Graveler', 'Poliwrath', 'Raichu']","['Sudowoodo', 'Xatu', 'Exeggcute', 'Dugtrio', 'Dewgong', 'Raichu']",74,32,30
gen2nu-1133999146,[Gen 2] NU,2020-06-17 02:21:34,,quickpowder55779,bubble70907,quickpowder55779,False,"['Primeape', 'Rapidash', 'Sudowoodo', 'Weezing']","['Pidgeot', 'Dunsparce', 'Houndour', 'Wigglytuff', 'Weezing', 'Stantler']",23,5,8
gen2nu-1171195483,[Gen 2] NU,2020-08-18 20:35:56,,deoxysattack76542,present11303,present11303,False,"['Flareon', 'Xatu', 'Octillery', 'Dragonair', 'Dewgong', 'Magnemite']","['Rapidash', 'Bayleef', 'Xatu', 'Weezing', 'Chinchou', 'Primeape']",71,19,19
gen2nu-2096291094,[Gen 2] NU,2024-04-05 00:44:32,,regigigas73727,innerfocus97582,regigigas73727,True,"['Doduo', 'Staryu', 'Porygon', 'Mareep', 'Magnemite']","['Ponyta', 'Doduo', 'Porygon', 'Exeggcute', 'Chinchou', 'Mankey']",22,10,9
smogtours-gen2nu-444832,[Gen 2] NU,2019-06-02 14:00:09,,trick33871,swinub46701,trick33871,True,"['Golduck', 'Exeggcute', 'Graveler', 'Poliwrath', 'Lickitung', 'Raichu']","['Pineco', 'Exeggcute', 'Wigglytuff', 'Poliwrath', 'Raichu', 'Shuckle']",475,153,215
gen2nu-1171709197,[Gen 2] NU,2020-08-19 18:04:29,,alakazammega81122,sharpedo31502,alakazammega81122,False,"['Kingler', 'Ninetales', 'Pineco', 'Wigglytuff', 'Weezing', 'Dugtrio']","['Pineco', 'Xatu', 'Azumarill', 'Weezing', 'Primeape', 'Magmar']",24,6,8
gen2nu-2122929727,[Gen 2] NU,2024-05-12 04:21:26,,regigigas73727,delcatty31981,delcatty31981,True,"['Porygon', 'Pineco', 'Cubone', 'Cleffa', 'Elekid', 'Spinarak']","['Spearow', 'Onix', 'Houndour', 'Chinchou', 'Squirtle', 'Gastly']",22,11,7
gen2nu-1060606160,[Gen 2] NU,2020-02-09 21:57:11,,hammerarm70868,larvitar96901,larvitar96901,True,"['Kingler', 'Pineco', 'Xatu', 'Wigglytuff', 'Dewgong', 'Magmar']","['Xatu', 'Houndour', 'Azumarill', 'Weezing', 'Lickitung', 'Fearow']",28,12,9
smogtours-gen2nu-752034,[Gen 2] NU,2024-03-08 02:56:45,,innerfocus97582,barboach88300,innerfocus97582,False,"['Voltorb', 'Doduo', 'Porygon', 'Pineco', 'Eevee', 'Houndour']","['Magby', 'Staryu', 'Porygon', 'Cubone', 'Elekid', 'Abra']",26,8,8
gen2nu-832702989,[Gen 2] NU,2018-11-09 02:23:45,1116,horsea9129,focusband1232,horsea9129,True,"['Rapidash', 'Wigglytuff', 'Graveler', 'Stantler', 'Parasect', 'Abra']","['Golduck', 'Pineco', 'Flareon', 'Xatu', 'Raichu', 'Gastly']",54,14,19
smogtours-gen2nu-493316,[Gen 2] NU,2020-04-20 21:11:16,,sunkern78687,dragonrush34751,dragonrush34751,False,"['Dunsparce', 'Octillery', 'Graveler', 'Parasect', 'Magmar', 'Delibird']","['Pineco', 'Flareon', 'Xatu', 'Octillery', 'Magnemite']",24,12,6
gen2nu-1087301522,[Gen 2] NU,2020-03-29 10:27:25,,trick33871,solrock12454,trick33871,False,"['Diglett', 'Exeggcute', 'Staryu', 'Machop']","['Machop', 'Staryu', 'Porygon', 'Houndour', 'Elekid', 'Gastly']",16,4,8
gen2nu-891946392,[Gen 2] NU,2019-04-13 00:14:11,,registeel45872,spiderweb67093,registeel45872,False,"['Pineco', 'Octillery', 'Sneasel', 'Dugtrio', 'Tangela', 'Shuckle']","['Pidgeot', 'Hitmontop', 'Octillery', 'Murkrow', 'Dugtrio', 'Persian']",55,17,14
smogtours-gen2nu-714548,[Gen 2] NU,2023-09-06 21:59:23,,buneary57593,stench25210,buneary57593,True,"['Kingler', 'Xatu', 'Houndour', 'Weezing', 'Gloom', 'Primeape']","['Flareon', 'Xatu', 'Octillery', 'Stantler', 'Magnemite', 'Tangela']",44,19,20
smogtours-gen2nu-726864,[Gen 2] NU,2023-10-28 04:55:55,,innerfocus97582,willowisp64187,innerfocus97582,False,"['Pineco', 'Xatu', 'Weezing', 'Dewgong', 'Hitmonlee', 'Pupitar']","['Kingler', 'Sudowoodo', 'Pineco', 'Xatu', 'Exeggcute', 'Dugtrio']",30,8,12
smogtours-gen2nu-732775,[Gen 2] NU,2023-11-26 20:22:39,,articuno75579,watmelberry24903,articuno75579,False,"['Pineco', 'Weezing', 'Stantler', 'Dewgong', 'Dugtrio', 'Primeape']","['Octillery', 'Graveler', 'Gloom', 'Magnemite', 'Primeape', 'Delibird']",82,32,34
smogtours-gen2nu-713166,[Gen 2] NU,2023-08-31 16:47:30,,larvitar96901,stench25210,stench25210,False,"['Venomoth', 'Sudowoodo', 'Octillery', 'Poliwhirl', 'Dugtrio', 'Fearow']","['Ninetales', 'Xatu', 'Octillery', 'Stantler', 'Magnemite', 'Tangela']",58,22,23
smogtours-gen2nu-737456,[Gen 2] NU,2024-01-04 17:07:01,,seedot34641,articuno75579,seedot34641,False,"['Porygon', 'Flareon', 'Weezing', 'Graveler', 'Dewgong', 'Primeape']","['Kingler', 'Pineco', 'Weezing', 'Lickitung', 'Dewgong', 'Primeape']",43,12,16
smogtours-gen2nu-689632,[Gen 2] NU,2023-04-27 06:19:58,,innerfocus97582,astonish32045,innerfocus97582,True,"['Noctowl', 'Sunflora', 'Delibird']","['Voltorb', 'Machoke', 'Poliwhirl', 'Aipom', 'Abra']",20,3,6
gen2nu-2242571212,[Gen 2] NU,2024-11-12 19:45:12,,rattata41549,umbreon6699,umbreon6699,False,"['Ninetales', 'Octillery', 'Weezing', 'Stantler', 'Dugtrio', 'Chinchou']","['Porygon', 'Pineco', 'Weezing', 'Stantler', 'Dewgong', 'Dugtrio']",28,13,12
smogtours-gen2nu-742556,[Gen 2] NU,2024-01-28 02:00:29,,articuno75579,innerfocus97582,articuno75579,False,"['Vileplume', 'Pineco', 'Flareon', 'Xatu', 'Dewgong', 'Primeape']","['Ninetales', 'Porygon', 'Vileplume', 'Graveler', 'Hitmonlee', 'Primeape']",53,20,20
smogtours-gen2nu-802282,[Gen 2] NU,2024-10-26 20:30:22,,articuno75579,metalsound31619,articuno75579,False,"['Porygon', 'Octillery', 'Weezing', 'Graveler', 'Primeape']","['Ninetales', 'Octillery', 'Wigglytuff', 'Graveler', 'Gloom', 'Primeape']",23,7,12
gen2nu-1095546498,[Gen 2] NU,2020-04-12 20:53:47,,futuresight13270,delcatty31981,delcatty31981,False,"['Ninetales', 'Xatu', 'Wigglytuff', 'Graveler', 'Dugtrio', 'Dewgong']","['Pineco', 'Mantine', 'Lickitung', 'Dugtrio', 'Tangela']",64,21,13
gen2nu-2224363185,[Gen 2] NU,2024-10-16 18:19:38,,electrode70687,probopass47204,probopass47204,True,"['Beedrill', 'Mantine', 'Magmar', 'Primeape', 'Ledian', 'Delibird']","['Porygon', 'Pineco', 'Flareon', 'Weezing', 'Dewgong', 'Primeape']",32,10,7
gen2nu-1158602993,[Gen 2] NU,2020-07-27 16:52:17,,watergun59811,heatwave93550,watergun59811,False,"['Pineco', 'Stantler', 'Croconaw', 'Chinchou', 'Persian', 'Gastly']","['Sudowoodo', 'Flareon', 'Murkrow', 'Dewgong', 'Hitmonlee', 'Pichu']",34,11,9
smogtours-gen2nu-556052,[Gen 2] NU,2021-04-17 18:38:11,,watergun59811,watmelberry24903,watergun59811,False,"['Flareon', 'Xatu', 'Wigglytuff', 'Weezing', 'Stantler', 'Dugtrio']","['Xatu', 'Octillery', 'Graveler', 'Gloom', 'Magnemite', 'Primeape']",34,11,11
gen2nu-1038599647,[Gen 2] NU,2019-12-31 11:35:30,,ddenpowerrock15788,gripclaw88932,ddenpowerrock15788,False,"['Pidgeot', 'Dunsparce', 'Houndour', 'Wigglytuff', 'Weezing', 'Stantler']","['Flareon', 'Xatu', 'Octillery', 'Wigglytuff', 'Weezing', 'Graveler']",40,12,12
gen2nu-1121708211,[Gen 2] NU,2020-05-26 19:27:21,,rawstberry28879,acupressure5238,rawstberry28879,False,"['Kingler', 'Ninetales', 'Sudowoodo', 'Exeggcute', 'Wigglytuff', 'Primeape']","['Sudowoodo', 'Pineco', 'Xatu', 'Dragonair', 'Stantler', 'Dewgong']",39,10,18
smogtours-gen2nu-783241,[Gen 2] NU,2024-07-29 01:16:58,,shinystone44310,futuresight13270,shinystone44310,False,"['Rapidash', 'Pineco', 'Xatu', 'Octillery', 'Dugtrio', 'Primeape']","['Pineco', 'Xatu', 'Octillery', 'Dugtrio', 'Persian', 'Fearow']",28,10,8
gen2nu-2061314773,[Gen 2] NU,2024-02-17 08:05:18,,delcatty31981,regigigas73727,delcatty31981,True,"['Abra', 'Onix', 'Cubone', 'Dratini', 'Elekid', 'Paras']","['Porygon', 'Exeggcute', 'Natu', 'Kabuto', 'Diglett', 'Magnemite']",32,11,10
gen2nu-1139101257,[Gen 2] NU,2020-06-25 00:50:52,,weedle59449,watergun59811,watergun59811,False,"['Kingler', 'Pineco', 'Xatu', 'Weezing', 'Persian', 'Primeape']","['Xatu', 'Weezing', 'Sneasel', 'Stantler', 'Dugtrio', 'Parasect']",46,16,17
smogtours-gen2nu-690992,[Gen 2] NU,2023-05-05 00:21:44,,quilava74965,dig97663,quilava74965,False,"['Noctowl', 'Flaaffy', 'Murkrow', 'Furret', 'Tangela']","['Seadra', 'Venomoth', 'Elekid', 'Murkrow', 'Furret', 'Tangela']",47,10,15
gen2nu-825213235,[Gen 2] NU,2018-11-23 21:58:57,,sacredfire89193,arbok24041,sacredfire89193,False,"['Sudowoodo', 'Weezing', 'Arbok', 'Feraligatr', 'Raichu', 'Primeape']","['Flareon', 'Weezing', 'Dugtrio', 'Feraligatr', 'Raichu', 'Primeape']",46,18,14
smogtours-gen2nu-717554,[Gen 2] NU,2023-09-18 15:42:16,,buneary57593,screech4752,screech4752,True,"['Porygon', 'Pineco', 'Weezing', 'Graveler', 'Dewgong', 'Tangela']","['Kingler', 'Pineco', 'Xatu', 'Wigglytuff', 'Weezing', 'Dugtrio']",35,14,11
smogtours-gen2nu-553195,[Gen 2] NU,2021-04-03 11:57:31,,watmelberry24903,watergun59811,watmelberry24903,False,"['Xatu', 'Octillery', 'Graveler', 'Gloom', 'Magnemite', 'Primeape']","['Kingler', 'Flareon', 'Xatu', 'Wigglytuff', 'Graveler', 'Chinchou']",62,22,20
gen2nu-1000502525,[Gen 2] NU,2019-10-29 11:44:25,,lavaplume47096,manectric35060,manectric35060,True,"['Pineco', 'Exeggcute', 'Weezing', 'Poliwrath', 'Raichu', 'Primeape']","['Pineco', 'Xatu', 'Weezing', 'Poliwrath', 'Raichu', 'Gastly']",26,8,5
gen2nu-1052422966,[Gen 2] NU,2020-01-25 12:07:23,,typechange91516,cosmicpower71524,typechange91516,False,"['Rapidash', 'Flareon', 'Xatu', 'Octillery', 'Graveler', 'Primeape']","['Rapidash', 'Pineco', 'Xatu', 'Exeggcute', 'Corsola', 'Magmar']",41,11,17
smogtours-gen2nu-406628,[Gen 2] NU,2018-12-01 23:44:39,,avalanche55702,sitrusberry77995,avalanche55702,True,"['Pidgeot', 'Pineco', 'Weezing', 'Dugtrio', 'Feraligatr', 'Raichu']","['Sunflora', 'Sudowoodo', 'Octillery', 'Wigglytuff', 'Poliwrath', 'Raichu']",64,13,8
gen2nu-825269237,[Gen 2] NU,2018-11-24 00:15:42,,heatrock37333,bug99182,bug99182,False,"['Ninetales', 'Weezing', 'Stantler', 'Feraligatr', 'Raichu', 'Primeape']","['Rapidash', 'Xatu', 'Lickitung', 'Dugtrio', 'Tangela']",74,23,16
gen2nu-1157147839,[Gen 2] NU,2020-07-24 22:32:05,,psyduck38308,victreebel55835,psyduck38308,True,"['Bayleef', 'Dragonair', 'Graveler', 'Clefairy', 'Drowzee', 'Abra']","['Porygon', 'Houndour', 'Wartortle', 'Clefairy', 'Nidorino', 'Golbat']",40,9,6
gen2nu-2045641745,[Gen 2] NU,2024-01-27 22:45:19,,stoneplate55960,outrage46997,outrage46997,False,"['Grimer', 'Onix', 'Croconaw', 'Koffing', 'Geodude', 'Delibird']","['Grimer', 'Onix', 'Croconaw', 'Koffing', 'Delibird']",11,8,6
gen2nu-1129310225,[Gen 2] NU,2020-06-08 21:58:39,,oddish17870,stealthrock73616,stealthrock73616,False,"['Pineco', 'Flareon', 'Xatu', 'Octillery', 'Graveler', 'Magnemite']","['Crobat', 'Machoke', 'Azumarill', 'Dugtrio', 'Magmar', 'Fearow']",25,7,10
smogtours-gen2nu-689384,[Gen 2] NU,2023-04-23 21:57:15,,kingdra96181,icywind98531,icywind98531,False,"['Magby', 'Doduo', 'Bayleef', 'Grimer', 'Smoochum', 'Croconaw']","['Growlithe', 'Goldeen', 'Onix', 'Ivysaur', 'Croconaw', 'Diglett']",34,13,7
gen2nu-2045644619,[Gen 2] NU,2024-01-27 22:52:37,,stoneplate55960,outrage46997,outrage46997,False,"['Togetic', 'Magby', 'Teddiursa', 'Croconaw', 'Koffing', 'Delibird']","['Togetic', 'Magby', 'Grimer', 'Onix', 'Croconaw', 'Delibird']",32,8,9
gen2nu-2092074205,[Gen 2] NU,2024-03-30 01:35:45,,rattata41549,bonsly59503,bonsly59503,False,"['Dunsparce', 'Xatu', 'Wigglytuff', 'Dragonair', 'Weezing', 'Hitmonlee']","['Pineco', 'Xatu', 'Weezing', 'Chinchou', 'Hitmonlee', 'Magmar']",38,11,13
smogtours-gen2nu-723651,[Gen 2] NU,2023-10-14 21:35:39,,watmelberry24903,shuckle12503,watmelberry24903,True,"['Rapidash', 'Xatu', 'Wigglytuff', 'Dewgong', 'Magnemite', 'Delibird']","['Ninetales', 'Sudowoodo', 'Pineco', 'Xatu', 'Octillery', 'Chinchou']",150,45,45
gen2nu-1159768118,[Gen 2] NU,2020-07-29 15:39:00,,present11303,oddincense6510,present11303,False,"['Rapidash', 'Xatu', 'Weezing', 'Chinchou', 'Primeape', 'Fearow']","['Rapidash', 'Pineco', 'Murkrow', 'Persian', 'Primeape', 'Gastly']",24,7,9
smogtours-gen2nu-724114,[Gen 2] NU,2023-10-15 19:15:18,,innerfocus97582,articuno75579,articuno75579,False,"['Pineco', 'Xatu', 'Octillery', 'Wigglytuff', 'Persian', 'Fearow']","['Porygon', 'Octillery', 'Weezing', 'Graveler', 'Magmar', 'Fearow']",49,16,15
gen2nu-1157520327,[Gen 2] NU,2020-07-25 16:25:02,,psyduck38308,sniper25601,psyduck38308,False,"['Exeggcute', 'Graveler', 'Gastly', 'Abra']","['Voltorb', 'Pineco', 'Exeggcute', 'Graveler', 'Shellder', 'Gastly']",7,3,5
smogtours-gen2nu-692588,[Gen 2] NU,2023-05-16 02:11:19,,minun50581,quilava74965,minun50581,False,"['Magby', 'Grimer', 'Bayleef', 'Smoochum', 'Croconaw', 'Diglett']","['Togetic', 'Magby', 'Butterfree', 'Onix', 'Smoochum', 'Croconaw']",41,13,18
smogtours-gen2nu-620322,[Gen 2] NU,2022-04-16 15:14:36,,iceball26708,onix14198,iceball26708,False,"['Pineco', 'Xatu', 'Octillery', 'Dugtrio', 'Persian', 'Magmar']","['Kingler', 'Ninetales', 'Pineco', 'Xatu', 'Wigglytuff', 'Weezing']",33,11,13
gen2nu-2190482450,[Gen 2] NU,2024-08-29 18:32:23,,worryseed60566,motordrive55802,motordrive55802,False,"['Pineco', 'Octillery', 'Weezing', 'Stantler', 'Magmar', 'Fearow']","['Flareon', 'Xatu', 'Wigglytuff', 'Weezing', 'Stantler', 'Dewgong']",19,8,7
smogtours-gen2nu-720256,[Gen 2] NU,2023-09-30 06:21:09,,pidgeot17027,astonish32045,pidgeot17027,False,"['Venomoth', 'Sunflora', 'Hitmontop', 'Elekid', 'Murkrow', 'Gastly']","['Seadra', 'Sunflora', 'Magcargo', 'Elekid', 'Murkrow', 'Delibird']",74,23,25
smogtours-gen2nu-699490,[Gen 2] NU,2023-06-26 00:31:02,,innerfocus91859,astonish32045,innerfocus91859,False,"['Ninetales', 'Pineco', 'Xatu', 'Weezing', 'Azumarill', 'Stantler']","['Pineco', 'Xatu', 'Octillery', 'Weezing', 'Stantler', 'Fearow']",51,14,10
gen2nu-1127723865,[Gen 2] NU,2020-06-06 05:06:55,,combusken49992,teddiursa73653,teddiursa73653,False,"['Flareon', 'Xatu', 'Octillery', 'Wigglytuff', 'Weezing', 'Graveler']","['Pidgeot', 'Dunsparce', 'Houndour', 'Weezing', 'Stantler']",35,11,7
gen2nu-1056876506,[Gen 2] NU,2020-02-02 21:18:20,,sunnyday92776,rage81487,sunnyday92776,False,"['Rapidash', 'Sudowoodo', 'Octillery', 'Weezing', 'Primeape']","['Pineco', 'Hitmontop', 'Lickitung', 'Tangela', 'Ledian', 'Shuckle']",29,8,12
smogtours-gen2nu-406608,[Gen 2] NU,2018-12-01 22:38:04,,avalanche55702,sitrusberry77995,avalanche55702,False,"['Pidgeot', 'Pineco', 'Wigglytuff', 'Hitmonlee', 'Raichu', 'Primeape']","['Sudowoodo', 'Sunflora', 'Octillery', 'Wigglytuff', 'Poliwrath', 'Raichu']",19,7,8
gen2nu-1129614425,[Gen 2] NU,2020-06-09 11:36:01,,trick33871,slakoth53488,trick33871,True,"['Porygon', 'Exeggcute', 'Chinchou', 'Diglett', 'Gastly']","['Machop', 'Doduo', 'Porygon', 'Houndour', 'Elekid', 'Gastly']",13,4,5
smogtours-gen2nu-662309,[Gen 2] NU,2022-11-20 21:57:38,,rotomfan35023,magby20415,rotomfan35023,False,"['Porygon', 'Xatu', 'Octillery', 'Dugtrio', 'Magmar']","['Porygon', 'Pineco', 'Xatu', 'Weezing', 'Chinchou', 'Fearow']",56,11,17
smogtours-gen2nu-595816,[Gen 2] NU,2021-12-03 17:00:12,,zapdos59192,turtwig42732,zapdos59192,False,"['Ninetales', 'Pineco', 'Xatu', 'Weezing', 'Stantler', 'Chinchou']","['Xatu', 'Octillery', 'Houndour', 'Chinchou', 'Hitmonlee', 'Primeape']",40,11,12
smogtours-gen2nu-654946,[Gen 2] NU,2022-10-15 14:55:13,,watmelberry24903,honeygather86735,watmelberry24903,False,"['Pineco', 'Xatu', 'Octillery', 'Houndour', 'Dugtrio', 'Persian']","['Sunflora', 'Rapidash', 'Wigglytuff', 'Graveler', 'Mantine', 'Chinchou']",57,17,31
gen2nu-832834459,[Gen 2] NU,2018-11-09 11:20:41,,focusband1232,delcatty31981,delcatty31981,False,"[""Farfetch'D"", 'Raticate', 'Hitmonchan', 'Murkrow', 'Tangela', 'Ledian']","[""Farfetch'D"", 'Ninetales', 'Xatu', 'Hitmonchan', 'Arbok', 'Feraligatr']",26,8,7
smogtours-gen2nu-827999,[Gen 2] NU,2025-03-29 16:23:32,,articuno75579,metalsound31619,articuno75579,False,"['Ninetales', 'Sudowoodo', 'Weezing', 'Graveler', 'Dewgong', 'Primeape']","['Rapidash', 'Wigglytuff', 'Weezing', 'Graveler', 'Dewgong', 'Primeape']",69,23,24
smogtours-gen2nu-754488,[Gen 2] NU,2024-03-20 21:05:21,,regigigas73727,liechiberry37967,regigigas73727,False,"['Voltorb', 'Doduo', 'Porygon', 'Shellder', 'Elekid', 'Mankey']","['Ponyta', 'Staryu', 'Porygon', 'Exeggcute', 'Elekid', 'Abra']",24,8,9
smogtours-gen2nu-680738,[Gen 2] NU,2023-03-17 15:49:48,,koffing28618,articuno75579,koffing28618,False,"['Pineco', 'Xatu', 'Octillery', 'Weezing', 'Dugtrio']","['Pineco', 'Xatu', 'Exeggcute', 'Octillery', 'Stantler', 'Pupitar']",41,6,10
gen2nu-2116679251,[Gen 2] NU,2024-05-03 02:07:56,,chopleberry38027,mawile86179,mawile86179,False,"['Ninetales', 'Dunsparce', 'Octillery', 'Graveler', 'Gloom', 'Fearow']","['Pineco', 'Xatu', 'Dugtrio', 'Dewgong', 'Chinchou', 'Primeape']",40,9,9
gen2nu-1112952698,[Gen 2] NU,2020-05-11 22:19:12,,amnesia25800,weedle59449,weedle59449,False,"['Pineco', 'Xatu', 'Flareon', 'Weezing', 'Chinchou', 'Magnemite']","['Dewgong', 'Primeape', 'Rapidash', 'Weezing']",24,12,4
gen2nu-1145804125,[Gen 2] NU,2020-07-05 23:06:31,,taunt17457,watergun59811,watergun59811,False,"['Rapidash', 'Xatu', 'Weezing', 'Lickitung', 'Chinchou', 'Primeape']","['Sudowoodo', 'Pineco', 'Graveler', 'Dugtrio', 'Persian', 'Corsola']",39,10,9
smogtours-gen2nu-693270,[Gen 2] NU,2023-05-20 20:55:24,,hypervoice57448,innerfocus91859,innerfocus91859,True,"['Ninetales', 'Pineco', 'Xatu', 'Stantler', 'Dewgong', 'Magnemite']","['Ninetales', 'Sudowoodo', 'Xatu', 'Chinchou', 'Primeape']",41,19,11
gen2nu-2080218448,[Gen 2] NU,2024-03-13 18:19:49,,ampharos18190,regigigas73727,ampharos18190,False,"['Staryu', 'Porygon', 'Houndour', 'Elekid', 'Mankey', 'Diglett']","['Voltorb', 'Staryu', 'Porygon', 'Cubone', 'Tentacool', 'Paras']",28,11,14
gen2nu-1132170571,[Gen 2] NU,2020-06-13 21:20:56,,weedle59449,watergun59811,weedle59449,False,"['Xatu', 'Octillery', 'Weezing', 'Dugtrio', 'Chinchou', 'Primeape']","['Pidgeot', 'Xatu', 'Weezing', 'Chinchou', 'Primeape', 'Gastly']",34,8,14
smogtours-gen2nu-678008,[Gen 2] NU,2023-03-03 22:22:33,,articuno75579,spikecannon97564,articuno75579,True,"['Pineco', 'Xatu', 'Octillery', 'Dugtrio', 'Magmar', 'Fearow']","['Sudowoodo', 'Xatu', 'Stantler', 'Dewgong', 'Chinchou', 'Gloom']",65,22,25
gen2nu-2067316286,[Gen 2] NU,2024-02-25 15:57:06,,healorder33693,nestball5505,nestball5505,False,"['Pineco', 'Xatu', 'Octillery', 'Weezing', 'Stantler', 'Dugtrio']","['Pineco', 'Xatu', 'Octillery', 'Weezing', 'Stantler', 'Persian']",28,15,7
gen2nu-1006150440,[Gen 2] NU,2019-11-08 16:31:47,,gliscor10576,gengar64253,gliscor10576,True,"['Ariados', 'Hitmontop', 'Fearow']","['Ninetales', 'Weezing', 'Mantine', 'Dugtrio', 'Hitmonlee', 'Parasect']",41,2,8
smogtours-gen2nu-666184,[Gen 2] NU,2022-12-24 22:16:50,,tangledfeet19705,quagsire94479,tangledfeet19705,False,"['Pineco', 'Xatu', 'Octillery', 'Wigglytuff', 'Stantler', 'Dugtrio']","['Pineco', 'Octillery', 'Stantler', 'Chinchou', 'Persian', 'Fearow']",41,9,13
gen2nu-753803110,[Gen 2] NU,2018-05-27 23:02:19,1000,protean80062,rayquaza10207,rayquaza10207,False,"['Magcargo', 'Bayleef', 'Hitmontop', 'Murkrow', 'Croconaw', 'Pikachu']","['Seadra', 'Pidgeot', 'Hitmontop', 'Ditto', 'Furret', 'Shuckle']",36,14,8
gen2nu-2023540661,[Gen 2] NU,2023-12-31 00:22:33,,carvanha18372,thunderwave8262,carvanha18372,False,"['Togetic', 'Magby', 'Onix', 'Smoochum', 'Croconaw', 'Tentacool']","['Magby', 'Doduo', 'Grimer', 'Smoochum', 'Croconaw', 'Parasect']",27,8,8
gen2nu-1121785199,[Gen 2] NU,2020-05-26 21:33:04,,rawstberry28879,watergun59811,watergun59811,False,"['Kingler', 'Rapidash', 'Pineco', 'Sudowoodo', 'Sneasel', 'Chinchou']","['Venomoth', 'Flareon', 'Azumarill', 'Dugtrio', 'Primeape']",33,15,8
smogtours-gen2nu-599408,[Gen 2] NU,2021-12-27 21:14:25,,oranberry96859,pickup28423,pickup28423,False,"['Kingler', 'Porygon', 'Xatu', 'Houndour', 'Weezing', 'Dragonair']","['Xatu', 'Octillery', 'Weezing', 'Gloom', 'Magnemite', 'Magmar']",29,14,10
gen2nu-930082542,[Gen 2] NU,2019-06-17 21:04:00,,silverwind55245,cherubi82710,cherubi82710,False,"['Octillery', 'Wigglytuff', 'Hitmontop', 'Mantine', 'Furret', 'Tangela']","['Xatu', 'Hitmontop', 'Weezing', 'Arbok', 'Dewgong', 'Ditto']",57,12,14
smogtours-gen2nu-699136,[Gen 2] NU,2023-06-25 13:09:06,,zoomlens36961,magnetpull75337,magnetpull75337,False,"['Togetic', 'Magby', 'Teddiursa', 'Smoochum', 'Croconaw', 'Koffing']","['Magby', 'Bayleef', 'Onix', 'Smoochum', 'Croconaw']",36,8,8
gen2nu-1177495923,[Gen 2] NU,2020-08-29 12:11:09,,sharpedo31502,trick33871,trick33871,False,"['Ninetales', 'Bayleef', 'Pineco', 'Xatu', 'Furret', 'Pupitar']","['Porygon', 'Weepinbell', 'Hitmonlee']",23,10,4
gen2nu-1118747182,[Gen 2] NU,2020-05-21 16:18:37,,lavaplume47096,watergun59811,lavaplume47096,False,"['Pineco', 'Xatu', 'Dewgong', 'Parasect', 'Primeape', 'Gastly']","['Seadra', 'Rapidash', 'Xatu', 'Murkrow', 'Lickitung', 'Chinchou']",78,22,16
gen2nu-2008342949,[Gen 2] NU,2023-12-09 23:44:16,,micleberry42653,stoneplate55960,stoneplate55960,False,"['Pidgeotto', 'Cyndaquil', 'Meowth', 'Bellsprout', 'Bulbasaur', 'Charmander']","['Mankey', 'Meowth', 'Phanpy']",20,6,2
gen2nu-1117823947,[Gen 2] NU,2020-05-20 03:53:19,,cubone74030,trick33871,trick33871,False,"['Pineco', 'Sneasel', 'Lickitung', 'Gloom', 'Croconaw', 'Gastly']","['Dewgong', 'Kingler', 'Machoke', 'Dragonair']",37,17,12
gen2nu-835726905,[Gen 2] NU,2018-11-15 02:48:11,,goldberry53422,dratini35818,goldberry53422,False,"['Xatu', 'Weezing', 'Feraligatr', 'Raichu', 'Primeape', 'Magmar']","['Venomoth', 'Rapidash', 'Sudowoodo', 'Octillery', 'Hitmonchan', 'Dugtrio']",28,8,10
smogtours-gen2nu-598418,[Gen 2] NU,2021-12-19 16:05:01,,zapdos59192,extremespeed30289,zapdos59192,False,"['Kingler', 'Xatu', 'Houndour', 'Weezing', 'Azumarill', 'Gloom']","['Kingler', 'Pineco', 'Xatu', 'Octillery', 'Dugtrio', 'Gloom']",54,20,19
gen2nu-1100319939,[Gen 2] NU,2020-04-20 22:19:29,,scopelens57313,poisongas8357,scopelens57313,False,"['Kingler', 'Sudowoodo', 'Pineco', 'Xatu', 'Chinchou', 'Magmar']","['Pineco', 'Xatu', 'Flareon', 'Octillery', 'Graveler', 'Gastly']",23,8,10
smogtours-gen2nu-670245,[Gen 2] NU,2023-01-22 19:41:06,,koffing28618,volbeat92423,koffing28618,False,"['Magby', 'Teddiursa', 'Smoochum', 'Croconaw', 'Koffing']","['Togetic', 'Magby', 'Teddiursa', 'Smoochum', 'Croconaw', 'Koffing']",35,13,17
gen2nu-1128371496,[Gen 2] NU,2020-06-07 09:14:57,,regigigas73727,watergun59811,regigigas73727,False,"['Kingler', 'Flareon', 'Wigglytuff', 'Stantler', 'Magmar', 'Delibird']","['Pineco', 'Xatu', 'Octillery', 'Weezing', 'Primeape', 'Magmar']",32,12,9
smogtours-gen2nu-819177,[Gen 2] NU,2025-02-09 20:22:08,,tangledfeet30693,powerlens28906,tangledfeet30693,False,"['Kingler', 'Pineco', 'Weezing', 'Dewgong', 'Primeape']","['Kingler', 'Pidgeot', 'Ninetales', 'Bayleef', 'Omanyte', 'Tentacool']",29,5,12
gen2nu-1178405522,[Gen 2] NU,2020-08-31 02:14:26,,sharpedo31502,weedle59449,sharpedo31502,False,"['Ninetales', 'Xatu', 'Octillery', 'Hitmonlee', 'Furret', 'Pupitar']","['Kingler', 'Sudowoodo', 'Pineco', 'Xatu', 'Weezing', 'Chinchou']",41,15,21
smogtours-gen2nu-556334,[Gen 2] NU,2021-04-18 14:39:40,,watergun59811,deoxysattack76542,watergun59811,False,"['Pineco', 'Xatu', 'Stantler', 'Dewgong', 'Dugtrio', 'Primeape']","['Kingler', 'Rapidash', 'Xatu', 'Weezing', 'Hitmonlee', 'Magnemite']",38,15,17
gen2nu-1121725673,[Gen 2] NU,2020-05-26 19:44:30,,xscissor99781,poisongas8357,xscissor99781,False,"['Xatu', 'Octillery', 'Weezing', 'Lickitung', 'Magmar']","['Kingler', 'Ninetales', 'Bayleef', 'Xatu', 'Graveler', 'Mantine']",40,10,14
gen2nu-1174462069,[Gen 2] NU,2020-08-24 13:55:55,,uturn16561,watergun59811,watergun59811,True,"['Sudowoodo', 'Pineco', 'Xatu', 'Wigglytuff', 'Weezing', 'Wobbuffet']","['Octillery', 'Dugtrio', 'Wigglytuff']",30,11,2
smogtours-gen2nu-411407,[Gen 2] NU,2018-11-28 23:58:42,,sitrusberry77995,avalanche55702,avalanche55702,True,"['Kingler', 'Flareon', 'Weezing', 'Parasect', 'Raichu', 'Primeape']","['Pidgeot', 'Wigglytuff', 'Weezing', 'Feraligatr', 'Raichu']",33,10,10
smogtours-gen2nu-492316,[Gen 2] NU,2020-04-18 18:28:14,,staraptor64408,golduck34873,staraptor64408,False,"['Flareon', 'Xatu', 'Pineco', 'Weezing', 'Elekid', 'Dewgong']","['Kingler', 'Pidgeot', 'Staryu', 'Rapidash', 'Dragonair', 'Gastly']",111,39,48
gen2nu-834138879,[Gen 2] NU,2018-11-12 00:23:01,1020,focusband1232,acupressure5238,focusband1232,True,"['Ninetales', 'Noctowl', 'Pineco', 'Arbok', 'Feraligatr', 'Raichu']","['Sunflora', 'Pineco', 'Xatu', 'Graveler', 'Feraligatr', 'Gastly']",116,37,44
smogtours-gen2nu-712401,[Gen 2] NU,2023-08-26 23:53:18,,pickup28423,articuno75579,pickup28423,False,"['Kingler', 'Sudowoodo', 'Xatu', 'Tangela', 'Magmar', 'Fearow']","['Pineco', 'Xatu', 'Octillery', 'Weezing', 'Stantler', 'Fearow']",30,11,14
smogtours-gen2nu-815754,[Gen 2] NU,2025-01-24 22:39:44,,vespiquen67150,tangledfeet30693,tangledfeet30693,False,"[""Farfetch'D"", 'Cubone', 'Octillery', 'Stantler', 'Dugtrio', 'Fearow']","['Rapidash', 'Pineco', 'Xatu', 'Octillery', 'Wigglytuff', 'Persian']",38,9,9
smogtours-gen2nu-753867,[Gen 2] NU,2024-03-17 17:19:26,,rattata90247,confuseray41666,confuseray41666,True,"['Onix', 'Magby', 'Magnemite', 'Mankey']","['Meowth', 'Diglett']",9,3,1
gen2nu-1170960988,[Gen 2] NU,2020-08-18 12:44:32,,truant84021,crosspoison36301,truant84021,True,"['Hitmonlee', 'Primeape', 'Dewgong', 'Magmar', 'Tangela', 'Beedrill']","['Ninetales', 'Xatu', 'Octillery', 'Wigglytuff', 'Dugtrio', 'Shuckle']",50,11,13
smogtours-gen2nu-535374,[Gen 2] NU,2021-01-03 20:50:27,,watergun59811,farfetchd68284,farfetchd68284,False,"[""Farfetch'D"", 'Cubone', 'Azumarill', 'Weezing', 'Stantler', 'Dugtrio']","['Rapidash', 'Porygon', 'Sudowoodo', 'Weezing', 'Dugtrio', 'Hitmonlee']",55,19,12
gen2nu-1125107935,[Gen 2] NU,2020-06-01 23:09:18,,watergun59811,fire24746,watergun59811,False,"['Rapidash', 'Xatu', 'Wigglytuff', 'Weezing', 'Chinchou', 'Primeape']","['Machoke', 'Graveler', 'Mantine', 'Arbok', 'Parasect', 'Magmar']",30,8,13
gen2nu-2061311722,[Gen 2] NU,2024-02-17 07:54:11,,delcatty31981,regigigas73727,regigigas73727,False,"['Ponyta', 'Staryu', 'Porygon', 'Pineco', 'Cubone', 'Elekid']","['Voltorb', 'Doduo', 'Porygon', 'Elekid', 'Shellder', 'Mankey']",25,8,8
gen2nu-993091372,[Gen 2] NU,2019-10-15 20:33:31,,gastrodoneast315,omastar17137,omastar17137,False,"['Sudowoodo', 'Hitmonchan', 'Murkrow', 'Dugtrio', 'Lickitung', 'Ariados']","['Bayleef', 'Xatu', 'Graveler', 'Poliwrath', 'Stantler', 'Raichu']",46,12,12
gen2nu-831746601,[Gen 2] NU,2018-11-07 05:10:42,,tailwhip2839,focusband1232,tailwhip2839,False,"['Golduck', 'Raichu', 'Primeape', 'Magmar', 'Fearow']","['Golduck', 'Pineco', 'Flareon', 'Xatu', 'Raichu', 'Gastly']",27,6,9
gen2nu-1055482551,[Gen 2] NU,2020-01-31 02:51:20,,rock51085,aron10060,rock51085,False,"['Kingler', 'Sudowoodo', 'Pineco', 'Xatu', 'Primeape', 'Magmar']","['Venomoth', 'Rapidash', 'Sudowoodo', 'Octillery', 'Hitmonchan', 'Dugtrio']",32,12,8
smogtours-gen2nu-659661,[Gen 2] NU,2022-11-05 21:48:51,,watmelberry24903,altaria32948,altaria32948,True,"['Pidgeot', 'Pineco', 'Xatu', 'Wigglytuff', 'Hitmonlee', 'Fearow']","['Bayleef', 'Wigglytuff', 'Mantine', 'Graveler', 'Lickitung', 'Shuckle']",119,31,20
gen2nu-2050662130,[Gen 2] NU,2024-02-03 07:37:36,,regigigas73727,delcatty31981,delcatty31981,False,"['Porygon', 'Natu', 'Exeggcute', 'Kabuto', 'Diglett', 'Magnemite']","['Voltorb', 'Pineco', 'Cubone', 'Dratini', 'Elekid', 'Paras']",25,11,9
smogtours-gen2nu-766282,[Gen 2] NU,2024-05-05 22:36:20,,buneary57593,astonish32045,astonish32045,True,"['Sudowoodo', 'Flareon', 'Xatu', 'Wigglytuff', 'Weezing', 'Dewgong']","['Rapidash', 'Pineco', 'Octillery', 'Persian', 'Primeape']",23,11,9
smogtours-gen2nu-727165,[Gen 2] NU,2023-10-28 23:42:30,,shuckle12503,pickup28423,shuckle12503,False,"['Flareon', 'Xatu', 'Wigglytuff', 'Weezing', 'Stantler', 'Dewgong']","['Kingler', 'Sudowoodo', 'Pineco', 'Xatu', 'Gloom', 'Chinchou']",32,14,16
gen2nu-834152158,[Gen 2] NU,2018-11-12 00:45:39,,swinub46701,mudbomb84611,swinub46701,False,"['Flareon', 'Weezing', 'Stantler', 'Feraligatr', 'Raichu', 'Fearow']","['Pineco', 'Flareon', 'Wigglytuff', 'Weezing', 'Feraligatr', 'Raichu']",51,14,12
gen2nu-2211250518,[Gen 2] NU,2024-09-28 01:20:16,,articuno75579,powerlens28906,articuno75579,False,"['Ninetales', 'Porygon', 'Flareon', 'Xatu', 'Dragonair', 'Weezing']","['Porygon', 'Pineco', 'Weezing', 'Stantler', 'Dewgong', 'Dugtrio']",43,10,11
gen2nu-1159771422,[Gen 2] NU,2020-07-29 15:47:08,,watergun59811,present11303,present11303,False,"['Kingler', 'Pineco', 'Sneasel', 'Stantler', 'Dugtrio', 'Croconaw']","['Rapidash', 'Xatu', 'Weezing', 'Chinchou', 'Primeape', 'Fearow']",31,13,8
gen2nu-1125947346,[Gen 2] NU,2020-06-03 11:03:58,,embargo62252,watergun59811,watergun59811,False,"['Pidgeot', 'Dunsparce', 'Houndour', 'Wigglytuff', 'Weezing', 'Stantler']","['Rapidash', 'Xatu', 'Wigglytuff', 'Weezing', 'Chinchou', 'Primeape']",33,8,8
smogtours-gen2nu-596419,[Gen 2] NU,2021-12-05 23:51:23,,zapdos59192,watmelberry24903,watmelberry24903,True,"['Pineco', 'Houndour', 'Dugtrio', 'Hitmonlee', 'Primeape']","['Octillery', 'Magmar', 'Pineco', 'Xatu']",17,6,6
gen2nu-1110985355,[Gen 2] NU,2020-05-08 14:29:17,,poisongas8357,delcatty31981,delcatty31981,True,"['Kingler', 'Xatu', 'Azumarill', 'Graveler', 'Magnemite', 'Delibird']","['Ninetales', 'Bayleef', 'Xatu', 'Hitmontop', 'Furret', 'Beedrill']",61,22,14
gen2nu-1172909617,[Gen 2] NU,2020-08-21 18:38:21,,poliwag79956,amnesia25800,poliwag79956,False,"['Kingler', 'Flareon', 'Xatu', 'Dragonair', 'Weezing', 'Dewgong']","['Rapidash', 'Sudowoodo', 'Xatu', 'Azumarill', 'Weezing', 'Magnemite']",186,27,35
smogtours-gen2nu-829697,[Gen 2] NU,2025-04-04 13:58:56,,stoneplate55960,sunstone71283,stoneplate55960,True,"['Porygon', 'Pineco', 'Weezing', 'Dewgong', 'Dugtrio', 'Primeape']","['Ninetales', 'Octillery', 'Graveler', 'Gloom', 'Chinchou', 'Fearow']",89,24,29
vivantshowdown-gen2nu-29,[Gen 2] NU,2015-10-30 22:58:50,1000,kinesis98847,razorleaf82225,razorleaf82225,False,"['Noctowl', 'Unown', 'Azumarill', 'Bellossom', 'Girafarig', 'Beedrill']","['Pidgeot', 'Sunflora', 'Sudowoodo', 'Hitmontop', 'Mantine', 'Dewgong']",69,24,16
smogtours-gen2nu-568914,[Gen 2] NU,2021-07-02 23:12:23,,watergun59811,stoneplate32738,stoneplate32738,True,"['Kingler', 'Ninetales', 'Xatu', 'Weezing', 'Lickitung', 'Dugtrio']","['Ninetales', 'Xatu', 'Octillery', 'Dugtrio', 'Gloom', 'Persian']",46,12,9
smogtours-gen2nu-710113,[Gen 2] NU,2023-08-15 01:07:02,,articuno75579,whirlpool40763,articuno75579,True,"['Pineco', 'Xatu', 'Octillery', 'Weezing', 'Stantler', 'Dugtrio']","['Porygon', 'Pineco', 'Xatu', 'Weezing', 'Chinchou', 'Fearow']",27,13,8
gen2nu-837554006,[Gen 2] NU,2018-11-18 19:21:41,,sitrusberry77995,clefable74034,clefable74034,False,"['Ninetales', 'Sunflora', 'Pineco', 'Weezing', 'Feraligatr', 'Gastly']","['Golduck', 'Pineco', 'Exeggcute', 'Weezing', 'Dugtrio', 'Raichu']",33,10,8
gen2nu-2011030107,[Gen 2] NU,2023-12-13 21:32:40,,recover74685,wartortle32415,wartortle32415,False,"['Pineco', 'Xatu', 'Octillery', 'Weezing', 'Stantler', 'Fearow']","['Porygon', 'Pineco', 'Xatu', 'Octillery', 'Dugtrio']",38,14,8
gen2nu-2040149380,[Gen 2] NU,2024-01-21 02:08:45,,regigigas73727,delcatty31981,delcatty31981,True,"['Voltorb', 'Pineco', 'Onix', 'Dratini', 'Horsea', 'Slowpoke']","['Voltorb', 'Porygon', 'Cubone', 'Houndour', 'Diglett', 'Abra']",28,10,11
smogtours-gen2nu-557467,[Gen 2] NU,2021-04-24 23:44:30,,wormadam14777,snowwarning13339,snowwarning13339,False,"['Doduo', 'Staryu', 'Houndour', 'Elekid', 'Diglett', 'Abra']","['Magby', 'Porygon', 'Exeggcute', 'Houndour', 'Chinchou', 'Diglett']",34,12,9
gen2nu-2074199662,[Gen 2] NU,2024-03-05 19:35:29,,armthrust98225,ampharos18190,armthrust98225,False,"['Voltorb', 'Staryu', 'Porygon', 'Houndour', 'Elekid', 'Mankey']","['Staryu', 'Porygon', 'Houndour', 'Elekid', 'Mankey', 'Diglett']",17,6,6
gen2nu-1135328467,[Gen 2] NU,2020-06-19 08:35:21,,amnesia25800,watergun59811,watergun59811,False,"['Pineco', 'Xatu', 'Flareon', 'Weezing', 'Chinchou', 'Magnemite']","['Xatu', 'Chinchou', 'Persian', 'Ariados', 'Primeape', 'Magmar']",47,20,12
gen2nu-2015504318,[Gen 2] NU,2023-12-19 23:59:18,,aurasphere76841,recover74685,aurasphere76841,True,"['Fearow', ""Farfetch'D"", 'Wigglytuff', 'Dragonair']","['Porygon', 'Pineco', 'Octillery', 'Weezing', 'Primeape', 'Fearow']",25,5,8
smogtours-gen2nu-673865,[Gen 2] NU,2023-02-09 22:44:29,,watmelberry24903,innerfocus97582,innerfocus97582,False,"['Doduo', 'Bayleef', 'Onix', 'Smoochum', 'Dratini', 'Croconaw']","['Togetic', 'Magby', 'Bayleef', 'Meowth', 'Croconaw', 'Koffing']",60,29,27
gen2nu-1159122835,[Gen 2] NU,2020-07-28 13:58:46,,deoxysattack76542,watergun59811,watergun59811,False,"['Flareon', 'Xatu', 'Octillery', 'Dragonair', 'Dewgong', 'Magnemite']","['Onix', 'Pineco', 'Dewgong', 'Chinchou']",44,14,11
smogtours-gen2nu-742729,[Gen 2] NU,2024-01-28 14:14:05,,venusaur88702,magnetpull75337,magnetpull75337,False,"['Pineco', 'Octillery', 'Weezing', 'Stantler', 'Persian', 'Fearow']","['Sudowoodo', 'Pineco', 'Octillery', 'Weezing', 'Stantler', 'Fearow']",37,14,13
smogtours-gen2nu-714772,[Gen 2] NU,2023-09-08 21:53:20,,futuresight13270,pickup28423,futuresight13270,False,"['Porygon', 'Xatu', 'Octillery', 'Dugtrio', 'Magmar']","['Kingler', 'Ninetales', 'Pineco', 'Xatu', 'Wigglytuff', 'Weezing']",40,15,14
gen2nu-1155280529,[Gen 2] NU,2020-07-21 19:42:30,,astonish72019,tentacool90980,tentacool90980,False,"['Doduo', 'Machop', 'Poliwag', 'Sandshrew', 'Elekid', 'Drowzee']","['Magby', 'Machop', 'Staryu', 'Cubone', 'Bulbasaur', 'Abra']",27,8,12
gen2nu-1048992685,[Gen 2] NU,2020-01-19 09:25:00,,mentalherb24963,megahorn69568,mentalherb24963,False,"['Pineco', 'Octillery', 'Flareon', 'Xatu']","['Kingler', 'Hitmonchan', 'Arbok', 'Hitmonlee', 'Primeape', 'Golbat']",14,3,7
gen2nu-2061317728,[Gen 2] NU,2024-02-17 08:18:46,,delcatty31981,regigigas73727,delcatty31981,False,"['Chikorita', 'Teddiursa', 'Houndour', 'Omanyte', 'Diglett', 'Paras']","['Pineco', 'Eevee', 'Meowth', 'Diglett', 'Magnemite', 'Slowpoke']",33,10,10
gen2nu-835722846,[Gen 2] NU,2018-11-15 02:41:08,,goldberry53422,dratini35818,goldberry53422,False,"['Xatu', 'Weezing', 'Feraligatr', 'Raichu', 'Primeape', 'Magmar']","['Venomoth', 'Rapidash', 'Sudowoodo', 'Octillery', 'Hitmonchan', 'Dugtrio']",39,14,17
gen2nu-1138890144,[Gen 2] NU,2020-06-24 18:32:07,,watergun59811,amnesia25800,amnesia25800,False,"['Xatu', 'Weezing', 'Sneasel', 'Stantler', 'Dugtrio', 'Yanma']","['Sunflora', 'Xatu', 'Stantler', 'Lickitung', 'Chinchou', 'Fearow']",30,8,12
smogtours-gen2nu-449845,[Gen 2] NU,2019-06-29 01:25:55,,trick33871,swinub46701,swinub46701,False,"['Kingler', 'Golduck', 'Sudowoodo', 'Xatu', 'Exeggcute', 'Raichu']","['Exeggcute', 'Dragonair', 'Lickitung', 'Ariados', 'Raichu']",24,12,9
smogtours-gen2nu-406974,[Gen 2] NU,2018-12-05 01:03:33,,magmastorm83132,shadowclaw51134,magmastorm83132,True,"['Pineco', 'Xatu', 'Wigglytuff', 'Dugtrio', 'Persian', 'Feraligatr']","['Xatu', 'Weezing', 'Graveler', 'Lickitung', 'Feraligatr', 'Raichu']",49,11,16
smogtours-gen2nu-645174,[Gen 2] NU,2022-08-26 18:05:33,,mawile36886,haunter12630,haunter12630,False,"['Pineco', 'Xatu', 'Octillery', 'Dugtrio', 'Magmar', 'Fearow']","['Kingler', 'Pineco', 'Hitmonlee', 'Magnemite', 'Fearow', 'Gastly']",30,12,13
gen2nu-1164271585,[Gen 2] NU,2020-08-06 14:47:50,,alakazammega2287,watergun59811,watergun59811,False,"['Flareon', 'Xatu', 'Mantine', 'Lickitung', 'Parasect', 'Delibird']","['Sudowoodo', 'Pineco', 'Stantler', 'Dugtrio', 'Croconaw']",16,8,5
gen2nu-1163291408,[Gen 2] NU,2020-08-04 20:14:22,,watergun59811,astonish72019,astonish72019,False,"['Kingler', 'Ninetales', 'Pineco', 'Wigglytuff', 'Weezing', 'Dugtrio']","['Kingler', 'Magnemite', 'Dunsparce', 'Xatu']",61,8,4
gen2nu-949481886,[Gen 2] NU,2019-07-23 21:09:12,,sharpbeak82029,regigigas73727,regigigas73727,True,"['Wigglytuff', 'Graveler', 'Arbok', 'Lickitung', 'Raichu']","['Pineco', 'Dragonair', 'Poliwrath', 'Lickitung', 'Raichu', 'Shuckle']",91,22,23
gen2nu-749556529,[Gen 2] NU,2018-05-19 04:45:09,1066,nknownability24024,combusken1207,combusken1207,False,"['Pidgeot', 'Octillery', 'Haunter', 'Mr. Mime', 'Dugtrio', 'Lickitung']","['Pineco', 'Raticate', 'Haunter', 'Mr. Mime', 'Dugtrio', 'Persian']",47,12,12
gen2nu-1102276632,[Gen 2] NU,2020-04-24 00:53:52,,twistedspoon78974,trick33871,trick33871,True,"['Pineco', 'Flareon', 'Xatu', 'Weezing', 'Dewgong', 'Chinchou']","['Pineco', 'Flareon', 'Weezing', 'Sneasel', 'Chinchou']",36,11,9
gen2nu-917437709,[Gen 2] NU,2019-05-27 21:48:15,,registeel45872,watergun45384,registeel45872,False,"['Wigglytuff', 'Graveler', 'Poliwrath', 'Arbok', 'Lickitung', 'Raichu']","['Machoke', 'Weezing', 'Dugtrio', 'Dewgong', 'Raichu', 'Tangela']",113,24,30
gen2nu-1175442864,[Gen 2] NU,2020-08-26 01:16:58,,regigigas73727,astonish72019,regigigas73727,False,"['Pineco', 'Wigglytuff', 'Dewgong', 'Furret', 'Magmar']","['Venomoth', 'Dunsparce', 'Wigglytuff', 'Mantine', 'Arbok', 'Magnemite']",33,6,8
gen2nu-1132728966,[Gen 2] NU,2020-06-14 22:12:18,,focusband1232,watergun59811,watergun59811,True,"['Ariados', 'Weezing', 'Shuckle']","['Wigglytuff', 'Persian']",109,2,1
gen2nu-1019383834,[Gen 2] NU,2019-11-29 17:59:15,,hypervoice17876,rhyperior34073,hypervoice17876,False,"['Pidgeot', 'Sudowoodo', 'Octillery', 'Stantler', 'Delibird']","['Dunsparce', 'Shellder', 'Dugtrio', 'Ditto', 'Tangela', 'Delibird']",40,5,9
gen2nu-1040573762,[Gen 2] NU,2020-01-04 02:46:22,1076,ironfist29922,tailwhip43653,ironfist29922,True,"['Ninetales', 'Porygon', 'Sudowoodo', 'Xatu', 'Wigglytuff', 'Tangela']","['Ninetales', 'Porygon', 'Pineco', 'Seaking', 'Magnemite', 'Gastly']",39,8,14
gen2nu-1125353731,[Gen 2] NU,2020-06-02 11:30:16,,delcatty31981,watergun59811,delcatty31981,False,"['Rapidash', 'Pineco', 'Bayleef', 'Xatu', 'Octillery']","['Rapidash', 'Pineco', 'Sudowoodo', 'Hitmontop', 'Wigglytuff', 'Smoochum']",40,10,12
smogtours-gen2nu-699329,[Gen 2] NU,2023-06-25 19:38:42,,innerfocus97582,shinystone44310,shinystone44310,False,"['Magby', 'Bayleef', 'Smoochum', 'Meowth', 'Croconaw', 'Diglett']","['Magby', 'Onix', 'Smoochum', 'Dratini', 'Croconaw', 'Tentacool']",60,21,21
smogtours-gen2nu-663661,[Gen 2] NU,2022-12-04 00:01:08,,minus7359,rotomfan35023,rotomfan35023,False,"['Flareon', 'Cubone', 'Dragonair', 'Stantler', 'Lickitung', 'Ariados']","['Kingler', 'Xatu', 'Houndour', 'Weezing', 'Gloom', 'Primeape']",45,10,12
gen2nu-908525686,[Gen 2] NU,2019-05-12 20:18:11,,poisonheal30246,rawstberry64920,rawstberry64920,False,"['Kingler', 'Corsola', 'Dunsparce', 'Exeggcute', 'Dugtrio', 'Raichu']","['Pineco', 'Xatu', 'Poliwrath', 'Dugtrio', 'Raichu', 'Shuckle']",73,24,21
gen2nu-2067608839,[Gen 2] NU,2024-02-26 00:35:08,,regigigas73727,delcatty31981,delcatty31981,True,"['Voltorb', 'Pineco', 'Onix', 'Seel', 'Diglett']","['Voltorb', 'Diglett', 'Exeggcute', 'Staryu']",17,7,4
smogtours-gen2nu-811149,[Gen 2] NU,2024-12-21 18:55:45,,worryseed42469,chopleberry38027,chopleberry38027,False,"['Porygon', 'Graveler', 'Stantler', 'Dewgong', 'Gloom', 'Persian']","['Porygon', 'Pineco', 'Xatu', 'Octillery', 'Weezing', 'Dugtrio']",65,17,15
gen2nu-741547967,[Gen 2] NU,2018-05-02 19:49:13,1055,delcatty31981,stantler13317,delcatty31981,False,"['Sudowoodo', 'Parasect', 'Octillery', 'Dugtrio', 'Pikachu', 'Furret']","['Hitmontop', 'Octillery', 'Mr. Mime', 'Dugtrio', 'Pikachu', 'Fearow']",38,9,8
gen2nu-741673197,[Gen 2] NU,2018-05-03 00:58:57,,stantler13317,delcatty31981,delcatty31981,False,"['Kingler', 'Delibird', 'Mr. Mime', 'Dugtrio', 'Pikachu', 'Fearow']","['Sudowoodo', 'Parasect', 'Octillery', 'Dugtrio', 'Pikachu', 'Furret']",26,6,6
smogtours-gen2nu-663873,[Gen 2] NU,2022-12-05 01:14:07,,magnetpull75337,innerfocus97582,innerfocus97582,False,"['Pineco', 'Xatu', 'Octillery', 'Dugtrio', 'Persian', 'Fearow']","['Kingler', 'Sudowoodo', 'Pineco', 'Xatu', 'Weezing', 'Chinchou']",17,8,9
smogtours-gen2nu-438481,[Gen 2] NU,2019-04-28 13:20:17,,nknownability24024,lavaplume47096,lavaplume47096,False,"['Golduck', 'Pidgeot', 'Rapidash', 'Pineco', 'Dugtrio', 'Raichu']","['Golduck', 'Pineco', 'Weezing', 'Dugtrio', 'Raichu', 'Fearow']",89,21,25
smogtours-gen2nu-532971,[Gen 2] NU,2020-12-19 20:51:09,,quilava99512,arceuswater57688,quilava99512,False,"['Kingler', 'Xatu', 'Wigglytuff', 'Gloom', 'Chinchou', 'Magmar']","['Venomoth', 'Flareon', 'Xatu', 'Wigglytuff', 'Graveler', 'Dewgong']",37,8,14
smogtours-gen2nu-749849,[Gen 2] NU,2024-02-25 17:34:15,,venusaur88702,articuno75579,venusaur88702,False,"['Rapidash', 'Pineco', 'Xatu', 'Octillery', 'Wigglytuff', 'Persian']","['Pineco', 'Octillery', 'Weezing', 'Stantler', 'Lickitung', 'Dugtrio']",38,13,13
gen2nu-1168745739,[Gen 2] NU,2020-08-14 12:27:22,,turtwig42732,watergun59811,turtwig42732,True,"['Kingler', 'Magcargo', 'Pineco', 'Stantler', 'Dugtrio', 'Croconaw']","['Kingler', 'Ninetales', 'Wigglytuff', 'Weezing', 'Dugtrio', 'Magnemite']",49,15,12
gen2nu-1140276781,[Gen 2] NU,2020-06-26 20:00:04,,watergun59811,amnesia25800,watergun59811,False,"['Xatu', 'Omanyte', 'Weezing', 'Sneasel', 'Stantler', 'Dugtrio']","['Flareon', 'Xatu', 'Octillery', 'Magmar', 'Tangela', 'Ledian']",61,24,19
gen2nu-1178911689,[Gen 2] NU,2020-08-31 22:17:28,,pursuit89449,present11303,pursuit89449,False,"['Pineco', 'Flaaffy', 'Fearow', 'Poliwhirl']","['Rapidash', 'Xatu', 'Weezing', 'Dugtrio', 'Chinchou', 'Primeape']",24,5,9
smogtours-gen2nu-702326,[Gen 2] NU,2023-07-09 20:36:07,,innerfocus91859,outrage46997,outrage46997,False,"['Xatu', 'Octillery', 'Houndour', 'Weezing', 'Dugtrio', 'Chinchou']","['Porygon', 'Wigglytuff', 'Graveler', 'Stantler', 'Dewgong', 'Gloom']",44,11,12
gen2nu-1175076229,[Gen 2] NU,2020-08-25 13:48:26,,turtwig42732,bide54382,bide54382,True,"['Kingler', 'Pineco', 'Xatu', 'Weezing', 'Dugtrio', 'Parasect']","['Pidgeot', 'Dunsparce', 'Houndour', 'Wigglytuff', 'Weezing', 'Stantler']",40,16,11
smogtours-gen2nu-701973,[Gen 2] NU,2023-07-09 01:46:01,,venusaur88702,articuno75579,articuno75579,False,"['Pineco', 'Xatu', 'Dewgong', 'Dugtrio', 'Persian', 'Magmar']","['Pineco', 'Xatu', 'Octillery', 'Weezing', 'Dugtrio', 'Persian']",35,11,9
smogtours-gen2nu-535211,[Gen 2] NU,2021-01-03 19:12:03,,snore81392,quilava99512,snore81392,False,"['Sudowoodo', 'Rapidash', 'Xatu', 'Weezing', 'Chinchou', 'Primeape']","['Xatu', 'Octillery', 'Weezing', 'Sneasel', 'Gloom', 'Primeape']",116,42,38
gen2nu-1148654152,[Gen 2] NU,2020-07-10 14:35:44,,trick33871,watergun59811,trick33871,False,"['Xatu', 'Weezing', 'Stantler', 'Dugtrio', 'Hitmonlee', 'Ledian']","['Rapidash', 'Sudowoodo', 'Flareon', 'Tangela', 'Primeape', 'Magmar']",41,12,13
gen2nu-1044403291,[Gen 2] NU,2020-01-11 07:04:54,1065,ironfist29922,noconditions92731,ironfist29922,False,"['Rapidash', 'Sudowoodo', 'Xatu', 'Wigglytuff', 'Dewgong', 'Gloom']","['Venomoth', 'Raticate', 'Hitmonchan', 'Seaking', 'Pupitar', 'Delibird']",45,15,17
smogtours-gen2nu-664733,[Gen 2] NU,2022-12-11 23:40:43,,pickup28423,rockpolish84152,rockpolish84152,True,"['Kingler', 'Sudowoodo', 'Xatu', 'Tangela', 'Magmar', 'Fearow']","['Ninetales', 'Pineco', 'Xatu', 'Azumarill', 'Weezing', 'Stantler']",40,17,19
smogtours-gen2nu-406942,[Gen 2] NU,2018-12-03 21:48:33,,clefable74034,shadowclaw51134,shadowclaw51134,False,"['Pineco', 'Exeggcute', 'Weezing', 'Dugtrio', 'Raichu', 'Gastly']","['Xatu', 'Weezing', 'Graveler', 'Lickitung', 'Feraligatr', 'Raichu']",36,18,14
smogtours-gen2nu-410657,[Gen 2] NU,2018-11-21 12:37:27,,luckychant87352,sacredfire89193,sacredfire89193,False,"['Kingler', 'Flareon', 'Weezing', 'Parasect', 'Raichu', 'Primeape']","['Sudowoodo', 'Weezing', 'Arbok', 'Feraligatr', 'Raichu', 'Primeape']",41,14,12
smogtours-gen2nu-527142,[Gen 2] NU,2020-11-13 21:27:40,,wringout43587,rabutaberry90278,wringout43587,False,"['Venomoth', 'Pidgey', 'Poliwhirl', 'Hitmonchan', 'Elekid', 'Krabby']","['Quilava', 'Diglett', 'Aipom', 'Koffing', 'Tangela', 'Beedrill']",31,10,12
smogtours-gen2nu-635776,[Gen 2] NU,2022-07-02 19:39:45,,ganlonberry65673,innerfocus91859,innerfocus91859,True,"['Kingler', 'Porygon', 'Xatu', 'Houndour', 'Dragonair', 'Weezing']","['Sudowoodo', 'Pineco', 'Flareon', 'Octillery', 'Dewgong']",29,8,13
smogtours-gen2nu-668594,[Gen 2] NU,2023-01-15 00:34:44,,shadowsneak30,tangledfeet19705,tangledfeet19705,False,"['Pineco', 'Xatu', 'Octillery', 'Weezing', 'Stantler', 'Dugtrio']","['Rapidash', 'Pineco', 'Xatu', 'Wigglytuff', 'Dugtrio', 'Chinchou']",42,12,12
smogtours-gen2nu-811402,[Gen 2] NU,2024-12-22 18:51:23,,tangledfeet30693,ampharos34384,tangledfeet30693,True,"['Pineco', 'Xatu', 'Hitmontop', 'Weezing', 'Stantler', 'Dewgong']","['Kingler', 'Pineco', 'Octillery', 'Weezing', 'Stantler', 'Fearow']",37,10,10
gen2nu-2050655486,[Gen 2] NU,2024-02-03 07:18:13,,regigigas73727,delcatty31981,regigigas73727,False,"['Chikorita', 'Porygon', 'Houndour', 'Wooper', 'Diglett']","['Voltorb', 'Staryu', 'Onix', 'Exeggcute', 'Houndour', 'Diglett']",26,6,6
smogtours-gen2nu-410640,[Gen 2] NU,2018-11-20 23:28:45,,whiscash25801,rawstberry64920,whiscash25801,True,"['Pineco', 'Xatu', 'Graveler', 'Feraligatr', 'Raichu']","['Poliwrath', 'Lickitung', 'Aipom', 'Ariados', 'Raichu']",27,9,9
smogtours-gen2nu-813555,[Gen 2] NU,2025-01-10 14:09:28,,deoxysattack92735,powerlens28906,powerlens28906,False,"['Rapidash', 'Pineco', 'Xatu', 'Octillery', 'Persian', 'Primeape']","['Pidgeot', 'Ninetales', 'Octillery', 'Graveler', 'Gloom', 'Primeape']",147,58,70
gen2nu-1124489948,[Gen 2] NU,2020-05-31 21:10:42,,watergun59811,weepinbell21753,watergun59811,False,"['Seadra', 'Rapidash', 'Xatu', 'Elekid', 'Lickitung', 'Dugtrio']","['Kingler', 'Rapidash', 'Flareon', 'Xatu', 'Slowpoke', 'Magmar']",42,10,14
smogtours-gen2nu-689448,[Gen 2] NU,2023-04-24 19:05:14,,jynx96654,shadowsneak30,shadowsneak30,False,"['Pineco', 'Octillery', 'Stantler', 'Chinchou', 'Persian', 'Fearow']","['Pineco', 'Xatu', 'Octillery', 'Weezing', 'Stantler', 'Dugtrio']",26,9,13
gen2nu-904209130,[Gen 2] NU,2019-05-05 04:22:43,,carnivine28354,roleplay47054,roleplay47054,True,"['Kingler', 'Pineco', 'Raticate', 'Dugtrio', 'Raichu', 'Fearow']","['Rapidash', 'Xatu', 'Lickitung', 'Dewgong', 'Dugtrio', 'Tangela']",33,11,13
smogtours-gen2nu-812893,[Gen 2] NU,2025-01-05 13:12:50,,quagsire94479,magnetpull75337,quagsire94479,False,"['Porygon', 'Flareon', 'Xatu', 'Octillery', 'Gloom', 'Pupitar']","['Kingler', 'Pineco', 'Xatu', 'Weezing', 'Azumarill', 'Primeape']",35,11,17
gen2nu-1174817268,[Gen 2] NU,2020-08-25 01:05:39,,exeggcute84393,sharpedo31502,sharpedo31502,False,"['Flareon', 'Xatu', 'Octillery', 'Dragonair', 'Dewgong', 'Magnemite']","['Ninetales', 'Pineco', 'Wigglytuff', 'Weezing', 'Primeape']",29,9,6
smogtours-gen2nu-527133,[Gen 2] NU,2020-11-13 21:10:36,,wringout43587,rabutaberry90278,rabutaberry90278,False,"['Venomoth', 'Pidgey', 'Poliwhirl', 'Hitmonchan', 'Elekid', 'Krabby']","['Diglett', 'Aipom', 'Koffing', 'Tangela', 'Beedrill']",26,8,6
smogtours-gen2nu-689618,[Gen 2] NU,2023-04-27 01:47:45,,quilava74965,astonish32045,quilava74965,False,"['Magby', 'Doduo', 'Grimer', 'Bayleef', 'Smoochum', 'Croconaw']","['Togetic', 'Magby', 'Onix', 'Nidorino', 'Nidorina', 'Croconaw']",155,44,35
smogtours-gen2nu-601058,[Gen 2] NU,2022-01-08 17:47:20,,magmastorm83132,pickup28423,pickup28423,False,"['Xatu', 'Houndour', 'Graveler', 'Chinchou', 'Hitmonlee', 'Primeape']","['Pineco', 'Xatu', 'Dragonair', 'Stantler', 'Gloom', 'Persian']",29,14,9
smogtours-gen2nu-711008,[Gen 2] NU,2023-08-20 13:20:11,,hitmonchan30284,spikecannon62450,spikecannon62450,True,"['Kingler', 'Ninetales', 'Pineco', 'Xatu', 'Wigglytuff', 'Weezing']","['Pineco', 'Xatu', 'Octillery', 'Weezing', 'Dugtrio', 'Magmar']",31,10,12
gen2nu-1128133526,[Gen 2] NU,2020-06-06 22:25:16,,delcatty31981,watergun59811,delcatty31981,True,"['Rapidash', 'Pineco', 'Xatu', 'Bayleef', 'Dugtrio', 'Dewgong']","['Venomoth', 'Flareon', 'Bayleef', 'Wigglytuff', 'Azumarill', 'Dugtrio']",49,16,14
smogtours-gen2nu-728675,[Gen 2] NU,2023-11-04 20:56:24,,stench25210,shuckle12503,stench25210,False,"['Porygon', 'Pineco', 'Dewgong', 'Dugtrio', 'Primeape']","['Porygon', 'Pineco', 'Flareon', 'Octillery', 'Weezing', 'Fearow']",68,23,24
smogtours-gen2nu-674577,[Gen 2] NU,2023-02-12 14:44:23,,armaldo75787,belueberry81130,belueberry81130,False,"['Magby', 'Ledyba', 'Smoochum', 'Croconaw', 'Tentacool', 'Weepinbell']","['Togetic', 'Magby', 'Doduo', 'Bayleef', 'Onix', 'Croconaw']",50,13,15
gen2nu-2008422951,[Gen 2] NU,2023-12-10 02:30:08,,hornattack31442,leechlife10170,hornattack31442,True,"['Staryu', 'Porygon', 'Sandshrew', 'Houndour', 'Elekid', 'Spinarak']","['Staryu', 'Pineco', 'Elekid', 'Mankey', 'Diglett']",23,8,7
gen2nu-1126231044,[Gen 2] NU,2020-06-03 20:34:52,,quickattack41772,watergun59811,watergun59811,False,"['Xatu', 'Dewgong', 'Persian', 'Magnemite', 'Primeape', 'Magmar']","['Rapidash', 'Xatu', 'Wigglytuff', 'Weezing', 'Chinchou', 'Primeape']",31,13,12
smogtours-gen2nu-710110,[Gen 2] NU,2023-08-15 00:50:00,,articuno75579,whirlpool40763,whirlpool40763,False,"['Pidgeot', 'Ninetales', 'Octillery', 'Graveler', 'Gloom', 'Primeape']","['Pidgeot', 'Pineco', 'Xatu', 'Octillery', 'Hitmonlee', 'Fearow']",55,17,15
smogtours-gen2nu-568907,[Gen 2] NU,2021-07-02 23:01:17,,watergun59811,stoneplate32738,watergun59811,False,"['Xatu', 'Octillery', 'Weezing', 'Dugtrio', 'Primeape', 'Fearow']","['Seadra', 'Magcargo', 'Hitmontop', 'Drowzee', 'Furret', 'Yanma']",38,13,11
smogtours-gen2nu-752863,[Gen 2] NU,2024-03-11 01:32:44,,noability19212,amnesia86270,noability19212,False,"['Doduo', 'Porygon', 'Onix', 'Meowth', 'Chinchou', 'Diglett']","['Ponyta', 'Voltorb', 'Doduo', 'Staryu', 'Cubone', 'Drowzee']",26,6,8
gen2nu-1015835034,[Gen 2] NU,2019-11-24 11:47:31,,quilava99512,fighting88830,fighting88830,True,"['Pineco', 'Xatu', 'Weezing', 'Poliwrath', 'Dugtrio', 'Raichu']","['Wigglytuff', 'Poliwrath', 'Graveler', 'Arbok', 'Raichu']",45,11,5
gen2nu-1105057544,[Gen 2] NU,2020-04-28 19:27:37,,weezing45181,glaceon67942,glaceon67942,False,"['Flareon', 'Xatu', 'Octillery', 'Wigglytuff', 'Weezing', 'Graveler']","['Kingler', 'Primeape', 'Wigglytuff', 'Ninetales']",14,7,3
smogtours-gen2nu-692589,[Gen 2] NU,2023-05-16 02:20:03,,quilava74965,minun50581,minun50581,True,"['Togetic', 'Magby', 'Onix', 'Smoochum', 'Croconaw', 'Tentacool']","['Magby', 'Onix', 'Tentacool', 'Weepinbell', 'Croconaw', 'Diglett']",42,11,9
smogtours-gen2nu-675836,[Gen 2] NU,2023-02-19 11:49:53,,watmelberry24903,magnetpull75337,magnetpull75337,False,"['Doduo', 'Bayleef', 'Onix', 'Smoochum', 'Croconaw', 'Diglett']","['Magby', 'Bayleef', 'Onix', 'Smoochum', 'Croconaw', 'Diglett']",54,26,23
smogtours-gen2nu-569625,[Gen 2] NU,2021-07-09 22:57:33,,watergun59811,mimejr67810,watergun59811,False,"['Pineco', 'Xatu', 'Octillery', 'Weezing', 'Raticate', 'Magmar']","['Ninetales', 'Xatu', 'Octillery', 'Dugtrio', 'Gloom', 'Persian']",33,13,9
smogtours-gen2nu-444847,[Gen 2] NU,2019-06-02 15:49:24,,sonicboom26327,dig95510,sonicboom26327,False,"['Kingler', 'Sudowoodo', 'Exeggcute', 'Poliwrath', 'Dugtrio', 'Raichu']","['Venomoth', 'Dugtrio', 'Persian', 'Hitmonlee', 'Ledian', 'Fearow']",24,6,10
gen2nu-1172441513,[Gen 2] NU,2020-08-20 22:47:17,,sharpedo31502,amnesia25800,amnesia25800,False,"['Pineco', 'Xatu', 'Weezing', 'Azumarill', 'Gloom', 'Magmar']","['Sudowoodo', 'Rapidash', 'Xatu', 'Arbok', 'Chinchou']",39,16,13
smogtours-gen2nu-827988,[Gen 2] NU,2025-03-29 16:01:04,,articuno75579,metalsound31619,articuno75579,False,"['Pineco', 'Weezing', 'Dewgong', 'Pupitar', 'Primeape']","['Rapidash', 'Exeggcute', 'Cubone', 'Dewgong', 'Gloom', 'Hitmonlee']",64,30,35
smogtours-gen2nu-446052,[Gen 2] NU,2019-06-09 02:33:47,,magmastorm83132,trick33871,trick33871,True,"['Ariados', 'Raichu', 'Poliwrath', 'Shuckle']","['Golduck', 'Flareon', 'Dragonair', 'Ariados', 'Ledian']",20,4,5
smogtours-gen2nu-496128,[Gen 2] NU,2020-04-27 14:05:00,,altaria32948,dragonrush34751,dragonrush34751,False,"['Bayleef', 'Wigglytuff', 'Graveler', 'Mantine', 'Lickitung', 'Shuckle']","['Pineco', 'Flareon', 'Xatu', 'Octillery', 'Graveler', 'Magnemite']",62,24,22
smogtours-gen2nu-444750,[Gen 2] NU,2019-06-01 23:39:09,,lavaplume47096,mentalherb28142,mentalherb28142,False,"['Pineco', 'Exeggcute', 'Weezing', 'Poliwrath', 'Raichu', 'Primeape']","['Kingler', 'Sudowoodo', 'Exeggcute', 'Poliwrath', 'Dugtrio', 'Raichu']",62,25,20
gen2nu-1161971694,[Gen 2] NU,2020-08-02 14:15:53,,heatwave93550,watergun59811,heatwave93550,False,"['Pineco', 'Murkrow', 'Dewgong', 'Furret', 'Magmar', 'Pichu']","['Kingler', 'Magcargo', 'Wigglytuff', 'Weezing', 'Chinchou', 'Hitmonlee']",50,11,15
smogtours-gen2nu-566533,[Gen 2] NU,2021-06-18 23:16:08,,watergun59811,stoneplate32738,watergun59811,False,"['Kingler', 'Lickitung', 'Ninetales']","['Goldeen', 'Natu', 'Larvitar', 'Meowth', 'Wobbuffet', 'Spinarak']",36,2,6
smogtours-gen2nu-492276,[Gen 2] NU,2020-04-18 16:51:04,,twistedspoon78974,surskit77069,twistedspoon78974,False,"['Flareon', 'Pineco', 'Xatu', 'Weezing', 'Dewgong', 'Chinchou']","['Flareon', 'Xatu', 'Octillery', 'Wigglytuff', 'Weezing', 'Graveler']",37,9,15
smogtours-gen2nu-663016,[Gen 2] NU,2022-11-27 20:48:39,,innerfocus97582,zoomlens36961,innerfocus97582,False,"['Xatu', 'Weezing', 'Graveler', 'Stantler', 'Dewgong', 'Fearow']","['Kingler', 'Pineco', 'Xatu', 'Stantler', 'Chinchou', 'Persian']",25,6,10
gen2nu-825082013,[Gen 2] NU,2018-11-23 17:04:47,,hydration62804,suctioncups53417,hydration62804,True,"['Ninetales', 'Xatu', 'Graveler', 'Poliwrath', 'Raichu', 'Primeape']","['Xatu', 'Weezing', 'Graveler', 'Lickitung', 'Feraligatr', 'Raichu']",73,13,28
gen2nu-1133996101,[Gen 2] NU,2020-06-17 02:20:11,,protect92659,quickpowder55779,quickpowder55779,True,"['Kingler', 'Sunflora', 'Flareon', 'Raticate', 'Hitmonlee']","['Rapidash', 'Sudowoodo', 'Xatu', 'Weezing', 'Dewgong']",20,5,6
