id,format,uploadtime,rating,player1,player2,Winner,Forfeit,Team 1,Team 2,Turns,# Switches 1,# Switches 2
gen3nu-940596862,[Gen 3] NU,2019-07-06 16:31:04,,wailmer43107,psychocut93276,wailmer43107,True,"['Butterfree', 'Nosepass', 'Meditite', 'Zigzagoon', 'Ledian']","['Wailmer', 'Nosepass', 'Masquerain', 'Pineco']",19,6,6
gen3nu-1084155612,[Gen 3] NU,2020-03-23 21:45:28,,payday74254,psyduck38308,psyduck38308,True,"['Magby', 'Onix', 'Meowth', 'Gloom', 'Grovyle', 'Golbat']","['Pineco', 'Dragonair', 'Drowzee', 'Gloom', 'Metang']",38,12,16
smogtours-gen3nu-558426,[Gen 3] NU,2021-04-30 16:41:40,,twistedspoon63684,haunter12630,haunter12630,False,"['Wailord', 'Haunter', 'Murkrow', 'Crawdaunt', 'Metang', 'Roselia']","['Huntail', 'Flareon', 'Raticate', 'Haunter', 'Grovyle', 'Glalie']",27,12,11
smogtours-gen3nu-527587,[Gen 3] NU,2020-11-15 01:23:48,,cranidos39753,goldeen52039,cranidos39753,False,"['Omanyte', 'Minun', 'Sealeo', 'Vibrava', 'Beedrill', 'Duskull']","['Houndour', 'Dragonair', 'Omanyte', 'Ivysaur', 'Minun', 'Furret']",26,12,12
smogtours-gen3nu-783958,[Gen 3] NU,2024-08-03 22:40:22,,tangledfeet30693,faketears60131,faketears60131,True,"['Seadra', 'Wailord', 'Flareon', 'Haunter', 'Bellossom', 'Glalie']","['Venomoth', 'Plusle', 'Octillery', 'Delcatty', 'Mawile', 'Ledian']",22,8,5
smogtours-gen3nu-663600,[Gen 3] NU,2022-12-03 19:38:50,,astonish32045,volbeat11507,volbeat11507,True,"['Omanyte', 'Seviper', 'Minun', 'Chinchou', 'Furret', 'Ledian']","['Shelgon', 'Trapinch', 'Minun', 'Swalot', 'Shuckle']",33,12,11
gen3nu-1131037938,[Gen 3] NU,2020-06-11 21:15:18,,snover79756,earlybird4956,snover79756,False,"['Spinda', 'Mightyena', 'Seviper', 'Aipom', 'Vigoroth', 'Whiscash']","['Kingler', 'Flareon', 'Bayleef', 'Arbok', 'Dewgong', 'Lairon']",28,5,9
gen3nu-430449877,[Gen 3] NU,2016-09-03 21:02:48,,whismur84202,seel37895,whismur84202,False,"['Pupitar', 'Glalie', 'Raticate', 'Hitmonchan']","['Seadra', 'Magcargo', 'Mawile', 'Murkrow', 'Dewgong', 'Ariados']",15,3,5
smogtours-gen3nu-596699,[Gen 3] NU,2021-12-09 23:15:23,,empoleon29019,sandstorm48880,empoleon29019,False,"['Wailord', 'Flareon', 'Metang', 'Relicanth', 'Glalie']","['Kecleon', 'Plusle', 'Pelipper', 'Metang', 'Pupitar', 'Glalie']",23,9,10
gen3nu-1082004287,[Gen 3] NU,2020-03-19 23:16:01,,exploud92539,dragonfang79331,exploud92539,True,"['Pineco', 'Dragonair', 'Drowzee', 'Weepinbell', 'Metang', 'Gloom']","['Marshtomp', 'Dragonair', 'Graveler', 'Haunter', 'Drowzee', 'Grovyle']",122,27,16
gen3nu-1143523747,[Gen 3] NU,2020-07-02 02:21:40,,torment43861,rawstberry28879,rawstberry28879,False,"['Venomoth', 'Huntail', 'Pidgeot', 'Sudowoodo', 'Hitmonchan', 'Cacturne']","['Wailord', 'Torkoal', 'Haunter', 'Metang', 'Glalie']",13,5,4
gen3nu-836556083,[Gen 3] NU,2018-12-16 23:40:58,,denpowerwater56595,wynaut2746,wynaut2746,False,"['Staryu', 'Dustox', 'Pineco', 'Grimer', 'Delcatty', 'Taillow']","['Staryu', 'Nosepass', 'Meditite', 'Masquerain', 'Delibird', 'Taillow']",23,7,9
gen3nu-920409698,[Gen 3] NU,2019-06-01 19:16:21,,suctioncups53417,colorchange50909,colorchange50909,False,"['Huntail', 'Torkoal', 'Haunter', 'Crawdaunt', 'Metang', 'Roselia']","['Wailord', 'Flareon', 'Haunter', 'Chimecho', 'Relicanth', 'Roselia']",43,16,20
neworigin-gen3nu-572,[Gen 3] NU,2019-07-29 18:49:28,,ariados15495,tangela91840,ariados15495,False,"['Seadra', 'Hitmonchan', 'Murkrow', 'Dewgong', 'Vigoroth']","['Wailord', 'Murkrow', 'Chimecho', 'Metang', 'Pupitar', 'Roselia']",21,7,11
smogtours-gen3nu-832601,[Gen 3] NU,2025-04-12 16:49:03,,teddiursa88253,yanma7568,yanma7568,False,"['Flareon', 'Hitmonchan', 'Bellossom', 'Pelipper', 'Chimecho', 'Glalie']","['Flareon', 'Haunter', 'Hitmonchan', 'Arbok', 'Metang', 'Glalie']",26,15,10
gen3nu-879408570,[Gen 3] NU,2019-03-21 00:04:57,,ursaring45910,zenheadbutt21681,ursaring45910,False,"['Abra', 'Graveler', 'Glalie', 'Grovyle', 'Golbat']","['Pidgeot', 'Marshtomp', 'Hitmonchan', 'Lickitung', 'Pupitar', 'Glalie']",15,6,9
gen3nu-1079672153,[Gen 3] NU,2020-03-15 23:33:40,,bellossom8104,honchkrow58473,bellossom8104,True,"['Kecleon', 'Haunter', 'Hitmonchan', 'Cacturne', 'Pelipper']","['Seadra', 'Flareon', 'Hitmonchan', 'Murkrow', 'Dewgong', 'Vigoroth']",31,7,12
gen3nu-859257737,[Gen 3] NU,2019-02-07 02:01:09,,smeargle89265,angerpoint26450,smeargle89265,True,"['Flareon', 'Hitmonchan', 'Relicanth', 'Sableye', 'Roselia']","['Pidgeot', 'Magcargo', 'Hitmonchan', 'Chimecho', 'Roselia']",25,7,9
gen3nu-1079509489,[Gen 3] NU,2020-03-15 18:22:06,,tox71156,koffing93492,tox71156,False,"['Wailord', 'Hitmonchan', 'Haunter', 'Metang', 'Chimecho', 'Roselia']","['Flareon', 'Plusle', 'Haunter', 'Crawdaunt', 'Metang', 'Roselia']",31,11,11
gen3nu-435668476,[Gen 3] NU,2016-09-11 19:02:15,,kangaskhan34425,softsand54172,kangaskhan34425,True,"['Kecleon', 'Sandshrew', 'Poliwhirl', 'Diglett', 'Golbat']","['Shelgon', 'Diglett', 'Haunter', 'Metang', 'Pupitar', 'Magnemite']",32,12,14
gen3nu-1078162253,[Gen 3] NU,2020-03-13 05:06:33,,enpowerpoison95815,deoxysspeed62981,enpowerpoison95815,False,"['Pidgeot', 'Kecleon', 'Beautifly', 'Flareon', 'Haunter', 'Hitmonchan']","['Volbeat', 'Pelipper', 'Vigoroth', 'Illumise', 'Roselia', 'Tangela']",25,6,5
gen3nu-930268131,[Gen 3] NU,2019-06-18 03:29:09,,magnitude74179,smoothrock25184,magnitude74179,True,"['Growlithe', 'Nosepass', 'Pineco', 'Taillow']","['Pineco', 'Shuppet', 'Baltoy', 'Chinchou', 'Zigzagoon']",17,3,7
smogtours-gen3nu-772972,[Gen 3] NU,2024-06-08 19:08:57,,buneary67957,aeroblast60363,aeroblast60363,False,"['Flareon', 'Octillery', 'Arbok', 'Metang', 'Pupitar', 'Glalie']","['Wailord', 'Flareon', 'Haunter', 'Bellossom', 'Metang', 'Glalie']",20,5,7
gen3nu-1082445860,[Gen 3] NU,2020-03-20 19:04:27,,psyduck38308,dragonfang79331,psyduck38308,True,"['Marshtomp', 'Haunter', 'Ivysaur', 'Metang', 'Diglett', 'Duskull']","['Marshtomp', 'Combusken', 'Haunter', 'Graveler', 'Wartortle', 'Drowzee']",29,12,12
smogtours-gen3nu-688549,[Gen 3] NU,2023-04-20 20:17:08,,magikarp58440,shellarmor72810,shellarmor72810,True,"['Venomoth', 'Octillery', 'Minun', 'Delcatty']","['Murkrow', 'Wailord', 'Roselia', 'Metang']",25,8,8
gen3nu-2240246558,[Gen 3] NU,2024-11-09 00:09:21,,colorchange66435,paras61636,colorchange66435,False,"['Huntail', 'Flareon', 'Glalie', 'Haunter']","['Octillery', 'Pupitar', 'Murkrow', 'Metang', 'Chimecho', 'Roselia']",15,3,5
gen3nu-1095432515,[Gen 3] NU,2020-04-12 16:54:40,1029,poweranklet47718,download60495,download60495,False,"['Wailord', 'Huntail', 'Plusle', 'Masquerain', 'Relicanth', 'Shuckle']","['Pidgeot', 'Huntail', 'Flareon', 'Raticate', 'Hitmonchan', 'Metang']",20,8,6
smogtours-gen3nu-730428,[Gen 3] NU,2023-11-12 21:59:39,,charcoal84776,pickup28423,charcoal84776,True,"['Seadra', 'Huntail', 'Plusle', 'Haunter', 'Glalie']","['Wailord', 'Flareon', 'Sableye', 'Chimecho', 'Relicanth', 'Roselia']",25,7,8
smogtours-gen3nu-811723,[Gen 3] NU,2024-12-26 23:25:33,,shinystone44310,bitterberry84906,shinystone44310,False,"['Hitmonchan', 'Haunter', 'Dewgong', 'Metang', 'Chimecho', 'Glalie']","['Flareon', 'Plusle', 'Octillery', 'Haunter', 'Metang', 'Glalie']",21,5,9
smogtours-gen3nu-813390,[Gen 3] NU,2025-01-06 19:54:44,,vitalspirit41729,weepinbell75190,vitalspirit41729,True,"['Plusle', 'Venomoth', 'Glalie', 'Metang']","['Ariados', 'Minun', 'Delcatty', 'Mawile']",21,4,5
smogtours-gen3nu-742633,[Gen 3] NU,2024-01-28 07:12:12,,powerelectric10332,willowisp64187,powerelectric10332,False,"['Seadra', 'Wailord', 'Haunter', 'Cacturne', 'Metang', 'Chimecho']","['Flareon', 'Metang', 'Bellossom', 'Sableye', 'Diglett', 'Tangela']",19,10,8
gen3nu-2289287963,[Gen 3] NU,2025-01-27 17:59:48,,milkdrink49044,passhoberry40569,passhoberry40569,False,"['Octillery', 'Raticate', 'Minun', 'Lickitung', 'Metang', 'Glalie']","['Haunter', 'Bellossom', 'Metang', 'Chimecho', 'Glalie']",21,7,5
smogtours-gen3nu-663419,[Gen 3] NU,2022-12-02 15:08:59,,haunter12630,powerelectric10332,powerelectric10332,True,"['Sudowoodo', 'Raticate', 'Haunter', 'Bellossom', 'Diglett', 'Glalie']","['Huntail', 'Sudowoodo', 'Flareon', 'Chimecho', 'Glalie']",20,9,5
smogtours-gen3nu-549350,[Gen 3] NU,2021-03-21 13:23:02,,bubblebeam57653,salacberry8492,bubblebeam57653,True,"['Dewgong', 'Whiscash', 'Metang', 'Chimecho', 'Roselia']","['Hitmonchan', 'Mawile', 'Lickitung', 'Pelipper', 'Swalot']",20,5,11
smogtours-gen3nu-764397,[Gen 3] NU,2024-04-28 17:35:37,,bubblebeam57653,gardevoir84608,bubblebeam57653,False,"['Torkoal', 'Hitmonchan', 'Dewgong', 'Metang', 'Glalie', 'Golbat']","['Flareon', 'Plusle', 'Haunter', 'Hitmonchan', 'Metang', 'Glalie']",29,12,9
gen3nu-1175761477,[Gen 3] NU,2020-08-26 16:03:02,,cutecharm43349,poisonfang73143,poisonfang73143,True,"['Houndour', 'Omanyte', 'Dragonair', 'Ivysaur', 'Minun', 'Furret']","['Houndour', 'Omanyte', 'Dragonair', 'Ivysaur', 'Minun', 'Furret']",111,21,24
smogtours-gen3nu-698054,[Gen 3] NU,2023-06-18 18:16:25,,twistedspoon63684,splash22725,splash22725,False,"['Kingler', 'Flareon', 'Tangela', 'Pupitar', 'Chimecho', 'Glalie']","['Flareon', 'Haunter', 'Glalie', 'Hitmonchan']",16,6,3
gen3nu-1090631818,[Gen 3] NU,2020-04-04 02:18:51,1065,mareep27349,latios39178,latios39178,False,"['Wailord', 'Hitmonchan', 'Cacturne', 'Lickitung', 'Sableye', 'Relicanth']","['Wailord', 'Haunter', 'Hitmonchan', 'Metang', 'Diglett', 'Roselia']",42,14,11
smogtours-gen3nu-593578,[Gen 3] NU,2021-11-16 20:23:57,,mawile36886,chlorophyll28494,chlorophyll28494,True,"['Wailord', 'Huntail', 'Haunter', 'Metang', 'Chimecho', 'Glalie']","['Chimecho', 'Glalie', 'Haunter', 'Metang']",24,7,5
smogtours-gen3nu-617890,[Gen 3] NU,2022-04-04 21:06:40,,glare38523,volbeat11507,glare38523,False,"['Furret', 'Dragonair', 'Flaaffy', 'Omanyte']","['Snorunt', 'Houndour', 'Dragonair', 'Minun', 'Furret', 'Beedrill']",18,4,6
smogtours-gen3nu-645999,[Gen 3] NU,2022-09-02 01:00:13,,drillpeck45275,honeygather86735,drillpeck45275,True,"['Wailord', 'Vigoroth', 'Hitmonchan', 'Sableye']","['Flareon', 'Haunter', 'Dewgong', 'Vigoroth', 'Chimecho']",18,5,5
gen3nu-2258267814,[Gen 3] NU,2024-12-07 01:57:38,,milkdrink49044,sentret5615,milkdrink49044,False,"['Wailord', 'Flareon', 'Haunter', 'Metang', 'Glalie']","['Wailord', 'Plusle', 'Metang', 'Chimecho', 'Roselia', 'Golbat']",22,7,8
smogtours-gen3nu-662775,[Gen 3] NU,2022-11-26 20:15:42,,shiftry23835,glalie1542,glalie1542,False,"['Wailord', 'Flareon', 'Wigglytuff', 'Haunter', 'Metang', 'Glalie']","['Wailord', 'Sudowoodo', 'Torkoal', 'Chimecho', 'Glalie']",25,14,7
gen3nu-926015255,[Gen 3] NU,2019-06-11 01:14:22,,stomp9436,icefang57178,stomp9436,True,"['Voltorb', 'Grimer', 'Cubone', 'Horsea', 'Taillow']","['Growlithe', 'Staryu', 'Pineco', 'Rhyhorn', 'Shuppet', 'Gloom']",29,15,17
gen3nu-945901492,[Gen 3] NU,2019-07-16 22:09:15,,quickfeet93886,whirlwind62023,quickfeet93886,False,"['Wailord', 'Hitmonchan', 'Cacturne', 'Arbok', 'Seviper', 'Ledian']","['Wailord', 'Flareon', 'Pupitar', 'Metang', 'Chimecho', 'Roselia']",27,10,10
gen3nu-1126795104,[Gen 3] NU,2020-06-04 18:37:05,,followme92021,download60495,download60495,True,"['Hitmonchan', 'Haunter', 'Cacturne', 'Murkrow', 'Whiscash']","['Pidgeot', 'Flareon', 'Raticate', 'Arbok', 'Yanma']",27,7,6
gen3nu-2287774365,[Gen 3] NU,2025-01-25 04:34:02,,futuresight13270,gastly57717,gastly57717,False,"['Hitmonchan', 'Dewgong', 'Grovyle', 'Metang', 'Chimecho', 'Glalie']","['Wailord', 'Huntail', 'Torkoal', 'Haunter', 'Metang', 'Glalie']",18,6,6
gen3nu-1081885836,[Gen 3] NU,2020-03-19 19:23:21,,dragonfang79331,exploud92539,exploud92539,False,"['Marshtomp', 'Combusken', 'Graveler', 'Haunter', 'Wartortle', 'Drowzee']","['Voltorb', 'Omanyte', 'Haunter', 'Drowzee', 'Metang']",18,9,5
smogtours-gen3nu-586239,[Gen 3] NU,2021-10-12 20:31:36,,habanberry33794,altaria32948,habanberry33794,False,"['Wailord', 'Torkoal', 'Haunter', 'Metang', 'Chimecho', 'Glalie']","['Flareon', 'Diglett', 'Mawile', 'Bellossom', 'Chimecho', 'Roselia']",40,13,15
gen3nu-1155650887,[Gen 3] NU,2020-07-22 11:23:14,,shieldon88237,enpowerpoison64594,shieldon88237,False,"['Kecleon', 'Hitmonchan', 'Bellossom', 'Chimecho', 'Relicanth', 'Glalie']","['Pidgeot', 'Magcargo', 'Hitmonchan', 'Seaking', 'Chimecho', 'Roselia']",33,14,9
smogtours-gen3nu-677216,[Gen 3] NU,2023-02-25 19:46:03,,pickup28423,magmortar19991,pickup28423,False,"['Torkoal', 'Chimecho', 'Wailord', 'Glalie']","['Flareon', 'Torkoal', 'Haunter', 'Metang', 'Roselia', 'Tangela']",26,7,9
gen3nu-912581396,[Gen 3] NU,2019-05-19 18:36:09,,cobaberry41000,entei72987,cobaberry41000,False,"['Haunter', 'Dewgong', 'Vigoroth', 'Metang', 'Chimecho', 'Roselia']","['Flareon', 'Hitmonchan', 'Haunter', 'Bellossom', 'Pelipper', 'Metang']",31,11,9
smogtours-gen3nu-503257,[Gen 3] NU,2020-05-24 20:52:20,,uxie39518,glameow94696,glameow94696,False,"['Wailord', 'Flareon', 'Plusle', 'Haunter', 'Cacturne', 'Chimecho']","['Wailord', 'Tropius', 'Torkoal', 'Haunter', 'Metang', 'Glalie']",17,8,9
smogtours-gen3nu-633820,[Gen 3] NU,2022-06-19 23:25:12,,judgment88768,honeygather86735,judgment88768,False,"['Pidgeot', 'Huntail', 'Haunter', 'Minun', 'Glalie', 'Tangela']","['Wailord', 'Huntail', 'Torkoal', 'Haunter', 'Metang', 'Glalie']",24,5,8
gen3nu-1135603248,[Gen 3] NU,2020-06-19 18:31:08,,seedflare81285,fighting88830,seedflare81285,True,"['Wailord', 'Glalie', 'Metang']","['Kecleon', 'Haunter', 'Hitmonchan', 'Sableye', 'Chimecho', 'Glalie']",13,5,5
smogtours-gen3nu-724783,[Gen 3] NU,2023-10-19 19:54:58,,haunter12630,crunch37612,crunch37612,False,"['Haunter', 'Cacturne', 'Mawile', 'Pelipper', 'Pikachu', 'Chimecho']","['Flareon', 'Mawile', 'Bellossom', 'Pelipper', 'Pikachu', 'Glalie']",31,13,10
gen3nu-827023663,[Gen 3] NU,2018-11-27 15:14:43,,powergem76020,levitate42349,powergem76020,False,"['Doduo', 'Cubone', 'Houndour', 'Dragonair', 'Minun', 'Corsola']","['Mightyena', 'Trapinch', 'Omanyte', 'Drowzee', 'Beedrill', 'Gastly']",33,10,13
gen3nu-2083823845,[Gen 3] NU,2024-03-18 19:13:23,,primeape25844,needlearm73798,needlearm73798,True,"['Wailord', 'Tropius', 'Murkrow', 'Metang', 'Chimecho', 'Roselia']","['Kingler', 'Flareon', 'Hitmonchan', 'Bellossom', 'Diglett', 'Shuckle']",74,26,25
smogtours-gen3nu-727523,[Gen 3] NU,2023-10-29 18:59:50,,outrage46997,buneary57593,buneary57593,True,"['Hitmonchan', 'Cacturne', 'Dewgong', 'Vigoroth', 'Sableye', 'Golbat']","['Kecleon', 'Plusle', 'Pelipper', 'Metang', 'Glalie']",21,11,8
gen3nu-936005279,[Gen 3] NU,2019-06-27 21:08:47,,icebeam49563,rawstberry57157,icebeam49563,True,"['Staryu', 'Grimer', 'Nosepass', 'Delcatty', 'Chinchou', 'Gloom']","['Staryu', 'Castform', 'Seaking', 'Meditite', 'Gloom', 'Magnemite']",67,17,17
smogtours-gen3nu-659643,[Gen 3] NU,2022-11-05 21:19:08,,hitmonchan30284,outrage46997,hitmonchan30284,False,"['Wailord', 'Huntail', 'Flareon', 'Haunter', 'Metang', 'Glalie']","['Hitmonchan', 'Dewgong', 'Chinchou', 'Sableye', 'Tangela', 'Golbat']",35,10,13
smogtours-gen3nu-741100,[Gen 3] NU,2024-01-21 20:35:35,,dynamicpunch8812,airslash47650,airslash47650,False,"['Wailord', 'Raticate', 'Hitmonchan', 'Pupitar', 'Chimecho', 'Roselia']","['Wailord', 'Bellossom', 'Metang', 'Glalie', 'Golbat']",21,8,9
gen3nu-839500368,[Gen 3] NU,2018-12-23 13:02:36,,magmortar67223,naturalgift2401,naturalgift2401,False,"['Tropius', 'Flareon', 'Haunter', 'Mawile', 'Bellossom', 'Glalie']","['Huntail', 'Kecleon', 'Flareon', 'Hitmonchan']",18,9,5
gen3nu-2115680719,[Gen 3] NU,2024-05-01 18:22:41,,illuminate48967,salamence30511,illuminate48967,False,"['Hitmonchan', 'Pikachu', 'Bellossom', 'Lickitung', 'Sableye', 'Pupitar']","['Togetic', 'Flareon', 'Sableye', 'Whiscash', 'Metang', 'Roselia']",60,10,19
gen3nu-430548464,[Gen 3] NU,2016-09-03 23:35:27,,flashfire86109,brightpowder2688,brightpowder2688,False,"['Torkoal', 'Hitmonchan', 'Dewgong', 'Sableye', 'Pupitar', 'Glalie']","['Huntail', 'Hitmonchan', 'Sableye', 'Glalie', 'Tangela']",23,8,5
gen3nu-923884875,[Gen 3] NU,2019-06-07 14:31:04,,magby40847,dragonrage74495,magby40847,False,"['Wailord', 'Plusle', 'Torkoal', 'Relicanth', 'Metang', 'Roselia']","['Kingler', 'Torkoal', 'Cacturne', 'Mawile', 'Vigoroth', 'Golbat']",18,7,7
gen3nu-2123501797,[Gen 3] NU,2024-05-13 03:21:25,,roost11410,rarebone4723,roost11410,False,"['Kecleon', 'Flareon', 'Onix', 'Bellossom', 'Tangela']","['Kingler', 'Venomoth', 'Octillery', 'Raticate', 'Relicanth', 'Ledian']",36,9,13
smogtours-gen3nu-830979,[Gen 3] NU,2025-04-06 13:29:17,,aurasphere19230,nidorina72636,aurasphere19230,True,"['Flareon', 'Octillery', 'Arbok', 'Metang', 'Glalie']","['Haunter', 'Pelipper', 'Dewgong', 'Vigoroth', 'Metang', 'Roselia']",30,9,10
gen3nu-1175908229,[Gen 3] NU,2020-08-26 20:12:17,,poliwag79956,bulletpunch20143,poliwag79956,False,"['Raticate', 'Haunter', 'Hitmonchan', 'Crawdaunt', 'Sableye', 'Chimecho']","['Wigglytuff', 'Graveler', 'Cacturne', 'Dewgong', 'Metang', 'Beedrill']",27,8,7
pokemonhispano-gen3nu-10956,[Gen 3] NU,2019-12-18 05:53:31,,clearbody23004,calmmind67611,clearbody23004,False,"['Seadra', 'Flareon', 'Hitmonchan', 'Murkrow', 'Dewgong']","['Flareon', 'Haunter', 'Hitmonchan', 'Bellossom', 'Sableye', 'Glalie']",24,7,11
smogtours-gen3nu-794573,[Gen 3] NU,2024-10-04 16:12:32,,futuresight13270,haunter12630,futuresight13270,False,"['Haunter', 'Bellossom', 'Dewgong', 'Chimecho', 'Diglett', 'Relicanth']","['Kecleon', 'Octillery', 'Omanyte', 'Hitmonchan', 'Arbok', 'Chimecho']",39,16,14
smogtours-gen3nu-486406,[Gen 3] NU,2020-03-31 22:02:41,,horndrill95935,gigadrain46055,horndrill95935,False,"['Wailord', 'Flareon', 'Diglett', 'Hitmonchan', 'Mawile', 'Chimecho']","['Kecleon', 'Hitmonchan', 'Bellossom', 'Chimecho', 'Relicanth', 'Glalie']",68,15,14
smogtours-gen3nu-758824,[Gen 3] NU,2024-04-06 15:34:02,,futuresight13270,bubblebeam57653,bubblebeam57653,False,"['Seadra', 'Huntail', 'Torkoal', 'Plusle', 'Sableye', 'Glalie']","['Octillery', 'Nosepass', 'Arbok', 'Bellossom', 'Chimecho']",33,10,8
gen3nu-2336147909,[Gen 3] NU,2025-04-05 20:18:03,,aggron34190,needlearm59980,needlearm59980,False,"['Plusle', 'Octillery', 'Metang', 'Lickitung', 'Sableye', 'Roselia']","['Wailord', 'Huntail', 'Pineco', 'Pikachu', 'Murkrow', 'Metang']",37,11,10
smogtours-gen3nu-485049,[Gen 3] NU,2020-03-28 14:18:15,,recycle92780,arenatrap65458,arenatrap65458,True,"['Wailord', 'Flareon', 'Pupitar', 'Sableye', 'Chimecho', 'Roselia']","['Wailord', 'Bellossom', 'Chimecho', 'Glalie', 'Golbat']",29,10,9
gen3nu-1084561651,[Gen 3] NU,2020-03-24 16:18:35,,pidgeot31794,psyduck38308,psyduck38308,True,"['Wartortle', 'Haunter', 'Metang']","['Shelgon', 'Dragonair', 'Metang']",11,2,3
smogtours-gen3nu-818293,[Gen 3] NU,2025-02-07 01:52:01,,haunter12630,drapion57021,drapion57021,False,"['Kecleon', 'Plusle', 'Octillery', 'Hitmonchan', 'Pelipper', 'Glalie']","['Flareon', 'Octillery', 'Haunter', 'Arbok', 'Metang', 'Glalie']",41,22,16
gen3nu-889290330,[Gen 3] NU,2019-04-08 13:47:14,,lickilicky40959,typechange19271,typechange19271,False,"['Pidgeot', 'Haunter', 'Seviper', 'Murkrow', 'Pupitar', 'Glalie']","['Pidgeot', 'Magcargo', 'Hitmonchan', 'Seaking', 'Chimecho', 'Roselia']",33,15,11
gen3nu-1122049723,[Gen 3] NU,2020-05-27 13:37:30,,mudslap68669,mist21242,mist21242,False,"['Wailord', 'Pidgeot', 'Flareon', 'Hitmonchan', 'Dewgong', 'Crawdaunt']","['Pidgeot', 'Magcargo', 'Hitmonchan', 'Chimecho', 'Roselia']",25,7,7
smogtours-gen3nu-770737,[Gen 3] NU,2024-05-26 21:41:51,,airslash47650,buneary67957,airslash47650,False,"['Wailord', 'Mightyena', 'Torkoal', 'Hitmonchan', 'Glalie', 'Golbat']","['Wailord', 'Plusle', 'Hitmonchan', 'Metang', 'Chimecho', 'Glalie']",58,18,14
gen3nu-1125507989,[Gen 3] NU,2020-06-02 17:35:50,,porygonz13179,spearow33023,porygonz13179,False,"['Kecleon', 'Octillery', 'Haunter', 'Hitmonchan', 'Metang', 'Pupitar']","['Diglett', 'Raticate', 'Haunter', 'Metang', 'Glalie', 'Tangela']",29,14,15
gen3nu-926550736,[Gen 3] NU,2019-06-12 00:22:00,,munchlax60491,hippowdon46639,munchlax60491,False,"['Bayleef', 'Grimer', 'Nosepass', 'Elekid', 'Meditite', 'Delibird']","['Flaaffy', 'Nosepass', 'Seaking', 'Magnemite', 'Delibird', 'Taillow']",37,15,17
gen3nu-921841068,[Gen 3] NU,2019-06-04 04:18:15,,wailmer43107,payday74254,payday74254,False,"['Growlithe', 'Sunflora', 'Snorunt', 'Bagon', 'Zigzagoon', 'Ledian']","['Gloom', 'Meditite', 'Castform', 'Nosepass']",23,7,3
gen3nu-1138088513,[Gen 3] NU,2020-06-23 15:13:39,,mantyke6294,drapion57021,mantyke6294,False,"['Pidgeot', 'Huntail', 'Hitmonchan', 'Metang', 'Chimecho', 'Roselia']","['Flareon', 'Haunter', 'Bellossom', 'Dewgong', 'Metang', 'Diglett']",31,14,12
smogtours-gen3nu-487968,[Gen 3] NU,2020-04-05 01:36:05,,futuresight13270,rock51085,rock51085,False,"['Flareon', 'Hitmonchan', 'Crawdaunt', 'Chimecho', 'Relicanth', 'Roselia']","['Wailord', 'Sudowoodo', 'Flareon', 'Metang', 'Glalie', 'Golbat']",33,14,12
smogtours-gen3nu-645932,[Gen 3] NU,2022-09-01 16:26:36,,bubblebeam57653,seedot88254,bubblebeam57653,False,"['Hitmonchan', 'Bellossom', 'Swalot', 'Crawdaunt', 'Metang', 'Chimecho']","['Wailord', 'Plusle', 'Metang', 'Chimecho', 'Roselia', 'Golbat']",33,11,16
smogtours-gen3nu-553927,[Gen 3] NU,2021-04-04 18:29:15,,cobaberry41000,sceptile30575,cobaberry41000,False,"['Wailord', 'Huntail', 'Plusle', 'Cacturne', 'Sableye', 'Chimecho']","['Huntail', 'Haunter', 'Hitmonchan', 'Murkrow', 'Chimecho', 'Relicanth']",51,8,8
gen3nu-1079566335,[Gen 3] NU,2020-03-15 19:59:40,,stickybarb45781,swampert19346,stickybarb45781,False,"['Kecleon', 'Delcatty', 'Bellossom', 'Metang', 'Glalie']","['Wailord', 'Flareon', 'Haunter', 'Chimecho', 'Relicanth', 'Roselia']",36,7,14
gen3nu-1039472441,[Gen 3] NU,2020-01-02 03:04:03,,arceussteel79571,stealthrock23092,stealthrock23092,False,"['Doduo', 'Porygon', 'Larvitar', 'Meowth', 'Diglett', 'Abra']","['Staryu', 'Porygon', 'Pineco', 'Larvitar', 'Bagon']",21,6,5
gen3nu-1084191071,[Gen 3] NU,2020-03-23 22:52:20,,psyduck38308,dragonfang79331,psyduck38308,False,"['Metang', 'Dragonair', 'Wartortle', 'Drowzee', 'Sealeo', 'Golbat']","['Seadra', 'Cubone', 'Dragonair', 'Drowzee', 'Weepinbell', 'Metang']",50,20,17
smogtours-gen3nu-662709,[Gen 3] NU,2022-11-26 15:19:41,,noctowl47464,powerelectric10332,noctowl47464,False,"['Wailord', 'Haunter', 'Cacturne', 'Vigoroth', 'Metang']","['Torkoal', 'Raticate', 'Cacturne', 'Dewgong', 'Metang', 'Chimecho']",28,10,15
gen3nu-2034647026,[Gen 3] NU,2024-01-14 04:47:58,,sandattack60453,rarebone4723,rarebone4723,False,"['Venomoth', 'Machoke', 'Flareon', 'Haunter', 'Vigoroth', 'Whiscash']","['Wailord', 'Murkrow', 'Whiscash', 'Sableye', 'Chimecho', 'Glalie']",32,13,13
gen3nu-1082461044,[Gen 3] NU,2020-03-20 19:32:42,,dragonfang79331,psyduck38308,dragonfang79331,True,"['Seadra', 'Pineco', 'Houndour', 'Dragonair', 'Graveler', 'Haunter']","['Marshtomp', 'Haunter', 'Ivysaur', 'Metang', 'Diglett', 'Duskull']",24,6,8
gen3nu-2127862872,[Gen 3] NU,2024-05-22 01:08:22,,sportball4530,watersport55087,watersport55087,True,"['Butterfree', 'Hitmonchan', 'Bellossom', 'Pupitar', 'Chimecho']","['Dunsparce', 'Torkoal', 'Octillery', 'Haunter', 'Bellossom']",18,7,6
smogtours-gen3nu-805382,[Gen 3] NU,2024-11-09 13:12:57,,motordrive87413,shroomish8081,motordrive87413,False,"['Wailord', 'Huntail', 'Torkoal', 'Metang', 'Glalie']","['Wailord', 'Huntail', 'Torkoal', 'Haunter', 'Metang', 'Glalie']",16,7,7
gen3nu-968845144,[Gen 3] NU,2019-08-31 14:06:17,,wailmer43107,protect16215,protect16215,False,"[""Farfetch'D"", 'Bayleef', 'Pineco', 'Larvitar', 'Castform', 'Elekid']","['Butterfree', 'Larvitar', 'Elekid', 'Meditite', 'Wailmer', 'Delibird']",27,11,9
gen3nu-1062232373,[Gen 3] NU,2020-02-12 21:03:03,,aguavberry44680,quickfeet81067,aguavberry44680,False,"['Dragonair', 'Minun', 'Lairon', 'Sealeo', 'Furret']","['Houndour', 'Dragonair', 'Omanyte', 'Ivysaur', 'Minun', 'Furret']",28,7,9
gen3nu-929848026,[Gen 3] NU,2019-06-17 13:49:08,,rockblast95671,wailmer43107,wailmer43107,False,"['Growlithe', 'Staryu', 'Snorunt', 'Nosepass', 'Elekid', 'Gloom']","['Snorunt', 'Castform', 'Nosepass', 'Seaking', 'Gloom', 'Delibird']",21,9,5
gen3nu-965937328,[Gen 3] NU,2019-08-25 20:34:40,,larvitar96901,wormadam14777,larvitar96901,False,"['Doduo', 'Diglett', 'Larvitar', 'Meowth', 'Koffing', 'Abra']","['Doduo', 'Abra', 'Larvitar', 'Meowth', 'Diglett', 'Koffing']",25,8,13
smogtours-gen3nu-452361,[Gen 3] NU,2019-07-24 15:04:31,,venusaur91007,custapberry71278,venusaur91007,False,"['Wailord', 'Flareon', 'Haunter', 'Hitmonchan', 'Sableye', 'Roselia']","['Hitmonchan', 'Mawile', 'Arbok', 'Dewgong', 'Sableye', 'Roselia']",63,23,28
gen3nu-1079479455,[Gen 3] NU,2020-03-15 17:15:15,,ironplate21504,mudslap23591,ironplate21504,False,"['Pupitar', 'Pidgeot', 'Charmeleon', 'Pikachu']","['Pidgeot', 'Quilava', 'Pikachu', 'Whiscash', 'Sableye', 'Glalie']",13,4,6
smogtours-gen3nu-841380,[Gen 3] NU,2025-05-10 21:15:23,,teddiursa88253,weepinbell75190,teddiursa88253,False,"['Torkoal', 'Raticate', 'Bellossom', 'Glalie', 'Golbat']","['Huntail', 'Plusle', 'Haunter', 'Hitmonchan', 'Metang', 'Glalie']",16,6,9
gen3nu-909723243,[Gen 3] NU,2019-05-14 21:13:27,,rayquaza7149,payday74254,rayquaza7149,False,"['Voltorb', 'Rhyhorn', 'Castform', 'Elekid', 'Chinchou', 'Gloom']","['Nosepass', 'Seaking', 'Bagon', 'Magnemite', 'Delibird', 'Taillow']",26,12,9
gen3nu-435204004,[Gen 3] NU,2016-09-11 01:49:02,,fire14227,salamence18084,fire14227,False,"['Pidgeot', 'Hitmonchan', 'Haunter', 'Bellossom', 'Sableye']","['Sudowoodo', 'Haunter', 'Cacturne', 'Dewgong', 'Charmeleon', 'Tangela']",28,6,8
gen3nu-1078483254,[Gen 3] NU,2020-03-13 19:22:16,,entei72987,habanberry33794,entei72987,False,"['Tropius', 'Haunter', 'Dewgong', 'Metang', 'Glalie']","['Venomoth', 'Flareon', 'Plusle', 'Dewgong', 'Relicanth', 'Roselia']",16,4,7
gen3nu-1084773196,[Gen 3] NU,2020-03-24 23:09:18,,altaria32948,magmortar26451,magmortar26451,False,"['Flareon', 'Mawile', 'Bellossom', 'Chimecho', 'Diglett', 'Roselia']","['Wailord', 'Flareon', 'Hitmonchan', 'Haunter', 'Metang', 'Golbat']",35,15,12
smogtours-gen3nu-805387,[Gen 3] NU,2024-11-09 13:25:55,,motordrive87413,shroomish8081,shroomish8081,False,"['Wailord', 'Haunter', 'Bellossom', 'Metang', 'Pupitar', 'Glalie']","['Wailord', 'Huntail', 'Flareon', 'Haunter', 'Metang', 'Glalie']",23,8,10
gen3nu-1163982954,[Gen 3] NU,2020-08-06 00:39:59,,slowbro31953,rawstberry14505,slowbro31953,True,"['Torkoal', 'Octillery', 'Hitmonchan', 'Arbok', 'Chimecho']","['Seadra', 'Flareon', 'Bellossom', 'Murkrow', 'Glalie', 'Shuckle']",42,5,11
smogtours-gen3nu-815088,[Gen 3] NU,2025-01-19 19:38:12,,doubleteam62013,rattata90247,rattata90247,False,"['Venomoth', 'Huntail', 'Flareon', 'Haunter', 'Mawile', 'Minun']","['Wailord', 'Houndour', 'Haunter', 'Hitmonchan', 'Metang', 'Glalie']",33,12,13
gen3nu-1084884785,[Gen 3] NU,2020-03-25 03:12:00,,hoothoot88534,mankey72218,mankey72218,False,"['Kecleon', 'Hitmonchan', 'Bellossom', 'Chimecho', 'Relicanth', 'Glalie']","['Kecleon', 'Hitmonchan', 'Bellossom', 'Chimecho', 'Relicanth', 'Glalie']",37,13,11
gen3nu-2240707634,[Gen 3] NU,2024-11-09 20:24:24,,hippowdon58140,needlearm59980,needlearm59980,True,"['Torkoal', 'Hitmonchan', 'Lickitung', 'Dewgong', 'Sableye', 'Roselia']","['Octillery', 'Murkrow', 'Metang', 'Chimecho', 'Roselia']",27,7,10
gen3nu-886851041,[Gen 3] NU,2019-04-04 00:12:32,,teddiursa22433,waterveil53989,waterveil53989,True,"['Kecleon', 'Hitmonchan', 'Bellossom', 'Chimecho', 'Relicanth', 'Glalie']","['Pidgeot', 'Hitmonchan', 'Bellossom', 'Metang', 'Relicanth', 'Glalie']",19,9,6
smogtours-gen3nu-746906,[Gen 3] NU,2024-02-11 22:13:39,,gardevoir84608,tangledfeet30693,gardevoir84608,False,"['Torkoal', 'Bellossom', 'Murkrow', 'Pelipper', 'Metang', 'Glalie']","['Wailord', 'Flareon', 'Metang', 'Pikachu', 'Chimecho', 'Glalie']",31,12,12
smogtours-gen3nu-602145,[Gen 3] NU,2022-01-13 18:16:52,,stickybarb45781,haunter12630,haunter12630,False,"['Venomoth', 'Torkoal', 'Hitmonchan', 'Bellossom', 'Pelipper', 'Lairon']","['Flareon', 'Haunter', 'Cacturne', 'Mawile', 'Pelipper', 'Pikachu']",40,14,17
smogtours-gen3nu-448146,[Gen 3] NU,2019-06-19 12:36:56,,medicham64289,sunkern78687,medicham64289,False,"['Pineco', 'Nosepass', 'Seaking', 'Clefairy', 'Gloom', 'Delibird']","['Lileep', 'Nosepass', 'Castform', 'Meditite', 'Gloom', 'Delibird']",51,23,18
gen3nu-834552454,[Gen 3] NU,2018-12-12 17:08:27,,whirlwind44049,facade60368,facade60368,False,"['Kecleon', 'Hitmonchan', 'Haunter', 'Sableye', 'Chimecho', 'Glalie']","['Kecleon', 'Octillery', 'Haunter', 'Hitmonchan', 'Metang', 'Pupitar']",37,16,12
smogtours-gen3nu-451030,[Gen 3] NU,2019-07-08 15:30:55,,swarm55230,naturalcure94350,naturalcure94350,False,"['Wailord', 'Hitmonchan', 'Mawile', 'Chimecho', 'Roselia', 'Yanma']","['Tropius', 'Flareon', 'Haunter', 'Hitmonchan', 'Metang', 'Roselia']",31,12,8
gen3nu-894647292,[Gen 3] NU,2019-04-17 19:59:06,,focusblast13599,rayquaza7149,focusblast13599,False,"['Poliwag', 'Bayleef', 'Snorunt', 'Castform', 'Nosepass', 'Elekid']","['Voltorb', 'Cubone', 'Castform', 'Seaking', 'Horsea', 'Gloom']",27,9,8
gen3nu-1060704110,[Gen 3] NU,2020-02-10 01:47:55,,qwilfish58159,serenegrace35242,serenegrace35242,False,"['Magby', 'Cacturne', 'Wartortle', 'Aipom', 'Delibird', 'Shuckle']","['Mawile', 'Yanma', 'Whiscash', 'Hitmonchan']",16,9,5
smogtours-gen3nu-711682,[Gen 3] NU,2023-08-23 00:41:57,,extrasensory76435,numel8988,extrasensory76435,False,"['Wailord', 'Tropius', 'Hitmonchan', 'Haunter', 'Metang', 'Chimecho']","['Magby', 'Flareon', 'Haunter', 'Bellossom', 'Pelipper', 'Diglett']",28,10,11
gen3nu-1093337318,[Gen 3] NU,2020-04-08 21:37:30,,psyduck38308,dragonfang79331,psyduck38308,True,"['Shelgon', 'Cubone', 'Metang', 'Dragonair', 'Sealeo', 'Golbat']","['Metang', 'Dragonair', 'Wartortle', 'Drowzee', 'Sealeo', 'Golbat']",89,34,24
smogtours-gen3nu-816799,[Gen 3] NU,2025-01-29 00:21:59,,haunter12630,futuresight13270,futuresight13270,False,"['Pidgeot', 'Huntail', 'Plusle', 'Hitmonchan', 'Chimecho', 'Roselia']","['Kecleon', 'Flareon', 'Hitmonchan', 'Pelipper', 'Sableye', 'Roselia']",136,65,71
gen3nu-832118933,[Gen 3] NU,2018-11-07 23:08:03,,waveincense51112,superluck71510,waveincense51112,False,"['Torkoal', 'Raticate', 'Hitmonchan', 'Arbok', 'Piloswine', 'Dewgong']","['Kingler', 'Torkoal', 'Cacturne', 'Mawile', 'Vigoroth', 'Golbat']",23,8,8
gen3nu-945616592,[Gen 3] NU,2019-07-16 11:15:14,,medicham64289,rindoberry379,rindoberry379,False,"['Staryu', 'Rhyhorn', 'Flaaffy', 'Gloom', 'Delibird', 'Taillow']","['Nosepass', 'Castform', 'Meditite', 'Gloom', 'Chinchou', 'Delibird']",34,11,8
smogtours-gen3nu-617884,[Gen 3] NU,2022-04-04 20:57:52,,volbeat11507,constrict53264,volbeat11507,False,"['Omanyte', 'Minun', 'Sealeo', 'Vibrava', 'Beedrill', 'Duskull']","['Houndour', 'Omanyte', 'Delcatty', 'Meditite', 'Minun', 'Lombre']",34,12,15
smogtours-gen3nu-637784,[Gen 3] NU,2022-07-15 23:15:48,,stickybarb45781,empoleon29019,empoleon29019,False,"['Wailord', 'Flareon', 'Plusle', 'Diglett', 'Metang', 'Chimecho']","['Wailord', 'Glalie', 'Hitmonchan', 'Metang']",33,13,12
smogtours-gen3nu-600116,[Gen 3] NU,2022-01-02 20:19:25,,honeygather86735,lockon78937,honeygather86735,False,"['Kingler', 'Wailord', 'Dunsparce', 'Metang', 'Chimecho', 'Golbat']","['Wailord', 'Flareon', 'Vigoroth', 'Chimecho', 'Pupitar', 'Glalie']",25,7,8
smogtours-gen3nu-611326,[Gen 3] NU,2022-03-05 17:26:27,,honeygather86735,seedflare81285,honeygather86735,True,"['Wailord', 'Huntail', 'Sableye', 'Metang', 'Chimecho', 'Glalie']","['Venomoth', 'Plusle', 'Octillery', 'Delcatty', 'Mawile', 'Ledian']",32,6,6
smogtours-gen3nu-439947,[Gen 3] NU,2019-05-05 18:27:39,,entei72987,colorchange50909,entei72987,False,"['Pidgeot', 'Flareon', 'Sableye', 'Diglett', 'Relicanth', 'Roselia']","['Wailord', 'Tropius', 'Haunter', 'Hitmonchan', 'Metang', 'Chimecho']",41,21,16
smogtours-gen3nu-839514,[Gen 3] NU,2025-05-04 18:19:43,,twistedspoon63684,larvitar96901,twistedspoon63684,False,"['Wailord', 'Flareon', 'Metang', 'Pikachu', 'Glalie', 'Golbat']","['Wailord', 'Plusle', 'Metang', 'Chimecho', 'Glalie', 'Golbat']",20,8,10
gen3nu-932189260,[Gen 3] NU,2019-06-21 06:30:20,,payday74254,skitty97587,skitty97587,False,"['Dustox', 'Bayleef', 'Natu', 'Cubone', 'Chinchou', 'Taillow']","['Nuzleaf', 'Onix', 'Castform', 'Elekid', 'Gloom', 'Koffing']",27,12,8
smogtours-gen3nu-663326,[Gen 3] NU,2022-12-01 07:55:50,,goldeen52039,magnetpull75337,magnetpull75337,False,"['Noctowl', 'Houndour', 'Dragonair', 'Omanyte', 'Minun', 'Beedrill']","['Kingler', 'Mawile', 'Arbok', 'Piloswine', 'Sealeo', 'Tangela']",22,6,6
smogtours-gen3nu-631941,[Gen 3] NU,2022-06-12 20:05:20,,helixfossil44951,watersport3755,watersport3755,False,"['Wailord', 'Huntail', 'Torkoal', 'Haunter', 'Metang', 'Glalie']","['Torkoal', 'Hitmonchan', 'Lickitung', 'Dewgong', 'Sableye', 'Roselia']",26,12,13
gen3nu-938710266,[Gen 3] NU,2019-07-02 22:44:58,,payday74254,rindoberry379,rindoberry379,False,"['Pineco', 'Nosepass', 'Gloom', 'Zigzagoon', 'Ledian', 'Delibird']","['Growlithe', 'Nosepass', 'Pineco', 'Taillow']",21,7,7
gen3nu-1081271944,[Gen 3] NU,2020-03-18 18:29:03,,punishment57476,exploud92539,punishment57476,True,"['Seadra', 'Machoke', 'Houndour', 'Haunter', 'Drowzee', 'Grovyle']","['Pineco', 'Combusken', 'Haunter', 'Meditite', 'Drowzee', 'Metang']",22,10,10
gen3nu-854738695,[Gen 3] NU,2019-01-28 00:18:10,,powdersnow5831,choicespecs51097,powdersnow5831,False,"['Magby', 'Beautifly', 'Dustox', 'Dunsparce', 'Volbeat', 'Graveler']","['Sudowoodo', 'Graveler', 'Cacturne', 'Swalot', 'Luvdisc', 'Delibird']",109,5,7
gen3nu-1081943420,[Gen 3] NU,2020-03-19 21:06:09,,exploud92539,pidgeot31794,pidgeot31794,True,['Pineco'],['Venomoth'],10,0,0
smogtours-gen3nu-519459,[Gen 3] NU,2020-09-27 18:32:54,,cranidos39753,wormadamtrash59670,cranidos39753,False,"['Mightyena', 'Omanyte', 'Ivysaur', 'Minun', 'Sealeo', 'Vibrava']","['Voltorb', 'Seaking', 'Ivysaur', 'Horsea', 'Taillow']",25,10,8
smogtours-gen3nu-711877,[Gen 3] NU,2023-08-24 03:40:34,,hypervoice57448,icebeam68384,icebeam68384,True,"['Wailord', 'Haunter', 'Hitmonchan', 'Sableye', 'Chimecho', 'Roselia']","['Wailord', 'Tropius', 'Murkrow', 'Metang', 'Chimecho', 'Roselia']",25,9,10
gen3nu-1081832707,[Gen 3] NU,2020-03-19 17:49:40,,dragonfang79331,exploud92539,dragonfang79331,True,"['Bayleef', 'Shelgon', 'Combusken', 'Drowzee', 'Metang', 'Golbat']","['Pineco', 'Combusken', 'Haunter', 'Drowzee', 'Metang', 'Sealeo']",32,10,16
gen3nu-2172382003,[Gen 3] NU,2024-08-03 01:37:02,,futuresight13270,needlearm59980,futuresight13270,False,"['Wigglytuff', 'Hitmonchan', 'Whiscash', 'Sableye', 'Chimecho', 'Glalie']","['Wailord', 'Huntail', 'Flareon', 'Haunter', 'Metang', 'Glalie']",47,13,13
gen3nu-929403473,[Gen 3] NU,2019-06-16 19:03:51,,lickitung16980,lunardance19168,lunardance19168,False,"['Grimer', 'Cubone', 'Castform', 'Gloom', 'Skiploom', 'Taillow']","['Voltorb', 'Grimer', 'Cubone', 'Seaking', 'Horsea', 'Taillow']",20,8,7
smogtours-gen3nu-773621,[Gen 3] NU,2024-06-10 00:06:54,,gardevoir84608,splash22725,gardevoir84608,False,"['Flareon', 'Octillery', 'Raticate', 'Pelipper', 'Metang', 'Glalie']","['Seadra', 'Flareon', 'Hitmonchan', 'Haunter', 'Metang', 'Glalie']",30,8,6
gen3nu-1137514575,[Gen 3] NU,2020-06-22 18:37:36,,heatrock74454,payday74254,payday74254,True,"['Marill', 'Omanyte', 'Drowzee', 'Carvanha', 'Metang', 'Abra']","['Shelgon', 'Lileep', 'Elekid', 'Metang', 'Grovyle', 'Abra']",65,10,8
gen3nu-1150305873,[Gen 3] NU,2020-07-13 10:54:12,,beautifly2438,doubleedge47965,doubleedge47965,False,"['Kecleon', 'Huntail', 'Hitmonchan', 'Mawile', 'Chimecho', 'Glalie']","['Kingler', 'Torkoal', 'Cacturne', 'Mawile', 'Vigoroth', 'Golbat']",24,11,8
smogtours-gen3nu-811011,[Gen 3] NU,2024-12-20 19:44:20,,haunter12630,azumarill79029,haunter12630,False,"['Tropius', 'Octillery', 'Raticate', 'Haunter', 'Hitmonchan', 'Glalie']","['Flareon', 'Hitmonchan', 'Bellossom', 'Dewgong', 'Sableye', 'Glalie']",31,13,13
gen3nu-2123497332,[Gen 3] NU,2024-05-13 02:38:42,,roost11410,rarebone4723,rarebone4723,False,"['Wailord', 'Flareon', 'Shedinja', 'Hitmonchan', 'Metang', 'Delibird']","['Wailord', 'Murkrow', 'Whiscash', 'Sableye', 'Chimecho', 'Glalie']",28,12,12
gen3nu-1062406952,[Gen 3] NU,2020-02-13 04:00:42,,weedle33343,aguavberry44680,weedle33343,False,"['Minun', 'Sealeo', 'Furret', 'Grovyle', 'Gastly', 'Yanma']","['Mightyena', 'Minun', 'Lairon', 'Tentacool', 'Furret', 'Duskull']",44,17,20
smogtours-gen3nu-485018,[Gen 3] NU,2020-03-28 04:33:12,,trick33871,rock51085,rock51085,False,"['Kecleon', 'Haunter', 'Cacturne', 'Pelipper', 'Pikachu', 'Relicanth']","['Wailord', 'Sudowoodo', 'Flareon', 'Metang', 'Glalie', 'Golbat']",84,29,29
smogtours-gen3nu-731762,[Gen 3] NU,2023-11-19 22:09:42,,charcoal84776,poisontail76206,poisontail76206,False,"['Kingler', 'Wailord', 'Flareon', 'Haunter', 'Metang', 'Glalie']","['Kecleon', 'Pelipper', 'Vigoroth', 'Chimecho', 'Pupitar', 'Glalie']",25,11,11
gen3nu-1081221657,[Gen 3] NU,2020-03-18 16:55:04,,psyduck38308,dragonfang79331,psyduck38308,False,"['Haunter', 'Meditite', 'Combusken', 'Pineco']","['Marshtomp', 'Dragonair', 'Haunter', 'Graveler', 'Drowzee', 'Grovyle']",17,3,9
gen3nu-1139790738,[Gen 3] NU,2020-06-26 01:18:54,1177,blacksludge66101,download60495,download60495,True,"['Huntail', 'Plusle', 'Haunter', 'Metang', 'Relicanth', 'Glalie']","['Pidgeot', 'Huntail', 'Flareon', 'Raticate', 'Hitmonchan']",22,11,8
smogtours-gen3nu-784782,[Gen 3] NU,2024-08-08 23:21:59,,haunter12630,gardevoir84608,haunter12630,False,"['Arbok', 'Octillery', 'Kecleon', 'Hitmonchan']","['Flareon', 'Plusle', 'Haunter', 'Hitmonchan', 'Metang', 'Glalie']",33,10,9
smogtours-gen3nu-561202,[Gen 3] NU,2021-05-16 22:41:39,,pomegberry42975,darkvoid39103,pomegberry42975,False,"['Wailord', 'Sudowoodo', 'Torkoal', 'Haunter', 'Glalie']","['Wailord', 'Mawile', 'Murkrow', 'Drowzee', 'Diglett', 'Roselia']",33,4,9
gen3nu-1114876277,[Gen 3] NU,2020-05-15 02:06:53,,anorith92954,gengarmega66742,anorith92954,True,"['Meowth', 'Natu', 'Staryu', 'Bayleef']","['Natu', 'Snorunt', 'Castform', 'Elekid', 'Mankey', 'Treecko']",27,5,8
gen3nu-1143103561,[Gen 3] NU,2020-07-01 11:29:51,,watergun59811,trick33871,trick33871,False,"['Pidgeot', 'Huntail', 'Hitmonchan', 'Haunter', 'Metang', 'Chimecho']","['Venomoth', 'Octillery', 'Delcatty', 'Mawile', 'Ledian']",27,8,4
gen3nu-943271967,[Gen 3] NU,2019-07-11 20:11:54,,chuspikyeared32159,powertrick12892,chuspikyeared32159,False,"['Pidgeot', 'Hitmonchan', 'Bellossom', 'Dewgong', 'Sableye', 'Diglett']","['Huntail', 'Flareon', 'Sableye', 'Pikachu', 'Metang', 'Roselia']",30,9,13
gen3nu-820574370,[Gen 3] NU,2018-10-15 10:38:10,,grepaberry65812,milotic19745,grepaberry65812,False,"['Mawile', 'Huntail', 'Piloswine', 'Glalie']","['Kingler', 'Flareon', 'Hitmonchan', 'Murkrow', 'Vigoroth', 'Abra']",11,3,6
smogtours-gen3nu-814966,[Gen 3] NU,2025-01-19 15:08:08,,icywind3250,motordrive87413,icywind3250,False,"['Octillery', 'Hitmonchan', 'Haunter', 'Arbok', 'Dewgong', 'Metang']","['Venomoth', 'Wailord', 'Haunter', 'Hitmonchan', 'Cacturne', 'Chimecho']",27,10,12
smogtours-gen3nu-844055,[Gen 3] NU,2025-05-18 20:49:33,,stench25210,weepinbell75190,weepinbell75190,False,"['Kecleon', 'Sudowoodo', 'Octillery', 'Hitmonchan', 'Chimecho', 'Roselia']","['Kecleon', 'Hitmonchan', 'Haunter', 'Pelipper', 'Relicanth', 'Glalie']",32,8,12
smogtours-gen3nu-598363,[Gen 3] NU,2021-12-19 02:07:36,,outrage29420,teddiursa21150,outrage29420,True,"['Chimecho', 'Octillery', 'Metang']","['Flareon', 'Haunter', 'Cacturne', 'Pelipper', 'Metang', 'Chimecho']",28,3,6
smogtours-gen3nu-727106,[Gen 3] NU,2023-10-28 20:11:51,,buneary57593,extrasensory76435,extrasensory76435,False,"['Wailord', 'Huntail', 'Torkoal', 'Haunter', 'Metang', 'Glalie']","['Wailord', 'Wigglytuff', 'Hitmonchan', 'Sableye', 'Chimecho', 'Roselia']",18,9,9
gen3nu-1081867009,[Gen 3] NU,2020-03-19 18:54:49,,spite7766,stockpile25445,spite7766,False,"['Kecleon', 'Huntail', 'Flareon', 'Chimecho', 'Tangela']","['Huntail', 'Torkoal', 'Metang', 'Haunter', 'Vigoroth', 'Sableye']",31,6,11
gen3nu-1128537103,[Gen 3] NU,2020-06-07 16:53:21,,latios39178,grassknot25784,grassknot25784,True,"['Wailord', 'Haunter', 'Hitmonchan', 'Metang', 'Diglett', 'Roselia']","['Wartortle', 'Machoke', 'Golbat', 'Metang']",14,7,4
gen3nu-926995083,[Gen 3] NU,2019-06-12 19:20:17,,skyattack88111,questionmarks59847,skyattack88111,True,"['Pineco', 'Nosepass', 'Elekid', 'Gloom', 'Delibird']","[""Farfetch'D"", 'Dustox', 'Snorunt', 'Delcatty', 'Gloom', 'Mankey']",25,7,7
smogtours-gen3nu-710584,[Gen 3] NU,2023-08-18 20:24:48,,teddiursa88253,butterfree38678,teddiursa88253,False,"['Chimecho', 'Glalie', 'Haunter', 'Hitmonchan']","['Wailord', 'Raticate', 'Haunter', 'Bellossom', 'Chimecho', 'Glalie']",28,7,8
gen3nu-848100890,[Gen 3] NU,2019-01-13 02:00:33,,mudkip8641,firepunch39331,mudkip8641,False,"['Beedrill', 'Dragonair', 'Volbeat', 'Minun', 'Clamperl', 'Ledian']","['Omanyte', 'Ivysaur', 'Minun', 'Clamperl', 'Furret', 'Duskull']",22,5,9
smogtours-gen3nu-712034,[Gen 3] NU,2023-08-25 06:03:31,,chlorophyll28494,gastly60768,gastly60768,False,"['Wailord', 'Haunter', 'Bellossom', 'Metang', 'Pupitar', 'Glalie']","['Torkoal', 'Hitmonchan', 'Bellossom', 'Chimecho', 'Glalie']",12,5,5
smogtours-gen3nu-658882,[Gen 3] NU,2022-11-02 18:39:59,,haunter12630,iceshard30836,iceshard30836,False,"['Seadra', 'Sudowoodo', 'Flareon', 'Haunter', 'Cacturne', 'Metang']","['Torkoal', 'Cacturne', 'Dewgong', 'Metang', 'Chimecho', 'Golbat']",29,13,14
smogtours-gen3nu-616399,[Gen 3] NU,2022-03-27 23:15:31,,denpowerghost62736,burmy28567,denpowerghost62736,False,"['Seadra', 'Castform', 'Lickitung', 'Chimecho', 'Pupitar']","['Pidgeot', 'Magcargo', 'Mightyena', 'Octillery', 'Swalot', 'Golbat']",42,10,12
smogtours-gen3nu-646595,[Gen 3] NU,2022-09-04 21:10:42,,iceshard30836,numel8988,numel8988,False,"['Wailord', 'Flareon', 'Plusle', 'Metang', 'Chimecho', 'Glalie']","['Pelipper', 'Vigoroth', 'Metang', 'Chimecho', 'Glalie']",27,13,8
smogtours-gen3nu-651952,[Gen 3] NU,2022-10-01 17:43:04,,honeygather86735,hitmonchan30284,hitmonchan30284,False,"['Hitmonchan', 'Haunter', 'Pelipper', 'Metang', 'Chimecho', 'Glalie']","['Wailord', 'Huntail', 'Torkoal', 'Haunter', 'Metang', 'Glalie']",35,14,7
smogtours-gen3nu-816000,[Gen 3] NU,2025-01-25 22:06:23,,motordrive87413,machop48408,motordrive87413,False,"['Seadra', 'Flareon', 'Pineco', 'Bellossom', 'Relicanth']","['Togetic', 'Wailord', 'Flareon', 'Haunter', 'Hitmonchan', 'Cacturne']",37,13,12
gen3nu-1084169595,[Gen 3] NU,2020-03-23 22:43:29,,curse5935,psyduck38308,curse5935,True,"['Marshtomp', 'Shelgon', 'Dragonair', 'Drowzee', 'Metang', 'Golbat']","['Metang', 'Dragonair', 'Wartortle', 'Drowzee', 'Sealeo', 'Golbat']",226,54,70
gen3nu-1083202937,[Gen 3] NU,2020-03-22 03:02:38,,spite7766,icywind91864,spite7766,False,"['Kecleon', 'Huntail', 'Flareon', 'Pikachu', 'Chimecho', 'Tangela']","['Pidgeot', 'Kecleon', 'Torkoal', 'Haunter', 'Metang', 'Chimecho']",35,12,13
smogtours-gen3nu-791619,[Gen 3] NU,2024-09-21 17:10:01,,futuresight13270,crunch37612,futuresight13270,False,"['Wailord', 'Flareon', 'Hitmonchan', 'Dewgong', 'Sableye']","['Flareon', 'Diglett', 'Haunter', 'Bellossom', 'Chimecho', 'Relicanth']",28,8,8
gen3nu-1114126998,[Gen 3] NU,2020-05-13 21:09:36,,gunkshot9424,glaceon67942,glaceon67942,False,"['Kecleon', 'Octillery', 'Haunter', 'Hitmonchan', 'Metang', 'Pupitar']","['Wailord', 'Torkoal', 'Haunter', 'Cacturne', 'Metang', 'Chimecho']",33,10,11
smogtours-gen3nu-711874,[Gen 3] NU,2023-08-24 03:29:02,,hypervoice57448,icebeam68384,icebeam68384,False,"['Magby', 'Flareon', 'Haunter', 'Bellossom', 'Pelipper', 'Diglett']","['Wailord', 'Haunter', 'Murkrow', 'Crawdaunt', 'Metang', 'Roselia']",41,17,16
gen3nu-2125323871,[Gen 3] NU,2024-05-17 01:37:08,,mawile36886,futuresight13270,mawile36886,False,"['Huntail', 'Raticate', 'Pupitar', 'Metang', 'Chimecho', 'Glalie']","['Wailord', 'Flareon', 'Hitmonchan', 'Pikachu', 'Dewgong', 'Sableye']",39,11,14
gen3nu-1132562171,[Gen 3] NU,2020-06-14 16:28:38,,fastball91928,wailmer43107,fastball91928,False,"['Seadra', 'Omanyte', 'Metang', 'Zigzagoon', 'Duskull', 'Golbat']","['Graveler', 'Wartortle', 'Golbat', 'Sealeo', 'Gastly', 'Abra']",36,11,12
smogtours-gen3nu-615187,[Gen 3] NU,2022-03-23 20:09:42,,flaaffy13191,glare38523,glare38523,False,"['Mightyena', 'Omanyte', 'Ivysaur', 'Minun', 'Sealeo', 'Vibrava']","['Mightyena', 'Wigglytuff', 'Omanyte', 'Ivysaur', 'Minun', 'Vibrava']",58,22,21
smogtours-gen3nu-769492,[Gen 3] NU,2024-05-19 21:28:36,,chatot22712,airslash47650,chatot22712,False,"['Wailord', 'Flareon', 'Sableye', 'Chimecho', 'Relicanth', 'Roselia']","['Wailord', 'Pidgeot', 'Huntail', 'Plusle', 'Metang', 'Glalie']",34,11,14
smogtours-gen3nu-545948,[Gen 3] NU,2021-03-07 20:56:06,,cobaberry41000,pichu96565,pichu96565,False,"['Wailord', 'Torkoal', 'Haunter', 'Metang', 'Chimecho', 'Glalie']","['Raticate', 'Haunter', 'Bellossom', 'Metang', 'Diglett', 'Glalie']",25,10,10
gen3nu-2243160287,[Gen 3] NU,2024-11-13 17:13:07,,colorchange66435,poisontail76206,colorchange66435,False,"['Wailord', 'Huntail', 'Flareon', 'Octillery', 'Haunter', 'Metang']","['Wailord', 'Pidgeot', 'Torkoal', 'Hitmonchan', 'Metang', 'Glalie']",21,6,8
smogtours-gen3nu-612236,[Gen 3] NU,2022-03-07 22:14:26,,ice82680,volbeat11507,volbeat11507,True,"['Bayleef', 'Mightyena', 'Omanyte', 'Dragonair', 'Masquerain', 'Tentacool']","['Doduo', 'Trapinch', 'Shedinja', 'Tentacool', 'Lairon', 'Furret']",68,22,20
gen3nu-1081150216,[Gen 3] NU,2020-03-18 14:27:35,,dragonfang79331,psyduck38308,dragonfang79331,True,"['Marshtomp', 'Dragonair', 'Haunter', 'Graveler', 'Drowzee', 'Grovyle']","['Pineco', 'Haunter', 'Meditite', 'Metang', 'Grovyle', 'Abra']",22,8,9
gen3nu-836554952,[Gen 3] NU,2018-12-16 23:33:07,,denpowerwater56595,wynaut2746,denpowerwater56595,False,"['Sunflora', 'Onix', 'Cubone', 'Castform', 'Taillow']","['Staryu', 'Nosepass', 'Meditite', 'Masquerain', 'Delibird', 'Taillow']",12,4,6
gen3nu-894668459,[Gen 3] NU,2019-04-17 20:38:10,,rayquaza7149,waterveil53989,rayquaza7149,True,"['Voltorb', 'Cubone', 'Castform', 'Seaking', 'Gloom', 'Taillow']","['Voltorb', 'Grimer', 'Cubone', 'Seaking', 'Horsea', 'Taillow']",19,5,7
gen3nu-945618323,[Gen 3] NU,2019-07-16 11:22:02,,rindoberry379,medicham64289,medicham64289,False,"['Growlithe', 'Pineco', 'Nosepass', 'Chinchou', 'Gloom', 'Taillow']","['Pineco', 'Rhyhorn', 'Kirlia', 'Gloom', 'Chinchou', 'Delibird']",39,8,8
smogtours-gen3nu-599352,[Gen 3] NU,2021-12-27 01:53:34,,colorchange51191,stickybarb45781,colorchange51191,False,"['Marshtomp', 'Omanyte', 'Ivysaur', 'Minun', 'Charmeleon', 'Duskull']","['Pineco', 'Mightyena', 'Wigglytuff', 'Minun', 'Furret', 'Shuckle']",48,12,10
gen3nu-1132146913,[Gen 3] NU,2020-06-13 20:25:53,,blacksludge66101,mareep91568,blacksludge66101,False,"['Huntail', 'Plusle', 'Haunter', 'Metang', 'Relicanth', 'Glalie']","['Kecleon', 'Hitmonchan', 'Haunter', 'Sableye', 'Chimecho', 'Glalie']",19,5,8
smogtours-gen3nu-815468,[Gen 3] NU,2025-01-22 01:53:57,,magnezone42158,haunter12630,magnezone42158,False,"['Huntail', 'Torkoal', 'Plusle', 'Haunter', 'Metang', 'Glalie']","['Torkoal', 'Octillery', 'Hitmonchan', 'Haunter', 'Metang', 'Glalie']",31,12,10
gen3nu-938525299,[Gen 3] NU,2019-07-02 16:56:23,,rawstberry57157,batonpass8026,rawstberry57157,False,"['Staryu', 'Castform', 'Seaking', 'Meditite', 'Gloom', 'Magnemite']","['Growlithe', 'Cubone', 'Nosepass', 'Elekid', 'Gloom', 'Delibird']",24,8,8
gen3nu-827806495,[Gen 3] NU,2018-11-29 00:18:48,,miltank73528,oranberry44566,miltank73528,True,"['Shedinja', 'Hitmonchan', 'Cacturne', 'Lickitung', 'Sableye', 'Relicanth']","['Kecleon', 'Octillery', 'Haunter', 'Hitmonchan', 'Metang', 'Pupitar']",43,14,16
gen3nu-1087308684,[Gen 3] NU,2020-03-29 10:55:51,,mist21242,lightclay56855,mist21242,False,"['Doduo', 'Houndour', 'Shellder', 'Elekid', 'Anorith']","['Ponyta', 'Onix', 'Houndour', 'Meowth', 'Clamperl', 'Mankey']",14,4,6
gen3nu-430861452,[Gen 3] NU,2016-09-04 12:40:17,1000,dragonclaw2694,acidarmor55318,dragonclaw2694,False,"['Mawile', 'Murkrow', 'Machoke', 'Poliwhirl']","[""Farfetch'D"", 'Raticate', 'Hitmonchan', 'Pupitar', 'Pelipper', 'Swalot']",13,3,6
smogtours-gen3nu-844061,[Gen 3] NU,2025-05-18 21:00:47,,twistedspoon63684,naturalcure94350,naturalcure94350,False,"['Flareon', 'Haunter', 'Arbok', 'Whiscash', 'Metang', 'Glalie']","['Huntail', 'Flareon', 'Haunter', 'Hitmonchan', 'Metang', 'Glalie']",30,12,10
smogtours-gen3nu-814474,[Gen 3] NU,2025-01-17 21:57:39,,haunter12630,motordrive87413,motordrive87413,False,"['Kingler', 'Tropius', 'Raticate', 'Haunter', 'Hitmonchan', 'Glalie']","['Torkoal', 'Haunter', 'Hitmonchan', 'Pelipper', 'Metang', 'Glalie']",26,9,11
gen3nu-1105746168,[Gen 3] NU,2020-04-29 20:58:52,,glaceon67942,watergun59811,glaceon67942,False,"['Doduo', 'Porygon', 'Pineco', 'Kabuto', 'Lotad', 'Abra']","['Ponyta', 'Doduo', 'Porygon', 'Diglett', 'Wailmer', 'Abra']",26,8,8
gen3nu-907973394,[Gen 3] NU,2019-05-11 20:19:52,,rayquaza7149,psybeam14379,psybeam14379,False,"['Voltorb', 'Rhyhorn', 'Castform', 'Seaking', 'Elekid', 'Gloom']","['Rhyhorn', 'Natu', 'Seaking', 'Elekid', 'Parasect', 'Taillow']",29,9,10
smogtours-gen3nu-494076,[Gen 3] NU,2020-04-24 20:09:02,,bubblebeam57653,fissure96222,bubblebeam57653,False,"['Hitmonchan', 'Cacturne', 'Arbok', 'Chimecho', 'Pupitar']","['Wailord', 'Shelgon', 'Hitmonchan', 'Bellossom', 'Pupitar', 'Chimecho']",27,8,11
smogtours-gen3nu-806265,[Gen 3] NU,2024-11-14 20:43:31,,clefairy19286,limber11712,clefairy19286,False,"['Wailord', 'Flareon', 'Haunter', 'Metang', 'Chimecho', 'Glalie']","['Pidgeot', 'Metang', 'Hitmonchan', 'Cacturne', 'Bellossom', 'Sableye']",24,9,9
smogtours-gen3nu-610990,[Gen 3] NU,2022-03-03 23:18:01,,sleeptalk80665,metalcoat81257,sleeptalk80665,True,"['Omanyte', 'Marshtomp', 'Masquerain']","['Dragonair', 'Minun', 'Lairon', 'Furret', 'Duskull', 'Anorith']",13,3,7
gen3nu-925987472,[Gen 3] NU,2019-06-11 00:11:47,,payday74254,tyrogue8241,payday74254,False,"['Meditite', 'Castform', 'Sunflora', 'Gloom']","['Sunflora', 'Dustox', 'Onix', 'Castform', 'Meditite', 'Chinchou']",28,3,12
gen3nu-932188170,[Gen 3] NU,2019-06-21 06:24:05,,payday74254,skitty97587,skitty97587,False,"['Nosepass', 'Delcatty', 'Elekid', 'Chinchou', 'Gloom', 'Wailmer']","['Gloom', 'Cubone', 'Ledian', 'Pineco']",19,12,3
smogtours-gen3nu-664906,[Gen 3] NU,2022-12-13 00:02:38,,haunter12630,noctowl47464,haunter12630,True,"['Diglett', 'Bellossom', 'Dewgong', 'Flareon']","['Wailord', 'Metang', 'Haunter', 'Pikachu', 'Pupitar', 'Glalie']",28,6,8
smogtours-gen3nu-832342,[Gen 3] NU,2025-04-11 23:07:23,,weepinbell75190,futuresight13270,weepinbell75190,False,"['Flareon', 'Haunter', 'Hitmonchan', 'Whiscash', 'Metang', 'Glalie']","['Pidgeot', 'Torkoal', 'Plusle', 'Haunter', 'Relicanth', 'Roselia']",28,8,10
smogtours-gen3nu-712689,[Gen 3] NU,2023-08-27 20:08:29,,whiscash71874,innerfocus97582,whiscash71874,False,"['Glalie', 'Wailord', 'Octillery', 'Chimecho']","['Seadra', 'Kecleon', 'Tropius', 'Flareon', 'Metang', 'Chimecho']",25,4,9
gen3nu-1090330083,[Gen 3] NU,2020-04-03 16:01:58,,houndour54582,hippowdon58140,hippowdon58140,False,"['Bayleef', 'Pineco', 'Baltoy', 'Clefairy', 'Chinchou', 'Ledian']","['Poliwag', 'Grimer', 'Pineco', 'Nosepass', 'Gloom', 'Taillow']",33,13,14
gen3nu-1175903903,[Gen 3] NU,2020-08-26 20:11:49,,poliwag79956,sacredfire21452,poliwag79956,False,"['Raticate', 'Hitmonchan', 'Crawdaunt', 'Sableye', 'Chimecho']","['Minun', 'Sealeo', 'Furret', 'Grovyle', 'Gastly', 'Yanma']",27,7,9
smogtours-gen3nu-725214,[Gen 3] NU,2023-10-21 19:18:39,,sonicboom33491,riolu27073,riolu27073,False,"['Huntail', 'Plusle', 'Hitmonchan', 'Murkrow', 'Relicanth', 'Roselia']","['Wailord', 'Tropius', 'Murkrow', 'Metang', 'Roselia']",30,13,9
smogtours-gen3nu-441086,[Gen 3] NU,2019-05-11 21:28:47,,mail80062,murkrow56783,murkrow56783,True,"['Wailord', 'Pidgeot', 'Flareon', 'Sableye', 'Roselia']","['Wailord', 'Hitmonchan', 'Cacturne', 'Lickitung', 'Sableye', 'Relicanth']",58,18,21
smogtours-gen3nu-813528,[Gen 3] NU,2025-01-09 23:34:33,,hoppip910,motordrive87413,hoppip910,False,"['Octillery', 'Hitmonchan', 'Cacturne', 'Arbok', 'Metang', 'Chimecho']","['Hitmonchan', 'Cacturne', 'Haunter', 'Dewgong', 'Metang', 'Chimecho']",37,13,12
gen3nu-854294321,[Gen 3] NU,2019-01-26 20:45:51,,wiseglasses99325,magby40847,magby40847,False,"['Pidgeot', 'Cacturne', 'Arbok', 'Minun', 'Diglett', 'Abra']","['Wailord', 'Plusle', 'Torkoal', 'Relicanth', 'Metang', 'Roselia']",32,16,10
smogtours-gen3nu-647333,[Gen 3] NU,2022-09-10 22:14:24,,drillpeck45275,wormadam14777,wormadam14777,False,"['Wailord', 'Torkoal', 'Raticate', 'Murkrow', 'Sableye', 'Glalie']","['Flareon', 'Sableye', 'Dewgong', 'Vigoroth', 'Metang', 'Roselia']",44,14,15
gen3nu-1071868518,[Gen 3] NU,2020-03-01 20:52:30,,heatrock37333,hippowdon58140,heatrock37333,False,"['Wailord', 'Mawile', 'Bellossom', 'Sableye', 'Diglett', 'Glalie']","['Seadra', 'Flareon', 'Hitmonchan', 'Murkrow', 'Dewgong', 'Vigoroth']",23,9,14
gen3nu-1094506016,[Gen 3] NU,2020-04-10 22:06:55,1000,download60495,claydol82560,download60495,False,"['Pidgeot', 'Flareon', 'Metang']","['Tropius', 'Quilava', 'Haunter', 'Mawile', 'Tangela', 'Grovyle']",19,3,8
smogtours-gen3nu-628936,[Gen 3] NU,2022-05-29 16:22:54,,golduck61301,honeygather86735,honeygather86735,False,"['Raticate', 'Murkrow', 'Dewgong', 'Metang', 'Glalie', 'Grovyle']","['Haunter', 'Pelipper', 'Metang', 'Chimecho', 'Glalie']",23,5,7
gen3nu-2067732352,[Gen 3] NU,2024-02-26 04:41:46,,futuresight13270,shiftry9108,futuresight13270,False,"['Raticate', 'Vigoroth', 'Whiscash', 'Metang', 'Glalie']","['Wailord', 'Huntail', 'Flareon', 'Haunter', 'Metang', 'Glalie']",18,6,8
gen3nu-1087303606,[Gen 3] NU,2020-03-29 10:38:24,,dig45111,lifeorb26007,dig45111,False,"['Doduo', 'Trapinch', 'Houndour', 'Shellder', 'Elekid']","['Doduo', 'Diglett', 'Larvitar', 'Meowth', 'Koffing', 'Abra']",19,7,6
gen3nu-1083674218,[Gen 3] NU,2020-03-23 00:45:12,,breloom95698,mintberry2773,breloom95698,False,"['Snubbull', 'Pineco', 'Ledyba', 'Phanpy', 'Chinchou']","['Doduo', 'Porygon', 'Rhyhorn', 'Drowzee', 'Oddish', 'Squirtle']",24,8,8
smogtours-gen3nu-569441,[Gen 3] NU,2021-07-07 03:18:41,,rock51085,trick33871,trick33871,True,"['Flareon', 'Haunter', 'Bellossom', 'Dewgong', 'Metang', 'Diglett']","['Hitmonchan', 'Dewgong', 'Whiscash', 'Sableye', 'Roselia', 'Shuckle']",68,32,25
smogtours-gen3nu-616719,[Gen 3] NU,2022-03-31 15:43:01,,volbeat11507,constrict53264,volbeat11507,False,"['Marshtomp', 'Bayleef', 'Combusken', 'Omanyte', 'Minun', 'Masquerain']","['Doduo', 'Marshtomp', 'Wigglytuff', 'Minun', 'Tentacool', 'Shuckle']",160,66,58
smogtours-gen3nu-840872,[Gen 3] NU,2025-05-10 02:39:10,,psn60461,magnezone42158,magnezone42158,False,"['Flareon', 'Plusle', 'Hitmonchan', 'Haunter', 'Arbok', 'Glalie']","['Torkoal', 'Plusle', 'Hitmonchan', 'Dewgong', 'Sableye', 'Glalie']",25,6,9
smogtours-gen3nu-445883,[Gen 3] NU,2019-06-08 19:10:05,,suctioncups53417,rock51085,rock51085,False,"['Hitmonchan', 'Lickitung', 'Sableye', 'Chimecho', 'Relicanth', 'Roselia']","['Pidgeot', 'Flareon', 'Haunter', 'Cacturne', 'Pupitar']",47,16,12
gen3nu-430522030,[Gen 3] NU,2016-09-03 23:03:21,,poisonheal87841,alakazammega8565,poisonheal87841,False,"['Wigglytuff', 'Haunter', 'Hitmonchan', 'Arbok', 'Lickitung', 'Glalie']","['Sudowoodo', 'Flareon', 'Torkoal', 'Dewgong', 'Pupitar', 'Delibird']",60,20,16
smogtours-gen3nu-769498,[Gen 3] NU,2024-05-19 21:46:01,,airslash47650,stench25210,airslash47650,False,"['Seadra', 'Flareon', 'Metang', 'Bellossom', 'Pikachu', 'Glalie']","['Wailord', 'Flareon', 'Octillery', 'Haunter', 'Metang', 'Chimecho']",32,13,7
gen3nu-1153781268,[Gen 3] NU,2020-07-19 05:25:46,,stealthrock63558,cutecharm72527,cutecharm72527,False,"['Flareon', 'Hitmonchan', 'Mawile', 'Pelipper', 'Sableye', 'Roselia']","['Flareon', 'Haunter', 'Hitmonchan', 'Mawile', 'Relicanth']",34,12,12
smogtours-gen3nu-794389,[Gen 3] NU,2024-10-03 21:20:59,,haunter12630,tangledfeet30693,tangledfeet30693,False,"['Huntail', 'Flareon', 'Raticate', 'Haunter', 'Hitmonchan', 'Cacturne']","['Torkoal', 'Octillery', 'Dewgong', 'Metang', 'Roselia', 'Golbat']",28,11,11
gen3nu-1123528693,[Gen 3] NU,2020-05-29 23:13:30,,psyduck38308,adaptability26680,adaptability26680,True,"['Machoke', 'Marshtomp', 'Pineco', 'Ivysaur', 'Sealeo', 'Duskull']","['Bayleef', 'Houndour', 'Omanyte', 'Duskull', 'Golbat']",25,12,9
gen3nu-929283607,[Gen 3] NU,2019-06-16 15:23:43,,magby40847,doubleslap70834,magby40847,False,"['Wailord', 'Plusle', 'Torkoal', 'Metang', 'Relicanth']","['Flareon', 'Arbok', 'Aipom', 'Vigoroth', 'Pikachu', 'Abra']",14,5,6
gen3nu-1130195025,[Gen 3] NU,2020-06-10 11:16:07,,glaceon53740,slakoth53488,slakoth53488,False,"['Haunter', 'Hitmonchan', 'Mawile', 'Chimecho', 'Pupitar', 'Glalie']","['Kingler', 'Torkoal', 'Cacturne', 'Mawile', 'Vigoroth', 'Golbat']",42,23,18
gen3nu-1083692357,[Gen 3] NU,2020-03-23 01:26:36,,mintberry2773,breloom95698,mintberry2773,False,"['Mudkip', 'Numel', 'Lileep', 'Electrike', 'Duskull', 'Taillow']","['Chikorita', 'Snubbull', 'Pineco', 'Ledyba', 'Phanpy', 'Chinchou']",33,13,9
gen3nu-1101122427,[Gen 3] NU,2020-04-22 04:55:31,1128,futuresight13270,download60495,download60495,False,"['Wailord', 'Cacturne', 'Murkrow', 'Metang', 'Diglett', 'Yanma']","['Wailord', 'Pidgeot', 'Haunter', 'Hitmonchan', 'Relicanth']",17,7,5
gen3nu-1114116854,[Gen 3] NU,2020-05-13 20:50:29,,wormadam14777,tauros25617,tauros25617,False,"['Seadra', 'Flareon', 'Hitmonchan', 'Murkrow', 'Dewgong', 'Vigoroth']","['Seadra', 'Flareon', 'Hitmonchan', 'Murkrow', 'Dewgong', 'Vigoroth']",22,7,7
gen3nu-964429117,[Gen 3] NU,2019-08-22 21:31:25,,luvdisc61803,thrash80465,thrash80465,False,"['Growlithe', 'Bayleef', 'Seaking', 'Meditite', 'Masquerain', 'Magnemite']","['Bayleef', 'Nosepass', 'Meditite', 'Chinchou', 'Koffing', 'Taillow']",56,24,20
gen3nu-851696122,[Gen 3] NU,2019-01-21 02:09:54,,trace64701,firepunch39331,firepunch39331,False,"['Doduo', 'Dragonair', 'Omanyte', 'Smoochum', 'Minun', 'Clamperl']","['Houndour', 'Omanyte', 'Ivysaur', 'Minun', 'Furret']",30,14,7
smogtours-gen3nu-809001,[Gen 3] NU,2024-12-05 01:37:18,,doubleteam62013,shinystone44310,shinystone44310,True,"['Flareon', 'Haunter', 'Hitmonchan', 'Pelipper', 'Pupitar', 'Glalie']","['Seadra', 'Bellossom', 'Glalie', 'Pikachu']",15,7,3
smogtours-gen3nu-645631,[Gen 3] NU,2022-08-28 21:12:15,,honeygather86735,runaway59045,honeygather86735,False,"['Wailord', 'Huntail', 'Torkoal', 'Haunter', 'Metang', 'Glalie']","['Venomoth', 'Plusle', 'Octillery', 'Delcatty', 'Mawile', 'Ledian']",36,10,14
gen3nu-956374436,[Gen 3] NU,2019-08-06 19:13:10,,ironhead38302,heatrock37333,ironhead38302,False,"['Plusle', 'Glalie', 'Flareon']","['Octillery', 'Hitmonchan', 'Bellossom', 'Murkrow', 'Sableye', 'Chimecho']",10,2,7
gen3nu-2056807840,[Gen 3] NU,2024-02-11 11:02:05,,figyberry45638,arceussteel87907,arceussteel87907,False,"['Hitmonchan', 'Bellossom', 'Crawdaunt', 'Metang', 'Whiscash', 'Glalie']","['Seadra', 'Kecleon', 'Hitmonchan', 'Bellossom', 'Chimecho', 'Glalie']",22,5,5
gen3nu-2063962941,[Gen 3] NU,2024-02-20 23:29:10,,drillpeck45275,burmy28567,burmy28567,False,"['Hitmonchan', 'Bellossom', 'Piloswine', 'Pelipper', 'Glalie', 'Yanma']","['Bellossom', 'Vigoroth', 'Yanma']",15,7,2
gen3nu-1141252593,[Gen 3] NU,2020-06-28 12:22:18,,ivysaur48671,sketch29485,sketch29485,False,"['Flareon', 'Haunter', 'Hitmonchan', 'Metang', 'Chimecho', 'Roselia']","['Wailord', 'Hitmonchan', 'Haunter', 'Cacturne', 'Bellossom', 'Chimecho']",54,16,18
smogtours-gen3nu-844617,[Gen 3] NU,2025-05-22 19:11:32,,extrasensory76435,gastly57717,extrasensory76435,False,"['Wailord', 'Hitmonchan', 'Arbok', 'Pelipper', 'Metang', 'Glalie']","['Pidgeot', 'Haunter', 'Bellossom', 'Metang', 'Diglett', 'Glalie']",21,10,8
gen3nu-1125583830,[Gen 3] NU,2020-06-02 19:44:15,,endure97936,quilava99512,endure97936,False,"['Pidgeot', 'Flareon', 'Raticate', 'Haunter', 'Hitmonchan', 'Metang']","['Raticate', 'Hitmonchan', 'Arbok', 'Bellossom', 'Pelipper', 'Glalie']",22,11,10
smogtours-gen3nu-646614,[Gen 3] NU,2022-09-04 21:26:57,,iceshard30836,numel8988,iceshard30836,False,"['Torkoal', 'Cacturne', 'Dewgong', 'Metang', 'Chimecho', 'Golbat']","['Haunter', 'Pelipper', 'Vigoroth', 'Metang', 'Chimecho', 'Roselia']",25,11,9
gen3nu-1083681923,[Gen 3] NU,2020-03-23 01:03:35,,breloom95698,mintberry2773,mintberry2773,False,"['Doduo', 'Staryu', 'Rhyhorn', 'Oddish', 'Drowzee', 'Charmander']","['Numel', 'Clamperl', 'Treecko', 'Duskull', 'Anorith', 'Taillow']",31,11,10
gen3nu-889569724,[Gen 3] NU,2019-04-08 22:40:41,,swift29993,angerpoint64785,swift29993,True,"['Mawile', 'Glalie', 'Tropius', 'Haunter']","['Glalie', 'Hitmonchan']",13,3,1
gen3nu-2063914850,[Gen 3] NU,2024-02-20 22:12:44,,drillpeck45275,burmy28567,drillpeck45275,False,"['Pupitar', 'Wailord', 'Vigoroth', 'Nosepass']","['Togetic', 'Venomoth', 'Dunsparce', 'Houndour', 'Arbok', 'Roselia']",27,5,9
smogtours-gen3nu-565915,[Gen 3] NU,2021-06-13 16:59:05,,mysteryberry48802,bubblebeam57653,mysteryberry48802,False,"['Wailord', 'Haunter', 'Metang', 'Pupitar', 'Glalie']","['Wailord', 'Tropius', 'Sudowoodo', 'Raticate', 'Metang', 'Chimecho']",14,5,8
gen3nu-1090655259,[Gen 3] NU,2020-04-04 03:15:26,1000,lavaplume51557,chlorophyll32102,chlorophyll32102,True,"['Haunter', 'Cacturne', 'Mawile', 'Crawdaunt', 'Whiscash']","['Kecleon', 'Octillery', 'Haunter', 'Hitmonchan', 'Metang']",14,6,5
gen3nu-1102841731,[Gen 3] NU,2020-04-25 01:58:28,,metang89979,waterfall27998,metang89979,False,"['Venomoth', 'Hitmonchan', 'Haunter', 'Cacturne', 'Dewgong', 'Metang']","['Wailord', 'Flareon', 'Plusle', 'Nosepass', 'Delcatty', 'Glalie']",22,8,9
gen3nu-1081828436,[Gen 3] NU,2020-03-19 17:45:11,,exploud92539,dragonfang79331,exploud92539,False,"['Pineco', 'Combusken', 'Haunter', 'Drowzee', 'Metang', 'Sealeo']","['Shelgon', 'Dragonair', 'Drowzee', 'Metang', 'Diglett', 'Grovyle']",40,15,14
gen3nu-937653136,[Gen 3] NU,2019-06-30 22:43:15,,primeape81140,rindoberry379,rindoberry379,False,"['Staryu', 'Shuppet', 'Shellder', 'Gloom', 'Mankey', 'Magnemite']","['Growlithe', 'Pineco', 'Nosepass', 'Chinchou', 'Taillow']",17,7,4
gen3nu-837917170,[Gen 3] NU,2018-12-19 20:59:45,,miltank73528,return265,miltank73528,True,"['Shedinja', 'Hitmonchan', 'Cacturne', 'Lickitung', 'Sableye', 'Relicanth']","['Torkoal', 'Raticate', 'Hitmonchan', 'Arbok', 'Piloswine', 'Dewgong']",39,16,15
gen3nu-1167808633,[Gen 3] NU,2020-08-12 20:15:42,,poisonheal87841,xscissor99781,xscissor99781,True,"['Pidgeot', 'Hitmonchan', 'Haunter', 'Dewgong', 'Ledian', 'Golbat']","['Wailord', 'Torkoal', 'Haunter', 'Grovyle', 'Glalie']",14,7,5
gen3nu-2240249135,[Gen 3] NU,2024-11-09 00:13:16,,colorchange66435,paras61636,colorchange66435,True,"['Huntail', 'Glalie', 'Flareon']","['Octillery', 'Murkrow', 'Chimecho', 'Metang', 'Pupitar', 'Roselia']",13,2,7
gen3nu-994663481,[Gen 3] NU,2019-10-18 18:25:34,,rockclimb94615,icywind91864,icywind91864,False,"['Wailord', 'Raticate', 'Haunter', 'Dewgong', 'Metang', 'Swalot']","['Pidgeot', 'Kecleon', 'Haunter', 'Metang', 'Chimecho']",33,7,11
gen3nu-1175916234,[Gen 3] NU,2020-08-26 20:18:16,,poliwag79956,knockoff38753,knockoff38753,False,"['Raticate', 'Haunter', 'Hitmonchan', 'Crawdaunt', 'Sableye', 'Chimecho']","['Wailord', 'Haunter', 'Pupitar', 'Metang', 'Chimecho', 'Glalie']",33,9,10
gen3nu-837617792,[Gen 3] NU,2018-11-18 21:43:14,,cobaberry41000,nidorino24287,cobaberry41000,False,"['Flareon', 'Hitmonchan', 'Dewgong', 'Metang', 'Chimecho', 'Roselia']","['Wailord', 'Hitmonchan', 'Mawile', 'Chimecho', 'Roselia', 'Yanma']",33,7,11
gen3nu-1173040930,[Gen 3] NU,2020-08-21 22:51:41,,sludgebomb74250,fireblast31439,sludgebomb74250,False,"['Combusken', 'Meditite', 'Lombre', 'Aipom', 'Koffing']","['Mightyena', 'Dragonair', 'Ivysaur', 'Lairon', 'Sealeo', 'Shuckle']",35,8,11
gen3nu-933502836,[Gen 3] NU,2019-06-23 15:06:31,,hyperbeam24300,roleplay47054,hyperbeam24300,False,"['Growlithe', 'Seaking', 'Elekid', 'Gloom', 'Chinchou', 'Taillow']","['Voltorb', 'Rhyhorn', 'Cubone', 'Delcatty', 'Gloom', 'Delibird']",23,12,12
gen3nu-1125647393,[Gen 3] NU,2020-06-02 21:39:55,,endure97936,heartswap76910,endure97936,False,"['Pidgeot', 'Huntail', 'Flareon', 'Raticate', 'Haunter', 'Arbok']","['Wailord', 'Volbeat', 'Hitmonchan', 'Pikachu', 'Chimecho', 'Roselia']",18,8,5
gen3nu-1122058628,[Gen 3] NU,2020-05-27 13:40:32,,suckerpunch51372,mist21242,suckerpunch51372,False,"['Pidgeot', 'Flareon', 'Haunter', 'Arbok', 'Whiscash']","['Kingler', 'Torkoal', 'Cacturne', 'Mawile', 'Vigoroth', 'Golbat']",26,7,11
gen3nu-836553152,[Gen 3] NU,2018-12-16 23:29:44,,denpowerwater56595,wynaut2746,wynaut2746,False,"['Pineco', 'Delcatty', 'Elekid', 'Ledian', 'Delibird', 'Taillow']","['Staryu', 'Nosepass', 'Meditite', 'Masquerain', 'Delibird', 'Taillow']",17,7,8
smogtours-gen3nu-807855,[Gen 3] NU,2024-11-24 22:47:22,,shinystone44310,machop48408,shinystone44310,False,"['Wailord', 'Flareon', 'Plusle', 'Raticate', 'Bellossom', 'Glalie']","['Plusle', 'Octillery', 'Raticate', 'Hitmonchan', 'Sableye', 'Roselia']",41,13,18
gen3nu-432778636,[Gen 3] NU,2016-09-07 13:40:31,1186,custapberry71278,helixfossil44951,helixfossil44951,False,"['Torkoal', 'Poliwhirl', 'Mawile', 'Glalie', 'Grovyle', 'Golbat']","['Huntail', 'Chimecho', 'Furret', 'Pupitar', 'Glalie']",15,5,4
gen3nu-941262920,[Gen 3] NU,2019-07-07 23:02:21,,toxic30661,captivate54063,captivate54063,False,"['Huntail', 'Dunsparce', 'Shelgon', 'Hitmonchan', 'Ditto', 'Pikachu']","['Flareon', 'Bellossom', 'Sableye', 'Chimecho', 'Relicanth']",26,7,9
gen3nu-1126664290,[Gen 3] NU,2020-06-04 14:47:10,,download60495,nomelberry8014,download60495,False,"['Pidgeot', 'Flareon', 'Raticate', 'Haunter', 'Arbok', 'Yanma']","['Wailord', 'Hitmonchan', 'Cacturne', 'Arbok', 'Metang', 'Chimecho']",33,12,13
smogtours-gen3nu-664260,[Gen 3] NU,2022-12-10 18:09:54,,shadowclaw75622,noctowl47464,noctowl47464,False,"['Flareon', 'Hitmonchan', 'Cacturne', 'Chimecho', 'Crawdaunt', 'Swalot']","['Torkoal', 'Haunter', 'Cacturne', 'Hitmonchan', 'Dewgong', 'Vibrava']",23,10,8
gen3nu-925990126,[Gen 3] NU,2019-06-11 00:20:22,,wynaut4615,rindoberry7399,wynaut4615,False,"['Sunflora', 'Pineco', 'Rhyhorn', 'Chinchou', 'Gloom', 'Taillow']","['Natu', 'Kabuto', 'Castform', 'Gloom', 'Magnemite', 'Delibird']",30,10,10
gen3nu-1148256342,[Gen 3] NU,2020-07-09 21:22:39,,outrage29420,sketch29485,sketch29485,True,"['Wailord', 'Torkoal', 'Murkrow', 'Vigoroth', 'Chimecho', 'Roselia']","['Chimecho', 'Wailord', 'Glalie', 'Haunter']",19,7,5
gen3nu-1004856439,[Gen 3] NU,2019-11-06 11:09:53,,blackbelt92832,jumpkick32318,jumpkick32318,True,"['Seadra', 'Murkrow', 'Dewgong']","['Haunter', 'Kecleon', 'Hitmonchan', 'Metang']",10,4,4
smogtours-gen3nu-808999,[Gen 3] NU,2024-12-05 01:27:02,,shinystone44310,doubleteam62013,shinystone44310,False,"['Flareon', 'Octillery', 'Haunter', 'Pelipper', 'Metang', 'Roselia']","['Huntail', 'Flareon', 'Haunter', 'Hitmonchan', 'Metang', 'Glalie']",18,7,9
gen3nu-1085301848,[Gen 3] NU,2020-03-25 21:24:35,,ddenpowerfire83034,purepower79199,purepower79199,True,"['Kingler', 'Torkoal', 'Cacturne', 'Mawile', 'Vigoroth', 'Golbat']","['Flareon', 'Hitmonchan', 'Mawile', 'Pelipper', 'Sableye']",27,13,11
gen3nu-438130035,[Gen 3] NU,2016-09-15 16:34:00,,arceusdragon51803,shellarmor24257,arceusdragon51803,False,['Swalot'],"['Beautifly', 'Dustox', 'Delcatty', 'Cacturne', 'Bellossom', 'Beedrill']",9,0,5
smogtours-gen3nu-846139,[Gen 3] NU,2025-05-26 00:59:09,,twistedspoon63684,doubleteam62013,doubleteam62013,True,"['Seadra', 'Plusle', 'Haunter', 'Pelipper', 'Metang', 'Glalie']","['Flareon', 'Haunter', 'Hitmonchan', 'Bellossom', 'Glalie']",25,9,9
gen3nu-925639596,[Gen 3] NU,2019-06-10 13:22:41,,medicham64289,intimidate39542,medicham64289,True,"['Staryu', 'Gloom', 'Masquerain', 'Magnemite', 'Delibird']","['Growlithe', 'Rhyhorn', 'Snorunt', 'Seaking', 'Gloom', 'Delibird']",19,7,7
gen3nu-934369127,[Gen 3] NU,2019-06-25 00:27:05,,transform65474,munchlax60491,transform65474,False,"['Voltorb', 'Cubone', 'Nosepass', 'Gloom', 'Delibird']","['Bayleef', 'Grimer', 'Nosepass', 'Elekid', 'Meditite', 'Delibird']",32,12,17
gen3nu-2193830442,[Gen 3] NU,2024-09-03 17:59:25,,transform43857,magmarizer89536,transform43857,False,"['Chimecho', 'Roselia', 'Raticate', 'Flareon']","['Raticate', 'Hitmonchan', 'Pikachu', 'Bellossom', 'Sableye', 'Pupitar']",19,3,6
gen3nu-886745180,[Gen 3] NU,2019-04-03 20:15:11,,quilava99512,porygon29702,porygon29702,False,"['Raticate', 'Hitmonchan', 'Arbok', 'Bellossom', 'Pelipper', 'Glalie']","['Huntail', 'Shedinja', 'Hitmonchan', 'Seviper', 'Bellossom', 'Piloswine']",24,12,7
smogtours-gen3nu-740827,[Gen 3] NU,2024-01-21 17:53:31,,teddiursa88253,futuresight13270,teddiursa88253,False,"['Plusle', 'Haunter', 'Pikachu', 'Hitmonchan', 'Cacturne', 'Metang']","['Wailord', 'Haunter', 'Hitmonchan', 'Mawile', 'Bellossom', 'Pikachu']",22,7,12
gen3nu-1139914182,[Gen 3] NU,2020-06-26 06:18:05,,chansey70360,metronome73231,chansey70360,False,"['Togetic', 'Wailord', 'Delcatty', 'Hitmonchan', 'Bellossom', 'Metang']","['Seadra', 'Flareon', 'Hitmonchan', 'Murkrow', 'Dewgong', 'Vigoroth']",20,7,6
gen3nu-927452611,[Gen 3] NU,2019-06-13 14:33:43,,bubblebeam47729,simple53659,bubblebeam47729,False,"['Growlithe', 'Nuzleaf', 'Illumise', 'Gloom', 'Magnemite']","['Staryu', 'Bayleef', 'Castform', 'Nosepass', 'Elekid', 'Delibird']",19,6,9
gen3nu-1033992481,[Gen 3] NU,2019-12-22 21:44:23,,lightball69886,denpowersteel79771,lightball69886,False,"['Wailord', 'Sudowoodo', 'Murkrow', 'Sableye', 'Roselia', 'Glalie']","['Wailord', 'Pidgeot', 'Flareon', 'Hitmonchan', 'Sableye', 'Roselia']",32,10,13
gen3nu-1130487582,[Gen 3] NU,2020-06-10 22:12:13,,twistedspoon63684,sketch29485,twistedspoon63684,False,"['Wailord', 'Torkoal', 'Haunter', 'Chimecho', 'Pupitar']","['Flareon', 'Diglett', 'Haunter', 'Dewgong', 'Chimecho', 'Relicanth']",32,9,16
smogtours-gen3nu-662764,[Gen 3] NU,2022-11-26 19:47:11,,mirrormove8296,stench25210,stench25210,False,"['Wigglytuff', 'Hitmonchan', 'Whiscash', 'Sableye', 'Chimecho', 'Roselia']","['Wailord', 'Hitmonchan', 'Chimecho', 'Relicanth', 'Roselia']",109,45,33
gen3nu-935564248,[Gen 3] NU,2019-06-27 01:35:27,,twistedspoon63684,psychic75182,psychic75182,True,"['Wailord', 'Torkoal', 'Haunter', 'Metang', 'Chimecho', 'Glalie']","['Flareon', 'Lileep', 'Hitmonchan', 'Dewgong', 'Sableye', 'Chimecho']",25,8,7
smogtours-gen3nu-740881,[Gen 3] NU,2024-01-21 18:14:44,,tangledfeet30693,teddiursa88253,tangledfeet30693,False,"['Wailord', 'Torkoal', 'Metang', 'Pupitar', 'Glalie', 'Golbat']","['Flareon', 'Bellossom', 'Murkrow', 'Whiscash', 'Glalie', 'Golbat']",29,10,11
smogtours-gen3nu-441120,[Gen 3] NU,2019-05-11 23:09:10,,tangledfeet73734,suctioncups53417,suctioncups53417,False,"['Wailord', 'Tropius', 'Sudowoodo', 'Raticate', 'Sableye', 'Pupitar']","['Octillery', 'Murkrow', 'Metang', 'Chimecho', 'Roselia']",17,10,7
gen3nu-430455235,[Gen 3] NU,2016-09-03 21:07:32,,mareep93864,whismur84202,whismur84202,True,"['Roselia', 'Dewgong', 'Magcargo']","['Pupitar', 'Glalie']",6,2,1
smogtours-gen3nu-783961,[Gen 3] NU,2024-08-03 22:49:07,,tangledfeet30693,faketears60131,tangledfeet30693,False,"['Wailord', 'Torkoal', 'Octillery', 'Haunter', 'Metang', 'Glalie']","['Flareon', 'Diglett', 'Bellossom', 'Metang', 'Chimecho', 'Glalie']",20,7,11
smogtours-gen3nu-651944,[Gen 3] NU,2022-10-01 17:21:41,,honeygather86735,hitmonchan30284,honeygather86735,True,"['Chimecho', 'Pelipper', 'Glalie', 'Haunter']","['Glalie', 'Haunter', 'Metang']",14,6,2
gen3nu-1134032476,[Gen 3] NU,2020-06-17 03:56:25,1049,happiny30290,superfang47829,superfang47829,False,"['Huntail', 'Machoke', 'Snubbull', 'Torkoal', 'Koffing', 'Relicanth']","['Seadra', 'Chimecho', 'Wigglytuff', 'Pikachu']",15,7,3
smogtours-gen3nu-807859,[Gen 3] NU,2024-11-24 22:57:03,,machop48408,shinystone44310,machop48408,False,"['Pidgeot', 'Flareon', 'Octillery', 'Haunter', 'Chimecho', 'Glalie']","['Huntail', 'Flareon', 'Octillery', 'Haunter', 'Hitmonchan', 'Glalie']",22,8,8
smogtours-gen3nu-616406,[Gen 3] NU,2022-03-27 23:37:14,,denpowerghost62736,burmy28567,burmy28567,False,"['Flareon', 'Castform', 'Lickitung', 'Pupitar', 'Chimecho', 'Grovyle']","['Pidgeot', 'Torkoal', 'Mightyena', 'Octillery', 'Swalot', 'Tangela']",29,9,9
smogtours-gen3nu-593624,[Gen 3] NU,2021-11-17 22:20:42,,chlorophyll28494,altaria32948,altaria32948,False,"['Diglett', 'Haunter', 'Bellossom', 'Metang', 'Chimecho', 'Glalie']","['Wailord', 'Hitmonchan', 'Haunter', 'Mawile', 'Sableye', 'Roselia']",47,14,14
smogtours-gen3nu-560727,[Gen 3] NU,2021-05-13 20:42:39,,mysteryberry48802,rockincense41876,mysteryberry48802,False,"['Wailord', 'Torkoal', 'Haunter', 'Metang', 'Chimecho', 'Glalie']","['Pidgeot', 'Magcargo', 'Hitmonchan', 'Seaking', 'Chimecho', 'Roselia']",29,11,15
gen3nu-2366847815,[Gen 3] NU,2025-05-18 22:28:21,,wikiberry31119,belueberry80725,wikiberry31119,True,"['Plusle', 'Metang', 'Golbat']","['Mawile', 'Minun', 'Delcatty']",13,3,3
gen3nu-1125384605,[Gen 3] NU,2020-06-02 12:55:07,1030,octillery73735,slakoth53488,octillery73735,True,"['Hitmonchan', 'Pikachu', 'Parasect', 'Pupitar', 'Glalie']","['Hitmonchan', 'Pikachu', 'Dewgong', 'Sableye', 'Glalie', 'Golbat']",15,6,8
gen3nu-927766000,[Gen 3] NU,2019-06-14 00:05:02,,present83063,powerswap74860,powerswap74860,False,"['Growlithe', 'Rhyhorn', 'Chinchou', 'Bagon', 'Koffing', 'Delibird']","['Voltorb', 'Rhyhorn', 'Cubone', 'Delcatty', 'Gloom', 'Delibird']",20,12,9
smogtours-gen3nu-570356,[Gen 3] NU,2021-07-16 18:50:57,,fling55533,haunter12630,haunter12630,False,"['Wailord', 'Raticate', 'Hitmonchan', 'Pupitar', 'Chimecho', 'Roselia']","['Flareon', 'Plusle', 'Mawile', 'Pelipper', 'Pikachu', 'Diglett']",32,13,14
smogtours-gen3nu-816065,[Gen 3] NU,2025-01-26 02:18:48,,denpowerwater91914,weepinbell75190,weepinbell75190,False,"['Haunter', 'Hitmonchan', 'Bellossom', 'Pelipper', 'Metang', 'Glalie']","['Wailord', 'Flareon', 'Raticate', 'Haunter', 'Glalie']",23,10,7
gen3nu-1175243689,[Gen 3] NU,2020-08-25 18:57:03,,greatball20615,chansey79290,chansey79290,True,"['Mightyena', 'Minun', 'Lairon', 'Tentacool', 'Furret', 'Duskull']","['Seaking', 'Ivysaur', 'Mankey', 'Corsola', 'Duskull', 'Magnemite']",39,15,9
smogtours-gen3nu-604813,[Gen 3] NU,2022-01-23 21:33:28,,corphish56783,rampardos23359,corphish56783,False,"['Sudowoodo', 'Magcargo', 'Omanyte', 'Graveler', 'Lairon', 'Relicanth']","['Shedinja', 'Haunter', 'Shuppet', 'Sableye', 'Duskull', 'Gastly']",23,8,9
smogtours-gen3nu-790354,[Gen 3] NU,2024-09-12 22:22:24,,huntail76319,motordrive87413,motordrive87413,False,"['Torkoal', 'Haunter', 'Cacturne', 'Hitmonchan', 'Dewgong', 'Chimecho']","['Wailord', 'Flareon', 'Hitmonchan', 'Metang', 'Chimecho']",23,12,9
gen3nu-2286240012,[Gen 3] NU,2025-01-22 21:38:45,,gastly57717,mintberry37268,mintberry37268,False,"['Wailord', 'Huntail', 'Torkoal', 'Haunter', 'Metang', 'Glalie']","['Wailord', 'Glalie', 'Haunter', 'Metang']",18,5,5
smogtours-gen3nu-839601,[Gen 3] NU,2025-05-04 18:53:08,,airslash47650,twistedspoon63684,airslash47650,False,"['Torkoal', 'Plusle', 'Octillery', 'Pupitar', 'Glalie']","['Wailord', 'Kecleon', 'Tropius', 'Haunter', 'Chimecho', 'Glalie']",27,7,9
gen3nu-943723087,[Gen 3] NU,2019-07-12 17:35:07,,absol37065,medicham64289,absol37065,False,"['Pineco', 'Nosepass', 'Meditite', 'Chinchou', 'Gloom', 'Delibird']","['Poliwag', 'Flaaffy', 'Shuppet', 'Kirlia', 'Zigzagoon', 'Delibird']",38,12,13
gen3nu-848449717,[Gen 3] NU,2019-01-13 21:56:48,,denpowersteel79771,magicalleaf28411,denpowersteel79771,True,"['Trapinch', 'Wigglytuff', 'Omanyte', 'Grovyle', 'Gastly', 'Yanma']","['Mightyena', 'Trapinch', 'Omanyte', 'Drowzee', 'Sealeo', 'Furret']",33,10,8
gen3nu-1093354693,[Gen 3] NU,2020-04-08 22:02:31,,psyduck38308,sandveil87527,psyduck38308,False,"['Shelgon', 'Cubone', 'Metang', 'Dragonair', 'Sealeo', 'Golbat']","['Dragonair', 'Omanyte', 'Haunter', 'Ivysaur', 'Meditite', 'Metang']",37,14,13
gen3nu-1175904124,[Gen 3] NU,2020-08-26 20:11:59,,zangoose62357,twistedspoon85094,zangoose62357,True,"['Abra', 'Raticate', 'Yanma']","['Chimecho', 'Pidgeot', 'Magcargo', 'Hitmonchan']",11,3,3
smogtours-gen3nu-665232,[Gen 3] NU,2022-12-17 19:21:06,,shadowclaw75622,stench25210,stench25210,False,"['Plusle', 'Shelgon', 'Hitmonchan', 'Mawile', 'Dewgong', 'Roselia']","['Wailord', 'Tropius', 'Sudowoodo', 'Haunter', 'Metang', 'Glalie']",41,15,15
gen3nu-1135927536,[Gen 3] NU,2020-06-20 05:31:24,1133,knockoff26841,lunatone14638,lunatone14638,True,"['Hitmonchan', 'Piloswine', 'Masquerain', 'Chimecho', 'Relicanth']","['Venomoth', 'Octillery', 'Delcatty', 'Mawile', 'Minun', 'Ledian']",20,5,6
smogtours-gen3nu-604809,[Gen 3] NU,2022-01-23 21:22:51,,corphish56783,rampardos23359,corphish56783,False,"['Plusle', 'Minun', 'Flaaffy']","['Nuzleaf', 'Houndour', 'Cacturne', 'Murkrow', 'Crawdaunt', 'Sableye']",18,2,7
gen3nu-430561453,[Gen 3] NU,2016-09-04 00:00:26,,poisonheal87841,alakazammega8565,poisonheal87841,False,"['Wigglytuff', 'Hitmonchan', 'Arbok', 'Lickitung', 'Dewgong', 'Glalie']","['Sudowoodo', 'Flareon', 'Torkoal', 'Dewgong', 'Pupitar', 'Delibird']",30,13,13
smogtours-gen3nu-633837,[Gen 3] NU,2022-06-20 01:01:12,,frenzyplant86230,golduck61301,golduck61301,False,"['Wailord', 'Flareon', 'Vigoroth', 'Metang', 'Chimecho', 'Roselia']","['Wailord', 'Huntail', 'Flareon', 'Hitmonchan', 'Metang', 'Chimecho']",27,10,6
gen3nu-1083000634,[Gen 3] NU,2020-03-21 19:46:51,,pidgeot31794,psyduck38308,pidgeot31794,True,"['Dragonair', 'Haunter', 'Wartortle', 'Metang', 'Abra']","['Marshtomp', 'Metang', 'Haunter', 'Sealeo', 'Diglett', 'Duskull']",32,8,11
smogtours-gen3nu-623270,[Gen 3] NU,2022-05-01 01:13:33,,seedflare81285,empoleon29019,empoleon29019,False,"['Wailord', 'Flareon', 'Hitmonchan', 'Cacturne', 'Pupitar', 'Golbat']","['Wailord', 'Pidgeot', 'Torkoal', 'Metang', 'Chimecho', 'Roselia']",28,15,13
smogtours-gen3nu-450145,[Gen 3] NU,2019-06-30 21:56:23,,entei72987,slowking2949,entei72987,False,"['Wailord', 'Hitmonchan', 'Haunter', 'Metang', 'Roselia', 'Golbat']","['Wailord', 'Graveler', 'Bellossom', 'Chimecho', 'Glalie', 'Golbat']",27,10,9
gen3nu-1093291351,[Gen 3] NU,2020-04-08 19:58:25,,castform48781,granbull43273,granbull43273,True,"['Bellossom', 'Glalie', 'Kecleon', 'Hitmonchan']","['Roselia', 'Flareon', 'Hitmonchan', 'Sableye']",13,5,4
smogtours-gen3nu-713560,[Gen 3] NU,2023-09-02 15:47:46,,teddiursa88253,futuresight13270,futuresight13270,False,"['Flareon', 'Bellossom', 'Murkrow', 'Whiscash', 'Glalie', 'Golbat']","['Torkoal', 'Haunter', 'Bellossom', 'Pelipper', 'Whiscash', 'Glalie']",42,12,13
gen3nu-1123524338,[Gen 3] NU,2020-05-29 23:06:28,,psyduck38308,adaptability26680,psyduck38308,False,"['Shelgon', 'Haunter', 'Wartortle', 'Metang', 'Sealeo', 'Golbat']","['Bayleef', 'Houndour', 'Omanyte', 'Duskull', 'Golbat', 'Abra']",40,13,10
gen3nu-1047150604,[Gen 3] NU,2020-01-16 02:24:37,,deoxysspeed87076,poisonheal87841,poisonheal87841,False,"['Pidgeot', 'Shelgon', 'Haunter', 'Pelipper', 'Relicanth', 'Glalie']","['Torkoal', 'Raticate', 'Hitmonchan', 'Arbok', 'Piloswine', 'Dewgong']",20,7,7
smogtours-gen3nu-701957,[Gen 3] NU,2023-07-09 01:30:13,,splash22725,shinystone44310,shinystone44310,False,"['Wailord', 'Plusle', 'Hitmonchan', 'Metang', 'Chimecho', 'Glalie']","['Wailord', 'Wigglytuff', 'Hitmonchan', 'Sableye', 'Chimecho', 'Roselia']",37,19,13
smogtours-gen3nu-844093,[Gen 3] NU,2025-05-18 21:24:11,,larvitar96901,nidorina72636,nidorina72636,False,"['Hitmonchan', 'Pelipper', 'Vigoroth', 'Metang', 'Parasect', 'Glalie']","['Wailord', 'Huntail', 'Torkoal', 'Haunter', 'Metang', 'Glalie']",25,12,9
gen3nu-1083676816,[Gen 3] NU,2020-03-23 00:53:11,,mintberry2773,breloom95698,mintberry2773,False,"['Numel', 'Clamperl', 'Treecko', 'Duskull', 'Anorith', 'Taillow']","['Cyndaquil', 'Snubbull', 'Pineco', 'Ledyba', 'Phanpy', 'Chinchou']",32,7,10
gen3nu-874191104,[Gen 3] NU,2019-03-10 19:04:17,,typechange20782,nestball79228,nestball79228,False,"['Seadra', 'Haunter', 'Bellossom', 'Whiscash', 'Metang', 'Shuckle']","['Noctowl', 'Octillery', 'Minun', 'Metang', 'Ariados', 'Grovyle']",41,8,7
gen3nu-986087391,[Gen 3] NU,2019-10-03 01:04:14,,electivire15917,lucario46553,lucario46553,False,"['Wailord', 'Hitmonchan', 'Cacturne', 'Lickitung', 'Sableye', 'Relicanth']","['Torkoal', 'Raticate', 'Hitmonchan', 'Arbok', 'Piloswine', 'Dewgong']",53,18,12
gen3nu-928201706,[Gen 3] NU,2019-06-14 18:46:05,,lowkick70910,lickilicky40959,lowkick70910,False,"['Rhyhorn', 'Clefairy', 'Masquerain', 'Chinchou', 'Koffing', 'Delibird']","['Pineco', 'Bayleef', 'Rhyhorn', 'Natu', 'Castform', 'Chinchou']",34,11,13
gen3nu-1134598487,[Gen 3] NU,2020-06-18 05:18:13,1000,happiny30290,anorith51626,anorith51626,False,"['Seadra', 'Growlithe', 'Trapinch', 'Exeggcute', 'Arbok', 'Magnemite']","['Flareon', 'Raticate', 'Arbok', 'Dewgong', 'Metang', 'Yanma']",22,9,8
gen3nu-1135594513,[Gen 3] NU,2020-06-19 18:19:40,,fighting88830,seedflare81285,seedflare81285,False,"['Kecleon', 'Hitmonchan', 'Mawile', 'Pelipper', 'Pupitar', 'Roselia']","['Cacturne', 'Dewgong', 'Vigoroth', 'Metang', 'Golbat']",30,13,10
smogtours-gen3nu-562807,[Gen 3] NU,2021-05-29 19:03:18,,golduck61301,lockon78937,lockon78937,False,"['Pidgeot', 'Raticate', 'Haunter', 'Bellossom', 'Murkrow', 'Diglett']","['Kingler', 'Flareon', 'Haunter', 'Hitmonchan', 'Glalie']",13,5,4
smogtours-gen3nu-633810,[Gen 3] NU,2022-06-19 23:13:00,,stickybarb45781,honeygather86735,honeygather86735,False,"['Wailord', 'Flareon', 'Volbeat', 'Vigoroth', 'Sableye', 'Glalie']","['Sableye', 'Mawile', 'Pikachu', 'Diglett', 'Glalie']",32,10,11
smogtours-gen3nu-612235,[Gen 3] NU,2022-03-07 22:04:43,,ice82680,volbeat11507,volbeat11507,False,"['Houndour', 'Omanyte', 'Ivysaur', 'Minun', 'Charmeleon', 'Duskull']","['Noctowl', 'Houndour', 'Dragonair', 'Omanyte', 'Minun', 'Beedrill']",33,13,11
smogtours-gen3nu-713556,[Gen 3] NU,2023-09-02 15:37:54,,futuresight13270,teddiursa88253,futuresight13270,True,"['Wailord', 'Plusle', 'Cacturne', 'Sableye', 'Chimecho']","['Hitmonchan', 'Lickitung', 'Whiscash', 'Sableye', 'Roselia']",26,10,11
gen3nu-886296948,[Gen 3] NU,2019-04-03 00:52:13,1053,waterveil53989,murkrow56783,waterveil53989,True,"['Pidgeot', 'Hitmonchan', 'Bellossom', 'Metang', 'Relicanth', 'Glalie']","['Tropius', 'Flareon', 'Haunter', 'Mawile', 'Bellossom', 'Glalie']",34,14,14
smogtours-gen3nu-719956,[Gen 3] NU,2023-09-29 01:17:34,,screech4752,whirlpool40763,screech4752,False,"['Raticate', 'Pelipper', 'Vigoroth', 'Whiscash', 'Metang', 'Glalie']","['Wailord', 'Tropius', 'Murkrow', 'Metang', 'Chimecho', 'Roselia']",24,9,11
smogtours-gen3nu-845971,[Gen 3] NU,2025-05-25 19:24:01,,poisontail76206,futuresight13270,futuresight13270,False,"['Flareon', 'Haunter', 'Hitmonchan', 'Bellossom', 'Pelipper', 'Chimecho']","['Kecleon', 'Flareon', 'Hitmonchan', 'Pelipper', 'Sableye', 'Roselia']",75,27,26
smogtours-gen3nu-546988,[Gen 3] NU,2021-03-13 21:11:01,,habanberry33794,hammerarm70868,hammerarm70868,False,"['Wailord', 'Torkoal', 'Haunter', 'Metang', 'Chimecho', 'Glalie']","['Wailord', 'Torkoal', 'Haunter', 'Metang', 'Chimecho', 'Glalie']",22,9,6
smogtours-gen3nu-812407,[Gen 3] NU,2025-01-03 00:02:22,,motordrive87413,bitterberry84906,bitterberry84906,False,"['Wigglytuff', 'Haunter', 'Pelipper', 'Metang', 'Chimecho', 'Glalie']","['Wailord', 'Flareon', 'Hitmonchan', 'Haunter', 'Metang', 'Glalie']",28,13,13
gen3nu-436989278,[Gen 3] NU,2016-09-13 19:43:26,,healbell13420,delibird9264,healbell13420,False,"['Sunflora', 'Flareon', 'Clamperl', 'Metang', 'Chimecho', 'Ledian']","['Kingler', 'Flareon', 'Hitmonchan', 'Cacturne', 'Haunter', 'Vigoroth']",23,9,7
smogtours-gen3nu-792954,[Gen 3] NU,2024-09-28 15:48:35,,tangledfeet30693,motordrive87413,tangledfeet30693,True,"['Octillery', 'Dewgong', 'Metang', 'Roselia', 'Golbat']","['Kecleon', 'Haunter', 'Cacturne', 'Pelipper', 'Chimecho']",25,6,7
gen3nu-847980725,[Gen 3] NU,2019-01-12 20:31:24,,shroomish71441,trace64701,trace64701,False,"['Marshtomp', 'Houndour', 'Omanyte', 'Ivysaur', 'Furret', 'Yanma']","['Minun', 'Sealeo', 'Furret', 'Vibrava', 'Grovyle', 'Gastly']",25,13,10
smogtours-gen3nu-712693,[Gen 3] NU,2023-08-27 20:15:20,,whiscash71874,innerfocus97582,whiscash71874,False,"['Wailord', 'Torkoal', 'Hitmonchan', 'Metang', 'Glalie']","['Wailord', 'Flareon', 'Haunter', 'Hitmonchan', 'Bellossom', 'Glalie']",23,9,12
gen3nu-922542817,[Gen 3] NU,2019-06-05 09:35:59,,icebeam49563,psybeam14379,psybeam14379,True,"['Cubone', 'Shuppet', 'Nosepass', 'Pineco']","['Voltorb', 'Rhyhorn', 'Delibird']",13,5,3
gen3nu-945902677,[Gen 3] NU,2019-07-16 22:09:08,,immunity62882,bite75174,bite75174,True,"['Porygon', 'Seviper', 'Bellossom', 'Metang', 'Glalie']","['Relicanth', 'Glalie', 'Hitmonchan']",17,4,2
gen3nu-1132542682,[Gen 3] NU,2020-06-14 15:38:32,,dragonfang79331,adaptability26680,adaptability26680,False,"['Seadra', 'Cubone', 'Elekid', 'Metang', 'Duskull', 'Golbat']","['Marshtomp', 'Metang', 'Omanyte', 'Ivysaur', 'Sealeo']",30,12,9
gen3nu-1162251763,[Gen 3] NU,2020-08-03 00:42:55,,ghost46655,slowbro31953,slowbro31953,False,"['Pidgeot', 'Flareon', 'Hitmonchan', 'Cacturne', 'Arbok', 'Pikachu']","['Pidgeot', 'Dewgong', 'Flareon', 'Shuckle']",26,10,5
gen3nu-430507990,[Gen 3] NU,2016-09-03 22:30:15,,jumpkick35124,whismur84202,whismur84202,False,"['Hitmonchan', 'Seviper', 'Cacturne', 'Murkrow', 'Whiscash', 'Chimecho']","['Haunter', 'Hitmonchan', 'Pupitar', 'Chimecho', 'Swalot', 'Glalie']",21,11,7
gen3nu-1120564789,[Gen 3] NU,2020-05-24 19:35:55,,toxicroak72246,heatrock37333,toxicroak72246,False,"['Huntail', 'Plusle', 'Lombre', 'Chimecho', 'Relicanth', 'Glalie']","['Wailord', 'Sunflora', 'Aipom', 'Metang', 'Diglett', 'Duskull']",31,9,9
gen3nu-1139070557,[Gen 3] NU,2020-06-24 23:44:56,,gorebyss45447,rawstberry28879,rawstberry28879,False,"['Hitmonchan', 'Seaking', 'Arbok', 'Sableye', 'Tangela', 'Glalie']","['Wailord', 'Torkoal', 'Haunter', 'Metang', 'Chimecho', 'Glalie']",30,8,14
gen3nu-1097541567,[Gen 3] NU,2020-04-16 05:04:42,1106,heatrock37333,feebas44083,feebas44083,True,"['Wailord', 'Flareon', 'Haunter', 'Bellossom', 'Sableye', 'Chimecho']","['Flareon', 'Hitmonchan', 'Dewgong', 'Sableye', 'Roselia']",43,19,19
gen3nu-1176071270,[Gen 3] NU,2020-08-27 01:37:18,,charizard20104,colorchange51191,colorchange51191,False,"['Cacnea', 'Grimer', 'Dragonair', 'Elekid', 'Furret', 'Anorith']","['Combusken', 'Omanyte', 'Smoochum', 'Ivysaur', 'Minun', 'Vibrava']",24,8,9
gen3nu-927455442,[Gen 3] NU,2019-06-13 14:44:20,,simple53659,bubblebeam47729,simple53659,False,"['Growlithe', 'Staryu', 'Pineco', 'Elekid', 'Gloom', 'Delibird']","['Cubone', 'Lileep', 'Horsea', 'Gloom', 'Mankey', 'Taillow']",67,22,16
smogtours-gen3nu-788738,[Gen 3] NU,2024-09-01 23:04:03,,victreebel55835,pickup28423,victreebel55835,False,"['Wailord', 'Torkoal', 'Hitmonchan', 'Metang', 'Chimecho', 'Glalie']","['Octillery', 'Raticate', 'Haunter', 'Bellossom', 'Metang', 'Golbat']",33,16,16
gen3nu-1110091178,[Gen 3] NU,2020-05-07 01:19:03,,fire24746,glaceon67942,glaceon67942,True,"['Pidgeot', 'Hitmonchan', 'Cacturne', 'Arbok', 'Dewgong', 'Metang']","['Flareon', 'Haunter', 'Bellossom', 'Dewgong', 'Metang', 'Diglett']",29,16,9
gen3nu-441394234,[Gen 3] NU,2016-09-20 17:52:16,,stickybarb85522,arceusdragon51803,arceusdragon51803,True,"['Pidgeot', 'Huntail', 'Shedinja', 'Hitmonchan', 'Mawile', 'Tangela']","['Pidgeot', 'Haunter', 'Pelipper', 'Relicanth', 'Glalie']",16,9,5
gen3nu-1081163917,[Gen 3] NU,2020-03-18 14:57:23,,psyduck38308,dragonfang79331,dragonfang79331,False,"['Pineco', 'Combusken', 'Haunter', 'Meditite', 'Metang', 'Grovyle']","['Marshtomp', 'Dragonair', 'Haunter', 'Drowzee', 'Grovyle']",24,10,6
smogtours-gen3nu-809754,[Gen 3] NU,2024-12-08 23:04:43,,mysteryberry83821,shinystone44310,shinystone44310,False,"['Seadra', 'Huntail', 'Plusle', 'Haunter', 'Metang', 'Glalie']","['Seadra', 'Plusle', 'Glalie', 'Metang']",18,7,6
gen3nu-888580833,[Gen 3] NU,2019-04-07 04:03:17,,umbreon25629,stockpile25445,umbreon25629,False,"['Togetic', 'Kecleon', 'Shedinja', 'Torkoal', 'Hitmonchan', 'Pikachu']","['Togetic', 'Pidgeot', 'Octillery', 'Kirlia', 'Charmeleon', 'Tangela']",45,16,16
gen3nu-900048058,[Gen 3] NU,2019-04-27 18:53:23,,suctioncups53417,shadowclaw51134,shadowclaw51134,True,"['Hitmonchan', 'Mawile', 'Bellossom', 'Dewgong', 'Chimecho', 'Golbat']","['Flareon', 'Hitmonchan', 'Mawile', 'Pelipper', 'Sableye', 'Roselia']",88,35,36
gen3nu-1097406300,[Gen 3] NU,2020-04-15 23:34:34,1024,download60495,denpowersteel42140,download60495,False,"['Mightyena', 'Raticate', 'Haunter', 'Arbok', 'Pikachu', 'Golbat']","['Plusle', 'Cacturne', 'Arbok', 'Dewgong', 'Whiscash', 'Shuckle']",38,11,15
gen3nu-933062386,[Gen 3] NU,2019-06-22 19:17:43,,dark77821,lowkick70910,lowkick70910,False,"['Staryu', 'Pineco', 'Cubone', 'Nosepass', 'Elekid', 'Gloom']","['Rhyhorn', 'Masquerain', 'Chinchou', 'Koffing', 'Delibird']",34,15,13
gen3nu-2015516217,[Gen 3] NU,2023-12-20 00:18:57,,pickup28423,outrage29420,outrage29420,False,"['Magby', 'Wailord', 'Kecleon', 'Sableye', 'Diglett', 'Golbat']","['Tropius', 'Haunter', 'Hitmonchan', 'Crawdaunt', 'Metang', 'Glalie']",31,11,8
gen3nu-915776450,[Gen 3] NU,2019-05-24 23:21:16,,waterveil53989,payday74254,payday74254,True,"['Growlithe', 'Sunflora', 'Onix', 'Rhyhorn', 'Gloom', 'Taillow']","['Nosepass', 'Delcatty', 'Elekid', 'Gloom', 'Chinchou', 'Wailmer']",27,14,10
gen3nu-992216300,[Gen 3] NU,2019-10-14 07:35:15,,psn43884,cutecharm72527,cutecharm72527,False,"['Flareon', 'Cacturne', 'Bellossom', 'Dewgong', 'Relicanth', 'Beedrill']","['Kecleon', 'Octillery', 'Hitmonchan', 'Metang', 'Pupitar']",20,6,5
gen3nu-2302555117,[Gen 3] NU,2025-02-17 17:24:46,,gastly57717,outrage29420,outrage29420,False,"['Wailord', 'Huntail', 'Flareon', 'Haunter', 'Metang', 'Glalie']","['Venomoth', 'Plusle', 'Pelipper', 'Metang', 'Glalie']",20,10,5
smogtours-gen3nu-451027,[Gen 3] NU,2019-07-08 04:49:53,,deepseascale75372,chartiberry95074,chartiberry95074,True,"['Venomoth', 'Wailord', 'Tropius', 'Mawile', 'Vigoroth', 'Diglett']","['Diglett', 'Haunter', 'Dewgong', 'Chimecho', 'Relicanth']",22,8,7
gen3nu-1081154435,[Gen 3] NU,2020-03-18 14:37:49,,dragonfang79331,psyduck38308,psyduck38308,False,"['Marshtomp', 'Dragonair', 'Graveler', 'Haunter', 'Drowzee', 'Grovyle']","['Pineco', 'Combusken', 'Haunter', 'Meditite', 'Metang', 'Grovyle']",39,9,12
gen3nu-1047564390,[Gen 3] NU,2020-01-16 20:08:15,,koffing93492,healbell62331,healbell62331,False,"['Seadra', 'Flareon', 'Haunter', 'Hitmonchan', 'Pupitar', 'Roselia']","['Wailord', 'Torkoal', 'Haunter', 'Metang', 'Glalie']",27,13,10
smogtours-gen3nu-807862,[Gen 3] NU,2024-11-24 23:09:18,,machop48408,shinystone44310,shinystone44310,False,"['Octillery', 'Hitmonchan', 'Haunter', 'Vigoroth', 'Metang', 'Glalie']","['Wailord', 'Pidgeot', 'Torkoal', 'Haunter', 'Metang', 'Glalie']",19,10,8
gen3nu-431098768,[Gen 3] NU,2016-09-04 19:34:02,,mist98895,snover46225,mist98895,True,"['Chimecho', 'Murkrow', 'Glalie', 'Bellossom']","['Machoke', 'Cacturne', 'Lairon', 'Pupitar', 'Abra']",15,3,6
gen3nu-923027875,[Gen 3] NU,2019-06-06 02:58:36,,wailmer43107,adaptability26680,wailmer43107,False,"['Cubone', 'Snorunt', 'Illumise', 'Wailmer', 'Ledian']","['Voltorb', 'Growlithe', 'Pineco', 'Nosepass', 'Wailmer', 'Delibird']",19,4,7
gen3nu-429259779,[Gen 3] NU,2016-09-02 02:29:06,1035,trumpcard39043,fire14227,trumpcard39043,True,"['Wailord', 'Ditto']","['Huntail', 'Delcatty', 'Mawile', 'Ariados', 'Ledian']",12,2,5
gen3nu-1101292664,[Gen 3] NU,2020-04-22 13:40:38,,bug60649,barrier21269,barrier21269,True,"['Pidgeot', 'Magcargo', 'Hitmonchan', 'Seaking', 'Roselia']","['Flareon', 'Pikachu', 'Dewgong', 'Sableye', 'Roselia']",15,6,6
smogtours-gen3nu-763419,[Gen 3] NU,2024-04-25 19:20:35,,airslash47650,mawile36886,airslash47650,True,"['Wailord', 'Bellossom', 'Metang', 'Pupitar', 'Glalie', 'Golbat']","['Flareon', 'Octillery', 'Haunter', 'Pelipper', 'Metang', 'Roselia']",35,11,12
gen3nu-848445408,[Gen 3] NU,2019-01-13 21:46:04,,denpowersteel79771,magicalleaf28411,denpowersteel79771,False,"['Trapinch', 'Wigglytuff', 'Omanyte', 'Grovyle', 'Gastly', 'Yanma']","['Doduo', 'Dragonair', 'Omanyte', 'Smoochum', 'Minun', 'Clamperl']",34,10,10
smogtours-gen3nu-443789,[Gen 3] NU,2019-05-27 03:37:21,,mail80062,entei72987,mail80062,False,"['Pidgeot', 'Flareon', 'Bellossom', 'Minun', 'Metang', 'Diglett']","['Venomoth', 'Raticate', 'Dewgong', 'Chimecho', 'Pupitar', 'Tangela']",22,10,8
gen3nu-1133810324,[Gen 3] NU,2020-06-16 19:28:45,,ivysaur48671,drapion57021,ivysaur48671,False,"['Magby', 'Huntail', 'Haunter', 'Hitmonchan', 'Murkrow', 'Roselia']","['Mawile', 'Murkrow', 'Dewgong', 'Vigoroth', 'Chimecho', 'Roselia']",30,14,13
gen3nu-1085891151,[Gen 3] NU,2020-03-26 21:38:45,,snorlax2986,psyduck38308,snorlax2986,True,"['Trapinch', 'Dragonair', 'Haunter', 'Wartortle', 'Metang', 'Abra']","['Shelgon', 'Cubone', 'Metang', 'Dragonair', 'Sealeo', 'Golbat']",32,13,16
gen3nu-928113678,[Gen 3] NU,2019-06-14 15:48:20,,transform65474,leppaberry32170,transform65474,False,"['Growlithe', 'Staryu', 'Snorunt', 'Nosepass', 'Elekid', 'Gloom']","['Voltorb', 'Growlithe', 'Cubone', 'Nosepass', 'Gloom', 'Delibird']",23,11,9
smogtours-gen3nu-507542,[Gen 3] NU,2020-06-21 23:08:18,,blacksludge66101,glaceon67942,blacksludge66101,False,"['Wailord', 'Pidgeot', 'Torkoal', 'Metang', 'Chimecho', 'Roselia']","['Wailord', 'Shelgon', 'Metang', 'Chimecho', 'Roselia', 'Golbat']",24,9,12
gen3nu-894634623,[Gen 3] NU,2019-04-17 19:33:15,,rindoberry7399,focusblast13599,focusblast13599,False,"['Staryu', 'Castform', 'Nosepass', 'Gloom', 'Magnemite', 'Delibird']","['Bayleef', 'Snorunt', 'Castform', 'Nosepass', 'Elekid', 'Parasect']",25,12,11
gen3nu-820573934,[Gen 3] NU,2018-10-15 10:20:48,,miracleberry70666,shroomish11688,shroomish11688,False,"['Parasect', 'Bellossom', 'Nidorino', 'Crawdaunt', 'Ariados', 'Beedrill']","['Pidgeot', 'Magcargo', 'Hitmonchan', 'Seaking']",12,6,3
gen3nu-2125789011,[Gen 3] NU,2024-05-18 23:14:38,,gardevoir84608,buneary57593,gardevoir84608,True,"['Glalie', 'Flareon', 'Hitmonchan', 'Metang']","['Wailord', 'Flareon', 'Murkrow', 'Pelipper', 'Metang']",15,5,7
smogtours-gen3nu-674939,[Gen 3] NU,2023-02-12 21:30:34,,pickup28423,starly85456,pickup28423,False,"['Wailord', 'Huntail', 'Haunter', 'Minun', 'Metang', 'Glalie']","['Pidgeot', 'Huntail', 'Tropius', 'Raticate', 'Whiscash', 'Relicanth']",29,10,10
smogtours-gen3nu-710476,[Gen 3] NU,2023-08-18 03:09:50,,dusknoir19792,innerfocus97582,innerfocus97582,True,"['Wailord', 'Torkoal', 'Hitmonchan', 'Bellossom', 'Chimecho']","['Wailord', 'Haunter', 'Hitmonchan', 'Bellossom', 'Glalie']",16,7,6
gen3nu-2286483862,[Gen 3] NU,2025-01-23 06:41:53,,fling78647,grovyle58644,fling78647,True,"['Arbok', 'Chimecho', 'Hitmonchan', 'Metang']","['Plusle', 'Combusken', 'Butterfree']",10,3,2
smogtours-gen3nu-664317,[Gen 3] NU,2022-12-11 06:11:30,,enpowerflying39776,magnetpull75337,enpowerflying39776,False,"['Magcargo', 'Mawile', 'Ivysaur', 'Sealeo', 'Duskull', 'Abra']","['Kingler', 'Togetic', 'Seviper', 'Mawile', 'Piloswine', 'Tangela']",37,14,11
smogtours-gen3nu-659388,[Gen 3] NU,2022-11-05 14:35:23,,honeygather86735,mawile36886,mawile36886,False,"['Wailord', 'Huntail', 'Haunter', 'Metang', 'Chimecho', 'Glalie']","['Wailord', 'Pidgeot', 'Torkoal', 'Metang', 'Chimecho', 'Roselia']",27,9,7
gen3nu-877665060,[Gen 3] NU,2019-03-17 18:08:26,,stockpile25445,attract90356,attract90356,False,"['Huntail', 'Metang', 'Haunter', 'Lickitung', 'Whiscash', 'Crawdaunt']","['Seadra', 'Kecleon', 'Metang', 'Pikachu', 'Pupitar', 'Yanma']",34,11,10
gen3nu-898541881,[Gen 3] NU,2019-04-24 22:10:39,,solrock40976,heatran13927,heatran13927,True,"['Wailord', 'Flareon', 'Minun', 'Metang', 'Swalot']","['Chimecho', 'Pidgeot', 'Magcargo', 'Hitmonchan']",16,6,4
smogtours-gen3nu-724811,[Gen 3] NU,2023-10-19 22:45:52,,swift96975,rotomfan35023,rotomfan35023,True,"['Wailord', 'Hitmonchan', 'Bellossom', 'Pupitar', 'Chimecho', 'Glalie']","['Kingler', 'Wailord', 'Metang', 'Chimecho', 'Glalie']",22,8,8
gen3nu-1035793672,[Gen 3] NU,2019-12-26 02:43:17,,baltoy65440,sandveil87527,sandveil87527,False,"['Pidgeot', 'Magcargo', 'Hitmonchan', 'Seaking', 'Chimecho', 'Roselia']","['Kecleon', 'Octillery', 'Haunter', 'Hitmonchan', 'Metang', 'Pupitar']",34,17,12
gen3nu-1161543041,[Gen 3] NU,2020-08-01 18:00:37,,gluttony78625,oddincense6510,gluttony78625,True,"['Marshtomp', 'Combusken', 'Dragonair', 'Wartortle', 'Grovyle']","['Marshtomp', 'Flaaffy', 'Ivysaur', 'Nidorina', 'Charmeleon', 'Vibrava']",42,13,16
gen3nu-912808843,[Gen 3] NU,2019-05-20 02:42:02,,sonicboom26327,megahorn31335,sonicboom26327,True,"['Chimecho', 'Wailord', 'Roselia', 'Hitmonchan']","['Torkoal', 'Pikachu', 'Lickitung', 'Whiscash', 'Metang', 'Abra']",20,6,12
smogtours-gen3nu-805132,[Gen 3] NU,2024-11-07 20:34:19,,belueberry80725,machop48408,machop48408,False,"['Seadra', 'Kecleon', 'Tropius', 'Flareon', 'Metang', 'Chimecho']","['Octillery', 'Haunter', 'Hitmonchan', 'Vigoroth', 'Metang']",29,13,4
gen3nu-848506462,[Gen 3] NU,2019-01-14 00:25:09,,weedle33343,sandveil87527,sandveil87527,False,"['Minun', 'Sealeo', 'Furret', 'Grovyle', 'Gastly', 'Yanma']","['Trapinch', 'Grovyle', 'Wigglytuff', 'Gastly']",24,14,7
gen3nu-1114116963,[Gen 3] NU,2020-05-13 20:50:10,,paras61636,glaceon67942,glaceon67942,False,"['Pidgeot', 'Magcargo', 'Hitmonchan', 'Seaking', 'Chimecho', 'Roselia']","['Flareon', 'Haunter', 'Bellossom', 'Dewgong', 'Metang', 'Diglett']",18,7,6
gen3nu-1085157755,[Gen 3] NU,2020-03-25 16:51:35,,dragonfang79331,honchkrow39937,dragonfang79331,False,"['Seadra', 'Drowzee', 'Dragonair', 'Metang']","['Seadra', 'Natu', 'Dragonair', 'Haunter', 'Meditite', 'Abra']",20,4,7
smogtours-gen3nu-562556,[Gen 3] NU,2021-05-28 20:54:27,,swift79929,splash22725,splash22725,False,"['Shelgon', 'Hitmonchan', 'Sableye', 'Relicanth', 'Roselia', 'Golbat']","['Pidgeot', 'Flareon', 'Wigglytuff', 'Wartortle', 'Metang', 'Roselia']",33,12,13
smogtours-gen3nu-790597,[Gen 3] NU,2024-09-14 18:18:10,,ursaring64445,futuresight13270,futuresight13270,True,"['Wailord', 'Torkoal', 'Haunter', 'Hitmonchan', 'Metang']","['Kecleon', 'Haunter', 'Cacturne', 'Pelipper', 'Chimecho']",35,15,18
gen3nu-894176878,[Gen 3] NU,2019-04-16 23:26:10,,heatrock37333,murkrow56783,heatrock37333,False,"['Huntail', 'Tropius', 'Torkoal', 'Hitmonchan', 'Metang', 'Golbat']","['Tropius', 'Flareon', 'Haunter', 'Mawile', 'Bellossom', 'Glalie']",26,10,14
smogtours-gen3nu-782241,[Gen 3] NU,2024-07-25 20:21:30,,shinystone44310,stall3890,shinystone44310,False,"['Wailord', 'Pidgeot', 'Torkoal', 'Haunter', 'Metang', 'Glalie']","['Huntail', 'Haunter', 'Hitmonchan', 'Whiscash', 'Metang', 'Chimecho']",35,11,12
smogtours-gen3nu-626162,[Gen 3] NU,2022-05-14 18:45:48,,denpowersteel79771,empoleon29019,denpowersteel79771,True,"['Flareon', 'Plusle', 'Raticate', 'Relicanth', 'Roselia']","['Venomoth', 'Flareon', 'Octillery', 'Delcatty', 'Mawile', 'Ledian']",31,11,15
smogtours-gen3nu-839948,[Gen 3] NU,2025-05-05 19:22:02,,plus41071,extrasensory76435,extrasensory76435,False,"['Wailord', 'Plusle', 'Arbok', 'Metang', 'Chimecho', 'Glalie']","['Torkoal', 'Hitmonchan', 'Crawdaunt', 'Chimecho', 'Roselia']",21,11,8
smogtours-gen3nu-595846,[Gen 3] NU,2021-12-03 20:33:33,,honeygather86735,stickybarb45781,honeygather86735,True,"['Metang', 'Raticate', 'Bellossom', 'Pelipper', 'Sableye', 'Glalie']","['Wailord', 'Flareon', 'Hitmonchan', 'Bellossom', 'Metang', 'Golbat']",42,23,19
gen3nu-1134884983,[Gen 3] NU,2020-06-18 17:12:51,,solrock12454,poisonpowder16094,poisonpowder16094,True,"['Flareon', 'Lileep', 'Hitmonchan', 'Dewgong', 'Sableye', 'Chimecho']","['Seadra', 'Pidgeot', 'Flareon', 'Mawile', 'Murkrow', 'Sableye']",77,37,44
smogtours-gen3nu-446327,[Gen 3] NU,2019-06-09 21:01:33,,altaria32948,futuresight13270,altaria32948,False,"['Kecleon', 'Haunter', 'Cacturne', 'Pelipper', 'Relicanth']","['Kecleon', 'Torkoal', 'Dewgong', 'Sableye', 'Relicanth', 'Roselia']",37,12,14
gen3nu-928118790,[Gen 3] NU,2019-06-14 15:55:15,,leppaberry32170,transform65474,transform65474,True,"['Growlithe', 'Castform', 'Nosepass', 'Elekid', 'Gloom', 'Delibird']","['Cubone', 'Nosepass', 'Gloom', 'Wailmer', 'Delibird']",17,10,8
gen3nu-935552476,[Gen 3] NU,2019-06-27 01:10:24,,toxic30661,hydration43285,toxic30661,False,"['Huntail', 'Dunsparce', 'Shedinja', 'Haunter', 'Hitmonchan', 'Pikachu']","['Kecleon', 'Octillery', 'Haunter', 'Hitmonchan', 'Metang', 'Pupitar']",36,14,12
smogtours-gen3nu-728379,[Gen 3] NU,2023-11-03 21:27:50,,buneary57593,stench25210,stench25210,True,"['Wailord', 'Pidgeot', 'Flareon', 'Mawile', 'Sableye']","['Wailord', 'Cacturne', 'Vigoroth', 'Whiscash', 'Pupitar']",23,11,8
gen3nu-1100655350,[Gen 3] NU,2020-04-21 13:28:27,1050,crunch623,snubbull25818,crunch623,False,"['Wailord', 'Torkoal', 'Wartortle', 'Whiscash', 'Sableye', 'Roselia']","['Wailord', 'Flareon', 'Haunter', 'Metang', 'Chimecho', 'Roselia']",53,20,21
smogtours-gen3nu-710755,[Gen 3] NU,2023-08-19 15:37:29,,lick25189,goldberry53422,lick25189,False,"['Wailord', 'Hitmonchan', 'Metang', 'Chimecho', 'Roselia']","['Hitmonchan', 'Arbok', 'Mawile', 'Dewgong', 'Sableye', 'Roselia']",33,11,16
gen3nu-1159840568,[Gen 3] NU,2020-07-29 17:58:10,,watergun59811,splash22725,watergun59811,False,"['Wailord', 'Pidgeot', 'Haunter', 'Hitmonchan', 'Metang', 'Chimecho']","['Flareon', 'Hitmonchan', 'Haunter', 'Bellossom', 'Sableye', 'Glalie']",31,9,9
gen3nu-1119680838,[Gen 3] NU,2020-05-23 03:10:00,,babiriberry75106,typechange20782,babiriberry75106,False,"['Flareon', 'Raticate', 'Haunter', 'Relicanth', 'Golbat']","['Seadra', 'Bellossom', 'Vigoroth', 'Metang', 'Diglett', 'Abra']",21,4,11
gen3nu-1074743138,[Gen 3] NU,2020-03-06 21:20:09,,vileplume14192,psyduck51739,psyduck51739,True,"['Venomoth', 'Flareon', 'Mightyena', 'Wigglytuff', 'Dragonair', 'Furret']","['Dragonair', 'Minun', 'Lairon', 'Sealeo', 'Furret', 'Charmeleon']",27,8,10
smogtours-gen3nu-808996,[Gen 3] NU,2024-12-05 00:10:56,,doubleteam62013,mysteryberry83821,doubleteam62013,False,"['Wailord', 'Torkoal', 'Haunter', 'Metang', 'Chimecho', 'Glalie']","['Flareon', 'Haunter', 'Hitmonchan', 'Pelipper', 'Pupitar', 'Glalie']",23,12,11
gen3nu-833277694,[Gen 3] NU,2018-12-09 23:29:36,,glalie57539,blazekick65999,blazekick65999,True,"['Minun', 'Lairon', 'Tentacool', 'Furret', 'Duskull']","['Mightyena', 'Minun', 'Drowzee', 'Lairon', 'Charmeleon', 'Furret']",46,8,16
gen3nu-1135702172,[Gen 3] NU,2020-06-19 21:29:43,,meteormash4916,powerlens95525,meteormash4916,True,"['Marshtomp', 'Flaaffy', 'Ivysaur', 'Sealeo', 'Grovyle']","['Staryu', 'Trapinch', 'Flaaffy', 'Drowzee', 'Metang', 'Sealeo']",59,19,23
smogtours-gen3nu-563288,[Gen 3] NU,2021-05-30 21:11:46,,mysteryberry48802,fling55533,mysteryberry48802,False,"['Wailord', 'Huntail', 'Cacturne', 'Minun', 'Metang', 'Chimecho']","['Wailord', 'Raticate', 'Hitmonchan', 'Chimecho', 'Pupitar', 'Roselia']",29,12,14
smogtours-gen3nu-809757,[Gen 3] NU,2024-12-08 23:11:12,,mysteryberry83821,shinystone44310,mysteryberry83821,False,"['Seadra', 'Wailord', 'Bellossom', 'Metang', 'Chimecho', 'Glalie']","['Wailord', 'Pidgeot', 'Torkoal', 'Haunter', 'Metang', 'Glalie']",26,14,11
gen3nu-1108956796,[Gen 3] NU,2020-05-05 05:47:50,,download60495,miltank73528,download60495,False,"['Pidgeot', 'Huntail', 'Flareon', 'Raticate', 'Haunter', 'Hitmonchan']","['Pidgeot', 'Wailord', 'Torkoal', 'Metang', 'Chimecho', 'Roselia']",26,11,8
gen3nu-906430518,[Gen 3] NU,2019-05-09 02:32:21,,trick33871,payday74254,trick33871,False,"['Voltorb', 'Grimer', 'Cubone', 'Seaking', 'Horsea', 'Taillow']","['Staryu', 'Dustox', 'Rhyhorn', 'Castform', 'Meditite', 'Magnemite']",31,17,12
smogtours-gen3nu-666103,[Gen 3] NU,2022-12-23 22:08:19,,shadowtag53416,glare38523,glare38523,False,"['Magcargo', 'Mawile', 'Ivysaur', 'Sealeo', 'Duskull', 'Abra']","['Tropius', 'Flaaffy', 'Arbok', 'Wartortle', 'Mawile', 'Furret']",78,33,24
smogtours-gen3nu-561089,[Gen 3] NU,2021-05-16 19:24:17,,bubblebeam57653,golduck61301,bubblebeam57653,False,"['Pidgeot', 'Wailord', 'Torkoal', 'Hitmonchan', 'Bellossom', 'Pupitar']","['Pidgeot', 'Huntail', 'Plusle', 'Pikachu', 'Pupitar', 'Roselia']",22,10,12
smogtours-gen3nu-698738,[Gen 3] NU,2023-06-24 00:54:54,,shinystone44310,magmortar19991,shinystone44310,True,"['Flareon', 'Haunter', 'Bellossom', 'Pelipper', 'Chimecho']","['Octillery', 'Arbok', 'Pelipper', 'Metang', 'Grovyle']",34,9,10
gen3nu-1124820794,[Gen 3] NU,2020-06-01 13:14:13,,heatproof38059,focusband71312,heatproof38059,True,"['Pidgeot', 'Roselia', 'Magcargo', 'Seaking']","['Wailord', 'Sableye', 'Murkrow', 'Metang', 'Roselia']",12,6,5
smogtours-gen3nu-663328,[Gen 3] NU,2022-12-01 08:18:20,,goldeen52039,magnetpull75337,goldeen52039,False,"['Togetic', 'Magcargo', 'Dragonair', 'Omanyte', 'Abra']","['Kingler', 'Togetic', 'Seviper', 'Mawile', 'Piloswine', 'Tangela']",25,8,12
smogtours-gen3nu-739227,[Gen 3] NU,2024-01-14 17:22:17,,corsola34170,empoleon29019,empoleon29019,True,"['Haunter', 'Lickitung', 'Pelipper', 'Whiscash', 'Chimecho', 'Glalie']","['Wailord', 'Sudowoodo', 'Flareon', 'Haunter', 'Chimecho', 'Roselia']",66,26,19
gen3nu-1161537437,[Gen 3] NU,2020-08-01 18:00:12,,oddincense6510,gluttony78625,gluttony78625,True,"['Machoke', 'Marshtomp', 'Combusken', 'Clefairy', 'Vibrava', 'Grovyle']","['Machoke', 'Marshtomp', 'Combusken', 'Dragonair', 'Wartortle', 'Grovyle']",32,8,6
gen3nu-986082482,[Gen 3] NU,2019-10-03 00:46:58,,electivire15917,ironplate91202,electivire15917,False,"['Wailord', 'Pidgeot', 'Metang', 'Chimecho', 'Roselia']","['Seadra', 'Hitmonchan', 'Murkrow', 'Dewgong', 'Vigoroth', 'Diglett']",18,6,10
gen3nu-2063893482,[Gen 3] NU,2024-02-20 21:39:53,,drillpeck45275,burmy28567,drillpeck45275,False,"['Wailord', 'Flareon', 'Raticate', 'Haunter', 'Relicanth', 'Glalie']","['Flareon', 'Quilava', 'Haunter', 'Bellossom', 'Diglett', 'Tangela']",26,11,9
gen3nu-1083104850,[Gen 3] NU,2020-03-21 23:15:58,,psyduck38308,dragonfang79331,psyduck38308,False,"['Metang', 'Dragonair', 'Wartortle', 'Sealeo', 'Diglett']","['Seadra', 'Magby', 'Cubone', 'Flaaffy', 'Metang', 'Grovyle']",28,10,11
smogtours-gen3nu-662492,[Gen 3] NU,2022-11-24 18:10:02,,koffing93492,haunter12630,koffing93492,False,"['Wailord', 'Haunter', 'Metang', 'Chimecho', 'Glalie']","['Huntail', 'Flareon', 'Metang', 'Crawdaunt', 'Sableye', 'Roselia']",32,10,13
gen3nu-1167805637,[Gen 3] NU,2020-08-12 20:13:00,,xscissor99781,sharpedo80318,xscissor99781,False,"['Flareon', 'Haunter', 'Vigoroth', 'Metang', 'Chimecho', 'Roselia']","['Pidgeot', 'Magcargo', 'Hitmonchan', 'Seaking', 'Chimecho', 'Roselia']",27,7,8
gen3nu-1134913009,[Gen 3] NU,2020-06-18 17:43:06,,happiny30290,anorith51626,anorith51626,False,"['Dustox', 'Nuzleaf', 'Combusken', 'Tentacool', 'Glalie', 'Ledian']","['Bellossom', 'Glalie', 'Chimecho', 'Raticate']",13,5,3
gen3nu-1069501383,[Gen 3] NU,2020-02-26 11:40:11,,ingrain58383,mareep92538,ingrain58383,True,"['Flareon', 'Hitmonchan', 'Mawile', 'Pelipper', 'Sableye', 'Roselia']","['Seadra', 'Flareon', 'Hitmonchan', 'Murkrow', 'Dewgong', 'Vigoroth']",59,19,24
smogtours-gen3nu-794401,[Gen 3] NU,2024-10-03 21:50:25,,haunter12630,tangledfeet30693,haunter12630,False,"['Kecleon', 'Octillery', 'Omanyte', 'Hitmonchan', 'Arbok', 'Chimecho']","['Flareon', 'Haunter', 'Cacturne', 'Hitmonchan', 'Dewgong', 'Metang']",45,16,19
gen3nu-1068293126,[Gen 3] NU,2020-02-24 05:52:49,,seedflare81285,twistedspoon63684,twistedspoon63684,False,"['Huntail', 'Flareon', 'Haunter', 'Hitmonchan', 'Metang', 'Roselia']","['Wailord', 'Tropius', 'Haunter', 'Chimecho', 'Relicanth', 'Glalie']",24,10,8
gen3nu-929190101,[Gen 3] NU,2019-06-16 11:30:24,,lightclay24303,rindoberry379,rindoberry379,False,"['Voltorb', 'Grimer', 'Cubone', 'Seaking', 'Horsea', 'Taillow']","['Grimer', 'Bayleef', 'Nosepass', 'Elekid', 'Meditite', 'Delibird']",22,12,9
gen3nu-1081146595,[Gen 3] NU,2020-03-18 14:21:58,,psyduck38308,dragonfang79331,dragonfang79331,False,"['Bayleef', 'Pineco', 'Haunter', 'Meditite', 'Metang', 'Abra']","['Marshtomp', 'Dragonair', 'Haunter', 'Graveler', 'Drowzee', 'Grovyle']",21,10,8
smogtours-gen3nu-484479,[Gen 3] NU,2020-03-27 09:23:56,,trick33871,bubblebeam57653,bubblebeam57653,False,"['Kecleon', 'Tropius', 'Haunter', 'Hitmonchan', 'Relicanth', 'Glalie']","['Chimecho', 'Relicanth', 'Glalie', 'Haunter']",19,9,7
gen3nu-923073855,[Gen 3] NU,2019-06-06 05:12:07,,rindoberry379,adaptability26680,adaptability26680,False,"['Cubone', 'Snorunt', 'Chinchou', 'Gloom', 'Magnemite', 'Ledian']","['Staryu', 'Snorunt', 'Delcatty', 'Elekid', 'Koffing', 'Taillow']",39,7,6
gen3nu-1095994831,[Gen 3] NU,2020-04-13 16:47:26,,download60495,jumpluff89905,download60495,False,"['Pidgeot', 'Huntail', 'Flareon', 'Raticate', 'Hitmonchan', 'Metang']","['Venomoth', 'Wailord', 'Pidgeot', 'Flareon', 'Diglett', 'Tangela']",28,11,12
gen3nu-1090340532,[Gen 3] NU,2020-04-03 16:26:29,,enpowerdragon93805,hippowdon58140,enpowerdragon93805,False,"['Dustox', 'Sunflora', 'Pineco', 'Rhyhorn', 'Chinchou', 'Delibird']","['Poliwag', 'Grimer', 'Pineco', 'Nosepass', 'Gloom', 'Taillow']",49,16,21
gen3nu-430499003,[Gen 3] NU,2016-09-03 22:15:20,,golbat82152,luxray52006,luxray52006,False,"['Graveler', 'Hitmonchan', 'Murkrow', 'Dewgong', 'Metang', 'Golbat']","['Swalot', 'Glalie', 'Sudowoodo', 'Crawdaunt']",14,7,3
gen3nu-1081825103,[Gen 3] NU,2020-03-19 17:35:27,,dragonfang79331,exploud92539,exploud92539,True,"['Shelgon', 'Dragonair', 'Drowzee', 'Metang', 'Diglett', 'Grovyle']","['Pineco', 'Combusken', 'Metang', 'Haunter', 'Sealeo']",22,7,6
gen3nu-1088540328,[Gen 3] NU,2020-03-31 14:56:34,,psyduck38308,pidgeot31794,pidgeot31794,True,"['Shelgon', 'Cubone', 'Golbat', 'Metang']","['Wartortle', 'Machoke', 'Haunter', 'Metang']",9,4,5
smogtours-gen3nu-602927,[Gen 3] NU,2022-01-16 16:43:09,,empoleon29019,mantine95605,mantine95605,True,"['Wailord', 'Dunsparce', 'Metang', 'Sableye', 'Chimecho', 'Roselia']","['Torkoal', 'Hitmonchan', 'Dewgong', 'Whiscash', 'Sableye', 'Roselia']",76,31,31
gen3nu-959286621,[Gen 3] NU,2019-08-12 18:05:06,,sonicboom26327,tangela91840,tangela91840,False,"['Raticate', 'Dewgong', 'Vigoroth', 'Chimecho', 'Relicanth', 'Roselia']","['Mawile', 'Wailord', 'Flareon', 'Hitmonchan']",48,18,14
smogtours-gen3nu-568347,[Gen 3] NU,2021-06-27 22:51:26,,fling55533,magby44897,magby44897,False,"['Wailord', 'Raticate', 'Hitmonchan', 'Pupitar', 'Chimecho', 'Roselia']","['Wailord', 'Haunter', 'Bellossom', 'Metang', 'Chimecho', 'Glalie']",12,7,7
smogtours-gen3nu-711313,[Gen 3] NU,2023-08-20 21:56:04,,larvitar96901,chlorophyll28494,chlorophyll28494,False,"['Flareon', 'Haunter', 'Murkrow', 'Pupitar', 'Metang', 'Chimecho']","['Wailord', 'Haunter', 'Metang', 'Pupitar', 'Glalie']",19,8,6
gen3nu-1066139497,[Gen 3] NU,2020-02-20 02:05:08,,normalize30069,twineedle20854,normalize30069,False,"['Doduo', 'Trapinch', 'Houndour', 'Elekid', 'Anorith']","['Ponyta', 'Doduo', 'Porygon', 'Diglett', 'Gastly', 'Abra']",18,4,8
smogtours-gen3nu-632060,[Gen 3] NU,2022-06-12 22:27:59,,stickybarb45781,flamebody71831,flamebody71831,False,"['Wailord', 'Flareon', 'Haunter', 'Metang', 'Chimecho', 'Glalie']","['Torkoal', 'Raticate', 'Cacturne', 'Dewgong', 'Metang', 'Chimecho']",33,14,12
gen3nu-1135789400,[Gen 3] NU,2020-06-20 00:07:30,1098,lunatone14638,psychocut59180,lunatone14638,True,"['Pidgeot', 'Flareon', 'Raticate', 'Haunter', 'Dewgong', 'Yanma']","['Huntail', 'Plusle', 'Haunter', 'Metang', 'Relicanth', 'Glalie']",26,7,7
smogtours-gen3nu-727677,[Gen 3] NU,2023-10-29 22:13:23,,fissure35074,whiscash71874,fissure35074,False,"['Kingler', 'Wailord', 'Plusle', 'Metang', 'Chimecho', 'Glalie']","['Wailord', 'Torkoal', 'Octillery', 'Haunter', 'Metang', 'Glalie']",21,9,9
gen3nu-1139543232,[Gen 3] NU,2020-06-25 17:54:03,,happiny30290,lunatone14638,lunatone14638,False,"['Nuzleaf', 'Makuhita', 'Wigglytuff', 'Mawile', 'Nidorina', 'Abra']","['Chimecho', 'Flareon', 'Hitmonchan', 'Metang']",17,7,4
smogtours-gen3nu-493265,[Gen 3] NU,2020-04-20 17:19:47,,magicalleaf53175,pressure47780,pressure47780,False,"['Wailord', 'Graveler', 'Bellossom', 'Chimecho', 'Glalie', 'Golbat']","['Flareon', 'Metang', 'Hitmonchan', 'Pelipper', 'Sableye', 'Roselia']",35,16,12
gen3nu-1014309784,[Gen 3] NU,2019-11-22 02:15:08,,arceus74773,flying95766,arceus74773,False,"['Kingler', 'Dunsparce', 'Flareon', 'Raticate', 'Metang', 'Tangela']","['Mightyena', 'Shelgon', 'Haunter', 'Vigoroth', 'Pikachu', 'Yanma']",31,6,9
smogtours-gen3nu-502046,[Gen 3] NU,2020-05-17 16:46:59,,bubblebeam57653,recycle92780,bubblebeam57653,False,"['Wailord', 'Swalot', 'Metang', 'Chimecho', 'Glalie']","['Tangela', 'Raticate', 'Haunter', 'Metang', 'Diglett', 'Glalie']",16,6,7
smogtours-gen3nu-725200,[Gen 3] NU,2023-10-21 19:04:48,,sonicboom33491,riolu27073,sonicboom33491,False,"['Flareon', 'Haunter', 'Pikachu', 'Relicanth', 'Glalie']","['Wailord', 'Flareon', 'Hitmonchan', 'Cacturne', 'Chimecho', 'Glalie']",20,7,7
smogtours-gen3nu-769015,[Gen 3] NU,2024-05-19 10:18:02,,bubblebeam57653,screech4752,screech4752,False,"['Kecleon', 'Bellossom', 'Crawdaunt', 'Pupitar', 'Glalie', 'Golbat']","['Wailord', 'Flareon', 'Diglett', 'Bellossom', 'Metang', 'Chimecho']",35,8,15
gen3nu-1118986382,[Gen 3] NU,2020-05-21 23:37:48,,tamatoberry14398,watergun59811,tamatoberry14398,False,"['Haunter', 'Huntail', 'Raticate', 'Flareon']","['Pidgeot', 'Huntail', 'Flareon', 'Hitmonchan', 'Mawile', 'Roselia']",19,4,9
smogtours-gen3nu-663327,[Gen 3] NU,2022-12-01 08:06:55,,goldeen52039,magnetpull75337,goldeen52039,False,"['Marshtomp', 'Combusken', 'Ivysaur', 'Minun', 'Lairon', 'Gastly']","['Togetic', 'Kingler', 'Seviper', 'Mawile', 'Piloswine', 'Tangela']",32,13,16
smogtours-gen3nu-687133,[Gen 3] NU,2023-04-13 00:28:34,,chargebeam75626,shinystone44310,chargebeam75626,False,"['Wailord', 'Flareon', 'Octillery', 'Haunter', 'Chimecho', 'Glalie']","['Wailord', 'Huntail', 'Plusle', 'Cacturne', 'Metang', 'Chimecho']",21,7,8
smogtours-gen3nu-729491,[Gen 3] NU,2023-11-08 15:46:07,,stench25210,seedot88254,stench25210,False,"['Wailord', 'Pidgeot', 'Haunter', 'Metang', 'Glalie']","['Wailord', 'Flareon', 'Octillery', 'Haunter', 'Chimecho', 'Glalie']",20,7,10
gen3nu-1141479904,[Gen 3] NU,2020-06-28 20:11:29,,poisonheal87841,lunatone14638,lunatone14638,False,"['Pidgeot', 'Haunter', 'Hitmonchan', 'Dewgong', 'Ledian', 'Golbat']","['Raticate', 'Haunter', 'Hitmonchan', 'Bellossom', 'Chimecho', 'Glalie']",31,11,8
smogtours-gen3nu-747658,[Gen 3] NU,2024-02-16 21:10:38,,haunter12630,mawile36886,mawile36886,True,"['Wailord', 'Hitmonchan', 'Haunter', 'Cacturne', 'Vigoroth', 'Metang']","['Wailord', 'Raticate', 'Haunter', 'Hitmonchan', 'Metang']",23,13,5
smogtours-gen3nu-795141,[Gen 3] NU,2024-10-05 19:33:23,,futuresight13270,tangledfeet30693,futuresight13270,False,"['Wailord', 'Plusle', 'Cacturne', 'Chimecho', 'Abra']","['Torkoal', 'Octillery', 'Dewgong', 'Metang', 'Roselia', 'Golbat']",29,7,12
gen3nu-1127058217,[Gen 3] NU,2020-06-05 03:18:19,,payday74254,psyduck38308,payday74254,True,"['Doduo', 'Flaaffy', 'Haunter', 'Metang', 'Abra']","['Seadra', 'Shelgon', 'Metang', 'Wartortle', 'Sealeo', 'Golbat']",45,10,16
gen3nu-1167805698,[Gen 3] NU,2020-08-12 20:09:30,,payapaberry21053,aurorabeam59639,payapaberry21053,True,"['Seadra', 'Flareon', 'Hitmonchan', 'Murkrow', 'Dewgong']","['Flareon', 'Shedinja', 'Wigglytuff', 'Hitmonchan', 'Roselia', 'Yanma']",17,5,8
gen3nu-1167810043,[Gen 3] NU,2020-08-12 20:18:01,,kabutops99333,przcureberry35373,przcureberry35373,False,"['Kingler', 'Torkoal', 'Cacturne', 'Mawile', 'Vigoroth', 'Golbat']","['Wailord', 'Glalie', 'Haunter']",14,6,2
gen3nu-1138542972,[Gen 3] NU,2020-06-24 05:05:39,1049,happiny30290,gorebyss45447,happiny30290,False,"['Pidgeot', 'Nuzleaf', 'Psyduck', 'Vigoroth', 'Diglett', 'Roselia']","['Hitmonchan', 'Seaking', 'Arbok', 'Sableye', 'Glalie', 'Tangela']",24,9,7
smogtours-gen3nu-844728,[Gen 3] NU,2025-05-23 14:47:19,,haunter12630,metalsound31619,haunter12630,False,"['Kecleon', 'Octillery', 'Omanyte', 'Hitmonchan', 'Arbok', 'Chimecho']","['Octillery', 'Cacturne', 'Arbok', 'Vigoroth', 'Metang', 'Chimecho']",37,16,16
gen3nu-445231660,[Gen 3] NU,2016-09-26 12:54:42,1045,gible85927,custapberry71278,custapberry71278,True,"['Flareon', 'Haunter', 'Illumise', 'Charmeleon', 'Chimecho', 'Relicanth']","['Flareon', 'Murkrow', 'Whiscash', 'Chimecho', 'Relicanth']",23,7,6
smogtours-gen3nu-693006,[Gen 3] NU,2023-05-20 00:30:17,,splash22725,magmortar19991,splash22725,True,"['Plusle', 'Haunter', 'Pelipper', 'Metang', 'Glalie']","['Wailord', 'Diglett', 'Pikachu', 'Chimecho', 'Metang', 'Swalot']",20,7,9
smogtours-gen3nu-701742,[Gen 3] NU,2023-07-08 12:56:23,,drillpeck45275,minun6717,drillpeck45275,False,"['Wailord', 'Haunter', 'Metang', 'Chimecho', 'Glalie']","['Octillery', 'Haunter', 'Mawile', 'Pikachu', 'Chimecho', 'Roselia']",32,7,13
gen3nu-1122230186,[Gen 3] NU,2020-05-27 19:14:51,,megakick97860,sunnyday90670,megakick97860,False,"['Seadra', 'Flareon', 'Hitmonchan', 'Murkrow', 'Dewgong', 'Vigoroth']","['Kecleon', 'Hitmonchan', 'Bellossom', 'Chimecho', 'Relicanth', 'Glalie']",21,8,7
smogtours-gen3nu-664131,[Gen 3] NU,2022-12-09 18:33:26,,volbeat11507,shadowtag53416,volbeat11507,True,"['Togetic', 'Swalot', 'Minun', 'Omanyte']","['Togetic', 'Omanyte', 'Mawile', 'Arbok', 'Sealeo']",14,4,6
smogtours-gen3nu-439998,[Gen 3] NU,2019-05-05 18:22:54,,tangledfeet73734,murkrow56783,murkrow56783,False,"['Magby', 'Sudowoodo', 'Hitmonchan', 'Chimecho', 'Roselia', 'Golbat']","['Huntail', 'Plusle', 'Haunter', 'Seaking', 'Relicanth', 'Glalie']",25,10,8
gen3nu-1134607869,[Gen 3] NU,2020-06-18 05:43:36,1033,happiny30290,anorith51626,anorith51626,False,"['Dustox', 'Nuzleaf', 'Combusken', 'Tentacool', 'Glalie', 'Ledian']","['Arbok', 'Raticate', 'Flareon', 'Metang']",11,7,4
gen3nu-2169066553,[Gen 3] NU,2024-07-28 19:11:32,,needlearm59980,limber11712,needlearm59980,False,"['Wailord', 'Plusle', 'Metang', 'Chimecho', 'Golbat']","['Pidgeot', 'Hitmonchan', 'Sableye', 'Cacturne', 'Bellossom', 'Metang']",27,11,11
gen3nu-1125454666,[Gen 3] NU,2020-06-02 15:38:56,,loveball77089,endure97936,endure97936,False,"['Sudowoodo', 'Flareon', 'Haunter', 'Hitmonchan', 'Bellossom', 'Weepinbell']","['Pidgeot', 'Flareon', 'Raticate', 'Haunter', 'Hitmonchan']",15,6,5
smogtours-gen3nu-588265,[Gen 3] NU,2021-10-23 16:40:07,,seedflare81285,honeygather86735,honeygather86735,False,"['Wailord', 'Flareon', 'Haunter', 'Cacturne', 'Vigoroth', 'Golbat']","['Raticate', 'Pikachu', 'Whiscash', 'Metang', 'Chimecho', 'Roselia']",36,11,12
smogtours-gen3nu-710478,[Gen 3] NU,2023-08-18 03:18:08,,dusknoir19792,innerfocus97582,innerfocus97582,False,"['Flareon', 'Hitmonchan', 'Mawile', 'Pelipper', 'Sableye', 'Roselia']","['Hitmonchan', 'Arbok', 'Bellossom', 'Mawile', 'Dewgong', 'Pikachu']",56,19,16
gen3nu-1151792004,[Gen 3] NU,2020-07-15 20:08:18,,sableye48144,rawstberry28879,rawstberry28879,False,"['Haunter', 'Dewgong', 'Vigoroth', 'Metang', 'Chimecho', 'Roselia']","['Shelgon', 'Hitmonchan', 'Sableye', 'Relicanth', 'Roselia']",42,17,13
smogtours-gen3nu-662075,[Gen 3] NU,2022-11-19 20:06:29,,stench25210,shiftry23835,stench25210,True,"['Wailord', 'Cacturne', 'Vigoroth', 'Whiscash', 'Pupitar', 'Golbat']","['Hitmonchan', 'Mawile', 'Arbok', 'Dewgong', 'Sableye', 'Roselia']",29,11,14
gen3nu-2070503255,[Gen 3] NU,2024-02-29 18:50:00,,sceptile31116,filter49112,filter49112,False,"['Wailord', 'Pupitar', 'Metang', 'Chimecho', 'Roselia', 'Golbat']","['Wailord', 'Huntail', 'Haunter', 'Glalie', 'Abra']",16,5,4
smogtours-gen3nu-194212,[Gen 3] NU,2016-09-19 20:14:11,,charm79517,headbutt48227,headbutt48227,True,"['Flareon', 'Wigglytuff', 'Graveler', 'Bellossom', 'Murkrow', 'Swalot']","['Flareon', 'Octillery', 'Mawile', 'Murkrow', 'Chimecho', 'Roselia']",41,14,16
gen3nu-1130416676,[Gen 3] NU,2020-06-10 19:24:14,,payday74254,psyduck38308,psyduck38308,True,"['Shelgon', 'Lileep', 'Elekid', 'Metang', 'Grovyle', 'Abra']","['Seadra', 'Machoke', 'Wartortle', 'Drowzee', 'Metang', 'Golbat']",52,21,18
smogtours-gen3nu-815212,[Gen 3] NU,2025-01-19 23:12:59,,pickup28423,endure57886,pickup28423,True,"['Seadra', 'Torkoal', 'Hitmonchan', 'Bellossom', 'Lickitung']","['Wailord', 'Kecleon', 'Octillery', 'Hitmonchan', 'Haunter', 'Cacturne']",41,17,20
smogtours-gen3nu-645877,[Gen 3] NU,2022-08-31 21:08:34,,futuresight13270,wynaut4615,futuresight13270,True,"['Raticate', 'Pelipper', 'Vigoroth', 'Whiscash', 'Metang', 'Glalie']","['Kecleon', 'Haunter', 'Hitmonchan', 'Mawile', 'Glalie', 'Yanma']",43,15,17
gen3nu-1081880755,[Gen 3] NU,2020-03-19 19:16:53,,dragonfang79331,exploud92539,dragonfang79331,True,"['Marshtomp', 'Haunter', 'Graveler', 'Wartortle', 'Drowzee']","['Pineco', 'Combusken', 'Haunter', 'Drowzee', 'Metang', 'Sealeo']",49,20,24
gen3nu-1101978979,[Gen 3] NU,2020-04-23 15:43:24,,icicleplate5611,xscissor99781,icicleplate5611,False,"['Torkoal', 'Raticate', 'Hitmonchan', 'Arbok', 'Piloswine', 'Dewgong']","['Flareon', 'Haunter', 'Vigoroth', 'Metang', 'Chimecho', 'Roselia']",33,10,15
gen3nu-2070853853,[Gen 3] NU,2024-03-01 05:01:19,,berserkgene45878,mawile86179,berserkgene45878,False,"['Trapinch', 'Graveler', 'Chimecho', 'Roselia', 'Abra']","['Wailord', 'Flareon', 'Arbok', 'Murkrow', 'Piloswine', 'Pikachu']",31,6,7
gen3nu-438335817,[Gen 3] NU,2016-09-15 23:05:53,,arceusdragon51803,poisonheal87841,arceusdragon51803,True,"['Pidgeot', 'Haunter', 'Pikachu', 'Relicanth', 'Glalie']","['Flareon', 'Hitmonchan', 'Mawile', 'Aipom', 'Masquerain', 'Crawdaunt']",26,6,10
gen3nu-1099832822,[Gen 3] NU,2020-04-20 03:02:52,,shayminsky66836,fastball57731,shayminsky66836,False,"['Kecleon', 'Hitmonchan', 'Chimecho', 'Relicanth', 'Glalie']","['Graveler', 'Vigoroth', 'Crawdaunt', 'Pikachu', 'Roselia', 'Golbat']",20,6,5
gen3nu-1134489828,[Gen 3] NU,2020-06-18 00:23:51,1021,flamewheel38109,anorith51626,anorith51626,False,"['Pidgeot', 'Kecleon', 'Plusle', 'Arbok', 'Crawdaunt', 'Magnemite']","['Flareon', 'Raticate', 'Haunter', 'Arbok', 'Dewgong', 'Yanma']",25,10,8
smogtours-gen3nu-770301,[Gen 3] NU,2024-05-25 20:13:40,,futuresight13270,buneary57593,futuresight13270,False,"['Wailord', 'Plusle', 'Hitmonchan', 'Murkrow', 'Metang', 'Glalie']","['Flareon', 'Hitmonchan', 'Haunter', 'Arbok', 'Metang', 'Glalie']",23,10,9
smogtours-gen3nu-713033,[Gen 3] NU,2023-08-30 04:32:34,,gastly60768,thunderbolt19203,gastly60768,False,"['Venomoth', 'Plusle', 'Octillery', 'Delcatty', 'Mawile', 'Ledian']","['Wailord', 'Tropius', 'Murkrow', 'Metang', 'Chimecho', 'Roselia']",24,6,9
gen3nu-1130453874,[Gen 3] NU,2020-06-10 20:28:58,,seedflare81285,haunter12630,haunter12630,False,"['Wailord', 'Haunter', 'Pupitar', 'Metang', 'Chimecho', 'Glalie']","['Plusle', 'Glalie', 'Flareon', 'Metang']",15,6,5
gen3nu-1131545666,[Gen 3] NU,2020-06-12 18:29:14,,download60495,poliwag79956,download60495,True,"['Flareon', 'Raticate', 'Haunter', 'Arbok', 'Dewgong', 'Yanma']","['Diglett', 'Haunter', 'Dewgong', 'Chimecho', 'Roselia', 'Yanma']",34,8,14
smogtours-gen3nu-603352,[Gen 3] NU,2022-01-17 19:29:06,,honeygather86735,haunter12630,honeygather86735,False,"['Wailord', 'Huntail', 'Sableye', 'Metang', 'Chimecho', 'Glalie']","['Huntail', 'Flareon', 'Octillery', 'Haunter', 'Cacturne', 'Metang']",36,10,10
gen3nu-935555676,[Gen 3] NU,2019-06-27 01:35:05,,toxic30661,psychic75182,psychic75182,False,"['Huntail', 'Dunsparce', 'Shedinja', 'Hitmonchan', 'Haunter', 'Pikachu']","['Kecleon', 'Octillery', 'Haunter', 'Hitmonchan', 'Metang', 'Pupitar']",44,12,13
gen3nu-882067609,[Gen 3] NU,2019-03-26 02:15:04,,typechange20782,leafstone58526,leafstone58526,False,"['Beautifly', 'Arbok', 'Bellossom', 'Aipom', 'Ariados', 'Abra']","['Pidgeot', 'Torkoal', 'Haunter', 'Bellossom', 'Metang']",22,5,6
smogtours-gen3nu-710748,[Gen 3] NU,2023-08-19 15:20:00,,tangledfeet30693,futuresight13270,tangledfeet30693,False,"['Wailord', 'Torkoal', 'Octillery', 'Haunter', 'Metang', 'Glalie']","['Pidgeot', 'Torkoal', 'Plusle', 'Haunter', 'Relicanth', 'Roselia']",22,8,11
smogtours-gen3nu-844726,[Gen 3] NU,2025-05-23 14:40:01,,metalsound31619,haunter12630,haunter12630,False,"['Octillery', 'Cacturne', 'Arbok', 'Vigoroth', 'Metang', 'Chimecho']","['Kecleon', 'Plusle', 'Octillery', 'Pelipper', 'Roselia']",26,8,6
smogtours-gen3nu-438824,[Gen 3] NU,2019-04-28 21:31:04,,watmelberry41213,colorchange50909,watmelberry41213,False,"['Hitmonchan', 'Lickitung', 'Whiscash', 'Metang', 'Roselia', 'Golbat']","['Flareon', 'Haunter', 'Dewgong', 'Sableye', 'Tangela', 'Glalie']",51,23,21
gen3nu-2242339891,[Gen 3] NU,2024-11-12 13:17:45,,vitalspirit41729,mysteryberry83821,mysteryberry83821,False,"['Huntail', 'Flareon', 'Raticate', 'Haunter', 'Hitmonchan', 'Glalie']","['Hitmonchan', 'Pelipper', 'Metang', 'Chimecho', 'Glalie']",22,6,6
gen3nu-1123960077,[Gen 3] NU,2020-05-30 19:45:33,,pursuit36093,watergun59811,watergun59811,False,"['Kingler', 'Haunter', 'Hitmonchan', 'Pikachu', 'Pupitar', 'Roselia']","['Pidgeot', 'Huntail', 'Flareon', 'Hitmonchan', 'Bellossom', 'Chimecho']",31,12,12
smogtours-gen3nu-653091,[Gen 3] NU,2022-10-06 20:17:18,,haunter12630,honeygather86735,honeygather86735,False,"['Flareon', 'Vigoroth', 'Grovyle', 'Chimecho', 'Relicanth', 'Glalie']","['Wailord', 'Huntail', 'Flareon', 'Hitmonchan', 'Metang', 'Chimecho']",23,11,9
smogtours-gen3nu-610084,[Gen 3] NU,2022-02-24 23:07:30,,jynx62866,sleeptalk80665,sleeptalk80665,False,"['Minun', 'Clamperl', 'Charmeleon', 'Furret', 'Vibrava', 'Beedrill']","['Marshtomp', 'Bayleef', 'Combusken', 'Omanyte', 'Minun', 'Masquerain']",27,12,10
gen3nu-2243169378,[Gen 3] NU,2024-11-13 17:25:35,,poisontail76206,colorchange66435,colorchange66435,False,"['Wailord', 'Pidgeot', 'Torkoal', 'Hitmonchan', 'Metang', 'Glalie']","['Wailord', 'Huntail', 'Octillery', 'Hitmonchan', 'Vigoroth']",11,7,4
gen3nu-1173998011,[Gen 3] NU,2020-08-23 18:14:03,,goldeen16308,sandveil95732,sandveil95732,False,"['Wailord', 'Flareon', 'Cacturne', 'Arbok', 'Bellossom', 'Vigoroth']","['Mightyena', 'Hitmonchan', 'Arbok', 'Pelipper', 'Pikachu', 'Shuckle']",26,9,7
gen3nu-863437100,[Gen 3] NU,2019-02-16 14:21:13,,rindoberry7399,palkia24713,rindoberry7399,False,"['Growlithe', 'Snorunt', 'Nosepass', 'Seaking', 'Elekid', 'Gloom']","['Voltorb', 'Rhyhorn', 'Cubone', 'Delcatty', 'Gloom', 'Delibird']",21,7,7
smogtours-gen3nu-478006,[Gen 3] NU,2020-02-29 21:12:34,,koffing93492,rock51085,koffing93492,False,"['Flareon', 'Haunter', 'Bellossom', 'Diglett', 'Relicanth', 'Glalie']","['Wailord', 'Sudowoodo', 'Flareon', 'Metang', 'Glalie', 'Golbat']",30,10,10
smogtours-gen3nu-693168,[Gen 3] NU,2023-05-20 17:25:37,,dragondance38276,rockpolish84152,rockpolish84152,True,"['Hitmonchan', 'Lickitung', 'Whiscash', 'Sableye', 'Chimecho', 'Roselia']","['Huntail', 'Flareon', 'Pupitar', 'Furret', 'Chimecho', 'Glalie']",24,11,10
smogtours-gen3nu-817447,[Gen 3] NU,2025-02-02 00:16:48,,pickup28423,motordrive87413,motordrive87413,False,"['Hitmonchan', 'Lickitung', 'Whiscash', 'Sableye', 'Chimecho', 'Roselia']","['Flareon', 'Hitmonchan', 'Bellossom', 'Dewgong', 'Metang', 'Swalot']",40,18,10
smogtours-gen3nu-718224,[Gen 3] NU,2023-09-22 21:33:51,,futuresight13270,stench25210,stench25210,False,"['Kingler', 'Plusle', 'Octillery', 'Metang', 'Chimecho', 'Glalie']","['Wailord', 'Kecleon', 'Plusle', 'Torkoal', 'Hitmonchan', 'Chimecho']",28,9,14
gen3nu-1081091835,[Gen 3] NU,2020-03-18 11:51:45,,psyduck38308,dragonfang79331,dragonfang79331,False,"['Voltorb', 'Marshtomp', 'Haunter', 'Vigoroth', 'Metang', 'Pupitar']","['Machoke', 'Bayleef', 'Shelgon', 'Dragonair', 'Metang', 'Abra']",39,9,9
smogtours-gen3nu-486880,[Gen 3] NU,2020-04-02 21:07:36,,arenatrap65458,glare38523,glare38523,False,"['Wailord', 'Graveler', 'Bellossom', 'Chimecho', 'Glalie', 'Golbat']","['Flareon', 'Haunter', 'Mawile', 'Murkrow', 'Pelipper', 'Chimecho']",35,15,13
smogtours-gen3nu-790357,[Gen 3] NU,2024-09-12 22:33:21,,huntail76319,motordrive87413,motordrive87413,False,"['Venomoth', 'Wailord', 'Bellossom', 'Murkrow', 'Metang', 'Diglett']","['Wailord', 'Torkoal', 'Raticate', 'Hitmonchan', 'Chimecho', 'Tangela']",25,11,12
smogtours-gen3nu-486176,[Gen 3] NU,2020-03-30 21:34:48,,rock51085,pidgeot63551,rock51085,False,"['Wailord', 'Hitmonchan', 'Mawile', 'Murkrow', 'Sableye', 'Roselia']","['Seadra', 'Flareon', 'Hitmonchan', 'Murkrow', 'Dewgong', 'Vigoroth']",38,18,20
smogtours-gen3nu-407514,[Gen 3] NU,2018-10-28 23:11:10,,tangela91840,fissure96222,tangela91840,False,"['Huntail', 'Noctowl', 'Mawile', 'Piloswine', 'Glalie', 'Golbat']","['Flareon', 'Haunter', 'Hitmonchan', 'Cacturne', 'Pelipper', 'Metang']",26,9,10
gen3nu-955444764,[Gen 3] NU,2019-08-04 21:03:00,,psychup2114,wormadam14777,psychup2114,True,"['Flareon', 'Lileep', 'Hitmonchan', 'Dewgong', 'Sableye', 'Chimecho']","['Seadra', 'Flareon', 'Hitmonchan', 'Murkrow', 'Dewgong', 'Vigoroth']",57,27,16
smogtours-gen3nu-727679,[Gen 3] NU,2023-10-29 22:18:31,,whiscash71874,fissure35074,whiscash71874,True,"['Flareon', 'Haunter', 'Hitmonchan', 'Pelipper', 'Glalie']","['Venomoth', 'Torkoal', 'Hitmonchan', 'Bellossom', 'Pelipper', 'Lairon']",25,6,9
gen3nu-835692403,[Gen 3] NU,2018-11-15 01:19:51,,psychocut59180,naturepower57210,psychocut59180,True,"['Shedinja', 'Hitmonchan', 'Cacturne', 'Lickitung', 'Sableye', 'Relicanth']","['Pidgeot', 'Magcargo', 'Hitmonchan', 'Seaking', 'Chimecho', 'Roselia']",44,16,10
smogtours-gen3nu-728096,[Gen 3] NU,2023-11-01 21:46:00,,crunch37612,riolu27073,crunch37612,True,"['Chimecho', 'Dewgong', 'Vigoroth', 'Flareon']","['Murkrow', 'Wailord', 'Roselia', 'Metang']",19,6,8
smogtours-gen3nu-438452,[Gen 3] NU,2019-04-28 03:56:02,,tangledfeet73734,mail80062,tangledfeet73734,False,"['Pidgeot', 'Raticate', 'Haunter', 'Bellossom', 'Glalie']","['Pidgeot', 'Diglett', 'Mawile', 'Bellossom', 'Chimecho', 'Glalie']",23,5,8
smogtours-gen3nu-628997,[Gen 3] NU,2022-05-29 18:53:11,,bubblebeam57653,frenzyplant86230,frenzyplant86230,False,"['Tropius', 'Haunter', 'Hitmonchan', 'Dewgong', 'Metang', 'Pupitar']","['Kingler', 'Tangela', 'Chimecho', 'Pupitar', 'Glalie']",24,8,5
smogtours-gen3nu-767626,[Gen 3] NU,2024-05-12 14:10:36,,futuresight13270,screech4752,futuresight13270,False,"['Diglett', 'Haunter', 'Bellossom', 'Dewgong', 'Chimecho', 'Relicanth']","['Wailord', 'Plusle', 'Haunter', 'Pikachu', 'Metang', 'Glalie']",23,10,11
smogtours-gen3nu-451235,[Gen 3] NU,2019-07-10 20:08:19,,flameorb30044,shadowclaw51134,shadowclaw51134,False,"['Pidgeot', 'Haunter', 'Cacturne', 'Murkrow', 'Pupitar', 'Golbat']","['Flareon', 'Hitmonchan', 'Mawile', 'Pelipper', 'Sableye', 'Roselia']",63,22,23
gen3nu-1158278007,[Gen 3] NU,2020-07-27 01:21:19,,cutecharm72527,protean52664,cutecharm72527,False,"['Flareon', 'Haunter', 'Hitmonchan', 'Mawile', 'Lickitung', 'Relicanth']","['Huntail', 'Noctowl', 'Mawile', 'Piloswine', 'Glalie', 'Golbat']",39,11,15
smogtours-gen3nu-678056,[Gen 3] NU,2023-03-04 02:20:43,,articuno75579,psywave4501,articuno75579,False,"['Hitmonchan', 'Lickitung', 'Whiscash', 'Sableye', 'Chimecho', 'Glalie']","['Seadra', 'Flareon', 'Hitmonchan', 'Murkrow', 'Dewgong', 'Vigoroth']",48,15,13
smogtours-gen3nu-443659,[Gen 3] NU,2019-05-26 21:37:21,,colorchange50909,tangledfeet73734,colorchange50909,False,"['Wailord', 'Torkoal', 'Haunter', 'Metang', 'Chimecho', 'Glalie']","['Wailord', 'Abra', 'Magcargo', 'Haunter', 'Roselia', 'Golbat']",23,10,11
gen3nu-945908750,[Gen 3] NU,2019-07-16 22:33:23,,smeargle95968,quickfeet93886,smeargle95968,False,"['Huntail', 'Flareon', 'Hitmonchan', 'Bellossom', 'Metang', 'Golbat']","['Hitmonchan', 'Seviper', 'Haunter', 'Tangela', 'Ledian', 'Abra']",47,22,21
gen3nu-2282580870,[Gen 3] NU,2025-01-17 01:53:16,,fling78647,icywind98531,fling78647,False,"['Octillery', 'Hitmonchan', 'Cacturne', 'Arbok', 'Metang', 'Chimecho']","['Haunter', 'Hitmonchan', 'Pelipper', 'Metang', 'Chimecho', 'Glalie']",32,14,13
smogtours-gen3nu-645878,[Gen 3] NU,2022-08-31 21:02:25,,hypervoice57448,hitmonchan30284,hitmonchan30284,True,"['Seadra', 'Kecleon', 'Tropius', 'Flareon', 'Metang', 'Chimecho']","['Wailord', 'Glalie', 'Flareon', 'Metang']",21,9,5
gen3nu-933757125,[Gen 3] NU,2019-06-23 23:21:56,,koffing93492,rindoberry7399,koffing93492,False,"['Rhyhorn', 'Cubone', 'Delcatty', 'Elekid', 'Gloom']","['Dustox', 'Lileep', 'Nosepass', 'Delcatty', 'Psyduck', 'Delibird']",32,10,16
smogtours-gen3nu-613310,[Gen 3] NU,2022-03-13 16:58:07,,honeygather86735,seedflare81285,honeygather86735,False,"['Wailord', 'Haunter', 'Bellossom', 'Metang', 'Pupitar']","['Wailord', 'Cacturne', 'Chimecho', 'Metang', 'Pupitar', 'Golbat']",18,7,7
gen3nu-820576146,[Gen 3] NU,2018-10-15 10:39:24,,irondefense69835,denpowersteel79771,irondefense69835,False,"['Kecleon', 'Tangela', 'Hitmonchan', 'Chimecho', 'Relicanth', 'Glalie']","['Raticate', 'Haunter', 'Hitmonchan', 'Mawile', 'Chimecho', 'Roselia']",34,11,12
smogtours-gen3nu-736307,[Gen 3] NU,2023-12-23 22:08:50,,aggron77866,outrage46997,outrage46997,False,"['Huntail', 'Volbeat', 'Haunter', 'Pupitar', 'Pikachu', 'Chimecho']","['Hitmonchan', 'Cacturne', 'Dewgong', 'Vigoroth', 'Sableye', 'Golbat']",31,10,10
smogtours-gen3nu-502142,[Gen 3] NU,2020-05-17 19:44:37,,magmastorm83132,cobaberry41000,cobaberry41000,False,"['Wailord', 'Torkoal', 'Plusle', 'Haunter', 'Pikachu', 'Glalie']","['Wailord', 'Torkoal', 'Haunter', 'Metang', 'Chimecho', 'Glalie']",21,9,10
smogtours-gen3nu-792188,[Gen 3] NU,2024-09-22 18:46:01,,poisonpoint5603,mirrormove8296,mirrormove8296,True,"['Wailord', 'Huntail', 'Raticate', 'Haunter', 'Hitmonchan', 'Pikachu']","['Torkoal', 'Cacturne', 'Dewgong', 'Metang', 'Chimecho']",16,8,7
gen3nu-2128585903,[Gen 3] NU,2024-05-23 01:33:37,,lightscreen86181,raichu50032,lightscreen86181,False,"['Torkoal', 'Hitmonchan', 'Sableye', 'Roselia', 'Golbat', 'Abra']","['Dunsparce', 'Haunter', 'Hitmonchan', 'Dewgong', 'Metang', 'Roselia']",42,11,12
gen3nu-926991211,[Gen 3] NU,2019-06-12 19:13:52,,skyattack88111,questionmarks59847,questionmarks59847,False,"['Pineco', 'Nosepass', 'Seaking', 'Elekid', 'Gloom', 'Delibird']","['Delcatty', 'Meditite', 'Gloom', 'Skiploom', 'Delibird', 'Taillow']",30,8,7
gen3nu-1159918952,[Gen 3] NU,2020-07-29 20:25:52,,powerlens25718,minun63363,minun63363,False,"['Houndour', 'Dragonair', 'Omanyte', 'Ivysaur', 'Minun', 'Furret']","['Seadra', 'Vigoroth', 'Flareon', 'Hitmonchan']",12,5,3
gen3nu-2104235868,[Gen 3] NU,2024-04-15 22:10:23,,aggron26807,npowerpsychic55845,npowerpsychic55845,False,"['Wailord', 'Plusle', 'Metang', 'Roselia', 'Hypno', 'Golbat']","['Octillery', 'Murkrow', 'Pupitar', 'Metang', 'Chimecho', 'Roselia']",32,8,9
gen3nu-923431001,[Gen 3] NU,2019-06-06 19:23:44,,leppaberry32170,worryseed97529,worryseed97529,False,"['Onix', 'Elekid', 'Meditite', 'Gloom', 'Chinchou', 'Delibird']","['Staryu', 'Rhyhorn', 'Cubone', 'Gloom', 'Ledian']",19,8,6
gen3nu-430778076,[Gen 3] NU,2016-09-04 07:58:08,1036,salamence18084,whismur84202,whismur84202,True,"['Sudowoodo', 'Haunter', 'Cacturne', 'Dewgong', 'Charmeleon', 'Tangela']","['Swalot', 'Glalie', 'Haunter', 'Hitmonchan']",20,7,3
smogtours-gen3nu-547512,[Gen 3] NU,2021-03-14 12:58:09,,cobaberry41000,bubblebeam57653,bubblebeam57653,False,"['Wailord', 'Flareon', 'Sableye', 'Chimecho', 'Relicanth', 'Glalie']","['Wailord', 'Tropius', 'Sudowoodo', 'Metang', 'Chimecho']",17,9,6
gen3nu-2256085147,[Gen 3] NU,2024-12-03 20:05:44,,shinystone44310,mysteryberry83821,mysteryberry83821,True,"['Wailord', 'Flareon', 'Metang', 'Chimecho', 'Roselia', 'Golbat']","['Haunter', 'Hitmonchan', 'Metang', 'Chimecho', 'Glalie']",31,12,8
smogtours-gen3nu-634122,[Gen 3] NU,2022-06-22 22:54:43,,flamebody71831,honeygather86735,flamebody71831,False,"['Wailord', 'Flareon', 'Cacturne', 'Pikachu', 'Metang', 'Chimecho']","['Haunter', 'Hitmonchan', 'Pelipper', 'Metang', 'Chimecho', 'Glalie']",23,8,11
smogtours-gen3nu-724525,[Gen 3] NU,2023-10-17 19:55:51,,tangledfeet30693,denpowergrass65615,tangledfeet30693,True,"['Glalie', 'Wailord', 'Octillery', 'Metang']","['Wailord', 'Tropius', 'Sudowoodo', 'Raticate', 'Metang', 'Chimecho']",15,5,7
smogtours-gen3nu-714674,[Gen 3] NU,2023-09-08 00:53:53,,futuresight13270,minun6717,futuresight13270,False,"['Wartortle', 'Dewgong', 'Whiscash', 'Sableye', 'Roselia', 'Shuckle']","['Flareon', 'Haunter', 'Bellossom', 'Metang', 'Chimecho', 'Glalie']",77,26,25
smogtours-gen3nu-767450,[Gen 3] NU,2024-05-11 21:37:53,,buneary57593,splash22725,buneary57593,False,"['Torkoal', 'Hitmonchan', 'Dewgong', 'Metang', 'Golbat']","['Haunter', 'Hitmonchan', 'Pelipper', 'Metang', 'Chimecho', 'Glalie']",19,7,8
gen3nu-956375772,[Gen 3] NU,2019-08-06 19:22:55,,heatrock37333,ironhead38302,ironhead38302,False,"['Wailord', 'Torkoal', 'Hitmonchan', 'Cacturne', 'Piloswine', 'Chimecho']","['Haunter', 'Dewgong', 'Vigoroth', 'Metang', 'Chimecho', 'Roselia']",36,18,13
gen3nu-1122246794,[Gen 3] NU,2020-05-27 19:53:42,,slakoth53488,synchronize7839,synchronize7839,False,"['Hitmonchan', 'Pikachu', 'Dewgong', 'Sableye', 'Glalie', 'Golbat']","['Kecleon', 'Octillery', 'Haunter', 'Hitmonchan', 'Metang', 'Pupitar']",25,8,8
smogtours-gen3nu-566115,[Gen 3] NU,2021-06-13 21:50:52,,haunter12630,golduck61301,golduck61301,True,"['Flareon', 'Grovyle', 'Vigoroth', 'Chimecho', 'Relicanth', 'Glalie']","['Plusle', 'Murkrow', 'Hitmonchan', 'Pikachu']",20,12,3
smogtours-gen3nu-689344,[Gen 3] NU,2023-04-23 19:31:23,,volttackle6680,irontail31791,volttackle6680,False,"['Wailord', 'Raticate', 'Haunter', 'Bellossom', 'Metang', 'Glalie']","['Flareon', 'Plusle', 'Hitmonchan', 'Mawile', 'Glalie', 'Golbat']",39,13,18
gen3nu-1083099134,[Gen 3] NU,2020-03-21 23:10:41,,psyduck38308,pidgeot31794,pidgeot31794,True,"['Metang', 'Dragonair', 'Wartortle', 'Drowzee', 'Sealeo', 'Diglett']","['Combusken', 'Dragonair', 'Haunter', 'Wartortle', 'Metang', 'Diglett']",63,25,20
gen3nu-1034757403,[Gen 3] NU,2019-12-24 03:31:07,,cutecharm72527,powerwhip99096,cutecharm72527,False,"['Pupitar', 'Octillery', 'Kecleon', 'Hitmonchan']","['Shedinja', 'Wailord', 'Pikachu']",14,5,4
smogtours-gen3nu-673404,[Gen 3] NU,2023-02-05 21:59:27,,pickup28423,speedboost26727,pickup28423,False,"['Wailord', 'Hitmonchan', 'Crawdaunt', 'Metang', 'Chimecho', 'Glalie']","['Kecleon', 'Torkoal', 'Raticate', 'Hitmonchan', 'Chimecho', 'Relicanth']",29,12,17
gen3nu-1081093923,[Gen 3] NU,2020-03-18 11:56:50,,psyduck38308,dragonfang79331,dragonfang79331,False,"['Voltorb', 'Marshtomp', 'Haunter', 'Vigoroth', 'Metang', 'Pupitar']","['Machoke', 'Bayleef', 'Shelgon', 'Dragonair', 'Metang', 'Abra']",25,14,8
gen3nu-442168682,[Gen 3] NU,2016-09-21 20:55:51,,liquidooze51332,arceusdragon51803,arceusdragon51803,True,"['Pidgeot', 'Tangela', 'Relicanth', 'Pikachu']","['Pelipper', 'Relicanth', 'Glalie', 'Haunter']",8,4,3
gen3nu-1083679801,[Gen 3] NU,2020-03-23 00:58:00,,mintberry2773,breloom95698,mintberry2773,False,"['Numel', 'Anorith', 'Treecko', 'Clamperl']","['Lileep', 'Electrike', 'Clamperl', 'Duskull', 'Torchic', 'Taillow']",28,6,8
gen3nu-1106396962,[Gen 3] NU,2020-04-30 21:25:48,,download60495,static32916,download60495,False,"['Pidgeot', 'Huntail', 'Flareon', 'Haunter', 'Hitmonchan']","['Bayleef', 'Mightyena', 'Hitmonchan', 'Piloswine', 'Metang', 'Chimecho']",16,5,6
smogtours-gen3nu-496448,[Gen 3] NU,2020-04-29 00:34:39,,fissure96222,trick33871,trick33871,False,"['Ponyta', 'Wailord', 'Mawile', 'Bellossom', 'Diglett', 'Golbat']","['Plusle', 'Venomoth']",15,8,1
gen3nu-1095445796,[Gen 3] NU,2020-04-12 17:23:02,1060,download60495,poisonpowder16094,download60495,False,"['Pidgeot', 'Huntail', 'Flareon', 'Hitmonchan', 'Metang']","['Venomoth', 'Pidgeot', 'Dunsparce', 'Wigglytuff', 'Minun', 'Sableye']",24,9,13
gen3nu-2200266190,[Gen 3] NU,2024-09-12 19:25:50,,swift79929,mirrormove8296,mirrormove8296,False,"['Sudowoodo', 'Torkoal', 'Haunter', 'Dewgong', 'Chimecho', 'Diglett']","['Haunter', 'Hitmonchan', 'Dewgong', 'Vigoroth', 'Metang', 'Grovyle']",34,14,12
smogtours-gen3nu-645980,[Gen 3] NU,2022-09-01 21:39:56,,drillpeck45275,attract79434,drillpeck45275,False,"['Torkoal', 'Glalie', 'Octillery', 'Dewgong']","['Wailord', 'Flareon', 'Haunter', 'Chimecho', 'Glalie', 'Abra']",17,3,7
gen3nu-1081835066,[Gen 3] NU,2020-03-19 17:56:08,,exploud92539,dragonfang79331,exploud92539,True,"['Pineco', 'Combusken', 'Metang', 'Haunter', 'Drowzee', 'Sealeo']","['Bayleef', 'Combusken', 'Drowzee', 'Metang', 'Golbat']",36,16,11
gen3nu-2366844098,[Gen 3] NU,2025-05-18 22:16:49,,wikiberry31119,belueberry80725,belueberry80725,False,"['Wailord', 'Flareon', 'Pelipper', 'Vigoroth', 'Roselia', 'Golbat']","['Flareon', 'Raticate', 'Haunter', 'Pelipper', 'Metang', 'Glalie']",29,9,7
smogtours-gen3nu-450476,[Gen 3] NU,2019-07-04 21:12:41,,haunter12630,upgrade74266,upgrade74266,True,"['Flareon', 'Haunter', 'Bellossom', 'Dewgong', 'Metang', 'Diglett']","['Venomoth', 'Tropius', 'Mawile', 'Vigoroth', 'Diglett']",21,7,5
smogtours-gen3nu-724526,[Gen 3] NU,2023-10-17 20:00:35,,denpowergrass65615,tangledfeet30693,tangledfeet30693,True,"['Flareon', 'Pupitar', 'Dewgong', 'Vigoroth', 'Sableye', 'Chimecho']","['Seadra', 'Flareon', 'Haunter', 'Metang', 'Glalie']",21,7,7
smogtours-gen3nu-664130,[Gen 3] NU,2022-12-09 18:31:49,,shadowtag53416,volbeat11507,shadowtag53416,True,"['Mawile', 'Ivysaur', 'Sealeo', 'Duskull', 'Abra']","['Kingler', 'Shelgon', 'Minun', 'Swalot', 'Shuckle']",25,7,8
gen3nu-2123504536,[Gen 3] NU,2024-05-13 03:21:29,,rarebone4723,roost11410,rarebone4723,False,"['Wailord', 'Torkoal', 'Shedinja', 'Haunter', 'Hitmonchan', 'Glalie']","['Kecleon', 'Rhyhorn', 'Octillery', 'Haunter', 'Mawile', 'Parasect']",21,7,11
gen3nu-925557304,[Gen 3] NU,2019-06-10 09:34:50,,heatran82153,shaymin49010,shaymin49010,False,"['Voltorb', ""Farfetch'D"", 'Bayleef', 'Nosepass', 'Seaking', 'Nidorino']","['Staryu', 'Bayleef', 'Natu', 'Castform', 'Nosepass', 'Elekid']",31,15,12
smogtours-gen3nu-484500,[Gen 3] NU,2020-03-27 15:54:39,,toxicroak72246,dewgong87961,dewgong87961,False,"['Venomoth', 'Plusle', 'Octillery', 'Delcatty', 'Mawile', 'Ledian']","['Haunter', 'Dewgong', 'Vigoroth', 'Metang', 'Chimecho', 'Roselia']",34,15,10
gen3nu-1143520137,[Gen 3] NU,2020-07-02 03:04:47,,rawstberry28879,darkrai2790,rawstberry28879,False,"['Wailord', 'Torkoal', 'Haunter', 'Metang', 'Chimecho', 'Glalie']","['Kecleon', 'Octillery', 'Haunter', 'Hitmonchan', 'Metang', 'Pupitar']",22,10,10
smogtours-gen3nu-613281,[Gen 3] NU,2022-03-13 16:04:30,,machamp13023,volbeat11507,volbeat11507,False,"['Omanyte', 'Minun', 'Furret', 'Vibrava', 'Beedrill', 'Gastly']","['Doduo', 'Trapinch', 'Shedinja', 'Lairon', 'Tentacool', 'Furret']",53,26,21
gen3nu-888030628,[Gen 3] NU,2019-04-06 03:09:25,,rawstberry64920,shadowclaw51134,shadowclaw51134,False,"['Kecleon', 'Haunter', 'Hitmonchan', 'Mawile', 'Glalie', 'Yanma']","['Flareon', 'Wigglytuff', 'Bellossom', 'Wartortle', 'Metang', 'Golbat']",27,11,9
gen3nu-1128011498,[Gen 3] NU,2020-06-06 18:22:23,,magostberry2704,adaptability26680,magostberry2704,True,"['Flaaffy', 'Omanyte', 'Wartortle', 'Drowzee', 'Lairon', 'Duskull']","['Bayleef', 'Trapinch', 'Elekid', 'Drowzee', 'Metang', 'Sealeo']",51,20,16
smogtours-gen3nu-767477,[Gen 3] NU,2024-05-11 23:07:17,,bubblebeam57653,pickup28423,bubblebeam57653,True,"['Torkoal', 'Glalie', 'Golbat', 'Dewgong']","['Seadra', 'Flareon', 'Mawile', 'Bellossom', 'Glalie']",19,4,7
gen3nu-1102312996,[Gen 3] NU,2020-04-24 02:14:06,1150,carnivine86301,aerodactyl75872,aerodactyl75872,True,"['Bellossom', 'Glalie', 'Magcargo', 'Haunter']","['Kecleon', 'Poliwhirl']",6,3,1
gen3nu-972341806,[Gen 3] NU,2019-09-07 15:06:33,,breloom81395,shadowclaw51134,shadowclaw51134,True,"['Togetic', 'Flareon', 'Metang', 'Wartortle', 'Sableye', 'Roselia']","['Flareon', 'Hitmonchan', 'Pelipper', 'Sableye', 'Roselia']",53,19,26
gen3nu-925942011,[Gen 3] NU,2019-06-10 22:42:59,,payday74254,tyrogue8241,tyrogue8241,False,"['Nosepass', 'Castform', 'Elekid', 'Gloom', 'Mankey', 'Taillow']","['Growlithe', 'Sunflora', 'Exeggcute', 'Delcatty', 'Omanyte', 'Delibird']",22,10,8
smogtours-gen3nu-664183,[Gen 3] NU,2022-12-09 22:38:31,,headbutt48227,kakuna89346,kakuna89346,True,"['Magby', 'Marshtomp', 'Trapinch', 'Houndour', 'Dragonair', 'Mawile']","['Marshtomp', 'Houndour', 'Omanyte', 'Lickitung', 'Gastly']",19,10,6
smogtours-gen3nu-841133,[Gen 3] NU,2025-05-10 19:08:25,,twistedspoon63684,futuresight13270,twistedspoon63684,False,"['Torkoal', 'Haunter', 'Hitmonchan', 'Metang', 'Chimecho', 'Glalie']","['Wailord', 'Plusle', 'Hitmonchan', 'Murkrow', 'Metang', 'Glalie']",28,10,15
gen3nu-2029277362,[Gen 3] NU,2024-01-07 14:51:36,,powerelectric10332,empoleon29019,powerelectric10332,False,"['Flareon', 'Octillery', 'Haunter', 'Pelipper', 'Metang', 'Roselia']","['Seadra', 'Wailord', 'Torkoal', 'Pupitar', 'Chimecho', 'Glalie']",29,10,13
gen3nu-2063958682,[Gen 3] NU,2024-02-20 23:25:22,,drillpeck45275,burmy28567,burmy28567,False,"['Hitmonchan', 'Bellossom', 'Piloswine', 'Pelipper', 'Glalie', 'Yanma']","['Pidgeot', 'Octillery', 'Haunter', 'Hitmonchan', 'Bellossom', 'Tangela']",36,12,8
gen3nu-1095638746,[Gen 3] NU,2020-04-12 23:52:11,1157,download60495,visegrip57562,download60495,False,"['Pidgeot', 'Raticate', 'Flareon', 'Metang']","['Seadra', 'Hitmonchan', 'Haunter', 'Cacturne', 'Murkrow', 'Pikachu']",13,4,6
smogtours-gen3nu-452026,[Gen 3] NU,2019-07-21 01:08:42,,rollout35893,rock51085,rock51085,False,"['Haunter', 'Arbok', 'Bellossom', 'Vigoroth', 'Relicanth', 'Glalie']","['Pidgeot', 'Seviper', 'Bellossom', 'Sableye', 'Glalie']",34,11,12
smogtours-gen3nu-790603,[Gen 3] NU,2024-09-14 18:24:07,,futuresight13270,ursaring64445,futuresight13270,True,"['Chimecho', 'Relicanth', 'Bellossom']","['Wailord', 'Haunter', 'Hitmonchan', 'Sableye', 'Chimecho']",13,3,6
gen3nu-1096238056,[Gen 3] NU,2020-04-14 00:29:17,,cherrim43121,yawn25100,yawn25100,False,"['Huntail', 'Flareon', 'Hitmonchan', 'Sableye', 'Metang', 'Glalie']","['Torkoal', 'Wartortle', 'Lickitung', 'Sableye', 'Chimecho', 'Roselia']",62,19,23
smogtours-gen3nu-845987,[Gen 3] NU,2025-05-25 19:30:06,,futuresight13270,poisontail76206,futuresight13270,False,"['Torkoal', 'Roselia', 'Wailord', 'Haunter']","['Wailord', 'Flareon', 'Sableye', 'Bellossom', 'Metang', 'Glalie']",25,5,8
smogtours-gen3nu-586241,[Gen 3] NU,2021-10-12 20:38:30,,habanberry33794,altaria32948,altaria32948,False,"['Seadra', 'Flareon', 'Hitmonchan', 'Murkrow', 'Dewgong', 'Vigoroth']","['Sudowoodo', 'Haunter', 'Dewgong', 'Metang', 'Chimecho', 'Roselia']",26,8,13
gen3nu-927532254,[Gen 3] NU,2019-06-13 17:01:05,,payday74254,wailmer43107,payday74254,False,"['Flaaffy', 'Nosepass', 'Seaking', 'Magnemite', 'Delibird', 'Taillow']","['Cubone', 'Nosepass', 'Psyduck', 'Gloom', 'Chinchou', 'Delibird']",30,9,7
gen3nu-2136387681,[Gen 3] NU,2024-06-04 00:09:32,,wacanberry71003,espeon66056,espeon66056,False,"['Kecleon', 'Hitmonchan', 'Bellossom', 'Chimecho', 'Relicanth', 'Glalie']","['Hitmonchan', 'Cacturne', 'Lickitung', 'Whiscash', 'Sableye', 'Chimecho']",87,12,24
gen3nu-1114897766,[Gen 3] NU,2020-05-15 02:58:04,,anorith92954,wailmer43107,anorith92954,True,"['Meowth', 'Natu', 'Bayleef']","['Voltorb', 'Butterfree', 'Grimer', 'Snorunt', 'Nosepass']",21,4,7
smogtours-gen3nu-846126,[Gen 3] NU,2025-05-25 23:51:35,,weepinbell75190,futuresight13270,weepinbell75190,False,"['Huntail', 'Wailord', 'Glalie', 'Hitmonchan']","['Wailord', 'Vigoroth', 'Sableye', 'Furret', 'Chimecho', 'Glalie']",29,3,11
smogtours-gen3nu-724810,[Gen 3] NU,2023-10-19 22:34:34,,swift96975,rotomfan35023,rotomfan35023,False,"['Wailord', 'Flareon', 'Octillery', 'Haunter', 'Chimecho', 'Glalie']","['Kingler', 'Wailord', 'Flareon', 'Haunter', 'Metang', 'Glalie']",20,9,9
smogtours-gen3nu-663609,[Gen 3] NU,2022-12-03 20:04:13,,noctowl47464,stench25210,stench25210,False,"['Seadra', 'Wailord', 'Hitmonchan', 'Haunter', 'Chimecho', 'Glalie']","['Wailord', 'Flareon', 'Haunter', 'Hitmonchan', 'Bellossom', 'Glalie']",25,10,12
gen3nu-1074250558,[Gen 3] NU,2020-03-06 00:19:51,,honchkrow58473,entei72987,entei72987,False,"['Seadra', 'Flareon', 'Hitmonchan', 'Murkrow', 'Dewgong', 'Vigoroth']","['Tropius', 'Haunter', 'Dewgong', 'Metang', 'Glalie']",29,12,11
smogtours-gen3nu-592357,[Gen 3] NU,2021-11-09 20:28:30,,denpowersteel79771,whirlpool40763,whirlpool40763,False,"['Wailord', 'Torkoal', 'Wigglytuff', 'Arbok', 'Metang', 'Chimecho']","['Wailord', 'Tropius', 'Murkrow', 'Metang', 'Chimecho', 'Roselia']",41,18,19
smogtours-gen3nu-691134,[Gen 3] NU,2023-05-05 21:48:13,,futuresight13270,dragondance38276,futuresight13270,False,"['Kingler', 'Plusle', 'Octillery', 'Metang', 'Chimecho', 'Glalie']","['Magby', 'Wailord', 'Mawile', 'Bellossom', 'Diglett', 'Golbat']",26,12,9
gen3nu-892412221,[Gen 3] NU,2019-04-13 21:39:20,,wiseglasses25366,omanyte58063,wiseglasses25366,True,"['Shelgon', 'Roselia', 'Haunter']","['Shelgon', 'Raticate', 'Cacturne', 'Wartortle', 'Vigoroth']",28,2,7
gen3nu-1048997605,[Gen 3] NU,2020-01-19 09:55:46,,ironball34244,swift79929,ironball34244,False,"['Seadra', 'Flareon', 'Hitmonchan', 'Murkrow', 'Dewgong', 'Vigoroth']","['Shelgon', 'Hitmonchan', 'Relicanth', 'Sableye', 'Roselia', 'Golbat']",31,10,13
smogtours-gen3nu-604818,[Gen 3] NU,2022-01-23 21:35:49,,sentret65215,corphish56783,sentret65215,False,"['Kingler', 'Huntail', 'Pelipper', 'Dewgong', 'Whiscash', 'Relicanth']","['Plusle', 'Flaaffy', 'Minun', 'Chinchou', 'Pikachu', 'Magnemite']",14,6,6
gen3nu-848129376,[Gen 3] NU,2019-01-13 03:25:28,,levitate42349,drainpunch57450,levitate42349,True,"['Minun', 'Dragonair', 'Omanyte', 'Clamperl']","['Furret', 'Cacnea', 'Delibird', 'Marshtomp']",9,3,4
gen3nu-1136149238,[Gen 3] NU,2020-06-20 16:02:39,,mamoswine41640,shieldon58011,shieldon58011,False,"['Sudowoodo', 'Hitmonchan', 'Whiscash', 'Metang', 'Chimecho', 'Roselia']","['Flareon', 'Raticate', 'Hitmonchan', 'Murkrow', 'Dewgong', 'Abra']",22,10,8
gen3nu-928756308,[Gen 3] NU,2019-06-15 17:14:37,,rawstberry57157,shaymin71333,shaymin71333,False,"['Pineco', 'Rhyhorn', 'Gloom', 'Masquerain', 'Magnemite', 'Delibird']","['Growlithe', 'Snorunt', 'Nosepass', 'Seaking', 'Elekid', 'Gloom']",26,8,6
gen3nu-438711038,[Gen 3] NU,2016-09-16 16:21:18,,poisonheal87841,arceusdragon51803,arceusdragon51803,False,"['Flareon', 'Hitmonchan', 'Mawile', 'Crawdaunt', 'Masquerain']","['Pidgeot', 'Cacturne', 'Pikachu', 'Relicanth', 'Glalie']",18,9,5
gen3nu-1145093647,[Gen 3] NU,2020-07-04 18:23:19,,sketch29485,mareep91568,sketch29485,False,"['Wailord', 'Flareon', 'Haunter', 'Hitmonchan', 'Pupitar', 'Chimecho']","['Kecleon', 'Hitmonchan', 'Mawile', 'Pelipper', 'Pupitar', 'Roselia']",38,12,14
gen3nu-1167805972,[Gen 3] NU,2020-08-12 20:13:39,,kabutops99333,hitmonchan33510,kabutops99333,False,"['Torkoal', 'Cacturne', 'Mawile', 'Vigoroth', 'Golbat']","['Beautifly', 'Magcargo', 'Butterfree', 'Hitmonchan', 'Crawdaunt', 'Whiscash']",30,7,9
smogtours-gen3nu-486531,[Gen 3] NU,2020-04-01 16:23:34,,dewgong87961,rock51085,dewgong87961,False,"['Wailord', 'Torkoal', 'Haunter', 'Metang', 'Chimecho', 'Glalie']","['Wailord', 'Pidgeot', 'Seviper', 'Bellossom', 'Sableye', 'Glalie']",32,7,13
smogtours-gen3nu-695386,[Gen 3] NU,2023-06-03 19:19:59,,honeygather86735,splash22725,splash22725,True,"['Flareon', 'Haunter', 'Bellossom', 'Pelipper', 'Relicanth', 'Glalie']","['Sudowoodo', 'Octillery', 'Hitmonchan', 'Sableye', 'Roselia']",46,15,5
gen3nu-929394943,[Gen 3] NU,2019-06-16 18:52:09,,lunardance19168,lickitung16980,lunardance19168,False,"['Growlithe', 'Snorunt', 'Nosepass', 'Seaking', 'Elekid', 'Gloom']","['Pineco', 'Castform', 'Chinchou', 'Gloom', 'Koffing', 'Delibird']",28,9,10
gen3nu-1128012486,[Gen 3] NU,2020-06-06 18:22:26,,highjumpkick7735,psyduck38308,psyduck38308,False,"['Doduo', 'Marshtomp', 'Metang', 'Omanyte', 'Ivysaur', 'Sealeo']","['Pineco', 'Shelgon', 'Ivysaur', 'Metang', 'Duskull', 'Abra']",51,11,10
smogtours-gen3nu-711876,[Gen 3] NU,2023-08-24 03:32:35,,hypervoice57448,icebeam68384,hypervoice57448,False,"['Wailord', 'Haunter', 'Bellossom', 'Pikachu', 'Glalie']","['Wailord', 'Huntail', 'Flareon', 'Haunter', 'Metang', 'Glalie']",17,5,6
gen3nu-1126769519,[Gen 3] NU,2020-06-04 17:53:19,,adaptability26680,psyduck38308,adaptability26680,True,"['Seadra', 'Houndour', 'Graveler', 'Haunter', 'Ivysaur', 'Golbat']","['Seadra', 'Shelgon', 'Metang', 'Wartortle', 'Sealeo', 'Abra']",42,11,19
smogtours-gen3nu-664181,[Gen 3] NU,2022-12-09 22:32:01,,headbutt48227,kakuna89346,kakuna89346,False,"['Combusken', 'Snorunt', 'Dragonair', 'Mawile', 'Furret', 'Tangela']","['Omanyte', 'Minun', 'Furret', 'Vibrava', 'Gastly']",38,13,10
smogtours-gen3nu-792181,[Gen 3] NU,2024-09-22 18:40:28,,poisonpoint5603,mirrormove8296,mirrormove8296,True,"['Plusle', 'Hitmonchan', 'Haunter', 'Mawile', 'Cacturne', 'Metang']","['Metang', 'Golbat', 'Hitmonchan', 'Cacturne']",15,8,5
gen3nu-1128632599,[Gen 3] NU,2020-06-07 20:01:30,,latios39178,arcanine30320,latios39178,True,"['Kecleon', 'Hitmonchan', 'Mawile', 'Chimecho', 'Glalie']","['Hitmonchan', 'Sableye']",13,4,1
gen3nu-1128617465,[Gen 3] NU,2020-06-07 19:34:34,,latios39178,grotle43048,latios39178,False,"['Chimecho', 'Glalie', 'Kecleon', 'Huntail']","['Kingler', 'Tropius', 'Torkoal', 'Hitmonchan', 'Haunter', 'Beedrill']",29,8,12
smogtours-gen3nu-551439,[Gen 3] NU,2021-03-28 17:26:55,,bubblebeam57653,sceptile30575,bubblebeam57653,False,"['Wailord', 'Kecleon', 'Plusle', 'Haunter', 'Glalie']","['Wailord', 'Mawile', 'Bellossom', 'Sableye', 'Diglett', 'Glalie']",29,6,10
gen3nu-1083662149,[Gen 3] NU,2020-03-23 00:17:48,,breloom95698,mintberry2773,breloom95698,False,"['Chinchou', 'Cyndaquil', 'Pineco']","['Snubbull', 'Pineco', 'Ledyba', 'Houndour', 'Totodile', 'Phanpy']",15,4,5
smogtours-gen3nu-737807,[Gen 3] NU,2024-01-06 21:04:07,,outrage46997,swift96975,swift96975,True,"['Hitmonchan', 'Dewgong', 'Chinchou', 'Sableye', 'Tangela', 'Golbat']","['Flareon', 'Bellossom', 'Metang', 'Chimecho', 'Glalie']",34,11,9
smogtours-gen3nu-604807,[Gen 3] NU,2022-01-23 21:15:02,,rampardos23359,corphish56783,corphish56783,False,"['Marshtomp', 'Graveler', 'Piloswine', 'Pupitar', 'Whiscash', 'Diglett']","['Smoochum', 'Piloswine', 'Dewgong', 'Sealeo', 'Glalie', 'Delibird']",26,9,8
gen3nu-434155425,[Gen 3] NU,2016-09-09 16:59:34,,powerlens25718,poisonheal87841,poisonheal87841,True,"['Pidgeot', 'Plusle', 'Chimecho', 'Sableye', 'Swalot']","['Mawile', 'Dragonair', 'Yanma']",14,5,2
smogtours-gen3nu-687317,[Gen 3] NU,2023-04-14 21:17:23,,rotomfan35023,minun6717,minun6717,False,"['Wailord', 'Huntail', 'Torkoal', 'Hitmonchan', 'Haunter', 'Glalie']","['Flareon', 'Octillery', 'Pikachu', 'Metang', 'Roselia']",24,13,7
smogtours-gen3nu-729758,[Gen 3] NU,2023-11-10 21:13:59,,crunch37612,tangledfeet30693,crunch37612,False,"['Flareon', 'Dewgong', 'Vigoroth', 'Sableye', 'Pupitar']","['Seadra', 'Huntail', 'Flareon', 'Haunter', 'Metang', 'Glalie']",21,7,9
smogtours-gen3nu-486138,[Gen 3] NU,2020-03-30 18:59:35,,horndrill95935,bubblebeam57653,horndrill95935,True,"['Pidgeot', 'Octillery', 'Haunter', 'Mawile', 'Charmeleon', 'Roselia']","['Wailord', 'Tropius', 'Hitmonchan', 'Mawile', 'Sableye', 'Glalie']",28,8,14
gen3nu-1082521275,[Gen 3] NU,2020-03-20 21:28:09,,psyduck38308,pidgeot31794,pidgeot31794,False,"['Marshtomp', 'Haunter', 'Metang', 'Sealeo', 'Diglett', 'Duskull']","['Dragonair', 'Haunter', 'Wartortle', 'Metang', 'Diglett', 'Abra']",31,14,12
gen3nu-1130191930,[Gen 3] NU,2020-06-10 11:02:35,,glaceon53740,slakoth53488,glaceon53740,False,"['Metang', 'Hitmonchan', 'Pikachu', 'Bellossom', 'Sableye', 'Roselia']","['Hitmonchan', 'Sableye', 'Dewgong', 'Pikachu', 'Glalie', 'Golbat']",34,13,9
smogtours-gen3nu-716115,[Gen 3] NU,2023-09-14 19:24:17,,stench25210,gastly60768,stench25210,False,"['Wailord', 'Kecleon', 'Torkoal', 'Hitmonchan', 'Chimecho']","['Torkoal', 'Hitmonchan', 'Bellossom', 'Chimecho', 'Pupitar', 'Glalie']",38,10,15
gen3nu-854618598,[Gen 3] NU,2019-01-27 19:25:58,,denpowersteel79771,sniper70774,denpowersteel79771,False,"['Trapinch', 'Wigglytuff', 'Omanyte', 'Grovyle', 'Gastly', 'Yanma']","['Houndour', 'Omanyte', 'Minun', 'Furret', 'Beedrill', 'Yanma']",36,9,13
smogtours-gen3nu-805529,[Gen 3] NU,2024-11-09 19:14:25,,normalize71205,shinystone44310,shinystone44310,True,"['Flareon', 'Sableye', 'Mawile', 'Bellossom', 'Pikachu', 'Glalie']","['Flareon', 'Raticate', 'Hitmonchan', 'Pelipper', 'Metang', 'Glalie']",30,15,11
gen3nu-1086281643,[Gen 3] NU,2020-03-27 15:32:13,,pidgeot31794,psyduck38308,psyduck38308,False,"['Trapinch', 'Dragonair', 'Haunter', 'Wartortle', 'Metang', 'Abra']","['Shelgon', 'Cubone', 'Metang', 'Dragonair', 'Sealeo', 'Golbat']",31,9,10
smogtours-gen3nu-814304,[Gen 3] NU,2025-01-16 13:13:18,,vitalspirit41729,drapion57021,vitalspirit41729,True,"['Wailord', 'Flareon', 'Hitmonchan', 'Sableye', 'Chimecho', 'Glalie']","['Wailord', 'Torkoal', 'Haunter', 'Metang', 'Chimecho', 'Glalie']",42,10,11
gen3nu-1147604878,[Gen 3] NU,2020-07-08 20:32:12,,icebody70639,seedflare81285,icebody70639,False,"['Flareon', 'Raticate', 'Haunter', 'Dewgong', 'Glalie']","['Flareon', 'Cacturne', 'Dewgong', 'Vigoroth', 'Metang', 'Golbat']",23,7,8
smogtours-gen3nu-645224,[Gen 3] NU,2022-08-26 23:08:16,,drillpeck45275,empoleon29019,drillpeck45275,False,"['Wailord', 'Tropius', 'Dunsparce', 'Octillery', 'Cacturne', 'Relicanth']","['Huntail', 'Volbeat', 'Hitmonchan', 'Haunter', 'Murkrow', 'Metang']",25,10,13
gen3nu-1125538087,[Gen 3] NU,2020-06-02 18:24:37,,endure97936,frz20580,endure97936,False,"['Pidgeot', 'Flareon', 'Raticate', 'Haunter', 'Hitmonchan', 'Bellossom']","['Pidgeot', 'Flareon', 'Hitmonchan', 'Dewgong', 'Pikachu', 'Parasect']",27,11,9
gen3nu-2193834536,[Gen 3] NU,2024-09-03 18:04:49,,transform43857,magmarizer89536,transform43857,False,"['Chimecho', 'Roselia', 'Flareon', 'Hitmonchan']","['Raticate', 'Hitmonchan', 'Sableye', 'Bellossom', 'Pikachu', 'Pupitar']",16,3,5
smogtours-gen3nu-439585,[Gen 3] NU,2019-05-04 18:37:28,,mail80062,watmelberry41213,watmelberry41213,False,"['Flareon', 'Hitmonchan', 'Pupitar', 'Sableye', 'Chimecho', 'Roselia']","['Flareon', 'Diglett', 'Mawile', 'Bellossom', 'Chimecho', 'Roselia']",42,10,14
smogtours-gen3nu-595761,[Gen 3] NU,2021-12-02 21:31:15,,fullincense89638,empoleon29019,empoleon29019,False,"['Torkoal', 'Cacturne', 'Piloswine', 'Dewgong', 'Diglett', 'Tangela']","['Wailord', 'Haunter', 'Bellossom', 'Metang', 'Glalie']",21,14,9
smogtours-gen3nu-727528,[Gen 3] NU,2023-10-29 19:12:59,,outrage46997,buneary57593,buneary57593,False,"['Hitmonchan', 'Cacturne', 'Piloswine', 'Dewgong', 'Sableye', 'Golbat']","['Pidgeot', 'Wailord', 'Sableye', 'Cacturne', 'Metang', 'Chimecho']",51,21,20
gen3nu-2081030912,[Gen 3] NU,2024-03-14 19:53:07,,sitrusberry18737,noeffect35007,sitrusberry18737,False,"['Wailord', 'Plusle', 'Metang', 'Chimecho', 'Roselia', 'Golbat']","['Wailord', 'Tropius', 'Murkrow', 'Metang', 'Chimecho', 'Roselia']",40,11,10
gen3nu-925935004,[Gen 3] NU,2019-06-10 22:19:38,,dragonrush45934,adaptability26680,adaptability26680,False,"[""Farfetch'D"", 'Bayleef', 'Larvitar', 'Bagon', 'Zigzagoon', 'Ledian']","['Growlithe', 'Staryu', 'Delibird', 'Grimer']",16,6,6
smogtours-gen3nu-712867,[Gen 3] NU,2023-08-28 18:17:46,,whirlpool40763,rotomfan35023,rotomfan35023,False,"['Wailord', 'Pupitar', 'Metang', 'Chimecho', 'Roselia', 'Golbat']","['Torkoal', 'Octillery', 'Dewgong', 'Metang', 'Glalie']",17,8,7
gen3nu-875807406,[Gen 3] NU,2019-03-14 01:10:03,,mail80062,acupressure5238,mail80062,True,"['Roselia', 'Octillery', 'Flareon']","['Octillery', 'Volbeat', 'Haunter', 'Minun', 'Glalie']",21,5,6
gen3nu-933065478,[Gen 3] NU,2019-06-22 19:25:21,,dark77821,lowkick70910,dark77821,False,"['Nosepass', 'Seaking', 'Meditite', 'Gloom', 'Delibird', 'Taillow']","['Bayleef', 'Cubone', 'Meditite', 'Chinchou', 'Koffing', 'Delibird']",34,11,12
gen3nu-1175913297,[Gen 3] NU,2020-08-26 20:29:56,,poliwag79956,zangoose62357,poliwag79956,False,"['Raticate', 'Haunter', 'Hitmonchan', 'Crawdaunt', 'Sableye', 'Chimecho']","['Yanma', 'Raticate', 'Haunter', 'Hitmonchan', 'Diglett', 'Abra']",20,6,7
smogtours-gen3nu-443390,[Gen 3] NU,2019-05-26 00:05:37,,murkrow56783,suctioncups53417,suctioncups53417,False,"['Pidgeot', 'Wailord', 'Pupitar', 'Metang', 'Chimecho', 'Roselia']","['Wailord', 'Mawile', 'Bellossom', 'Sableye', 'Diglett', 'Glalie']",39,14,17
gen3nu-430506564,[Gen 3] NU,2016-09-03 22:28:10,,golbat82152,luxray52006,luxray52006,False,"['Machoke', 'Noctowl', 'Mightyena', 'Haunter', 'Meditite', 'Lairon']","['Pidgeot', 'Sudowoodo', 'Bellossom', 'Swalot', 'Glalie']",26,9,6
gen3nu-1162301305,[Gen 3] NU,2020-08-03 02:39:27,,seedbomb34981,spite7766,seedbomb34981,False,"['Nosepass', 'Haunter', 'Pikachu', 'Metang', 'Roselia', 'Abra']","['Pidgeot', 'Torkoal', 'Hitmonchan', 'Bellossom', 'Pikachu', 'Chimecho']",48,21,19
gen3nu-1001448107,[Gen 3] NU,2019-10-31 01:01:25,,intimidate75275,pidgeotto55239,intimidate75275,True,"['Pidgeot', 'Magcargo', 'Hitmonchan', 'Seaking', 'Chimecho', 'Roselia']","['Hitmonchan', 'Dewgong', 'Vigoroth', 'Chimecho', 'Roselia', 'Golbat']",36,14,16
smogtours-gen3nu-645996,[Gen 3] NU,2022-09-02 00:54:29,,honeygather86735,drillpeck45275,honeygather86735,False,"['Flareon', 'Haunter', 'Dewgong', 'Vigoroth', 'Metang', 'Chimecho']","['Wailord', 'Huntail', 'Plusle', 'Cacturne', 'Metang', 'Golbat']",28,8,12
smogtours-gen3nu-496839,[Gen 3] NU,2020-05-01 12:28:44,,thrash80465,bubblebeam57653,bubblebeam57653,False,"['Wailord', 'Torkoal', 'Haunter', 'Metang', 'Chimecho', 'Roselia']","['Wailord', 'Tropius', 'Haunter', 'Crawdaunt', 'Pupitar', 'Glalie']",28,14,12
gen3nu-1081152816,[Gen 3] NU,2020-03-18 14:32:01,,psyduck38308,dragonfang79331,dragonfang79331,True,"['Pineco', 'Haunter', 'Meditite', 'Metang', 'Grovyle', 'Abra']","['Grovyle', 'Marshtomp', 'Haunter']",19,9,3
gen3nu-1044792433,[Gen 3] NU,2020-01-12 00:40:58,,ember97398,chikorita61873,ember97398,True,"['Pupitar', 'Haunter', 'Hitmonchan', 'Metang']","['Kecleon', 'Hitmonchan', 'Bellossom', 'Chimecho', 'Glalie']",27,5,11
smogtours-gen3nu-816525,[Gen 3] NU,2025-01-26 22:42:04,,vitalspirit41729,pickup28423,pickup28423,False,"['Plusle', 'Octillery', 'Hitmonchan', 'Arbok', 'Sableye', 'Glalie']","['Plusle', 'Octillery', 'Hitmonchan', 'Arbok', 'Chimecho', 'Glalie']",41,15,9
smogtours-gen3nu-486776,[Gen 3] NU,2020-04-02 14:59:41,,bubblebeam57653,whirlpool40763,whirlpool40763,False,"['Haunter', 'Cacturne', 'Minun', 'Chimecho', 'Relicanth', 'Glalie']","['Flareon', 'Wigglytuff', 'Raticate', 'Bellossom', 'Golbat']",23,7,6
gen3nu-1148259233,[Gen 3] NU,2020-07-09 21:27:59,,outrage29420,sketch29485,sketch29485,False,"['Venomoth', 'Wailord', 'Cacturne', 'Chimecho', 'Metang', 'Pupitar']","['Wailord', 'Huntail', 'Plusle', 'Mawile', 'Metang', 'Glalie']",22,7,13
smogtours-gen3nu-442525,[Gen 3] NU,2019-05-19 23:09:00,,tangledfeet73734,watmelberry41213,watmelberry41213,False,"['Flareon', 'Raticate', 'Murkrow', 'Relicanth', 'Chimecho', 'Roselia']","['Dunsparce', 'Flareon', 'Hitmonchan', 'Whiscash', 'Sableye']",65,29,27
gen3nu-1013546172,[Gen 3] NU,2019-11-21 00:02:24,,magnitude91210,drillpeck50055,magnitude91210,False,"['Octillery', 'Hitmonchan', 'Bellossom', 'Lickitung', 'Chimecho', 'Glalie']","['Wailord', 'Cubone', 'Shellder', 'Parasect', 'Tangela', 'Delibird']",167,45,6
smogtours-gen3nu-446970,[Gen 3] NU,2019-06-12 20:08:58,,sunkern78687,chartiberry95074,sunkern78687,False,"['Bayleef', 'Rhyhorn', 'Nosepass', 'Delcatty', 'Castform', 'Koffing']","['Cacnea', 'Grimer', 'Spinda', 'Lileep', 'Seaking', 'Delibird']",39,16,15
gen3nu-2123500038,[Gen 3] NU,2024-05-13 02:40:38,,roost11410,rarebone4723,rarebone4723,True,"['Octillery', 'Lileep', 'Hitmonchan', 'Ariados', 'Ledian']","['Murkrow', 'Hitmonchan', 'Flareon', 'Cacturne']",17,5,3
gen3nu-928831163,[Gen 3] NU,2019-06-15 19:34:31,,psychocut93276,forretress73728,psychocut93276,False,"['Pineco', 'Nosepass', 'Meditite', 'Chinchou', 'Gloom', 'Delibird']","['Spoink', 'Growlithe', 'Cubone', 'Gloom', 'Ledian', 'Delibird']",27,12,10
smogtours-gen3nu-477813,[Gen 3] NU,2020-02-28 07:47:00,,thunderstone74942,pikachu5449,thunderstone74942,False,"['Venomoth', 'Hitmonchan', 'Mawile', 'Bellossom', 'Vigoroth', 'Abra']","['Octillery', 'Crawdaunt', 'Sableye', 'Ariados', 'Glalie', 'Golbat']",50,14,18
gen3nu-1094377910,[Gen 3] NU,2020-04-10 18:10:50,,bubblebeam57653,owntempo57228,bubblebeam57653,False,"['Wailord', 'Torkoal', 'Sableye', 'Pupitar', 'Glalie', 'Golbat']","['Flareon', 'Hitmonchan', 'Crawdaunt', 'Metang', 'Chimecho', 'Roselia']",42,18,15
smogtours-gen3nu-505948,[Gen 3] NU,2020-06-11 20:24:22,,crunch40061,glaceon67942,glaceon67942,False,"['Wailord', 'Graveler', 'Bellossom', 'Chimecho', 'Glalie', 'Golbat']","['Wailord', 'Torkoal', 'Haunter', 'Metang', 'Chimecho', 'Glalie']",29,8,8
smogtours-gen3nu-760666,[Gen 3] NU,2024-04-13 13:34:44,,bubblebeam57653,mawile36886,mawile36886,False,"['Huntail', 'Plusle', 'Haunter', 'Cacturne', 'Dewgong', 'Relicanth']","['Wailord', 'Flareon', 'Haunter', 'Bellossom', 'Metang', 'Glalie']",20,10,7
gen3nu-941166978,[Gen 3] NU,2019-07-07 19:31:52,,transform65474,medicham64289,medicham64289,False,"['Cubone', 'Flaaffy', 'Nosepass', 'Gloom', 'Wailmer', 'Delibird']","[""Farfetch'D"", 'Pineco', 'Gloom', 'Magnemite', 'Wailmer']",56,17,10
gen3nu-847184331,[Gen 3] NU,2019-01-11 00:23:29,,choicespecs43511,tamatoberry1958,choicespecs43511,True,"['Minun', 'Sealeo', 'Furret', 'Grovyle', 'Gastly', 'Yanma']","['Minun', 'Sealeo', 'Furret', 'Grovyle', 'Gastly', 'Yanma']",35,10,14
gen3nu-2318237071,[Gen 3] NU,2025-03-12 22:10:15,,charcoal70,frenzyplant87849,frenzyplant87849,False,"['Flareon', 'Hitmonchan', 'Pelipper', 'Sableye', 'Diglett', 'Roselia']","['Haunter', 'Roselia', 'Wailord', 'Crawdaunt']",19,11,4
smogtours-gen3nu-610013,[Gen 3] NU,2022-02-23 18:35:34,,mindplate42012,flaaffy13191,flaaffy13191,True,"['Noctowl', 'Marshtomp', 'Houndour', 'Dragonair', 'Minun', 'Corsola']","['Marshtomp', 'Bayleef', 'Omanyte', 'Minun', 'Masquerain']",36,14,11
smogtours-gen3nu-452029,[Gen 3] NU,2019-07-21 01:25:06,,rollout35893,rock51085,rock51085,True,"['Wailord', 'Flareon', 'Haunter', 'Mawile', 'Murkrow', 'Roselia']","['Flareon', 'Dunsparce', 'Hitmonchan', 'Whiscash', 'Sableye', 'Roselia']",57,23,19
gen3nu-429718824,[Gen 3] NU,2016-09-02 20:48:22,,armthrust82899,mysticwater90061,mysticwater90061,False,"['Sudowoodo', 'Shelgon', 'Haunter', 'Dewgong', 'Chimecho', 'Tangela']","['Glalie', 'Dewgong', 'Pikachu']",9,6,2
smogtours-gen3nu-843974,[Gen 3] NU,2025-05-18 19:45:34,,futuresight13270,airslash47650,futuresight13270,True,"['Pidgeot', 'Flareon', 'Haunter', 'Whiscash', 'Diglett', 'Glalie']","['Wailord', 'Flareon', 'Hitmonchan', 'Metang', 'Glalie']",23,11,11
gen3nu-1167806526,[Gen 3] NU,2020-08-12 20:15:20,,onix93063,swift79929,swift79929,False,"['Graveler', 'Piloswine', 'Pikachu', 'Swalot', 'Beedrill', 'Abra']","['Glalie', 'Metang']",9,5,1
smogtours-gen3nu-762233,[Gen 3] NU,2024-04-20 14:23:45,,bubblebeam57653,airslash47650,airslash47650,True,"['Wailord', 'Tropius', 'Sudowoodo', 'Mightyena', 'Hitmonchan', 'Vigoroth']","['Bellossom', 'Wailord', 'Glalie', 'Chimecho']",36,21,14
gen3nu-1169325519,[Gen 3] NU,2020-08-15 13:32:45,,honchkrow61705,metronome12767,metronome12767,False,"['Porygon', 'Shedinja', 'Hitmonchan', 'Cacturne', 'Dewgong', 'Illumise']","['Mawile', 'Whiscash', 'Ariados', 'Roselia', 'Abra']",30,16,9
gen3nu-1143010129,[Gen 3] NU,2020-07-01 06:17:46,,headsmash56065,arceusice601,arceusice601,False,"['Torkoal', 'Mightyena', 'Bellossom', 'Sableye', 'Diglett', 'Shroomish']","['Kecleon', 'Sableye', 'Hitmonchan', 'Pikachu']",20,6,3
gen3nu-967051876,[Gen 3] NU,2019-08-27 23:35:41,,rindoberry379,choicespecs43511,choicespecs43511,False,"['Castform', 'Nosepass', 'Meditite', 'Chinchou', 'Koffing', 'Delibird']","['Voltorb', 'Grimer', 'Cubone', 'Seaking', 'Horsea', 'Taillow']",25,10,10
smogtours-gen3nu-805150,[Gen 3] NU,2024-11-07 21:17:14,,weepinbell75190,razzberry64813,weepinbell75190,False,"['Wailord', 'Glalie', 'Raticate', 'Haunter']","['Pidgeot', 'Wailord', 'Hitmonchan', 'Bellossom', 'Swalot', 'Glalie']",12,5,7
smogtours-gen3nu-626781,[Gen 3] NU,2022-05-15 22:48:17,,flamebody71831,golduck61301,flamebody71831,False,"['Wailord', 'Flareon', 'Plusle', 'Metang', 'Chimecho', 'Glalie']","['Venomoth', 'Tropius', 'Flareon', 'Hitmonchan', 'Arbok', 'Dewgong']",35,13,13
smogtours-gen3nu-645873,[Gen 3] NU,2022-08-31 20:42:45,,wynaut4615,futuresight13270,futuresight13270,False,"['Huntail', 'Plusle', 'Haunter', 'Seaking', 'Relicanth', 'Glalie']","['Flareon', 'Hitmonchan', 'Crawdaunt', 'Chimecho', 'Relicanth', 'Roselia']",25,9,11
gen3nu-925559597,[Gen 3] NU,2019-06-10 09:44:11,,heatran82153,shaymin49010,shaymin49010,False,"['Machop', 'Staryu', 'Rhyhorn', 'Snorunt', 'Elekid', 'Gloom']","['Voltorb', 'Grimer', 'Cubone', 'Seaking', 'Horsea', 'Taillow']",38,11,10
gen3nu-1114121990,[Gen 3] NU,2020-05-13 20:59:06,,gunkshot9424,slakoth53488,gunkshot9424,False,"['Kecleon', 'Octillery', 'Haunter', 'Hitmonchan', 'Metang', 'Pupitar']","['Hitmonchan', 'Pikachu', 'Dewgong', 'Sableye', 'Glalie', 'Golbat']",36,18,16
gen3nu-829903198,[Gen 3] NU,2018-11-03 15:02:09,,wormadam35982,mudslap23591,wormadam35982,False,"['Huntail', 'Flareon', 'Haunter', 'Hitmonchan', 'Pikachu', 'Glalie']","['Noctowl', 'Quilava', 'Whiscash', 'Pikachu', 'Glalie', 'Golbat']",22,6,8
smogtours-gen3nu-485975,[Gen 3] NU,2020-03-29 21:22:03,,bubblebeam57653,pidgeot63551,bubblebeam57653,False,"['Flareon', 'Haunter', 'Pupitar', 'Dewgong', 'Chimecho', 'Glalie']","['Hitmonchan', 'Lickitung', 'Whiscash', 'Metang', 'Roselia', 'Golbat']",35,10,12
gen3nu-874311510,[Gen 3] NU,2019-03-10 23:20:40,,lustrousorb39738,npowerpsychic58525,lustrousorb39738,False,"['Pidgeot', 'Octillery', 'Pikachu', 'Whiscash', 'Crawdaunt']","['Pidgeot', 'Flareon', 'Shedinja', 'Pelipper', 'Crawdaunt', 'Shuckle']",24,5,7
gen3nu-1082428500,[Gen 3] NU,2020-03-20 18:30:04,,exploud92539,pidgeot31794,exploud92539,True,"['Pineco', 'Dragonair', 'Drowzee', 'Gloom', 'Metang']","['Abra', 'Dragonair', 'Haunter', 'Metang']",29,11,4
gen3nu-1122054522,[Gen 3] NU,2020-05-27 13:37:37,,suckerpunch51372,watergun59811,suckerpunch51372,False,"['Pidgeot', 'Flareon', 'Haunter', 'Arbok', 'Bellossom', 'Whiscash']","['Pidgeot', 'Huntail', 'Flareon', 'Hitmonchan', 'Metang', 'Chimecho']",39,10,12
gen3nu-938541806,[Gen 3] NU,2019-07-02 16:57:29,,icefang57178,wailmer43107,wailmer43107,False,"['Growlithe', 'Staryu', 'Pineco', 'Rhyhorn', 'Shuppet', 'Gloom']","['Cubone', 'Nosepass', 'Elekid', 'Gloom', 'Chinchou']",33,12,12
gen3nu-1052340168,[Gen 3] NU,2020-01-25 06:04:44,,cutecharm72527,alakazammega8565,alakazammega8565,True,"['Kecleon', 'Octillery', 'Haunter', 'Hitmonchan', 'Metang', 'Pupitar']","['Machoke', 'Tropius', 'Sudowoodo', 'Flareon', 'Dragonair', 'Dewgong']",87,27,29
smogtours-gen3nu-507545,[Gen 3] NU,2020-06-21 23:30:02,,glaceon67942,blacksludge66101,blacksludge66101,False,"['Wailord', 'Torkoal', 'Haunter', 'Metang', 'Chimecho', 'Glalie']","['Hitmonchan', 'Dewgong', 'Whiscash', 'Sableye', 'Roselia', 'Shuckle']",71,32,30
gen3nu-1137685102,[Gen 3] NU,2020-06-22 23:13:21,,happiny30290,lunatone14638,lunatone14638,False,"['Kingler', 'Spoink', 'Noctowl', 'Dunsparce', 'Crawdaunt', 'Abra']","['Flareon', 'Raticate', 'Hitmonchan', 'Metang', 'Chimecho']",22,7,6
smogtours-gen3nu-693629,[Gen 3] NU,2023-05-21 21:15:47,,shinystone44310,twistedspoon63684,twistedspoon63684,True,"['Raticate', 'Hitmonchan', 'Bellossom', 'Pelipper', 'Sableye', 'Chimecho']","['Flareon', 'Bellossom', 'Metang', 'Chimecho', 'Glalie']",56,19,16
smogtours-gen3nu-813523,[Gen 3] NU,2025-01-09 22:23:14,,roseincense97599,haunter12630,haunter12630,False,"['Huntail', 'Flareon', 'Haunter', 'Hitmonchan', 'Metang', 'Glalie']","['Kecleon', 'Machoke', 'Octillery', 'Hitmonchan', 'Metang', 'Golbat']",32,17,15
gen3nu-941170867,[Gen 3] NU,2019-07-07 19:36:57,,transform65474,medicham64289,medicham64289,False,"['Pineco', 'Nuzleaf', 'Nosepass', 'Castform', 'Elekid', 'Gloom']","['Growlithe', ""Farfetch'D"", 'Staryu', 'Gloom', 'Mankey', 'Magnemite']",26,7,10
gen3nu-433560909,[Gen 3] NU,2016-09-08 18:16:10,,bugbuzz90773,custapberry71278,bugbuzz90773,False,"['Torkoal', 'Haunter']","['Torkoal', 'Poliwhirl', 'Mawile', 'Glalie', 'Grovyle', 'Golbat']",14,1,7
gen3nu-1090198566,[Gen 3] NU,2020-04-03 09:59:44,,tox71156,twistedspoon63684,tox71156,True,"['Shelgon', 'Venomoth']","['Flareon', 'Arbok', 'Bellossom', 'Relicanth', 'Glalie']",12,1,4
gen3nu-1143361459,[Gen 3] NU,2020-07-01 20:42:55,,jumpluff89905,poisonpowder12665,jumpluff89905,False,"['Seadra', 'Tropius', 'Sudowoodo', 'Hitmonchan', 'Cacturne', 'Chimecho']","['Seadra', 'Flareon', 'Hitmonchan', 'Murkrow', 'Dewgong', 'Vigoroth']",25,10,9
smogtours-gen3nu-678038,[Gen 3] NU,2023-03-04 00:23:04,,barrier22690,magmortar19991,barrier22690,True,"['Hitmonchan', 'Lickitung', 'Whiscash', 'Sableye', 'Chimecho', 'Roselia']","['Wailord', 'Raticate', 'Haunter', 'Hitmonchan', 'Metang']",45,15,14
gen3nu-1079517266,[Gen 3] NU,2020-03-15 18:32:18,,tox71156,koffing93492,tox71156,True,"['Torkoal', 'Haunter', 'Dewgong', 'Metang', 'Roselia']","['Seadra', 'Flareon', 'Haunter', 'Hitmonchan', 'Pupitar']",24,11,10
smogtours-gen3nu-588452,[Gen 3] NU,2021-10-23 21:01:40,,haunter12630,honeygather86735,honeygather86735,False,"['Seadra', 'Huntail', 'Flareon', 'Metang', 'Sableye', 'Roselia']","['Wigglytuff', 'Haunter', 'Bellossom', 'Pelipper', 'Chimecho', 'Glalie']",32,14,9
gen3nu-1158285885,[Gen 3] NU,2020-07-27 01:40:07,,waterfall27998,bitterberry84865,waterfall27998,False,"['Wailord', 'Flareon', 'Plusle', 'Nosepass', 'Delcatty', 'Glalie']","['Seadra', 'Flareon', 'Hitmonchan', 'Murkrow', 'Dewgong', 'Vigoroth']",18,7,9
smogtours-gen3nu-627986,[Gen 3] NU,2022-05-23 02:36:59,,golduck61301,watersport3755,golduck61301,False,"['Wailord', 'Glalie', 'Pikachu', 'Metang']","['Huntail', 'Flareon', 'Haunter', 'Meditite', 'Pupitar', 'Glalie']",21,5,10
gen3nu-1167811722,[Gen 3] NU,2020-08-12 20:30:21,,xscissor99781,przcureberry35373,przcureberry35373,False,"['Kecleon', 'Octillery', 'Hitmonchan', 'Haunter', 'Metang', 'Pupitar']","['Wailord', 'Haunter', 'Hitmonchan', 'Metang', 'Chimecho', 'Glalie']",51,17,12
gen3nu-907978864,[Gen 3] NU,2019-05-11 20:30:12,,payday74254,psybeam14379,payday74254,False,"['Nosepass', 'Delcatty', 'Elekid', 'Gloom', 'Chinchou', 'Wailmer']","['Rhyhorn', 'Natu', 'Seaking', 'Elekid', 'Parasect', 'Taillow']",37,9,10
gen3nu-1093285478,[Gen 3] NU,2020-04-08 19:54:50,,loveball41396,granbull43273,granbull43273,True,"['Pidgeot', 'Magcargo', 'Hitmonchan', 'Seaking', 'Chimecho', 'Roselia']","['Flareon', 'Hitmonchan', 'Mawile', 'Pelipper', 'Sableye', 'Roselia']",53,19,29
gen3nu-923593245,[Gen 3] NU,2019-06-07 00:45:29,,suctioncups6827,wailmer43107,suctioncups6827,False,"['Grimer', 'Bayleef', 'Onix', 'Masquerain', 'Delibird']","['Pineco', 'Nuzleaf', 'Cubone', 'Nosepass', 'Gloom', 'Ledian']",36,15,13
gen3nu-1107003527,[Gen 3] NU,2020-05-01 21:47:04,,refresh57706,farfetchd83991,refresh57706,True,"['Flareon', 'Hitmonchan', 'Vigoroth', 'Chimecho', 'Relicanth', 'Roselia']","['Kecleon', 'Hitmonchan', 'Bellossom', 'Chimecho', 'Relicanth', 'Glalie']",39,12,8
gen3nu-1081160122,[Gen 3] NU,2020-03-18 14:49:51,,dragonfang79331,psyduck38308,dragonfang79331,True,"['Machoke', 'Bayleef', 'Shelgon', 'Dragonair', 'Metang']","['Pineco', 'Combusken', 'Haunter', 'Meditite', 'Metang', 'Grovyle']",29,5,10
gen3nu-848095992,[Gen 3] NU,2019-01-13 01:43:04,,mudkip8641,firepunch39331,mudkip8641,False,"['Dragonair', 'Omanyte', 'Ivysaur', 'Meditite', 'Delibird', 'Yanma']","['Dragonair', 'Minun', 'Lairon', 'Charmeleon', 'Furret', 'Sealeo']",35,13,12
gen3nu-926571629,[Gen 3] NU,2019-06-12 01:17:15,,icebeam49563,rawstberry64920,icebeam49563,False,"['Staryu', 'Grimer', 'Nosepass', 'Chinchou', 'Gloom']","['Snorunt', 'Nosepass', 'Elekid', 'Gloom', 'Zigzagoon', 'Ledian']",29,6,6
gen3nu-939110125,[Gen 3] NU,2019-07-03 18:10:57,,gust24774,mail79545,mail79545,False,"['Sunflora', 'Quilava', 'Delcatty', 'Omanyte', 'Vibrava', 'Yanma']","['Omanyte', 'Ivysaur', 'Minun', 'Masquerain', 'Furret']",24,10,8
smogtours-gen3nu-609949,[Gen 3] NU,2022-02-21 19:20:08,,spoink89835,volbeat11507,volbeat11507,False,"['Dragonair', 'Minun', 'Lairon', 'Furret', 'Sealeo', 'Charmeleon']","['Omanyte', 'Minun', 'Sealeo', 'Vibrava', 'Beedrill', 'Duskull']",45,21,23
smogtours-gen3nu-588261,[Gen 3] NU,2021-10-23 16:25:48,,honeygather86735,seedflare81285,honeygather86735,False,"['Wailord', 'Flareon', 'Raticate', 'Bellossom', 'Pikachu', 'Glalie']","['Wailord', 'Huntail', 'Plusle', 'Cacturne', 'Metang', 'Chimecho']",33,11,17
gen3nu-1122234018,[Gen 3] NU,2020-05-27 19:21:36,,slakoth53488,megakick97860,slakoth53488,False,"['Hitmonchan', 'Pikachu', 'Dewgong', 'Sableye', 'Glalie', 'Golbat']","['Seadra', 'Flareon', 'Hitmonchan', 'Murkrow', 'Dewgong', 'Vigoroth']",21,10,9
smogtours-gen3nu-609947,[Gen 3] NU,2022-02-21 19:09:57,,spoink89835,volbeat11507,volbeat11507,False,"['Doduo', 'Omanyte', 'Dragonair', 'Drowzee', 'Sealeo', 'Grovyle']","['Marshtomp', 'Bayleef', 'Combusken', 'Omanyte', 'Minun', 'Masquerain']",55,19,15
gen3nu-2280035154,[Gen 3] NU,2025-01-13 03:28:05,,ledyba46914,needlearm59980,needlearm59980,False,"['Wailord', 'Plusle', 'Haunter', 'Hitmonchan', 'Pupitar', 'Glalie']","['Huntail', 'Flareon', 'Octillery', 'Haunter', 'Metang', 'Glalie']",20,7,6
gen3nu-1105722959,[Gen 3] NU,2020-04-29 20:18:19,,goldeen37354,glaceon67942,glaceon67942,False,"['Doduo', 'Abra', 'Larvitar', 'Meowth', 'Diglett', 'Koffing']","['Staryu', 'Duskull', 'Pineco', 'Larvitar']",13,6,3
gen3nu-1143014551,[Gen 3] NU,2020-07-01 06:34:36,,headsmash56065,arceusice601,arceusice601,False,"['Torkoal', 'Mightyena', 'Bellossom', 'Sableye', 'Diglett', 'Shroomish']","['Kecleon', 'Sudowoodo', 'Hitmonchan', 'Pikachu', 'Sableye']",16,5,6
gen3nu-1125659535,[Gen 3] NU,2020-06-02 22:04:12,,endure97936,focusblast76943,endure97936,True,"['Huntail', 'Pidgeot', 'Glalie']","['Togetic', 'Torkoal', 'Octillery', 'Murkrow', 'Piloswine']",16,4,7
gen3nu-1155648807,[Gen 3] NU,2020-07-22 11:22:54,,flashcannon92897,hooh9414,flashcannon92897,True,"['Hitmonchan', 'Dewgong', 'Chimecho', 'Sableye', 'Swalot', 'Roselia']","['Bellossom', 'Dewgong', 'Crawdaunt', 'Pikachu', 'Beedrill']",25,9,4
smogtours-gen3nu-827514,[Gen 3] NU,2025-03-28 15:37:28,,weepinbell75190,yanma7568,weepinbell75190,False,"['Kecleon', 'Octillery', 'Haunter', 'Hitmonchan', 'Chimecho', 'Glalie']","['Huntail', 'Flareon', 'Haunter', 'Hitmonchan', 'Chimecho', 'Glalie']",32,9,9
smogtours-gen3nu-666596,[Gen 3] NU,2022-12-29 19:39:51,,azumarill79029,psn80445,azumarill79029,False,"['Pikachu', 'Mawile', 'Bellossom', 'Sableye', 'Diglett', 'Glalie']","['Wailord', 'Flareon', 'Mawile', 'Bellossom', 'Diglett', 'Golbat']",33,9,11
gen3nu-929435166,[Gen 3] NU,2019-06-16 19:58:27,,koffing93492,shieldon81188,koffing93492,False,"[""Farfetch'D"", 'Cubone', 'Delcatty', 'Meditite', 'Ledian', 'Delibird']","['Natu', 'Cubone', 'Larvitar', 'Flaaffy', 'Clefairy', 'Meditite']",17,8,5
gen3nu-1138093071,[Gen 3] NU,2020-06-23 15:20:01,,mantyke6294,drapion57021,mantyke6294,False,"['Wailord', 'Plusle', 'Hitmonchan', 'Haunter', 'Chimecho', 'Glalie']","['Wailord', 'Haunter', 'Grovyle', 'Sableye', 'Pupitar', 'Glalie']",24,9,8
smogtours-gen3nu-697328,[Gen 3] NU,2023-06-16 01:42:27,,magmortar19991,volttackle6680,magmortar19991,False,"['Wailord', 'Hitmonchan', 'Haunter', 'Metang', 'Roselia', 'Abra']","['Huntail', 'Flareon', 'Raticate', 'Haunter', 'Hitmonchan', 'Glalie']",20,6,8
gen3nu-1077633192,[Gen 3] NU,2020-03-12 08:25:26,,golduck26164,meganium84754,golduck26164,False,"[""Farfetch'D"", 'Mightyena', 'Natu', 'Cubone', 'Ditto', 'Clamperl']","['Marshtomp', 'Shelgon', 'Quilava', 'Haunter', 'Metang', 'Grovyle']",43,11,8
gen3nu-929295274,[Gen 3] NU,2019-06-16 15:48:31,,levitate42349,dark77821,dark77821,False,"['Sunflora', 'Poliwag', 'Snorunt', 'Delcatty', 'Bagon', 'Ledian']","['Nosepass', 'Seaking', 'Meditite', 'Gloom', 'Delibird', 'Taillow']",26,8,11
gen3nu-1114784873,[Gen 3] NU,2020-05-14 22:45:33,,dragonrush78324,oddincense6510,dragonrush78324,False,"['Venomoth', 'Kecleon', 'Raticate', 'Hitmonchan', 'Chimecho', 'Relicanth']","['Haunter', 'Hitmonchan', 'Murkrow', 'Chimecho', 'Pupitar', 'Glalie']",26,9,12
gen3nu-1098767765,[Gen 3] NU,2020-04-18 06:54:25,1068,miltank73528,earthplate73012,earthplate73012,True,"['Pidgeot', 'Wailord', 'Torkoal', 'Metang', 'Chimecho']","['Venomoth', 'Octillery', 'Delcatty', 'Mawile', 'Ledian']",34,5,8
smogtours-gen3nu-648611,[Gen 3] NU,2022-09-17 20:15:32,,shadowforce49172,honeygather86735,honeygather86735,False,"['Flareon', 'Wigglytuff', 'Wartortle', 'Bellossom', 'Metang', 'Golbat']","['Haunter', 'Hitmonchan', 'Pelipper', 'Metang', 'Chimecho', 'Glalie']",25,13,8
smogtours-gen3nu-718226,[Gen 3] NU,2023-09-22 21:50:56,,futuresight13270,stench25210,stench25210,False,"['Wailord', 'Raticate', 'Haunter', 'Bellossom', 'Metang', 'Glalie']","['Wailord', 'Huntail', 'Metang', 'Hitmonchan', 'Sableye', 'Glalie']",27,8,10
smogtours-gen3nu-451031,[Gen 3] NU,2019-07-08 15:43:06,,naturalcure94350,swarm55230,naturalcure94350,False,"['Kecleon', 'Tropius', 'Haunter', 'Hitmonchan', 'Relicanth', 'Glalie']","['Wailord', 'Mawile', 'Murkrow', 'Drowzee', 'Diglett', 'Roselia']",43,14,17
smogtours-gen3nu-594789,[Gen 3] NU,2021-11-24 15:42:52,,whirlpool40763,altaria32948,altaria32948,False,"['Wailord', 'Plusle', 'Metang', 'Chimecho', 'Roselia', 'Golbat']","['Sudowoodo', 'Haunter', 'Dewgong', 'Metang', 'Chimecho', 'Roselia']",28,12,11
smogtours-gen3nu-817430,[Gen 3] NU,2025-02-01 23:21:02,,psn60461,hoppip910,hoppip910,False,"['Flareon', 'Hitmonchan', 'Bellossom', 'Vigoroth', 'Metang', 'Swalot']","['Venomoth', 'Wailord', 'Hitmonchan', 'Cacturne', 'Murkrow', 'Chimecho']",28,8,9
gen3nu-945343943,[Gen 3] NU,2019-07-15 21:11:19,,focussash96238,weedle97459,weedle97459,True,"['Pidgeot', 'Hitmonchan', 'Arbok', 'Bellossom', 'Crawdaunt', 'Pikachu']","['Pidgeot', 'Torkoal', 'Haunter', 'Bellossom', 'Metang']",24,9,7
gen3nu-1111219065,[Gen 3] NU,2020-05-08 21:55:56,,psyduck38308,anorith92954,anorith92954,True,"['Metang', 'Dragonair', 'Haunter', 'Wartortle', 'Drowzee', 'Sealeo']","['Doduo', 'Machoke', 'Metang', 'Drowzee', 'Sealeo', 'Grovyle']",84,35,25
smogtours-gen3nu-690138,[Gen 3] NU,2023-04-29 19:23:41,,frz37687,volttackle6680,frz37687,False,"['Wailord', 'Hitmonchan', 'Bellossom', 'Pupitar', 'Chimecho', 'Glalie']","['Wailord', 'Huntail', 'Torkoal', 'Haunter', 'Metang', 'Glalie']",27,11,7
gen3nu-820579907,[Gen 3] NU,2018-10-15 10:52:47,,roleplay47054,irondefense69835,roleplay47054,True,"['Flareon', 'Lileep', 'Hitmonchan', 'Dewgong', 'Sableye', 'Chimecho']","['Kecleon', 'Hitmonchan', 'Chimecho', 'Glalie', 'Relicanth', 'Tangela']",61,25,21
smogtours-gen3nu-484613,[Gen 3] NU,2020-03-27 20:57:02,,arenatrap65458,pidgeot63551,arenatrap65458,False,"['Seadra', 'Tangela', 'Graveler', 'Hitmonchan', 'Chimecho', 'Glalie']","['Hitmonchan', 'Lickitung', 'Whiscash', 'Metang', 'Roselia', 'Golbat']",36,15,15
smogtours-gen3nu-617876,[Gen 3] NU,2022-04-04 20:21:38,,glare38523,volbeat11507,volbeat11507,False,"['Dragonair', 'Omanyte', 'Minun', 'Lombre', 'Charmeleon', 'Gastly']","['Houndour', 'Wigglytuff', 'Minun', 'Furret', 'Vibrava', 'Shuckle']",76,29,27
smogtours-gen3nu-486233,[Gen 3] NU,2020-03-31 02:12:42,,trick33871,toxicroak72246,toxicroak72246,False,"['Pidgeot', 'Huntail', 'Flareon', 'Metang', 'Sableye', 'Roselia']","['Torkoal', 'Haunter', 'Dewgong', 'Chimecho', 'Roselia']",30,12,6
gen3nu-926328780,[Gen 3] NU,2019-06-11 16:53:30,,lockon9800,togepi84148,togepi84148,False,"[""Farfetch'D"", 'Pineco', 'Nosepass', 'Delcatty', 'Mankey', 'Koffing']","['Growlithe', 'Grimer', 'Nosepass', 'Delcatty', 'Meditite']",40,11,8
gen3nu-1132133883,[Gen 3] NU,2020-06-13 19:56:15,,jirachi10567,miltank73528,jirachi10567,True,"['Raticate', 'Haunter', 'Arbok', 'Dewgong', 'Yanma']","['Diglett', 'Raticate', 'Chimecho', 'Relicanth', 'Glalie']",13,6,8
smogtours-gen3nu-553306,[Gen 3] NU,2021-04-03 18:20:30,,plusle8013,bubblebeam57653,plusle8013,False,"['Huntail', 'Flareon', 'Metang', 'Murkrow', 'Sableye', 'Roselia']","['Wailord', 'Tropius', 'Raticate', 'Chimecho', 'Crawdaunt', 'Pupitar']",20,7,8
smogtours-gen3nu-666111,[Gen 3] NU,2022-12-23 23:40:48,,chansey44930,futuresight13270,futuresight13270,False,"['Dunsparce', 'Seviper', 'Bellossom', 'Crawdaunt', 'Relicanth', 'Glalie']","['Wailord', 'Flareon', 'Haunter', 'Metang', 'Glalie']",19,6,5
gen3nu-1174068995,[Gen 3] NU,2020-08-23 20:12:52,,clefairy79524,machobrace46788,machobrace46788,False,"['Venomoth', 'Castform', 'Hitmonchan', 'Murkrow', 'Vigoroth', 'Weepinbell']","['Mightyena', 'Raticate', 'Haunter', 'Arbok', 'Dewgong', 'Pikachu']",31,9,13
gen3nu-1087150590,[Gen 3] NU,2020-03-29 02:10:33,,arenatrap65458,trick33871,trick33871,True,"['Kecleon', 'Haunter', 'Cacturne', 'Hitmonchan', 'Charmeleon']","['Venomoth', 'Octillery', 'Delcatty', 'Mawile', 'Ledian']",17,8,5
smogtours-gen3nu-600651,[Gen 3] NU,2022-01-06 19:41:50,,lockon78937,denpowersteel79771,denpowersteel79771,False,"['Wailord', 'Huntail', 'Flareon', 'Haunter', 'Metang', 'Glalie']","['Flareon', 'Hitmonchan', 'Crawdaunt', 'Relicanth', 'Roselia']",13,6,5
gen3nu-1131021993,[Gen 3] NU,2020-06-11 20:48:21,,seedflare81285,ivysaur48671,ivysaur48671,False,"['Wailord', 'Haunter', 'Pupitar', 'Metang', 'Chimecho', 'Glalie']","['Magby', 'Huntail', 'Hitmonchan', 'Haunter', 'Murkrow', 'Roselia']",26,7,12
gen3nu-1123535861,[Gen 3] NU,2020-05-29 23:33:09,,payday74254,adaptability26680,adaptability26680,False,"['Machoke', 'Abra', 'Haunter', 'Wartortle', 'Metang', 'Golbat']","['Abra', 'Bayleef', 'Houndour', 'Omanyte', 'Duskull', 'Golbat']",45,14,16
smogtours-gen3nu-651964,[Gen 3] NU,2022-10-01 17:58:56,,honeygather86735,hitmonchan30284,honeygather86735,True,"['Mawile', 'Glalie', 'Pikachu', 'Sableye']","['Flareon', 'Glalie', 'Haunter', 'Metang']",13,5,4
gen3nu-893422496,[Gen 3] NU,2019-04-15 17:59:43,,swarm86048,overgrow61925,overgrow61925,False,"['Huntail', 'Haunter', 'Hitmonchan', 'Murkrow', 'Roselia', 'Beedrill']","['Wailord', 'Parasect', 'Aipom', 'Metang', 'Ariados', 'Relicanth']",33,12,13
smogtours-gen3nu-845999,[Gen 3] NU,2025-05-25 19:42:07,,discharge62675,poisontail76206,discharge62675,False,"['Torkoal', 'Bellossom', 'Dewgong', 'Metang', 'Glalie', 'Golbat']","['Wailord', 'Huntail', 'Torkoal', 'Hitmonchan', 'Bellossom', 'Glalie']",37,17,13
smogtours-gen3nu-807223,[Gen 3] NU,2024-11-21 19:33:23,,haze12837,swift79929,swift79929,True,"['Flareon', 'Haunter', 'Hitmonchan', 'Pelipper', 'Pupitar', 'Glalie']","['Chimecho', 'Glalie', 'Flareon', 'Bellossom']",19,6,4
gen3nu-1123479535,[Gen 3] NU,2020-05-29 21:30:57,,mindplate42012,fastball91928,mindplate42012,False,"['Minun', 'Sealeo', 'Furret', 'Grovyle', 'Gastly']","['Trapinch', 'Wigglytuff', 'Omanyte', 'Grovyle', 'Gastly', 'Yanma']",39,10,12
smogtours-gen3nu-714672,[Gen 3] NU,2023-09-08 00:12:49,,minun6717,futuresight13270,minun6717,False,"['Flareon', 'Octillery', 'Metang', 'Haunter', 'Pikachu', 'Roselia']","['Wailord', 'Haunter', 'Hitmonchan', 'Mawile', 'Bellossom', 'Pikachu']",35,16,12
gen3nu-922903549,[Gen 3] NU,2019-06-05 22:26:35,,adaptability26680,togepi84148,togepi84148,True,"['Staryu', 'Grimer', 'Lileep', 'Croconaw', 'Magnemite', 'Taillow']","['Growlithe', 'Pineco', 'Grimer', 'Nosepass', 'Delcatty', 'Meditite']",42,12,15
gen3nu-1132562527,[Gen 3] NU,2020-06-14 16:29:00,,adaptability26680,dragonfang79331,dragonfang79331,False,"['Doduo', 'Marshtomp', 'Metang', 'Omanyte', 'Ivysaur', 'Sealeo']","['Marshtomp', 'Combusken', 'Flaaffy', 'Clamperl', 'Metang', 'Golbat']",29,12,16
gen3nu-935414054,[Gen 3] NU,2019-06-26 20:25:37,,koffing93492,batonpass8026,koffing93492,False,"['Rhyhorn', 'Cubone', 'Delcatty', 'Elekid', 'Meditite', 'Gloom']","['Bayleef', 'Pineco', 'Rhyhorn', 'Natu', 'Castform', 'Chinchou']",26,8,11
gen3nu-959290362,[Gen 3] NU,2019-08-12 18:09:09,,sonicboom26327,tangela91840,sonicboom26327,False,"['Wailord', 'Flareon', 'Plusle', 'Metang', 'Glalie']","['Wailord', 'Murkrow', 'Chimecho', 'Metang', 'Pupitar', 'Roselia']",25,9,7
gen3nu-1126681076,[Gen 3] NU,2020-06-04 15:18:45,,haze81458,download60495,download60495,False,"['Magby', 'Hitmonchan', 'Dewgong', 'Clamperl', 'Chimecho', 'Roselia']","['Pidgeot', 'Flareon', 'Raticate', 'Haunter', 'Arbok', 'Yanma']",35,10,11
gen3nu-1081820862,[Gen 3] NU,2020-03-19 17:30:12,,dragonfang79331,exploud92539,exploud92539,True,"['Shelgon', 'Dragonair', 'Drowzee', 'Metang', 'Diglett', 'Grovyle']","['Pineco', 'Combusken', 'Haunter', 'Drowzee', 'Metang', 'Sealeo']",55,11,12
gen3nu-945904307,[Gen 3] NU,2019-07-16 22:11:10,,icebeam64742,gluttony48616,gluttony48616,False,"['Huntail', 'Kecleon', 'Hitmonchan', 'Chimecho', 'Relicanth', 'Glalie']","['Pidgeot', 'Magcargo', 'Hitmonchan', 'Chimecho', 'Roselia']",24,10,10
smogtours-gen3nu-808989,[Gen 3] NU,2024-12-04 23:50:58,,doubleteam62013,mysteryberry83821,doubleteam62013,False,"['Kecleon', 'Torkoal', 'Haunter', 'Hitmonchan', 'Cacturne', 'Chimecho']","['Seadra', 'Wailord', 'Bellossom', 'Metang', 'Chimecho', 'Glalie']",49,18,17
gen3nu-942887838,[Gen 3] NU,2019-07-11 01:39:03,,psychic75182,doubleedge10032,psychic75182,False,"['Voltorb', 'Exeggcute', 'Shellder', 'Oddish', 'Diglett']","['Voltorb', 'Doduo', 'Exeggcute', 'Shellder', 'Oddish', 'Diglett']",15,6,8
smogtours-gen3nu-613692,[Gen 3] NU,2022-03-13 22:49:57,,volbeat11507,sleeptalk80665,volbeat11507,False,"['Snorunt', 'Houndour', 'Dragonair', 'Minun', 'Furret', 'Beedrill']","['Noctowl', 'Houndour', 'Dragonair', 'Omanyte', 'Minun', 'Beedrill']",25,5,5
gen3nu-894285756,[Gen 3] NU,2019-04-17 04:10:12,,powerelectric13718,water838,powerelectric13718,False,"['Sunflora', 'Poliwag', 'Castform', 'Nosepass', 'Meditite']","['Cacnea', 'Growlithe', 'Staryu', 'Grimer', 'Cubone', 'Snorunt']",22,7,11
smogtours-gen3nu-670949,[Gen 3] NU,2023-01-28 14:11:23,,magmortar19991,powerelectric10332,magmortar19991,False,"['Wailord', 'Flareon', 'Haunter', 'Vigoroth', 'Metang']","['Torkoal', 'Haunter', 'Hitmonchan', 'Bellossom', 'Diglett', 'Glalie']",25,7,10
gen3nu-848089743,[Gen 3] NU,2019-01-13 01:30:34,,mudkip8641,firepunch39331,firepunch39331,True,"['Minun', 'Sealeo', 'Furret', 'Grovyle', 'Gastly', 'Yanma']","['Omanyte', 'Ivysaur', 'Minun', 'Furret', 'Duskull']",58,11,12
gen3nu-1081390484,[Gen 3] NU,2020-03-18 22:10:10,,fire24746,scyther84274,scyther84274,True,"['Pidgeot', 'Hitmonchan', 'Arbok', 'Dewgong', 'Metang']","['Torkoal', 'Hitmonchan', 'Arbok', 'Piloswine', 'Dewgong']",25,12,7
gen3nu-1140173148,[Gen 3] NU,2020-06-26 16:53:42,,happiny30290,download60495,download60495,False,"['Makuhita', 'Dragonair', 'Shuppet', 'Vibrava', 'Tangela', 'Abra']","['Huntail', 'Flareon', 'Raticate', 'Hitmonchan', 'Metang']",15,7,7
gen3nu-911567433,[Gen 3] NU,2019-05-17 22:36:14,,magby40847,fire73787,fire73787,False,"['Wailord', 'Plusle', 'Torkoal', 'Relicanth', 'Metang', 'Roselia']","['Wailord', 'Plusle', 'Torkoal', 'Relicanth', 'Metang', 'Roselia']",16,9,6
gen3nu-1081231245,[Gen 3] NU,2020-03-18 17:12:20,,psyduck38308,dragonfang79331,psyduck38308,False,"['Pineco', 'Combusken', 'Haunter', 'Meditite', 'Drowzee', 'Metang']","['Bayleef', 'Shelgon', 'Combusken', 'Drowzee', 'Metang', 'Golbat']",24,10,9
gen3nu-892406762,[Gen 3] NU,2019-04-13 21:23:46,,wiseglasses25366,porygon240411,wiseglasses25366,True,"['Roselia', 'Haunter']","['Corsola', 'Glalie', 'Haunter']",7,1,2
smogtours-gen3nu-506223,[Gen 3] NU,2020-06-13 23:14:58,,toxicroak72246,trick33871,toxicroak72246,False,"['Haunter', 'Cacturne', 'Bellossom', 'Pelipper', 'Metang', 'Chimecho']","['Magcargo', 'Hitmonchan', 'Haunter', 'Bellossom', 'Chimecho', 'Glalie']",38,14,11
smogtours-gen3nu-791319,[Gen 3] NU,2024-09-18 23:49:31,,weepinbell75190,motordrive87413,motordrive87413,True,"['Flareon', 'Metang', 'Hitmonchan', 'Vigoroth', 'Sableye', 'Roselia']","['Torkoal', 'Haunter', 'Hitmonchan', 'Chimecho', 'Relicanth']",21,10,8
gen3nu-1136810742,[Gen 3] NU,2020-06-21 17:27:49,,happiny30290,lunatone14638,lunatone14638,False,"['Kecleon', 'Onix', 'Delcatty', 'Lickitung', 'Illumise', 'Abra']","['Pidgeot', 'Flareon', 'Raticate', 'Haunter', 'Pelipper']",16,7,5
gen3nu-876897370,[Gen 3] NU,2019-03-16 02:37:48,,rockclimb76211,pomegberry10652,pomegberry10652,False,"['Torkoal', 'Octillery', 'Hitmonchan', 'Mawile', 'Ariados', 'Shuckle']","['Torkoal', 'Hitmonchan', 'Cacturne', 'Vigoroth', 'Pikachu']",22,7,5
gen3nu-1114122283,[Gen 3] NU,2020-05-13 20:55:33,,pachirisu343,glaceon67942,glaceon67942,True,"['Flareon', 'Hitmonchan', 'Mawile', 'Pelipper', 'Sableye', 'Roselia']","['Flareon', 'Haunter', 'Dewgong', 'Metang', 'Diglett']",20,7,6
gen3nu-835085184,[Gen 3] NU,2018-12-13 18:45:33,,naturalgift2401,rowapberry23107,naturalgift2401,False,"['Bellossom', 'Relicanth', 'Glalie', 'Flareon']","['Pidgeot', 'Flareon', 'Hitmonchan', 'Dewgong', 'Sableye', 'Roselia']",13,4,7
smogtours-gen3nu-646000,[Gen 3] NU,2022-09-02 01:18:08,,honeygather86735,drillpeck45275,drillpeck45275,False,"['Haunter', 'Pelipper', 'Vigoroth', 'Metang', 'Chimecho', 'Glalie']","['Wailord', 'Hitmonchan', 'Cacturne', 'Vigoroth', 'Sableye', 'Relicanth']",38,13,11
smogtours-gen3nu-617880,[Gen 3] NU,2022-04-04 20:34:29,,constrict53264,glare38523,constrict53264,False,"['Lombre', 'Omanyte', 'Illumise', 'Seaking']","['Marshtomp', 'Combusken', 'Flaaffy', 'Omanyte', 'Grovyle', 'Duskull']",20,4,8
smogtours-gen3nu-558708,[Gen 3] NU,2021-05-01 17:00:29,,moldbreaker66612,bubblebeam57653,bubblebeam57653,False,"['Flareon', 'Haunter', 'Bellossom', 'Crawdaunt', 'Chimecho', 'Roselia']","['Wailord', 'Raticate', 'Arbok', 'Pupitar', 'Crawdaunt', 'Chimecho']",24,13,9
smogtours-gen3nu-716172,[Gen 3] NU,2023-09-14 22:16:32,,futuresight13270,whiscash71874,futuresight13270,False,"['Wailord', 'Torkoal', 'Haunter', 'Metang', 'Chimecho', 'Roselia']","['Wailord', 'Flareon', 'Octillery', 'Haunter', 'Chimecho', 'Glalie']",27,13,8
smogtours-gen3nu-486207,[Gen 3] NU,2020-03-30 23:27:45,,trick33871,dewgong87961,trick33871,False,"['Wailord', 'Hitmonchan', 'Cacturne', 'Lickitung', 'Sableye', 'Relicanth']","['Pidgeot', 'Huntail', 'Flareon', 'Sableye', 'Metang', 'Roselia']",111,26,25
gen3nu-1103900639,[Gen 3] NU,2020-04-26 22:32:23,1119,rockhead50340,aerodactyl75872,rockhead50340,False,"['Kingler', 'Huntail', 'Volbeat', 'Metang', 'Vibrava']","['Voltorb', 'Wailord', 'Kecleon', 'Poliwhirl', 'Haunter', 'Charmeleon']",25,12,9
gen3nu-848448338,[Gen 3] NU,2019-01-13 21:49:37,,magicalleaf28411,denpowersteel79771,magicalleaf28411,True,"['Trapinch', 'Mightyena', 'Omanyte', 'Sealeo']","['Dragonair', 'Minun', 'Lairon', 'Furret', 'Duskull', 'Anorith']",18,9,10
smogtours-gen3nu-635005,[Gen 3] NU,2022-06-26 22:48:52,,golduck61301,empoleon29019,golduck61301,True,"['Mawile', 'Chimecho', 'Plusle', 'Glalie']","['Combusken', 'Raticate', 'Haunter', 'Hitmonchan', 'Crawdaunt', 'Yanma']",18,4,9
smogtours-gen3nu-442018,[Gen 3] NU,2019-05-18 16:12:49,,murkrow56783,colorchange50909,colorchange50909,True,"['Raticate', 'Haunter', 'Bellossom', 'Metang', 'Glalie']","['Venomoth', 'Plusle', 'Octillery', 'Delcatty', 'Mawile', 'Ledian']",23,7,5
gen3nu-960963180,[Gen 3] NU,2019-08-16 00:28:05,,transform65474,rindoberry379,transform65474,False,"['Bayleef', 'Rhyhorn', 'Snorunt', 'Delcatty', 'Meditite', 'Chinchou']","['Elekid', 'Meditite', 'Chinchou', 'Koffing', 'Wailmer', 'Delibird']",28,9,9
gen3nu-1086290623,[Gen 3] NU,2020-03-27 15:52:50,,pidgeot31794,psyduck38308,pidgeot31794,False,"['Machoke', 'Trapinch', 'Dragonair', 'Haunter', 'Wartortle', 'Metang']","['Voltorb', 'Omanyte', 'Haunter', 'Lombre', 'Drowzee', 'Metang']",29,11,8
gen3nu-929844084,[Gen 3] NU,2019-06-17 13:41:23,,rockblast95671,wailmer43107,rockblast95671,False,"['Pineco', 'Delcatty', 'Clefairy', 'Chinchou', 'Gloom']","['Snorunt', 'Nosepass', 'Elekid', 'Gloom', 'Zigzagoon', 'Ledian']",41,6,11
gen3nu-918283191,[Gen 3] NU,2019-05-29 06:59:35,,simple53659,payday74254,payday74254,False,"['Staryu', 'Bayleef', 'Castform', 'Nosepass', 'Elekid', 'Delibird']","['Staryu', 'Dustox', 'Rhyhorn', 'Castform', 'Meditite', 'Magnemite']",29,15,11
gen3nu-2071059317,[Gen 3] NU,2024-03-01 13:43:13,,figyberry45638,chansey4023,chansey4023,False,"['Metang', 'Hitmonchan', 'Bellossom', 'Crawdaunt', 'Whiscash', 'Glalie']","['Flareon', 'Haunter', 'Bellossom', 'Murkrow', 'Chimecho']",16,7,4
gen3nu-1139890318,[Gen 3] NU,2020-06-26 05:08:12,,lunatone14638,spookyplate4621,lunatone14638,False,"['Huntail', 'Flareon', 'Raticate', 'Haunter', 'Hitmonchan', 'Metang']","['Venomoth', 'Torkoal', 'Haunter', 'Dewgong', 'Vigoroth', 'Glalie']",14,6,6
gen3nu-934373016,[Gen 3] NU,2019-06-25 00:35:09,,munchlax60491,transform65474,transform65474,False,"['Elekid', 'Meditite', 'Chinchou', 'Koffing', 'Wailmer', 'Delibird']","['Nuzleaf', 'Gloom', 'Pineco', 'Nosepass']",27,10,4
smogtours-gen3nu-486096,[Gen 3] NU,2020-03-30 16:39:23,,toxicroak72246,chartiberry95074,chartiberry95074,False,"['Wailord', 'Torkoal', 'Haunter', 'Sableye', 'Metang', 'Glalie']","['Wailord', 'Plusle', 'Metang', 'Sableye', 'Chimecho', 'Roselia']",40,14,13
gen3nu-1139221148,[Gen 3] NU,2020-06-25 05:10:12,1000,happiny30290,doubleedge94422,doubleedge94422,False,"['Nuzleaf', 'Makuhita', 'Wigglytuff', 'Mawile', 'Nidorina', 'Abra']","['Flareon', 'Haunter', 'Hitmonchan', 'Metang', 'Chimecho']",19,7,9
gen3nu-914452163,[Gen 3] NU,2019-05-22 20:17:03,,stickyhold52376,wormadam14777,wormadam14777,False,"['Seadra', 'Flareon', 'Hitmonchan', 'Murkrow', 'Dewgong', 'Vigoroth']","['Seadra', 'Flareon', 'Hitmonchan', 'Murkrow', 'Dewgong', 'Vigoroth']",33,13,13
smogtours-gen3nu-817422,[Gen 3] NU,2025-02-01 23:15:15,,graveler81887,pickup28423,pickup28423,False,"['Flareon', 'Diglett', 'Bellossom', 'Metang', 'Chimecho', 'Glalie']","['Pidgeot', 'Haunter', 'Bellossom', 'Metang', 'Diglett', 'Glalie']",23,6,8
smogtours-gen3nu-621400,[Gen 3] NU,2022-04-20 22:05:11,,empoleon29019,mawile36886,mawile36886,True,"['Wailord', 'Torkoal', 'Haunter', 'Cacturne', 'Hitmonchan', 'Delibird']","['Huntail', 'Flareon', 'Raticate', 'Haunter', 'Hitmonchan', 'Glalie']",27,8,8
smogtours-gen3nu-667601,[Gen 3] NU,2023-01-07 17:32:47,,honeygather86735,stench25210,honeygather86735,True,"['Wailord', 'Haunter', 'Hitmonchan', 'Bellossom', 'Pelipper', 'Glalie']","['Kecleon', 'Torkoal', 'Plusle', 'Dewgong', 'Diglett', 'Tangela']",42,19,17
gen3nu-929399808,[Gen 3] NU,2019-06-16 19:04:18,,lickitung16980,lunardance19168,lickitung16980,False,"['Staryu', 'Rhyhorn', 'Elekid', 'Gloom', 'Mankey', 'Taillow']","['Voltorb', 'Grimer', 'Cubone', 'Seaking', 'Horsea', 'Taillow']",19,9,8
gen3nu-1125441051,[Gen 3] NU,2020-06-02 15:18:14,,twister96138,endure97936,endure97936,False,"['Shelgon', 'Cacturne', 'Lickitung', 'Whiscash', 'Beedrill', 'Shuckle']","['Pidgeot', 'Huntail', 'Flareon', 'Haunter', 'Hitmonchan']",40,14,14
gen3nu-1130207858,[Gen 3] NU,2020-06-10 11:48:01,,anorith12301,watergun59811,watergun59811,False,"['Kingler', 'Torkoal', 'Cacturne', 'Mawile', 'Vigoroth', 'Golbat']","['Pidgeot', 'Wailord', 'Haunter', 'Hitmonchan', 'Metang', 'Chimecho']",37,16,12
smogtours-gen3nu-794396,[Gen 3] NU,2024-10-03 21:36:08,,haunter12630,tangledfeet30693,haunter12630,True,"['Kecleon', 'Plusle', 'Hitmonchan', 'Pelipper', 'Roselia']","['Huntail', 'Flareon', 'Haunter', 'Hitmonchan', 'Metang', 'Roselia']",51,15,20
smogtours-gen3nu-561528,[Gen 3] NU,2021-05-21 19:29:37,,haunter12630,fling55533,haunter12630,False,"['Haunter', 'Glalie', 'Flareon', 'Hitmonchan']","['Pidgeot', 'Haunter', 'Bellossom', 'Murkrow', 'Diglett', 'Roselia']",19,4,8
smogtours-gen3nu-633674,[Gen 3] NU,2022-06-19 19:45:22,,bubblebeam57653,flamebody71831,bubblebeam57653,False,"['Mightyena', 'Nuzleaf', 'Crawdaunt', 'Cacturne']","['Wailord', 'Flareon', 'Plusle', 'Chimecho', 'Metang', 'Diglett']",14,4,6
smogtours-gen3nu-725204,[Gen 3] NU,2023-10-21 19:11:44,,sonicboom33491,riolu27073,riolu27073,True,"['Flareon', 'Raticate', 'Hitmonchan', 'Cacturne', 'Sableye', 'Relicanth']","['Wailord', 'Flareon', 'Haunter', 'Metang', 'Glalie']",26,9,9
gen3nu-431956991,[Gen 3] NU,2016-09-06 03:07:01,1057,vacuumwave44122,frenzyplant84713,vacuumwave44122,False,"['Huntail', 'Shelgon', 'Raticate', 'Haunter', 'Murkrow', 'Glalie']","['Dunsparce', 'Haunter', 'Mawile', 'Dewgong', 'Glalie', 'Delibird']",18,7,7
gen3nu-848336520,[Gen 3] NU,2019-01-13 17:23:00,,spheal7278,spearow33023,spheal7278,True,"['Minun', 'Sealeo', 'Furret', 'Grovyle', 'Gastly']","['Minun', 'Sealeo', 'Furret', 'Grovyle', 'Gastly', 'Yanma']",15,4,8
gen3nu-1081151983,[Gen 3] NU,2020-03-18 14:29:20,,psyduck38308,dragonfang79331,dragonfang79331,True,"['Pineco', 'Meditite', 'Metang', 'Grovyle', 'Abra']","['Marshtomp', 'Dragonair', 'Haunter', 'Graveler', 'Drowzee', 'Grovyle']",13,5,5
gen3nu-867189096,[Gen 3] NU,2019-02-24 22:35:02,,iceberry9258,furyswipes40301,iceberry9258,True,"['Huntail', 'Flareon', 'Hitmonchan', 'Sableye', 'Diglett', 'Roselia']","['Kingler', ""Farfetch'D"", 'Noctowl', 'Haunter', 'Arbok', 'Relicanth']",52,16,13
gen3nu-1130490080,[Gen 3] NU,2020-06-10 22:17:16,,sketch29485,twistedspoon63684,twistedspoon63684,False,"['Haunter', 'Hitmonchan', 'Murkrow', 'Dewgong', 'Metang', 'Tangela']","['Wailord', 'Torkoal', 'Haunter', 'Pupitar', 'Chimecho']",23,12,6
gen3nu-888936130,[Gen 3] NU,2019-04-07 20:26:41,,dragonpulse56043,avalanche8188,dragonpulse56043,False,"['Furret', 'Gastly']","['Doduo', 'Trapinch', 'Aipom', 'Lombre', 'Beedrill', 'Anorith']",7,2,5
smogtours-gen3nu-605800,[Gen 3] NU,2022-01-30 18:29:11,,honeygather86735,stickybarb45781,honeygather86735,True,"['Haunter', 'Bellossom', 'Pelipper', 'Metang', 'Pupitar']","['Venomoth', 'Kecleon', 'Plusle', 'Murkrow', 'Whiscash']",28,7,6
smogtours-gen3nu-491112,[Gen 3] NU,2020-04-13 11:48:07,,cobaberry41000,trick33871,cobaberry41000,False,"['Flareon', 'Haunter', 'Bellossom', 'Dewgong', 'Metang', 'Diglett']","['Wailord', 'Tropius', 'Murkrow', 'Metang', 'Chimecho', 'Roselia']",32,7,13
smogtours-gen3nu-646609,[Gen 3] NU,2022-09-04 21:18:18,,iceshard30836,numel8988,iceshard30836,False,"['Wailord', 'Flareon', 'Hitmonchan', 'Cacturne', 'Metang', 'Chimecho']","['Wailord', 'Huntail', 'Torkoal', 'Haunter', 'Metang', 'Glalie']",25,14,8
smogtours-gen3nu-713034,[Gen 3] NU,2023-08-30 04:41:17,,thunderbolt19203,gastly60768,gastly60768,False,"['Wailord', 'Plusle', 'Metang', 'Chimecho', 'Roselia', 'Golbat']","['Torkoal', 'Bellossom', 'Pupitar', 'Glalie']",19,9,5
gen3nu-1145098934,[Gen 3] NU,2020-07-04 18:28:33,,mareep91568,sketch29485,sketch29485,False,"['Seadra', 'Flareon', 'Hitmonchan', 'Murkrow', 'Dewgong', 'Vigoroth']","['Wailord', 'Haunter', 'Cacturne', 'Mawile', 'Pupitar', 'Yanma']",21,9,6
smogtours-gen3nu-617446,[Gen 3] NU,2022-04-03 16:31:02,,mantine95605,seedflare81285,seedflare81285,False,"['Wailord', 'Flareon', 'Plusle', 'Metang', 'Chimecho', 'Glalie']","['Kingler', 'Wailord', 'Dunsparce', 'Metang', 'Chimecho', 'Golbat']",30,13,8
gen3nu-2070508041,[Gen 3] NU,2024-02-29 18:53:30,,filter49112,wormadamtrash74955,filter49112,False,"['Wailord', 'Huntail', 'Haunter', 'Glalie', 'Abra']","['Wailord', 'Haunter', 'Murkrow', 'Crawdaunt', 'Metang', 'Roselia']",17,4,6
smogtours-gen3nu-745051,[Gen 3] NU,2024-02-04 20:12:21,,revenge63750,tangledfeet30693,tangledfeet30693,False,"['Wailord', 'Hitmonchan', 'Sableye', 'Chimecho', 'Roselia', 'Shuckle']","['Wailord', 'Octillery', 'Metang', 'Chimecho', 'Roselia']",43,20,10
smogtours-gen3nu-808618,[Gen 3] NU,2024-12-01 18:24:33,,clefairy19286,doubleteam62013,doubleteam62013,False,"['Flareon', 'Haunter', 'Hitmonchan', 'Metang', 'Chimecho', 'Glalie']","['Flareon', 'Haunter', 'Hitmonchan', 'Pelipper', 'Pupitar', 'Glalie']",23,7,8
gen3nu-2063924228,[Gen 3] NU,2024-02-20 22:26:04,,drillpeck45275,burmy28567,drillpeck45275,False,"['Huntail', 'Torkoal', 'Octillery', 'Bellossom', 'Metang', 'Glalie']","['Plusle', 'Mightyena', 'Octillery', 'Haunter', 'Whiscash', 'Roselia']",24,7,9
gen3nu-1135920902,[Gen 3] NU,2020-06-20 05:16:57,1052,lunatone14638,gabite99351,lunatone14638,True,"['Venomoth', 'Octillery', 'Delcatty', 'Mawile', 'Minun', 'Ledian']","['Flareon', 'Haunter', 'Vigoroth', 'Sableye', 'Roselia']",30,6,6
gen3nu-1165986455,[Gen 3] NU,2020-08-09 17:41:59,,levitate25986,bidoof61714,levitate25986,True,"['Wailord', 'Hitmonchan', 'Lickitung', 'Sableye', 'Chimecho', 'Roselia']","['Seadra', 'Flareon', 'Hitmonchan', 'Murkrow', 'Dewgong', 'Vigoroth']",62,24,21
gen3nu-898530912,[Gen 3] NU,2019-04-24 21:46:40,,heatran13927,cut34427,heatran13927,False,"['Pidgeot', 'Magcargo', 'Hitmonchan', 'Seaking', 'Chimecho']","['Beautifly', 'Magcargo', 'Flareon', 'Bellossom', 'Ariados', 'Yanma']",32,5,5
gen3nu-1069933995,[Gen 3] NU,2020-02-27 03:20:33,,houndour54582,swagger64332,houndour54582,False,"['Bayleef', 'Chinchou', 'Baltoy']","['Growlithe', 'Aron', 'Rhyhorn', 'Loudred', 'Masquerain', 'Gloom']",16,4,7
smogtours-gen3nu-710608,[Gen 3] NU,2023-08-18 22:25:10,,sniper70774,mawile36886,sniper70774,True,"['Wailord', 'Tropius', 'Murkrow', 'Metang', 'Chimecho', 'Roselia']","['Flareon', 'Bellossom', 'Murkrow', 'Whiscash', 'Glalie', 'Golbat']",51,21,23
smogtours-gen3nu-828828,[Gen 3] NU,2025-03-30 18:16:57,,futuresight13270,azumarill79029,futuresight13270,False,"['Plusle', 'Octillery', 'Arbok', 'Chimecho', 'Glalie']","['Haunter', 'Hitmonchan', 'Vigoroth', 'Metang', 'Diglett', 'Glalie']",22,8,11
gen3nu-2129268229,[Gen 3] NU,2024-05-24 00:15:18,,clefairy32307,rocksmash97037,clefairy32307,False,"['Chimecho', 'Metang', 'Pikachu']","['Wailord', 'Huntail', 'Flareon', 'Haunter', 'Metang', 'Glalie']",17,3,7
smogtours-gen3nu-711683,[Gen 3] NU,2023-08-23 00:49:44,,numel8988,extrasensory76435,extrasensory76435,True,"['Wailord', 'Haunter', 'Bellossom', 'Pikachu', 'Pupitar', 'Glalie']","['Torkoal', 'Haunter', 'Hitmonchan', 'Chimecho', 'Roselia']",14,7,6
smogtours-gen3nu-732127,[Gen 3] NU,2023-11-23 21:15:16,,poisontail76206,stench25210,stench25210,False,"['Wailord', 'Pidgeot', 'Torkoal', 'Hitmonchan', 'Metang', 'Glalie']","['Wailord', 'Kecleon', 'Torkoal', 'Plusle', 'Hitmonchan', 'Chimecho']",32,14,17
gen3nu-2264065742,[Gen 3] NU,2024-12-16 15:25:23,,perishsong12071,spoink40808,perishsong12071,False,"['Pupitar', 'Murkrow', 'Octillery', 'Metang']","['Wailord', 'Plusle', 'Metang', 'Chimecho', 'Roselia', 'Golbat']",21,5,5
gen3nu-1069939744,[Gen 3] NU,2020-02-27 03:35:47,,houndour54582,swagger64332,swagger64332,False,"['Voltorb', 'Poliwag', 'Loudred', 'Clefairy', 'Meditite', 'Parasect']","['Rhyhorn', 'Gloom']",17,7,2
gen3nu-935810766,[Gen 3] NU,2019-06-27 14:39:32,,skyattack88111,psncureberry23140,psncureberry23140,False,"['Pineco', 'Nosepass', 'Gloom', 'Zigzagoon', 'Ledian', 'Delibird']","[""Farfetch'D"", 'Pineco', 'Rhyhorn', 'Gloom', 'Magnemite', 'Wailmer']",39,12,9
gen3nu-1089356283,[Gen 3] NU,2020-04-01 22:10:39,,leer66081,dragon56138,leer66081,False,"['Wailord', 'Huntail', 'Plusle', 'Cacturne', 'Sableye', 'Chimecho']","['Kecleon', 'Octillery', 'Haunter', 'Hitmonchan', 'Metang', 'Pupitar']",36,12,12
smogtours-gen3nu-618709,[Gen 3] NU,2022-04-10 15:32:19,,empoleon29019,mantine95605,empoleon29019,False,"['Wailord', 'Hitmonchan', 'Sableye', 'Roselia', 'Golbat', 'Shuckle']","['Wailord', 'Flareon', 'Cacturne', 'Murkrow', 'Metang', 'Chimecho']",65,25,29
gen3nu-2063947989,[Gen 3] NU,2024-02-20 23:03:29,,drillpeck45275,burmy28567,drillpeck45275,False,"['Piloswine', 'Pelipper', 'Hitmonchan', 'Yanma']","['Sudowoodo', 'Torkoal', 'Haunter', 'Metang', 'Swalot', 'Glalie']",16,5,6
gen3nu-2070492661,[Gen 3] NU,2024-02-29 18:33:32,,filter49112,przcureberry35373,filter49112,False,"['Wailord', 'Huntail', 'Haunter', 'Metang', 'Glalie', 'Abra']","['Wailord', 'Raticate', 'Pelipper', 'Metang', 'Chimecho', 'Glalie']",26,8,9
smogtours-gen3nu-520159,[Gen 3] NU,2020-10-02 23:38:44,,hardstone97978,quickclaw44561,quickclaw44561,False,"['Pidgeot', 'Magcargo', 'Hitmonchan', 'Seaking', 'Chimecho', 'Roselia']","['Wailord', 'Flareon', 'Cacturne', 'Swalot', 'Abra']",27,9,6
smogtours-gen3nu-645875,[Gen 3] NU,2022-08-31 20:54:52,,wynaut4615,futuresight13270,wynaut4615,False,"['Shedinja', 'Hitmonchan', 'Cacturne', 'Lickitung', 'Sableye', 'Relicanth']","['Togetic', 'Flareon', 'Haunter', 'Cacturne', 'Metang', 'Chimecho']",37,16,13
gen3nu-1069936262,[Gen 3] NU,2020-02-27 03:20:17,,swagger64332,houndour54582,swagger64332,False,"['Growlithe', 'Aron', 'Rhyhorn', 'Masquerain', 'Gloom']","['Pineco', 'Bayleef', 'Baltoy', 'Clefairy', 'Chinchou', 'Ledian']",24,4,14
gen3nu-1176090914,[Gen 3] NU,2020-08-27 02:19:46,,whirlwind27299,cutecharm43349,cutecharm43349,False,"['Dragonair', 'Ivysaur', 'Minun', 'Lairon', 'Sealeo', 'Anorith']","['Dragonair', 'Omanyte', 'Ivysaur', 'Minun', 'Furret']",22,9,8
gen3nu-1139171976,[Gen 3] NU,2020-06-25 03:09:11,1036,happiny30290,lunatone14638,lunatone14638,False,"['Nuzleaf', 'Makuhita', 'Wigglytuff', 'Mawile', 'Nidorina', 'Abra']","['Haunter', 'Flareon', 'Hitmonchan', 'Metang']",12,6,5
gen3nu-1130212231,[Gen 3] NU,2020-06-10 11:59:34,,octazooka37631,watergun59811,octazooka37631,False,"['Torkoal', 'Raticate', 'Hitmonchan', 'Arbok', 'Piloswine', 'Dewgong']","['Pidgeot', 'Huntail', 'Hitmonchan', 'Metang', 'Chimecho', 'Roselia']",35,10,12
gen3nu-940600244,[Gen 3] NU,2019-07-06 16:39:52,,wailmer43107,psychocut93276,wailmer43107,False,"['Butterfree', 'Nosepass', 'Castform', 'Meditite', 'Ledian']","['Pineco', 'Nosepass', 'Meditite', 'Chinchou', 'Gloom', 'Delibird']",23,4,11
gen3nu-848126665,[Gen 3] NU,2019-01-13 03:21:57,,levitate42349,drainpunch57450,levitate42349,True,"['Mightyena', 'Omanyte', 'Minun', 'Drowzee', 'Sealeo', 'Furret']","['Omanyte', 'Minun', 'Charmeleon', 'Furret', 'Grovyle', 'Sealeo']",37,13,10
smogtours-gen3nu-716120,[Gen 3] NU,2023-09-14 19:29:12,,gastly60768,stench25210,stench25210,True,"['Roselia', 'Pelipper', 'Hitmonchan', 'Sableye']","['Wailord', 'Hitmonchan']",6,3,1
gen3nu-929431555,[Gen 3] NU,2019-06-16 19:53:42,,koffing93492,shieldon81188,koffing93492,False,"['Staryu', 'Natu', 'Delcatty', 'Seaking', 'Elekid', 'Gloom']","['Growlithe', 'Sunflora', 'Pineco', 'Onix', 'Gloom', 'Taillow']",18,6,6
gen3nu-988877250,[Gen 3] NU,2019-10-08 06:10:02,,arceusbug11328,cutecharm72527,arceusbug11328,False,"['Kingler', 'Wailord', 'Butterfree', 'Cacturne', 'Arbok', 'Roselia']","['Kecleon', 'Octillery', 'Haunter', 'Hitmonchan', 'Metang', 'Pupitar']",48,14,17
gen3nu-853025604,[Gen 3] NU,2019-01-24 00:59:46,,firepunch39331,choicespecs43511,firepunch39331,True,"['Omanyte', 'Ivysaur', 'Minun', 'Clamperl', 'Furret', 'Duskull']","['Mightyena', 'Omanyte', 'Ivysaur', 'Minun', 'Drowzee', 'Furret']",51,18,18
gen3nu-972464275,[Gen 3] NU,2019-09-07 19:33:15,,heatrock37333,tangela91840,tangela91840,False,"['Octillery', 'Hitmonchan', 'Bellossom', 'Murkrow', 'Sableye', 'Chimecho']","['Wailord', 'Murkrow', 'Pupitar', 'Metang', 'Chimecho', 'Roselia']",27,7,6
gen3nu-847995391,[Gen 3] NU,2019-01-12 21:05:30,,shroomish71441,trace64701,trace64701,False,"['Dragonair', 'Ivysaur', 'Aipom', 'Sealeo', 'Duskull', 'Yanma']","['Doduo', 'Dragonair', 'Omanyte', 'Smoochum', 'Minun']",38,14,12
gen3nu-429675011,[Gen 3] NU,2016-09-02 19:40:24,,dragonrage15031,hornattack66350,dragonrage15031,False,"['Chimecho', 'Piloswine', 'Crawdaunt', 'Pidgeot']","['Torkoal', 'Combusken', 'Volbeat', 'Piloswine', 'Metang', 'Grovyle']",19,7,7
gen3nu-1146157106,[Gen 3] NU,2020-07-06 14:46:59,,gunkshot9424,drapion57021,gunkshot9424,False,"['Seadra', 'Flareon', 'Hitmonchan', 'Murkrow', 'Dewgong', 'Vigoroth']","['Wailord', 'Sudowoodo', 'Raticate', 'Haunter', 'Chimecho', 'Roselia']",16,7,8
smogtours-gen3nu-443531,[Gen 3] NU,2019-05-26 17:54:13,,watmelberry41213,cobaberry41000,cobaberry41000,True,"['Wailord', 'Sudowoodo', 'Sableye', 'Corsola', 'Glalie', 'Golbat']","['Plusle', 'Chimecho', 'Wailord', 'Cacturne']",23,9,3
gen3nu-945915596,[Gen 3] NU,2019-07-16 22:44:42,,gluttony48616,smeargle95968,smeargle95968,False,"['Pidgeot', 'Magcargo', 'Hitmonchan', 'Seaking', 'Chimecho', 'Roselia']","['Huntail', 'Flareon', 'Hitmonchan', 'Bellossom', 'Metang', 'Golbat']",58,24,23
gen3nu-2063943762,[Gen 3] NU,2024-02-20 22:58:27,,drillpeck45275,burmy28567,drillpeck45275,False,"['Wailord', 'Flareon', 'Raticate', 'Sableye', 'Glalie', 'Yanma']","['Ponyta', 'Mightyena', 'Arbok', 'Murkrow', 'Beedrill', 'Golbat']",27,11,14
gen3nu-845878777,[Gen 3] NU,2019-01-08 01:49:16,,rindoberry7399,mail79545,rindoberry7399,False,"['Minun', 'Furret', 'Grovyle', 'Gastly', 'Yanma']","['Houndour', 'Omanyte', 'Ivysaur', 'Minun', 'Furret', 'Vibrava']",29,7,14
gen3nu-1132568741,[Gen 3] NU,2020-06-14 16:40:32,,dragonfang79331,victreebel55835,dragonfang79331,False,"['Marshtomp', 'Combusken', 'Flaaffy', 'Clamperl', 'Golbat']","['Cacnea', 'Wartortle', 'Gloom', 'Metang', 'Weepinbell', 'Duskull']",28,11,10
smogtours-gen3nu-690663,[Gen 3] NU,2023-05-01 00:19:31,,frz61828,irontail31791,irontail31791,True,"['Wailord', 'Torkoal', 'Haunter', 'Metang', 'Chimecho', 'Roselia']","['Flareon', 'Haunter', 'Pelipper', 'Metang', 'Glalie']",28,10,7
gen3nu-863734784,[Gen 3] NU,2019-02-17 04:28:40,,goldberry53422,suctioncups53417,suctioncups53417,True,"['Flareon', 'Wigglytuff', 'Bellossom', 'Wartortle', 'Metang', 'Golbat']","['Wailord', 'Flareon', 'Hitmonchan', 'Mawile', 'Sableye', 'Roselia']",56,20,25
smogtours-gen3nu-497922,[Gen 3] NU,2020-05-03 17:29:07,,cobaberry41000,denpowersteel79771,cobaberry41000,False,"['Wailord', 'Torkoal', 'Haunter', 'Metang', 'Chimecho', 'Glalie']","['Wailord', 'Flareon', 'Diglett', 'Mawile', 'Bellossom', 'Chimecho']",31,9,15
smogtours-gen3nu-617950,[Gen 3] NU,2022-04-06 16:32:03,,seedflare81285,denpowersteel79771,seedflare81285,False,"['Wailord', 'Huntail', 'Plusle', 'Cacturne', 'Metang', 'Golbat']","['Wigglytuff', 'Hitmonchan', 'Whiscash', 'Sableye', 'Chimecho', 'Roselia']",48,21,19
smogtours-gen3nu-549780,[Gen 3] NU,2021-03-21 20:38:30,,tangela91840,icepunch95036,icepunch95036,False,"['Wailord', 'Murkrow', 'Chimecho', 'Metang', 'Pupitar', 'Roselia']","['Kecleon', 'Hitmonchan', 'Bellossom', 'Chimecho', 'Relicanth', 'Glalie']",33,8,12
gen3nu-935433484,[Gen 3] NU,2019-06-26 20:56:26,,simple53659,magnitude74179,simple53659,False,"['Growlithe', 'Pineco', 'Cubone', 'Elekid', 'Gloom', 'Taillow']","['Staryu', 'Castform', 'Nosepass', 'Elekid', 'Meditite', 'Gloom']",33,6,14
smogtours-gen3nu-446963,[Gen 3] NU,2019-06-12 19:53:50,,sunkern78687,chartiberry95074,sunkern78687,False,"['Pineco', 'Nosepass', 'Meditite', 'Chinchou', 'Gloom']","['Staryu', 'Grimer', 'Lileep', 'Croconaw', 'Magnemite', 'Taillow']",26,10,14
smogtours-gen3nu-451250,[Gen 3] NU,2019-07-10 23:48:00,,registeel32051,stoneplate37213,stoneplate37213,False,"['Abra', 'Hitmonchan', 'Sableye', 'Relicanth', 'Roselia', 'Golbat']","['Flareon', 'Diglett', 'Mawile', 'Chimecho', 'Roselia']",44,18,25
smogtours-gen3nu-731204,[Gen 3] NU,2023-11-18 18:22:00,,stench25210,crunch37612,stench25210,True,"['Wailord', 'Hitmonchan', 'Sableye', 'Metang', 'Glalie']","['Wailord', 'Haunter', 'Metang', 'Glalie', 'Golbat']",22,8,8
gen3nu-1082513646,[Gen 3] NU,2020-03-20 21:12:22,,dragonfang79331,psyduck38308,psyduck38308,True,"['Seadra', 'Shelgon', 'Combusken', 'Metang', 'Duskull']","['Marshtomp', 'Haunter', 'Ivysaur', 'Metang', 'Diglett', 'Duskull']",31,9,14
gen3nu-1069878110,[Gen 3] NU,2020-02-27 00:52:53,,deepseascale8005,swampert19346,deepseascale8005,False,"['Kecleon', 'Tropius', 'Flareon', 'Hitmonchan', 'Sableye']","['Hitmonchan', 'Cacturne', 'Dewgong', 'Metang', 'Chimecho', 'Golbat']",58,10,14
gen3nu-1126181242,[Gen 3] NU,2020-06-03 19:13:21,,swift79929,kasibberry98452,swift79929,False,"['Shelgon', 'Hitmonchan', 'Sableye', 'Relicanth', 'Roselia', 'Golbat']","['Kingler', 'Torkoal', 'Cacturne', 'Mawile', 'Vigoroth', 'Golbat']",45,15,21
gen3nu-1095575713,[Gen 3] NU,2020-04-12 21:44:25,,poisonfang34315,meowth96732,poisonfang34315,False,"['Pidgeot', 'Magcargo', 'Hitmonchan', 'Seaking', 'Chimecho', 'Roselia']","['Wailord', 'Pidgeot', 'Flareon', 'Haunter', 'Cacturne', 'Pupitar']",25,10,10
gen3nu-1134956880,[Gen 3] NU,2020-06-18 18:58:05,,waterfall27998,mail98447,mail98447,False,"['Wailord', 'Flareon', 'Plusle', 'Nosepass', 'Delcatty', 'Glalie']","['Seadra', 'Hitmonchan', 'Murkrow', 'Dewgong', 'Vigoroth']",20,7,5
gen3nu-925640874,[Gen 3] NU,2019-06-10 13:26:15,,intimidate39542,medicham64289,medicham64289,False,"['Bayleef', 'Snorunt', 'Seaking', 'Masquerain', 'Zigzagoon', 'Taillow']","['Voltorb', 'Castform', 'Seaking', 'Horsea', 'Parasect']",19,6,4
smogtours-gen3nu-610987,[Gen 3] NU,2022-03-03 23:12:52,,sleeptalk80665,metalcoat81257,sleeptalk80665,False,"['Noctowl', 'Houndour', 'Omanyte', 'Dragonair', 'Minun', 'Beedrill']","['Combusken', 'Omanyte', 'Smoochum', 'Ivysaur', 'Minun', 'Vibrava']",25,8,10
gen3nu-935505246,[Gen 3] NU,2019-06-26 23:30:00,,illuminate3084,sunkern10663,illuminate3084,False,"['Cubone', 'Snorunt', 'Delcatty', 'Gloom', 'Zigzagoon', 'Ledian']","['Snorunt', 'Nosepass', 'Elekid', 'Gloom', 'Zigzagoon', 'Ledian']",25,6,6
gen3nu-1050971895,[Gen 3] NU,2020-01-22 20:56:13,,granbull43273,torchic66597,torchic66597,False,"['Doduo', 'Trapinch', 'Houndour', 'Shellder', 'Elekid', 'Anorith']","['Doduo', 'Abra', 'Larvitar', 'Meowth', 'Diglett', 'Koffing']",21,8,9
smogtours-gen3nu-700508,[Gen 3] NU,2023-07-01 22:38:41,,minun6717,tyranitar56327,minun6717,False,"['Mawile', 'Magby', 'Chimecho', 'Sableye']","['Wailord', 'Raticate', 'Haunter', 'Bellossom', 'Chimecho', 'Glalie']",28,9,9
gen3nu-1173155100,[Gen 3] NU,2020-08-22 03:23:46,,cutecharm72527,slakoth53488,slakoth53488,True,"['Flareon', 'Haunter', 'Hitmonchan', 'Mawile', 'Lickitung', 'Relicanth']","['Kingler', 'Torkoal', 'Cacturne', 'Mawile', 'Vigoroth', 'Golbat']",30,15,10
gen3nu-2065248074,[Gen 3] NU,2024-02-22 17:01:05,,goldberry53422,aron7426,aron7426,True,"['Octillery', 'Murkrow', 'Chimecho', 'Metang', 'Pupitar', 'Roselia']","['Flareon', 'Haunter', 'Sableye', 'Bellossom', 'Pikachu', 'Furret']",35,13,12
gen3nu-925932535,[Gen 3] NU,2019-06-10 22:16:38,,adaptability26680,dragonrush45934,dragonrush45934,True,"['Growlithe', 'Pineco', 'Nosepass', 'Delcatty', 'Gloom', 'Taillow']","[""Farfetch'D"", 'Bayleef', 'Larvitar', 'Bagon', 'Zigzagoon', 'Ledian']",25,7,6
gen3nu-901326290,[Gen 3] NU,2019-04-30 03:33:06,,reckless35145,azurill54006,reckless35145,False,"['Dunsparce', 'Octillery', 'Wigglytuff', 'Haunter', 'Mawile', 'Glalie']","['Pidgeot', 'Dunsparce', 'Torkoal', 'Octillery', 'Haunter', 'Bellossom']",51,13,19
gen3nu-2112501058,[Gen 3] NU,2024-04-27 04:03:05,,slowbro31953,wacanberry71003,slowbro31953,False,"['Shelgon', 'Haunter', 'Hitmonchan', 'Pikachu', 'Chimecho']","['Sudowoodo', 'Shelgon', 'Hitmonchan', 'Haunter', 'Cacturne', 'Pelipper']",17,4,5
smogtours-gen3nu-843234,[Gen 3] NU,2025-05-17 18:19:58,,phione89690,metalsound31619,phione89690,False,"['Octillery', 'Hitmonchan', 'Sableye', 'Bellossom', 'Metang', 'Glalie']","['Sudowoodo', 'Raticate', 'Hitmonchan', 'Pelipper', 'Sableye', 'Glalie']",34,8,13
smogtours-gen3nu-550146,[Gen 3] NU,2021-03-22 03:44:26,,thickfat62552,plusle8013,plusle8013,False,"['Flareon', 'Raticate', 'Hitmonchan', 'Murkrow', 'Chimecho', 'Relicanth']","['Wailord', 'Mawile', 'Murkrow', 'Drowzee', 'Diglett', 'Roselia']",19,7,7
smogtours-gen3nu-598165,[Gen 3] NU,2021-12-18 18:20:18,,denpowersteel79771,honeygather86735,denpowersteel79771,False,"['Wailord', 'Flareon', 'Wigglytuff', 'Haunter', 'Metang', 'Glalie']","['Flareon', 'Plusle', 'Sableye', 'Pelipper', 'Pikachu', 'Roselia']",30,9,11
smogtours-gen3nu-549801,[Gen 3] NU,2021-03-21 20:52:15,,tangela91840,icepunch95036,icepunch95036,False,"['Sudowoodo', 'Raticate', 'Haunter', 'Hitmonchan', 'Bellossom', 'Chimecho']","['Kecleon', 'Haunter', 'Hitmonchan', 'Cacturne', 'Pelipper', 'Whiscash']",55,18,22
gen3nu-1128628037,[Gen 3] NU,2020-06-07 19:53:41,,beldum44742,psyduck38308,psyduck38308,True,"['Spearow', 'Machoke', 'Trapinch', 'Exeggcute', 'Meditite', 'Togepi']","['Machoke', 'Golbat', 'Metang']",19,10,6
smogtours-gen3nu-818807,[Gen 3] NU,2025-02-08 22:55:49,,hoppip910,icywind3250,hoppip910,False,"['Flareon', 'Octillery', 'Haunter', 'Hitmonchan', 'Cacturne', 'Golbat']","['Flareon', 'Hitmonchan', 'Arbok', 'Pelipper', 'Vigoroth', 'Metang']",32,8,9
smogtours-gen3nu-712869,[Gen 3] NU,2023-08-28 18:23:18,,whirlpool40763,rotomfan35023,rotomfan35023,False,"['Wailord', 'Tropius', 'Murkrow', 'Metang', 'Chimecho', 'Roselia']","['Kingler', 'Wailord', 'Flareon', 'Haunter', 'Metang', 'Glalie']",31,14,17
smogtours-gen3nu-448144,[Gen 3] NU,2019-06-19 12:21:05,,medicham64289,sunkern78687,medicham64289,True,"['Staryu', 'Bayleef', 'Rhyhorn', 'Magnemite', 'Delibird']","['Staryu', 'Dustox', 'Bayleef', 'Vulpix', 'Nosepass', 'Delcatty']",55,19,17
smogtours-gen3nu-500016,[Gen 3] NU,2020-05-10 01:18:09,,magmastorm83132,toxicroak72246,magmastorm83132,True,"['Plusle', 'Venomoth', 'Ledian', 'Delcatty']","['Venomoth', 'Plusle', 'Octillery', 'Delcatty', 'Ledian']",20,3,4
gen3nu-1139169577,[Gen 3] NU,2020-06-25 03:12:01,,seedflare81285,gunkshot9424,gunkshot9424,False,"['Wailord', 'Haunter', 'Cacturne', 'Pupitar', 'Chimecho', 'Relicanth']","['Kecleon', 'Octillery', 'Haunter', 'Hitmonchan', 'Metang', 'Pupitar']",36,15,10
smogtours-gen3nu-604842,[Gen 3] NU,2022-01-23 21:49:19,,sentret65215,rampardos23359,rampardos23359,False,"['Haunter', 'Seviper', 'Arbok', 'Swalot', 'Beedrill', 'Golbat']","['Diglett', 'Piloswine', 'Graveler']",13,6,4
gen3nu-1157787298,[Gen 3] NU,2020-07-26 03:10:11,,thunder47082,watersport52224,thunder47082,True,"['Kecleon', 'Shedinja', 'Octillery', 'Cacturne', 'Piloswine', 'Shuckle']","['Kingler', 'Pidgeot', 'Flareon', 'Torkoal', 'Haunter', 'Bellossom']",75,19,18
gen3nu-2270289254,[Gen 3] NU,2024-12-27 05:53:00,,milkdrink49044,sceptile74768,milkdrink49044,False,"['Flareon', 'Haunter', 'Hitmonchan', 'Minun', 'Metang']","['Wailord', 'Huntail', 'Flareon', 'Haunter', 'Metang', 'Glalie']",20,5,7
smogtours-gen3nu-444912,[Gen 3] NU,2019-06-02 19:07:43,,watmelberry41213,murkrow56783,murkrow56783,True,"['Kecleon', 'Haunter', 'Cacturne', 'Pelipper', 'Pikachu', 'Relicanth']","['Wailord', 'Hitmonchan', 'Cacturne', 'Lickitung', 'Sableye', 'Relicanth']",145,38,39
smogtours-gen3nu-713032,[Gen 3] NU,2023-08-30 04:26:57,,thunderbolt19203,gastly60768,thunderbolt19203,False,"['Wailord', 'Flareon', 'Haunter', 'Metang', 'Glalie']","['Torkoal', 'Hitmonchan', 'Bellossom', 'Pupitar', 'Chimecho', 'Glalie']",25,8,7
gen3nu-1127625753,[Gen 3] NU,2020-06-06 00:55:45,,oddincense97806,adaptability26680,adaptability26680,False,"['Seadra', 'Omanyte', 'Poliwhirl', 'Lairon', 'Metang', 'Duskull']","['Bayleef', 'Houndour', 'Omanyte', 'Duskull', 'Golbat', 'Abra']",29,7,7
smogtours-gen3nu-430064,[Gen 3] NU,2019-03-21 20:40:51,,bubblebeam57653,teddiursa88253,bubblebeam57653,False,"['Huntail', 'Magcargo', 'Haunter', 'Murkrow', 'Roselia']","['Flareon', 'Hitmonchan', 'Whiscash', 'Sableye', 'Chimecho', 'Roselia']",35,13,17
gen3nu-1083690612,[Gen 3] NU,2020-03-23 01:21:38,,breloom95698,mintberry2773,mintberry2773,False,"['Snubbull', 'Pineco', 'Ledyba', 'Houndour', 'Totodile', 'Phanpy']","['Doduo', 'Porygon', 'Rhyhorn', 'Oddish', 'Drowzee', 'Squirtle']",22,7,7
smogtours-gen3nu-452421,[Gen 3] NU,2019-07-26 01:05:37,,stoneplate37213,chuspikyeared32159,stoneplate37213,False,"['Kecleon', 'Haunter', 'Cacturne', 'Pelipper', 'Pikachu', 'Relicanth']","['Seadra', 'Huntail', 'Plusle', 'Cacturne', 'Mawile', 'Chimecho']",35,6,10
smogtours-gen3nu-645933,[Gen 3] NU,2022-09-01 16:36:08,,seedot88254,bubblebeam57653,bubblebeam57653,False,"['Wailord', 'Huntail', 'Flareon', 'Haunter', 'Metang', 'Glalie']","['Dunsparce', 'Octillery', 'Arbok', 'Bellossom', 'Metang', 'Chimecho']",26,10,7
smogtours-gen3nu-582696,[Gen 3] NU,2021-10-01 01:42:16,,whirlpool40763,shadowtag53416,whirlpool40763,True,"['Wailord', 'Mawile', 'Bellossom', 'Sableye', 'Glalie']","['Diglett', 'Glalie', 'Bellossom', 'Sableye']",14,4,3
smogtours-gen3nu-488101,[Gen 3] NU,2020-04-05 17:23:30,,thrash80465,rock51085,thrash80465,False,"['Flareon', 'Haunter', 'Bellossom', 'Dewgong', 'Metang', 'Diglett']","['Hitmonchan', 'Cacturne', 'Lickitung', 'Pelipper', 'Metang', 'Chimecho']",42,15,17
gen3nu-1079322634,[Gen 3] NU,2020-03-15 10:26:09,,frz75,trick33871,trick33871,False,"['Kecleon', 'Octillery', 'Haunter', 'Hitmonchan', 'Metang', 'Pupitar']","['Kecleon', 'Tropius', 'Haunter', 'Hitmonchan', 'Relicanth', 'Glalie']",31,11,11
smogtours-gen3nu-703072,[Gen 3] NU,2023-07-14 22:12:54,,drillpeck45275,splash22725,splash22725,False,"['Huntail', 'Torkoal', 'Octillery', 'Metang', 'Pikachu', 'Glalie']","['Kecleon', 'Torkoal', 'Hitmonchan', 'Cacturne', 'Haunter', 'Chimecho']",25,11,11
smogtours-gen3nu-783960,[Gen 3] NU,2024-08-03 22:44:11,,faketears60131,tangledfeet30693,tangledfeet30693,False,"['Wailord', 'Haunter', 'Murkrow', 'Crawdaunt', 'Metang', 'Roselia']","['Wailord', 'Flareon', 'Pikachu', 'Metang', 'Glalie']",16,8,4
smogtours-gen3nu-604839,[Gen 3] NU,2022-01-23 21:46:48,,corphish56783,rampardos23359,rampardos23359,False,"['Venomoth', 'Dustox', 'Haunter', 'Swalot', 'Roselia', 'Golbat']","['Togetic', 'Pidgeot', 'Dunsparce', 'Wigglytuff', 'Raticate', 'Aipom']",25,7,9
smogtours-gen3nu-695501,[Gen 3] NU,2023-06-04 02:47:30,,rotomfan35023,dragondance38276,rotomfan35023,False,"['Kingler', 'Wailord', 'Metang', 'Chimecho', 'Glalie']","['Machoke', 'Sudowoodo', 'Octillery', 'Hitmonchan', 'Sableye', 'Roselia']",30,12,16
smogtours-gen3nu-728380,[Gen 3] NU,2023-11-03 21:40:45,,buneary57593,stench25210,stench25210,False,"['Huntail', 'Flareon', 'Raticate', 'Haunter', 'Grovyle', 'Glalie']","['Wailord', 'Flareon', 'Hitmonchan', 'Bellossom', 'Golbat']",23,7,6
gen3nu-1089098315,[Gen 3] NU,2020-04-01 13:49:28,,dragonfang79331,psyduck38308,psyduck38308,False,"['Seadra', 'Cubone', 'Dragonair', 'Drowzee', 'Weepinbell', 'Metang']","['Shelgon', 'Cubone', 'Metang', 'Dragonair', 'Sealeo', 'Golbat']",33,16,12
gen3nu-1114117413,[Gen 3] NU,2020-05-13 20:50:17,,exeggcute38549,pachirisu343,pachirisu343,True,"['Plusle', 'Dragonair', 'Hitmonchan', 'Charmeleon']","['Flareon', 'Hitmonchan', 'Mawile', 'Pelipper', 'Sableye', 'Roselia']",21,7,8
gen3nu-1131249273,[Gen 3] NU,2020-06-12 05:48:33,,honchkrow58473,gunkshot9424,gunkshot9424,False,"['Kecleon', 'Octillery', 'Hitmonchan', 'Haunter', 'Metang', 'Pupitar']","['Flareon', 'Lileep', 'Hitmonchan', 'Dewgong', 'Sableye', 'Chimecho']",80,34,30
smogtours-gen3nu-599372,[Gen 3] NU,2021-12-27 18:36:26,,fullincense89638,stickybarb45781,stickybarb45781,False,"['Wailord', 'Raticate', 'Hitmonchan', 'Mawile', 'Glalie', 'Tangela']","['Flareon', 'Dewgong', 'Vigoroth', 'Sableye', 'Chimecho']",60,15,11
gen3nu-929192347,[Gen 3] NU,2019-06-16 11:36:01,,rindoberry379,lightclay24303,lightclay24303,False,"['Elekid', 'Meditite', 'Chinchou', 'Koffing', 'Wailmer', 'Delibird']","['Zigzagoon', 'Snorunt', 'Nosepass']",21,10,6
gen3nu-1083663469,[Gen 3] NU,2020-03-23 00:31:56,,habanberry33794,skitty98113,skitty98113,False,"['Wailord', 'Flareon', 'Arbok', 'Metang', 'Glalie', 'Tangela']","['Bellossom', 'Pelipper', 'Vigoroth', 'Pikachu', 'Swalot', 'Relicanth']",25,11,10
gen3nu-1155081552,[Gen 3] NU,2020-07-21 13:01:37,,bite79383,cacnea77514,cacnea77514,False,"['Huntail', 'Butterfree', 'Hitmonchan', 'Lickitung', 'Roselia', 'Abra']","['Huntail', 'Sudowoodo', 'Flareon', 'Cacturne', 'Seaking', 'Swalot']",32,10,6
gen3nu-914448398,[Gen 3] NU,2019-05-22 20:39:44,,hardstone97978,gloom24942,hardstone97978,False,"['Seadra', 'Hitmonchan', 'Sableye', 'Pelipper', 'Lairon', 'Roselia']","['Seadra', 'Raticate', 'Hitmonchan', 'Cacturne', 'Sableye', 'Pikachu']",37,12,9
gen3nu-2136804718,[Gen 3] NU,2024-06-04 16:09:57,,wacanberry71003,espeon66056,espeon66056,False,"['Sudowoodo', 'Shelgon', 'Haunter', 'Cacturne', 'Hitmonchan', 'Pelipper']","['Torkoal', 'Bellossom', 'Chimecho', 'Hitmonchan']",22,9,5
smogtours-gen3nu-617887,[Gen 3] NU,2022-04-04 21:04:21,,volbeat11507,glare38523,volbeat11507,False,"['Marshtomp', 'Combusken', 'Ivysaur', 'Minun', 'Lairon', 'Gastly']","['Marshtomp', 'Combusken', 'Ivysaur', 'Minun', 'Lairon', 'Gastly']",36,17,18
gen3nu-1101526964,[Gen 3] NU,2020-04-22 20:50:19,,toxicspikes84434,iratinaorigin47883,toxicspikes84434,False,"['Furret', 'Wailord', 'Abra', 'Sableye']","['Pidgeot', 'Magcargo', 'Hitmonchan', 'Seaking', 'Chimecho', 'Roselia']",15,3,5
smogtours-gen3nu-547895,[Gen 3] NU,2021-03-14 21:05:18,,crobat65006,rotomfan65136,rotomfan65136,False,"['Pidgeot', 'Plusle', 'Haunter', 'Bellossom', 'Diglett', 'Glalie']","['Wailord', 'Plusle', 'Hitmonchan', 'Cacturne', 'Metang', 'Chimecho']",24,9,10
smogtours-gen3nu-668169,[Gen 3] NU,2023-01-11 20:20:24,,metalpowder38899,victreebel55835,victreebel55835,True,"['Voltorb', 'Delcatty', 'Gloom']","['Staryu', 'Snorunt', 'Lileep', 'Delcatty', 'Shuppet', 'Chinchou']",11,2,5
gen3nu-848439710,[Gen 3] NU,2019-01-13 21:29:19,,powertrick12892,return265,powertrick12892,True,"['Wailord', 'Tropius', 'Dragonair', 'Haunter', 'Hitmonchan', 'Glalie']","['Kecleon', 'Octillery', 'Haunter', 'Hitmonchan', 'Metang', 'Pupitar']",21,9,7
smogtours-gen3nu-843248,[Gen 3] NU,2025-05-17 18:27:27,,phione89690,metalsound31619,metalsound31619,True,"['Torkoal', 'Glalie', 'Metang']","['Sudowoodo', 'Sableye']",20,2,1
gen3nu-1081962196,[Gen 3] NU,2020-03-19 21:52:41,,spite7766,clefairy32307,clefairy32307,False,"['Kecleon', 'Huntail', 'Shelgon', 'Pikachu', 'Chimecho', 'Tangela']","['Venomoth', 'Tropius', 'Seaking', 'Arbok', 'Vigoroth', 'Sableye']",40,15,12
smogtours-gen3nu-452420,[Gen 3] NU,2019-07-26 00:38:52,,chuspikyeared32159,stoneplate37213,chuspikyeared32159,False,"['Huntail', 'Flareon', 'Raticate', 'Chimecho', 'Roselia', 'Golbat']","['Flareon', 'Mawile', 'Bellossom', 'Chimecho', 'Diglett', 'Roselia']",31,13,16
gen3nu-1167812999,[Gen 3] NU,2020-08-12 20:29:19,,sacredfire231,payapaberry21053,payapaberry21053,True,"['Venomoth', 'Plusle', 'Octillery', 'Delcatty', 'Ledian']","['Torkoal', 'Raticate', 'Hitmonchan', 'Arbok', 'Piloswine', 'Dewgong']",38,11,10
gen3nu-441416431,[Gen 3] NU,2016-09-20 18:34:04,,kabuto23092,enpowerflying41982,enpowerflying41982,False,"['Togetic', 'Dragonair', 'Haunter', 'Piloswine', 'Crawdaunt', 'Yanma']","['Wailord', 'Butterfree', 'Shedinja', 'Delcatty', 'Haunter', 'Mawile']",30,8,13
gen3nu-1131562163,[Gen 3] NU,2020-06-12 19:01:16,,happiny30290,poisonpowder16094,poisonpowder16094,False,"['Staryu', 'Plusle', 'Quilava', 'Haunter', 'Cacturne', 'Meowth']","['Seadra', 'Minun', 'Venomoth']",17,11,2
gen3nu-2063919436,[Gen 3] NU,2024-02-20 22:20:24,,drillpeck45275,burmy28567,drillpeck45275,False,"['Torkoal', 'Hitmonchan', 'Cacturne', 'Dewgong', 'Chimecho', 'Swalot']","['Sunflora', 'Butterfree', 'Pineco', 'Lileep', 'Castform', 'Seaking']",43,14,9
gen3nu-2102303066,[Gen 3] NU,2024-04-13 02:37:59,,wepearberry64819,sportball4530,sportball4530,False,"['Flareon', 'Haunter', 'Hitmonchan', 'Bellossom', 'Chimecho', 'Glalie']","['Seadra', 'Butterfree', 'Plusle', 'Lickitung', 'Golbat']",24,11,7
smogtours-gen3nu-812194,[Gen 3] NU,2024-12-30 19:31:53,,denpowersteel79771,ampharos34384,denpowersteel79771,True,"['Wigglytuff', 'Pelipper', 'Metang', 'Chimecho', 'Glalie']","['Torkoal', 'Octillery', 'Haunter', 'Arbok', 'Metang', 'Glalie']",30,9,9
gen3nu-2063955775,[Gen 3] NU,2024-02-20 23:17:53,,drillpeck45275,burmy28567,drillpeck45275,False,"['Hitmonchan', 'Bellossom', 'Piloswine', 'Pelipper', 'Glalie', 'Yanma']","['Wailord', 'Pidgeot', 'Flareon', 'Raticate', 'Haunter', 'Yanma']",28,9,8
gen3nu-933761471,[Gen 3] NU,2019-06-23 23:28:17,,koffing93492,rindoberry7399,koffing93492,True,"['Elekid', 'Staryu', 'Gloom']","['Voltorb', 'Zigzagoon', 'Snorunt', 'Poliwag']",7,2,3
gen3nu-1127438710,[Gen 3] NU,2020-06-05 18:59:19,,adaptability26680,payday74254,payday74254,True,"['Seadra', 'Haunter', 'Ivysaur', 'Metang', 'Pupitar', 'Golbat']","['Doduo', 'Lileep', 'Flaaffy', 'Haunter', 'Metang', 'Abra']",70,29,16
gen3nu-845885433,[Gen 3] NU,2019-01-08 02:07:39,,mail79545,rindoberry7399,rindoberry7399,True,"['Dragonair', 'Minun', 'Drowzee', 'Lairon', 'Sealeo', 'Gastly']","['Trapinch', 'Dragonair', 'Minun', 'Furret', 'Duskull']",47,14,13
smogtours-gen3nu-774444,[Gen 3] NU,2024-06-15 01:34:29,,aeroblast60363,splash22725,splash22725,False,"['Wailord', 'Flareon', 'Octillery', 'Haunter', 'Chimecho', 'Glalie']","['Wailord', 'Haunter', 'Hitmonchan', 'Bellossom', 'Metang', 'Glalie']",25,8,11
gen3nu-933506156,[Gen 3] NU,2019-06-23 15:11:05,,hyperbeam24300,roleplay47054,hyperbeam24300,False,"['Voltorb', 'Cubone', 'Castform', 'Seaking', 'Horsea', 'Taillow']","['Voltorb', 'Grimer', 'Cubone', 'Seaking', 'Horsea', 'Taillow']",18,6,5
gen3nu-1018331957,[Gen 3] NU,2019-11-28 01:38:31,,dugtrio32488,arceussteel79571,arceussteel79571,False,"['Ariados', 'Beautifly', 'Ditto']","['Roselia', 'Hitmonchan', 'Haunter', 'Golbat']",7,3,3
smogtours-gen3nu-647335,[Gen 3] NU,2022-09-10 22:28:14,,drillpeck45275,wormadam14777,drillpeck45275,False,"['Wailord', 'Flareon', 'Poliwhirl', 'Minun', 'Glalie', 'Shuckle']","['Huntail', 'Flareon', 'Metang', 'Murkrow', 'Sableye', 'Roselia']",34,9,11
smogtours-gen3nu-568692,[Gen 3] NU,2021-06-30 18:54:53,,empoleon29019,lockon78937,lockon78937,False,"['Wailord', 'Tropius', 'Haunter', 'Chimecho', 'Relicanth', 'Glalie']","['Wailord', 'Huntail', 'Sudowoodo', 'Haunter', 'Metang', 'Glalie']",30,11,9
smogtours-gen3nu-617871,[Gen 3] NU,2022-04-04 20:09:23,,glare38523,volbeat11507,glare38523,True,"['Marshtomp', 'Mightyena', 'Tentacool', 'Furret', 'Grovyle', 'Duskull']","['Snorunt', 'Houndour', 'Dragonair', 'Minun', 'Furret', 'Beedrill']",30,11,12
gen3nu-1130199580,[Gen 3] NU,2020-06-10 11:22:16,,glaceon53740,slakoth53488,glaceon53740,True,"['Chimecho', 'Roselia', 'Flareon', 'Sableye']","['Torkoal', 'Raticate', 'Hitmonchan', 'Arbok', 'Piloswine', 'Dewgong']",19,7,9
gen3nu-946069391,[Gen 3] NU,2019-07-17 05:03:40,,kebiaberry83233,chartiberry95074,chartiberry95074,False,"['Mawile', 'Dewgong', 'Vigoroth', 'Chimecho', 'Roselia', 'Golbat']","['Wailord', 'Graveler', 'Bellossom', 'Chimecho', 'Glalie', 'Golbat']",45,13,14
smogtours-gen3nu-610086,[Gen 3] NU,2022-02-24 23:17:37,,sleeptalk80665,jynx62866,sleeptalk80665,False,"['Noctowl', 'Houndour', 'Dragonair', 'Omanyte', 'Minun', 'Beedrill']","['Mightyena', 'Minun', 'Lairon', 'Tentacool', 'Furret', 'Duskull']",48,15,20
gen3nu-1116168100,[Gen 3] NU,2020-05-17 10:46:57,,cubone74030,lifeorb59982,cubone74030,True,"['Hitmonchan', 'Sableye', 'Relicanth', 'Roselia', 'Golbat']","['Flareon', 'Lileep', 'Hitmonchan', 'Dewgong', 'Sableye', 'Chimecho']",34,16,14
gen3nu-1073720387,[Gen 3] NU,2020-03-05 02:17:28,,haunter12630,seedflare81285,seedflare81285,False,"['Pidgeot', 'Huntail', 'Flareon', 'Sableye', 'Metang', 'Roselia']","['Flareon', 'Haunter', 'Hitmonchan', 'Metang', 'Roselia']",38,17,16
smogtours-gen3nu-762570,[Gen 3] NU,2024-04-21 00:07:56,,futuresight13270,gardevoir84608,futuresight13270,False,"['Wailord', 'Hitmonchan', 'Vigoroth', 'Metang', 'Glalie']","['Wailord', 'Torkoal', 'Haunter', 'Metang', 'Chimecho', 'Glalie']",24,9,8
gen3nu-924469027,[Gen 3] NU,2019-06-08 14:06:30,,leppaberry32170,dragonrush45934,dragonrush45934,True,"['Snorunt', 'Gloom', 'Koffing', 'Zigzagoon', 'Delibird']","['Rhyhorn', 'Growlithe']",13,5,1
smogtours-gen3nu-566798,[Gen 3] NU,2021-06-19 21:16:09,,beatup32800,golduck61301,beatup32800,False,"['Wailord', 'Flareon', 'Bellossom', 'Pupitar', 'Glalie']","['Wailord', 'Kecleon', 'Haunter', 'Hitmonchan', 'Mawile', 'Glalie']",23,4,10
gen3nu-827810395,[Gen 3] NU,2018-11-29 00:21:30,,leafguard31516,miltank73528,miltank73528,False,"['Wailord', 'Hitmonchan', 'Mawile', 'Chimecho', 'Roselia', 'Yanma']","['Mawile', 'Flareon', 'Glalie', 'Haunter']",23,9,4
smogtours-gen3nu-766913,[Gen 3] NU,2024-05-10 19:11:59,,buneary57593,mawile36886,buneary57593,False,"['Wailord', 'Plusle', 'Hitmonchan', 'Haunter', 'Metang', 'Glalie']","['Wailord', 'Tropius', 'Sudowoodo', 'Raticate', 'Metang', 'Chimecho']",34,11,13
gen3nu-1125525495,[Gen 3] NU,2020-06-02 17:55:06,,hippopotas19760,endure97936,endure97936,False,"['Castform', 'Hitmonchan', 'Ditto', 'Crawdaunt', 'Pikachu', 'Abra']","['Pidgeot', 'Flareon', 'Hitmonchan']",10,7,3
gen3nu-926332227,[Gen 3] NU,2019-06-11 17:03:07,,togepi84148,lockon9800,togepi84148,False,"['Growlithe', 'Grimer', 'Nosepass', 'Delcatty', 'Meditite', 'Illumise']","['Growlithe', 'Nosepass', 'Elekid', 'Ekans', 'Chinchou', 'Gloom']",44,17,14
gen3nu-1126712585,[Gen 3] NU,2020-06-04 16:12:36,,download60495,twister96138,download60495,True,"['Arbok', 'Pidgeot', 'Flareon']","['Wailord', 'Shelgon', 'Hitmonchan', 'Sableye', 'Roselia', 'Glalie']",16,2,7
gen3nu-886834483,[Gen 3] NU,2019-04-03 23:35:41,,gloom24942,rampardos21396,gloom24942,False,"['Metang', 'Haunter', 'Cacturne', 'Lickitung', 'Pikachu']","['Pidgeot', 'Magcargo', 'Hitmonchan', 'Seaking', 'Chimecho', 'Roselia']",24,4,5
gen3nu-1081162283,[Gen 3] NU,2020-03-18 14:53:26,,psyduck38308,dragonfang79331,dragonfang79331,False,"['Pineco', 'Combusken', 'Haunter', 'Meditite', 'Metang', 'Grovyle']","['Marshtomp', 'Dragonair', 'Haunter', 'Graveler', 'Grovyle']",25,9,5
gen3nu-1128589091,[Gen 3] NU,2020-06-07 18:36:58,,latios39178,cubone24985,latios39178,True,"['Wailord', 'Haunter', 'Hitmonchan', 'Metang', 'Roselia']","['Wailord', 'Sudowoodo', 'Shelgon', 'Mightyena', 'Haunter', 'Glalie']",20,7,8
gen3nu-1016166771,[Gen 3] NU,2019-11-24 22:11:16,,hugepower33143,wormadam14777,hugepower33143,False,"['Furret', 'Minun', 'Grovyle', 'Gastly']","['Minun', 'Sealeo', 'Furret', 'Grovyle', 'Gastly', 'Yanma']",33,10,11
smogtours-gen3nu-566123,[Gen 3] NU,2021-06-13 22:27:32,,rockslide24303,fling55533,fling55533,False,"['Wailord', 'Torkoal', 'Murkrow', 'Metang', 'Chimecho', 'Roselia']","['Wailord', 'Sudowoodo', 'Torkoal', 'Haunter', 'Chimecho', 'Glalie']",35,17,12
gen3nu-1134608925,[Gen 3] NU,2020-06-18 05:47:47,1000,anorith51626,beautifly74638,anorith51626,True,"['Arbok', 'Yanma', 'Flareon', 'Metang']","['Wailord', 'Graveler', 'Chimecho', 'Glalie', 'Golbat']",21,4,5
gen3nu-960796403,[Gen 3] NU,2019-08-15 17:51:26,,wailmer43107,luvdisc61803,luvdisc61803,False,"['Nosepass', 'Larvitar', 'Seaking', 'Elekid', 'Meditite', 'Chinchou']","['Bayleef', 'Nosepass', 'Castform', 'Seaking', 'Meditite', 'Masquerain']",54,14,24
gen3nu-928761659,[Gen 3] NU,2019-06-15 17:24:12,,shaymin71333,rawstberry57157,rawstberry57157,False,"['Voltorb', 'Growlithe', 'Cubone', 'Nosepass', 'Gloom', 'Delibird']","['Staryu', 'Pineco', 'Rhyhorn', 'Masquerain', 'Delibird']",26,10,8
smogtours-gen3nu-694104,[Gen 3] NU,2023-05-26 19:54:56,,splash22725,haunter12630,splash22725,False,"['Haunter', 'Hitmonchan', 'Pelipper', 'Chimecho', 'Glalie']","['Seadra', 'Flareon', 'Shelgon', 'Haunter', 'Cacturne', 'Metang']",28,11,13
gen3nu-1126828657,[Gen 3] NU,2020-06-04 19:39:16,,trick50342,furyswipes2115,furyswipes2115,False,"['Wailord', 'Haunter', 'Metang', 'Chimecho', 'Roselia', 'Golbat']","['Venomoth', 'Wailord', 'Tropius', 'Mawile', 'Vigoroth', 'Diglett']",33,10,9
smogtours-gen3nu-645622,[Gen 3] NU,2022-08-28 20:38:30,,honeygather86735,runaway59045,runaway59045,False,"['Haunter', 'Hitmonchan', 'Pelipper', 'Metang', 'Chimecho', 'Glalie']","['Kecleon', 'Haunter', 'Cacturne', 'Pelipper', 'Pikachu', 'Relicanth']",43,18,15
smogtours-gen3nu-664320,[Gen 3] NU,2022-12-11 06:21:52,,enpowerflying39776,magnetpull75337,enpowerflying39776,False,"['Kingler', 'Togetic', 'Magcargo', 'Dragonair', 'Omanyte', 'Abra']","['Kingler', 'Mawile', 'Arbok', 'Piloswine', 'Sealeo', 'Tangela']",31,12,13
gen3nu-2144403400,[Gen 3] NU,2024-06-16 15:53:53,,psncureberry18752,berserkgene21902,psncureberry18752,False,"['Wailord', 'Haunter', 'Murkrow', 'Crawdaunt', 'Metang', 'Roselia']","['Seadra', 'Flareon', 'Murkrow', 'Dewgong', 'Vigoroth']",31,14,11
gen3nu-1158105331,[Gen 3] NU,2020-07-26 19:01:28,,taunt57729,astonish72019,astonish72019,True,"['Torkoal', 'Raticate', 'Arbok', 'Piloswine', 'Dewgong']","['Lileep', 'Hitmonchan', 'Dewgong', 'Sableye', 'Chimecho']",22,7,10
smogtours-gen3nu-564974,[Gen 3] NU,2021-06-06 22:45:37,,lockon78937,fling55533,lockon78937,False,"['Torkoal', 'Cacturne', 'Pupitar', 'Dewgong', 'Whiscash', 'Chimecho']","['Wailord', 'Flareon', 'Pikachu', 'Murkrow', 'Metang', 'Roselia']",36,12,12
gen3nu-928828883,[Gen 3] NU,2019-06-15 19:27:45,,psychocut93276,forretress73728,psychocut93276,False,"['Staryu', 'Rhyhorn', 'Castform', 'Delcatty', 'Nosepass', 'Koffing']","['Castform', 'Nosepass', 'Elekid', 'Gloom', 'Mankey', 'Taillow']",32,13,12
gen3nu-1081142035,[Gen 3] NU,2020-03-18 14:06:51,,psyduck38308,dragonfang79331,psyduck38308,False,"['Pineco', 'Haunter', 'Gloom', 'Metang', 'Abra']","['Machoke', 'Bayleef', 'Shelgon', 'Dragonair', 'Metang', 'Abra']",20,5,7
gen3nu-1047144813,[Gen 3] NU,2020-01-16 02:12:26,,poisonheal87841,horndrill60662,poisonheal87841,False,"['Torkoal', 'Dewgong', 'Arbok', 'Hitmonchan']","['Kingler', 'Huntail', 'Haunter', 'Hitmonchan', 'Chimecho', 'Glalie']",19,5,10
gen3nu-1126765206,[Gen 3] NU,2020-06-04 17:43:46,,adaptability26680,psyduck38308,psyduck38308,True,"['Seadra', 'Houndour', 'Omanyte', 'Graveler', 'Ivysaur', 'Golbat']","['Seadra', 'Metang', 'Wartortle', 'Sealeo', 'Abra']",27,11,7
gen3nu-1047028383,[Gen 3] NU,2020-01-15 22:02:59,,jumpluff89905,wormadam14777,jumpluff89905,False,"['Wailord', 'Sudowoodo', 'Plusle', 'Hitmonchan', 'Cacturne', 'Chimecho']","['Seadra', 'Flareon', 'Hitmonchan', 'Murkrow', 'Dewgong', 'Vigoroth']",33,14,12
gen3nu-2299613925,[Gen 3] NU,2025-02-12 21:46:40,,ludicolo53608,wormadam81861,wormadam81861,True,"['Haunter', 'Hitmonchan', 'Pelipper', 'Metang', 'Glalie']","['Glalie', 'Sableye']",28,5,1
smogtours-gen3nu-805962,[Gen 3] NU,2024-11-11 03:25:57,,gastly60768,pickup28423,pickup28423,False,"['Flareon', 'Hitmonchan', 'Mawile', 'Pelipper', 'Sableye', 'Roselia']","['Flareon', 'Pikachu', 'Bellossom', 'Sableye', 'Glalie', 'Golbat']",46,19,18
smogtours-gen3nu-626223,[Gen 3] NU,2022-05-14 19:45:58,,empoleon29019,bubblebeam57653,bubblebeam57653,False,"['Seadra', 'Wailord', 'Huntail', 'Kecleon', 'Haunter', 'Metang']","['Arbok', 'Bellossom', 'Octillery', 'Metang']",31,12,8
smogtours-gen3nu-570358,[Gen 3] NU,2021-07-16 19:00:48,,haunter12630,fling55533,haunter12630,False,"['Flareon', 'Chimecho', 'Vigoroth', 'Grovyle', 'Relicanth', 'Glalie']","['Wailord', 'Flareon', 'Haunter', 'Metang', 'Diglett', 'Roselia']",38,14,15
smogtours-gen3nu-626817,[Gen 3] NU,2022-05-16 00:11:16,,watersport3755,stickybarb45781,stickybarb45781,False,"['Wailord', 'Flareon', 'Octillery', 'Haunter', 'Chimecho', 'Glalie']","['Wailord', 'Flareon', 'Vigoroth', 'Sableye', 'Pupitar']",37,9,8
gen3nu-2240702261,[Gen 3] NU,2024-11-09 20:14:52,,needlearm59980,hippowdon58140,needlearm59980,False,"['Wailord', 'Flareon', 'Haunter', 'Metang', 'Glalie']","['Kecleon', 'Octillery', 'Haunter', 'Hitmonchan', 'Metang', 'Pupitar']",35,8,16
smogtours-gen3nu-842227,[Gen 3] NU,2025-05-12 16:20:03,,vitalspirit41729,muk57201,muk57201,False,"['Plusle', 'Octillery', 'Hitmonchan', 'Arbok', 'Sableye', 'Glalie']","['Wailord', 'Plusle', 'Haunter', 'Hitmonchan', 'Glalie']",27,11,5
smogtours-gen3nu-634495,[Gen 3] NU,2022-06-25 20:18:39,,frenzyplant86230,stickybarb45781,stickybarb45781,True,"['Wailord', 'Hitmonchan', 'Sableye', 'Chimecho', 'Roselia', 'Shuckle']","['Pidgeot', 'Wailord', 'Torkoal', 'Metang', 'Glalie', 'Golbat']",49,23,17
smogtours-gen3nu-844627,[Gen 3] NU,2025-05-22 19:26:17,,gastly57717,extrasensory76435,extrasensory76435,False,"['Huntail', 'Octillery', 'Haunter', 'Hitmonchan', 'Vigoroth', 'Glalie']","['Wailord', 'Hitmonchan', 'Arbok', 'Pelipper', 'Metang', 'Glalie']",22,8,5
smogtours-gen3nu-562228,[Gen 3] NU,2021-05-26 16:49:27,,rockincense41876,haunter12630,haunter12630,True,"['Hitmonchan', 'Dewgong', 'Sableye', 'Chimecho', 'Roselia']","['Chimecho', 'Relicanth', 'Glalie', 'Flareon']",24,6,4
smogtours-gen3nu-794570,[Gen 3] NU,2024-10-04 16:04:12,,futuresight13270,haunter12630,futuresight13270,True,"['Wartortle', 'Dewgong', 'Whiscash', 'Sableye', 'Roselia', 'Shuckle']","['Wailord', 'Haunter', 'Cacturne', 'Hitmonchan', 'Vigoroth', 'Metang']",37,11,11
gen3nu-1097394187,[Gen 3] NU,2020-04-15 23:03:35,1051,stringshot28281,denpowersteel42140,denpowersteel42140,True,"['Huntail', 'Noctowl', 'Mawile', 'Piloswine', 'Glalie', 'Golbat']","['Plusle', 'Cacturne', 'Arbok', 'Dewgong', 'Masquerain']",22,10,7
smogtours-gen3nu-485415,[Gen 3] NU,2020-03-28 21:10:47,,pidgeot63551,sonicboom26327,sonicboom26327,False,"['Flareon', 'Dunsparce', 'Hitmonchan', 'Whiscash', 'Sableye', 'Roselia']","['Flareon', 'Metang', 'Hitmonchan', 'Sableye', 'Chimecho', 'Roselia']",62,23,24
gen3nu-2136800900,[Gen 3] NU,2024-06-04 16:03:41,,wacanberry71003,espeon66056,espeon66056,False,"['Venomoth', 'Flareon', 'Metang', 'Hitmonchan', 'Dewgong', 'Pikachu']","['Torkoal', 'Chimecho', 'Wailord', 'Hitmonchan']",32,11,6
smogtours-gen3nu-792956,[Gen 3] NU,2024-09-28 15:57:44,,motordrive87413,tangledfeet30693,tangledfeet30693,False,"['Pidgeot', 'Haunter', 'Dewgong', 'Chimecho', 'Diglett', 'Relicanth']","['Huntail', 'Flareon', 'Haunter', 'Hitmonchan', 'Metang', 'Roselia']",31,12,13
smogtours-gen3nu-679436,[Gen 3] NU,2023-03-11 18:06:03,,glalie1542,magmortar19991,glalie1542,False,"['Flareon', 'Hitmonchan', 'Mawile', 'Bellossom', 'Sableye', 'Glalie']","['Wailord', 'Flareon', 'Plusle', 'Haunter', 'Vigoroth', 'Metang']",45,22,17
gen3nu-1083055978,[Gen 3] NU,2020-03-21 21:35:08,,psyduck38308,dragonfang79331,dragonfang79331,True,"['Voltorb', 'Omanyte', 'Haunter', 'Lombre', 'Metang']","['Drowzee', 'Metang']",10,5,2
gen3nu-936013382,[Gen 3] NU,2019-06-27 21:34:07,,icebeam49563,rawstberry57157,rawstberry57157,False,"['Staryu', 'Grimer', 'Nosepass', 'Delcatty', 'Gloom', 'Chinchou']","['Pineco', 'Rhyhorn', 'Nosepass', 'Gloom', 'Masquerain', 'Delibird']",72,26,20
gen3nu-1087306689,[Gen 3] NU,2020-03-29 10:51:28,,dig45111,lightclay56855,lightclay56855,False,"['Voltorb', 'Doduo', 'Exeggcute', 'Shellder', 'Oddish', 'Diglett']","['Ponyta', 'Onix', 'Meowth', 'Clamperl', 'Charmander']",29,18,18
gen3nu-941135881,[Gen 3] NU,2019-07-07 18:21:08,,rindoberry7399,leafeon29964,rindoberry7399,True,"['Minun', 'Sealeo', 'Furret', 'Vibrava', 'Grovyle', 'Gastly']","['Dragonair', 'Minun', 'Lairon', 'Furret', 'Sealeo', 'Charmeleon']",25,12,9
gen3nu-929885013,[Gen 3] NU,2019-06-17 15:10:53,,sandveil87527,adaptability26680,adaptability26680,False,"['Voltorb', 'Growlithe', 'Pineco', 'Nosepass', 'Wailmer', 'Delibird']","['Growlithe', 'Nosepass', 'Delcatty', 'Gloom', 'Taillow']",35,18,11
gen3nu-927762783,[Gen 3] NU,2019-06-13 23:59:39,,present83063,powerswap74860,powerswap74860,False,"['Butterfree', 'Castform', 'Nosepass', 'Meditite', 'Chinchou', 'Gloom']","['Voltorb', 'Rhyhorn', 'Cubone', 'Delcatty', 'Gloom', 'Delibird']",27,12,12
gen3nu-431086045,[Gen 3] NU,2016-09-04 19:10:34,,gastrodon39943,mist98895,mist98895,True,"['Flareon', 'Plusle', 'Hitmonchan', 'Chimecho', 'Glalie']","['Chimecho', 'Murkrow', 'Glalie', 'Bellossom']",14,4,3
gen3nu-1146273035,[Gen 3] NU,2020-07-06 18:26:57,,splash22725,metronome35929,splash22725,False,"['Flareon', 'Haunter', 'Bellossom', 'Sableye', 'Glalie']","['Huntail', 'Noctowl', 'Mawile', 'Piloswine', 'Glalie', 'Golbat']",36,8,13
smogtours-gen3nu-549688,[Gen 3] NU,2021-03-21 19:06:14,,latios18545,cobaberry41000,latios18545,False,"['Wailord', 'Torkoal', 'Murkrow', 'Metang', 'Chimecho', 'Roselia']","['Wailord', 'Flareon', 'Haunter', 'Bellossom', 'Metang', 'Diglett']",27,17,12
gen3nu-936635066,[Gen 3] NU,2019-06-28 23:57:21,,shiftry93983,snubbull68376,shiftry93983,False,"['Flareon', 'Haunter', 'Metang', 'Diglett', 'Roselia']","['Shedinja', 'Raticate', 'Bellossom', 'Dewgong', 'Metang', 'Chimecho']",24,8,10
smogtours-gen3nu-809586,[Gen 3] NU,2024-12-08 18:46:59,,doubleteam62013,shinystone44310,doubleteam62013,False,"['Octillery', 'Raticate', 'Pikachu', 'Metang', 'Chimecho', 'Glalie']","['Wailord', 'Plusle', 'Hitmonchan', 'Murkrow', 'Metang', 'Glalie']",20,6,8
smogtours-gen3nu-485974,[Gen 3] NU,2020-03-29 21:23:20,,toxicroak72246,rock51085,toxicroak72246,False,"['Wailord', 'Flareon', 'Haunter', 'Chimecho', 'Relicanth', 'Roselia']","['Huntail', 'Torkoal', 'Haunter', 'Hitmonchan', 'Metang', 'Roselia']",53,20,20
smogtours-gen3nu-587966,[Gen 3] NU,2021-10-21 21:41:34,,haunter12630,futuresight13270,futuresight13270,False,"['Pidgeot', 'Huntail', 'Flareon', 'Sableye', 'Metang', 'Roselia']","['Bellossom', 'Dewgong', 'Chimecho', 'Diglett', 'Relicanth']",25,13,8
smogtours-gen3nu-692782,[Gen 3] NU,2023-05-18 16:48:00,,haunter12630,honeygather86735,honeygather86735,False,"['Huntail', 'Haunter', 'Minun', 'Lombre', 'Relicanth', 'Glalie']","['Kecleon', 'Pupitar', 'Pelipper', 'Chimecho', 'Roselia', 'Glalie']",36,15,13
gen3nu-1098639858,[Gen 3] NU,2020-04-18 00:58:41,1217,trapinch91237,knockoff26841,knockoff26841,True,"['Wailord', 'Torkoal', 'Hitmonchan', 'Lickitung', 'Sableye', 'Roselia']","['Wailord', 'Hitmonchan', 'Masquerain', 'Chimecho', 'Relicanth']",42,17,13
gen3nu-1089784629,[Gen 3] NU,2020-04-02 17:21:16,,psyduck38308,pidgeot31794,pidgeot31794,True,"['Metang', 'Dragonair', 'Wartortle', 'Drowzee', 'Sealeo', 'Golbat']","['Machoke', 'Trapinch', 'Dragonair', 'Haunter', 'Wartortle', 'Metang']",31,16,15
smogtours-gen3nu-699371,[Gen 3] NU,2023-06-25 21:16:14,,splash22725,minun6717,minun6717,False,"['Kingler', 'Flareon', 'Mawile', 'Bellossom', 'Murkrow', 'Chimecho']","['Wailord', 'Sudowoodo', 'Haunter', 'Whiscash', 'Glalie', 'Golbat']",36,13,12
smogtours-gen3nu-667660,[Gen 3] NU,2023-01-07 21:37:26,,parasect9138,chansey44930,chansey44930,False,"['Kingler', 'Pidgeot', 'Wailord', 'Torkoal', 'Haunter', 'Glalie']","['Kingler', 'Hitmonchan', 'Haunter', 'Metang', 'Chimecho', 'Glalie']",20,9,9
smogtours-gen3nu-436964,[Gen 3] NU,2019-04-21 14:56:13,,bubblebeam57653,shadowclaw51134,shadowclaw51134,False,"['Huntail', 'Magcargo', 'Haunter', 'Hitmonchan', 'Murkrow', 'Roselia']","['Flareon', 'Wigglytuff', 'Wartortle', 'Bellossom', 'Metang', 'Golbat']",40,19,19
gen3nu-1142155979,[Gen 3] NU,2020-06-29 21:13:45,,croagunk59247,watergun59811,watergun59811,False,"['Pidgeot', 'Flareon', 'Hitmonchan', 'Arbok', 'Bellossom', 'Dewgong']","['Pidgeot', 'Huntail', 'Hitmonchan', 'Metang', 'Chimecho', 'Roselia']",47,18,17
gen3nu-1140821367,[Gen 3] NU,2020-06-27 18:11:57,,outrage29420,twistedspoon63684,outrage29420,True,"['Chimecho', 'Venomoth', 'Wailord', 'Cacturne']","['Bellossom', 'Wailord', 'Glalie', 'Sableye']",14,3,5
gen3nu-1139546713,[Gen 3] NU,2020-06-25 18:13:14,,snorunt44686,flaaffy48729,snorunt44686,False,"['Huntail', 'Dunsparce', 'Mawile', 'Whiscash', 'Swalot']","['Dustox', 'Sunflora', 'Shuckle', 'Corsola', 'Ledian', 'Yanma']",44,11,15
gen3nu-1122833968,[Gen 3] NU,2020-05-28 19:21:23,,psyduck38308,nuzleaf44678,psyduck38308,True,"['Shelgon', 'Metang', 'Haunter', 'Wartortle', 'Sealeo']","['Cacnea', 'Haunter', 'Wartortle', 'Metang', 'Golbat']",22,7,5
smogtours-gen3nu-807226,[Gen 3] NU,2024-11-21 19:56:09,,swift79929,haze12837,haze12837,False,"['Kingler', 'Wailord', 'Dunsparce', 'Haunter', 'Metang', 'Chimecho']","['Flareon', 'Plusle', 'Pelipper', 'Metang', 'Glalie']",22,8,7
smogtours-gen3nu-505949,[Gen 3] NU,2020-06-11 20:33:13,,crunch40061,glaceon67942,crunch40061,False,"['Kecleon', 'Octillery', 'Haunter', 'Hitmonchan', 'Metang']","['Wailord', 'Hitmonchan', 'Cacturne', 'Lickitung', 'Sableye', 'Relicanth']",41,8,15
gen3nu-924055054,[Gen 3] NU,2019-06-07 19:34:05,,adaptability26680,icefang57178,icefang57178,False,"['Snorunt', 'Nosepass', 'Elekid', 'Gloom', 'Zigzagoon', 'Ledian']","['Zigzagoon', 'Ledian', 'Delcatty', 'Pineco']",16,7,3
smogtours-gen3nu-830897,[Gen 3] NU,2025-04-06 02:14:14,,azumarill79029,weepinbell75190,weepinbell75190,False,"['Sudowoodo', 'Hitmonchan', 'Haunter', 'Pelipper', 'Metang', 'Glalie']","['Wailord', 'Torkoal', 'Haunter', 'Pupitar', 'Swalot', 'Glalie']",20,9,5
gen3nu-938118837,[Gen 3] NU,2019-07-01 20:40:22,,avalanche29345,slakoth87111,slakoth87111,True,"['Dustox', 'Pineco', 'Bayleef', 'Nosepass', 'Delcatty', 'Chinchou']","['Voltorb', 'Rhyhorn', 'Cubone', 'Delcatty', 'Gloom', 'Delibird']",137,30,29
gen3nu-1096819389,[Gen 3] NU,2020-04-14 23:51:52,1009,download60495,poweranklet47718,download60495,False,"['Pidgeot', 'Huntail', 'Flareon', 'Raticate', 'Haunter']","['Pidgeot', 'Wigglytuff', 'Hitmonchan', 'Ivysaur', 'Glalie', 'Shuckle']",27,9,8
gen3nu-436836862,[Gen 3] NU,2016-09-13 15:38:19,,jirachi1509,silverwind49403,silverwind49403,True,"['Wailord', 'Huntail', 'Cacturne', 'Pikachu', 'Swalot']","['Flareon', 'Mawile', 'Bellossom', 'Diglett', 'Relicanth']",24,8,8
gen3nu-908010859,[Gen 3] NU,2019-05-11 21:44:26,,rayquaza7149,payday74254,rayquaza7149,False,"['Voltorb', 'Rhyhorn', 'Castform', 'Elekid', 'Gloom', 'Chinchou']","['Bayleef', 'Cubone', 'Nosepass', 'Delcatty', 'Parasect', 'Magnemite']",61,14,16
smogtours-gen3nu-617883,[Gen 3] NU,2022-04-04 20:51:59,,volbeat11507,constrict53264,volbeat11507,True,"['Mightyena', 'Omanyte', 'Chinchou', 'Vibrava', 'Grovyle', 'Duskull']","['Doduo', 'Wigglytuff', 'Minun', 'Tentacool', 'Shuckle']",20,7,7
gen3nu-996299997,[Gen 3] NU,2019-10-21 19:42:40,,simple53659,camouflage37346,camouflage37346,False,"['Staryu', 'Bayleef', 'Castform', 'Nosepass', 'Elekid', 'Delibird']","['Staryu', 'Snorunt', 'Delcatty', 'Elekid', 'Bagon', 'Delibird']",32,11,7
smogtours-gen3nu-845487,[Gen 3] NU,2025-05-24 21:04:31,,needlearm59980,tangledfeet30693,needlearm59980,False,"['Plusle', 'Torkoal', 'Haunter', 'Pelipper', 'Metang', 'Glalie']","['Wailord', 'Kecleon', 'Magcargo', 'Hitmonchan', 'Glalie', 'Golbat']",23,9,10
smogtours-gen3nu-478003,[Gen 3] NU,2020-02-29 21:02:02,,koffing93492,rock51085,rock51085,False,"['Seadra', 'Flareon', 'Haunter', 'Hitmonchan', 'Pupitar', 'Roselia']","['Wailord', 'Pidgeot', 'Seviper', 'Bellossom', 'Sableye', 'Glalie']",23,8,9
smogtours-gen3nu-710758,[Gen 3] NU,2023-08-19 15:43:44,,goldberry53422,lick25189,lick25189,False,"['Kecleon', 'Hitmonchan', 'Bellossom', 'Chimecho', 'Relicanth', 'Glalie']","['Huntail', 'Pelipper', 'Metang', 'Chimecho', 'Glalie']",33,11,7
smogtours-gen3nu-716179,[Gen 3] NU,2023-09-14 22:31:17,,whiscash71874,futuresight13270,futuresight13270,False,"['Seadra', 'Wailord', 'Flareon', 'Minun', 'Sableye', 'Glalie']","['Togetic', 'Haunter', 'Hitmonchan', 'Pelipper', 'Glalie']",26,11,5
gen3nu-2123507301,[Gen 3] NU,2024-05-13 03:21:31,,roost11410,rarebone4723,roost11410,True,"['Kecleon', 'Rhyhorn', 'Octillery', 'Haunter', 'Mawile', 'Parasect']","['Wailord', 'Torkoal', 'Hitmonchan', 'Cacturne', 'Dewgong', 'Sableye']",57,22,14
gen3nu-849436979,[Gen 3] NU,2019-01-16 01:53:03,,levitate42349,rindoberry7399,levitate42349,False,"['Trapinch', 'Combusken', 'Omanyte', 'Minun', 'Sealeo', 'Gastly']","['Minun', 'Sealeo', 'Furret', 'Vibrava', 'Grovyle', 'Gastly']",30,10,12
smogtours-gen3nu-582698,[Gen 3] NU,2021-10-01 01:52:08,,whirlpool40763,shadowtag53416,shadowtag53416,True,"['Wailord', 'Tropius', 'Murkrow', 'Metang', 'Chimecho', 'Roselia']","['Chimecho', 'Wailord', 'Murkrow', 'Metang']",23,8,7
smogtours-gen3nu-830371,[Gen 3] NU,2025-04-05 17:17:52,,bubblebeam57653,futuresight13270,futuresight13270,False,"['Haunter', 'Dewgong', 'Vigoroth', 'Whiscash', 'Sableye', 'Glalie']","['Wailord', 'Hitmonchan', 'Cacturne', 'Vigoroth', 'Sableye', 'Chimecho']",53,9,10
smogtours-gen3nu-549813,[Gen 3] NU,2021-03-21 20:59:21,,tangela91840,icepunch95036,tangela91840,False,"['Huntail', 'Noctowl', 'Mawile', 'Glalie', 'Golbat']","['Pidgeot', 'Flareon', 'Hitmonchan', 'Dewgong', 'Sableye', 'Roselia']",44,12,15
smogtours-gen3nu-486391,[Gen 3] NU,2020-03-31 21:09:05,,sniper27597,gigadrain46055,sniper27597,False,"['Raticate', 'Haunter', 'Bellossom', 'Metang', 'Diglett', 'Glalie']","['Kecleon', 'Hitmonchan', 'Bellossom', 'Chimecho', 'Relicanth', 'Glalie']",24,9,13
smogtours-gen3nu-663644,[Gen 3] NU,2022-12-03 22:19:31,,futuresight13270,shadowclaw75622,shadowclaw75622,True,"['Pidgeot', 'Wailord', 'Hitmonchan', 'Sableye', 'Chimecho', 'Roselia']","['Wailord', 'Mawile', 'Vigoroth', 'Sableye', 'Chimecho', 'Roselia']",98,29,22
gen3nu-1097053159,[Gen 3] NU,2020-04-15 11:07:43,,twistedspoon63684,altaria32948,twistedspoon63684,True,"['Torkoal', 'Pupitar', 'Roselia', 'Wailord']","['Sudowoodo', 'Haunter', 'Dewgong', 'Chimecho', 'Roselia']",16,4,6
gen3nu-998471993,[Gen 3] NU,2019-10-25 16:38:22,,simple53659,metagross72181,metagross72181,False,"['Growlithe', 'Bayleef', 'Pineco', 'Cubone', 'Elekid', 'Taillow']","['Staryu', 'Snorunt', 'Delcatty', 'Elekid', 'Bagon', 'Delibird']",30,11,10
smogtours-gen3nu-617881,[Gen 3] NU,2022-04-04 20:42:13,,glare38523,constrict53264,constrict53264,False,"['Dragonair', 'Omanyte', 'Minun', 'Lombre', 'Charmeleon', 'Gastly']","['Seaking', 'Minun', 'Lombre', 'Illumise', 'Furret']",47,18,12
smogtours-gen3nu-805535,[Gen 3] NU,2024-11-09 19:19:11,,normalize71205,shinystone44310,shinystone44310,False,"['Wailord', 'Huntail', 'Torkoal', 'Hitmonchan', 'Bellossom', 'Glalie']","['Wailord', 'Flareon', 'Plusle', 'Raticate', 'Bellossom', 'Glalie']",20,9,10
gen3nu-968842059,[Gen 3] NU,2019-08-31 13:55:37,,wailmer43107,protect16215,wailmer43107,False,"['Growlithe', 'Bayleef', 'Castform', 'Larvitar', 'Elekid', 'Delibird']","['Voltorb', 'Exeggcute', 'Kabuto', 'Castform', 'Seaking', 'Horsea']",21,10,9
smogtours-gen3nu-790356,[Gen 3] NU,2024-09-12 22:28:30,,huntail76319,motordrive87413,huntail76319,False,"['Wailord', 'Torkoal', 'Haunter', 'Hitmonchan', 'Vigoroth', 'Metang']","['Wailord', 'Flareon', 'Octillery', 'Metang', 'Pupitar', 'Golbat']",32,13,16
gen3nu-1033998435,[Gen 3] NU,2019-12-22 21:51:47,,skitty3654,lightball69886,skitty3654,False,"['Huntail', 'Plusle', 'Haunter', 'Relicanth', 'Glalie']","['Huntail', 'Sudowoodo', 'Wigglytuff', 'Sableye', 'Chimecho', 'Roselia']",19,5,6
gen3nu-1096673784,[Gen 3] NU,2020-04-14 19:11:36,,download60495,icefang96065,download60495,False,"['Pidgeot', 'Huntail', 'Flareon', 'Hitmonchan', 'Metang']","['Pidgeot', 'Magcargo', 'Hitmonchan', 'Seaking', 'Chimecho', 'Roselia']",25,11,10
gen3nu-2063927757,[Gen 3] NU,2024-02-20 22:31:58,,drillpeck45275,burmy28567,drillpeck45275,False,"['Wailord', 'Raticate', 'Vigoroth', 'Metang', 'Glalie', 'Yanma']","['Nosepass', 'Delcatty', 'Shuppet', 'Meowth', 'Aipom', 'Masquerain']",28,11,9
gen3nu-1055785680,[Gen 3] NU,2020-01-31 17:57:05,,koffing93492,dark77821,koffing93492,True,"['Wailord', 'Huntail', 'Flareon', 'Haunter', 'Glalie']","['Machoke', 'Houndour', 'Mawile', 'Vigoroth', 'Chimecho', 'Roselia']",23,8,9
gen3nu-1136337409,[Gen 3] NU,2020-06-20 22:00:00,,fire24746,pound26362,fire24746,False,"['Pidgeot', 'Flareon', 'Arbok', 'Bellossom', 'Dewgong']","['Hitmonchan', 'Dewgong', 'Swalot', 'Sableye', 'Chimecho', 'Roselia']",48,22,17
smogtours-gen3nu-567432,[Gen 3] NU,2021-06-23 20:12:05,,wringout69044,bubblebeam57653,wringout69044,False,"['Torkoal', 'Hitmonchan', 'Dewgong', 'Whiscash', 'Sableye', 'Roselia']","['Wailord', 'Flareon', 'Hitmonchan', 'Bellossom', 'Metang', 'Golbat']",58,22,22
smogtours-gen3nu-489129,[Gen 3] NU,2020-04-09 12:16:48,,thrash80465,trick33871,thrash80465,False,"['Flareon', 'Haunter', 'Bellossom', 'Dewgong', 'Metang', 'Diglett']","['Wailord', 'Mawile', 'Bellossom', 'Sableye', 'Diglett', 'Glalie']",31,6,16
gen3nu-1084598652,[Gen 3] NU,2020-03-24 17:33:13,,pidgeot31794,psyduck38308,psyduck38308,True,"['Dragonair', 'Haunter', 'Wartortle', 'Metang', 'Abra']","['Shelgon', 'Cubone', 'Metang', 'Dragonair', 'Sealeo', 'Golbat']",17,6,9
smogtours-gen3nu-504456,[Gen 3] NU,2020-05-31 01:28:27,,trick33871,fissure96222,fissure96222,False,"['Flareon', 'Haunter', 'Pelipper', 'Metang', 'Pupitar', 'Roselia']","['Flareon', 'Diglett', 'Haunter', 'Dewgong', 'Chimecho', 'Relicanth']",44,18,21
gen3nu-2366770738,[Gen 3] NU,2025-05-18 20:00:47,,futuresight13270,parkball33378,futuresight13270,False,"['Wailord', 'Hitmonchan', 'Vigoroth', 'Metang', 'Relicanth', 'Glalie']","['Huntail', 'Hitmonchan', 'Mawile', 'Vigoroth', 'Glalie', 'Golbat']",15,5,7
smogtours-gen3nu-588430,[Gen 3] NU,2021-10-23 20:47:30,,haunter12630,honeygather86735,honeygather86735,False,"['Wailord', 'Flareon', 'Wigglytuff', 'Haunter', 'Metang', 'Glalie']","['Wailord', 'Flareon', 'Metang', 'Chimecho', 'Glalie']",20,9,8
gen3nu-943857921,[Gen 3] NU,2019-07-12 22:20:28,,rawstberry57157,rindoberry379,rindoberry379,False,"['Rhyhorn', 'Natu', 'Snorunt', 'Masquerain', 'Delibird', 'Taillow']","['Growlithe', 'Pineco', 'Nosepass', 'Chinchou', 'Gloom', 'Taillow']",18,8,6
smogtours-gen3nu-795125,[Gen 3] NU,2024-10-05 19:27:10,,futuresight13270,tangledfeet30693,futuresight13270,False,"['Wailord', 'Hitmonchan', 'Cacturne', 'Vigoroth', 'Sableye', 'Chimecho']","['Pidgeot', 'Flareon', 'Mawile', 'Dewgong', 'Pikachu', 'Swalot']",62,25,31
gen3nu-2136474969,[Gen 3] NU,2024-06-04 03:10:42,,wacanberry71003,spelltag42672,spelltag42672,False,"['Kecleon', 'Hitmonchan', 'Bellossom', 'Chimecho', 'Relicanth', 'Glalie']","['Venomoth', 'Flareon', 'Hitmonchan', 'Dewgong', 'Metang']",32,9,11
gen3nu-1122254952,[Gen 3] NU,2020-05-27 20:00:16,,synchronize7839,rawstberry28879,rawstberry28879,False,"['Kecleon', 'Octillery', 'Haunter', 'Hitmonchan', 'Metang', 'Pupitar']","['Flareon', 'Dewgong', 'Haunter', 'Metang']",22,8,6
smogtours-gen3nu-629600,[Gen 3] NU,2022-06-02 23:24:02,,drillpeck45275,flamebody71831,flamebody71831,False,"['Wailord', 'Hitmonchan', 'Cacturne', 'Vigoroth', 'Sableye', 'Relicanth']","['Torkoal', 'Hitmonchan', 'Haunter', 'Crawdaunt', 'Chimecho', 'Roselia']",45,17,16
gen3nu-1117204596,[Gen 3] NU,2020-05-19 02:59:19,,kelpsyberry42591,blackbelt2309,blackbelt2309,False,"['Venomoth', 'Hitmonchan', 'Haunter', 'Cacturne', 'Dewgong', 'Metang']","['Wailord', 'Huntail', 'Hitmonchan', 'Bellossom', 'Sableye', 'Chimecho']",29,13,9
gen3nu-928219511,[Gen 3] NU,2019-06-14 19:07:04,,lowkick70910,lickilicky40959,lowkick70910,False,"['Bayleef', 'Cubone', 'Meditite', 'Chinchou', 'Koffing', 'Delibird']","['Sunflora', 'Pineco', 'Rhyhorn', 'Chinchou', 'Gloom', 'Taillow']",40,18,17
gen3nu-1142327272,[Gen 3] NU,2020-06-30 03:01:08,1005,happiny30290,download60495,download60495,False,"['Beautifly', 'Shedinja', 'Octillery', 'Clefairy', 'Weepinbell', 'Feebas']","['Pidgeot', 'Huntail', 'Flareon', 'Raticate', 'Glalie']",13,6,5
gen3nu-1086285349,[Gen 3] NU,2020-03-27 15:41:22,,habanberry33794,skitty98113,skitty98113,False,"['Wailord', 'Torkoal', 'Haunter', 'Metang', 'Chimecho', 'Glalie']","['Wailord', 'Pidgeot', 'Flareon', 'Sableye', 'Pupitar']",17,6,6
gen3nu-935816246,[Gen 3] NU,2019-06-27 14:51:53,,skyattack88111,psncureberry23140,psncureberry23140,False,"['Voltorb', 'Growlithe', 'Cubone', 'Nosepass', 'Gloom', 'Delibird']","['Castform', 'Nosepass', 'Elekid', 'Gloom', 'Mankey', 'Delibird']",28,13,13
smogtours-gen3nu-694341,[Gen 3] NU,2023-05-27 20:19:50,,twistedspoon63684,minun6717,minun6717,False,"['Hitmonchan', 'Haunter', 'Bellossom', 'Pelipper', 'Metang', 'Glalie']","['Seadra', 'Flareon', 'Haunter', 'Pupitar', 'Chimecho', 'Glalie']",36,13,13
smogtours-gen3nu-451249,[Gen 3] NU,2019-07-10 23:41:34,,registeel32051,stoneplate37213,stoneplate37213,False,"['Huntail', 'Tropius', 'Torkoal', 'Hitmonchan', 'Metang', 'Golbat']","['Relicanth', 'Pelipper', 'Haunter', 'Pikachu']",23,11,8
smogtours-gen3nu-561457,[Gen 3] NU,2021-05-20 20:44:50,,mysteryberry48802,lockon78937,mysteryberry48802,False,"['Wailord', 'Torkoal', 'Plusle', 'Sableye', 'Chimecho', 'Golbat']","['Wailord', 'Hitmonchan', 'Relicanth', 'Sableye', 'Roselia', 'Golbat']",72,19,22
gen3nu-937655125,[Gen 3] NU,2019-06-30 22:48:58,,primeape81140,rindoberry379,rindoberry379,False,"['Voltorb', 'Rhyhorn', 'Delcatty', 'Shellder', 'Gloom', 'Taillow']","['Growlithe', 'Pineco', 'Cubone', 'Elekid', 'Gloom', 'Taillow']",20,7,5
smogtours-gen3nu-487551,[Gen 3] NU,2020-04-04 17:48:08,,dewgong87961,glare38523,dewgong87961,False,"['Wailord', 'Torkoal', 'Haunter', 'Bellossom', 'Metang', 'Glalie']","['Huntail', 'Torkoal', 'Haunter', 'Bellossom', 'Metang', 'Glalie']",41,12,17
smogtours-gen3nu-813680,[Gen 3] NU,2025-01-11 17:06:53,,futuresight13270,denpowersteel79771,futuresight13270,False,"['Wailord', 'Hitmonchan', 'Vigoroth', 'Metang', 'Relicanth', 'Glalie']","['Wailord', 'Torkoal', 'Haunter', 'Metang', 'Chimecho', 'Glalie']",34,12,15
gen3nu-1176686084,[Gen 3] NU,2020-08-28 01:48:32,,jynx62866,mudslap46176,jynx62866,False,"['Minun', 'Grovyle', 'Beedrill', 'Clamperl']","['Snorunt', 'Flaaffy', 'Delcatty', 'Nidorino', 'Masquerain', 'Unown-Question']",24,3,11
gen3nu-1138962255,[Gen 3] NU,2020-06-24 20:27:11,,blacksludge66101,aurorabeam59639,blacksludge66101,False,"['Magcargo', 'Haunter', 'Hitmonchan', 'Bellossom', 'Chimecho', 'Glalie']","['Flareon', 'Shedinja', 'Wigglytuff', 'Hitmonchan', 'Roselia', 'Yanma']",29,6,13
smogtours-gen3nu-741251,[Gen 3] NU,2024-01-22 02:15:44,,mawile36886,gardevoir84608,mawile36886,False,"['Wailord', 'Torkoal', 'Raticate', 'Haunter', 'Chimecho', 'Glalie']","['Torkoal', 'Octillery', 'Dewgong', 'Metang', 'Chimecho', 'Glalie']",25,11,12
smogtours-gen3nu-829700,[Gen 3] NU,2025-04-04 14:12:37,,vitalspirit41729,yanma7568,yanma7568,False,"['Seadra', 'Huntail', 'Torkoal', 'Haunter', 'Hitmonchan', 'Glalie']","['Flareon', 'Plusle', 'Hitmonchan', 'Haunter', 'Arbok', 'Glalie']",23,10,8
gen3nu-2104249301,[Gen 3] NU,2024-04-15 22:34:02,,koffing86027,npowerpsychic55845,npowerpsychic55845,False,"['Wailord', 'Haunter', 'Murkrow', 'Crawdaunt', 'Metang', 'Roselia']","['Octillery', 'Murkrow', 'Chimecho', 'Metang', 'Pupitar', 'Roselia']",28,10,9
smogtours-gen3nu-596007,[Gen 3] NU,2021-12-04 20:04:18,,ironhead21066,lockon78937,lockon78937,False,"['Wailord', 'Sudowoodo', 'Torkoal', 'Bellossom', 'Metang', 'Abra']","['Wailord', 'Torkoal', 'Raticate', 'Hitmonchan', 'Cacturne', 'Whiscash']",28,12,11
gen3nu-1138975301,[Gen 3] NU,2020-06-24 20:47:25,,magmastorm25792,lunatone14638,lunatone14638,False,"['Pidgeot', 'Graveler', 'Cacturne', 'Hitmonchan', 'Diglett', 'Anorith']","['Chimecho', 'Raticate', 'Hitmonchan']",10,7,2
smogtours-gen3nu-813407,[Gen 3] NU,2025-01-06 21:02:42,,futuresight13270,weepinbell75190,weepinbell75190,False,"['Wailord', 'Plusle', 'Cacturne', 'Sableye', 'Chimecho', 'Abra']","['Wailord', 'Flareon', 'Raticate', 'Haunter', 'Hitmonchan', 'Glalie']",22,11,10
smogtours-gen3nu-604272,[Gen 3] NU,2022-01-22 20:50:36,,empoleon29019,guts7809,empoleon29019,False,"['Wailord', 'Flareon', 'Bellossom', 'Dewgong', 'Pikachu', 'Chimecho']","['Huntail', 'Flareon', 'Chimecho', 'Furret', 'Pupitar', 'Glalie']",35,14,13
smogtours-gen3nu-773592,[Gen 3] NU,2024-06-09 22:32:46,,pickup28423,gardevoir84608,gardevoir84608,False,"['Wailord', 'Flareon', 'Hitmonchan', 'Mawile', 'Glalie', 'Golbat']","['Flareon', 'Plusle', 'Hitmonchan', 'Haunter', 'Metang', 'Glalie']",30,13,9
smogtours-gen3nu-843241,[Gen 3] NU,2025-05-17 18:23:33,,metalsound31619,phione89690,metalsound31619,True,"['Pelipper', 'Glalie', 'Sudowoodo']","['Torkoal', 'Huntail', 'Hitmonchan', 'Sableye']",10,2,3
gen3nu-1123527089,[Gen 3] NU,2020-05-29 23:09:57,,psyduck38308,adaptability26680,psyduck38308,False,"['Seadra', 'Machoke', 'Shelgon', 'Metang', 'Golbat']","['Bayleef', 'Houndour', 'Omanyte', 'Duskull', 'Golbat', 'Abra']",28,5,12
gen3nu-988884810,[Gen 3] NU,2019-10-08 06:38:56,,pidgeotto55239,charmeleon22211,charmeleon22211,True,"['Hitmonchan', 'Dewgong', 'Vigoroth', 'Chimecho', 'Roselia', 'Golbat']","['Torkoal', 'Raticate', 'Hitmonchan', 'Arbok', 'Piloswine', 'Dewgong']",29,13,9
gen3nu-2256096885,[Gen 3] NU,2024-12-03 20:21:08,,shinystone44310,mysteryberry83821,mysteryberry83821,False,"['Flareon', 'Haunter', 'Hitmonchan', 'Pelipper', 'Pupitar', 'Glalie']","['Wailord', 'Huntail', 'Flareon', 'Haunter', 'Metang', 'Glalie']",22,8,10
smogtours-gen3nu-811817,[Gen 3] NU,2024-12-28 04:16:26,,motordrive87413,magnezone42158,motordrive87413,False,"['Huntail', 'Flareon', 'Haunter', 'Hitmonchan', 'Metang', 'Glalie']","['Huntail', 'Torkoal', 'Plusle', 'Haunter', 'Metang', 'Glalie']",32,11,10
smogtours-gen3nu-653092,[Gen 3] NU,2022-10-06 20:33:08,,haunter12630,honeygather86735,honeygather86735,False,"['Huntail', 'Flareon', 'Raticate', 'Haunter', 'Hitmonchan', 'Glalie']","['Haunter', 'Pelipper', 'Metang', 'Chimecho', 'Glalie']",51,7,10
smogtours-gen3nu-505233,[Gen 3] NU,2020-06-06 01:17:32,,trick33871,fissure96222,trick33871,False,"['Torkoal', 'Chimecho', 'Cacturne']","['Wailord', 'Haunter', 'Hitmonchan', 'Lickitung', 'Metang', 'Roselia']",33,5,15
gen3nu-1147608396,[Gen 3] NU,2020-07-08 20:39:46,,icebody70639,seedflare81285,seedflare81285,False,"['Flareon', 'Raticate', 'Haunter', 'Dewgong', 'Roselia', 'Glalie']","['Flareon', 'Haunter', 'Dewgong', 'Diglett', 'Relicanth']",26,13,11
gen3nu-431657801,[Gen 3] NU,2016-09-05 17:43:03,,seadra74929,bronzor32751,bronzor32751,False,"['Flareon', 'Hitmonchan', 'Mawile', 'Pelipper', 'Sableye', 'Roselia']","['Dewgong', 'Murkrow', 'Glalie', 'Hitmonchan']",23,8,5
smogtours-gen3nu-617879,[Gen 3] NU,2022-04-04 20:25:52,,glare38523,volbeat11507,glare38523,False,"['Flaaffy', 'Dragonair', 'Omanyte', 'Ivysaur', 'Sealeo', 'Furret']","['Doduo', 'Trapinch', 'Shedinja', 'Tentacool', 'Lairon', 'Furret']",23,12,14
gen3nu-1082510578,[Gen 3] NU,2020-03-20 21:07:03,,dragonfang79331,psyduck38308,psyduck38308,False,"['Seadra', 'Shelgon', 'Combusken', 'Wartortle', 'Metang', 'Duskull']","['Marshtomp', 'Haunter', 'Ivysaur', 'Metang', 'Diglett', 'Duskull']",34,8,10
gen3nu-1083712708,[Gen 3] NU,2020-03-23 02:19:09,,drainpunch82205,spite7766,spite7766,False,"['Seadra', 'Bellossom', 'Vigoroth', 'Metang', 'Diglett', 'Abra']","['Dunsparce', 'Haunter', 'Metang', 'Chimecho', 'Tangela']",28,11,6
gen3nu-1081966448,[Gen 3] NU,2020-03-19 21:51:25,,exploud92539,dragonfang79331,dragonfang79331,False,"['Pineco', 'Houndour', 'Haunter', 'Gloom', 'Lairon', 'Weepinbell']","['Marshtomp', 'Combusken', 'Haunter', 'Graveler', 'Wartortle', 'Drowzee']",29,10,9
smogtours-gen3nu-718220,[Gen 3] NU,2023-09-22 21:19:42,,stench25210,futuresight13270,futuresight13270,False,"['Wailord', 'Tropius', 'Sudowoodo', 'Haunter', 'Metang', 'Glalie']","['Wailord', 'Kecleon', 'Raticate', 'Hitmonchan', 'Glalie']",31,15,8
gen3nu-934094213,[Gen 3] NU,2019-06-24 15:34:21,,adaptability26680,hyperbeam24300,adaptability26680,False,"['Growlithe', 'Staryu', 'Bayleef', 'Delcatty', 'Gloom']","['Voltorb', 'Cubone', 'Castform', 'Seaking', 'Horsea', 'Taillow']",40,12,11
smogtours-gen3nu-661742,[Gen 3] NU,2022-11-17 19:09:37,,teddiursa88253,haunter12630,haunter12630,False,"['Huntail', 'Flareon', 'Mawile', 'Murkrow', 'Diglett', 'Glalie']","['Plusle', 'Wigglytuff', 'Haunter', 'Hitmonchan', 'Crawdaunt', 'Roselia']",44,16,14
gen3nu-922538735,[Gen 3] NU,2019-06-05 09:26:12,,present83063,psybeam14379,present83063,False,"['Butterfree', 'Nosepass', 'Meditite', 'Gloom', 'Chinchou']","['Voltorb', 'Rhyhorn', 'Cubone', 'Delcatty', 'Gloom', 'Delibird']",29,12,14
gen3nu-1098013937,[Gen 3] NU,2020-04-16 23:44:12,,feebas44083,meditate33748,feebas44083,True,"['Roselia', 'Pidgeot', 'Hitmonchan', 'Sableye']","['Noctowl', 'Octillery', 'Graveler', 'Hitmonchan', 'Roselia']",13,5,8
gen3nu-1082002191,[Gen 3] NU,2020-03-19 22:59:09,,exploud92539,dragonfang79331,dragonfang79331,True,"['Pineco', 'Combusken', 'Haunter', 'Drowzee', 'Metang', 'Sealeo']","['Shelgon', 'Machoke', 'Dragonair', 'Metang']",14,8,4
gen3nu-1140818881,[Gen 3] NU,2020-06-27 18:08:21,,outrage29420,twistedspoon63684,outrage29420,False,"['Shelgon', 'Haunter', 'Cacturne', 'Mawile', 'Pelipper', 'Chimecho']","['Wailord', 'Torkoal', 'Haunter', 'Pupitar', 'Chimecho', 'Roselia']",24,9,9
gen3nu-1139049636,[Gen 3] NU,2020-06-24 23:02:49,,gorebyss45447,happiny30290,happiny30290,False,"['Hitmonchan', 'Seaking', 'Arbok', 'Sableye', 'Glalie', 'Tangela']","['Wailord', 'Huntail', 'Sandshrew', 'Omanyte', 'Shuckle']",34,10,9
gen3nu-933542178,[Gen 3] NU,2019-06-23 16:25:38,,simple53659,togepi84148,simple53659,False,"['Growlithe', 'Pineco', 'Cubone', 'Elekid', 'Gloom', 'Taillow']","['Growlithe', 'Grimer', 'Nosepass', 'Delcatty', 'Meditite', 'Illumise']",24,8,10
smogtours-gen3nu-809137,[Gen 3] NU,2024-12-06 22:26:02,,mysteryberry83821,doubleteam62013,doubleteam62013,False,"['Wailord', 'Huntail', 'Flareon', 'Haunter', 'Metang', 'Glalie']","['Huntail', 'Flareon', 'Haunter', 'Hitmonchan', 'Metang', 'Glalie']",25,13,8
smogtours-gen3nu-784783,[Gen 3] NU,2024-08-08 23:32:19,,gardevoir84608,haunter12630,haunter12630,False,"['Torkoal', 'Bellossom', 'Murkrow', 'Pelipper', 'Metang', 'Glalie']","['Octillery', 'Omanyte', 'Hitmonchan', 'Arbok', 'Chimecho']",30,13,11
smogtours-gen3nu-615190,[Gen 3] NU,2022-03-23 20:22:11,,flaaffy13191,glare38523,glare38523,False,"['Mightyena', 'Omanyte', 'Ivysaur', 'Minun', 'Sealeo', 'Vibrava']","['Mightyena', 'Omanyte', 'Chinchou', 'Vibrava', 'Grovyle', 'Duskull']",49,19,23
gen3nu-1125439111,[Gen 3] NU,2020-06-02 15:08:15,,endure97936,shadowsneak84670,endure97936,True,"['Pidgeot', 'Huntail', 'Flareon', 'Raticate', 'Hitmonchan', 'Haunter']","['Seadra', 'Togetic', 'Castform', 'Graveler', 'Seviper', 'Pikachu']",17,7,5
smogtours-gen3nu-759778,[Gen 3] NU,2024-04-07 21:41:33,,crunch37612,gardevoir84608,gardevoir84608,False,"['Wailord', 'Hitmonchan', 'Bellossom', 'Vigoroth', 'Sableye', 'Glalie']","['Flareon', 'Plusle', 'Haunter', 'Pelipper', 'Metang', 'Glalie']",43,17,11
smogtours-gen3nu-631978,[Gen 3] NU,2022-06-12 20:42:18,,golduck61301,bubblebeam57653,bubblebeam57653,False,"['Wailord', 'Flareon', 'Dewgong', 'Vigoroth', 'Chimecho', 'Glalie']","['Hitmonchan', 'Bellossom', 'Chimecho', 'Crawdaunt', 'Metang', 'Swalot']",38,11,9
smogtours-gen3nu-736119,[Gen 3] NU,2023-12-22 21:04:18,,swift96975,tangledfeet30693,swift96975,False,"['Wailord', 'Flareon', 'Octillery', 'Haunter', 'Chimecho', 'Glalie']","['Wailord', 'Torkoal', 'Octillery', 'Haunter', 'Metang', 'Glalie']",22,9,10
gen3nu-1164054426,[Gen 3] NU,2020-08-06 03:05:48,,gunkshot9424,ember65791,gunkshot9424,False,"['Voltorb', 'Rhyhorn', 'Cubone', 'Delcatty', 'Gloom', 'Delibird']","['Voltorb', 'Grimer', 'Cubone', 'Seaking', 'Horsea', 'Taillow']",25,10,8
gen3nu-1117557854,[Gen 3] NU,2020-05-19 17:56:32,,larvitar96901,doubleedge7197,larvitar96901,False,"['Kecleon', 'Octillery', 'Haunter', 'Hitmonchan', 'Metang', 'Pupitar']","['Kingler', 'Torkoal', 'Cacturne', 'Mawile', 'Vigoroth', 'Golbat']",24,12,11
gen3nu-879404325,[Gen 3] NU,2019-03-20 23:56:51,,ursaring45910,zenheadbutt21681,ursaring45910,False,"['Shedinja', 'Graveler', 'Crawdaunt', 'Glalie', 'Grovyle', 'Golbat']","['Pidgeot', 'Marshtomp', 'Hitmonchan', 'Lickitung', 'Pupitar', 'Glalie']",30,12,15
smogtours-gen3nu-613276,[Gen 3] NU,2022-03-13 15:52:43,,machamp13023,volbeat11507,volbeat11507,False,"['Houndour', 'Omanyte', 'Dragonair', 'Ivysaur', 'Minun', 'Furret']","['Furret', 'Minun', 'Snorunt', 'Beedrill']",20,12,4
smogtours-gen3nu-484388,[Gen 3] NU,2020-03-27 01:35:45,,recycle92780,rock51085,recycle92780,True,"['Tropius', 'Flareon', 'Haunter', 'Mawile', 'Glalie']","['Shelgon', 'Hitmonchan', 'Dewgong', 'Metang', 'Chimecho', 'Roselia']",33,15,13
smogtours-gen3nu-748700,[Gen 3] NU,2024-02-19 02:17:23,,gardevoir84608,futuresight13270,gardevoir84608,True,"['Wailord', 'Torkoal', 'Hitmonchan', 'Vigoroth', 'Metang', 'Glalie']","['Torkoal', 'Bellossom', 'Pelipper', 'Whiscash', 'Sableye', 'Glalie']",35,11,10
gen3nu-848454082,[Gen 3] NU,2019-01-13 22:22:07,,wiseglasses65503,naturalgift2401,naturalgift2401,False,"['Flareon', 'Haunter', 'Hitmonchan', 'Bellossom', 'Sableye', 'Glalie']","['Huntail', 'Kecleon', 'Flareon', 'Plusle', 'Haunter', 'Hitmonchan']",38,12,11
gen3nu-878744538,[Gen 3] NU,2019-03-19 19:30:37,,teddiursa88253,captivate54063,teddiursa88253,False,"['Flareon', 'Hitmonchan', 'Whiscash', 'Sableye', 'Chimecho', 'Roselia']","['Kecleon', 'Torkoal', 'Plusle', 'Sableye', 'Pupitar', 'Roselia']",48,13,12
smogtours-gen3nu-439936,[Gen 3] NU,2019-05-05 17:08:19,,cobaberry41000,suctioncups53417,cobaberry41000,False,"['Murkrow', 'Roselia', 'Wailord', 'Chimecho']","['Wailord', 'Haunter', 'Pupitar', 'Metang', 'Chimecho', 'Roselia']",29,8,11
gen3nu-921451382,[Gen 3] NU,2019-06-03 15:07:14,,spelltag25803,houndour54582,spelltag25803,False,"['Staryu', 'Butterfree', 'Makuhita', 'Rhyhorn', 'Snorunt']","['Nosepass', 'Delcatty', 'Elekid', 'Meditite', 'Delibird', 'Taillow']",25,8,10
gen3nu-1135600035,[Gen 3] NU,2020-06-19 18:25:21,,fighting88830,seedflare81285,fighting88830,False,"['Bellossom', 'Flareon', 'Haunter', 'Metang']","['Wailord', 'Haunter', 'Cacturne', 'Chimecho', 'Pupitar', 'Relicanth']",23,6,6
smogtours-gen3nu-700855,[Gen 3] NU,2023-07-02 20:08:11,,shinystone44310,splash22725,shinystone44310,False,"['Seadra', 'Torkoal', 'Haunter', 'Cacturne', 'Metang', 'Glalie']","['Flareon', 'Hitmonchan', 'Relicanth', 'Crawdaunt', 'Chimecho', 'Roselia']",19,8,10
gen3nu-922648874,[Gen 3] NU,2019-06-05 14:27:31,,tangela22698,azurill28098,azurill28098,False,"['Staryu', 'Bayleef', 'Natu', 'Castform', 'Nosepass', 'Elekid']","[""Farfetch'D"", 'Staryu', 'Bayleef', 'Rhyhorn', 'Meditite', 'Delibird']",20,13,7
smogtours-gen3nu-743184,[Gen 3] NU,2024-01-28 23:06:36,,cherishball82469,mawile36886,mawile36886,False,"['Torkoal', 'Hitmonchan', 'Bellossom', 'Dewgong', 'Sableye', 'Glalie']","['Wailord', 'Flareon', 'Sableye', 'Metang', 'Glalie']",37,17,12
gen3nu-932971716,[Gen 3] NU,2019-06-22 16:19:23,,tangela22698,primeape81140,primeape81140,False,"['Staryu', 'Bayleef', 'Natu', 'Castform', 'Nosepass', 'Elekid']","['Voltorb', 'Rhyhorn', 'Delcatty', 'Shellder', 'Gloom', 'Taillow']",32,12,12
gen3nu-930797593,[Gen 3] NU,2019-06-18 23:49:07,,transform65474,drainpunch57450,transform65474,True,"['Cubone', 'Nosepass', 'Flaaffy', 'Gloom', 'Wailmer', 'Delibird']","['Dustox', 'Nosepass', 'Elekid', 'Meditite', 'Gloom', 'Delibird']",35,12,14
gen3nu-2200270681,[Gen 3] NU,2024-09-12 19:29:35,,swift79929,mirrormove8296,mirrormove8296,False,"['Octillery', 'Murkrow', 'Pupitar', 'Metang', 'Chimecho', 'Roselia']","['Flareon', 'Hitmonchan', 'Cacturne', 'Metang', 'Golbat']",15,9,4
gen3nu-1113836969,[Gen 3] NU,2020-05-13 11:04:02,,feraligatr69644,denpowergrass70700,denpowergrass70700,False,"['Kecleon', 'Octillery', 'Hitmonchan', 'Haunter', 'Metang', 'Pupitar']","['Kecleon', 'Octillery', 'Haunter', 'Hitmonchan', 'Metang']",37,16,13
gen3nu-988141538,[Gen 3] NU,2019-10-06 21:30:13,,hardstone97978,avalanche29345,hardstone97978,False,"['Seadra', 'Hitmonchan', 'Sableye', 'Pelipper', 'Lairon', 'Roselia']","['Flareon', 'Hitmonchan', 'Mawile', 'Pelipper', 'Sableye', 'Roselia']",45,15,16
gen3nu-1167816781,[Gen 3] NU,2020-08-12 20:29:46,,przcureberry35373,payapaberry21053,przcureberry35373,False,"['Wailord', 'Glalie', 'Haunter', 'Hitmonchan']","['Torkoal', 'Cacturne', 'Mawile', 'Vigoroth', 'Golbat']",19,5,8
smogtours-gen3nu-601738,[Gen 3] NU,2022-01-09 19:10:25,,armthrust56850,honeygather86735,honeygather86735,False,"['Wailord', 'Plusle', 'Torkoal', 'Haunter', 'Metang', 'Glalie']","['Wailord', 'Hitmonchan', 'Bellossom', 'Metang', 'Glalie']",24,7,4
gen3nu-884386935,[Gen 3] NU,2019-03-30 14:34:34,,return265,teddiursa88253,teddiursa88253,False,"['Wailord', 'Hitmonchan', 'Mawile', 'Chimecho', 'Roselia', 'Yanma']","['Spinda', 'Mawile', 'Minun', 'Clamperl', 'Ariados']",37,8,6
smogtours-gen3nu-806270,[Gen 3] NU,2024-11-14 20:57:24,,limber11712,clefairy19286,clefairy19286,False,"['Wailord', 'Haunter', 'Bellossom', 'Metang', 'Pupitar', 'Glalie']","['Flareon', 'Glalie', 'Haunter', 'Metang']",18,6,5
gen3nu-919273536,[Gen 3] NU,2019-05-30 20:41:27,,attract90356,weedle97459,weedle97459,False,"['Huntail', 'Dunsparce', 'Octillery', 'Wigglytuff', 'Raticate', 'Zigzagoon']","['Pidgeot', 'Torkoal', 'Haunter', 'Bellossom', 'Whiscash', 'Metang']",23,9,7
gen3nu-1082000059,[Gen 3] NU,2020-03-19 22:55:15,,exploud92539,dragonfang79331,dragonfang79331,True,"['Voltorb', 'Omanyte', 'Haunter', 'Drowzee', 'Metang']","['Shelgon', 'Combusken', 'Drowzee', 'Metang', 'Golbat']",28,8,7
gen3nu-1018363136,[Gen 3] NU,2019-11-28 02:46:14,,charizard73293,arceussteel79571,arceussteel79571,False,"['Torkoal', 'Raticate', 'Hitmonchan', 'Arbok', 'Piloswine', 'Dewgong']","['Kingler', 'Pidgeot', 'Mightyena', 'Haunter', 'Hitmonchan']",21,10,5
gen3nu-1125075183,[Gen 3] NU,2020-06-01 22:03:50,,adaptability26680,psyduck38308,adaptability26680,True,"['Bayleef', 'Combusken', 'Omanyte', 'Haunter', 'Drowzee', 'Metang']","['Seadra', 'Machoke', 'Shelgon', 'Wartortle', 'Metang', 'Golbat']",43,13,16
gen3nu-935577493,[Gen 3] NU,2019-06-27 02:06:37,,lucario46553,psychic75182,psychic75182,False,"['Voltorb', 'Doduo', 'Exeggcute', 'Shellder', 'Oddish', 'Diglett']","['Doduo', 'Trapinch', 'Houndour', 'Elekid', 'Shellder', 'Anorith']",16,7,8
smogtours-gen3nu-739247,[Gen 3] NU,2024-01-14 18:23:09,,tangledfeet30693,corsola34170,corsola34170,False,"['Huntail', 'Flareon', 'Hitmonchan', 'Haunter', 'Metang', 'Roselia']","['Flareon', 'Sableye', 'Mawile', 'Bellossom', 'Pikachu', 'Glalie']",79,28,32
gen3nu-1098981397,[Gen 3] NU,2020-04-18 17:32:42,,thrash80465,denpowersteel79771,denpowersteel79771,False,"['Wailord', 'Pidgeot', 'Mawile', 'Chimecho', 'Diglett', 'Roselia']","['Wailord', 'Pidgeot', 'Torkoal', 'Cacturne', 'Arbok', 'Metang']",35,16,13
smogtours-gen3nu-645874,[Gen 3] NU,2022-08-31 20:46:26,,hitmonchan30284,hypervoice57448,hypervoice57448,False,"['Wailord', 'Tropius', 'Murkrow', 'Metang', 'Chimecho', 'Roselia']","['Pidgeot', 'Wailord', 'Torkoal', 'Metang', 'Golbat']",19,8,9
smogtours-gen3nu-745306,[Gen 3] NU,2024-02-05 01:13:42,,embargo51096,futuresight13270,futuresight13270,False,"['Huntail', 'Octillery', 'Raticate', 'Hitmonchan', 'Metang', 'Roselia']","['Wailord', 'Glalie', 'Raticate', 'Haunter']",19,8,5
smogtours-gen3nu-605796,[Gen 3] NU,2022-01-30 18:21:43,,empoleon29019,denpowersteel79771,denpowersteel79771,False,"['Wailord', 'Pidgeot', 'Pikachu', 'Bellossom', 'Dewgong', 'Metang']","['Pidgeot', 'Torkoal', 'Plusle', 'Relicanth', 'Chimecho', 'Roselia']",31,14,12
smogtours-gen3nu-487088,[Gen 3] NU,2020-04-03 20:25:00,,icebody76796,altaria32948,altaria32948,True,"['Sudowoodo', 'Shelgon', 'Haunter', 'Dewgong', 'Chimecho', 'Tangela']","['Sudowoodo', 'Haunter', 'Dewgong', 'Metang', 'Chimecho', 'Roselia']",31,16,8
gen3nu-2080817490,[Gen 3] NU,2024-03-14 14:15:43,,protean44434,doubleslap79650,protean44434,False,"['Wailord', 'Huntail', 'Flareon', 'Haunter', 'Metang', 'Glalie']","['Wailord', 'Octillery', 'Haunter', 'Vigoroth', 'Metang', 'Glalie']",28,11,8
smogtours-gen3nu-687465,[Gen 3] NU,2023-04-15 03:15:27,,futuresight13270,volttackle6680,futuresight13270,False,"['Wailord', 'Kecleon', 'Haunter', 'Hitmonchan', 'Glalie']","['Haunter', 'Dewgong', 'Vigoroth', 'Metang', 'Chimecho', 'Glalie']",19,5,8
smogtours-gen3nu-616716,[Gen 3] NU,2022-03-31 15:23:34,,volbeat11507,constrict53264,constrict53264,False,"['Omanyte', 'Minun', 'Sealeo', 'Vibrava', 'Beedrill', 'Duskull']","['Trapinch', 'Omanyte', 'Elekid', 'Minun', 'Furret', 'Vibrava']",38,16,16
gen3nu-935557436,[Gen 3] NU,2019-06-27 01:35:07,,twistedspoon63684,slash46153,twistedspoon63684,True,"['Venomoth', 'Plusle', 'Delcatty', 'Mawile', 'Ledian']","['Roselia', 'Pidgeot', 'Marshtomp', 'Metang']",18,4,5
smogtours-gen3nu-582697,[Gen 3] NU,2021-10-01 01:46:25,,whirlpool40763,shadowtag53416,shadowtag53416,True,"['Wigglytuff', 'Raticate', 'Bellossom', 'Metang', 'Golbat']","['Wailord', 'Haunter', 'Murkrow', 'Crawdaunt', 'Metang', 'Roselia']",10,4,6
gen3nu-935421413,[Gen 3] NU,2019-06-26 20:41:09,,koffing93492,batonpass8026,koffing93492,False,"['Staryu', 'Natu', 'Delcatty', 'Seaking', 'Elekid', 'Gloom']","['Voltorb', 'Growlithe', 'Cubone', 'Nosepass', 'Gloom', 'Delibird']",27,8,12
smogtours-gen3nu-587969,[Gen 3] NU,2021-10-21 21:49:18,,haunter12630,futuresight13270,haunter12630,False,"['Wailord', 'Flareon', 'Wigglytuff', 'Haunter', 'Metang', 'Glalie']","['Flareon', 'Hitmonchan', 'Crawdaunt', 'Relicanth', 'Chimecho', 'Roselia']",35,13,16
gen3nu-848451117,[Gen 3] NU,2019-01-13 21:58:25,,acupressure5238,blazekick65999,acupressure5238,False,"['Shedinja', 'Houndour', 'Omanyte', 'Furret']","['Mightyena', 'Dragonair', 'Sealeo', 'Furret', 'Grovyle', 'Duskull']",23,9,12
smogtours-gen3nu-600900,[Gen 3] NU,2022-01-07 20:32:00,,koffing93492,bayleef19206,koffing93492,False,"['Seadra', 'Wailord', 'Torkoal', 'Raticate', 'Haunter', 'Roselia']","['Wailord', 'Plusle', 'Raticate', 'Hitmonchan', 'Cacturne', 'Chimecho']",34,15,16
gen3nu-859262032,[Gen 3] NU,2019-02-07 02:23:14,,larvitar71203,meadowplate6134,larvitar71203,False,"['Wailord', 'Cacturne', 'Vigoroth', 'Pikachu', 'Furret', 'Diglett']","['Pidgeot', 'Magcargo', 'Hitmonchan', 'Seaking', 'Chimecho', 'Roselia']",17,7,6
gen3nu-1040317676,[Gen 3] NU,2020-01-03 17:46:10,,firespin44437,koffing93492,koffing93492,False,"['Huntail', 'Castform', 'Haunter', 'Crawdaunt', 'Diglett', 'Glalie']","['Wailord', 'Murkrow', 'Metang', 'Chimecho', 'Roselia']",21,10,8
gen3nu-935579073,[Gen 3] NU,2019-06-27 02:11:25,,illuminate3084,payday74254,payday74254,False,"['Voltorb', 'Rhyhorn', 'Cubone', 'Delcatty', 'Gloom', 'Delibird']","['Staryu', 'Dustox', 'Rhyhorn', 'Castform', 'Meditite', 'Magnemite']",30,15,8
smogtours-gen3nu-744283,[Gen 3] NU,2024-02-03 15:05:32,,powerelectric10332,teddiursa88253,powerelectric10332,True,"['Mawile', 'Glalie', 'Hitmonchan']","['Mawile', 'Venomoth', 'Ledian']",14,2,3
gen3nu-1079481635,[Gen 3] NU,2020-03-15 17:25:19,,muk9797,exploud92561,exploud92561,False,"['Kecleon', 'Hitmonchan', 'Bellossom', 'Chimecho', 'Relicanth', 'Glalie']","['Pidgeot', 'Magcargo', 'Hitmonchan', 'Seaking', 'Chimecho', 'Roselia']",28,14,13
gen3nu-1081887443,[Gen 3] NU,2020-03-19 19:25:14,,exploud92539,dragonfang79331,dragonfang79331,True,"['Voltorb', 'Omanyte', 'Haunter', 'Lombre', 'Metang']","['Wartortle', 'Drowzee', 'Marshtomp', 'Graveler']",12,5,3
gen3nu-1111211434,[Gen 3] NU,2020-05-08 21:31:12,,psyduck38308,pidgeot31794,pidgeot31794,True,"['Metang', 'Haunter', 'Wartortle', 'Drowzee', 'Sealeo', 'Paras']","['Machoke', 'Trapinch', 'Dragonair', 'Haunter', 'Wartortle', 'Metang']",35,18,16
smogtours-gen3nu-746542,[Gen 3] NU,2024-02-11 15:21:05,,empoleon29019,powerelectric10332,empoleon29019,False,"['Plusle', 'Haunter', 'Hitmonchan', 'Metang', 'Chimecho', 'Glalie']","['Wailord', 'Flareon', 'Metang', 'Chimecho', 'Roselia', 'Golbat']",25,9,10
smogtours-gen3nu-688198,[Gen 3] NU,2023-04-16 19:12:42,,irontail31791,shadowclaw75622,irontail31791,False,"['Flareon', 'Hitmonchan', 'Pelipper', 'Relicanth', 'Glalie']","['Torkoal', 'Raticate', 'Cacturne', 'Whiscash', 'Sableye', 'Chimecho']",33,7,14
smogtours-gen3nu-657445,[Gen 3] NU,2022-10-26 22:28:45,,innerfocus97582,altaria32948,altaria32948,False,"['Flareon', 'Vigoroth', 'Chimecho', 'Relicanth', 'Grovyle', 'Glalie']","['Dewgong', 'Sudowoodo', 'Haunter', 'Metang']",15,8,6
gen3nu-2083831128,[Gen 3] NU,2024-03-18 19:19:40,,przcureberry35373,needlearm73798,needlearm73798,False,"['Wailord', 'Raticate', 'Haunter', 'Cacturne', 'Hitmonchan', 'Metang']","['Flareon', 'Octillery', 'Hitmonchan', 'Arbok', 'Bellossom']",35,16,10
gen3nu-430782809,[Gen 3] NU,2016-09-04 08:10:49,1019,magnitude46333,salamence18084,magnitude46333,False,"['Octillery', 'Mawile', 'Murkrow', 'Vigoroth', 'Pikachu', 'Roselia']","['Sudowoodo', 'Haunter', 'Cacturne', 'Dewgong', 'Charmeleon', 'Tangela']",26,7,9
gen3nu-1095024282,[Gen 3] NU,2020-04-11 21:21:48,,kingdra24013,download60495,download60495,False,"['Hitmonchan', 'Lickitung', 'Sableye', 'Relicanth', 'Grovyle', 'Golbat']","['Pidgeot', 'Huntail', 'Flareon', 'Hitmonchan', 'Metang']",30,11,10
gen3nu-935510397,[Gen 3] NU,2019-06-26 23:29:49,,illuminate3084,sunkern10663,illuminate3084,False,"['Voltorb', 'Growlithe', 'Cubone', 'Gloom']","['Snorunt', 'Nosepass', 'Elekid', 'Gloom', 'Zigzagoon', 'Ledian']",16,4,6
smogtours-gen3nu-727687,[Gen 3] NU,2023-10-29 22:22:14,,fissure35074,whiscash71874,whiscash71874,False,"['Seadra', 'Raticate', 'Hitmonchan', 'Sableye', 'Swalot', 'Glalie']","['Torkoal', 'Cacturne', 'Dewgong', 'Metang', 'Chimecho']",16,7,6
gen3nu-1122236858,[Gen 3] NU,2020-05-27 19:36:33,,phanpy27789,synchronize7839,synchronize7839,False,"['Octillery', 'Cacturne', 'Pelipper', 'Dewgong', 'Metang', 'Corsola']","['Kecleon', 'Octillery', 'Haunter', 'Hitmonchan', 'Metang', 'Pupitar']",31,10,7
gen3nu-431205988,[Gen 3] NU,2016-09-04 23:07:53,1098,vacuumwave44122,bugbuzz90773,vacuumwave44122,False,"['Huntail', 'Shelgon', 'Raticate', 'Haunter', 'Murkrow', 'Glalie']","['Torkoal', 'Raticate', 'Haunter', 'Hitmonchan', 'Mawile', 'Dewgong']",30,15,15
gen3nu-2063909166,[Gen 3] NU,2024-02-20 22:05:19,,drillpeck45275,burmy28567,burmy28567,False,"['Wailord', 'Hitmonchan', 'Cacturne', 'Vigoroth', 'Sableye', 'Corsola']","['Huntail', 'Flareon', 'Haunter', 'Bellossom', 'Tangela']",47,16,7
gen3nu-1062409612,[Gen 3] NU,2020-02-13 03:47:46,,weedle33343,aguavberry44680,aguavberry44680,False,"['Dragonair', 'Minun', 'Lairon', 'Charmeleon', 'Furret', 'Sealeo']","['Minun', 'Sealeo', 'Furret', 'Grovyle', 'Gastly', 'Yanma']",34,13,8
smogtours-gen3nu-844624,[Gen 3] NU,2025-05-22 19:20:04,,extrasensory76435,gastly57717,gastly57717,False,"['Wailord', 'Hitmonchan', 'Arbok', 'Pelipper', 'Metang', 'Glalie']","['Wailord', 'Flareon', 'Hitmonchan', 'Metang', 'Chimecho', 'Glalie']",30,15,14
gen3nu-2047233663,[Gen 3] NU,2024-01-30 00:49:58,,snubbull25600,zapplate33870,snubbull25600,False,"['Wailord', 'Metang', 'Chimecho', 'Roselia', 'Golbat']","['Hitmonchan', 'Haunter', 'Pelipper', 'Metang', 'Chimecho', 'Glalie']",28,9,12
gen3nu-876263390,[Gen 3] NU,2019-03-14 22:00:35,,wormadam35982,mudslap23591,wormadam35982,False,"['Pidgeot', 'Hitmonchan', 'Seviper', 'Pikachu', 'Pupitar']","['Pidgeot', 'Quilava', 'Pikachu', 'Whiscash', 'Sableye', 'Glalie']",21,4,8
gen3nu-1138176154,[Gen 3] NU,2020-06-23 17:35:49,,nevermeltice23309,lunatone14638,lunatone14638,False,"['Flareon', 'Hitmonchan', 'Mawile', 'Pelipper', 'Sableye', 'Roselia']","['Flareon', 'Raticate', 'Haunter', 'Hitmonchan', 'Chimecho']",23,8,6
gen3nu-938714694,[Gen 3] NU,2019-07-02 22:50:03,,payday74254,rindoberry379,rindoberry379,False,"['Dustox', 'Bayleef', 'Natu', 'Cubone', 'Chinchou', 'Taillow']","['Elekid', 'Meditite', 'Chinchou', 'Koffing', 'Wailmer', 'Delibird']",28,9,9
smogtours-gen3nu-486254,[Gen 3] NU,2020-03-31 13:10:36,,bubblebeam57653,rock51085,bubblebeam57653,True,"['Pupitar', 'Glalie', 'Crawdaunt']","['Wailord', 'Pidgeot', 'Flareon', 'Haunter', 'Cacturne']",12,3,6
gen3nu-2047239138,[Gen 3] NU,2024-01-30 00:52:06,,futuresight13270,snubbull25600,futuresight13270,True,"['Dewgong', 'Glalie', 'Hitmonchan', 'Metang']","['Wailord', 'Chimecho', 'Metang', 'Pupitar', 'Roselia', 'Golbat']",19,3,7
gen3nu-429260086,[Gen 3] NU,2016-09-02 02:29:06,,futuresight13270,ddenpowerfire30449,ddenpowerfire30449,False,"['Kingler', 'Houndour', 'Haunter', 'Poliwhirl', 'Koffing', 'Glalie']","['Kecleon', 'Haunter', 'Hitmonchan', 'Cacturne', 'Pelipper', 'Whiscash']",28,7,9
smogtours-gen3nu-486633,[Gen 3] NU,2020-04-01 20:48:37,,horndrill95935,toxicroak72246,toxicroak72246,False,"['Huntail', 'Plusle', 'Haunter', 'Seaking', 'Relicanth', 'Glalie']","['Wailord', 'Flareon', 'Haunter', 'Chimecho', 'Relicanth', 'Roselia']",32,6,8
smogtours-gen3nu-627945,[Gen 3] NU,2022-05-22 23:11:19,,frenzyplant86230,flamebody71831,frenzyplant86230,False,"['Huntail', 'Glalie', 'Haunter', 'Metang']","['Flareon', 'Pupitar', 'Dewgong', 'Vigoroth', 'Sableye', 'Chimecho']",14,4,5
gen3nu-932750340,[Gen 3] NU,2019-06-22 05:03:57,,dratini52164,adaptability26680,dratini52164,False,"['Staryu', 'Butterfree', 'Bayleef', 'Cubone', 'Snorunt', 'Zigzagoon']","['Growlithe', 'Pineco', 'Nosepass', 'Delcatty', 'Gloom', 'Taillow']",30,8,11
smogtours-gen3nu-485633,[Gen 3] NU,2020-03-29 13:54:39,,dewgong87961,horndrill95935,dewgong87961,False,"['Wailord', 'Haunter', 'Bellossom', 'Metang', 'Glalie']","['Wailord', 'Flareon', 'Diglett', 'Hitmonchan', 'Mawile', 'Chimecho']",25,6,11
gen3nu-1136105362,[Gen 3] NU,2020-06-20 14:31:05,1167,psychocut59180,weepinbell21753,weepinbell21753,True,"['Haunter', 'Hitmonchan', 'Bellossom', 'Chimecho', 'Glalie']","['Pidgeot', 'Magcargo', 'Hitmonchan', 'Seaking', 'Chimecho', 'Roselia']",17,6,7
gen3nu-1145819075,[Gen 3] NU,2020-07-05 23:34:39,,watergun59811,flatter51042,watergun59811,False,"['Haunter', 'Wailord', 'Hitmonchan', 'Pidgeot']","['Huntail', 'Hitmonchan', 'Wartortle', 'Metang', 'Glalie', 'Tangela']",22,4,10
smogtours-gen3nu-549791,[Gen 3] NU,2021-03-21 20:43:12,,tangela91840,icepunch95036,icepunch95036,False,"['Wailord', 'Flareon', 'Hitmonchan', 'Mawile', 'Roselia', 'Golbat']","['Huntail', 'Castform', 'Haunter', 'Diglett', 'Glalie']",25,8,8
gen3nu-925936957,[Gen 3] NU,2019-06-10 22:24:14,,dragonrush45934,adaptability26680,adaptability26680,True,"[""Farfetch'D"", 'Larvitar', 'Bagon', 'Chinchou', 'Ledian']","['Growlithe', 'Staryu', 'Bayleef', 'Gloom', 'Delibird']",15,5,4
gen3nu-848461826,[Gen 3] NU,2019-01-13 22:37:04,,acupressure5238,blazekick65999,acupressure5238,False,"['Houndour', 'Omanyte', 'Ivysaur', 'Minun', 'Drowzee', 'Vibrava']","['Doduo', 'Marshtomp', 'Houndour', 'Minun', 'Sealeo', 'Shuckle']",61,18,20
smogtours-gen3nu-818181,[Gen 3] NU,2025-02-06 02:09:11,,aeroblast60363,screech4752,aeroblast60363,False,"['Flareon', 'Plusle', 'Haunter', 'Hitmonchan', 'Metang', 'Glalie']","['Pidgeot', 'Haunter', 'Bellossom', 'Metang', 'Diglett', 'Glalie']",22,7,10
gen3nu-1097188910,[Gen 3] NU,2020-04-15 16:37:23,,download60495,iddenpowerice32727,download60495,False,"['Pidgeot', 'Flareon', 'Haunter', 'Hitmonchan']","['Kingler', 'Pidgeot', 'Flaaffy', 'Seviper', 'Ditto', 'Ariados']",19,8,14
gen3nu-848507796,[Gen 3] NU,2019-01-14 00:31:54,,weedle33343,sandveil87527,sandveil87527,False,"['Ponyta', 'Marshtomp', 'Shedinja', 'Wartortle', 'Minun', 'Yanma']","['Dragonair', 'Minun', 'Lairon', 'Furret', 'Duskull']",41,16,13
gen3nu-2081052055,[Gen 3] NU,2024-03-14 20:20:36,,sitrusberry18737,baltoy77606,baltoy77606,False,"['Wailord', 'Plusle', 'Metang', 'Chimecho', 'Roselia', 'Golbat']","['Torkoal', 'Dewgong', 'Raticate', 'Cacturne']",20,6,4
gen3nu-948007699,[Gen 3] NU,2019-07-20 20:50:44,,bonemerang88745,wailmer43107,bonemerang88745,False,"['Snorunt', 'Castform', 'Larvitar', 'Shuppet', 'Chinchou', 'Taillow']","['Nosepass', 'Elekid', 'Kirlia', 'Gloom', 'Zigzagoon', 'Delibird']",34,10,11
gen3nu-2082324783,[Gen 3] NU,2024-03-16 16:08:30,,lick25189,charcoal70,lick25189,False,"['Wailord', 'Flareon', 'Hitmonchan', 'Glalie', 'Golbat']","['Combusken', 'Octillery', 'Hitmonchan', 'Murkrow', 'Glalie', 'Tangela']",23,8,10
gen3nu-1103785709,[Gen 3] NU,2020-04-26 18:51:56,,download60495,confuseray74127,download60495,False,"['Relicanth', 'Wailord', 'Hitmonchan', 'Pidgeot']","['Shelgon', 'Diglett', 'Swalot', 'Glalie', 'Tangela', 'Abra']",16,5,9
smogtours-gen3nu-713682,[Gen 3] NU,2023-09-02 20:15:49,,extrasensory76435,stench25210,stench25210,False,"['Torkoal', 'Haunter', 'Hitmonchan', 'Crawdaunt', 'Chimecho', 'Roselia']","['Wailord', 'Huntail', 'Metang', 'Hitmonchan', 'Sableye', 'Glalie']",28,12,12
smogtours-gen3nu-730433,[Gen 3] NU,2023-11-12 22:07:01,,pickup28423,charcoal84776,charcoal84776,True,"['Magby', 'Wailord', 'Kecleon', 'Sableye', 'Diglett', 'Golbat']","['Flareon', 'Hitmonchan', 'Relicanth', 'Crawdaunt', 'Chimecho', 'Roselia']",32,11,13
gen3nu-1143515817,[Gen 3] NU,2020-07-02 03:04:17,,phione18356,teddiursa82825,teddiursa82825,False,"['Kingler', 'Torkoal', 'Cacturne', 'Mawile', 'Vigoroth', 'Golbat']","['Flareon', 'Hitmonchan', 'Mawile', 'Pelipper', 'Sableye', 'Roselia']",38,14,13
gen3nu-1128647415,[Gen 3] NU,2020-06-07 20:30:10,,latios39178,teddiursa77059,latios39178,False,"['Kecleon', 'Huntail', 'Hitmonchan', 'Mawile', 'Chimecho', 'Glalie']","['Raticate', 'Pikachu', 'Arbok', 'Wartortle', 'Metang', 'Roselia']",31,7,8
gen3nu-922545991,[Gen 3] NU,2019-06-05 09:51:03,,psybeam14379,present83063,present83063,False,"['Growlithe', 'Snorunt', 'Nosepass', 'Seaking', 'Elekid', 'Gloom']","['Growlithe', 'Rhyhorn', 'Chinchou', 'Bagon', 'Koffing', 'Delibird']",35,16,13
gen3nu-943854748,[Gen 3] NU,2019-07-12 22:17:54,,rindoberry379,rawstberry57157,rindoberry379,False,"['Castform', 'Nosepass', 'Meditite', 'Gloom', 'Chinchou']","['Growlithe', 'Castform', 'Seaking', 'Gloom', 'Masquerain', 'Delibird']",28,8,11
smogtours-gen3nu-731211,[Gen 3] NU,2023-11-18 18:40:45,,crunch37612,stench25210,stench25210,False,"['Flareon', 'Pupitar', 'Dewgong', 'Vigoroth', 'Sableye', 'Chimecho']","['Wailord', 'Kecleon', 'Torkoal', 'Plusle', 'Hitmonchan', 'Chimecho']",49,16,15
smogtours-gen3nu-504507,[Gen 3] NU,2020-05-31 16:19:06,,bubblebeam57653,toxicroak72246,toxicroak72246,False,"['Kecleon', 'Torkoal', 'Haunter', 'Cacturne', 'Dewgong', 'Chimecho']","['Wailord', 'Flareon', 'Plusle', 'Sableye', 'Pupitar', 'Roselia']",46,16,16
gen3nu-1146159725,[Gen 3] NU,2020-07-06 14:59:36,,drapion57021,gunkshot9424,drapion57021,True,"['Wailord', 'Hitmonchan', 'Haunter', 'Metang', 'Roselia', 'Golbat']","['Flareon', 'Lileep', 'Hitmonchan', 'Dewgong', 'Sableye', 'Chimecho']",44,11,20
gen3nu-888946069,[Gen 3] NU,2019-04-07 20:52:40,,sniper70774,dragonpulse56043,dragonpulse56043,False,"['Doduo', 'Houndour', 'Omanyte', 'Ivysaur', 'Sealeo', 'Duskull']","['Minun', 'Sealeo', 'Furret', 'Grovyle', 'Gastly', 'Yanma']",46,21,16
gen3nu-2067727313,[Gen 3] NU,2024-02-26 04:35:17,,charcoal70,futuresight13270,futuresight13270,False,"['Combusken', 'Octillery', 'Haunter', 'Pikachu', 'Tangela', 'Glalie']","['Wailord', 'Pidgeot', 'Hitmonchan', 'Sableye', 'Chimecho', 'Roselia']",36,13,13
smogtours-gen3nu-662000,[Gen 3] NU,2022-11-19 18:11:38,,koffing93492,noctowl47464,noctowl47464,False,"['Haunter', 'Pelipper', 'Vigoroth', 'Metang', 'Chimecho', 'Glalie']","['Haunter', 'Hitmonchan', 'Cacturne', 'Piloswine', 'Relicanth']",26,11,10
gen3nu-1082518702,[Gen 3] NU,2020-03-20 21:21:12,,pidgeot31794,psyduck38308,pidgeot31794,False,"['Combusken', 'Dragonair', 'Haunter', 'Wartortle', 'Metang']","['Marshtomp', 'Haunter', 'Ivysaur', 'Metang', 'Diglett', 'Duskull']",19,4,8
gen3nu-437633725,[Gen 3] NU,2016-09-14 20:04:43,,arceusdragon51803,helixfossil44951,arceusdragon51803,True,"['Pidgeot', 'Haunter', 'Bellossom', 'Pikachu', 'Swalot', 'Relicanth']","['Flareon', 'Hitmonchan', 'Mawile', 'Dewgong', 'Vigoroth', 'Chimecho']",50,18,28
smogtours-gen3nu-492872,[Gen 3] NU,2020-04-19 17:39:37,,bubblebeam57653,toxicroak72246,bubblebeam57653,True,"['Flareon', 'Metang', 'Hitmonchan', 'Pelipper', 'Sableye', 'Roselia']","['Wailord', 'Torkoal', 'Cacturne', 'Minun', 'Metang', 'Chimecho']",48,24,19
gen3nu-2128431473,[Gen 3] NU,2024-05-22 20:33:16,,unknown51631,thickfat11614,unknown51631,False,"['Kecleon', 'Haunter', 'Hitmonchan', 'Bellossom', 'Relicanth', 'Glalie']","['Wailord', 'Flareon', 'Diglett', 'Cacturne', 'Murkrow', 'Chimecho']",35,9,9
gen3nu-928210273,[Gen 3] NU,2019-06-14 19:06:03,,lickilicky40959,lowkick70910,lickilicky40959,False,"['Voltorb', 'Grimer', 'Cubone', 'Seaking', 'Horsea', 'Taillow']","['Voltorb', 'Rhyhorn', 'Cubone', 'Delcatty', 'Gloom', 'Delibird']",23,9,11
smogtours-gen3nu-692978,[Gen 3] NU,2023-05-19 21:51:23,,futuresight13270,minun6717,minun6717,False,"['Togetic', 'Haunter', 'Hitmonchan', 'Pelipper', 'Chimecho', 'Glalie']","['Flareon', 'Plusle', 'Hitmonchan', 'Mawile', 'Glalie', 'Golbat']",49,17,16
smogtours-gen3nu-692982,[Gen 3] NU,2023-05-19 22:06:19,,futuresight13270,minun6717,minun6717,False,"['Huntail', 'Flareon', 'Raticate', 'Haunter', 'Hitmonchan', 'Glalie']","['Flareon', 'Haunter', 'Bellossom', 'Metang', 'Chimecho', 'Glalie']",21,8,8
gen3nu-1083688898,[Gen 3] NU,2020-03-23 01:17:11,,mintberry2773,breloom95698,breloom95698,False,"['Cyndaquil', 'Snubbull', 'Pineco', 'Ledyba', 'Phanpy', 'Chinchou']","['Lileep', 'Clamperl', 'Duskull', 'Torchic', 'Taillow']",20,10,5
smogtours-gen3nu-818538,[Gen 3] NU,2025-02-08 14:11:59,,motordrive87413,scrappy50514,scrappy50514,False,"['Wailord', 'Torkoal', 'Plusle', 'Haunter', 'Metang', 'Tangela']","['Pineco', 'Torkoal', 'Haunter', 'Hitmonchan', 'Dewgong', 'Chimecho']",46,17,17
gen3nu-910658968,[Gen 3] NU,2019-05-16 13:41:35,,simple53659,payday74254,payday74254,False,"['Growlithe', 'Staryu', 'Pineco', 'Elekid', 'Gloom', 'Delibird']","['Bayleef', 'Cubone', 'Nosepass', 'Delcatty', 'Parasect', 'Magnemite']",59,22,19
gen3nu-938712652,[Gen 3] NU,2019-07-02 22:44:42,,payday74254,rindoberry379,payday74254,False,"['Sunflora', 'Poliwag', 'Castform', 'Nosepass', 'Meditite', 'Gloom']","['Growlithe', 'Pineco', 'Cubone', 'Elekid', 'Gloom', 'Taillow']",19,7,9
gen3nu-840715703,[Gen 3] NU,2018-12-26 14:45:35,,naturalgift2401,miltank16297,miltank16297,False,"['Flareon', 'Haunter', 'Bellossom', 'Diglett', 'Relicanth', 'Glalie']","['Huntail', 'Plusle', 'Haunter', 'Seaking', 'Relicanth', 'Glalie']",25,9,6
smogtours-gen3nu-629359,[Gen 3] NU,2022-05-30 21:10:32,,honeygather86735,bubblebeam57653,honeygather86735,False,"['Flareon', 'Pelipper', 'Dewgong', 'Vigoroth', 'Metang', 'Chimecho']","['Hitmonchan', 'Lickitung', 'Pelipper', 'Sableye', 'Relicanth', 'Roselia']",49,18,16
gen3nu-1062236269,[Gen 3] NU,2020-02-12 21:05:46,,aguavberry44680,passhoberry27847,aguavberry44680,False,"['Furret', 'Minun', 'Charmeleon']","['Butterfree', 'Dragonair', 'Ivysaur', 'Aipom', 'Furret', 'Beedrill']",10,2,5
gen3nu-1104708386,[Gen 3] NU,2020-04-28 05:38:14,1054,quickclaw28205,weepinbell21753,weepinbell21753,False,"['Torkoal', 'Plusle', 'Cacturne', 'Pelipper', 'Metang', 'Chimecho']","['Flareon', 'Haunter', 'Bellossom', 'Dewgong', 'Metang']",24,6,7
gen3nu-2004005411,[Gen 3] NU,2023-12-03 20:32:55,,icywind40456,tangledfeet30693,icywind40456,False,"['Torkoal', 'Hitmonchan', 'Lickitung', 'Dewgong', 'Sableye', 'Roselia']","['Kingler', 'Wailord', 'Flareon', 'Haunter', 'Metang', 'Glalie']",32,8,12
smogtours-gen3nu-722675,[Gen 3] NU,2023-10-08 19:55:05,,stench25210,extrasensory76435,extrasensory76435,True,"['Torkoal', 'Hitmonchan', 'Mawile', 'Bellossom', 'Dewgong', 'Pikachu']","['Wailord', 'Plusle', 'Metang', 'Chimecho', 'Roselia', 'Golbat']",36,14,14
gen3nu-1155655884,[Gen 3] NU,2020-07-22 11:37:19,,shieldon88237,flashcannon92897,flashcannon92897,True,"['Kecleon', 'Hitmonchan', 'Bellossom', 'Chimecho', 'Relicanth', 'Glalie']","['Hitmonchan', 'Dewgong', 'Swalot', 'Sableye', 'Chimecho', 'Roselia']",50,13,14
smogtours-gen3nu-452362,[Gen 3] NU,2019-07-24 15:12:52,,custapberry71278,venusaur91007,venusaur91007,False,"['Plusle', 'Mawile', 'Murkrow', 'Dewgong', 'Piloswine', 'Chimecho']","['Shelgon', 'Haunter', 'Hitmonchan', 'Vigoroth', 'Metang', 'Roselia']",34,13,11
gen3nu-1083670779,[Gen 3] NU,2020-03-23 00:39:13,,mintberry2773,breloom95698,mintberry2773,False,"['Numel', 'Clamperl', 'Treecko', 'Duskull', 'Anorith', 'Taillow']","['Mudkip', 'Numel', 'Lileep', 'Electrike', 'Duskull', 'Taillow']",29,9,9
gen3nu-1133806596,[Gen 3] NU,2020-06-16 19:18:49,,ivysaur48671,drapion57021,drapion57021,False,"['Wailord', 'Pidgeot', 'Torkoal', 'Cacturne', 'Arbok', 'Metang']","['Wailord', 'Haunter', 'Metang', 'Roselia', 'Golbat']",27,12,13
gen3nu-1128475953,[Gen 3] NU,2020-06-07 14:41:12,1000,lovelykiss24691,latios39178,latios39178,True,"['Torkoal', 'Murkrow', 'Whiscash', 'Metang', 'Tangela', 'Abra']","['Wailord', 'Haunter', 'Hitmonchan', 'Metang', 'Diglett', 'Roselia']",29,8,12
smogtours-gen3nu-710751,[Gen 3] NU,2023-08-19 15:27:08,,futuresight13270,tangledfeet30693,futuresight13270,False,"['Wailord', 'Haunter', 'Bellossom', 'Metang', 'Glalie']","['Wailord', 'Torkoal', 'Bellossom', 'Metang', 'Diglett', 'Glalie']",20,7,10
gen3nu-1081889186,[Gen 3] NU,2020-03-19 19:30:23,,exploud92539,dragonfang79331,exploud92539,False,"['Voltorb', 'Omanyte', 'Haunter', 'Drowzee', 'Lombre', 'Metang']","['Marshtomp', 'Combusken', 'Haunter', 'Graveler', 'Wartortle', 'Drowzee']",32,12,11
gen3nu-1139026237,[Gen 3] NU,2020-06-24 22:15:59,,forcepalm23371,lunatone14638,lunatone14638,True,"['Togetic', 'Dewgong', 'Ariados', 'Cacturne']","['Hitmonchan', 'Metang']",11,3,1
smogtours-gen3nu-816965,[Gen 3] NU,2025-01-30 23:13:49,,roseincense97599,doubleteam62013,doubleteam62013,False,"['Torkoal', 'Raticate', 'Cacturne', 'Dewgong', 'Metang', 'Chimecho']","['Wailord', 'Torkoal', 'Sableye', 'Metang', 'Glalie']",28,11,9
gen3nu-1095225510,[Gen 3] NU,2020-04-12 05:25:45,1000,download60495,cacnea84605,download60495,False,"['Pidgeot', 'Huntail', 'Flareon', 'Raticate', 'Hitmonchan', 'Metang']","['Sudowoodo', 'Flareon', 'Hitmonchan', 'Arbok', 'Ditto', 'Crawdaunt']",18,9,5
smogtours-gen3nu-749898,[Gen 3] NU,2024-02-25 18:51:50,,gardevoir84608,teddiursa88253,gardevoir84608,True,"['Torkoal', 'Bellossom', 'Dewgong', 'Metang', 'Glalie', 'Golbat']","['Wailord', 'Huntail', 'Torkoal', 'Hitmonchan', 'Bellossom', 'Glalie']",32,11,13
smogtours-gen3nu-728097,[Gen 3] NU,2023-11-01 21:49:30,,crunch37612,riolu27073,crunch37612,False,"['Bellossom', 'Glalie', 'Flareon', 'Pikachu']","['Wailord', 'Huntail', 'Flareon', 'Haunter', 'Metang', 'Glalie']",15,5,8
smogtours-gen3nu-722399,[Gen 3] NU,2023-10-08 02:10:24,,futuresight13270,screech4752,screech4752,True,"['Togetic', 'Hitmonchan', 'Haunter', 'Pelipper', 'Chimecho', 'Glalie']","['Roselia', 'Octillery', 'Machoke', 'Sableye']",32,8,3
gen3nu-1138512544,[Gen 3] NU,2020-06-24 03:49:27,1000,happiny30290,gorebyss45447,gorebyss45447,False,"['Pidgeot', 'Nuzleaf', 'Psyduck', 'Vigoroth', 'Diglett', 'Roselia']","['Hitmonchan', 'Seaking', 'Arbok', 'Sableye', 'Glalie', 'Tangela']",27,8,7
smogtours-gen3nu-628763,[Gen 3] NU,2022-05-28 23:10:17,,drillpeck45275,stickybarb45781,drillpeck45275,False,"['Torkoal', 'Octillery', 'Haunter', 'Dewgong', 'Pupitar', 'Glalie']","['Wailord', 'Flareon', 'Hitmonchan', 'Metang', 'Roselia', 'Golbat']",44,15,18
gen3nu-1159920767,[Gen 3] NU,2020-07-29 20:35:21,,xscissor99781,mindplate42012,mindplate42012,False,"['Wailord', 'Haunter', 'Pupitar', 'Metang', 'Chimecho', 'Glalie']","['Torkoal', 'Raticate', 'Hitmonchan', 'Arbok', 'Piloswine', 'Dewgong']",15,7,7
gen3nu-921838867,[Gen 3] NU,2019-06-04 04:18:24,,payday74254,wailmer43107,payday74254,False,"['Nosepass', 'Delcatty', 'Elekid', 'Chinchou', 'Gloom', 'Wailmer']","['Growlithe', 'Sunflora', 'Snorunt', 'Bagon', 'Zigzagoon', 'Ledian']",22,6,7
gen3nu-2280032502,[Gen 3] NU,2025-01-13 03:21:54,,ledyba46914,fling78647,ledyba46914,False,"['Wailord', 'Plusle', 'Haunter', 'Hitmonchan', 'Pupitar', 'Glalie']","['Octillery', 'Hitmonchan', 'Cacturne', 'Arbok', 'Metang', 'Chimecho']",22,9,8
gen3nu-924941120,[Gen 3] NU,2019-06-09 08:22:31,,camouflage37346,gravity20054,camouflage37346,False,"['Grimer', 'Snorunt', 'Delcatty', 'Elekid', 'Illumise', 'Gloom']","['Voltorb', 'Castform', 'Seaking', 'Horsea', 'Gloom', 'Delibird']",26,6,6
smogtours-gen3nu-711646,[Gen 3] NU,2023-08-22 20:27:30,,buneary57593,stench25210,stench25210,True,"['Haunter', 'Pelipper', 'Vigoroth', 'Metang', 'Chimecho', 'Glalie']","['Haunter', 'Bellossom', 'Metang', 'Chimecho', 'Glalie']",21,10,5
gen3nu-1126939935,[Gen 3] NU,2020-06-04 22:53:57,,adaptability26680,psyduck38308,psyduck38308,False,"['Ponyta', 'Pineco', 'Quilava', 'Metang', 'Gloom', 'Weepinbell']","['Abra', 'Bayleef', 'Houndour', 'Omanyte', 'Duskull', 'Golbat']",27,10,13
gen3nu-951571127,[Gen 3] NU,2019-07-27 22:34:08,,heatrock37333,rock51085,heatrock37333,True,"['Hitmonchan', 'Mawile', 'Lickitung', 'Whiscash', 'Sableye', 'Roselia']","['Wailord', 'Mawile', 'Bellossom', 'Diglett', 'Relicanth', 'Golbat']",62,31,19
smogtours-gen3nu-840965,[Gen 3] NU,2025-05-10 15:12:02,,futuresight13270,larvitar96901,larvitar96901,False,"['Flareon', 'Raticate', 'Vigoroth', 'Whiscash', 'Sableye', 'Glalie']","['Wailord', 'Flareon', 'Haunter', 'Bellossom', 'Metang', 'Glalie']",47,23,19
gen3nu-1133382811,[Gen 3] NU,2020-06-16 00:52:04,1027,rocksmash17062,happiny30290,rocksmash17062,True,"['Togetic', 'Mightyena', 'Graveler', 'Dewgong', 'Pikachu', 'Parasect']","['Dunsparce', 'Nuzleaf', 'Hitmonchan', 'Meditite', 'Carvanha', 'Grovyle']",21,7,7
smogtours-gen3nu-648641,[Gen 3] NU,2022-09-17 20:23:45,,shadowforce49172,honeygather86735,shadowforce49172,True,"['Pidgeot', 'Flareon', 'Metang', 'Sableye', 'Roselia']","['Sableye', 'Mawile', 'Bellossom', 'Pikachu', 'Diglett', 'Glalie']",20,6,11
gen3nu-1135699114,[Gen 3] NU,2020-06-19 21:14:56,,psyduck38308,special76396,psyduck38308,True,"['Staryu', 'Trapinch', 'Flaaffy', 'Drowzee', 'Metang', 'Sealeo']","['Machoke', 'Metang', 'Omanyte', 'Weepinbell', 'Gloom', 'Charmeleon']",28,10,9
gen3nu-429203656,[Gen 3] NU,2016-09-02 00:32:20,,dragonrage15031,lansatberry7316,dragonrage15031,True,"['Plusle', 'Piloswine', 'Haunter', 'Pidgeot']","['Machoke', 'Wigglytuff', 'Mawile', 'Clamperl', 'Chimecho', 'Delibird']",12,3,5
gen3nu-1132549889,[Gen 3] NU,2020-06-14 16:07:43,,psyduck38308,adaptability26680,psyduck38308,False,"['Staryu', 'Trapinch', 'Flaaffy', 'Drowzee', 'Metang', 'Sealeo']","['Doduo', 'Marshtomp', 'Metang', 'Omanyte', 'Ivysaur', 'Sealeo']",121,36,25
gen3nu-926574043,[Gen 3] NU,2019-06-12 01:24:03,,icebeam49563,rawstberry64920,icebeam49563,False,"['Staryu', 'Grimer', 'Nosepass', 'Delcatty', 'Chinchou', 'Gloom']","['Pineco', 'Bayleef', 'Rhyhorn', 'Natu', 'Castform', 'Chinchou']",36,13,15
gen3nu-1154061821,[Gen 3] NU,2020-07-19 19:00:45,,screech7860,habanberry33794,habanberry33794,False,"['Seadra', 'Flareon', 'Hitmonchan', 'Murkrow', 'Dewgong', 'Vigoroth']","['Wailord', 'Torkoal', 'Haunter', 'Metang', 'Chimecho', 'Glalie']",22,8,7
gen3nu-1167806011,[Gen 3] NU,2020-08-12 20:13:53,,poisonheal87841,mindplate42012,poisonheal87841,False,"['Pidgeot', 'Haunter', 'Hitmonchan', 'Dewgong', 'Ledian', 'Golbat']","['Torkoal', 'Raticate', 'Hitmonchan', 'Arbok', 'Piloswine', 'Dewgong']",28,17,12
gen3nu-929876716,[Gen 3] NU,2019-06-17 15:03:49,,adaptability26680,sandveil87527,sandveil87527,True,"['Growlithe', 'Staryu', 'Bayleef', 'Delcatty', 'Gloom', 'Delibird']","['Dustox', 'Snorunt', 'Nosepass', 'Delcatty', 'Psyduck', 'Gloom']",117,34,40
gen3nu-1126689486,[Gen 3] NU,2020-06-04 15:32:04,,download60495,bug74932,download60495,True,"['Arbok', 'Haunter', 'Pidgeot', 'Flareon']","['Hitmonchan', 'Mawile', 'Bellossom', 'Charmeleon', 'Diglett', 'Yanma']",28,6,9
gen3nu-2193832310,[Gen 3] NU,2024-09-03 18:01:16,,transform43857,magmarizer89536,transform43857,True,"['Flareon', 'Hitmonchan', 'Pelipper', 'Chimecho', 'Roselia']","['Raticate', 'Hitmonchan', 'Sableye', 'Bellossom', 'Pikachu', 'Pupitar']",21,4,7
gen3nu-1118983734,[Gen 3] NU,2020-05-21 23:35:26,,tamatoberry14398,watergun59811,watergun59811,False,"['Pidgeot', 'Huntail', 'Flareon', 'Raticate', 'Haunter', 'Hitmonchan']","['Pidgeot', 'Huntail', 'Flareon', 'Hitmonchan', 'Mawile', 'Roselia']",31,13,13
smogtours-gen3nu-739427,[Gen 3] NU,2024-01-15 02:20:51,,bulkup8211,mawile36886,mawile36886,True,"['Wailord', 'Raticate', 'Hitmonchan', 'Vigoroth', 'Metang', 'Roselia']","['Octillery', 'Raticate', 'Haunter', 'Bellossom', 'Metang', 'Golbat']",29,10,9
gen3nu-1151535593,[Gen 3] NU,2020-07-15 10:53:10,,chingling44092,aerialace91334,chingling44092,False,"['Minun', 'Sealeo', 'Furret', 'Grovyle', 'Gastly', 'Yanma']","['Houndour', 'Omanyte', 'Dragonair', 'Ivysaur', 'Minun', 'Furret']",35,11,11
gen3nu-1134619011,[Gen 3] NU,2020-06-18 06:16:04,1023,anorith51626,moldbreaker71931,anorith51626,True,"['Chimecho', 'Glalie', 'Raticate', 'Bellossom']","['Wailord', 'Raticate', 'Haunter', 'Chimecho', 'Diglett', 'Roselia']",12,3,5
gen3nu-1081228781,[Gen 3] NU,2020-03-18 17:08:10,,psyduck38308,dragonfang79331,dragonfang79331,False,"['Pineco', 'Combusken', 'Haunter', 'Meditite', 'Drowzee', 'Metang']","['Bayleef', 'Shelgon', 'Combusken', 'Drowzee', 'Metang', 'Golbat']",24,9,7
gen3nu-430502315,[Gen 3] NU,2016-09-03 22:20:34,,whismur84202,luxray52006,whismur84202,False,"['Haunter', 'Hitmonchan', 'Swalot', 'Chimecho', 'Glalie']","['Huntail', 'Sudowoodo', 'Bellossom', 'Crawdaunt', 'Swalot', 'Glalie']",17,4,6
smogtours-gen3nu-498948,[Gen 3] NU,2020-05-07 11:50:46,,trick33871,bubblebeam57653,bubblebeam57653,True,"['Venomoth', 'Plusle', 'Delcatty', 'Mawile', 'Ledian']","['Kecleon', 'Torkoal', 'Hitmonchan', 'Pelipper', 'Roselia']",38,13,8
gen3nu-925996599,[Gen 3] NU,2019-06-11 00:31:23,,wynaut4615,rindoberry7399,rindoberry7399,False,"['Sunflora', 'Pineco', 'Rhyhorn', 'Chinchou', 'Gloom', 'Taillow']","['Growlithe', 'Snorunt', 'Nosepass', 'Seaking', 'Elekid', 'Gloom']",21,10,5
gen3nu-2051649234,[Gen 3] NU,2024-02-04 19:24:09,,teddiursa88253,gardevoir84608,gardevoir84608,True,"['Flareon', 'Haunter', 'Bellossom', 'Dewgong', 'Metang', 'Glalie']","['Glalie', 'Flareon', 'Hitmonchan', 'Metang']",38,16,7
gen3nu-1081080945,[Gen 3] NU,2020-03-18 11:15:49,,psyduck38308,dragonfang79331,psyduck38308,False,"['Voltorb', 'Marshtomp', 'Haunter', 'Vigoroth', 'Metang']","['Machoke', 'Marshtomp', 'Bayleef', 'Cubone', 'Metang', 'Abra']",28,7,10
gen3nu-430541639,[Gen 3] NU,2016-09-03 23:23:51,,frisk16663,brightpowder2688,brightpowder2688,False,"['Beautifly', 'Butterfree', 'Haunter', 'Arbok', 'Charmeleon', 'Corsola']",['Hitmonchan'],11,5,0
gen3nu-922768281,[Gen 3] NU,2019-06-05 18:08:00,,registeel32051,adaptability26680,registeel32051,False,"['Staryu', 'Grimer', 'Croconaw', 'Magnemite', 'Taillow']","['Sunflora', 'Poliwag', 'Castform', 'Nosepass', 'Meditite', 'Gloom']",20,4,11
gen3nu-1083664782,[Gen 3] NU,2020-03-23 00:29:30,,breloom95698,mintberry2773,mintberry2773,False,"['Doduo', 'Staryu', 'Porygon', 'Rhyhorn', 'Drowzee', 'Bulbasaur']","['Doduo', 'Porygon', 'Rhyhorn', 'Drowzee', 'Oddish', 'Squirtle']",55,13,12
gen3nu-966259360,[Gen 3] NU,2019-08-26 13:20:54,,rawstberry57157,faketears70399,faketears70399,False,"['Venomoth', 'Plusle', 'Octillery', 'Delcatty', 'Mawile', 'Ledian']","['Mawile', 'Bellossom', 'Relicanth']",22,8,2
gen3nu-1122054328,[Gen 3] NU,2020-05-27 13:37:44,,mist21242,lifeorb26007,mist21242,False,"['Torkoal', 'Raticate', 'Hitmonchan', 'Arbok', 'Piloswine', 'Dewgong']","['Kecleon', 'Hitmonchan', 'Mawile', 'Pelipper', 'Pupitar', 'Roselia']",27,8,14
gen3nu-924848650,[Gen 3] NU,2019-06-09 03:23:08,,arbok82131,firepunch49610,arbok82131,False,"['Togetic', 'Castform', 'Hitmonchan', 'Bellossom', 'Pikachu', 'Relicanth']","['Kecleon', 'Sudowoodo', 'Hitmonchan', 'Chimecho', 'Glalie', 'Tangela']",94,11,12
gen3nu-2070804090,[Gen 3] NU,2024-03-01 03:17:39,,wiseglasses8174,lusterpurge99010,lusterpurge99010,False,"['Wailord', 'Murkrow', 'Whiscash', 'Sableye', 'Chimecho', 'Glalie']","['Wailord', 'Tropius', 'Murkrow', 'Metang', 'Chimecho', 'Roselia']",41,12,14
smogtours-gen3nu-791318,[Gen 3] NU,2024-09-18 23:45:20,,weepinbell75190,motordrive87413,motordrive87413,False,"['Octillery', 'Loudred', 'Delcatty', 'Mawile', 'Minun', 'Ariados']","['Wailord', 'Torkoal', 'Haunter', 'Hitmonchan', 'Vigoroth', 'Metang']",51,19,15
gen3nu-935574347,[Gen 3] NU,2019-06-27 02:00:52,,psychic75182,surskit66962,psychic75182,False,"['Doduo', 'Trapinch', 'Houndour', 'Shellder', 'Elekid', 'Anorith']","['Voltorb', 'Doduo', 'Shellder', 'Diglett', 'Gastly', 'Abra']",15,5,7
smogtours-gen3nu-738932,[Gen 3] NU,2024-01-13 01:42:16,,futuresight13270,gardevoir84608,futuresight13270,True,"['Wartortle', 'Dewgong', 'Whiscash', 'Sableye', 'Roselia', 'Shuckle']","['Torkoal', 'Hitmonchan', 'Lickitung', 'Dewgong', 'Sableye', 'Roselia']",206,47,45
smogtours-gen3nu-675907,[Gen 3] NU,2023-02-19 14:50:20,,slakoth22522,teddiursa88253,slakoth22522,False,"['Torkoal', 'Octillery', 'Haunter', 'Metang', 'Chimecho', 'Glalie']","['Wailord', 'Sudowoodo', 'Torkoal', 'Haunter', 'Chimecho', 'Glalie']",24,9,10
gen3nu-830733960,[Gen 3] NU,2018-11-05 04:23:52,,honeygather63793,rindoberry7399,honeygather63793,False,"['Machoke', 'Marshtomp', 'Quilava', 'Lairon', 'Vibrava', 'Yanma']","['Shedinja', 'Mightyena', 'Wigglytuff', 'Omanyte', 'Wartortle', 'Shuckle']",78,16,26
gen3nu-2104236266,[Gen 3] NU,2024-04-15 22:20:22,,aurorabeam16745,tailwind86193,tailwind86193,False,"['Pidgeot', 'Raticate', 'Whiscash', 'Crawdaunt', 'Diglett', 'Glalie']","['Kingler', 'Flareon', 'Hitmonchan', 'Bellossom', 'Shuckle']",115,11,4
gen3nu-2063935538,[Gen 3] NU,2024-02-20 22:44:16,,drillpeck45275,burmy28567,burmy28567,False,"['Wailord', 'Torkoal', 'Raticate', 'Haunter', 'Diglett', 'Glalie']","['Yanma', 'Octillery', 'Bellossom', 'Vigoroth', 'Tangela', 'Golbat']",19,7,6
smogtours-gen3nu-621218,[Gen 3] NU,2022-04-18 16:47:38,,honeygather86735,seedflare81285,honeygather86735,False,"['Haunter', 'Pelipper', 'Metang', 'Pupitar', 'Glalie']","['Dunsparce', 'Octillery', 'Haunter', 'Hitmonchan', 'Arbok', 'Metang']",14,6,8
gen3nu-1140815747,[Gen 3] NU,2020-06-27 18:04:12,,twistedspoon63684,outrage29420,twistedspoon63684,False,"['Wailord', 'Haunter', 'Murkrow', 'Crawdaunt', 'Metang', 'Roselia']","['Huntail', 'Torkoal', 'Cacturne', 'Metang', 'Chimecho', 'Golbat']",36,13,13
smogtours-gen3nu-695206,[Gen 3] NU,2023-06-02 23:16:55,,shinystone44310,drillpeck45275,drillpeck45275,False,"['Wailord', 'Flareon', 'Haunter', 'Bellossom', 'Metang', 'Glalie']","['Wailord', 'Torkoal', 'Haunter', 'Chimecho', 'Glalie']",26,6,5
gen3nu-886912236,[Gen 3] NU,2019-04-04 04:17:22,,feint23713,effectspore27199,effectspore27199,False,"['Kingler', 'Torkoal', 'Cacturne', 'Mawile', 'Vigoroth', 'Golbat']","['Pidgeot', 'Magcargo', 'Hitmonchan', 'Seaking', 'Chimecho', 'Roselia']",25,12,7
smogtours-gen3nu-731776,[Gen 3] NU,2023-11-19 22:17:36,,charcoal84776,poisontail76206,poisontail76206,False,"['Flareon', 'Haunter', 'Hitmonchan', 'Pelipper', 'Pupitar', 'Glalie']","['Wailord', 'Torkoal', 'Metang', 'Relicanth', 'Glalie']",12,7,4
smogtours-gen3nu-549504,[Gen 3] NU,2021-03-21 18:12:33,,rotomfan65136,sceptile30575,sceptile30575,False,"['Huntail', 'Flareon', 'Sableye', 'Murkrow', 'Metang', 'Roselia']","['Kecleon', 'Octillery', 'Haunter', 'Hitmonchan', 'Metang']",28,15,6
gen3nu-1128785893,[Gen 3] NU,2020-06-08 01:23:11,,fighting88830,drapion57021,drapion57021,False,"['Flareon', 'Haunter', 'Bellossom', 'Pelipper', 'Metang', 'Pupitar']","['Flareon', 'Haunter', 'Bellossom', 'Dewgong', 'Diglett']",20,9,8
smogtours-gen3nu-729764,[Gen 3] NU,2023-11-10 21:27:37,,crunch37612,tangledfeet30693,crunch37612,False,"['Flareon', 'Mawile', 'Bellossom', 'Pelipper', 'Pikachu', 'Glalie']","['Torkoal', 'Raticate', 'Cacturne', 'Dewgong', 'Metang', 'Chimecho']",40,17,16
gen3nu-925993887,[Gen 3] NU,2019-06-11 00:26:47,,rindoberry7399,wynaut4615,rindoberry7399,False,"['Growlithe', 'Snorunt', 'Nosepass', 'Seaking', 'Gloom']","['Voltorb', 'Grimer', 'Cubone', 'Seaking', 'Horsea', 'Taillow']",22,8,8
smogtours-gen3nu-486222,[Gen 3] NU,2020-03-31 01:43:12,,dewgong87961,chartiberry95074,dewgong87961,False,"['Huntail', 'Flareon', 'Cacturne', 'Mawile', 'Diglett', 'Golbat']","['Wailord', 'Graveler', 'Bellossom', 'Chimecho', 'Glalie', 'Golbat']",30,16,14
gen3nu-2169070233,[Gen 3] NU,2024-07-28 19:18:31,,limber11712,needlearm59980,limber11712,False,"['Metang', 'Hitmonchan', 'Cacturne', 'Bellossom', 'Sableye']","['Haunter', 'Pelipper', 'Vigoroth', 'Metang', 'Chimecho', 'Glalie']",26,5,8
smogtours-gen3nu-199223,[Gen 3] NU,2016-10-04 22:22:50,,kricketune80156,magmarizer67594,magmarizer67594,False,"['Hitmonchan', 'Seviper', 'Mawile', 'Crawdaunt', 'Relicanth', 'Roselia']","['Crawdaunt', 'Hitmonchan']",14,5,1
smogtours-gen3nu-729494,[Gen 3] NU,2023-11-08 15:56:29,,seedot88254,stench25210,stench25210,False,"['Seadra', 'Huntail', 'Flareon', 'Haunter', 'Metang', 'Glalie']","['Venomoth', 'Wailord', 'Kecleon', 'Sudowoodo', 'Hitmonchan']",24,9,9
smogtours-gen3nu-645931,[Gen 3] NU,2022-09-01 16:10:07,,bubblebeam57653,seedot88254,seedot88254,False,"['Wailord', 'Magcargo', 'Cacturne', 'Vigoroth', 'Whiscash', 'Golbat']","['Wailord', 'Huntail', 'Haunter', 'Metang', 'Glalie']",11,7,4
smogtours-gen3nu-406941,[Gen 3] NU,2018-12-03 21:43:52,,naturalgift2401,denpowersteel79771,naturalgift2401,True,"['Seadra', 'Arbok', 'Mawile', 'Chimecho', 'Tangela']","['Pidgeot', 'Wailord', 'Mawile', 'Chimecho', 'Diglett', 'Roselia']",39,11,15
gen3nu-866666236,[Gen 3] NU,2019-02-23 19:16:51,,explosion94540,squirtle88026,explosion94540,True,"['Wailord', 'Hitmonchan', 'Haunter', 'Mawile', 'Sableye', 'Roselia']","['Flareon', 'Hitmonchan', 'Mawile', 'Sableye', 'Roselia']",40,10,11
smogtours-gen3nu-586133,[Gen 3] NU,2021-10-11 16:11:08,,denpowersteel79771,seedflare81285,seedflare81285,False,"['Wigglytuff', 'Hitmonchan', 'Whiscash', 'Sableye', 'Chimecho', 'Roselia']","['Wailord', 'Tropius', 'Haunter', 'Chimecho', 'Relicanth', 'Glalie']",32,14,13
smogtours-gen3nu-668167,[Gen 3] NU,2023-01-11 20:09:50,,victreebel55835,metalpowder38899,victreebel55835,False,"['Cyndaquil', 'Butterfree', 'Rhyhorn', 'Exeggcute', 'Chinchou', 'Mankey']","['Voltorb', 'Grimer', 'Cubone', 'Seaking', 'Horsea', 'Taillow']",21,10,11
smogtours-gen3nu-768543,[Gen 3] NU,2024-05-18 14:37:05,,haunter12630,splash22725,haunter12630,False,"['Plusle', 'Haunter', 'Hitmonchan', 'Vigoroth', 'Glalie']","['Flareon', 'Plusle', 'Haunter', 'Hitmonchan', 'Metang', 'Glalie']",29,7,10
gen3nu-1122232717,[Gen 3] NU,2020-05-27 19:20:19,,rawstberry28879,paras61636,rawstberry28879,False,"['Flareon', 'Haunter', 'Bellossom', 'Dewgong', 'Metang', 'Diglett']","['Pidgeot', 'Magcargo', 'Hitmonchan', 'Seaking', 'Chimecho', 'Roselia']",27,10,10
gen3nu-1080978973,[Gen 3] NU,2020-03-18 04:35:25,,habanberry33794,guts7809,guts7809,False,"['Wailord', 'Torkoal', 'Haunter', 'Metang', 'Chimecho', 'Glalie']","['Huntail', 'Torkoal', 'Haunter', 'Crawdaunt', 'Metang', 'Roselia']",28,11,10
smogtours-gen3nu-698084,[Gen 3] NU,2023-06-18 19:27:51,,shinystone44310,minun6717,shinystone44310,False,"['Wailord', 'Pidgeot', 'Torkoal', 'Haunter', 'Metang', 'Glalie']","['Plusle', 'Haunter', 'Hitmonchan', 'Tangela', 'Glalie', 'Golbat']",20,10,9
smogtours-gen3nu-615186,[Gen 3] NU,2022-03-23 19:55:54,,flaaffy13191,glare38523,flaaffy13191,False,"['Flaaffy', 'Wartortle', 'Lairon', 'Furret', 'Koffing', 'Grovyle']","['Omanyte', 'Minun', 'Lombre', 'Charmeleon', 'Koffing', 'Vibrava']",52,20,22
gen3nu-2318202393,[Gen 3] NU,2025-03-12 21:16:33,,grasswhistle96525,dragonscale69700,dragonscale69700,False,"['Sudowoodo', 'Raticate', 'Hitmonchan', 'Pelipper', 'Sableye', 'Glalie']","['Wailord', 'Octillery', 'Haunter', 'Vigoroth', 'Metang', 'Glalie']",23,9,10
gen3nu-1124573426,[Gen 3] NU,2020-06-01 00:14:10,,sketch29485,jolteon89565,sketch29485,True,"['Flareon', 'Diglett', 'Haunter', 'Dewgong', 'Chimecho', 'Relicanth']","['Seadra', 'Flareon', 'Hitmonchan', 'Murkrow', 'Dewgong', 'Vigoroth']",36,13,12
gen3nu-1081827736,[Gen 3] NU,2020-03-19 17:37:42,,dragonfang79331,exploud92539,dragonfang79331,True,['Metang'],"['Sealeo', 'Haunter', 'Pineco', 'Metang']",11,0,3
gen3nu-1122231749,[Gen 3] NU,2020-05-27 19:20:41,,phanpy27789,focusblast96970,phanpy27789,True,"['Octillery', 'Pelipper', 'Dewgong', 'Metang', 'Corsola']","['Kingler', 'Kecleon']",14,5,3
gen3nu-2304820546,[Gen 3] NU,2025-02-21 02:07:34,,scrappy50514,psn60461,scrappy50514,False,"['Wailord', 'Pidgeot', 'Torkoal', 'Hitmonchan', 'Chimecho', 'Swalot']","['Machoke', 'Sudowoodo', 'Octillery', 'Hitmonchan', 'Sableye', 'Roselia']",33,8,9
gen3nu-929866343,[Gen 3] NU,2019-06-17 14:46:59,,adaptability26680,sandveil87527,adaptability26680,True,"['Grimer', 'Pineco', 'Delcatty', 'Elekid', 'Masquerain', 'Koffing']","['Staryu', 'Grimer', 'Lileep', 'Croconaw', 'Magnemite', 'Taillow']",149,37,41
smogtours-gen3nu-445200,[Gen 3] NU,2019-06-04 22:24:43,,watmelberry41213,thunderstone11961,watmelberry41213,False,"['Kecleon', 'Haunter', 'Cacturne', 'Pelipper', 'Pikachu', 'Relicanth']","['Magby', 'Kecleon', 'Tropius', 'Huntail', 'Mawile', 'Metang']",32,11,10
smogtours-gen3nu-739279,[Gen 3] NU,2024-01-14 18:54:04,,mirrormove8296,willowisp64187,mirrormove8296,False,"['Flareon', 'Raticate', 'Chimecho', 'Relicanth', 'Roselia']","['Wailord', 'Huntail', 'Tropius', 'Haunter', 'Metang', 'Pupitar']",27,9,10
gen3nu-921543388,[Gen 3] NU,2019-06-03 17:57:03,,payday74254,houndour54582,payday74254,False,"['Bayleef', 'Cubone', 'Nosepass', 'Delcatty', 'Parasect', 'Magnemite']","['Growlithe', 'Castform', 'Delcatty', 'Clefairy', 'Gloom', 'Mankey']",35,11,11
smogtours-gen3nu-558229,[Gen 3] NU,2021-04-28 15:37:10,,kecleon18281,darkvoid39103,kecleon18281,True,"['Kecleon', 'Octillery', 'Haunter', 'Hitmonchan', 'Metang', 'Pupitar']","['Pidgeot', 'Magcargo', 'Cacturne', 'Arbok', 'Dewgong', 'Metang']",26,10,12
smogtours-gen3nu-724711,[Gen 3] NU,2023-10-19 01:31:53,,innerfocus97582,extrasensory76435,extrasensory76435,False,"['Venomoth', 'Plusle', 'Octillery', 'Delcatty', 'Mawile', 'Ledian']","['Chimecho', 'Wailord', 'Metang', 'Pidgeot']",39,14,5
gen3nu-431942964,[Gen 3] NU,2016-09-06 02:05:21,,slaking55219,luckypunch69580,luckypunch69580,True,"['Chimecho', 'Murkrow']","['Chimecho', 'Murkrow', 'Hitmonchan']",11,1,3
gen3nu-1090053559,[Gen 3] NU,2020-04-03 02:41:02,,cloyster43183,luckypunch60204,cloyster43183,False,"['Huntail', 'Noctowl', 'Mawile', 'Piloswine', 'Glalie', 'Golbat']","['Pidgeot', 'Magcargo', 'Hitmonchan', 'Seaking', 'Chimecho', 'Roselia']",52,19,14
smogtours-gen3nu-712035,[Gen 3] NU,2023-08-25 06:15:40,,chlorophyll28494,gastly60768,gastly60768,True,"['Wailord', 'Flareon', 'Haunter', 'Metang', 'Relicanth', 'Glalie']","['Torkoal', 'Hitmonchan', 'Bellossom', 'Chimecho', 'Pupitar']",26,14,10
gen3nu-1094564245,[Gen 3] NU,2020-04-11 00:12:03,1096,download60495,poisonpowder16094,download60495,True,"['Pidgeot', 'Huntail', 'Flareon', 'Raticate', 'Metang']","['Pidgeot', 'Wailord', 'Venomoth', 'Flareon', 'Arbok', 'Bellossom']",13,4,6
gen3nu-1146912862,[Gen 3] NU,2020-07-07 18:44:18,,psyduck38308,beldum44742,beldum44742,True,"['Shelgon', 'Metang', 'Haunter', 'Wartortle', 'Sealeo', 'Golbat']","['Dragonair', 'Wartortle', 'Metang', 'Diglett', 'Abra']",20,7,9
smogtours-gen3nu-627185,[Gen 3] NU,2022-05-20 19:42:56,,bubblebeam57653,stickybarb45781,bubblebeam57653,False,"['Wailord', 'Magcargo', 'Cacturne', 'Vigoroth', 'Whiscash', 'Golbat']","['Venomoth', 'Kecleon', 'Sudowoodo', 'Plusle', 'Murkrow', 'Whiscash']",32,13,13
smogtours-gen3nu-710581,[Gen 3] NU,2023-08-18 20:17:49,,butterfree38678,teddiursa88253,teddiursa88253,False,"['Huntail', 'Flareon', 'Raticate', 'Haunter', 'Hitmonchan', 'Glalie']","['Flareon', 'Bellossom', 'Whiscash', 'Glalie', 'Golbat']",23,5,4
gen3nu-1087559799,[Gen 3] NU,2020-03-29 21:04:51,,sandveil87527,charizard20104,sandveil87527,False,"['Trapinch', 'Wigglytuff', 'Omanyte', 'Grovyle', 'Yanma']","['Dragonair', 'Minun', 'Lairon', 'Sealeo', 'Furret', 'Charmeleon']",32,8,9
smogtours-gen3nu-723813,[Gen 3] NU,2023-10-15 09:57:03,,buneary57593,screech4752,screech4752,True,"['Flareon', 'Bellossom', 'Whiscash', 'Glalie', 'Golbat']","['Raticate', 'Pelipper', 'Vigoroth', 'Whiscash', 'Metang', 'Glalie']",22,9,7
smogtours-gen3nu-696178,[Gen 3] NU,2023-06-08 23:50:59,,haunter12630,shinystone44310,shinystone44310,True,"['Seadra', 'Torkoal', 'Haunter', 'Hitmonchan', 'Cacturne', 'Metang']","['Flareon', 'Octillery', 'Raticate', 'Pelipper', 'Metang']",37,14,10
gen3nu-1073716930,[Gen 3] NU,2020-03-05 02:03:42,,haunter12630,seedflare81285,seedflare81285,False,"['Flareon', 'Raticate', 'Bellossom', 'Metang', 'Diglett', 'Golbat']","['Kingler', 'Torkoal', 'Cacturne', 'Mawile', 'Vigoroth', 'Golbat']",28,13,15
gen3nu-2172376627,[Gen 3] NU,2024-08-03 01:24:13,,needlearm59980,futuresight13270,needlearm59980,False,"['Haunter', 'Pelipper', 'Vigoroth', 'Metang', 'Chimecho', 'Glalie']","['Wailord', 'Kecleon', 'Raticate', 'Haunter', 'Hitmonchan', 'Glalie']",38,11,10
gen3nu-430579398,[Gen 3] NU,2016-09-04 00:30:02,,chlorophyll87663,mist98895,mist98895,False,"['Pidgeot', 'Raticate', 'Haunter', 'Hitmonchan', 'Arbok', 'Glalie']","['Huntail', 'Hitmonchan', 'Bellossom', 'Murkrow', 'Chimecho', 'Glalie']",33,7,6
smogtours-gen3nu-664152,[Gen 3] NU,2022-12-09 20:33:39,,haunter12630,stench25210,haunter12630,False,"['Kingler', 'Flareon', 'Haunter', 'Hitmonchan', 'Cacturne', 'Metang']","['Wailord', 'Kecleon', 'Torkoal', 'Hitmonchan', 'Murkrow', 'Whiscash']",40,17,17
gen3nu-1073709924,[Gen 3] NU,2020-03-05 02:03:46,,haunter12630,seedflare81285,haunter12630,False,"['Flareon', 'Wigglytuff', 'Wartortle', 'Metang', 'Roselia']","['Wailord', 'Haunter', 'Cacturne', 'Pupitar', 'Chimecho', 'Relicanth']",39,16,17
gen3nu-1001451570,[Gen 3] NU,2019-10-31 01:08:04,,honeygather43992,intimidate75275,intimidate75275,False,"['Venomoth', 'Torkoal', 'Hitmonchan', 'Bellossom', 'Pelipper', 'Lairon']","['Pidgeot', 'Magcargo', 'Hitmonchan', 'Seaking', 'Chimecho', 'Roselia']",36,12,13
smogtours-gen3nu-598793,[Gen 3] NU,2021-12-19 23:59:03,,empoleon29019,azumarill79029,empoleon29019,True,"['Wailord', 'Dunsparce', 'Metang', 'Sableye', 'Chimecho', 'Roselia']","['Venomoth', 'Plusle', 'Octillery', 'Delcatty', 'Mawile', 'Ledian']",51,14,16
gen3nu-1087304822,[Gen 3] NU,2020-03-29 10:50:24,,ninjask77369,frz75,frz75,False,"['Doduo', 'Trapinch', 'Houndour', 'Shellder', 'Elekid', 'Anorith']","['Porygon', 'Pineco', 'Larvitar', 'Bagon', 'Duskull']",20,6,4
gen3nu-1141256019,[Gen 3] NU,2020-06-28 12:29:45,,sketch29485,ivysaur48671,ivysaur48671,False,"['Wailord', 'Haunter', 'Murkrow', 'Crawdaunt', 'Pupitar', 'Roselia']","['Magby', 'Huntail', 'Haunter', 'Murkrow', 'Roselia']",28,14,10
gen3nu-2211954604,[Gen 3] NU,2024-09-29 04:18:48,,airlock42451,pomegberry63516,airlock42451,False,"['Pikachu', 'Sableye', 'Metang', 'Chimecho', 'Glalie']","['Flareon', 'Haunter', 'Hitmonchan', 'Pelipper', 'Pupitar', 'Glalie']",16,4,9
gen3nu-874316743,[Gen 3] NU,2019-03-10 23:32:10,,breloom51070,firespin44437,breloom51070,False,"['Seadra', 'Murkrow', 'Flareon', 'Hitmonchan']","['Kecleon', 'Hitmonchan', 'Bellossom', 'Chimecho', 'Relicanth', 'Glalie']",21,3,9
smogtours-gen3nu-586242,[Gen 3] NU,2021-10-12 20:47:38,,altaria32948,habanberry33794,habanberry33794,False,"['Wailord', 'Torkoal', 'Haunter', 'Bellossom', 'Metang', 'Glalie']","['Kecleon', 'Octillery', 'Haunter', 'Hitmonchan', 'Metang', 'Pupitar']",33,14,11
gen3nu-430489396,[Gen 3] NU,2016-09-03 22:00:28,,golbat82152,lansatberry7316,lansatberry7316,False,"['Graveler', 'Hitmonchan', 'Murkrow', 'Dewgong', 'Metang', 'Golbat']","['Mawile', 'Chimecho', 'Wigglytuff', 'Clamperl']",23,9,4
gen3nu-1085394730,[Gen 3] NU,2020-03-26 00:31:03,,spite7766,megakick15553,megakick15553,False,"['Kecleon', 'Huntail', 'Flareon', 'Pikachu', 'Chimecho', 'Tangela']","['Pidgeot', 'Torkoal', 'Haunter', 'Bellossom', 'Whiscash', 'Metang']",40,18,16
smogtours-gen3nu-771951,[Gen 3] NU,2024-06-02 19:15:43,,airslash47650,splash22725,splash22725,False,"['Wailord', 'Kecleon', 'Hitmonchan', 'Sableye', 'Chimecho', 'Roselia']","['Huntail', 'Flareon', 'Haunter', 'Hitmonchan', 'Metang', 'Glalie']",41,15,14
gen3nu-912831390,[Gen 3] NU,2019-05-20 03:58:04,,mail80062,suctioncups53417,suctioncups53417,False,"['Flareon', 'Plusle', 'Octillery', 'Sableye', 'Chimecho', 'Roselia']","['Venomoth', 'Kecleon', 'Mawile', 'Pikachu', 'Chimecho', 'Roselia']",77,24,30
gen3nu-959292138,[Gen 3] NU,2019-08-12 18:13:41,,sonicboom26327,tangela91840,sonicboom26327,False,"['Dewgong', 'Vigoroth', 'Metang', 'Chimecho', 'Roselia']","['Wailord', 'Murkrow', 'Chimecho', 'Metang', 'Pupitar', 'Roselia']",38,9,10
smogtours-gen3nu-603215,[Gen 3] NU,2022-01-16 22:30:31,,honeygather86735,teddiursa88253,honeygather86735,False,"['Wailord', 'Flareon', 'Haunter', 'Metang', 'Chimecho', 'Glalie']","['Flareon', 'Hitmonchan', 'Mawile', 'Pelipper', 'Sableye', 'Roselia']",44,20,17
gen3nu-933537667,[Gen 3] NU,2019-06-23 16:18:46,,simple53659,togepi84148,simple53659,False,"['Staryu', 'Bayleef', 'Castform', 'Nosepass', 'Elekid', 'Delibird']","['Growlithe', 'Grimer', 'Nosepass', 'Delcatty', 'Meditite', 'Illumise']",31,12,13
smogtours-gen3nu-502768,[Gen 3] NU,2020-05-23 01:08:34,,magmastorm83132,fissure96222,fissure96222,False,"['Venomoth', 'Plusle', 'Octillery', 'Delcatty', 'Mawile', 'Ledian']","['Wailord', 'Haunter', 'Pupitar', 'Metang', 'Chimecho', 'Glalie']",39,11,7
smogtours-gen3nu-555212,[Gen 3] NU,2021-04-11 17:50:48,,sceptile30575,teddiursa88253,sceptile30575,True,"['Wailord', 'Flareon', 'Plusle', 'Sableye', 'Pupitar', 'Roselia']","['Pidgeot', 'Haunter', 'Bellossom', 'Murkrow', 'Diglett', 'Roselia']",23,5,9
gen3nu-926010818,[Gen 3] NU,2019-06-11 01:07:05,,stomp9436,icefang57178,icefang57178,True,"['Voltorb', 'Grimer', 'Cubone', 'Seaking', 'Horsea', 'Taillow']","['Grimer', 'Lileep', 'Castform', 'Seaking', 'Magnemite', 'Taillow']",29,10,11
smogtours-gen3nu-452419,[Gen 3] NU,2019-07-26 00:30:52,,chuspikyeared32159,stoneplate37213,stoneplate37213,False,"['Wailord', 'Flareon', 'Hitmonchan', 'Haunter', 'Murkrow', 'Glalie']","['Kecleon', 'Haunter', 'Cacturne', 'Pelipper', 'Pikachu', 'Relicanth']",31,15,13
smogtours-gen3nu-842830,[Gen 3] NU,2025-05-16 21:09:22,,machop48408,poisontail76206,poisontail76206,False,"['Togetic', 'Wailord', 'Flareon', 'Hitmonchan', 'Sableye', 'Glalie']","['Flareon', 'Hitmonchan', 'Dewgong', 'Sableye', 'Chimecho', 'Roselia']",69,21,24
smogtours-gen3nu-663318,[Gen 3] NU,2022-12-01 02:58:37,,kakuna89346,glare38523,glare38523,True,"['Marshtomp', 'Houndour', 'Omanyte', 'Dragonair', 'Lickitung', 'Gastly']","['Voltorb', 'Tropius', 'Snorunt', 'Mawile', 'Piloswine', 'Furret']",16,6,7
smogtours-gen3nu-794569,[Gen 3] NU,2024-10-04 15:56:19,,futuresight13270,haunter12630,haunter12630,False,"['Wailord', 'Haunter', 'Hitmonchan', 'Mawile', 'Bellossom', 'Pikachu']","['Kecleon', 'Plusle', 'Octillery', 'Hitmonchan', 'Pelipper', 'Roselia']",35,13,16
gen3nu-2126526801,[Gen 3] NU,2024-05-20 04:07:51,,milkdrink49044,needlearm59980,needlearm59980,True,"['Venomoth', 'Plusle', 'Octillery', 'Delcatty', 'Mawile', 'Ledian']","['Wailord', 'Plusle', 'Metang', 'Roselia', 'Golbat']",34,13,4
gen3nu-837489276,[Gen 3] NU,2018-12-18 22:57:47,,tangrowth15923,tangela22698,tangrowth15923,False,"[""Farfetch'D"", 'Nosepass']","['Beautifly', 'Shedinja', 'Octillery', 'Wigglytuff', 'Clamperl', 'Delibird']",9,1,5
gen3nu-2081219085,[Gen 3] NU,2024-03-15 01:07:40,,doubleteam31418,ganlonberry27533,ganlonberry27533,False,"['Wailord', 'Huntail', 'Torkoal', 'Haunter', 'Metang', 'Glalie']","['Kecleon', 'Hitmonchan', 'Bellossom', 'Chimecho', 'Relicanth', 'Glalie']",23,7,10
smogtours-gen3nu-809578,[Gen 3] NU,2024-12-08 18:39:31,,shinystone44310,doubleteam62013,shinystone44310,True,"['Flareon', 'Plusle', 'Hitmonchan', 'Haunter', 'Metang', 'Glalie']","['Torkoal', 'Bellossom', 'Murkrow', 'Pelipper', 'Metang', 'Glalie']",25,8,12
smogtours-gen3nu-809000,[Gen 3] NU,2024-12-05 01:33:26,,shinystone44310,doubleteam62013,doubleteam62013,False,"['Wailord', 'Pidgeot', 'Torkoal', 'Haunter', 'Metang', 'Glalie']","['Octillery', 'Raticate', 'Pikachu', 'Metang', 'Chimecho', 'Glalie']",27,9,9
smogtours-gen3nu-561698,[Gen 3] NU,2021-05-22 18:48:49,,bubblebeam57653,rockincense41876,rockincense41876,False,"['Kecleon', 'Plusle', 'Pelipper', 'Metang', 'Pupitar', 'Glalie']","['Kecleon', 'Hitmonchan', 'Bellossom', 'Chimecho', 'Relicanth', 'Glalie']",59,20,21
gen3nu-929845736,[Gen 3] NU,2019-06-17 13:45:42,,rockblast95671,wailmer43107,wailmer43107,True,"['Cacnea', 'Grimer', 'Spinda', 'Lileep', 'Seaking', 'Delibird']","['Snorunt', 'Castform', 'Seaking', 'Elekid', 'Gloom', 'Delibird']",38,16,14
smogtours-gen3nu-587739,[Gen 3] NU,2021-10-18 01:14:05,,mawile36886,empoleon29019,mawile36886,False,"['Kecleon', 'Torkoal', 'Hitmonchan', 'Cacturne', 'Haunter', 'Chimecho']","['Wailord', 'Torkoal', 'Haunter', 'Bellossom', 'Chimecho', 'Glalie']",35,14,11
gen3nu-1015845494,[Gen 3] NU,2019-11-24 12:16:18,,closecombat1723,fighting88830,fighting88830,True,"['Pidgeot', 'Porygon', 'Graveler', 'Sableye', 'Cacturne', 'Pikachu']","['Bellossom', 'Flareon', 'Haunter', 'Metang']",21,10,5
smogtours-gen3nu-711308,[Gen 3] NU,2023-08-20 21:50:26,,larvitar96901,chlorophyll28494,chlorophyll28494,False,"['Flareon', 'Haunter', 'Cacturne', 'Mawile', 'Hitmonchan', 'Dewgong']","['Wailord', 'Dunsparce', 'Metang', 'Sableye', 'Chimecho', 'Roselia']",55,19,15
smogtours-gen3nu-731199,[Gen 3] NU,2023-11-18 18:14:21,,crunch37612,stench25210,crunch37612,True,"['Pidgeot', 'Octillery', 'Bellossom', 'Vigoroth', 'Sableye']","['Wailord', 'Tropius', 'Sudowoodo', 'Haunter', 'Metang', 'Glalie']",15,5,7
gen3nu-432906408,[Gen 3] NU,2016-09-07 17:40:13,,arceusdragon51803,alakazammega8565,arceusdragon51803,False,"['Pidgeot', 'Haunter', 'Bellossom', 'Crawdaunt', 'Swalot', 'Relicanth']","['Sudowoodo', 'Flareon', 'Torkoal', 'Dewgong', 'Pupitar', 'Delibird']",36,11,16
gen3nu-1093293344,[Gen 3] NU,2020-04-08 20:04:06,,granbull43273,haunter12630,haunter12630,False,"['Flareon', 'Hitmonchan', 'Mawile', 'Pelipper', 'Sableye', 'Roselia']","['Huntail', 'Pineco', 'Flareon', 'Bellossom', 'Metang', 'Diglett']",33,11,14
gen3nu-2302648848,[Gen 3] NU,2025-02-17 20:08:20,,miltank39048,outrage29420,miltank39048,False,"['Octillery', 'Murkrow', 'Pupitar', 'Metang', 'Chimecho', 'Roselia']","['Pidgeot', 'Torkoal', 'Haunter', 'Cacturne', 'Dewgong', 'Metang']",30,6,9
gen3nu-1039108599,[Gen 3] NU,2020-01-01 12:00:14,,pound45555,tox71156,pound45555,False,"['Kecleon', 'Hitmonchan', 'Bellossom', 'Relicanth', 'Glalie']","['Huntail', 'Hitmonchan', 'Haunter', 'Mawile', 'Cacturne', 'Chimecho']",26,7,10
gen3nu-2127023692,[Gen 3] NU,2024-05-20 21:03:32,,aron7426,sportball4530,sportball4530,False,"['Octillery', 'Pupitar', 'Murkrow', 'Metang', 'Chimecho', 'Roselia']","['Pidgeot', 'Hitmonchan', 'Pupitar', 'Crawdaunt', 'Chimecho']",33,10,8
smogtours-gen3nu-841302,[Gen 3] NU,2025-05-10 20:44:08,,pickup28423,yanma7568,pickup28423,False,"['Flareon', 'Pikachu', 'Bellossom', 'Sableye', 'Glalie', 'Golbat']","['Flareon', 'Haunter', 'Hitmonchan', 'Pelipper', 'Metang', 'Glalie']",36,11,15
smogtours-gen3nu-743054,[Gen 3] NU,2024-01-28 20:44:00,,futuresight13270,tangledfeet30693,tangledfeet30693,True,"['Hitmonchan', 'Dewgong', 'Chimecho', 'Glalie', 'Grovyle']","['Seadra', 'Wailord', 'Glalie', 'Flareon']",14,7,4
gen3nu-1141259009,[Gen 3] NU,2020-06-28 12:38:05,,ivysaur48671,sketch29485,sketch29485,False,"['Flareon', 'Haunter', 'Hitmonchan', 'Metang', 'Chimecho', 'Roselia']","['Wailord', 'Flareon', 'Haunter', 'Hitmonchan', 'Chimecho']",29,9,7
smogtours-gen3nu-616789,[Gen 3] NU,2022-04-01 15:22:15,,denpowersteel79771,rockslide24303,denpowersteel79771,False,"['Sudowoodo', 'Plusle', 'Raticate', 'Pelipper', 'Chimecho', 'Roselia']","['Pidgeot', 'Huntail', 'Hitmonchan', 'Relicanth', 'Chimecho', 'Roselia']",40,8,12
smogtours-gen3nu-699293,[Gen 3] NU,2023-06-25 18:28:37,,twistedspoon63684,honeygather86735,twistedspoon63684,False,"['Magby', 'Torkoal', 'Haunter', 'Bellossom', 'Diglett', 'Glalie']","['Wailord', 'Haunter', 'Bellossom', 'Murkrow', 'Metang', 'Roselia']",38,14,12
gen3nu-1122230117,[Gen 3] NU,2020-05-27 19:18:16,,paras61636,meanlook78599,paras61636,True,"['Pidgeot', 'Roselia', 'Magcargo', 'Seaking']","['Arbok', 'Shuckle']",14,3,1
gen3nu-941348997,[Gen 3] NU,2019-07-08 02:46:41,,mail79545,lick12011,mail79545,True,"['Omanyte', 'Ivysaur', 'Minun', 'Masquerain', 'Furret']","['Ponyta', 'Marshtomp', 'Dragonair', 'Ivysaur', 'Furret', 'Gastly']",33,14,12
gen3nu-934090252,[Gen 3] NU,2019-06-24 15:28:07,,hyperbeam24300,adaptability26680,hyperbeam24300,False,"['Spoink', 'Staryu', 'Rhyhorn', 'Numel', 'Koffing', 'Shroomish']","['Voltorb', 'Growlithe', 'Pineco', 'Nosepass', 'Wailmer', 'Delibird']",26,12,11
smogtours-gen3nu-527584,[Gen 3] NU,2020-11-15 01:19:30,,cranidos39753,goldeen52039,goldeen52039,True,"['Ivysaur', 'Combusken', 'Minun', 'Marshtomp']","['Minun', 'Clamperl']",7,3,1
gen3nu-927461004,[Gen 3] NU,2019-06-13 14:48:42,,bubblebeam47729,simple53659,simple53659,False,"['Growlithe', 'Beautifly', 'Nuzleaf', 'Illumise', 'Gloom', 'Magnemite']","['Staryu', 'Castform', 'Delibird', 'Bayleef']",16,8,5
gen3nu-2302638643,[Gen 3] NU,2025-02-17 19:47:40,,milkdrink49044,mintberry37268,mintberry37268,False,"['Huntail', 'Tropius', 'Flareon', 'Plusle', 'Sableye', 'Metang']","['Wailord', 'Huntail', 'Flareon', 'Haunter', 'Metang', 'Glalie']",18,8,6
smogtours-gen3nu-550261,[Gen 3] NU,2021-03-23 02:28:28,,kebiaberry888,nightmare46769,kebiaberry888,False,"['Snubbull', 'Pineco', 'Trapinch', 'Bagon', 'Lotad']","['Cacnea', 'Trapinch', 'Omanyte', 'Lotad', 'Feebas', 'Abra']",22,5,5
gen3nu-1139159654,[Gen 3] NU,2020-06-25 03:01:43,,seedflare81285,gunkshot9424,gunkshot9424,False,"['Sudowoodo', 'Torkoal', 'Diglett', 'Haunter', 'Dewgong', 'Chimecho']","['Flareon', 'Lileep', 'Hitmonchan', 'Dewgong', 'Sableye', 'Chimecho']",80,29,30
smogtours-gen3nu-843536,[Gen 3] NU,2025-05-18 01:45:06,,magnezone42158,doubleteam62013,magnezone42158,True,"['Kecleon', 'Haunter', 'Hitmonchan', 'Pelipper', 'Pupitar', 'Glalie']","['Octillery', 'Haunter', 'Hitmonchan', 'Glalie', 'Golbat']",21,8,8
gen3nu-2289421361,[Gen 3] NU,2025-01-27 21:34:38,,milkdrink49044,habanberry34945,habanberry34945,False,"['Flareon', 'Raticate', 'Haunter', 'Metang', 'Pupitar', 'Glalie']","['Torkoal', 'Octillery', 'Haunter', 'Metang', 'Glalie']",26,8,7
gen3nu-2102298731,[Gen 3] NU,2024-04-13 02:30:35,,wepearberry64819,sportball4530,sportball4530,False,"['Flareon', 'Raticate', 'Hitmonchan', 'Pikachu', 'Sableye', 'Roselia']","['Chimecho', 'Kecleon', 'Crawdaunt']",33,13,5
gen3nu-922540621,[Gen 3] NU,2019-06-05 09:30:47,,present83063,psybeam14379,present83063,False,"['Growlithe', 'Rhyhorn', 'Chinchou', 'Koffing', 'Delibird']","['Voltorb', 'Rhyhorn', 'Cubone', 'Delcatty', 'Gloom', 'Delibird']",19,8,9
gen3nu-920611854,[Gen 3] NU,2019-06-02 02:24:44,,sandveil87527,payday74254,payday74254,False,"['Growlithe', 'Snorunt', 'Nosepass', 'Seaking', 'Elekid', 'Gloom']","['Staryu', 'Dustox', 'Rhyhorn', 'Castform', 'Meditite', 'Magnemite']",33,12,9
gen3nu-947493573,[Gen 3] NU,2019-07-19 20:48:53,,icebody76796,heatrock37333,heatrock37333,True,"['Tropius', 'Torkoal', 'Mawile', 'Dewgong', 'Pupitar', 'Golbat']","['Hitmonchan', 'Mawile', 'Lickitung', 'Whiscash', 'Sableye', 'Roselia']",67,29,28
gen3nu-955853504,[Gen 3] NU,2019-08-05 18:14:08,,adaptability26680,wailmer43107,wailmer43107,True,"['Grimer', 'Pineco', 'Delcatty', 'Elekid', 'Masquerain', 'Koffing']","['Growlithe', 'Pineco', 'Larvitar', 'Elekid', 'Meditite']",22,8,7
gen3nu-1069942497,[Gen 3] NU,2020-02-27 03:36:06,,swagger64332,houndour54582,swagger64332,False,"['Growlithe', 'Rhyhorn', 'Croconaw', 'Masquerain', 'Gloom']","['Growlithe', 'Grimer', 'Pineco', 'Cubone', 'Delcatty', 'Meditite']",15,5,7
smogtours-gen3nu-616718,[Gen 3] NU,2022-03-31 15:28:56,,volbeat11507,constrict53264,volbeat11507,False,"['Snorunt', 'Houndour', 'Dragonair', 'Minun', 'Furret', 'Beedrill']","['Sunflora', 'Nuzleaf', 'Onix', 'Gloom', 'Furret', 'Corsola']",14,6,6
smogtours-gen3nu-586131,[Gen 3] NU,2021-10-11 16:01:12,,denpowersteel79771,seedflare81285,seedflare81285,False,"['Wailord', 'Flareon', 'Diglett', 'Mawile', 'Bellossom', 'Chimecho']","['Wailord', 'Huntail', 'Plusle', 'Cacturne', 'Metang', 'Chimecho']",22,9,8
smogtours-gen3nu-710607,[Gen 3] NU,2023-08-18 22:13:18,,sniper70774,mawile36886,sniper70774,False,"['Haunter', 'Pelipper', 'Vigoroth', 'Metang', 'Chimecho', 'Glalie']","['Flareon', 'Plusle', 'Haunter', 'Pelipper', 'Metang', 'Glalie']",20,6,7
smogtours-gen3nu-714673,[Gen 3] NU,2023-09-08 00:24:00,,futuresight13270,minun6717,futuresight13270,False,"['Wailord', 'Tropius', 'Dunsparce', 'Vigoroth', 'Metang', 'Glalie']","['Wailord', 'Tropius', 'Sudowoodo', 'Haunter', 'Metang', 'Glalie']",21,10,9
gen3nu-1122425782,[Gen 3] NU,2020-05-28 02:17:13,,rawstberry28879,vigoroth64960,rawstberry28879,False,"['Flareon', 'Haunter', 'Bellossom', 'Dewgong', 'Metang', 'Diglett']","['Flareon', 'Lileep', 'Hitmonchan', 'Dewgong', 'Sableye', 'Chimecho']",75,31,28
smogtours-gen3nu-808993,[Gen 3] NU,2024-12-05 00:00:01,,doubleteam62013,mysteryberry83821,mysteryberry83821,False,"['Seadra', 'Huntail', 'Plusle', 'Haunter', 'Metang', 'Glalie']","['Seadra', 'Huntail', 'Plusle', 'Haunter', 'Metang', 'Glalie']",32,11,7
smogtours-gen3nu-445008,[Gen 3] NU,2019-06-02 23:24:16,,tangledfeet73734,entei72987,entei72987,False,"['Venomoth', 'Plusle', 'Octillery', 'Delcatty', 'Mawile', 'Ledian']","['Dewgong', 'Glalie', 'Haunter', 'Metang']",37,17,11
gen3nu-1147600974,[Gen 3] NU,2020-07-08 20:25:44,,icebody70639,seedflare81285,seedflare81285,False,"['Shelgon', 'Metang', 'Haunter', 'Dewgong', 'Pikachu', 'Roselia']","['Wailord', 'Haunter', 'Pupitar', 'Metang', 'Chimecho', 'Glalie']",25,9,10
gen3nu-874397138,[Gen 3] NU,2019-03-11 03:03:18,,natu82270,attract90356,natu82270,False,"['Sudowoodo', 'Castform', 'Haunter', 'Mawile', 'Aipom']","['Seadra', 'Kecleon', 'Metang', 'Pikachu', 'Pupitar', 'Yanma']",15,4,7
smogtours-gen3nu-692000,[Gen 3] NU,2023-05-11 22:13:29,,irontail31791,minun6717,irontail31791,False,"['Seadra', 'Plusle', 'Haunter', 'Metang', 'Glalie']","['Huntail', 'Haunter', 'Pelipper', 'Chimecho', 'Relicanth', 'Roselia']",20,6,12
gen3nu-2128407766,[Gen 3] NU,2024-05-22 19:49:55,,beedrill2453,rocksmash97037,beedrill2453,False,"['Wailord', 'Huntail', 'Flareon', 'Haunter', 'Metang', 'Glalie']","['Huntail', 'Dunsparce', 'Shelgon', 'Haunter', 'Bellossom', 'Vigoroth']",38,12,13
gen3nu-929298534,[Gen 3] NU,2019-06-16 15:56:19,,dark77821,levitate42349,dark77821,False,"['Staryu', 'Pineco', 'Cubone', 'Nosepass', 'Elekid', 'Gloom']","['Growlithe', 'Snubbull', 'Pineco', 'Nosepass', 'Gloom', 'Wailmer']",33,13,13
gen3nu-894789159,[Gen 3] NU,2019-04-18 01:03:07,,rayquaza7149,rindoberry7399,rindoberry7399,False,"['Voltorb', 'Staryu', 'Cubone', 'Castform', 'Seaking', 'Gloom']","['Magnemite', 'Staryu', 'Castform', 'Gloom']",21,11,6
gen3nu-859263426,[Gen 3] NU,2019-02-07 02:06:06,,larvitar71203,claydol45091,larvitar71203,False,"['Wailord', 'Cacturne', 'Vigoroth', 'Furret', 'Diglett']","['Sudowoodo', 'Shelgon', 'Haunter', 'Dewgong', 'Chimecho', 'Tangela']",17,4,6
gen3nu-2129270735,[Gen 3] NU,2024-05-24 00:20:58,,clefairy32307,rocksmash97037,clefairy32307,False,"['Venomoth', 'Pikachu', 'Vigoroth', 'Metang', 'Chimecho', 'Golbat']","['Pidgeot', 'Dunsparce', 'Torkoal', 'Octillery', 'Haunter', 'Bellossom']",22,7,7
smogtours-gen3nu-842155,[Gen 3] NU,2025-05-12 00:56:32,,doubleteam62013,absorb60200,doubleteam62013,True,"['Wailord', 'Plusle', 'Haunter', 'Hitmonchan', 'Metang', 'Glalie']","['Flareon', 'Haunter', 'Arbok', 'Bellossom', 'Metang', 'Glalie']",28,10,11
smogtours-gen3nu-827537,[Gen 3] NU,2025-03-28 18:16:14,,airslash47650,bubblebeam57653,airslash47650,False,"['Torkoal', 'Trapinch', 'Hitmonchan', 'Bellossom', 'Crawdaunt', 'Glalie']","['Wailord', 'Kecleon', 'Plusle', 'Metang', 'Glalie', 'Golbat']",33,11,10
gen3nu-1073523000,[Gen 3] NU,2020-03-04 19:07:22,,icefang72814,garchomp42369,garchomp42369,False,"['Wailord', 'Flareon', 'Raticate', 'Haunter', 'Chimecho', 'Roselia']","['Chimecho', 'Relicanth', 'Glalie', 'Hitmonchan']",18,8,3
gen3nu-431717873,[Gen 3] NU,2016-09-05 19:33:12,,helixfossil44951,gastrodoneast56894,helixfossil44951,True,"['Venomoth', 'Sudowoodo', 'Plusle', 'Murkrow', 'Whiscash']","['Castform', 'Hitmonchan', 'Mawile', 'Chimecho', 'Glalie']",18,4,8
gen3nu-1093281240,[Gen 3] NU,2020-04-08 19:43:16,,granbull43273,quickfeet81067,granbull43273,True,"['Flareon', 'Hitmonchan', 'Mawile', 'Pelipper', 'Sableye', 'Roselia']","['Houndour', 'Omanyte', 'Dragonair', 'Ivysaur', 'Minun', 'Furret']",52,23,11
smogtours-gen3nu-446283,[Gen 3] NU,2019-06-09 19:16:07,,murkrow56783,entei72987,entei72987,False,"['Wailord', 'Pidgeot', 'Chimecho', 'Metang', 'Pupitar', 'Roselia']","['Flareon', 'Raticate', 'Hitmonchan', 'Mawile', 'Bellossom', 'Chimecho']",26,14,14
gen3nu-848333372,[Gen 3] NU,2019-01-13 17:17:57,,spearow33023,spheal7278,spearow33023,False,"['Minun', 'Furret', 'Grovyle', 'Gastly', 'Yanma']","['Ponyta', 'Marshtomp', 'Shedinja', 'Wartortle', 'Minun', 'Yanma']",22,7,10
smogtours-gen3nu-658408,[Gen 3] NU,2022-10-30 20:58:58,,mawile36886,electabuzz51633,electabuzz51633,False,"['Huntail', 'Plusle', 'Haunter', 'Metang', 'Relicanth', 'Glalie']","['Wailord', 'Flareon', 'Hitmonchan', 'Sableye', 'Diglett', 'Roselia']",27,8,9
gen3nu-877918483,[Gen 3] NU,2019-03-18 04:13:59,,armaldo95847,fireblast30665,fireblast30665,False,"['Pidgeot', 'Magcargo', 'Hitmonchan', 'Seaking', 'Chimecho', 'Roselia']","['Huntail', 'Flareon', 'Haunter', 'Pupitar', 'Glalie']",26,12,10
smogtours-gen3nu-760218,[Gen 3] NU,2024-04-11 08:11:46,,vitalspirit41729,gardevoir84608,gardevoir84608,False,"['Torkoal', 'Octillery', 'Raticate', 'Pelipper', 'Sableye', 'Glalie']","['Seadra', 'Huntail', 'Plusle', 'Haunter', 'Metang', 'Glalie']",27,7,6
smogtours-gen3nu-597316,[Gen 3] NU,2021-12-12 18:45:21,,azumarill79029,fullincense89638,azumarill79029,True,"['Chimecho', 'Glalie', 'Raticate', 'Tangela']","['Flareon', 'Pupitar', 'Glalie', 'Hitmonchan']",16,3,3
gen3nu-1147808915,[Gen 3] NU,2020-07-09 03:36:20,,futuresight13270,rhyperior690,rhyperior690,False,"['Wailord', 'Flareon', 'Haunter', 'Cacturne', 'Metang', 'Diglett']","['Torkoal', 'Raticate', 'Hitmonchan', 'Arbok', 'Piloswine', 'Dewgong']",24,11,10
smogtours-gen3nu-606711,[Gen 3] NU,2022-02-05 12:22:35,,denpowersteel79771,bravebird3653,bravebird3653,False,"['Raticate', 'Pelipper', 'Vigoroth', 'Whiscash', 'Metang', 'Glalie']","['Seadra', 'Wailord', 'Torkoal', 'Raticate', 'Haunter', 'Roselia']",28,14,15
smogtours-gen3nu-770100,[Gen 3] NU,2024-05-24 20:17:20,,haunter12630,buneary57593,haunter12630,True,"['Vigoroth', 'Cacturne']","['Pupitar', 'Venomoth', 'Wailord', 'Raticate']",22,1,3
gen3nu-1123234999,[Gen 3] NU,2020-05-29 13:01:38,,xscissor99781,wobbuffet93319,xscissor99781,True,"['Wailord', 'Haunter', 'Pupitar', 'Metang', 'Chimecho', 'Glalie']","['Pidgeot', 'Magcargo', 'Hitmonchan', 'Seaking', 'Chimecho', 'Roselia']",24,8,11
smogtours-gen3nu-713679,[Gen 3] NU,2023-09-02 20:01:25,,extrasensory76435,stench25210,stench25210,True,"['Wailord', 'Tropius', 'Hitmonchan', 'Haunter', 'Metang', 'Chimecho']","['Wailord', 'Cacturne', 'Vigoroth', 'Whiscash', 'Golbat']",38,16,15
smogtours-gen3nu-608307,[Gen 3] NU,2022-02-13 00:43:11,,guts7809,bravebird3653,guts7809,False,"['Wailord', 'Flareon', 'Hitmonchan', 'Metang', 'Roselia', 'Golbat']","['Wailord', 'Haunter', 'Sableye', 'Bellossom', 'Metang', 'Chimecho']",42,16,17
gen3nu-1125627499,[Gen 3] NU,2020-06-02 21:04:11,,przcureberry96987,espeon70636,przcureberry96987,True,"['Pidgeot', 'Roselia', 'Seaking']","['Wailord', 'Hitmonchan', 'Sableye', 'Chimecho', 'Roselia']",18,4,7
gen3nu-2242342180,[Gen 3] NU,2024-11-12 13:20:53,,mysteryberry83821,vitalspirit41729,mysteryberry83821,False,"['Wailord', 'Haunter', 'Bellossom', 'Metang', 'Pupitar', 'Glalie']","['Wailord', 'Huntail', 'Flareon', 'Haunter', 'Metang', 'Glalie']",34,10,12
smogtours-gen3nu-674960,[Gen 3] NU,2023-02-12 21:46:47,,crobat65006,tyranitar56327,tyranitar56327,False,"['Wailord', 'Torkoal', 'Haunter', 'Pelipper', 'Metang', 'Glalie']","['Plusle', 'Pelipper', 'Hitmonchan', 'Pikachu']",17,8,6
smogtours-gen3nu-668524,[Gen 3] NU,2023-01-14 20:14:04,,stench25210,magmortar19991,magmortar19991,False,"['Wailord', 'Huntail', 'Hitmonchan', 'Sableye', 'Metang', 'Glalie']","['Flareon', 'Haunter', 'Wartortle', 'Bellossom', 'Metang', 'Glalie']",23,9,7
gen3nu-940598248,[Gen 3] NU,2019-07-06 16:35:40,,wailmer43107,psychocut93276,psychocut93276,False,"['Cubone', 'Nosepass', 'Elekid', 'Chinchou', 'Gloom', 'Zigzagoon']","['Staryu', 'Rhyhorn', 'Castform', 'Delcatty', 'Nosepass', 'Koffing']",38,9,10
smogtours-gen3nu-818241,[Gen 3] NU,2025-02-06 20:27:11,,azumarill79029,doubleteam62013,azumarill79029,False,"['Tropius', 'Sudowoodo', 'Haunter', 'Murkrow', 'Whiscash', 'Glalie']","['Flareon', 'Haunter', 'Hitmonchan', 'Pelipper', 'Pupitar', 'Glalie']",27,10,12
gen3nu-2063888459,[Gen 3] NU,2024-02-20 21:31:25,,drillpeck45275,burmy28567,drillpeck45275,False,"['Flareon', 'Plusle', 'Omanyte', 'Dragonair', 'Pikachu']","['Wailord', 'Huntail', 'Plusle', 'Omanyte', 'Mawile', 'Pikachu']",26,5,9
gen3nu-925939786,[Gen 3] NU,2019-06-10 22:42:53,,payday74254,tyrogue8241,tyrogue8241,False,"['Bayleef', 'Nosepass', 'Elekid', 'Masquerain', 'Mankey', 'Delibird']","['Sunflora', 'Dustox', 'Onix', 'Castform', 'Meditite', 'Chinchou']",25,13,9
gen3nu-935552621,[Gen 3] NU,2019-06-27 01:09:38,,magnetbomb94358,bayleef26822,bayleef26822,True,"['Flareon', 'Hitmonchan', 'Mawile', 'Pelipper', 'Sableye', 'Roselia']","['Wailord', 'Raticate', 'Murkrow', 'Chimecho', 'Relicanth', 'Glalie']",27,13,8
gen3nu-1050968990,[Gen 3] NU,2020-01-22 20:51:52,,granbull43273,earthquake9328,granbull43273,False,"['Trapinch', 'Houndour', 'Shellder', 'Elekid', 'Anorith']","['Doduo', 'Abra', 'Larvitar', 'Meowth', 'Diglett', 'Koffing']",10,4,5
gen3nu-1122230431,[Gen 3] NU,2020-05-27 19:21:50,,rawstberry28879,watergun59811,rawstberry28879,False,"['Wailord', 'Torkoal', 'Haunter', 'Cacturne', 'Metang', 'Chimecho']","['Pidgeot', 'Huntail', 'Flareon', 'Hitmonchan', 'Bellossom', 'Chimecho']",20,11,8
gen3nu-926552827,[Gen 3] NU,2019-06-12 00:26:12,,munchlax60491,hippowdon46639,munchlax60491,True,"['Mankey', 'Castform', 'Nosepass', 'Gloom']","['Dustox', 'Bayleef', 'Snorunt', 'Delcatty', 'Elekid', 'Taillow']",23,6,12
gen3nu-879960635,[Gen 3] NU,2019-03-22 00:48:46,,leafstone58526,nestball79228,leafstone58526,False,"['Pidgeot', 'Torkoal', 'Haunter', 'Bellossom', 'Whiscash', 'Metang']","['Noctowl', 'Octillery', 'Minun', 'Metang', 'Ariados', 'Grovyle']",38,10,7
smogtours-gen3nu-610014,[Gen 3] NU,2022-02-23 18:40:18,,mindplate42012,flaaffy13191,flaaffy13191,True,"['Doduo', 'Dragonair', 'Drowzee', 'Sealeo', 'Grovyle']","['Ivysaur', 'Combusken', 'Marshtomp', 'Gastly']",20,9,6
gen3nu-894629551,[Gen 3] NU,2019-04-17 19:22:09,,rindoberry7399,powerelectric13718,powerelectric13718,False,"['Staryu', 'Castform', 'Nosepass', 'Gloom', 'Magnemite', 'Delibird']","['Dustox', 'Bayleef', 'Natu', 'Cubone', 'Chinchou', 'Taillow']",28,9,10
gen3nu-956948444,[Gen 3] NU,2019-08-07 23:19:17,,psychic75182,electivire15917,electivire15917,False,"['Torkoal', 'Raticate', 'Hitmonchan', 'Arbok', 'Piloswine', 'Dewgong']","['Wailord', 'Pidgeot', 'Pupitar', 'Metang', 'Chimecho']",26,8,14
gen3nu-924745127,[Gen 3] NU,2019-06-08 23:11:43,,thrash80465,adaptability26680,adaptability26680,True,"['Cubone', 'Castform', 'Nosepass', 'Elekid', 'Gloom', 'Delibird']","['Grimer', 'Pineco', 'Delcatty', 'Masquerain', 'Koffing']",35,13,12
gen3nu-430492057,[Gen 3] NU,2016-09-03 22:03:48,,golbat82152,whismur84202,whismur84202,False,"['Hitmonchan', 'Graveler', 'Murkrow', 'Dewgong', 'Metang', 'Golbat']","['Raticate', 'Haunter', 'Hitmonchan', 'Swalot', 'Glalie']",16,7,4
smogtours-gen3nu-735967,[Gen 3] NU,2023-12-20 21:37:11,,crunch37612,shinystone44310,crunch37612,True,"['Flareon', 'Pupitar', 'Dewgong', 'Sableye', 'Chimecho']","['Flareon', 'Octillery', 'Raticate', 'Pelipper', 'Metang', 'Roselia']",30,9,9
gen3nu-2243165395,[Gen 3] NU,2024-11-13 17:19:43,,poisontail76206,colorchange66435,poisontail76206,False,"['Wailord', 'Huntail', 'Torkoal', 'Haunter', 'Metang', 'Glalie']","['Wailord', 'Huntail', 'Flareon', 'Octillery', 'Haunter', 'Hitmonchan']",11,5,5
gen3nu-945922462,[Gen 3] NU,2019-07-16 22:50:20,,lightscreen63007,smeargle95968,lightscreen63007,False,"['Wailord', 'Pidgeot', 'Flareon', 'Cacturne', 'Piloswine']","['Huntail', 'Flareon', 'Hitmonchan', 'Bellossom', 'Metang', 'Golbat']",24,7,10
smogtours-gen3nu-738357,[Gen 3] NU,2024-01-07 23:27:14,,grepaberry31381,mirrormove8296,grepaberry31381,False,"['Wailord', 'Torkoal', 'Raticate', 'Metang', 'Chimecho', 'Glalie']","['Wailord', 'Pikachu', 'Sableye', 'Minun', 'Metang', 'Glalie']",37,10,12
smogtours-gen3nu-817095,[Gen 3] NU,2025-02-01 00:12:33,,magmortar19991,vitalspirit41729,magmortar19991,False,"['Wailord', 'Haunter', 'Hitmonchan', 'Piloswine', 'Glalie', 'Golbat']","['Octillery', 'Cacturne', 'Arbok', 'Vigoroth', 'Metang', 'Chimecho']",22,9,13
gen3nu-933402152,[Gen 3] NU,2019-06-23 10:25:17,,runaway84626,tailwhip57752,runaway84626,False,"['Kecleon', 'Octillery', 'Haunter', 'Hitmonchan', 'Metang', 'Pupitar']","['Kecleon', 'Hitmonchan', 'Haunter', 'Sableye', 'Chimecho', 'Glalie']",25,6,12
smogtours-gen3nu-504950,[Gen 3] NU,2020-06-02 13:41:01,,bide85657,sniper70774,bide85657,False,"['Wailord', 'Torkoal', 'Haunter', 'Bellossom', 'Metang', 'Glalie']","['Pidgeot', 'Magcargo', 'Hitmonchan', 'Seaking', 'Chimecho', 'Roselia']",34,16,18
smogtours-gen3nu-620742,[Gen 3] NU,2022-04-17 16:21:28,,mawile36886,mantine95605,mantine95605,False,"['Seadra', 'Huntail', 'Flareon', 'Metang', 'Sableye', 'Roselia']","['Torkoal', 'Haunter', 'Dewgong', 'Metang', 'Glalie']",20,7,7
smogtours-gen3nu-560452,[Gen 3] NU,2021-05-09 20:43:51,,twistedspoon63684,golduck61301,golduck61301,False,"['Wailord', 'Mawile', 'Bellossom', 'Sableye', 'Diglett', 'Glalie']","['Raticate', 'Bellossom', 'Metang', 'Grovyle', 'Glalie']",26,8,4
smogtours-gen3nu-663750,[Gen 3] NU,2022-12-04 19:48:43,,bodyslam74090,shadowtag53416,shadowtag53416,False,"['Trapinch', 'Wigglytuff', 'Omanyte', 'Grovyle', 'Gastly', 'Yanma']","['Togetic', 'Omanyte', 'Arbok', 'Mawile', 'Sealeo', 'Abra']",77,10,21
smogtours-gen3nu-846134,[Gen 3] NU,2025-05-26 00:37:21,,magnezone42158,nidorina72636,magnezone42158,False,"['Wailord', 'Flareon', 'Raticate', 'Haunter', 'Hitmonchan', 'Glalie']","['Octillery', 'Haunter', 'Hitmonchan', 'Pupitar', 'Chimecho', 'Glalie']",26,9,10
gen3nu-1074730813,[Gen 3] NU,2020-03-06 21:10:15,,psyduck51739,vileplume14192,psyduck51739,True,"['Dragonair', 'Minun', 'Lairon', 'Sealeo', 'Furret', 'Charmeleon']","['Venomoth', 'Flareon', 'Wigglytuff', 'Seaking', 'Pikachu', 'Furret']",41,14,11
smogtours-gen3nu-842826,[Gen 3] NU,2025-05-16 20:53:54,,machop48408,poisontail76206,poisontail76206,False,"['Pidgeot', 'Flareon', 'Octillery', 'Haunter', 'Chimecho', 'Glalie']","['Wailord', 'Huntail', 'Torkoal', 'Haunter', 'Metang', 'Glalie']",33,17,12
gen3nu-1139051949,[Gen 3] NU,2020-06-24 23:06:34,,defensecurl10777,download60495,download60495,False,"['Voltorb', 'Rhyhorn', 'Cubone', 'Delcatty', 'Gloom', 'Delibird']","['Dragonair', 'Minun', 'Lairon', 'Furret', 'Sealeo', 'Charmeleon']",26,9,7
gen3nu-1074256849,[Gen 3] NU,2020-03-06 00:30:26,,entei72987,honchkrow58473,entei72987,False,"['Wailord', 'Sudowoodo', 'Raticate', 'Haunter', 'Chimecho', 'Roselia']","['Torkoal', 'Raticate', 'Hitmonchan', 'Arbok', 'Piloswine', 'Dewgong']",26,10,10
smogtours-gen3nu-724782,[Gen 3] NU,2023-10-19 19:46:19,,haunter12630,crunch37612,crunch37612,False,"['Huntail', 'Flareon', 'Raticate', 'Haunter', 'Hitmonchan', 'Glalie']","['Wailord', 'Flareon', 'Hitmonchan', 'Bellossom', 'Metang', 'Golbat']",25,10,8
gen3nu-1086770638,[Gen 3] NU,2020-03-28 12:16:00,,bubblebeam57653,toxicroak72246,toxicroak72246,False,"['Wailord', 'Torkoal', 'Hitmonchan', 'Haunter', 'Metang', 'Roselia']","['Wailord', 'Torkoal', 'Haunter', 'Chimecho', 'Roselia']",37,13,9
gen3nu-823655725,[Gen 3] NU,2018-10-21 21:39:30,,hydration62804,meditate17123,meditate17123,True,"['Houndour', 'Haunter', 'Dewgong', 'Roselia', 'Anorith', 'Shuckle']","['Pidgeot', 'Huntail', 'Haunter', 'Minun', 'Tangela', 'Glalie']",35,13,8
gen3nu-1105914548,[Gen 3] NU,2020-04-30 02:39:18,1091,download60495,slowbro96650,download60495,False,"['Pidgeot', 'Huntail', 'Flareon', 'Haunter', 'Hitmonchan']","['Shelgon', 'Murkrow', 'Sableye', 'Relicanth', 'Glalie', 'Yanma']",27,7,10
gen3nu-444848361,[Gen 3] NU,2016-09-25 20:21:43,,illuminate13540,luxray52006,luxray52006,True,"['Flareon', 'Hitmonchan', 'Seviper', 'Mawile', 'Crawdaunt', 'Chimecho']","['Torkoal', 'Dewgong', 'Mawile', 'Haunter']",23,11,8
gen3nu-2169555949,[Gen 3] NU,2024-07-29 15:48:23,,denpowerwater91914,octazooka16794,octazooka16794,False,"['Flareon', 'Diglett', 'Bellossom', 'Metang', 'Chimecho', 'Glalie']","['Wailord', 'Haunter', 'Hitmonchan', 'Cacturne', 'Vigoroth', 'Metang']",43,9,12
gen3nu-1109692644,[Gen 3] NU,2020-05-06 12:02:19,,trick33871,nestball20084,trick33871,False,"['Flareon', 'Chinchou', 'Sableye', 'Diglett', 'Relicanth', 'Roselia']","['Pidgeot', 'Magcargo', 'Hitmonchan', 'Seaking', 'Chimecho', 'Roselia']",67,20,14
smogtours-gen3nu-729761,[Gen 3] NU,2023-11-10 21:19:41,,crunch37612,tangledfeet30693,tangledfeet30693,False,"['Wailord', 'Flareon', 'Hitmonchan', 'Bellossom', 'Metang', 'Golbat']","['Wailord', 'Torkoal', 'Octillery', 'Haunter', 'Metang', 'Glalie']",22,11,13
smogtours-gen3nu-710570,[Gen 3] NU,2023-08-18 20:11:07,,teddiursa88253,butterfree38678,butterfree38678,False,"['Torkoal', 'Hitmonchan', 'Bellossom', 'Dewgong', 'Pikachu', 'Glalie']","['Wailord', 'Sudowoodo', 'Torkoal', 'Bellossom', 'Metang', 'Abra']",25,13,7
gen3nu-1128784103,[Gen 3] NU,2020-06-08 01:17:40,,fighting88830,drapion57021,drapion57021,True,"['Venomoth', 'Plusle', 'Delcatty', 'Mawile', 'Ledian']","['Wailord', 'Hitmonchan', 'Haunter', 'Roselia', 'Golbat']",17,5,5
smogtours-gen3nu-674042,[Gen 3] NU,2023-02-10 00:35:40,,sandattack94842,magmortar19991,magmortar19991,False,"['Flareon', 'Dewgong', 'Vigoroth', 'Metang', 'Chimecho', 'Roselia']","['Seadra', 'Wailord', 'Haunter', 'Piloswine', 'Pelipper']",33,11,9
gen3nu-874173898,[Gen 3] NU,2019-03-10 18:24:56,,magby40847,quickclaw44561,magby40847,False,"['Wailord', 'Plusle', 'Torkoal', 'Relicanth', 'Roselia']","['Venomoth', 'Flareon', 'Octillery', 'Hitmonchan', 'Cacturne', 'Abra']",33,9,12
gen3nu-1058620927,[Gen 3] NU,2020-02-06 03:25:56,,ampharos46412,seaking24495,ampharos46412,True,"['Mawile', 'Roselia', 'Wailord', 'Haunter']","['Huntail', 'Flareon', 'Hitmonchan', 'Sableye', 'Chimecho']",8,3,5
smogtours-gen3nu-812454,[Gen 3] NU,2025-01-03 17:56:10,,mirrormove8296,haunter12630,haunter12630,False,"['Flareon', 'Raticate', 'Haunter', 'Hitmonchan', 'Dewgong', 'Glalie']","['Wailord', 'Glalie', 'Hitmonchan', 'Sableye']",46,15,10
smogtours-gen3nu-743072,[Gen 3] NU,2024-01-28 21:23:41,,cherishball82469,airslash47650,airslash47650,False,"['Wailord', 'Hitmonchan', 'Cacturne', 'Vigoroth', 'Sableye', 'Chimecho']","['Haunter', 'Hitmonchan', 'Minun', 'Metang', 'Chimecho', 'Glalie']",38,14,12
gen3nu-935528284,[Gen 3] NU,2019-06-27 00:27:35,,illuminate3084,payday74254,illuminate3084,True,"['Cubone', 'Snorunt', 'Delcatty', 'Gloom', 'Zigzagoon', 'Ledian']","['Nosepass', 'Delcatty', 'Elekid', 'Chinchou', 'Wailmer']",17,7,4
gen3nu-943138773,[Gen 3] NU,2019-07-11 15:31:40,,rock51085,poisonheal94189,rock51085,False,"['Flareon', 'Dunsparce', 'Hitmonchan', 'Whiscash', 'Sableye', 'Roselia']","['Pidgeot', 'Magcargo', 'Hitmonchan', 'Seaking', 'Chimecho', 'Roselia']",35,13,9
smogtours-gen3nu-694139,[Gen 3] NU,2023-05-27 00:09:37,,magmortar19991,golduck61301,magmortar19991,False,"['Flareon', 'Poliwhirl', 'Haunter', 'Hitmonchan', 'Whiscash', 'Metang']","['Flareon', 'Octillery', 'Dewgong', 'Vigoroth', 'Chimecho', 'Glalie']",29,11,10
gen3nu-923659010,[Gen 3] NU,2019-06-07 03:16:51,,rawstberry64920,wailmer43107,wailmer43107,True,"['Bayleef', 'Pineco', 'Rhyhorn', 'Natu', 'Castform', 'Chinchou']","['Elekid', 'Zigzagoon', 'Snorunt', 'Ledian']",16,9,3
gen3nu-437660038,[Gen 3] NU,2016-09-14 20:46:54,,arceusdragon51803,wooper52243,arceusdragon51803,False,"['Swalot', 'Pidgeot', 'Haunter']","['Arbok', 'Bellossom', 'Ditto', 'Pikachu', 'Chimecho', 'Glalie']",15,3,5
smogtours-gen3nu-720835,[Gen 3] NU,2023-10-01 16:25:32,,chlorophyll28494,hypervoice57448,chlorophyll28494,True,"['Chimecho', 'Roselia', 'Dunsparce', 'Metang']","['Octillery', 'Loudred', 'Delcatty', 'Mawile', 'Minun', 'Ariados']",18,6,7
gen3nu-924965815,[Gen 3] NU,2019-06-09 09:54:13,,camouflage37346,baltoy21554,camouflage37346,False,"['Grimer', 'Snorunt', 'Delcatty', 'Elekid', 'Gloom', 'Illumise']","['Cubone', 'Snorunt', 'Elekid', 'Meditite', 'Masquerain', 'Skiploom']",29,6,8
gen3nu-930803276,[Gen 3] NU,2019-06-18 23:56:54,,drainpunch57450,transform65474,transform65474,True,"['Growlithe', 'Snorunt', 'Nosepass', 'Elekid', 'Gloom']","['Rhyhorn', 'Meditite', 'Snorunt', 'Delcatty']",19,4,4
smogtours-gen3nu-588446,[Gen 3] NU,2021-10-23 20:53:01,,haunter12630,honeygather86735,haunter12630,True,"['Glalie', 'Raticate', 'Flareon']","['Bellossom', 'Wailord', 'Haunter', 'Metang']",17,4,7
gen3nu-1129165623,[Gen 3] NU,2020-06-08 17:41:43,,superfang4285,feebas96914,superfang4285,False,"['Flareon', 'Raticate', 'Haunter', 'Arbok', 'Dewgong', 'Yanma']","['Flareon', 'Dunsparce', 'Metang', 'Pikachu', 'Diglett', 'Glalie']",35,8,11
gen3nu-960728804,[Gen 3] NU,2019-08-15 15:26:44,,smoothrock25184,thrash80465,thrash80465,False,"['Natu', 'Meditite', 'Nidorino', 'Swinub', 'Mankey', 'Magnemite']","['Bayleef', 'Nosepass', 'Castform', 'Seaking', 'Meditite', 'Masquerain']",25,12,14
smogtours-gen3nu-556224,[Gen 3] NU,2021-04-17 20:51:59,,plusle8013,sceptile30575,plusle8013,True,"['Dewgong', 'Flareon']","['Flareon', 'Hitmonchan', 'Mawile', 'Murkrow', 'Diglett', 'Roselia']",15,2,8
smogtours-gen3nu-664704,[Gen 3] NU,2022-12-11 22:30:45,,futuresight13270,koffing93492,futuresight13270,False,"['Togetic', 'Flareon', 'Haunter', 'Cacturne', 'Metang', 'Chimecho']","['Seadra', 'Wailord', 'Kecleon', 'Mawile', 'Sableye', 'Roselia']",77,10,14
gen3nu-834085666,[Gen 3] NU,2018-12-11 17:49:46,,suctioncups53417,swallow12399,swallow12399,True,"['Wailord', 'Flareon', 'Hitmonchan', 'Mawile', 'Sableye', 'Roselia']","['Haunter', 'Arbok', 'Bellossom', 'Vigoroth', 'Relicanth', 'Glalie']",34,15,12
smogtours-gen3nu-694399,[Gen 3] NU,2023-05-27 23:26:12,,shinystone44310,honeygather86735,shinystone44310,False,"['Wailord', 'Hitmonchan', 'Haunter', 'Metang', 'Glalie']","['Flareon', 'Haunter', 'Bellossom', 'Metang', 'Chimecho', 'Glalie']",29,9,13
gen3nu-1125654483,[Gen 3] NU,2020-06-02 21:53:53,,endure97936,heartswap76910,endure97936,False,"['Pidgeot', 'Huntail', 'Raticate', 'Haunter', 'Glalie']","['Wailord', 'Volbeat', 'Hitmonchan', 'Pikachu', 'Chimecho', 'Roselia']",15,6,6
smogtours-gen3nu-486925,[Gen 3] NU,2020-04-02 23:23:53,,horndrill95935,trick33871,trick33871,False,"['Wailord', 'Flareon', 'Hitmonchan', 'Mawile', 'Chimecho', 'Roselia']","['Kecleon', 'Tropius', 'Haunter', 'Hitmonchan', 'Relicanth', 'Glalie']",34,13,12
gen3nu-430526337,[Gen 3] NU,2016-09-03 23:01:16,,whismur84202,camouflage89314,whismur84202,False,"['Haunter', 'Hitmonchan', 'Pupitar', 'Swalot', 'Chimecho', 'Glalie']","['Flareon', 'Octillery', 'Mawile', 'Murkrow', 'Chimecho', 'Roselia']",17,5,7
gen3nu-1134595525,[Gen 3] NU,2020-06-18 05:08:40,1000,happiny30290,moldbreaker71931,moldbreaker71931,False,"['Seadra', 'Growlithe', 'Trapinch', 'Exeggcute', 'Arbok', 'Magnemite']","['Diglett', 'Wailord', 'Raticate', 'Pikachu']",10,5,4
gen3nu-1131027765,[Gen 3] NU,2020-06-11 21:01:03,,seedflare81285,ivysaur48671,ivysaur48671,False,"['Wailord', 'Haunter', 'Hitmonchan', 'Lickitung', 'Metang', 'Roselia']","['Pidgeot', 'Wailord', 'Torkoal', 'Cacturne', 'Arbok', 'Metang']",40,14,12
gen3nu-430477831,[Gen 3] NU,2016-09-03 21:48:23,,leafstone17976,zapcannon98637,leafstone17976,False,"['Dunsparce', 'Haunter', 'Cacturne', 'Dewgong', 'Clamperl', 'Metang']","['Butterfree', 'Shedinja', 'Octillery', 'Hitmonchan', 'Wartortle', 'Lickitung']",36,7,14
gen3nu-1167805852,[Gen 3] NU,2020-08-12 20:09:40,,truant84021,przcureberry35373,przcureberry35373,True,"['Huntail', 'Metang', 'Hitmonchan', 'Sableye', 'Illumise', 'Pikachu']","['Wailord', 'Glalie', 'Haunter', 'Metang']",20,7,3
gen3nu-437033276,[Gen 3] NU,2016-09-13 20:54:40,,helixfossil44951,goldeen11308,goldeen11308,False,"['Huntail', 'Flareon', 'Chimecho', 'Furret', 'Pupitar', 'Glalie']","['Shelgon', 'Graveler', 'Metang', 'Chimecho', 'Corsola', 'Glalie']",11,9,5
smogtours-gen3nu-711651,[Gen 3] NU,2023-08-22 20:49:53,,stench25210,buneary57593,stench25210,False,"['Kecleon', 'Torkoal', 'Plusle', 'Dewgong', 'Chimecho', 'Diglett']","['Wailord', 'Torkoal', 'Cacturne', 'Mawile', 'Pikachu', 'Chimecho']",38,17,16
gen3nu-1087304936,[Gen 3] NU,2020-03-29 10:50:31,,lightclay56855,download96317,lightclay56855,False,"['Ponyta', 'Onix', 'Meowth', 'Clamperl', 'Corphish', 'Charmander']","['Voltorb', 'Doduo', 'Exeggcute', 'Shellder', 'Oddish', 'Diglett']",16,8,7
gen3nu-2104236476,[Gen 3] NU,2024-04-15 22:12:37,,machamp89041,altaria46870,altaria46870,False,"['Huntail', 'Kecleon', 'Metang', 'Pikachu', 'Pupitar', 'Tangela']","['Wailord', 'Haunter', 'Murkrow', 'Crawdaunt', 'Metang', 'Roselia']",22,6,8
gen3nu-1125836073,[Gen 3] NU,2020-06-03 05:06:24,1000,download60495,slp78842,download60495,True,"['Pidgeot', 'Huntail', 'Flareon', 'Raticate', 'Haunter', 'Arbok']","['Pidgeot', 'Hitmonchan', 'Cacturne', 'Arbok', 'Dewgong', 'Metang']",24,11,14
gen3nu-1151538167,[Gen 3] NU,2020-07-15 10:58:36,,trick33871,chingling44092,trick33871,False,"['Doduo', 'Houndour', 'Omanyte', 'Ivysaur', 'Sealeo', 'Duskull']","['Minun', 'Sealeo', 'Furret', 'Grovyle', 'Gastly', 'Yanma']",33,12,12
smogtours-gen3nu-666106,[Gen 3] NU,2022-12-23 22:15:45,,shadowtag53416,glare38523,glare38523,True,"['Noctowl', 'Marshtomp', 'Mightyena', 'Omanyte', 'Ivysaur', 'Yanma']","['Dragonair', 'Mawile', 'Arbok', 'Minun', 'Lickitung', 'Delibird']",41,13,14
gen3nu-1139897057,[Gen 3] NU,2020-06-26 05:26:44,1047,enpowerdragon95163,lunatone14638,lunatone14638,False,"['Marshtomp', 'Flareon', 'Hitmonchan', 'Haunter', 'Metang', 'Yanma']","['Flareon', 'Huntail', 'Hitmonchan', 'Metang']",17,6,4
smogtours-gen3nu-842866,[Gen 3] NU,2025-05-16 22:09:44,,extrasensory76435,pickup28423,extrasensory76435,True,"['Huntail', 'Venomoth', 'Wailord', 'Metang']","['Wailord', 'Flareon', 'Hitmonchan', 'Glalie', 'Golbat']",19,4,7
gen3nu-1099171530,[Gen 3] NU,2020-04-18 23:37:46,1039,nidorina3773,download60495,download60495,False,"['Pidgeot', 'Flareon', 'Hitmonchan', 'Whiscash', 'Sableye', 'Glalie']","['Pidgeot', 'Huntail', 'Flareon', 'Raticate', 'Haunter']",23,8,9
gen3nu-851041281,[Gen 3] NU,2019-01-19 16:39:21,,sandveil87527,honeygather89597,honeygather89597,False,"['Trapinch', 'Wigglytuff', 'Omanyte', 'Grovyle', 'Gastly', 'Yanma']","['Houndour', 'Omanyte', 'Ivysaur', 'Minun', 'Aipom', 'Masquerain']",39,11,10
gen3nu-1099799984,[Gen 3] NU,2020-04-20 01:42:46,,hardstone54109,poisonpowder16094,hardstone54109,True,"['Plusle', 'Glalie', 'Raticate', 'Flareon']","['Pidgeot', 'Wailord', 'Venomoth', 'Flareon', 'Cacturne', 'Arbok']",14,5,6
smogtours-gen3nu-700517,[Gen 3] NU,2023-07-01 22:55:56,,twistedspoon63684,drillpeck45275,twistedspoon63684,False,"['Wailord', 'Flareon', 'Mawile', 'Pikachu', 'Chimecho', 'Glalie']","['Wailord', 'Hitmonchan', 'Vigoroth', 'Sableye', 'Chimecho', 'Glalie']",26,12,9
gen3nu-1127065698,[Gen 3] NU,2020-06-05 03:40:00,,psyduck38308,payday74254,payday74254,True,"['Seadra', 'Shelgon', 'Metang', 'Wartortle', 'Sealeo', 'Abra']","['Doduo', 'Lileep', 'Flaaffy', 'Haunter', 'Metang', 'Abra']",101,45,28
smogtours-gen3nu-839645,[Gen 3] NU,2025-05-04 19:38:34,,futuresight13270,yanma7568,futuresight13270,False,"['Hitmonchan', 'Bellossom', 'Dewgong', 'Chimecho', 'Glalie', 'Golbat']","['Seadra', 'Huntail', 'Haunter', 'Hitmonchan', 'Arbok', 'Glalie']",34,17,14
gen3nu-986082412,[Gen 3] NU,2019-10-03 00:53:45,,growlithe12875,lucario46553,lucario46553,False,"['Kecleon', 'Octillery', 'Hitmonchan', 'Haunter', 'Metang', 'Pupitar']","['Kingler', 'Torkoal', 'Cacturne', 'Mawile', 'Vigoroth', 'Golbat']",30,15,13
smogtours-gen3nu-451248,[Gen 3] NU,2019-07-10 23:38:17,,registeel32051,stoneplate37213,registeel32051,False,"['Wailord', 'Hitmonchan', 'Mawile', 'Chimecho', 'Roselia', 'Yanma']","['Magby', 'Huntail', 'Haunter', 'Cacturne', 'Murkrow', 'Metang']",40,15,19
smogtours-gen3nu-667451,[Gen 3] NU,2023-01-06 19:24:27,,haunter12630,futuresight13270,haunter12630,False,"['Huntail', 'Flareon', 'Haunter', 'Cacturne', 'Wartortle', 'Metang']","['Torkoal', 'Haunter', 'Bellossom', 'Pelipper', 'Whiscash', 'Glalie']",49,13,14
smogtours-gen3nu-722302,[Gen 3] NU,2023-10-07 20:15:31,,chlorophyll28494,innerfocus97582,chlorophyll28494,False,"['Wailord', 'Dunsparce', 'Metang', 'Sableye', 'Chimecho', 'Roselia']","['Wailord', 'Haunter', 'Vigoroth', 'Sableye', 'Chimecho', 'Glalie']",43,13,13
smogtours-gen3nu-492369,[Gen 3] NU,2020-04-18 19:33:22,,fissure96222,recycle92780,fissure96222,False,"['Wailord', 'Torkoal', 'Haunter', 'Bellossom', 'Grovyle', 'Glalie']","['Haunter', 'Bellossom', 'Chimecho', 'Metang', 'Diglett', 'Glalie']",21,5,7
smogtours-gen3nu-678522,[Gen 3] NU,2023-03-05 20:21:38,,lick25189,golduck61301,golduck61301,False,"['Spoink', 'Lileep', 'Castform', 'Elekid', 'Aipom', 'Koffing']","['Spoink', 'Lileep', 'Castform', 'Seaking', 'Elekid', 'Koffing']",45,17,17
gen3nu-1127667026,[Gen 3] NU,2020-06-06 02:30:17,,oddincense97806,adaptability26680,adaptability26680,False,"['Seadra', 'Omanyte', 'Poliwhirl', 'Lairon', 'Metang', 'Duskull']","['Bayleef', 'Trapinch', 'Elekid', 'Drowzee', 'Metang', 'Sealeo']",26,7,9
smogtours-gen3nu-489241,[Gen 3] NU,2020-04-09 20:12:09,,fissure96222,toxicroak72246,toxicroak72246,False,"['Flareon', 'Haunter', 'Vigoroth', 'Metang', 'Chimecho', 'Roselia']","['Wailord', 'Tropius', 'Murkrow', 'Metang', 'Chimecho', 'Roselia']",49,17,15
smogtours-gen3nu-710742,[Gen 3] NU,2023-08-19 15:14:01,,tangledfeet30693,futuresight13270,futuresight13270,False,"['Seadra', 'Huntail', 'Flareon', 'Haunter', 'Metang', 'Glalie']","['Wailord', 'Kecleon', 'Raticate', 'Haunter', 'Glalie']",25,10,8
smogtours-gen3nu-668260,[Gen 3] NU,2023-01-13 15:11:43,,powerelectric10332,haunter12630,haunter12630,False,"['Wailord', 'Pidgeot', 'Sudowoodo', 'Murkrow', 'Chimecho', 'Glalie']","['Magby', 'Venomoth', 'Flareon', 'Cacturne', 'Pikachu', 'Metang']",25,9,11
gen3nu-842619699,[Gen 3] NU,2018-12-31 04:44:41,,stringshot19902,feintattack69537,stringshot19902,False,"['Staryu', 'Pineco', 'Ledyba', 'Diglett', 'Abra']","['Ponyta', 'Doduo', 'Meowth', 'Diglett', 'Wailmer', 'Gastly']",12,5,6
gen3nu-1128209401,[Gen 3] NU,2020-06-07 01:07:04,,psyduck38308,beldum44742,psyduck38308,True,"['Shelgon', 'Ivysaur', 'Duskull', 'Metang']","['Machoke', 'Trapinch', 'Wartortle', 'Metang', 'Abra']",10,4,4
smogtours-gen3nu-437584,[Gen 3] NU,2019-04-24 20:12:08,,suctioncups53417,entei72987,entei72987,False,"['Torkoal', 'Haunter', 'Dewgong', 'Metang', 'Roselia', 'Abra']","['Venomoth', 'Huntail', 'Sudowoodo', 'Raticate', 'Hitmonchan', 'Cacturne']",30,14,13
gen3nu-1081278101,[Gen 3] NU,2020-03-18 18:41:10,,exploud92539,punishment57476,exploud92539,False,"['Pineco', 'Combusken', 'Metang', 'Haunter', 'Drowzee', 'Sealeo']","['Seadra', 'Machoke', 'Houndour', 'Haunter', 'Drowzee', 'Grovyle']",36,15,12
gen3nu-1095218824,[Gen 3] NU,2020-04-12 05:00:27,1051,download60495,swablu25932,download60495,True,"['Pidgeot', 'Flareon']","['Shedinja', 'Hitmonchan', 'Haunter', 'Cacturne']",5,1,3
smogtours-gen3nu-805385,[Gen 3] NU,2024-11-09 13:20:10,,motordrive87413,shroomish8081,shroomish8081,False,"['Wailord', 'Torkoal', 'Octillery', 'Haunter', 'Metang', 'Glalie']","['Wailord', 'Murkrow', 'Metang', 'Chimecho', 'Roselia']",19,9,4
gen3nu-1090066977,[Gen 3] NU,2020-04-03 02:53:13,,status8208,pachirisu343,status8208,True,"['Flareon', 'Raticate', 'Hitmonchan', 'Mawile', 'Murkrow', 'Swalot']","['Kecleon', 'Octillery', 'Haunter', 'Hitmonchan', 'Metang', 'Pupitar']",30,12,16
gen3nu-1128682054,[Gen 3] NU,2020-06-07 21:40:42,,adaptability26680,mantine26246,adaptability26680,False,"['Graveler', 'Wartortle', 'Sealeo', 'Duskull', 'Golbat', 'Abra']","['Doduo', 'Lileep', 'Graveler', 'Metang', 'Gastly', 'Abra']",39,13,17
smogtours-gen3nu-822843,[Gen 3] NU,2025-03-02 15:23:25,,aeroblast60363,motordrive87413,motordrive87413,False,"['Seadra', 'Huntail', 'Plusle', 'Haunter', 'Metang', 'Glalie']","['Kingler', 'Raticate', 'Bellossom', 'Chimecho', 'Pupitar', 'Glalie']",35,10,8
gen3nu-1132148455,[Gen 3] NU,2020-06-13 20:31:31,,mareep91568,blacksludge66101,blacksludge66101,False,"['Seadra', 'Flareon', 'Hitmonchan', 'Murkrow', 'Dewgong', 'Vigoroth']","['Flareon', 'Haunter', 'Pelipper', 'Metang', 'Pupitar', 'Roselia']",38,17,17
gen3nu-916203281,[Gen 3] NU,2019-05-25 18:44:57,,payday74254,psybeam14379,payday74254,False,"['Nosepass', 'Delcatty', 'Elekid', 'Gloom', 'Chinchou', 'Wailmer']","['Growlithe', 'Snorunt', 'Nosepass', 'Seaking', 'Elekid', 'Gloom']",52,16,18
gen3nu-1071864646,[Gen 3] NU,2020-03-01 20:45:48,,heatrock37333,hippowdon58140,heatrock37333,False,"['Huntail', 'Haunter', 'Crawdaunt', 'Metang', 'Roselia']","['Kecleon', 'Octillery', 'Haunter', 'Hitmonchan', 'Metang', 'Pupitar']",29,9,12
gen3nu-858698334,[Gen 3] NU,2019-02-05 20:40:52,,levitate42349,sniper70774,sniper70774,True,"['Trapinch', 'Minun', 'Sealeo', 'Furret', 'Duskull', 'Anorith']","['Trapinch', 'Wigglytuff', 'Omanyte', 'Grovyle', 'Yanma']",22,8,7
gen3nu-1094397521,[Gen 3] NU,2020-04-10 18:38:30,,download60495,rockclimb3180,download60495,True,"['Pidgeot', 'Huntail', 'Flareon', 'Raticate', 'Hitmonchan', 'Metang']","['Abra', 'Flareon', 'Dunsparce', 'Octillery', 'Haunter', 'Shuckle']",24,7,10
gen3nu-1035695608,[Gen 3] NU,2019-12-25 22:36:47,,futuresight13270,porygon213653,futuresight13270,True,"['Chimecho', 'Relicanth', 'Dewgong', 'Haunter']","['Flareon', 'Hitmonchan', 'Mawile', 'Pelipper', 'Sableye', 'Roselia']",19,4,9
gen3nu-438649944,[Gen 3] NU,2016-09-16 14:49:28,1326,custapberry71278,helixfossil44951,helixfossil44951,False,"['Flareon', 'Plusle', 'Murkrow', 'Relicanth', 'Chimecho', 'Roselia']","['Flareon', 'Hitmonchan', 'Mawile', 'Dewgong', 'Vigoroth', 'Chimecho']",51,18,20
smogtours-gen3nu-635165,[Gen 3] NU,2022-06-27 01:16:09,,empoleon29019,bugbite56456,bugbite56456,True,"['Combusken', 'Raticate', 'Haunter', 'Hitmonchan', 'Crawdaunt', 'Yanma']","['Venomoth', 'Pelipper', 'Hitmonchan', 'Lairon']",15,6,3
smogtours-gen3nu-678166,[Gen 3] NU,2023-03-04 18:20:16,,pickup28423,tyranitar56327,tyranitar56327,True,"['Wailord', 'Plusle', 'Metang', 'Pikachu', 'Glalie']","['Wailord', 'Raticate']",10,4,1
smogtours-gen3nu-518596,[Gen 3] NU,2020-09-25 22:03:10,,wormadamtrash59670,cranidos39753,cranidos39753,False,"['Staryu', 'Tropius', 'Shedinja', 'Meditite', 'Minun', 'Furret']","['Omanyte', 'Minun', 'Lombre', 'Charmeleon', 'Koffing']",26,11,9
gen3nu-1092527805,[Gen 3] NU,2020-04-07 13:58:45,1120,mareep27349,poweranklet10171,poweranklet10171,True,"['Torkoal', 'Wartortle', 'Lickitung', 'Sableye', 'Chimecho', 'Roselia']","['Hitmonchan', 'Minun', 'Lickitung', 'Sableye', 'Chimecho', 'Glalie']",31,11,6
smogtours-gen3nu-645876,[Gen 3] NU,2022-08-31 20:55:34,,hypervoice57448,hitmonchan30284,hitmonchan30284,False,"['Wailord', 'Flareon', 'Haunter', 'Metang', 'Chimecho', 'Glalie']","['Wailord', 'Huntail', 'Torkoal', 'Haunter', 'Glalie']",16,5,4
smogtours-gen3nu-621804,[Gen 3] NU,2022-04-23 18:31:28,,pickup28423,lockon78937,lockon78937,False,"['Wailord', 'Plusle', 'Haunter', 'Pikachu', 'Metang', 'Glalie']","['Glalie', 'Wailord', 'Octillery', 'Flareon']",20,10,3
smogtours-gen3nu-452360,[Gen 3] NU,2019-07-24 14:51:36,,custapberry71278,venusaur91007,custapberry71278,False,"['Wailord', 'Flareon', 'Seviper', 'Murkrow', 'Sableye', 'Pupitar']","['Wailord', 'Haunter', 'Hitmonchan', 'Murkrow', 'Metang', 'Diglett']",25,7,10
gen3nu-441108071,[Gen 3] NU,2016-09-20 04:27:47,,crunch70013,arceusdragon51803,arceusdragon51803,True,"['Mightyena', 'Combusken', 'Grovyle', 'Charmeleon']","['Pelipper', 'Glalie']",5,3,1
gen3nu-848447360,[Gen 3] NU,2019-01-13 21:51:14,,powertrick12892,rage81487,powertrick12892,False,"['Wailord', 'Dragonair', 'Haunter', 'Hitmonchan', 'Glalie']","['Pidgeot', 'Magcargo', 'Hitmonchan', 'Seaking', 'Chimecho', 'Roselia']",26,8,8
smogtours-gen3nu-477814,[Gen 3] NU,2020-02-28 07:56:04,,thunderstone74942,pikachu5449,thunderstone74942,False,"['Sudowoodo', 'Shelgon', 'Haunter', 'Dewgong', 'Chimecho', 'Tangela']","['Kecleon', 'Sudowoodo', 'Hitmonchan', 'Cacturne', 'Arbok', 'Vigoroth']",37,11,15
smogtours-gen3nu-696290,[Gen 3] NU,2023-06-09 23:16:14,,drillpeck45275,splash22725,splash22725,False,"['Seadra', 'Huntail', 'Flareon', 'Bellossom', 'Metang', 'Glalie']","['Seadra', 'Huntail', 'Plusle', 'Haunter', 'Metang', 'Glalie']",30,12,13
smogtours-gen3nu-808627,[Gen 3] NU,2024-12-01 18:39:55,,doubleteam62013,clefairy19286,doubleteam62013,False,"['Huntail', 'Flareon', 'Hitmonchan', 'Haunter', 'Metang', 'Glalie']","['Haunter', 'Hitmonchan', 'Pupitar', 'Metang', 'Chimecho', 'Glalie']",18,8,5
smogtours-gen3nu-587965,[Gen 3] NU,2021-10-21 21:33:58,,haunter12630,futuresight13270,haunter12630,False,"['Flareon', 'Cacturne', 'Wartortle', 'Metang', 'Golbat']","['Wailord', 'Hitmonchan', 'Cacturne', 'Vigoroth', 'Sableye', 'Chimecho']",27,8,14
gen3nu-1177095317,[Gen 3] NU,2020-08-28 18:39:12,,cheriberry49497,limber45190,limber45190,False,"['Dragonair', 'Minun', 'Lairon', 'Charmeleon', 'Furret', 'Sealeo']","['Mightyena', 'Wigglytuff', 'Minun', 'Sealeo', 'Grovyle', 'Duskull']",27,9,9
gen3nu-1097342467,[Gen 3] NU,2020-04-15 21:22:10,,download60495,swablu25932,download60495,False,"['Mightyena', 'Raticate', 'Haunter', 'Arbok', 'Golbat']","['Kingler', 'Hitmonchan', 'Cacturne', 'Arbok', 'Sableye', 'Chimecho']",20,8,9
gen3nu-435219743,[Gen 3] NU,2016-09-11 02:15:51,,salamence18084,enpowerdragon90932,enpowerdragon90932,False,"['Sudowoodo', 'Haunter', 'Cacturne', 'Dewgong', 'Charmeleon', 'Tangela']","['Torkoal', 'Minun', 'Dewgong', 'Vigoroth', 'Whiscash', 'Sableye']",22,7,7
gen3nu-1099698291,[Gen 3] NU,2020-04-19 22:08:32,,yacheberry84049,doubleedge47965,yacheberry84049,True,"['Flareon', 'Hitmonchan', 'Mawile', 'Pelipper', 'Sableye', 'Roselia']","['Flareon', 'Bellossom', 'Sableye', 'Chimecho', 'Relicanth']",24,7,8
smogtours-gen3nu-714760,[Gen 3] NU,2023-09-08 20:12:23,,sniper70774,stench25210,stench25210,False,"['Haunter', 'Pelipper', 'Vigoroth', 'Metang', 'Chimecho', 'Glalie']","['Wailord', 'Glalie', 'Hitmonchan', 'Metang']",17,6,4
gen3nu-1138970904,[Gen 3] NU,2020-06-24 20:40:48,,happiny30290,lunatone14638,lunatone14638,False,"[""Farfetch'D"", 'Dustox', 'Bayleef', 'Haunter', 'Koffing', 'Zigzagoon']","['Flareon', 'Hitmonchan', 'Metang']",17,7,3
smogtours-gen3nu-559431,[Gen 3] NU,2021-05-04 15:45:44,,bubblebeam57653,magiccoat26796,bubblebeam57653,False,"['Murkrow', 'Dewgong', 'Whiscash', 'Metang', 'Grovyle']","['Wailord', 'Sudowoodo', 'Torkoal', 'Diglett', 'Haunter', 'Chimecho']",16,5,8
gen3nu-448688231,[Gen 3] NU,2016-10-01 15:13:18,,illuminate13540,luxray52006,illuminate13540,False,"['Kecleon', 'Arbok', 'Crawdaunt', 'Chimecho', 'Glalie']","['Huntail', 'Sudowoodo', 'Bellossom', 'Murkrow', 'Swalot', 'Glalie']",30,6,9
gen3nu-1094894011,[Gen 3] NU,2020-04-11 16:55:28,,raikou73006,primeape81140,raikou73006,False,"['Doduo', 'Trapinch', 'Lombre', 'Aipom', 'Beedrill', 'Anorith']","['Staryu', 'Shuppet', 'Shellder', 'Gloom', 'Mankey', 'Magnemite']",15,7,6
smogtours-gen3nu-696502,[Gen 3] NU,2023-06-10 20:20:24,,honeygather86735,minun6717,honeygather86735,True,"['Huntail', 'Haunter', 'Vigoroth', 'Metang', 'Chimecho', 'Glalie']","['Wailord', 'Hitmonchan', 'Cacturne', 'Sableye', 'Chimecho', 'Golbat']",39,14,17
smogtours-gen3nu-562554,[Gen 3] NU,2021-05-28 20:48:53,,swift79929,splash22725,swift79929,False,"['Wailord', 'Torkoal', 'Haunter', 'Metang', 'Chimecho', 'Glalie']","['Flareon', 'Haunter', 'Bellossom', 'Dewgong', 'Metang', 'Diglett']",19,6,8
gen3nu-1124816899,[Gen 3] NU,2020-06-01 13:10:54,,heatproof38059,manectric79481,heatproof38059,True,"['Pidgeot', 'Magcargo', 'Hitmonchan', 'Seaking', 'Chimecho', 'Roselia']","['Kecleon', 'Octillery', 'Haunter', 'Hitmonchan', 'Metang', 'Pupitar']",43,17,18
smogtours-gen3nu-700363,[Gen 3] NU,2023-07-01 18:01:46,,honeygather86735,magmortar19991,honeygather86735,False,"['Wailord', 'Haunter', 'Bellossom', 'Metang', 'Chimecho', 'Glalie']","['Flareon', 'Cacturne', 'Pelipper', 'Dewgong', 'Metang', 'Chimecho']",79,22,15
smogtours-gen3nu-820628,[Gen 3] NU,2025-02-16 23:06:17,,hoppip910,psn60461,psn60461,True,"['Wailord', 'Flareon', 'Hitmonchan', 'Arbok', 'Bellossom', 'Metang']","['Pineco', 'Torkoal', 'Haunter', 'Hitmonchan', 'Dewgong', 'Chimecho']",39,17,16
gen3nu-2210477433,[Gen 3] NU,2024-09-26 23:02:33,,normalize71205,futuresight13270,futuresight13270,False,"['Flareon', 'Octillery', 'Raticate', 'Pelipper', 'Metang', 'Roselia']","['Chimecho', 'Relicanth', 'Dewgong', 'Diglett']",18,7,5
gen3nu-929194290,[Gen 3] NU,2019-06-16 11:41:02,,rindoberry379,lightclay24303,rindoberry379,False,"['Growlithe', 'Cubone', 'Pineco', 'Taillow']","['Voltorb', 'Rhyhorn', 'Cubone', 'Delcatty', 'Gloom', 'Delibird']",18,4,7
smogtours-gen3nu-676927,[Gen 3] NU,2023-02-24 00:35:56,,sandattack94842,teddiursa88253,teddiursa88253,True,"['Flareon', 'Hitmonchan', 'Whiscash', 'Sableye', 'Roselia']","['Venomoth', 'Octillery', 'Delcatty', 'Mawile', 'Ledian']",17,4,5
smogtours-gen3nu-809589,[Gen 3] NU,2024-12-08 18:57:58,,doubleteam62013,shinystone44310,shinystone44310,False,"['Flareon', 'Haunter', 'Hitmonchan', 'Arbok', 'Metang', 'Glalie']","['Haunter', 'Hitmonchan', 'Dewgong', 'Metang', 'Chimecho', 'Glalie']",22,8,9
gen3nu-1167122633,[Gen 3] NU,2020-08-11 17:07:02,,magicalleaf28411,berserkgene76931,berserkgene76931,False,"['Trapinch', 'Mightyena', 'Omanyte', 'Drowzee', 'Sealeo', 'Furret']","['Mightyena', 'Minun', 'Lairon', 'Tentacool', 'Furret', 'Duskull']",34,10,10
gen3nu-934086938,[Gen 3] NU,2019-06-24 15:20:09,,hyperbeam24300,adaptability26680,adaptability26680,False,"['Growlithe', 'Seaking', 'Elekid', 'Gloom', 'Chinchou', 'Taillow']","['Growlithe', 'Pineco', 'Nosepass', 'Delcatty', 'Gloom', 'Taillow']",35,15,14
gen3nu-960391948,[Gen 3] NU,2019-08-14 21:10:26,,lumineon23414,larvitar96901,lumineon23414,False,"['Kecleon', 'Octillery', 'Haunter', 'Hitmonchan', 'Metang', 'Pupitar']","['Kecleon', 'Octillery', 'Haunter', 'Hitmonchan', 'Metang', 'Pupitar']",26,9,13
gen3nu-1098684466,[Gen 3] NU,2020-04-18 02:41:07,1069,miltank73528,hardstone54109,hardstone54109,False,"['Huntail', 'Plusle', 'Haunter', 'Metang', 'Relicanth', 'Glalie']","['Flareon', 'Raticate', 'Hitmonchan', 'Dewgong', 'Chimecho', 'Glalie']",20,9,7
smogtours-gen3nu-771273,[Gen 3] NU,2024-05-30 22:43:00,,roseincense97599,buneary57593,roseincense97599,True,"['Flareon', 'Haunter', 'Hitmonchan', 'Pelipper', 'Pupitar', 'Glalie']","['Wailord', 'Flareon', 'Hitmonchan', 'Chimecho', 'Relicanth', 'Glalie']",20,9,11
gen3nu-935437554,[Gen 3] NU,2019-06-26 21:02:31,,simple53659,magnitude74179,magnitude74179,False,"['Growlithe', 'Pineco', 'Cubone', 'Elekid', 'Gloom', 'Taillow']","['Voltorb', 'Growlithe', 'Pineco', 'Nosepass', 'Taillow']",19,9,7
gen3nu-1079561617,[Gen 3] NU,2020-03-15 19:53:01,,stickybarb45781,swampert19346,stickybarb45781,False,"['Flareon', 'Mawile', 'Dewgong', 'Chimecho', 'Roselia', 'Golbat']","['Wailord', 'Flareon', 'Haunter', 'Chimecho', 'Relicanth', 'Roselia']",53,12,15
smogtours-gen3nu-407511,[Gen 3] NU,2018-10-28 22:57:24,,tangela91840,bide32585,tangela91840,False,"['Sudowoodo', 'Raticate', 'Haunter', 'Hitmonchan', 'Bellossom', 'Chimecho']","['Venomoth', 'Torkoal', 'Hitmonchan', 'Bellossom', 'Pelipper', 'Lairon']",38,14,13
smogtours-gen3nu-732131,[Gen 3] NU,2023-11-23 21:27:25,,poisontail76206,stench25210,stench25210,False,"['Haunter', 'Pelipper', 'Vigoroth', 'Metang', 'Chimecho', 'Glalie']","['Wailord', 'Kecleon', 'Torkoal', 'Hitmonchan', 'Murkrow', 'Whiscash']",23,10,11
gen3nu-1083108293,[Gen 3] NU,2020-03-21 23:23:24,,dragonfang79331,psyduck38308,psyduck38308,False,"['Seadra', 'Magby', 'Cubone', 'Flaaffy', 'Metang', 'Grovyle']","['Metang', 'Dragonair', 'Wartortle', 'Drowzee', 'Sealeo', 'Diglett']",60,14,9
gen3nu-430350339,[Gen 3] NU,2016-09-03 18:34:25,,espeon16775,poliwrath12823,poliwrath12823,False,"['Wailord', 'Magcargo', 'Vigoroth', 'Pupitar', 'Glalie', 'Abra']","['Bellossom', 'Pelipper', 'Poliwhirl']",10,6,2
smogtours-gen3nu-551410,[Gen 3] NU,2021-03-28 16:26:06,,submission15455,cobaberry41000,cobaberry41000,False,"['Pidgeot', 'Raticate', 'Haunter', 'Murkrow', 'Diglett', 'Roselia']","['Flareon', 'Dewgong', 'Haunter', 'Metang']",14,7,5
gen3nu-1128588420,[Gen 3] NU,2020-06-07 18:37:47,,adaptability26680,mindplate42012,mindplate42012,False,"['Seadra', 'Machoke', 'Trapinch', 'Ivysaur', 'Metang', 'Abra']","['Seadra', 'Drowzee', 'Golbat', 'Metang']",22,11,7
smogtours-gen3nu-657567,[Gen 3] NU,2022-10-28 15:03:02,,haunter12630,whirlpool40763,haunter12630,False,"['Flareon', 'Raticate', 'Haunter', 'Hitmonchan', 'Glalie']","['Wailord', 'Haunter', 'Seviper', 'Bellossom', 'Metang', 'Glalie']",20,4,8
smogtours-gen3nu-695399,[Gen 3] NU,2023-06-03 19:44:00,,minun6717,magmortar19991,minun6717,False,"['Wailord', 'Hitmonchan', 'Lickitung', 'Sableye', 'Chimecho', 'Roselia']","['Flareon', 'Haunter', 'Hitmonchan', 'Dewgong', 'Whiscash', 'Glalie']",75,24,14
gen3nu-1128574339,[Gen 3] NU,2020-06-07 18:10:15,,latios39178,cubone24985,latios39178,False,"['Wailord', 'Haunter', 'Hitmonchan', 'Metang', 'Diglett', 'Roselia']","['Wailord', 'Sudowoodo', 'Mightyena', 'Shelgon', 'Haunter', 'Glalie']",34,13,9
gen3nu-1126798403,[Gen 3] NU,2020-06-04 18:42:01,,download60495,haze81458,download60495,False,"['Pidgeot', 'Flareon', 'Raticate', 'Haunter', 'Arbok', 'Yanma']","['Hitmonchan', 'Dewgong', 'Clamperl', 'Pikachu', 'Chimecho', 'Roselia']",17,6,6
smogtours-gen3nu-663616,[Gen 3] NU,2022-12-03 20:18:42,,koffing93492,denpowersteel79771,koffing93492,True,"['Raticate', 'Chimecho', 'Glalie', 'Tangela', 'Golbat']","['Wailord', 'Flareon', 'Diglett', 'Bellossom', 'Metang', 'Chimecho']",30,10,15
gen3nu-848005939,[Gen 3] NU,2019-01-12 21:28:12,,gengarmega66742,present29341,gengarmega66742,True,"['Grovyle', 'Snorunt', 'Gastly', 'Charmeleon']","['Houndour', 'Dragonair', 'Ivysaur', 'Minun', 'Furret']",19,5,6
smogtours-gen3nu-693634,[Gen 3] NU,2023-05-21 21:40:33,,irontail31791,rotomfan35023,rotomfan35023,False,"['Flareon', 'Haunter', 'Bellossom', 'Metang', 'Chimecho', 'Glalie']","['Kingler', 'Wailord', 'Flareon', 'Haunter', 'Metang', 'Glalie']",25,11,8
gen3nu-888944339,[Gen 3] NU,2019-04-07 20:44:47,,metalclaw48275,avalanche8188,avalanche8188,False,"['Huntail', 'Hitmonchan', 'Sableye', 'Chimecho', 'Roselia', 'Glalie']","['Minun', 'Furret', 'Grovyle', 'Gastly', 'Yanma']",20,5,4
gen3nu-2136472297,[Gen 3] NU,2024-06-04 03:03:41,,wacanberry71003,spelltag42672,spelltag42672,False,"['Kecleon', 'Hitmonchan', 'Bellossom', 'Chimecho', 'Relicanth', 'Glalie']","['Venomoth', 'Pikachu', 'Flareon', 'Metang']",25,9,3
smogtours-gen3nu-597383,[Gen 3] NU,2021-12-12 20:16:57,,habanberry33794,lockon78937,lockon78937,False,"['Wailord', 'Haunter', 'Metang', 'Grovyle', 'Glalie', 'Golbat']","['Wailord', 'Huntail', 'Sudowoodo', 'Flareon', 'Chimecho']",18,10,6
gen3nu-429850729,[Gen 3] NU,2016-09-03 00:26:12,,lotad84637,overgrow33019,lotad84637,True,"['Tropius', 'Raticate', 'Pupitar', 'Chimecho', 'Swalot', 'Glalie']","['Flareon', 'Hitmonchan', 'Vigoroth', 'Chimecho', 'Roselia']",39,11,10
smogtours-gen3nu-487043,[Gen 3] NU,2020-04-03 17:34:20,,dewgong87961,arenatrap65458,dewgong87961,False,"['Wailord', 'Huntail', 'Cacturne', 'Minun', 'Sableye', 'Chimecho']","['Flareon', 'Dewgong', 'Whiscash', 'Metang', 'Chimecho', 'Roselia']",37,8,10
gen3nu-1138551818,[Gen 3] NU,2020-06-24 05:28:38,,happiny30290,lunatone14638,lunatone14638,False,"['Wailord', 'Spearow', 'Shuppet', 'Chinchou', 'Shroomish', 'Anorith']","['Raticate', 'Haunter', 'Hitmonchan', 'Metang', 'Chimecho']",15,9,5
gen3nu-2126516516,[Gen 3] NU,2024-05-20 03:55:51,,shedskin11515,extrasensory76435,extrasensory76435,False,"['Voltorb', 'Huntail', 'Volbeat', 'Chinchou', 'Duskull', 'Shuckle']","['Wailord', 'Wigglytuff', 'Hitmonchan', 'Sableye', 'Chimecho', 'Roselia']",156,22,32
gen3nu-954502159,[Gen 3] NU,2019-08-02 20:11:59,,medicham64289,luvdisc61803,luvdisc61803,False,"['Cacnea', 'Grimer', 'Rhyhorn', 'Elekid', 'Chinchou', 'Masquerain']","['Nosepass', 'Seaking', 'Meditite', 'Masquerain', 'Gloom']",43,24,22
gen3nu-874295729,[Gen 3] NU,2019-03-10 22:46:21,,fireblast30665,hydration62804,fireblast30665,False,"['Huntail', 'Flareon', 'Haunter', 'Bellossom', 'Pupitar', 'Glalie']","['Flareon', 'Hitmonchan', 'Crawdaunt', 'Lairon', 'Chimecho', 'Roselia']",28,8,9
gen3nu-1096980352,[Gen 3] NU,2020-04-15 06:59:56,1000,download60495,frenzyplant24194,download60495,True,"['Pidgeot', 'Huntail', 'Flareon', 'Hitmonchan', 'Metang']","['Dunsparce', 'Castform', 'Arbok', 'Pikachu', 'Roselia', 'Beedrill']",17,6,6
gen3nu-943729986,[Gen 3] NU,2019-07-12 17:43:58,,medicham64289,absol37065,medicham64289,False,"['Cubone', 'Staryu', 'Delibird', 'Chinchou']","['Growlithe', 'Staryu', 'Cubone', 'Nosepass', 'Gloom', 'Delibird']",20,5,9
gen3nu-928759785,[Gen 3] NU,2019-06-15 17:19:14,,shaymin71333,rawstberry57157,rawstberry57157,False,"['Voltorb', 'Growlithe', 'Cubone', 'Nosepass', 'Gloom', 'Delibird']","['Staryu', 'Castform', 'Seaking', 'Meditite', 'Gloom', 'Magnemite']",16,7,6
gen3nu-943268613,[Gen 3] NU,2019-07-11 20:03:22,,chuspikyeared32159,powertrick12892,chuspikyeared32159,False,"['Seadra', 'Plusle', 'Cacturne', 'Mawile', 'Chimecho']","['Wailord', 'Flareon', 'Plusle', 'Hitmonchan', 'Cacturne', 'Sableye']",24,8,13
gen3nu-825065507,[Gen 3] NU,2018-11-23 16:33:42,,hydration62804,suctioncups53417,suctioncups53417,False,"['Flareon', 'Octillery', 'Raticate', 'Murkrow', 'Sableye', 'Roselia']","['Pidgeot', 'Metang', 'Hitmonchan', 'Dewgong', 'Sableye', 'Roselia']",74,18,21
gen3nu-924446413,[Gen 3] NU,2019-06-08 13:13:53,,magby40847,roleplay76600,magby40847,False,"['Wailord', 'Plusle', 'Relicanth', 'Metang', 'Roselia']","['Flareon', 'Arbok', 'Aipom', 'Vigoroth', 'Pikachu', 'Abra']",19,6,7
gen3nu-438174999,[Gen 3] NU,2016-09-15 17:59:41,,arceusdragon51803,scratch46579,scratch46579,True,"['Pidgeot', 'Haunter', 'Cacturne', 'Pikachu', 'Swalot', 'Relicanth']","['Flareon', 'Tropius', 'Hitmonchan', 'Sableye']",19,7,5
gen3nu-820577876,[Gen 3] NU,2018-10-15 10:45:56,,shroomish11688,roleplay47054,roleplay47054,True,"['Pidgeot', 'Magcargo', 'Hitmonchan', 'Seaking', 'Chimecho', 'Roselia']","['Flareon', 'Lileep', 'Hitmonchan', 'Dewgong', 'Sableye', 'Chimecho']",66,22,21
gen3nu-972925957,[Gen 3] NU,2019-09-08 18:05:16,,faketears70399,aurorabeam9548,faketears70399,False,"['Pidgeot', 'Hitmonchan', 'Whiscash', 'Chimecho', 'Roselia']","['Wailord', 'Flareon', 'Plusle', 'Haunter', 'Metang', 'Glalie']",23,5,8
gen3nu-2242337680,[Gen 3] NU,2024-11-12 13:17:38,,mysteryberry83821,vitalspirit41729,vitalspirit41729,False,"['Wailord', 'Huntail', 'Flareon', 'Haunter', 'Metang', 'Glalie']","['Wailord', 'Huntail', 'Torkoal', 'Haunter', 'Metang', 'Glalie']",22,9,8
gen3nu-1090187609,[Gen 3] NU,2020-04-03 09:24:27,,twistedspoon63684,slowbro3728,slowbro3728,False,"['Venomoth', 'Plusle', 'Octillery', 'Delcatty', 'Mawile', 'Ledian']","['Huntail', 'Flareon', 'Hitmonchan', 'Seviper', 'Metang', 'Chimecho']",42,17,11
smogtours-gen3nu-805146,[Gen 3] NU,2024-11-07 21:13:28,,razzberry64813,weepinbell75190,weepinbell75190,False,"['Sudowoodo', 'Octillery', 'Haunter', 'Piloswine', 'Roselia', 'Glalie']","['Wailord', 'Haunter', 'Bellossom', 'Pikachu', 'Glalie']",19,7,6
smogtours-gen3nu-631655,[Gen 3] NU,2022-06-11 22:20:00,,twistedspoon63684,empoleon29019,empoleon29019,True,"['Flareon', 'Hitmonchan', 'Pelipper', 'Whiscash', 'Sableye', 'Roselia']","['Wailord', 'Hitmonchan', 'Sableye', 'Chimecho', 'Roselia', 'Shuckle']",56,18,18
gen3nu-908544273,[Gen 3] NU,2019-05-12 20:47:53,,psychocut59180,jumpluff46330,jumpluff46330,False,"['Wailord', 'Flareon', 'Hitmonchan', 'Cacturne', 'Mawile', 'Golbat']","['Torkoal', 'Cacturne', 'Mawile', 'Vigoroth', 'Golbat']",35,11,14
smogtours-gen3nu-814829,[Gen 3] NU,2025-01-19 02:38:40,,magnezone42158,aeroblast60363,aeroblast60363,False,"['Sudowoodo', 'Dunsparce', 'Octillery', 'Hitmonchan', 'Arbok', 'Bellossom']","['Flareon', 'Haunter', 'Hitmonchan', 'Arbok', 'Metang', 'Glalie']",45,16,14
gen3nu-430462472,[Gen 3] NU,2016-09-03 21:24:34,,zapcannon98637,irondefense11743,zapcannon98637,True,"['Butterfree', 'Shedinja', 'Octillery', 'Hitmonchan', 'Wartortle']","['Togetic', 'Flareon', 'Nosepass', 'Dragonair', 'Bellossom', 'Sableye']",22,7,11
gen3nu-2063965166,[Gen 3] NU,2024-02-20 23:36:40,,drillpeck45275,burmy28567,burmy28567,False,"['Wailord', 'Torkoal', 'Haunter', 'Meditite', 'Chimecho', 'Roselia']","['Venomoth', 'Plusle', 'Raticate', 'Sableye', 'Diglett', 'Golbat']",43,13,11
gen3nu-947869418,[Gen 3] NU,2019-07-20 15:33:49,,wailmer43107,smoothrock25184,smoothrock25184,False,"['Butterfree', 'Nosepass', 'Meditite', 'Kirlia', 'Chinchou', 'Zigzagoon']","['Natu', 'Meditite', 'Nidorino', 'Swinub', 'Mankey', 'Magnemite']",27,9,12
gen3nu-1159918166,[Gen 3] NU,2020-07-29 20:25:48,,shinx90931,roaroftime72943,shinx90931,False,"['Wailord', 'Pikachu', 'Dunsparce', 'Seviper']","['Seadra', 'Flareon', 'Hitmonchan', 'Murkrow', 'Dewgong', 'Vigoroth']",18,3,8
gen3nu-2063940432,[Gen 3] NU,2024-02-20 22:52:43,,drillpeck45275,burmy28567,drillpeck45275,False,"['Wailord', 'Flareon', 'Raticate', 'Sableye', 'Glalie', 'Yanma']","['Yanma', 'Flareon', 'Bellossom', 'Vigoroth', 'Tangela', 'Golbat']",36,13,6
gen3nu-1138508497,[Gen 3] NU,2020-06-24 03:44:52,1049,goldberry56476,gorebyss45447,gorebyss45447,False,"['Togetic', 'Staryu', 'Raticate', 'Elekid', 'Piloswine', 'Skiploom']","['Hitmonchan', 'Seaking', 'Arbok', 'Sableye', 'Glalie', 'Tangela']",45,9,9
gen3nu-2290858768,[Gen 3] NU,2025-01-30 00:51:49,,needlearm59980,milkdrink49044,milkdrink49044,False,"['Huntail', 'Flareon', 'Octillery', 'Haunter', 'Metang', 'Glalie']","['Wailord', 'Flareon', 'Plusle', 'Haunter', 'Bellossom', 'Diglett']",26,10,11
smogtours-gen3nu-665383,[Gen 3] NU,2022-12-18 18:06:08,,shiftry23835,futuresight13270,futuresight13270,False,"['Flareon', 'Haunter', 'Pelipper', 'Metang', 'Chimecho', 'Glalie']","['Kecleon', 'Raticate', 'Arbok', 'Grovyle', 'Glalie', 'Golbat']",25,10,8
smogtours-gen3nu-677500,[Gen 3] NU,2023-02-26 18:41:35,,hypervoice57448,tyranitar56327,hypervoice57448,False,"['Wailord', 'Pidgeot', 'Metang', 'Glalie', 'Golbat']","['Wartortle', 'Dewgong', 'Whiscash', 'Sableye', 'Roselia', 'Shuckle']",29,7,12
smogtours-gen3nu-563995,[Gen 3] NU,2021-06-04 17:03:48,,haunter12630,bubblebeam57653,haunter12630,False,"['Seadra', 'Huntail', 'Flareon', 'Sableye', 'Metang', 'Roselia']","['Wailord', 'Hitmonchan', 'Piloswine', 'Sableye', 'Chimecho', 'Roselia']",42,14,15
gen3nu-1085007678,[Gen 3] NU,2020-03-25 10:27:05,,focusband71312,trick33871,trick33871,False,"['Raticate', 'Hitmonchan', 'Mawile', 'Dewgong', 'Sableye', 'Chimecho']","['Wailord', 'Huntail', 'Raticate', 'Cacturne', 'Dewgong', 'Diglett']",23,11,7
smogtours-gen3nu-842864,[Gen 3] NU,2025-05-16 22:04:41,,extrasensory76435,pickup28423,extrasensory76435,True,"['Wailord', 'Plusle', 'Metang', 'Chimecho', 'Glalie']","['Bellossom', 'Octillery', 'Golbat', 'Metang']",17,4,4
gen3nu-943718932,[Gen 3] NU,2019-07-12 17:21:01,,medicham64289,absol37065,medicham64289,False,"['Growlithe', 'Meditite', 'Butterfree', 'Chinchou']","['Voltorb', 'Growlithe', 'Nosepass', 'Seaking', 'Elekid', 'Gloom']",21,7,10
gen3nu-960525228,[Gen 3] NU,2019-08-15 02:45:51,,wailmer43107,bonemerang88745,bonemerang88745,False,"['Butterfree', 'Snorunt', 'Nosepass', 'Kirlia', 'Chinchou', 'Zigzagoon']","['Larvitar', 'Dustox', 'Unown']",12,6,2
smogtours-gen3nu-562557,[Gen 3] NU,2021-05-28 20:57:55,,swift79929,splash22725,splash22725,True,"['Sudowoodo', 'Torkoal', 'Haunter', 'Dewgong', 'Chimecho', 'Diglett']","['Flareon', 'Wigglytuff', 'Raticate', 'Bellossom', 'Metang']",24,8,7
gen3nu-1071893355,[Gen 3] NU,2020-03-01 21:50:14,,twineedle20854,rhyperior690,rhyperior690,False,"['Pidgeot', 'Magcargo', 'Hitmonchan', 'Seaking', 'Chimecho', 'Roselia']","['Torkoal', 'Raticate', 'Hitmonchan', 'Arbok', 'Piloswine', 'Dewgong']",27,12,12
gen3nu-1167023995,[Gen 3] NU,2020-08-11 13:38:46,,pluck51116,primeape81140,pluck51116,False,"['Mightyena', 'Combusken', 'Shedinja', 'Minun', 'Clamperl', 'Grovyle']","['Combusken', 'Wigglytuff', 'Omanyte', 'Clamperl', 'Tentacool', 'Duskull']",50,17,20
gen3nu-2130376050,[Gen 3] NU,2024-05-25 18:15:49,,stickybarb20535,arceusghost75700,stickybarb20535,False,"['Roselia', 'Sudowoodo', 'Flareon', 'Sableye']","['Huntail', 'Flareon', 'Bellossom', 'Murkrow', 'Pupitar', 'Glalie']",16,4,8
gen3nu-429816556,[Gen 3] NU,2016-09-02 23:24:11,,salamence18084,watersport93514,salamence18084,False,"['Sudowoodo', 'Haunter', 'Dewgong', 'Charmeleon', 'Tangela']","['Sudowoodo', 'Hitmonchan', 'Crawdaunt', 'Chimecho', 'Roselia', 'Glalie']",20,6,11
smogtours-gen3nu-712680,[Gen 3] NU,2023-08-27 20:02:59,,whiscash71874,innerfocus97582,innerfocus97582,False,"['Wailord', 'Torkoal', 'Dewgong', 'Metang', 'Chimecho', 'Glalie']","['Kecleon', 'Torkoal', 'Plusle', 'Dewgong', 'Diglett']",29,7,7
gen3nu-429741357,[Gen 3] NU,2016-09-02 21:26:35,,megapunch98881,bugbuzz90773,megapunch98881,False,"['Huntail', 'Shelgon', 'Hitmonchan', 'Mawile', 'Murkrow', 'Glalie']","['Torkoal', 'Raticate', 'Haunter', 'Hitmonchan', 'Mawile', 'Dewgong']",24,11,13
gen3nu-1128019504,[Gen 3] NU,2020-06-06 18:38:29,,magostberry2704,psyduck38308,psyduck38308,False,"['Doduo', 'Marshtomp', 'Omanyte', 'Ivysaur', 'Metang', 'Sealeo']","['Pineco', 'Shelgon', 'Ivysaur', 'Metang', 'Duskull', 'Abra']",57,13,11
smogtours-gen3nu-587738,[Gen 3] NU,2021-10-18 01:02:56,,empoleon29019,mawile36886,mawile36886,False,"['Wailord', 'Plusle', 'Metang', 'Chimecho', 'Roselia', 'Golbat']","['Huntail', 'Plusle', 'Haunter', 'Metang', 'Relicanth', 'Glalie']",20,10,6
gen3nu-1132563890,[Gen 3] NU,2020-06-14 16:32:55,,swampert50714,victreebel55835,victreebel55835,True,"['Graveler', 'Wartortle', 'Sealeo', 'Duskull', 'Golbat', 'Abra']","['Seadra', 'Machoke', 'Wartortle', 'Drowzee', 'Metang', 'Golbat']",24,10,10
smogtours-gen3nu-567117,[Gen 3] NU,2021-06-20 19:31:31,,lockon78937,bubblebeam57653,bubblebeam57653,False,"['Flareon', 'Octillery', 'Hitmonchan', 'Dewgong', 'Metang', 'Chimecho']","['Wailord', 'Huntail', 'Haunter', 'Whiscash', 'Metang', 'Glalie']",16,5,5
gen3nu-2070860578,[Gen 3] NU,2024-03-01 05:20:44,,berserkgene45878,mawile86179,mawile86179,False,"['Kingler', 'Machoke', 'Haunter', 'Dewgong', 'Swalot', 'Abra']","['Venomoth', 'Octillery', 'Crawdaunt', 'Metang', 'Diglett', 'Glalie']",42,14,10
smogtours-gen3nu-809758,[Gen 3] NU,2024-12-08 23:20:00,,shinystone44310,mysteryberry83821,shinystone44310,False,"['Flareon', 'Plusle', 'Haunter', 'Hitmonchan', 'Glalie']","['Wailord', 'Torkoal', 'Haunter', 'Vigoroth', 'Metang', 'Glalie']",24,8,12
gen3nu-1062405618,[Gen 3] NU,2020-02-13 03:33:35,,weedle33343,aguavberry44680,aguavberry44680,False,"['Houndour', 'Dragonair', 'Omanyte', 'Ivysaur', 'Minun', 'Furret']","['Dragonair', 'Minun', 'Lairon', 'Furret', 'Sealeo', 'Charmeleon']",28,13,11
gen3nu-1159924295,[Gen 3] NU,2020-07-29 20:34:27,,shinx90931,mindplate42012,mindplate42012,False,"['Wailord', 'Dunsparce', 'Wigglytuff', 'Seviper', 'Piloswine', 'Pikachu']","['Torkoal', 'Raticate', 'Hitmonchan', 'Arbok', 'Dewgong']",22,8,9
smogtours-gen3nu-625145,[Gen 3] NU,2022-05-08 18:58:01,,lockon78937,denpowersteel79771,denpowersteel79771,False,"['Torkoal', 'Raticate', 'Cacturne', 'Dewgong', 'Metang', 'Chimecho']","['Flareon', 'Hitmonchan', 'Murkrow', 'Chimecho', 'Relicanth', 'Roselia']",24,12,13
smogtours-gen3nu-567518,[Gen 3] NU,2021-06-24 18:46:13,,mindplate42012,mist21242,mindplate42012,False,"['Wailord', 'Haunter', 'Chimecho', 'Relicanth', 'Roselia']","['Wailord', 'Raticate', 'Arbok', 'Pupitar', 'Crawdaunt', 'Chimecho']",37,14,17
gen3nu-925785054,[Gen 3] NU,2019-06-10 17:54:45,,denpowersteel79771,gengarmega66742,gengarmega66742,False,"['Pineco', 'Nosepass', 'Delcatty', 'Clefairy', 'Chinchou', 'Gloom']","['Mankey', 'Snorunt', 'Castform', 'Gloom']",27,10,3
gen3nu-1051112666,[Gen 3] NU,2020-01-23 02:01:49,,stantler13317,leppaberry5961,leppaberry5961,False,"['Doduo', 'Porygon', 'Larvitar', 'Meowth', 'Diglett', 'Abra']","['Doduo', 'Larvitar', 'Meowth', 'Diglett', 'Abra']",21,5,5
gen3nu-848329154,[Gen 3] NU,2019-01-13 17:09:28,,spheal7278,spearow33023,spheal7278,True,"['Dragonair', 'Ivysaur', 'Minun', 'Lairon', 'Furret', 'Sealeo']","['Houndour', 'Omanyte', 'Dragonair', 'Ivysaur', 'Minun', 'Furret']",48,12,18
smogtours-gen3nu-617891,[Gen 3] NU,2022-04-04 21:12:59,,glare38523,volbeat11507,volbeat11507,False,"['Mightyena', 'Omanyte', 'Ivysaur', 'Minun', 'Sealeo', 'Vibrava']","['Marshtomp', 'Bayleef', 'Combusken', 'Omanyte', 'Minun', 'Masquerain']",39,17,12
smogtours-gen3nu-627836,[Gen 3] NU,2022-05-22 20:16:50,,futuresight13270,honeygather86735,futuresight13270,True,"['Raticate', 'Pelipper', 'Vigoroth', 'Whiscash', 'Metang', 'Glalie']","['Mawile', 'Bellossom', 'Flareon', 'Golbat']",21,8,7
gen3nu-437320403,[Gen 3] NU,2016-09-14 07:42:51,1128,sandattack89987,scratch46579,sandattack89987,False,"['Pidgeot', 'Huntail', 'Torkoal', 'Plusle', 'Mawile', 'Roselia']","['Huntail', 'Kecleon', 'Tropius', 'Flareon', 'Hitmonchan', 'Sableye']",44,15,17
gen3nu-827804514,[Gen 3] NU,2018-11-29 00:09:57,,rawstberry64920,miltank73528,miltank73528,False,"['Tropius', 'Flareon', 'Haunter', 'Mawile', 'Bellossom', 'Glalie']","['Huntail', 'Relicanth', 'Glalie', 'Haunter']",20,11,4
smogtours-gen3nu-716178,[Gen 3] NU,2023-09-14 22:23:43,,whiscash71874,futuresight13270,whiscash71874,False,"['Torkoal', 'Hitmonchan', 'Bellossom', 'Metang', 'Glalie']","['Diglett', 'Haunter', 'Bellossom', 'Dewgong', 'Chimecho', 'Relicanth']",22,5,11
gen3nu-945620422,[Gen 3] NU,2019-07-16 11:27:53,,rindoberry379,medicham64289,medicham64289,False,"['Growlithe', 'Pineco', 'Cubone', 'Elekid', 'Gloom', 'Taillow']","['Staryu', 'Nosepass', 'Elekid', 'Gloom', 'Mankey']",21,10,8
gen3nu-1084438855,[Gen 3] NU,2020-03-24 11:06:50,,submission27704,ingrain58383,submission27704,False,"['Venomoth', 'Hitmonchan', 'Cacturne', 'Haunter', 'Dewgong', 'Metang']","['Flareon', 'Hitmonchan', 'Mawile', 'Pelipper', 'Sableye', 'Roselia']",44,11,18
gen3nu-1084718444,[Gen 3] NU,2020-03-24 21:27:50,,altaria32948,magmortar26451,magmortar26451,False,"['Wailord', 'Mawile', 'Bellossom', 'Diglett', 'Relicanth', 'Golbat']","['Bellossom', 'Pelipper', 'Vigoroth', 'Pikachu', 'Swalot', 'Relicanth']",41,29,15
gen3nu-848001397,[Gen 3] NU,2019-01-12 21:22:10,,present29341,gengarmega66742,gengarmega66742,False,"['Dragonair', 'Minun', 'Lairon', 'Sealeo', 'Furret', 'Charmeleon']","['Voltorb', 'Shedinja', 'Ivysaur', 'Aipom', 'Tentacool', 'Corsola']",37,14,12
smogtours-gen3nu-559480,[Gen 3] NU,2021-05-05 21:46:15,,haunter12630,swinub46701,haunter12630,True,"['Flareon', 'Plusle', 'Mawile', 'Pelipper', 'Pikachu']","['Wailord', 'Sudowoodo', 'Flareon', 'Metang', 'Glalie', 'Golbat']",27,12,12
gen3nu-1174082333,[Gen 3] NU,2020-08-23 20:34:44,,sacredfire21452,berserkgene76931,sacredfire21452,False,"['Furret', 'Grovyle', 'Gastly']","['Mightyena', 'Minun', 'Lairon', 'Tentacool', 'Furret', 'Duskull']",16,3,10
gen3nu-1083583062,[Gen 3] NU,2020-03-22 21:40:36,,judgment88768,facade60368,facade60368,False,"['Voltorb', 'Doduo', 'Exeggcute', 'Shellder', 'Oddish', 'Diglett']","['Meowth', 'Doduo', 'Koffing', 'Abra']",13,5,4
gen3nu-1069866167,[Gen 3] NU,2020-02-27 00:27:09,,skiploom37844,grepaberry26538,skiploom37844,False,"['Pikachu', 'Arbok', 'Bellossom', 'Sableye', 'Chimecho', 'Abra']","['Wailord', 'Magcargo', 'Haunter', 'Sableye', 'Relicanth', 'Grovyle']",32,6,7
smogtours-gen3nu-839944,[Gen 3] NU,2025-05-05 19:17:42,,extrasensory76435,plus41071,extrasensory76435,False,"['Wailord', 'Tropius', 'Haunter', 'Hitmonchan', 'Metang', 'Chimecho']","['Wailord', 'Plusle', 'Metang', 'Chimecho', 'Roselia', 'Golbat']",33,7,15
smogtours-gen3nu-663748,[Gen 3] NU,2022-12-04 19:38:08,,bodyslam74090,shadowtag53416,shadowtag53416,True,"['Doduo', 'Trapinch', 'Shedinja', 'Lairon', 'Tentacool', 'Furret']","['Noctowl', 'Marshtomp', 'Mightyena', 'Omanyte', 'Ivysaur', 'Yanma']",50,20,11
smogtours-gen3nu-645982,[Gen 3] NU,2022-09-01 21:43:44,,drillpeck45275,attract79434,drillpeck45275,False,"['Kingler', 'Glalie', 'Raticate', 'Haunter']","['Wailord', 'Flareon', 'Haunter', 'Chimecho', 'Glalie', 'Abra']",14,4,8
gen3nu-2083837243,[Gen 3] NU,2024-03-18 19:29:42,,needlearm73798,charcoal70,charcoal70,False,"['Flareon', 'Octillery', 'Hitmonchan', 'Arbok', 'Bellossom', 'Ditto']","['Butterfree', 'Plusle', 'Torkoal', 'Combusken', 'Octillery', 'Ariados']",44,16,12
smogtours-gen3nu-782240,[Gen 3] NU,2024-07-25 20:15:08,,stall3890,shinystone44310,shinystone44310,False,"['Kecleon', 'Flareon', 'Hitmonchan', 'Bellossom', 'Chimecho', 'Glalie']","['Flareon', 'Plusle', 'Haunter', 'Pelipper', 'Metang', 'Glalie']",24,11,10
gen3nu-848437668,[Gen 3] NU,2019-01-13 21:24:01,,pound23438,powertrick12892,powertrick12892,True,"['Flareon', 'Hitmonchan', 'Mawile', 'Pelipper', 'Roselia']","['Wailord', 'Glalie', 'Tropius', 'Haunter']",14,8,6
smogtours-gen3nu-451026,[Gen 3] NU,2019-07-08 04:43:38,,deepseascale75372,chartiberry95074,chartiberry95074,False,"['Pidgeot', 'Huntail', 'Haunter', 'Minun', 'Tangela', 'Glalie']","['Wailord', 'Plusle', 'Metang', 'Sableye', 'Chimecho', 'Roselia']",30,9,8
gen3nu-820573760,[Gen 3] NU,2018-10-15 10:38:13,,softboiled31130,levelball31342,softboiled31130,False,"['Wailord', 'Haunter', 'Cacturne', 'Sableye', 'Parasect', 'Beedrill']","['Huntail', 'Dunsparce', 'Hitmonchan', 'Mawile', 'Metang', 'Roselia']",30,5,11
smogtours-gen3nu-816002,[Gen 3] NU,2025-01-25 22:13:52,,liechiberry37967,scrappy50514,scrappy50514,False,"['Kecleon', 'Octillery', 'Omanyte', 'Hitmonchan', 'Arbok', 'Chimecho']","['Flareon', 'Hitmonchan', 'Bellossom', 'Vigoroth', 'Metang', 'Swalot']",34,13,10
smogtours-gen3nu-791616,[Gen 3] NU,2024-09-21 17:03:23,,futuresight13270,crunch37612,futuresight13270,False,"['Wailord', 'Torkoal', 'Haunter', 'Metang', 'Chimecho', 'Roselia']","['Wailord', 'Flareon', 'Hitmonchan', 'Bellossom', 'Metang', 'Golbat']",31,11,11
smogtours-gen3nu-635765,[Gen 3] NU,2022-07-02 19:14:42,,empoleon29019,lockon78937,empoleon29019,False,"['Wailord', 'Torkoal', 'Haunter', 'Bellossom', 'Metang', 'Glalie']","['Torkoal', 'Octillery', 'Dewgong', 'Metang', 'Chimecho', 'Glalie']",24,11,10
gen3nu-2063950176,[Gen 3] NU,2024-02-20 23:10:13,,drillpeck45275,burmy28567,drillpeck45275,False,"['Bellossom', 'Piloswine', 'Pelipper', 'Glalie', 'Yanma']","['Wailord', 'Huntail', 'Haunter', 'Hitmonchan', 'Metang', 'Relicanth']",31,10,8
gen3nu-1097330001,[Gen 3] NU,2020-04-15 20:53:58,,download60495,exeggcute93579,download60495,True,"['Haunter', 'Pidgeot', 'Flareon']","['Cacturne', 'Haunter', 'Abra']",8,4,2
smogtours-gen3nu-681278,[Gen 3] NU,2023-03-18 19:28:07,,pickup28423,teddiursa88253,teddiursa88253,True,"['Wailord', 'Flareon', 'Sableye', 'Bellossom', 'Metang', 'Glalie']","['Flareon', 'Bellossom', 'Murkrow', 'Whiscash', 'Glalie', 'Golbat']",42,11,12
gen3nu-1136833535,[Gen 3] NU,2020-06-21 18:09:24,,happiny30290,lunatone14638,lunatone14638,False,"['Kecleon', 'Onix', 'Delcatty', 'Lickitung', 'Illumise', 'Abra']","['Pidgeot', 'Flareon', 'Raticate', 'Haunter', 'Pelipper']",32,10,13
smogtours-gen3nu-839806,[Gen 3] NU,2025-05-04 23:40:39,,futuresight13270,nidorina72636,nidorina72636,True,"['Wigglytuff', 'Hitmonchan', 'Whiscash', 'Sableye', 'Chimecho', 'Glalie']","['Flareon', 'Hitmonchan', 'Haunter', 'Whiscash', 'Metang', 'Glalie']",34,7,6
gen3nu-1081132064,[Gen 3] NU,2020-03-18 13:44:38,,dragonfang79331,psyduck38308,psyduck38308,False,"['Machoke', 'Bayleef', 'Shelgon', 'Dragonair', 'Metang', 'Abra']","['Bayleef', 'Pineco', 'Haunter', 'Vigoroth', 'Metang', 'Abra']",31,12,14
gen3nu-954505388,[Gen 3] NU,2019-08-02 20:23:44,,medicham64289,luvdisc61803,luvdisc61803,False,"['Staryu', 'Nosepass', 'Elekid', 'Meditite', 'Gloom', 'Delibird']","['Spoink', 'Bayleef', 'Pineco', 'Nosepass', 'Chinchou', 'Koffing']",59,15,21
gen3nu-2123578737,[Gen 3] NU,2024-05-13 05:59:53,,sportball4530,watersport55087,sportball4530,False,"['Butterfree', 'Octillery', 'Hitmonchan', 'Bellossom', 'Chimecho', 'Pupitar']","['Pidgeot', 'Torkoal', 'Octillery', 'Haunter', 'Bellossom', 'Metang']",28,9,10
gen3nu-2063898252,[Gen 3] NU,2024-02-20 21:48:05,,drillpeck45275,burmy28567,burmy28567,False,"['Wailord', 'Sableye', 'Metang', 'Glalie', 'Roselia', 'Grovyle']","['Venomoth', 'Plusle', 'Raticate', 'Sableye', 'Diglett', 'Golbat']",42,13,13
smogtours-gen3nu-446962,[Gen 3] NU,2019-06-12 19:41:47,,chartiberry95074,sunkern78687,chartiberry95074,False,"['Voltorb', 'Growlithe', 'Pineco', 'Nosepass', 'Wailmer', 'Delibird']","['Growlithe', 'Castform', 'Elekid', 'Mankey', 'Skiploom', 'Delibird']",20,6,7
gen3nu-1139074633,[Gen 3] NU,2020-06-24 23:51:30,,happiny30290,gorebyss45447,happiny30290,False,"['Wailord', 'Huntail', 'Sandshrew', 'Omanyte', 'Slowpoke', 'Shuckle']","['Hitmonchan', 'Seaking', 'Arbok', 'Sableye', 'Glalie', 'Tangela']",39,5,6
gen3nu-1175903103,[Gen 3] NU,2020-08-26 20:11:10,,rage11354,cacnea9207,cacnea9207,False,"['Pidgeot', 'Magcargo', 'Hitmonchan', 'Seaking', 'Chimecho', 'Roselia']","['Flareon', 'Hitmonchan', 'Mawile', 'Pelipper', 'Sableye', 'Roselia']",40,14,12
smogtours-gen3nu-735105,[Gen 3] NU,2023-12-14 22:50:35,,tangledfeet30693,poisontail76206,tangledfeet30693,False,"['Wailord', 'Torkoal', 'Octillery', 'Haunter', 'Metang', 'Glalie']","['Wailord', 'Pidgeot', 'Torkoal', 'Hitmonchan', 'Metang', 'Glalie']",23,13,11
smogtours-gen3nu-820018,[Gen 3] NU,2025-02-15 19:18:32,,drapion57021,aeroblast60363,aeroblast60363,False,"['Seadra', 'Wailord', 'Flareon', 'Plusle', 'Haunter', 'Glalie']","['Flareon', 'Plusle', 'Haunter', 'Pelipper', 'Metang', 'Glalie']",26,10,8
gen3nu-1084554415,[Gen 3] NU,2020-03-24 16:04:19,,psyduck38308,pidgeot31794,psyduck38308,True,"['Sealeo', 'Golbat', 'Metang']","['Wartortle', 'Haunter', 'Metang']",9,2,3
gen3nu-2135731597,[Gen 3] NU,2024-06-03 00:44:24,,buneary67957,gardevoir84608,gardevoir84608,False,"['Wailord', 'Raticate', 'Haunter', 'Bellossom', 'Metang', 'Glalie']","['Wailord', 'Torkoal', 'Haunter', 'Metang', 'Chimecho', 'Glalie']",29,10,12
gen3nu-1096815944,[Gen 3] NU,2020-04-14 23:40:41,,teleport65881,download60495,download60495,False,"['Haunter', 'Hitmonchan', 'Dewgong', 'Vibrava', 'Sableye', 'Roselia']","['Pidgeot', 'Flareon']",13,6,4
smogtours-gen3nu-617437,[Gen 3] NU,2022-04-03 16:15:10,,empoleon29019,golduck61301,empoleon29019,False,"['Torkoal', 'Lickitung', 'Sableye', 'Chimecho', 'Roselia']","['Wailord', 'Pidgeot', 'Flareon', 'Raticate', 'Hitmonchan', 'Metang']",89,25,23
gen3nu-1105592373,[Gen 3] NU,2020-04-29 16:35:22,,quickclaw28205,weepinbell21753,weepinbell21753,False,"['Raticate', 'Bellossom', 'Chimecho', 'Diglett', 'Relicanth', 'Glalie']","['Flareon', 'Haunter', 'Bellossom', 'Dewgong', 'Metang', 'Diglett']",24,9,8
gen3nu-2280037597,[Gen 3] NU,2025-01-13 03:38:33,,needlearm59980,gastly57717,gastly57717,False,"['Huntail', 'Flareon', 'Octillery', 'Haunter', 'Metang', 'Glalie']","['Wailord', 'Tropius', 'Murkrow', 'Metang', 'Chimecho', 'Roselia']",33,12,9
gen3nu-1139059888,[Gen 3] NU,2020-06-24 23:20:56,,gorebyss45447,happiny30290,gorebyss45447,True,"['Tangela', 'Glalie']","['Wailord', 'Huntail', 'Sandshrew', 'Omanyte', 'Slowpoke', 'Shuckle']",13,1,7
gen3nu-1131255957,[Gen 3] NU,2020-06-12 05:58:15,,honchkrow58473,gunkshot9424,gunkshot9424,True,"['Torkoal', 'Raticate', 'Hitmonchan', 'Arbok', 'Piloswine', 'Dewgong']","['Kecleon', 'Octillery', 'Haunter', 'Hitmonchan', 'Metang']",37,16,11
smogtours-gen3nu-807225,[Gen 3] NU,2024-11-21 19:44:48,,swift79929,haze12837,haze12837,False,"['Wailord', 'Flareon', 'Hitmonchan', 'Sableye', 'Chimecho', 'Glalie']","['Octillery', 'Metang', 'Raticate', 'Pikachu', 'Chimecho', 'Glalie']",41,17,10
gen3nu-1123534363,[Gen 3] NU,2020-05-29 23:25:54,,payday74254,psyduck38308,psyduck38308,True,"['Machoke', 'Wartortle', 'Murkrow', 'Metang', 'Golbat', 'Abra']","['Seadra', 'Machoke', 'Wartortle', 'Metang', 'Golbat']",18,7,5
gen3nu-2366773130,[Gen 3] NU,2025-05-18 20:03:29,,futuresight13270,parkball33378,futuresight13270,False,"['Kingler', 'Octillery', 'Metang', 'Chimecho', 'Glalie']","['Huntail', 'Hitmonchan', 'Mawile', 'Vigoroth', 'Glalie', 'Golbat']",16,7,7
smogtours-gen3nu-805129,[Gen 3] NU,2024-11-07 20:23:01,,machop48408,belueberry80725,machop48408,True,"['Flareon', 'Octillery', 'Haunter', 'Chimecho', 'Glalie']","['Octillery', 'Loudred', 'Delcatty', 'Mawile', 'Minun', 'Ariados']",18,4,7
gen3nu-1096082693,[Gen 3] NU,2020-04-13 19:23:17,,yawn25100,chlorophyll14963,chlorophyll14963,False,"['Wailord', 'Pidgeot', 'Torkoal', 'Metang', 'Chimecho', 'Roselia']","['Pidgeot', 'Shelgon', 'Haunter', 'Pelipper', 'Relicanth', 'Glalie']",22,8,9
smogtours-gen3nu-630581,[Gen 3] NU,2022-06-05 23:24:58,,watersport3755,frenzyplant86230,frenzyplant86230,False,"['Torkoal', 'Hitmonchan', 'Bellossom', 'Metang', 'Diglett', 'Glalie']","['Kingler', 'Wailord', 'Dunsparce', 'Haunter', 'Metang', 'Chimecho']",27,11,14
smogtours-gen3nu-663604,[Gen 3] NU,2022-12-03 19:46:32,,astonish32045,volbeat11507,volbeat11507,False,"['Marshtomp', 'Combusken', 'Omanyte', 'Wartortle', 'Lickitung', 'Grovyle']","['Togetic', 'Omanyte', 'Minun', 'Furret', 'Swalot', 'Tangela']",38,19,16
smogtours-gen3nu-645629,[Gen 3] NU,2022-08-28 20:51:27,,honeygather86735,runaway59045,honeygather86735,True,"['Pikachu', 'Mawile', 'Bellossom', 'Sableye', 'Diglett', 'Glalie']","['Dunsparce', 'Flareon', 'Hitmonchan', 'Whiscash', 'Sableye', 'Roselia']",30,11,10
gen3nu-1103990341,[Gen 3] NU,2020-04-27 01:41:23,,xscissor99781,glaceon67942,xscissor99781,False,"['Doduo', 'Abra', 'Meowth', 'Diglett', 'Koffing']","['Ponyta', 'Cacnea', 'Baltoy', 'Horsea', 'Chinchou', 'Diglett']",17,5,7
gen3nu-2256091377,[Gen 3] NU,2024-12-03 20:14:39,,shinystone44310,mysteryberry83821,shinystone44310,False,"['Flareon', 'Octillery', 'Raticate', 'Pelipper', 'Metang', 'Roselia']","['Wailord', 'Huntail', 'Torkoal', 'Haunter', 'Metang', 'Glalie']",22,11,10
gen3nu-1090349600,[Gen 3] NU,2020-04-03 16:36:32,,enpowerdragon93805,houndour54582,houndour54582,False,"['Dustox', 'Sunflora', 'Pineco', 'Rhyhorn', 'Chinchou', 'Delibird']","['Grimer', 'Clefairy', 'Growlithe', 'Pineco']",19,9,3
smogtours-gen3nu-447902,[Gen 3] NU,2019-06-16 18:39:49,,cobaberry41000,return91618,return91618,True,"['Flareon', 'Dewgong', 'Whiscash', 'Metang', 'Chimecho', 'Roselia']","['Pidgeot', 'Magcargo', 'Cacturne', 'Arbok', 'Dewgong', 'Metang']",33,15,11
smogtours-gen3nu-809138,[Gen 3] NU,2024-12-06 22:38:18,,doubleteam62013,mysteryberry83821,doubleteam62013,False,"['Flareon', 'Haunter', 'Hitmonchan', 'Arbok', 'Metang', 'Glalie']","['Wailord', 'Torkoal', 'Hitmonchan', 'Bellossom', 'Metang', 'Golbat']",35,10,12
smogtours-gen3nu-436694,[Gen 3] NU,2019-04-20 20:10:44,,venusaur91007,bibarel14361,bibarel14361,False,"['Wailord', 'Hitmonchan', 'Haunter', 'Murkrow', 'Metang', 'Diglett']","['Seadra', 'Huntail', 'Sudowoodo', 'Sableye', 'Chimecho', 'Roselia']",33,14,12
gen3nu-2258840366,[Gen 3] NU,2024-12-08 02:21:14,,primeape81140,charcoal70,primeape81140,False,"['Pidgeot', 'Haunter', 'Hitmonchan', 'Vigoroth', 'Diglett', 'Relicanth']","['Butterfree', 'Torkoal', 'Plusle', 'Combusken', 'Octillery', 'Ariados']",27,8,11
gen3nu-437672090,[Gen 3] NU,2016-09-14 21:11:58,,arceusdragon51803,alakazammega8565,arceusdragon51803,True,"['Pidgeot', 'Haunter', 'Bellossom', 'Pikachu', 'Swalot', 'Relicanth']","['Sudowoodo', 'Flareon', 'Torkoal', 'Wartortle', 'Dewgong', 'Pupitar']",37,9,13
smogtours-gen3nu-648646,[Gen 3] NU,2022-09-17 20:32:51,,honeygather86735,shadowforce49172,honeygather86735,False,"['Wailord', 'Huntail', 'Torkoal', 'Haunter', 'Glalie']","['Wailord', 'Torkoal', 'Hitmonchan', 'Bellossom', 'Sableye', 'Glalie']",28,10,10
gen3nu-1133815651,[Gen 3] NU,2020-06-16 19:35:03,,ivysaur48671,drapion57021,drapion57021,False,"['Magby', 'Huntail', 'Haunter', 'Hitmonchan', 'Murkrow', 'Roselia']","['Flareon', 'Haunter', 'Hitmonchan', 'Bellossom', 'Metang']",26,12,8
smogtours-gen3nu-675558,[Gen 3] NU,2023-02-18 17:39:20,,magmortar19991,mareep93864,mareep93864,True,"['Flareon', 'Haunter', 'Cacturne', 'Hitmonchan', 'Glalie']","['Bellossom', 'Wailord', 'Glalie', 'Haunter']",14,4,3
gen3nu-1128514476,[Gen 3] NU,2020-06-07 16:12:55,,adaptability26680,grassknot25784,grassknot25784,True,"['Metang', 'Lileep', 'Ivysaur', 'Sealeo', 'Pupitar', 'Gastly']","['Seadra', 'Machoke', 'Drowzee', 'Metang', 'Golbat']",30,12,10
smogtours-gen3nu-627587,[Gen 3] NU,2022-05-22 00:02:19,,empoleon29019,honeygather86735,honeygather86735,False,"['Wailord', 'Torkoal', 'Plusle', 'Sableye', 'Chimecho', 'Golbat']","['Flareon', 'Mawile', 'Bellossom', 'Vigoroth', 'Diglett', 'Golbat']",52,21,17
smogtours-gen3nu-545708,[Gen 3] NU,2021-03-07 16:48:15,,sceptile30575,teddiursa88253,teddiursa88253,True,"['Wailord', 'Hitmonchan', 'Cacturne', 'Lickitung', 'Sableye', 'Relicanth']","['Flareon', 'Hitmonchan', 'Mawile', 'Sableye', 'Chimecho', 'Roselia']",48,21,19
gen3nu-944372378,[Gen 3] NU,2019-07-13 22:55:15,,apicotberry53681,tox71156,tox71156,False,"['Flareon', 'Hitmonchan', 'Mawile', 'Pelipper', 'Sableye', 'Roselia']","['Wailord', 'Graveler', 'Bellossom', 'Chimecho', 'Glalie', 'Golbat']",36,14,13
gen3nu-2172371587,[Gen 3] NU,2024-08-03 01:13:59,,futuresight13270,needlearm59980,futuresight13270,False,"['Togetic', 'Hitmonchan', 'Haunter', 'Pelipper', 'Chimecho', 'Glalie']","['Wailord', 'Plusle', 'Metang', 'Chimecho', 'Roselia', 'Golbat']",39,13,12
smogtours-gen3nu-447445,[Gen 3] NU,2019-06-15 01:26:21,,entei72987,rock51085,rock51085,False,"['Wailord', 'Sudowoodo', 'Raticate', 'Haunter', 'Chimecho', 'Roselia']","['Sudowoodo', 'Flareon', 'Metang', 'Glalie', 'Golbat']",20,9,9
gen3nu-1081275409,[Gen 3] NU,2020-03-18 18:32:16,,exploud92539,punishment57476,punishment57476,True,"['Pineco', 'Combusken', 'Haunter', 'Meditite', 'Drowzee', 'Metang']","['Seadra', 'Houndour', 'Drowzee', 'Haunter']",20,6,5
gen3nu-953287682,[Gen 3] NU,2019-07-31 10:40:02,,unknownability847,kasibberry20529,kasibberry20529,True,"['Sudowoodo', 'Shelgon', 'Haunter', 'Dewgong', 'Chimecho', 'Tangela']","['Flareon', 'Hitmonchan', 'Mawile', 'Pelipper', 'Sableye', 'Roselia']",121,31,45
gen3nu-1132130178,[Gen 3] NU,2020-06-13 19:49:54,,jirachi10567,unknown32555,jirachi10567,True,"['Arbok', 'Dewgong', 'Yanma']","['Seadra', 'Flareon', 'Hitmonchan', 'Murkrow', 'Dewgong']",14,3,4
gen3nu-1159394928,[Gen 3] NU,2020-07-28 22:39:04,,unaware51908,secretpower75316,unaware51908,False,"['Pidgeot', 'Magcargo', 'Hitmonchan', 'Seaking', 'Chimecho', 'Roselia']","['Venomoth', 'Torkoal', 'Hitmonchan', 'Bellossom', 'Pelipper', 'Lairon']",37,8,11
gen3nu-1157300079,[Gen 3] NU,2020-07-25 04:36:32,,bitterberry84865,carvanha41460,carvanha41460,False,"['Kingler', 'Huntail', 'Flareon', 'Haunter', 'Vigoroth', 'Chimecho']","['Venomoth', 'Haunter', 'Cacturne', 'Hitmonchan', 'Dewgong', 'Metang']",25,9,8
smogtours-gen3nu-844725,[Gen 3] NU,2025-05-23 14:32:51,,metalsound31619,haunter12630,metalsound31619,False,"['Octillery', 'Cacturne', 'Arbok', 'Vigoroth', 'Metang', 'Chimecho']","['Kingler', 'Tropius', 'Raticate', 'Haunter', 'Hitmonchan', 'Glalie']",24,7,8
smogtours-gen3nu-478001,[Gen 3] NU,2020-02-29 20:55:20,,koffing93492,rock51085,koffing93492,False,"['Kecleon', 'Huntail', 'Flareon', 'Plusle', 'Haunter', 'Hitmonchan']","['Wailord', 'Pidgeot', 'Flareon', 'Haunter', 'Cacturne', 'Pupitar']",43,12,15
smogtours-gen3nu-441336,[Gen 3] NU,2019-05-12 19:29:09,,watmelberry41213,entei72987,watmelberry41213,False,"['Kecleon', 'Haunter', 'Cacturne', 'Pelipper', 'Pikachu', 'Relicanth']","['Tropius', 'Haunter', 'Dewgong', 'Metang', 'Glalie', 'Abra']",20,9,7
gen3nu-894824273,[Gen 3] NU,2019-04-18 02:30:21,,larvitar71203,wakeupslap73500,wakeupslap73500,False,"['Plusle', 'Vigoroth', 'Metang', 'Diglett', 'Glalie', 'Abra']","['Relicanth', 'Hitmonchan', 'Golbat', 'Metang']",14,9,5
gen3nu-2063876811,[Gen 3] NU,2024-02-20 21:16:03,,drillpeck45275,burmy28567,burmy28567,False,"['Wailord', 'Metang', 'Sableye', 'Grovyle', 'Roselia', 'Glalie']","['Togetic', 'Wailord', 'Trapinch', 'Octillery', 'Hitmonchan']",50,18,12
gen3nu-436480168,[Gen 3] NU,2016-09-12 23:13:07,,rhyhorn58519,noconditions5659,noconditions5659,False,"['Huntail', 'Flareon', 'Hitmonchan', 'Vigoroth', 'Chimecho', 'Roselia']","['Pidgeot', 'Huntail', 'Dunsparce', 'Torkoal', 'Sableye', 'Grovyle']",24,6,6
smogtours-gen3nu-613688,[Gen 3] NU,2022-03-13 22:41:12,,volbeat11507,sleeptalk80665,volbeat11507,False,"['Houndour', 'Wigglytuff', 'Minun', 'Furret', 'Vibrava', 'Shuckle']","['Marshtomp', 'Combusken', 'Ivysaur', 'Minun', 'Lairon', 'Gastly']",44,15,19
smogtours-gen3nu-813750,[Gen 3] NU,2025-01-11 20:26:31,,wormadamtrash72970,goldberry53422,goldberry53422,False,"['Pidgeot', 'Octillery', 'Hitmonchan', 'Sableye', 'Metang', 'Glalie']","['Haunter', 'Hitmonchan', 'Bellossom', 'Pelipper', 'Sableye', 'Glalie']",34,12,9
gen3nu-1144607642,[Gen 3] NU,2020-07-03 21:17:26,,normalize71205,mindplate42012,mindplate42012,False,"['Machoke', 'Marshtomp', 'Flaaffy', 'Ivysaur', 'Sealeo', 'Grovyle']","['Doduo', 'Marshtomp', 'Flaaffy', 'Omanyte', 'Ivysaur', 'Sealeo']",54,18,17
gen3nu-933186691,[Gen 3] NU,2019-06-22 23:43:51,,thrash80465,magmortar26451,magmortar26451,True,"['Staryu', 'Dustox', 'Bayleef', 'Vulpix', 'Nosepass', 'Delcatty']","['Growlithe', 'Snorunt', 'Nosepass', 'Seaking', 'Gloom']",49,17,21
gen3nu-1082516318,[Gen 3] NU,2020-03-20 21:16:11,,dragonfang79331,psyduck38308,dragonfang79331,True,"['Seadra', 'Combusken', 'Wartortle', 'Metang', 'Duskull']","['Marshtomp', 'Haunter', 'Ivysaur', 'Metang', 'Diglett', 'Duskull']",32,9,12
gen3nu-938531548,[Gen 3] NU,2019-07-02 16:57:37,,rawstberry57157,batonpass8026,rawstberry57157,True,"['Rhyhorn', 'Masquerain', 'Delibird', 'Pineco']","['Bayleef', 'Pineco', 'Rhyhorn', 'Natu', 'Castform', 'Chinchou']",17,3,7
gen3nu-1081140375,[Gen 3] NU,2020-03-18 14:03:52,,psyduck38308,dragonfang79331,dragonfang79331,True,"['Bayleef', 'Pineco', 'Haunter', 'Metang', 'Abra']","['Machoke', 'Bayleef', 'Shelgon', 'Dragonair', 'Metang', 'Abra']",20,6,5
smogtours-gen3nu-762975,[Gen 3] NU,2024-04-21 20:14:26,,mawile36886,crunch37612,mawile36886,False,"['Wailord', 'Torkoal', 'Hitmonchan', 'Cacturne', 'Pupitar', 'Golbat']","['Flareon', 'Dewgong', 'Vigoroth', 'Chimecho', 'Sableye', 'Pupitar']",24,9,9
gen3nu-1125668684,[Gen 3] NU,2020-06-02 22:21:27,,endure97936,fire24746,endure97936,True,"['Pidgeot', 'Huntail', 'Flareon', 'Raticate', 'Haunter', 'Glalie']","['Pidgeot', 'Flareon', 'Hitmonchan', 'Arbok', 'Bellossom', 'Dewgong']",20,7,8
gen3nu-1080685752,[Gen 3] NU,2020-03-17 18:39:35,,blackbelt84455,chestoberry40488,chestoberry40488,False,"['Hitmonchan', 'Dewgong', 'Chimecho', 'Sableye', 'Swalot', 'Roselia']","['Torkoal', 'Raticate', 'Hitmonchan', 'Arbok', 'Piloswine', 'Dewgong']",52,21,19
smogtours-gen3nu-629281,[Gen 3] NU,2022-05-30 01:29:45,,watersport3755,flamebody71831,watersport3755,False,"['Wailord', 'Torkoal', 'Octillery', 'Metang', 'Glalie']","['Wailord', 'Flareon', 'Octillery', 'Haunter', 'Chimecho', 'Glalie']",21,10,10
gen3nu-932974883,[Gen 3] NU,2019-06-22 16:23:51,,tangela22698,primeape81140,primeape81140,False,"['Growlithe', 'Snorunt', 'Nosepass', 'Seaking', 'Elekid', 'Gloom']","['Staryu', 'Shuppet', 'Shellder', 'Gloom', 'Mankey', 'Magnemite']",28,9,12
gen3nu-946219929,[Gen 3] NU,2019-07-17 14:09:49,,finneon71388,spheal94068,spheal94068,True,"['Pidgeot', 'Kecleon', 'Shedinja', 'Torkoal', 'Hitmonchan', 'Pikachu']","['Pidgeot', 'Dunsparce', 'Torkoal', 'Octillery', 'Haunter', 'Bellossom']",50,26,23
gen3nu-1139185555,[Gen 3] NU,2020-06-25 03:40:07,1009,happiny30290,lunatone14638,lunatone14638,False,"['Nuzleaf', 'Makuhita', 'Wigglytuff', 'Mawile', 'Nidorina', 'Abra']","['Haunter', 'Hitmonchan', 'Metang']",14,6,3
gen3nu-1124287468,[Gen 3] NU,2020-05-31 11:43:12,,trick33871,pressure88440,trick33871,False,"['Pidgeot', 'Huntail', 'Flareon', 'Sableye', 'Metang', 'Roselia']","['Seadra', 'Flareon', 'Hitmonchan', 'Murkrow', 'Dewgong', 'Vigoroth']",25,13,10
gen3nu-852846292,[Gen 3] NU,2019-01-23 17:43:08,,honeygather89597,levitate42349,levitate42349,True,"['Houndour', 'Omanyte', 'Ivysaur', 'Minun', 'Aipom', 'Masquerain']","['Trapinch', 'Tentacool', 'Minun', 'Lairon', 'Furret', 'Duskull']",87,18,30
smogtours-gen3nu-687138,[Gen 3] NU,2023-04-13 01:03:26,,chargebeam75626,shinystone44310,chargebeam75626,False,"['Diglett', 'Larvitar', 'Abra']","['Cacnea', 'Doduo', 'Porygon', 'Larvitar', 'Chinchou', 'Abra']",15,2,5
smogtours-gen3nu-647336,[Gen 3] NU,2022-09-10 22:40:28,,wormadam14777,drillpeck45275,wormadam14777,False,"['Wailord', 'Hitmonchan', 'Haunter', 'Mawile', 'Sableye', 'Roselia']","['Torkoal', 'Octillery', 'Bellossom', 'Dewgong', 'Chimecho', 'Glalie']",41,15,15
smogtours-gen3nu-598274,[Gen 3] NU,2021-12-18 20:27:04,,lockon78937,stickybarb45781,stickybarb45781,False,"['Torkoal', 'Hitmonchan', 'Dewgong', 'Whiscash', 'Metang', 'Roselia']","['Hitmonchan', 'Mawile', 'Lickitung', 'Pelipper', 'Sableye', 'Roselia']",66,22,25
gen3nu-923337351,[Gen 3] NU,2019-06-06 16:42:54,,wailmer43107,adaptability26680,adaptability26680,False,"['Nuzleaf', 'Castform', 'Nosepass', 'Rattata', 'Elekid', 'Gloom']","['Koffing', 'Grimer', 'Masquerain', 'Pineco']",30,6,3
gen3nu-926998947,[Gen 3] NU,2019-06-12 19:27:42,,skyattack88111,questionmarks59847,skyattack88111,False,"['Pineco', 'Nosepass', 'Seaking', 'Elekid', 'Delibird']","['Delcatty', 'Meditite', 'Gloom', 'Skiploom', 'Delibird', 'Taillow']",27,13,13
smogtours-gen3nu-486494,[Gen 3] NU,2020-04-01 05:40:42,,gigadrain46055,trick33871,trick33871,True,"['Torkoal', 'Wailord', 'Glalie', 'Metang']","['Venomoth', 'Octillery', 'Delcatty', 'Mawile', 'Ledian']",23,4,5
gen3nu-936009801,[Gen 3] NU,2019-06-27 21:15:54,,icebeam49563,rawstberry57157,rawstberry57157,False,"['Staryu', 'Grimer', 'Nosepass', 'Delcatty', 'Chinchou', 'Gloom']","['Pineco', 'Rhyhorn', 'Nosepass', 'Gloom', 'Masquerain', 'Delibird']",34,14,16
smogtours-gen3nu-505951,[Gen 3] NU,2020-06-11 20:41:43,,glaceon67942,crunch40061,glaceon67942,False,"['Flareon', 'Haunter', 'Bellossom', 'Dewgong', 'Metang']","['Wailord', 'Graveler', 'Bellossom', 'Chimecho', 'Glalie', 'Golbat']",20,7,7
smogtours-gen3nu-714764,[Gen 3] NU,2023-09-08 20:44:05,,sniper70774,stench25210,stench25210,False,"['Wailord', 'Tropius', 'Murkrow', 'Metang', 'Chimecho', 'Roselia']","['Wailord', 'Kecleon', 'Torkoal', 'Hitmonchan', 'Murkrow', 'Whiscash']",55,22,21
gen3nu-935527046,[Gen 3] NU,2019-06-27 00:06:35,,illuminate3084,payday74254,payday74254,True,"['Dustox', 'Snorunt', 'Nosepass', 'Delcatty', 'Psyduck', 'Gloom']","['Castform', 'Poliwag']",15,5,1
gen3nu-1101548484,[Gen 3] NU,2020-04-22 21:31:13,,rowapberry81823,glaceon67942,glaceon67942,False,"['Kecleon', 'Octillery', 'Haunter', 'Hitmonchan', 'Metang', 'Pupitar']","['Flareon', 'Haunter', 'Bellossom', 'Dewgong', 'Metang', 'Diglett']",25,8,9
gen3nu-1118859344,[Gen 3] NU,2020-05-21 19:45:30,,primeape81140,fire24746,fire24746,False,"['Combusken', 'Wigglytuff', 'Omanyte', 'Clamperl', 'Duskull', 'Anorith']","['Mightyena', 'Ivysaur', 'Charmeleon', 'Furret', 'Vibrava', 'Sealeo']",33,12,12
gen3nu-956266825,[Gen 3] NU,2019-08-06 15:06:17,,dusclops21757,trickroom50095,trickroom50095,False,"['Tropius', 'Wigglytuff', 'Haunter', 'Lickitung', 'Pelipper', 'Pikachu']","['Venomoth', 'Magcargo', 'Hitmonchan', 'Diglett', 'Tangela']",17,6,5
gen3nu-1140523229,[Gen 3] NU,2020-06-27 04:38:31,1023,happiny30290,lunatone14638,lunatone14638,False,"['Magcargo', 'Pineco', 'Bellossom', 'Lairon', 'Relicanth', 'Glalie']","['Huntail', 'Flareon', 'Haunter', 'Hitmonchan', 'Metang']",19,10,6
gen3nu-864536080,[Gen 3] NU,2019-02-19 00:44:48,,choicespecs43511,levitate42349,choicespecs43511,False,"['Voltorb', 'Rhyhorn', 'Snorunt', 'Sealeo', 'Furret', 'Grovyle']","['Dustox', 'Houndour', 'Dragonair', 'Omanyte', 'Minun', 'Furret']",29,8,10
smogtours-gen3nu-777439,[Gen 3] NU,2024-06-30 02:18:58,,aeroblast60363,gardevoir84608,aeroblast60363,False,"['Wailord', 'Torkoal', 'Haunter', 'Vigoroth', 'Metang', 'Glalie']","['Flareon', 'Raticate', 'Hitmonchan', 'Pelipper', 'Metang', 'Glalie']",26,8,12
gen3nu-1132564528,[Gen 3] NU,2020-06-14 16:29:17,,dragonfang79331,fastball91928,dragonfang79331,False,"['Marshtomp', 'Combusken', 'Flaaffy', 'Clamperl', 'Metang', 'Golbat']","['Seadra', 'Omanyte', 'Metang', 'Zigzagoon', 'Duskull', 'Golbat']",19,7,8
gen3nu-1159918019,[Gen 3] NU,2020-07-29 20:25:37,,barrage5747,xscissor99781,xscissor99781,False,"['Wailord', 'Graveler', 'Bellossom', 'Chimecho', 'Glalie', 'Golbat']","['Wailord', 'Haunter', 'Pupitar', 'Chimecho', 'Glalie']",21,6,7
smogtours-gen3nu-632954,[Gen 3] NU,2022-06-18 19:10:37,,drillpeck45275,lockon78937,lockon78937,False,"['Kingler', 'Wailord', 'Torkoal', 'Raticate', 'Haunter', 'Glalie']","['Wailord', 'Torkoal', 'Octillery', 'Haunter', 'Metang', 'Glalie']",27,12,11
gen3nu-848453145,[Gen 3] NU,2019-01-13 22:12:43,,blazekick65999,acupressure5238,blazekick65999,False,"['Marshtomp', 'Houndour', 'Wigglytuff', 'Minun', 'Beedrill', 'Duskull']","['Bayleef', 'Dragonair', 'Delcatty', 'Minun', 'Wailmer', 'Shuckle']",55,14,15
smogtours-gen3nu-714762,[Gen 3] NU,2023-09-08 20:24:18,,sniper70774,stench25210,sniper70774,True,"['Flareon', 'Bellossom', 'Chimecho', 'Metang', 'Diglett', 'Glalie']","['Wailord', 'Sudowoodo', 'Haunter', 'Whiscash', 'Roselia', 'Golbat']",22,9,10
gen3nu-908008387,[Gen 3] NU,2019-05-11 21:27:59,,payday74254,gengarmega66742,payday74254,False,"['Magnemite', 'Nosepass', 'Bayleef', 'Cubone']","['Dustox', 'Bayleef', 'Natu', 'Cubone', 'Chinchou', 'Taillow']",26,9,14
gen3nu-1056896603,[Gen 3] NU,2020-02-02 22:02:20,,rage81487,kyogre65407,rage81487,False,"['Venomoth', 'Torkoal', 'Hitmonchan', 'Bellossom', 'Pelipper', 'Lairon']","['Seadra', 'Flareon', 'Hitmonchan', 'Murkrow', 'Dewgong', 'Vigoroth']",24,11,6
gen3nu-933069417,[Gen 3] NU,2019-06-22 19:30:08,,lowkick70910,dark77821,lowkick70910,False,"['Voltorb', 'Rhyhorn', 'Cubone', 'Delcatty', 'Gloom', 'Delibird']","['Rhyhorn', 'Castform', 'Chinchou', 'Masquerain', 'Gloom', 'Ledian']",25,7,11
gen3nu-1128231930,[Gen 3] NU,2020-06-07 02:00:41,,beldum44742,psyduck38308,beldum44742,True,"['Meditite', 'Exeggcute', 'Machoke', 'Togepi']","['Ivysaur', 'Duskull', 'Metang']",13,3,2
smogtours-gen3nu-664132,[Gen 3] NU,2022-12-09 18:37:46,,volbeat11507,shadowtag53416,volbeat11507,True,"['Togetic', 'Omanyte', 'Minun', 'Furret', 'Swalot', 'Tangela']","['Tropius', 'Houndour', 'Volbeat', 'Charmeleon', 'Swalot', 'Tangela']",28,14,9
gen3nu-1083695057,[Gen 3] NU,2020-03-23 01:31:02,,mintberry2773,breloom95698,breloom95698,False,"['Snubbull', 'Pineco', 'Ledyba', 'Houndour', 'Totodile', 'Phanpy']","['Doduo', 'Staryu', 'Porygon', 'Rhyhorn', 'Bulbasaur']",18,8,8
gen3nu-445354016,[Gen 3] NU,2016-09-26 16:30:58,,vileplume8071,electrode23905,vileplume8071,False,"['Huntail', 'Cacturne', 'Hitmonchan', 'Pikachu']","['Noctowl', 'Flareon', 'Hitmonchan', 'Haunter', 'Cacturne', 'Whiscash']",16,5,6
gen3nu-2282585531,[Gen 3] NU,2025-01-17 02:01:54,,charcoal70,fling78647,charcoal70,False,"['Butterfree', 'Torkoal', 'Plusle', 'Combusken', 'Octillery', 'Ariados']","['Octillery', 'Hitmonchan', 'Cacturne', 'Arbok', 'Metang', 'Chimecho']",32,7,12
gen3nu-2210470673,[Gen 3] NU,2024-09-26 22:58:01,,futuresight13270,normalize71205,futuresight13270,False,"['Wailord', 'Hitmonchan', 'Cacturne', 'Vigoroth', 'Sableye', 'Chimecho']","['Flareon', 'Haunter', 'Hitmonchan', 'Bellossom', 'Pelipper', 'Chimecho']",47,21,19
gen3nu-945981759,[Gen 3] NU,2019-07-17 01:06:34,,finneon71388,weedle97459,finneon71388,True,"['Pidgeot', 'Kecleon', 'Torkoal', 'Shedinja', 'Hitmonchan', 'Pikachu']","['Pidgeot', 'Torkoal', 'Haunter', 'Bellossom', 'Whiscash', 'Metang']",26,14,13
smogtours-gen3nu-636206,[Gen 3] NU,2022-07-04 01:04:08,,stickybarb45781,flamebody71831,stickybarb45781,False,"['Wailord', 'Haunter', 'Bellossom', 'Metang', 'Glalie']","['Wailord', 'Flareon', 'Cacturne', 'Murkrow', 'Metang', 'Chimecho']",23,5,10
gen3nu-1118329994,[Gen 3] NU,2020-05-20 22:10:49,,furyswipes2115,growlithe55875,furyswipes2115,True,"['Dragonair', 'Minun', 'Charmeleon', 'Furret', 'Sealeo']","['Marshtomp', 'Mightyena', 'Houndour', 'Omanyte', 'Dragonair', 'Minun']",31,8,11
gen3nu-445052646,[Gen 3] NU,2016-09-26 01:51:24,,sharpbeak4135,beldum28773,sharpbeak4135,False,"['Beautifly', 'Haunter', 'Cacturne', 'Vigoroth', 'Metang']",['Seadra'],7,4,0
gen3nu-1151534306,[Gen 3] NU,2020-07-15 10:53:03,,aerialace91334,rocksmash50270,aerialace91334,False,"['Houndour', 'Dragonair', 'Omanyte', 'Ivysaur', 'Minun', 'Furret']","['Voltorb', 'Rhyhorn', 'Cubone', 'Delcatty', 'Gloom', 'Delibird']",19,12,9
smogtours-gen3nu-775716,[Gen 3] NU,2024-06-20 21:30:20,,roseincense97599,haunter12630,roseincense97599,False,"['Wailord', 'Torkoal', 'Hitmonchan', 'Bellossom', 'Metang', 'Golbat']","['Flareon', 'Haunter', 'Bellossom', 'Diglett', 'Relicanth', 'Tangela']",24,11,11
gen3nu-863895532,[Gen 3] NU,2019-02-17 16:22:16,,dustox45937,palkia24713,palkia24713,False,"['Voltorb', 'Growlithe', ""Farfetch'D"", 'Sunflora', 'Onix', 'Seaking']","['Voltorb', 'Rhyhorn', 'Cubone', 'Delcatty', 'Gloom', 'Delibird']",23,8,12
smogtours-gen3nu-663317,[Gen 3] NU,2022-12-01 02:54:10,,kakuna89346,glare38523,glare38523,False,"['Kingler', 'Houndour', 'Dragonair', 'Omanyte', 'Duskull', 'Abra']","['Flaaffy', 'Mawile', 'Lickitung', 'Vibrava', 'Grovyle']",22,9,7
gen3nu-935429308,[Gen 3] NU,2019-06-26 20:49:06,,magnitude74179,simple53659,magnitude74179,False,"['Growlithe', 'Rhyhorn', 'Castform', 'Seaking', 'Gloom', 'Delibird']","['Staryu', 'Bayleef', 'Castform', 'Nosepass', 'Elekid', 'Delibird']",26,9,13
gen3nu-835700461,[Gen 3] NU,2018-12-15 00:22:32,,miltank16297,heatproof30970,miltank16297,False,"['Tropius', 'Flareon', 'Haunter', 'Mawile', 'Bellossom', 'Glalie']","['Kecleon', 'Hitmonchan', 'Mawile', 'Pelipper', 'Pupitar', 'Roselia']",41,16,19
gen3nu-2094906308,[Gen 3] NU,2024-04-03 07:00:01,,armaldo22095,donphan31873,armaldo22095,True,"['Wailord', 'Flareon']","['Huntail', 'Relicanth', 'Pelipper', 'Octillery']",11,1,3
smogtours-gen3nu-616408,[Gen 3] NU,2022-03-27 23:44:27,,denpowerghost62736,burmy28567,burmy28567,False,"['Seadra', 'Flareon', 'Diglett', 'Castform', 'Lickitung', 'Pupitar']","['Pidgeot', 'Torkoal', 'Mightyena', 'Octillery', 'Swalot', 'Tangela']",35,13,11
gen3nu-1114119455,[Gen 3] NU,2020-05-13 20:50:49,,tauros25617,slakoth53488,slakoth53488,False,"['Seadra', 'Flareon', 'Hitmonchan', 'Murkrow', 'Dewgong', 'Vigoroth']","['Hitmonchan', 'Sableye', 'Dewgong', 'Pikachu', 'Glalie']",21,7,7
smogtours-gen3nu-487070,[Gen 3] NU,2020-04-03 19:42:57,,bubblebeam57653,glare38523,bubblebeam57653,False,"['Kecleon', 'Metang', 'Hitmonchan', 'Pelipper', 'Sableye', 'Roselia']","['Wailord', 'Haunter', 'Hitmonchan', 'Mawile', 'Vigoroth', 'Roselia']",94,31,34
smogtours-gen3nu-672751,[Gen 3] NU,2023-02-04 17:08:52,,magmortar19991,swinub2771,swinub2771,True,"['Flareon', 'Haunter', 'Hitmonchan', 'Pikachu', 'Chimecho']","['Wailord', 'Huntail', 'Torkoal', 'Hitmonchan', 'Chimecho', 'Glalie']",29,9,6
gen3nu-1128469348,[Gen 3] NU,2020-06-07 14:23:02,,swagger86911,adaptability26680,adaptability26680,False,"['Dragonair', 'Minun', 'Lairon', 'Charmeleon', 'Furret', 'Sealeo']","['Houndour', 'Omanyte', 'Ivysaur', 'Minun', 'Furret']",27,9,9
smogtours-gen3nu-765532,[Gen 3] NU,2024-05-04 19:52:00,,airslash47650,buneary57593,buneary57593,True,"['Octillery', 'Hitmonchan', 'Bellossom', 'Whiscash', 'Metang', 'Glalie']","['Flareon', 'Haunter', 'Hitmonchan', 'Metang', 'Glalie']",22,8,5
gen3nu-1084169809,[Gen 3] NU,2020-03-23 22:07:10,,payday74254,dragonfang79331,payday74254,False,"['Flaaffy', 'Dragonair', 'Omanyte', 'Baltoy', 'Metang']","['Abra', 'Shelgon', 'Metang', 'Flaaffy', 'Sealeo', 'Golbat']",30,8,7
gen3nu-926018846,[Gen 3] NU,2019-06-11 01:23:19,,icefang57178,stomp9436,icefang57178,False,"['Growlithe', 'Sunflora', 'Onix', 'Castform', 'Flaaffy', 'Gloom']","['Voltorb', 'Rhyhorn', 'Cubone', 'Delcatty', 'Gloom', 'Delibird']",24,8,11
gen3nu-1087306708,[Gen 3] NU,2020-03-29 10:50:27,,frz75,mist21242,mist21242,False,"['Doduo', 'Porygon', 'Pineco', 'Kabuto', 'Lotad', 'Abra']","['Voltorb', 'Diglett', 'Doduo', 'Oddish']",24,8,3
smogtours-gen3nu-758631,[Gen 3] NU,2024-04-05 22:28:37,,vitalspirit41729,airslash47650,airslash47650,False,"['Pidgeot', 'Flareon', 'Haunter', 'Metang', 'Chimecho', 'Glalie']","['Wailord', 'Sudowoodo', 'Haunter', 'Bellossom', 'Glalie', 'Golbat']",24,11,12
gen3nu-921859361,[Gen 3] NU,2019-06-04 05:21:49,,payday74254,forretress73728,forretress73728,False,"['Staryu', 'Dustox', 'Rhyhorn', 'Castform', 'Meditite', 'Magnemite']","['Castform', 'Nosepass', 'Elekid', 'Gloom', 'Mankey', 'Taillow']",34,13,13
gen3nu-1099806987,[Gen 3] NU,2020-04-20 01:58:08,,hardstone54109,metalpowder82466,hardstone54109,False,"['Wailord', 'Flareon', 'Raticate', 'Hitmonchan', 'Glalie']","['Magcargo', 'Dunsparce', 'Flareon', 'Graveler', 'Pikachu', 'Furret']",14,6,6
smogtours-gen3nu-645226,[Gen 3] NU,2022-08-26 23:13:25,,empoleon29019,drillpeck45275,drillpeck45275,True,"['Kingler', 'Wailord', 'Dunsparce', 'Cacturne', 'Sableye', 'Chimecho']","['Cacturne', 'Vigoroth', 'Hitmonchan', 'Sableye']",26,9,4
gen3nu-2169077073,[Gen 3] NU,2024-07-28 19:33:04,,needlearm59980,limber11712,needlearm59980,False,"['Huntail', 'Flareon', 'Haunter', 'Metang', 'Glalie']","['Wailord', 'Shelgon', 'Raticate', 'Minun', 'Relicanth', 'Roselia']",23,5,10
gen3nu-430664909,[Gen 3] NU,2016-09-04 03:02:48,,vibrava90071,rindoberry7399,vibrava90071,False,"['Huntail', 'Kecleon', 'Sudowoodo', 'Haunter', 'Mawile']","['Venomoth', 'Flareon', 'Hitmonchan', 'Mawile', 'Bellossom', 'Relicanth']",20,5,8
gen3nu-929191029,[Gen 3] NU,2019-06-16 11:33:00,,blacksludge5080,immunity11000,immunity11000,False,"['Wailord', 'Noctowl', 'Butterfree', 'Hitmonchan', 'Arbok', 'Crawdaunt']","['Torkoal', 'Haunter', 'Vigoroth', 'Sableye', 'Roselia']",32,8,7
smogtours-gen3nu-501420,[Gen 3] NU,2020-05-15 17:08:46,,heatrock37333,fissure96222,fissure96222,False,"['Wailord', 'Tropius', 'Flareon', 'Haunter', 'Metang', 'Glalie']","['Sudowoodo', 'Torkoal', 'Haunter', 'Dewgong', 'Chimecho', 'Diglett']",32,13,10
smogtours-gen3nu-698732,[Gen 3] NU,2023-06-23 22:13:37,,drillpeck45275,volttackle6680,drillpeck45275,False,"['Wailord', 'Hitmonchan', 'Sableye', 'Metang', 'Glalie', 'Golbat']","['Wailord', 'Raticate', 'Haunter', 'Bellossom', 'Chimecho', 'Glalie']",33,8,6
gen3nu-1081984587,[Gen 3] NU,2020-03-19 22:27:05,,exploud92539,dragonfang79331,exploud92539,False,"['Pineco', 'Metang', 'Dragonair', 'Drowzee', 'Gloom', 'Weepinbell']","['Marshtomp', 'Combusken', 'Haunter', 'Graveler', 'Wartortle', 'Drowzee']",42,19,12
gen3nu-848506896,[Gen 3] NU,2019-01-14 00:36:21,,mudkip8641,firepunch39331,firepunch39331,False,"['Ponyta', 'Marshtomp', 'Dragonair', 'Parasect', 'Corsola', 'Yanma']","['Dragonair', 'Minun', 'Lairon', 'Charmeleon', 'Furret', 'Sealeo']",32,14,15
gen3nu-914448613,[Gen 3] NU,2019-05-22 20:39:42,,swalot82460,slakoth53488,swalot82460,False,"['Pidgeot', 'Magcargo', 'Hitmonchan', 'Chimecho', 'Roselia']","['Kecleon', 'Octillery', 'Haunter', 'Hitmonchan', 'Metang', 'Pupitar']",31,10,13
smogtours-gen3nu-698227,[Gen 3] NU,2023-06-19 01:25:22,,honeygather86735,golduck61301,honeygather86735,False,"['Kecleon', 'Torkoal', 'Raticate', 'Pelipper', 'Vigoroth', 'Roselia']","['Flareon', 'Hitmonchan', 'Dewgong', 'Metang', 'Chimecho', 'Glalie']",34,12,17
gen3nu-1083687016,[Gen 3] NU,2020-03-23 01:13:29,,mintberry2773,breloom95698,breloom95698,False,"['Numel', 'Clamperl', 'Treecko', 'Duskull', 'Anorith', 'Taillow']","['Rhyhorn', 'Bulbasaur', 'Doduo', 'Staryu']",21,11,6
gen3nu-430585827,[Gen 3] NU,2016-09-04 00:42:08,,mist98895,lansatberry61686,mist98895,False,"['Hitmonchan', 'Bellossom', 'Murkrow', 'Chimecho', 'Glalie']","['Magby', 'Machoke', 'Bellossom', 'Lickitung', 'Relicanth', 'Roselia']",17,4,7
gen3nu-938538507,[Gen 3] NU,2019-07-02 16:50:52,,wailmer43107,icefang57178,wailmer43107,True,"['Pineco', 'Castform', 'Elekid', 'Meditite', 'Gloom']","['Grimer', 'Lileep', 'Castform', 'Seaking', 'Magnemite', 'Taillow']",25,11,12
smogtours-gen3nu-736133,[Gen 3] NU,2023-12-22 21:29:45,,haunter12630,outrage46997,outrage46997,False,"['Torkoal', 'Hitmonchan', 'Mawile', 'Dewgong', 'Glalie', 'Yanma']","['Hitmonchan', 'Cacturne', 'Piloswine', 'Dewgong', 'Sableye', 'Golbat']",50,23,20
smogtours-gen3nu-448145,[Gen 3] NU,2019-06-19 12:26:14,,medicham64289,sunkern78687,sunkern78687,False,"['Staryu', 'Dustox', 'Sunflora', 'Rhyhorn', 'Elekid', 'Delibird']","['Lileep', 'Nosepass', 'Meditite', 'Gloom', 'Delibird']",28,14,7
smogtours-gen3nu-741029,[Gen 3] NU,2024-01-21 19:21:59,,bulkup8211,tangledfeet30693,tangledfeet30693,False,"['Haunter', 'Pelipper', 'Vigoroth', 'Metang', 'Chimecho', 'Roselia']","['Torkoal', 'Wailord', 'Glalie', 'Plusle']",19,8,6
gen3nu-923731456,[Gen 3] NU,2019-06-07 07:16:45,,hippowdon46639,payday74254,payday74254,True,"['Dustox', 'Bayleef', 'Snorunt', 'Delcatty', 'Elekid', 'Taillow']","['Nosepass', 'Delcatty', 'Elekid', 'Gloom', 'Chinchou', 'Wailmer']",82,27,19
smogtours-gen3nu-839837,[Gen 3] NU,2025-05-05 00:59:08,,doubleteam62013,psn60461,psn60461,False,"['Wailord', 'Plusle', 'Haunter', 'Hitmonchan', 'Pelipper', 'Glalie']","['Seadra', 'Flareon', 'Haunter', 'Hitmonchan', 'Swalot', 'Glalie']",23,7,6
smogtours-gen3nu-625530,[Gen 3] NU,2022-05-11 20:29:37,,honeygather86735,twistedspoon63684,honeygather86735,False,"['Wailord', 'Huntail', 'Haunter', 'Cacturne', 'Metang', 'Chimecho']","['Wailord', 'Sudowoodo', 'Flareon', 'Haunter', 'Chimecho', 'Roselia']",40,13,14
gen3nu-1083684343,[Gen 3] NU,2020-03-23 01:09:24,,mintberry2773,breloom95698,mintberry2773,True,"['Numel', 'Clamperl', 'Treecko', 'Duskull', 'Anorith', 'Taillow']","['Chikorita', 'Snubbull', 'Pineco', 'Ledyba', 'Phanpy', 'Chinchou']",29,9,6
smogtours-gen3nu-738315,[Gen 3] NU,2024-01-07 22:38:05,,willowisp64187,airslash47650,willowisp64187,False,"['Flareon', 'Hitmonchan', 'Crawdaunt', 'Metang', 'Chimecho', 'Roselia']","['Wailord', 'Hitmonchan', 'Sableye', 'Chimecho', 'Roselia', 'Shuckle']",69,23,27
gen3nu-443432723,[Gen 3] NU,2016-09-23 19:27:35,1309,bugbuzz90773,arceusdragon51803,arceusdragon51803,False,"['Torkoal', 'Raticate', 'Haunter', 'Hitmonchan', 'Mawile', 'Dewgong']","['Pidgeot', 'Shelgon', 'Haunter', 'Pelipper', 'Relicanth', 'Glalie']",28,11,8
smogtours-gen3nu-438089,[Gen 3] NU,2019-04-27 16:19:22,,cobaberry41000,murkrow56783,murkrow56783,False,"['Noctowl', 'Flareon', 'Dewgong', 'Metang', 'Chimecho', 'Roselia']","['Kecleon', 'Tropius', 'Hitmonchan', 'Haunter', 'Relicanth', 'Glalie']",27,9,10
gen3nu-1157918667,[Gen 3] NU,2020-07-26 10:29:33,,glaceon53740,watergun59811,watergun59811,False,"['Wailord', 'Flareon', 'Murkrow', 'Pikachu', 'Diglett', 'Roselia']","['Wailord', 'Pidgeot', 'Haunter', 'Hitmonchan', 'Metang']",18,13,6
gen3nu-1146177492,[Gen 3] NU,2020-07-06 15:29:45,,drapion57021,gunkshot9424,drapion57021,False,"['Tropius', 'Haunter', 'Dewgong', 'Metang', 'Glalie', 'Abra']","['Seadra', 'Flareon', 'Hitmonchan', 'Murkrow', 'Dewgong', 'Vigoroth']",19,7,7
