id,format,uploadtime,rating,player1,player2,Winner,Forfeit,Team 1,Team 2,Turns,# Switches 1,# Switches 2
smogtours-gen1nu-584727,[Gen 1] NU,2021-10-08 22:42:07,,psn38480,judgment42249,psn38480,False,"['Moltres', 'Charizard', 'Exeggcute', 'Mr. Mime', 'Blastoise']","['Venomoth', 'Charizard', 'Golem', 'Mr. Mime', 'Clefable', 'Blastoise']",35,8,12
gen1nu-2275259160,[Gen 1] NU,2025-01-05 04:32:33,,poliwhirl66423,bulletpunch83527,poliwhirl66423,False,"['Golduck', 'Venomoth', 'Aerodactyl', 'Nidoking', 'Mr. Mime', 'Magmar']","['Charizard', 'Aerodactyl', 'Gastly', 'Raticate', 'Mr. Mime', 'Blastoise']",33,9,10
smogtours-gen1nu-665052,[Gen 1] NU,2022-12-14 19:14:00,,wish73460,oblivious21505,wish73460,False,"['Staryu', 'Rapidash', 'Dragonair', 'Nidoqueen', 'Seaking', 'Magmar']","['Rapidash', 'Nidoqueen', 'Seaking', 'Lickitung', 'Fearow', 'Abra']",40,15,17
gen1nu-2278897424,[Gen 1] NU,2025-01-11 02:36:46,,revenge71921,blizzard53783,revenge71921,False,"['Scyther', 'Venomoth', 'Exeggcute', 'Kabutops', 'Mr. Mime', 'Slowpoke']","['Venomoth', 'Charizard', 'Nidoking', 'Kabutops', 'Raticate', 'Mr. Mime']",31,9,10
gen1nu-2212401099,[Gen 1] NU,2024-09-29 21:43:57,,airlock30435,recover74685,airlock30435,False,"['Venomoth', 'Charizard', 'Aerodactyl', 'Raticate', 'Mr. Mime', 'Blastoise']","['Seadra', 'Moltres', 'Charizard', 'Raticate', 'Poliwrath', 'Fearow']",30,7,9
smogtours-gen1nu-784636,[Gen 1] NU,2024-08-07 19:25:01,,aeroblast8709,ponyta53394,aeroblast8709,False,"['Moltres', 'Seadra', 'Charizard', 'Raticate', 'Mr. Mime', 'Fearow']","['Charizard', 'Aerodactyl', 'Raticate', 'Poliwrath', 'Mr. Mime', 'Arcanine']",32,8,13
gen1nu-2208176084,[Gen 1] NU,2024-09-23 22:07:59,,stoneplate55960,deoxysattack50804,deoxysattack50804,False,"['Charizard', 'Aerodactyl', 'Magneton', 'Raticate', 'Poliwhirl', 'Mr. Mime']","['Venomoth', 'Charizard', 'Magneton', 'Raticate', 'Kabutops', 'Mr. Mime']",43,10,11
gen1nu-2145352568,[Gen 1] NU,2024-06-18 02:44:36,,mismagius33077,sunkern50532,sunkern50532,False,"['Seadra', 'Exeggcute', 'Wigglytuff', 'Raticate', 'Mr. Mime', 'Magmar']","['Venomoth', 'Charizard', 'Aerodactyl', 'Raticate', 'Blastoise']",30,12,8
smogtours-gen1nu-602160,[Gen 1] NU,2022-01-13 21:37:47,,spiderweb27115,waterpulse35893,waterpulse35893,True,"['Venomoth', 'Charizard', 'Kabutops', 'Mr. Mime', 'Clefable', 'Blastoise']","['Moltres', 'Venomoth', 'Kabutops', 'Poliwhirl', 'Mr. Mime', 'Clefable']",51,18,17
smogtours-gen1nu-784639,[Gen 1] NU,2024-08-07 19:50:19,,aeroblast8709,ponyta53394,ponyta53394,False,"['Seadra', 'Venomoth', 'Charizard', 'Raticate', 'Kabutops', 'Mr. Mime']","['Venomoth', 'Aerodactyl', 'Magneton', 'Raticate', 'Mr. Mime', 'Arcanine']",44,9,13
gen1nu-2278376930,[Gen 1] NU,2025-01-10 08:03:08,,revenge71921,blizzard53783,blizzard53783,False,"['Scyther', 'Venomoth', 'Exeggcute', 'Kabutops', 'Mr. Mime', 'Slowpoke']","['Charizard', 'Aerodactyl', 'Gastly', 'Raticate', 'Mr. Mime', 'Blastoise']",35,8,6
smogtours-gen1nu-779337,[Gen 1] NU,2024-07-09 18:56:40,,aurasphere76841,static36182,aurasphere76841,False,"['Moltres', 'Venomoth', 'Aerodactyl', 'Magneton', 'Raticate', 'Mr. Mime']","['Moltres', 'Kabutops', 'Poliwrath', 'Mr. Mime', 'Arcanine', 'Venusaur']",46,13,12
smogtours-gen1nu-784780,[Gen 1] NU,2024-08-08 23:04:42,,recover74685,probopass706,recover74685,False,"['Seadra', 'Golduck', 'Charizard', 'Kabutops', 'Mr. Mime', 'Venusaur']","['Venomoth', 'Charizard', 'Raticate', 'Kabutops', 'Mr. Mime', 'Blastoise']",34,10,10
gen1nu-2055146718,[Gen 1] NU,2024-02-09 02:04:25,1052,alakazam8068,feraligatr35835,feraligatr35835,True,"['Pinsir', 'Wigglytuff', 'Kabutops', 'Poliwrath', 'Mr. Mime', 'Blastoise']","['Charizard', 'Magneton', 'Wigglytuff', 'Raticate', 'Mr. Mime', 'Blastoise']",40,9,12
gen1nu-2271747937,[Gen 1] NU,2024-12-29 23:30:21,,revenge71921,bulletpunch83527,bulletpunch83527,True,"['Charizard', 'Wigglytuff', 'Kabutops', 'Raticate', 'Mr. Mime', 'Parasect']","['Golduck', 'Venomoth', 'Charizard', 'Aerodactyl', 'Raticate', 'Mr. Mime']",32,13,11
gen1nu-2050153915,[Gen 1] NU,2024-02-02 16:37:30,1054,revenge71921,berryjuice54970,berryjuice54970,False,"['Charizard', 'Exeggcute', 'Wigglytuff', 'Mr. Mime', 'Clefable', 'Blastoise']","['Charizard', 'Electrode', 'Exeggcute', 'Mr. Mime', 'Clefable', 'Blastoise']",44,9,12
smogtours-gen1nu-839843,[Gen 1] NU,2025-05-05 01:28:07,,motordrive87413,poisonpowder88566,motordrive87413,True,"['Seadra', 'Venomoth', 'Charizard', 'Magneton', 'Kabutops', 'Mr. Mime']","['Moltres', 'Seadra', 'Charizard', 'Poliwrath', 'Mr. Mime', 'Magmar']",34,9,8
gen1nu-2050112013,[Gen 1] NU,2024-02-02 15:27:22,1146,poisonpowder88566,revenge71921,revenge71921,False,"['Seadra', 'Venomoth', 'Magneton', 'Mr. Mime', 'Clefable', 'Blastoise']","['Charizard', 'Exeggcute', 'Wigglytuff', 'Mr. Mime', 'Clefable', 'Blastoise']",27,10,7
smogtours-gen1nu-776528,[Gen 1] NU,2024-06-23 20:43:23,,aeroblast8709,weezing40879,aeroblast8709,False,"['Venomoth', 'Charizard', 'Raticate', 'Aerodactyl']","['Venomoth', 'Charizard', 'Aerodactyl', 'Kabutops', 'Raticate', 'Fearow']",31,9,13
smogtours-gen1nu-664182,[Gen 1] NU,2022-12-09 22:36:17,,recover74685,nomove62031,recover74685,False,"['Staryu', 'Rapidash', 'Pinsir', 'Dragonair', 'Machamp']","['Staryu', 'Nidoqueen', 'Omanyte', 'Drowzee', 'Arcanine', 'Slowpoke']",27,8,11
smogtours-gen1nu-818579,[Gen 1] NU,2025-02-08 16:28:22,,bide85657,needlearm59980,bide85657,True,"['Magneton', 'Nidoking', 'Poliwrath', 'Poliwhirl', 'Mr. Mime']","['Moltres', 'Venomoth', 'Magneton', 'Poliwrath', 'Mr. Mime', 'Fearow']",23,8,12
gen1nu-2125174269,[Gen 1] NU,2024-05-17 23:25:01,,nknownability91821,rollout94469,rollout94469,False,"['Venomoth', 'Aerodactyl', 'Raticate', 'Mr. Mime', 'Arcanine', 'Blastoise']","['Golduck', 'Venomoth', 'Charizard', 'Nidoqueen', 'Mr. Mime', 'Fearow']",34,13,11
gen1nu-2275788182,[Gen 1] NU,2025-01-06 02:45:33,,revenge71921,bulletpunch83527,bulletpunch83527,True,"['Venomoth', 'Charizard', 'Magneton', 'Kabutops', 'Machamp', 'Mr. Mime']","['Venomoth', 'Charizard', 'Nidoking', 'Raticate', 'Kabutops', 'Mr. Mime']",22,5,6
smogtours-gen1nu-778182,[Gen 1] NU,2024-07-04 21:11:06,,mismagius33077,mudsport71981,mudsport71981,False,"['Nidoking', 'Exeggcute', 'Wigglytuff', 'Poliwhirl', 'Mr. Mime', 'Magmar']","['Seadra', 'Venomoth', 'Charizard', 'Raticate', 'Mr. Mime', 'Blastoise']",33,9,10
smogtours-gen1nu-729250,[Gen 1] NU,2023-11-06 01:18:14,,kangaskhan41867,waterfall8105,kangaskhan41867,False,"['Venomoth', 'Charizard', 'Electrode', 'Mr. Mime', 'Clefable', 'Blastoise']","['Seadra', 'Charizard', 'Raticate', 'Mr. Mime', 'Clefable', 'Fearow']",38,9,7
gen1nu-2275689752,[Gen 1] NU,2025-01-05 23:11:28,,revenge71921,bulletpunch83527,revenge71921,False,"['Venomoth', 'Charizard', 'Kabutops', 'Machamp', 'Mr. Mime']","['Venomoth', 'Charizard', 'Nidoking', 'Raticate', 'Kabutops', 'Mr. Mime']",21,5,10
gen1nu-2050172090,[Gen 1] NU,2024-02-02 16:49:10,1007,revenge71921,venomoth59413,revenge71921,False,"['Charizard', 'Exeggcute', 'Wigglytuff', 'Mr. Mime', 'Clefable', 'Blastoise']","['Venomoth', 'Charizard', 'Nidoking', 'Mr. Mime', 'Clefable', 'Blastoise']",35,7,13
violetversion-gen1nu-1333,[Gen 1] NU,2016-02-25 23:19:27,,mefirst94337,hustle11937,mefirst94337,False,"['Porygon', 'Poliwag', 'Nidoking', 'Tangela', 'Blastoise', 'Abra']","['Venomoth', 'Staryu', 'Porygon', 'Nidoking', 'Weepinbell', 'Blastoise']",33,10,10
gen1nu-2276525361,[Gen 1] NU,2025-01-07 09:33:26,,revenge71921,bulletpunch83527,revenge71921,True,"['Venusaur', 'Rapidash', 'Poliwrath', 'Aerodactyl']","['Arcanine', 'Charizard', 'Poliwrath']",21,7,7
gen1nu-2066307782,[Gen 1] NU,2024-02-24 00:35:32,1223,psn38480,mismagius33077,mismagius33077,True,"['Staryu', 'Charizard', 'Aerodactyl', 'Magneton', 'Exeggcute']","['Golduck', 'Mr. Mime', 'Magmar']",24,7,2
smogtours-gen1nu-723801,[Gen 1] NU,2023-10-15 07:38:46,,waterpulse35893,magnetpull75337,waterpulse35893,False,"['Kingler', 'Seadra', 'Exeggcute', 'Mr. Mime', 'Clefable', 'Blastoise']","['Venomoth', 'Charizard', 'Wigglytuff', 'Mr. Mime', 'Clefable', 'Blastoise']",49,11,16
smogtours-gen1nu-661581,[Gen 1] NU,2022-11-15 14:23:25,,powerherb16934,golbat83721,powerherb16934,False,"['Rapidash', 'Onix', 'Magneton', 'Seaking', 'Parasect', 'Fearow']","['Rapidash', 'Nidoqueen', 'Seaking', 'Lickitung', 'Drowzee', 'Arcanine']",42,13,15
smogtours-gen1nu-662013,[Gen 1] NU,2022-11-19 18:30:38,,poliwrath3176,oblivious21505,poliwrath3176,False,"['Rapidash', 'Nidoqueen', 'Seaking', 'Machamp', 'Arcanine', 'Fearow']","['Staryu', 'Rapidash', 'Nidoqueen', 'Graveler', 'Drowzee', 'Magmar']",39,14,17
smogtours-gen1nu-729363,[Gen 1] NU,2023-11-06 23:06:43,,skillswap67988,endeavor40229,endeavor40229,False,"['Moltres', 'Electrode', 'Exeggcute', 'Golem', 'Mr. Mime', 'Clefable']","['Moltres', 'Mr. Mime', 'Arcanine', 'Fearow', 'Blastoise']",28,11,7
smogtours-gen1nu-737216,[Gen 1] NU,2023-12-31 14:41:07,,aurasphere76841,waterfall8105,aurasphere76841,True,"['Electrode', 'Charizard', 'Venomoth', 'Clefable']","['Moltres', 'Charizard', 'Mr. Mime', 'Clefable', 'Arcanine', 'Fearow']",22,3,5
smogtours-gen1nu-731287,[Gen 1] NU,2023-11-18 21:22:17,,waterpulse35893,jolteon92120,waterpulse35893,False,"['Charizard', 'Dragonair', 'Raticate', 'Mr. Mime', 'Clefable', 'Fearow']","['Venomoth', 'Charizard', 'Nidoking', 'Mr. Mime', 'Clefable', 'Blastoise']",42,7,20
smogtours-gen1nu-774585,[Gen 1] NU,2024-06-15 15:25:19,,toxic43930,aerodactyl86215,aerodactyl86215,False,"['Golduck', 'Charizard', 'Aerodactyl', 'Wigglytuff', 'Raticate', 'Mr. Mime']","['Golduck', 'Venomoth', 'Charizard', 'Aerodactyl', 'Raticate', 'Mr. Mime']",31,9,7
gen1nu-2271827219,[Gen 1] NU,2024-12-30 02:33:00,,revenge71921,bulletpunch83527,revenge71921,False,"['Venomoth', 'Charizard', 'Onix', 'Mr. Mime', 'Fearow']","['Venomoth', 'Charizard', 'Nidoking', 'Raticate', 'Kabutops', 'Mr. Mime']",18,5,8
gen1nu-2282726237,[Gen 1] NU,2025-01-17 08:35:03,,revenge71921,blizzard53783,revenge71921,False,"['Venomoth', 'Charizard', 'Porygon', 'Wigglytuff', 'Mr. Mime']","['Venomoth', 'Charizard', 'Nidoking', 'Raticate', 'Kabutops', 'Mr. Mime']",33,7,10
smogtours-gen1nu-720757,[Gen 1] NU,2023-10-01 14:46:45,,buneary57593,unknownability847,buneary57593,False,"['Seadra', 'Venomoth', 'Electrode', 'Raticate', 'Mr. Mime', 'Clefable']","['Venomoth', 'Charizard', 'Nidoking', 'Mr. Mime', 'Clefable', 'Blastoise']",30,6,8
gen1nu-2368920701,[Gen 1] NU,2025-05-21 17:35:35,,ledyba46914,articuno72787,ledyba46914,False,"['Magneton', 'Kabutops', 'Mr. Mime', 'Arcanine', 'Gastly']","['Charizard', 'Aerodactyl', 'Raticate', 'Poliwrath', 'Poliwhirl', 'Mr. Mime']",27,8,8
smogtours-gen1nu-713146,[Gen 1] NU,2023-08-31 14:23:24,,powerherb16934,unknownability847,unknownability847,False,"['Venomoth', 'Charizard', 'Golem', 'Mr. Mime', 'Clefable', 'Blastoise']","['Venomoth', 'Charizard', 'Electrode', 'Mr. Mime', 'Clefable', 'Blastoise']",58,17,18
gen1nu-2055993774,[Gen 1] NU,2024-02-10 04:06:42,1108,counter60391,mismagius33077,mismagius33077,False,"['Charizard', 'Nidoking', 'Raticate', 'Mr. Mime', 'Victreebel', 'Blastoise']","['Moltres', 'Venomoth', 'Aerodactyl', 'Mr. Mime', 'Magmar']",26,9,4
gen1nu-2270172610,[Gen 1] NU,2024-12-27 00:50:59,,punishment38172,hypervoice57011,punishment38172,False,"['Seadra', 'Mr. Mime', 'Gastly', 'Aerodactyl']","['Charizard', 'Nidoking', 'Wigglytuff', 'Poliwrath', 'Mr. Mime', 'Fearow']",35,8,15
smogtours-gen1nu-662956,[Gen 1] NU,2022-11-27 18:11:48,,figyberry84605,perish13441,perish13441,False,"['Rapidash', 'Nidoqueen', 'Graveler', 'Seaking', 'Drowzee', 'Abra']","['Staryu', 'Rapidash', 'Sandslash', 'Nidoqueen', 'Drowzee', 'Arcanine']",30,12,12
smogtours-gen1nu-789973,[Gen 1] NU,2024-09-08 20:12:02,,recover74685,cascoon94634,recover74685,False,"['Moltres', 'Venomoth', 'Charizard', 'Aerodactyl', 'Poliwrath', 'Mr. Mime']","['Moltres', 'Seadra', 'Charizard', 'Mr. Mime', 'Fearow', 'Gastly']",42,8,7
gen1nu-2055710144,[Gen 1] NU,2024-02-09 19:39:19,1090,haunter32804,celebi62077,haunter32804,True,['Mr. Mime'],"['Nidoking', 'Charizard', 'Raticate']",5,0,2
gen1nu-2054952743,[Gen 1] NU,2024-02-08 20:42:25,1000,aipom38693,bide81826,bide81826,False,"['Seadra', 'Moltres', 'Nidoking', 'Wigglytuff', 'Mr. Mime', 'Victreebel']","['Golduck', 'Venomoth', 'Magmar', 'Aerodactyl']",26,7,3
gen1nu-2157951311,[Gen 1] NU,2024-07-09 17:05:14,,toxic43930,micleberry24246,toxic43930,False,"['Moltres', 'Charizard', 'Aerodactyl', 'Magneton', 'Raticate', 'Blastoise']","['Kingler', 'Moltres', 'Aerodactyl', 'Magneton', 'Nidoking', 'Venusaur']",32,7,8
smogtours-gen1nu-663588,[Gen 1] NU,2022-12-03 18:51:22,,simple96847,quilava59140,simple96847,False,"['Staryu', 'Pinsir', 'Nidoqueen', 'Omanyte', 'Arcanine', 'Slowpoke']","['Staryu', 'Rapidash', 'Nidoqueen', 'Graveler', 'Drowzee', 'Magmar']",30,10,11
gen1nu-2062255911,[Gen 1] NU,2024-02-18 18:44:59,1000,toxic43930,gastrodoneast95087,toxic43930,False,"['Moltres', 'Nidoking', 'Raticate', 'Mr. Mime', 'Venusaur', 'Blastoise']","['Golduck', 'Charizard', 'Kabutops', 'Raticate', 'Mr. Mime', 'Venusaur']",25,6,7
gen1nu-2272457389,[Gen 1] NU,2024-12-31 05:11:45,,revenge71921,bulletpunch83527,revenge71921,False,"['Charizard', 'Aerodactyl', 'Raticate', 'Mr. Mime', 'Parasect', 'Blastoise']","['Venomoth', 'Charizard', 'Nidoking', 'Raticate', 'Kabutops', 'Mr. Mime']",37,8,9
gen1nu-2277070242,[Gen 1] NU,2025-01-08 05:23:21,,revenge71921,bulletpunch83527,revenge71921,False,"['Charizard', 'Exeggcute', 'Wigglytuff', 'Mr. Mime', 'Magmar', 'Blastoise']","['Venomoth', 'Charizard', 'Nidoking', 'Raticate', 'Kabutops', 'Mr. Mime']",36,9,9
gen1nu-2069742726,[Gen 1] NU,2024-02-28 19:29:48,,denpowerghost39436,ponyta53394,denpowerghost39436,False,"['Venomoth', 'Charizard', 'Aerodactyl', 'Magneton', 'Mr. Mime', 'Blastoise']","['Moltres', 'Venomoth', 'Wigglytuff', 'Mr. Mime', 'Arcanine', 'Blastoise']",50,9,12
gen1nu-2253755799,[Gen 1] NU,2024-11-30 02:40:49,,milotic19561,denpowerghost39436,milotic19561,False,"['Magneton', 'Charizard', 'Fearow', 'Poliwrath']","['Venomoth', 'Charizard', 'Magneton', 'Poliwhirl', 'Mr. Mime', 'Fearow']",34,8,10
gen1nu-2058004104,[Gen 1] NU,2024-02-13 00:34:44,,powerlens10976,omastar20158,omastar20158,False,"['Moltres', 'Golduck', 'Nidoking', 'Raticate', 'Mr. Mime', 'Victreebel']","['Golduck', 'Mr. Mime', 'Charizard', 'Wigglytuff']",25,9,5
smogtours-gen1nu-652710,[Gen 1] NU,2022-10-02 22:10:20,,whiscash85390,twineedle48571,whiscash85390,False,"['Kingler', 'Nidoking', 'Poliwhirl', 'Mr. Mime', 'Clefable', 'Blastoise']","['Venomoth', 'Charizard', 'Golem', 'Mr. Mime', 'Clefable', 'Blastoise']",30,8,8
gen1nu-2329335785,[Gen 1] NU,2025-03-27 18:39:08,,drapion32971,habanberry34945,habanberry34945,False,"['Charizard', 'Aerodactyl', 'Magneton', 'Raticate', 'Poliwrath', 'Mr. Mime']","['Moltres', 'Charizard', 'Porygon', 'Magneton', 'Poliwrath', 'Mr. Mime']",35,10,9
smogtours-gen1nu-604795,[Gen 1] NU,2022-01-23 20:52:22,,corphish56783,rampardos23359,corphish56783,False,['Moltres'],"['Vileplume', 'Exeggcute', 'Ivysaur', 'Gloom', 'Weepinbell', 'Parasect']",8,0,5
gen1nu-2325742956,[Gen 1] NU,2025-03-23 00:22:56,,simple96847,wingattack30461,wingattack30461,False,"['Seadra', 'Venomoth', 'Magneton', 'Kabutops', 'Mr. Mime', 'Arcanine']","['Venomoth', 'Charizard', 'Magneton', 'Poliwrath', 'Mr. Mime', 'Fearow']",40,12,10
gen1nu-2056518539,[Gen 1] NU,2024-02-10 23:32:07,1099,omastar20158,recover74685,omastar20158,True,"['Venomoth', 'Charizard', 'Flareon', 'Wigglytuff', 'Mr. Mime', 'Blastoise']","['Aerodactyl', 'Raticate', 'Blastoise', 'Mr. Mime', 'Fearow', 'Gastly']",26,6,8
gen1nu-2054767351,[Gen 1] NU,2024-02-08 16:38:53,,pupitar1038,bide81826,bide81826,True,"['Pinsir', 'Dragonair', 'Mr. Mime', 'Arcanine', 'Venusaur', 'Blastoise']","['Golduck', 'Venomoth', 'Magmar', 'Aerodactyl']",24,5,3
smogtours-gen1nu-776839,[Gen 1] NU,2024-06-26 22:42:55,,ponyta53394,clefairy19286,ponyta53394,False,"['Charizard', 'Aerodactyl', 'Nidoking', 'Raticate', 'Poliwrath', 'Mr. Mime']","['Moltres', 'Venomoth', 'Charizard', 'Poliwrath', 'Mr. Mime', 'Arcanine']",76,13,8
smogtours-gen1nu-663415,[Gen 1] NU,2022-12-02 03:47:39,,arceusghost8496,icywind98531,arceusghost8496,False,"['Staryu', 'Vileplume', 'Omanyte', 'Nidoqueen', 'Seaking', 'Slowpoke']","['Staryu', 'Electrode', 'Nidoqueen', 'Seaking', 'Muk', 'Fearow']",28,8,10
gen1nu-2060342881,[Gen 1] NU,2024-02-16 00:17:14,1085,tangrowth23890,calmmind8048,tangrowth23890,False,"['Venomoth', 'Charizard', 'Raticate', 'Mr. Mime', 'Blastoise']","['Golduck', 'Nidoking', 'Wigglytuff', 'Raticate', 'Mr. Mime', 'Victreebel']",32,6,7
gen1nu-2271736787,[Gen 1] NU,2024-12-29 23:05:40,,revenge71921,bulletpunch83527,revenge71921,False,"['Venomoth', 'Charizard', 'Aerodactyl', 'Raticate', 'Mr. Mime', 'Blastoise']","['Moltres', 'Venomoth', 'Aerodactyl', 'Raticate', 'Poliwrath', 'Mr. Mime']",28,7,8
smogtours-gen1nu-589776,[Gen 1] NU,2021-10-30 19:21:20,,psn38480,ironhead21066,psn38480,True,"['Kingler', 'Wigglytuff', 'Golem', 'Mr. Mime', 'Clefable', 'Blastoise']","['Kingler', 'Venomoth', 'Charizard', 'Golem', 'Clefable', 'Primeape']",47,19,13
smogtours-gen1nu-728840,[Gen 1] NU,2023-11-05 08:40:36,,kangaskhan41867,waterpulse35893,kangaskhan41867,False,"['Charizard', 'Wigglytuff', 'Raticate', 'Mr. Mime', 'Clefable', 'Blastoise']","['Moltres', 'Venomoth', 'Electrode', 'Mr. Mime', 'Clefable', 'Blastoise']",61,30,12
gen1nu-2058029720,[Gen 1] NU,2024-02-13 01:21:17,,powerlens10976,omastar20158,omastar20158,False,"['Kingler', 'Venomoth', 'Nidoking', 'Wigglytuff', 'Mr. Mime', 'Blastoise']","['Golduck', 'Charizard', 'Porygon', 'Wigglytuff', 'Mr. Mime']",34,11,6
smogtours-gen1nu-725812,[Gen 1] NU,2023-10-22 22:23:18,,unknownability847,innerfocus97582,innerfocus97582,False,"['Seadra', 'Venomoth', 'Charizard', 'Mr. Mime', 'Clefable', 'Blastoise']","['Venomoth', 'Charizard', 'Raticate', 'Mr. Mime', 'Clefable', 'Blastoise']",36,11,9
gen1nu-2275258764,[Gen 1] NU,2025-01-05 04:27:47,,poliwhirl66423,bulletpunch83527,bulletpunch83527,True,"['Venomoth', 'Magmar', 'Aerodactyl']","['Charizard', 'Blastoise']",7,2,1
smogtours-gen1nu-813597,[Gen 1] NU,2025-01-10 21:26:04,,wacanberry11962,recover74685,wacanberry11962,False,"['Moltres', 'Venomoth', 'Charizard', 'Magneton', 'Poliwrath', 'Mr. Mime']","['Seadra', 'Moltres', 'Venomoth', 'Charizard', 'Magneton', 'Mr. Mime']",42,13,12
smogtours-gen1nu-662620,[Gen 1] NU,2022-11-26 01:49:03,,noability19212,simple96847,simple96847,True,"['Rapidash', 'Onix', 'Nidoqueen', 'Seaking', 'Weepinbell', 'Abra']","['Abra', 'Rapidash', 'Seaking']",21,9,4
gen1nu-2275227380,[Gen 1] NU,2025-01-05 03:15:49,,poliwhirl66423,bulletpunch83527,bulletpunch83527,False,"['Venomoth', 'Charizard', 'Porygon', 'Wigglytuff', 'Arbok', 'Mr. Mime']","['Venomoth', 'Charizard', 'Nidoking', 'Raticate', 'Kabutops', 'Mr. Mime']",36,9,12
gen1nu-2067600939,[Gen 1] NU,2024-02-26 00:22:16,1268,psychoboost81606,punishment38172,punishment38172,True,"['Charizard', 'Magneton', 'Wigglytuff', 'Mr. Mime', 'Venusaur', 'Blastoise']","['Golduck', 'Venomoth', 'Aerodactyl', 'Magneton', 'Mr. Mime']",27,11,6
smogtours-gen1nu-636790,[Gen 1] NU,2022-07-09 20:27:26,,encore90411,gligar43252,encore90411,False,"['Venomoth', 'Nidoking', 'Kabutops', 'Poliwhirl', 'Mr. Mime', 'Clefable']","['Venomoth', 'Charizard', 'Nidoking', 'Kabutops', 'Mr. Mime', 'Blastoise']",45,17,10
gen1nu-2193399968,[Gen 1] NU,2024-09-03 02:15:15,,razzberry64813,micleberry24246,razzberry64813,False,"['Moltres', 'Aerodactyl', 'Kabutops', 'Poliwhirl', 'Mr. Mime']","['Charizard', 'Magneton', 'Nidoking', 'Raticate', 'Poliwhirl', 'Mr. Mime']",21,5,6
smogtours-gen1nu-714477,[Gen 1] NU,2023-09-06 03:24:24,,mudsport71981,jolteon92120,mudsport71981,False,"['Venomoth', 'Charizard', 'Raticate', 'Mr. Mime', 'Clefable', 'Blastoise']","['Seadra', 'Venomoth', 'Charizard', 'Mr. Mime', 'Clefable', 'Blastoise']",29,5,8
smogtours-gen1nu-743838,[Gen 1] NU,2024-02-01 04:22:44,,magnetpull75337,machop93256,machop93256,False,"['Venomoth', 'Charizard', 'Nidoking', 'Mr. Mime', 'Clefable', 'Blastoise']","['Charizard', 'Wigglytuff', 'Raticate', 'Mr. Mime', 'Clefable']",26,8,5
smogtours-gen1nu-824616,[Gen 1] NU,2025-03-13 16:13:08,,machpunch62379,hypno24553,hypno24553,True,"['Moltres', 'Venomoth', 'Magneton', 'Raticate', 'Mr. Mime', 'Blastoise']","['Charizard', 'Magneton', 'Poliwrath', 'Mr. Mime', 'Arcanine', 'Fearow']",48,15,16
smogtours-gen1nu-661780,[Gen 1] NU,2022-11-17 21:03:46,,rhyhorn97304,tyranitar56327,tyranitar56327,False,"['Vileplume', 'Onix', 'Electrode', 'Nidoqueen', 'Machamp', 'Abra']","['Staryu', 'Rapidash', 'Vileplume', 'Nidoqueen', 'Fearow']",27,9,8
smogtours-gen1nu-584729,[Gen 1] NU,2021-10-08 22:48:13,,psn38480,judgment42249,psn38480,False,"['Moltres', 'Golem', 'Mr. Mime', 'Arcanine', 'Blastoise']","['Kingler', 'Charizard', 'Nidoking', 'Raticate', 'Poliwhirl', 'Mr. Mime']",25,9,10
gen1nu-2050875531,[Gen 1] NU,2024-02-03 16:42:10,1032,payapaberry32352,icywind79343,payapaberry32352,False,"['Moltres', 'Kingler', 'Exeggcute', 'Raticate', 'Golem', 'Mr. Mime']","['Ninetales', 'Vileplume', 'Pinsir', 'Mr. Mime', 'Clefable', 'Blastoise']",30,7,13
gen1nu-2275626985,[Gen 1] NU,2025-01-05 21:03:02,,poliwhirl66423,bulletpunch83527,poliwhirl66423,False,"['Charizard', 'Flareon', 'Exeggcute', 'Wigglytuff', 'Poliwrath', 'Mr. Mime']","['Venomoth', 'Charizard', 'Aerodactyl', 'Magneton', 'Mr. Mime', 'Blastoise']",34,9,9
gen1nu-2070762162,[Gen 1] NU,2024-03-01 01:51:40,,punishment38172,revenge71921,punishment38172,False,"['Golduck', 'Charizard', 'Aerodactyl', 'Exeggcute', 'Kabutops', 'Mr. Mime']","['Charizard', 'Exeggcute', 'Wigglytuff', 'Poliwrath', 'Mr. Mime', 'Golbat']",40,9,12
gen1nu-2061230632,[Gen 1] NU,2024-02-17 04:19:29,,punishment38172,sunkern50532,sunkern50532,False,"['Kingler', 'Venomoth', 'Aerodactyl', 'Magneton', 'Mr. Mime', 'Blastoise']","['Golduck', 'Charizard', 'Porygon', 'Wigglytuff', 'Mr. Mime', 'Victreebel']",30,9,7
smogtours-gen1nu-802752,[Gen 1] NU,2024-10-27 21:16:56,,sacredfire89193,denpowerghost39436,sacredfire89193,False,"['Seadra', 'Venomoth', 'Charizard', 'Magneton', 'Mr. Mime']","['Seadra', 'Venomoth', 'Magneton', 'Kabutops', 'Mr. Mime', 'Fearow']",27,5,8
smogtours-gen1nu-779264,[Gen 1] NU,2024-07-08 19:21:37,,gastrodon26689,aurasphere76841,aurasphere76841,False,"['Venomoth', 'Aerodactyl', 'Magneton', 'Raticate', 'Mr. Mime', 'Blastoise']","['Moltres', 'Venomoth', 'Aerodactyl', 'Magneton', 'Raticate', 'Mr. Mime']",45,11,10
smogtours-gen1nu-844418,[Gen 1] NU,2025-05-21 00:06:51,,mudsport71981,poliwrath3176,poliwrath3176,False,"['Moltres', 'Charizard', 'Porygon', 'Magneton', 'Poliwrath', 'Mr. Mime']","['Seadra', 'Charizard', 'Graveler', 'Poliwrath', 'Mr. Mime', 'Fearow']",77,13,11
smogtours-gen1nu-663464,[Gen 1] NU,2022-12-02 22:34:57,,golduck35019,cascoon94634,cascoon94634,False,"['Staryu', 'Rapidash', 'Nidoqueen', 'Seaking', 'Arcanine', 'Abra']","['Staryu', 'Omanyte', 'Dragonair', 'Nidoqueen', 'Drowzee', 'Fearow']",37,8,11
gen1nu-2063817922,[Gen 1] NU,2024-02-20 19:47:47,1000,skullbash55146,mismagius33077,mismagius33077,True,"['Moltres', 'Venomoth', 'Wigglytuff', 'Mr. Mime', 'Blastoise']","['Mr. Mime', 'Magmar']",25,6,2
gen1nu-2113617438,[Gen 1] NU,2024-04-28 22:38:10,,exeggcute86397,ledian14085,ledian14085,False,"['Moltres', 'Kingler', 'Aerodactyl', 'Nidoking', 'Wigglytuff', 'Mr. Mime']","['Venomoth', 'Raticate', 'Kabutops', 'Mr. Mime', 'Blastoise']",28,11,4
gen1nu-2275685184,[Gen 1] NU,2025-01-05 23:04:30,,revenge71921,bulletpunch83527,revenge71921,False,"['Venomoth', 'Charizard', 'Flareon', 'Wigglytuff', 'Mr. Mime', 'Blastoise']","['Seadra', 'Golduck', 'Charizard', 'Kabutops', 'Mr. Mime', 'Venusaur']",43,14,15
smogtours-gen1nu-743837,[Gen 1] NU,2024-02-01 04:11:04,,magnetpull75337,machop93256,magnetpull75337,True,"['Venomoth', 'Charizard', 'Mr. Mime', 'Clefable', 'Blastoise']","['Charizard', 'Electrode', 'Nidoking', 'Mr. Mime', 'Clefable', 'Blastoise']",25,5,8
gen1nu-2060481206,[Gen 1] NU,2024-02-16 04:43:47,1048,roleplay45768,mismagius33077,roleplay45768,False,"['Pidgeot', 'Charizard', 'Raticate', 'Mr. Mime', 'Venusaur', 'Blastoise']","['Moltres', 'Golduck', 'Venomoth', 'Aerodactyl', 'Mr. Mime', 'Magmar']",43,10,6
gen1nu-2125168964,[Gen 1] NU,2024-05-17 23:10:18,,rollout94469,swiftswim54925,rollout94469,True,"['Golduck', 'Venomoth', 'Charizard', 'Mr. Mime', 'Fearow']","['Charizard', 'Exeggcute', 'Nidoking', 'Mr. Mime', 'Blastoise']",21,5,5
smogtours-gen1nu-774814,[Gen 1] NU,2024-06-16 01:23:45,,static36182,poisonpowder88566,static36182,True,"['Golduck', 'Venomoth', 'Aerodactyl', 'Raticate', 'Mr. Mime']","['Moltres', 'Kabutops', 'Poliwrath', 'Mr. Mime', 'Arcanine', 'Venusaur']",33,10,13
gen1nu-2280807673,[Gen 1] NU,2025-01-14 09:47:37,,revenge71921,kabutops67963,kabutops67963,True,"['Venomoth', 'Charizard', 'Sandslash', 'Poliwrath', 'Mr. Mime']","['Venomoth', 'Charizard', 'Nidoking', 'Mr. Mime']",15,5,3
smogtours-gen1nu-705085,[Gen 1] NU,2023-07-23 14:27:38,,fissure61188,unknownability847,fissure61188,False,"['Seadra', 'Venomoth', 'Electrode', 'Mr. Mime', 'Clefable', 'Blastoise']","['Venomoth', 'Charizard', 'Nidoking', 'Mr. Mime', 'Clefable', 'Blastoise']",41,10,10
smogtours-gen1nu-662999,[Gen 1] NU,2022-11-27 19:58:52,,deoxysdefense78874,darkvoid39103,deoxysdefense78874,True,"['Venomoth', 'Nidoking', 'Mr. Mime', 'Clefable', 'Blastoise']","['Charizard', 'Wigglytuff', 'Kabutops', 'Mr. Mime', 'Clefable', 'Blastoise']",34,9,12
smogtours-gen1nu-782232,[Gen 1] NU,2024-07-25 19:48:32,,ddenpowerdark55312,ponyta53394,ddenpowerdark55312,True,"['Venomoth', 'Charizard', 'Kabutops', 'Poliwrath', 'Raticate', 'Mr. Mime']","['Venomoth', 'Aerodactyl', 'Magneton', 'Raticate', 'Mr. Mime', 'Arcanine']",27,11,11
gen1nu-2127105268,[Gen 1] NU,2024-05-20 23:54:45,,kangaskhan44566,mismagius33077,mismagius33077,False,"['Golduck', 'Nidoking', 'Mr. Mime', 'Arcanine', 'Venusaur', 'Fearow']","['Golduck', 'Venomoth', 'Aerodactyl', 'Mr. Mime', 'Magmar']",34,9,4
gen1nu-2061623189,[Gen 1] NU,2024-02-17 19:44:47,1054,diglett37152,calmmind8048,diglett37152,True,"['Charizard', 'Porygon', 'Wigglytuff', 'Poliwhirl', 'Mr. Mime', 'Beedrill']","['Golduck', 'Nidoking', 'Wigglytuff', 'Raticate', 'Mr. Mime', 'Victreebel']",37,10,10
smogtours-gen1nu-599572,[Gen 1] NU,2021-12-29 22:24:04,,waterpulse35893,drowzee8791,drowzee8791,False,"['Venomoth', 'Charizard', 'Nidoking', 'Mr. Mime', 'Clefable', 'Blastoise']","['Charizard', 'Nidoking', 'Poliwhirl', 'Mr. Mime', 'Clefable', 'Blastoise']",40,10,9
smogtours-gen1nu-605223,[Gen 1] NU,2022-01-28 21:15:12,,levelball80103,synchronize14428,synchronize14428,False,"['Charizard', 'Porygon', 'Poliwhirl', 'Mr. Mime', 'Clefable', 'Blastoise']","['Venomoth', 'Charizard', 'Nidoking', 'Mr. Mime', 'Clefable', 'Blastoise']",43,15,14
gen1nu-2283168508,[Gen 1] NU,2025-01-17 23:46:04,,revenge71921,blizzard53783,blizzard53783,True,"['Arcanine', 'Poliwrath']",['Charizard'],5,1,0
smogtours-gen1nu-789974,[Gen 1] NU,2024-09-08 20:14:59,,aspearberry20002,psn38480,psn38480,True,"['Moltres', 'Venomoth', 'Charizard', 'Magneton', 'Mr. Mime', 'Fearow']","['Seadra', 'Charizard', 'Raticate', 'Poliwrath', 'Mr. Mime', 'Blastoise']",31,10,9
smogtours-gen1nu-814475,[Gen 1] NU,2025-01-17 22:02:15,,poisonpowder88566,ponyta53394,ponyta53394,True,"['Charizard', 'Magneton', 'Sandslash', 'Poliwhirl', 'Mr. Mime', 'Fearow']","['Seadra', 'Scyther', 'Venomoth', 'Charizard', 'Graveler', 'Mr. Mime']",27,10,9
gen1nu-2281188745,[Gen 1] NU,2025-01-14 22:04:25,,revenge71921,bulletpunch83527,bulletpunch83527,True,"['Venomoth', 'Kabutops', 'Slowpoke', 'Exeggcute']","['Seadra', 'Charizard', 'Venusaur']",13,5,3
gen1nu-2213145661,[Gen 1] NU,2024-09-30 22:25:57,,denpowerghost39436,mismagius33077,denpowerghost39436,False,"['Venomoth', 'Charizard', 'Magneton', 'Poliwrath', 'Arcanine', 'Fearow']","['Nidoking', 'Exeggcute', 'Wigglytuff', 'Poliwhirl', 'Mr. Mime', 'Magmar']",24,5,8
smogtours-gen1nu-819793,[Gen 1] NU,2025-02-14 20:56:03,,poisonpowder88566,ponyta53394,poisonpowder88566,False,"['Golduck', 'Venomoth', 'Porygon', 'Kabutops', 'Mr. Mime']","['Charizard', 'Poliwrath', 'Mr. Mime', 'Arcanine', 'Fearow', 'Blastoise']",42,13,13
gen1nu-2060351969,[Gen 1] NU,2024-02-16 00:37:38,1088,rollout94469,tangrowth23890,rollout94469,False,"['Moltres', 'Exeggcute', 'Wigglytuff', 'Poliwrath', 'Mr. Mime', 'Golbat']","['Venomoth', 'Charizard', 'Aerodactyl', 'Raticate', 'Mr. Mime', 'Blastoise']",49,12,10
gen1nu-2278244613,[Gen 1] NU,2025-01-10 01:54:20,,revenge71921,blizzard53783,revenge71921,False,"['Scyther', 'Venomoth', 'Exeggcute', 'Kabutops', 'Mr. Mime', 'Slowpoke']","['Seadra', 'Golduck', 'Charizard', 'Kabutops', 'Mr. Mime', 'Venusaur']",36,13,10
smogtours-gen1nu-700136,[Gen 1] NU,2023-06-30 19:40:45,,absol73157,aurasphere76841,aurasphere76841,False,"['Kingler', 'Venomoth', 'Charizard', 'Mr. Mime', 'Clefable', 'Blastoise']","['Venomoth', 'Charizard', 'Nidoking', 'Mr. Mime', 'Clefable', 'Blastoise']",30,9,9
smogtours-gen1nu-645181,[Gen 1] NU,2022-08-26 18:22:54,,mawile36886,gastrodon26689,gastrodon26689,False,"['Charizard', 'Poliwhirl', 'Golem', 'Mr. Mime', 'Clefable', 'Blastoise']","['Charizard', 'Nidoking', 'Poliwhirl', 'Mr. Mime', 'Clefable', 'Blastoise']",38,12,7
gen1nu-2064450932,[Gen 1] NU,2024-02-21 16:24:04,1048,rollout94469,slackoff64995,rollout94469,True,"['Moltres', 'Exeggcute', 'Wigglytuff', 'Poliwrath']","['Golduck', 'Venomoth', 'Charizard', 'Aerodactyl', 'Nidoking', 'Mr. Mime']",17,6,7
gen1nu-2087880442,[Gen 1] NU,2024-03-24 05:26:02,,punishment38172,bide81826,bide81826,False,"['Kingler', 'Golduck', 'Venomoth', 'Aerodactyl', 'Mr. Mime', 'Fearow']","['Seadra', 'Venomoth', 'Charizard', 'Mr. Mime', 'Blastoise']",26,6,8
gen1nu-2280812234,[Gen 1] NU,2025-01-14 10:05:13,,revenge71921,kabutops67963,kabutops67963,True,"['Seadra', 'Venomoth', 'Charizard', 'Raticate', 'Mr. Mime', 'Muk']","['Venomoth', 'Charizard', 'Nidoking', 'Kabutops', 'Raticate', 'Mr. Mime']",26,8,7
gen1nu-2277168660,[Gen 1] NU,2025-01-08 10:50:05,,revenge71921,bulletpunch83527,revenge71921,False,"['Rapidash', 'Aerodactyl', 'Wigglytuff', 'Poliwrath', 'Mr. Mime', 'Venusaur']","['Venomoth', 'Charizard', 'Nidoking', 'Kabutops', 'Raticate', 'Mr. Mime']",49,15,16
gen1nu-2253749546,[Gen 1] NU,2024-11-30 02:21:54,,milotic19561,denpowerghost39436,denpowerghost39436,False,"['Venomoth', 'Charizard', 'Wigglytuff', 'Mr. Mime', 'Venusaur', 'Blastoise']","['Venomoth', 'Charizard', 'Magneton', 'Poliwrath', 'Mr. Mime']",26,12,6
smogtours-gen1nu-743077,[Gen 1] NU,2024-01-28 21:23:20,,kangaskhan41867,mudsport71981,mudsport71981,False,"['Venomoth', 'Ninetales', 'Charizard', 'Mr. Mime', 'Clefable', 'Blastoise']","['Seadra', 'Venomoth', 'Electrode', 'Raticate', 'Kabutops', 'Mr. Mime']",34,15,12
smogtours-gen1nu-739404,[Gen 1] NU,2024-01-14 23:11:38,,aquaring89206,absol86495,aquaring89206,False,"['Venomoth', 'Charizard', 'Nidoking', 'Mr. Mime', 'Clefable', 'Blastoise']","['Venomoth', 'Charizard', 'Raticate', 'Mr. Mime', 'Clefable', 'Blastoise']",31,8,10
smogtours-gen1nu-608718,[Gen 1] NU,2022-02-14 15:31:31,,levelball80103,golduck35019,golduck35019,False,"['Charizard', 'Exeggcute', 'Golem', 'Mr. Mime', 'Clefable', 'Blastoise']","['Charizard', 'Raticate', 'Poliwhirl', 'Mr. Mime', 'Clefable', 'Blastoise']",27,10,8
smogtours-gen1nu-781192,[Gen 1] NU,2024-07-20 09:27:38,,aurasphere76841,magnetpull75337,aurasphere76841,False,"['Charizard', 'Magneton', 'Exeggcute', 'Raticate', 'Poliwrath', 'Mr. Mime']","['Venomoth', 'Charizard', 'Aerodactyl', 'Nidoking', 'Raticate', 'Mr. Mime']",25,8,10
smogtours-gen1nu-782005,[Gen 1] NU,2024-07-23 19:45:28,,quickclaw83695,ponyta53394,ponyta53394,True,"['Golduck', 'Charizard', 'Aerodactyl', 'Nidoking', 'Mr. Mime', 'Blastoise']","['Mr. Mime', 'Charizard', 'Venusaur']",16,8,2
smogtours-gen1nu-605237,[Gen 1] NU,2022-01-28 22:22:07,,encore90411,waterpulse35893,encore90411,True,"['Exeggcute', 'Kabutops', 'Mr. Mime', 'Clefable', 'Blastoise']","['Venomoth', 'Charizard', 'Kabutops', 'Poliwhirl', 'Mr. Mime', 'Clefable']",26,6,6
gen1nu-2051168574,[Gen 1] NU,2024-02-04 01:26:01,1055,overgrow15576,icepunch31870,overgrow15576,False,"['Venomoth', 'Ninetales', 'Charizard', 'Mr. Mime', 'Clefable', 'Blastoise']","['Kingler', 'Moltres', 'Venomoth', 'Mr. Mime', 'Clefable', 'Blastoise']",59,14,17
smogtours-gen1nu-665183,[Gen 1] NU,2022-12-17 03:08:12,,perish13441,golbat83721,golbat83721,True,"['Sandslash', 'Arcanine', 'Drowzee', 'Staryu']","['Lickitung', 'Nidoqueen', 'Rapidash', 'Seaking']",12,3,3
gen1nu-2166211451,[Gen 1] NU,2024-07-23 21:23:13,,recover74685,poisonpowder88566,poisonpowder88566,True,"['Venomoth', 'Charizard', 'Aerodactyl', 'Raticate', 'Mr. Mime', 'Blastoise']","['Magneton', 'Raticate', 'Poliwrath', 'Arcanine', 'Fearow', 'Gastly']",34,10,9
gen1nu-2270143060,[Gen 1] NU,2024-12-26 23:40:45,,punishment38172,revenge71921,revenge71921,False,"['Golduck', 'Venomoth', 'Aerodactyl', 'Wigglytuff', 'Mr. Mime', 'Arcanine']","['Golduck', 'Venomoth', 'Aerodactyl', 'Nidoking', 'Mr. Mime', 'Magmar']",43,17,11
gen1nu-2136393054,[Gen 1] NU,2024-06-04 00:19:01,,charcoal70,poisonpowder88566,poisonpowder88566,False,"['Moltres', 'Venomoth', 'Charizard', 'Poliwrath', 'Mr. Mime', 'Arcanine']","['Charizard', 'Raticate', 'Kabutops', 'Poliwrath', 'Mr. Mime', 'Fearow']",27,9,8
smogtours-gen1nu-655383,[Gen 1] NU,2022-10-16 16:47:30,,gastrodon26689,deoxysdefense78874,deoxysdefense78874,False,"['Venomoth', 'Charizard', 'Kabutops', 'Poliwhirl', 'Mr. Mime', 'Clefable']","['Charizard', 'Nidoking', 'Poliwhirl', 'Mr. Mime', 'Clefable', 'Blastoise']",30,7,5
gen1nu-2278395162,[Gen 1] NU,2025-01-10 08:55:35,,revenge71921,blizzard53783,revenge71921,True,"['Venomoth', 'Exeggcute', 'Kabutops', 'Mr. Mime', 'Slowpoke']","['Venomoth', 'Charizard', 'Nidoking', 'Mr. Mime']",19,7,4
smogtours-gen1nu-804005,[Gen 1] NU,2024-11-02 18:04:09,,ponyta53394,sacredfire89193,ponyta53394,False,"['Venomoth', 'Charizard', 'Graveler', 'Mr. Mime', 'Fearow', 'Blastoise']","['Moltres', 'Charizard', 'Raticate', 'Poliwhirl', 'Mr. Mime', 'Blastoise']",31,10,11
smogtours-gen1nu-807817,[Gen 1] NU,2024-11-24 21:40:19,,mudsport71981,stoneplate55960,mudsport71981,False,"['Moltres', 'Venomoth', 'Magneton', 'Kabutops', 'Mr. Mime', 'Fearow']","['Venomoth', 'Charizard', 'Magneton', 'Raticate', 'Poliwrath', 'Mr. Mime']",50,13,15
smogtours-gen1nu-788711,[Gen 1] NU,2024-09-01 21:04:10,,sacredfire89193,floatzel25266,floatzel25266,False,"['Seadra', 'Charizard', 'Raticate', 'Poliwrath', 'Arcanine', 'Fearow']","['Seadra', 'Venomoth', 'Charizard', 'Magneton', 'Mr. Mime', 'Blastoise']",34,9,13
gen1nu-2050090128,[Gen 1] NU,2024-02-02 14:54:55,1118,poisonpowder88566,revenge71921,revenge71921,False,"['Seadra', 'Venomoth', 'Magneton', 'Mr. Mime', 'Clefable', 'Blastoise']","['Charizard', 'Exeggcute', 'Wigglytuff', 'Mr. Mime', 'Clefable', 'Blastoise']",32,8,7
smogtours-gen1nu-599627,[Gen 1] NU,2021-12-30 02:01:55,,psn38480,spiderweb27115,spiderweb27115,False,"['Moltres', 'Kingler', 'Charizard', 'Exeggcute', 'Mr. Mime', 'Blastoise']","['Charizard', 'Porygon', 'Golem', 'Mr. Mime', 'Slowpoke', 'Blastoise']",47,13,11
gen1nu-2069876869,[Gen 1] NU,2024-02-28 22:45:46,1000,shinx81232,mismagius33077,mismagius33077,True,"['Kingler', 'Aerodactyl', 'Nidoking', 'Kabutops', 'Mr. Mime', 'Venusaur']","['Golduck', 'Venomoth', 'Magmar']",21,6,3
smogtours-gen1nu-645124,[Gen 1] NU,2022-08-25 21:16:58,,manaphy22907,ddenpowerrock80255,ddenpowerrock80255,True,"['Ninetales', 'Charizard', 'Poliwhirl', 'Mr. Mime', 'Clefable', 'Blastoise']","['Nidoking', 'Kabutops', 'Poliwhirl', 'Mr. Mime', 'Clefable', 'Blastoise']",38,11,10
smogtours-gen1nu-752382,[Gen 1] NU,2024-03-09 18:43:37,,rattata90247,denpowerghost39436,denpowerghost39436,True,"['Seadra', 'Aerodactyl', 'Kabutops', 'Raticate', 'Mr. Mime']","['Aerodactyl', 'Magneton', 'Raticate', 'Poliwhirl', 'Mr. Mime']",21,4,4
gen1nu-2049629374,[Gen 1] NU,2024-02-01 23:04:52,1013,chopleberry38027,berryjuice54970,chopleberry38027,False,"['Venomoth', 'Charizard', 'Golem', 'Mr. Mime', 'Clefable', 'Blastoise']","['Charizard', 'Exeggcute', 'Electrode', 'Mr. Mime', 'Clefable', 'Blastoise']",36,10,14
smogtours-gen1nu-779209,[Gen 1] NU,2024-07-08 14:44:17,,perishsong83468,powerlens28906,powerlens28906,False,"['Venomoth', 'Charizard', 'Aerodactyl', 'Raticate', 'Mr. Mime', 'Blastoise']","['Moltres', 'Kabutops', 'Poliwrath', 'Mr. Mime', 'Arcanine', 'Venusaur']",41,12,11
smogtours-gen1nu-663287,[Gen 1] NU,2022-11-30 15:24:15,,kakuna89346,golbat83721,kakuna89346,False,"['Staryu', 'Rapidash', 'Nidoqueen', 'Graveler', 'Drowzee', 'Arcanine']","['Rapidash', 'Pinsir', 'Nidoqueen', 'Shellder', 'Lickitung', 'Abra']",47,18,17
smogtours-gen1nu-779496,[Gen 1] NU,2024-07-11 01:57:42,,denpowerghost39436,ponyta53394,denpowerghost39436,False,"['Venomoth', 'Charizard', 'Raticate', 'Mr. Mime', 'Fearow', 'Blastoise']","['Venomoth', 'Aerodactyl', 'Magneton', 'Raticate', 'Mr. Mime', 'Arcanine']",26,9,10
smogtours-gen1nu-747821,[Gen 1] NU,2024-02-17 15:36:11,,hariyama33057,poisonpowder88566,poisonpowder88566,False,"['Charizard', 'Wigglytuff', 'Raticate', 'Poliwhirl', 'Mr. Mime', 'Blastoise']","['Venomoth', 'Charizard', 'Aerodactyl', 'Magneton', 'Poliwhirl', 'Mr. Mime']",30,7,9
smogtours-gen1nu-794358,[Gen 1] NU,2024-10-03 20:20:02,,heatran43293,sacredfire89193,heatran43293,False,"['Arcanine', 'Fearow', 'Blastoise', 'Mr. Mime']","['Moltres', 'Golduck', 'Seadra', 'Magneton', 'Mr. Mime', 'Gastly']",19,4,6
smogtours-gen1nu-648715,[Gen 1] NU,2022-09-17 21:27:29,,manaphy22907,flareblitz41770,flareblitz41770,False,"['Charizard', 'Nidoking', 'Poliwhirl', 'Mr. Mime', 'Clefable', 'Blastoise']","['Charizard', 'Exeggcute', 'Kabutops', 'Mr. Mime', 'Clefable', 'Blastoise']",29,14,9
smogtours-gen1nu-664291,[Gen 1] NU,2022-12-10 22:13:19,,plusle34440,noability19212,plusle34440,True,"['Vileplume', 'Rapidash', 'Omanyte', 'Nidoqueen', 'Seaking']","['Staryu', 'Rapidash', 'Omanyte', 'Dragonair', 'Nidoqueen', 'Drowzee']",37,11,15
smogtours-gen1nu-661548,[Gen 1] NU,2022-11-14 20:39:44,,grudge72227,dark7204,dark7204,False,"['Staryu', 'Rapidash', 'Nidoqueen', 'Graveler', 'Drowzee', 'Magmar']","['Vileplume', 'Rapidash', 'Nidoqueen', 'Seaking', 'Drowzee']",41,10,6
smogtours-gen1nu-628432,[Gen 1] NU,2022-05-28 04:46:43,,stick49496,seedot88254,seedot88254,False,"['Voltorb', 'Ivysaur', 'Tentacool', 'Meowth', 'Charmeleon', 'Golbat']","['Voltorb', 'Ivysaur', 'Meowth', 'Tentacool', 'Beedrill', 'Charmeleon']",32,14,12
smogtours-gen1nu-727102,[Gen 1] NU,2023-10-28 19:57:43,,buneary57593,extrasensory76435,extrasensory76435,False,"['Seadra', 'Venomoth', 'Electrode', 'Raticate', 'Mr. Mime', 'Clefable']","['Venomoth', 'Charizard', 'Wigglytuff', 'Mr. Mime', 'Clefable', 'Blastoise']",36,9,10
gen1nu-2208157619,[Gen 1] NU,2024-09-23 22:08:12,,deoxysattack50804,stoneplate55960,deoxysattack50804,False,"['Venomoth', 'Charizard', 'Magneton', 'Raticate', 'Kabutops', 'Mr. Mime']","['Moltres', 'Charizard', 'Poliwrath', 'Mr. Mime', 'Fearow', 'Gastly']",30,8,7
smogtours-gen1nu-723374,[Gen 1] NU,2023-10-14 02:22:41,,innerfocus97582,jolteon92120,jolteon92120,False,"['Venomoth', 'Charizard', 'Mr. Mime', 'Clefable', 'Fearow', 'Blastoise']","['Venomoth', 'Charizard', 'Nidoking', 'Mr. Mime', 'Clefable', 'Blastoise']",35,9,11
gen1nu-2060385904,[Gen 1] NU,2024-02-16 01:37:26,1034,tangrowth23890,punishment38172,tangrowth23890,False,"['Venomoth', 'Charizard', 'Aerodactyl', 'Raticate', 'Mr. Mime', 'Blastoise']","['Golduck', 'Venomoth', 'Aerodactyl', 'Magneton', 'Wigglytuff', 'Mr. Mime']",33,9,9
gen1nu-2275638704,[Gen 1] NU,2025-01-05 21:28:36,,poliwhirl66423,bulletpunch83527,bulletpunch83527,False,"['Pidgeot', 'Charizard', 'Kabutops', 'Poliwrath', 'Mr. Mime', 'Parasect']","['Venomoth', 'Aerodactyl', 'Magneton', 'Mr. Mime', 'Blastoise']",30,7,9
gen1nu-2139640673,[Gen 1] NU,2024-06-08 23:55:39,,bide81826,magnitude9077,bide81826,False,"['Charizard', 'Flareon', 'Exeggcute', 'Wigglytuff', 'Poliwrath', 'Mr. Mime']","['Moltres', 'Kabutops', 'Poliwrath', 'Mr. Mime', 'Arcanine', 'Venusaur']",21,5,8
gen1nu-2275821921,[Gen 1] NU,2025-01-06 04:09:37,,revenge71921,bulletpunch83527,bulletpunch83527,False,"['Kingler', 'Venomoth', 'Charizard', 'Wigglytuff', 'Mr. Mime', 'Blastoise']","['Venomoth', 'Charizard', 'Nidoking', 'Raticate', 'Kabutops', 'Mr. Mime']",28,10,6
smogtours-gen1nu-784779,[Gen 1] NU,2024-08-08 22:50:05,,recover74685,probopass706,probopass706,False,"['Charizard', 'Porygon', 'Magneton', 'Raticate', 'Poliwhirl', 'Fearow']","['Venomoth', 'Charizard', 'Kabutops', 'Raticate', 'Mr. Mime', 'Blastoise']",32,10,7
smogtours-gen1nu-792016,[Gen 1] NU,2024-09-22 14:15:10,,powerherb16934,cascoon94634,cascoon94634,False,"['Moltres', 'Venomoth', 'Aerodactyl', 'Raticate', 'Mr. Mime', 'Fearow']","['Charizard', 'Poliwrath', 'Mr. Mime', 'Primeape', 'Blastoise']",21,7,8
gen1nu-2051198859,[Gen 1] NU,2024-02-04 02:21:16,1068,thundershock67549,growl5652,thundershock67549,False,"['Charizard', 'Exeggcute', 'Wigglytuff', 'Mr. Mime', 'Blastoise']","['Moltres', 'Venomoth', 'Mr. Mime', 'Lickitung', 'Clefable', 'Blastoise']",34,6,10
gen1nu-2275620985,[Gen 1] NU,2025-01-05 20:51:52,,poliwhirl66423,bulletpunch83527,poliwhirl66423,False,"['Venomoth', 'Charizard', 'Magneton', 'Kabutops', 'Machamp', 'Mr. Mime']","['Venomoth', 'Charizard', 'Aerodactyl', 'Magneton', 'Mr. Mime', 'Blastoise']",36,7,8
gen1nu-2070752246,[Gen 1] NU,2024-03-01 01:29:59,1066,revenge71921,weepinbell68120,revenge71921,False,"['Golduck', 'Venomoth', 'Charizard', 'Nidoqueen', 'Mr. Mime', 'Fearow']","['Venomoth', 'Nidoking', 'Raticate', 'Kabutops', 'Poliwrath', 'Mr. Mime']",25,6,9
gen1nu-2054150393,[Gen 1] NU,2024-02-07 20:49:18,1023,chopleberry38027,kangaskhan44566,kangaskhan44566,False,"['Aerodactyl', 'Nidoking', 'Raticate', 'Poliwhirl', 'Mr. Mime', 'Venusaur']","['Golduck', 'Mr. Mime', 'Arcanine', 'Venusaur', 'Fearow']",21,6,5
gen1nu-2060767658,[Gen 1] NU,2024-02-16 15:34:55,1140,rollout79143,poisonpowder88566,poisonpowder88566,False,"['Rapidash', 'Aerodactyl', 'Exeggcute', 'Raticate', 'Mr. Mime', 'Blastoise']","['Seadra', 'Magneton', 'Poliwhirl', 'Mr. Mime', 'Fearow']",27,11,8
smogtours-gen1nu-661927,[Gen 1] NU,2022-11-19 15:43:21,,zoomlens15496,minun50581,zoomlens15496,False,"['Rapidash', 'Pinsir', 'Omanyte', 'Nidoqueen', 'Machamp', 'Slowpoke']","['Rapidash', 'Sandslash', 'Omanyte', 'Nidoqueen', 'Machamp', 'Drowzee']",36,16,11
gen1nu-2275611632,[Gen 1] NU,2025-01-05 20:31:56,,poliwhirl66423,bulletpunch83527,bulletpunch83527,True,"['Venomoth', 'Charizard', 'Magneton', 'Kabutops', 'Machamp', 'Mr. Mime']","['Venomoth', 'Charizard', 'Aerodactyl', 'Magneton', 'Mr. Mime', 'Blastoise']",31,8,9
smogtours-gen1nu-711995,[Gen 1] NU,2023-08-24 22:40:05,,spiritomb2144,stench25210,stench25210,True,"['Moltres', 'Venomoth', 'Electrode', 'Mr. Mime', 'Clefable', 'Blastoise']","['Venomoth', 'Charizard', 'Nidoking', 'Mr. Mime', 'Clefable', 'Blastoise']",42,16,16
smogtours-gen1nu-710404,[Gen 1] NU,2023-08-17 20:13:43,,innerfocus97582,extremespeed62335,innerfocus97582,False,"['Seadra', 'Porygon', 'Exeggcute', 'Mr. Mime', 'Blastoise']","['Venomoth', 'Charizard', 'Nidoking', 'Mr. Mime', 'Clefable', 'Blastoise']",30,11,11
smogtours-gen1nu-800070,[Gen 1] NU,2024-10-19 20:12:20,,heatran43293,mudsport71981,heatran43293,False,"['Seadra', 'Scyther', 'Moltres', 'Charizard', 'Dragonair', 'Fearow']","['Moltres', 'Venomoth', 'Porygon', 'Kabutops', 'Mr. Mime', 'Fearow']",48,12,13
gen1nu-2058026432,[Gen 1] NU,2024-02-13 01:15:09,,powerlens10976,omastar20158,omastar20158,False,"['Kingler', 'Venomoth', 'Nidoking', 'Wigglytuff', 'Mr. Mime', 'Blastoise']","['Golduck', 'Venomoth', 'Magmar', 'Mr. Mime']",25,10,3
smogtours-gen1nu-705605,[Gen 1] NU,2023-07-25 16:10:55,,lick25189,jolteon92120,jolteon92120,True,"['Moltres', 'Electrode', 'Golem', 'Mr. Mime', 'Clefable', 'Blastoise']","['Venomoth', 'Charizard', 'Nidoking', 'Mr. Mime', 'Clefable', 'Blastoise']",27,5,7
smogtours-gen1nu-663416,[Gen 1] NU,2022-12-02 03:59:45,,icywind98531,arceusghost8496,arceusghost8496,False,"['Staryu', 'Pinsir', 'Electrode', 'Omanyte', 'Nidoqueen', 'Drowzee']","['Staryu', 'Omanyte', 'Dragonair', 'Nidoqueen', 'Drowzee', 'Abra']",60,23,11
smogtours-gen1nu-781189,[Gen 1] NU,2024-07-20 09:17:29,,aurasphere76841,magnetpull75337,magnetpull75337,False,"['Charizard', 'Magneton', 'Kabutops', 'Mr. Mime', 'Arcanine', 'Gastly']","['Venomoth', 'Charizard', 'Aerodactyl', 'Raticate', 'Kabutops', 'Mr. Mime']",29,11,7
smogtours-gen1nu-779493,[Gen 1] NU,2024-07-11 01:39:32,,denpowerghost39436,ponyta53394,denpowerghost39436,False,"['Magneton', 'Mr. Mime', 'Charizard', 'Venusaur']","['Venomoth', 'Aerodactyl', 'Magneton', 'Raticate', 'Mr. Mime']",18,6,9
gen1nu-2050285163,[Gen 1] NU,2024-02-02 19:27:31,1000,revenge71921,toxicspikes74725,revenge71921,False,"['Charizard', 'Exeggcute', 'Wigglytuff', 'Mr. Mime', 'Clefable', 'Blastoise']","['Seadra', 'Ninetales', 'Porygon', 'Electrode', 'Golem', 'Mr. Mime']",33,8,14
smogtours-gen1nu-781373,[Gen 1] NU,2024-07-20 20:31:04,,fissure61188,powerlens28906,fissure61188,False,"['Moltres', 'Venomoth', 'Raticate', 'Mr. Mime', 'Fearow', 'Blastoise']","['Charizard', 'Aerodactyl', 'Gastly', 'Raticate', 'Mr. Mime', 'Blastoise']",32,15,15
smogtours-gen1nu-779468,[Gen 1] NU,2024-07-10 22:30:07,,recover74685,steel89481,steel89481,True,"['Charizard', 'Porygon', 'Magneton', 'Raticate', 'Poliwhirl', 'Fearow']","['Moltres', 'Nidoking', 'Raticate', 'Mr. Mime', 'Venusaur', 'Blastoise']",32,9,11
smogtours-gen1nu-737217,[Gen 1] NU,2023-12-31 14:44:37,,waterfall8105,aurasphere76841,waterfall8105,False,"['Seadra', 'Charizard', 'Raticate', 'Mr. Mime', 'Clefable', 'Fearow']","['Venomoth', 'Wigglytuff', 'Mr. Mime', 'Clefable', 'Arcanine', 'Fearow']",26,6,5
smogtours-gen1nu-781968,[Gen 1] NU,2024-07-23 02:28:54,,aquaring89206,magnetpull75337,aquaring89206,False,"['Seadra', 'Charizard', 'Kabutops', 'Poliwrath', 'Mr. Mime', 'Venusaur']","['Seadra', 'Charizard', 'Aerodactyl', 'Raticate', 'Mr. Mime', 'Venusaur']",40,16,11
smogtours-gen1nu-664364,[Gen 1] NU,2022-12-11 17:08:08,,meditate33036,darkvoid39103,meditate33036,False,"['Venomoth', 'Charizard', 'Nidoking', 'Mr. Mime', 'Clefable', 'Blastoise']","['Charizard', 'Exeggcute', 'Kabutops', 'Golem', 'Mr. Mime', 'Clefable']",63,18,21
gen1nu-2060051362,[Gen 1] NU,2024-02-15 17:04:18,1000,superluck63567,rollout94469,rollout94469,False,"['Moltres', 'Kingler', 'Nidoking', 'Graveler', 'Parasect', 'Blastoise']","['Moltres', 'Mr. Mime', 'Wigglytuff', 'Golbat']",29,10,4
smogtours-gen1nu-663807,[Gen 1] NU,2022-12-04 21:28:54,,typechange32750,luvdisc61803,typechange32750,True,"['Staryu', 'Rapidash', 'Poliwag', 'Pinsir', 'Nidoqueen']","['Rapidash', 'Omanyte', 'Nidoqueen', 'Seaking', 'Weepinbell', 'Abra']",22,5,9
gen1nu-2275675386,[Gen 1] NU,2025-01-05 22:39:45,,revenge71921,bulletpunch83527,bulletpunch83527,True,"['Parasect', 'Pidgeot', 'Poliwrath']","['Mr. Mime', 'Blastoise']",11,4,2
smogtours-gen1nu-782047,[Gen 1] NU,2024-07-23 22:56:50,,poisonpowder88566,belueberry80725,belueberry80725,False,"['Seadra', 'Charizard', 'Raticate', 'Mr. Mime', 'Venusaur', 'Fearow']","['Seadra', 'Golduck', 'Charizard', 'Kabutops', 'Mr. Mime', 'Venusaur']",34,8,13
smogtours-gen1nu-663330,[Gen 1] NU,2022-12-01 12:37:38,,wish73460,magnetpull75337,wish73460,False,"['Omanyte', 'Rapidash', 'Seaking']","['Rapidash', 'Nidoqueen', 'Graveler', 'Seaking', 'Drowzee', 'Arcanine']",21,4,7
smogtours-gen1nu-710217,[Gen 1] NU,2023-08-16 00:08:17,,golduck35019,thunderbolt19203,golduck35019,False,"['Venomoth', 'Charizard', 'Mr. Mime', 'Clefable', 'Blastoise']","['Kingler', 'Venomoth', 'Charizard', 'Mr. Mime', 'Clefable', 'Blastoise']",31,6,8
smogtours-gen1nu-662384,[Gen 1] NU,2022-11-21 20:57:07,,luckypunch52209,nostatus50058,luckypunch52209,False,"['Staryu', 'Dragonair', 'Omanyte', 'Nidoqueen', 'Slowpoke', 'Fearow']","['Pidgeot', 'Vileplume', 'Rapidash', 'Omanyte', 'Nidoqueen', 'Seaking']",32,6,8
smogtours-gen1nu-797645,[Gen 1] NU,2024-10-12 18:21:09,,mudsport71981,wacanberry11962,mudsport71981,True,"['Seadra', 'Venomoth', 'Charizard', 'Wigglytuff', 'Kabutops', 'Mr. Mime']","['Moltres', 'Golduck', 'Venomoth', 'Charizard', 'Mr. Mime', 'Fearow']",27,8,10
gen1nu-2282648357,[Gen 1] NU,2025-01-17 04:24:03,,revenge71921,blizzard53783,revenge71921,True,"['Venomoth', 'Charizard', 'Poliwrath', 'Mr. Mime', 'Arcanine']","['Venomoth', 'Charizard', 'Raticate', 'Kabutops', 'Mr. Mime']",15,5,4
smogtours-gen1nu-838780,[Gen 1] NU,2025-05-03 18:09:24,,electabuzz37326,mudsport71981,mudsport71981,False,"['Charizard', 'Magneton', 'Kabutops', 'Poliwrath', 'Mr. Mime', 'Fearow']","['Moltres', 'Seadra', 'Venomoth', 'Charizard', 'Magneton', 'Mr. Mime']",35,11,7
smogtours-gen1nu-665396,[Gen 1] NU,2022-12-18 18:51:17,,luckypunch52209,luvdisc61803,luckypunch52209,True,"['Staryu', 'Nidoqueen', 'Dragonair', 'Seaking', 'Drowzee']","['Staryu', 'Rapidash', 'Nidoqueen', 'Lickitung', 'Drowzee', 'Arcanine']",52,7,28
gen1nu-2264301461,[Gen 1] NU,2024-12-16 22:08:17,,steadfast85547,sketch27668,steadfast85547,False,"['Charizard', 'Kabutops', 'Graveler', 'Poliwrath', 'Mr. Mime', 'Fearow']","['Seadra', 'Venomoth', 'Charizard', 'Magneton', 'Mr. Mime', 'Blastoise']",33,11,12
smogtours-gen1nu-668882,[Gen 1] NU,2023-01-15 20:06:11,,meditate33036,powerherb16934,meditate33036,False,"['Venomoth', 'Charizard', 'Kabutops', 'Mr. Mime', 'Clefable', 'Blastoise']","['Venomoth', 'Charizard', 'Raticate', 'Mr. Mime', 'Clefable', 'Blastoise']",39,12,9
smogtours-gen1nu-595857,[Gen 1] NU,2021-12-03 21:04:28,,taunt17457,meditate33036,meditate33036,False,"['Charizard', 'Poliwhirl', 'Golem', 'Mr. Mime', 'Fearow', 'Blastoise']","['Moltres', 'Charizard', 'Kabutops', 'Poliwhirl', 'Mr. Mime', 'Clefable']",48,16,15
gen1nu-2270900156,[Gen 1] NU,2024-12-28 09:59:04,,gible45423,heatran58448,heatran58448,False,"['Moltres', 'Golduck', 'Venomoth', 'Mr. Mime', 'Magmar', 'Blastoise']","['Kingler', 'Golduck', 'Venomoth', 'Aerodactyl', 'Raticate', 'Mr. Mime']",33,10,8
gen1nu-2264423060,[Gen 1] NU,2024-12-17 02:15:51,,punishment38172,doduo62045,doduo62045,False,"['Golduck', 'Venomoth', 'Aerodactyl', 'Wigglytuff', 'Mr. Mime', 'Arcanine']","['Charizard', 'Aerodactyl', 'Raticate', 'Mr. Mime', 'Parasect', 'Blastoise']",32,10,9
smogtours-gen1nu-725780,[Gen 1] NU,2023-10-22 21:10:50,,buneary57593,jolteon92120,jolteon92120,True,"['Mr. Mime', 'Charizard', 'Raticate', 'Clefable']","['Charizard', 'Electrode', 'Mr. Mime', 'Clefable', 'Blastoise']",20,3,4
gen1nu-2145358519,[Gen 1] NU,2024-06-18 03:00:03,,mismagius33077,sunkern50532,sunkern50532,False,"['Nidoking', 'Exeggcute', 'Wigglytuff', 'Poliwhirl', 'Mr. Mime', 'Magmar']","['Aerodactyl', 'Gastly', 'Mr. Mime', 'Fearow', 'Blastoise']",29,11,8
smogtours-gen1nu-778275,[Gen 1] NU,2024-07-05 19:14:01,,recover74685,ponyta53394,recover74685,False,"['Venomoth', 'Charizard', 'Aerodactyl', 'Raticate', 'Mr. Mime', 'Blastoise']","['Seadra', 'Aerodactyl', 'Raticate', 'Mr. Mime', 'Arcanine', 'Blastoise']",43,14,17
smogtours-gen1nu-797657,[Gen 1] NU,2024-10-12 18:34:59,,mudsport71981,wacanberry11962,wacanberry11962,False,"['Seadra', 'Moltres', 'Venomoth', 'Charizard', 'Dragonair', 'Fearow']","['Moltres', 'Venomoth', 'Charizard', 'Mr. Mime', 'Fearow', 'Blastoise']",45,9,13
smogtours-gen1nu-775933,[Gen 1] NU,2024-06-22 13:49:13,,bide85657,aurasphere76841,bide85657,False,"['Venomoth', 'Porygon', 'Nidoking', 'Marowak', 'Drowzee', 'Blastoise']","['Seadra', 'Venomoth', 'Nidoking', 'Electrode', 'Arcanine', 'Blastoise']",75,15,11
gen1nu-2060927910,[Gen 1] NU,2024-02-16 19:23:55,1174,nomelberry19418,poisonpowder88566,poisonpowder88566,False,"['Seadra', 'Aerodactyl', 'Venusaur', 'Poliwhirl', 'Mr. Mime', 'Magmar']","['Venomoth', 'Magneton', 'Exeggcute', 'Dragonair', 'Arcanine', 'Blastoise']",60,10,10
gen1nu-2054743143,[Gen 1] NU,2024-02-08 16:06:29,1000,block53105,bide81826,bide81826,False,"['Charizard', 'Aerodactyl', 'Seaking', 'Machamp', 'Mr. Mime', 'Venusaur']","['Golduck', 'Venomoth', 'Aerodactyl', 'Nidoking', 'Mr. Mime', 'Magmar']",30,10,10
gen1nu-2064124890,[Gen 1] NU,2024-02-21 04:30:40,1000,sharpen42258,fnt88283,fnt88283,True,"['Nidoking', 'Ditto', 'Poliwrath']","['Venusaur', 'Poliwrath', 'Aerodactyl']",7,2,2
smogtours-gen1nu-803793,[Gen 1] NU,2024-11-01 20:16:03,,heatran43293,stoneplate55960,stoneplate55960,True,"['Venomoth', 'Charizard', 'Raticate', 'Mr. Mime', 'Arcanine', 'Blastoise']","['Arcanine', 'Raticate', 'Poliwrath', 'Mr. Mime']",20,6,4
gen1nu-2278845167,[Gen 1] NU,2025-01-11 00:33:29,,revenge71921,blizzard53783,revenge71921,True,"['Scyther', 'Venomoth', 'Exeggcute', 'Kabutops', 'Slowpoke']","['Venomoth', 'Charizard', 'Nidoking', 'Raticate', 'Kabutops', 'Mr. Mime']",17,5,7
smogtours-gen1nu-662558,[Gen 1] NU,2022-11-25 15:30:07,,zoomlens15496,alakazam8068,zoomlens15496,False,"['Rapidash', 'Pinsir', 'Omanyte', 'Nidoqueen', 'Machamp', 'Slowpoke']","['Staryu', 'Rapidash', 'Nidoqueen', 'Graveler', 'Drowzee', 'Magmar']",39,10,9
smogtours-gen1nu-713056,[Gen 1] NU,2023-08-30 12:51:31,,magnetpull75337,stench25210,magnetpull75337,False,"['Kingler', 'Venomoth', 'Charizard', 'Mr. Mime', 'Clefable', 'Blastoise']","['Venomoth', 'Charizard', 'Nidoking', 'Mr. Mime', 'Clefable', 'Blastoise']",35,9,8
smogtours-gen1nu-663092,[Gen 1] NU,2022-11-27 23:44:54,,dreameater82317,rhyhorn97304,rhyhorn97304,False,"['Electrode', 'Nidoqueen', 'Seaking', 'Machamp', 'Fearow', 'Abra']","['Vileplume', 'Sandslash', 'Electrode', 'Nidoqueen', 'Machamp', 'Abra']",22,8,7
smogtours-gen1nu-816560,[Gen 1] NU,2025-01-27 00:28:48,,quagsire52408,mudsport71981,mudsport71981,False,"['Charizard', 'Magneton', 'Kabutops', 'Poliwrath', 'Mr. Mime', 'Arcanine']","['Porygon', 'Magneton', 'Nidoking', 'Poliwhirl', 'Mr. Mime']",38,14,9
gen1nu-2274731306,[Gen 1] NU,2025-01-04 06:11:28,,futuresight13270,nightmare69074,futuresight13270,False,"['Venomoth', 'Charizard', 'Magneton', 'Mr. Mime', 'Blastoise']","['Aerodactyl', 'Magneton', 'Graveler', 'Poliwhirl', 'Arcanine', 'Fearow']",30,11,12
gen1nu-2105074292,[Gen 1] NU,2024-04-16 23:56:33,,mismagius33077,kangaskhan44566,kangaskhan44566,False,"['Moltres', 'Golduck', 'Venomoth', 'Aerodactyl', 'Mr. Mime', 'Magmar']","['Golduck', 'Mr. Mime', 'Arcanine', 'Venusaur', 'Fearow']",32,5,5
gen1nu-2061112175,[Gen 1] NU,2024-02-17 00:25:30,1133,denpowerghost39436,sunkern50532,sunkern50532,False,"['Venomoth', 'Charizard', 'Aerodactyl', 'Magneton', 'Mr. Mime', 'Blastoise']","['Venomoth', 'Charizard', 'Porygon', 'Aerodactyl', 'Lickitung', 'Mr. Mime']",37,10,11
smogtours-gen1nu-840632,[Gen 1] NU,2025-05-09 20:41:12,,gastly57717,magnetbomb36798,magnetbomb36798,False,"['Moltres', 'Seadra', 'Venomoth', 'Graveler', 'Poliwrath', 'Mr. Mime']","['Venomoth', 'Charizard', 'Kabutops', 'Poliwrath', 'Mr. Mime', 'Fearow']",34,12,11
smogtours-gen1nu-725784,[Gen 1] NU,2023-10-22 21:25:21,,buneary57593,jolteon92120,jolteon92120,True,"['Moltres', 'Venomoth', 'Charizard', 'Mr. Mime', 'Clefable', 'Blastoise']","['Venomoth', 'Charizard', 'Nidoking', 'Mr. Mime', 'Clefable', 'Blastoise']",45,11,12
gen1nu-2272407966,[Gen 1] NU,2024-12-31 03:03:58,,revenge71921,bulletpunch83527,revenge71921,False,"['Seadra', 'Venomoth', 'Charizard', 'Magneton', 'Seaking', 'Mr. Mime']","['Seadra', 'Golduck', 'Charizard', 'Kabutops', 'Mr. Mime', 'Venusaur']",29,9,7
smogtours-gen1nu-663486,[Gen 1] NU,2022-12-03 01:49:25,,whismur95661,golduck35019,whismur95661,False,"['Venomoth', 'Charizard', 'Golem', 'Mr. Mime', 'Clefable', 'Blastoise']","['Kingler', 'Ninetales', 'Charizard', 'Mr. Mime', 'Clefable', 'Blastoise']",35,14,12
gen1nu-2070828418,[Gen 1] NU,2024-03-01 04:03:32,,punishment38172,revenge71921,revenge71921,False,"['Golduck', 'Venomoth', 'Aerodactyl', 'Magneton', 'Poliwrath', 'Mr. Mime']","['Golduck', 'Venomoth', 'Charizard', 'Nidoqueen', 'Mr. Mime', 'Fearow']",34,13,9
gen1nu-2050627281,[Gen 1] NU,2024-02-03 05:59:18,1000,zoomlens5648,rhydon25287,rhydon25287,False,"['Charizard', 'Electrode', 'Raticate', 'Golem', 'Mr. Mime', 'Blastoise']","['Venomoth', 'Charizard', 'Golem', 'Mr. Mime', 'Clefable', 'Blastoise']",34,12,8
smogtours-gen1nu-812483,[Gen 1] NU,2025-01-03 19:31:06,,ddenpowerdark55312,ponyta53394,ddenpowerdark55312,False,"['Charizard', 'Exeggcute', 'Raticate', 'Kabutops', 'Poliwrath', 'Mr. Mime']","['Seadra', 'Charizard', 'Graveler', 'Poliwrath', 'Mr. Mime', 'Fearow']",29,8,10
gen1nu-2277150407,[Gen 1] NU,2025-01-08 09:52:39,,revenge71921,bulletpunch83527,revenge71921,True,"['Mr. Mime', 'Muk', 'Charizard', 'Venomoth']","['Seadra', 'Golduck', 'Charizard', 'Kabutops', 'Mr. Mime', 'Venusaur']",19,3,5
gen1nu-2145873051,[Gen 1] NU,2024-06-18 22:49:01,,mismagius33077,flash82357,flash82357,False,"['Nidoking', 'Exeggcute', 'Wigglytuff', 'Poliwhirl', 'Mr. Mime', 'Magmar']","['Mr. Mime', 'Raticate', 'Blastoise', 'Aerodactyl']",23,6,6
smogtours-gen1nu-781379,[Gen 1] NU,2024-07-20 20:43:33,,fissure61188,powerlens28906,fissure61188,False,"['Golduck', 'Venomoth', 'Magneton', 'Kabutops', 'Raticate', 'Mr. Mime']","['Seadra', 'Golduck', 'Charizard', 'Kabutops', 'Mr. Mime', 'Venusaur']",26,9,12
smogtours-gen1nu-789980,[Gen 1] NU,2024-09-08 20:18:10,,aspearberry20002,psn38480,aspearberry20002,True,"['Moltres', 'Venomoth', 'Raticate']","['Venomoth', 'Kabutops', 'Mr. Mime']",9,2,3
gen1nu-2056538212,[Gen 1] NU,2024-02-11 00:13:42,1070,mismagius33077,omastar20158,omastar20158,False,"['Moltres', 'Golduck', 'Venomoth', 'Aerodactyl', 'Mr. Mime', 'Magmar']","['Venomoth', 'Charizard', 'Flareon', 'Wigglytuff', 'Mr. Mime', 'Blastoise']",73,13,25
smogtours-gen1nu-776688,[Gen 1] NU,2024-06-24 20:10:01,,typechange30082,mudsport71981,mudsport71981,True,"['Golduck', 'Charizard', 'Aerodactyl', 'Magneton', 'Mr. Mime', 'Venusaur']","['Venomoth', 'Charizard', 'Magneton', 'Mr. Mime', 'Arcanine']",20,6,4
smogtours-gen1nu-600543,[Gen 1] NU,2022-01-04 16:21:18,,encore90411,spiderweb27115,encore90411,False,"['Kingler', 'Charizard', 'Poliwhirl', 'Mr. Mime', 'Clefable', 'Blastoise']","['Charizard', 'Nidoking', 'Poliwhirl', 'Mr. Mime', 'Clefable', 'Blastoise']",35,9,9
smogtours-gen1nu-748013,[Gen 1] NU,2024-02-17 22:04:54,,quickclaw83695,dragonrage63391,quickclaw83695,False,"['Charizard', 'Nidoking', 'Poliwhirl', 'Mr. Mime', 'Victreebel', 'Blastoise']","['Moltres', 'Venomoth', 'Raticate', 'Poliwrath', 'Mr. Mime', 'Fearow']",35,6,8
smogtours-gen1nu-732859,[Gen 1] NU,2023-11-26 23:44:34,,magmarizer61365,waterpulse35893,magmarizer61365,False,"['Venomoth', 'Charizard', 'Wigglytuff', 'Mr. Mime', 'Clefable', 'Blastoise']","['Venomoth', 'Charizard', 'Wigglytuff', 'Mr. Mime', 'Clefable', 'Blastoise']",39,9,8
gen1nu-2062456393,[Gen 1] NU,2024-02-19 00:25:17,,punishment38172,diglett37152,diglett37152,False,"['Golduck', 'Venomoth', 'Charizard', 'Aerodactyl', 'Poliwrath', 'Mr. Mime']","['Seadra', 'Venomoth', 'Charizard', 'Raticate', 'Mr. Mime', 'Blastoise']",31,9,8
gen1nu-2070826489,[Gen 1] NU,2024-03-01 03:57:52,,punishment38172,revenge71921,revenge71921,False,"['Golduck', 'Venomoth', 'Aerodactyl', 'Wigglytuff', 'Poliwrath', 'Mr. Mime']","['Venomoth', 'Charizard', 'Nidoqueen', 'Mr. Mime', 'Fearow']",23,11,4
gen1nu-2275591390,[Gen 1] NU,2025-01-05 19:50:52,,poliwhirl66423,bulletpunch83527,poliwhirl66423,False,"['Pidgeot', 'Charizard', 'Kabutops', 'Poliwrath', 'Mr. Mime', 'Parasect']","['Venomoth', 'Charizard', 'Nidoking', 'Raticate', 'Kabutops', 'Mr. Mime']",30,9,10
smogtours-gen1nu-715263,[Gen 1] NU,2023-09-10 08:34:33,,unknownability847,magnetpull75337,unknownability847,False,"['Venomoth', 'Charizard', 'Wigglytuff', 'Mr. Mime', 'Clefable', 'Blastoise']","['Venomoth', 'Charizard', 'Raticate', 'Mr. Mime', 'Clefable', 'Blastoise']",38,14,11
gen1nu-2049601484,[Gen 1] NU,2024-02-01 22:16:32,1028,berryjuice54970,bubblebeam86383,bubblebeam86383,False,"['Charizard', 'Exeggcute', 'Electrode', 'Mr. Mime', 'Clefable', 'Blastoise']","['Venomoth', 'Charizard', 'Golem', 'Clefable', 'Blastoise']",31,18,11
gen1nu-2264425557,[Gen 1] NU,2024-12-17 02:22:41,,punishment38172,doduo62045,punishment38172,False,"['Venomoth', 'Charizard', 'Wigglytuff', 'Mr. Mime', 'Fearow', 'Blastoise']","['Golduck', 'Venomoth', 'Aerodactyl', 'Nidoking', 'Mr. Mime', 'Magmar']",40,14,15
gen1nu-2145346967,[Gen 1] NU,2024-06-18 03:00:00,,mismagius33077,sunkern50532,sunkern50532,True,"['Seadra', 'Exeggcute', 'Wigglytuff', 'Graveler', 'Mr. Mime', 'Magmar']","['Venomoth', 'Charizard', 'Aerodactyl', 'Raticate', 'Blastoise']",33,11,5
smogtours-gen1nu-722297,[Gen 1] NU,2023-10-07 20:07:29,,innerfocus97582,chlorophyll28494,innerfocus97582,False,"['Venomoth', 'Charizard', 'Golem', 'Mr. Mime', 'Clefable']","['Venomoth', 'Charizard', 'Golem', 'Mr. Mime', 'Clefable', 'Blastoise']",28,6,9
smogtours-gen1nu-661683,[Gen 1] NU,2022-11-16 21:30:20,,ninjask76302,perish13441,perish13441,False,"['Rapidash', 'Pinsir', 'Dragonair', 'Nidoqueen', 'Seaking', 'Primeape']","['Vileplume', 'Rapidash', 'Nidoqueen', 'Omanyte', 'Seaking', 'Fearow']",31,15,9
gen1nu-2138450396,[Gen 1] NU,2024-06-07 01:33:31,,venusaur3518,spearow17079,venusaur3518,False,"['Moltres', 'Kabutops', 'Poliwrath', 'Mr. Mime', 'Arcanine', 'Venusaur']","['Seadra', 'Aerodactyl', 'Raticate', 'Venusaur', 'Mr. Mime', 'Magmar']",39,8,9
gen1nu-2147462643,[Gen 1] NU,2024-06-21 14:30:10,,futuresight13270,shadowclaw91862,futuresight13270,False,"['Moltres', 'Venomoth', 'Charizard', 'Poliwrath', 'Mr. Mime', 'Arcanine']","['Kingler', 'Seadra', 'Kabutops', 'Poliwhirl', 'Poliwrath', 'Mr. Mime']",44,9,6
smogtours-gen1nu-786512,[Gen 1] NU,2024-08-19 02:14:48,,watersport85551,poisonheal30702,poisonheal30702,False,"['Moltres', 'Charizard', 'Aerodactyl', 'Raticate', 'Poliwrath', 'Mr. Mime']","['Seadra', 'Venomoth', 'Magneton', 'Kabutops', 'Mr. Mime']",28,9,6
gen1nu-2166209603,[Gen 1] NU,2024-07-23 21:17:39,,recover74685,poisonpowder88566,poisonpowder88566,True,"['Moltres', 'Seadra', 'Scyther', 'Magneton', 'Mr. Mime', 'Gastly']","['Seadra', 'Charizard', 'Poliwrath', 'Mr. Mime', 'Arcanine']",23,8,5
smogtours-gen1nu-844423,[Gen 1] NU,2025-05-21 00:12:35,,poliwrath3176,mudsport71981,mudsport71981,False,"['Moltres', 'Charizard', 'Magneton', 'Poliwrath', 'Mr. Mime', 'Fearow']","['Moltres', 'Seadra', 'Venomoth', 'Charizard', 'Mr. Mime', 'Fearow']",27,9,9
smogtours-gen1nu-814012,[Gen 1] NU,2025-01-12 21:26:24,,ddenpowerdark55312,aurasphere76841,aurasphere76841,False,"['Seadra', 'Venomoth', 'Charizard', 'Graveler', 'Mr. Mime', 'Fearow']","['Moltres', 'Charizard', 'Magneton', 'Poliwrath', 'Mr. Mime', 'Fearow']",36,15,14
smogtours-gen1nu-661563,[Gen 1] NU,2022-11-15 01:27:47,,simple96847,manaphy22907,manaphy22907,False,"['Vileplume', 'Rapidash', 'Dragonair', 'Nidoqueen', 'Arcanine', 'Magmar']","['Staryu', 'Rapidash', 'Nidoqueen', 'Dragonair', 'Drowzee', 'Fearow']",50,13,10
smogtours-gen1nu-699719,[Gen 1] NU,2023-06-28 05:39:25,,choiceband61525,kangaskhan41867,kangaskhan41867,False,"['Venomoth', 'Ninetales', 'Charizard', 'Mr. Mime', 'Clefable', 'Blastoise']","['Venomoth', 'Charizard', 'Wigglytuff', 'Mr. Mime', 'Clefable', 'Blastoise']",34,10,10
gen1nu-2055849303,[Gen 1] NU,2024-02-09 23:26:50,1082,octazooka54975,airlock53868,octazooka54975,False,"['Moltres', 'Wigglytuff', 'Mr. Mime', 'Lickitung', 'Blastoise']","['Charizard', 'Wigglytuff', 'Kabutops', 'Poliwrath', 'Mr. Mime', 'Victreebel']",36,8,10
smogtours-gen1nu-665159,[Gen 1] NU,2022-12-16 22:04:48,,typechange32750,damp79850,damp79850,False,"['Rapidash', 'Omanyte', 'Nidoqueen', 'Machamp', 'Weepinbell', 'Fearow']","['Staryu', 'Pinsir', 'Nidoqueen', 'Seaking', 'Primeape']",23,9,8
smogtours-gen1nu-816564,[Gen 1] NU,2025-01-27 00:38:58,,quagsire52408,mudsport71981,mudsport71981,False,"['Moltres', 'Charizard', 'Graveler', 'Poliwrath', 'Mr. Mime', 'Fearow']","['Venomoth', 'Charizard', 'Sandslash', 'Kabutops', 'Poliwrath', 'Mr. Mime']",50,9,16
smogtours-gen1nu-781480,[Gen 1] NU,2024-07-21 02:56:27,,ddenpowerdark55312,quickclaw83695,ddenpowerdark55312,False,"['Seadra', 'Mr. Mime', 'Charizard', 'Raticate']","['Charizard', 'Aerodactyl', 'Magneton', 'Poliwhirl', 'Venusaur', 'Blastoise']",23,5,9
gen1nu-2276356424,[Gen 1] NU,2025-01-07 01:36:23,,revenge71921,bulletpunch83527,revenge71921,False,"['Aerodactyl', 'Raticate', 'Blastoise', 'Mr. Mime', 'Fearow', 'Gastly']","['Charizard', 'Aerodactyl', 'Magneton', 'Raticate', 'Poliwhirl', 'Mr. Mime']",28,7,14
gen1nu-2193396671,[Gen 1] NU,2024-09-03 02:08:41,,razzberry64813,micleberry24246,razzberry64813,False,"['Moltres', 'Nidoking', 'Exeggcute', 'Raticate', 'Poliwrath', 'Blastoise']","['Charizard', 'Magneton', 'Nidoking', 'Raticate', 'Poliwhirl', 'Mr. Mime']",23,6,9
smogtours-gen1nu-774220,[Gen 1] NU,2024-06-13 23:11:52,,typechange30082,futuresight13270,typechange30082,False,"['Moltres', 'Venomoth', 'Aerodactyl', 'Raticate', 'Kabutops', 'Mr. Mime']","['Moltres', 'Kabutops', 'Poliwrath', 'Raticate', 'Mr. Mime', 'Fearow']",29,9,10
smogtours-gen1nu-818113,[Gen 1] NU,2025-02-05 00:08:46,,poisonpowder88566,magmortar19991,poisonpowder88566,False,"['Moltres', 'Raticate', 'Poliwrath', 'Mr. Mime', 'Arcanine', 'Fearow']","['Venomoth', 'Charizard', 'Kabutops', 'Mr. Mime', 'Fearow', 'Blastoise']",39,15,19
smogtours-gen1nu-700128,[Gen 1] NU,2023-06-30 19:24:20,,absol73157,aurasphere76841,absol73157,False,"['Venomoth', 'Charizard', 'Golem', 'Mr. Mime', 'Clefable', 'Blastoise']","['Venomoth', 'Charizard', 'Electrode', 'Mr. Mime', 'Clefable', 'Blastoise']",52,21,21
smogtours-gen1nu-599629,[Gen 1] NU,2021-12-30 02:11:31,,psn38480,spiderweb27115,psn38480,False,"['Venomoth', 'Charizard', 'Nidoking', 'Mr. Mime', 'Clefable', 'Blastoise']","['Venomoth', 'Charizard', 'Kabutops', 'Mr. Mime', 'Clefable', 'Blastoise']",31,10,9
gen1nu-2325749659,[Gen 1] NU,2025-03-23 00:31:36,,simple96847,wingattack30461,simple96847,True,"['Venomoth', 'Charizard', 'Kabutops', 'Poliwrath', 'Mr. Mime', 'Fearow']","['Seadra', 'Charizard', 'Aerodactyl', 'Exeggcute', 'Mr. Mime', 'Fearow']",35,12,11
smogtours-gen1nu-736581,[Gen 1] NU,2023-12-25 23:24:04,,waterfall8105,aurasphere76841,waterfall8105,False,"['Seadra', 'Venomoth', 'Mr. Mime', 'Clefable', 'Fearow', 'Blastoise']","['Moltres', 'Charizard', 'Raticate', 'Mr. Mime', 'Clefable', 'Fearow']",29,7,6
smogtours-gen1nu-788710,[Gen 1] NU,2024-09-01 20:51:10,,sacredfire89193,floatzel25266,sacredfire89193,False,"['Charizard', 'Raticate', 'Poliwrath', 'Kabutops', 'Mr. Mime', 'Fearow']","['Seadra', 'Venomoth', 'Charizard', 'Magneton', 'Mr. Mime', 'Blastoise']",32,8,9
smogtours-gen1nu-664298,[Gen 1] NU,2022-12-10 23:16:48,,arceusghost8496,powerherb16934,powerherb16934,False,"['Staryu', 'Dragonair', 'Omanyte', 'Nidoqueen', 'Gastly', 'Abra']","['Staryu', 'Rapidash', 'Nidoqueen', 'Drowzee', 'Arcanine', 'Fearow']",32,11,8
smogtours-gen1nu-775922,[Gen 1] NU,2024-06-22 13:17:29,,aurasphere76841,bide85657,bide85657,False,"['Venomoth', 'Porygon', 'Nidoking', 'Electrode', 'Arcanine', 'Blastoise']","['Venomoth', 'Porygon', 'Omastar', 'Nidoking', 'Drowzee', 'Blastoise']",51,17,19
gen1nu-2278829514,[Gen 1] NU,2025-01-11 00:00:37,,revenge71921,blizzard53783,blizzard53783,True,"['Scyther', 'Venomoth', 'Exeggcute', 'Kabutops', 'Mr. Mime', 'Slowpoke']","['Charizard', 'Aerodactyl', 'Gastly', 'Raticate', 'Mr. Mime', 'Blastoise']",26,7,7
smogtours-gen1nu-710687,[Gen 1] NU,2023-08-19 11:35:06,,electabuzz51633,aipom45424,electabuzz51633,False,"['Sandslash', 'Exeggcute', 'Mr. Mime', 'Clefable', 'Blastoise']","['Venomoth', 'Ninetales', 'Charizard', 'Mr. Mime', 'Clefable', 'Blastoise']",106,12,8
gen1nu-2060798651,[Gen 1] NU,2024-02-16 16:21:03,,stockpile1252,hoppip36069,hoppip36069,False,"['Moltres', 'Aerodactyl', 'Wigglytuff', 'Mr. Mime', 'Venusaur', 'Blastoise']","['Kingler', 'Charizard', 'Wigglytuff', 'Mr. Mime', 'Venusaur', 'Blastoise']",55,20,16
smogtours-gen1nu-816316,[Gen 1] NU,2025-01-26 19:16:03,,needlearm59980,bulletseed19358,needlearm59980,False,"['Graveler', 'Poliwrath', 'Poliwhirl', 'Mr. Mime', 'Arcanine']","['Venomoth', 'Charizard', 'Raticate', 'Graveler', 'Mr. Mime', 'Blastoise']",31,9,14
gen1nu-2208126313,[Gen 1] NU,2024-09-23 20:49:31,,poisonpowder88566,stoneplate55960,stoneplate55960,False,"['Venomoth', 'Staryu', 'Charizard', 'Dragonair', 'Kabutops', 'Mr. Mime']","['Venomoth', 'Charizard', 'Magneton', 'Poliwrath', 'Mr. Mime', 'Arcanine']",28,14,9
gen1nu-2152389944,[Gen 1] NU,2024-06-29 23:25:44,,recover74685,cubone48351,recover74685,True,"['Staryu', 'Charizard', 'Porygon', 'Raticate', 'Graveler', 'Arcanine']","['Golduck', 'Venomoth', 'Magneton', 'Kabutops', 'Raticate', 'Mr. Mime']",34,15,12
gen1nu-2145378152,[Gen 1] NU,2024-06-18 04:26:19,,denpowerghost39436,sunkern50532,sunkern50532,True,"['Venomoth', 'Charizard', 'Aerodactyl', 'Magneton', 'Mr. Mime', 'Blastoise']","['Golduck', 'Venomoth', 'Charizard', 'Nidoqueen', 'Fearow']",23,7,6
smogtours-gen1nu-665039,[Gen 1] NU,2022-12-14 09:22:10,,kangaskhan41867,nomove62031,nomove62031,False,"['Staryu', 'Poliwag', 'Omanyte', 'Nidoqueen', 'Drowzee', 'Magmar']","['Staryu', 'Rapidash', 'Nidoqueen', 'Seaking', 'Drowzee', 'Gastly']",30,11,8
smogtours-gen1nu-803789,[Gen 1] NU,2024-11-01 20:11:13,,heatran43293,stoneplate55960,heatran43293,False,"['Moltres', 'Seadra', 'Charizard', 'Magneton', 'Nidoking', 'Poliwrath']","['Charizard', 'Magneton', 'Raticate', 'Poliwrath', 'Mr. Mime', 'Fearow']",31,12,10
gen1nu-2060043615,[Gen 1] NU,2024-02-15 16:54:22,1000,xatu59469,rollout94469,rollout94469,False,"['Charizard', 'Nidoking', 'Wigglytuff', 'Machamp', 'Victreebel', 'Blastoise']","['Moltres', 'Wigglytuff', 'Poliwrath', 'Golbat']",30,10,5
gen1nu-2276494662,[Gen 1] NU,2025-01-07 07:45:10,,revenge71921,bulletpunch83527,revenge71921,False,"['Kingler', 'Charizard', 'Exeggcute', 'Mr. Mime', 'Fearow']","['Moltres', 'Venomoth', 'Charizard', 'Poliwrath', 'Mr. Mime', 'Arcanine']",24,8,9
gen1nu-2051820456,[Gen 1] NU,2024-02-05 00:00:08,1061,thundershock67549,fling62385,thundershock67549,True,"['Venomoth', 'Ninetales']","['Nidoking', 'Charizard', 'Kabutops', 'Golem']",12,1,4
smogtours-gen1nu-599570,[Gen 1] NU,2021-12-29 22:05:34,,drowzee8791,waterpulse35893,drowzee8791,True,"['Venomoth', 'Charizard', 'Blastoise', 'Mr. Mime']","['Charizard', 'Nidoking', 'Poliwhirl', 'Mr. Mime', 'Clefable', 'Blastoise']",33,6,9
gen1nu-2278846434,[Gen 1] NU,2025-01-11 00:36:04,,revenge71921,blizzard53783,blizzard53783,True,"['Scyther', 'Venomoth', 'Exeggcute', 'Kabutops', 'Mr. Mime', 'Slowpoke']","['Venomoth', 'Kabutops', 'Nidoking', 'Mr. Mime']",21,6,3
gen1nu-2271805069,[Gen 1] NU,2024-12-30 01:43:00,,revenge71921,bulletpunch83527,revenge71921,False,"['Venomoth', 'Charizard', 'Magneton', 'Seaking', 'Mr. Mime']","['Golduck', 'Venomoth', 'Charizard', 'Aerodactyl', 'Raticate', 'Mr. Mime']",26,5,9
smogtours-gen1nu-662780,[Gen 1] NU,2022-11-26 20:16:11,,manaphy22907,golduck35019,golduck35019,False,"['Charizard', 'Exeggcute', 'Raticate', 'Mr. Mime', 'Clefable', 'Blastoise']","['Charizard', 'Golem', 'Mr. Mime', 'Clefable', 'Blastoise']",26,8,8
gen1nu-2141714906,[Gen 1] NU,2024-06-12 06:32:04,,mismagius33077,psncureberry16761,psncureberry16761,False,"['Seadra', 'Exeggcute', 'Wigglytuff', 'Raticate', 'Mr. Mime', 'Magmar']","['Golduck', 'Venomoth', 'Charizard', 'Nidoqueen', 'Fearow']",35,11,12
smogtours-gen1nu-714475,[Gen 1] NU,2023-09-06 03:14:02,,jolteon92120,mudsport71981,mudsport71981,False,"['Seadra', 'Venomoth', 'Electrode', 'Mr. Mime', 'Clefable', 'Blastoise']","['Venomoth', 'Charizard', 'Electrode', 'Mr. Mime', 'Clefable', 'Blastoise']",43,13,14
smogtours-gen1nu-662018,[Gen 1] NU,2022-11-19 18:40:19,,poliwrath3176,oblivious21505,oblivious21505,False,"['Vileplume', 'Rapidash', 'Dragonair', 'Nidoqueen', 'Drowzee', 'Magmar']","['Vileplume', 'Rapidash', 'Onix', 'Nidoqueen', 'Seaking', 'Abra']",68,13,22
smogtours-gen1nu-603556,[Gen 1] NU,2022-01-19 20:14:11,,encore90411,spikecannon99072,encore90411,False,"['Charizard', 'Poliwhirl', 'Golem', 'Mr. Mime', 'Clefable', 'Blastoise']","['Charizard', 'Nidoking', 'Raticate', 'Poliwhirl', 'Mr. Mime', 'Blastoise']",29,11,8
smogtours-gen1nu-778184,[Gen 1] NU,2024-07-04 21:15:54,,mismagius33077,mudsport71981,mudsport71981,True,"['Seadra', 'Exeggcute', 'Wigglytuff', 'Graveler', 'Mr. Mime', 'Magmar']","['Seadra', 'Venomoth', 'Charizard', 'Raticate', 'Mr. Mime', 'Blastoise']",28,10,8
smogtours-gen1nu-703109,[Gen 1] NU,2023-07-15 00:23:57,,kangaskhan41867,jolteon92120,jolteon92120,False,"['Seadra', 'Venomoth', 'Electrode', 'Mr. Mime', 'Clefable', 'Blastoise']","['Venomoth', 'Charizard', 'Mr. Mime', 'Clefable', 'Blastoise']",30,6,4
gen1nu-2054853658,[Gen 1] NU,2024-02-08 18:29:02,1024,psywave66844,bide81826,bide81826,True,"['Exeggcute', 'Blastoise', 'Mr. Mime']","['Golduck', 'Venomoth', 'Magmar']",10,4,2
smogtours-gen1nu-663605,[Gen 1] NU,2022-12-03 19:49:32,,ponyta53394,oblivious21505,oblivious21505,False,"['Rapidash', 'Pinsir', 'Electrode', 'Nidoqueen', 'Seaking', 'Fearow']","['Vileplume', 'Staryu', 'Rapidash', 'Omanyte', 'Nidoqueen']",46,21,20
gen1nu-2275903659,[Gen 1] NU,2025-01-06 08:39:13,,revenge71921,bulletpunch83527,revenge71921,False,"['Venomoth', 'Charizard', 'Flareon', 'Wigglytuff', 'Mr. Mime']","['Moltres', 'Venomoth', 'Aerodactyl', 'Raticate', 'Poliwrath', 'Mr. Mime']",18,4,6
smogtours-gen1nu-701197,[Gen 1] NU,2023-07-04 22:33:01,,rocksmash79466,jolteon92120,jolteon92120,False,"['Kingler', 'Venomoth', 'Charizard', 'Mr. Mime', 'Clefable', 'Blastoise']","['Venomoth', 'Charizard', 'Nidoking', 'Mr. Mime', 'Clefable', 'Blastoise']",26,8,6
smogtours-gen1nu-634162,[Gen 1] NU,2022-06-23 17:56:22,,hail89314,fissure61188,hail89314,False,"['Voltorb', 'Ivysaur', 'Meowth', 'Tentacool', 'Charmeleon', 'Golbat']","[""Farfetch'D"", 'Hitmonchan', 'Ivysaur', 'Meowth', 'Tentacool', 'Golbat']",39,12,16
smogtours-gen1nu-811799,[Gen 1] NU,2024-12-27 22:25:19,,aurasphere76841,porygon9760,porygon9760,False,"['Seadra', 'Venomoth', 'Charizard', 'Raticate', 'Mr. Mime', 'Fearow']","['Charizard', 'Kabutops', 'Poliwhirl', 'Mr. Mime', 'Primeape', 'Fearow']",26,10,8
smogtours-gen1nu-663472,[Gen 1] NU,2022-12-02 23:11:31,,plusle34440,rhyhorn97304,plusle34440,False,"['Staryu', 'Rapidash', 'Sandslash', 'Nidoqueen', 'Drowzee', 'Arcanine']","['Vileplume', 'Sandslash', 'Electrode', 'Nidoqueen', 'Machamp', 'Abra']",21,10,11
smogtours-gen1nu-817173,[Gen 1] NU,2025-02-01 16:08:29,,recover74685,poisonpowder88566,poisonpowder88566,True,"['Moltres', 'Venomoth', 'Porygon', 'Magneton', 'Kabutops', 'Mr. Mime']","['Moltres', 'Charizard', 'Exeggcute', 'Mr. Mime', 'Fearow']",26,9,8
smogtours-gen1nu-654101,[Gen 1] NU,2022-10-09 20:35:54,,whiscash85390,deoxysdefense78874,whiscash85390,False,"['Charizard', 'Nidoking', 'Poliwhirl', 'Mr. Mime', 'Clefable', 'Blastoise']","['Charizard', 'Nidoking', 'Poliwhirl', 'Mr. Mime', 'Clefable', 'Blastoise']",30,9,11
gen1nu-2269736799,[Gen 1] NU,2024-12-26 05:13:33,,revenge71921,kangaskhan44566,revenge71921,False,"['Seadra', 'Venomoth', 'Charizard', 'Magneton', 'Seaking', 'Mr. Mime']","['Venomoth', 'Exeggcute', 'Raticate', 'Dragonair', 'Mr. Mime', 'Arcanine']",59,10,11
gen1nu-2275816960,[Gen 1] NU,2025-01-06 03:56:58,,revenge71921,bulletpunch83527,bulletpunch83527,True,"['Kingler', 'Venomoth', 'Charizard', 'Wigglytuff', 'Mr. Mime', 'Blastoise']","['Venomoth', 'Charizard', 'Nidoking', 'Raticate', 'Mr. Mime']",28,8,9
gen1nu-2061036328,[Gen 1] NU,2024-02-16 22:09:51,1052,sunkern50532,stoneplate55960,stoneplate55960,False,"['Venomoth', 'Porygon', 'Aerodactyl', 'Lickitung', 'Mr. Mime', 'Arcanine']","['Moltres', 'Venomoth', 'Charizard', 'Aerodactyl', 'Raticate', 'Mr. Mime']",48,20,8
gen1nu-2271798523,[Gen 1] NU,2024-12-30 01:27:31,,revenge71921,bulletpunch83527,bulletpunch83527,False,"['Venomoth', 'Charizard', 'Magneton', 'Kabutops', 'Machamp', 'Mr. Mime']","['Moltres', 'Venomoth', 'Charizard', 'Raticate', 'Kabutops', 'Mr. Mime']",36,12,7
smogtours-gen1nu-665723,[Gen 1] NU,2022-12-21 03:52:28,,adaptability45192,koffing28618,koffing28618,False,"['Staryu', 'Rapidash', 'Omanyte', 'Nidoqueen', 'Weepinbell', 'Abra']","['Staryu', 'Vileplume', 'Omanyte', 'Nidoqueen', 'Seaking', 'Slowpoke']",45,14,14
violetversion-gen1nu-2927,[Gen 1] NU,2017-01-01 21:57:20,,ddenpowerfire30449,armthrust70480,ddenpowerfire30449,False,"['Venomoth', 'Staryu', 'Porygon', 'Omastar', 'Nidoking', 'Slowpoke']","['Venomoth', 'Staryu', 'Porygon', 'Nidoking', 'Nidoqueen', 'Arcanine']",43,14,13
smogtours-gen1nu-596756,[Gen 1] NU,2021-12-10 21:02:16,,encore90411,synchronize14428,encore90411,False,"['Venomoth', 'Charizard', 'Kabutops', 'Poliwhirl', 'Mr. Mime', 'Clefable']","['Charizard', 'Kabutops', 'Golem', 'Mr. Mime', 'Clefable', 'Blastoise']",41,13,16
gen1nu-2070830901,[Gen 1] NU,2024-03-01 04:08:04,,punishment38172,revenge71921,revenge71921,False,"['Golduck', 'Venomoth', 'Charizard', 'Porygon', 'Poliwrath', 'Mr. Mime']","['Venomoth', 'Charizard', 'Nidoqueen', 'Mr. Mime', 'Fearow']",26,9,5
smogtours-gen1nu-776085,[Gen 1] NU,2024-06-22 20:05:10,,quickclaw83695,denpowerghost39436,denpowerghost39436,False,"['Charizard', 'Aerodactyl', 'Magneton', 'Poliwhirl', 'Venusaur', 'Blastoise']","['Moltres', 'Venomoth', 'Raticate', 'Mr. Mime', 'Fearow', 'Blastoise']",38,17,8
smogtours-gen1nu-728790,[Gen 1] NU,2023-11-05 01:29:38,,rotomfan35023,jolteon92120,jolteon92120,False,"['Venomoth', 'Charizard', 'Golem', 'Mr. Mime', 'Clefable', 'Blastoise']","['Venomoth', 'Charizard', 'Nidoking', 'Mr. Mime', 'Clefable', 'Blastoise']",34,11,12
gen1nu-2057674677,[Gen 1] NU,2024-02-12 16:31:31,,milotic77127,tangledfeet30693,tangledfeet30693,False,"['Venomoth', 'Charizard', 'Nidoking', 'Wigglytuff', 'Mr. Mime', 'Blastoise']","['Venomoth', 'Charizard', 'Aerodactyl', 'Raticate', 'Poliwrath', 'Mr. Mime']",29,6,6
smogtours-gen1nu-646948,[Gen 1] NU,2022-09-08 22:16:48,,fissure61188,gastrodon26689,gastrodon26689,False,"['Venomoth', 'Nidoking', 'Raticate', 'Mr. Mime', 'Clefable', 'Blastoise']","['Charizard', 'Poliwhirl', 'Mr. Mime', 'Clefable', 'Blastoise']",53,14,5
gen1nu-2116663471,[Gen 1] NU,2024-05-03 01:32:28,,sunkern50532,denpowerghost39436,sunkern50532,False,"['Golduck', 'Venomoth', 'Charizard', 'Nidoqueen', 'Mr. Mime']","['Venomoth', 'Staryu', 'Charizard', 'Aerodactyl', 'Mr. Mime', 'Blastoise']",27,7,7
gen1nu-2069086762,[Gen 1] NU,2024-02-27 22:31:08,,aurasphere76841,agility18108,aurasphere76841,False,"['Venomoth', 'Charizard', 'Raticate', 'Mr. Mime', 'Blastoise']","['Seadra', 'Kingler', 'Charizard', 'Kabutops', 'Mr. Mime', 'Blastoise']",25,5,6
smogtours-gen1nu-650367,[Gen 1] NU,2022-09-24 19:20:00,,encore90411,manaphy22907,manaphy22907,False,"['Exeggcute', 'Raticate', 'Golem', 'Mr. Mime', 'Clefable', 'Blastoise']","['Ninetales', 'Charizard', 'Electrode', 'Poliwhirl', 'Mr. Mime', 'Clefable']",23,11,7
smogtours-gen1nu-815677,[Gen 1] NU,2025-01-24 16:14:29,,bide85657,ddenpowerdark55312,bide85657,False,"['Moltres', 'Seadra', 'Magneton', 'Nidoking', 'Poliwrath', 'Fearow']","['Golduck', 'Charizard', 'Exeggcute', 'Raticate', 'Mr. Mime', 'Fearow']",49,11,14
gen1nu-2157578680,[Gen 1] NU,2024-07-09 01:00:18,,doubleslap7905,delcatty35639,doubleslap7905,False,"['Moltres', 'Venomoth', 'Charizard', 'Poliwrath', 'Mr. Mime', 'Arcanine']","['Kingler', 'Moltres', 'Venomoth', 'Charizard', 'Wigglytuff', 'Mr. Mime']",47,8,9
gen1nu-2282723346,[Gen 1] NU,2025-01-17 08:22:25,,revenge71921,blizzard53783,revenge71921,True,"['Venomoth', 'Charizard', 'Poliwrath', 'Mr. Mime', 'Arcanine', 'Primeape']","['Venomoth', 'Charizard', 'Nidoking', 'Kabutops', 'Raticate', 'Mr. Mime']",26,6,7
smogtours-gen1nu-780425,[Gen 1] NU,2024-07-14 22:49:57,,innerfocus97582,wacanberry11962,innerfocus97582,False,"['Charizard', 'Poliwrath', 'Poliwhirl', 'Aerodactyl']","['Moltres', 'Seadra', 'Venomoth', 'Charizard', 'Magneton', 'Raticate']",21,3,6
smogtours-gen1nu-781970,[Gen 1] NU,2024-07-23 02:37:07,,aquaring89206,magnetpull75337,magnetpull75337,False,"['Charizard', 'Magneton', 'Kabutops', 'Raticate', 'Arcanine', 'Gastly']","['Venomoth', 'Charizard', 'Raticate', 'Mr. Mime', 'Arcanine', 'Blastoise']",36,16,10
gen1nu-2263826963,[Gen 1] NU,2024-12-16 04:28:24,,stoneplate55960,razzberry64813,razzberry64813,False,"['Golduck', 'Venomoth', 'Charizard', 'Aerodactyl', 'Mr. Mime', 'Magmar']","['Moltres', 'Venomoth', 'Raticate', 'Fearow', 'Blastoise']",24,10,6
smogtours-gen1nu-661547,[Gen 1] NU,2022-11-14 20:30:46,,grudge72227,dark7204,dark7204,False,"['Staryu', 'Rapidash', 'Sandslash', 'Nidoqueen', 'Drowzee', 'Arcanine']","['Rapidash', 'Nidoqueen', 'Seaking', 'Drowzee', 'Primeape']",27,10,6
gen1nu-2280814853,[Gen 1] NU,2025-01-14 10:09:50,,revenge71921,kabutops67963,revenge71921,True,"['Venomoth', 'Charizard', 'Raticate', 'Mr. Mime', 'Muk']","['Venomoth', 'Charizard', 'Nidoking', 'Kabutops', 'Mr. Mime']",19,5,6
smogtours-gen1nu-779206,[Gen 1] NU,2024-07-08 14:19:44,,stoneplate55960,timerball45388,stoneplate55960,True,"['Poliwrath', 'Mr. Mime', 'Raticate', 'Kabutops']","['Charizard', 'Aerodactyl', 'Magneton', 'Raticate', 'Poliwhirl', 'Mr. Mime']",27,6,10
gen1nu-2278843511,[Gen 1] NU,2025-01-11 00:30:50,,revenge71921,blizzard53783,blizzard53783,True,"['Scyther', 'Venomoth', 'Exeggcute', 'Kabutops', 'Mr. Mime', 'Slowpoke']","['Venomoth', 'Charizard', 'Nidoking', 'Kabutops', 'Raticate', 'Mr. Mime']",35,11,16
smogtours-gen1nu-729251,[Gen 1] NU,2023-11-06 01:28:20,,waterfall8105,kangaskhan41867,waterfall8105,False,"['Seadra', 'Moltres', 'Electrode', 'Exeggcute', 'Mr. Mime', 'Fearow']","['Seadra', 'Venomoth', 'Charizard', 'Raticate', 'Mr. Mime', 'Clefable']",43,12,5
smogtours-gen1nu-676366,[Gen 1] NU,2023-02-19 19:26:20,,hypervoice57448,truant84021,truant84021,False,"['Charizard', 'Raticate', 'Mr. Mime', 'Clefable', 'Fearow', 'Blastoise']","['Venomoth', 'Charizard', 'Kabutops', 'Mr. Mime', 'Clefable', 'Blastoise']",36,12,14
smogtours-gen1nu-739147,[Gen 1] NU,2024-01-14 03:11:05,,kangaskhan41867,splash22725,kangaskhan41867,False,"['Venomoth', 'Electrode', 'Raticate', 'Clefable', 'Blastoise']","['Seadra', 'Venomoth', 'Charizard', 'Electrode', 'Mr. Mime', 'Clefable']",27,8,11
gen1nu-2057285348,[Gen 1] NU,2024-02-12 02:04:33,1000,bug12723,omastar20158,omastar20158,True,"['Venomoth', 'Charizard', 'Blastoise']","['Blastoise', 'Flareon']",7,2,1
smogtours-gen1nu-782046,[Gen 1] NU,2024-07-23 22:47:11,,belueberry80725,poisonpowder88566,poisonpowder88566,False,"['Moltres', 'Raticate', 'Poliwrath', 'Mr. Mime', 'Slowpoke', 'Venusaur']","['Magneton', 'Raticate', 'Poliwrath', 'Arcanine', 'Fearow', 'Gastly']",41,12,9
gen1nu-2362580139,[Gen 1] NU,2025-05-12 20:22:42,,phione89690,weepinbell75190,weepinbell75190,True,"['Moltres', 'Venomoth', 'Graveler', 'Poliwrath']","['Seadra', 'Mr. Mime', 'Charizard']",10,3,2
gen1nu-2075831400,[Gen 1] NU,2024-03-07 20:15:01,,ponyta53394,quickclaw83695,ponyta53394,False,"['Charizard', 'Aerodactyl', 'Exeggcute', 'Raticate', 'Mr. Mime', 'Blastoise']","['Golduck', 'Charizard', 'Nidoking', 'Mr. Mime', 'Venusaur', 'Fearow']",28,9,10
gen1nu-2116665705,[Gen 1] NU,2024-05-03 01:37:51,,denpowerghost39436,sunkern50532,sunkern50532,True,"['Charizard', 'Aerodactyl', 'Magneton', 'Raticate', 'Poliwhirl', 'Mr. Mime']","['Golduck', 'Venomoth', 'Charizard', 'Nidoqueen', 'Mr. Mime', 'Fearow']",27,11,9
smogtours-gen1nu-661784,[Gen 1] NU,2022-11-17 21:15:14,,rhyhorn97304,tyranitar56327,rhyhorn97304,False,"['Vileplume', 'Sandslash', 'Electrode', 'Nidoqueen', 'Machamp', 'Abra']","['Vileplume', 'Rapidash', 'Omanyte', 'Nidoqueen', 'Seaking', 'Fearow']",26,6,10
gen1nu-2062232034,[Gen 1] NU,2024-02-18 18:06:05,1103,diglett37152,calmmind8048,diglett37152,True,"['Charizard', 'Porygon', 'Wigglytuff', 'Poliwhirl', 'Mr. Mime', 'Beedrill']","['Golduck', 'Nidoking', 'Wigglytuff', 'Raticate', 'Mr. Mime', 'Victreebel']",35,7,8
smogtours-gen1nu-645268,[Gen 1] NU,2022-08-27 15:00:06,,mareep93864,trickroom66121,trickroom66121,True,"['Ninetales', 'Charizard', 'Nidoking', 'Golem', 'Mr. Mime', 'Blastoise']","['Blastoise', 'Charizard', 'Poliwhirl', 'Clefable']",51,10,17
violetversion-gen1nu-2935,[Gen 1] NU,2017-01-02 20:24:33,,ddenpowerfire30449,armthrust70480,ddenpowerfire30449,False,"['Venomoth', 'Nidoking', 'Machamp', 'Slowpoke', 'Tangela', 'Blastoise']","['Venomoth', 'Porygon', 'Nidoking', 'Dragonair', 'Drowzee', 'Gastly']",56,14,16
gen1nu-2060437372,[Gen 1] NU,2024-02-16 03:14:46,,rollout94469,hypervoice57011,rollout94469,False,"['Moltres', 'Exeggcute', 'Wigglytuff', 'Poliwrath', 'Golbat']","['Charizard', 'Magneton', 'Nidoking', 'Mr. Mime', 'Venusaur', 'Blastoise']",33,7,14
gen1nu-2054946098,[Gen 1] NU,2024-02-08 20:34:57,1000,aipom38693,shiftry96281,shiftry96281,True,"['Moltres', 'Nidoking', 'Poliwrath', 'Mr. Mime', 'Victreebel', 'Venusaur']","['Kingler', 'Venomoth', 'Charizard', 'Nidoking', 'Raticate', 'Mr. Mime']",33,10,8
gen1nu-2246702210,[Gen 1] NU,2024-11-19 06:09:23,,raindish79906,healblock43109,healblock43109,False,"['Moltres', 'Venomoth', 'Charizard', 'Poliwrath', 'Mr. Mime', 'Arcanine']","['Charizard', 'Aerodactyl', 'Magneton', 'Raticate', 'Poliwhirl', 'Mr. Mime']",27,6,5
smogtours-gen1nu-787751,[Gen 1] NU,2024-08-27 20:49:32,,darkvoid33050,misdreavus8935,darkvoid33050,False,"['Seadra', 'Venomoth', 'Magneton', 'Raticate', 'Mr. Mime', 'Blastoise']","['Seadra', 'Charizard', 'Porygon', 'Exeggcute', 'Raticate', 'Mr. Mime']",35,10,14
gen1nu-2067458708,[Gen 1] NU,2024-02-25 20:09:38,1133,tangrowth23890,arenatrap67964,tangrowth23890,False,"['Venomoth', 'Charizard', 'Aerodactyl', 'Raticate', 'Mr. Mime', 'Blastoise']","['Moltres', 'Golduck', 'Charizard', 'Magneton', 'Mr. Mime', 'Blastoise']",38,10,6
smogtours-gen1nu-653181,[Gen 1] NU,2022-10-07 23:56:43,,rotomfan35023,manaphy22907,rotomfan35023,False,"['Charizard', 'Electrode', 'Exeggcute', 'Mr. Mime', 'Clefable', 'Blastoise']","['Charizard', 'Poliwhirl', 'Mr. Mime', 'Clefable', 'Primeape', 'Blastoise']",25,8,5
smogtours-gen1nu-842317,[Gen 1] NU,2025-05-13 16:00:54,,bide85657,stoneplate55960,bide85657,False,"['Golduck', 'Sandslash', 'Magneton', 'Poliwhirl', 'Mr. Mime']","['Charizard', 'Magneton', 'Wigglytuff', 'Raticate', 'Poliwrath', 'Mr. Mime']",45,16,18
smogtours-gen1nu-744656,[Gen 1] NU,2024-02-04 03:59:35,,mudsport71981,drapion2237,drapion2237,True,"['Venomoth', 'Charizard', 'Raticate', 'Mr. Mime', 'Clefable', 'Blastoise']","['Mr. Mime', 'Charizard', 'Raticate', 'Clefable']",20,8,3
gen1nu-2063658857,[Gen 1] NU,2024-02-20 16:11:21,1052,nomelberry19418,arceusbug48749,arceusbug48749,False,"['Seadra', 'Moltres', 'Kingler', 'Rapidash', 'Mr. Mime', 'Venusaur']","['Moltres', 'Golduck', 'Mr. Mime', 'Lickitung', 'Victreebel', 'Blastoise']",60,12,16
smogtours-gen1nu-715566,[Gen 1] NU,2023-09-10 23:37:30,,innerfocus97582,buneary57593,buneary57593,False,"['Venomoth', 'Charizard', 'Raticate', 'Mr. Mime', 'Clefable', 'Blastoise']","['Seadra', 'Venomoth', 'Golem', 'Mr. Mime', 'Clefable', 'Blastoise']",29,5,6
gen1nu-2326253548,[Gen 1] NU,2025-03-23 19:33:52,,poliwrath3176,hypno24553,hypno24553,True,"['Seadra', 'Moltres', 'Charizard', 'Magneton', 'Mr. Mime', 'Fearow']","['Seadra', 'Venomoth', 'Charizard', 'Kabutops', 'Mr. Mime', 'Fearow']",24,7,6
smogtours-gen1nu-729364,[Gen 1] NU,2023-11-06 23:10:19,,mudshot45254,waterfall8105,waterfall8105,False,"['Seadra', 'Nidoking', 'Wigglytuff', 'Kabutops', 'Clefable', 'Blastoise']","['Moltres', 'Mr. Mime', 'Clefable', 'Arcanine', 'Fearow']",23,7,5
smogtours-gen1nu-661681,[Gen 1] NU,2022-11-16 21:20:56,,hustle11937,magicalleaf6788,hustle11937,False,"['Rapidash', 'Omanyte', 'Nidoqueen', 'Seaking', 'Drowzee', 'Fearow']","['Staryu', 'Rapidash', 'Flareon', 'Electrode', 'Arcanine', 'Magmar']",56,23,12
gen1nu-2066703678,[Gen 1] NU,2024-02-24 16:51:29,1000,screech72641,revenge71921,revenge71921,False,"['Scyther', 'Charizard', 'Machamp', 'Victreebel', 'Pikachu', 'Blastoise']","['Golduck', 'Venomoth', 'Charizard', 'Nidoqueen', 'Mr. Mime', 'Fearow']",31,12,11
gen1nu-2059559455,[Gen 1] NU,2024-02-15 00:07:28,1109,chopleberry38027,calmmind8048,chopleberry38027,True,"['Seadra', 'Scyther', 'Venomoth', 'Aerodactyl', 'Raticate', 'Mr. Mime']","['Golduck', 'Nidoking', 'Wigglytuff', 'Raticate', 'Mr. Mime', 'Victreebel']",28,6,10
gen1nu-2274726094,[Gen 1] NU,2025-01-04 05:55:13,,bulletpunch83527,futuresight13270,futuresight13270,False,"['Venomoth', 'Charizard', 'Aerodactyl', 'Magneton', 'Mr. Mime', 'Blastoise']","['Moltres', 'Aerodactyl', 'Raticate', 'Kabutops', 'Mr. Mime']",20,8,5
gen1nu-2249630673,[Gen 1] NU,2024-11-23 16:36:05,,mysteryberry83821,ember65832,mysteryberry83821,False,"['Charizard', 'Magneton', 'Exeggcute', 'Raticate', 'Mr. Mime', 'Primeape']","['Moltres', 'Kabutops', 'Poliwrath', 'Mr. Mime', 'Arcanine', 'Venusaur']",28,8,10
smogtours-gen1nu-720531,[Gen 1] NU,2023-09-30 20:32:56,,innerfocus97582,waterpulse35893,waterpulse35893,False,"['Venomoth', 'Charizard', 'Nidoking', 'Mr. Mime', 'Clefable', 'Blastoise']","['Venomoth', 'Charizard', 'Golem', 'Mr. Mime', 'Clefable', 'Blastoise']",30,12,8
smogtours-gen1nu-722380,[Gen 1] NU,2023-10-08 00:20:09,,innerfocus97582,rotomfan35023,innerfocus97582,False,"['Venomoth', 'Charizard', 'Raticate', 'Mr. Mime', 'Clefable', 'Blastoise']","['Charizard', 'Exeggcute', 'Raticate', 'Mr. Mime', 'Clefable', 'Blastoise']",52,16,16
gen1nu-2278293749,[Gen 1] NU,2025-01-10 03:50:06,,revenge71921,blizzard53783,revenge71921,False,"['Scyther', 'Venomoth', 'Exeggcute', 'Mr. Mime', 'Slowpoke']","['Venomoth', 'Charizard', 'Nidoking', 'Raticate', 'Kabutops', 'Mr. Mime']",23,4,8
gen1nu-2275661588,[Gen 1] NU,2025-01-05 22:15:35,,poliwhirl66423,bulletpunch83527,bulletpunch83527,True,"['Charizard', 'Exeggcute', 'Wigglytuff', 'Poliwrath', 'Mr. Mime', 'Golbat']","['Venomoth', 'Charizard', 'Raticate', 'Mr. Mime']",23,6,3
gen1nu-2163987989,[Gen 1] NU,2024-07-19 23:30:56,,gardevoir84608,stoneplate55960,stoneplate55960,False,"['Seadra', 'Golduck', 'Charizard', 'Kabutops', 'Mr. Mime', 'Venusaur']","['Seadra', 'Golduck', 'Charizard', 'Kabutops', 'Mr. Mime', 'Venusaur']",37,10,9
gen1nu-2280791523,[Gen 1] NU,2025-01-14 09:02:26,,revenge71921,kabutops67963,kabutops67963,False,"['Venomoth', 'Charizard', 'Sandslash', 'Poliwrath', 'Mr. Mime', 'Blastoise']","['Moltres', 'Venomoth', 'Charizard', 'Poliwrath', 'Mr. Mime', 'Arcanine']",27,9,7
smogtours-gen1nu-800315,[Gen 1] NU,2024-10-20 11:08:59,,stoneplate55960,sacredfire89193,stoneplate55960,False,"['Charizard', 'Kabutops', 'Poliwrath', 'Mr. Mime', 'Arcanine']","['Venomoth', 'Charizard', 'Aerodactyl', 'Raticate', 'Mr. Mime', 'Blastoise']",35,13,14
gen1nu-2275870491,[Gen 1] NU,2025-01-06 06:29:42,,revenge71921,bulletpunch83527,bulletpunch83527,False,"['Kingler', 'Venomoth', 'Charizard', 'Wigglytuff', 'Mr. Mime', 'Blastoise']","['Moltres', 'Venomoth', 'Raticate', 'Poliwrath', 'Mr. Mime']",29,6,5
gen1nu-2063648927,[Gen 1] NU,2024-02-20 15:56:01,1022,diglett37152,bugbite43118,diglett37152,True,"['Charizard', 'Porygon', 'Wigglytuff', 'Poliwhirl', 'Mr. Mime', 'Beedrill']","['Venomoth', 'Charizard', 'Nidoking', 'Wigglytuff', 'Mr. Mime', 'Blastoise']",37,10,9
smogtours-gen1nu-703104,[Gen 1] NU,2023-07-15 00:14:40,,kangaskhan41867,jolteon92120,jolteon92120,True,"['Venomoth', 'Charizard', 'Electrode', 'Mr. Mime', 'Clefable', 'Blastoise']","['Venomoth', 'Charizard', 'Electrode', 'Mr. Mime', 'Clefable', 'Blastoise']",36,11,6
gen1nu-2061213882,[Gen 1] NU,2024-02-17 03:43:20,,punishment38172,sunkern50532,sunkern50532,False,"['Seadra', 'Venomoth', 'Charizard', 'Aerodactyl', 'Mr. Mime', 'Blastoise']","['Venomoth', 'Magneton', 'Wigglytuff', 'Mr. Mime', 'Blastoise']",24,9,6
smogtours-gen1nu-779495,[Gen 1] NU,2024-07-11 01:51:00,,denpowerghost39436,ponyta53394,ponyta53394,False,"['Venomoth', 'Charizard', 'Aerodactyl', 'Magneton', 'Mr. Mime', 'Blastoise']","['Venomoth', 'Aerodactyl', 'Magneton', 'Raticate', 'Mr. Mime']",25,9,6
gen1nu-2064438928,[Gen 1] NU,2024-02-21 16:09:04,1157,dive84452,rollout94469,rollout94469,False,"['Venomoth', 'Aerodactyl', 'Magneton', 'Nidoking', 'Mr. Mime', 'Blastoise']","['Moltres', 'Exeggcute', 'Wigglytuff', 'Poliwrath', 'Mr. Mime', 'Golbat']",36,9,10
smogtours-gen1nu-785873,[Gen 1] NU,2024-08-16 22:27:48,,healbell54317,recover74685,healbell54317,False,"['Moltres', 'Venomoth', 'Charizard', 'Poliwrath', 'Mr. Mime', 'Arcanine']","['Seadra', 'Venomoth', 'Magneton', 'Seaking', 'Arcanine', 'Fearow']",36,11,12
gen1nu-2280802702,[Gen 1] NU,2025-01-14 09:35:13,,revenge71921,kabutops67963,kabutops67963,True,"['Pidgeot', 'Charizard', 'Kabutops', 'Poliwrath', 'Mr. Mime', 'Parasect']","['Venomoth', 'Charizard', 'Nidoking', 'Raticate', 'Kabutops', 'Mr. Mime']",31,6,10
smogtours-gen1nu-792019,[Gen 1] NU,2024-09-22 14:19:38,,powerherb16934,cascoon94634,powerherb16934,False,"['Seadra', 'Venomoth', 'Charizard', 'Raticate', 'Mr. Mime', 'Blastoise']","['Venomoth', 'Charizard', 'Magneton', 'Poliwrath', 'Mr. Mime', 'Blastoise']",28,8,9
smogtours-gen1nu-674101,[Gen 1] NU,2023-02-10 07:34:33,,kangaskhan41867,magnetpull75337,kangaskhan41867,False,"['Venomoth', 'Charizard', 'Mr. Mime', 'Clefable', 'Blastoise']","['Venomoth', 'Charizard', 'Golem', 'Mr. Mime', 'Clefable', 'Blastoise']",32,8,12
smogtours-gen1nu-728786,[Gen 1] NU,2023-11-05 01:16:04,,rotomfan35023,jolteon92120,jolteon92120,False,"['Venomoth', 'Charizard', 'Nidoking', 'Mr. Mime', 'Clefable', 'Blastoise']","['Venomoth', 'Charizard', 'Nidoking', 'Mr. Mime', 'Clefable', 'Blastoise']",36,14,11
smogtours-gen1nu-679006,[Gen 1] NU,2023-03-10 21:14:33,,kangaskhan41867,truant84021,truant84021,False,"['Venomoth', 'Charizard', 'Nidoking', 'Mr. Mime', 'Clefable', 'Blastoise']","['Venomoth', 'Charizard', 'Golem', 'Mr. Mime', 'Clefable', 'Blastoise']",34,7,7
gen1nu-2275641812,[Gen 1] NU,2025-01-05 21:38:57,,poliwhirl66423,bulletpunch83527,poliwhirl66423,False,"['Pidgeot', 'Charizard', 'Kabutops', 'Poliwrath', 'Mr. Mime', 'Parasect']","['Venomoth', 'Charizard', 'Aerodactyl', 'Magneton', 'Mr. Mime', 'Blastoise']",48,15,15
smogtours-gen1nu-703096,[Gen 1] NU,2023-07-14 23:15:46,,whiscash71874,salacberry97966,salacberry97966,False,"['Venomoth', 'Charizard', 'Electrode', 'Mr. Mime', 'Clefable', 'Blastoise']","['Venomoth', 'Charizard', 'Electrode', 'Mr. Mime', 'Clefable']",39,10,6
smogtours-gen1nu-662840,[Gen 1] NU,2022-11-27 00:19:06,,luvdisc61803,berserkgene43161,luvdisc61803,False,"['Rapidash', 'Nidoqueen', 'Graveler', 'Seaking', 'Drowzee', 'Abra']","['Staryu', 'Rapidash', 'Sandslash', 'Electrode', 'Nidoqueen', 'Arcanine']",27,8,6
smogtours-gen1nu-664300,[Gen 1] NU,2022-12-10 23:19:59,,arceusghost8496,powerherb16934,arceusghost8496,False,"['Staryu', 'Nidoqueen', 'Omanyte', 'Drowzee', 'Slowpoke']","['Staryu', 'Vileplume', 'Omanyte', 'Nidoqueen', 'Machamp', 'Fearow']",24,6,9
smogtours-gen1nu-666088,[Gen 1] NU,2022-12-23 21:08:43,,meditate33036,golduck35019,meditate33036,False,"['Clefable', 'Venomoth', 'Blastoise', 'Mr. Mime']","['Seadra', 'Charizard', 'Exeggcute', 'Mr. Mime', 'Clefable', 'Blastoise']",36,5,11
gen1nu-2271815471,[Gen 1] NU,2024-12-30 02:06:23,,revenge71921,bulletpunch83527,revenge71921,False,"['Venomoth', 'Charizard', 'Porygon', 'Aerodactyl', 'Mr. Mime', 'Lickitung']","['Venomoth', 'Charizard', 'Exeggcute', 'Nidoking', 'Raticate', 'Mr. Mime']",26,6,8
gen1nu-2278250958,[Gen 1] NU,2025-01-10 02:09:47,,revenge71921,blizzard53783,blizzard53783,False,"['Scyther', 'Venomoth', 'Exeggcute', 'Kabutops', 'Mr. Mime', 'Slowpoke']","['Venomoth', 'Charizard', 'Nidoking', 'Raticate', 'Kabutops', 'Mr. Mime']",26,9,8
smogtours-gen1nu-731299,[Gen 1] NU,2023-11-18 22:00:18,,waterpulse35893,jolteon92120,waterpulse35893,False,"['Venomoth', 'Wigglytuff', 'Golem', 'Mr. Mime', 'Clefable', 'Blastoise']","['Seadra', 'Venomoth', 'Charizard', 'Mr. Mime', 'Clefable', 'Blastoise']",39,14,13
gen1nu-2061159824,[Gen 1] NU,2024-02-17 01:55:07,1128,poisonpowder88566,punishment38172,poisonpowder88566,False,"['Venomoth', 'Charizard', 'Porygon', 'Graveler', 'Mr. Mime', 'Blastoise']","['Golduck', 'Venomoth', 'Charizard', 'Aerodactyl', 'Wigglytuff', 'Mr. Mime']",32,7,6
smogtours-gen1nu-779981,[Gen 1] NU,2024-07-13 20:43:42,,denpowerghost39436,mudsport71981,mudsport71981,False,"['Charizard', 'Magneton', 'Raticate', 'Mr. Mime', 'Venusaur', 'Fearow']","['Seadra', 'Venomoth', 'Magneton', 'Raticate', 'Mr. Mime', 'Blastoise']",29,8,10
gen1nu-2276446872,[Gen 1] NU,2025-01-07 05:13:58,,revenge71921,bulletpunch83527,revenge71921,False,"['Seadra', 'Venomoth', 'Charizard', 'Magneton', 'Seaking', 'Mr. Mime']","['Venomoth', 'Charizard', 'Nidoking', 'Raticate', 'Kabutops', 'Mr. Mime']",42,8,11
smogtours-gen1nu-661058,[Gen 1] NU,2022-11-13 14:43:06,,noability19212,synthesis81323,noability19212,False,"['Rapidash', 'Nidoqueen', 'Seaking', 'Arcanine', 'Fearow', 'Gastly']","['Staryu', 'Rapidash', 'Electrode', 'Nidoqueen', 'Graveler', 'Drowzee']",28,7,10
smogtours-gen1nu-841063,[Gen 1] NU,2025-05-10 17:43:08,,status34375,doomdesire71110,status34375,False,"['Venomoth', 'Charizard', 'Magneton', 'Poliwhirl', 'Mr. Mime', 'Fearow']","['Seadra', 'Charizard', 'Magneton', 'Mr. Mime', 'Venusaur', 'Blastoise']",31,7,8
smogtours-gen1nu-661564,[Gen 1] NU,2022-11-15 01:35:53,,simple96847,manaphy22907,simple96847,False,"['Rapidash', 'Nidoqueen', 'Seaking', 'Weepinbell', 'Arcanine']","['Rapidash', 'Nidoqueen', 'Graveler', 'Seaking', 'Drowzee', 'Arcanine']",39,11,12
gen1nu-2157311479,[Gen 1] NU,2024-07-08 15:58:37,,delcatty35639,aurasphere76841,aurasphere76841,True,"['Venomoth', 'Charizard', 'Nidoking', 'Kabutops', 'Raticate', 'Mr. Mime']","['Venomoth', 'Charizard', 'Aerodactyl', 'Magneton', 'Raticate', 'Mr. Mime']",34,13,12
violetversion-gen1nu-1778,[Gen 1] NU,2016-05-08 19:34:41,,mefirst94337,ddenpowerfire30449,mefirst94337,False,"['Venomoth', 'Staryu', 'Porygon', 'Nidoking', 'Arcanine', 'Blastoise']","['Venomoth', 'Porygon', 'Nidoking', 'Nidoqueen', 'Slowpoke', 'Tangela']",47,22,16
smogtours-gen1nu-600573,[Gen 1] NU,2022-01-05 19:34:49,,meditate33036,waterpulse35893,waterpulse35893,False,"['Moltres', 'Charizard', 'Nidoking', 'Poliwhirl', 'Mr. Mime', 'Blastoise']","['Venomoth', 'Kabutops', 'Poliwhirl', 'Mr. Mime', 'Clefable']",46,10,18
gen1nu-2276403371,[Gen 1] NU,2025-01-07 03:20:33,,revenge71921,bulletpunch83527,bulletpunch83527,True,"['Pidgeot', 'Charizard', 'Kabutops', 'Poliwrath', 'Mr. Mime', 'Parasect']","['Venomoth', 'Charizard', 'Nidoking', 'Raticate', 'Kabutops', 'Mr. Mime']",35,9,15
smogtours-gen1nu-675780,[Gen 1] NU,2023-02-19 03:40:26,,jolteon92120,magnetpull75337,magnetpull75337,False,"['Venomoth', 'Charizard', 'Raticate', 'Mr. Mime', 'Clefable', 'Blastoise']","['Venomoth', 'Charizard', 'Golem', 'Mr. Mime', 'Clefable', 'Blastoise']",33,9,10
smogtours-gen1nu-677857,[Gen 1] NU,2023-03-02 08:58:37,,kangaskhan41867,truant84021,truant84021,False,"['Kingler', 'Venomoth', 'Charizard', 'Mr. Mime', 'Clefable', 'Blastoise']","['Venomoth', 'Golem', 'Mr. Mime', 'Clefable', 'Blastoise']",30,10,9
gen1nu-2296063727,[Gen 1] NU,2025-02-07 08:26:20,,slaking42242,wynaut31009,slaking42242,False,"['Venomoth', 'Charizard', 'Magneton', 'Arcanine', 'Fearow', 'Blastoise']","['Golduck', 'Aerodactyl', 'Magneton', 'Sandslash', 'Mr. Mime', 'Magmar']",40,12,12
smogtours-gen1nu-701485,[Gen 1] NU,2023-07-07 14:17:48,,noability19212,hitmonlee85378,hitmonlee85378,False,"['Seadra', 'Venomoth', 'Charizard', 'Mr. Mime', 'Clefable', 'Blastoise']","['Venomoth', 'Charizard', 'Nidoking', 'Mr. Mime', 'Clefable', 'Blastoise']",40,10,12
gen1nu-2278847463,[Gen 1] NU,2025-01-11 00:38:30,,revenge71921,blizzard53783,blizzard53783,True,"['Scyther', 'Venomoth', 'Exeggcute', 'Kabutops', 'Mr. Mime', 'Slowpoke']","['Venomoth', 'Charizard', 'Nidoking', 'Kabutops', 'Mr. Mime']",23,10,8
smogtours-gen1nu-647320,[Gen 1] NU,2022-09-10 21:21:58,,deoxysdefense78874,jolteon92120,jolteon92120,False,"['Electrode', 'Kabutops', 'Poliwhirl', 'Mr. Mime', 'Clefable', 'Blastoise']","['Charizard', 'Electrode', 'Poliwhirl', 'Mr. Mime', 'Clefable']",28,8,4
smogtours-gen1nu-802222,[Gen 1] NU,2024-10-26 19:05:31,,stoneplate55960,ponyta53394,stoneplate55960,False,"['Charizard', 'Raticate', 'Poliwrath', 'Mr. Mime', 'Arcanine', 'Fearow']","['Venomoth', 'Charizard', 'Nidoking', 'Mr. Mime', 'Arcanine', 'Blastoise']",37,11,16
smogtours-gen1nu-605222,[Gen 1] NU,2022-01-28 20:54:18,,levelball80103,synchronize14428,synchronize14428,False,"['Ninetales', 'Rapidash', 'Charizard', 'Golem', 'Mr. Mime', 'Blastoise']","['Blastoise', 'Charizard', 'Poliwhirl', 'Clefable']",27,8,7
smogtours-gen1nu-699673,[Gen 1] NU,2023-06-27 21:30:17,,noability19212,cascoon94634,noability19212,False,"['Seadra', 'Venomoth', 'Charizard', 'Mr. Mime', 'Clefable', 'Blastoise']","['Seadra', 'Venomoth', 'Charizard', 'Mr. Mime', 'Clefable', 'Blastoise']",38,6,8
smogtours-gen1nu-745896,[Gen 1] NU,2024-02-09 04:17:28,,aquaring89206,willowisp64187,aquaring89206,False,"['Moltres', 'Venomoth', 'Charizard', 'Electrode', 'Raticate', 'Mr. Mime']","['Wigglytuff', 'Raticate', 'Golem', 'Mr. Mime', 'Clefable', 'Blastoise']",26,8,12
smogtours-gen1nu-597864,[Gen 1] NU,2021-12-17 01:57:56,,spiderweb27115,taunt17457,taunt17457,False,"['Scyther', 'Porygon', 'Rapidash', 'Pinsir', 'Nidoking', 'Blastoise']","['Blastoise', 'Kabutops', 'Poliwhirl', 'Golem']",36,12,5
gen1nu-2157583495,[Gen 1] NU,2024-07-09 01:18:13,,doubleslap7905,delcatty35639,doubleslap7905,False,"['Raticate', 'Poliwrath', 'Kabutops', 'Mr. Mime', 'Fearow']","['Moltres', 'Kingler', 'Venomoth', 'Charizard', 'Wigglytuff', 'Mr. Mime']",31,9,8
smogtours-gen1nu-585495,[Gen 1] NU,2021-10-10 20:16:30,,probopass23094,shinystone44310,probopass23094,False,"['Venomoth', 'Charizard', 'Nidoking', 'Kabutops', 'Mr. Mime', 'Blastoise']","['Moltres', 'Pinsir', 'Magneton', 'Poliwhirl', 'Mr. Mime', 'Blastoise']",92,32,29
smogtours-gen1nu-781195,[Gen 1] NU,2024-07-20 09:39:49,,aurasphere76841,magnetpull75337,aurasphere76841,False,"['Charizard', 'Magneton', 'Exeggcute', 'Raticate', 'Poliwrath', 'Mr. Mime']","['Seadra', 'Venomoth', 'Charizard', 'Raticate', 'Kabutops', 'Mr. Mime']",33,10,10
gen1nu-2055006918,[Gen 1] NU,2024-02-08 22:03:35,1104,magnetpull48960,mismagius33077,mismagius33077,False,"['Kingler', 'Venomoth', 'Aerodactyl', 'Raticate', 'Mr. Mime', 'Victreebel']","['Moltres', 'Golduck', 'Venomoth', 'Aerodactyl', 'Mr. Mime', 'Magmar']",50,12,6
gen1nu-2277063176,[Gen 1] NU,2025-01-08 05:01:50,,revenge71921,bulletpunch83527,bulletpunch83527,True,"['Charizard', 'Exeggcute', 'Wigglytuff', 'Mr. Mime', 'Magmar', 'Blastoise']","['Venomoth', 'Charizard', 'Nidoking', 'Kabutops', 'Mr. Mime']",29,7,6
gen1nu-2064921394,[Gen 1] NU,2024-02-22 05:33:53,1074,aquajet31035,muddywater22285,muddywater22285,False,"['Moltres', 'Aerodactyl', 'Raticate', 'Kabutops', 'Poliwhirl', 'Mr. Mime']","['Charizard', 'Wigglytuff', 'Raticate', 'Poliwrath', 'Mr. Mime', 'Victreebel']",25,6,6
gen1nu-2278831761,[Gen 1] NU,2025-01-11 00:07:13,,revenge71921,blizzard53783,blizzard53783,True,"['Scyther', 'Venomoth', 'Exeggcute', 'Kabutops', 'Mr. Mime', 'Slowpoke']","['Charizard', 'Aerodactyl', 'Gastly', 'Raticate', 'Mr. Mime', 'Blastoise']",40,10,14
smogtours-gen1nu-598916,[Gen 1] NU,2021-12-21 19:23:24,,meditate33036,encore90411,encore90411,False,"['Moltres', 'Charizard', 'Nidoking', 'Poliwhirl', 'Mr. Mime', 'Blastoise']","['Venomoth', 'Poliwhirl', 'Golem', 'Mr. Mime', 'Clefable', 'Blastoise']",50,13,21
smogtours-gen1nu-597868,[Gen 1] NU,2021-12-17 02:11:17,,taunt17457,spiderweb27115,spiderweb27115,False,"['Charizard', 'Kabutops', 'Poliwhirl', 'Golem', 'Mr. Mime', 'Blastoise']","['Ninetales', 'Charizard', 'Nidoking', 'Golem', 'Mr. Mime', 'Blastoise']",48,16,17
gen1nu-2355030495,[Gen 1] NU,2025-05-02 00:08:36,,simple96847,needlearm59980,needlearm59980,False,"['Seadra', 'Venomoth', 'Magneton', 'Kabutops', 'Mr. Mime', 'Arcanine']","['Charizard', 'Magneton', 'Kabutops', 'Poliwrath', 'Mr. Mime', 'Fearow']",39,9,12
smogtours-gen1nu-745897,[Gen 1] NU,2024-02-09 04:26:56,,aquaring89206,willowisp64187,aquaring89206,False,"['Venomoth', 'Charizard', 'Golem', 'Mr. Mime', 'Clefable', 'Blastoise']","['Venomoth', 'Charizard', 'Raticate', 'Mr. Mime', 'Clefable', 'Blastoise']",30,11,11
gen1nu-2278403621,[Gen 1] NU,2025-01-10 09:19:50,,revenge71921,blizzard53783,revenge71921,False,"['Venomoth', 'Charizard', 'Wigglytuff', 'Mr. Mime', 'Blastoise']","['Venomoth', 'Charizard', 'Nidoking', 'Raticate', 'Kabutops', 'Mr. Mime']",18,6,6
smogtours-gen1nu-842316,[Gen 1] NU,2025-05-13 15:55:08,,bide85657,stoneplate55960,bide85657,False,"['Golduck', 'Venomoth', 'Charizard', 'Magneton', 'Mr. Mime', 'Blastoise']","['Venomoth', 'Charizard', 'Magneton', 'Kabutops', 'Poliwrath', 'Mr. Mime']",50,7,14
gen1nu-2064100134,[Gen 1] NU,2024-02-21 03:43:09,1000,shellder18856,rollout94469,rollout94469,True,"['Charizard', 'Poliwrath', 'Mr. Mime', 'Venusaur', 'Blastoise']","['Exeggcute', 'Wigglytuff', 'Poliwrath', 'Mr. Mime', 'Golbat']",29,9,8
smogtours-gen1nu-607878,[Gen 1] NU,2022-02-11 12:17:36,,abra60610,drowzee8791,drowzee8791,True,"['Venomoth', 'Charizard', 'Nidoking', 'Mr. Mime', 'Clefable', 'Blastoise']","['Venomoth', 'Charizard', 'Mr. Mime', 'Clefable', 'Blastoise']",34,12,10
gen1nu-2193392282,[Gen 1] NU,2024-09-03 02:02:10,,razzberry64813,micleberry24246,micleberry24246,False,"['Seadra', 'Charizard', 'Magneton', 'Raticate', 'Mr. Mime', 'Blastoise']","['Charizard', 'Magneton', 'Nidoking', 'Raticate', 'Poliwhirl', 'Mr. Mime']",29,9,6
smogtours-gen1nu-729648,[Gen 1] NU,2023-11-10 03:14:49,,kangaskhan41867,jolteon92120,jolteon92120,False,"['Venomoth', 'Charizard', 'Nidoking', 'Mr. Mime', 'Clefable', 'Blastoise']","['Seadra', 'Venomoth', 'Charizard', 'Mr. Mime', 'Clefable', 'Blastoise']",28,12,8
smogtours-gen1nu-842532,[Gen 1] NU,2025-05-15 02:10:30,,motordrive87413,gluttony35331,motordrive87413,False,"['Charizard', 'Raticate', 'Poliwhirl', 'Mr. Mime', 'Fearow', 'Blastoise']","['Venomoth', 'Charizard', 'Nidoking', 'Poliwrath', 'Mr. Mime', 'Fearow']",27,8,9
smogtours-gen1nu-813598,[Gen 1] NU,2025-01-10 21:28:47,,mudsport71981,poisonpowder88566,poisonpowder88566,True,"['Seadra', 'Moltres', 'Aerodactyl', 'Dragonair', 'Mr. Mime', 'Fearow']","['Moltres', 'Seadra', 'Venomoth', 'Charizard', 'Magneton', 'Poliwrath']",41,8,9
smogtours-gen1nu-716480,[Gen 1] NU,2023-09-16 05:30:38,,innerfocus97582,magnetpull75337,magnetpull75337,False,"['Venomoth', 'Charizard', 'Electrode', 'Mr. Mime', 'Clefable', 'Blastoise']","['Venomoth', 'Charizard', 'Golem', 'Mr. Mime', 'Clefable', 'Blastoise']",38,15,16
smogtours-gen1nu-751081,[Gen 1] NU,2024-03-02 20:47:44,,tangrowth23890,articuno75579,articuno75579,False,"['Venomoth', 'Charizard', 'Aerodactyl', 'Raticate', 'Mr. Mime', 'Blastoise']","['Moltres', 'Venomoth', 'Aerodactyl', 'Raticate', 'Mr. Mime', 'Blastoise']",41,12,14
gen1nu-2275135940,[Gen 1] NU,2025-01-04 23:45:29,,poliwhirl66423,bulletpunch83527,bulletpunch83527,True,"['Machamp', 'Venomoth', 'Mr. Mime']","['Venomoth', 'Mr. Mime']",10,2,1
smogtours-gen1nu-810974,[Gen 1] NU,2024-12-20 03:17:49,,wacanberry11962,ponyta53394,ponyta53394,False,"['Seadra', 'Venomoth', 'Charizard', 'Poliwrath', 'Mr. Mime', 'Fearow']","['Venomoth', 'Charizard', 'Graveler', 'Poliwrath', 'Mr. Mime', 'Blastoise']",37,7,11
smogtours-gen1nu-773846,[Gen 1] NU,2024-06-11 00:18:33,,gardevoir83362,aeroblast62938,gardevoir83362,False,"['Kingler', 'Venomoth', 'Charizard', 'Raticate', 'Blastoise']","['Seadra', 'Golduck', 'Charizard', 'Kabutops', 'Mr. Mime', 'Venusaur']",26,5,7
gen1nu-2212407703,[Gen 1] NU,2024-09-29 21:56:00,,denpowerghost39436,airlock30435,denpowerghost39436,False,"['Seadra', 'Venomoth', 'Charizard', 'Mr. Mime', 'Fearow']","['Charizard', 'Exeggcute', 'Wigglytuff', 'Raticate', 'Mr. Mime', 'Blastoise']",29,5,8
violetversion-gen1nu-1590,[Gen 1] NU,2016-04-09 23:06:44,,psn38480,ddenpowerfire30449,psn38480,False,"['Venomoth', 'Porygon', 'Omastar', 'Nidoking', 'Arcanine', 'Slowpoke']","['Venomoth', 'Porygon', 'Omastar', 'Nidoking', 'Slowpoke', 'Abra']",56,17,19
smogtours-gen1nu-597820,[Gen 1] NU,2021-12-16 17:40:15,,encore90411,drowzee8791,encore90411,False,"['Nidoking', 'Kabutops', 'Poliwhirl', 'Mr. Mime', 'Clefable', 'Blastoise']","['Charizard', 'Nidoking', 'Poliwhirl', 'Mr. Mime', 'Clefable', 'Blastoise']",40,11,9
smogtours-gen1nu-786518,[Gen 1] NU,2024-08-19 02:39:10,,watersport85551,poisonheal30702,poisonheal30702,False,"['Venomoth', 'Charizard', 'Magneton', 'Raticate', 'Kabutops', 'Mr. Mime']","['Seadra', 'Venomoth', 'Charizard', 'Magneton', 'Mr. Mime', 'Blastoise']",36,11,11
gen1nu-2278843040,[Gen 1] NU,2025-01-11 00:26:48,,revenge71921,blizzard53783,blizzard53783,True,"['Venomoth', 'Exeggcute']",['Venomoth'],6,1,0
smogtours-gen1nu-819837,[Gen 1] NU,2025-02-14 23:57:17,,aquaring89206,icywind98531,icywind98531,False,"['Golduck', 'Aerodactyl', 'Magneton', 'Sandslash', 'Poliwhirl', 'Mr. Mime']","['Venomoth', 'Charizard', 'Raticate', 'Mr. Mime', 'Blastoise']",26,9,5
smogtours-gen1nu-597819,[Gen 1] NU,2021-12-16 17:24:00,,encore90411,drowzee8791,encore90411,False,"['Charizard', 'Nidoking', 'Poliwhirl', 'Mr. Mime', 'Clefable', 'Blastoise']","['Moltres', 'Rapidash', 'Pinsir', 'Kabutops', 'Mr. Mime', 'Blastoise']",30,12,10
gen1nu-2271796017,[Gen 1] NU,2024-12-30 01:22:39,,revenge71921,bulletpunch83527,revenge71921,False,"['Golduck', 'Venomoth', 'Charizard', 'Onix', 'Mr. Mime', 'Fearow']","['Moltres', 'Kabutops', 'Poliwrath', 'Mr. Mime', 'Arcanine', 'Venusaur']",62,9,11
gen1nu-2054270215,[Gen 1] NU,2024-02-07 23:55:57,1000,scaryface3271,recover74685,recover74685,True,"['Golduck', 'Wigglytuff', 'Kabutops', 'Raticate', 'Poliwhirl', 'Mr. Mime']","['Moltres', 'Venomoth', 'Raticate', 'Poliwrath']",25,6,3
gen1nu-2271800570,[Gen 1] NU,2024-12-30 01:33:06,,revenge71921,bulletpunch83527,bulletpunch83527,False,"['Charizard', 'Flareon', 'Exeggcute', 'Wigglytuff', 'Poliwrath', 'Mr. Mime']","['Moltres', 'Venomoth', 'Aerodactyl', 'Raticate', 'Mr. Mime', 'Blastoise']",31,11,9
smogtours-gen1nu-663461,[Gen 1] NU,2022-12-02 22:25:31,,golduck35019,cascoon94634,cascoon94634,False,"['Rapidash', 'Pinsir', 'Nidoqueen', 'Seaking', 'Arcanine', 'Fearow']","['Staryu', 'Omanyte', 'Nidoqueen', 'Dragonair', 'Slowpoke', 'Fearow']",39,9,10
smogtours-gen1nu-662891,[Gen 1] NU,2022-11-27 13:28:49,,toxicplate32546,lick25189,toxicplate32546,True,"['Vileplume', 'Rapidash', 'Omanyte', 'Nidoqueen', 'Seaking', 'Fearow']","['Seadra', 'Rapidash', 'Nidoqueen', 'Arcanine', 'Fearow', 'Slowpoke']",43,11,13
smogtours-gen1nu-591407,[Gen 1] NU,2021-11-06 18:17:03,,encore90411,psn38480,encore90411,False,"['Kingler', 'Nidoking', 'Kabutops', 'Poliwhirl', 'Mr. Mime', 'Clefable']","['Moltres', 'Kingler', 'Charizard', 'Exeggcute', 'Mr. Mime', 'Blastoise']",69,19,19
gen1nu-2276509767,[Gen 1] NU,2025-01-07 08:40:05,,revenge71921,bulletpunch83527,revenge71921,False,"['Venomoth', 'Charizard', 'Magneton', 'Seaking', 'Mr. Mime']","['Moltres', 'Venomoth', 'Charizard', 'Poliwrath', 'Mr. Mime', 'Arcanine']",33,7,6
gen1nu-2057157808,[Gen 1] NU,2024-02-11 22:07:47,1172,counter60391,chopleberry38027,chopleberry38027,False,"['Venomoth', 'Charizard', 'Aerodactyl', 'Magneton', 'Mr. Mime', 'Blastoise']","['Seadra', 'Scyther', 'Venomoth', 'Aerodactyl', 'Raticate', 'Mr. Mime']",42,13,10
smogtours-gen1nu-662787,[Gen 1] NU,2022-11-26 20:25:25,,manaphy22907,golduck35019,golduck35019,False,"['Moltres', 'Kingler', 'Venomoth', 'Mr. Mime', 'Clefable', 'Blastoise']","['Venomoth', 'Charizard', 'Mr. Mime', 'Clefable', 'Blastoise']",27,10,7
gen1nu-2283166251,[Gen 1] NU,2025-01-17 23:44:31,,revenge71921,blizzard53783,blizzard53783,False,"['Venomoth', 'Charizard', 'Poliwrath', 'Mr. Mime', 'Arcanine', 'Primeape']","['Venomoth', 'Charizard', 'Aerodactyl', 'Raticate', 'Mr. Mime', 'Fearow']",23,8,6
smogtours-gen1nu-804033,[Gen 1] NU,2024-11-02 18:32:34,,sacredfire89193,ponyta53394,ponyta53394,False,"['Seadra', 'Venomoth', 'Charizard', 'Magneton', 'Raticate', 'Mr. Mime']","['Seadra', 'Charizard', 'Graveler', 'Poliwrath', 'Mr. Mime', 'Fearow']",36,11,11
gen1nu-2275699566,[Gen 1] NU,2025-01-05 23:32:48,,revenge71921,bulletpunch83527,revenge71921,False,"['Seadra', 'Venomoth', 'Charizard', 'Magneton', 'Seaking', 'Mr. Mime']","['Venomoth', 'Charizard', 'Nidoking', 'Kabutops', 'Raticate', 'Mr. Mime']",34,9,12
gen1nu-2127108692,[Gen 1] NU,2024-05-20 23:57:11,,kangaskhan44566,mismagius33077,mismagius33077,True,"['Golduck', 'Mr. Mime', 'Arcanine']",['Magmar'],9,2,0
gen1nu-2138456330,[Gen 1] NU,2024-06-07 01:47:25,,kangaskhan44566,spearow17079,kangaskhan44566,False,"['Seadra', 'Charizard', 'Magneton', 'Mr. Mime', 'Venusaur', 'Fearow']","['Seadra', 'Moltres', 'Raticate', 'Venusaur', 'Mr. Mime', 'Magmar']",46,15,13
smogtours-gen1nu-663449,[Gen 1] NU,2022-12-02 21:25:18,,perish13441,suctioncups74146,suctioncups74146,False,"['Staryu', 'Rapidash', 'Sandslash', 'Nidoqueen', 'Drowzee', 'Arcanine']","['Staryu', 'Rapidash', 'Nidoqueen', 'Graveler', 'Drowzee']",31,8,6
smogtours-gen1nu-595714,[Gen 1] NU,2021-12-02 14:31:10,,spiderweb27115,drowzee8791,drowzee8791,True,"['Venomoth', 'Charizard', 'Golem', 'Mr. Mime', 'Clefable', 'Blastoise']","['Ninetales', 'Rapidash', 'Charizard', 'Golem', 'Mr. Mime', 'Blastoise']",37,11,9
smogtours-gen1nu-721999,[Gen 1] NU,2023-10-07 02:17:29,,jolteon92120,magnetpull75337,jolteon92120,False,"['Venomoth', 'Charizard', 'Mr. Mime', 'Clefable', 'Blastoise']","['Venomoth', 'Charizard', 'Raticate', 'Mr. Mime', 'Clefable', 'Blastoise']",29,7,8
smogtours-gen1nu-788834,[Gen 1] NU,2024-09-02 20:40:03,,milkdrink75134,mudsport71981,milkdrink75134,False,"['Seadra', 'Mr. Mime', 'Charizard', 'Fearow']","['Seadra', 'Venomoth', 'Charizard', 'Raticate', 'Mr. Mime', 'Blastoise']",21,5,8
gen1nu-2065197289,[Gen 1] NU,2024-02-22 15:50:46,1260,poisonpowder88566,bide81826,bide81826,False,"['Seadra', 'Venomoth', 'Charizard', 'Magneton', 'Wigglytuff', 'Mr. Mime']","['Golduck', 'Venomoth', 'Aerodactyl', 'Nidoking', 'Mr. Mime', 'Magmar']",38,10,11
smogtours-gen1nu-844475,[Gen 1] NU,2025-05-21 19:14:45,,ponyta53394,needlearm59980,needlearm59980,False,"['Seadra', 'Venomoth', 'Charizard', 'Poliwrath', 'Mr. Mime', 'Arcanine']","['Seadra', 'Charizard', 'Aerodactyl', 'Exeggcute', 'Poliwrath', 'Mr. Mime']",39,14,10
smogtours-gen1nu-739407,[Gen 1] NU,2024-01-14 23:16:44,,aquaring89206,absol86495,aquaring89206,False,"['Venomoth', 'Charizard', 'Golem', 'Mr. Mime', 'Clefable', 'Blastoise']","['Seadra', 'Venomoth', 'Electrode', 'Raticate', 'Mr. Mime', 'Clefable']",28,8,8
smogtours-gen1nu-662461,[Gen 1] NU,2022-11-23 19:20:00,,powerherb16934,raindance93189,raindance93189,False,"['Seadra', 'Ninetales', 'Exeggcute', 'Mr. Mime', 'Clefable', 'Blastoise']","['Venomoth', 'Charizard', 'Golem', 'Mr. Mime', 'Clefable', 'Blastoise']",44,12,12
smogtours-gen1nu-648483,[Gen 1] NU,2022-09-17 16:44:02,,encore90411,pickup28423,encore90411,False,"['Venomoth', 'Charizard', 'Poliwhirl', 'Mr. Mime', 'Clefable', 'Blastoise']","['Charizard', 'Rapidash', 'Nidoking', 'Raticate', 'Mr. Mime', 'Blastoise']",49,9,9
gen1nu-2050968828,[Gen 1] NU,2024-02-03 19:29:25,1094,powerfighting24473,sing3556,powerfighting24473,False,"['Venomoth', 'Charizard', 'Golem', 'Mr. Mime', 'Clefable', 'Blastoise']","['Venomoth', 'Charizard', 'Wigglytuff', 'Mr. Mime', 'Clefable', 'Blastoise']",43,13,9
smogtours-gen1nu-645126,[Gen 1] NU,2022-08-25 21:31:36,,manaphy22907,ddenpowerrock80255,manaphy22907,False,"['Exeggcute', 'Poliwhirl', 'Mr. Mime', 'Clefable', 'Blastoise']","['Kingler', 'Charizard', 'Golem', 'Mr. Mime', 'Clefable', 'Blastoise']",37,11,13
smogtours-gen1nu-815670,[Gen 1] NU,2025-01-24 15:51:56,,ddenpowerdark55312,bide85657,bide85657,False,"['Charizard', 'Porygon', 'Raticate', 'Poliwrath', 'Mr. Mime', 'Fearow']","['Golduck', 'Aerodactyl', 'Magneton', 'Sandslash', 'Poliwhirl', 'Mr. Mime']",49,12,14
smogtours-gen1nu-724189,[Gen 1] NU,2023-10-15 20:34:51,,rotomfan35023,buneary57593,rotomfan35023,False,"['Venomoth', 'Charizard', 'Nidoking', 'Mr. Mime', 'Clefable', 'Blastoise']","['Venomoth', 'Charizard', 'Raticate', 'Mr. Mime', 'Clefable', 'Blastoise']",34,15,14
smogtours-gen1nu-734798,[Gen 1] NU,2023-12-10 22:43:59,,golduck35019,cascoon94634,cascoon94634,False,"['Moltres', 'Venomoth', 'Electrode', 'Mr. Mime', 'Clefable', 'Blastoise']","['Moltres', 'Charizard', 'Mr. Mime', 'Clefable', 'Arcanine', 'Fearow']",37,11,5
smogtours-gen1nu-776572,[Gen 1] NU,2024-06-23 22:08:13,,needlearm59980,static36182,needlearm59980,False,"['Moltres', 'Kabutops', 'Poliwrath', 'Mr. Mime', 'Arcanine', 'Venusaur']","['Moltres', 'Venomoth', 'Aerodactyl', 'Raticate', 'Kabutops', 'Mr. Mime']",39,12,12
gen1nu-2139138607,[Gen 1] NU,2024-06-08 03:14:51,,mismagius33077,kangaskhan44566,kangaskhan44566,False,"['Seadra', 'Exeggcute', 'Wigglytuff', 'Raticate', 'Mr. Mime', 'Magmar']","['Seadra', 'Charizard', 'Magneton', 'Mr. Mime', 'Venusaur', 'Fearow']",45,8,13
smogtours-gen1nu-604781,[Gen 1] NU,2022-01-23 20:35:14,,corphish56783,rampardos23359,rampardos23359,False,"['Venomoth', 'Nidoking', 'Weezing', 'Arbok', 'Weepinbell', 'Beedrill']","['Nidoking', 'Weezing', 'Arbok', 'Muk', 'Weepinbell', 'Golbat']",61,18,17
gen1nu-2070835318,[Gen 1] NU,2024-03-01 04:17:30,,revenge71921,punishment38172,revenge71921,True,"['Golduck', 'Venomoth', 'Charizard', 'Fearow']","['Golduck', 'Charizard', 'Aerodactyl', 'Poliwrath', 'Mr. Mime', 'Venusaur']",25,5,9
gen1nu-2275246996,[Gen 1] NU,2025-01-05 04:01:22,,poliwhirl66423,bulletpunch83527,poliwhirl66423,False,"['Venomoth', 'Charizard', 'Porygon', 'Wigglytuff', 'Arbok', 'Mr. Mime']","['Charizard', 'Aerodactyl', 'Gastly', 'Raticate', 'Mr. Mime', 'Blastoise']",32,8,11
smogtours-gen1nu-595990,[Gen 1] NU,2021-12-04 19:11:22,,psn38480,synchronize14428,synchronize14428,False,"['Moltres', 'Golem', 'Mr. Mime', 'Clefable', 'Arcanine', 'Blastoise']","['Charizard', 'Nidoking', 'Kabutops', 'Poliwhirl', 'Mr. Mime', 'Clefable']",42,10,15
gen1nu-2283158531,[Gen 1] NU,2025-01-17 23:26:49,,revenge71921,blizzard53783,revenge71921,False,"['Venomoth', 'Charizard', 'Poliwrath', 'Mr. Mime', 'Arcanine', 'Primeape']","['Venomoth', 'Charizard', 'Nidoking', 'Raticate', 'Kabutops', 'Mr. Mime']",27,6,11
gen1nu-2277096774,[Gen 1] NU,2025-01-08 06:49:08,,revenge71921,bulletpunch83527,revenge71921,False,"['Golduck', 'Venomoth', 'Aerodactyl', 'Nidoking', 'Mr. Mime', 'Magmar']","['Venomoth', 'Charizard', 'Nidoking', 'Kabutops', 'Raticate', 'Mr. Mime']",31,9,13
gen1nu-2145875218,[Gen 1] NU,2024-06-18 22:54:35,,mismagius33077,flash82357,mismagius33077,False,"['Nidoking', 'Exeggcute', 'Wigglytuff', 'Poliwhirl', 'Mr. Mime', 'Magmar']","['Aerodactyl', 'Raticate', 'Blastoise', 'Mr. Mime', 'Fearow', 'Gastly']",26,5,10
gen1nu-2275676493,[Gen 1] NU,2025-01-05 22:44:44,,revenge71921,bulletpunch83527,bulletpunch83527,False,"['Pidgeot', 'Charizard', 'Kabutops', 'Poliwrath', 'Mr. Mime', 'Parasect']","['Venomoth', 'Charizard', 'Nidoking', 'Raticate', 'Kabutops', 'Mr. Mime']",34,8,10
smogtours-gen1nu-800061,[Gen 1] NU,2024-10-19 20:05:55,,mudsport71981,heatran43293,heatran43293,True,"['Venomoth', 'Charizard', 'Kabutops', 'Poliwrath', 'Mr. Mime', 'Fearow']","['Seadra', 'Magneton', 'Mr. Mime', 'Poliwrath']",24,9,4
smogtours-gen1nu-773845,[Gen 1] NU,2024-06-11 00:13:17,,gardevoir83362,aeroblast62938,aeroblast62938,False,"['Venomoth', 'Charizard', 'Nidoking', 'Wigglytuff', 'Mr. Mime', 'Blastoise']","['Moltres', 'Charizard', 'Poliwrath', 'Mr. Mime', 'Arcanine']",32,8,8
smogtours-gen1nu-813299,[Gen 1] NU,2025-01-05 23:15:31,,mudsport71981,recover74685,recover74685,False,"['Venomoth', 'Charizard', 'Raticate', 'Poliwrath', 'Mr. Mime', 'Fearow']","['Venomoth', 'Charizard', 'Magneton', 'Mr. Mime', 'Fearow']",35,15,10
smogtours-gen1nu-781937,[Gen 1] NU,2024-07-22 21:10:01,,aurasphere76841,wacanberry11962,aurasphere76841,False,"['Seadra', 'Charizard', 'Wigglytuff', 'Raticate', 'Mr. Mime', 'Gastly']","['Golduck', 'Venomoth', 'Charizard', 'Magneton', 'Raticate', 'Mr. Mime']",21,9,8
smogtours-gen1nu-748019,[Gen 1] NU,2024-02-17 22:16:15,,quickclaw83695,dragonrage63391,dragonrage63391,False,"['Golduck', 'Charizard', 'Nidoking', 'Mr. Mime', 'Venusaur', 'Fearow']","['Venomoth', 'Charizard', 'Aerodactyl', 'Raticate', 'Mr. Mime', 'Blastoise']",26,8,11
smogtours-gen1nu-774223,[Gen 1] NU,2024-06-13 23:32:20,,naturalgift85801,psn72345,psn72345,False,"['Charizard', 'Magneton', 'Wigglytuff', 'Raticate', 'Poliwrath', 'Mr. Mime']","['Aerodactyl', 'Raticate', 'Blastoise', 'Mr. Mime', 'Fearow', 'Gastly']",31,9,9
smogtours-gen1nu-783752,[Gen 1] NU,2024-08-03 01:29:04,,ponyta53394,poisonpowder88566,poisonpowder88566,False,"['Charizard', 'Aerodactyl', 'Raticate', 'Poliwrath', 'Mr. Mime', 'Arcanine']","['Moltres', 'Seadra', 'Poliwrath', 'Mr. Mime', 'Arcanine']",29,9,8
gen1nu-2281200574,[Gen 1] NU,2025-01-14 22:28:02,,revenge71921,machop41191,revenge71921,True,"['Seadra', 'Venomoth', 'Charizard', 'Mr. Mime', 'Muk']","['Venomoth', 'Charizard', 'Nidoking', 'Raticate', 'Kabutops', 'Mr. Mime']",20,5,9
gen1nu-2050584364,[Gen 1] NU,2024-02-03 04:14:40,1000,noitem17145,powerfighting24473,powerfighting24473,False,"['Charizard', 'Nidoking', 'Exeggcute', 'Kabutops', 'Mr. Mime', 'Clefable']","['Venomoth', 'Charizard', 'Golem', 'Mr. Mime', 'Clefable', 'Blastoise']",24,7,7
smogtours-gen1nu-818687,[Gen 1] NU,2025-02-08 20:00:03,,ddenpowerdark55312,thrash54054,ddenpowerdark55312,False,"['Charizard', 'Magneton', 'Nidoking', 'Poliwrath', 'Mr. Mime', 'Fearow']","['Moltres', 'Venomoth', 'Charizard', 'Magneton', 'Mr. Mime', 'Blastoise']",42,11,17
smogtours-gen1nu-658290,[Gen 1] NU,2022-10-30 18:53:08,,twineedle48571,manaphy22907,twineedle48571,False,"['Moltres', 'Charizard', 'Poliwhirl', 'Golem', 'Mr. Mime', 'Clefable']","['Charizard', 'Poliwhirl', 'Golem', 'Mr. Mime', 'Clefable', 'Blastoise']",47,8,17
smogtours-gen1nu-721768,[Gen 1] NU,2023-10-05 20:52:04,,buneary57593,waterpulse35893,waterpulse35893,True,"['Seadra', 'Venomoth', 'Charizard', 'Mr. Mime', 'Clefable', 'Blastoise']","['Venomoth', 'Wigglytuff', 'Golem', 'Mr. Mime', 'Clefable', 'Blastoise']",48,17,20
smogtours-gen1nu-610113,[Gen 1] NU,2022-02-25 02:39:52,,rotomfan35023,barrage83904,barrage83904,True,"['Charizard', 'Poliwhirl', 'Mr. Mime', 'Clefable', 'Blastoise']","['Golem', 'Mr. Mime', 'Clefable', 'Arcanine', 'Blastoise']",28,10,11
smogtours-gen1nu-664025,[Gen 1] NU,2022-12-08 15:05:12,,golduck35019,powerherb16934,golduck35019,False,"['Kingler', 'Charizard', 'Exeggcute', 'Mr. Mime', 'Clefable', 'Blastoise']","['Venomoth', 'Charizard', 'Nidoking', 'Mr. Mime', 'Clefable', 'Blastoise']",33,8,7
smogtours-gen1nu-665688,[Gen 1] NU,2022-12-20 21:16:42,,kangaskhan41867,luckypunch52209,luckypunch52209,False,"['Staryu', 'Nidoqueen', 'Graveler', 'Drowzee', 'Slowpoke', 'Fearow']","['Staryu', 'Pinsir', 'Omanyte', 'Nidoqueen', 'Drowzee', 'Fearow']",39,14,16
gen1nu-2283178094,[Gen 1] NU,2025-01-18 00:10:00,,revenge71921,blizzard53783,revenge71921,False,"['Magneton', 'Charizard', 'Seaking']","['Venomoth', 'Charizard', 'Aerodactyl', 'Raticate', 'Arcanine', 'Fearow']",26,2,24
smogtours-gen1nu-785256,[Gen 1] NU,2024-08-11 15:18:48,,quickclaw83695,gastrodon26689,quickclaw83695,False,"['Seadra', 'Charizard', 'Raticate', 'Mr. Mime', 'Venusaur', 'Fearow']","['Seadra', 'Venomoth', 'Aerodactyl', 'Raticate', 'Poliwrath', 'Mr. Mime']",33,8,7
smogtours-gen1nu-814471,[Gen 1] NU,2025-01-17 21:44:43,,poisonpowder88566,ponyta53394,ponyta53394,False,"['Charizard', 'Raticate', 'Poliwhirl', 'Mr. Mime', 'Fearow', 'Blastoise']","['Charizard', 'Magneton', 'Poliwrath', 'Mr. Mime', 'Fearow', 'Blastoise']",33,11,10
smogtours-gen1nu-726671,[Gen 1] NU,2023-10-26 21:16:57,,waterpulse35893,jolteon92120,waterpulse35893,False,"['Moltres', 'Venomoth', 'Charizard', 'Mr. Mime', 'Clefable', 'Blastoise']","['Seadra', 'Venomoth', 'Charizard', 'Mr. Mime', 'Clefable', 'Blastoise']",48,14,13
gen1nu-2278381348,[Gen 1] NU,2025-01-10 08:08:38,,revenge71921,blizzard53783,blizzard53783,True,"['Venomoth', 'Slowpoke', 'Exeggcute']","['Mr. Mime', 'Charizard']",10,2,1
smogtours-gen1nu-713053,[Gen 1] NU,2023-08-30 12:22:01,,stench25210,magnetpull75337,stench25210,False,"['Venomoth', 'Charizard', 'Nidoking', 'Mr. Mime', 'Clefable', 'Blastoise']","['Venomoth', 'Charizard', 'Raticate', 'Mr. Mime', 'Clefable', 'Blastoise']",33,8,10
gen1nu-2277156730,[Gen 1] NU,2025-01-08 10:10:27,,revenge71921,bulletpunch83527,revenge71921,False,"['Seadra', 'Venomoth', 'Charizard', 'Raticate', 'Mr. Mime', 'Muk']","['Seadra', 'Golduck', 'Charizard', 'Kabutops', 'Mr. Mime', 'Venusaur']",27,5,7
smogtours-gen1nu-813603,[Gen 1] NU,2025-01-10 21:41:25,,recover74685,wacanberry11962,wacanberry11962,False,"['Charizard', 'Magneton', 'Poliwrath', 'Graveler', 'Mr. Mime', 'Fearow']","['Moltres', 'Venomoth', 'Nidoking', 'Raticate', 'Poliwrath', 'Mr. Mime']",39,17,15
gen1nu-2060416345,[Gen 1] NU,2024-02-16 02:30:08,,punishment38172,hypervoice57011,hypervoice57011,False,"['Golduck', 'Venomoth', 'Charizard', 'Porygon', 'Nidoking', 'Mr. Mime']","['Charizard', 'Aerodactyl', 'Nidoking', 'Mr. Mime', 'Venusaur', 'Blastoise']",25,8,9
smogtours-gen1nu-813723,[Gen 1] NU,2025-01-11 18:39:40,,thrash54054,needlearm59980,thrash54054,False,"['Charizard', 'Magneton', 'Poliwrath', 'Mr. Mime', 'Fearow', 'Blastoise']","['Venomoth', 'Charizard', 'Graveler', 'Poliwhirl', 'Mr. Mime', 'Blastoise']",48,19,19
gen1nu-2066707402,[Gen 1] NU,2024-02-24 16:59:01,1220,revenge71921,denpowerghost39436,revenge71921,False,"['Golduck', 'Venomoth', 'Charizard', 'Nidoqueen', 'Mr. Mime', 'Fearow']","['Venomoth', 'Charizard', 'Aerodactyl', 'Magneton', 'Mr. Mime', 'Blastoise']",39,10,11
smogtours-gen1nu-779342,[Gen 1] NU,2024-07-09 19:12:05,,static36182,aurasphere76841,aurasphere76841,False,"['Moltres', 'Venomoth', 'Aerodactyl', 'Raticate', 'Kabutops', 'Mr. Mime']","['Venomoth', 'Charizard', 'Raticate', 'Arcanine', 'Blastoise']",30,14,11
smogtours-gen1nu-675642,[Gen 1] NU,2023-02-18 20:15:36,,kangaskhan41867,mudsport71981,mudsport71981,False,"['Venomoth', 'Charizard', 'Golem', 'Mr. Mime', 'Clefable', 'Blastoise']","['Venomoth', 'Wigglytuff', 'Mr. Mime', 'Clefable', 'Blastoise']",27,7,6
smogtours-gen1nu-788831,[Gen 1] NU,2024-09-02 20:22:00,,milkdrink75134,mudsport71981,milkdrink75134,True,"['Charizard', 'Poliwrath', 'Blastoise', 'Mr. Mime', 'Gastly']","['Moltres', 'Scyther', 'Seadra', 'Charizard', 'Dragonair', 'Fearow']",23,6,9
gen1nu-2082442131,[Gen 1] NU,2024-03-16 19:39:26,,noability19212,kangaskhan41867,kangaskhan41867,True,"['Venomoth', 'Aerodactyl', 'Raticate', 'Mr. Mime', 'Arcanine', 'Gastly']","['Seadra', 'Moltres', 'Venomoth', 'Charizard', 'Mr. Mime']",21,7,5
gen1nu-2138446767,[Gen 1] NU,2024-06-07 01:23:39,,mismagius33077,kangaskhan44566,mismagius33077,False,"['Seadra', 'Exeggcute', 'Wigglytuff', 'Raticate', 'Mr. Mime', 'Magmar']","['Seadra', 'Charizard', 'Magneton', 'Mr. Mime', 'Venusaur', 'Fearow']",41,6,18
smogtours-gen1nu-662551,[Gen 1] NU,2022-11-25 12:59:04,,golduck35019,magnetpull75337,magnetpull75337,False,"['Rapidash', 'Pinsir', 'Nidoqueen', 'Seaking', 'Arcanine', 'Fearow']","['Vileplume', 'Rapidash', 'Omanyte', 'Nidoqueen', 'Seaking', 'Fearow']",48,13,18
smogtours-gen1nu-663779,[Gen 1] NU,2022-12-04 20:47:43,,miracleeye45867,darkvoid39103,miracleeye45867,True,"['Venomoth', 'Porygon', 'Mr. Mime', 'Clefable', 'Blastoise']","['Charizard', 'Exeggcute', 'Kabutops', 'Golem', 'Mr. Mime', 'Clefable']",34,9,11
gen1nu-2137234829,[Gen 1] NU,2024-06-05 06:40:40,,bide81826,mismagius33077,bide81826,False,"['Charizard', 'Exeggcute', 'Wigglytuff', 'Raticate', 'Mr. Mime', 'Blastoise']","['Kingler', 'Golduck', 'Seadra', 'Raticate', 'Mr. Mime', 'Magmar']",27,10,6
smogtours-gen1nu-676345,[Gen 1] NU,2023-02-19 19:11:52,,hypervoice57448,truant84021,truant84021,False,"['Venomoth', 'Charizard', 'Golem', 'Mr. Mime', 'Clefable', 'Blastoise']","['Charizard', 'Kabutops', 'Golem', 'Mr. Mime', 'Clefable', 'Blastoise']",31,9,7
gen1nu-2277154232,[Gen 1] NU,2025-01-08 10:02:28,,revenge71921,bulletpunch83527,revenge71921,False,"['Charizard', 'Exeggcute', 'Wigglytuff', 'Mr. Mime', 'Magmar']","['Seadra', 'Golduck', 'Charizard', 'Kabutops', 'Mr. Mime', 'Venusaur']",24,7,10
smogtours-gen1nu-775919,[Gen 1] NU,2024-06-22 12:54:41,,aquaring89206,snubbull75943,snubbull75943,False,"['Charizard', 'Aerodactyl', 'Gastly', 'Raticate', 'Mr. Mime', 'Blastoise']","['Moltres', 'Venomoth', 'Aerodactyl', 'Raticate', 'Kabutops', 'Mr. Mime']",47,19,16
smogtours-gen1nu-745248,[Gen 1] NU,2024-02-04 23:33:54,,kangaskhan41867,golduck35019,kangaskhan41867,False,"['Venomoth', 'Electrode', 'Raticate', 'Mr. Mime', 'Clefable']","['Venomoth', 'Golem', 'Mr. Mime', 'Clefable', 'Arcanine', 'Blastoise']",29,6,12
smogtours-gen1nu-663611,[Gen 1] NU,2022-12-03 20:03:19,,mudsport71981,marshtomp99135,mudsport71981,True,"['Staryu', 'Pinsir', 'Omanyte', 'Dragonair', 'Nidoqueen', 'Drowzee']","['Rapidash', 'Omanyte', 'Nidoqueen', 'Drowzee', 'Fearow', 'Abra']",37,13,15
gen1nu-2054326563,[Gen 1] NU,2024-02-08 01:44:09,1049,chopleberry38027,woodhammer66942,chopleberry38027,True,"['Moltres', 'Aerodactyl', 'Raticate', 'Poliwhirl', 'Mr. Mime', 'Venusaur']","['Golduck', 'Venomoth', 'Charizard', 'Magneton', 'Nidoking', 'Mr. Mime']",37,8,10
smogtours-gen1nu-774221,[Gen 1] NU,2024-06-13 23:18:41,,typechange30082,futuresight13270,futuresight13270,False,"['Moltres', 'Venomoth', 'Aerodactyl', 'Raticate', 'Mr. Mime', 'Blastoise']","['Venomoth', 'Charizard', 'Aerodactyl', 'Raticate', 'Mr. Mime']",21,6,5
smogtours-gen1nu-779253,[Gen 1] NU,2024-07-08 17:46:08,,stoneplate55960,poisonpowder88566,poisonpowder88566,False,"['Moltres', 'Venomoth', 'Charizard', 'Raticate', 'Kabutops', 'Mr. Mime']","['Seadra', 'Moltres', 'Charizard', 'Poliwrath', 'Mr. Mime', 'Arcanine']",26,10,9
smogtours-gen1nu-785255,[Gen 1] NU,2024-08-11 15:16:03,,machpunch62379,rotomfan35023,rotomfan35023,False,"['Moltres', 'Venomoth', 'Aerodactyl', 'Raticate', 'Arcanine', 'Fearow']","['Moltres', 'Venomoth', 'Aerodactyl', 'Raticate', 'Poliwrath', 'Mr. Mime']",29,7,7
smogtours-gen1nu-814684,[Gen 1] NU,2025-01-18 20:16:24,,thrash54054,bulletseed19358,bulletseed19358,False,"['Seadra', 'Venomoth', 'Charizard', 'Magneton', 'Raticate', 'Mr. Mime']","['Charizard', 'Magneton', 'Kabutops', 'Poliwrath', 'Mr. Mime', 'Fearow']",97,14,12
smogtours-gen1nu-839691,[Gen 1] NU,2025-05-04 20:23:11,,ponyta53394,frenzyplant87849,ponyta53394,True,"['Venomoth', 'Charizard', 'Magneton', 'Mr. Mime', 'Fearow', 'Blastoise']","['Venomoth', 'Charizard', 'Magneton', 'Mr. Mime', 'Fearow', 'Blastoise']",29,10,10
gen1nu-2051105994,[Gen 1] NU,2024-02-03 23:26:24,1000,growl5652,honchkrow95614,growl5652,True,"['Moltres', 'Kingler', 'Electrode', 'Exeggcute', 'Golem']","['Rapidash', 'Magneton', 'Electrode', 'Golem', 'Machamp', 'Blastoise']",32,13,13
gen1nu-2275613744,[Gen 1] NU,2025-01-05 20:36:03,,poliwhirl66423,bulletpunch83527,poliwhirl66423,False,"['Venomoth', 'Charizard', 'Magneton', 'Kabutops', 'Machamp', 'Mr. Mime']","['Venomoth', 'Charizard', 'Aerodactyl', 'Magneton', 'Mr. Mime', 'Blastoise']",37,6,7
smogtours-gen1nu-662557,[Gen 1] NU,2022-11-25 15:22:51,,alakazam8068,zoomlens15496,zoomlens15496,False,"['Vileplume', 'Rapidash', 'Omanyte', 'Nidoqueen', 'Magmar', 'Fearow']","['Rapidash', 'Nidoqueen', 'Omanyte', 'Machamp', 'Slowpoke']",49,11,8
gen1nu-2060448069,[Gen 1] NU,2024-02-16 03:31:59,,rollout94469,punishment38172,punishment38172,False,"['Golduck', 'Charizard', 'Porygon', 'Wigglytuff', 'Mr. Mime', 'Victreebel']","['Golduck', 'Venomoth', 'Charizard', 'Porygon', 'Nidoking', 'Mr. Mime']",36,9,8
gen1nu-2204652324,[Gen 1] NU,2024-09-18 22:09:28,,stoneplate55960,deoxysattack50804,stoneplate55960,False,"['Moltres', 'Venomoth', 'Charizard', 'Kabutops', 'Raticate', 'Mr. Mime']","['Charizard', 'Aerodactyl', 'Raticate', 'Poliwhirl', 'Mr. Mime', 'Blastoise']",29,5,6
smogtours-gen1nu-665938,[Gen 1] NU,2022-12-22 19:57:01,,jolteon92120,powerherb16934,jolteon92120,False,"['Venomoth', 'Charizard', 'Raticate', 'Mr. Mime', 'Clefable', 'Blastoise']","['Moltres', 'Seadra', 'Venomoth', 'Nidoking', 'Mr. Mime', 'Clefable']",38,11,9
smogtours-gen1nu-741165,[Gen 1] NU,2024-01-21 22:10:46,,mudsport71981,splash22725,mudsport71981,False,"['Venomoth', 'Electrode', 'Raticate', 'Mr. Mime', 'Clefable', 'Arcanine']","['Venomoth', 'Electrode', 'Raticate', 'Mr. Mime', 'Clefable', 'Blastoise']",34,7,10
smogtours-gen1nu-597326,[Gen 1] NU,2021-12-12 19:17:02,,psn38480,drowzee8791,psn38480,False,"['Moltres', 'Kingler', 'Exeggcute', 'Mr. Mime', 'Blastoise']","['Seadra', 'Charizard', 'Electrode', 'Exeggcute', 'Golem', 'Mr. Mime']",42,12,10
smogtours-gen1nu-818406,[Gen 1] NU,2025-02-07 20:17:26,,recover74685,ponyta53394,ponyta53394,True,"['Seadra', 'Moltres', 'Magneton', 'Poliwrath', 'Mr. Mime', 'Fearow']","['Seadra', 'Charizard', 'Graveler', 'Poliwrath', 'Mr. Mime', 'Magmar']",33,14,11
gen1nu-2236274137,[Gen 1] NU,2024-11-03 00:31:05,,razzberry64813,micleberry24246,razzberry64813,False,"['Venomoth', 'Aerodactyl', 'Magneton', 'Kabutops', 'Blastoise']","['Charizard', 'Magneton', 'Nidoking', 'Raticate', 'Poliwhirl', 'Mr. Mime']",27,7,8
smogtours-gen1nu-800314,[Gen 1] NU,2024-10-20 10:57:27,,stoneplate55960,sacredfire89193,stoneplate55960,False,"['Seadra', 'Golduck', 'Venomoth', 'Charizard', 'Mr. Mime', 'Fearow']","['Moltres', 'Venomoth', 'Charizard', 'Mr. Mime', 'Fearow', 'Blastoise']",34,9,12
gen1nu-2275671216,[Gen 1] NU,2025-01-05 22:37:39,,revenge71921,bulletpunch83527,bulletpunch83527,False,"['Pidgeot', 'Charizard', 'Kabutops', 'Poliwrath', 'Mr. Mime', 'Parasect']","['Venomoth', 'Charizard', 'Aerodactyl', 'Magneton', 'Mr. Mime', 'Blastoise']",35,8,10
smogtours-gen1nu-662011,[Gen 1] NU,2022-11-19 18:27:24,,meditate33036,manaphy22907,meditate33036,False,"['Moltres', 'Venomoth', 'Charizard', 'Mr. Mime', 'Clefable', 'Blastoise']","['Venomoth', 'Charizard', 'Raticate', 'Mr. Mime', 'Clefable', 'Blastoise']",41,12,12
gen1nu-2283160959,[Gen 1] NU,2025-01-17 23:32:48,,revenge71921,blizzard53783,blizzard53783,True,"['Arcanine', 'Primeape', 'Venomoth', 'Mr. Mime']","['Venomoth', 'Charizard', 'Nidoking', 'Kabutops', 'Mr. Mime']",12,3,5
gen1nu-2276497147,[Gen 1] NU,2025-01-07 07:55:15,,revenge71921,bulletpunch83527,bulletpunch83527,False,"['Seadra', 'Venomoth', 'Charizard', 'Magneton', 'Seaking', 'Mr. Mime']","['Venomoth', 'Charizard', 'Raticate', 'Kabutops', 'Mr. Mime']",39,7,11
gen1nu-2271739400,[Gen 1] NU,2024-12-29 23:10:54,,revenge71921,bulletpunch83527,bulletpunch83527,True,"['Charizard', 'Exeggcute', 'Wigglytuff', 'Raticate', 'Mr. Mime', 'Blastoise']","['Moltres', 'Kabutops', 'Poliwrath', 'Mr. Mime', 'Arcanine', 'Venusaur']",35,12,14
smogtours-gen1nu-815778,[Gen 1] NU,2025-01-25 00:08:03,,recover74685,magmortar19991,magmortar19991,False,"['Moltres', 'Golduck', 'Charizard', 'Aerodactyl', 'Dragonair', 'Poliwhirl']","['Charizard', 'Graveler', 'Poliwrath', 'Poliwhirl', 'Mr. Mime', 'Fearow']",43,10,10
smogtours-gen1nu-675771,[Gen 1] NU,2023-02-19 03:24:16,,jolteon92120,magnetpull75337,magnetpull75337,False,"['Venomoth', 'Charizard', 'Raticate', 'Mr. Mime', 'Clefable', 'Blastoise']","['Venomoth', 'Charizard', 'Golem', 'Mr. Mime', 'Clefable', 'Blastoise']",26,10,6
gen1nu-2144715266,[Gen 1] NU,2024-06-17 02:55:17,,mismagius33077,kangaskhan44566,kangaskhan44566,False,"['Exeggcute', 'Nidoking', 'Wigglytuff', 'Poliwhirl', 'Mr. Mime', 'Magmar']","['Charizard', 'Magneton', 'Exeggcute', 'Raticate', 'Mr. Mime', 'Primeape']",41,15,11
smogtours-gen1nu-817187,[Gen 1] NU,2025-02-01 16:26:41,,recover74685,poisonpowder88566,poisonpowder88566,False,"['Moltres', 'Venomoth', 'Nidoking', 'Poliwrath', 'Mr. Mime', 'Fearow']","['Moltres', 'Charizard', 'Mr. Mime', 'Arcanine', 'Fearow', 'Blastoise']",44,18,12
smogtours-gen1nu-797344,[Gen 1] NU,2024-10-12 02:29:51,,heatran43293,barrage50572,heatran43293,False,"['Charizard', 'Poliwrath', 'Mr. Mime', 'Arcanine', 'Venusaur']","['Moltres', 'Seadra', 'Venomoth', 'Charizard', 'Mr. Mime', 'Blastoise']",37,11,8
gen1nu-2073527571,[Gen 1] NU,2024-03-04 23:22:07,,unknown50813,glalie56367,unknown50813,False,"['Venomoth', 'Charizard', 'Mr. Mime', 'Fearow', 'Blastoise']","['Seadra', 'Venomoth', 'Charizard', 'Raticate', 'Mr. Mime', 'Blastoise']",31,8,9
smogtours-gen1nu-654757,[Gen 1] NU,2022-10-15 01:47:22,,manaphy22907,whiscash85390,manaphy22907,True,"['Charizard', 'Poliwhirl', 'Mr. Mime', 'Clefable', 'Primeape', 'Blastoise']","['Kingler', 'Nidoking', 'Poliwhirl', 'Mr. Mime', 'Clefable', 'Blastoise']",21,5,5
smogtours-gen1nu-667609,[Gen 1] NU,2023-01-07 18:17:56,,mudsport71981,powerherb16934,mudsport71981,False,"['Venomoth', 'Charizard', 'Golem', 'Mr. Mime', 'Clefable', 'Blastoise']","['Venomoth', 'Charizard', 'Electrode', 'Mr. Mime', 'Clefable', 'Blastoise']",43,16,16
smogtours-gen1nu-784632,[Gen 1] NU,2024-08-07 19:12:00,,aeroblast8709,ponyta53394,ponyta53394,False,"['Moltres', 'Seadra', 'Venomoth', 'Aerodactyl', 'Raticate', 'Mr. Mime']","['Charizard', 'Aerodactyl', 'Raticate', 'Poliwrath', 'Mr. Mime']",35,11,8
gen1nu-2050928568,[Gen 1] NU,2024-02-03 18:18:12,1000,growl5652,stoneplate49551,growl5652,False,"['Kingler', 'Electrode', 'Exeggcute', 'Golem', 'Lickitung']","['Moltres', 'Charizard', 'Butterfree', 'Kabutops', 'Weezing', 'Blastoise']",26,5,5
smogtours-gen1nu-710412,[Gen 1] NU,2023-08-17 20:22:12,,innerfocus97582,extremespeed62335,innerfocus97582,False,"['Seadra', 'Venomoth', 'Golem', 'Mr. Mime', 'Clefable', 'Blastoise']","['Seadra', 'Venomoth', 'Golem', 'Mr. Mime', 'Clefable', 'Blastoise']",28,8,9
smogtours-gen1nu-789977,[Gen 1] NU,2024-09-08 20:18:33,,recover74685,cascoon94634,cascoon94634,False,"['Charizard', 'Kabutops', 'Raticate', 'Poliwrath', 'Mr. Mime', 'Fearow']","['Venomoth', 'Charizard', 'Magneton', 'Raticate', 'Mr. Mime']",28,12,10
smogtours-gen1nu-779324,[Gen 1] NU,2024-07-09 16:45:40,,perishsong83468,frenzyplant87849,perishsong83468,False,"['Charizard', 'Aerodactyl', 'Raticate', 'Arcanine', 'Venusaur', 'Blastoise']","['Venomoth', 'Charizard', 'Aerodactyl', 'Magneton', 'Mr. Mime', 'Blastoise']",42,12,10
smogtours-gen1nu-661679,[Gen 1] NU,2022-11-16 20:29:56,,raindance93189,spiderweb27115,raindance93189,False,"['Venomoth', 'Charizard', 'Mr. Mime', 'Clefable', 'Blastoise']","['Venomoth', 'Charizard', 'Nidoking', 'Electrode', 'Kabutops', 'Clefable']",35,9,11
gen1nu-2274594188,[Gen 1] NU,2025-01-04 00:40:03,,poliwhirl66423,bulletpunch83527,poliwhirl66423,False,"['Rapidash', 'Aerodactyl', 'Wigglytuff', 'Poliwrath', 'Mr. Mime', 'Venusaur']","['Charizard', 'Aerodactyl', 'Raticate', 'Blastoise', 'Mr. Mime', 'Gastly']",52,16,18
gen1nu-2054332761,[Gen 1] NU,2024-02-08 01:53:28,1029,vulpix85363,chopleberry38027,vulpix85363,False,"['Venomoth', 'Pinsir', 'Raticate', 'Kabutops', 'Poliwrath', 'Machamp']","['Moltres', 'Aerodactyl', 'Raticate', 'Poliwhirl', 'Mr. Mime', 'Venusaur']",35,9,10
gen1nu-2050885553,[Gen 1] NU,2024-02-03 17:02:08,1000,berryjuice54970,headsmash80530,berryjuice54970,False,"['Electrode', 'Golem', 'Mr. Mime', 'Clefable', 'Blastoise']","['Kingler', 'Charizard', 'Nidoking', 'Golem', 'Arcanine', 'Blastoise']",34,11,7
gen1nu-2275580650,[Gen 1] NU,2025-01-05 19:32:59,,poliwhirl66423,bulletpunch83527,poliwhirl66423,False,"['Venomoth', 'Charizard', 'Porygon', 'Wigglytuff', 'Arbok', 'Mr. Mime']","['Venomoth', 'Charizard', 'Nidoking', 'Kabutops', 'Raticate', 'Mr. Mime']",40,12,13
smogtours-gen1nu-665444,[Gen 1] NU,2022-12-18 20:35:57,,simple96847,toxic24772,toxic24772,False,"['Staryu', 'Rapidash', 'Nidoqueen', 'Machamp', 'Weepinbell', 'Arcanine']","['Staryu', 'Flareon', 'Dragonair', 'Nidoqueen', 'Machamp', 'Drowzee']",57,18,20
smogtours-gen1nu-663488,[Gen 1] NU,2022-12-03 02:04:01,,golduck35019,whismur95661,whismur95661,False,"['Charizard', 'Rapidash', 'Golem', 'Mr. Mime', 'Clefable', 'Blastoise']","['Moltres', 'Charizard', 'Nidoking', 'Mr. Mime', 'Clefable', 'Blastoise']",33,7,11
smogtours-gen1nu-609710,[Gen 1] NU,2022-02-20 18:11:33,,micleberry95900,encore90411,encore90411,False,"['Ninetales', 'Rapidash', 'Charizard', 'Golem', 'Mr. Mime', 'Blastoise']","['Venomoth', 'Wigglytuff', 'Raticate', 'Kabutops', 'Mr. Mime', 'Clefable']",31,13,9
gen1nu-2145379773,[Gen 1] NU,2024-06-18 04:31:52,,denpowerghost39436,sunkern50532,sunkern50532,False,"['Charizard', 'Aerodactyl', 'Magneton', 'Raticate', 'Poliwhirl', 'Mr. Mime']","['Charizard', 'Exeggcute', 'Wigglytuff', 'Raticate', 'Mr. Mime', 'Blastoise']",29,6,8
smogtours-gen1nu-605217,[Gen 1] NU,2022-01-28 20:41:23,,synchronize14428,levelball80103,levelball80103,False,"['Charizard', 'Exeggcute', 'Raticate', 'Mr. Mime', 'Clefable', 'Blastoise']","['Charizard', 'Exeggcute', 'Golem', 'Clefable', 'Blastoise']",32,11,11
gen1nu-2359017080,[Gen 1] NU,2025-05-07 17:44:36,,denpowerghost39436,bide85657,bide85657,False,"['Moltres', 'Seadra', 'Graveler', 'Mr. Mime', 'Arcanine', 'Fearow']","['Nidoking', 'Raticate', 'Poliwrath', 'Poliwhirl', 'Mr. Mime']",29,10,6
smogtours-gen1nu-662630,[Gen 1] NU,2022-11-26 03:34:28,,ninjask76302,harden39394,harden39394,False,"['Rapidash', 'Pinsir', 'Nidoqueen', 'Graveler', 'Seaking', 'Fearow']","['Staryu', 'Rapidash', 'Nidoqueen', 'Graveler', 'Seaking', 'Machamp']",32,11,10
smogtours-gen1nu-744659,[Gen 1] NU,2024-02-04 04:13:45,,drapion2237,mudsport71981,mudsport71981,False,"['Wigglytuff', 'Raticate', 'Golem', 'Mr. Mime', 'Clefable', 'Blastoise']","['Seadra', 'Venomoth', 'Electrode', 'Raticate', 'Mr. Mime', 'Clefable']",40,13,18
gen1nu-2062248920,[Gen 1] NU,2024-02-18 18:35:19,1130,poisonpowder88566,diglett37152,diglett37152,True,"['Moltres', 'Kabutops', 'Poliwrath', 'Mr. Mime', 'Arcanine', 'Venusaur']","['Charizard', 'Porygon', 'Wigglytuff', 'Poliwhirl', 'Mr. Mime', 'Beedrill']",33,12,8
smogtours-gen1nu-665714,[Gen 1] NU,2022-12-21 02:13:52,,typechange32750,chinchou58618,typechange32750,False,"['Pinsir', 'Nidoqueen', 'Omanyte', 'Machamp', 'Drowzee', 'Fearow']","['Staryu', 'Pinsir', 'Omanyte', 'Nidoqueen', 'Dragonair', 'Drowzee']",29,6,15
gen1nu-2276352062,[Gen 1] NU,2025-01-07 01:25:42,,revenge71921,bulletpunch83527,revenge71921,False,"['Venomoth', 'Mr. Mime', 'Fearow', 'Blastoise', 'Abra']","['Venomoth', 'Charizard', 'Nidoking', 'Raticate', 'Kabutops', 'Mr. Mime']",18,4,8
gen1nu-2063147300,[Gen 1] NU,2024-02-19 22:42:17,1240,calmmind8048,poisonpowder88566,calmmind8048,False,"['Aerodactyl', 'Nidoking', 'Wigglytuff', 'Raticate', 'Poliwhirl', 'Mr. Mime']","['Moltres', 'Kabutops', 'Poliwrath', 'Mr. Mime', 'Arcanine', 'Venusaur']",32,8,7
smogtours-gen1nu-802781,[Gen 1] NU,2024-10-27 22:01:40,,denpowerghost39436,sacredfire89193,sacredfire89193,False,"['Seadra', 'Venomoth', 'Charizard', 'Poliwrath', 'Mr. Mime', 'Fearow']","['Seadra', 'Venomoth', 'Charizard', 'Raticate', 'Mr. Mime', 'Fearow']",26,7,7
gen1nu-2279994861,[Gen 1] NU,2025-01-13 01:53:38,,revenge71921,blizzard53783,revenge71921,True,"['Magmar', 'Wigglytuff', 'Charizard']","['Moltres', 'Venomoth', 'Charizard', 'Poliwrath', 'Mr. Mime', 'Arcanine']",25,4,7
smogtours-gen1nu-796022,[Gen 1] NU,2024-10-06 21:41:12,,mudsport71981,barrage50572,mudsport71981,True,"['Venomoth', 'Charizard', 'Raticate', 'Poliwrath', 'Mr. Mime']","['Moltres', 'Seadra', 'Venomoth', 'Nidoking', 'Mr. Mime', 'Blastoise']",31,10,9
smogtours-gen1nu-587258,[Gen 1] NU,2021-10-17 12:57:44,,judgment42249,encore90411,encore90411,False,"['Seadra', 'Charizard', 'Rapidash', 'Electrode', 'Mr. Mime', 'Blastoise']","['Venomoth', 'Charizard', 'Nidoking', 'Mr. Mime', 'Clefable', 'Blastoise']",32,15,11
smogtours-gen1nu-712994,[Gen 1] NU,2023-08-29 21:36:39,,jolteon92120,naturalcure38059,naturalcure38059,False,"['Seadra', 'Venomoth', 'Charizard', 'Mr. Mime', 'Clefable', 'Blastoise']","['Venomoth', 'Charizard', 'Mr. Mime', 'Clefable', 'Blastoise']",33,9,7
smogtours-gen1nu-813627,[Gen 1] NU,2025-01-11 01:33:27,,magmortar19991,ponyta53394,magmortar19991,False,"['Venomoth', 'Charizard', 'Aerodactyl', 'Nidoking', 'Poliwrath', 'Mr. Mime']","['Venomoth', 'Charizard', 'Mr. Mime', 'Arcanine', 'Fearow', 'Blastoise']",36,8,8
gen1nu-2144712347,[Gen 1] NU,2024-06-17 02:46:47,,mismagius33077,kangaskhan44566,kangaskhan44566,False,"['Seadra', 'Exeggcute', 'Wigglytuff', 'Graveler', 'Mr. Mime', 'Magmar']","['Charizard', 'Magneton', 'Exeggcute', 'Raticate', 'Mr. Mime', 'Primeape']",32,10,10
gen1nu-2052630002,[Gen 1] NU,2024-02-05 23:51:42,1084,counter60391,icepunch31870,counter60391,True,"['Ninetales', 'Poliwag', 'Blastoise']","['Venomoth', 'Charizard', 'Mr. Mime', 'Clefable', 'Blastoise']",18,2,6
gen1nu-2069854596,[Gen 1] NU,2024-02-28 22:29:07,1047,arceusbug48749,noweather98210,noweather98210,False,"['Moltres', 'Golduck', 'Mr. Mime', 'Lickitung', 'Victreebel', 'Blastoise']","['Venomoth', 'Charizard', 'Poliwrath', 'Machamp', 'Marowak', 'Mr. Mime']",35,11,9
smogtours-gen1nu-654756,[Gen 1] NU,2022-10-15 01:37:58,,whiscash85390,manaphy22907,whiscash85390,False,"['Charizard', 'Nidoking', 'Poliwhirl', 'Mr. Mime', 'Clefable', 'Blastoise']","['Charizard', 'Poliwhirl', 'Golem', 'Mr. Mime', 'Clefable', 'Blastoise']",35,7,7
gen1nu-2274579004,[Gen 1] NU,2025-01-04 00:04:36,,poliwhirl66423,bulletpunch83527,bulletpunch83527,False,"['Rapidash', 'Aerodactyl', 'Wigglytuff', 'Poliwrath', 'Mr. Mime', 'Venusaur']","['Charizard', 'Aerodactyl', 'Gastly', 'Raticate', 'Mr. Mime', 'Blastoise']",48,18,13
smogtours-gen1nu-701368,[Gen 1] NU,2023-07-06 22:02:16,,unknownability847,golduck35019,golduck35019,False,"['Venomoth', 'Charizard', 'Golem', 'Mr. Mime', 'Clefable', 'Blastoise']","['Charizard', 'Kabutops', 'Mr. Mime', 'Clefable', 'Blastoise']",37,12,7
gen1nu-2283163243,[Gen 1] NU,2025-01-17 23:39:24,,revenge71921,blizzard53783,blizzard53783,False,"['Venomoth', 'Charizard', 'Poliwrath', 'Mr. Mime', 'Arcanine', 'Primeape']","['Venomoth', 'Charizard', 'Nidoking', 'Kabutops', 'Raticate', 'Mr. Mime']",33,9,9
gen1nu-2274547291,[Gen 1] NU,2025-01-03 22:53:10,,poliwhirl66423,bulletpunch83527,poliwhirl66423,False,"['Pidgeot', 'Charizard', 'Kabutops', 'Poliwrath', 'Mr. Mime', 'Parasect']","['Moltres', 'Venomoth', 'Aerodactyl', 'Raticate', 'Poliwrath', 'Mr. Mime']",32,8,12
smogtours-gen1nu-783754,[Gen 1] NU,2024-08-03 01:53:36,,poisonpowder88566,ponyta53394,ponyta53394,False,"['Seadra', 'Charizard', 'Raticate', 'Mr. Mime', 'Venusaur', 'Fearow']","['Charizard', 'Raticate', 'Poliwrath', 'Mr. Mime', 'Arcanine', 'Gastly']",31,11,9
smogtours-gen1nu-662458,[Gen 1] NU,2022-11-23 19:11:57,,raindance93189,powerherb16934,powerherb16934,False,"['Seadra', 'Venomoth', 'Charizard', 'Mr. Mime', 'Clefable', 'Blastoise']","['Kingler', 'Charizard', 'Exeggcute', 'Golem', 'Mr. Mime', 'Clefable']",33,10,10
gen1nu-2054812693,[Gen 1] NU,2024-02-08 17:36:42,1000,mismagius33077,bide81826,bide81826,False,"['Kingler', 'Venomoth', 'Aerodactyl', 'Wigglytuff', 'Mr. Mime', 'Magmar']","['Golduck', 'Magmar', 'Aerodactyl']",26,11,3
smogtours-gen1nu-598208,[Gen 1] NU,2021-12-18 18:54:29,,meditate33036,psn38480,psn38480,False,"['Moltres', 'Charizard', 'Nidoking', 'Poliwhirl', 'Mr. Mime', 'Blastoise']","['Exeggcute', 'Kabutops', 'Mr. Mime', 'Primeape', 'Blastoise']",33,13,12
smogtours-gen1nu-602461,[Gen 1] NU,2022-01-15 17:12:06,,encore90411,psn38480,encore90411,False,"['Moltres', 'Charizard', 'Wigglytuff', 'Kabutops', 'Mr. Mime', 'Clefable']","['Charizard', 'Exeggcute', 'Kabutops', 'Mr. Mime', 'Primeape', 'Blastoise']",37,12,13
gen1nu-2277064297,[Gen 1] NU,2025-01-08 05:03:36,,revenge71921,bulletpunch83527,revenge71921,True,"['Exeggcute', 'Wigglytuff']","['Venomoth', 'Charizard', 'Nidoking']",13,2,2
gen1nu-2278350857,[Gen 1] NU,2025-01-10 06:31:45,,revenge71921,blizzard53783,revenge71921,True,"['Scyther', 'Venomoth', 'Exeggcute', 'Kabutops', 'Mr. Mime', 'Slowpoke']","['Venomoth', 'Charizard', 'Nidoking', 'Raticate', 'Kabutops', 'Mr. Mime']",27,10,8
smogtours-gen1nu-674194,[Gen 1] NU,2023-02-10 21:12:42,,jolteon92120,splashplate50287,jolteon92120,False,"['Charizard', 'Raticate', 'Mr. Mime', 'Clefable', 'Blastoise']","['Charizard', 'Kabutops', 'Golem', 'Mr. Mime', 'Clefable', 'Blastoise']",28,5,9
smogtours-gen1nu-784792,[Gen 1] NU,2024-08-09 01:24:55,,mudsport71981,ponyta53394,mudsport71981,False,"['Staryu', 'Porygon', 'Magneton', 'Nidoqueen', 'Seaking', 'Arcanine']","['Staryu', 'Porygon', 'Nidoqueen', 'Arcanine', 'Fearow', 'Gastly']",33,5,10
smogtours-gen1nu-588080,[Gen 1] NU,2021-10-22 21:34:26,,ironhead21066,waterpulse35893,waterpulse35893,True,"['Charizard', 'Porygon', 'Rapidash', 'Pinsir', 'Nidoking', 'Blastoise']","['Ninetales', 'Charizard', 'Nidoking', 'Golem', 'Mr. Mime', 'Blastoise']",74,13,25
smogtours-gen1nu-665179,[Gen 1] NU,2022-12-17 02:22:41,,belueberry61357,ponyta53394,ponyta53394,False,"['Rapidash', 'Electrode', 'Seaking', 'Arcanine', 'Fearow', 'Gastly']","['Arcanine', 'Electrode', 'Fearow', 'Rapidash']",19,5,3
gen1nu-2262629720,[Gen 1] NU,2024-12-14 01:19:37,,stoneplate55960,heatran44736,stoneplate55960,False,"['Seadra', 'Scyther', 'Venomoth', 'Aerodactyl', 'Raticate', 'Fearow']","['Voltorb', 'Porygon', 'Magneton', 'Kabutops', 'Raticate', 'Poliwrath']",26,7,10
gen1nu-2262633999,[Gen 1] NU,2024-12-14 01:32:51,,stoneplate55960,heatran44736,heatran44736,False,"['Porygon', 'Magneton', 'Kabutops', 'Poliwrath', 'Raticate', 'Mr. Mime']","['Moltres', 'Seadra', 'Charizard', 'Poliwrath', 'Mr. Mime', 'Arcanine']",32,9,8
smogtours-gen1nu-699957,[Gen 1] NU,2023-06-29 22:17:37,,custapberry81978,buneary57593,buneary57593,False,"['Charizard', 'Raticate', 'Golem', 'Mr. Mime', 'Clefable', 'Blastoise']","['Venomoth', 'Charizard', 'Nidoking', 'Mr. Mime', 'Clefable', 'Blastoise']",32,10,6
gen1nu-2276520217,[Gen 1] NU,2025-01-07 09:18:27,,revenge71921,bulletpunch83527,revenge71921,False,"['Seadra', 'Exeggcute', 'Wigglytuff', 'Raticate', 'Mr. Mime', 'Magmar']","['Moltres', 'Venomoth', 'Charizard', 'Poliwrath', 'Mr. Mime', 'Arcanine']",33,7,7
gen1nu-2063071145,[Gen 1] NU,2024-02-19 20:41:52,1094,poisonpowder88566,mismagius33077,poisonpowder88566,False,"['Moltres', 'Kabutops', 'Poliwrath', 'Mr. Mime', 'Arcanine', 'Venusaur']","['Moltres', 'Golduck', 'Venomoth', 'Aerodactyl', 'Mr. Mime', 'Magmar']",48,13,12
smogtours-gen1nu-657441,[Gen 1] NU,2022-10-26 22:06:40,,innerfocus97582,altaria32948,innerfocus97582,False,"['Venomoth', 'Charizard', 'Golem', 'Mr. Mime', 'Clefable', 'Blastoise']","['Electrode', 'Kabutops', 'Poliwhirl', 'Mr. Mime', 'Clefable', 'Blastoise']",34,9,10
smogtours-gen1nu-595854,[Gen 1] NU,2021-12-03 20:55:36,,taunt17457,meditate33036,meditate33036,False,"['Venomoth', 'Charizard', 'Nidoking', 'Mr. Mime', 'Clefable', 'Blastoise']","['Moltres', 'Charizard', 'Poliwhirl', 'Mr. Mime', 'Blastoise']",69,24,17
smogtours-gen1nu-665178,[Gen 1] NU,2022-12-17 02:18:19,,belueberry61357,ponyta53394,belueberry61357,False,"['Rapidash', 'Electrode', 'Seaking', 'Arcanine', 'Fearow', 'Gastly']","['Staryu', 'Rapidash', 'Vileplume', 'Electrode', 'Arbok', 'Arcanine']",31,7,9
smogtours-gen1nu-788830,[Gen 1] NU,2024-09-02 20:14:47,,milkdrink75134,mudsport71981,mudsport71981,False,"['Kingler', 'Seadra', 'Venomoth', 'Moltres', 'Charizard', 'Mr. Mime']","['Moltres', 'Charizard', 'Raticate', 'Poliwrath', 'Mr. Mime', 'Gastly']",28,11,10
smogtours-gen1nu-842584,[Gen 1] NU,2025-05-15 18:26:50,,machop48408,needlearm59980,needlearm59980,False,"['Venomoth', 'Charizard', 'Aerodactyl', 'Raticate', 'Mr. Mime', 'Blastoise']","['Venomoth', 'Charizard', 'Exeggcute', 'Kabutops', 'Mr. Mime', 'Blastoise']",35,17,14
smogtours-gen1nu-780343,[Gen 1] NU,2024-07-14 19:28:40,,shinystone44310,needlearm59980,needlearm59980,False,"['Moltres', 'Venomoth', 'Charizard', 'Poliwrath', 'Mr. Mime', 'Arcanine']","['Moltres', 'Kabutops', 'Poliwrath', 'Mr. Mime', 'Arcanine', 'Venusaur']",51,13,14
gen1nu-2275127375,[Gen 1] NU,2025-01-04 23:30:44,,poliwhirl66423,bulletpunch83527,poliwhirl66423,False,"['Pidgeot', 'Charizard', 'Kabutops', 'Poliwrath', 'Mr. Mime', 'Parasect']","['Venomoth', 'Charizard', 'Nidoking', 'Kabutops', 'Raticate', 'Mr. Mime']",29,9,9
gen1nu-2275135192,[Gen 1] NU,2025-01-04 23:44:17,,poliwhirl66423,bulletpunch83527,bulletpunch83527,True,"['Venomoth', 'Magneton', 'Kabutops', 'Machamp', 'Mr. Mime']","['Venomoth', 'Charizard', 'Nidoking', 'Mr. Mime']",11,4,3
smogtours-gen1nu-777932,[Gen 1] NU,2024-07-01 19:18:50,,powerherb16934,aurasphere76841,aurasphere76841,False,"['Moltres', 'Charizard', 'Raticate', 'Poliwhirl', 'Mr. Mime', 'Venusaur']","['Venomoth', 'Charizard', 'Aerodactyl', 'Raticate', 'Kabutops', 'Mr. Mime']",33,11,10
gen1nu-2275786265,[Gen 1] NU,2025-01-06 02:42:30,,revenge71921,bulletpunch83527,revenge71921,False,"['Pidgeot', 'Charizard', 'Kabutops', 'Poliwrath', 'Mr. Mime', 'Parasect']","['Venomoth', 'Charizard', 'Nidoking', 'Kabutops', 'Raticate', 'Mr. Mime']",29,8,9
smogtours-gen1nu-715264,[Gen 1] NU,2023-09-10 08:46:10,,unknownability847,magnetpull75337,magnetpull75337,False,"['Venomoth', 'Charizard', 'Wigglytuff', 'Mr. Mime', 'Clefable', 'Blastoise']","['Venomoth', 'Charizard', 'Electrode', 'Mr. Mime', 'Clefable', 'Blastoise']",33,11,10
gen1nu-2051062127,[Gen 1] NU,2024-02-03 22:03:32,1060,chopleberry38027,skuntank43174,skuntank43174,False,"['Venomoth', 'Charizard', 'Golem', 'Mr. Mime', 'Clefable', 'Blastoise']","['Mr. Mime', 'Wigglytuff', 'Slowpoke', 'Golem']",39,9,4
smogtours-gen1nu-701373,[Gen 1] NU,2023-07-06 22:27:09,,golduck35019,unknownability847,unknownability847,False,"['Moltres', 'Charizard', 'Golem', 'Mr. Mime', 'Clefable', 'Blastoise']","['Blastoise', 'Mr. Mime', 'Venomoth', 'Clefable']",37,11,10
smogtours-gen1nu-661678,[Gen 1] NU,2022-11-16 20:18:27,,raindance93189,spiderweb27115,raindance93189,True,"['Venomoth', 'Charizard', 'Golem', 'Mr. Mime', 'Clefable', 'Blastoise']","['Ninetales', 'Charizard', 'Nidoking', 'Mr. Mime', 'Clefable', 'Blastoise']",34,9,9
gen1nu-2141030104,[Gen 1] NU,2024-06-11 05:32:35,,psncureberry16761,spearow17079,psncureberry16761,False,"['Seadra', 'Exeggcute', 'Wigglytuff', 'Raticate', 'Mr. Mime', 'Magmar']","['Seadra', 'Moltres', 'Magneton', 'Raticate', 'Mr. Mime', 'Venusaur']",32,8,10
smogtours-gen1nu-844478,[Gen 1] NU,2025-05-21 19:20:38,,ponyta53394,needlearm59980,ponyta53394,False,"['Seadra', 'Venomoth', 'Charizard', 'Raticate', 'Poliwrath', 'Mr. Mime']","['Venomoth', 'Charizard', 'Exeggcute', 'Kabutops', 'Mr. Mime', 'Blastoise']",28,9,12
smogtours-gen1nu-591640,[Gen 1] NU,2021-11-06 23:21:02,,amnesia25800,waterpulse35893,waterpulse35893,False,"['Ninetales', 'Nidoking', 'Mr. Mime', 'Clefable', 'Fearow', 'Blastoise']","['Venomoth', 'Charizard', 'Porygon', 'Nidoking', 'Mr. Mime', 'Blastoise']",96,25,37
smogtours-gen1nu-663288,[Gen 1] NU,2022-11-30 15:31:57,,kakuna89346,golbat83721,kakuna89346,False,"['Vileplume', 'Rapidash', 'Onix', 'Nidoqueen', 'Seaking']","['Vileplume', 'Rapidash', 'Omanyte', 'Graveler', 'Nidoqueen', 'Fearow']",32,9,16
smogtours-gen1nu-808720,[Gen 1] NU,2024-12-01 20:56:20,,stoneplate55960,quickclaw83695,quickclaw83695,False,"['Venomoth', 'Charizard', 'Magneton', 'Raticate', 'Poliwrath', 'Mr. Mime']","['Seadra', 'Moltres', 'Venomoth', 'Charizard', 'Mr. Mime', 'Blastoise']",37,7,12
gen1nu-2282721584,[Gen 1] NU,2025-01-17 08:16:58,,revenge71921,blizzard53783,revenge71921,False,"['Venomoth', 'Poliwrath', 'Mr. Mime', 'Arcanine', 'Primeape']","['Venomoth', 'Charizard', 'Nidoking', 'Raticate', 'Kabutops', 'Mr. Mime']",32,11,12
gen1nu-2050953953,[Gen 1] NU,2024-02-03 19:04:16,1022,powerfighting24473,machpunch35212,machpunch35212,False,"['Venomoth', 'Charizard', 'Golem', 'Mr. Mime', 'Clefable', 'Blastoise']","['Venomoth', 'Pinsir', 'Electrode', 'Kabutops', 'Golem', 'Clefable']",30,10,7
smogtours-gen1nu-794365,[Gen 1] NU,2024-10-03 20:31:17,,heatran43293,sacredfire89193,sacredfire89193,False,"['Venomoth', 'Charizard', 'Nidoking', 'Poliwrath', 'Mr. Mime', 'Arcanine']","['Moltres', 'Charizard', 'Kabutops', 'Mr. Mime', 'Fearow']",31,12,7
gen1nu-2272462422,[Gen 1] NU,2024-12-31 05:23:28,,revenge71921,bulletpunch83527,revenge71921,False,"['Golduck', 'Venomoth', 'Charizard', 'Nidoqueen', 'Mr. Mime', 'Fearow']","['Venomoth', 'Charizard', 'Nidoking', 'Kabutops', 'Raticate', 'Mr. Mime']",29,11,9
smogtours-gen1nu-842409,[Gen 1] NU,2025-05-13 23:18:01,,wingattack30461,psncureberry16761,wingattack30461,False,"['Venomoth', 'Charizard', 'Magneton', 'Poliwrath', 'Mr. Mime', 'Fearow']","['Seadra', 'Venomoth', 'Charizard', 'Raticate', 'Mr. Mime', 'Blastoise']",28,6,8
gen1nu-2276419355,[Gen 1] NU,2025-01-07 03:59:58,,revenge71921,bulletpunch83527,revenge71921,True,"['Venomoth', 'Charizard', 'Magneton', 'Kabutops', 'Machamp', 'Mr. Mime']","['Moltres', 'Venomoth', 'Charizard', 'Poliwrath', 'Mr. Mime', 'Arcanine']",28,9,6
smogtours-gen1nu-640869,[Gen 1] NU,2022-07-28 23:36:22,,manaphy22907,azumarill4041,manaphy22907,False,"['Ninetales', 'Charizard', 'Poliwhirl', 'Golem', 'Mr. Mime', 'Clefable']","['Ninetales', 'Charizard', 'Poliwhirl', 'Mr. Mime', 'Clefable', 'Blastoise']",36,7,8
smogtours-gen1nu-736583,[Gen 1] NU,2023-12-25 23:41:57,,aurasphere76841,waterfall8105,waterfall8105,False,"['Venomoth', 'Wigglytuff', 'Mr. Mime', 'Clefable', 'Arcanine', 'Fearow']","['Seadra', 'Charizard', 'Raticate', 'Mr. Mime', 'Clefable', 'Fearow']",29,7,8
smogtours-gen1nu-785875,[Gen 1] NU,2024-08-16 22:34:18,,healbell54317,recover74685,recover74685,False,"['Moltres', 'Venomoth', 'Charizard', 'Aerodactyl', 'Raticate', 'Fearow']","['Seadra', 'Moltres', 'Charizard', 'Raticate', 'Poliwrath', 'Fearow']",25,9,8
smogtours-gen1nu-662595,[Gen 1] NU,2022-11-25 21:31:49,,marshtomp99135,cascoon94634,cascoon94634,False,"['Rapidash', 'Nidoqueen', 'Omanyte', 'Drowzee', 'Fearow', 'Abra']","['Staryu', 'Vileplume', 'Pinsir', 'Omanyte', 'Dragonair']",25,12,10
gen1nu-2275250579,[Gen 1] NU,2025-01-05 04:11:21,,poliwhirl66423,bulletpunch83527,bulletpunch83527,False,"['Golduck', 'Venomoth', 'Aerodactyl', 'Nidoking', 'Mr. Mime', 'Magmar']","['Charizard', 'Aerodactyl', 'Gastly', 'Raticate', 'Mr. Mime', 'Blastoise']",30,11,13
smogtours-gen1nu-595715,[Gen 1] NU,2021-12-02 14:50:52,,drowzee8791,spiderweb27115,drowzee8791,False,"['Nidoking', 'Golem', 'Mr. Mime', 'Clefable', 'Arcanine', 'Blastoise']","['Venomoth', 'Charizard', 'Porygon', 'Nidoking', 'Mr. Mime', 'Blastoise']",43,12,14
smogtours-gen1nu-786660,[Gen 1] NU,2024-08-20 19:23:24,,wurmple19843,ponyta53394,ponyta53394,True,"['Charizard', 'Raticate', 'Blastoise', 'Mr. Mime', 'Gastly']","['Venomoth', 'Charizard', 'Magneton', 'Kabutops', 'Mr. Mime', 'Fearow']",26,9,11
gen1nu-2276880528,[Gen 1] NU,2025-01-07 22:06:21,,revenge71921,bulletpunch83527,bulletpunch83527,False,"['Seadra', 'Venomoth', 'Charizard', 'Raticate', 'Mr. Mime', 'Muk']","['Venomoth', 'Charizard', 'Nidoking', 'Raticate', 'Kabutops', 'Mr. Mime']",27,8,8
smogtours-gen1nu-736990,[Gen 1] NU,2023-12-30 00:33:39,,jolteon92120,mudsport71981,mudsport71981,False,"['Charizard', 'Electrode', 'Kabutops', 'Mr. Mime', 'Clefable', 'Blastoise']","['Venomoth', 'Raticate', 'Mr. Mime', 'Clefable', 'Arcanine']",29,8,5
smogtours-gen1nu-673754,[Gen 1] NU,2023-02-08 20:58:08,,mudsport71981,truant84021,mudsport71981,False,"['Venomoth', 'Charizard', 'Nidoking', 'Mr. Mime', 'Clefable', 'Blastoise']","['Venomoth', 'Charizard', 'Kabutops', 'Mr. Mime', 'Clefable', 'Blastoise']",38,12,10
violetversion-gen1nu-1765,[Gen 1] NU,2016-05-05 17:27:16,,leer23545,ddenpowerfire30449,leer23545,False,"['Venomoth', 'Porygon', 'Nidoking', 'Arcanine', 'Blastoise', 'Abra']","['Venomoth', 'Staryu', 'Porygon', 'Nidoking', 'Blastoise', 'Abra']",40,17,16
gen1nu-2054848779,[Gen 1] NU,2024-02-08 18:24:41,1019,mismagius33077,bide81826,bide81826,False,"['Kingler', 'Venomoth', 'Aerodactyl', 'Mr. Mime', 'Magmar', 'Blastoise']","['Mr. Mime', 'Magmar', 'Nidoking', 'Aerodactyl']",27,6,7
gen1nu-2160986451,[Gen 1] NU,2024-07-14 22:43:53,,punishment38172,bide81826,bide81826,False,"['Golduck', 'Rapidash', 'Aerodactyl', 'Kabutops', 'Mr. Mime', 'Arcanine']","['Charizard', 'Flareon', 'Exeggcute', 'Wigglytuff', 'Poliwrath', 'Mr. Mime']",38,10,10
smogtours-gen1nu-591616,[Gen 1] NU,2021-11-06 22:27:44,,waterpulse35893,amnesia25800,amnesia25800,False,"['Moltres', 'Scyther', 'Charizard', 'Dragonair', 'Poliwhirl', 'Blastoise']","['Ninetales', 'Nidoking', 'Mr. Mime', 'Clefable', 'Fearow', 'Blastoise']",50,9,13
smogtours-gen1nu-804026,[Gen 1] NU,2024-11-02 18:20:25,,sacredfire89193,ponyta53394,ponyta53394,False,"['Moltres', 'Venomoth', 'Charizard', 'Magneton', 'Raticate', 'Mr. Mime']","['Moltres', 'Venomoth', 'Charizard', 'Magneton', 'Mr. Mime']",31,7,6
smogtours-gen1nu-730019,[Gen 1] NU,2023-11-11 21:20:51,,rotomfan35023,waterpulse35893,waterpulse35893,False,"['Venomoth', 'Charizard', 'Nidoking', 'Mr. Mime', 'Clefable', 'Blastoise']","['Moltres', 'Venomoth', 'Electrode', 'Mr. Mime', 'Clefable', 'Blastoise']",35,9,11
smogtours-gen1nu-791093,[Gen 1] NU,2024-09-15 22:22:31,,machpunch62379,cascoon94634,cascoon94634,False,"['Moltres', 'Venomoth', 'Charizard', 'Dragonair', 'Mr. Mime', 'Blastoise']","['Moltres', 'Charizard', 'Magneton', 'Poliwrath', 'Mr. Mime', 'Blastoise']",51,10,12
smogtours-gen1nu-604802,[Gen 1] NU,2022-01-23 21:05:09,,corphish56783,rampardos23359,corphish56783,False,"['Scyther', 'Venomoth', 'Butterfree', 'Pinsir', 'Parasect', 'Beedrill']","['Scyther', 'Venomoth', 'Butterfree', 'Pinsir', 'Venonat', 'Beedrill']",34,6,8
gen1nu-2217496914,[Gen 1] NU,2024-10-07 02:20:38,,batonpass94459,bonsly93858,bonsly93858,False,"['Moltres', 'Charizard', 'Wigglytuff', 'Kabutops', 'Poliwrath', 'Venusaur']","['Kingler', 'Scyther', 'Charizard', 'Aerodactyl', 'Venusaur', 'Blastoise']",41,9,10
gen1nu-2066724611,[Gen 1] NU,2024-02-24 17:33:37,1228,mismagius33077,mothim5580,mothim5580,False,"['Moltres', 'Golduck', 'Venomoth', 'Aerodactyl', 'Mr. Mime', 'Magmar']","['Golduck', 'Venomoth', 'Charizard', 'Nidoking', 'Mr. Mime']",26,11,7
gen1nu-2051885145,[Gen 1] NU,2024-02-05 01:56:51,1098,avalanche11368,kabutops91834,kabutops91834,False,"['Seadra', 'Ninetales', 'Sandslash', 'Nidoqueen', 'Mr. Mime', 'Clefable']","['Charizard', 'Golem', 'Mr. Mime', 'Clefable', 'Blastoise']",32,7,7
smogtours-gen1nu-665180,[Gen 1] NU,2022-12-17 02:27:23,,belueberry61357,ponyta53394,belueberry61357,False,"['Rapidash', 'Electrode', 'Seaking', 'Arcanine', 'Gastly']","['Staryu', 'Rapidash', 'Electrode', 'Omanyte', 'Drowzee', 'Slowpoke']",29,7,14
gen1nu-2275145770,[Gen 1] NU,2025-01-05 00:18:04,,poliwhirl66423,bulletpunch83527,poliwhirl66423,True,"['Charizard', 'Exeggcute', 'Wigglytuff', 'Poliwrath', 'Mr. Mime']","['Mr. Mime', 'Charizard', 'Blastoise', 'Venomoth']",15,6,3
gen1nu-2283171729,[Gen 1] NU,2025-01-17 23:58:32,,revenge71921,blizzard53783,revenge71921,False,"['Venomoth', 'Charizard', 'Poliwrath', 'Mr. Mime', 'Arcanine', 'Primeape']","['Venomoth', 'Charizard', 'Aerodactyl', 'Raticate', 'Arcanine', 'Fearow']",22,6,5
smogtours-gen1nu-646086,[Gen 1] NU,2022-09-02 21:10:48,,encore90411,cascoon94634,cascoon94634,False,"['Kingler', 'Seadra', 'Exeggcute', 'Kabutops', 'Mr. Mime', 'Clefable']","['Venomoth', 'Kabutops', 'Mr. Mime', 'Clefable', 'Blastoise']",29,9,7
smogtours-gen1nu-782230,[Gen 1] NU,2024-07-25 19:33:07,,ddenpowerdark55312,ponyta53394,ponyta53394,False,"['Venomoth', 'Charizard', 'Raticate', 'Kabutops', 'Mr. Mime', 'Fearow']","['Seadra', 'Charizard', 'Raticate', 'Mr. Mime', 'Arcanine', 'Venusaur']",32,8,9
smogtours-gen1nu-824429,[Gen 1] NU,2025-03-11 00:52:20,,needlearm59980,poisonpowder88566,poisonpowder88566,False,"['Moltres', 'Venomoth', 'Magneton', 'Kabutops', 'Mr. Mime', 'Fearow']","['Moltres', 'Scyther', 'Seadra', 'Poliwhirl', 'Mr. Mime', 'Fearow']",27,9,8
smogtours-gen1nu-665186,[Gen 1] NU,2022-12-17 03:20:20,,golbat83721,perish13441,golbat83721,False,"['Rapidash', 'Omanyte', 'Graveler', 'Nidoqueen', 'Weepinbell', 'Fearow']","['Vileplume', 'Rapidash', 'Omanyte', 'Nidoqueen', 'Seaking', 'Fearow']",39,19,12
smogtours-gen1nu-710688,[Gen 1] NU,2023-08-19 11:42:25,,electabuzz51633,aipom45424,aipom45424,False,"['Moltres', 'Kingler', 'Nidoking', 'Exeggcute', 'Mr. Mime', 'Blastoise']","['Mr. Mime', 'Charizard', 'Raticate', 'Clefable']",34,9,5
smogtours-gen1nu-813967,[Gen 1] NU,2025-01-12 19:43:25,,wingattack30461,bulletseed19358,wingattack30461,False,"['Magneton', 'Kabutops', 'Poliwrath', 'Poliwhirl', 'Mr. Mime', 'Fearow']","['Venomoth', 'Charizard', 'Poliwrath', 'Mr. Mime', 'Fearow', 'Blastoise']",35,10,10
violetversion-gen1nu-1767,[Gen 1] NU,2016-05-05 17:49:24,,ddenpowerfire30449,leer23545,ddenpowerfire30449,False,"['Venomoth', 'Porygon', 'Magneton', 'Electrode', 'Nidoking', 'Abra']","['Venomoth', 'Porygon', 'Nidoking', 'Arcanine', 'Blastoise', 'Abra']",33,9,15
smogtours-gen1nu-663936,[Gen 1] NU,2022-12-06 02:08:11,,volbeat92423,mudsport71981,mudsport71981,False,"['Vileplume', 'Rapidash', 'Poliwag', 'Sandslash', 'Nidoqueen', 'Fearow']","['Staryu', 'Pinsir', 'Omanyte', 'Nidoqueen', 'Dragonair', 'Drowzee']",28,18,8
smogtours-gen1nu-663752,[Gen 1] NU,2022-12-04 19:52:10,,deoxysdefense78874,mudsport71981,deoxysdefense78874,False,"['Kingler', 'Venomoth', 'Nidoking', 'Mr. Mime', 'Clefable', 'Blastoise']","['Ninetales', 'Charizard', 'Exeggcute', 'Mr. Mime', 'Clefable', 'Blastoise']",43,14,15
smogtours-gen1nu-662758,[Gen 1] NU,2022-11-26 18:48:46,,golbat83721,attract79434,golbat83721,False,"['Rapidash', 'Nidoqueen', 'Seaking', 'Lickitung', 'Weepinbell']","['Staryu', 'Vileplume', 'Rapidash', 'Omanyte', 'Nidoqueen', 'Magmar']",26,8,12
smogtours-gen1nu-652716,[Gen 1] NU,2022-10-02 22:19:33,,whiscash85390,twineedle48571,twineedle48571,False,"['Venomoth', 'Charizard', 'Nidoking', 'Mr. Mime', 'Clefable', 'Blastoise']","['Venomoth', 'Charizard', 'Golem', 'Mr. Mime', 'Clefable', 'Blastoise']",38,13,13
gen1nu-2275232508,[Gen 1] NU,2025-01-05 03:26:22,,poliwhirl66423,bulletpunch83527,bulletpunch83527,False,"['Venomoth', 'Charizard', 'Porygon', 'Wigglytuff', 'Arbok', 'Mr. Mime']","['Moltres', 'Venomoth', 'Charizard', 'Poliwrath', 'Mr. Mime', 'Arcanine']",33,7,5
smogtours-gen1nu-813566,[Gen 1] NU,2025-01-10 17:18:45,,aquaring89206,quickclaw83695,aquaring89206,False,"['Nidoking', 'Kabutops', 'Poliwrath', 'Mr. Mime', 'Fearow']","['Seadra', 'Venomoth', 'Charizard', 'Magneton', 'Poliwrath', 'Mr. Mime']",30,9,15
smogtours-gen1nu-661637,[Gen 1] NU,2022-11-16 03:27:06,,kangaskhan41867,chinchou58618,kangaskhan41867,False,"['Staryu', 'Nidoqueen', 'Dragonair', 'Drowzee', 'Arcanine', 'Fearow']","['Rapidash', 'Dragonair', 'Nidoqueen', 'Seaking', 'Drowzee', 'Arcanine']",52,12,12
gen1nu-2064469621,[Gen 1] NU,2024-02-21 17:00:12,1106,psychoboost81606,rollout94469,rollout94469,True,"['Charizard', 'Magneton', 'Wigglytuff', 'Mr. Mime', 'Venusaur', 'Blastoise']","['Moltres', 'Exeggcute', 'Wigglytuff', 'Poliwrath', 'Mr. Mime', 'Golbat']",59,21,14
gen1nu-2062460165,[Gen 1] NU,2024-02-19 00:31:31,,punishment38172,diglett37152,punishment38172,False,"['Charizard', 'Aerodactyl', 'Kabutops', 'Mr. Mime', 'Victreebel', 'Blastoise']","['Golduck', 'Venomoth', 'Charizard', 'Nidoqueen', 'Mr. Mime', 'Fearow']",29,6,8
smogtours-gen1nu-750350,[Gen 1] NU,2024-02-26 20:05:55,,rattata90247,noability19212,noability19212,False,"['Seadra', 'Venomoth', 'Charizard', 'Aerodactyl', 'Mr. Mime', 'Fearow']","['Moltres', 'Venomoth', 'Aerodactyl', 'Raticate', 'Poliwrath', 'Mr. Mime']",39,14,13
gen1nu-2276889176,[Gen 1] NU,2025-01-07 22:22:29,,revenge71921,bulletpunch83527,revenge71921,True,"['Seadra', 'Venomoth', 'Charizard', 'Raticate', 'Mr. Mime', 'Muk']","['Moltres', 'Kabutops', 'Mr. Mime', 'Arcanine', 'Venusaur']",21,5,4
gen1nu-2064110649,[Gen 1] NU,2024-02-21 04:05:16,1236,mismagius33077,aquajet31035,mismagius33077,False,"['Moltres', 'Golduck', 'Venomoth', 'Aerodactyl', 'Mr. Mime', 'Magmar']","['Moltres', 'Aerodactyl', 'Raticate', 'Kabutops', 'Poliwhirl', 'Mr. Mime']",33,8,12
gen1nu-2070810842,[Gen 1] NU,2024-03-01 03:29:12,,punishment38172,revenge71921,revenge71921,False,"['Golduck', 'Venomoth', 'Aerodactyl', 'Magneton', 'Poliwrath', 'Mr. Mime']","['Charizard', 'Aerodactyl', 'Raticate', 'Mr. Mime', 'Parasect', 'Blastoise']",44,13,9
smogtours-gen1nu-662631,[Gen 1] NU,2022-11-26 03:41:48,,ninjask76302,harden39394,harden39394,False,"['Vileplume', 'Rapidash', 'Omanyte', 'Nidoqueen', 'Seaking', 'Machamp']","['Rapidash', 'Nidoqueen', 'Graveler', 'Seaking', 'Machamp', 'Gastly']",36,16,13
smogtours-gen1nu-788708,[Gen 1] NU,2024-09-01 20:41:09,,sacredfire89193,floatzel25266,floatzel25266,False,"['Charizard', 'Magneton', 'Kabutops', 'Poliwrath', 'Mr. Mime', 'Fearow']","['Seadra', 'Moltres', 'Venomoth', 'Charizard', 'Raticate', 'Mr. Mime']",38,12,7
smogtours-gen1nu-791100,[Gen 1] NU,2024-09-15 22:32:17,,machpunch62379,cascoon94634,cascoon94634,True,"['Seadra', 'Moltres', 'Venomoth', 'Charizard', 'Raticate', 'Mr. Mime']","['Seadra', 'Magneton', 'Mr. Mime', 'Poliwrath']",18,6,3
smogtours-gen1nu-648698,[Gen 1] NU,2022-09-17 21:07:24,,rotomfan35023,whiscash85390,whiscash85390,False,"['Charizard', 'Nidoking', 'Poliwhirl', 'Mr. Mime', 'Clefable', 'Blastoise']","['Charizard', 'Nidoking', 'Poliwhirl', 'Mr. Mime', 'Clefable', 'Blastoise']",53,17,18
gen1nu-2329365746,[Gen 1] NU,2025-03-27 19:27:01,,simple96847,ponyta53394,ponyta53394,False,"['Venomoth', 'Charizard', 'Graveler', 'Mr. Mime', 'Fearow', 'Blastoise']","['Charizard', 'Dragonair', 'Poliwrath', 'Mr. Mime', 'Arcanine', 'Blastoise']",42,10,15
smogtours-gen1nu-774426,[Gen 1] NU,2024-06-14 23:14:25,,golduck35019,denpowerghost39436,denpowerghost39436,False,"['Venomoth', 'Charizard', 'Aerodactyl', 'Raticate', 'Poliwrath', 'Mr. Mime']","['Charizard', 'Aerodactyl', 'Magneton', 'Raticate', 'Poliwhirl', 'Mr. Mime']",38,6,8
smogtours-gen1nu-781017,[Gen 1] NU,2024-07-19 19:01:58,,aurasphere76841,aquajet31035,aurasphere76841,False,"['Seadra', 'Charizard', 'Magneton', 'Kabutops', 'Mr. Mime', 'Fearow']","['Moltres', 'Charizard', 'Aerodactyl', 'Raticate', 'Mr. Mime', 'Gastly']",28,8,9
smogtours-gen1nu-648732,[Gen 1] NU,2022-09-17 21:41:39,,manaphy22907,flareblitz41770,flareblitz41770,False,"['Charizard', 'Raticate', 'Poliwhirl', 'Mr. Mime', 'Clefable', 'Blastoise']","['Moltres', 'Electrode', 'Mr. Mime', 'Clefable', 'Blastoise']",24,8,7
smogtours-gen1nu-721765,[Gen 1] NU,2023-10-05 20:28:32,,buneary57593,waterpulse35893,waterpulse35893,True,"['Venomoth', 'Charizard', 'Raticate', 'Mr. Mime', 'Clefable', 'Blastoise']","['Venomoth', 'Wigglytuff', 'Golem', 'Mr. Mime', 'Clefable', 'Blastoise']",37,12,12
smogtours-gen1nu-662837,[Gen 1] NU,2022-11-27 00:06:53,,luvdisc61803,berserkgene43161,luvdisc61803,False,"['Staryu', 'Rapidash', 'Graveler', 'Drowzee', 'Arcanine']","['Scyther', 'Staryu', 'Rapidash', 'Electrode', 'Nidoqueen', 'Drowzee']",27,8,9
smogtours-gen1nu-665719,[Gen 1] NU,2022-12-21 03:35:43,,adaptability45192,koffing28618,adaptability45192,False,"['Staryu', 'Nidoqueen', 'Omanyte', 'Machamp', 'Arcanine', 'Fearow']","['Staryu', 'Vileplume', 'Nidoqueen', 'Omanyte', 'Seaking', 'Slowpoke']",35,13,11
smogtours-gen1nu-701392,[Gen 1] NU,2023-07-07 00:35:17,,whiscash71874,denpowerghost39436,whiscash71874,False,"['Charizard', 'Exeggcute', 'Mr. Mime', 'Clefable', 'Blastoise']","['Kingler', 'Charizard', 'Golem', 'Mr. Mime', 'Clefable', 'Blastoise']",30,7,10
gen1nu-2070749616,[Gen 1] NU,2024-03-01 01:25:01,,stall8679,nidoking11576,stall8679,False,"['Golduck', 'Magneton', 'Raticate', 'Poliwhirl', 'Kabutops', 'Mr. Mime']","['Venomoth', 'Charizard', 'Wigglytuff', 'Kabutops', 'Mr. Mime', 'Blastoise']",28,5,10
smogtours-gen1nu-818582,[Gen 1] NU,2025-02-08 16:40:05,,bide85657,needlearm59980,needlearm59980,False,"['Golduck', 'Venomoth', 'Charizard', 'Magneton', 'Mr. Mime', 'Blastoise']","['Moltres', 'Seadra', 'Charizard', 'Magneton', 'Poliwrath', 'Mr. Mime']",49,14,13
gen1nu-2278291931,[Gen 1] NU,2025-01-10 03:42:03,,revenge71921,blizzard53783,revenge71921,False,"['Venomoth', 'Exeggcute', 'Kabutops', 'Mr. Mime', 'Slowpoke']","['Venomoth', 'Charizard', 'Nidoking', 'Raticate', 'Kabutops', 'Mr. Mime']",31,7,9
smogtours-gen1nu-786163,[Gen 1] NU,2024-08-18 08:37:34,,aquajet31035,acidarmor10815,acidarmor10815,False,"['Charizard', 'Raticate', 'Poliwrath', 'Mr. Mime', 'Arcanine', 'Venusaur']","['Moltres', 'Venomoth', 'Charizard', 'Poliwrath', 'Fearow']",27,9,6
gen1nu-2060433681,[Gen 1] NU,2024-02-16 03:04:30,,punishment38172,rollout94469,punishment38172,False,"['Golduck', 'Venomoth', 'Aerodactyl', 'Magneton', 'Wigglytuff', 'Mr. Mime']","['Golduck', 'Charizard', 'Porygon', 'Wigglytuff', 'Mr. Mime', 'Victreebel']",43,10,10
gen1nu-2060900363,[Gen 1] NU,2024-02-16 18:39:36,1261,poisonpowder88566,calmmind8048,calmmind8048,True,"['Seadra', 'Venomoth', 'Aerodactyl', 'Arcanine', 'Blastoise']","['Golduck', 'Nidoking', 'Wigglytuff', 'Mr. Mime', 'Victreebel']",16,5,4
gen1nu-2275588732,[Gen 1] NU,2025-01-05 19:47:37,,poliwhirl66423,bulletpunch83527,bulletpunch83527,True,"['Pidgeot', 'Charizard', 'Kabutops', 'Poliwrath', 'Mr. Mime', 'Parasect']","['Charizard', 'Raticate', 'Blastoise', 'Mr. Mime', 'Gastly']",24,10,5
gen1nu-2280789808,[Gen 1] NU,2025-01-14 08:53:26,,revenge71921,kabutops67963,revenge71921,False,"['Scyther', 'Venomoth', 'Exeggcute', 'Kabutops', 'Mr. Mime', 'Slowpoke']","['Venomoth', 'Charizard', 'Nidoking', 'Raticate', 'Kabutops', 'Mr. Mime']",31,11,13
smogtours-gen1nu-784773,[Gen 1] NU,2024-08-08 22:25:38,,recover74685,probopass706,recover74685,False,"['Moltres', 'Seadra', 'Charizard', 'Raticate', 'Poliwrath', 'Fearow']","['Venomoth', 'Charizard', 'Magneton', 'Raticate', 'Mr. Mime', 'Blastoise']",31,8,10
gen1nu-2329341801,[Gen 1] NU,2025-03-27 18:49:39,,habanberry34945,gastly57717,habanberry34945,False,"['Seadra', 'Charizard', 'Kabutops', 'Poliwrath', 'Mr. Mime', 'Arcanine']","['Seadra', 'Venomoth', 'Charizard', 'Nidoking', 'Mr. Mime', 'Blastoise']",42,9,12
gen1nu-2062978466,[Gen 1] NU,2024-02-19 18:21:57,1041,mismagius33077,stoneplate55960,stoneplate55960,False,"['Moltres', 'Venomoth', 'Aerodactyl', 'Mr. Mime', 'Muk', 'Magmar']","['Venomoth', 'Charizard', 'Aerodactyl', 'Raticate', 'Mr. Mime', 'Arcanine']",33,8,6
smogtours-gen1nu-786516,[Gen 1] NU,2024-08-19 02:25:38,,watersport85551,poisonheal30702,poisonheal30702,False,"['Seadra', 'Venomoth', 'Charizard', 'Mr. Mime', 'Fearow', 'Gastly']","['Seadra', 'Venomoth', 'Magneton', 'Kabutops', 'Mr. Mime', 'Blastoise']",35,14,11
gen1nu-2271824320,[Gen 1] NU,2024-12-30 02:25:56,,revenge71921,bulletpunch83527,revenge71921,False,"['Wigglytuff', 'Charizard']","['Venomoth', 'Charizard', 'Nidoking', 'Raticate', 'Kabutops', 'Mr. Mime']",18,1,5
gen1nu-2193406043,[Gen 1] NU,2024-09-03 02:27:53,,razzberry64813,micleberry24246,razzberry64813,False,"['Charizard', 'Rapidash', 'Aerodactyl', 'Kabutops', 'Graveler', 'Mr. Mime']","['Charizard', 'Magneton', 'Nidoking', 'Raticate', 'Poliwhirl', 'Mr. Mime']",21,5,5
violetversion-gen1nu-1649,[Gen 1] NU,2016-04-20 18:58:44,,hustle11937,normalize12776,hustle11937,False,"['Venomoth', 'Porygon', 'Rapidash', 'Nidoking', 'Slowpoke', 'Blastoise']","['Venomoth', 'Porygon', 'Nidoking', 'Slowpoke', 'Blastoise', 'Abra']",39,7,11
smogtours-gen1nu-596358,[Gen 1] NU,2021-12-05 22:03:30,,encore90411,waterpulse35893,encore90411,False,"['Moltres', 'Poliwhirl', 'Golem', 'Mr. Mime', 'Clefable', 'Blastoise']","['Seadra', 'Charizard', 'Kabutops', 'Poliwhirl', 'Mr. Mime', 'Clefable']",37,14,19
gen1nu-2139800737,[Gen 1] NU,2024-06-09 06:56:54,,mismagius33077,spearow17079,mismagius33077,False,"['Seadra', 'Exeggcute', 'Wigglytuff', 'Graveler', 'Mr. Mime', 'Magmar']","['Moltres', 'Seadra', 'Magneton', 'Raticate', 'Mr. Mime', 'Venusaur']",53,8,16
smogtours-gen1nu-590538,[Gen 1] NU,2021-10-31 23:17:58,,pickup28423,waterpulse35893,pickup28423,False,"['Venomoth', 'Charizard', 'Porygon', 'Golem', 'Mr. Mime', 'Blastoise']","['Charizard', 'Nidoking', 'Poliwhirl', 'Mr. Mime', 'Clefable', 'Blastoise']",49,17,18
smogtours-gen1nu-783751,[Gen 1] NU,2024-08-03 01:19:41,,ponyta53394,poisonpowder88566,ponyta53394,False,"['Venomoth', 'Charizard', 'Raticate', 'Mr. Mime', 'Blastoise']","['Moltres', 'Charizard', 'Magneton', 'Poliwrath', 'Mr. Mime', 'Arcanine']",46,5,14
smogtours-gen1nu-745325,[Gen 1] NU,2024-02-05 02:10:08,,recover74685,golduck35019,recover74685,False,"['Venomoth', 'Electrode', 'Raticate', 'Mr. Mime', 'Clefable', 'Blastoise']","['Venomoth', 'Charizard', 'Electrode', 'Raticate', 'Mr. Mime', 'Fearow']",41,9,10
gen1nu-2281193807,[Gen 1] NU,2025-01-14 22:16:27,,revenge71921,bulletpunch83527,bulletpunch83527,False,"['Kingler', 'Seadra', 'Charizard', 'Exeggcute', 'Mr. Mime', 'Fearow']","['Moltres', 'Venomoth', 'Aerodactyl', 'Raticate', 'Kabutops', 'Mr. Mime']",25,9,8
gen1nu-2280048764,[Gen 1] NU,2025-01-13 04:03:42,,hyperfang93007,fling78647,hyperfang93007,False,"['Seadra', 'Venomoth', 'Charizard', 'Magneton', 'Poliwrath', 'Mr. Mime']","['Charizard', 'Exeggcute', 'Raticate', 'Poliwrath', 'Kabutops', 'Mr. Mime']",29,6,10
gen1nu-2275876934,[Gen 1] NU,2025-01-06 06:57:33,,revenge71921,bulletpunch83527,revenge71921,True,"['Rapidash', 'Aerodactyl', 'Wigglytuff', 'Poliwrath', 'Mr. Mime', 'Venusaur']","['Venomoth', 'Charizard', 'Nidoking', 'Kabutops', 'Raticate', 'Mr. Mime']",44,12,18
gen1nu-2060847316,[Gen 1] NU,2024-02-16 17:29:51,1054,spoink29458,iceshard21889,iceshard21889,False,"['Moltres', 'Golduck', 'Magneton', 'Nidoking', 'Exeggcute', 'Mr. Mime']","['Moltres', 'Staryu', 'Porygon', 'Magneton', 'Mr. Mime', 'Victreebel']",40,10,13
smogtours-gen1nu-774427,[Gen 1] NU,2024-06-14 23:22:31,,golduck35019,denpowerghost39436,golduck35019,False,"['Golduck', 'Venomoth', 'Charizard', 'Aerodactyl', 'Raticate', 'Mr. Mime']","['Charizard', 'Kabutops', 'Raticate', 'Mr. Mime', 'Venusaur', 'Blastoise']",35,7,9
smogtours-gen1nu-713210,[Gen 1] NU,2023-08-31 21:38:00,,watmelberry24903,golduck35019,golduck35019,False,"['Ninetales', 'Rapidash', 'Charizard', 'Golem', 'Mr. Mime', 'Blastoise']","['Seadra', 'Mr. Mime', 'Blastoise', 'Clefable']",44,9,6
gen1nu-2054788090,[Gen 1] NU,2024-02-08 17:03:25,1000,natu76124,bide81826,bide81826,False,"['Nidoking', 'Dragonair', 'Poliwrath', 'Pikachu', 'Mr. Mime', 'Hitmonlee']","['Venomoth', 'Magmar', 'Nidoking', 'Aerodactyl']",22,9,3
gen1nu-2276335116,[Gen 1] NU,2025-01-07 00:52:24,,revenge71921,bulletpunch83527,bulletpunch83527,False,"['Venomoth', 'Charizard', 'Mr. Mime', 'Fearow', 'Blastoise', 'Abra']","['Moltres', 'Venomoth', 'Aerodactyl', 'Raticate', 'Poliwrath', 'Mr. Mime']",32,12,11
gen1nu-2066287364,[Gen 1] NU,2024-02-23 23:59:18,1203,mothim5580,mismagius33077,mothim5580,False,"['Golduck', 'Venomoth', 'Charizard', 'Wigglytuff', 'Raticate', 'Mr. Mime']","['Moltres', 'Golduck', 'Venomoth', 'Aerodactyl', 'Mr. Mime', 'Magmar']",54,10,11
gen1nu-2064020831,[Gen 1] NU,2024-02-21 01:12:50,1201,calmmind8048,mismagius33077,mismagius33077,False,"['Aerodactyl', 'Nidoking', 'Wigglytuff', 'Raticate', 'Poliwrath', 'Mr. Mime']","['Moltres', 'Golduck', 'Venomoth', 'Aerodactyl', 'Mr. Mime', 'Magmar']",42,12,6
smogtours-gen1nu-808712,[Gen 1] NU,2024-12-01 20:43:17,,stoneplate55960,quickclaw83695,stoneplate55960,False,"['Charizard', 'Graveler', 'Poliwrath', 'Mr. Mime', 'Fearow', 'Blastoise']","['Moltres', 'Venomoth', 'Charizard', 'Magneton', 'Mr. Mime', 'Fearow']",27,10,10
gen1nu-2329356452,[Gen 1] NU,2025-03-27 19:16:26,,simple96847,ponyta53394,ponyta53394,False,"['Venomoth', 'Charizard', 'Mr. Mime', 'Arcanine', 'Fearow', 'Blastoise']","['Charizard', 'Magneton', 'Poliwrath', 'Mr. Mime', 'Arcanine', 'Blastoise']",35,14,13
smogtours-gen1nu-705842,[Gen 1] NU,2023-07-27 14:11:54,,unknownability847,lick25189,unknownability847,True,"['Venomoth', 'Charizard', 'Mr. Mime', 'Clefable', 'Blastoise']","['Moltres', 'Ninetales', 'Mr. Mime', 'Clefable', 'Blastoise']",36,13,5
gen1nu-2145292193,[Gen 1] NU,2024-06-18 00:31:37,,needlearm59980,jabocaberry76141,needlearm59980,False,"['Moltres', 'Arcanine', 'Poliwrath', 'Mr. Mime']","['Moltres', 'Golduck', 'Nidoking', 'Exeggcute', 'Wigglytuff', 'Mr. Mime']",42,6,13
gen1nu-2050589923,[Gen 1] NU,2024-02-03 04:34:08,1000,triattack36523,spark39748,triattack36523,True,"['Seadra', 'Venomoth', 'Charizard', 'Raticate', 'Mr. Mime', 'Clefable']","['Moltres', 'Electrode', 'Golem', 'Mr. Mime', 'Clefable', 'Blastoise']",38,16,14
gen1nu-2050516877,[Gen 1] NU,2024-02-03 01:53:40,1022,endure94301,drizzle26018,endure94301,True,"['Exeggcute', 'Nidoking']","['Staryu', 'Porygon', 'Golem', 'Clefable', 'Magmar']",10,1,5
gen1nu-2275198251,[Gen 1] NU,2025-01-05 02:10:40,,poliwhirl66423,bulletpunch83527,bulletpunch83527,True,"['Venomoth', 'Charizard', 'Porygon', 'Wigglytuff', 'Arbok', 'Mr. Mime']","['Venomoth', 'Charizard', 'Nidoking', 'Raticate', 'Kabutops', 'Mr. Mime']",45,11,11
gen1nu-2081173363,[Gen 1] NU,2024-03-14 23:43:24,,punishment38172,rollout94469,punishment38172,False,"['Golduck', 'Venomoth', 'Aerodactyl', 'Graveler', 'Mr. Mime', 'Blastoise']","['Charizard', 'Exeggcute', 'Wigglytuff', 'Poliwrath', 'Mr. Mime', 'Golbat']",37,8,15
smogtours-gen1nu-817352,[Gen 1] NU,2025-02-01 20:10:49,,aquaring89206,needlearm59980,aquaring89206,False,"['Moltres', 'Golduck', 'Scyther', 'Charizard', 'Exeggcute', 'Dragonair']","['Seadra', 'Aerodactyl', 'Magneton', 'Poliwrath', 'Mr. Mime', 'Arcanine']",32,7,15
smogtours-gen1nu-662447,[Gen 1] NU,2022-11-23 17:12:05,,meditate33036,whismur95661,meditate33036,False,"['Venomoth', 'Charizard', 'Golem', 'Mr. Mime', 'Clefable', 'Blastoise']","['Ninetales', 'Charizard', 'Nidoking', 'Mr. Mime', 'Clefable', 'Blastoise']",41,11,7
smogtours-gen1nu-604790,[Gen 1] NU,2022-01-23 20:47:20,,corphish56783,rampardos23359,corphish56783,False,"['Onix', 'Rhyhorn', 'Omanyte', 'Graveler', 'Kabutops', 'Golem']","['Staryu', 'Kabutops', 'Poliwhirl', 'Seaking', 'Tentacool', 'Blastoise']",24,6,8
gen1nu-2275697457,[Gen 1] NU,2025-01-05 23:27:29,,revenge71921,bulletpunch83527,revenge71921,False,"['Venomoth', 'Charizard', 'Poliwrath', 'Mr. Mime', 'Blastoise']","['Venomoth', 'Charizard', 'Nidoking', 'Raticate', 'Kabutops', 'Mr. Mime']",26,7,7
smogtours-gen1nu-842531,[Gen 1] NU,2025-05-15 01:59:54,,gluttony35331,motordrive87413,gluttony35331,False,"['Charizard', 'Nidoking', 'Poliwrath', 'Poliwhirl', 'Mr. Mime', 'Fearow']","['Golduck', 'Venomoth', 'Charizard', 'Porygon', 'Kabutops', 'Mr. Mime']",35,13,10
smogtours-gen1nu-664011,[Gen 1] NU,2022-12-07 20:13:17,,hustle11937,simple96847,hustle11937,False,"['Rapidash', 'Nidoqueen', 'Seaking', 'Drowzee', 'Arcanine', 'Fearow']","['Staryu', 'Rapidash', 'Dragonair', 'Nidoqueen', 'Weepinbell', 'Arcanine']",42,14,9
gen1nu-2157321156,[Gen 1] NU,2024-07-08 16:18:29,,delcatty35639,aurasphere76841,aurasphere76841,False,"['Venomoth', 'Charizard', 'Nidoking', 'Kabutops', 'Raticate', 'Mr. Mime']","['Seadra', 'Moltres', 'Wigglytuff', 'Raticate', 'Mr. Mime', 'Gastly']",31,10,11
smogtours-gen1nu-812391,[Gen 1] NU,2025-01-02 22:02:27,,dragonrage52589,wacanberry11962,wacanberry11962,False,"['Charizard', 'Poliwrath', 'Mr. Mime', 'Arcanine', 'Fearow', 'Blastoise']","['Charizard', 'Nidoking', 'Exeggcute', 'Mr. Mime', 'Fearow', 'Blastoise']",29,13,9
gen1nu-2276405390,[Gen 1] NU,2025-01-07 03:22:28,,revenge71921,bulletpunch83527,bulletpunch83527,True,"['Parasect', 'Pidgeot', 'Poliwrath']","['Magneton', 'Poliwhirl']",10,2,1
smogtours-gen1nu-779497,[Gen 1] NU,2024-07-11 02:05:38,,denpowerghost39436,ponyta53394,ponyta53394,False,"['Venomoth', 'Charizard', 'Raticate', 'Mr. Mime', 'Fearow', 'Blastoise']","['Aerodactyl', 'Venomoth', 'Fearow', 'Mr. Mime']",26,6,6
smogtours-gen1nu-724173,[Gen 1] NU,2023-10-15 20:20:07,,rotomfan35023,buneary57593,rotomfan35023,True,"['Venomoth', 'Charizard', 'Golem', 'Mr. Mime', 'Blastoise']","['Venomoth', 'Charizard', 'Golem', 'Mr. Mime', 'Clefable', 'Blastoise']",30,13,14
smogtours-gen1nu-665451,[Gen 1] NU,2022-12-18 20:41:42,,simple96847,toxic24772,simple96847,False,"['Staryu', 'Rapidash', 'Omanyte', 'Dragonair', 'Drowzee']","['Staryu', 'Flareon', 'Pinsir', 'Nidoqueen', 'Arbok', 'Slowpoke']",40,10,10
gen1nu-2055653933,[Gen 1] NU,2024-02-09 18:24:44,1042,bugbite43118,octazooka54975,octazooka54975,True,"['Venomoth', 'Charizard', 'Nidoking', 'Wigglytuff', 'Mr. Mime', 'Blastoise']","['Blastoise', 'Mr. Mime', 'Venomoth', 'Lickitung']",21,6,3
gen1nu-2160982923,[Gen 1] NU,2024-07-14 22:36:58,,punishment38172,bide81826,bide81826,False,"['Seadra', 'Golduck', 'Charizard', 'Aerodactyl', 'Mr. Mime', 'Gastly']","['Charizard', 'Aerodactyl', 'Raticate', 'Mr. Mime', 'Parasect', 'Blastoise']",46,9,12
gen1nu-2276450883,[Gen 1] NU,2025-01-07 05:21:49,,revenge71921,bulletpunch83527,revenge71921,False,"['Venomoth', 'Charizard', 'Mr. Mime', 'Fearow', 'Blastoise', 'Abra']","['Venomoth', 'Charizard', 'Nidoking', 'Raticate', 'Kabutops', 'Mr. Mime']",28,7,12
smogtours-gen1nu-727427,[Gen 1] NU,2023-10-29 17:22:26,,innerfocus97582,absorb89091,absorb89091,False,"['Kingler', 'Venomoth', 'Charizard', 'Mr. Mime', 'Clefable', 'Blastoise']","['Charizard', 'Gastly', 'Mr. Mime', 'Clefable', 'Blastoise']",32,13,10
smogtours-gen1nu-752381,[Gen 1] NU,2024-03-09 18:39:13,,rattata90247,denpowerghost39436,denpowerghost39436,False,"['Seadra', 'Venomoth', 'Charizard', 'Aerodactyl', 'Mr. Mime', 'Fearow']","['Venomoth', 'Charizard', 'Aerodactyl', 'Magneton', 'Mr. Mime', 'Blastoise']",35,8,9
smogtours-gen1nu-663369,[Gen 1] NU,2022-12-01 20:27:31,,chinchou58618,alakazam8068,chinchou58618,False,"['Staryu', 'Rapidash', 'Pinsir', 'Omanyte', 'Nidoqueen', 'Slowpoke']","['Vileplume', 'Rapidash', 'Omanyte', 'Nidoqueen', 'Magmar', 'Fearow']",44,14,12
smogtours-gen1nu-737553,[Gen 1] NU,2024-01-05 16:10:50,,crosschop14357,absol86495,absol86495,False,"['Charizard', 'Exeggcute', 'Raticate', 'Mr. Mime', 'Clefable', 'Blastoise']","['Venomoth', 'Electrode', 'Mr. Mime', 'Clefable', 'Blastoise']",41,15,9
gen1nu-2236985201,[Gen 1] NU,2024-11-04 05:26:06,,snorunt30593,swalot82372,swalot82372,False,"['Moltres', 'Golduck', 'Venomoth', 'Charizard', 'Aerodactyl', 'Nidoking']","['Golduck', 'Nidoking', 'Charizard', 'Raticate']",35,16,5
gen1nu-2281171694,[Gen 1] NU,2025-01-14 21:35:44,,trumpcard97549,bulletpunch83527,trumpcard97549,False,"['Seadra', 'Venomoth', 'Charizard', 'Raticate', 'Mr. Mime', 'Muk']","['Venomoth', 'Charizard', 'Nidoking', 'Kabutops', 'Raticate', 'Mr. Mime']",26,8,9
gen1nu-2206434546,[Gen 1] NU,2024-09-21 09:48:55,,poisonpowder88566,denpowerghost39436,poisonpowder88566,True,"['Venomoth', 'Staryu', 'Charizard', 'Dragonair', 'Kabutops', 'Mr. Mime']","['Venomoth', 'Charizard', 'Magneton', 'Poliwrath', 'Arcanine', 'Fearow']",29,8,10
smogtours-gen1nu-598203,[Gen 1] NU,2021-12-18 18:50:29,,psn38480,meditate33036,psn38480,False,"['Kingler', 'Charizard', 'Rapidash', 'Seaking', 'Parasect', 'Arcanine']","['Ninetales', 'Charizard', 'Raticate', 'Golem', 'Mr. Mime', 'Blastoise']",39,10,13
gen1nu-2278266985,[Gen 1] NU,2025-01-10 02:46:37,,revenge71921,blizzard53783,revenge71921,False,"['Scyther', 'Venomoth', 'Exeggcute', 'Kabutops', 'Mr. Mime', 'Slowpoke']","['Charizard', 'Aerodactyl', 'Gastly', 'Raticate', 'Mr. Mime', 'Blastoise']",42,5,11
smogtours-gen1nu-588547,[Gen 1] NU,2021-10-24 14:28:43,,encore90411,wailmer43107,encore90411,False,"['Kingler', 'Venomoth', 'Poliwhirl', 'Golem', 'Mr. Mime', 'Clefable']","['Venomoth', 'Charizard', 'Nidoking', 'Kabutops', 'Mr. Mime', 'Blastoise']",43,16,10
gen1nu-2277067565,[Gen 1] NU,2025-01-08 05:14:45,,revenge71921,bulletpunch83527,bulletpunch83527,True,"['Charizard', 'Exeggcute', 'Wigglytuff', 'Mr. Mime', 'Magmar', 'Blastoise']","['Venomoth', 'Charizard', 'Nidoking', 'Raticate', 'Kabutops', 'Mr. Mime']",31,10,8
gen1nu-2062354063,[Gen 1] NU,2024-02-18 21:29:31,1110,diglett37152,rollout79143,rollout79143,False,"['Charizard', 'Porygon', 'Wigglytuff', 'Poliwhirl', 'Mr. Mime', 'Beedrill']","['Rapidash', 'Aerodactyl', 'Exeggcute', 'Raticate', 'Mr. Mime', 'Blastoise']",36,17,9
gen1nu-2275859749,[Gen 1] NU,2025-01-06 05:56:49,,revenge71921,bulletpunch83527,bulletpunch83527,False,"['Golduck', 'Venomoth', 'Aerodactyl', 'Nidoking', 'Mr. Mime', 'Magmar']","['Moltres', 'Venomoth', 'Aerodactyl', 'Raticate', 'Poliwrath', 'Mr. Mime']",43,13,9
gen1nu-2147458061,[Gen 1] NU,2024-06-21 14:20:53,,shadowclaw91862,futuresight13270,futuresight13270,False,"['Golduck', 'Venomoth', 'Aerodactyl', 'Wigglytuff', 'Mr. Mime', 'Blastoise']","['Venomoth', 'Charizard', 'Magneton', 'Mr. Mime', 'Blastoise']",45,8,8
gen1nu-2278849279,[Gen 1] NU,2025-01-11 00:44:05,,revenge71921,blizzard53783,blizzard53783,True,"['Scyther', 'Venomoth', 'Exeggcute', 'Kabutops', 'Mr. Mime', 'Slowpoke']","['Venomoth', 'Charizard', 'Nidoking', 'Kabutops', 'Raticate', 'Mr. Mime']",34,14,17
violetversion-gen1nu-2929,[Gen 1] NU,2017-01-02 18:45:32,,ddenpowerfire30449,armthrust70480,ddenpowerfire30449,False,"['Scyther', 'Venomoth', 'Poliwag', 'Dragonair', 'Slowpoke']","['Venomoth', 'Porygon', 'Nidoking', 'Slowpoke', 'Gastly', 'Abra']",30,8,12
smogtours-gen1nu-701370,[Gen 1] NU,2023-07-06 22:14:29,,golduck35019,unknownability847,unknownability847,False,"['Venomoth', 'Charizard', 'Nidoking', 'Mr. Mime', 'Clefable', 'Blastoise']","['Venomoth', 'Charizard', 'Kabutops', 'Mr. Mime', 'Clefable', 'Blastoise']",42,10,8
gen1nu-2067661995,[Gen 1] NU,2024-02-26 02:39:46,1043,probopass63851,rollout79143,rollout79143,False,"['Venomoth', 'Staryu', 'Porygon', 'Rapidash', 'Aerodactyl', 'Sandslash']","['Aerodactyl', 'Exeggcute', 'Kabutops', 'Mr. Mime', 'Arcanine']",23,10,8
gen1nu-2373797501,[Gen 1] NU,2025-05-28 17:09:00,,ponyta53394,bide85657,bide85657,False,"['Charizard', 'Staryu', 'Raticate', 'Poliwrath', 'Mr. Mime', 'Blastoise']","['Venomoth', 'Magneton', 'Raticate', 'Kabutops', 'Mr. Mime', 'Blastoise']",33,13,11
smogtours-gen1nu-662618,[Gen 1] NU,2022-11-26 01:47:45,,icywind98531,ponyta53394,ponyta53394,False,"['Rapidash', 'Dragonair', 'Nidoqueen', 'Seaking', 'Fearow', 'Abra']","['Vileplume', 'Staryu', 'Rapidash', 'Omanyte', 'Nidoqueen', 'Magmar']",59,17,20
smogtours-gen1nu-779321,[Gen 1] NU,2024-07-09 16:33:46,,frenzyplant87849,perishsong83468,perishsong83468,True,"['Venomoth', 'Charizard', 'Aerodactyl', 'Magneton', 'Mr. Mime', 'Blastoise']","['Aerodactyl', 'Magneton', 'Raticate', 'Poliwhirl', 'Mr. Mime']",42,9,7
smogtours-gen1nu-788832,[Gen 1] NU,2024-09-02 20:27:36,,milkdrink75134,mudsport71981,mudsport71981,False,"['Seadra', 'Venomoth', 'Charizard', 'Dragonair', 'Mr. Mime', 'Fearow']","['Seadra', 'Venomoth', 'Raticate', 'Mr. Mime', 'Blastoise']",30,9,8
gen1nu-2056978718,[Gen 1] NU,2024-02-11 17:15:43,1000,sneasel92639,damprock17378,damprock17378,True,"['Charizard', 'Venusaur', 'Blastoise']",['Charizard'],10,2,0
smogtours-gen1nu-745895,[Gen 1] NU,2024-02-09 04:10:53,,aquaring89206,willowisp64187,willowisp64187,True,"['Venomoth', 'Charizard', 'Nidoking', 'Mr. Mime', 'Clefable', 'Blastoise']","['Venomoth', 'Charizard', 'Wigglytuff', 'Mr. Mime', 'Clefable', 'Blastoise']",37,11,10
smogtours-gen1nu-784771,[Gen 1] NU,2024-08-08 22:15:55,,recover74685,probopass706,probopass706,False,"['Aerodactyl', 'Raticate', 'Blastoise', 'Mr. Mime', 'Fearow', 'Gastly']","['Seadra', 'Venomoth', 'Charizard', 'Raticate', 'Mr. Mime', 'Blastoise']",23,7,6
smogtours-gen1nu-814523,[Gen 1] NU,2025-01-18 02:24:49,,ddenpowerdark55312,needlearm59980,ddenpowerdark55312,False,"['Venomoth', 'Charizard', 'Poliwrath', 'Graveler', 'Mr. Mime', 'Fearow']","['Seadra', 'Charizard', 'Exeggcute', 'Graveler', 'Poliwrath', 'Mr. Mime']",44,18,15
gen1nu-2278850993,[Gen 1] NU,2025-01-11 00:46:21,,revenge71921,blizzard53783,revenge71921,True,"['Venomoth', 'Kabutops', 'Slowpoke', 'Exeggcute']","['Venomoth', 'Charizard', 'Nidoking', 'Raticate', 'Mr. Mime']",22,8,7
smogtours-gen1nu-597817,[Gen 1] NU,2021-12-16 17:07:39,,encore90411,drowzee8791,drowzee8791,True,"['Seadra', 'Kingler', 'Exeggcute', 'Kabutops', 'Mr. Mime', 'Clefable']","['Venomoth', 'Charizard', 'Nidoking', 'Mr. Mime', 'Clefable', 'Blastoise']",38,11,11
smogtours-gen1nu-797346,[Gen 1] NU,2024-10-12 02:48:44,,heatran43293,barrage50572,barrage50572,False,"['Venomoth', 'Charizard', 'Magneton', 'Kabutops', 'Raticate', 'Blastoise']","['Seadra', 'Moltres', 'Venomoth', 'Charizard', 'Magneton', 'Mr. Mime']",58,24,13
gen1nu-2280806310,[Gen 1] NU,2025-01-14 09:44:57,,revenge71921,kabutops67963,kabutops67963,True,"['Venomoth', 'Charizard', 'Poliwrath', 'Mr. Mime', 'Blastoise']","['Raticate', 'Venomoth', 'Kabutops', 'Mr. Mime']",18,6,3
gen1nu-2081169855,[Gen 1] NU,2024-03-14 23:37:47,,punishment38172,rollout94469,rollout94469,False,"['Golduck', 'Venomoth', 'Aerodactyl', 'Magneton', 'Poliwrath', 'Mr. Mime']","['Charizard', 'Aerodactyl', 'Raticate', 'Mr. Mime', 'Parasect', 'Blastoise']",40,9,6
smogtours-gen1nu-818403,[Gen 1] NU,2025-02-07 20:05:07,,recover74685,ponyta53394,ponyta53394,False,"['Seadra', 'Exeggcute', 'Raticate', 'Mr. Mime', 'Fearow', 'Blastoise']","['Moltres', 'Venomoth', 'Charizard', 'Magneton', 'Mr. Mime', 'Blastoise']",32,9,11
smogtours-gen1nu-699671,[Gen 1] NU,2023-06-27 21:13:23,,noability19212,cascoon94634,cascoon94634,False,"['Venomoth', 'Charizard', 'Golem', 'Mr. Mime', 'Clefable', 'Blastoise']","['Venomoth', 'Charizard', 'Mr. Mime', 'Clefable', 'Blastoise']",31,9,6
smogtours-gen1nu-650357,[Gen 1] NU,2022-09-24 19:11:52,,encore90411,manaphy22907,manaphy22907,False,"['Moltres', 'Charizard', 'Kabutops', 'Poliwhirl', 'Mr. Mime', 'Clefable']","['Venomoth', 'Charizard', 'Raticate', 'Mr. Mime', 'Clefable', 'Blastoise']",33,7,8
smogtours-gen1nu-814519,[Gen 1] NU,2025-01-18 02:10:54,,ddenpowerdark55312,needlearm59980,needlearm59980,False,"['Charizard', 'Magneton', 'Raticate', 'Poliwrath', 'Mr. Mime', 'Fearow']","['Moltres', 'Seadra', 'Venomoth', 'Nidoking', 'Poliwrath', 'Mr. Mime']",29,9,11
smogtours-gen1nu-663607,[Gen 1] NU,2022-12-03 19:56:28,,ponyta53394,oblivious21505,oblivious21505,False,"['Staryu', 'Rapidash', 'Vileplume', 'Omanyte', 'Nidoqueen', 'Magmar']","['Vileplume', 'Rapidash', 'Onix', 'Nidoqueen', 'Seaking', 'Abra']",52,26,22
smogtours-gen1nu-598305,[Gen 1] NU,2021-12-18 22:12:25,,synchronize14428,waterpulse35893,synchronize14428,False,"['Charizard', 'Nidoking', 'Poliwhirl', 'Mr. Mime', 'Clefable', 'Blastoise']","['Ninetales', 'Porygon', 'Nidoking', 'Poliwhirl', 'Golem', 'Mr. Mime']",82,26,27
gen1nu-2137788608,[Gen 1] NU,2024-06-06 01:43:04,,mismagius33077,kangaskhan44566,mismagius33077,False,"['Seadra', 'Exeggcute', 'Wigglytuff', 'Raticate', 'Mr. Mime', 'Magmar']","['Seadra', 'Charizard', 'Magneton', 'Mr. Mime', 'Venusaur', 'Fearow']",32,7,11
gen1nu-2278836436,[Gen 1] NU,2025-01-11 00:15:55,,revenge71921,blizzard53783,blizzard53783,True,"['Scyther', 'Venomoth', 'Exeggcute', 'Kabutops', 'Mr. Mime', 'Slowpoke']","['Venomoth', 'Charizard', 'Raticate', 'Kabutops']",23,5,3
smogtours-gen1nu-810310,[Gen 1] NU,2024-12-14 19:56:23,,mudsport71981,poisonpowder88566,mudsport71981,False,"['Moltres', 'Seadra', 'Venomoth', 'Charizard', 'Mr. Mime', 'Fearow']","['Golduck', 'Aerodactyl', 'Magneton', 'Raticate', 'Mr. Mime', 'Fearow']",38,13,13
gen1nu-2055019248,[Gen 1] NU,2024-02-08 22:22:47,1051,bide81826,mismagius33077,bide81826,False,"['Golduck', 'Venomoth', 'Aerodactyl', 'Nidoking', 'Mr. Mime', 'Magmar']","['Moltres', 'Golduck', 'Venomoth', 'Aerodactyl', 'Mr. Mime', 'Magmar']",54,13,7
gen1nu-2139806146,[Gen 1] NU,2024-06-09 07:15:11,,mismagius33077,diglett37152,mismagius33077,False,"['Seadra', 'Exeggcute', 'Wigglytuff', 'Raticate', 'Mr. Mime', 'Magmar']","['Golduck', 'Venomoth', 'Charizard', 'Nidoqueen', 'Mr. Mime', 'Fearow']",34,6,12
gen1nu-2063723820,[Gen 1] NU,2024-02-20 17:40:35,1000,nanabberry50303,arceusbug48749,arceusbug48749,False,"['Charizard', 'Onix', 'Wigglytuff', 'Mr. Mime', 'Venusaur', 'Blastoise']","['Moltres', 'Golduck', 'Mr. Mime', 'Lickitung', 'Victreebel', 'Blastoise']",32,5,8
gen1nu-2058022647,[Gen 1] NU,2024-02-13 01:10:19,,powerlens10976,omastar20158,omastar20158,False,"['Kingler', 'Venomoth', 'Nidoking', 'Wigglytuff', 'Mr. Mime', 'Blastoise']","['Golduck', 'Venomoth', 'Aerodactyl', 'Nidoking', 'Mr. Mime', 'Magmar']",43,14,7
gen1nu-2060017094,[Gen 1] NU,2024-02-15 16:23:58,1050,rollout94469,gulpin67379,rollout94469,True,"['Moltres', 'Exeggcute', 'Wigglytuff', 'Poliwrath', 'Mr. Mime', 'Golbat']","['Golduck', 'Aerodactyl', 'Exeggcute', 'Wigglytuff', 'Mr. Mime', 'Venusaur']",57,13,9
smogtours-gen1nu-664581,[Gen 1] NU,2022-12-11 20:53:44,,whismur95661,deoxysdefense78874,whismur95661,False,"['Venomoth', 'Charizard', 'Electrode', 'Nidoking', 'Clefable']","['Kingler', 'Venomoth', 'Nidoking', 'Mr. Mime', 'Clefable', 'Blastoise']",40,7,17
smogtours-gen1nu-842985,[Gen 1] NU,2025-05-16 23:47:34,,deoxysattack50804,ponyta53394,ponyta53394,False,"['Seadra', 'Charizard', 'Graveler', 'Poliwrath', 'Mr. Mime', 'Fearow']","['Arcanine', 'Mr. Mime', 'Charizard', 'Poliwrath']",24,9,3
violetversion-gen1nu-1779,[Gen 1] NU,2016-05-08 19:49:49,,ddenpowerfire30449,steelix83008,ddenpowerfire30449,False,"['Venomoth', 'Porygon', 'Rapidash', 'Nidoking', 'Dragonair', 'Blastoise']","['Venomoth', 'Rapidash', 'Nidoking', 'Dragonair', 'Blastoise', 'Abra']",47,11,14
smogtours-gen1nu-779225,[Gen 1] NU,2024-07-08 15:21:27,,powerlens28906,perishsong83468,perishsong83468,False,"['Seadra', 'Golduck', 'Charizard', 'Kabutops', 'Mr. Mime', 'Venusaur']","['Charizard', 'Aerodactyl', 'Raticate', 'Arcanine', 'Venusaur', 'Blastoise']",35,13,13
smogtours-gen1nu-777905,[Gen 1] NU,2024-07-01 11:17:22,,denpowerghost39436,poisonpowder88566,denpowerghost39436,False,"['Venomoth', 'Charizard', 'Raticate', 'Mr. Mime', 'Fearow', 'Blastoise']","['Seadra', 'Charizard', 'Aerodactyl', 'Raticate', 'Fearow', 'Gastly']",23,7,9
smogtours-gen1nu-701394,[Gen 1] NU,2023-07-07 00:42:43,,whiscash71874,denpowerghost39436,whiscash71874,False,"['Seadra', 'Venomoth', 'Charizard', 'Mr. Mime', 'Clefable', 'Blastoise']","['Kingler', 'Charizard', 'Golem', 'Mr. Mime', 'Clefable', 'Blastoise']",33,7,9
smogtours-gen1nu-605232,[Gen 1] NU,2022-01-28 22:14:16,,encore90411,waterpulse35893,encore90411,False,"['Venomoth', 'Charizard', 'Kabutops', 'Poliwhirl', 'Mr. Mime', 'Clefable']","['Venomoth', 'Charizard', 'Kabutops', 'Poliwhirl', 'Mr. Mime', 'Clefable']",46,10,14
gen1nu-2276423840,[Gen 1] NU,2025-01-07 04:08:26,,revenge71921,bulletpunch83527,bulletpunch83527,True,"['Seadra', 'Venomoth', 'Charizard', 'Magneton', 'Seaking', 'Mr. Mime']","['Venomoth', 'Charizard', 'Nidoking', 'Kabutops', 'Raticate', 'Mr. Mime']",26,8,9
gen1nu-2138470112,[Gen 1] NU,2024-06-07 02:16:23,,bide81826,kangaskhan44566,bide81826,False,"['Golduck', 'Venomoth', 'Charizard', 'Nidoqueen', 'Mr. Mime', 'Fearow']","['Seadra', 'Charizard', 'Magneton', 'Mr. Mime', 'Venusaur', 'Fearow']",34,10,11
smogtours-gen1nu-604810,[Gen 1] NU,2022-01-23 21:33:13,,psn38480,waterpulse35893,psn38480,False,"['Charizard', 'Exeggcute', 'Kabutops', 'Primeape', 'Blastoise']","['Venomoth', 'Charizard', 'Kabutops', 'Poliwhirl', 'Mr. Mime', 'Clefable']",29,6,14
gen1nu-2275261655,[Gen 1] NU,2025-01-05 04:36:11,,poliwhirl66423,bulletpunch83527,poliwhirl66423,True,"['Rapidash', 'Aerodactyl', 'Wigglytuff', 'Mr. Mime', 'Venusaur']","['Gastly', 'Mr. Mime', 'Charizard', 'Blastoise']",16,7,6
smogtours-gen1nu-664793,[Gen 1] NU,2022-12-12 21:05:55,,kangaskhan41867,xscissor38348,kangaskhan41867,False,"['Venomoth', 'Charizard', 'Wigglytuff', 'Mr. Mime', 'Clefable', 'Blastoise']","['Venomoth', 'Charizard', 'Golem', 'Mr. Mime', 'Clefable', 'Blastoise']",44,16,15
smogtours-gen1nu-672508,[Gen 1] NU,2023-02-03 18:38:06,,truant84021,jolteon92120,truant84021,False,"['Charizard', 'Raticate', 'Golem', 'Mr. Mime', 'Clefable', 'Blastoise']","['Venomoth', 'Charizard', 'Nidoking', 'Mr. Mime', 'Clefable', 'Blastoise']",47,11,11
gen1nu-2058045394,[Gen 1] NU,2024-02-13 01:48:47,,powerlens10976,omastar20158,omastar20158,False,"['Kingler', 'Venomoth', 'Porygon', 'Mr. Mime', 'Venusaur', 'Blastoise']","['Mr. Mime', 'Wigglytuff', 'Porygon', 'Venomoth']",33,9,5
gen1nu-2070755839,[Gen 1] NU,2024-03-01 01:37:45,1256,revenge71921,punishment38172,revenge71921,False,"['Golduck', 'Venomoth', 'Charizard', 'Nidoqueen', 'Mr. Mime', 'Fearow']","['Golduck', 'Venomoth', 'Aerodactyl', 'Magneton', 'Poliwrath', 'Mr. Mime']",30,12,10
gen1nu-2274592029,[Gen 1] NU,2025-01-04 00:28:51,,poliwhirl66423,bulletpunch83527,bulletpunch83527,True,"['Rapidash', 'Aerodactyl', 'Wigglytuff', 'Mr. Mime', 'Venusaur']","['Raticate', 'Venomoth', 'Kabutops', 'Mr. Mime']",18,6,4
gen1nu-2139802664,[Gen 1] NU,2024-06-09 06:59:36,,mismagius33077,spearow17079,mismagius33077,True,"['Mr. Mime', 'Magmar', 'Wigglytuff']","['Seadra', 'Moltres', 'Magneton', 'Raticate', 'Mr. Mime', 'Venusaur']",22,2,7
gen1nu-2054442167,[Gen 1] NU,2024-02-08 05:36:29,1000,mismagius33077,chopleberry38027,chopleberry38027,False,"['Kingler', 'Venomoth', 'Aerodactyl', 'Wigglytuff', 'Mr. Mime', 'Magmar']","['Moltres', 'Aerodactyl', 'Raticate', 'Poliwhirl', 'Mr. Mime', 'Venusaur']",34,10,7
smogtours-gen1nu-811058,[Gen 1] NU,2024-12-20 21:48:48,,razzberry64813,thrash54054,thrash54054,False,"['Venomoth', 'Charizard', 'Poliwrath', 'Mr. Mime', 'Fearow', 'Blastoise']","['Kingler', 'Golduck', 'Venomoth', 'Charizard', 'Magneton', 'Mr. Mime']",27,9,8
smogtours-gen1nu-665174,[Gen 1] NU,2022-12-17 01:41:10,,arceusghost8496,mareep93864,arceusghost8496,True,"['Staryu', 'Dragonair', 'Graveler', 'Drowzee', 'Abra']","['Staryu', 'Omanyte', 'Nidoqueen', 'Drowzee', 'Slowpoke', 'Fearow']",42,11,19
smogtours-gen1nu-822236,[Gen 1] NU,2025-02-27 00:52:31,,magmortar19991,poisonpowder88566,magmortar19991,True,"['Moltres', 'Seadra', 'Poliwrath', 'Mr. Mime', 'Arcanine']","['Seadra', 'Venomoth', 'Kabutops', 'Poliwhirl', 'Mr. Mime']",21,9,5
smogtours-gen1nu-653180,[Gen 1] NU,2022-10-07 23:46:21,,rotomfan35023,manaphy22907,rotomfan35023,False,"['Moltres', 'Charizard', 'Poliwhirl', 'Golem', 'Mr. Mime', 'Clefable']","['Raticate', 'Poliwhirl', 'Mr. Mime', 'Clefable', 'Fearow', 'Blastoise']",32,10,11
gen1nu-2270133429,[Gen 1] NU,2024-12-26 23:17:12,,punishment38172,revenge71921,revenge71921,False,"['Seadra', 'Venomoth', 'Charizard', 'Mr. Mime', 'Fearow', 'Blastoise']","['Golduck', 'Venomoth', 'Charizard', 'Onix', 'Mr. Mime', 'Fearow']",25,9,8
smogtours-gen1nu-642230,[Gen 1] NU,2022-08-07 01:22:47,,enpowerflying39776,honeygather86735,honeygather86735,False,"['Ivysaur', 'Shellder', 'Tentacool', 'Meowth', 'Charmeleon', 'Golbat']","['Hitmonchan', 'Meowth', 'Clefairy', 'Tentacool', 'Charmeleon', 'Golbat']",29,10,11
gen1nu-2140860451,[Gen 1] NU,2024-06-10 22:53:55,,bide81826,mismagius33077,mismagius33077,False,"['Golduck', 'Venomoth', 'Charizard', 'Nidoqueen', 'Mr. Mime', 'Fearow']","['Seadra', 'Wigglytuff', 'Raticate', 'Mr. Mime', 'Magmar']",18,10,4
gen1nu-2275143532,[Gen 1] NU,2025-01-05 00:05:07,,poliwhirl66423,bulletpunch83527,bulletpunch83527,True,"['Charizard', 'Exeggcute', 'Wigglytuff', 'Poliwrath', 'Mr. Mime']","['Venomoth', 'Charizard', 'Magneton', 'Mr. Mime', 'Blastoise']",26,8,6
smogtours-gen1nu-824432,[Gen 1] NU,2025-03-11 01:15:37,,poisonpowder88566,needlearm59980,poisonpowder88566,False,"['Magneton', 'Graveler', 'Poliwhirl', 'Poliwrath', 'Mr. Mime', 'Fearow']","['Seadra', 'Charizard', 'Exeggcute', 'Poliwrath', 'Graveler', 'Mr. Mime']",39,9,13
gen1nu-2278277006,[Gen 1] NU,2025-01-10 03:05:18,,revenge71921,blizzard53783,blizzard53783,True,"['Venomoth', 'Exeggcute', 'Kabutops', 'Mr. Mime', 'Slowpoke']","['Venomoth', 'Raticate', 'Nidoking', 'Mr. Mime']",12,4,3
gen1nu-2283169087,[Gen 1] NU,2025-01-17 23:51:39,,revenge71921,blizzard53783,revenge71921,False,"['Venomoth', 'Charizard', 'Poliwrath', 'Mr. Mime', 'Arcanine', 'Primeape']","['Venomoth', 'Charizard', 'Aerodactyl', 'Raticate', 'Arcanine', 'Fearow']",21,6,5
gen1nu-2277078678,[Gen 1] NU,2025-01-08 05:46:39,,revenge71921,bulletpunch83527,revenge71921,True,"['Exeggcute', 'Muk', 'Mr. Mime']","['Magneton', 'Charizard']",9,2,1
smogtours-gen1nu-817364,[Gen 1] NU,2025-02-01 20:26:52,,needlearm59980,aquaring89206,aquaring89206,False,"['Seadra', 'Charizard', 'Nidoking', 'Kabutops', 'Poliwrath', 'Mr. Mime']","['Moltres', 'Charizard', 'Exeggcute', 'Mr. Mime', 'Fearow', 'Blastoise']",40,14,9
smogtours-gen1nu-743051,[Gen 1] NU,2024-01-28 20:34:32,,mudsport71981,aquaring89206,aquaring89206,True,"['Seadra', 'Moltres', 'Venomoth', 'Mr. Mime', 'Clefable', 'Arcanine']","['Venomoth', 'Charizard', 'Mr. Mime', 'Clefable', 'Arcanine']",28,8,5
violetversion-gen1nu-2924,[Gen 1] NU,2017-01-01 20:05:50,,armthrust70480,swagger50547,armthrust70480,True,"['Venomoth', 'Pidgeot', 'Porygon', 'Nidoking', 'Weepinbell', 'Abra']","['Seadra', 'Venomoth', 'Porygon', 'Omastar', 'Nidoking', 'Blastoise']",47,13,18
gen1nu-2275201399,[Gen 1] NU,2025-01-05 02:19:21,,poliwhirl66423,bulletpunch83527,bulletpunch83527,True,"['Venomoth', 'Charizard', 'Porygon', 'Wigglytuff', 'Mr. Mime']","['Moltres', 'Venomoth', 'Charizard', 'Mr. Mime', 'Arcanine']",45,17,16
smogtours-gen1nu-667275,[Gen 1] NU,2023-01-05 01:27:22,,whismur95661,jolteon92120,jolteon92120,False,"['Venomoth', 'Charizard', 'Golem', 'Mr. Mime', 'Clefable', 'Blastoise']","['Venomoth', 'Charizard', 'Nidoking', 'Mr. Mime', 'Clefable', 'Blastoise']",34,13,6
smogtours-gen1nu-787169,[Gen 1] NU,2024-08-24 21:55:59,,gastrodon26689,psn38480,gastrodon26689,False,"['Seadra', 'Venomoth', 'Aerodactyl', 'Raticate', 'Poliwrath', 'Mr. Mime']","['Moltres', 'Scyther', 'Venomoth', 'Charizard', 'Mr. Mime', 'Blastoise']",32,8,11
smogtours-gen1nu-777621,[Gen 1] NU,2024-06-30 17:14:41,,waterfall8105,aeroblast8709,waterfall8105,False,"['Seadra', 'Venomoth', 'Raticate', 'Poliwrath', 'Mr. Mime', 'Blastoise']","['Venomoth', 'Charizard', 'Aerodactyl', 'Nidoking', 'Raticate', 'Mr. Mime']",34,11,13
gen1nu-2139143752,[Gen 1] NU,2024-06-08 03:25:52,,mismagius33077,kangaskhan44566,kangaskhan44566,False,"['Seadra', 'Exeggcute', 'Wigglytuff', 'Raticate', 'Mr. Mime', 'Magmar']","['Seadra', 'Charizard', 'Magneton', 'Mr. Mime', 'Venusaur', 'Fearow']",32,5,9
smogtours-gen1nu-737821,[Gen 1] NU,2024-01-06 21:18:04,,kangaskhan41867,aquaring89206,aquaring89206,True,"['Venomoth', 'Charizard', 'Porygon', 'Mr. Mime', 'Clefable']","['Seadra', 'Venomoth', 'Golem', 'Mr. Mime', 'Clefable']",26,10,7
gen1nu-2140936113,[Gen 1] NU,2024-06-11 01:39:51,,heatwave7639,rollout94469,rollout94469,False,"['Moltres', 'Venomoth', 'Aerodactyl', 'Raticate', 'Kabutops', 'Mr. Mime']","['Mr. Mime', 'Wigglytuff', 'Charizard', 'Poliwrath']",27,6,4
smogtours-gen1nu-745328,[Gen 1] NU,2024-02-05 02:17:26,,recover74685,golduck35019,recover74685,False,"['Venomoth', 'Charizard', 'Raticate', 'Mr. Mime', 'Clefable', 'Arcanine']","['Venomoth', 'Electrode', 'Mr. Mime', 'Clefable', 'Fearow', 'Blastoise']",33,11,10
gen1nu-2145354559,[Gen 1] NU,2024-06-18 02:59:55,,mismagius33077,sunkern50532,mismagius33077,False,"['Nidoking', 'Exeggcute', 'Wigglytuff', 'Poliwhirl', 'Mr. Mime']","['Venomoth', 'Charizard', 'Aerodactyl', 'Raticate', 'Mr. Mime', 'Blastoise']",30,6,11
gen1nu-2275193645,[Gen 1] NU,2025-01-05 02:03:38,,poliwhirl66423,bulletpunch83527,bulletpunch83527,True,"['Venomoth', 'Charizard', 'Porygon', 'Wigglytuff', 'Arbok', 'Mr. Mime']","['Venomoth', 'Charizard', 'Nidoking', 'Raticate', 'Kabutops', 'Mr. Mime']",37,13,11
smogtours-gen1nu-738692,[Gen 1] NU,2024-01-10 21:50:58,,recover74685,crosschop14357,recover74685,False,"['Moltres', 'Venomoth', 'Electrode', 'Mr. Mime', 'Clefable', 'Blastoise']","['Venomoth', 'Charizard', 'Golem', 'Mr. Mime', 'Clefable', 'Blastoise']",34,12,15
smogtours-gen1nu-780339,[Gen 1] NU,2024-07-14 19:19:37,,shinystone44310,needlearm59980,shinystone44310,False,"['Golduck', 'Mr. Mime', 'Charizard', 'Kabutops']","['Moltres', 'Venomoth', 'Aerodactyl', 'Kabutops', 'Raticate', 'Mr. Mime']",28,9,9
smogtours-gen1nu-781012,[Gen 1] NU,2024-07-19 18:43:23,,aurasphere76841,aquajet31035,aurasphere76841,False,"['Charizard', 'Magneton', 'Kabutops', 'Mr. Mime', 'Arcanine', 'Gastly']","['Venomoth', 'Aerodactyl', 'Magneton', 'Kabutops', 'Raticate', 'Mr. Mime']",37,12,14
gen1nu-2275593280,[Gen 1] NU,2025-01-05 19:53:57,,poliwhirl66423,bulletpunch83527,poliwhirl66423,False,"['Golduck', 'Venomoth', 'Charizard', 'Nidoqueen', 'Mr. Mime']","['Venomoth', 'Charizard', 'Nidoking', 'Raticate', 'Kabutops', 'Mr. Mime']",25,5,8
smogtours-gen1nu-640870,[Gen 1] NU,2022-07-28 23:42:12,,azumarill4041,manaphy22907,manaphy22907,False,"['Moltres', 'Kingler', 'Mr. Mime', 'Clefable', 'Blastoise', 'Abra']","['Venomoth', 'Charizard', 'Clefable']",14,5,2
violetversion-gen1nu-2931,[Gen 1] NU,2017-01-02 19:20:58,,armthrust70480,ddenpowerfire30449,ddenpowerfire30449,False,"['Venomoth', 'Poliwag', 'Porygon', 'Omastar', 'Nidoking', 'Arcanine']","['Venomoth', 'Porygon', 'Nidoking', 'Nidoqueen', 'Diglett', 'Blastoise']",38,15,11
gen1nu-2073535264,[Gen 1] NU,2024-03-04 23:22:04,,unknown50813,glalie56367,glalie56367,False,"['Moltres', 'Venomoth', 'Charizard', 'Mr. Mime', 'Fearow', 'Blastoise']","['Seadra', 'Venomoth', 'Charizard', 'Raticate', 'Mr. Mime', 'Blastoise']",45,13,14
gen1nu-2068945202,[Gen 1] NU,2024-02-27 19:02:54,1000,zoomlens84869,frz11563,frz11563,True,"['Nidoking', 'Wigglytuff', 'Poliwrath', 'Mr. Mime', 'Blastoise']","['Golduck', 'Venomoth', 'Charizard', 'Nidoqueen', 'Mr. Mime', 'Fearow']",21,5,6
gen1nu-2054330425,[Gen 1] NU,2024-02-08 01:48:04,1000,kangaskhan44566,vulpix85363,kangaskhan44566,True,"['Golduck', 'Mr. Mime', 'Arcanine', 'Venusaur', 'Fearow']","['Venomoth', 'Pinsir', 'Kabutops', 'Raticate', 'Poliwrath', 'Machamp']",21,6,8
gen1nu-2061516740,[Gen 1] NU,2024-02-17 16:37:45,1000,sunkern50532,meadowplate58532,sunkern50532,False,"['Venomoth', 'Charizard', 'Porygon', 'Aerodactyl', 'Lickitung']","['Aerodactyl', 'Nidoking', 'Kabutops', 'Poliwrath', 'Victreebel', 'Blastoise']",31,5,7
gen1nu-2275234704,[Gen 1] NU,2025-01-05 03:30:01,,poliwhirl66423,bulletpunch83527,bulletpunch83527,True,"['Arbok', 'Mr. Mime', 'Charizard', 'Porygon']","['Moltres', 'Arcanine', 'Charizard', 'Venomoth']",17,3,3
smogtours-gen1nu-787180,[Gen 1] NU,2024-08-24 22:51:18,,mudsport71981,unknownability847,mudsport71981,False,"['Seadra', 'Charizard', 'Dragonair', 'Poliwrath', 'Mr. Mime', 'Arcanine']","['Seadra', 'Venomoth', 'Charizard', 'Raticate', 'Mr. Mime', 'Blastoise']",62,7,34
gen1nu-2147560042,[Gen 1] NU,2024-06-21 17:31:17,,chikorita31783,crabhammer79731,crabhammer79731,False,"['Golduck', 'Venomoth', 'Charizard', 'Sandslash', 'Kabutops', 'Mr. Mime']","['Venomoth', 'Charizard', 'Nidoking', 'Raticate', 'Kabutops', 'Venusaur']",31,12,13
gen1nu-2276915147,[Gen 1] NU,2025-01-07 23:18:11,,revenge71921,bulletpunch83527,bulletpunch83527,False,"['Charizard', 'Exeggcute', 'Wigglytuff', 'Mr. Mime', 'Magmar', 'Blastoise']","['Moltres', 'Kabutops', 'Poliwrath', 'Mr. Mime', 'Arcanine', 'Venusaur']",33,7,8
gen1nu-2142874388,[Gen 1] NU,2024-06-14 00:10:32,,goldeen52039,gardevoir38172,goldeen52039,False,"['Magneton', 'Mr. Mime', 'Venomoth', 'Aerodactyl']","['Raticate', 'Machamp', 'Mr. Mime', 'Weepinbell', 'Fearow', 'Blastoise']",34,6,7
gen1nu-2271809371,[Gen 1] NU,2024-12-30 01:56:34,,revenge71921,bulletpunch83527,bulletpunch83527,False,"['Golduck', 'Venomoth', 'Charizard', 'Nidoqueen', 'Mr. Mime', 'Fearow']","['Venomoth', 'Charizard', 'Exeggcute', 'Nidoking', 'Raticate', 'Mr. Mime']",26,7,7
gen1nu-2279989965,[Gen 1] NU,2025-01-13 01:43:31,,revenge71921,blizzard53783,revenge71921,False,"['Seadra', 'Venomoth', 'Charizard', 'Raticate', 'Mr. Mime', 'Muk']","['Venomoth', 'Charizard', 'Nidoking', 'Raticate', 'Kabutops', 'Mr. Mime']",27,7,8
gen1nu-2062453563,[Gen 1] NU,2024-02-19 00:25:24,,diglett37152,punishment38172,diglett37152,False,"['Charizard', 'Aerodactyl', 'Raticate', 'Mr. Mime', 'Parasect', 'Blastoise']","['Golduck', 'Venomoth', 'Charizard', 'Aerodactyl', 'Poliwrath', 'Mr. Mime']",28,7,9
smogtours-gen1nu-699720,[Gen 1] NU,2023-06-28 05:49:54,,kangaskhan41867,choiceband61525,kangaskhan41867,False,"['Charizard', 'Exeggcute', 'Nidoking', 'Mr. Mime', 'Clefable', 'Blastoise']","['Seadra', 'Venomoth', 'Golem', 'Mr. Mime', 'Clefable', 'Blastoise']",38,11,15
gen1nu-2060405803,[Gen 1] NU,2024-02-16 02:10:23,,punishment38172,rollout94469,rollout94469,False,"['Golduck', 'Venomoth', 'Aerodactyl', 'Magneton', 'Wigglytuff', 'Mr. Mime']","['Moltres', 'Exeggcute', 'Wigglytuff', 'Poliwrath', 'Mr. Mime', 'Golbat']",34,8,7
smogtours-gen1nu-665394,[Gen 1] NU,2022-12-18 18:39:23,,mudsport71981,innerfocus97582,innerfocus97582,False,"['Staryu', 'Dragonair', 'Nidoqueen', 'Omanyte', 'Drowzee', 'Fearow']","['Staryu', 'Pinsir', 'Nidoqueen', 'Machamp', 'Gastly', 'Abra']",30,12,11
gen1nu-2157315957,[Gen 1] NU,2024-07-08 16:06:54,,delcatty35639,aurasphere76841,delcatty35639,False,"['Venomoth', 'Charizard', 'Nidoking', 'Raticate', 'Kabutops', 'Mr. Mime']","['Venomoth', 'Charizard', 'Aerodactyl', 'Mr. Mime', 'Fearow', 'Blastoise']",36,12,12
smogtours-gen1nu-667273,[Gen 1] NU,2023-01-05 01:16:05,,jolteon92120,whismur95661,jolteon92120,False,"['Charizard', 'Kabutops', 'Mr. Mime', 'Clefable', 'Blastoise']","['Ninetales', 'Charizard', 'Nidoking', 'Mr. Mime', 'Clefable', 'Blastoise']",33,8,9
smogtours-gen1nu-665373,[Gen 1] NU,2022-12-18 17:10:46,,jolteon92120,mudsport71981,mudsport71981,False,"['Venomoth', 'Charizard', 'Raticate', 'Mr. Mime', 'Clefable', 'Blastoise']","['Venomoth', 'Charizard', 'Raticate', 'Mr. Mime', 'Clefable', 'Blastoise']",34,7,11
gen1nu-2060363207,[Gen 1] NU,2024-02-16 00:56:16,1114,cheriberry30798,tangrowth23890,tangrowth23890,True,"['Kingler', 'Moltres', 'Venomoth', 'Raticate', 'Mr. Mime', 'Venusaur']","['Venomoth', 'Charizard', 'Aerodactyl', 'Raticate', 'Mr. Mime', 'Blastoise']",42,10,7
smogtours-gen1nu-842582,[Gen 1] NU,2025-05-15 18:15:45,,machop48408,needlearm59980,needlearm59980,False,"['Venomoth', 'Charizard', 'Graveler', 'Poliwrath', 'Mr. Mime', 'Fearow']","['Venomoth', 'Charizard', 'Kabutops', 'Poliwrath', 'Mr. Mime', 'Arcanine']",26,9,10
smogtours-gen1nu-797350,[Gen 1] NU,2024-10-12 02:56:19,,heatran43293,barrage50572,barrage50572,True,"['Golduck', 'Charizard', 'Mr. Mime', 'Arcanine', 'Fearow', 'Gastly']","['Magneton', 'Mr. Mime', 'Charizard', 'Blastoise']",19,6,4
gen1nu-2061224948,[Gen 1] NU,2024-02-17 04:06:54,,sunkern50532,durinberry85819,sunkern50532,False,"['Venomoth', 'Charizard', 'Porygon', 'Aerodactyl', 'Lickitung', 'Mr. Mime']","['Porygon', 'Aerodactyl', 'Poliwrath', 'Mr. Mime', 'Arcanine', 'Venusaur']",36,8,6
gen1nu-2275780268,[Gen 1] NU,2025-01-06 02:32:27,,revenge71921,bulletpunch83527,bulletpunch83527,False,"['Aerodactyl', 'Raticate', 'Blastoise', 'Mr. Mime', 'Fearow', 'Gastly']","['Venomoth', 'Charizard', 'Nidoking', 'Raticate', 'Kabutops', 'Mr. Mime']",36,15,13
gen1nu-2274658764,[Gen 1] NU,2025-01-04 03:01:17,,poliwhirl66423,bulletpunch83527,poliwhirl66423,False,"['Rapidash', 'Aerodactyl', 'Wigglytuff', 'Poliwrath', 'Mr. Mime', 'Venusaur']","['Venomoth', 'Charizard', 'Nidoking', 'Raticate', 'Kabutops', 'Mr. Mime']",46,13,11
smogtours-gen1nu-802218,[Gen 1] NU,2024-10-26 18:53:16,,ponyta53394,stoneplate55960,ponyta53394,False,"['Charizard', 'Aerodactyl', 'Mr. Mime', 'Arcanine', 'Gastly']","['Moltres', 'Charizard', 'Magneton', 'Poliwrath', 'Mr. Mime', 'Fearow']",34,8,12
gen1nu-2067588024,[Gen 1] NU,2024-02-25 23:58:37,1092,spoink29458,punishment38172,punishment38172,False,"['Golduck', 'Charizard', 'Magneton', 'Nidoking', 'Mr. Mime', 'Victreebel']","['Golduck', 'Venomoth', 'Aerodactyl', 'Magneton', 'Poliwrath', 'Mr. Mime']",41,8,9
gen1nu-2060360637,[Gen 1] NU,2024-02-16 00:49:04,1054,nidoking16580,rollout94469,rollout94469,True,"['Kingler', 'Venomoth', 'Charizard', 'Exeggcute', 'Nidoking', 'Mr. Mime']","['Moltres', 'Exeggcute', 'Wigglytuff', 'Poliwrath', 'Mr. Mime', 'Golbat']",24,7,7
gen1nu-2144708684,[Gen 1] NU,2024-06-17 02:38:54,,kangaskhan44566,mismagius33077,kangaskhan44566,False,"['Charizard', 'Magneton', 'Exeggcute', 'Raticate', 'Mr. Mime', 'Primeape']","['Seadra', 'Exeggcute', 'Wigglytuff', 'Raticate', 'Mr. Mime', 'Magmar']",32,8,11
gen1nu-2272399509,[Gen 1] NU,2024-12-31 02:43:18,,revenge71921,bulletpunch83527,bulletpunch83527,True,"['Venomoth', 'Charizard', 'Magneton', 'Kabutops', 'Machamp', 'Mr. Mime']","['Venomoth', 'Charizard', 'Nidoking', 'Raticate', 'Kabutops', 'Mr. Mime']",26,7,8
gen1nu-2060430994,[Gen 1] NU,2024-02-16 02:58:01,,punishment38172,rollout94469,rollout94469,False,"['Golduck', 'Venomoth', 'Charizard', 'Porygon', 'Nidoking', 'Mr. Mime']","['Venomoth', 'Charizard', 'Flareon', 'Wigglytuff', 'Mr. Mime', 'Blastoise']",29,6,7
smogtours-gen1nu-597334,[Gen 1] NU,2021-12-12 19:30:20,,drowzee8791,psn38480,drowzee8791,False,"['Charizard', 'Nidoking', 'Poliwhirl', 'Mr. Mime', 'Clefable', 'Blastoise']","['Venomoth', 'Charizard', 'Nidoking', 'Mr. Mime', 'Clefable', 'Blastoise']",60,10,11
gen1nu-2275631214,[Gen 1] NU,2025-01-05 21:13:16,,poliwhirl66423,bulletpunch83527,poliwhirl66423,False,"['Charizard', 'Flareon', 'Exeggcute', 'Wigglytuff', 'Poliwrath', 'Mr. Mime']","['Venomoth', 'Charizard', 'Aerodactyl', 'Magneton', 'Mr. Mime', 'Blastoise']",41,11,10
smogtours-gen1nu-716489,[Gen 1] NU,2023-09-16 05:47:24,,innerfocus97582,magnetpull75337,innerfocus97582,False,"['Charizard', 'Nidoking', 'Mr. Mime', 'Clefable', 'Blastoise']","['Venomoth', 'Charizard', 'Electrode', 'Mr. Mime', 'Clefable', 'Blastoise']",25,7,9
smogtours-gen1nu-598918,[Gen 1] NU,2021-12-21 19:34:09,,encore90411,meditate33036,meditate33036,False,"['Charizard', 'Poliwhirl', 'Golem', 'Mr. Mime', 'Clefable', 'Blastoise']","['Moltres', 'Charizard', 'Nidoking', 'Poliwhirl', 'Mr. Mime', 'Blastoise']",46,17,14
gen1nu-2285745176,[Gen 1] NU,2025-01-22 03:43:28,,needlearm59980,fling78647,needlearm59980,False,"['Moltres', 'Venomoth', 'Magneton', 'Kabutops', 'Mr. Mime']","['Charizard', 'Exeggcute', 'Kabutops', 'Poliwrath', 'Raticate', 'Mr. Mime']",33,12,12
smogtours-gen1nu-715262,[Gen 1] NU,2023-09-10 08:18:00,,unknownability847,magnetpull75337,magnetpull75337,False,"['Venomoth', 'Charizard', 'Wigglytuff', 'Mr. Mime', 'Clefable', 'Blastoise']","['Venomoth', 'Charizard', 'Golem', 'Mr. Mime', 'Clefable', 'Blastoise']",40,12,14
smogtours-gen1nu-648689,[Gen 1] NU,2022-09-17 20:54:08,,whiscash85390,rotomfan35023,rotomfan35023,True,"['Moltres', 'Charizard', 'Kabutops', 'Poliwhirl', 'Mr. Mime', 'Clefable']","['Ninetales', 'Charizard', 'Kabutops', 'Poliwhirl', 'Mr. Mime', 'Clefable']",35,13,10
gen1nu-2272249817,[Gen 1] NU,2024-12-30 21:18:47,,wacanberry11962,pelipper48923,pelipper48923,True,"['Kingler', 'Golduck', 'Scyther', 'Gastly', 'Abra']","['Golduck', 'Staryu', 'Porygon', 'Rapidash', 'Venusaur']",25,10,8
smogtours-gen1nu-663426,[Gen 1] NU,2022-12-02 19:53:59,,barrier67448,powerherb16934,powerherb16934,False,"['Vileplume', 'Rapidash', 'Omanyte', 'Nidoqueen', 'Seaking', 'Fearow']","['Vileplume', 'Rapidash', 'Onix', 'Seaking', 'Drowzee']",31,12,10
smogtours-gen1nu-702757,[Gen 1] NU,2023-07-13 17:32:22,,aquaring89206,lick25189,lick25189,False,"['Venomoth', 'Charizard', 'Nidoking', 'Mr. Mime', 'Clefable', 'Blastoise']","['Moltres', 'Electrode', 'Raticate', 'Mr. Mime', 'Clefable', 'Blastoise']",37,11,11
gen1nu-2276480214,[Gen 1] NU,2025-01-07 06:55:31,,revenge71921,bulletpunch83527,bulletpunch83527,False,"['Kingler', 'Seadra', 'Charizard', 'Exeggcute', 'Mr. Mime', 'Fearow']","['Moltres', 'Venomoth', 'Charizard', 'Poliwrath', 'Mr. Mime', 'Arcanine']",33,10,12
smogtours-gen1nu-817857,[Gen 1] NU,2025-02-03 02:06:01,,mudsport71981,ponyta53394,ponyta53394,True,"['Charizard', 'Magneton', 'Sandslash', 'Poliwhirl', 'Mr. Mime', 'Fearow']","['Seadra', 'Venomoth', 'Charizard', 'Mr. Mime', 'Arcanine', 'Blastoise']",29,11,8
gen1nu-2054775061,[Gen 1] NU,2024-02-08 16:45:28,,pupitar1038,bide81826,bide81826,True,"['Mr. Mime', 'Magmar', 'Dragonair']","['Mr. Mime', 'Magmar']",15,2,1
gen1nu-2061148055,[Gen 1] NU,2024-02-17 01:40:17,1066,treecko99542,punishment38172,punishment38172,False,"['Venomoth', 'Charizard', 'Aerodactyl', 'Raticate', 'Mr. Mime', 'Blastoise']","['Golduck', 'Charizard', 'Wigglytuff', 'Mr. Mime', 'Venusaur', 'Blastoise']",35,9,6
smogtours-gen1nu-608717,[Gen 1] NU,2022-02-14 15:25:06,,golduck35019,levelball80103,golduck35019,False,"['Moltres', 'Charizard', 'Golem', 'Mr. Mime', 'Clefable', 'Blastoise']","['Charizard', 'Kabutops', 'Poliwhirl', 'Mr. Mime', 'Clefable', 'Blastoise']",31,9,12
gen1nu-2276323147,[Gen 1] NU,2025-01-07 00:18:43,,revenge71921,bulletpunch83527,revenge71921,True,"['Venomoth', 'Blastoise', 'Abra']","['Moltres', 'Venomoth', 'Aerodactyl', 'Poliwrath', 'Mr. Mime']",14,2,4
smogtours-gen1nu-648485,[Gen 1] NU,2022-09-17 16:47:51,,encore90411,pickup28423,encore90411,True,"['Venomoth', 'Poliwhirl', 'Golem']","['Venomoth', 'Kabutops', 'Blastoise', 'Mr. Mime']",15,2,3
smogtours-gen1nu-779972,[Gen 1] NU,2024-07-13 20:27:42,,denpowerghost39436,mudsport71981,mudsport71981,False,"['Venomoth', 'Charizard', 'Aerodactyl', 'Magneton', 'Mr. Mime', 'Blastoise']","['Moltres', 'Venomoth', 'Charizard', 'Magneton', 'Mr. Mime', 'Arcanine']",40,13,11
smogtours-gen1nu-800093,[Gen 1] NU,2024-10-19 20:32:12,,heatran43293,mudsport71981,heatran43293,False,"['Charizard', 'Magneton', 'Raticate', 'Kabutops', 'Poliwrath']","['Venomoth', 'Charizard', 'Magneton', 'Raticate', 'Poliwrath', 'Mr. Mime']",33,5,8
smogtours-gen1nu-587631,[Gen 1] NU,2021-10-17 21:45:56,,nightmare46769,tangledfeet96747,tangledfeet96747,True,"['Seadra', 'Charizard', 'Pinsir', 'Onix', 'Weezing', 'Clefable']","['Exeggcute', 'Golem', 'Mr. Mime', 'Clefable', 'Blastoise']",25,8,6
gen1nu-2069953220,[Gen 1] NU,2024-02-29 00:59:13,1186,rollout79143,noweather98210,rollout79143,False,['Rapidash'],"['Scyther', 'Venomoth', 'Butterfree', 'Pinsir', 'Parasect', 'Beedrill']",10,0,5
gen1nu-2278848612,[Gen 1] NU,2025-01-11 00:40:09,,revenge71921,blizzard53783,blizzard53783,True,"['Venomoth', 'Exeggcute', 'Kabutops', 'Mr. Mime', 'Slowpoke']","['Venomoth', 'Charizard', 'Kabutops', 'Mr. Mime']",16,4,3
gen1nu-2272423826,[Gen 1] NU,2024-12-31 03:38:15,,revenge71921,bulletpunch83527,revenge71921,True,"['Venomoth', 'Kabutops']","['Venomoth', 'Raticate', 'Poliwrath', 'Mr. Mime']",12,1,4
smogtours-gen1nu-813382,[Gen 1] NU,2025-01-06 18:40:24,,weepinbell75190,recover74685,weepinbell75190,False,"['Golduck', 'Charizard', 'Aerodactyl', 'Magneton', 'Mr. Mime', 'Venusaur']","['Charizard', 'Magneton', 'Poliwrath', 'Mr. Mime', 'Fearow', 'Blastoise']",51,10,19
gen1nu-2276918230,[Gen 1] NU,2025-01-07 23:23:13,,revenge71921,bulletpunch83527,bulletpunch83527,True,"['Charizard', 'Exeggcute', 'Wigglytuff', 'Mr. Mime', 'Magmar', 'Blastoise']","['Venomoth', 'Charizard', 'Raticate', 'Kabutops', 'Mr. Mime']",31,12,11
gen1nu-2054799713,[Gen 1] NU,2024-02-08 17:20:34,1014,drainpunch39068,bide81826,bide81826,True,"['Charizard', 'Nidoqueen', 'Mr. Mime', 'Primeape', 'Venusaur', 'Blastoise']","['Venomoth', 'Magmar', 'Nidoking', 'Aerodactyl']",17,7,3
smogtours-gen1nu-743020,[Gen 1] NU,2024-01-28 20:16:23,,golduck35019,splash22725,splash22725,False,"['Venomoth', 'Golem', 'Mr. Mime', 'Clefable', 'Arcanine', 'Blastoise']","['Venomoth', 'Charizard', 'Raticate', 'Mr. Mime', 'Clefable', 'Blastoise']",31,11,9
smogtours-gen1nu-648063,[Gen 1] NU,2022-09-13 02:23:09,,megakick30660,tyranitar56327,megakick30660,False,"['Venomoth', 'Golem', 'Mr. Mime', 'Clefable', 'Blastoise']","['Charizard', 'Electrode', 'Poliwhirl', 'Mr. Mime', 'Clefable', 'Blastoise']",38,11,11
smogtours-gen1nu-590542,[Gen 1] NU,2021-10-31 23:27:07,,waterpulse35893,pickup28423,waterpulse35893,True,"['Venomoth', 'Charizard', 'Porygon', 'Nidoking', 'Mr. Mime', 'Blastoise']","['Venomoth', 'Charizard', 'Nidoking', 'Mr. Mime', 'Blastoise']",22,6,7
gen1nu-2204610643,[Gen 1] NU,2024-09-18 20:55:00,,stoneplate55960,poisonpowder88566,stoneplate55960,False,"['Moltres', 'Kabutops', 'Poliwrath', 'Mr. Mime', 'Arcanine']","['Moltres', 'Scyther', 'Charizard', 'Raticate', 'Mr. Mime', 'Gastly']",24,5,8
gen1nu-2245650292,[Gen 1] NU,2024-11-17 16:25:49,,stoneplate55960,poisonpowder88566,poisonpowder88566,False,"['Charizard', 'Sandslash', 'Poliwrath', 'Mr. Mime', 'Fearow', 'Blastoise']","['Venomoth', 'Charizard', 'Magneton', 'Poliwrath', 'Mr. Mime', 'Blastoise']",32,10,9
gen1nu-2136401425,[Gen 1] NU,2024-06-04 00:32:34,,wacanberry11962,pechaberry94757,pechaberry94757,True,"['Blastoise', 'Arcanine', 'Venomoth', 'Mr. Mime']","['Kingler', 'Exeggcute', 'Blastoise']",10,3,2
smogtours-gen1nu-729238,[Gen 1] NU,2023-11-06 00:46:49,,waterfall8105,aurasphere76841,aurasphere76841,False,"['Seadra', 'Charizard', 'Raticate', 'Mr. Mime', 'Clefable', 'Fearow']","['Rapidash', 'Exeggcute', 'Mr. Mime', 'Clefable', 'Fearow', 'Blastoise']",24,6,7
smogtours-gen1nu-656084,[Gen 1] NU,2022-10-21 19:12:51,,whiscash85390,twineedle48571,twineedle48571,False,"['Kingler', 'Nidoking', 'Poliwhirl', 'Mr. Mime', 'Clefable', 'Blastoise']","['Charizard', 'Nidoking', 'Poliwhirl', 'Mr. Mime', 'Clefable', 'Blastoise']",26,10,8
gen1nu-2278297887,[Gen 1] NU,2025-01-10 04:00:06,,revenge71921,blizzard53783,revenge71921,True,"['Venomoth', 'Slowpoke', 'Exeggcute']","['Venomoth', 'Charizard', 'Mr. Mime']",8,3,2
gen1nu-2065410544,[Gen 1] NU,2024-02-22 20:49:21,1096,furret16340,quickpowder52632,furret16340,False,"['Golduck', 'Kabutops', 'Poliwhirl', 'Poliwrath', 'Slowpoke', 'Blastoise']","['Kingler', 'Charizard', 'Exeggcute', 'Poliwhirl', 'Arbok', 'Mr. Mime']",47,12,8
smogtours-gen1nu-595448,[Gen 1] NU,2021-11-28 22:49:13,,encore90411,waterpulse35893,waterpulse35893,False,"['Moltres', 'Charizard', 'Poliwhirl', 'Mr. Mime', 'Clefable', 'Blastoise']","['Charizard', 'Nidoking', 'Poliwhirl', 'Mr. Mime', 'Clefable', 'Blastoise']",50,19,14
smogtours-gen1nu-665942,[Gen 1] NU,2022-12-22 20:04:14,,powerherb16934,jolteon92120,jolteon92120,False,"['Venomoth', 'Charizard', 'Raticate', 'Mr. Mime', 'Clefable', 'Blastoise']","['Venomoth', 'Charizard', 'Raticate', 'Mr. Mime', 'Clefable', 'Blastoise']",33,9,9
gen1nu-2325754230,[Gen 1] NU,2025-03-23 00:43:14,,simple96847,wingattack30461,simple96847,False,"['Venomoth', 'Charizard', 'Magneton', 'Poliwrath', 'Mr. Mime', 'Fearow']","['Venomoth', 'Charizard', 'Sandslash', 'Mr. Mime', 'Fearow', 'Blastoise']",32,14,13
gen1nu-2276530788,[Gen 1] NU,2025-01-07 10:00:15,,revenge71921,bulletpunch83527,revenge71921,True,"['Rapidash', 'Aerodactyl', 'Wigglytuff', 'Poliwrath', 'Mr. Mime', 'Venusaur']","['Moltres', 'Venomoth', 'Charizard', 'Poliwrath', 'Mr. Mime', 'Arcanine']",90,12,11
gen1nu-2359021897,[Gen 1] NU,2025-05-07 17:52:45,,bide85657,denpowerghost39436,bide85657,False,"['Golduck', 'Venomoth', 'Charizard', 'Kabutops', 'Mr. Mime']","['Moltres', 'Venomoth', 'Magneton', 'Poliwhirl', 'Mr. Mime', 'Blastoise']",29,7,12
gen1nu-2271760916,[Gen 1] NU,2024-12-30 00:02:04,,revenge71921,bulletpunch83527,revenge71921,False,"['Charizard', 'Sandslash', 'Poliwrath', 'Mr. Mime', 'Blastoise']","['Charizard', 'Aerodactyl', 'Magneton', 'Raticate', 'Poliwhirl', 'Mr. Mime']",31,9,10
gen1nu-2147564251,[Gen 1] NU,2024-06-21 17:39:22,,chikorita31783,crabhammer79731,crabhammer79731,False,"['Moltres', 'Venomoth', 'Charizard', 'Poliwrath', 'Mr. Mime', 'Arcanine']","['Charizard', 'Pinsir', 'Raticate', 'Mr. Mime', 'Venusaur', 'Blastoise']",34,11,7
smogtours-gen1nu-645177,[Gen 1] NU,2022-08-26 18:15:20,,gastrodon26689,mawile36886,gastrodon26689,False,"['Venomoth', 'Charizard', 'Kabutops', 'Poliwhirl', 'Mr. Mime', 'Clefable']","['Charizard', 'Wigglytuff', 'Kabutops', 'Poliwhirl', 'Mr. Mime', 'Clefable']",42,9,10
smogtours-gen1nu-589789,[Gen 1] NU,2021-10-30 19:31:49,,ironhead21066,psn38480,psn38480,False,"['Charizard', 'Magneton', 'Nidoking', 'Poliwhirl', 'Clefable', 'Blastoise']","['Moltres', 'Ninetales', 'Kabutops', 'Blastoise', 'Mr. Mime', 'Gastly']",54,11,12
smogtours-gen1nu-784638,[Gen 1] NU,2024-08-07 19:37:49,,aeroblast8709,ponyta53394,ponyta53394,False,"['Seadra', 'Venomoth', 'Charizard', 'Aerodactyl', 'Raticate', 'Mr. Mime']","['Arcanine', 'Charizard', 'Poliwrath', 'Mr. Mime']",26,10,6
smogtours-gen1nu-596773,[Gen 1] NU,2021-12-10 21:30:36,,meditate33036,spiderweb27115,spiderweb27115,True,"['Venomoth', 'Charizard', 'Rapidash', 'Nidoking', 'Mr. Mime', 'Blastoise']","['Venomoth', 'Charizard', 'Kabutops', 'Mr. Mime', 'Clefable', 'Blastoise']",56,18,25
gen1nu-2050358895,[Gen 1] NU,2024-02-02 21:17:44,1065,frz11563,poisonpowder88566,frz11563,False,"['Venomoth', 'Charizard', 'Magneton', 'Mr. Mime', 'Clefable', 'Blastoise']","['Venomoth', 'Blastoise', 'Mr. Mime', 'Clefable', 'Arcanine', 'Gastly']",33,10,12
gen1nu-2145871182,[Gen 1] NU,2024-06-18 22:44:25,,mismagius33077,flash82357,flash82357,False,"['Seadra', 'Exeggcute', 'Wigglytuff', 'Graveler', 'Mr. Mime', 'Magmar']","['Venomoth', 'Charizard', 'Raticate', 'Aerodactyl']",25,9,3
smogtours-gen1nu-844474,[Gen 1] NU,2025-05-21 19:07:32,,ponyta53394,needlearm59980,ponyta53394,False,"['Seadra', 'Charizard', 'Raticate', 'Poliwrath', 'Mr. Mime', 'Gastly']","['Venomoth', 'Charizard', 'Kabutops', 'Poliwrath', 'Mr. Mime', 'Arcanine']",34,11,11
smogtours-gen1nu-589365,[Gen 1] NU,2021-10-29 19:55:41,,encore90411,taunt17457,taunt17457,True,"['Kingler', 'Charizard', 'Exeggcute', 'Golem', 'Mr. Mime', 'Clefable']","['Pinsir', 'Electrode', 'Kabutops', 'Golem', 'Mr. Mime', 'Blastoise']",30,14,9
smogtours-gen1nu-739094,[Gen 1] NU,2024-01-13 22:04:35,,kangaskhan41867,mudsport71981,mudsport71981,False,"['Moltres', 'Charizard', 'Electrode', 'Raticate', 'Mr. Mime', 'Arcanine']","['Moltres', 'Venomoth', 'Ninetales', 'Mr. Mime', 'Clefable', 'Arcanine']",29,6,7
smogtours-gen1nu-662952,[Gen 1] NU,2022-11-27 18:03:15,,figyberry84605,perish13441,figyberry84605,False,"['Staryu', 'Rapidash', 'Nidoqueen', 'Arcanine', 'Fearow', 'Gastly']","['Vileplume', 'Rapidash', 'Omanyte', 'Nidoqueen', 'Seaking', 'Fearow']",33,9,11
smogtours-gen1nu-776094,[Gen 1] NU,2024-06-22 20:15:35,,quickclaw83695,denpowerghost39436,denpowerghost39436,False,"['Venomoth', 'Charizard', 'Aerodactyl', 'Nidoking', 'Mr. Mime', 'Blastoise']","['Moltres', 'Venomoth', 'Raticate', 'Mr. Mime', 'Fearow', 'Blastoise']",29,9,8
smogtours-gen1nu-749304,[Gen 1] NU,2024-02-24 02:01:55,,articuno75579,recover74685,articuno75579,False,"['Venomoth', 'Charizard', 'Aerodactyl', 'Mr. Mime', 'Blastoise']","['Aerodactyl', 'Raticate', 'Blastoise', 'Mr. Mime', 'Fearow', 'Gastly']",38,12,15
gen1nu-2081908275,[Gen 1] NU,2024-03-15 23:07:24,,poliwrath3176,ponyta53394,ponyta53394,False,"['Golduck', 'Charizard', 'Magneton', 'Nidoking', 'Poliwrath', 'Mr. Mime']","['Venomoth', 'Charizard', 'Exeggcute', 'Kabutops', 'Mr. Mime']",28,11,6
smogtours-gen1nu-839701,[Gen 1] NU,2025-05-04 20:34:27,,frenzyplant87849,ponyta53394,ponyta53394,True,"['Kingler', 'Venomoth', 'Charizard', 'Magneton', 'Nidoking', 'Mr. Mime']","['Charizard', 'Aerodactyl', 'Poliwrath', 'Mr. Mime', 'Arcanine', 'Blastoise']",27,10,11
smogtours-gen1nu-665440,[Gen 1] NU,2022-12-18 20:26:03,,simple96847,toxic24772,simple96847,False,"['Staryu', 'Pinsir', 'Omanyte', 'Nidoqueen', 'Arcanine', 'Slowpoke']","['Flareon', 'Pinsir', 'Nidoqueen', 'Machamp', 'Slowpoke', 'Gastly']",57,8,8
smogtours-gen1nu-782224,[Gen 1] NU,2024-07-25 19:18:21,,ddenpowerdark55312,ponyta53394,ponyta53394,False,"['Venomoth', 'Charizard', 'Raticate', 'Graveler', 'Mr. Mime', 'Gastly']","['Charizard', 'Raticate', 'Poliwrath', 'Mr. Mime', 'Arcanine', 'Gastly']",38,9,10
gen1nu-2063685594,[Gen 1] NU,2024-02-20 16:45:25,1098,diglett37152,venomoth59413,diglett37152,False,"['Charizard', 'Porygon', 'Wigglytuff', 'Poliwhirl', 'Mr. Mime', 'Beedrill']","['Venomoth', 'Charizard', 'Nidoking', 'Wigglytuff', 'Mr. Mime', 'Blastoise']",34,7,11
gen1nu-2060912157,[Gen 1] NU,2024-02-16 18:57:33,1112,mismagius33077,calmmind8048,mismagius33077,False,"['Moltres', 'Golduck', 'Venomoth', 'Aerodactyl', 'Mr. Mime', 'Magmar']","['Golduck', 'Nidoking', 'Wigglytuff', 'Raticate', 'Mr. Mime', 'Victreebel']",54,5,13
gen1nu-2075837530,[Gen 1] NU,2024-03-07 20:21:13,,ponyta53394,quickclaw83695,ponyta53394,True,"['Golduck', 'Venomoth', 'Exeggcute', 'Kabutops', 'Mr. Mime']","['Charizard', 'Aerodactyl', 'Magneton', 'Poliwhirl', 'Venusaur', 'Blastoise']",28,10,12
gen1nu-2275895406,[Gen 1] NU,2025-01-06 08:04:57,,revenge71921,bulletpunch83527,revenge71921,False,"['Kingler', 'Venomoth', 'Charizard', 'Wigglytuff', 'Mr. Mime', 'Blastoise']","['Venomoth', 'Charizard', 'Nidoking', 'Raticate', 'Kabutops', 'Mr. Mime']",27,7,8
smogtours-gen1nu-628434,[Gen 1] NU,2022-05-28 05:10:28,,stick49496,seedot88254,seedot88254,False,"['Voltorb', 'Ivysaur', 'Meowth', 'Tentacool', 'Beedrill', 'Charmeleon']","['Rhyhorn', 'Shellder', 'Ivysaur', 'Tentacool', 'Meowth', 'Charmeleon']",61,17,15
gen1nu-2270156894,[Gen 1] NU,2024-12-27 00:12:20,,punishment38172,hypervoice57011,punishment38172,False,"['Golduck', 'Venomoth', 'Charizard', 'Wigglytuff', 'Mr. Mime', 'Fearow']","['Charizard', 'Nidoking', 'Wigglytuff', 'Poliwrath', 'Mr. Mime', 'Fearow']",30,7,11
gen1nu-2055854462,[Gen 1] NU,2024-02-09 23:39:34,1105,mismagius33077,octazooka54975,octazooka54975,False,"['Moltres', 'Golduck', 'Venomoth', 'Aerodactyl', 'Mr. Mime', 'Magmar']","['Moltres', 'Wigglytuff', 'Mr. Mime', 'Lickitung', 'Venusaur', 'Blastoise']",59,9,15
violetversion-gen1nu-1678,[Gen 1] NU,2016-04-21 23:00:02,,mefirst94337,ddenpowerfire30449,ddenpowerfire30449,False,"['Venomoth', 'Staryu', 'Porygon', 'Nidoking', 'Arcanine', 'Blastoise']","['Venomoth', 'Electrode', 'Weezing', 'Graveler', 'Slowpoke']",27,12,8
gen1nu-2281189618,[Gen 1] NU,2025-01-14 22:07:10,,revenge71921,bulletpunch83527,bulletpunch83527,True,"['Scyther', 'Venomoth', 'Exeggcute', 'Kabutops', 'Mr. Mime', 'Slowpoke']","['Seadra', 'Golduck', 'Charizard', 'Mr. Mime', 'Venusaur']",29,11,11
gen1nu-2275584555,[Gen 1] NU,2025-01-05 19:40:21,,poliwhirl66423,bulletpunch83527,poliwhirl66423,False,"['Golduck', 'Venomoth', 'Aerodactyl', 'Nidoking', 'Mr. Mime', 'Magmar']","['Charizard', 'Aerodactyl', 'Gastly', 'Raticate', 'Mr. Mime', 'Blastoise']",46,12,12
smogtours-gen1nu-789966,[Gen 1] NU,2024-09-08 20:07:02,,recover74685,cascoon94634,recover74685,False,"['Moltres', 'Seadra', 'Venomoth', 'Mr. Mime', 'Blastoise']","['Moltres', 'Charizard', 'Dragonair', 'Raticate', 'Poliwrath', 'Mr. Mime']",24,6,6
smogtours-gen1nu-724709,[Gen 1] NU,2023-10-19 01:10:24,,innerfocus97582,extrasensory76435,innerfocus97582,False,"['Kingler', 'Venomoth', 'Raticate', 'Mr. Mime', 'Clefable', 'Blastoise']","['Venomoth', 'Charizard', 'Wigglytuff', 'Mr. Mime', 'Clefable', 'Blastoise']",28,7,7
smogtours-gen1nu-653340,[Gen 1] NU,2022-10-08 15:50:59,,twineedle48571,gastrodon26689,twineedle48571,False,"['Charizard', 'Poliwhirl', 'Golem', 'Mr. Mime', 'Clefable', 'Blastoise']","['Charizard', 'Nidoking', 'Poliwhirl', 'Mr. Mime', 'Clefable', 'Blastoise']",53,12,16
gen1nu-2212403978,[Gen 1] NU,2024-09-29 21:50:44,,airlock30435,levelball80103,airlock30435,False,"['Charizard', 'Exeggcute', 'Wigglytuff', 'Raticate', 'Mr. Mime', 'Blastoise']","['Golduck', 'Venomoth', 'Charizard', 'Aerodactyl', 'Mr. Mime', 'Fearow']",36,9,10
gen1nu-2069754543,[Gen 1] NU,2024-02-28 19:47:49,,denpowerghost39436,ponyta53394,ponyta53394,False,"['Venomoth', 'Charizard', 'Aerodactyl', 'Magneton', 'Mr. Mime', 'Blastoise']","['Seadra', 'Raticate', 'Poliwhirl', 'Venusaur', 'Mr. Mime', 'Magmar']",39,13,13
gen1nu-2060512247,[Gen 1] NU,2024-02-16 05:57:39,,denpowerghost39436,present11303,denpowerghost39436,False,"['Venomoth', 'Charizard', 'Magneton', 'Raticate', 'Mr. Mime', 'Blastoise']","['Venomoth', 'Charizard', 'Aerodactyl', 'Poliwhirl', 'Mr. Mime', 'Blastoise']",30,7,6
smogtours-gen1nu-647317,[Gen 1] NU,2022-09-10 21:16:33,,deoxysdefense78874,jolteon92120,deoxysdefense78874,False,"['Seadra', 'Venomoth', 'Mr. Mime', 'Clefable', 'Blastoise']","['Venomoth', 'Charizard', 'Kabutops', 'Poliwhirl', 'Mr. Mime', 'Clefable']",25,4,6
smogtours-gen1nu-663937,[Gen 1] NU,2022-12-06 02:15:00,,volbeat92423,mudsport71981,mudsport71981,True,"['Vileplume', 'Rapidash', 'Nidoqueen', 'Omanyte', 'Fearow', 'Abra']","['Staryu', 'Pinsir', 'Omanyte', 'Dragonair', 'Nidoqueen', 'Drowzee']",39,12,13
smogtours-gen1nu-748797,[Gen 1] NU,2024-02-19 21:43:25,,stoneplate55960,rattata90247,rattata90247,False,"['Moltres', 'Venomoth', 'Charizard', 'Aerodactyl', 'Raticate', 'Mr. Mime']","['Seadra', 'Venomoth', 'Charizard', 'Aerodactyl', 'Mr. Mime', 'Fearow']",30,10,12
smogtours-gen1nu-729362,[Gen 1] NU,2023-11-06 23:06:37,,waterfall8105,mudshot45254,waterfall8105,True,"['Moltres', 'Venomoth', 'Sandslash', 'Electrode', 'Mr. Mime', 'Clefable']","['Kingler', 'Electrode', 'Raticate', 'Mr. Mime', 'Clefable', 'Blastoise']",36,12,14
smogtours-gen1nu-666637,[Gen 1] NU,2022-12-30 01:50:53,,mudsport71981,whismur95661,mudsport71981,True,"['Venomoth', 'Charizard', 'Golem', 'Mr. Mime', 'Clefable', 'Blastoise']","['Moltres', 'Charizard', 'Nidoking', 'Mr. Mime', 'Clefable', 'Blastoise']",34,9,11
smogtours-gen1nu-787176,[Gen 1] NU,2024-08-24 22:23:51,,gastrodon26689,psn38480,psn38480,True,"['Staryu', 'Rapidash', 'Nidoqueen', 'Seaking', 'Arcanine']","['Omanyte', 'Nidoqueen', 'Seaking', 'Arcanine', 'Fearow']",28,7,4
gen1nu-2278375307,[Gen 1] NU,2025-01-10 07:49:30,,revenge71921,blizzard53783,revenge71921,True,"['Venomoth', 'Kabutops']","['Venomoth', 'Nidoking', 'Mr. Mime']",8,1,2
smogtours-gen1nu-747085,[Gen 1] NU,2024-02-12 21:53:00,,aurasphere76841,powerherb16934,powerherb16934,False,"['Moltres', 'Venomoth', 'Charizard', 'Raticate', 'Mr. Mime', 'Blastoise']","['Moltres', 'Charizard', 'Raticate', 'Poliwhirl', 'Mr. Mime', 'Fearow']",24,7,6
smogtours-gen1nu-781972,[Gen 1] NU,2024-07-23 02:58:52,,aquaring89206,magnetpull75337,magnetpull75337,False,"['Moltres', 'Kabutops', 'Poliwrath', 'Raticate', 'Mr. Mime', 'Fearow']","['Charizard', 'Exeggcute', 'Raticate', 'Poliwrath', 'Kabutops', 'Mr. Mime']",25,10,8
smogtours-gen1nu-790103,[Gen 1] NU,2024-09-09 14:40:05,,arceusghost51402,poisonpowder88566,poisonpowder88566,True,"['Venomoth', 'Charizard', 'Magneton', 'Raticate', 'Mr. Mime', 'Fearow']","['Raticate', 'Mr. Mime', 'Fearow', 'Kabutops']",20,6,5
gen1nu-2061227940,[Gen 1] NU,2024-02-17 04:12:40,,punishment38172,sunkern50532,sunkern50532,False,"['Moltres', 'Venomoth', 'Aerodactyl', 'Magneton', 'Nidoking', 'Mr. Mime']","['Golduck', 'Venomoth', 'Aerodactyl', 'Nidoking', 'Mr. Mime', 'Magmar']",29,10,8
gen1nu-2278827227,[Gen 1] NU,2025-01-10 23:55:37,,revenge71921,blizzard53783,blizzard53783,False,"['Scyther', 'Venomoth', 'Exeggcute', 'Kabutops', 'Mr. Mime', 'Slowpoke']","['Venomoth', 'Charizard', 'Nidoking', 'Raticate', 'Kabutops', 'Mr. Mime']",31,8,9
gen1nu-2282645978,[Gen 1] NU,2025-01-17 04:19:06,,revenge71921,blizzard53783,revenge71921,True,"['Charizard', 'Exeggcute', 'Wigglytuff', 'Mr. Mime', 'Magmar', 'Blastoise']","['Venomoth', 'Charizard', 'Nidoking', 'Kabutops', 'Raticate', 'Mr. Mime']",31,10,8
gen1nu-2277152916,[Gen 1] NU,2025-01-08 09:58:17,,revenge71921,bulletpunch83527,bulletpunch83527,False,"['Charizard', 'Exeggcute', 'Wigglytuff', 'Mr. Mime', 'Magmar', 'Blastoise']","['Seadra', 'Golduck', 'Charizard', 'Kabutops', 'Mr. Mime', 'Venusaur']",28,8,7
smogtours-gen1nu-838364,[Gen 1] NU,2025-05-02 19:07:06,,powerherb16934,sealeo65825,powerherb16934,False,"['Moltres', 'Seadra', 'Raticate', 'Poliwhirl', 'Fearow']","['Moltres', 'Venomoth', 'Aerodactyl', 'Raticate', 'Kabutops', 'Mr. Mime']",19,4,8
gen1nu-2276342804,[Gen 1] NU,2025-01-07 01:05:14,,revenge71921,bulletpunch83527,revenge71921,True,"['Venomoth', 'Mr. Mime', 'Fearow', 'Abra']","['Venomoth', 'Charizard', 'Raticate', 'Kabutops', 'Mr. Mime']",21,4,7
smogtours-gen1nu-677858,[Gen 1] NU,2023-03-02 09:04:11,,kangaskhan41867,truant84021,truant84021,False,"['Venomoth', 'Charizard', 'Kabutops', 'Mr. Mime', 'Clefable', 'Blastoise']","['Venomoth', 'Charizard', 'Electrode', 'Mr. Mime', 'Clefable', 'Blastoise']",32,7,6
smogtours-gen1nu-663685,[Gen 1] NU,2022-12-04 11:13:15,,meditate33036,powerherb16934,meditate33036,False,"['Venomoth', 'Charizard', 'Kabutops', 'Mr. Mime', 'Clefable', 'Blastoise']","['Venomoth', 'Charizard', 'Golem', 'Mr. Mime', 'Clefable', 'Blastoise']",44,11,11
smogtours-gen1nu-741153,[Gen 1] NU,2024-01-21 21:47:25,,mudsport71981,splash22725,mudsport71981,False,"['Venomoth', 'Wigglytuff', 'Golem', 'Mr. Mime', 'Clefable', 'Blastoise']","['Venomoth', 'Charizard', 'Electrode', 'Mr. Mime', 'Arcanine', 'Blastoise']",35,11,14
smogtours-gen1nu-662382,[Gen 1] NU,2022-11-21 20:51:38,,luckypunch52209,nostatus50058,luckypunch52209,False,"['Staryu', 'Pinsir', 'Dragonair', 'Omanyte', 'Nidoqueen', 'Slowpoke']","['Staryu', 'Rapidash', 'Flareon', 'Sandslash', 'Nidoqueen', 'Drowzee']",30,11,9
gen1nu-2066297191,[Gen 1] NU,2024-02-24 00:20:19,1234,psn38480,mismagius33077,mismagius33077,False,"['Staryu', 'Charizard', 'Aerodactyl', 'Magneton', 'Exeggcute', 'Gastly']","['Moltres', 'Golduck', 'Venomoth', 'Aerodactyl', 'Mr. Mime', 'Magmar']",52,18,19
smogtours-gen1nu-598298,[Gen 1] NU,2021-12-18 21:41:16,,synchronize14428,waterpulse35893,waterpulse35893,False,"['Kingler', 'Venomoth', 'Charizard', 'Golem', 'Mr. Mime', 'Clefable']","['Kingler', 'Venomoth', 'Raticate', 'Poliwhirl', 'Clefable']",30,11,12
gen1nu-2276849247,[Gen 1] NU,2025-01-07 21:12:57,,revenge71921,bulletpunch83527,bulletpunch83527,True,"['Seadra', 'Rapidash', 'Aerodactyl', 'Exeggcute', 'Mr. Mime', 'Muk']","['Venomoth', 'Charizard', 'Nidoking', 'Raticate', 'Kabutops', 'Mr. Mime']",52,11,12
smogtours-gen1nu-777460,[Gen 1] NU,2024-06-30 04:23:40,,aerodactyl86215,needlearm59980,needlearm59980,False,"['Golduck', 'Venomoth', 'Charizard', 'Aerodactyl', 'Raticate', 'Mr. Mime']","['Moltres', 'Kabutops', 'Poliwrath', 'Mr. Mime', 'Arcanine', 'Venusaur']",34,8,9
gen1nu-2275819429,[Gen 1] NU,2025-01-06 04:03:38,,revenge71921,bulletpunch83527,bulletpunch83527,True,"['Kingler', 'Venomoth', 'Charizard', 'Wigglytuff', 'Mr. Mime', 'Blastoise']","['Venomoth', 'Charizard', 'Raticate', 'Kabutops', 'Mr. Mime']",28,8,9
gen1nu-2287092378,[Gen 1] NU,2025-01-24 03:39:35,,recover74685,fling78647,recover74685,False,"['Charizard', 'Magneton', 'Graveler', 'Poliwrath', 'Mr. Mime', 'Fearow']","['Moltres', 'Venomoth', 'Charizard', 'Mr. Mime', 'Fearow', 'Blastoise']",28,9,7
smogtours-gen1nu-819704,[Gen 1] NU,2025-02-14 01:09:01,,recover74685,magmortar19991,magmortar19991,False,"['Moltres', 'Seadra', 'Charizard', 'Magneton', 'Poliwrath', 'Mr. Mime']","['Moltres', 'Charizard', 'Aerodactyl', 'Exeggcute', 'Fearow', 'Blastoise']",58,16,10
gen1nu-2061626584,[Gen 1] NU,2024-02-17 19:52:33,1017,diglett37152,nidoking16580,diglett37152,True,"['Mr. Mime', 'Charizard', 'Poliwhirl']","['Kingler', 'Venomoth', 'Charizard', 'Poliwrath', 'Mr. Mime']",13,3,4
smogtours-gen1nu-774812,[Gen 1] NU,2024-06-16 01:11:30,,static36182,poisonpowder88566,static36182,False,"['Venomoth', 'Charizard', 'Aerodactyl', 'Magneton', 'Mr. Mime', 'Blastoise']","['Magneton', 'Raticate', 'Poliwrath', 'Arcanine', 'Fearow', 'Gastly']",30,9,10
smogtours-gen1nu-779195,[Gen 1] NU,2024-07-08 12:04:28,,powerlens28906,frenzyplant87849,powerlens28906,False,"['Moltres', 'Venomoth', 'Charizard', 'Poliwrath', 'Mr. Mime', 'Arcanine']","['Venomoth', 'Charizard', 'Aerodactyl', 'Magneton', 'Mr. Mime', 'Blastoise']",41,9,8
gen1nu-2054825512,[Gen 1] NU,2024-02-08 17:50:38,1071,silverwind42631,bide81826,bide81826,False,"['Venomoth', 'Charizard', 'Nidoking', 'Wigglytuff', 'Raticate', 'Venusaur']","['Golduck', 'Venomoth', 'Magmar']",18,9,2
smogtours-gen1nu-777635,[Gen 1] NU,2024-06-30 17:31:16,,waterfall8105,aeroblast8709,aeroblast8709,True,"['Venomoth', 'Aerodactyl', 'Magneton', 'Raticate', 'Mr. Mime', 'Blastoise']","['Seadra', 'Aerodactyl', 'Magneton', 'Raticate', 'Mr. Mime']",31,13,8
gen1nu-2060408477,[Gen 1] NU,2024-02-16 02:15:35,,punishment38172,rollout94469,rollout94469,False,"['Moltres', 'Venomoth', 'Aerodactyl', 'Magneton', 'Nidoking', 'Mr. Mime']","['Venomoth', 'Charizard', 'Flareon', 'Wigglytuff', 'Mr. Mime', 'Blastoise']",26,9,7
gen1nu-2127114400,[Gen 1] NU,2024-05-21 00:21:56,,mismagius33077,quickclaw43652,quickclaw43652,False,"['Moltres', 'Golduck', 'Venomoth', 'Aerodactyl', 'Mr. Mime', 'Magmar']","['Moltres', 'Raticate', 'Kabutops', 'Poliwrath', 'Mr. Mime', 'Fearow']",47,7,9
gen1nu-2058541693,[Gen 1] NU,2024-02-13 18:13:20,1154,poisonpowder88566,denpowerghost39436,poisonpowder88566,False,"['Magneton', 'Charizard', 'Fearow', 'Poliwhirl']","['Venomoth', 'Charizard', 'Magneton', 'Raticate', 'Mr. Mime', 'Blastoise']",28,4,11
smogtours-gen1nu-840278,[Gen 1] NU,2025-05-07 21:00:27,,micleberry24246,stoneplate55960,stoneplate55960,False,"['Seadra', 'Moltres', 'Venomoth', 'Charizard', 'Mr. Mime', 'Fearow']","['Venomoth', 'Charizard', 'Magneton', 'Kabutops', 'Poliwrath', 'Mr. Mime']",38,11,11
smogtours-gen1nu-812478,[Gen 1] NU,2025-01-03 19:15:54,,ponyta53394,ddenpowerdark55312,ponyta53394,False,"['Seadra', 'Aerodactyl', 'Magneton', 'Poliwrath', 'Mr. Mime']","['Moltres', 'Raticate', 'Poliwhirl', 'Poliwrath', 'Mr. Mime']",32,9,9
smogtours-gen1nu-802208,[Gen 1] NU,2024-10-26 18:31:37,,ponyta53394,stoneplate55960,stoneplate55960,False,"['Charizard', 'Wigglytuff', 'Kabutops', 'Poliwrath', 'Mr. Mime', 'Fearow']","['Venomoth', 'Charizard', 'Magneton', 'Poliwrath', 'Mr. Mime', 'Fearow']",44,18,15
smogtours-gen1nu-792023,[Gen 1] NU,2024-09-22 14:27:57,,powerherb16934,cascoon94634,powerherb16934,False,"['Moltres', 'Venomoth', 'Charizard', 'Aerodactyl', 'Raticate', 'Fearow']","['Moltres', 'Venomoth', 'Charizard', 'Poliwrath', 'Mr. Mime', 'Blastoise']",30,8,10
smogtours-gen1nu-796036,[Gen 1] NU,2024-10-06 22:00:57,,mudsport71981,barrage50572,mudsport71981,False,"['Venomoth', 'Charizard', 'Magneton', 'Raticate', 'Poliwrath', 'Mr. Mime']","['Moltres', 'Seadra', 'Venomoth', 'Charizard', 'Mr. Mime', 'Blastoise']",35,8,8
gen1nu-2152440063,[Gen 1] NU,2024-06-30 01:22:32,,psn38480,focusblast21876,psn38480,False,"['Charizard', 'Raticate', 'Arcanine', 'Venusaur', 'Blastoise']","['Venomoth', 'Magneton', 'Kabutops', 'Raticate', 'Mr. Mime', 'Blastoise']",30,10,11
gen1nu-2054255141,[Gen 1] NU,2024-02-07 23:29:29,1071,frz11563,nomelberry19418,frz11563,True,"['Golduck', 'Mr. Mime', 'Charizard', 'Porygon']","['Blastoise', 'Mr. Mime', 'Nidoking', 'Poliwrath']",23,3,3
smogtours-gen1nu-663329,[Gen 1] NU,2022-12-01 12:25:55,,wish73460,magnetpull75337,wish73460,False,"['Rapidash', 'Pinsir', 'Dragonair', 'Nidoqueen', 'Seaking']","['Staryu', 'Rapidash', 'Omanyte', 'Graveler', 'Nidoqueen', 'Drowzee']",39,10,14
gen1nu-2274590948,[Gen 1] NU,2025-01-04 00:24:12,,poliwhirl66423,bulletpunch83527,bulletpunch83527,True,"['Rapidash', 'Aerodactyl', 'Poliwrath', 'Mr. Mime', 'Venusaur']","['Charizard', 'Blastoise']",15,7,3
smogtours-gen1nu-710386,[Gen 1] NU,2023-08-17 19:44:37,,habanberry18693,stench25210,stench25210,False,"['Venomoth', 'Charizard', 'Nidoking', 'Mr. Mime', 'Clefable', 'Blastoise']","['Charizard', 'Raticate', 'Mr. Mime', 'Clefable', 'Fearow', 'Blastoise']",36,12,11
gen1nu-2058042073,[Gen 1] NU,2024-02-13 01:43:17,,powerlens10976,omastar20158,powerlens10976,False,"['Moltres', 'Golduck', 'Nidoking', 'Raticate', 'Mr. Mime', 'Victreebel']","['Golduck', 'Venomoth', 'Porygon', 'Flareon', 'Wigglytuff', 'Mr. Mime']",34,10,8
smogtours-gen1nu-781482,[Gen 1] NU,2024-07-21 03:09:27,,quickclaw83695,ddenpowerdark55312,ddenpowerdark55312,False,"['Golduck', 'Charizard', 'Aerodactyl', 'Nidoking', 'Mr. Mime', 'Blastoise']","['Venomoth', 'Charizard', 'Kabutops', 'Raticate', 'Poliwhirl', 'Mr. Mime']",30,9,9
gen1nu-2065271882,[Gen 1] NU,2024-02-22 17:36:19,1074,damprock17378,dive84452,damprock17378,False,"['Venomoth', 'Charizard', 'Nidoking', 'Raticate', 'Mr. Mime', 'Blastoise']","['Venomoth', 'Aerodactyl', 'Magneton', 'Nidoking', 'Mr. Mime', 'Blastoise']",40,10,13
smogtours-gen1nu-634245,[Gen 1] NU,2022-06-24 02:26:34,,volbeat11507,honeygather86735,honeygather86735,False,"['Rhyhorn', 'Shellder', 'Ivysaur', 'Meowth', 'Tentacool', 'Charmeleon']","['Voltorb', 'Rhyhorn', 'Ivysaur', 'Meowth', 'Tentacool', 'Charmeleon']",28,11,13
gen1nu-2264412779,[Gen 1] NU,2024-12-17 01:56:28,,punishment38172,doduo62045,doduo62045,False,"['Porygon', 'Rapidash', 'Wigglytuff', 'Dragonair', 'Arbok', 'Mr. Mime']","['Seadra', 'Venomoth', 'Charizard', 'Raticate', 'Mr. Mime', 'Blastoise']",65,12,29
smogtours-gen1nu-587265,[Gen 1] NU,2021-10-17 13:09:22,,encore90411,judgment42249,encore90411,False,"['Charizard', 'Exeggcute', 'Nidoking', 'Kabutops', 'Mr. Mime', 'Clefable']","['Venomoth', 'Charizard', 'Golem', 'Mr. Mime', 'Clefable', 'Blastoise']",43,13,12
gen1nu-2275810988,[Gen 1] NU,2025-01-06 03:40:51,,revenge71921,bulletpunch83527,bulletpunch83527,False,"['Kingler', 'Seadra', 'Charizard', 'Exeggcute', 'Mr. Mime', 'Fearow']","['Venomoth', 'Charizard', 'Raticate', 'Kabutops', 'Mr. Mime']",30,9,6
gen1nu-2271836550,[Gen 1] NU,2024-12-30 02:57:46,,revenge71921,bulletpunch83527,revenge71921,False,"['Seadra', 'Exeggcute', 'Wigglytuff', 'Raticate', 'Mr. Mime', 'Magmar']","['Venomoth', 'Charizard', 'Nidoking', 'Raticate', 'Kabutops', 'Mr. Mime']",33,9,11
gen1nu-2144707409,[Gen 1] NU,2024-06-17 02:34:22,,mismagius33077,kangaskhan44566,mismagius33077,True,"['Nidoking', 'Magmar', 'Wigglytuff']","['Charizard', 'Magneton', 'Exeggcute', 'Raticate', 'Mr. Mime', 'Primeape']",19,2,7
smogtours-gen1nu-664014,[Gen 1] NU,2022-12-07 20:24:24,,hustle11937,simple96847,hustle11937,False,"['Staryu', 'Rapidash', 'Drowzee', 'Arcanine', 'Fearow']","['Staryu', 'Rapidash', 'Vileplume', 'Dragonair', 'Graveler', 'Nidoqueen']",44,8,10
smogtours-gen1nu-786655,[Gen 1] NU,2024-08-20 19:06:12,,wurmple19843,ponyta53394,wurmple19843,True,"['Mr. Mime', 'Nidoking', 'Poliwrath']","['Venomoth', 'Charizard', 'Blastoise', 'Mr. Mime']",11,2,6
smogtours-gen1nu-781442,[Gen 1] NU,2024-07-20 23:54:52,,aquaring89206,static36182,aquaring89206,False,"['Seadra', 'Charizard', 'Kabutops', 'Poliwrath', 'Mr. Mime', 'Venusaur']","['Moltres', 'Venomoth', 'Aerodactyl', 'Kabutops', 'Raticate', 'Mr. Mime']",33,12,14
smogtours-gen1nu-663954,[Gen 1] NU,2022-12-06 20:23:05,,perish13441,ponyta53394,perish13441,False,"['Vileplume', 'Rapidash', 'Omanyte', 'Nidoqueen', 'Seaking', 'Fearow']","['Rapidash', 'Poliwag', 'Sandslash', 'Dragonair', 'Nidoqueen', 'Omanyte']",33,5,7
smogtours-gen1nu-842406,[Gen 1] NU,2025-05-13 23:10:36,,wingattack30461,psncureberry16761,psncureberry16761,False,"['Venomoth', 'Charizard', 'Sandslash', 'Mr. Mime', 'Fearow', 'Blastoise']","['Venomoth', 'Charizard', 'Sandslash', 'Poliwrath', 'Mr. Mime', 'Blastoise']",40,11,10
gen1nu-2054714480,[Gen 1] NU,2024-02-08 15:27:01,1088,calmmind8048,bide81826,bide81826,False,"['Golduck', 'Nidoking', 'Wigglytuff', 'Raticate', 'Mr. Mime', 'Venusaur']","['Venomoth', 'Aerodactyl', 'Nidoking', 'Mr. Mime', 'Magmar']",26,9,7
gen1nu-2275805795,[Gen 1] NU,2025-01-06 03:28:33,,revenge71921,bulletpunch83527,bulletpunch83527,True,"['Venomoth', 'Charizard', 'Magneton', 'Kabutops', 'Machamp', 'Mr. Mime']","['Venomoth', 'Charizard', 'Nidoking', 'Kabutops', 'Raticate', 'Mr. Mime']",29,8,7
gen1nu-2070814729,[Gen 1] NU,2024-03-01 03:36:52,,punishment38172,revenge71921,punishment38172,False,"['Moltres', 'Golduck', 'Venomoth', 'Aerodactyl', 'Kabutops', 'Mr. Mime']","['Charizard', 'Porygon', 'Wigglytuff', 'Poliwhirl', 'Mr. Mime', 'Beedrill']",43,7,15
gen1nu-2366229576,[Gen 1] NU,2025-05-17 22:58:46,,noitem11262,mismagius33077,mismagius33077,False,"['Moltres', 'Venomoth', 'Charizard', 'Raticate', 'Kabutops', 'Mr. Mime']","['Seadra', 'Venomoth', 'Raticate', 'Mr. Mime', 'Fearow']",27,6,4
smogtours-gen1nu-740100,[Gen 1] NU,2024-01-20 02:10:47,,recover74685,aquaring89206,recover74685,False,"['Venomoth', 'Charizard', 'Raticate', 'Mr. Mime', 'Clefable', 'Arcanine']","['Moltres', 'Venomoth', 'Electrode', 'Raticate', 'Mr. Mime', 'Clefable']",43,9,11
smogtours-gen1nu-844562,[Gen 1] NU,2025-05-22 02:11:31,,poisonpowder88566,silcoon20595,silcoon20595,False,"['Porygon', 'Magneton', 'Exeggcute', 'Mr. Mime', 'Fearow', 'Blastoise']","['Charizard', 'Magneton', 'Raticate', 'Mr. Mime', 'Blastoise']",28,7,7
gen1nu-2204601740,[Gen 1] NU,2024-09-18 20:54:42,,poisonpowder88566,stoneplate55960,poisonpowder88566,False,"['Moltres', 'Seadra', 'Venomoth', 'Aerodactyl', 'Magneton', 'Kabutops']","['Venomoth', 'Charizard', 'Aerodactyl', 'Magneton', 'Mr. Mime', 'Blastoise']",49,13,17
smogtours-gen1nu-774594,[Gen 1] NU,2024-06-15 15:41:36,,toxic43930,aerodactyl86215,aerodactyl86215,False,"['Moltres', 'Golduck', 'Venomoth', 'Aerodactyl', 'Raticate', 'Mr. Mime']","['Golduck', 'Venomoth', 'Charizard', 'Aerodactyl', 'Mr. Mime']",30,9,6
smogtours-gen1nu-726675,[Gen 1] NU,2023-10-26 21:41:11,,waterpulse35893,jolteon92120,jolteon92120,False,"['Moltres', 'Venomoth', 'Charizard', 'Mr. Mime', 'Clefable', 'Blastoise']","['Seadra', 'Venomoth', 'Charizard', 'Mr. Mime', 'Clefable', 'Blastoise']",49,18,19
gen1nu-2270893194,[Gen 1] NU,2024-12-28 09:36:10,,heatran58448,gible45423,gible45423,False,"['Kingler', 'Golduck', 'Venomoth', 'Aerodactyl', 'Raticate', 'Mr. Mime']","['Moltres', 'Golduck', 'Venomoth', 'Mr. Mime', 'Magmar', 'Blastoise']",47,12,10
smogtours-gen1nu-729357,[Gen 1] NU,2023-11-06 22:42:46,,waterfall8105,tailwhip2839,tailwhip2839,False,"['Moltres', 'Charizard', 'Mr. Mime', 'Clefable', 'Arcanine', 'Fearow']","['Venomoth', 'Charizard', 'Nidoking', 'Mr. Mime', 'Clefable', 'Blastoise']",34,9,7
smogtours-gen1nu-662003,[Gen 1] NU,2022-11-19 18:18:12,,manaphy22907,meditate33036,manaphy22907,True,"['Venomoth', 'Charizard', 'Golem', 'Mr. Mime', 'Clefable', 'Blastoise']","['Venomoth', 'Charizard', 'Electrode', 'Kabutops', 'Mr. Mime', 'Clefable']",46,14,15
smogtours-gen1nu-742679,[Gen 1] NU,2024-01-28 12:51:51,,recover74685,absol86495,recover74685,False,"['Venomoth', 'Charizard', 'Electrode', 'Mr. Mime', 'Clefable', 'Blastoise']","['Charizard', 'Exeggcute', 'Kabutops', 'Mr. Mime', 'Clefable', 'Blastoise']",46,12,15
smogtours-gen1nu-800321,[Gen 1] NU,2024-10-20 11:20:19,,stoneplate55960,sacredfire89193,sacredfire89193,False,"['Seadra', 'Venomoth', 'Charizard', 'Kabutops', 'Mr. Mime', 'Arcanine']","['Moltres', 'Venomoth', 'Charizard', 'Mr. Mime', 'Fearow', 'Blastoise']",43,16,17
smogtours-gen1nu-784831,[Gen 1] NU,2024-08-09 16:38:46,,aurasphere76841,poisonpowder88566,poisonpowder88566,False,"['Charizard', 'Aerodactyl', 'Nidoking', 'Raticate', 'Poliwrath', 'Mr. Mime']","['Seadra', 'Moltres', 'Charizard', 'Poliwrath', 'Mr. Mime', 'Arcanine']",38,14,9
gen1nu-2282720703,[Gen 1] NU,2025-01-17 08:11:43,,revenge71921,blizzard53783,blizzard53783,True,"['Venomoth', 'Charizard', 'Poliwrath', 'Mr. Mime', 'Arcanine']","['Venomoth', 'Charizard', 'Nidoking', 'Raticate', 'Kabutops', 'Mr. Mime']",28,9,8
smogtours-gen1nu-781642,[Gen 1] NU,2024-07-21 17:12:42,,steel89481,mudsport71981,mudsport71981,False,"['Venomoth', 'Aerodactyl', 'Nidoking', 'Raticate', 'Mr. Mime', 'Blastoise']","['Moltres', 'Seadra', 'Venomoth', 'Charizard', 'Raticate', 'Mr. Mime']",30,12,10
smogtours-gen1nu-706175,[Gen 1] NU,2023-07-28 22:31:28,,jolteon92120,unknownability847,jolteon92120,False,"['Venomoth', 'Charizard', 'Nidoking', 'Mr. Mime', 'Clefable', 'Blastoise']","['Venomoth', 'Charizard', 'Nidoking', 'Mr. Mime', 'Clefable', 'Blastoise']",23,5,9
gen1nu-2063826649,[Gen 1] NU,2024-02-20 20:02:34,1000,magnet51073,mismagius33077,mismagius33077,False,"['Kingler', 'Moltres', 'Exeggcute', 'Nidoking', 'Dragonair', 'Mr. Mime']","['Moltres', 'Golduck', 'Venomoth', 'Aerodactyl', 'Mr. Mime', 'Magmar']",35,7,6
gen1nu-2213142692,[Gen 1] NU,2024-09-30 22:25:47,,mismagius33077,denpowerghost39436,denpowerghost39436,False,"['Seadra', 'Moltres', 'Exeggcute', 'Wigglytuff', 'Raticate', 'Mr. Mime']","['Venomoth', 'Charizard', 'Magneton', 'Raticate', 'Mr. Mime', 'Fearow']",39,8,7
gen1nu-2069748414,[Gen 1] NU,2024-02-28 19:38:08,,denpowerghost39436,ponyta53394,ponyta53394,False,"['Charizard', 'Aerodactyl', 'Magneton', 'Raticate', 'Poliwhirl', 'Mr. Mime']","['Golduck', 'Venomoth', 'Charizard', 'Exeggcute', 'Kabutops', 'Mr. Mime']",37,10,8
smogtours-gen1nu-661582,[Gen 1] NU,2022-11-15 14:33:30,,powerherb16934,golbat83721,powerherb16934,False,"['Onix', 'Nidoqueen', 'Seaking', 'Arcanine', 'Primeape', 'Abra']","['Vileplume', 'Rapidash', 'Omanyte', 'Graveler', 'Nidoqueen', 'Fearow']",31,10,11
gen1nu-2050960409,[Gen 1] NU,2024-02-03 19:08:20,1038,rhydon25287,powerfighting24473,powerfighting24473,True,"['Charizard', 'Golem', 'Mr. Mime', 'Clefable', 'Blastoise']","['Venomoth', 'Charizard', 'Golem', 'Mr. Mime', 'Clefable']",17,5,4
smogtours-gen1nu-748881,[Gen 1] NU,2024-02-20 20:42:50,,aurasphere76841,snubbull75943,aurasphere76841,False,"['Moltres', 'Venomoth', 'Charizard', 'Mr. Mime', 'Blastoise']","['Charizard', 'Aerodactyl', 'Raticate', 'Mr. Mime', 'Venusaur', 'Blastoise']",46,9,10
gen1nu-2272381375,[Gen 1] NU,2024-12-31 02:01:03,,revenge71921,bulletpunch83527,revenge71921,False,"['Kingler', 'Seadra', 'Charizard', 'Exeggcute', 'Mr. Mime', 'Fearow']","['Venomoth', 'Charizard', 'Nidoking', 'Raticate', 'Kabutops', 'Mr. Mime']",28,11,8
smogtours-gen1nu-662927,[Gen 1] NU,2022-11-27 16:56:05,,dodrio99835,dark7204,dodrio99835,False,"['Staryu', 'Rapidash', 'Sandslash', 'Nidoqueen', 'Drowzee', 'Arcanine']","['Rapidash', 'Nidoqueen', 'Seaking', 'Drowzee', 'Arcanine', 'Primeape']",34,9,8
gen1nu-2139146202,[Gen 1] NU,2024-06-08 03:31:41,,mismagius33077,kangaskhan44566,kangaskhan44566,False,"['Seadra', 'Aerodactyl', 'Exeggcute', 'Wigglytuff', 'Mr. Mime', 'Magmar']","['Seadra', 'Charizard', 'Magneton', 'Mr. Mime', 'Venusaur', 'Fearow']",35,9,7
smogtours-gen1nu-743035,[Gen 1] NU,2024-01-28 20:23:59,,golduck35019,splash22725,splash22725,False,"['Venomoth', 'Electrode', 'Raticate', 'Golem', 'Mr. Mime', 'Blastoise']","['Venomoth', 'Electrode', 'Raticate', 'Mr. Mime', 'Fearow']",28,9,5
gen1nu-2060902418,[Gen 1] NU,2024-02-16 19:16:05,1000,normal74764,mismagius33077,mismagius33077,False,"['Nidoking', 'Poliwhirl', 'Mr. Mime', 'Venusaur', 'Fearow', 'Blastoise']","['Moltres', 'Golduck', 'Venomoth', 'Aerodactyl', 'Mr. Mime', 'Magmar']",52,6,6
smogtours-gen1nu-703093,[Gen 1] NU,2023-07-14 23:08:41,,whiscash71874,salacberry97966,salacberry97966,False,"['Charizard', 'Exeggcute', 'Nidoking', 'Mr. Mime', 'Clefable', 'Blastoise']","['Venomoth', 'Charizard', 'Wigglytuff', 'Mr. Mime', 'Clefable', 'Blastoise']",32,8,5
gen1nu-2276331523,[Gen 1] NU,2025-01-07 00:39:45,,revenge71921,bulletpunch83527,revenge71921,False,"['Venomoth', 'Charizard', 'Mr. Mime', 'Blastoise', 'Abra']","['Moltres', 'Venomoth', 'Aerodactyl', 'Raticate', 'Poliwrath', 'Mr. Mime']",31,5,9
smogtours-gen1nu-779290,[Gen 1] NU,2024-07-09 02:19:10,,ddenpowerdark55312,denpowerghost39436,denpowerghost39436,False,"['Moltres', 'Venomoth', 'Charizard', 'Aerodactyl', 'Raticate', 'Mr. Mime']","['Venomoth', 'Charizard', 'Aerodactyl', 'Magneton', 'Mr. Mime', 'Blastoise']",30,6,8
gen1nu-2279986357,[Gen 1] NU,2025-01-13 01:33:27,,revenge71921,blizzard53783,revenge71921,False,"['Seadra', 'Venomoth', 'Charizard', 'Raticate', 'Muk']","['Venomoth', 'Charizard', 'Nidoking', 'Raticate', 'Kabutops', 'Mr. Mime']",22,5,7
smogtours-gen1nu-811045,[Gen 1] NU,2024-12-20 21:17:02,,fissure61188,aquaring89206,aquaring89206,True,"['Seadra', 'Venomoth', 'Magneton', 'Mr. Mime', 'Blastoise']","['Aerodactyl', 'Mr. Mime', 'Arcanine', 'Fearow', 'Blastoise']",19,6,7
smogtours-gen1nu-641885,[Gen 1] NU,2022-08-05 17:16:18,,encore90411,manaphy22907,encore90411,False,"['Moltres', 'Charizard', 'Kabutops', 'Poliwhirl', 'Mr. Mime', 'Clefable']","['Ninetales', 'Charizard', 'Poliwhirl', 'Mr. Mime', 'Clefable', 'Blastoise']",36,8,8
smogtours-gen1nu-840627,[Gen 1] NU,2025-05-09 20:24:51,,magnetbomb36798,gastly57717,magnetbomb36798,False,"['Charizard', 'Magneton', 'Raticate', 'Poliwrath', 'Mr. Mime', 'Blastoise']","['Seadra', 'Venomoth', 'Charizard', 'Nidoking', 'Mr. Mime', 'Blastoise']",43,11,11
smogtours-gen1nu-788833,[Gen 1] NU,2024-09-02 20:34:01,,milkdrink75134,mudsport71981,milkdrink75134,False,"['Moltres', 'Venomoth', 'Charizard', 'Mr. Mime', 'Fearow']","['Venomoth', 'Charizard', 'Magneton', 'Raticate', 'Poliwrath', 'Mr. Mime']",31,9,11
smogtours-gen1nu-779216,[Gen 1] NU,2024-07-08 15:02:10,,perishsong83468,powerlens28906,perishsong83468,False,"['Venomoth', 'Charizard', 'Aerodactyl', 'Mr. Mime', 'Blastoise']","['Moltres', 'Venomoth', 'Aerodactyl', 'Raticate', 'Mr. Mime', 'Blastoise']",26,5,9
smogtours-gen1nu-844523,[Gen 1] NU,2025-05-21 22:21:50,,seviper63072,denpowerghost39436,denpowerghost39436,False,"['Moltres', 'Charizard', 'Magneton', 'Graveler', 'Poliwrath', 'Mr. Mime']","['Moltres', 'Venomoth', 'Magneton', 'Poliwhirl', 'Mr. Mime', 'Blastoise']",48,13,11
gen1nu-2362569264,[Gen 1] NU,2025-05-12 20:11:08,,acid56076,weepinbell75190,weepinbell75190,False,"['Seadra', 'Moltres', 'Magneton', 'Poliwrath', 'Mr. Mime', 'Fearow']","['Venomoth', 'Charizard', 'Poliwrath', 'Graveler', 'Mr. Mime', 'Fearow']",36,10,11
smogtours-gen1nu-774224,[Gen 1] NU,2024-06-13 23:37:20,,naturalgift85801,psn72345,naturalgift85801,True,"['Seadra', 'Charizard', 'Kabutops', 'Mr. Mime', 'Venusaur']","['Venomoth', 'Charizard', 'Aerodactyl', 'Raticate', 'Mr. Mime', 'Blastoise']",27,7,8
smogtours-gen1nu-647314,[Gen 1] NU,2022-09-10 21:09:28,,jolteon92120,deoxysdefense78874,jolteon92120,True,"['Mr. Mime', 'Poliwhirl', 'Clefable']","['Nidoking', 'Kabutops', 'Poliwhirl', 'Mr. Mime', 'Clefable', 'Blastoise']",20,3,8
gen1nu-2060450972,[Gen 1] NU,2024-02-16 03:37:34,,punishment38172,rollout94469,rollout94469,False,"['Golduck', 'Venomoth', 'Charizard', 'Porygon', 'Nidoking', 'Mr. Mime']","['Golduck', 'Charizard', 'Wigglytuff', 'Mr. Mime', 'Victreebel']",35,12,7
smogtours-gen1nu-824431,[Gen 1] NU,2025-03-11 01:04:24,,needlearm59980,poisonpowder88566,needlearm59980,False,"['Venomoth', 'Charizard', 'Exeggcute', 'Kabutops', 'Mr. Mime', 'Blastoise']","['Golduck', 'Venomoth', 'Charizard', 'Porygon', 'Kabutops', 'Mr. Mime']",44,11,16
smogtours-gen1nu-591405,[Gen 1] NU,2021-11-06 17:54:26,,encore90411,psn38480,encore90411,False,"['Charizard', 'Nidoking', 'Kabutops', 'Poliwhirl', 'Mr. Mime', 'Clefable']","['Charizard', 'Exeggcute', 'Kabutops', 'Mr. Mime', 'Primeape', 'Blastoise']",35,9,11
gen1nu-2279988096,[Gen 1] NU,2025-01-13 01:38:16,,revenge71921,blizzard53783,blizzard53783,False,"['Seadra', 'Venomoth', 'Charizard', 'Raticate', 'Mr. Mime', 'Muk']","['Venomoth', 'Charizard', 'Raticate', 'Kabutops', 'Mr. Mime']",22,5,8
smogtours-gen1nu-675645,[Gen 1] NU,2023-02-18 20:26:04,,kangaskhan41867,mudsport71981,kangaskhan41867,False,"['Venomoth', 'Charizard', 'Exeggcute', 'Mr. Mime', 'Clefable', 'Blastoise']","['Venomoth', 'Charizard', 'Electrode', 'Mr. Mime', 'Clefable', 'Blastoise']",36,14,16
gen1nu-2139642722,[Gen 1] NU,2024-06-09 00:00:55,,magnitude9077,bide81826,bide81826,False,"['Moltres', 'Venomoth', 'Charizard', 'Poliwrath', 'Mr. Mime', 'Arcanine']","['Charizard', 'Flareon', 'Exeggcute', 'Wigglytuff', 'Poliwrath', 'Mr. Mime']",30,12,8
smogtours-gen1nu-815674,[Gen 1] NU,2025-01-24 16:01:18,,ddenpowerdark55312,bide85657,ddenpowerdark55312,False,"['Golduck', 'Charizard', 'Exeggcute', 'Raticate', 'Mr. Mime', 'Fearow']","['Seadra', 'Charizard', 'Kabutops', 'Mr. Mime', 'Arcanine', 'Gastly']",38,11,14
gen1nu-2140928181,[Gen 1] NU,2024-06-11 01:22:05,,heatwave7639,rollout94469,rollout94469,False,"['Moltres', 'Venomoth', 'Aerodactyl', 'Raticate', 'Kabutops', 'Mr. Mime']","['Charizard', 'Exeggcute', 'Wigglytuff', 'Poliwrath', 'Mr. Mime']",25,8,5
gen1nu-2054241885,[Gen 1] NU,2024-02-07 23:11:37,1153,frz11563,poisonpowder88566,frz11563,False,"['Golduck', 'Charizard', 'Porygon', 'Wigglytuff', 'Mr. Mime', 'Victreebel']","['Venomoth', 'Charizard', 'Aerodactyl', 'Magneton', 'Poliwhirl', 'Mr. Mime']",41,11,10
smogtours-gen1nu-662007,[Gen 1] NU,2022-11-19 18:23:31,,poliwrath3176,oblivious21505,oblivious21505,False,"['Vileplume', 'Rapidash', 'Nidoqueen', 'Omanyte', 'Seaking', 'Fearow']","['Staryu', 'Rapidash', 'Vileplume', 'Omanyte', 'Nidoqueen', 'Magmar']",45,21,21
smogtours-gen1nu-729366,[Gen 1] NU,2023-11-06 23:20:46,,skillswap67988,endeavor40229,skillswap67988,False,"['Seadra', 'Moltres', 'Charizard', 'Exeggcute', 'Mr. Mime', 'Clefable']","['Ninetales', 'Charizard', 'Mr. Mime', 'Clefable', 'Arcanine', 'Fearow']",39,8,7
smogtours-gen1nu-648165,[Gen 1] NU,2022-09-16 00:01:43,,quagsire52408,gastrodon26689,quagsire52408,True,"['Blastoise', 'Mr. Mime', 'Poliwhirl', 'Clefable']","['Charizard', 'Nidoking', 'Poliwhirl', 'Mr. Mime', 'Clefable', 'Blastoise']",21,4,6
smogtours-gen1nu-806816,[Gen 1] NU,2024-11-17 19:18:26,,stoneplate55960,ponyta53394,ponyta53394,False,"['Seadra', 'Charizard', 'Kabutops', 'Mr. Mime', 'Venusaur', 'Fearow']","['Seadra', 'Venomoth', 'Charizard', 'Mr. Mime', 'Fearow', 'Blastoise']",30,11,10
gen1nu-2275666214,[Gen 1] NU,2025-01-05 22:24:57,,revenge71921,bulletpunch83527,bulletpunch83527,False,"['Charizard', 'Exeggcute', 'Wigglytuff', 'Poliwrath', 'Mr. Mime', 'Golbat']","['Venomoth', 'Charizard', 'Aerodactyl', 'Magneton', 'Mr. Mime', 'Blastoise']",29,6,6
gen1nu-2274570801,[Gen 1] NU,2025-01-03 23:46:24,,poliwhirl66423,bulletpunch83527,bulletpunch83527,True,"['Rapidash', 'Aerodactyl', 'Wigglytuff', 'Poliwrath', 'Mr. Mime', 'Venusaur']","['Venomoth', 'Charizard', 'Nidoking', 'Raticate', 'Kabutops', 'Mr. Mime']",40,12,12
gen1nu-2281174353,[Gen 1] NU,2025-01-14 21:40:58,,trumpcard97549,bulletpunch83527,bulletpunch83527,False,"['Scyther', 'Venomoth', 'Exeggcute', 'Kabutops', 'Mr. Mime', 'Slowpoke']","['Seadra', 'Golduck', 'Charizard', 'Kabutops', 'Mr. Mime', 'Venusaur']",30,10,9
gen1nu-2057997678,[Gen 1] NU,2024-02-13 00:24:16,,powerlens10976,omastar20158,omastar20158,False,"['Porygon', 'Aerodactyl', 'Nidoking', 'Mr. Mime', 'Victreebel', 'Blastoise']","['Golduck', 'Porygon', 'Wigglytuff', 'Mr. Mime', 'Victreebel']",31,8,6
gen1nu-2274536272,[Gen 1] NU,2025-01-03 22:36:31,,poliwhirl66423,bulletpunch83527,bulletpunch83527,False,"['Rapidash', 'Aerodactyl', 'Wigglytuff', 'Poliwrath', 'Mr. Mime', 'Venusaur']","['Venomoth', 'Charizard', 'Nidoking', 'Raticate', 'Kabutops', 'Mr. Mime']",54,18,18
gen1nu-2277060675,[Gen 1] NU,2025-01-08 04:55:15,,revenge71921,bulletpunch83527,bulletpunch83527,False,"['Charizard', 'Exeggcute', 'Wigglytuff', 'Mr. Mime', 'Magmar', 'Blastoise']","['Venomoth', 'Charizard', 'Nidoking', 'Kabutops', 'Raticate', 'Mr. Mime']",44,9,9
smogtours-gen1nu-812484,[Gen 1] NU,2025-01-03 20:08:50,,ddenpowerdark55312,ponyta53394,ponyta53394,False,"['Venomoth', 'Charizard', 'Magneton', 'Raticate', 'Poliwrath', 'Mr. Mime']","['Seadra', 'Venomoth', 'Charizard', 'Magneton', 'Raticate', 'Mr. Mime']",165,26,26
smogtours-gen1nu-745243,[Gen 1] NU,2024-02-04 23:23:37,,golduck35019,kangaskhan41867,golduck35019,False,"['Venomoth', 'Charizard', 'Electrode', 'Raticate', 'Mr. Mime']","['Venomoth', 'Electrode', 'Raticate', 'Mr. Mime', 'Clefable', 'Blastoise']",29,8,9
smogtours-gen1nu-604797,[Gen 1] NU,2022-01-23 20:57:51,,corphish56783,rampardos23359,rampardos23359,False,"['Machop', 'Machoke', 'Hitmonchan', 'Machamp', 'Hitmonlee', 'Primeape']","['Sandslash', 'Nidoking', 'Nidoqueen', 'Graveler', 'Marowak']",16,5,4
smogtours-gen1nu-782235,[Gen 1] NU,2024-07-25 20:08:52,,ddenpowerdark55312,ponyta53394,ponyta53394,False,"['Venomoth', 'Charizard', 'Magneton', 'Raticate', 'Mr. Mime', 'Arcanine']","['Seadra', 'Venomoth', 'Aerodactyl', 'Magneton', 'Raticate', 'Mr. Mime']",36,14,14
smogtours-gen1nu-737218,[Gen 1] NU,2023-12-31 14:52:11,,waterfall8105,aurasphere76841,waterfall8105,False,"['Venomoth', 'Charizard', 'Mr. Mime', 'Clefable', 'Arcanine', 'Fearow']","['Kingler', 'Exeggcute', 'Mr. Mime', 'Clefable', 'Arcanine', 'Fearow']",30,6,8
smogtours-gen1nu-781368,[Gen 1] NU,2024-07-20 20:22:09,,fissure61188,powerlens28906,powerlens28906,False,"['Seadra', 'Venomoth', 'Aerodactyl', 'Raticate', 'Mr. Mime', 'Blastoise']","['Moltres', 'Kabutops', 'Raticate', 'Poliwrath', 'Mr. Mime', 'Fearow']",34,12,12
gen1nu-2073541766,[Gen 1] NU,2024-03-04 23:22:01,,unknown50813,glalie56367,unknown50813,False,"['Venomoth', 'Charizard', 'Mr. Mime', 'Fearow', 'Blastoise']","['Seadra', 'Venomoth', 'Charizard', 'Raticate', 'Mr. Mime', 'Blastoise']",39,12,11
smogtours-gen1nu-786166,[Gen 1] NU,2024-08-18 09:04:28,,aquajet31035,acidarmor10815,acidarmor10815,False,"['Venomoth', 'Charizard', 'Aerodactyl', 'Raticate', 'Mr. Mime', 'Fearow']","['Moltres', 'Charizard', 'Magneton', 'Raticate', 'Poliwrath', 'Mr. Mime']",37,19,7
smogtours-gen1nu-663348,[Gen 1] NU,2022-12-01 18:20:53,,jolteon92120,crushclaw70815,crushclaw70815,False,"['Vileplume', 'Nidoqueen', 'Omanyte', 'Seaking', 'Slowpoke', 'Abra']","['Rapidash', 'Omanyte', 'Nidoqueen', 'Machamp', 'Weepinbell', 'Fearow']",43,16,13
gen1nu-2138449600,[Gen 1] NU,2024-06-07 01:30:05,,kangaskhan44566,mismagius33077,kangaskhan44566,False,"['Golduck', 'Nidoking', 'Mr. Mime', 'Arcanine', 'Venusaur', 'Fearow']","['Seadra', 'Exeggcute', 'Wigglytuff', 'Raticate', 'Mr. Mime', 'Magmar']",32,9,7
smogtours-gen1nu-664194,[Gen 1] NU,2022-12-10 02:03:12,,icywind98531,shuppet19401,icywind98531,False,"['Staryu', 'Rapidash', 'Nidoqueen', 'Seaking', 'Machamp', 'Abra']","['Vileplume', 'Poliwag', 'Rapidash', 'Magneton', 'Nidoqueen', 'Graveler']",35,15,13
smogtours-gen1nu-630963,[Gen 1] NU,2022-06-09 14:49:59,,adaptability45192,seedot88254,adaptability45192,True,"['Rhyhorn', 'Ivysaur', 'Meowth', 'Shellder', 'Tentacool']","['Rhyhorn', 'Hitmonchan', 'Ivysaur', 'Meowth', 'Tentacool', 'Charmeleon']",41,9,14
gen1nu-2063087728,[Gen 1] NU,2024-02-19 21:06:11,1109,poisonpowder88566,mismagius33077,poisonpowder88566,True,"['Moltres', 'Kabutops', 'Poliwrath', 'Mr. Mime', 'Arcanine', 'Venusaur']","['Moltres', 'Golduck', 'Venomoth', 'Aerodactyl', 'Mr. Mime', 'Magmar']",37,7,10
gen1nu-2279443174,[Gen 1] NU,2025-01-12 02:31:20,,revenge71921,blizzard53783,revenge71921,False,"['Seadra', 'Venomoth', 'Charizard', 'Raticate', 'Mr. Mime', 'Muk']","['Venomoth', 'Charizard', 'Nidoking', 'Kabutops', 'Raticate', 'Mr. Mime']",27,7,11
smogtours-gen1nu-816326,[Gen 1] NU,2025-01-26 19:26:12,,bulletseed19358,needlearm59980,needlearm59980,False,"['Seadra', 'Charizard', 'Poliwrath', 'Mr. Mime', 'Arcanine', 'Venusaur']","['Seadra', 'Charizard', 'Aerodactyl', 'Exeggcute', 'Poliwrath', 'Mr. Mime']",31,14,9
smogtours-gen1nu-787754,[Gen 1] NU,2024-08-27 21:28:12,,darkvoid33050,misdreavus8935,misdreavus8935,False,"['Seadra', 'Venomoth', 'Magneton', 'Kabutops', 'Mr. Mime', 'Blastoise']","['Seadra', 'Venomoth', 'Magneton', 'Raticate', 'Poliwrath', 'Mr. Mime']",55,16,15
gen1nu-2054335864,[Gen 1] NU,2024-02-08 01:56:15,1070,recover74685,mismagius33077,mismagius33077,False,"['Moltres', 'Venomoth', 'Aerodactyl', 'Raticate', 'Poliwrath', 'Mr. Mime']","['Kingler', 'Venomoth', 'Aerodactyl', 'Mr. Mime', 'Magmar']",25,8,4
smogtours-gen1nu-664144,[Gen 1] NU,2022-12-09 19:59:50,,kangaskhan41867,cascoon94634,kangaskhan41867,False,"['Staryu', 'Rapidash', 'Pinsir', 'Nidoqueen', 'Dragonair', 'Drowzee']","['Staryu', 'Pinsir', 'Nidoqueen', 'Machamp', 'Drowzee', 'Fearow']",37,8,12
smogtours-gen1nu-663684,[Gen 1] NU,2022-12-04 11:08:26,,powerherb16934,meditate33036,powerherb16934,False,"['Moltres', 'Venomoth', 'Charizard', 'Mr. Mime', 'Clefable', 'Blastoise']","['Venomoth', 'Charizard', 'Nidoking', 'Mr. Mime', 'Clefable', 'Blastoise']",31,10,9
smogtours-gen1nu-584584,[Gen 1] NU,2021-10-08 17:50:28,,encore90411,ironhead21066,encore90411,False,"['Charizard', 'Exeggcute', 'Nidoking', 'Kabutops', 'Mr. Mime', 'Clefable']","['Porygon', 'Rapidash', 'Poliwag', 'Nidoking', 'Poliwhirl', 'Mr. Mime']",40,11,13
smogtours-gen1nu-662553,[Gen 1] NU,2022-11-25 13:19:21,,golduck35019,magnetpull75337,golduck35019,False,"['Rapidash', 'Sandslash', 'Nidoqueen', 'Seaking', 'Machamp', 'Arcanine']","['Rapidash', 'Nidoqueen', 'Graveler', 'Seaking', 'Drowzee', 'Arcanine']",31,11,7
gen1nu-2278893350,[Gen 1] NU,2025-01-11 02:27:29,,revenge71921,blizzard53783,blizzard53783,True,"['Scyther', 'Venomoth', 'Exeggcute', 'Kabutops', 'Mr. Mime', 'Slowpoke']","['Venomoth', 'Charizard', 'Nidoking', 'Raticate', 'Kabutops', 'Mr. Mime']",34,11,9
smogtours-gen1nu-663352,[Gen 1] NU,2022-12-01 18:34:46,,jolteon92120,crushclaw70815,crushclaw70815,False,"['Vileplume', 'Staryu', 'Omanyte', 'Nidoqueen', 'Seaking', 'Fearow']","['Staryu', 'Rapidash', 'Nidoqueen', 'Graveler', 'Dragonair', 'Drowzee']",34,12,8
gen1nu-2049830377,[Gen 1] NU,2024-02-02 05:17:24,1000,revenge71921,machoke73260,revenge71921,False,"['Charizard', 'Exeggcute', 'Wigglytuff', 'Mr. Mime', 'Clefable', 'Blastoise']","['Charizard', 'Wigglytuff', 'Raticate', 'Golem', 'Mr. Mime', 'Clefable']",36,8,8
gen1nu-2275681961,[Gen 1] NU,2025-01-05 22:57:18,,revenge71921,bulletpunch83527,revenge71921,False,"['Pidgeot', 'Charizard', 'Poliwrath', 'Mr. Mime', 'Parasect']","['Seadra', 'Golduck', 'Charizard', 'Kabutops', 'Mr. Mime', 'Venusaur']",25,5,12
gen1nu-2054753492,[Gen 1] NU,2024-02-08 16:19:14,1039,silverwind42631,nomelberry19418,silverwind42631,False,"['Venomoth', 'Charizard', 'Nidoking', 'Wigglytuff', 'Raticate', 'Venusaur']","['Charizard', 'Wigglytuff', 'Poliwhirl', 'Mr. Mime', 'Venusaur', 'Blastoise']",33,7,9
smogtours-gen1nu-713144,[Gen 1] NU,2023-08-31 13:56:54,,unknownability847,powerherb16934,unknownability847,False,"['Venomoth', 'Charizard', 'Electrode', 'Mr. Mime', 'Clefable', 'Blastoise']","['Moltres', 'Venomoth', 'Charizard', 'Mr. Mime', 'Clefable', 'Blastoise']",38,12,9
gen1nu-2366232450,[Gen 1] NU,2025-05-17 23:05:14,,seviper63072,mismagius33077,mismagius33077,False,"['Moltres', 'Charizard', 'Magneton', 'Graveler', 'Poliwrath', 'Mr. Mime']","['Moltres', 'Seadra', 'Venomoth', 'Raticate', 'Mr. Mime', 'Fearow']",36,14,8
smogtours-gen1nu-729232,[Gen 1] NU,2023-11-06 00:41:06,,aurasphere76841,waterfall8105,waterfall8105,False,"['Venomoth', 'Charizard', 'Mr. Mime', 'Clefable', 'Arcanine', 'Blastoise']","['Moltres', 'Charizard', 'Mr. Mime', 'Clefable', 'Arcanine', 'Fearow']",33,7,6
gen1nu-2162799377,[Gen 1] NU,2024-07-17 22:45:30,,poisonpowder88566,gardevoir84608,poisonpowder88566,False,"['Moltres', 'Seadra', 'Charizard', 'Poliwrath', 'Mr. Mime', 'Arcanine']","['Moltres', 'Venomoth', 'Aerodactyl', 'Raticate', 'Mr. Mime', 'Blastoise']",30,8,7
smogtours-gen1nu-664180,[Gen 1] NU,2022-12-09 22:29:28,,recover74685,nomove62031,recover74685,False,"['Staryu', 'Omanyte', 'Weepinbell', 'Fearow', 'Gastly']","['Staryu', 'Rapidash', 'Nidoqueen', 'Drowzee', 'Arcanine', 'Slowpoke']",42,11,20
smogtours-gen1nu-630962,[Gen 1] NU,2022-06-09 14:38:16,,seedot88254,adaptability45192,seedot88254,False,"['Rhyhorn', 'Shellder', 'Meowth', 'Tentacool', 'Ivysaur', 'Charmeleon']","['Voltorb', 'Rhyhorn', 'Ivysaur', 'Meowth', 'Tentacool', 'Charmeleon']",27,8,11
smogtours-gen1nu-815220,[Gen 1] NU,2025-01-19 23:37:46,,mudsport71981,munchlax81920,mudsport71981,True,"['Charizard', 'Magneton', 'Sandslash', 'Poliwhirl', 'Mr. Mime', 'Fearow']","['Seadra', 'Moltres', 'Magneton', 'Nidoking', 'Mr. Mime', 'Gastly']",47,14,17
gen1nu-2051310895,[Gen 1] NU,2024-02-04 06:20:40,1000,cranidos16731,arenatrap67964,arenatrap67964,False,"['Seadra', 'Charizard', 'Nidoking', 'Kabutops', 'Golem', 'Blastoise']","['Moltres', 'Kingler', 'Exeggcute', 'Nidoking', 'Golem']",27,8,6
smogtours-gen1nu-845505,[Gen 1] NU,2025-05-24 21:15:57,,mudsport71981,psncureberry16761,mudsport71981,False,"['Moltres', 'Seadra', 'Venomoth', 'Porygon', 'Raticate', 'Mr. Mime']","['Venomoth', 'Charizard', 'Magneton', 'Wigglytuff', 'Mr. Mime', 'Blastoise']",52,17,17
gen1nu-2326250684,[Gen 1] NU,2025-03-23 19:29:37,,poliwrath3176,hypno24553,hypno24553,False,"['Venomoth', 'Charizard', 'Kabutops', 'Raticate', 'Poliwrath', 'Mr. Mime']","['Venomoth', 'Charizard', 'Magneton', 'Mr. Mime', 'Fearow', 'Blastoise']",27,8,5
gen1nu-2275899178,[Gen 1] NU,2025-01-06 08:17:48,,revenge71921,bulletpunch83527,revenge71921,False,"['Pidgeot', 'Charizard', 'Kabutops', 'Poliwrath', 'Mr. Mime', 'Parasect']","['Venomoth', 'Charizard', 'Nidoking', 'Raticate', 'Kabutops', 'Mr. Mime']",20,6,10
gen1nu-2014765670,[Gen 1] NU,2023-12-19 02:56:13,,mudsport71981,irontail37557,mudsport71981,False,"['Kingler', 'Seadra', 'Exeggcute', 'Mr. Mime', 'Clefable', 'Blastoise']","['Venomoth', 'Charizard', 'Golem', 'Mr. Mime', 'Clefable', 'Blastoise']",52,17,16
gen1nu-2089316785,[Gen 1] NU,2024-03-26 07:00:44,,aerialace15145,tyrogue43073,aerialace15145,False,"['Mr. Mime', 'Raticate', 'Kabutops', 'Venomoth']","['Charizard', 'Nidoking', 'Wigglytuff', 'Poliwrath', 'Mr. Mime', 'Victreebel']",22,3,8
smogtours-gen1nu-665040,[Gen 1] NU,2022-12-14 09:28:53,,kangaskhan41867,nomove62031,kangaskhan41867,False,"['Staryu', 'Poliwag', 'Nidoqueen', 'Omanyte', 'Drowzee', 'Fearow']","['Staryu', 'Rapidash', 'Omanyte', 'Nidoqueen', 'Drowzee', 'Slowpoke']",27,9,10
smogtours-gen1nu-702759,[Gen 1] NU,2023-07-13 17:40:55,,aquaring89206,lick25189,lick25189,False,"['Venomoth', 'Charizard', 'Raticate', 'Mr. Mime', 'Clefable', 'Blastoise']","['Moltres', 'Wigglytuff', 'Golem', 'Mr. Mime', 'Clefable', 'Blastoise']",33,10,13
smogtours-gen1nu-807822,[Gen 1] NU,2024-11-24 21:46:16,,mudsport71981,stoneplate55960,stoneplate55960,False,"['Moltres', 'Seadra', 'Venomoth', 'Poliwhirl', 'Mr. Mime', 'Fearow']","['Venomoth', 'Magneton', 'Raticate', 'Poliwrath', 'Mr. Mime', 'Fearow']",31,7,6
smogtours-gen1nu-813295,[Gen 1] NU,2025-01-05 22:59:41,,recover74685,mudsport71981,mudsport71981,False,"['Seadra', 'Venomoth', 'Charizard', 'Poliwrath', 'Mr. Mime', 'Abra']","['Charizard', 'Magneton', 'Raticate', 'Kabutops', 'Poliwrath', 'Mr. Mime']",25,10,8
gen1nu-2280604839,[Gen 1] NU,2025-01-14 00:50:47,,gastly57717,needlearm59980,needlearm59980,False,"['Charizard', 'Aerodactyl', 'Magneton', 'Raticate', 'Poliwhirl', 'Mr. Mime']","['Charizard', 'Magneton', 'Dragonair', 'Poliwrath', 'Mr. Mime']",50,15,19
gen1nu-2276508598,[Gen 1] NU,2025-01-07 08:35:32,,revenge71921,bulletpunch83527,revenge71921,False,"['Seadra', 'Venomoth', 'Charizard', 'Magneton', 'Seaking', 'Mr. Mime']","['Venomoth', 'Charizard', 'Nidoking', 'Kabutops', 'Raticate', 'Mr. Mime']",28,6,9
smogtours-gen1nu-774629,[Gen 1] NU,2024-06-15 16:49:38,,frenzyplant87849,aurasphere76841,aurasphere76841,False,"['Venomoth', 'Charizard', 'Aerodactyl', 'Magneton', 'Mr. Mime', 'Blastoise']","['Venomoth', 'Charizard', 'Magneton', 'Raticate', 'Kabutops']",33,9,10
smogtours-gen1nu-699672,[Gen 1] NU,2023-06-27 21:23:36,,noability19212,cascoon94634,noability19212,False,"['Venomoth', 'Charizard', 'Electrode', 'Mr. Mime', 'Clefable', 'Blastoise']","['Venomoth', 'Ninetales', 'Charizard', 'Mr. Mime', 'Clefable', 'Blastoise']",48,20,18
smogtours-gen1nu-776090,[Gen 1] NU,2024-06-22 20:10:00,,quickclaw83695,denpowerghost39436,quickclaw83695,False,"['Golduck', 'Charizard', 'Nidoking', 'Mr. Mime', 'Venusaur', 'Fearow']","['Charizard', 'Kabutops', 'Raticate', 'Mr. Mime', 'Venusaur', 'Blastoise']",23,7,7
smogtours-gen1nu-781377,[Gen 1] NU,2024-07-20 20:37:24,,fissure61188,powerlens28906,fissure61188,False,"['Venomoth', 'Charizard', 'Nidoking', 'Mr. Mime', 'Blastoise']","['Moltres', 'Kabutops', 'Poliwrath', 'Mr. Mime', 'Arcanine', 'Venusaur']",35,9,13
smogtours-gen1nu-679002,[Gen 1] NU,2023-03-10 21:06:36,,kangaskhan41867,truant84021,kangaskhan41867,False,"['Venomoth', 'Charizard', 'Golem', 'Mr. Mime', 'Clefable', 'Blastoise']","['Venomoth', 'Charizard', 'Kabutops', 'Mr. Mime', 'Clefable', 'Blastoise']",32,7,10
gen1nu-2272497153,[Gen 1] NU,2024-12-31 07:14:39,,kangaskhan44566,revenge71921,revenge71921,False,"['Sandslash', 'Magneton', 'Lickitung', 'Mr. Mime', 'Arcanine', 'Fearow']","['Golduck', 'Charizard', 'Nidoqueen', 'Mr. Mime', 'Fearow']",28,11,9
smogtours-gen1nu-665715,[Gen 1] NU,2022-12-21 02:20:42,,chinchou58618,typechange32750,typechange32750,False,"['Staryu', 'Pinsir', 'Omanyte', 'Nidoqueen', 'Drowzee', 'Fearow']","['Staryu', 'Rapidash', 'Nidoqueen', 'Magmar', 'Fearow', 'Gastly']",33,14,9
smogtours-gen1nu-665055,[Gen 1] NU,2022-12-14 19:35:02,,wish73460,oblivious21505,oblivious21505,False,"['Staryu', 'Rapidash', 'Dragonair', 'Nidoqueen', 'Seaking', 'Fearow']","['Abra', 'Nidoqueen', 'Omanyte', 'Vileplume']",27,12,9
gen1nu-2139803588,[Gen 1] NU,2024-06-09 07:08:20,,mismagius33077,diglett37152,diglett37152,False,"['Golduck', 'Aerodactyl', 'Nidoking', 'Exeggcute', 'Mr. Mime', 'Magmar']","['Golduck', 'Venomoth', 'Charizard', 'Nidoqueen', 'Mr. Mime', 'Fearow']",25,10,7
violetversion-gen1nu-1615,[Gen 1] NU,2016-04-12 20:46:25,,mefirst94337,ddenpowerfire30449,ddenpowerfire30449,False,"['Venomoth', 'Porygon', 'Nidoking', 'Slowpoke', 'Tangela', 'Blastoise']","['Venomoth', 'Poliwag', 'Weezing', 'Muk', 'Arcanine', 'Slowpoke']",32,15,8
smogtours-gen1nu-701160,[Gen 1] NU,2023-07-04 17:57:31,,mudsport71981,quickclaw83695,mudsport71981,False,"['Seadra', 'Venomoth', 'Charizard', 'Mr. Mime', 'Clefable', 'Blastoise']","['Seadra', 'Charizard', 'Electrode', 'Mr. Mime', 'Clefable', 'Blastoise']",32,8,8
smogtours-gen1nu-701607,[Gen 1] NU,2023-07-07 23:54:29,,kangaskhan41867,simple96847,kangaskhan41867,False,"['Venomoth', 'Charizard', 'Wigglytuff', 'Mr. Mime', 'Clefable', 'Blastoise']","['Venomoth', 'Charizard', 'Nidoking', 'Mr. Mime', 'Clefable', 'Blastoise']",35,9,12
gen1nu-2136398095,[Gen 1] NU,2024-06-04 00:29:12,,mismagius33077,pechaberry94757,pechaberry94757,False,"['Moltres', 'Golduck', 'Venomoth', 'Aerodactyl', 'Mr. Mime', 'Magmar']","['Seadra', 'Venomoth', 'Charizard', 'Wigglytuff', 'Mr. Mime', 'Blastoise']",48,8,20
smogtours-gen1nu-661924,[Gen 1] NU,2022-11-19 15:37:09,,minun50581,zoomlens15496,zoomlens15496,False,"['Rapidash', 'Sandslash', 'Omanyte', 'Nidoqueen', 'Machamp', 'Drowzee']","['Rapidash', 'Pinsir', 'Omanyte', 'Nidoqueen', 'Machamp', 'Slowpoke']",44,14,10
smogtours-gen1nu-716484,[Gen 1] NU,2023-09-16 05:40:46,,innerfocus97582,magnetpull75337,innerfocus97582,False,"['Venomoth', 'Raticate', 'Mr. Mime', 'Clefable', 'Blastoise']","['Venomoth', 'Charizard', 'Wigglytuff', 'Mr. Mime', 'Clefable', 'Blastoise']",46,6,11
smogtours-gen1nu-664195,[Gen 1] NU,2022-12-10 02:08:23,,shuppet19401,icywind98531,icywind98531,False,"['Vileplume', 'Rapidash', 'Omanyte', 'Weezing', 'Nidoqueen', 'Fearow']","['Staryu', 'Electrode', 'Nidoqueen', 'Seaking', 'Muk', 'Fearow']",20,7,6
smogtours-gen1nu-585485,[Gen 1] NU,2021-10-10 19:50:19,,shinystone44310,probopass23094,probopass23094,False,"['Charizard', 'Rapidash', 'Nidoking', 'Electrode', 'Mr. Mime', 'Blastoise']","['Kingler', 'Charizard', 'Nidoking', 'Poliwhirl', 'Mr. Mime', 'Clefable']",36,13,13
smogtours-gen1nu-664146,[Gen 1] NU,2022-12-09 20:07:22,,kangaskhan41867,cascoon94634,cascoon94634,False,"['Staryu', 'Nidoqueen', 'Dragonair', 'Omanyte', 'Machamp', 'Drowzee']","['Staryu', 'Rapidash', 'Pinsir', 'Nidoqueen', 'Drowzee', 'Gastly']",34,11,13
gen1nu-2362569076,[Gen 1] NU,2025-05-12 20:06:08,,timerball34306,gastly57717,timerball34306,False,"['Moltres', 'Venomoth', 'Aerodactyl', 'Raticate', 'Kabutops', 'Mr. Mime']","['Seadra', 'Venomoth', 'Charizard', 'Nidoking', 'Mr. Mime', 'Blastoise']",30,7,10
gen1nu-2051003074,[Gen 1] NU,2024-02-03 20:24:14,1191,powerfighting24473,aurasphere76841,powerfighting24473,True,"['Venomoth', 'Charizard', 'Golem', 'Mr. Mime', 'Clefable', 'Blastoise']","['Seadra', 'Venomoth', 'Electrode', 'Raticate', 'Mr. Mime', 'Clefable']",26,9,7
gen1nu-2060055214,[Gen 1] NU,2024-02-15 17:12:05,1060,rollout94469,probopass63851,rollout94469,True,"['Exeggcute', 'Wigglytuff', 'Poliwrath', 'Mr. Mime', 'Golbat']","['Charizard', 'Aerodactyl', 'Sandslash', 'Exeggcute', 'Raticate', 'Blastoise']",23,5,10
smogtours-gen1nu-584578,[Gen 1] NU,2021-10-08 17:34:56,,ironhead21066,encore90411,ironhead21066,False,"['Venomoth', 'Charizard', 'Kabutops', 'Mr. Mime', 'Clefable', 'Blastoise']","['Moltres', 'Charizard', 'Kabutops', 'Poliwhirl', 'Mr. Mime', 'Clefable']",38,13,10
gen1nu-2153618833,[Gen 1] NU,2024-07-02 03:24:00,,gardevoir84608,needlearm59980,gardevoir84608,False,"['Seadra', 'Venomoth', 'Aerodactyl', 'Raticate', 'Poliwrath', 'Mr. Mime']","['Moltres', 'Kabutops', 'Poliwrath', 'Mr. Mime', 'Arcanine', 'Venusaur']",41,10,8
smogtours-gen1nu-723375,[Gen 1] NU,2023-10-14 02:36:26,,innerfocus97582,jolteon92120,jolteon92120,False,"['Seadra', 'Venomoth', 'Electrode', 'Mr. Mime', 'Clefable', 'Blastoise']","['Venomoth', 'Charizard', 'Nidoking', 'Mr. Mime', 'Clefable', 'Blastoise']",37,13,15
gen1nu-2138465210,[Gen 1] NU,2024-06-07 02:05:02,,venusaur3518,kangaskhan44566,kangaskhan44566,False,"['Moltres', 'Kabutops', 'Poliwrath', 'Mr. Mime', 'Arcanine', 'Venusaur']","['Magneton', 'Mr. Mime', 'Charizard', 'Fearow']",27,7,5
smogtours-gen1nu-652252,[Gen 1] NU,2022-10-02 14:18:17,,medicham99993,rotomfan35023,medicham99993,True,"['Moltres', 'Wigglytuff', 'Golem', 'Mr. Mime', 'Clefable', 'Blastoise']","['Venomoth', 'Charizard', 'Golem', 'Mr. Mime', 'Blastoise']",37,15,13
smogtours-gen1nu-663602,[Gen 1] NU,2022-12-03 19:51:25,,mudsport71981,marshtomp99135,mudsport71981,False,"['Staryu', 'Pinsir', 'Omanyte', 'Dragonair', 'Nidoqueen', 'Drowzee']","['Rapidash', 'Omanyte', 'Nidoqueen', 'Seaking', 'Drowzee', 'Fearow']",51,18,18
smogtours-gen1nu-676841,[Gen 1] NU,2023-02-22 23:41:28,,mudsport71981,splashplate50287,mudsport71981,True,"['Venomoth', 'Charizard', 'Golem', 'Mr. Mime', 'Clefable', 'Blastoise']","['Charizard', 'Kabutops', 'Mr. Mime', 'Clefable', 'Primeape', 'Blastoise']",28,10,11
gen1nu-2204644947,[Gen 1] NU,2024-09-18 22:09:04,,stoneplate55960,deoxysattack50804,stoneplate55960,False,"['Golduck', 'Venomoth', 'Charizard', 'Mr. Mime']","['Seadra', 'Venomoth', 'Nidoking', 'Raticate', 'Mr. Mime', 'Venusaur']",25,5,8
smogtours-gen1nu-662480,[Gen 1] NU,2022-11-24 14:31:35,,grepaberry68275,kakuna89346,grepaberry68275,False,"['Rapidash', 'Omanyte', 'Nidoqueen', 'Machamp', 'Weepinbell', 'Fearow']","['Rapidash', 'Nidoqueen', 'Graveler', 'Seaking', 'Weepinbell', 'Arcanine']",58,25,17
violetversion-gen1nu-2933,[Gen 1] NU,2017-01-02 19:52:45,,ddenpowerfire30449,armthrust70480,ddenpowerfire30449,False,"['Venomoth', 'Porygon', 'Omastar', 'Nidoking', 'Slowpoke', 'Blastoise']","['Venomoth', 'Porygon', 'Weepinbell', 'Pikachu', 'Slowpoke', 'Abra']",87,23,19
smogtours-gen1nu-645127,[Gen 1] NU,2022-08-25 21:42:15,,manaphy22907,ddenpowerrock80255,ddenpowerrock80255,False,"['Venomoth', 'Charizard', 'Poliwhirl', 'Mr. Mime', 'Clefable', 'Blastoise']","['Seadra', 'Venomoth', 'Charizard', 'Mr. Mime', 'Clefable', 'Blastoise']",29,8,5
gen1nu-2055647554,[Gen 1] NU,2024-02-09 18:15:51,1083,woodhammer66942,nomelberry19418,woodhammer66942,False,"['Golduck', 'Charizard', 'Magneton', 'Raticate', 'Mr. Mime', 'Venusaur']","['Charizard', 'Aerodactyl', 'Poliwrath', 'Mr. Mime', 'Venusaur', 'Blastoise']",25,5,7
gen1nu-2053596839,[Gen 1] NU,2024-02-07 04:12:58,1000,counter60391,luxuryball93077,counter60391,False,"['Venomoth', 'Charizard', 'Mr. Mime', 'Clefable', 'Blastoise']","['Charizard', 'Nidoking', 'Dragonair', 'Machamp', 'Mr. Mime', 'Blastoise']",34,7,7
gen1nu-2275871473,[Gen 1] NU,2025-01-06 06:33:33,,revenge71921,bulletpunch83527,revenge71921,False,"['Kingler', 'Venomoth', 'Charizard', 'Wigglytuff', 'Mr. Mime', 'Blastoise']","['Moltres', 'Venomoth', 'Aerodactyl', 'Raticate', 'Poliwrath', 'Mr. Mime']",30,6,7
smogtours-gen1nu-777458,[Gen 1] NU,2024-06-30 04:16:10,,aerodactyl86215,needlearm59980,aerodactyl86215,False,"['Golduck', 'Venomoth', 'Charizard', 'Aerodactyl', 'Raticate', 'Mr. Mime']","['Moltres', 'Venomoth', 'Aerodactyl', 'Kabutops', 'Raticate', 'Mr. Mime']",38,7,12
smogtours-gen1nu-663589,[Gen 1] NU,2022-12-03 19:01:09,,quilava59140,simple96847,quilava59140,False,"['Staryu', 'Vileplume', 'Rapidash', 'Omanyte', 'Nidoqueen', 'Magmar']","['Staryu', 'Dragonair', 'Nidoqueen', 'Omanyte', 'Drowzee', 'Arcanine']",65,19,16
smogtours-gen1nu-807811,[Gen 1] NU,2024-11-24 21:31:07,,mudsport71981,stoneplate55960,stoneplate55960,False,"['Seadra', 'Venomoth', 'Raticate', 'Poliwhirl', 'Mr. Mime', 'Fearow']","['Charizard', 'Magneton', 'Wigglytuff', 'Raticate', 'Poliwrath', 'Mr. Mime']",23,9,7
smogtours-gen1nu-661562,[Gen 1] NU,2022-11-15 01:09:22,,ponyta53394,berserkgene43161,ponyta53394,False,"['Staryu', 'Rapidash', 'Vileplume', 'Omanyte', 'Nidoqueen']","['Vileplume', 'Rapidash', 'Onix', 'Nidoqueen', 'Seaking', 'Primeape']",34,9,12
smogtours-gen1nu-672640,[Gen 1] NU,2023-02-04 05:27:40,,mudsport71981,magnetpull75337,mudsport71981,False,"['Venomoth', 'Charizard', 'Nidoking', 'Mr. Mime', 'Clefable', 'Blastoise']","['Venomoth', 'Charizard', 'Kabutops', 'Mr. Mime', 'Clefable', 'Blastoise']",37,9,14
smogtours-gen1nu-787373,[Gen 1] NU,2024-08-25 17:45:11,,splash22725,sacredfire89193,sacredfire89193,False,"['Moltres', 'Seadra', 'Venomoth', 'Charizard', 'Magneton', 'Raticate']","['Venomoth', 'Charizard', 'Aerodactyl', 'Raticate', 'Mr. Mime', 'Blastoise']",55,9,9
gen1nu-2160752246,[Gen 1] NU,2024-07-14 13:56:05,,denpowerghost39436,fissure61188,denpowerghost39436,False,"['Moltres', 'Seadra', 'Venomoth', 'Charizard', 'Raticate', 'Mr. Mime']","['Golduck', 'Venomoth', 'Magneton', 'Raticate', 'Kabutops', 'Mr. Mime']",26,7,10
smogtours-gen1nu-819789,[Gen 1] NU,2025-02-14 20:33:05,,poisonpowder88566,ponyta53394,ponyta53394,False,"['Seadra', 'Venomoth', 'Charizard', 'Porygon', 'Kabutops', 'Mr. Mime']","['Seadra', 'Charizard', 'Magneton', 'Poliwrath', 'Mr. Mime', 'Arcanine']",49,18,19
smogtours-gen1nu-663783,[Gen 1] NU,2022-12-04 20:54:40,,miracleeye45867,darkvoid39103,miracleeye45867,False,"['Venomoth', 'Charizard', 'Nidoking', 'Mr. Mime', 'Clefable']","['Venomoth', 'Charizard', 'Electrode', 'Mr. Mime', 'Clefable', 'Blastoise']",28,6,10
gen1nu-2274549543,[Gen 1] NU,2025-01-03 23:00:17,,poliwhirl66423,bulletpunch83527,poliwhirl66423,False,"['Pidgeot', 'Charizard', 'Kabutops', 'Poliwrath', 'Mr. Mime', 'Parasect']","['Venomoth', 'Charizard', 'Nidoking', 'Kabutops', 'Raticate', 'Mr. Mime']",34,9,12
smogtours-gen1nu-662474,[Gen 1] NU,2022-11-23 23:04:41,,wish73460,grudge72227,wish73460,True,"['Staryu', 'Rapidash', 'Sandslash', 'Nidoqueen', 'Drowzee', 'Arcanine']","['Staryu', 'Rapidash', 'Nidoqueen', 'Graveler', 'Drowzee', 'Magmar']",40,10,12
smogtours-gen1nu-781445,[Gen 1] NU,2024-07-20 23:58:48,,aquaring89206,static36182,aquaring89206,True,"['Gastly', 'Mr. Mime', 'Charizard', 'Blastoise']","['Kabutops', 'Poliwrath', 'Mr. Mime', 'Arcanine', 'Venusaur']",15,5,6
smogtours-gen1nu-818690,[Gen 1] NU,2025-02-08 20:09:56,,thrash54054,ddenpowerdark55312,ddenpowerdark55312,False,"['Seadra', 'Charizard', 'Magneton', 'Raticate', 'Poliwrath', 'Mr. Mime']","['Venomoth', 'Raticate', 'Poliwrath', 'Mr. Mime', 'Arcanine']",39,13,10
smogtours-gen1nu-652254,[Gen 1] NU,2022-10-02 14:26:19,,rotomfan35023,medicham99993,rotomfan35023,False,"['Kingler', 'Charizard', 'Exeggcute', 'Golem', 'Mr. Mime', 'Clefable']","['Moltres', 'Seadra', 'Golem', 'Mr. Mime', 'Clefable', 'Blastoise']",38,12,13
gen1nu-2058437373,[Gen 1] NU,2024-02-13 15:53:13,1126,stoneplate55960,nomelberry19418,nomelberry19418,False,"['Venomoth', 'Charizard', 'Aerodactyl', 'Raticate', 'Poliwrath', 'Mr. Mime']","['Charizard', 'Aerodactyl', 'Wigglytuff', 'Arbok', 'Mr. Mime', 'Blastoise']",41,10,7
gen1nu-2278343283,[Gen 1] NU,2025-01-10 06:06:37,,revenge71921,blizzard53783,blizzard53783,True,"['Scyther', 'Venomoth', 'Exeggcute', 'Kabutops', 'Mr. Mime', 'Slowpoke']","['Venomoth', 'Charizard', 'Nidoking', 'Raticate', 'Kabutops', 'Mr. Mime']",25,7,5
gen1nu-2061134367,[Gen 1] NU,2024-02-17 01:04:02,1065,sunkern50532,mismagius33077,sunkern50532,False,"['Aerodactyl', 'Venomoth', 'Charizard', 'Mr. Mime']","['Moltres', 'Golduck', 'Venomoth', 'Aerodactyl', 'Mr. Mime', 'Magmar']",29,7,11
smogtours-gen1nu-787185,[Gen 1] NU,2024-08-24 23:01:59,,mudsport71981,unknownability847,mudsport71981,False,"['Moltres', 'Venomoth', 'Charizard', 'Raticate', 'Kabutops', 'Mr. Mime']","['Charizard', 'Wigglytuff', 'Raticate', 'Blastoise', 'Mr. Mime', 'Gastly']",31,10,10
smogtours-gen1nu-596354,[Gen 1] NU,2021-12-05 21:43:17,,encore90411,waterpulse35893,encore90411,False,"['Charizard', 'Kabutops', 'Poliwhirl', 'Clefable']","['Moltres', 'Charizard', 'Exeggcute', 'Mr. Mime', 'Arcanine', 'Blastoise']",21,4,11
gen1nu-2054964354,[Gen 1] NU,2024-02-08 20:59:05,1248,recover74685,poisonpowder88566,poisonpowder88566,False,"['Moltres', 'Venomoth', 'Aerodactyl', 'Raticate', 'Poliwrath', 'Mr. Mime']","['Charizard', 'Aerodactyl', 'Magneton', 'Mr. Mime', 'Arcanine']",30,9,6
gen1nu-2282631270,[Gen 1] NU,2025-01-17 03:41:05,,revenge71921,blizzard53783,blizzard53783,True,"['Venomoth', 'Charizard', 'Poliwrath', 'Mr. Mime', 'Arcanine']","['Venomoth', 'Charizard', 'Raticate', 'Kabutops', 'Mr. Mime']",20,9,5
gen1nu-2275139683,[Gen 1] NU,2025-01-04 23:59:49,,poliwhirl66423,bulletpunch83527,poliwhirl66423,False,"['Seadra', 'Venomoth', 'Charizard', 'Magneton', 'Seaking', 'Mr. Mime']","['Venomoth', 'Charizard', 'Aerodactyl', 'Magneton', 'Mr. Mime', 'Blastoise']",42,13,12
smogtours-gen1nu-666638,[Gen 1] NU,2022-12-30 01:57:02,,mudsport71981,whismur95661,mudsport71981,False,"['Venomoth', 'Charizard', 'Mr. Mime', 'Clefable', 'Blastoise']","['Venomoth', 'Charizard', 'Golem', 'Mr. Mime', 'Clefable', 'Blastoise']",31,9,11
smogtours-gen1nu-664797,[Gen 1] NU,2022-12-12 21:23:13,,kangaskhan41867,xscissor38348,kangaskhan41867,False,"['Venomoth', 'Charizard', 'Wigglytuff', 'Mr. Mime', 'Clefable', 'Blastoise']","['Venomoth', 'Charizard', 'Porygon', 'Mr. Mime', 'Clefable', 'Blastoise']",39,10,9
smogtours-gen1nu-711836,[Gen 1] NU,2023-08-23 22:20:19,,futuresight13270,unknownability847,unknownability847,False,"['Venomoth', 'Charizard', 'Raticate', 'Mr. Mime', 'Clefable', 'Blastoise']","['Seadra', 'Venomoth', 'Mr. Mime', 'Clefable', 'Blastoise']",26,6,4
smogtours-gen1nu-674197,[Gen 1] NU,2023-02-10 21:18:29,,splashplate50287,jolteon92120,jolteon92120,True,"['Charizard', 'Nidoking', 'Mr. Mime', 'Clefable', 'Fearow', 'Blastoise']","['Venomoth', 'Charizard', 'Raticate', 'Clefable', 'Blastoise']",29,10,5
smogtours-gen1nu-788702,[Gen 1] NU,2024-09-01 20:31:13,,sacredfire89193,floatzel25266,sacredfire89193,True,"['Charizard', 'Raticate', 'Poliwrath', 'Kabutops', 'Mr. Mime', 'Fearow']","['Moltres', 'Charizard', 'Raticate', 'Poliwrath', 'Mr. Mime']",23,8,8
gen1nu-2060741135,[Gen 1] NU,2024-02-16 14:55:00,1161,nomelberry19418,rollout94469,rollout94469,False,"['Seadra', 'Aerodactyl', 'Poliwhirl', 'Venusaur', 'Mr. Mime', 'Magmar']","['Moltres', 'Exeggcute', 'Wigglytuff', 'Poliwrath', 'Mr. Mime', 'Golbat']",40,10,9
smogtours-gen1nu-737818,[Gen 1] NU,2024-01-06 21:13:10,,aquaring89206,kangaskhan41867,kangaskhan41867,False,"['Kingler', 'Charizard', 'Exeggcute', 'Raticate', 'Mr. Mime', 'Clefable']","['Seadra', 'Charizard', 'Raticate', 'Mr. Mime', 'Clefable']",22,7,5
smogtours-gen1nu-844425,[Gen 1] NU,2025-05-21 00:19:22,,poliwrath3176,mudsport71981,mudsport71981,False,"['Venomoth', 'Charizard', 'Magneton', 'Kabutops', 'Mr. Mime', 'Blastoise']","['Seadra', 'Venomoth', 'Raticate', 'Kabutops', 'Mr. Mime', 'Fearow']",29,9,6
smogtours-gen1nu-741104,[Gen 1] NU,2024-01-21 20:52:37,,kangaskhan41867,diveball9145,diveball9145,False,"['Venomoth', 'Charizard', 'Raticate', 'Mr. Mime', 'Clefable', 'Blastoise']","['Venomoth', 'Charizard', 'Golem', 'Mr. Mime', 'Clefable', 'Blastoise']",29,11,9
smogtours-gen1nu-664342,[Gen 1] NU,2022-12-11 14:29:34,,dodrio99835,crushclaw70815,dodrio99835,False,"['Vileplume', 'Rapidash', 'Poliwag', 'Sandslash', 'Nidoqueen', 'Fearow']","['Staryu', 'Rapidash', 'Nidoqueen', 'Graveler', 'Dragonair', 'Drowzee']",32,10,11
violetversion-gen1nu-2934,[Gen 1] NU,2017-01-02 20:07:29,,ddenpowerfire30449,armthrust70480,ddenpowerfire30449,False,"['Venomoth', 'Porygon', 'Omastar', 'Nidoking', 'Slowpoke', 'Tangela']","['Ninetales', 'Porygon', 'Nidoking', 'Dragonair', 'Nidoqueen', 'Weepinbell']",38,14,14
smogtours-gen1nu-750349,[Gen 1] NU,2024-02-26 20:01:37,,rattata90247,noability19212,noability19212,False,"['Seadra', 'Venomoth', 'Aerodactyl', 'Raticate', 'Kabutops', 'Mr. Mime']","['Venomoth', 'Aerodactyl', 'Raticate', 'Mr. Mime', 'Arcanine', 'Blastoise']",40,15,14
smogtours-gen1nu-777245,[Gen 1] NU,2024-06-29 16:18:45,,marshtomp99135,denpowerghost39436,denpowerghost39436,False,"['Moltres', 'Venomoth', 'Aerodactyl', 'Raticate', 'Mr. Mime', 'Blastoise']","['Charizard', 'Raticate', 'Kabutops', 'Mr. Mime', 'Venusaur', 'Blastoise']",28,11,9
gen1nu-2057641252,[Gen 1] NU,2024-02-12 15:43:12,1181,chopleberry38027,omastar20158,omastar20158,False,"['Seadra', 'Scyther', 'Venomoth', 'Aerodactyl', 'Raticate', 'Mr. Mime']","['Venomoth', 'Charizard', 'Flareon', 'Wigglytuff', 'Mr. Mime', 'Blastoise']",30,8,7
smogtours-gen1nu-781971,[Gen 1] NU,2024-07-23 02:47:02,,aquaring89206,magnetpull75337,aquaring89206,False,"['Charizard', 'Magneton', 'Kabutops', 'Raticate', 'Arcanine', 'Gastly']","['Venomoth', 'Charizard', 'Kabutops', 'Mr. Mime', 'Venusaur', 'Blastoise']",36,15,11
smogtours-gen1nu-743839,[Gen 1] NU,2024-02-01 04:32:15,,magnetpull75337,machop93256,magnetpull75337,False,"['Venomoth', 'Charizard', 'Raticate', 'Mr. Mime', 'Clefable', 'Blastoise']","['Charizard', 'Wigglytuff', 'Raticate', 'Mr. Mime', 'Clefable', 'Blastoise']",30,5,6
gen1nu-2060374230,[Gen 1] NU,2024-02-16 01:19:41,1029,rollout79143,rollout94469,rollout94469,False,"['Venomoth', 'Charizard', 'Aerodactyl', 'Raticate', 'Mr. Mime', 'Blastoise']","['Moltres', 'Exeggcute', 'Wigglytuff', 'Poliwrath', 'Mr. Mime', 'Golbat']",42,14,11
smogtours-gen1nu-663093,[Gen 1] NU,2022-11-27 23:50:46,,dreameater82317,rhyhorn97304,dreameater82317,False,"['Vileplume', 'Rapidash', 'Sandslash', 'Nidoqueen', 'Dragonair', 'Drowzee']","['Sandslash', 'Electrode', 'Seaking', 'Machamp', 'Muk', 'Abra']",44,13,18
smogtours-gen1nu-663935,[Gen 1] NU,2022-12-05 23:39:55,,kakuna89346,luvdisc61803,luvdisc61803,False,"['Staryu', 'Rapidash', 'Nidoqueen', 'Arcanine', 'Fearow', 'Gastly']","['Staryu', 'Rapidash', 'Lickitung', 'Drowzee', 'Arcanine']",33,14,5
smogtours-gen1nu-668888,[Gen 1] NU,2023-01-15 20:12:07,,meditate33036,powerherb16934,meditate33036,False,"['Moltres', 'Charizard', 'Electrode', 'Mr. Mime', 'Clefable', 'Blastoise']","['Moltres', 'Venomoth', 'Charizard', 'Mr. Mime', 'Clefable', 'Blastoise']",43,13,14
smogtours-gen1nu-663414,[Gen 1] NU,2022-12-02 03:36:23,,arceusghost8496,icywind98531,icywind98531,False,"['Staryu', 'Poliwag', 'Omanyte', 'Nidoqueen', 'Seaking', 'Slowpoke']","['Staryu', 'Rapidash', 'Nidoqueen', 'Seaking', 'Machamp', 'Abra']",36,8,13
smogtours-gen1nu-725257,[Gen 1] NU,2023-10-21 20:55:20,,rotomfan35023,waterpulse35893,waterpulse35893,True,"['Venomoth', 'Charizard', 'Mr. Mime', 'Clefable', 'Blastoise']","['Kingler', 'Seadra', 'Exeggcute', 'Mr. Mime', 'Blastoise']",25,6,7
gen1nu-2204607641,[Gen 1] NU,2024-09-18 20:54:51,,stoneplate55960,poisonpowder88566,stoneplate55960,False,"['Magneton', 'Mr. Mime', 'Charizard', 'Aerodactyl']","['Charizard', 'Magneton', 'Raticate', 'Poliwrath', 'Mr. Mime', 'Fearow']",26,3,8
smogtours-gen1nu-665093,[Gen 1] NU,2022-12-15 19:04:36,,golduck35019,deoxysdefense78874,golduck35019,False,"['Venomoth', 'Charizard', 'Electrode', 'Mr. Mime', 'Clefable', 'Blastoise']","['Charizard', 'Exeggcute', 'Raticate', 'Mr. Mime', 'Clefable', 'Blastoise']",41,14,15
gen1nu-2050675781,[Gen 1] NU,2024-02-03 08:28:41,1033,sportball61840,berryjuice54970,sportball61840,False,"['Sandslash', 'Electrode', 'Mr. Mime', 'Clefable', 'Blastoise']","['Charizard', 'Electrode', 'Golem', 'Mr. Mime', 'Clefable', 'Blastoise']",36,12,16
smogtours-gen1nu-710686,[Gen 1] NU,2023-08-19 11:22:23,,aipom45424,electabuzz51633,aipom45424,True,"['Venomoth', 'Charizard', 'Nidoking', 'Mr. Mime', 'Blastoise']","['Charizard', 'Exeggcute', 'Nidoking', 'Kabutops', 'Mr. Mime', 'Clefable']",40,6,11
smogtours-gen1nu-741773,[Gen 1] NU,2024-01-26 14:40:25,,waterfall8105,weezing40879,weezing40879,False,"['Seadra', 'Venomoth', 'Mr. Mime', 'Clefable', 'Fearow', 'Blastoise']","['Venomoth', 'Charizard', 'Mr. Mime', 'Clefable', 'Arcanine', 'Fearow']",32,15,13
gen1nu-2054618866,[Gen 1] NU,2024-02-08 13:05:52,1132,magnetpull48960,dive84452,magnetpull48960,False,"['Kingler', 'Venomoth', 'Aerodactyl', 'Raticate', 'Mr. Mime', 'Victreebel']","['Venomoth', 'Charizard', 'Magneton', 'Nidoking', 'Mr. Mime', 'Venusaur']",36,10,7
smogtours-gen1nu-779292,[Gen 1] NU,2024-07-09 02:32:25,,ddenpowerdark55312,denpowerghost39436,ddenpowerdark55312,False,"['Seadra', 'Venomoth', 'Charizard', 'Raticate', 'Mr. Mime', 'Fearow']","['Venomoth', 'Charizard', 'Staryu', 'Raticate', 'Graveler', 'Venusaur']",29,11,9
gen1nu-2275807882,[Gen 1] NU,2025-01-06 03:33:20,,revenge71921,bulletpunch83527,revenge71921,True,"['Machamp', 'Venomoth', 'Charizard', 'Mr. Mime']","['Venomoth', 'Charizard', 'Nidoking', 'Raticate', 'Kabutops', 'Mr. Mime']",16,3,5
gen1nu-2051108981,[Gen 1] NU,2024-02-03 23:28:13,1088,chopleberry38027,calmmind8048,chopleberry38027,False,"['Kingler', 'Venomoth', 'Mr. Mime', 'Clefable', 'Blastoise']","['Moltres', 'Seadra', 'Venomoth', 'Raticate', 'Mr. Mime', 'Clefable']",27,5,9
smogtours-gen1nu-681211,[Gen 1] NU,2023-03-18 16:53:37,,jolteon92120,truant84021,jolteon92120,False,"['Seadra', 'Venomoth', 'Charizard', 'Mr. Mime', 'Clefable', 'Blastoise']","['Venomoth', 'Charizard', 'Kabutops', 'Mr. Mime', 'Clefable', 'Blastoise']",29,8,8
gen1nu-2141799216,[Gen 1] NU,2024-06-12 10:47:05,,stoneplate55960,aquaring89206,aquaring89206,False,"['Moltres', 'Venomoth', 'Charizard', 'Poliwrath', 'Mr. Mime', 'Arcanine']","['Raticate', 'Kabutops', 'Poliwrath', 'Mr. Mime', 'Fearow']",26,10,7
smogtours-gen1nu-634240,[Gen 1] NU,2022-06-24 02:17:42,,honeygather86735,volbeat11507,honeygather86735,False,"['Rhyhorn', 'Hitmonchan', 'Ivysaur', 'Meowth', 'Tentacool', 'Charmeleon']","['Rhyhorn', 'Hitmonchan', 'Ivysaur', 'Meowth', 'Tentacool', 'Charmeleon']",39,15,17
smogtours-gen1nu-740597,[Gen 1] NU,2024-01-21 05:35:09,,kangaskhan41867,absol86495,kangaskhan41867,False,"['Venomoth', 'Electrode', 'Raticate', 'Mr. Mime', 'Clefable', 'Blastoise']","['Seadra', 'Venomoth', 'Electrode', 'Mr. Mime', 'Clefable', 'Blastoise']",29,8,7
smogtours-gen1nu-819838,[Gen 1] NU,2025-02-15 00:04:59,,icywind98531,aquaring89206,icywind98531,False,"['Charizard', 'Nidoking', 'Poliwrath', 'Mr. Mime', 'Fearow']","['Seadra', 'Moltres', 'Charizard', 'Magneton', 'Nidoking', 'Poliwrath']",29,9,10
gen1nu-2276920639,[Gen 1] NU,2025-01-07 23:27:34,,revenge71921,bulletpunch83527,revenge71921,False,"['Charizard', 'Exeggcute', 'Wigglytuff', 'Mr. Mime', 'Magmar', 'Blastoise']","['Moltres', 'Kabutops', 'Poliwrath', 'Mr. Mime', 'Arcanine', 'Venusaur']",33,9,7
smogtours-gen1nu-779494,[Gen 1] NU,2024-07-11 01:45:19,,denpowerghost39436,ponyta53394,ponyta53394,False,"['Venomoth', 'Staryu', 'Charizard', 'Raticate', 'Graveler', 'Venusaur']","['Venomoth', 'Charizard', 'Aerodactyl', 'Mr. Mime', 'Blastoise']",28,12,9
smogtours-gen1nu-785867,[Gen 1] NU,2024-08-16 22:12:34,,healbell54317,recover74685,healbell54317,False,"['Moltres', 'Venomoth', 'Charizard', 'Aerodactyl', 'Raticate', 'Fearow']","['Venomoth', 'Charizard', 'Porygon', 'Raticate', 'Mr. Mime', 'Blastoise']",29,10,9
gen1nu-2070832959,[Gen 1] NU,2024-03-01 04:12:55,,punishment38172,revenge71921,revenge71921,False,"['Golduck', 'Charizard', 'Aerodactyl', 'Exeggcute', 'Kabutops', 'Mr. Mime']","['Golduck', 'Venomoth', 'Charizard', 'Nidoqueen', 'Mr. Mime', 'Fearow']",30,10,6
violetversion-gen1nu-2925,[Gen 1] NU,2017-01-01 20:40:25,,ddenpowerfire30449,armthrust70480,armthrust70480,True,"['Scyther', 'Venomoth', 'Staryu', 'Nidoking', 'Arcanine', 'Blastoise']","['Pidgeot', 'Omastar', 'Nidoking', 'Weepinbell', 'Arcanine']",33,16,9
smogtours-gen1nu-831537,[Gen 1] NU,2025-04-06 21:14:59,,ponyta53394,poisonpowder88566,poisonpowder88566,False,"['Venomoth', 'Charizard', 'Aerodactyl', 'Mr. Mime', 'Fearow', 'Blastoise']","['Venomoth', 'Charizard', 'Kabutops', 'Poliwhirl', 'Mr. Mime', 'Fearow']",41,15,13
smogtours-gen1nu-780423,[Gen 1] NU,2024-07-14 22:47:48,,wacanberry11962,innerfocus97582,wacanberry11962,False,"['Moltres', 'Venomoth', 'Charizard', 'Nidoking', 'Raticate']","['Venomoth', 'Aerodactyl', 'Magneton', 'Nidoking', 'Raticate', 'Mr. Mime']",32,11,14
gen1nu-2275790549,[Gen 1] NU,2025-01-06 02:51:33,,revenge71921,bulletpunch83527,bulletpunch83527,True,"['Venomoth', 'Charizard', 'Magneton', 'Kabutops', 'Machamp', 'Mr. Mime']","['Venomoth', 'Charizard', 'Nidoking', 'Kabutops', 'Mr. Mime']",20,6,5
smogtours-gen1nu-641887,[Gen 1] NU,2022-08-05 17:27:50,,encore90411,manaphy22907,encore90411,True,"['Charizard', 'Poliwhirl', 'Golem', 'Mr. Mime', 'Clefable']","['Moltres', 'Charizard', 'Nidoking', 'Poliwhirl', 'Mr. Mime', 'Clefable']",37,5,7
smogtours-gen1nu-643930,[Gen 1] NU,2022-08-15 00:05:17,,noability19212,honeygather86735,noability19212,False,"[""Farfetch'D"", 'Ivysaur', 'Shellder', 'Meowth', 'Charmeleon', 'Golbat']","['Voltorb', 'Hitmonchan', 'Meowth', 'Tentacool', 'Gloom', 'Charmeleon']",27,9,11
smogtours-gen1nu-811060,[Gen 1] NU,2024-12-20 21:55:21,,razzberry64813,thrash54054,thrash54054,False,"['Seadra', 'Venomoth', 'Charizard', 'Magneton', 'Kabutops', 'Mr. Mime']","['Charizard', 'Magneton', 'Poliwrath', 'Mr. Mime', 'Fearow', 'Blastoise']",32,11,11
smogtours-gen1nu-800082,[Gen 1] NU,2024-10-19 20:18:50,,mudsport71981,heatran43293,mudsport71981,False,"['Charizard', 'Magneton', 'Poliwrath', 'Poliwhirl', 'Mr. Mime', 'Fearow']","['Seadra', 'Charizard', 'Poliwrath', 'Mr. Mime', 'Arcanine', 'Venusaur']",28,9,8
gen1nu-2271744024,[Gen 1] NU,2024-12-29 23:25:04,,revenge71921,bulletpunch83527,revenge71921,True,"['Venomoth', 'Magneton', 'Kabutops', 'Machamp', 'Mr. Mime']","['Arcanine', 'Charizard', 'Venomoth']",15,4,2
gen1nu-2275290196,[Gen 1] NU,2025-01-05 05:58:28,,poliwhirl66423,bulletpunch83527,poliwhirl66423,False,"['Kingler', 'Seadra', 'Charizard', 'Exeggcute', 'Mr. Mime', 'Fearow']","['Charizard', 'Aerodactyl', 'Gastly', 'Raticate', 'Mr. Mime', 'Blastoise']",27,7,8
gen1nu-2275182308,[Gen 1] NU,2025-01-05 01:31:23,,poliwhirl66423,bulletpunch83527,bulletpunch83527,True,"['Rapidash', 'Aerodactyl', 'Poliwrath', 'Mr. Mime', 'Venusaur']","['Venomoth', 'Aerodactyl', 'Magneton', 'Mr. Mime', 'Blastoise']",19,5,5
gen1nu-2277165044,[Gen 1] NU,2025-01-08 10:37:39,,revenge71921,bulletpunch83527,revenge71921,True,"['Venomoth', 'Charizard', 'Mr. Mime', 'Fearow', 'Blastoise', 'Abra']","['Seadra', 'Golduck', 'Charizard', 'Kabutops', 'Mr. Mime', 'Venusaur']",31,8,10
gen1nu-2066901110,[Gen 1] NU,2024-02-24 22:52:41,,ampharos18190,recover74685,recover74685,False,"['Venomoth', 'Charizard', 'Nidoking', 'Wigglytuff', 'Mr. Mime', 'Blastoise']","['Charizard', 'Raticate', 'Kabutops', 'Mr. Mime', 'Arcanine', 'Venusaur']",29,12,10
smogtours-gen1nu-713114,[Gen 1] NU,2023-08-30 22:45:17,,fissure61188,aquaring89206,fissure61188,False,"['Venomoth', 'Charizard', 'Electrode', 'Nidoking', 'Mr. Mime', 'Blastoise']","['Venomoth', 'Charizard', 'Raticate', 'Mr. Mime', 'Clefable', 'Blastoise']",42,12,14
smogtours-gen1nu-797343,[Gen 1] NU,2024-10-12 02:18:53,,barrage50572,heatran43293,barrage50572,False,"['Seadra', 'Venomoth', 'Magneton', 'Kabutops', 'Mr. Mime', 'Blastoise']","['Golduck', 'Charizard', 'Mr. Mime', 'Arcanine', 'Fearow', 'Gastly']",52,10,10
smogtours-gen1nu-813970,[Gen 1] NU,2025-01-12 19:56:37,,bulletseed19358,wingattack30461,bulletseed19358,False,"['Venomoth', 'Charizard', 'Raticate', 'Poliwrath', 'Kabutops', 'Mr. Mime']","['Charizard', 'Porygon', 'Magneton', 'Poliwhirl', 'Poliwrath', 'Mr. Mime']",35,9,11
smogtours-gen1nu-720504,[Gen 1] NU,2023-09-30 20:15:59,,innerfocus97582,waterpulse35893,waterpulse35893,False,"['Venomoth', 'Charizard', 'Nidoking', 'Mr. Mime', 'Clefable', 'Blastoise']","['Venomoth', 'Charizard', 'Wigglytuff', 'Mr. Mime', 'Blastoise']",32,10,5
smogtours-gen1nu-739026,[Gen 1] NU,2024-01-13 19:14:05,,quickclaw83695,mudsport71981,mudsport71981,False,"['Seadra', 'Charizard', 'Nidoking', 'Mr. Mime', 'Clefable', 'Blastoise']","['Wigglytuff', 'Raticate', 'Mr. Mime', 'Clefable', 'Blastoise']",28,10,4
gen1nu-2276473601,[Gen 1] NU,2025-01-07 06:38:49,,revenge71921,bulletpunch83527,revenge71921,True,"['Rapidash', 'Aerodactyl', 'Wigglytuff', 'Poliwrath', 'Mr. Mime', 'Venusaur']","['Moltres', 'Venomoth', 'Charizard', 'Poliwrath', 'Mr. Mime', 'Arcanine']",36,5,9
gen1nu-2065285144,[Gen 1] NU,2024-02-22 18:00:18,1195,rollout94469,psychoboost81606,psychoboost81606,False,"['Moltres', 'Exeggcute', 'Wigglytuff', 'Poliwrath', 'Mr. Mime', 'Golbat']","['Charizard', 'Magneton', 'Wigglytuff', 'Mr. Mime', 'Venusaur', 'Blastoise']",54,11,12
gen1nu-2277161914,[Gen 1] NU,2025-01-08 10:27:39,,revenge71921,bulletpunch83527,bulletpunch83527,True,"['Pidgeot', 'Charizard', 'Kabutops', 'Poliwrath', 'Mr. Mime', 'Parasect']","['Seadra', 'Golduck', 'Charizard', 'Kabutops', 'Mr. Mime', 'Venusaur']",26,10,8
gen1nu-2125276727,[Gen 1] NU,2024-05-18 03:06:03,,calmmind8048,rollout94469,calmmind8048,False,"['Aerodactyl', 'Nidoking', 'Wigglytuff', 'Raticate', 'Poliwrath', 'Mr. Mime']","['Seadra', 'Venomoth', 'Charizard', 'Raticate', 'Mr. Mime', 'Blastoise']",26,7,6
gen1nu-2061060605,[Gen 1] NU,2024-02-16 22:47:11,1078,woodhammer66942,mismagius33077,mismagius33077,True,"['Golduck', 'Charizard', 'Magneton', 'Raticate', 'Mr. Mime', 'Venusaur']","['Moltres', 'Golduck', 'Venomoth', 'Aerodactyl', 'Mr. Mime', 'Magmar']",29,9,8
gen1nu-2064520713,[Gen 1] NU,2024-02-21 18:05:40,1222,rollout94469,mismagius33077,rollout94469,False,"['Moltres', 'Exeggcute', 'Wigglytuff', 'Poliwrath', 'Mr. Mime', 'Golbat']","['Moltres', 'Golduck', 'Venomoth', 'Aerodactyl', 'Mr. Mime', 'Magmar']",42,14,9
smogtours-gen1nu-714487,[Gen 1] NU,2023-09-06 12:20:48,,golduck35019,magnetpull75337,golduck35019,False,"['Venomoth', 'Electrode', 'Mr. Mime', 'Clefable', 'Blastoise']","['Kingler', 'Venomoth', 'Charizard', 'Mr. Mime', 'Clefable', 'Blastoise']",33,7,11
gen1nu-2054264046,[Gen 1] NU,2024-02-07 23:43:27,,poisonpowder88566,recover74685,recover74685,True,"['Venomoth', 'Charizard', 'Aerodactyl', 'Magneton', 'Poliwhirl', 'Mr. Mime']","['Moltres', 'Venomoth', 'Aerodactyl', 'Raticate', 'Poliwrath', 'Mr. Mime']",37,7,6
smogtours-gen1nu-777630,[Gen 1] NU,2024-06-30 17:22:55,,waterfall8105,aeroblast8709,aeroblast8709,True,"['Venomoth', 'Charizard', 'Aerodactyl', 'Raticate', 'Mr. Mime', 'Blastoise']","['Seadra', 'Venomoth', 'Charizard', 'Aerodactyl', 'Raticate']",34,16,11
smogtours-gen1nu-663294,[Gen 1] NU,2022-11-30 20:29:44,,hustle11937,nomove62031,nomove62031,False,"['Staryu', 'Sandslash', 'Omanyte', 'Nidoqueen', 'Seaking', 'Drowzee']","['Staryu', 'Rapidash', 'Nidoqueen', 'Seaking', 'Drowzee', 'Arcanine']",42,18,13
gen1nu-2204591217,[Gen 1] NU,2024-09-18 20:52:47,,poisonpowder88566,stoneplate55960,stoneplate55960,False,"['Seadra', 'Charizard', 'Aerodactyl', 'Raticate', 'Fearow', 'Gastly']","['Charizard', 'Magneton', 'Poliwrath', 'Mr. Mime', 'Arcanine']",32,9,10
smogtours-gen1nu-661680,[Gen 1] NU,2022-11-16 21:06:45,,hustle11937,magicalleaf6788,hustle11937,False,"['Poliwag', 'Rapidash', 'Pinsir', 'Nidoqueen', 'Seaking', 'Arcanine']","['Staryu', 'Rapidash', 'Pinsir', 'Dragonair', 'Nidoqueen', 'Gastly']",54,15,13
smogtours-gen1nu-659342,[Gen 1] NU,2022-11-05 13:52:44,,mawile36886,honeygather86735,mawile36886,False,"['Moltres', 'Charizard', 'Poliwhirl', 'Golem', 'Mr. Mime', 'Clefable']","['Venomoth', 'Charizard', 'Kabutops', 'Poliwhirl', 'Mr. Mime', 'Clefable']",61,8,17
smogtours-gen1nu-672505,[Gen 1] NU,2023-02-03 18:24:58,,jolteon92120,truant84021,truant84021,False,"['Venomoth', 'Charizard', 'Kabutops', 'Mr. Mime', 'Clefable', 'Blastoise']","['Charizard', 'Kabutops', 'Mr. Mime', 'Clefable', 'Blastoise']",47,9,7
gen1nu-2059273419,[Gen 1] NU,2024-02-14 16:54:49,1036,bounce8637,blaziken80297,blaziken80297,False,"['Kingler', 'Moltres', 'Venomoth', 'Nidoking', 'Raticate', 'Mr. Mime']","['Charizard', 'Porygon', 'Mr. Mime', 'Parasect', 'Blastoise']",44,6,7
smogtours-gen1nu-792010,[Gen 1] NU,2024-09-22 14:11:46,,powerherb16934,cascoon94634,cascoon94634,False,"['Venomoth', 'Charizard', 'Aerodactyl', 'Raticate', 'Mr. Mime', 'Blastoise']","['Venomoth', 'Charizard', 'Magneton', 'Poliwrath', 'Mr. Mime', 'Blastoise']",59,17,20
gen1nu-2070807860,[Gen 1] NU,2024-03-01 03:21:25,,punishment38172,revenge71921,punishment38172,False,"['Golduck', 'Charizard', 'Aerodactyl', 'Poliwrath', 'Mr. Mime', 'Venusaur']","['Charizard', 'Exeggcute', 'Wigglytuff', 'Poliwrath', 'Mr. Mime', 'Golbat']",35,7,9
smogtours-gen1nu-789984,[Gen 1] NU,2024-09-08 20:24:54,,recover74685,cascoon94634,cascoon94634,False,"['Moltres', 'Seadra', 'Venomoth', 'Charizard', 'Mr. Mime', 'Blastoise']","['Moltres', 'Seadra', 'Venomoth', 'Charizard', 'Poliwrath', 'Mr. Mime']",34,10,9
smogtours-gen1nu-785262,[Gen 1] NU,2024-08-11 15:27:44,,machpunch62379,rotomfan35023,machpunch62379,False,"['Arcanine', 'Poliwrath', 'Mr. Mime']","['Moltres', 'Venomoth', 'Charizard', 'Raticate', 'Mr. Mime', 'Gastly']",21,2,5
smogtours-gen1nu-784777,[Gen 1] NU,2024-08-08 22:36:54,,recover74685,probopass706,recover74685,False,"['Seadra', 'Moltres', 'Charizard', 'Raticate', 'Poliwrath', 'Fearow']","['Venomoth', 'Charizard', 'Kabutops', 'Raticate', 'Mr. Mime', 'Blastoise']",36,9,10
gen1nu-2061193825,[Gen 1] NU,2024-02-17 03:03:09,1039,sunkern50532,mismagius33077,sunkern50532,True,"['Venomoth', 'Charizard', 'Porygon', 'Aerodactyl', 'Lickitung']","['Moltres', 'Golduck', 'Venomoth', 'Aerodactyl', 'Mr. Mime', 'Magmar']",32,10,8
gen1nu-2278895525,[Gen 1] NU,2025-01-11 02:30:46,,revenge71921,blizzard53783,revenge71921,False,"['Scyther', 'Venomoth', 'Exeggcute', 'Kabutops', 'Mr. Mime', 'Slowpoke']","['Venomoth', 'Charizard', 'Nidoking', 'Raticate', 'Kabutops', 'Mr. Mime']",24,7,7
gen1nu-2275230458,[Gen 1] NU,2025-01-05 03:21:45,,poliwhirl66423,bulletpunch83527,bulletpunch83527,False,"['Venomoth', 'Charizard', 'Porygon', 'Wigglytuff', 'Arbok', 'Mr. Mime']","['Venomoth', 'Charizard', 'Nidoking', 'Raticate', 'Kabutops', 'Mr. Mime']",40,7,8
gen1nu-2276540648,[Gen 1] NU,2025-01-07 10:29:15,,revenge71921,bulletpunch83527,revenge71921,False,"['Venomoth', 'Charizard', 'Fearow', 'Blastoise', 'Abra']","['Moltres', 'Venomoth', 'Charizard', 'Poliwrath', 'Mr. Mime', 'Arcanine']",32,7,7
gen1nu-2066284719,[Gen 1] NU,2024-02-23 23:51:59,1151,raindish97917,mismagius33077,mismagius33077,True,"['Moltres', 'Venomoth', 'Aerodactyl', 'Wigglytuff', 'Mr. Mime', 'Blastoise']","['Moltres', 'Golduck', 'Venomoth', 'Mr. Mime', 'Magmar']",48,12,5
gen1nu-2144717768,[Gen 1] NU,2024-06-17 03:00:05,,mismagius33077,kangaskhan44566,kangaskhan44566,False,"['Nidoking', 'Exeggcute', 'Wigglytuff', 'Poliwhirl', 'Mr. Mime', 'Magmar']","['Charizard', 'Magneton', 'Exeggcute', 'Raticate', 'Mr. Mime', 'Primeape']",31,9,7
gen1nu-2176376604,[Gen 1] NU,2024-08-09 01:09:02,,rollout94469,punishment38172,rollout94469,False,"['Aerodactyl', 'Raticate', 'Blastoise', 'Mr. Mime', 'Fearow', 'Gastly']","['Golduck', 'Venomoth', 'Aerodactyl', 'Wigglytuff', 'Poliwrath', 'Mr. Mime']",30,7,6
smogtours-gen1nu-675767,[Gen 1] NU,2023-02-19 03:12:45,,jolteon92120,magnetpull75337,jolteon92120,False,"['Clefable', 'Venomoth', 'Charizard', 'Mr. Mime']","['Venomoth', 'Charizard', 'Golem', 'Mr. Mime', 'Clefable', 'Blastoise']",25,4,9
gen1nu-2139148099,[Gen 1] NU,2024-06-08 03:37:29,,mismagius33077,kangaskhan44566,kangaskhan44566,False,"['Seadra', 'Aerodactyl', 'Exeggcute', 'Wigglytuff', 'Mr. Mime', 'Magmar']","['Seadra', 'Charizard', 'Magneton', 'Mr. Mime', 'Venusaur', 'Fearow']",43,11,10
smogtours-gen1nu-663438,[Gen 1] NU,2022-12-02 21:12:06,,perish13441,suctioncups74146,perish13441,False,"['Vileplume', 'Rapidash', 'Omanyte', 'Nidoqueen', 'Seaking', 'Fearow']","['Staryu', 'Rapidash', 'Nidoqueen', 'Graveler', 'Dragonair', 'Drowzee']",54,13,19
gen1nu-2139150427,[Gen 1] NU,2024-06-08 03:43:19,,mismagius33077,kangaskhan44566,kangaskhan44566,False,"['Kingler', 'Seadra', 'Exeggcute', 'Wigglytuff', 'Mr. Mime', 'Magmar']","['Charizard', 'Magneton', 'Exeggcute', 'Raticate', 'Mr. Mime', 'Primeape']",30,8,10
gen1nu-2059243141,[Gen 1] NU,2024-02-14 16:09:40,1065,synchronize99564,stoneplate55960,stoneplate55960,True,"['Charizard', 'Butterfree', 'Sandslash', 'Magmar', 'Primeape', 'Venusaur']",['Poliwhirl'],9,6,0
smogtours-gen1nu-817863,[Gen 1] NU,2025-02-03 02:19:14,,mudsport71981,ponyta53394,ponyta53394,False,"['Moltres', 'Charizard', 'Porygon', 'Magneton', 'Poliwrath', 'Mr. Mime']","['Seadra', 'Charizard', 'Poliwhirl', 'Graveler', 'Mr. Mime', 'Fearow']",25,11,8
smogtours-gen1nu-664794,[Gen 1] NU,2022-12-12 21:14:36,,xscissor38348,kangaskhan41867,xscissor38348,False,"['Venomoth', 'Charizard', 'Kabutops', 'Mr. Mime', 'Clefable', 'Blastoise']","['Kingler', 'Nidoking', 'Kabutops', 'Mr. Mime', 'Clefable', 'Blastoise']",35,7,7
smogtours-gen1nu-664293,[Gen 1] NU,2022-12-10 22:17:30,,noability19212,plusle34440,plusle34440,False,"['Staryu', 'Rapidash', 'Pinsir', 'Nidoqueen', 'Slowpoke', 'Abra']","['Staryu', 'Rapidash', 'Nidoqueen', 'Graveler', 'Drowzee', 'Magmar']",21,6,7
gen1nu-2278388483,[Gen 1] NU,2025-01-10 08:34:31,,revenge71921,blizzard53783,blizzard53783,True,"['Scyther', 'Venomoth', 'Exeggcute', 'Kabutops', 'Mr. Mime', 'Slowpoke']","['Venomoth', 'Charizard', 'Nidoking', 'Raticate', 'Mr. Mime']",29,10,8
smogtours-gen1nu-701482,[Gen 1] NU,2023-07-07 14:09:08,,noability19212,hitmonlee85378,hitmonlee85378,True,"['Venomoth', 'Charizard', 'Golem', 'Mr. Mime', 'Clefable', 'Blastoise']","['Venomoth', 'Charizard', 'Wigglytuff', 'Mr. Mime', 'Clefable', 'Blastoise']",35,12,9
gen1nu-2278315063,[Gen 1] NU,2025-01-10 04:43:50,,revenge71921,blizzard53783,revenge71921,False,"['Scyther', 'Venomoth', 'Exeggcute', 'Kabutops', 'Mr. Mime', 'Slowpoke']","['Venomoth', 'Charizard', 'Nidoking', 'Raticate', 'Kabutops', 'Mr. Mime']",37,10,6
smogtours-gen1nu-793425,[Gen 1] NU,2024-09-29 18:07:37,,powerherb16934,drought77787,powerherb16934,False,"['Seadra', 'Moltres', 'Charizard', 'Raticate', 'Poliwrath', 'Fearow']","['Moltres', 'Venomoth', 'Charizard', 'Mr. Mime', 'Arcanine', 'Blastoise']",32,8,10
smogtours-gen1nu-844088,[Gen 1] NU,2025-05-18 21:18:21,,powerherb16934,belueberry80725,powerherb16934,True,"['Moltres', 'Venomoth', 'Charizard', 'Aerodactyl', 'Raticate', 'Fearow']","['Charizard', 'Raticate', 'Poliwrath', 'Graveler', 'Mr. Mime', 'Fearow']",25,7,7
smogtours-gen1nu-665098,[Gen 1] NU,2022-12-15 20:17:21,,hustle11937,koffing28618,hustle11937,True,"['Staryu', 'Dragonair', 'Nidoqueen', 'Seaking', 'Drowzee']","['Staryu', 'Vileplume', 'Nidoqueen', 'Omanyte', 'Seaking', 'Slowpoke']",41,8,13
gen1nu-2056496010,[Gen 1] NU,2024-02-10 22:51:08,1039,sweetscent76460,omastar20158,omastar20158,False,"['Kingler', 'Venomoth', 'Charizard', 'Nidoking', 'Mr. Mime', 'Blastoise']","['Venomoth', 'Flareon', 'Wigglytuff', 'Mr. Mime', 'Blastoise']",24,7,6
gen1nu-2093896996,[Gen 1] NU,2024-04-01 22:42:49,,chatot28777,whismur94038,whismur94038,False,"['Golduck', 'Aerodactyl', 'Dragonair', 'Kabutops', 'Mr. Mime', 'Venusaur']","['Golduck', 'Rapidash', 'Nidoking', 'Raticate', 'Poliwrath', 'Mr. Mime']",33,7,15
gen1nu-2212598781,[Gen 1] NU,2024-09-30 05:09:31,,mismagius33077,flash82357,flash82357,False,"['Seadra', 'Exeggcute', 'Wigglytuff', 'Graveler', 'Mr. Mime', 'Magmar']","['Golduck', 'Venomoth', 'Charizard', 'Fearow']",33,12,8
smogtours-gen1nu-714205,[Gen 1] NU,2023-09-04 03:37:58,,kangaskhan41867,innerfocus97582,innerfocus97582,False,"['Venomoth', 'Charizard', 'Wigglytuff', 'Mr. Mime', 'Clefable', 'Blastoise']","['Venomoth', 'Charizard', 'Golem', 'Mr. Mime', 'Clefable', 'Blastoise']",38,9,9
gen1nu-2160474722,[Gen 1] NU,2024-07-13 23:41:48,,poliwrath3176,aquajet31035,aquajet31035,False,"['Golduck', 'Charizard', 'Magneton', 'Nidoking', 'Poliwrath', 'Mr. Mime']","['Charizard', 'Aerodactyl', 'Raticate', 'Kabutops', 'Mr. Mime', 'Gastly']",22,6,5
gen1nu-2062466851,[Gen 1] NU,2024-02-19 00:42:50,,diglett37152,punishment38172,diglett37152,False,"['Golduck', 'Venomoth', 'Aerodactyl', 'Nidoking', 'Mr. Mime', 'Magmar']","['Golduck', 'Venomoth', 'Aerodactyl', 'Magneton', 'Wigglytuff', 'Mr. Mime']",29,8,11
smogtours-gen1nu-786083,[Gen 1] NU,2024-08-17 22:13:43,,clefairy19286,wacanberry11962,clefairy19286,True,"['Kingler', 'Venomoth', 'Charizard', 'Raticate', 'Mr. Mime', 'Blastoise']","['Seadra', 'Venomoth', 'Charizard', 'Raticate', 'Mr. Mime', 'Fearow']",18,5,8
smogtours-gen1nu-720643,[Gen 1] NU,2023-10-01 01:14:02,,rotomfan35023,jolteon92120,jolteon92120,True,"['Moltres', 'Venomoth', 'Charizard', 'Mr. Mime', 'Clefable', 'Blastoise']","['Venomoth', 'Charizard', 'Nidoking', 'Mr. Mime', 'Clefable', 'Blastoise']",46,12,13
gen1nu-2137794411,[Gen 1] NU,2024-06-06 01:53:51,,mismagius33077,kangaskhan44566,mismagius33077,False,"['Seadra', 'Exeggcute', 'Wigglytuff', 'Mr. Mime', 'Magmar']","['Seadra', 'Charizard', 'Magneton', 'Mr. Mime', 'Venusaur', 'Fearow']",28,4,10
smogtours-gen1nu-817054,[Gen 1] NU,2025-01-31 21:11:42,,needlearm59980,confuseray41666,confuseray41666,False,"['Moltres', 'Charizard', 'Porygon', 'Magneton', 'Poliwrath', 'Mr. Mime']","['Venomoth', 'Charizard', 'Graveler', 'Poliwrath', 'Mr. Mime', 'Fearow']",35,9,12
gen1nu-2274642502,[Gen 1] NU,2025-01-04 02:24:04,,poliwhirl66423,bulletpunch83527,poliwhirl66423,False,"['Rapidash', 'Aerodactyl', 'Wigglytuff', 'Poliwrath', 'Mr. Mime', 'Venusaur']","['Venomoth', 'Charizard', 'Nidoking', 'Kabutops', 'Raticate', 'Mr. Mime']",37,9,13
gen1nu-2277062032,[Gen 1] NU,2025-01-08 04:57:56,,revenge71921,bulletpunch83527,revenge71921,True,"['Charizard', 'Exeggcute', 'Wigglytuff', 'Mr. Mime', 'Blastoise']","['Venomoth', 'Charizard', 'Nidoking', 'Raticate', 'Mr. Mime']",22,8,7
gen1nu-2276894495,[Gen 1] NU,2025-01-07 22:33:07,,revenge71921,bulletpunch83527,revenge71921,False,"['Venomoth', 'Charizard', 'Raticate', 'Mr. Mime', 'Muk']","['Venomoth', 'Charizard', 'Nidoking', 'Raticate', 'Kabutops', 'Mr. Mime']",23,6,7
smogtours-gen1nu-665400,[Gen 1] NU,2022-12-18 18:59:33,,luckypunch52209,luvdisc61803,luckypunch52209,False,"['Staryu', 'Nidoqueen', 'Omanyte', 'Drowzee', 'Slowpoke', 'Abra']","['Staryu', 'Rapidash', 'Pinsir', 'Nidoqueen', 'Arcanine', 'Gastly']",37,12,11
smogtours-gen1nu-665884,[Gen 1] NU,2022-12-22 13:09:20,,deoxysdefense78874,magnetpull75337,deoxysdefense78874,False,"['Kingler', 'Venomoth', 'Charizard', 'Mr. Mime', 'Clefable', 'Blastoise']","['Venomoth', 'Charizard', 'Golem', 'Mr. Mime', 'Clefable', 'Blastoise']",34,8,10
gen1nu-2276415520,[Gen 1] NU,2025-01-07 03:51:28,,revenge71921,bulletpunch83527,revenge71921,False,"['Charizard', 'Flareon', 'Exeggcute', 'Wigglytuff', 'Poliwrath', 'Mr. Mime']","['Moltres', 'Venomoth', 'Charizard', 'Poliwrath', 'Mr. Mime', 'Arcanine']",32,12,8
smogtours-gen1nu-818570,[Gen 1] NU,2025-02-08 16:20:03,,bide85657,needlearm59980,needlearm59980,False,"['Moltres', 'Venomoth', 'Magneton', 'Mr. Mime', 'Fearow', 'Blastoise']","['Venomoth', 'Charizard', 'Exeggcute', 'Kabutops', 'Mr. Mime', 'Blastoise']",59,22,18
smogtours-gen1nu-743096,[Gen 1] NU,2024-01-28 21:41:38,,mudsport71981,kangaskhan41867,mudsport71981,False,"['Moltres', 'Venomoth', 'Raticate', 'Mr. Mime', 'Clefable', 'Arcanine']","['Venomoth', 'Electrode', 'Golem', 'Mr. Mime', 'Fearow', 'Blastoise']",32,10,13
smogtours-gen1nu-663487,[Gen 1] NU,2022-12-03 01:55:26,,golduck35019,whismur95661,golduck35019,True,"['Venomoth', 'Charizard', 'Mr. Mime', 'Clefable', 'Blastoise']","['Ninetales', 'Charizard', 'Nidoking', 'Mr. Mime', 'Clefable', 'Blastoise']",28,6,7
smogtours-gen1nu-645917,[Gen 1] NU,2022-09-01 13:13:43,,spikecannon99072,hitmonchan30284,hitmonchan30284,False,"['Charizard', 'Raticate', 'Poliwhirl', 'Mr. Mime', 'Clefable', 'Blastoise']","['Venomoth', 'Charizard', 'Kabutops', 'Poliwhirl', 'Mr. Mime', 'Clefable']",34,12,14
smogtours-gen1nu-790102,[Gen 1] NU,2024-09-09 14:36:30,,arceusghost51402,poisonpowder88566,poisonpowder88566,False,"['Venomoth', 'Charizard', 'Raticate', 'Mr. Mime', 'Arcanine', 'Fearow']","['Charizard', 'Magneton', 'Raticate', 'Poliwrath', 'Mr. Mime', 'Fearow']",24,5,7
smogtours-gen1nu-789992,[Gen 1] NU,2024-09-08 20:31:51,,recover74685,cascoon94634,cascoon94634,False,"['Seadra', 'Moltres', 'Charizard', 'Raticate', 'Poliwrath', 'Fearow']","['Moltres', 'Seadra', 'Raticate', 'Poliwrath', 'Mr. Mime', 'Arcanine']",31,9,9
smogtours-gen1nu-648017,[Gen 1] NU,2022-09-11 21:30:51,,mareep93864,cascoon94634,cascoon94634,True,"['Charizard', 'Raticate', 'Golem', 'Mr. Mime', 'Clefable', 'Blastoise']","['Venomoth', 'Charizard', 'Golem', 'Mr. Mime', 'Clefable', 'Blastoise']",30,12,7
smogtours-gen1nu-812470,[Gen 1] NU,2025-01-03 18:20:43,,hitmonchan26625,victreebel55835,victreebel55835,True,"['Venomoth', 'Aerodactyl', 'Wigglytuff', 'Raticate', 'Fearow', 'Gastly']","['Seadra', 'Venomoth', 'Magneton', 'Mr. Mime', 'Blastoise']",21,7,6
smogtours-gen1nu-791099,[Gen 1] NU,2024-09-15 22:28:00,,machpunch62379,cascoon94634,cascoon94634,False,"['Seadra', 'Moltres', 'Venomoth', 'Charizard', 'Raticate', 'Mr. Mime']","['Moltres', 'Venomoth', 'Charizard', 'Magneton', 'Poliwrath', 'Mr. Mime']",32,5,6
gen1nu-2139136387,[Gen 1] NU,2024-06-08 03:08:30,,mismagius33077,kangaskhan44566,kangaskhan44566,False,"['Seadra', 'Exeggcute', 'Wigglytuff', 'Raticate', 'Mr. Mime', 'Magmar']","['Seadra', 'Charizard', 'Magneton', 'Mr. Mime', 'Venusaur', 'Fearow']",34,8,9
gen1nu-2275772277,[Gen 1] NU,2025-01-06 02:10:46,,revenge71921,bulletpunch83527,revenge71921,True,"['Mr. Mime', 'Wigglytuff', 'Porygon']","['Venomoth', 'Charizard', 'Nidoking', 'Raticate', 'Kabutops', 'Mr. Mime']",21,2,5
smogtours-gen1nu-596766,[Gen 1] NU,2021-12-10 21:17:28,,spiderweb27115,meditate33036,spiderweb27115,True,"['Kingler', 'Venomoth', 'Charizard', 'Golem', 'Clefable', 'Primeape']","['Nidoking', 'Kabutops', 'Poliwhirl', 'Mr. Mime', 'Clefable', 'Blastoise']",40,9,15
smogtours-gen1nu-819705,[Gen 1] NU,2025-02-14 01:13:34,,recover74685,magmortar19991,magmortar19991,False,"['Seadra', 'Aerodactyl', 'Magneton', 'Poliwrath', 'Mr. Mime', 'Arcanine']","['Kingler', 'Poliwrath', 'Graveler', 'Mr. Mime', 'Fearow']",23,11,8
gen1nu-2060427717,[Gen 1] NU,2024-02-16 02:53:23,,punishment38172,rollout94469,rollout94469,False,"['Kingler', 'Venomoth', 'Aerodactyl', 'Magneton', 'Mr. Mime', 'Blastoise']","['Venomoth', 'Charizard', 'Flareon', 'Wigglytuff', 'Mr. Mime', 'Blastoise']",36,13,11
gen1nu-2272500698,[Gen 1] NU,2024-12-31 07:26:29,,kangaskhan44566,revenge71921,revenge71921,True,"['Magneton', 'Sandslash', 'Lickitung', 'Mr. Mime', 'Arcanine', 'Fearow']","['Golduck', 'Venomoth', 'Charizard', 'Nidoqueen', 'Fearow']",27,9,10
smogtours-gen1nu-663371,[Gen 1] NU,2022-12-01 20:35:20,,chinchou58618,alakazam8068,alakazam8068,False,"['Staryu', 'Rapidash', 'Pinsir', 'Nidoqueen', 'Omanyte', 'Slowpoke']","['Staryu', 'Rapidash', 'Nidoqueen', 'Graveler', 'Drowzee', 'Magmar']",35,14,8
smogtours-gen1nu-815654,[Gen 1] NU,2025-01-24 14:21:43,,wacanberry11962,poisonpowder88566,wacanberry11962,False,"['Moltres', 'Venomoth', 'Charizard', 'Porygon', 'Poliwrath', 'Mr. Mime']","['Seadra', 'Venomoth', 'Charizard', 'Magneton', 'Raticate', 'Fearow']",32,8,9
gen1nu-2204633202,[Gen 1] NU,2024-09-18 22:09:22,,stoneplate55960,deoxysattack50804,stoneplate55960,False,"['Moltres', 'Kabutops', 'Poliwrath', 'Mr. Mime', 'Arcanine', 'Venusaur']","['Venomoth', 'Charizard', 'Magneton', 'Raticate', 'Kabutops', 'Mr. Mime']",44,9,13
smogtours-gen1nu-814527,[Gen 1] NU,2025-01-18 02:41:12,,needlearm59980,ddenpowerdark55312,needlearm59980,True,"['Moltres', 'Magneton', 'Mr. Mime', 'Venomoth']","['Seadra', 'Charizard', 'Raticate', 'Poliwrath', 'Poliwhirl', 'Mr. Mime']",31,12,13
gen1nu-2276449477,[Gen 1] NU,2025-01-07 05:18:34,,revenge71921,bulletpunch83527,bulletpunch83527,True,"['Venomoth', 'Charizard', 'Mr. Mime', 'Fearow', 'Blastoise', 'Abra']","['Venomoth', 'Charizard', 'Nidoking', 'Kabutops', 'Raticate', 'Mr. Mime']",28,7,7
smogtours-gen1nu-704186,[Gen 1] NU,2023-07-18 18:00:20,,lick25189,quickclaw83695,lick25189,False,"['Moltres', 'Ninetales', 'Nidoking', 'Mr. Mime', 'Clefable', 'Blastoise']","['Venomoth', 'Charizard', 'Kabutops', 'Mr. Mime', 'Clefable', 'Blastoise']",34,10,10
smogtours-gen1nu-809874,[Gen 1] NU,2024-12-11 00:04:30,,aquaring89206,wacanberry11962,aquaring89206,False,"['Magneton', 'Mr. Mime', 'Kabutops', 'Poliwhirl']","['Charizard', 'Magneton', 'Poliwrath', 'Mr. Mime', 'Fearow', 'Blastoise']",45,6,12
smogtours-gen1nu-845490,[Gen 1] NU,2025-05-24 21:07:27,,mudsport71981,psncureberry16761,psncureberry16761,False,"['Moltres', 'Charizard', 'Magneton', 'Poliwrath', 'Mr. Mime', 'Venusaur']","['Golduck', 'Venomoth', 'Charizard', 'Nidoking', 'Mr. Mime', 'Fearow']",42,15,9
gen1nu-2264410460,[Gen 1] NU,2024-12-17 01:48:44,,punishment38172,doduo62045,doduo62045,False,"['Golduck', 'Venomoth', 'Aerodactyl', 'Magneton', 'Poliwrath', 'Mr. Mime']","['Golduck', 'Venomoth', 'Charizard', 'Nidoqueen', 'Mr. Mime', 'Fearow']",34,12,8
gen1nu-2278290103,[Gen 1] NU,2025-01-10 03:37:54,,revenge71921,blizzard53783,blizzard53783,True,"['Scyther', 'Venomoth', 'Exeggcute', 'Kabutops', 'Mr. Mime', 'Slowpoke']","['Venomoth', 'Charizard', 'Raticate', 'Kabutops', 'Mr. Mime']",26,7,8
gen1nu-2057763201,[Gen 1] NU,2024-02-12 18:32:10,1102,frz99765,cheriberry30798,frz99765,True,"['Charizard', 'Wigglytuff', 'Mr. Mime', 'Venusaur', 'Blastoise']","['Moltres', 'Kingler', 'Venomoth', 'Raticate', 'Mr. Mime', 'Venusaur']",24,7,5
gen1nu-2060935483,[Gen 1] NU,2024-02-16 19:36:08,1183,poisonpowder88566,calmmind8048,calmmind8048,False,"['Venomoth', 'Magneton', 'Dragonair', 'Mr. Mime', 'Arcanine', 'Blastoise']","['Golduck', 'Nidoking', 'Wigglytuff', 'Raticate', 'Mr. Mime', 'Victreebel']",41,13,11
smogtours-gen1nu-774808,[Gen 1] NU,2024-06-16 01:01:38,,poisonpowder88566,static36182,poisonpowder88566,False,"['Seadra', 'Charizard', 'Aerodactyl', 'Raticate', 'Fearow', 'Gastly']","['Moltres', 'Venomoth', 'Aerodactyl', 'Raticate', 'Mr. Mime', 'Blastoise']",23,7,13
gen1nu-2162086299,[Gen 1] NU,2024-07-16 19:27:11,,electabuzz37326,fissure61188,fissure61188,False,"['Charizard', 'Aerodactyl', 'Magneton', 'Raticate', 'Poliwhirl', 'Mr. Mime']","['Venomoth', 'Charizard', 'Kabutops', 'Raticate', 'Mr. Mime', 'Blastoise']",30,8,7
smogtours-gen1nu-777240,[Gen 1] NU,2024-06-29 16:09:23,,denpowerghost39436,marshtomp99135,denpowerghost39436,False,"['Venomoth', 'Raticate', 'Mr. Mime', 'Fearow', 'Blastoise']","['Seadra', 'Golduck', 'Charizard', 'Kabutops', 'Mr. Mime', 'Venusaur']",22,8,9
gen1nu-2271757427,[Gen 1] NU,2024-12-29 23:52:41,,revenge71921,bulletpunch83527,revenge71921,False,"['Venomoth', 'Charizard', 'Magneton', 'Kabutops', 'Mr. Mime']","['Moltres', 'Venomoth', 'Aerodactyl', 'Raticate', 'Kabutops', 'Mr. Mime']",25,6,6
gen1nu-2276458598,[Gen 1] NU,2025-01-07 05:45:32,,revenge71921,bulletpunch83527,revenge71921,True,"['Venomoth', 'Charizard', 'Wigglytuff', 'Mr. Mime', 'Blastoise']","['Venomoth', 'Charizard', 'Nidoking', 'Kabutops', 'Raticate', 'Mr. Mime']",25,6,6
gen1nu-2275595342,[Gen 1] NU,2025-01-05 20:02:38,,poliwhirl66423,bulletpunch83527,poliwhirl66423,True,"['Rapidash', 'Poliwrath', 'Aerodactyl']","['Venomoth', 'Charizard', 'Kabutops']",13,4,3
violetversion-gen1nu-1591,[Gen 1] NU,2016-04-09 23:16:58,,ddenpowerfire30449,psn38480,psn38480,False,"['Venomoth', 'Porygon', 'Nidoking', 'Tangela', 'Blastoise', 'Abra']","['Venomoth', 'Porygon', 'Nidoking', 'Diglett', 'Blastoise', 'Abra']",43,19,11
smogtours-gen1nu-779205,[Gen 1] NU,2024-07-08 14:12:19,,timerball45388,stoneplate55960,stoneplate55960,True,"['Moltres', 'Venomoth', 'Aerodactyl', 'Kabutops', 'Raticate', 'Mr. Mime']","['Golduck', 'Venomoth', 'Charizard', 'Aerodactyl', 'Raticate', 'Mr. Mime']",35,15,12
smogtours-gen1nu-732863,[Gen 1] NU,2023-11-27 00:02:09,,waterpulse35893,magmarizer61365,magmarizer61365,False,"['Moltres', 'Venomoth', 'Electrode', 'Mr. Mime', 'Clefable', 'Blastoise']","['Venomoth', 'Electrode', 'Raticate', 'Mr. Mime', 'Clefable', 'Arcanine']",38,17,10
gen1nu-2278838683,[Gen 1] NU,2025-01-11 00:24:04,,revenge71921,blizzard53783,revenge71921,True,"['Scyther', 'Venomoth', 'Exeggcute', 'Kabutops', 'Mr. Mime', 'Slowpoke']","['Charizard', 'Aerodactyl', 'Raticate', 'Blastoise', 'Mr. Mime', 'Gastly']",31,10,8
gen1nu-2275658573,[Gen 1] NU,2025-01-05 22:08:00,,poliwhirl66423,bulletpunch83527,bulletpunch83527,True,"['Charizard', 'Exeggcute', 'Wigglytuff', 'Poliwrath', 'Mr. Mime', 'Golbat']","['Venomoth', 'Charizard', 'Aerodactyl', 'Magneton', 'Mr. Mime', 'Blastoise']",31,7,10
gen1nu-2275900482,[Gen 1] NU,2025-01-06 08:23:51,,revenge71921,bulletpunch83527,revenge71921,False,"['Pidgeot', 'Charizard', 'Kabutops', 'Poliwrath', 'Mr. Mime', 'Parasect']","['Moltres', 'Venomoth', 'Aerodactyl', 'Raticate', 'Poliwrath', 'Mr. Mime']",32,11,10
gen1nu-2272425063,[Gen 1] NU,2024-12-31 03:43:14,,revenge71921,bulletpunch83527,revenge71921,False,"['Kingler', 'Charizard', 'Wigglytuff', 'Mr. Mime', 'Blastoise']","['Moltres', 'Venomoth', 'Aerodactyl', 'Raticate', 'Poliwrath', 'Mr. Mime']",21,6,8
smogtours-gen1nu-779323,[Gen 1] NU,2024-07-09 16:37:42,,frenzyplant87849,perishsong83468,perishsong83468,False,"['Moltres', 'Kabutops', 'Raticate', 'Poliwrath', 'Mr. Mime', 'Fearow']","['Seadra', 'Fearow', 'Charizard', 'Raticate']",16,5,4
gen1nu-2057300575,[Gen 1] NU,2024-02-12 02:40:02,1170,omastar20158,mothim5580,omastar20158,False,"['Venomoth', 'Charizard', 'Flareon', 'Wigglytuff', 'Mr. Mime', 'Blastoise']","['Golduck', 'Venomoth', 'Charizard', 'Wigglytuff', 'Raticate', 'Mr. Mime']",34,10,12
smogtours-gen1nu-777933,[Gen 1] NU,2024-07-01 19:24:47,,powerherb16934,aurasphere76841,aurasphere76841,False,"['Moltres', 'Venomoth', 'Charizard', 'Magneton', 'Poliwhirl', 'Mr. Mime']","['Venomoth', 'Charizard', 'Raticate', 'Kabutops', 'Mr. Mime']",28,7,6
gen1nu-2060755207,[Gen 1] NU,2024-02-16 15:16:02,1141,rollout79143,poisonpowder88566,rollout79143,False,"['Rapidash', 'Aerodactyl', 'Exeggcute', 'Mr. Mime', 'Blastoise']","['Seadra', 'Charizard', 'Magneton', 'Poliwhirl', 'Mr. Mime', 'Fearow']",25,5,7
smogtours-gen1nu-705604,[Gen 1] NU,2023-07-25 16:06:42,,lick25189,jolteon92120,jolteon92120,True,"['Staryu', 'Nidoking', 'Raticate', 'Mr. Mime', 'Clefable', 'Blastoise']","['Seadra', 'Mr. Mime', 'Charizard', 'Venomoth']",20,5,3
gen1nu-2275136619,[Gen 1] NU,2025-01-04 23:51:00,,poliwhirl66423,bulletpunch83527,poliwhirl66423,False,"['Venomoth', 'Charizard', 'Magneton', 'Kabutops', 'Machamp', 'Mr. Mime']","['Venomoth', 'Charizard', 'Nidoking', 'Kabutops', 'Raticate', 'Mr. Mime']",34,6,12
gen1nu-2053867114,[Gen 1] NU,2024-02-07 14:25:33,1202,counter60391,poisonpowder88566,poisonpowder88566,True,"['Charizard', 'Nidoking', 'Raticate', 'Poliwhirl', 'Mr. Mime', 'Blastoise']","['Golduck', 'Venomoth', 'Aerodactyl', 'Poliwhirl', 'Mr. Mime']",33,6,5
gen1nu-2015493199,[Gen 1] NU,2023-12-19 23:40:43,,kangaskhan51243,aurasphere76841,aurasphere76841,False,"['Venomoth', 'Charizard', 'Golem', 'Mr. Mime', 'Clefable', 'Blastoise']","['Charizard', 'Mr. Mime', 'Clefable', 'Fearow', 'Blastoise']",23,8,5
gen1nu-2275616154,[Gen 1] NU,2025-01-05 20:44:07,,poliwhirl66423,bulletpunch83527,bulletpunch83527,True,"['Venomoth', 'Charizard', 'Magneton', 'Kabutops', 'Mr. Mime']","['Venomoth', 'Charizard', 'Magneton', 'Mr. Mime', 'Blastoise']",31,7,4
smogtours-gen1nu-743040,[Gen 1] NU,2024-01-28 20:30:01,,aquaring89206,mudsport71981,aquaring89206,True,"['Venomoth', 'Charizard', 'Electrode', 'Raticate', 'Mr. Mime', 'Clefable']","['Seadra', 'Venomoth', 'Raticate', 'Mr. Mime', 'Clefable', 'Blastoise']",32,8,7
smogtours-gen1nu-741132,[Gen 1] NU,2024-01-21 21:13:44,,kangaskhan41867,diveball9145,kangaskhan41867,True,"['Venomoth', 'Raticate', 'Mr. Mime', 'Clefable', 'Blastoise']","['Venomoth', 'Porygon', 'Wigglytuff', 'Mr. Mime', 'Clefable', 'Blastoise']",45,6,12
smogtours-gen1nu-726679,[Gen 1] NU,2023-10-26 21:53:55,,waterpulse35893,jolteon92120,jolteon92120,False,"['Kingler', 'Seadra', 'Exeggcute', 'Mr. Mime', 'Clefable', 'Blastoise']","['Venomoth', 'Charizard', 'Electrode', 'Mr. Mime', 'Clefable', 'Blastoise']",45,16,15
smogtours-gen1nu-666084,[Gen 1] NU,2022-12-23 21:01:21,,golduck35019,meditate33036,golduck35019,False,"['Venomoth', 'Charizard', 'Mr. Mime', 'Clefable', 'Blastoise']","['Charizard', 'Electrode', 'Nidoking', 'Mr. Mime', 'Clefable', 'Blastoise']",28,5,10
smogtours-gen1nu-598855,[Gen 1] NU,2021-12-20 20:07:50,,rampardos23359,firespin22081,rampardos23359,False,"['Scyther', 'Electrode', 'Dragonair', 'Poliwhirl', 'Golem', 'Mr. Mime']","['Moltres', 'Charizard', 'Nidoking', 'Poliwhirl', 'Mr. Mime', 'Blastoise']",43,10,24
smogtours-gen1nu-722384,[Gen 1] NU,2023-10-08 00:34:53,,innerfocus97582,rotomfan35023,innerfocus97582,False,"['Moltres', 'Charizard', 'Exeggcute', 'Mr. Mime', 'Clefable', 'Blastoise']","['Seadra', 'Charizard', 'Sandslash', 'Mr. Mime', 'Clefable', 'Blastoise']",35,11,13
smogtours-gen1nu-664168,[Gen 1] NU,2022-12-09 21:14:55,,enpowerflying39776,luckypunch52209,luckypunch52209,False,"['Staryu', 'Nidoqueen', 'Omanyte', 'Slowpoke', 'Fearow', 'Gastly']","['Staryu', 'Poliwag', 'Pinsir', 'Omanyte', 'Dragonair', 'Nidoqueen']",38,12,12
smogtours-gen1nu-777054,[Gen 1] NU,2024-06-28 19:36:40,,golduck35019,aurasphere76841,aurasphere76841,False,"['Golduck', 'Venomoth', 'Charizard', 'Aerodactyl', 'Raticate', 'Mr. Mime']","['Moltres', 'Kabutops', 'Mr. Mime', 'Arcanine', 'Venusaur', 'Fearow']",36,12,11
smogtours-gen1nu-661999,[Gen 1] NU,2022-11-19 18:10:57,,meditate33036,manaphy22907,meditate33036,False,"['Moltres', 'Venomoth', 'Charizard', 'Mr. Mime', 'Clefable', 'Blastoise']","['Venomoth', 'Charizard', 'Kabutops', 'Mr. Mime', 'Clefable', 'Blastoise']",50,16,15
smogtours-gen1nu-782007,[Gen 1] NU,2024-07-23 19:53:04,,quickclaw83695,ponyta53394,ponyta53394,True,"['Charizard', 'Aerodactyl', 'Magneton', 'Poliwhirl', 'Venusaur', 'Blastoise']","['Charizard', 'Raticate', 'Poliwrath', 'Mr. Mime', 'Arcanine', 'Gastly']",30,10,9
smogtours-gen1nu-662619,[Gen 1] NU,2022-11-26 01:44:47,,simple96847,noability19212,noability19212,False,"['Rapidash', 'Nidoqueen', 'Seaking', 'Machamp', 'Weepinbell', 'Arcanine']","['Staryu', 'Rapidash', 'Sandslash', 'Nidoqueen', 'Drowzee', 'Arcanine']",34,9,8
smogtours-gen1nu-665886,[Gen 1] NU,2022-12-22 13:17:05,,deoxysdefense78874,magnetpull75337,deoxysdefense78874,False,"['Venomoth', 'Charizard', 'Nidoking', 'Mr. Mime', 'Clefable', 'Blastoise']","['Venomoth', 'Ninetales', 'Charizard', 'Mr. Mime', 'Clefable', 'Blastoise']",44,10,9
gen1nu-2274541170,[Gen 1] NU,2025-01-03 22:44:00,,poliwhirl66423,bulletpunch83527,poliwhirl66423,False,"['Rapidash', 'Aerodactyl', 'Wigglytuff', 'Poliwrath', 'Mr. Mime', 'Venusaur']","['Moltres', 'Venomoth', 'Aerodactyl', 'Raticate', 'Poliwrath', 'Mr. Mime']",38,8,11
smogtours-gen1nu-815423,[Gen 1] NU,2025-01-21 19:22:53,,ponyta53394,wacanberry11962,ponyta53394,True,"['Seadra', 'Scyther', 'Venomoth', 'Charizard', 'Graveler', 'Mr. Mime']","['Seadra', 'Charizard', 'Raticate', 'Poliwrath', 'Mr. Mime', 'Fearow']",32,11,11
gen1nu-2282632803,[Gen 1] NU,2025-01-17 03:49:11,,revenge71921,blizzard53783,revenge71921,False,"['Venomoth', 'Charizard', 'Pinsir', 'Poliwrath', 'Mr. Mime', 'Arcanine']","['Venomoth', 'Charizard', 'Nidoking', 'Raticate', 'Kabutops', 'Mr. Mime']",38,12,13
gen1nu-2285747733,[Gen 1] NU,2025-01-22 03:51:51,,needlearm59980,milkdrink49044,needlearm59980,False,"['Moltres', 'Venomoth', 'Magneton', 'Kabutops', 'Mr. Mime', 'Fearow']","['Moltres', 'Golduck', 'Charizard', 'Aerodactyl', 'Dragonair', 'Poliwhirl']",46,17,8
smogtours-gen1nu-602618,[Gen 1] NU,2022-01-15 20:58:33,,meditate33036,synchronize14428,synchronize14428,False,"['Rapidash', 'Golem', 'Mr. Mime', 'Clefable', 'Fearow', 'Blastoise']","['Venomoth', 'Charizard', 'Porygon', 'Nidoking', 'Mr. Mime', 'Blastoise']",53,17,18
gen1nu-2151767620,[Gen 1] NU,2024-06-28 19:56:59,,crabhammer79731,shinystone44310,shinystone44310,False,"['Charizard', 'Exeggcute', 'Raticate', 'Venusaur', 'Fearow', 'Blastoise']","['Golduck', 'Venomoth', 'Charizard', 'Aerodactyl', 'Raticate', 'Mr. Mime']",30,10,9
gen1nu-2253764024,[Gen 1] NU,2024-11-30 03:10:20,,milotic19561,denpowerghost39436,milotic19561,False,"['Venomoth', 'Charizard', 'Aerodactyl', 'Magneton', 'Mr. Mime', 'Blastoise']","['Moltres', 'Venomoth', 'Staryu', 'Charizard', 'Graveler', 'Mr. Mime']",36,11,13
gen1nu-2087254709,[Gen 1] NU,2024-03-23 06:45:37,,bide81826,punishment38172,bide81826,False,"['Golduck', 'Venomoth', 'Aerodactyl', 'Nidoking', 'Mr. Mime', 'Magmar']","['Seadra', 'Golduck', 'Aerodactyl', 'Mr. Mime', 'Venusaur', 'Blastoise']",50,10,14
smogtours-gen1nu-662511,[Gen 1] NU,2022-11-24 20:35:14,,hustle11937,lightclay48488,hustle11937,False,"['Staryu', 'Rapidash', 'Nidoqueen', 'Seaking', 'Drowzee', 'Arcanine']","['Staryu', 'Rapidash', 'Nidoqueen', 'Graveler', 'Drowzee', 'Magmar']",30,11,12
smogtours-gen1nu-645596,[Gen 1] NU,2022-08-28 19:35:11,,truant84021,cascoon94634,truant84021,False,"['Ninetales', 'Poliwhirl', 'Golem', 'Mr. Mime', 'Clefable', 'Blastoise']","['Charizard', 'Nidoking', 'Poliwhirl', 'Mr. Mime', 'Clefable', 'Blastoise']",36,6,12
smogtours-gen1nu-782003,[Gen 1] NU,2024-07-23 19:37:56,,quickclaw83695,ponyta53394,ponyta53394,True,"['Venomoth', 'Charizard', 'Aerodactyl', 'Nidoking', 'Mr. Mime', 'Blastoise']","['Charizard', 'Aerodactyl', 'Poliwrath', 'Mr. Mime', 'Arcanine']",27,9,7
smogtours-gen1nu-585481,[Gen 1] NU,2021-10-10 19:34:08,,probopass23094,shinystone44310,shinystone44310,True,"['Charizard', 'Rapidash', 'Nidoking', 'Exeggcute', 'Mr. Mime', 'Blastoise']","['Moltres', 'Seadra', 'Venomoth', 'Nidoking', 'Kabutops', 'Mr. Mime']",40,14,12
smogtours-gen1nu-705093,[Gen 1] NU,2023-07-23 14:41:06,,fissure61188,unknownability847,unknownability847,True,"['Venomoth', 'Charizard', 'Nidoking', 'Mr. Mime', 'Clefable', 'Blastoise']","['Venomoth', 'Charizard', 'Electrode', 'Mr. Mime', 'Clefable', 'Blastoise']",33,16,10
smogtours-gen1nu-639603,[Gen 1] NU,2022-07-22 17:50:36,,wynaut4615,bellsprout3542,wynaut4615,False,"['Scyther', 'Charizard', 'Golem', 'Mr. Mime', 'Arcanine', 'Blastoise']","['Ninetales', 'Poliwhirl', 'Golem', 'Mr. Mime', 'Clefable', 'Blastoise']",35,9,13
gen1nu-2057994788,[Gen 1] NU,2024-02-13 00:19:27,,omastar20158,powerlens10976,omastar20158,False,"['Golduck', 'Charizard', 'Porygon', 'Wigglytuff', 'Mr. Mime']","['Porygon', 'Aerodactyl', 'Nidoking', 'Mr. Mime', 'Victreebel', 'Blastoise']",30,5,9
gen1nu-2142887607,[Gen 1] NU,2024-06-14 00:39:55,,gardevoir38172,goldeen52039,goldeen52039,False,"['Raticate', 'Machamp', 'Mr. Mime', 'Weepinbell', 'Fearow', 'Blastoise']","['Golduck', 'Venomoth', 'Charizard', 'Aerodactyl', 'Raticate', 'Mr. Mime']",29,6,8
smogtours-gen1nu-812585,[Gen 1] NU,2025-01-04 15:55:34,,magmortar19991,wacanberry11962,magmortar19991,False,"['Charizard', 'Porygon', 'Nidoking', 'Poliwrath', 'Mr. Mime']","['Venomoth', 'Charizard', 'Magneton', 'Poliwrath', 'Mr. Mime']",26,10,11
smogtours-gen1nu-710391,[Gen 1] NU,2023-08-17 20:00:26,,habanberry18693,stench25210,stench25210,False,"['Venomoth', 'Charizard', 'Electrode', 'Mr. Mime', 'Clefable', 'Blastoise']","['Venomoth', 'Golem', 'Mr. Mime', 'Clefable', 'Blastoise']",24,8,8
gen1nu-2271817321,[Gen 1] NU,2024-12-30 02:12:18,,revenge71921,bulletpunch83527,revenge71921,False,"['Venomoth', 'Charizard', 'Sandslash', 'Poliwrath', 'Mr. Mime', 'Blastoise']","['Venomoth', 'Charizard', 'Nidoking', 'Kabutops', 'Raticate', 'Mr. Mime']",26,8,9
gen1nu-2264419805,[Gen 1] NU,2024-12-17 02:10:22,,punishment38172,doduo62045,doduo62045,False,"['Moltres', 'Golduck', 'Venomoth', 'Aerodactyl', 'Mr. Mime', 'Venusaur']","['Charizard', 'Exeggcute', 'Wigglytuff', 'Raticate', 'Mr. Mime', 'Blastoise']",39,9,12
smogtours-gen1nu-792022,[Gen 1] NU,2024-09-22 14:23:08,,powerherb16934,cascoon94634,powerherb16934,True,"['Venomoth', 'Aerodactyl', 'Magneton', 'Mr. Mime', 'Arcanine']","['Venomoth', 'Charizard', 'Magneton', 'Poliwrath', 'Mr. Mime', 'Blastoise']",30,7,9
smogtours-gen1nu-665724,[Gen 1] NU,2022-12-21 03:47:31,,arceusghost8496,waterpulse40225,arceusghost8496,True,"['Staryu', 'Poliwag', 'Omanyte', 'Nidoqueen', 'Seaking', 'Slowpoke']","['Staryu', 'Rapidash', 'Sandslash', 'Nidoqueen', 'Drowzee', 'Arcanine']",35,16,15
gen1nu-2061493359,[Gen 1] NU,2024-02-17 15:57:05,1015,sunkern50532,turtwig21415,sunkern50532,False,"['Venomoth', 'Charizard', 'Porygon', 'Aerodactyl', 'Lickitung', 'Mr. Mime']","['Moltres', 'Venomoth', 'Aerodactyl', 'Wigglytuff', 'Raticate', 'Mr. Mime']",37,9,8
smogtours-gen1nu-598920,[Gen 1] NU,2021-12-21 19:43:10,,encore90411,meditate33036,encore90411,False,"['Moltres', 'Poliwhirl', 'Golem', 'Mr. Mime', 'Clefable', 'Blastoise']","['Scyther', 'Charizard', 'Nidoking', 'Poliwhirl', 'Mr. Mime', 'Blastoise']",37,13,12
gen1nu-2139141697,[Gen 1] NU,2024-06-08 03:20:42,,kangaskhan44566,mismagius33077,kangaskhan44566,False,"['Seadra', 'Charizard', 'Magneton', 'Mr. Mime', 'Venusaur', 'Fearow']","['Seadra', 'Exeggcute', 'Wigglytuff', 'Raticate', 'Mr. Mime', 'Magmar']",42,12,8
smogtours-gen1nu-711487,[Gen 1] NU,2023-08-21 20:17:29,,golduck35019,outrage46997,golduck35019,False,"['Venomoth', 'Charizard', 'Mr. Mime', 'Clefable', 'Blastoise']","['Venomoth', 'Charizard', 'Magneton', 'Mr. Mime', 'Clefable', 'Blastoise']",32,4,6
gen1nu-2060759186,[Gen 1] NU,2024-02-16 15:26:13,1000,rollout79143,metronome13641,rollout79143,False,"['Exeggcute', 'Rapidash', 'Blastoise', 'Aerodactyl']","['Venomoth', 'Charizard', 'Nidoking', 'Poliwrath', 'Mr. Mime', 'Victreebel']",40,7,15
smogtours-gen1nu-840382,[Gen 1] NU,2025-05-08 20:31:59,,phione89690,machop48408,machop48408,False,"['Charizard', 'Magneton', 'Raticate', 'Poliwrath', 'Mr. Mime', 'Fearow']","['Magneton', 'Mr. Mime', 'Charizard', 'Raticate']",25,8,5
gen1nu-2054958285,[Gen 1] NU,2024-02-08 20:53:27,1214,poisonpowder88566,bide81826,bide81826,False,"['Charizard', 'Aerodactyl', 'Magneton', 'Poliwhirl', 'Mr. Mime', 'Arcanine']","['Golduck', 'Venomoth', 'Aerodactyl', 'Nidoking', 'Mr. Mime', 'Magmar']",39,15,11
gen1nu-2272455512,[Gen 1] NU,2024-12-31 05:05:51,,revenge71921,bulletpunch83527,bulletpunch83527,True,"['Charizard', 'Aerodactyl', 'Raticate', 'Mr. Mime', 'Parasect', 'Blastoise']","['Moltres', 'Venomoth', 'Aerodactyl', 'Raticate', 'Poliwrath', 'Mr. Mime']",41,10,10
smogtours-gen1nu-813384,[Gen 1] NU,2025-01-06 18:46:12,,recover74685,weepinbell75190,weepinbell75190,False,"['Venomoth', 'Charizard', 'Magneton', 'Poliwrath', 'Mr. Mime', 'Fearow']","['Venomoth', 'Charizard', 'Magneton', 'Poliwhirl', 'Mr. Mime', 'Fearow']",42,9,9
gen1nu-2249640638,[Gen 1] NU,2024-11-23 17:03:50,,metang15123,mismagius33077,metang15123,False,"['Moltres', 'Venomoth', 'Aerodactyl', 'Raticate', 'Kabutops', 'Mr. Mime']","['Golduck', 'Venomoth', 'Charizard', 'Aerodactyl', 'Mr. Mime', 'Magmar']",36,8,8
gen1nu-2276855340,[Gen 1] NU,2025-01-07 21:32:34,,revenge71921,bulletpunch83527,revenge71921,False,"['Seadra', 'Rapidash', 'Aerodactyl', 'Exeggcute', 'Mr. Mime', 'Muk']","['Moltres', 'Kabutops', 'Poliwrath', 'Mr. Mime', 'Arcanine', 'Venusaur']",68,18,24
smogtours-gen1nu-643924,[Gen 1] NU,2022-08-14 23:49:10,,honeygather86735,noability19212,noability19212,False,"['Rhyhorn', 'Ivysaur', 'Meowth', 'Tentacool', 'Charmeleon', 'Golbat']","['Rhyhorn', 'Hitmonchan', 'Ivysaur', 'Meowth', 'Tentacool', 'Charmeleon']",32,12,10
smogtours-gen1nu-737893,[Gen 1] NU,2024-01-07 03:21:42,,recover74685,mudsport71981,recover74685,False,"['Seadra', 'Charizard', 'Exeggcute', 'Mr. Mime', 'Clefable', 'Blastoise']","['Wigglytuff', 'Raticate', 'Mr. Mime', 'Clefable', 'Primeape', 'Blastoise']",42,16,16
gen1nu-2278383464,[Gen 1] NU,2025-01-10 08:19:25,,revenge71921,blizzard53783,revenge71921,False,"['Scyther', 'Venomoth', 'Exeggcute', 'Kabutops', 'Mr. Mime', 'Slowpoke']","['Charizard', 'Aerodactyl', 'Gastly', 'Raticate', 'Mr. Mime', 'Blastoise']",31,7,12
smogtours-gen1nu-844558,[Gen 1] NU,2025-05-22 01:59:41,,silcoon20595,poisonpowder88566,silcoon20595,False,"['Mr. Mime', 'Charizard', 'Kabutops', 'Poliwrath']","['Moltres', 'Seadra', 'Charizard', 'Poliwhirl', 'Mr. Mime', 'Blastoise']",25,7,10
smogtours-gen1nu-713055,[Gen 1] NU,2023-08-30 12:39:42,,stench25210,magnetpull75337,magnetpull75337,False,"['Charizard', 'Raticate', 'Mr. Mime', 'Clefable', 'Fearow', 'Blastoise']","['Venomoth', 'Charizard', 'Raticate', 'Mr. Mime', 'Clefable', 'Blastoise']",29,15,10
gen1nu-2278278219,[Gen 1] NU,2025-01-10 03:10:00,,revenge71921,blizzard53783,blizzard53783,False,"['Scyther', 'Venomoth', 'Exeggcute', 'Kabutops', 'Mr. Mime', 'Slowpoke']","['Venomoth', 'Charizard', 'Nidoking', 'Raticate', 'Kabutops', 'Mr. Mime']",28,10,5
smogtours-gen1nu-786657,[Gen 1] NU,2024-08-20 19:15:07,,wurmple19843,ponyta53394,wurmple19843,True,"['Moltres', 'Seadra', 'Raticate', 'Poliwrath', 'Mr. Mime']","['Seadra', 'Charizard', 'Aerodactyl', 'Exeggcute', 'Mr. Mime', 'Fearow']",33,10,14
smogtours-gen1nu-665038,[Gen 1] NU,2022-12-14 09:15:23,,nomove62031,kangaskhan41867,kangaskhan41867,False,"['Rapidash', 'Omanyte', 'Nidoqueen', 'Seaking', 'Drowzee', 'Arcanine']","['Staryu', 'Omanyte', 'Nidoqueen', 'Drowzee', 'Slowpoke', 'Fearow']",54,12,11
gen1nu-2366858688,[Gen 1] NU,2025-05-18 22:44:23,,articuno92639,dragonfang56456,articuno92639,False,"['Moltres', 'Kingler', 'Abra']","['Golduck', 'Venomoth', 'Flareon', 'Nidoking', 'Dragonair', 'Parasect']",15,3,6
smogtours-gen1nu-594186,[Gen 1] NU,2021-11-20 22:12:34,,encore90411,waterpulse35893,waterpulse35893,False,"['Kingler', 'Nidoking', 'Kabutops', 'Poliwhirl', 'Mr. Mime', 'Clefable']","['Venomoth', 'Charizard', 'Nidoking', 'Mr. Mime', 'Clefable', 'Blastoise']",41,15,12
smogtours-gen1nu-840116,[Gen 1] NU,2025-05-06 21:09:48,,mudsport71981,shockwave61087,mudsport71981,False,"['Moltres', 'Porygon', 'Magneton', 'Poliwrath', 'Mr. Mime']","['Venomoth', 'Charizard', 'Aerodactyl', 'Magneton', 'Mr. Mime', 'Blastoise']",38,11,9
gen1nu-2061171331,[Gen 1] NU,2024-02-17 02:21:49,1123,poisonpowder88566,sunkern50532,sunkern50532,False,"['Venomoth', 'Charizard', 'Porygon', 'Graveler', 'Mr. Mime', 'Blastoise']","['Venomoth', 'Charizard', 'Porygon', 'Aerodactyl', 'Lickitung', 'Mr. Mime']",42,16,14
smogtours-gen1nu-779293,[Gen 1] NU,2024-07-09 02:48:51,,denpowerghost39436,ddenpowerdark55312,ddenpowerdark55312,False,"['Venomoth', 'Charizard', 'Aerodactyl', 'Magneton', 'Mr. Mime', 'Blastoise']","['Seadra', 'Venomoth', 'Charizard', 'Raticate', 'Mr. Mime', 'Fearow']",33,9,9
smogtours-gen1nu-674100,[Gen 1] NU,2023-02-10 07:23:24,,kangaskhan41867,magnetpull75337,kangaskhan41867,False,"['Kingler', 'Venomoth', 'Charizard', 'Mr. Mime', 'Clefable', 'Blastoise']","['Venomoth', 'Charizard', 'Golem', 'Mr. Mime', 'Clefable', 'Blastoise']",31,10,12
smogtours-gen1nu-780427,[Gen 1] NU,2024-07-14 22:52:58,,innerfocus97582,wacanberry11962,wacanberry11962,False,"['Charizard', 'Aerodactyl', 'Raticate', 'Poliwrath', 'Poliwhirl', 'Mr. Mime']","['Seadra', 'Venomoth', 'Charizard', 'Magneton', 'Raticate']",23,8,5
smogtours-gen1nu-813601,[Gen 1] NU,2025-01-10 21:34:58,,mudsport71981,poisonpowder88566,poisonpowder88566,False,"['Moltres', 'Venomoth', 'Porygon', 'Kabutops', 'Mr. Mime', 'Fearow']","['Seadra', 'Venomoth', 'Charizard', 'Magneton', 'Raticate', 'Fearow']",37,13,7
smogtours-gen1nu-747809,[Gen 1] NU,2024-02-17 15:20:11,,hariyama33057,poisonpowder88566,hariyama33057,False,"['Charizard', 'Aerodactyl', 'Magneton', 'Mr. Mime', 'Blastoise']","['Seadra', 'Venomoth', 'Charizard', 'Magneton', 'Poliwhirl', 'Fearow']",39,10,11
smogtours-gen1nu-813380,[Gen 1] NU,2025-01-06 18:33:34,,weepinbell75190,recover74685,recover74685,False,"['Venomoth', 'Charizard', 'Magneton', 'Poliwhirl', 'Mr. Mime', 'Fearow']","['Moltres', 'Venomoth', 'Raticate', 'Aerodactyl']",26,11,5
smogtours-gen1nu-663957,[Gen 1] NU,2022-12-06 20:27:44,,perish13441,ponyta53394,perish13441,False,"['Staryu', 'Sandslash', 'Nidoqueen', 'Drowzee', 'Arcanine']","['Staryu', 'Vileplume', 'Rapidash', 'Omanyte', 'Nidoqueen', 'Magmar']",33,9,12
smogtours-gen1nu-664024,[Gen 1] NU,2022-12-08 14:57:29,,powerherb16934,golduck35019,golduck35019,False,"['Charizard', 'Exeggcute', 'Kabutops', 'Mr. Mime', 'Clefable', 'Blastoise']","['Mr. Mime', 'Charizard', 'Blastoise', 'Clefable']",38,14,8
gen1nu-2270897083,[Gen 1] NU,2024-12-28 09:48:49,,gible45423,heatran58448,heatran58448,False,"['Moltres', 'Golduck', 'Venomoth', 'Mr. Mime', 'Magmar', 'Blastoise']","['Kingler', 'Golduck', 'Venomoth', 'Aerodactyl', 'Raticate', 'Mr. Mime']",31,11,8
gen1nu-2040713894,[Gen 1] NU,2024-01-21 21:36:43,,aurasphere76841,raindance50399,raindance50399,True,"['Seadra', 'Venomoth', 'Electrode', 'Mr. Mime', 'Clefable', 'Arcanine']","['Venomoth', 'Charizard', 'Nidoking', 'Mr. Mime', 'Clefable', 'Blastoise']",30,8,9
gen1nu-2049737369,[Gen 1] NU,2024-02-02 02:11:50,1051,lifeorb29280,revenge71921,revenge71921,False,"['Venomoth', 'Charizard', 'Raticate', 'Mr. Mime', 'Clefable', 'Blastoise']","['Venomoth', 'Charizard', 'Nidoking', 'Clefable', 'Blastoise']",31,10,5
smogtours-gen1nu-783753,[Gen 1] NU,2024-08-03 01:37:53,,ponyta53394,poisonpowder88566,ponyta53394,False,"['Seadra', 'Venomoth', 'Aerodactyl', 'Magneton', 'Raticate', 'Mr. Mime']","['Seadra', 'Charizard', 'Aerodactyl', 'Raticate', 'Fearow', 'Gastly']",25,7,10
gen1nu-2055181342,[Gen 1] NU,2024-02-09 03:09:49,1147,feraligatr35835,slackoff64995,feraligatr35835,True,"['Charizard', 'Magneton', 'Wigglytuff', 'Raticate', 'Mr. Mime', 'Blastoise']","['Moltres', 'Golduck', 'Aerodactyl', 'Nidoking', 'Machamp', 'Mr. Mime']",38,8,10
gen1nu-2276319714,[Gen 1] NU,2025-01-07 00:13:33,,revenge71921,bulletpunch83527,revenge71921,False,"['Venomoth', 'Charizard', 'Mr. Mime', 'Fearow', 'Blastoise', 'Abra']","['Venomoth', 'Charizard', 'Nidoking', 'Raticate', 'Kabutops', 'Mr. Mime']",30,5,8
smogtours-gen1nu-774621,[Gen 1] NU,2024-06-15 16:41:13,,aurasphere76841,frenzyplant87849,frenzyplant87849,False,"['Venomoth', 'Charizard', 'Aerodactyl', 'Magneton', 'Raticate', 'Blastoise']","['Venomoth', 'Charizard', 'Kabutops', 'Raticate', 'Mr. Mime']",21,7,4
gen1nu-2280054450,[Gen 1] NU,2025-01-13 04:20:34,,mudsport71981,futuresight13270,mudsport71981,False,"['Charizard', 'Magneton', 'Raticate', 'Kabutops', 'Poliwrath', 'Mr. Mime']","['Venomoth', 'Charizard', 'Aerodactyl', 'Magneton', 'Mr. Mime', 'Blastoise']",34,14,15
smogtours-gen1nu-736582,[Gen 1] NU,2023-12-25 23:32:23,,waterfall8105,aurasphere76841,aurasphere76841,False,"['Moltres', 'Venomoth', 'Sandslash', 'Electrode', 'Mr. Mime', 'Clefable']","['Venomoth', 'Wigglytuff', 'Golem', 'Mr. Mime', 'Clefable', 'Arcanine']",31,11,10
gen1nu-2270131158,[Gen 1] NU,2024-12-26 23:13:14,,revenge71921,punishment38172,revenge71921,False,"['Venomoth', 'Charizard', 'Magneton', 'Kabutops', 'Machamp', 'Mr. Mime']","['Golduck', 'Venomoth', 'Charizard', 'Wigglytuff', 'Mr. Mime', 'Fearow']",34,9,8
smogtours-gen1nu-781481,[Gen 1] NU,2024-07-21 03:02:05,,quickclaw83695,ddenpowerdark55312,ddenpowerdark55312,False,"['Venomoth', 'Charizard', 'Aerodactyl', 'Nidoking', 'Mr. Mime', 'Blastoise']","['Venomoth', 'Kabutops', 'Poliwhirl', 'Raticate', 'Mr. Mime']",30,12,6
gen1nu-2264416334,[Gen 1] NU,2024-12-17 02:03:34,,punishment38172,doduo62045,doduo62045,False,"['Golduck', 'Venomoth', 'Aerodactyl', 'Raticate', 'Mr. Mime', 'Arcanine']","['Aerodactyl', 'Gastly', 'Raticate', 'Mr. Mime', 'Fearow', 'Blastoise']",48,13,12
smogtours-gen1nu-812583,[Gen 1] NU,2025-01-04 15:50:44,,wacanberry11962,magmortar19991,wacanberry11962,True,"['Moltres', 'Venomoth', 'Charizard', 'Magneton', 'Poliwrath', 'Mr. Mime']","['Venomoth', 'Charizard', 'Magneton', 'Poliwrath', 'Mr. Mime']",33,9,9
smogtours-gen1nu-662443,[Gen 1] NU,2022-11-23 17:06:58,,meditate33036,whismur95661,whismur95661,False,"['Venomoth', 'Charizard', 'Kabutops', 'Mr. Mime', 'Clefable', 'Blastoise']","['Venomoth', 'Charizard', 'Golem', 'Mr. Mime', 'Clefable', 'Blastoise']",71,20,24
smogtours-gen1nu-663934,[Gen 1] NU,2022-12-05 23:35:14,,kakuna89346,luvdisc61803,luvdisc61803,False,"['Staryu', 'Rapidash', 'Nidoqueen', 'Graveler', 'Drowzee', 'Arcanine']","['Rapidash', 'Nidoqueen', 'Graveler', 'Seaking', 'Drowzee', 'Abra']",30,11,8
smogtours-gen1nu-811020,[Gen 1] NU,2024-12-20 20:34:06,,vespiquen67150,mudsport71981,mudsport71981,False,"['Charizard', 'Magneton', 'Kabutops', 'Poliwhirl', 'Mr. Mime', 'Venusaur']","['Venomoth', 'Charizard', 'Fearow', 'Mr. Mime']",22,11,3
gen1nu-2070510347,[Gen 1] NU,2024-02-29 19:03:25,1083,ditto35944,frz11563,frz11563,False,"['Seadra', 'Magneton', 'Wigglytuff', 'Raticate', 'Mr. Mime', 'Victreebel']","['Golduck', 'Venomoth', 'Charizard', 'Nidoqueen', 'Mr. Mime', 'Fearow']",37,11,13
gen1nu-2274653159,[Gen 1] NU,2025-01-04 02:48:57,,poliwhirl66423,bulletpunch83527,bulletpunch83527,False,"['Rapidash', 'Aerodactyl', 'Wigglytuff', 'Poliwrath', 'Mr. Mime', 'Venusaur']","['Seadra', 'Golduck', 'Charizard', 'Kabutops', 'Mr. Mime', 'Venusaur']",52,16,13
gen1nu-2054176560,[Gen 1] NU,2024-02-07 21:26:50,1154,kangaskhan44566,sing3556,kangaskhan44566,False,"['Golduck', 'Nidoking', 'Mr. Mime', 'Arcanine', 'Venusaur', 'Fearow']","['Venomoth', 'Charizard', 'Aerodactyl', 'Raticate', 'Poliwrath', 'Mr. Mime']",26,10,6
smogtours-gen1nu-595441,[Gen 1] NU,2021-11-28 22:26:44,,encore90411,waterpulse35893,encore90411,False,"['Moltres', 'Charizard', 'Kabutops', 'Poliwhirl', 'Mr. Mime', 'Clefable']","['Ninetales', 'Rapidash', 'Charizard', 'Dragonair', 'Mr. Mime', 'Clefable']",31,10,8
gen1nu-2063081093,[Gen 1] NU,2024-02-19 20:54:47,1067,nomelberry19418,mismagius33077,mismagius33077,True,"['Moltres', 'Kingler', 'Seadra', 'Rapidash', 'Venusaur']","['Golduck', 'Venomoth', 'Aerodactyl', 'Mr. Mime', 'Magmar']",24,5,5
gen1nu-2141164408,[Gen 1] NU,2024-06-11 12:04:51,,magnitude9077,kangaskhan44566,kangaskhan44566,False,"['Moltres', 'Kabutops', 'Poliwrath', 'Mr. Mime', 'Arcanine', 'Venusaur']","['Charizard', 'Magneton', 'Exeggcute', 'Raticate', 'Mr. Mime', 'Primeape']",24,5,7
gen1nu-2162802434,[Gen 1] NU,2024-07-17 22:51:47,,poisonpowder88566,gardevoir84608,poisonpowder88566,False,"['Charizard', 'Kabutops', 'Poliwrath', 'Mr. Mime', 'Fearow']","['Moltres', 'Venomoth', 'Charizard', 'Poliwrath', 'Mr. Mime', 'Arcanine']",26,8,9
gen1nu-2081176582,[Gen 1] NU,2024-03-14 23:50:55,,punishment38172,rollout94469,punishment38172,False,"['Golduck', 'Charizard', 'Aerodactyl', 'Exeggcute', 'Kabutops', 'Mr. Mime']","['Venomoth', 'Charizard', 'Porygon', 'Aerodactyl', 'Lickitung', 'Mr. Mime']",43,8,13
smogtours-gen1nu-789983,[Gen 1] NU,2024-09-08 20:20:09,,aspearberry20002,psn38480,aspearberry20002,True,"['Venomoth', 'Raticate']","['Raticate', 'Fearow']",6,1,1
smogtours-gen1nu-658323,[Gen 1] NU,2022-10-30 19:07:38,,twineedle48571,manaphy22907,twineedle48571,False,"['Charizard', 'Poliwhirl', 'Golem', 'Mr. Mime', 'Clefable', 'Blastoise']","['Kingler', 'Exeggcute', 'Poliwhirl', 'Mr. Mime', 'Clefable', 'Blastoise']",34,9,11
smogtours-gen1nu-643927,[Gen 1] NU,2022-08-14 23:57:41,,honeygather86735,noability19212,honeygather86735,False,"['Hitmonchan', 'Meowth', 'Clefairy', 'Tentacool', 'Charmeleon', 'Golbat']","['Voltorb', 'Ivysaur', 'Meowth', 'Tentacool', 'Nidorino', 'Charmeleon']",34,7,9
gen1nu-2275183721,[Gen 1] NU,2025-01-05 01:36:59,,poliwhirl66423,bulletpunch83527,poliwhirl66423,False,"['Rapidash', 'Aerodactyl', 'Wigglytuff', 'Poliwrath', 'Mr. Mime', 'Venusaur']","['Moltres', 'Venomoth', 'Charizard', 'Poliwrath', 'Mr. Mime', 'Arcanine']",49,12,10
smogtours-gen1nu-664339,[Gen 1] NU,2022-12-11 14:17:19,,dodrio99835,crushclaw70815,dodrio99835,False,"['Staryu', 'Rapidash', 'Nidoqueen', 'Graveler', 'Drowzee', 'Magmar']","['Staryu', 'Rapidash', 'Nidoqueen', 'Graveler', 'Dragonair', 'Drowzee']",43,12,17
smogtours-gen1nu-665054,[Gen 1] NU,2022-12-14 19:28:52,,wish73460,oblivious21505,oblivious21505,False,"['Rapidash', 'Pinsir', 'Dragonair', 'Nidoqueen', 'Seaking', 'Omanyte']","['Rapidash', 'Pinsir', 'Omanyte', 'Nidoqueen', 'Machamp', 'Slowpoke']",49,16,24
gen1nu-2176379082,[Gen 1] NU,2024-08-09 01:15:00,,punishment38172,rollout94469,rollout94469,False,"['Golduck', 'Venomoth', 'Aerodactyl', 'Magneton', 'Poliwrath', 'Mr. Mime']","['Charizard', 'Flareon', 'Exeggcute', 'Wigglytuff', 'Poliwrath', 'Mr. Mime']",39,8,9
gen1nu-2282629604,[Gen 1] NU,2025-01-17 03:38:30,,revenge71921,blizzard53783,blizzard53783,True,"['Venomoth', 'Charizard', 'Poliwrath', 'Mr. Mime', 'Arcanine']","['Venomoth', 'Charizard', 'Raticate', 'Kabutops', 'Mr. Mime']",30,10,7
gen1nu-2144713900,[Gen 1] NU,2024-06-17 02:49:45,,mismagius33077,kangaskhan44566,kangaskhan44566,True,"['Seadra', 'Exeggcute', 'Wigglytuff', 'Graveler', 'Mr. Mime', 'Magmar']","['Charizard', 'Magneton', 'Exeggcute', 'Mr. Mime', 'Primeape']",28,9,6
smogtours-gen1nu-663592,[Gen 1] NU,2022-12-03 19:09:13,,simple96847,quilava59140,simple96847,False,"['Staryu', 'Rapidash', 'Nidoqueen', 'Machamp', 'Weepinbell', 'Arcanine']","['Staryu', 'Rapidash', 'Nidoqueen', 'Graveler', 'Drowzee', 'Magmar']",42,16,14
gen1nu-2061207253,[Gen 1] NU,2024-02-17 03:31:29,,punishment38172,sunkern50532,punishment38172,False,"['Golduck', 'Venomoth', 'Charizard', 'Porygon', 'Nidoking', 'Mr. Mime']","['Moltres', 'Exeggcute', 'Wigglytuff', 'Poliwrath', 'Mr. Mime', 'Golbat']",38,12,11
smogtours-gen1nu-807828,[Gen 1] NU,2024-11-24 21:53:59,,mudsport71981,stoneplate55960,mudsport71981,False,"['Moltres', 'Golduck', 'Venomoth', 'Mr. Mime', 'Fearow']","['Venomoth', 'Charizard', 'Magneton', 'Kabutops', 'Poliwrath', 'Mr. Mime']",29,9,11
smogtours-gen1nu-811057,[Gen 1] NU,2024-12-20 22:04:52,,silcoon20595,porygon9760,porygon9760,False,"['Moltres', 'Venomoth', 'Charizard', 'Mr. Mime', 'Fearow', 'Blastoise']","['Seadra', 'Charizard', 'Kabutops', 'Poliwrath', 'Mr. Mime', 'Arcanine']",70,12,30
gen1nu-2275897714,[Gen 1] NU,2025-01-06 08:13:38,,revenge71921,bulletpunch83527,revenge71921,False,"['Pidgeot', 'Charizard', 'Kabutops', 'Poliwrath', 'Mr. Mime', 'Parasect']","['Venomoth', 'Charizard', 'Nidoking', 'Kabutops', 'Raticate', 'Mr. Mime']",31,11,13
smogtours-gen1nu-781941,[Gen 1] NU,2024-07-22 21:20:43,,wacanberry11962,aurasphere76841,wacanberry11962,True,"['Venomoth', 'Charizard', 'Aerodactyl', 'Magneton', 'Raticate', 'Mr. Mime']","['Charizard', 'Nidoking', 'Raticate', 'Poliwrath', 'Mr. Mime', 'Fearow']",33,8,14
gen1nu-2280810055,[Gen 1] NU,2025-01-14 09:57:52,,revenge71921,kabutops67963,revenge71921,False,"['Venomoth', 'Charizard', 'Sandslash', 'Poliwrath', 'Mr. Mime', 'Blastoise']","['Venomoth', 'Charizard', 'Nidoking', 'Kabutops', 'Raticate', 'Mr. Mime']",26,10,8
smogtours-gen1nu-664303,[Gen 1] NU,2022-12-10 23:25:37,,arceusghost8496,powerherb16934,powerherb16934,False,"['Staryu', 'Omanyte', 'Dragonair', 'Nidoqueen', 'Drowzee', 'Abra']","['Staryu', 'Pinsir', 'Omanyte', 'Dragonair', 'Nidoqueen', 'Slowpoke']",31,8,6
gen1nu-2020527102,[Gen 1] NU,2023-12-26 21:05:28,,magmastorm76436,passhoberry43278,passhoberry43278,False,"['Kingler', 'Charizard', 'Exeggcute', 'Electrode', 'Nidoking', 'Golem']","['Seadra', 'Venomoth', 'Charizard', 'Mr. Mime', 'Clefable', 'Blastoise']",31,15,13
smogtours-gen1nu-811798,[Gen 1] NU,2024-12-27 22:07:01,,porygon9760,aurasphere76841,porygon9760,False,"['Moltres', 'Charizard', 'Porygon', 'Magneton', 'Poliwrath', 'Mr. Mime']","['Venomoth', 'Charizard', 'Porygon', 'Graveler', 'Mr. Mime', 'Fearow']",60,24,25
smogtours-gen1nu-787500,[Gen 1] NU,2024-08-25 21:03:05,,psn38480,wacanberry11962,psn38480,False,"['Seadra', 'Venomoth', 'Charizard', 'Raticate', 'Mr. Mime', 'Blastoise']","['Venomoth', 'Charizard', 'Magneton', 'Raticate', 'Mr. Mime', 'Fearow']",39,11,10
gen1nu-2049505503,[Gen 1] NU,2024-02-01 19:59:33,1000,forecast29115,berryjuice54970,forecast29115,False,"['Venomoth', 'Charizard', 'Golem', 'Clefable', 'Blastoise']","['Ninetales', 'Electrode', 'Kabutops', 'Golem', 'Mr. Mime', 'Blastoise']",27,9,10
gen1nu-2157587244,[Gen 1] NU,2024-07-09 01:18:19,,delcatty35639,doubleslap7905,doubleslap7905,False,"['Aerodactyl', 'Nidoking', 'Wigglytuff', 'Raticate', 'Kabutops', 'Venusaur']","['Venomoth', 'Charizard', 'Aerodactyl', 'Raticate', 'Poliwrath', 'Mr. Mime']",38,8,12
smogtours-gen1nu-739205,[Gen 1] NU,2024-01-14 15:28:38,,golduck35019,diveball9145,diveball9145,False,"['Moltres', 'Venomoth', 'Electrode', 'Mr. Mime', 'Clefable', 'Blastoise']","['Golem', 'Venomoth', 'Charizard', 'Mr. Mime']",28,9,7
gen1nu-2037408430,[Gen 1] NU,2024-01-17 17:18:09,,overgrow33014,piloswine42443,piloswine42443,True,"['Venomoth', 'Charizard', 'Golem', 'Mr. Mime', 'Clefable', 'Blastoise']","['Moltres', 'Kingler', 'Venomoth', 'Kabutops', 'Raticate', 'Clefable']",25,11,8
gen1nu-2271764021,[Gen 1] NU,2024-12-30 00:10:02,,revenge71921,bulletpunch83527,revenge71921,False,"['Golduck', 'Venomoth', 'Aerodactyl', 'Nidoking', 'Mr. Mime', 'Magmar']","['Moltres', 'Kabutops', 'Poliwrath', 'Mr. Mime', 'Arcanine', 'Venusaur']",52,17,14
gen1nu-2278247749,[Gen 1] NU,2025-01-10 01:58:32,,revenge71921,blizzard53783,revenge71921,True,"['Venomoth', 'Exeggcute', 'Kabutops', 'Mr. Mime', 'Slowpoke']","['Seadra', 'Charizard', 'Kabutops', 'Mr. Mime', 'Venusaur']",28,7,7
smogtours-gen1nu-650725,[Gen 1] NU,2022-09-25 12:39:09,,flareblitz41770,whiscash85390,flareblitz41770,False,"['Charizard', 'Electrode', 'Raticate', 'Mr. Mime', 'Clefable', 'Blastoise']","['Charizard', 'Exeggcute', 'Golem', 'Mr. Mime', 'Clefable', 'Blastoise']",30,6,11
smogtours-gen1nu-775687,[Gen 1] NU,2024-06-20 16:20:39,,absol51729,mudsport71981,mudsport71981,False,"['Moltres', 'Venomoth', 'Aerodactyl', 'Raticate', 'Mr. Mime', 'Blastoise']","['Venomoth', 'Charizard', 'Aerodactyl', 'Magneton', 'Mr. Mime', 'Blastoise']",54,16,14
smogtours-gen1nu-749303,[Gen 1] NU,2024-02-24 01:57:27,,articuno75579,recover74685,articuno75579,False,"['Venomoth', 'Charizard', 'Aerodactyl', 'Magneton', 'Poliwrath', 'Mr. Mime']","['Moltres', 'Venomoth', 'Aerodactyl', 'Raticate', 'Poliwrath', 'Mr. Mime']",33,9,8
gen1nu-2326247670,[Gen 1] NU,2025-03-23 19:25:10,,hypno24553,poliwrath3176,poliwrath3176,False,"['Moltres', 'Venomoth', 'Charizard', 'Kabutops', 'Poliwrath', 'Mr. Mime']","['Venomoth', 'Charizard', 'Magneton', 'Poliwrath', 'Mr. Mime', 'Fearow']",28,6,7
gen1nu-2054961688,[Gen 1] NU,2024-02-08 20:54:00,1135,recover74685,mismagius33077,mismagius33077,True,"['Moltres', 'Venomoth', 'Aerodactyl', 'Raticate', 'Poliwrath', 'Mr. Mime']","['Golduck', 'Venomoth', 'Aerodactyl', 'Mr. Mime', 'Magmar']",35,7,9
gen1nu-2070799180,[Gen 1] NU,2024-03-01 03:03:17,,punishment38172,revenge71921,punishment38172,False,"['Golduck', 'Venomoth', 'Porygon', 'Poliwrath', 'Mr. Mime']","['Golduck', 'Venomoth', 'Aerodactyl', 'Nidoking', 'Mr. Mime', 'Magmar']",29,4,9
smogtours-gen1nu-778277,[Gen 1] NU,2024-07-05 19:26:48,,recover74685,ponyta53394,recover74685,False,"['Moltres', 'Seadra', 'Charizard', 'Raticate', 'Poliwrath', 'Fearow']","['Aerodactyl', 'Wigglytuff', 'Raticate', 'Blastoise', 'Mr. Mime', 'Gastly']",37,9,12
smogtours-gen1nu-748879,[Gen 1] NU,2024-02-20 20:30:45,,aurasphere76841,snubbull75943,aurasphere76841,False,"['Venomoth', 'Charizard', 'Raticate', 'Blastoise']","['Venomoth', 'Charizard', 'Aerodactyl', 'Raticate', 'Mr. Mime', 'Blastoise']",29,8,10
gen1nu-2085691910,[Gen 1] NU,2024-03-21 03:35:04,,calmmind8048,rollout94469,rollout94469,False,"['Aerodactyl', 'Nidoking', 'Wigglytuff', 'Raticate', 'Poliwrath', 'Mr. Mime']","['Charizard', 'Exeggcute', 'Wigglytuff', 'Poliwrath', 'Mr. Mime', 'Golbat']",30,11,10
smogtours-gen1nu-803791,[Gen 1] NU,2024-11-01 20:13:43,,heatran43293,stoneplate55960,stoneplate55960,True,"['Moltres', 'Mr. Mime', 'Arcanine', 'Fearow', 'Blastoise']","['Magneton', 'Venomoth', 'Charizard', 'Poliwrath']",22,7,4
smogtours-gen1nu-727409,[Gen 1] NU,2023-10-29 17:15:22,,innerfocus97582,absorb89091,absorb89091,False,"['Moltres', 'Venomoth', 'Charizard', 'Mr. Mime', 'Clefable', 'Blastoise']","['Charizard', 'Electrode', 'Mr. Mime', 'Drowzee', 'Clefable', 'Blastoise']",36,11,10
gen1nu-2271807132,[Gen 1] NU,2024-12-30 01:47:40,,revenge71921,bulletpunch83527,revenge71921,False,"['Golduck', 'Venomoth', 'Aerodactyl', 'Nidoking', 'Mr. Mime', 'Magmar']","['Golduck', 'Venomoth', 'Charizard', 'Nidoking', 'Raticate', 'Mr. Mime']",24,7,9
smogtours-gen1nu-740213,[Gen 1] NU,2024-01-20 17:09:09,,quickclaw83695,golduck35019,golduck35019,False,"['Venomoth', 'Electrode', 'Nidoking', 'Mr. Mime', 'Clefable', 'Blastoise']","['Seadra', 'Kingler', 'Charizard', 'Mr. Mime', 'Clefable', 'Blastoise']",38,12,8
gen1nu-2276835654,[Gen 1] NU,2025-01-07 20:41:52,,revenge71921,bulletpunch83527,bulletpunch83527,False,"['Seadra', 'Rapidash', 'Aerodactyl', 'Exeggcute', 'Mr. Mime', 'Muk']","['Venomoth', 'Charizard', 'Nidoking', 'Raticate', 'Kabutops']",33,11,6
gen1nu-2145877946,[Gen 1] NU,2024-06-18 22:59:24,,mismagius33077,flash82357,flash82357,False,"['Exeggcute', 'Nidoking', 'Wigglytuff', 'Poliwhirl', 'Mr. Mime', 'Magmar']","['Venomoth', 'Charizard', 'Aerodactyl', 'Raticate', 'Mr. Mime', 'Blastoise']",28,9,7
gen1nu-2276883253,[Gen 1] NU,2025-01-07 22:15:12,,revenge71921,bulletpunch83527,revenge71921,False,"['Seadra', 'Venomoth', 'Charizard', 'Raticate', 'Mr. Mime', 'Muk']","['Moltres', 'Kabutops', 'Poliwrath', 'Mr. Mime', 'Arcanine', 'Venusaur']",39,11,5
smogtours-gen1nu-664378,[Gen 1] NU,2022-12-11 17:16:55,,xscissor38348,mudsport71981,xscissor38348,True,"['Venomoth', 'Charizard', 'Kabutops', 'Mr. Mime', 'Clefable', 'Blastoise']","['Seadra', 'Charizard', 'Raticate', 'Mr. Mime', 'Clefable', 'Blastoise']",28,5,6
smogtours-gen1nu-749301,[Gen 1] NU,2024-02-24 01:53:23,,articuno75579,recover74685,recover74685,False,"['Seadra', 'Venomoth', 'Charizard', 'Raticate', 'Mr. Mime', 'Arcanine']","['Charizard', 'Kabutops', 'Raticate', 'Mr. Mime', 'Arcanine', 'Venusaur']",35,9,11
smogtours-gen1nu-588069,[Gen 1] NU,2021-10-22 21:13:58,,ironhead21066,waterpulse35893,waterpulse35893,True,"['Kingler', 'Venomoth', 'Rapidash', 'Golem', 'Mr. Mime', 'Blastoise']","['Venomoth', 'Charizard', 'Porygon', 'Mr. Mime', 'Blastoise']",55,17,17
gen1nu-2053753983,[Gen 1] NU,2024-02-07 10:43:58,1028,quickclaw83695,closecombat80170,quickclaw83695,False,"['Charizard', 'Raticate', 'Poliwrath', 'Mr. Mime', 'Blastoise']","['Golduck', 'Venomoth', 'Charizard', 'Nidoking', 'Mr. Mime', 'Blastoise']",26,8,11
smogtours-gen1nu-781966,[Gen 1] NU,2024-07-23 02:16:51,,aquaring89206,magnetpull75337,magnetpull75337,False,"['Charizard', 'Aerodactyl', 'Gastly', 'Raticate', 'Mr. Mime', 'Blastoise']","['Aerodactyl', 'Nidoking', 'Exeggcute', 'Raticate', 'Mr. Mime', 'Fearow']",40,16,9
gen1nu-2061576535,[Gen 1] NU,2024-02-17 18:22:19,1073,diglett37152,dive84452,diglett37152,False,"['Charizard', 'Porygon', 'Wigglytuff', 'Poliwhirl', 'Mr. Mime']","['Venomoth', 'Aerodactyl', 'Magneton', 'Nidoking', 'Mr. Mime', 'Blastoise']",33,4,10
smogtours-gen1nu-596799,[Gen 1] NU,2021-12-10 22:38:17,,taunt17457,waterpulse35893,taunt17457,False,"['Charizard', 'Poliwhirl', 'Golem', 'Mr. Mime', 'Fearow', 'Blastoise']","['Charizard', 'Nidoking', 'Poliwhirl', 'Mr. Mime', 'Clefable', 'Blastoise']",35,15,14
gen1nu-2102391778,[Gen 1] NU,2024-04-13 06:41:57,,punishment38172,bide81826,bide81826,False,"['Golduck', 'Rapidash', 'Aerodactyl', 'Kabutops', 'Mr. Mime', 'Arcanine']","['Venomoth', 'Charizard', 'Wigglytuff', 'Mr. Mime', 'Blastoise']",36,7,10
smogtours-gen1nu-811049,[Gen 1] NU,2024-12-20 21:33:25,,silcoon20595,porygon9760,porygon9760,True,"['Seadra', 'Venomoth', 'Charizard', 'Magneton', 'Mr. Mime', 'Fearow']","['Venomoth', 'Aerodactyl', 'Nidoking', 'Poliwrath', 'Mr. Mime']",25,9,7
gen1nu-2272450213,[Gen 1] NU,2024-12-31 04:50:50,,revenge71921,bulletpunch83527,bulletpunch83527,False,"['Charizard', 'Aerodactyl', 'Raticate', 'Mr. Mime', 'Parasect', 'Blastoise']","['Moltres', 'Venomoth', 'Aerodactyl', 'Raticate', 'Poliwrath', 'Mr. Mime']",29,9,8
gen1nu-2272453129,[Gen 1] NU,2024-12-31 05:00:18,,revenge71921,bulletpunch83527,bulletpunch83527,True,"['Charizard', 'Wigglytuff', 'Kabutops', 'Raticate', 'Mr. Mime', 'Parasect']","['Moltres', 'Venomoth', 'Aerodactyl', 'Raticate', 'Poliwrath', 'Mr. Mime']",32,10,7
smogtours-gen1nu-740588,[Gen 1] NU,2024-01-21 05:26:19,,absol86495,kangaskhan41867,kangaskhan41867,False,"['Charizard', 'Exeggcute', 'Kabutops', 'Mr. Mime', 'Clefable', 'Blastoise']","['Charizard', 'Exeggcute', 'Raticate', 'Mr. Mime', 'Clefable', 'Blastoise']",32,11,8
smogtours-gen1nu-663968,[Gen 1] NU,2022-12-07 00:42:44,,chinchou58618,golduck35019,chinchou58618,False,"['Staryu', 'Rapidash', 'Omanyte', 'Weepinbell', 'Slowpoke']","['Staryu', 'Rapidash', 'Nidoqueen', 'Seaking', 'Arcanine', 'Abra']",35,7,9
smogtours-gen1nu-664023,[Gen 1] NU,2022-12-08 14:49:44,,golduck35019,powerherb16934,powerherb16934,False,"['Seadra', 'Venomoth', 'Charizard', 'Mr. Mime', 'Clefable', 'Blastoise']","['Ninetales', 'Charizard', 'Nidoking', 'Golem', 'Mr. Mime', 'Blastoise']",35,11,13
smogtours-gen1nu-729361,[Gen 1] NU,2023-11-06 23:00:16,,skillswap67988,endeavor40229,endeavor40229,False,"['Venomoth', 'Sandslash', 'Electrode', 'Mr. Mime', 'Clefable', 'Fearow']","['Ninetales', 'Mr. Mime', 'Clefable', 'Arcanine', 'Fearow']",30,9,4
gen1nu-2277075050,[Gen 1] NU,2025-01-08 05:36:28,,revenge71921,bulletpunch83527,revenge71921,False,"['Charizard', 'Exeggcute', 'Wigglytuff', 'Mr. Mime', 'Magmar', 'Blastoise']","['Charizard', 'Aerodactyl', 'Magneton', 'Raticate', 'Poliwhirl', 'Mr. Mime']",36,12,12
smogtours-gen1nu-723798,[Gen 1] NU,2023-10-15 07:18:38,,waterpulse35893,magnetpull75337,waterpulse35893,False,"['Venomoth', 'Kabutops', 'Golem', 'Mr. Mime', 'Clefable', 'Blastoise']","['Seadra', 'Venomoth', 'Charizard', 'Mr. Mime', 'Clefable', 'Blastoise']",39,8,11
gen1nu-2277090533,[Gen 1] NU,2025-01-08 06:27:35,,revenge71921,bulletpunch83527,revenge71921,False,"['Seadra', 'Rapidash', 'Aerodactyl', 'Exeggcute', 'Mr. Mime', 'Muk']","['Venomoth', 'Charizard', 'Nidoking', 'Kabutops', 'Raticate', 'Mr. Mime']",34,8,9
gen1nu-2279449597,[Gen 1] NU,2025-01-12 02:44:46,,revenge71921,blizzard53783,revenge71921,False,"['Seadra', 'Venomoth', 'Charizard', 'Mr. Mime', 'Muk']","['Venomoth', 'Charizard', 'Nidoking', 'Raticate', 'Kabutops', 'Mr. Mime']",19,4,9
smogtours-gen1nu-814468,[Gen 1] NU,2025-01-17 21:25:47,,poisonpowder88566,ponyta53394,poisonpowder88566,False,"['Charizard', 'Magneton', 'Sandslash', 'Poliwhirl', 'Mr. Mime', 'Fearow']","['Venomoth', 'Charizard', 'Magneton', 'Mr. Mime', 'Fearow', 'Blastoise']",35,12,14
smogtours-gen1nu-664374,[Gen 1] NU,2022-12-11 17:15:44,,meditate33036,darkvoid39103,meditate33036,False,"['Venomoth', 'Charizard', 'Kabutops', 'Mr. Mime', 'Clefable', 'Blastoise']","['Venomoth', 'Charizard', 'Nidoking', 'Mr. Mime', 'Clefable', 'Blastoise']",73,18,19
smogtours-gen1nu-700131,[Gen 1] NU,2023-06-30 19:33:34,,absol73157,aurasphere76841,aurasphere76841,False,"['Venomoth', 'Charizard', 'Nidoking', 'Mr. Mime', 'Clefable', 'Blastoise']","['Venomoth', 'Charizard', 'Raticate', 'Mr. Mime', 'Clefable', 'Blastoise']",38,13,11
smogtours-gen1nu-665686,[Gen 1] NU,2022-12-20 21:09:26,,kangaskhan41867,luckypunch52209,luckypunch52209,True,"['Staryu', 'Poliwag', 'Dragonair', 'Nidoqueen', 'Magmar', 'Fearow']","['Staryu', 'Rapidash', 'Nidoqueen', 'Graveler', 'Drowzee', 'Abra']",56,9,38
gen1nu-2277095235,[Gen 1] NU,2025-01-08 06:43:19,,revenge71921,bulletpunch83527,revenge71921,True,"['Golduck', 'Venomoth', 'Charizard', 'Nidoqueen', 'Mr. Mime', 'Fearow']","['Charizard', 'Aerodactyl', 'Magneton', 'Raticate', 'Poliwhirl', 'Mr. Mime']",31,12,8
smogtours-gen1nu-662622,[Gen 1] NU,2022-11-26 01:54:15,,simple96847,noability19212,noability19212,False,"['Vileplume', 'Staryu', 'Rapidash', 'Nidoqueen', 'Seaking', 'Fearow']","['Vileplume', 'Rapidash', 'Nidoqueen', 'Seaking', 'Arcanine', 'Fearow']",25,8,7
gen1nu-2162091175,[Gen 1] NU,2024-07-16 19:33:49,,electabuzz37326,fissure61188,electabuzz37326,False,"['Charizard', 'Magneton', 'Raticate', 'Mr. Mime', 'Venusaur', 'Fearow']","['Venomoth', 'Charizard', 'Nidoking', 'Wigglytuff', 'Mr. Mime', 'Blastoise']",29,5,12
smogtours-gen1nu-645662,[Gen 1] NU,2022-08-28 22:32:45,,enpowerflying39776,cascoon94634,cascoon94634,False,"['Charizard', 'Exeggcute', 'Golem', 'Mr. Mime', 'Clefable', 'Blastoise']","['Charizard', 'Poliwhirl', 'Golem', 'Mr. Mime', 'Clefable', 'Blastoise']",26,10,7
smogtours-gen1nu-776691,[Gen 1] NU,2024-06-24 20:19:26,,typechange30082,mudsport71981,mudsport71981,True,"['Mr. Mime', 'Charizard', 'Kabutops', 'Venusaur']","['Moltres', 'Poliwrath', 'Mr. Mime', 'Arcanine', 'Venusaur']",13,4,4
gen1nu-2283175064,[Gen 1] NU,2025-01-18 00:07:55,,revenge71921,blizzard53783,blizzard53783,True,"['Seadra', 'Venomoth', 'Charizard', 'Magneton', 'Seaking', 'Mr. Mime']","['Venomoth', 'Charizard', 'Aerodactyl', 'Raticate', 'Arcanine']",26,6,5
gen1nu-2050919926,[Gen 1] NU,2024-02-03 18:04:27,1041,quickpowder52632,skuntank43174,skuntank43174,True,"['Charizard', 'Sandslash', 'Mr. Mime', 'Drowzee', 'Clefable', 'Blastoise']","['Clefable', 'Mr. Mime', 'Wigglytuff', 'Golem']",65,5,3
gen1nu-2275813019,[Gen 1] NU,2025-01-06 03:45:44,,revenge71921,bulletpunch83527,bulletpunch83527,True,"['Kingler', 'Venomoth', 'Charizard', 'Wigglytuff', 'Mr. Mime', 'Blastoise']","['Venomoth', 'Charizard', 'Nidoking', 'Kabutops', 'Mr. Mime']",33,10,7
gen1nu-2157307589,[Gen 1] NU,2024-07-08 15:50:03,,delcatty35639,aurasphere76841,delcatty35639,False,"['Moltres', 'Venomoth', 'Charizard', 'Raticate', 'Kabutops', 'Mr. Mime']","['Venomoth', 'Charizard', 'Aerodactyl', 'Magneton', 'Raticate', 'Mr. Mime']",32,9,11
smogtours-gen1nu-662175,[Gen 1] NU,2022-11-20 11:23:00,,wish73460,dodrio99835,dodrio99835,False,"['Vileplume', 'Rapidash', 'Omanyte', 'Nidoqueen', 'Seaking', 'Fearow']","['Staryu', 'Rapidash', 'Sandslash', 'Nidoqueen', 'Drowzee', 'Magmar']",45,11,10
gen1nu-2277092148,[Gen 1] NU,2025-01-08 06:33:26,,revenge71921,bulletpunch83527,revenge71921,False,"['Seadra', 'Rapidash', 'Aerodactyl', 'Exeggcute', 'Mr. Mime', 'Muk']","['Charizard', 'Aerodactyl', 'Magneton', 'Raticate', 'Poliwhirl', 'Mr. Mime']",26,11,5
smogtours-gen1nu-788701,[Gen 1] NU,2024-09-01 20:20:10,,sacredfire89193,floatzel25266,floatzel25266,False,"['Seadra', 'Venomoth', 'Charizard', 'Mr. Mime', 'Fearow', 'Blastoise']","['Moltres', 'Venomoth', 'Charizard', 'Poliwrath', 'Mr. Mime']",25,8,8
smogtours-gen1nu-739104,[Gen 1] NU,2024-01-13 22:25:39,,kangaskhan41867,mudsport71981,mudsport71981,False,"['Venomoth', 'Electrode', 'Raticate', 'Golem', 'Mr. Mime', 'Blastoise']","['Moltres', 'Venomoth', 'Ninetales', 'Electrode', 'Mr. Mime', 'Arcanine']",32,13,8
gen1nu-2058009877,[Gen 1] NU,2024-02-13 00:47:07,,powerlens10976,omastar20158,omastar20158,False,"['Porygon', 'Aerodactyl', 'Nidoking', 'Mr. Mime', 'Victreebel', 'Blastoise']","['Golduck', 'Venomoth', 'Porygon', 'Flareon', 'Wigglytuff', 'Mr. Mime']",40,13,7
gen1nu-2057297416,[Gen 1] NU,2024-02-12 02:33:23,1082,rhydon25287,omastar20158,rhydon25287,False,"['Golduck', 'Venomoth', 'Raticate', 'Mr. Mime', 'Venusaur', 'Blastoise']","['Venomoth', 'Charizard', 'Flareon', 'Wigglytuff', 'Mr. Mime', 'Blastoise']",33,8,10
gen1nu-2141716382,[Gen 1] NU,2024-06-12 06:37:59,,mismagius33077,psncureberry16761,psncureberry16761,False,"['Seadra', 'Exeggcute', 'Wigglytuff', 'Graveler', 'Mr. Mime', 'Magmar']","['Golduck', 'Venomoth', 'Charizard', 'Nidoqueen', 'Mr. Mime', 'Fearow']",33,9,7
smogtours-gen1nu-844520,[Gen 1] NU,2025-05-21 22:13:41,,seviper63072,denpowerghost39436,denpowerghost39436,True,"['Charizard', 'Magneton', 'Exeggcute', 'Raticate', 'Poliwrath', 'Mr. Mime']","['Venomoth', 'Porygon', 'Mr. Mime', 'Arcanine', 'Fearow']",23,8,6
smogtours-gen1nu-785258,[Gen 1] NU,2024-08-11 15:23:32,,machpunch62379,rotomfan35023,machpunch62379,False,"['Seadra', 'Venomoth', 'Magneton', 'Raticate', 'Mr. Mime', 'Blastoise']","['Charizard', 'Kabutops', 'Poliwrath', 'Raticate', 'Mr. Mime', 'Arcanine']",31,10,8
smogtours-gen1nu-806826,[Gen 1] NU,2024-11-17 19:32:14,,stoneplate55960,ponyta53394,ponyta53394,False,"['Seadra', 'Charizard', 'Aerodactyl', 'Poliwrath', 'Mr. Mime', 'Venusaur']","['Charizard', 'Aerodactyl', 'Poliwrath', 'Mr. Mime', 'Arcanine', 'Blastoise']",37,12,10
gen1nu-2204596612,[Gen 1] NU,2024-09-18 20:54:34,,stoneplate55960,poisonpowder88566,poisonpowder88566,False,"['Seadra', 'Golduck', 'Charizard', 'Kabutops', 'Mr. Mime', 'Venusaur']","['Charizard', 'Raticate', 'Poliwrath', 'Mr. Mime', 'Fearow']",25,8,7
gen1nu-2060423957,[Gen 1] NU,2024-02-16 02:46:53,,rollout94469,punishment38172,rollout94469,False,"['Golduck', 'Venomoth', 'Aerodactyl', 'Nidoking', 'Mr. Mime', 'Magmar']","['Golduck', 'Venomoth', 'Aerodactyl', 'Magneton', 'Wigglytuff', 'Mr. Mime']",38,14,11
gen1nu-2226722516,[Gen 1] NU,2024-10-20 02:06:43,,mismagius33077,quickattack41772,quickattack41772,False,"['Venomoth', 'Charizard', 'Dragonair', 'Raticate', 'Mr. Mime', 'Blastoise']","['Moltres', 'Venomoth', 'Aerodactyl', 'Raticate', 'Poliwrath', 'Mr. Mime']",33,7,9
smogtours-gen1nu-662932,[Gen 1] NU,2022-11-27 17:00:57,,dark7204,dodrio99835,dodrio99835,True,"['Rapidash', 'Nidoqueen', 'Machamp', 'Drowzee', 'Arcanine']","['Drowzee', 'Staryu', 'Rapidash', 'Graveler']",15,5,4
gen1nu-2060508962,[Gen 1] NU,2024-02-16 05:49:14,,present11303,denpowerghost39436,present11303,False,"['Venomoth', 'Charizard', 'Aerodactyl', 'Raticate', 'Mr. Mime', 'Blastoise']","['Venomoth', 'Charizard', 'Aerodactyl', 'Magneton', 'Mr. Mime', 'Blastoise']",36,7,10
gen1nu-2053090703,[Gen 1] NU,2024-02-06 15:33:44,1030,powerherb56995,pupitar1038,powerherb56995,False,"['Charizard', 'Golem', 'Mr. Mime', 'Clefable', 'Blastoise']","['Venomoth', 'Charizard', 'Golem', 'Machamp', 'Mr. Mime', 'Blastoise']",30,7,9
smogtours-gen1nu-803795,[Gen 1] NU,2024-11-01 20:19:02,,heatran43293,stoneplate55960,stoneplate55960,False,"['Seadra', 'Charizard', 'Kabutops', 'Mr. Mime', 'Arcanine', 'Venusaur']","['Venomoth', 'Charizard', 'Magneton', 'Poliwrath', 'Mr. Mime', 'Fearow']",30,12,9
violetversion-gen1nu-1485,[Gen 1] NU,2016-03-22 21:49:14,,mefirst94337,psn38480,psn38480,False,"['Venomoth', 'Porygon', 'Magneton', 'Nidoking', 'Blastoise', 'Abra']","['Venomoth', 'Porygon', 'Nidoking', 'Diglett', 'Blastoise', 'Abra']",56,19,20
gen1nu-2279456048,[Gen 1] NU,2025-01-12 03:02:22,,revenge71921,blizzard53783,revenge71921,False,"['Seadra', 'Venomoth', 'Charizard', 'Raticate', 'Mr. Mime', 'Muk']","['Moltres', 'Venomoth', 'Charizard', 'Poliwrath', 'Mr. Mime', 'Arcanine']",27,6,7
smogtours-gen1nu-700748,[Gen 1] NU,2023-07-02 18:03:08,,rocksmash79466,arceusghost8496,rocksmash79466,False,"['Venomoth', 'Charizard', 'Electrode', 'Mr. Mime', 'Clefable', 'Blastoise']","['Venomoth', 'Charizard', 'Kabutops', 'Mr. Mime', 'Clefable', 'Blastoise']",34,9,9
smogtours-gen1nu-595713,[Gen 1] NU,2021-12-02 14:20:25,,spiderweb27115,drowzee8791,spiderweb27115,True,"['Ninetales', 'Charizard', 'Nidoking', 'Golem', 'Mr. Mime', 'Blastoise']","['Charizard', 'Nidoking', 'Kabutops', 'Mr. Mime', 'Clefable', 'Blastoise']",30,14,9
smogtours-gen1nu-779219,[Gen 1] NU,2024-07-08 15:11:04,,powerlens28906,perishsong83468,perishsong83468,False,"['Charizard', 'Aerodactyl', 'Magneton', 'Raticate', 'Poliwhirl', 'Mr. Mime']","['Charizard', 'Aerodactyl', 'Magneton', 'Raticate', 'Poliwhirl', 'Mr. Mime']",37,8,9
gen1nu-2069905316,[Gen 1] NU,2024-02-28 23:35:57,1087,diglett37152,ditto35944,diglett37152,False,"['Charizard', 'Porygon', 'Wigglytuff', 'Poliwhirl', 'Mr. Mime', 'Beedrill']","['Kingler', 'Seadra', 'Exeggcute', 'Wigglytuff', 'Mr. Mime', 'Venusaur']",43,9,10
gen1nu-2137785273,[Gen 1] NU,2024-06-06 01:36:15,,kangaskhan44566,mismagius33077,kangaskhan44566,False,"['Seadra', 'Charizard', 'Magneton', 'Mr. Mime', 'Venusaur', 'Fearow']","['Moltres', 'Golduck', 'Aerodactyl', 'Exeggcute', 'Mr. Mime', 'Magmar']",37,12,9
smogtours-gen1nu-604820,[Gen 1] NU,2022-01-23 21:47:33,,waterpulse35893,psn38480,psn38480,False,"['Charizard', 'Nidoking', 'Poliwhirl', 'Mr. Mime', 'Clefable', 'Blastoise']","['Charizard', 'Sandslash', 'Mr. Mime', 'Clefable', 'Fearow', 'Blastoise']",27,8,7
smogtours-gen1nu-665097,[Gen 1] NU,2022-12-15 20:10:07,,hustle11937,koffing28618,koffing28618,False,"['Staryu', 'Poliwag', 'Rapidash', 'Nidoqueen', 'Drowzee', 'Arcanine']","['Staryu', 'Vileplume', 'Pinsir', 'Omanyte', 'Dragonair', 'Nidoqueen']",34,12,11
smogtours-gen1nu-665362,[Gen 1] NU,2022-12-18 16:06:31,,absol83411,crushclaw70815,absol83411,False,"['Staryu', 'Rapidash', 'Dragonair', 'Seaking', 'Drowzee']","['Staryu', 'Rapidash', 'Nidoqueen', 'Graveler', 'Dragonair', 'Drowzee']",42,12,15
smogtours-gen1nu-587819,[Gen 1] NU,2021-10-19 01:24:17,,taunt17457,psn38480,psn38480,False,"['Pinsir', 'Electrode', 'Kabutops', 'Golem', 'Mr. Mime', 'Blastoise']","['Wigglytuff', 'Golem', 'Mr. Mime', 'Clefable', 'Blastoise']",27,10,11
smogtours-gen1nu-779197,[Gen 1] NU,2024-07-08 12:16:18,,powerlens28906,frenzyplant87849,frenzyplant87849,False,"['Charizard', 'Aerodactyl', 'Magneton', 'Raticate', 'Poliwhirl', 'Mr. Mime']","['Raticate', 'Mr. Mime', 'Kabutops', 'Poliwrath']",20,8,4
gen1nu-2282644491,[Gen 1] NU,2025-01-17 04:15:42,,revenge71921,blizzard53783,blizzard53783,True,"['Charizard', 'Exeggcute', 'Wigglytuff', 'Mr. Mime', 'Magmar', 'Blastoise']","['Venomoth', 'Charizard', 'Nidoking', 'Kabutops', 'Raticate', 'Mr. Mime']",24,7,5
gen1nu-2283180337,[Gen 1] NU,2025-01-18 00:16:02,,revenge71921,blizzard53783,revenge71921,False,"['Seadra', 'Venomoth', 'Charizard', 'Magneton', 'Seaking', 'Mr. Mime']","['Venomoth', 'Charizard', 'Aerodactyl', 'Raticate', 'Arcanine', 'Fearow']",30,8,7
gen1nu-2276496022,[Gen 1] NU,2025-01-07 07:49:53,,revenge71921,bulletpunch83527,bulletpunch83527,True,"['Seadra', 'Venomoth', 'Charizard', 'Magneton', 'Seaking', 'Mr. Mime']","['Venomoth', 'Charizard', 'Nidoking', 'Raticate', 'Kabutops', 'Mr. Mime']",21,8,7
gen1nu-2058061023,[Gen 1] NU,2024-02-13 02:19:11,1000,poochyena78393,recover74685,recover74685,False,"['Moltres', 'Charizard', 'Nidoking', 'Raticate', 'Mr. Mime', 'Blastoise']","['Aerodactyl', 'Raticate', 'Blastoise', 'Mr. Mime', 'Fearow', 'Gastly']",30,7,8
gen1nu-2272401785,[Gen 1] NU,2024-12-31 02:49:45,,revenge71921,bulletpunch83527,bulletpunch83527,False,"['Venomoth', 'Charizard', 'Magneton', 'Kabutops', 'Machamp', 'Mr. Mime']","['Moltres', 'Venomoth', 'Charizard', 'Poliwrath', 'Mr. Mime', 'Arcanine']",28,10,6
gen1nu-2278272388,[Gen 1] NU,2025-01-10 02:55:20,,revenge71921,blizzard53783,revenge71921,False,"['Scyther', 'Venomoth', 'Exeggcute', 'Kabutops', 'Mr. Mime', 'Slowpoke']","['Venomoth', 'Charizard', 'Nidoking', 'Raticate', 'Kabutops', 'Mr. Mime']",28,10,8
smogtours-gen1nu-779976,[Gen 1] NU,2024-07-13 20:36:02,,denpowerghost39436,mudsport71981,denpowerghost39436,False,"['Venomoth', 'Charizard', 'Raticate', 'Mr. Mime', 'Fearow', 'Blastoise']","['Moltres', 'Venomoth', 'Aerodactyl', 'Raticate', 'Kabutops', 'Mr. Mime']",28,9,8
smogtours-gen1nu-648166,[Gen 1] NU,2022-09-16 00:08:41,,quagsire52408,gastrodon26689,quagsire52408,False,"['Charizard', 'Porygon', 'Nidoking', 'Mr. Mime', 'Clefable', 'Blastoise']","['Venomoth', 'Charizard', 'Kabutops', 'Poliwhirl', 'Mr. Mime', 'Clefable']",24,5,5
smogtours-gen1nu-591627,[Gen 1] NU,2021-11-06 22:49:10,,waterpulse35893,amnesia25800,waterpulse35893,False,"['Nidoking', 'Poliwhirl', 'Golem', 'Mr. Mime', 'Clefable', 'Blastoise']","['Moltres', 'Rapidash', 'Dragonair', 'Poliwhirl', 'Clefable', 'Blastoise']",63,26,9
gen1nu-2278264840,[Gen 1] NU,2025-01-10 02:38:28,,revenge71921,blizzard53783,blizzard53783,True,"['Venomoth', 'Exeggcute', 'Kabutops', 'Mr. Mime', 'Slowpoke']","['Venomoth', 'Raticate', 'Kabutops', 'Mr. Mime']",19,4,4
gen1nu-2355035259,[Gen 1] NU,2025-05-02 00:17:32,,simple96847,needlearm59980,needlearm59980,False,"['Venomoth', 'Charizard', 'Kabutops', 'Poliwrath', 'Mr. Mime', 'Fearow']","['Moltres', 'Venomoth', 'Magneton', 'Kabutops', 'Mr. Mime', 'Fearow']",39,17,14
gen1nu-2163985730,[Gen 1] NU,2024-07-19 23:24:31,,stoneplate55960,gardevoir84608,gardevoir84608,False,"['Charizard', 'Aerodactyl', 'Magneton', 'Raticate', 'Poliwhirl', 'Mr. Mime']","['Kabutops', 'Poliwrath', 'Mr. Mime', 'Arcanine', 'Venusaur']",25,6,6
gen1nu-2153570273,[Gen 1] NU,2024-07-02 01:30:47,,futuresight13270,gardevoir84608,gardevoir84608,False,"['Venomoth', 'Charizard', 'Aerodactyl', 'Magneton', 'Mr. Mime', 'Blastoise']","['Moltres', 'Charizard', 'Poliwrath', 'Mr. Mime', 'Arcanine']",28,9,6
smogtours-gen1nu-729253,[Gen 1] NU,2023-11-06 01:33:56,,kangaskhan41867,waterfall8105,kangaskhan41867,False,"['Seadra', 'Venomoth', 'Charizard', 'Raticate', 'Mr. Mime', 'Clefable']","['Seadra', 'Charizard', 'Raticate', 'Mr. Mime', 'Clefable', 'Fearow']",31,5,7
smogtours-gen1nu-787189,[Gen 1] NU,2024-08-24 23:14:23,,unknownability847,mudsport71981,mudsport71981,False,"['Seadra', 'Venomoth', 'Charizard', 'Raticate', 'Mr. Mime', 'Blastoise']","['Venomoth', 'Charizard', 'Magneton', 'Raticate', 'Poliwrath', 'Mr. Mime']",30,11,9
gen1nu-2163981446,[Gen 1] NU,2024-07-19 23:24:28,,stoneplate55960,gardevoir84608,stoneplate55960,False,"['Venomoth', 'Charizard', 'Aerodactyl', 'Magneton', 'Mr. Mime', 'Blastoise']","['Seadra', 'Venomoth', 'Aerodactyl', 'Raticate', 'Poliwrath', 'Mr. Mime']",30,10,11
gen1nu-2275624253,[Gen 1] NU,2025-01-05 20:57:15,,poliwhirl66423,bulletpunch83527,bulletpunch83527,False,"['Charizard', 'Flareon', 'Exeggcute', 'Wigglytuff', 'Poliwrath', 'Mr. Mime']","['Venomoth', 'Charizard', 'Aerodactyl', 'Magneton', 'Mr. Mime', 'Blastoise']",28,8,7
gen1nu-2058032848,[Gen 1] NU,2024-02-13 01:27:11,,powerlens10976,omastar20158,powerlens10976,False,"['Kingler', 'Venomoth', 'Nidoking', 'Wigglytuff', 'Mr. Mime', 'Blastoise']","['Golduck', 'Venomoth', 'Aerodactyl', 'Nidoking', 'Mr. Mime', 'Magmar']",33,10,12
smogtours-gen1nu-813628,[Gen 1] NU,2025-01-11 01:43:35,,ponyta53394,magmortar19991,ponyta53394,True,"['Seadra', 'Charizard', 'Graveler', 'Poliwrath', 'Mr. Mime', 'Fearow']","['Venomoth', 'Aerodactyl', 'Magneton', 'Poliwrath', 'Mr. Mime']",43,19,19
gen1nu-2061210800,[Gen 1] NU,2024-02-17 03:36:59,,punishment38172,sunkern50532,sunkern50532,False,"['Venomoth', 'Charizard', 'Wigglytuff', 'Kabutops', 'Poliwhirl', 'Mr. Mime']","['Venomoth', 'Charizard', 'Flareon', 'Wigglytuff', 'Mr. Mime', 'Blastoise']",30,8,9
smogtours-gen1nu-808723,[Gen 1] NU,2024-12-01 21:00:53,,stoneplate55960,quickclaw83695,quickclaw83695,False,"['Venomoth', 'Charizard', 'Magneton', 'Poliwrath', 'Mr. Mime', 'Fearow']","['Moltres', 'Charizard', 'Poliwrath', 'Mr. Mime', 'Arcanine']",30,10,4
gen1nu-2270140358,[Gen 1] NU,2024-12-26 23:33:34,,punishment38172,revenge71921,revenge71921,False,"['Aerodactyl', 'Exeggcute', 'Weezing', 'Graveler', 'Mr. Mime', 'Muk']","['Charizard', 'Aerodactyl', 'Raticate', 'Mr. Mime', 'Parasect', 'Blastoise']",32,11,11
smogtours-gen1nu-725264,[Gen 1] NU,2023-10-21 21:20:22,,rotomfan35023,waterpulse35893,waterpulse35893,False,"['Moltres', 'Venomoth', 'Kabutops', 'Mr. Mime', 'Clefable', 'Blastoise']","['Kingler', 'Seadra', 'Exeggcute', 'Mr. Mime', 'Clefable', 'Blastoise']",58,22,19
smogtours-gen1nu-779288,[Gen 1] NU,2024-07-09 02:11:40,,ddenpowerdark55312,denpowerghost39436,denpowerghost39436,False,"['Seadra', 'Venomoth', 'Charizard', 'Raticate', 'Mr. Mime', 'Fearow']","['Venomoth', 'Charizard', 'Staryu', 'Raticate', 'Graveler', 'Venusaur']",28,8,8
smogtours-gen1nu-779207,[Gen 1] NU,2024-07-08 14:27:29,,timerball45388,stoneplate55960,stoneplate55960,True,"['Moltres', 'Charizard', 'Poliwrath', 'Mr. Mime', 'Arcanine']","['Venomoth', 'Charizard', 'Magneton', 'Mr. Mime', 'Blastoise']",27,9,9
smogtours-gen1nu-735737,[Gen 1] NU,2023-12-17 20:35:34,,golduck35019,mudsport71981,mudsport71981,False,"['Kingler', 'Exeggcute', 'Wigglytuff', 'Mr. Mime', 'Clefable', 'Blastoise']","['Arcanine', 'Mr. Mime', 'Venomoth', 'Clefable']",34,12,7
gen1nu-2272448671,[Gen 1] NU,2024-12-31 04:45:53,,revenge71921,bulletpunch83527,bulletpunch83527,True,"['Parasect', 'Mr. Mime', 'Charizard', 'Aerodactyl']","['Venomoth', 'Charizard', 'Nidoking', 'Kabutops', 'Mr. Mime']",25,4,5
smogtours-gen1nu-831519,[Gen 1] NU,2025-04-06 20:54:01,,poisonpowder88566,ponyta53394,poisonpowder88566,False,"['Magneton', 'Graveler', 'Poliwhirl', 'Poliwrath', 'Mr. Mime', 'Fearow']","['Seadra', 'Venomoth', 'Charizard', 'Poliwrath', 'Mr. Mime', 'Fearow']",30,7,12
gen1nu-2276446266,[Gen 1] NU,2025-01-07 05:06:18,,revenge71921,bulletpunch83527,bulletpunch83527,True,"['Seadra', 'Magneton', 'Venomoth', 'Charizard']","['Venomoth', 'Charizard', 'Kabutops']",9,3,3
gen1nu-2060912269,[Gen 1] NU,2024-02-16 19:03:20,1144,poisonpowder88566,rollout79143,poisonpowder88566,False,"['Seadra', 'Scyther', 'Venomoth', 'Aerodactyl', 'Arcanine', 'Blastoise']","['Rapidash', 'Aerodactyl', 'Exeggcute', 'Raticate', 'Mr. Mime', 'Blastoise']",38,9,14
smogtours-gen1nu-838374,[Gen 1] NU,2025-05-02 19:35:31,,acid56076,ponyta53394,ponyta53394,False,"['Charizard', 'Magneton', 'Poliwrath', 'Graveler', 'Mr. Mime', 'Fearow']","['Seadra', 'Charizard', 'Poliwrath', 'Graveler', 'Mr. Mime', 'Fearow']",33,14,15
gen1nu-2275152283,[Gen 1] NU,2025-01-05 00:27:26,,poliwhirl66423,bulletpunch83527,poliwhirl66423,False,"['Venomoth', 'Charizard', 'Flareon', 'Wigglytuff', 'Mr. Mime', 'Blastoise']","['Venomoth', 'Charizard', 'Aerodactyl', 'Magneton', 'Mr. Mime', 'Blastoise']",31,9,7
gen1nu-2271821885,[Gen 1] NU,2024-12-30 02:23:02,,revenge71921,bulletpunch83527,revenge71921,False,"['Venomoth', 'Charizard', 'Magneton', 'Machamp', 'Mr. Mime']","['Venomoth', 'Charizard', 'Nidoking', 'Kabutops', 'Raticate', 'Mr. Mime']",31,8,13
smogtours-gen1nu-711833,[Gen 1] NU,2023-08-23 22:12:28,,futuresight13270,unknownability847,unknownability847,False,"['Venomoth', 'Charizard', 'Golem', 'Mr. Mime', 'Clefable', 'Blastoise']","['Venomoth', 'Charizard', 'Mr. Mime', 'Clefable', 'Blastoise']",33,13,8
smogtours-gen1nu-662760,[Gen 1] NU,2022-11-26 18:58:31,,golbat83721,attract79434,golbat83721,False,"['Rapidash', 'Pinsir', 'Nidoqueen', 'Shellder', 'Lickitung', 'Abra']","['Vileplume', 'Rapidash', 'Onix', 'Nidoqueen', 'Seaking', 'Abra']",35,12,12
gen1nu-2276452213,[Gen 1] NU,2025-01-07 05:25:42,,revenge71921,bulletpunch83527,revenge71921,False,"['Venomoth', 'Charizard', 'Mr. Mime', 'Fearow', 'Blastoise', 'Abra']","['Venomoth', 'Charizard', 'Nidoking', 'Raticate', 'Kabutops', 'Mr. Mime']",31,11,8
smogtours-gen1nu-663969,[Gen 1] NU,2022-12-07 00:55:32,,chinchou58618,golduck35019,chinchou58618,False,"['Staryu', 'Rapidash', 'Omanyte', 'Nidoqueen', 'Weepinbell']","['Pinsir', 'Omanyte', 'Dragonair', 'Nidoqueen', 'Arcanine', 'Fearow']",39,14,15
smogtours-gen1nu-663753,[Gen 1] NU,2022-12-04 19:56:44,,deoxysdefense78874,mudsport71981,mudsport71981,True,"['Moltres', 'Venomoth', 'Charizard', 'Kabutops', 'Mr. Mime', 'Clefable']","['Venomoth', 'Charizard', 'Mr. Mime', 'Clefable', 'Blastoise']",31,11,9
gen1nu-2058000504,[Gen 1] NU,2024-02-13 00:30:52,,powerlens10976,omastar20158,omastar20158,False,"['Kingler', 'Venomoth', 'Porygon', 'Mr. Mime', 'Venusaur', 'Blastoise']","['Golduck', 'Charizard', 'Porygon', 'Wigglytuff', 'Mr. Mime', 'Victreebel']",49,10,7
gen1nu-2050176456,[Gen 1] NU,2024-02-02 16:57:33,1054,machoke73260,revenge71921,revenge71921,False,"['Charizard', 'Wigglytuff', 'Raticate', 'Golem', 'Mr. Mime', 'Clefable']","['Charizard', 'Exeggcute', 'Wigglytuff', 'Mr. Mime', 'Clefable', 'Blastoise']",21,6,5
smogtours-gen1nu-817050,[Gen 1] NU,2025-01-31 20:59:29,,needlearm59980,confuseray41666,needlearm59980,True,"['Charizard', 'Magneton', 'Kabutops', 'Poliwrath', 'Mr. Mime', 'Fearow']","['Moltres', 'Charizard', 'Magneton', 'Raticate', 'Poliwrath', 'Mr. Mime']",79,11,18
gen1nu-2053330244,[Gen 1] NU,2024-02-06 20:45:11,1069,triattack36523,kabutops91834,kabutops91834,False,"['Seadra', 'Venomoth', 'Charizard', 'Raticate', 'Mr. Mime', 'Clefable']","['Venomoth', 'Charizard', 'Golem', 'Mr. Mime', 'Clefable', 'Blastoise']",34,8,12
gen1nu-2274650449,[Gen 1] NU,2025-01-04 02:40:51,,poliwhirl66423,bulletpunch83527,poliwhirl66423,False,"['Rapidash', 'Aerodactyl', 'Wigglytuff', 'Poliwrath', 'Mr. Mime', 'Venusaur']","['Venomoth', 'Charizard', 'Nidoking', 'Raticate', 'Kabutops', 'Mr. Mime']",29,6,6
smogtours-gen1nu-814423,[Gen 1] NU,2025-01-17 17:23:34,,weepinbell75190,bide85657,bide85657,True,"['Moltres', 'Venomoth', 'Magneton', 'Kabutops', 'Mr. Mime', 'Fearow']","['Seadra', 'Charizard', 'Graveler', 'Poliwrath', 'Mr. Mime']",35,18,13
smogtours-gen1nu-774590,[Gen 1] NU,2024-06-15 15:33:53,,toxic43930,aerodactyl86215,toxic43930,False,"['Moltres', 'Golduck', 'Aerodactyl', 'Raticate', 'Mr. Mime', 'Venusaur']","['Venomoth', 'Aerodactyl', 'Magneton', 'Raticate', 'Mr. Mime', 'Blastoise']",36,9,11
smogtours-gen1nu-661936,[Gen 1] NU,2022-11-19 16:19:45,,powerherb16934,deoxysdefense78874,powerherb16934,False,"['Moltres', 'Charizard', 'Raticate', 'Mr. Mime', 'Clefable', 'Blastoise']","['Venomoth', 'Charizard', 'Kabutops', 'Mr. Mime', 'Clefable', 'Blastoise']",33,7,10
smogtours-gen1nu-663346,[Gen 1] NU,2022-12-01 18:10:09,,jolteon92120,crushclaw70815,jolteon92120,False,"['Vileplume', 'Omanyte', 'Nidoqueen', 'Seaking', 'Slowpoke', 'Abra']","['Rapidash', 'Omanyte', 'Nidoqueen', 'Machamp', 'Weepinbell', 'Fearow']",37,12,9
gen1nu-2141797311,[Gen 1] NU,2024-06-12 10:42:15,,stoneplate55960,aquaring89206,stoneplate55960,False,"['Venomoth', 'Charizard', 'Aerodactyl', 'Magneton', 'Mr. Mime', 'Blastoise']","['Moltres', 'Venomoth', 'Charizard', 'Poliwrath', 'Mr. Mime', 'Arcanine']",37,7,7
smogtours-gen1nu-751087,[Gen 1] NU,2024-03-02 20:59:22,,articuno75579,tangrowth23890,articuno75579,False,"['Golduck', 'Venomoth', 'Aerodactyl', 'Raticate', 'Mr. Mime', 'Arcanine']","['Venomoth', 'Charizard', 'Aerodactyl', 'Raticate', 'Mr. Mime', 'Blastoise']",40,13,16
smogtours-gen1nu-777907,[Gen 1] NU,2024-07-01 11:23:21,,denpowerghost39436,poisonpowder88566,denpowerghost39436,False,"['Venomoth', 'Charizard', 'Raticate', 'Mr. Mime', 'Fearow', 'Blastoise']","['Moltres', 'Seadra', 'Charizard', 'Poliwrath', 'Mr. Mime', 'Arcanine']",27,6,8
gen1nu-2275608803,[Gen 1] NU,2025-01-05 20:27:17,,poliwhirl66423,bulletpunch83527,bulletpunch83527,True,"['Venomoth', 'Charizard', 'Magneton', 'Kabutops', 'Machamp', 'Mr. Mime']","['Venomoth', 'Charizard', 'Nidoking', 'Kabutops', 'Mr. Mime']",32,9,7
smogtours-gen1nu-654087,[Gen 1] NU,2022-10-09 20:21:11,,deoxysdefense78874,whiscash85390,whiscash85390,False,"['Kingler', 'Poliwhirl', 'Golem', 'Mr. Mime', 'Clefable', 'Blastoise']","['Ninetales', 'Charizard', 'Nidoking', 'Golem', 'Mr. Mime', 'Blastoise']",38,14,13
smogtours-gen1nu-667610,[Gen 1] NU,2023-01-07 18:22:20,,mudsport71981,powerherb16934,mudsport71981,False,"['Venomoth', 'Charizard', 'Golem', 'Mr. Mime', 'Clefable', 'Blastoise']","['Venomoth', 'Charizard', 'Nidoking', 'Mr. Mime', 'Clefable', 'Blastoise']",27,6,10
smogtours-gen1nu-679009,[Gen 1] NU,2023-03-10 21:21:23,,truant84021,kangaskhan41867,kangaskhan41867,False,"['Venomoth', 'Charizard', 'Nidoking', 'Mr. Mime', 'Clefable', 'Blastoise']","['Venomoth', 'Nidoking', 'Mr. Mime', 'Clefable', 'Blastoise']",29,8,5
smogtours-gen1nu-838362,[Gen 1] NU,2025-05-02 19:19:07,,acid56076,ponyta53394,ponyta53394,True,"['Seadra', 'Venomoth', 'Charizard', 'Porygon', 'Mr. Mime', 'Blastoise']","['Charizard', 'Magneton', 'Poliwrath', 'Mr. Mime', 'Arcanine', 'Blastoise']",37,13,14
smogtours-gen1nu-797634,[Gen 1] NU,2024-10-12 18:11:57,,wacanberry11962,mudsport71981,wacanberry11962,False,"['Seadra', 'Venomoth', 'Charizard', 'Kabutops', 'Mr. Mime', 'Fearow']","['Charizard', 'Nidoking', 'Poliwrath', 'Mr. Mime', 'Fearow', 'Gastly']",23,9,9
smogtours-gen1nu-738688,[Gen 1] NU,2024-01-10 21:38:10,,recover74685,crosschop14357,crosschop14357,False,"['Venomoth', 'Wigglytuff', 'Golem', 'Mr. Mime', 'Clefable', 'Blastoise']","['Charizard', 'Exeggcute', 'Nidoking', 'Mr. Mime', 'Clefable', 'Blastoise']",49,18,16
smogtours-gen1nu-594196,[Gen 1] NU,2021-11-20 22:35:17,,encore90411,waterpulse35893,waterpulse35893,False,"['Kingler', 'Electrode', 'Kabutops', 'Poliwhirl', 'Mr. Mime', 'Clefable']","['Venomoth', 'Charizard', 'Nidoking', 'Mr. Mime', 'Clefable', 'Blastoise']",45,14,13
gen1nu-2127101313,[Gen 1] NU,2024-05-20 23:47:59,,kangaskhan44566,mismagius33077,mismagius33077,False,"['Golduck', 'Nidoking', 'Mr. Mime', 'Arcanine', 'Venusaur', 'Fearow']","['Moltres', 'Golduck', 'Venomoth', 'Aerodactyl', 'Mr. Mime', 'Magmar']",34,15,7
gen1nu-2276444496,[Gen 1] NU,2025-01-07 05:01:59,,revenge71921,bulletpunch83527,bulletpunch83527,True,"['Magneton', 'Venomoth', 'Charizard', 'Seaking']","['Venomoth', 'Charizard', 'Raticate']",8,3,2
gen1nu-2271802765,[Gen 1] NU,2024-12-30 01:37:52,,revenge71921,bulletpunch83527,revenge71921,False,"['Charizard', 'Flareon', 'Exeggcute', 'Wigglytuff', 'Poliwrath', 'Mr. Mime']","['Moltres', 'Venomoth', 'Aerodactyl', 'Raticate', 'Mr. Mime', 'Blastoise']",38,9,10
smogtours-gen1nu-609711,[Gen 1] NU,2022-02-20 18:18:14,,micleberry95900,encore90411,encore90411,False,"['Venomoth', 'Charizard', 'Nidoking', 'Mr. Mime', 'Clefable', 'Blastoise']","['Venomoth', 'Nidoking', 'Poliwhirl', 'Mr. Mime', 'Clefable', 'Blastoise']",32,9,10
gen1nu-2077164696,[Gen 1] NU,2024-03-09 16:14:39,,poliwrath3176,noability19212,poliwrath3176,False,"['Venomoth', 'Aerodactyl', 'Kabutops', 'Raticate', 'Poliwrath', 'Mr. Mime']","['Venomoth', 'Charizard', 'Aerodactyl', 'Magneton', 'Raticate', 'Mr. Mime']",39,13,17
smogtours-gen1nu-664363,[Gen 1] NU,2022-12-11 17:10:20,,mudsport71981,xscissor38348,mudsport71981,False,"['Charizard', 'Exeggcute', 'Wigglytuff', 'Mr. Mime', 'Clefable', 'Blastoise']","['Venomoth', 'Porygon', 'Golem', 'Mr. Mime', 'Clefable', 'Blastoise']",46,8,11
smogtours-gen1nu-813715,[Gen 1] NU,2025-01-11 18:20:23,,needlearm59980,thrash54054,needlearm59980,False,"['Moltres', 'Seadra', 'Venomoth', 'Charizard', 'Poliwrath', 'Mr. Mime']","['Seadra', 'Venomoth', 'Charizard', 'Graveler', 'Mr. Mime', 'Blastoise']",35,9,11
gen1nu-2152394682,[Gen 1] NU,2024-06-29 23:26:07,,recover74685,cubone48351,recover74685,False,"['Moltres', 'Venomoth', 'Aerodactyl', 'Raticate', 'Poliwrath', 'Mr. Mime']","['Golduck', 'Nidoking', 'Raticate', 'Poliwhirl', 'Kabutops', 'Mr. Mime']",28,8,8
gen1nu-2049704403,[Gen 1] NU,2024-02-02 01:17:38,1000,probopass63851,kangaskhan44566,kangaskhan44566,True,"['Pinsir', 'Nidoking', 'Weezing', 'Mr. Mime', 'Clefable', 'Fearow']","['Moltres', 'Venomoth', 'Electrode', 'Raticate', 'Kabutops', 'Mr. Mime']",41,8,10
gen1nu-2087875432,[Gen 1] NU,2024-03-24 05:15:10,,punishment38172,bide81826,bide81826,False,"['Golduck', 'Venomoth', 'Aerodactyl', 'Wigglytuff', 'Mr. Mime', 'Arcanine']","['Charizard', 'Exeggcute', 'Wigglytuff', 'Poliwrath', 'Mr. Mime', 'Golbat']",37,7,10
gen1nu-2050372158,[Gen 1] NU,2024-02-02 21:40:46,1062,colburberry39805,azurill35787,azurill35787,False,"['Venomoth', 'Charizard', 'Nidoking', 'Mr. Mime', 'Clefable', 'Blastoise']","['Moltres', 'Kingler', 'Venomoth', 'Mr. Mime', 'Clefable']",28,9,5
smogtours-gen1nu-560980,[Gen 1] NU,2021-05-15 20:15:13,,taunt17457,watergun59811,watergun59811,False,"['Seadra', 'Kingler', 'Exeggcute', 'Poliwhirl', 'Golem', 'Mr. Mime']","['Kingler', 'Venomoth', 'Golem', 'Mr. Mime', 'Clefable']",23,8,5
smogtours-gen1nu-665376,[Gen 1] NU,2022-12-18 17:21:30,,jolteon92120,mudsport71981,jolteon92120,False,"['Venomoth', 'Charizard', 'Electrode', 'Mr. Mime', 'Clefable', 'Blastoise']","['Charizard', 'Electrode', 'Nidoking', 'Mr. Mime', 'Clefable', 'Blastoise']",36,13,13
gen1nu-2275783635,[Gen 1] NU,2025-01-06 02:37:40,,revenge71921,bulletpunch83527,bulletpunch83527,False,"['Pidgeot', 'Charizard', 'Kabutops', 'Poliwrath', 'Mr. Mime', 'Parasect']","['Venomoth', 'Charizard', 'Nidoking', 'Kabutops', 'Mr. Mime']",39,11,10
smogtours-gen1nu-729254,[Gen 1] NU,2023-11-06 01:38:17,,waterfall8105,kangaskhan41867,kangaskhan41867,True,"['Moltres', 'Venomoth', 'Electrode', 'Mr. Mime', 'Clefable']","['Mr. Mime', 'Charizard', 'Venomoth']",15,6,2
smogtours-gen1nu-719983,[Gen 1] NU,2023-09-29 09:44:28,,lightclay48488,extrasensory76435,lightclay48488,False,"['Charizard', 'Exeggcute', 'Nidoking', 'Mr. Mime', 'Clefable', 'Blastoise']","['Venomoth', 'Charizard', 'Electrode', 'Mr. Mime', 'Clefable', 'Blastoise']",47,18,16
gen1nu-2070801812,[Gen 1] NU,2024-03-01 03:08:58,,punishment38172,revenge71921,revenge71921,False,"['Golduck', 'Venomoth', 'Charizard', 'Porygon', 'Poliwrath', 'Mr. Mime']","['Golduck', 'Charizard', 'Porygon', 'Wigglytuff', 'Mr. Mime', 'Victreebel']",34,9,8
smogtours-gen1nu-667106,[Gen 1] NU,2023-01-03 21:12:33,,kangaskhan41867,deoxysdefense78874,kangaskhan41867,False,"['Charizard', 'Raticate', 'Mr. Mime', 'Clefable', 'Fearow', 'Blastoise']","['Venomoth', 'Charizard', 'Wigglytuff', 'Mr. Mime', 'Clefable', 'Blastoise']",48,15,16
smogtours-gen1nu-634161,[Gen 1] NU,2022-06-23 17:44:59,,fissure61188,hail89314,hail89314,False,"['Voltorb', 'Cubone', 'Ivysaur', 'Meowth', 'Tentacool', 'Golbat']","['Rhyhorn', 'Shellder', 'Meowth', 'Tentacool', 'Ivysaur', 'Charmeleon']",32,12,10
smogtours-gen1nu-802765,[Gen 1] NU,2024-10-27 21:36:24,,denpowerghost39436,sacredfire89193,sacredfire89193,False,"['Venomoth', 'Charizard', 'Magneton', 'Kabutops', 'Mr. Mime', 'Arcanine']","['Seadra', 'Venomoth', 'Charizard', 'Magneton', 'Raticate', 'Mr. Mime']",40,11,10
gen1nu-2049573360,[Gen 1] NU,2024-02-01 21:35:12,1000,woodhammer66942,berryjuice54970,woodhammer66942,False,"['Venomoth', 'Charizard', 'Golem', 'Mr. Mime', 'Clefable']","['Charizard', 'Electrode', 'Exeggcute', 'Mr. Mime', 'Clefable', 'Blastoise']",37,10,12
smogtours-gen1nu-822234,[Gen 1] NU,2025-02-27 00:42:24,,poisonpowder88566,magmortar19991,poisonpowder88566,True,"['Moltres', 'Seadra', 'Venomoth', 'Kabutops', 'Poliwhirl', 'Mr. Mime']","['Moltres', 'Magneton', 'Exeggcute', 'Kabutops', 'Raticate', 'Blastoise']",28,7,9
smogtours-gen1nu-774425,[Gen 1] NU,2024-06-14 23:05:12,,denpowerghost39436,golduck35019,golduck35019,False,"['Charizard', 'Kabutops', 'Raticate', 'Mr. Mime', 'Venusaur', 'Blastoise']","['Golduck', 'Venomoth', 'Charizard', 'Aerodactyl', 'Raticate', 'Mr. Mime']",36,8,12
gen1nu-2275695171,[Gen 1] NU,2025-01-05 23:21:55,,revenge71921,bulletpunch83527,bulletpunch83527,True,"['Venomoth', 'Charizard', 'Sandslash', 'Poliwrath', 'Mr. Mime', 'Blastoise']","['Venomoth', 'Charizard', 'Nidoking', 'Raticate', 'Kabutops', 'Mr. Mime']",23,5,7
smogtours-gen1nu-797668,[Gen 1] NU,2024-10-12 18:45:38,,wacanberry11962,mudsport71981,wacanberry11962,False,"['Seadra', 'Venomoth', 'Charizard', 'Kabutops', 'Mr. Mime']","['Charizard', 'Poliwrath', 'Graveler', 'Mr. Mime', 'Fearow', 'Gastly']",26,8,10
gen1nu-2272393807,[Gen 1] NU,2024-12-31 02:32:42,,revenge71921,bulletpunch83527,revenge71921,False,"['Seadra', 'Venomoth', 'Charizard', 'Magneton', 'Mr. Mime']","['Venomoth', 'Charizard', 'Nidoking', 'Raticate', 'Kabutops', 'Mr. Mime']",24,7,11
smogtours-gen1nu-662462,[Gen 1] NU,2022-11-23 19:26:05,,raindance93189,powerherb16934,raindance93189,False,"['Venomoth', 'Ninetales', 'Charizard', 'Mr. Mime', 'Clefable', 'Blastoise']","['Kingler', 'Charizard', 'Exeggcute', 'Golem', 'Mr. Mime', 'Clefable']",28,6,10
smogtours-gen1nu-711485,[Gen 1] NU,2023-08-21 20:12:06,,golduck35019,outrage46997,golduck35019,False,"['Seadra', 'Venomoth', 'Charizard', 'Mr. Mime', 'Clefable', 'Blastoise']","['Ninetales', 'Magneton', 'Kabutops', 'Mr. Mime', 'Clefable', 'Blastoise']",38,9,11
gen1nu-2062442673,[Gen 1] NU,2024-02-18 23:57:42,1029,toxic43930,punishment38172,punishment38172,True,"['Moltres', 'Golduck', 'Nidoking', 'Mr. Mime', 'Venusaur', 'Blastoise']","['Golduck', 'Mr. Mime', 'Charizard', 'Venomoth']",25,10,4
smogtours-gen1nu-607876,[Gen 1] NU,2022-02-11 12:08:55,,abra60610,drowzee8791,drowzee8791,True,"['Nidoking', 'Golem', 'Mr. Mime', 'Clefable', 'Arcanine', 'Blastoise']","['Kingler', 'Charizard', 'Poliwhirl', 'Mr. Mime', 'Clefable', 'Blastoise']",35,8,13
smogtours-gen1nu-838789,[Gen 1] NU,2025-05-03 18:15:35,,mudsport71981,electabuzz37326,mudsport71981,False,"['Moltres', 'Seadra', 'Venomoth', 'Charizard', 'Poliwrath', 'Mr. Mime']","['Seadra', 'Golduck', 'Charizard', 'Kabutops', 'Mr. Mime', 'Venusaur']",37,12,11
gen1nu-2272421248,[Gen 1] NU,2024-12-31 03:35:28,,revenge71921,bulletpunch83527,revenge71921,True,"['Venomoth', 'Charizard', 'Sandslash', 'Poliwrath', 'Mr. Mime', 'Blastoise']","['Seadra', 'Golduck', 'Charizard', 'Kabutops', 'Mr. Mime', 'Venusaur']",26,5,6
gen1nu-2070820832,[Gen 1] NU,2024-03-01 03:48:54,,revenge71921,punishment38172,revenge71921,False,"['Venomoth', 'Charizard', 'Flareon', 'Wigglytuff', 'Mr. Mime', 'Blastoise']","['Golduck', 'Venomoth', 'Aerodactyl', 'Magneton', 'Poliwrath', 'Mr. Mime']",40,10,11
gen1nu-2061140102,[Gen 1] NU,2024-02-17 01:17:00,1095,sunkern50532,poliwrath3176,poliwrath3176,False,"['Venomoth', 'Charizard', 'Porygon', 'Aerodactyl', 'Lickitung', 'Mr. Mime']","['Golduck', 'Charizard', 'Aerodactyl', 'Raticate', 'Mr. Mime', 'Victreebel']",31,7,6
gen1nu-2137791222,[Gen 1] NU,2024-06-06 01:49:08,,kangaskhan44566,mismagius33077,kangaskhan44566,False,"['Seadra', 'Charizard', 'Magneton', 'Mr. Mime', 'Venusaur', 'Fearow']","['Seadra', 'Exeggcute', 'Wigglytuff', 'Raticate', 'Mr. Mime', 'Magmar']",49,14,8
smogtours-gen1nu-665722,[Gen 1] NU,2022-12-21 03:41:59,,waterpulse40225,arceusghost8496,arceusghost8496,True,"['Staryu', 'Rapidash', 'Vileplume', 'Omanyte', 'Nidoqueen', 'Magmar']","['Omanyte', 'Drowzee', 'Staryu', 'Dragonair']",26,8,8
gen1nu-2003611439,[Gen 1] NU,2023-12-03 04:39:28,,triattack98414,rceuselectric37817,triattack98414,True,"['Mr. Mime', 'Charizard', 'Venomoth', 'Golem']","['Moltres', 'Mr. Mime']",10,3,1
smogtours-gen1nu-741158,[Gen 1] NU,2024-01-21 22:01:25,,mudsport71981,splash22725,splash22725,False,"['Seadra', 'Kingler', 'Venomoth', 'Raticate', 'Mr. Mime', 'Clefable']","['Charizard', 'Exeggcute', 'Raticate', 'Mr. Mime', 'Clefable', 'Blastoise']",36,13,10
gen1nu-2061076566,[Gen 1] NU,2024-02-16 23:17:00,1221,recover74685,poisonpowder88566,poisonpowder88566,False,"['Aerodactyl', 'Raticate', 'Blastoise', 'Mr. Mime', 'Fearow', 'Gastly']","['Venomoth', 'Charizard', 'Porygon', 'Graveler', 'Mr. Mime', 'Blastoise']",29,8,9
gen1nu-2241447556,[Gen 1] NU,2024-11-11 02:11:30,,heatran44736,stoneplate55960,heatran44736,False,"['Seadra', 'Charizard', 'Poliwrath', 'Mr. Mime', 'Arcanine']","['Venomoth', 'Charizard', 'Magneton', 'Poliwrath', 'Magnemite', 'Fearow']",35,10,9
smogtours-gen1nu-645916,[Gen 1] NU,2022-09-01 12:54:20,,spikecannon99072,hitmonchan30284,hitmonchan30284,False,"['Charizard', 'Poliwhirl', 'Golem', 'Mr. Mime', 'Clefable', 'Blastoise']","['Charizard', 'Nidoking', 'Poliwhirl', 'Mr. Mime', 'Clefable', 'Blastoise']",35,15,11
smogtours-gen1nu-662509,[Gen 1] NU,2022-11-24 20:19:55,,feebas76264,powerherb16934,powerherb16934,False,"['Vileplume', 'Rapidash', 'Omanyte', 'Nidoqueen', 'Seaking', 'Fearow']","['Staryu', 'Dragonair', 'Nidoqueen', 'Drowzee', 'Arcanine', 'Fearow']",22,8,7
smogtours-gen1nu-598198,[Gen 1] NU,2021-12-18 18:44:28,,psn38480,meditate33036,meditate33036,True,"['Moltres', 'Ponyta', 'Ninetales', 'Rapidash', 'Charizard', 'Poliwhirl']","['Scyther', 'Charizard', 'Nidoking', 'Poliwhirl', 'Mr. Mime', 'Blastoise']",41,8,10
smogtours-gen1nu-672639,[Gen 1] NU,2023-02-04 05:13:07,,mudsport71981,magnetpull75337,mudsport71981,False,"['Venomoth', 'Charizard', 'Golem', 'Mr. Mime', 'Clefable', 'Blastoise']","['Venomoth', 'Charizard', 'Kabutops', 'Mr. Mime', 'Clefable', 'Blastoise']",51,15,16
smogtours-gen1nu-665165,[Gen 1] NU,2022-12-16 22:23:16,,typechange32750,damp79850,damp79850,True,"['Staryu', 'Rapidash', 'Pinsir', 'Nidoqueen', 'Arcanine', 'Gastly']","['Staryu', 'Rapidash', 'Pinsir', 'Electrode', 'Nidoqueen', 'Machamp']",34,16,13
smogtours-gen1nu-589366,[Gen 1] NU,2021-10-29 20:07:26,,encore90411,taunt17457,encore90411,False,"['Kingler', 'Nidoking', 'Poliwhirl', 'Mr. Mime', 'Clefable']","['Moltres', 'Gastly', 'Kabutops', 'Mr. Mime', 'Clefable', 'Blastoise']",27,7,10
gen1nu-2278345003,[Gen 1] NU,2025-01-10 06:13:26,,revenge71921,blizzard53783,revenge71921,False,"['Scyther', 'Venomoth', 'Exeggcute', 'Kabutops', 'Mr. Mime', 'Slowpoke']","['Venomoth', 'Charizard', 'Nidoking', 'Kabutops', 'Raticate', 'Mr. Mime']",33,10,15
gen1nu-2062469644,[Gen 1] NU,2024-02-19 00:49:30,,punishment38172,diglett37152,punishment38172,False,"['Golduck', 'Venomoth', 'Charizard', 'Porygon', 'Nidoking', 'Mr. Mime']","['Golduck', 'Charizard', 'Porygon', 'Wigglytuff', 'Mr. Mime', 'Lickitung']",32,8,10
gen1nu-2061204145,[Gen 1] NU,2024-02-17 03:24:17,1104,sunkern50532,punishment38172,sunkern50532,False,"['Venomoth', 'Charizard', 'Porygon', 'Aerodactyl', 'Lickitung', 'Mr. Mime']","['Golduck', 'Venomoth', 'Charizard', 'Aerodactyl', 'Wigglytuff', 'Mr. Mime']",40,9,10
gen1nu-2277042739,[Gen 1] NU,2025-01-08 04:07:02,,revenge71921,bulletpunch83527,revenge71921,False,"['Charizard', 'Exeggcute', 'Wigglytuff', 'Mr. Mime', 'Magmar', 'Blastoise']","['Moltres', 'Kabutops', 'Poliwrath', 'Mr. Mime', 'Arcanine', 'Venusaur']",46,7,8
gen1nu-2279450908,[Gen 1] NU,2025-01-12 02:48:49,,revenge71921,blizzard53783,revenge71921,False,"['Seadra', 'Venomoth', 'Charizard', 'Raticate', 'Mr. Mime', 'Muk']","['Venomoth', 'Charizard', 'Nidoking', 'Kabutops', 'Raticate', 'Mr. Mime']",23,6,8
gen1nu-2058036138,[Gen 1] NU,2024-02-13 01:32:32,,powerlens10976,omastar20158,omastar20158,False,"['Kingler', 'Venomoth', 'Nidoking', 'Wigglytuff', 'Mr. Mime', 'Blastoise']","['Venomoth', 'Charizard', 'Flareon', 'Wigglytuff', 'Mr. Mime', 'Blastoise']",29,10,10
smogtours-gen1nu-776576,[Gen 1] NU,2024-06-23 22:22:27,,needlearm59980,static36182,needlearm59980,False,"['Kabutops', 'Poliwrath', 'Mr. Mime', 'Arcanine', 'Venusaur']","['Venomoth', 'Charizard', 'Aerodactyl', 'Magneton', 'Mr. Mime', 'Blastoise']",36,8,13
gen1nu-2277166734,[Gen 1] NU,2025-01-08 10:44:35,,revenge71921,bulletpunch83527,bulletpunch83527,False,"['Rapidash', 'Aerodactyl', 'Wigglytuff', 'Poliwrath', 'Mr. Mime', 'Venusaur']","['Venomoth', 'Charizard', 'Nidoking', 'Raticate', 'Kabutops', 'Mr. Mime']",36,12,9
smogtours-gen1nu-785251,[Gen 1] NU,2024-08-11 15:06:08,,rotomfan35023,machpunch62379,machpunch62379,True,"['Venomoth', 'Charizard', 'Aerodactyl', 'Magneton', 'Raticate', 'Mr. Mime']","['Venomoth', 'Charizard', 'Poliwrath', 'Mr. Mime', 'Arcanine']",25,6,6
gen1nu-2277069145,[Gen 1] NU,2025-01-08 05:17:49,,revenge71921,bulletpunch83527,revenge71921,True,"['Exeggcute', 'Wigglytuff', 'Blastoise', 'Mr. Mime']","['Venomoth', 'Charizard', 'Raticate', 'Mr. Mime']",14,4,3
gen1nu-2054127329,[Gen 1] NU,2024-02-07 20:26:39,1053,chopleberry38027,psn38480,psn38480,False,"['Aerodactyl', 'Nidoking', 'Raticate', 'Poliwhirl', 'Mr. Mime', 'Venusaur']","['Golduck', 'Venomoth', 'Charizard', 'Aerodactyl', 'Raticate', 'Mr. Mime']",30,7,12
smogtours-gen1nu-676843,[Gen 1] NU,2023-02-22 23:47:36,,splashplate50287,mudsport71981,mudsport71981,True,"['Charizard', 'Raticate', 'Mr. Mime', 'Clefable', 'Fearow', 'Blastoise']","['Venomoth', 'Charizard', 'Golem', 'Mr. Mime', 'Blastoise']",24,12,10
gen1nu-2275244448,[Gen 1] NU,2025-01-05 03:57:05,,poliwhirl66423,bulletpunch83527,bulletpunch83527,False,"['Venomoth', 'Charizard', 'Porygon', 'Wigglytuff', 'Arbok', 'Mr. Mime']","['Venomoth', 'Charizard', 'Nidoking', 'Raticate', 'Kabutops', 'Mr. Mime']",52,9,11
gen1nu-2283168218,[Gen 1] NU,2025-01-17 23:45:19,,revenge71921,blizzard53783,blizzard53783,True,"['Arcanine', 'Charizard']",['Charizard'],5,1,0
smogtours-gen1nu-739145,[Gen 1] NU,2024-01-14 03:01:56,,kangaskhan41867,splash22725,kangaskhan41867,False,"['Moltres', 'Venomoth', 'Electrode', 'Raticate', 'Mr. Mime', 'Arcanine']","['Seadra', 'Venomoth', 'Magneton', 'Electrode', 'Mr. Mime', 'Clefable']",37,10,11
gen1nu-2056018359,[Gen 1] NU,2024-02-10 05:03:35,1054,denpowerghost39436,kinesis16077,kinesis16077,False,"['Golduck', 'Venomoth', 'Charizard', 'Raticate', 'Mr. Mime', 'Blastoise']","['Moltres', 'Charizard', 'Aerodactyl', 'Nidoking', 'Venusaur', 'Blastoise']",25,9,7
gen1nu-2366239152,[Gen 1] NU,2025-05-17 23:23:22,,mismagius33077,purepower798,purepower798,False,"['Moltres', 'Seadra', 'Venomoth', 'Raticate', 'Mr. Mime', 'Fearow']","['Charizard', 'Magneton', 'Raticate', 'Poliwrath', 'Mr. Mime']",42,12,8
gen1nu-2054132996,[Gen 1] NU,2024-02-07 20:26:36,1147,psn38480,chansey41469,psn38480,False,"['Golduck', 'Venomoth', 'Charizard', 'Aerodactyl', 'Raticate', 'Mr. Mime']","['Golduck', 'Venomoth', 'Charizard', 'Mr. Mime', 'Victreebel', 'Blastoise']",38,9,6
gen1nu-2373804431,[Gen 1] NU,2025-05-28 17:20:36,,bide85657,ponyta53394,bide85657,False,"['Seadra', 'Charizard', 'Magneton', 'Poliwrath', 'Mr. Mime', 'Fearow']","['Charizard', 'Porygon', 'Mr. Mime', 'Arcanine', 'Venusaur', 'Fearow']",52,20,17
gen1nu-2096333828,[Gen 1] NU,2024-04-05 02:05:33,,calmmind8048,rollout94469,rollout94469,False,"['Aerodactyl', 'Nidoking', 'Wigglytuff', 'Raticate', 'Poliwrath', 'Mr. Mime']","['Golduck', 'Venomoth', 'Charizard', 'Nidoqueen', 'Fearow']",20,7,5
gen1nu-2279454261,[Gen 1] NU,2025-01-12 02:57:02,,revenge71921,blizzard53783,revenge71921,False,"['Seadra', 'Venomoth', 'Charizard', 'Raticate', 'Mr. Mime', 'Muk']","['Venomoth', 'Charizard', 'Nidoking', 'Kabutops', 'Raticate', 'Mr. Mime']",26,7,8
gen1nu-2145376946,[Gen 1] NU,2024-06-18 04:22:01,,denpowerghost39436,sunkern50532,sunkern50532,False,"['Charizard', 'Kabutops', 'Raticate', 'Mr. Mime', 'Venusaur', 'Blastoise']","['Golduck', 'Venomoth', 'Charizard', 'Nidoqueen', 'Mr. Mime']",27,9,7
gen1nu-2051752735,[Gen 1] NU,2024-02-04 22:06:59,1000,megadrain65056,growl5652,growl5652,True,"['Seadra', 'Venomoth', 'Ninetales', 'Electrode', 'Wigglytuff', 'Golem']","['Moltres', 'Venomoth', 'Mr. Mime', 'Lickitung', 'Clefable', 'Blastoise']",33,7,16
smogtours-gen1nu-587620,[Gen 1] NU,2021-10-17 21:34:17,,ironhead21066,shinystone44310,ironhead21066,True,"['Pinsir', 'Rapidash', 'Blastoise', 'Golem']","['Pinsir', 'Electrode', 'Kabutops', 'Golem', 'Mr. Mime', 'Blastoise']",37,9,18
smogtours-gen1nu-663286,[Gen 1] NU,2022-11-30 15:13:12,,golbat83721,kakuna89346,golbat83721,False,"['Rapidash', 'Nidoqueen', 'Seaking', 'Machamp', 'Lickitung', 'Weepinbell']","['Rapidash', 'Nidoqueen', 'Graveler', 'Seaking', 'Weepinbell', 'Arcanine']",25,10,8
smogtours-gen1nu-665378,[Gen 1] NU,2022-12-18 17:36:53,,mudsport71981,jolteon92120,mudsport71981,False,"['Charizard', 'Exeggcute', 'Wigglytuff', 'Mr. Mime', 'Clefable', 'Blastoise']","['Venomoth', 'Charizard', 'Nidoking', 'Mr. Mime', 'Clefable', 'Blastoise']",38,13,9
smogtours-gen1nu-745231,[Gen 1] NU,2024-02-04 23:10:32,,kangaskhan41867,golduck35019,kangaskhan41867,False,"['Venomoth', 'Charizard', 'Raticate', 'Mr. Mime', 'Blastoise']","['Venomoth', 'Electrode', 'Mr. Mime', 'Clefable', 'Fearow', 'Blastoise']",33,7,9
smogtours-gen1nu-646947,[Gen 1] NU,2022-09-08 22:07:24,,fissure61188,gastrodon26689,gastrodon26689,False,"['Charizard', 'Electrode', 'Poliwhirl', 'Golem', 'Mr. Mime', 'Clefable']","['Venomoth', 'Charizard', 'Kabutops', 'Poliwhirl', 'Mr. Mime', 'Clefable']",33,8,7
gen1nu-2271831789,[Gen 1] NU,2024-12-30 02:45:22,,revenge71921,bulletpunch83527,revenge71921,False,"['Aerodactyl', 'Raticate', 'Blastoise', 'Mr. Mime', 'Gastly']","['Venomoth', 'Charizard', 'Aerodactyl', 'Raticate', 'Poliwrath', 'Mr. Mime']",32,8,13
smogtours-gen1nu-665391,[Gen 1] NU,2022-12-18 18:31:40,,innerfocus97582,mudsport71981,innerfocus97582,False,"['Vileplume', 'Staryu', 'Pinsir', 'Nidoqueen', 'Seaking']","['Staryu', 'Poliwag', 'Omanyte', 'Dragonair', 'Nidoqueen', 'Machamp']",28,7,11
smogtours-gen1nu-729243,[Gen 1] NU,2023-11-06 00:54:21,,aurasphere76841,waterfall8105,aurasphere76841,False,"[""Farfetch'D"", 'Porygon', 'Electrode', 'Wigglytuff', 'Mr. Mime', 'Clefable']","['Moltres', 'Charizard', 'Electrode', 'Raticate', 'Mr. Mime', 'Fearow']",30,5,7
smogtours-gen1nu-773844,[Gen 1] NU,2024-06-11 00:06:51,,gardevoir83362,aeroblast62938,gardevoir83362,False,"['Kingler', 'Venomoth', 'Charizard', 'Raticate', 'Mr. Mime', 'Blastoise']","['Charizard', 'Aerodactyl', 'Raticate', 'Blastoise', 'Mr. Mime', 'Gastly']",32,9,14
smogtours-gen1nu-592639,[Gen 1] NU,2021-11-12 23:24:31,,encore90411,psn38480,encore90411,False,"['Kingler', 'Charizard', 'Nidoking', 'Wigglytuff', 'Mr. Mime', 'Clefable']","['Kingler', 'Wigglytuff', 'Golem', 'Mr. Mime', 'Clefable', 'Blastoise']",30,11,8
gen1nu-2093718410,[Gen 1] NU,2024-04-01 18:10:06,,chatot28777,bulletpunch25885,chatot28777,False,"['Moltres', 'Golduck', 'Aerodactyl', 'Mr. Mime', 'Venusaur']","['Venomoth', 'Charizard', 'Blastoise', 'Mr. Mime']",34,5,8
smogtours-gen1nu-663260,[Gen 1] NU,2022-11-29 04:30:42,,harden39394,koffing28618,koffing28618,False,"['Rapidash', 'Nidoqueen', 'Graveler', 'Seaking', 'Machamp', 'Gastly']","['Staryu', 'Vileplume', 'Nidoqueen', 'Arbok', 'Slowpoke']",25,9,7
gen1nu-2088478156,[Gen 1] NU,2024-03-25 03:09:42,,pinmissile14901,cloyster43057,pinmissile14901,False,"['Moltres', 'Staryu', 'Aerodactyl', 'Nidoking', 'Poliwrath', 'Victreebel']","['Porygon', 'Aerodactyl', 'Raticate', 'Mr. Mime', 'Beedrill', 'Golbat']",33,8,6
gen1nu-2315414349,[Gen 1] NU,2025-03-08 23:45:27,,metalsound31619,milkdrink49044,milkdrink49044,False,"['Seadra', 'Charizard', 'Kabutops', 'Poliwrath', 'Mr. Mime', 'Arcanine']","['Magneton', 'Kabutops', 'Poliwrath', 'Mr. Mime', 'Arcanine', 'Fearow']",38,11,14
gen1nu-2275886518,[Gen 1] NU,2025-01-06 07:31:51,,revenge71921,bulletpunch83527,bulletpunch83527,True,"['Kingler', 'Seadra', 'Charizard', 'Exeggcute', 'Mr. Mime', 'Fearow']","['Venomoth', 'Charizard', 'Raticate', 'Kabutops', 'Mr. Mime']",31,6,8
smogtours-gen1nu-715246,[Gen 1] NU,2023-09-10 06:28:58,,innerfocus97582,unknownability847,innerfocus97582,False,"['Venomoth', 'Charizard', 'Wigglytuff', 'Mr. Mime', 'Clefable']","['Seadra', 'Venomoth', 'Charizard', 'Mr. Mime', 'Clefable', 'Blastoise']",24,4,12
smogtours-gen1nu-587614,[Gen 1] NU,2021-10-17 21:26:16,,shinystone44310,ironhead21066,shinystone44310,False,"['Ninetales', 'Nidoking', 'Mr. Mime', 'Clefable', 'Blastoise']","['Charizard', 'Electrode', 'Exeggcute', 'Golem', 'Fearow', 'Blastoise']",58,18,20
gen1nu-2276455158,[Gen 1] NU,2025-01-07 05:40:18,,revenge71921,bulletpunch83527,revenge71921,False,"['Golduck', 'Venomoth', 'Aerodactyl', 'Nidoking', 'Mr. Mime', 'Magmar']","['Venomoth', 'Charizard', 'Nidoking', 'Raticate', 'Kabutops', 'Mr. Mime']",32,10,10
smogtours-gen1nu-662448,[Gen 1] NU,2022-11-23 17:20:02,,meditate33036,whismur95661,meditate33036,False,"['Venomoth', 'Charizard', 'Nidoking', 'Mr. Mime', 'Clefable', 'Blastoise']","['Moltres', 'Charizard', 'Nidoking', 'Mr. Mime', 'Clefable', 'Blastoise']",39,9,14
gen1nu-2272397173,[Gen 1] NU,2024-12-31 02:38:31,,revenge71921,bulletpunch83527,revenge71921,True,"['Golduck', 'Venomoth', 'Aerodactyl', 'Nidoking', 'Mr. Mime', 'Magmar']","['Moltres', 'Venomoth', 'Charizard', 'Poliwrath', 'Mr. Mime', 'Arcanine']",35,12,8
smogtours-gen1nu-815646,[Gen 1] NU,2025-01-24 14:08:08,,poisonpowder88566,wacanberry11962,poisonpowder88566,True,"['Moltres', 'Scyther', 'Poliwhirl', 'Mr. Mime', 'Fearow']","['Golduck', 'Venomoth', 'Kabutops', 'Poliwhirl', 'Mr. Mime', 'Fearow']",23,4,9
smogtours-gen1nu-676354,[Gen 1] NU,2023-02-19 19:17:36,,hypervoice57448,truant84021,hypervoice57448,False,"['Venomoth', 'Charizard', 'Electrode', 'Mr. Mime', 'Clefable', 'Blastoise']","['Venomoth', 'Charizard', 'Nidoking', 'Mr. Mime', 'Clefable', 'Blastoise']",38,8,13
smogtours-gen1nu-701391,[Gen 1] NU,2023-07-07 00:29:31,,denpowerghost39436,whiscash71874,denpowerghost39436,False,"['Kingler', 'Charizard', 'Golem', 'Mr. Mime', 'Clefable', 'Blastoise']","['Venomoth', 'Charizard', 'Kabutops', 'Mr. Mime', 'Clefable', 'Blastoise']",28,6,7
gen1nu-2271829627,[Gen 1] NU,2024-12-30 02:40:31,,revenge71921,bulletpunch83527,revenge71921,False,"['Seadra', 'Venomoth', 'Charizard', 'Magneton', 'Mr. Mime']","['Moltres', 'Kabutops', 'Poliwrath', 'Mr. Mime', 'Arcanine', 'Venusaur']",34,5,16
smogtours-gen1nu-664341,[Gen 1] NU,2022-12-11 14:22:13,,dodrio99835,crushclaw70815,crushclaw70815,False,"['Staryu', 'Rapidash', 'Nidoqueen', 'Graveler', 'Drowzee', 'Magmar']","['Staryu', 'Rapidash', 'Nidoqueen', 'Graveler', 'Drowzee']",42,11,9
violetversion-gen1nu-1697,[Gen 1] NU,2016-04-23 19:55:24,,mefirst94337,ddenpowerfire30449,ddenpowerfire30449,False,"['Venomoth', 'Porygon', 'Nidoking', 'Muk', 'Slowpoke', 'Abra']","['Venomoth', 'Pidgeot', 'Porygon', 'Omastar', 'Nidoking', 'Abra']",42,14,16
smogtours-gen1nu-729248,[Gen 1] NU,2023-11-06 01:10:53,,waterfall8105,kangaskhan41867,waterfall8105,True,"['Moltres', 'Venomoth', 'Sandslash', 'Mr. Mime', 'Clefable']","['Seadra', 'Venomoth', 'Charizard', 'Raticate', 'Mr. Mime', 'Clefable']",21,6,7
gen1nu-2066731432,[Gen 1] NU,2024-02-24 17:44:55,1201,frz11563,mismagius33077,frz11563,True,"['Golduck', 'Venomoth', 'Charizard', 'Nidoqueen', 'Mr. Mime', 'Fearow']","['Moltres', 'Golduck', 'Venomoth', 'Aerodactyl', 'Mr. Mime', 'Magmar']",37,11,14
gen1nu-2138443976,[Gen 1] NU,2024-06-07 01:17:36,,kangaskhan44566,mismagius33077,kangaskhan44566,True,"['Seadra', 'Charizard', 'Magneton', 'Mr. Mime', 'Fearow']","['Seadra', 'Exeggcute', 'Wigglytuff', 'Raticate', 'Mr. Mime', 'Magmar']",27,9,9
smogtours-gen1nu-662776,[Gen 1] NU,2022-11-26 20:11:49,,enpowerflying39776,arceusghost8496,arceusghost8496,False,"['Staryu', 'Vileplume', 'Nidoqueen', 'Omanyte', 'Drowzee', 'Arcanine']","['Staryu', 'Vileplume', 'Omanyte', 'Nidoqueen', 'Seaking', 'Slowpoke']",52,22,18
smogtours-gen1nu-648062,[Gen 1] NU,2022-09-13 02:07:21,,megakick30660,tyranitar56327,tyranitar56327,False,"['Charizard', 'Raticate', 'Poliwhirl', 'Mr. Mime', 'Clefable', 'Blastoise']","['Charizard', 'Poliwhirl', 'Golem', 'Mr. Mime', 'Clefable', 'Blastoise']",36,8,11
gen1nu-2276838009,[Gen 1] NU,2025-01-07 20:52:17,,revenge71921,bulletpunch83527,revenge71921,False,"['Seadra', 'Rapidash', 'Aerodactyl', 'Exeggcute', 'Mr. Mime', 'Muk']","['Moltres', 'Venomoth', 'Charizard', 'Poliwrath', 'Mr. Mime', 'Arcanine']",50,13,11
gen1nu-2050283626,[Gen 1] NU,2024-02-02 19:37:29,1000,grepaberry33878,pelipper13259,grepaberry33878,True,"['Moltres', 'Mr. Mime', 'Nidoking', 'Golem']","['Porygon', 'Raticate', 'Mr. Mime', 'Clefable', 'Slowpoke', 'Gastly']",22,3,5
smogtours-gen1nu-704188,[Gen 1] NU,2023-07-18 18:06:25,,quickclaw83695,lick25189,lick25189,False,"['Seadra', 'Charizard', 'Electrode', 'Mr. Mime', 'Clefable', 'Blastoise']","['Moltres', 'Electrode', 'Mr. Mime', 'Clefable', 'Blastoise', 'Abra']",23,5,5
smogtours-gen1nu-742686,[Gen 1] NU,2024-01-28 12:57:55,,recover74685,absol86495,recover74685,False,"['Moltres', 'Venomoth', 'Electrode', 'Mr. Mime', 'Clefable', 'Blastoise']","['Venomoth', 'Electrode', 'Exeggcute', 'Mr. Mime', 'Clefable', 'Blastoise']",35,7,10
smogtours-gen1nu-662459,[Gen 1] NU,2022-11-23 19:10:57,,kangaskhan41867,oblivious21505,kangaskhan41867,True,"['Staryu', 'Omanyte', 'Nidoqueen', 'Drowzee', 'Slowpoke']","['Abra', 'Vileplume', 'Rapidash', 'Seaking']",21,6,8
smogtours-gen1nu-662966,[Gen 1] NU,2022-11-27 18:21:00,,figyberry84605,perish13441,figyberry84605,False,"['Staryu', 'Rapidash', 'Nidoqueen', 'Arcanine', 'Fearow', 'Gastly']","['Staryu', 'Rapidash', 'Sandslash', 'Nidoqueen', 'Drowzee', 'Arcanine']",34,9,8
gen1nu-2212397681,[Gen 1] NU,2024-09-29 21:38:16,,mismagius4763,airlock30435,airlock30435,False,"['Charizard', 'Aerodactyl', 'Magneton', 'Raticate', 'Poliwhirl', 'Mr. Mime']","['Charizard', 'Exeggcute', 'Wigglytuff', 'Raticate', 'Blastoise']",27,8,5
gen1nu-2061513750,[Gen 1] NU,2024-02-17 16:30:56,1000,cheriberry30798,meadowplate58532,cheriberry30798,False,"['Venomoth', 'Venusaur', 'Raticate', 'Aerodactyl']","['Aerodactyl', 'Nidoking', 'Kabutops', 'Poliwrath', 'Victreebel', 'Blastoise']",24,4,6
gen1nu-2060329805,[Gen 1] NU,2024-02-15 23:54:39,1052,tangrowth23890,calmmind8048,tangrowth23890,False,"['Venomoth', 'Charizard', 'Aerodactyl', 'Raticate', 'Mr. Mime', 'Blastoise']","['Golduck', 'Nidoking', 'Wigglytuff', 'Raticate', 'Mr. Mime', 'Victreebel']",36,7,6
gen1nu-2276844169,[Gen 1] NU,2025-01-07 21:02:40,,revenge71921,bulletpunch83527,bulletpunch83527,False,"['Seadra', 'Rapidash', 'Aerodactyl', 'Exeggcute', 'Mr. Mime', 'Muk']","['Venomoth', 'Charizard', 'Nidoking', 'Kabutops', 'Raticate', 'Mr. Mime']",50,14,18
smogtours-gen1nu-729359,[Gen 1] NU,2023-11-06 22:53:17,,skillswap67988,endeavor40229,skillswap67988,True,"['Electrode', 'Venomoth', 'Mr. Mime']","['Moltres', 'Charizard', 'Nidoking', 'Arcanine', 'Fearow']",12,3,5
smogtours-gen1nu-665163,[Gen 1] NU,2022-12-16 22:15:52,,typechange32750,damp79850,typechange32750,False,"['Staryu', 'Rapidash', 'Pinsir', 'Omanyte', 'Nidoqueen', 'Fearow']","['Staryu', 'Rapidash', 'Pinsir', 'Omanyte', 'Dragonair', 'Nidoqueen']",60,16,25
smogtours-gen1nu-739100,[Gen 1] NU,2024-01-13 22:17:06,,mudsport71981,kangaskhan41867,kangaskhan41867,False,"['Wigglytuff', 'Raticate', 'Mr. Mime', 'Clefable', 'Primeape', 'Blastoise']","['Venomoth', 'Raticate', 'Mr. Mime']",23,6,2
smogtours-gen1nu-663374,[Gen 1] NU,2022-12-01 20:42:56,,chinchou58618,alakazam8068,chinchou58618,False,"['Staryu', 'Pinsir', 'Omanyte', 'Nidoqueen', 'Weepinbell', 'Slowpoke']","['Staryu', 'Rapidash', 'Nidoqueen', 'Graveler', 'Drowzee', 'Magmar']",42,14,12
smogtours-gen1nu-636767,[Gen 1] NU,2022-07-09 20:15:35,,encore90411,gligar43252,encore90411,False,"['Charizard', 'Poliwhirl', 'Golem', 'Mr. Mime', 'Clefable', 'Blastoise']","['Kingler', 'Charizard', 'Nidoking', 'Poliwhirl', 'Mr. Mime', 'Clefable']",48,24,9
gen1nu-2272498572,[Gen 1] NU,2024-12-31 07:22:06,,kangaskhan44566,revenge71921,revenge71921,False,"['Magneton', 'Sandslash', 'Lickitung', 'Mr. Mime', 'Arcanine', 'Fearow']","['Golduck', 'Venomoth', 'Charizard', 'Nidoqueen', 'Mr. Mime', 'Fearow']",39,13,19
gen1nu-2276907260,[Gen 1] NU,2025-01-07 22:57:04,,revenge71921,bulletpunch83527,revenge71921,True,['Charizard'],"['Venomoth', 'Charizard', 'Kabutops', 'Mr. Mime']",5,0,3
gen1nu-2081912731,[Gen 1] NU,2024-03-15 23:16:03,,poliwrath3176,ponyta53394,ponyta53394,False,"['Venomoth', 'Charizard', 'Aerodactyl', 'Raticate', 'Poliwrath', 'Mr. Mime']","['Charizard', 'Aerodactyl', 'Nidoking', 'Raticate', 'Poliwrath', 'Mr. Mime']",30,14,9
smogtours-gen1nu-806824,[Gen 1] NU,2024-11-17 19:24:51,,stoneplate55960,ponyta53394,ponyta53394,False,"['Charizard', 'Raticate', 'Poliwrath', 'Mr. Mime', 'Arcanine', 'Fearow']","['Charizard', 'Magneton', 'Poliwrath', 'Mr. Mime', 'Gastly']",19,8,5
smogtours-gen1nu-774226,[Gen 1] NU,2024-06-13 23:42:59,,psn72345,naturalgift85801,psn72345,False,"['Aerodactyl', 'Gastly', 'Raticate', 'Mr. Mime', 'Fearow', 'Blastoise']","['Moltres', 'Venomoth', 'Aerodactyl', 'Raticate', 'Mr. Mime', 'Blastoise']",31,10,10
gen1nu-2272503836,[Gen 1] NU,2024-12-31 07:38:07,,kangaskhan44566,revenge71921,revenge71921,True,"['Magneton', 'Sandslash', 'Lickitung', 'Mr. Mime', 'Arcanine', 'Fearow']","['Golduck', 'Venomoth', 'Charizard', 'Nidoqueen', 'Mr. Mime', 'Fearow']",31,10,11
smogtours-gen1nu-652259,[Gen 1] NU,2022-10-02 14:38:17,,rotomfan35023,medicham99993,rotomfan35023,True,"['Exeggcute', 'Ninetales', 'Blastoise', 'Mr. Mime']","['Charizard', 'Electrode', 'Raticate', 'Mr. Mime', 'Clefable', 'Blastoise']",48,12,16
smogtours-gen1nu-782045,[Gen 1] NU,2024-07-23 22:36:55,,poisonpowder88566,belueberry80725,poisonpowder88566,True,"['Arcanine', 'Charizard', 'Poliwrath', 'Mr. Mime']","['Venomoth', 'Charizard', 'Aerodactyl', 'Magneton', 'Mr. Mime', 'Blastoise']",25,6,12
smogtours-gen1nu-599631,[Gen 1] NU,2021-12-30 02:23:12,,psn38480,spiderweb27115,spiderweb27115,False,"['Charizard', 'Exeggcute', 'Kabutops', 'Mr. Mime', 'Primeape', 'Blastoise']","['Charizard', 'Nidoking', 'Poliwhirl', 'Mr. Mime', 'Clefable', 'Blastoise']",33,12,13
gen1nu-2275804858,[Gen 1] NU,2025-01-06 03:23:36,,revenge71921,bulletpunch83527,bulletpunch83527,True,"['Venomoth', 'Charizard', 'Magneton', 'Kabutops', 'Machamp', 'Mr. Mime']","['Venomoth', 'Nidoking', 'Mr. Mime']",14,6,4
gen1nu-2276365753,[Gen 1] NU,2025-01-07 01:55:09,,revenge71921,bulletpunch83527,revenge71921,True,"['Venomoth', 'Charizard', 'Nidoqueen', 'Mr. Mime', 'Fearow']","['Venomoth', 'Charizard', 'Raticate', 'Kabutops', 'Mr. Mime']",26,5,7
smogtours-gen1nu-587625,[Gen 1] NU,2021-10-17 21:46:34,,shinystone44310,ironhead21066,ironhead21066,True,"['Nidoking', 'Kabutops', 'Poliwhirl', 'Mr. Mime', 'Clefable', 'Blastoise']","['Clefable', 'Venomoth', 'Kabutops', 'Mr. Mime']",27,10,3
smogtours-gen1nu-745034,[Gen 1] NU,2024-02-04 20:03:22,,belueberry80725,mudsport71981,mudsport71981,True,"['Charizard', 'Exeggcute', 'Kabutops', 'Mr. Mime', 'Clefable', 'Blastoise']","['Seadra', 'Venomoth', 'Electrode', 'Raticate', 'Mr. Mime', 'Clefable']",35,12,10
smogtours-gen1nu-840280,[Gen 1] NU,2025-05-07 21:09:16,,micleberry24246,stoneplate55960,stoneplate55960,False,"['Venomoth', 'Porygon', 'Magneton', 'Poliwrath', 'Mr. Mime', 'Fearow']","['Charizard', 'Graveler', 'Poliwrath', 'Mr. Mime', 'Fearow', 'Blastoise']",50,12,12
smogtours-gen1nu-814696,[Gen 1] NU,2025-01-18 20:25:04,,thrash54054,bulletseed19358,bulletseed19358,False,"['Venomoth', 'Charizard', 'Aerodactyl', 'Raticate', 'Mr. Mime', 'Blastoise']","['Moltres', 'Venomoth', 'Charizard', 'Graveler', 'Mr. Mime', 'Blastoise']",32,13,8
gen1nu-2279992317,[Gen 1] NU,2025-01-13 01:48:45,,revenge71921,blizzard53783,revenge71921,False,"['Seadra', 'Venomoth', 'Charizard', 'Raticate', 'Mr. Mime', 'Muk']","['Moltres', 'Venomoth', 'Charizard', 'Poliwrath', 'Mr. Mime', 'Arcanine']",33,6,8
gen1nu-2246695138,[Gen 1] NU,2024-11-19 05:53:31,,healblock43109,raindish79906,healblock43109,False,"['Moltres', 'Kabutops', 'Poliwrath', 'Mr. Mime', 'Arcanine', 'Venusaur']","['Moltres', 'Venomoth', 'Aerodactyl', 'Kabutops', 'Raticate', 'Mr. Mime']",36,8,8
smogtours-gen1nu-650726,[Gen 1] NU,2022-09-25 12:58:51,,whiscash85390,flareblitz41770,flareblitz41770,False,"['Charizard', 'Nidoking', 'Poliwhirl', 'Mr. Mime', 'Clefable', 'Blastoise']","['Moltres', 'Rapidash', 'Nidoking', 'Mr. Mime', 'Clefable', 'Blastoise']",39,16,10
gen1nu-2162079702,[Gen 1] NU,2024-07-16 19:18:08,,electabuzz37326,fissure61188,electabuzz37326,False,"['Charizard', 'Magneton', 'Raticate', 'Mr. Mime', 'Venusaur', 'Fearow']","['Golduck', 'Magneton', 'Wigglytuff', 'Raticate', 'Poliwrath', 'Mr. Mime']",43,10,17
gen1nu-2280795504,[Gen 1] NU,2025-01-14 09:14:11,,revenge71921,kabutops67963,kabutops67963,True,"['Pidgeot', 'Charizard', 'Kabutops', 'Poliwrath', 'Mr. Mime', 'Parasect']","['Venomoth', 'Charizard', 'Nidoking', 'Kabutops', 'Raticate', 'Mr. Mime']",33,10,11
smogtours-gen1nu-662393,[Gen 1] NU,2022-11-21 23:08:31,,enpowerflying39776,icebody51285,enpowerflying39776,False,"['Staryu', 'Omanyte', 'Nidoqueen', 'Weepinbell', 'Arcanine']","['Staryu', 'Pinsir', 'Omanyte', 'Dragonair', 'Nidoqueen', 'Arcanine']",33,13,13
gen1nu-2278393137,[Gen 1] NU,2025-01-10 08:49:20,,revenge71921,blizzard53783,revenge71921,False,"['Venomoth', 'Mr. Mime', 'Kabutops', 'Exeggcute']","['Venomoth', 'Charizard', 'Nidoking', 'Raticate', 'Kabutops', 'Mr. Mime']",22,5,7
smogtours-gen1nu-725254,[Gen 1] NU,2023-10-21 20:42:25,,rotomfan35023,waterpulse35893,rotomfan35023,False,"['Seadra', 'Charizard', 'Electrode', 'Golem', 'Mr. Mime', 'Clefable']","['Venomoth', 'Charizard', 'Wigglytuff', 'Mr. Mime', 'Clefable', 'Blastoise']",36,10,11
gen1nu-2275130202,[Gen 1] NU,2025-01-04 23:37:36,,poliwhirl66423,bulletpunch83527,poliwhirl66423,False,"['Venomoth', 'Charizard', 'Porygon', 'Wigglytuff', 'Arbok', 'Mr. Mime']","['Venomoth', 'Charizard', 'Aerodactyl', 'Magneton', 'Mr. Mime', 'Blastoise']",41,9,8
smogtours-gen1nu-728839,[Gen 1] NU,2023-11-05 08:15:54,,kangaskhan41867,waterpulse35893,kangaskhan41867,False,"['Seadra', 'Venomoth', 'Charizard', 'Raticate', 'Mr. Mime', 'Clefable']","['Venomoth', 'Charizard', 'Nidoking', 'Mr. Mime', 'Clefable', 'Blastoise']",31,10,9
gen1nu-2274574976,[Gen 1] NU,2025-01-03 23:55:24,,poliwhirl66423,bulletpunch83527,bulletpunch83527,False,"['Rapidash', 'Aerodactyl', 'Wigglytuff', 'Poliwrath', 'Mr. Mime', 'Venusaur']","['Moltres', 'Kabutops', 'Poliwrath', 'Mr. Mime', 'Arcanine', 'Venusaur']",48,15,16
gen1nu-2370389723,[Gen 1] NU,2025-05-23 17:12:23,,bide85657,powerherb16934,bide85657,False,"['Golduck', 'Venomoth', 'Charizard', 'Kabutops', 'Mr. Mime']","['Venomoth', 'Charizard', 'Magneton', 'Kabutops', 'Mr. Mime', 'Fearow']",24,6,7
smogtours-gen1nu-699951,[Gen 1] NU,2023-06-29 22:09:08,,custapberry81978,buneary57593,buneary57593,False,"['Venomoth', 'Charizard', 'Electrode', 'Mr. Mime', 'Clefable', 'Blastoise']","['Seadra', 'Venomoth', 'Golem', 'Mr. Mime', 'Clefable', 'Blastoise']",30,11,9
gen1nu-2276408020,[Gen 1] NU,2025-01-07 03:30:44,,revenge71921,bulletpunch83527,revenge71921,False,"['Kingler', 'Seadra', 'Charizard', 'Exeggcute', 'Mr. Mime', 'Fearow']","['Moltres', 'Venomoth', 'Charizard', 'Poliwrath', 'Mr. Mime', 'Arcanine']",24,6,6
gen1nu-2050321431,[Gen 1] NU,2024-02-02 20:21:47,1076,grepaberry33878,revenge71921,revenge71921,False,"['Seadra', 'Ninetales', 'Electrode', 'Golem', 'Mr. Mime', 'Clefable']","['Charizard', 'Exeggcute', 'Wigglytuff', 'Mr. Mime', 'Clefable', 'Blastoise']",33,6,8
smogtours-gen1nu-724163,[Gen 1] NU,2023-10-15 20:07:02,,rotomfan35023,buneary57593,buneary57593,False,"['Venomoth', 'Charizard', 'Electrode', 'Mr. Mime', 'Clefable', 'Blastoise']","['Venomoth', 'Charizard', 'Nidoking', 'Mr. Mime', 'Clefable', 'Blastoise']",33,10,10
gen1nu-2275789350,[Gen 1] NU,2025-01-06 02:48:24,,revenge71921,bulletpunch83527,bulletpunch83527,True,"['Venomoth', 'Charizard', 'Magneton', 'Kabutops', 'Mr. Mime']","['Moltres', 'Venomoth', 'Raticate', 'Poliwrath', 'Mr. Mime']",22,6,5
gen1nu-2061030614,[Gen 1] NU,2024-02-16 22:02:48,1060,rollout79143,sunkern50532,sunkern50532,False,"['Rapidash', 'Aerodactyl', 'Exeggcute', 'Raticate', 'Mr. Mime', 'Blastoise']","['Venomoth', 'Porygon', 'Aerodactyl', 'Mr. Mime', 'Lickitung', 'Arcanine']",44,14,7
smogtours-gen1nu-813418,[Gen 1] NU,2025-01-06 21:37:27,,futuresight13270,weepinbell75190,weepinbell75190,False,"['Moltres', 'Venomoth', 'Aerodactyl', 'Raticate', 'Kabutops', 'Mr. Mime']","['Seadra', 'Charizard', 'Aerodactyl', 'Poliwrath', 'Mr. Mime']",29,14,8
gen1nu-2058006329,[Gen 1] NU,2024-02-13 00:40:55,,powerlens10976,omastar20158,omastar20158,False,"['Moltres', 'Golduck', 'Nidoking', 'Raticate', 'Mr. Mime', 'Victreebel']","['Golduck', 'Venomoth', 'Aerodactyl', 'Nidoking', 'Mr. Mime', 'Magmar']",31,10,8
smogtours-gen1nu-800324,[Gen 1] NU,2024-10-20 11:34:52,,stoneplate55960,sacredfire89193,sacredfire89193,False,"['Venomoth', 'Charizard', 'Magneton', 'Poliwrath', 'Mr. Mime', 'Arcanine']","['Moltres', 'Venomoth', 'Charizard', 'Mr. Mime', 'Fearow', 'Blastoise']",35,11,12
gen1nu-2054302826,[Gen 1] NU,2024-02-08 01:05:54,1098,flashcannon18077,woodhammer66942,woodhammer66942,False,"['Venomoth', 'Charizard', 'Magneton', 'Mr. Mime', 'Venusaur', 'Blastoise']","['Golduck', 'Venomoth', 'Charizard', 'Magneton', 'Nidoking', 'Mr. Mime']",48,10,10
smogtours-gen1nu-664027,[Gen 1] NU,2022-12-08 16:24:07,,koffing28618,zoomlens15496,koffing28618,False,"['Vileplume', 'Staryu', 'Nidoqueen', 'Omanyte', 'Machamp', 'Fearow']","['Rapidash', 'Pinsir', 'Nidoqueen', 'Omanyte', 'Machamp', 'Slowpoke']",35,16,11
gen1nu-2263500751,[Gen 1] NU,2024-12-15 16:48:01,,tailglow14057,needlearm59980,tailglow14057,False,"['Arcanine', 'Charizard', 'Mr. Mime']","['Venomoth', 'Charizard', 'Magneton', 'Machamp', 'Mr. Mime', 'Blastoise']",19,3,8
smogtours-gen1nu-602595,[Gen 1] NU,2022-01-15 20:45:46,,meditate33036,synchronize14428,synchronize14428,False,"['Moltres', 'Pinsir', 'Electrode', 'Arbok', 'Mr. Mime', 'Clefable']","['Kingler', 'Charizard', 'Poliwhirl', 'Golem', 'Mr. Mime', 'Clefable']",50,16,23
smogtours-gen1nu-664575,[Gen 1] NU,2022-12-11 20:47:28,,whismur95661,deoxysdefense78874,deoxysdefense78874,False,"['Ninetales', 'Charizard', 'Nidoking', 'Mr. Mime', 'Clefable', 'Blastoise']","['Moltres', 'Venomoth', 'Ninetales', 'Charizard', 'Mr. Mime', 'Clefable']",61,17,19
gen1nu-2278257010,[Gen 1] NU,2025-01-10 02:24:57,,revenge71921,blizzard53783,blizzard53783,False,"['Scyther', 'Venomoth', 'Exeggcute', 'Kabutops', 'Mr. Mime', 'Slowpoke']","['Venomoth', 'Charizard', 'Nidoking', 'Raticate', 'Kabutops', 'Mr. Mime']",28,7,9
gen1nu-2060459044,[Gen 1] NU,2024-02-16 03:52:24,,punishment38172,rollout94469,rollout94469,False,"['Moltres', 'Venomoth', 'Aerodactyl', 'Magneton', 'Nidoking', 'Mr. Mime']","['Venomoth', 'Charizard', 'Magneton', 'Wigglytuff', 'Mr. Mime', 'Blastoise']",30,11,6
gen1nu-2274629466,[Gen 1] NU,2025-01-04 01:53:37,,poliwhirl66423,bulletpunch83527,poliwhirl66423,True,"['Pidgeot', 'Charizard', 'Kabutops', 'Poliwrath', 'Mr. Mime', 'Parasect']","['Venomoth', 'Charizard', 'Nidoking', 'Kabutops', 'Raticate', 'Mr. Mime']",30,7,8
gen1nu-2064085943,[Gen 1] NU,2024-02-21 03:14:33,1194,calmmind8048,rollout94469,rollout94469,False,"['Aerodactyl', 'Nidoking', 'Wigglytuff', 'Raticate', 'Poliwrath', 'Mr. Mime']","['Moltres', 'Exeggcute', 'Wigglytuff', 'Poliwrath', 'Mr. Mime', 'Golbat']",38,13,11
smogtours-gen1nu-667608,[Gen 1] NU,2023-01-07 18:11:29,,mudsport71981,powerherb16934,powerherb16934,False,"['Venomoth', 'Charizard', 'Kabutops', 'Mr. Mime', 'Clefable', 'Blastoise']","['Moltres', 'Venomoth', 'Charizard', 'Mr. Mime', 'Clefable', 'Blastoise']",59,18,12
smogtours-gen1nu-786825,[Gen 1] NU,2024-08-22 20:02:11,,ponyta53394,wacanberry11962,ponyta53394,False,"['Venomoth', 'Aerodactyl', 'Magneton', 'Raticate', 'Mr. Mime', 'Arcanine']","['Seadra', 'Charizard', 'Raticate', 'Mr. Mime', 'Arcanine', 'Gastly']",32,9,10
smogtours-gen1nu-813600,[Gen 1] NU,2025-01-10 21:33:24,,recover74685,wacanberry11962,recover74685,False,"['Moltres', 'Golduck', 'Sandslash', 'Kabutops', 'Poliwhirl', 'Mr. Mime']","['Moltres', 'Charizard', 'Raticate', 'Poliwrath', 'Mr. Mime', 'Fearow']",42,11,14
gen1nu-2226728272,[Gen 1] NU,2024-10-20 02:19:15,,endeavor18222,deepseatooth33148,endeavor18222,False,"['Venomoth', 'Charizard', 'Aerodactyl', 'Raticate', 'Poliwrath', 'Mr. Mime']","['Kingler', 'Charizard', 'Nidoking', 'Raticate', 'Poliwhirl', 'Mr. Mime']",25,8,6
smogtours-gen1nu-744657,[Gen 1] NU,2024-02-04 04:03:56,,drapion2237,mudsport71981,mudsport71981,False,"['Seadra', 'Charizard', 'Nidoking', 'Mr. Mime', 'Clefable', 'Blastoise']","['Venomoth', 'Electrode', 'Mr. Mime', 'Clefable', 'Arcanine']",29,9,7
gen1nu-2276406374,[Gen 1] NU,2025-01-07 03:25:55,,revenge71921,bulletpunch83527,revenge71921,False,"['Pidgeot', 'Kabutops', 'Poliwrath', 'Mr. Mime', 'Parasect']","['Moltres', 'Venomoth', 'Charizard', 'Poliwrath', 'Mr. Mime', 'Arcanine']",31,7,7
smogtours-gen1nu-775920,[Gen 1] NU,2024-06-22 13:07:58,,aquaring89206,snubbull75943,snubbull75943,False,"['Seadra', 'Golduck', 'Charizard', 'Kabutops', 'Mr. Mime', 'Venusaur']","['Moltres', 'Charizard', 'Kabutops', 'Mr. Mime', 'Venusaur', 'Blastoise']",32,10,10
smogtours-gen1nu-813624,[Gen 1] NU,2025-01-11 01:25:26,,ponyta53394,magmortar19991,ponyta53394,False,"['Venomoth', 'Charizard', 'Aerodactyl', 'Mr. Mime', 'Fearow', 'Blastoise']","['Charizard', 'Nidoking', 'Poliwrath', 'Poliwhirl', 'Mr. Mime', 'Fearow']",50,22,20
gen1nu-2289617999,[Gen 1] NU,2025-01-28 04:16:48,,needlearm59980,milkdrink49044,needlearm59980,False,"['Seadra', 'Charizard', 'Exeggcute', 'Poliwrath', 'Mr. Mime']","['Venomoth', 'Charizard', 'Aerodactyl', 'Nidoking', 'Poliwrath', 'Mr. Mime']",21,5,9
smogtours-gen1nu-645989,[Gen 1] NU,2022-09-01 23:42:15,,golduck35019,gastrodon26689,gastrodon26689,False,"['Kingler', 'Charizard', 'Poliwhirl', 'Mr. Mime', 'Clefable', 'Blastoise']","['Venomoth', 'Charizard', 'Kabutops', 'Poliwhirl', 'Mr. Mime', 'Clefable']",27,7,7
smogtours-gen1nu-780331,[Gen 1] NU,2024-07-14 19:12:28,,shinystone44310,needlearm59980,needlearm59980,False,"['Venomoth', 'Charizard', 'Aerodactyl', 'Magneton', 'Mr. Mime', 'Blastoise']","['Arcanine', 'Venusaur', 'Poliwrath', 'Mr. Mime']",36,16,10
smogtours-gen1nu-675637,[Gen 1] NU,2023-02-18 20:09:10,,mudsport71981,kangaskhan41867,kangaskhan41867,False,"['Kingler', 'Venomoth', 'Raticate', 'Mr. Mime', 'Clefable', 'Blastoise']","['Charizard', 'Exeggcute', 'Nidoking', 'Mr. Mime', 'Clefable', 'Blastoise']",31,9,10
gen1nu-2055501822,[Gen 1] NU,2024-02-09 15:02:12,1026,berryjuice54970,charge12925,charge12925,False,"['Aerodactyl', 'Nidoking', 'Raticate', 'Mr. Mime', 'Victreebel', 'Blastoise']","['Moltres', 'Nidoking', 'Raticate', 'Mr. Mime', 'Venusaur']",27,11,5
gen1nu-2275670007,[Gen 1] NU,2025-01-05 22:28:55,,revenge71921,bulletpunch83527,bulletpunch83527,True,"['Exeggcute', 'Wigglytuff', 'Charizard', 'Poliwrath']","['Mr. Mime', 'Charizard']",12,3,2
gen1nu-2282640262,[Gen 1] NU,2025-01-17 04:07:33,,revenge71921,blizzard53783,blizzard53783,False,"['Venomoth', 'Charizard', 'Pinsir', 'Poliwrath', 'Mr. Mime', 'Arcanine']","['Moltres', 'Venomoth', 'Aerodactyl', 'Kabutops', 'Raticate', 'Mr. Mime']",29,8,8
gen1nu-2277163632,[Gen 1] NU,2025-01-08 10:32:01,,revenge71921,bulletpunch83527,revenge71921,False,"['Pidgeot', 'Kabutops', 'Poliwrath', 'Mr. Mime', 'Parasect']","['Venomoth', 'Charizard', 'Nidoking', 'Raticate', 'Kabutops', 'Mr. Mime']",20,5,7
smogtours-gen1nu-786663,[Gen 1] NU,2024-08-20 19:34:32,,wurmple19843,ponyta53394,wurmple19843,False,"['Seadra', 'Charizard', 'Raticate', 'Blastoise', 'Mr. Mime', 'Gastly']","['Charizard', 'Aerodactyl', 'Raticate', 'Poliwrath', 'Mr. Mime', 'Arcanine']",26,5,14
gen1nu-2054323655,[Gen 1] NU,2024-02-08 01:40:31,1106,calmmind8048,kangaskhan44566,calmmind8048,False,"['Golduck', 'Nidoking', 'Wigglytuff', 'Mr. Mime', 'Venusaur']","['Golduck', 'Nidoking', 'Mr. Mime', 'Arcanine', 'Venusaur', 'Fearow']",31,9,9
smogtours-gen1nu-814060,[Gen 1] NU,2025-01-12 23:59:01,,weepinbell75190,ddenpowerdark55312,ddenpowerdark55312,True,"['Venomoth', 'Charizard', 'Graveler', 'Poliwrath', 'Mr. Mime', 'Fearow']","['Venomoth', 'Charizard', 'Kabutops', 'Raticate', 'Poliwrath', 'Mr. Mime']",30,12,9
smogtours-gen1nu-667111,[Gen 1] NU,2023-01-03 21:16:45,,deoxysdefense78874,kangaskhan41867,kangaskhan41867,False,"['Venomoth', 'Charizard', 'Nidoking', 'Mr. Mime', 'Clefable', 'Blastoise']","['Kingler', 'Nidoking', 'Kabutops', 'Mr. Mime', 'Clefable', 'Blastoise']",28,6,8
gen1nu-2145360410,[Gen 1] NU,2024-06-18 03:03:24,,mismagius33077,sunkern50532,sunkern50532,False,"['Exeggcute', 'Nidoking', 'Wigglytuff', 'Poliwhirl', 'Mr. Mime', 'Magmar']","['Aerodactyl', 'Gastly', 'Raticate', 'Mr. Mime', 'Fearow', 'Blastoise']",27,8,7
smogtours-gen1nu-664586,[Gen 1] NU,2022-12-11 21:00:59,,whismur95661,deoxysdefense78874,whismur95661,False,"['Venomoth', 'Charizard', 'Golem', 'Mr. Mime', 'Clefable', 'Blastoise']","['Seadra', 'Charizard', 'Nidoking', 'Mr. Mime', 'Clefable', 'Blastoise']",51,10,16
gen1nu-2062924963,[Gen 1] NU,2024-02-19 17:02:39,1099,iceberry56459,diglett37152,diglett37152,False,"['Venomoth', 'Aerodactyl', 'Wigglytuff', 'Raticate', 'Arcanine', 'Blastoise']","['Charizard', 'Porygon', 'Wigglytuff', 'Poliwhirl', 'Mr. Mime']",32,9,4
smogtours-gen1nu-713211,[Gen 1] NU,2023-08-31 21:47:11,,watmelberry24903,golduck35019,golduck35019,True,"['Venomoth', 'Ninetales', 'Golem', 'Mr. Mime', 'Clefable', 'Blastoise']","['Venomoth', 'Charizard', 'Raticate', 'Mr. Mime', 'Clefable', 'Blastoise']",34,15,9
smogtours-gen1nu-786161,[Gen 1] NU,2024-08-18 08:21:31,,aquajet31035,acidarmor10815,acidarmor10815,False,"['Aerodactyl', 'Raticate', 'Poliwrath', 'Mr. Mime', 'Arcanine', 'Gastly']","['Moltres', 'Charizard', 'Magneton', 'Raticate', 'Poliwrath', 'Mr. Mime']",34,9,9
smogtours-gen1nu-645250,[Gen 1] NU,2022-08-27 06:57:57,,encore90411,manaphy22907,manaphy22907,False,"['Charizard', 'Exeggcute', 'Kabutops', 'Mr. Mime', 'Clefable', 'Blastoise']","['Charizard', 'Poliwhirl', 'Mr. Mime', 'Clefable', 'Blastoise']",37,10,6
gen1nu-2054301790,[Gen 1] NU,2024-02-08 00:55:50,1136,recover74685,poliwrath3176,recover74685,False,"['Moltres', 'Venomoth', 'Aerodactyl', 'Raticate', 'Poliwrath', 'Mr. Mime']","['Golduck', 'Charizard', 'Aerodactyl', 'Raticate', 'Mr. Mime', 'Victreebel']",34,7,10
smogtours-gen1nu-777051,[Gen 1] NU,2024-06-28 19:24:32,,golduck35019,aurasphere76841,aurasphere76841,False,"['Venomoth', 'Charizard', 'Aerodactyl', 'Magneton', 'Mr. Mime', 'Blastoise']","['Venomoth', 'Charizard', 'Aerodactyl', 'Kabutops', 'Fearow']",32,8,11
smogtours-gen1nu-600639,[Gen 1] NU,2022-01-06 16:22:22,,synchronize14428,drowzee8791,drowzee8791,False,"['Charizard', 'Rapidash', 'Porygon', 'Nidoking', 'Poliwhirl', 'Mr. Mime']","['Charizard', 'Poliwhirl', 'Mr. Mime', 'Clefable', 'Blastoise']",32,11,8
gen1nu-2061159011,[Gen 1] NU,2024-02-17 01:52:39,1027,sunkern50532,charm93530,sunkern50532,True,"['Charizard', 'Porygon', 'Aerodactyl']","['Lickitung', 'Mr. Mime', 'Arcanine', 'Magmar', 'Blastoise']",19,5,6
smogtours-gen1nu-645627,[Gen 1] NU,2022-08-28 20:47:26,,rabutaberry92072,jolteon92120,rabutaberry92072,False,"['Venomoth', 'Charizard', 'Golem', 'Mr. Mime', 'Clefable', 'Blastoise']","['Nidoking', 'Kabutops', 'Poliwhirl', 'Mr. Mime', 'Clefable', 'Blastoise']",43,11,10
gen1nu-2059354009,[Gen 1] NU,2024-02-14 18:43:50,1146,stoneplate55960,bounce8637,stoneplate55960,False,"['Venomoth', 'Charizard', 'Aerodactyl', 'Raticate', 'Mr. Mime', 'Blastoise']","['Moltres', 'Venomoth', 'Nidoking', 'Raticate', 'Poliwhirl', 'Mr. Mime']",22,6,6
gen1nu-2153621942,[Gen 1] NU,2024-07-02 03:31:27,,gardevoir84608,needlearm59980,gardevoir84608,False,"['Moltres', 'Venomoth', 'Charizard', 'Raticate', 'Kabutops', 'Mr. Mime']","['Moltres', 'Venomoth', 'Aerodactyl', 'Raticate', 'Kabutops', 'Mr. Mime']",36,8,9
smogtours-gen1nu-738689,[Gen 1] NU,2024-01-10 21:44:23,,recover74685,crosschop14357,recover74685,False,"['Seadra', 'Venomoth', 'Mr. Mime', 'Clefable', 'Blastoise']","['Charizard', 'Exeggcute', 'Mr. Mime', 'Clefable', 'Arcanine', 'Blastoise']",30,9,11
smogtours-gen1nu-779211,[Gen 1] NU,2024-07-08 14:55:44,,perishsong83468,powerlens28906,powerlens28906,False,"['Seadra', 'Moltres', 'Charizard', 'Raticate', 'Poliwrath', 'Fearow']","['Moltres', 'Venomoth', 'Charizard', 'Poliwrath', 'Mr. Mime', 'Arcanine']",46,10,10
smogtours-gen1nu-774222,[Gen 1] NU,2024-06-13 23:29:32,,typechange30082,futuresight13270,futuresight13270,False,"['Seadra', 'Golduck', 'Charizard', 'Kabutops', 'Mr. Mime', 'Venusaur']","['Seadra', 'Golduck', 'Charizard', 'Kabutops', 'Mr. Mime', 'Venusaur']",31,6,6
gen1nu-2272406399,[Gen 1] NU,2024-12-31 02:58:32,,revenge71921,bulletpunch83527,bulletpunch83527,False,"['Golduck', 'Venomoth', 'Charizard', 'Nidoqueen', 'Mr. Mime', 'Fearow']","['Moltres', 'Charizard', 'Poliwrath', 'Mr. Mime', 'Arcanine']",22,6,5
gen1nu-2138461352,[Gen 1] NU,2024-06-07 01:58:44,,kangaskhan44566,venusaur3518,kangaskhan44566,False,"['Seadra', 'Charizard', 'Magneton', 'Mr. Mime', 'Venusaur', 'Fearow']","['Moltres', 'Kabutops', 'Poliwrath', 'Mr. Mime', 'Arcanine', 'Venusaur']",35,9,9
gen1nu-2272388080,[Gen 1] NU,2024-12-31 02:16:45,,revenge71921,bulletpunch83527,revenge71921,False,"['Kingler', 'Venomoth', 'Charizard', 'Wigglytuff', 'Mr. Mime', 'Blastoise']","['Venomoth', 'Charizard', 'Nidoking', 'Raticate', 'Kabutops', 'Mr. Mime']",25,5,10
smogtours-gen1nu-747815,[Gen 1] NU,2024-02-17 15:30:13,,hariyama33057,poisonpowder88566,poisonpowder88566,False,"['Charizard', 'Wigglytuff', 'Raticate', 'Poliwhirl', 'Mr. Mime', 'Blastoise']","['Venomoth', 'Charizard', 'Porygon', 'Poliwrath', 'Graveler', 'Mr. Mime']",38,9,12
smogtours-gen1nu-677330,[Gen 1] NU,2023-02-26 03:11:50,,jolteon92120,kangaskhan41867,kangaskhan41867,False,"['Moltres', 'Charizard', 'Nidoking', 'Mr. Mime', 'Clefable', 'Blastoise']","['Moltres', 'Charizard', 'Mr. Mime', 'Clefable', 'Blastoise']",28,11,6
gen1nu-2282636674,[Gen 1] NU,2025-01-17 03:57:09,,revenge71921,blizzard53783,revenge71921,False,"['Venomoth', 'Charizard', 'Pinsir', 'Poliwrath', 'Mr. Mime', 'Arcanine']","['Moltres', 'Venomoth', 'Aerodactyl', 'Raticate', 'Kabutops', 'Mr. Mime']",34,8,6
gen1nu-2061580453,[Gen 1] NU,2024-02-17 18:29:30,1000,payday66156,diglett37152,diglett37152,False,"['Moltres', 'Venomoth', 'Charizard', 'Nidoking', 'Venusaur', 'Blastoise']","['Charizard', 'Porygon', 'Wigglytuff', 'Poliwhirl', 'Mr. Mime', 'Beedrill']",29,6,7
smogtours-gen1nu-661935,[Gen 1] NU,2022-11-19 16:16:01,,deoxysdefense78874,powerherb16934,powerherb16934,False,"['Seadra', 'Charizard', 'Raticate', 'Mr. Mime', 'Clefable', 'Blastoise']","['Ninetales', 'Charizard', 'Nidoking', 'Golem', 'Mr. Mime', 'Blastoise']",36,9,10
smogtours-gen1nu-710221,[Gen 1] NU,2023-08-16 00:16:37,,golduck35019,thunderbolt19203,golduck35019,False,"['Venomoth', 'Charizard', 'Electrode', 'Mr. Mime', 'Clefable', 'Blastoise']","['Venomoth', 'Charizard', 'Electrode', 'Mr. Mime', 'Clefable', 'Blastoise']",41,10,9
smogtours-gen1nu-654096,[Gen 1] NU,2022-10-09 20:27:39,,deoxysdefense78874,whiscash85390,deoxysdefense78874,False,"['Moltres', 'Charizard', 'Exeggcute', 'Kabutops', 'Mr. Mime', 'Blastoise']","['Kingler', 'Nidoking', 'Poliwhirl', 'Mr. Mime', 'Clefable', 'Blastoise']",34,11,11
smogtours-gen1nu-845522,[Gen 1] NU,2025-05-24 21:24:33,,mudsport71981,psncureberry16761,mudsport71981,False,"['Moltres', 'Venomoth', 'Porygon', 'Poliwrath', 'Mr. Mime']","['Seadra', 'Venomoth', 'Charizard', 'Raticate', 'Mr. Mime', 'Blastoise']",41,8,14
smogtours-gen1nu-674099,[Gen 1] NU,2023-02-10 07:11:02,,magnetpull75337,kangaskhan41867,magnetpull75337,False,"['Venomoth', 'Charizard', 'Mr. Mime', 'Clefable', 'Blastoise']","['Venomoth', 'Charizard', 'Raticate', 'Mr. Mime', 'Clefable', 'Blastoise']",37,11,12
gen1nu-2272390536,[Gen 1] NU,2024-12-31 02:24:42,,revenge71921,bulletpunch83527,bulletpunch83527,False,"['Charizard', 'Aerodactyl', 'Raticate', 'Mr. Mime', 'Parasect', 'Blastoise']","['Charizard', 'Aerodactyl', 'Magneton', 'Raticate', 'Poliwhirl', 'Mr. Mime']",37,9,8
smogtours-gen1nu-779196,[Gen 1] NU,2024-07-08 12:12:09,,powerlens28906,frenzyplant87849,frenzyplant87849,False,"['Moltres', 'Kabutops', 'Poliwrath', 'Mr. Mime', 'Arcanine', 'Venusaur']","['Venomoth', 'Charizard', 'Aerodactyl', 'Magneton', 'Mr. Mime', 'Blastoise']",45,12,13
smogtours-gen1nu-597862,[Gen 1] NU,2021-12-17 01:42:25,,taunt17457,spiderweb27115,spiderweb27115,False,"['Scyther', 'Charizard', 'Rapidash', 'Golem', 'Mr. Mime', 'Blastoise']","['Blastoise', 'Charizard', 'Poliwhirl', 'Clefable']",25,12,4
gen1nu-2274586222,[Gen 1] NU,2025-01-04 00:19:35,,poliwhirl66423,bulletpunch83527,bulletpunch83527,False,"['Rapidash', 'Aerodactyl', 'Wigglytuff', 'Poliwrath', 'Mr. Mime', 'Venusaur']","['Charizard', 'Aerodactyl', 'Raticate', 'Blastoise', 'Mr. Mime', 'Gastly']",29,11,11
gen1nu-2060453900,[Gen 1] NU,2024-02-16 03:42:18,,punishment38172,rollout94469,rollout94469,False,"['Venomoth', 'Charizard', 'Wigglytuff', 'Kabutops', 'Poliwhirl', 'Mr. Mime']","['Venomoth', 'Charizard', 'Wigglytuff', 'Mr. Mime', 'Blastoise']",28,8,4
gen1nu-2160750325,[Gen 1] NU,2024-07-14 13:50:10,,fissure61188,denpowerghost39436,fissure61188,False,"['Venomoth', 'Charizard', 'Kabutops', 'Mr. Mime', 'Blastoise']","['Venomoth', 'Staryu', 'Charizard', 'Raticate', 'Graveler', 'Venusaur']",29,9,10
smogtours-gen1nu-777904,[Gen 1] NU,2024-07-01 11:11:08,,denpowerghost39436,poisonpowder88566,poisonpowder88566,False,"['Charizard', 'Magneton', 'Raticate', 'Mr. Mime', 'Venusaur', 'Fearow']","['Moltres', 'Charizard', 'Poliwrath', 'Mr. Mime', 'Arcanine']",26,7,6
smogtours-gen1nu-715564,[Gen 1] NU,2023-09-10 23:26:46,,innerfocus97582,buneary57593,innerfocus97582,False,"['Venomoth', 'Charizard', 'Nidoking', 'Mr. Mime', 'Clefable', 'Blastoise']","['Kingler', 'Moltres', 'Venomoth', 'Mr. Mime', 'Clefable', 'Blastoise']",27,9,8
gen1nu-2193268165,[Gen 1] NU,2024-09-02 22:10:18,,lick81661,featherdance48319,featherdance48319,False,"['Metapod', 'Weedle', 'Magikarp', 'Ditto', 'Kakuna', 'Caterpie']","['Metapod', 'Weedle', 'Magikarp', 'Ditto', 'Kakuna', 'Caterpie']",91,16,12
smogtours-gen1nu-652644,[Gen 1] NU,2022-10-02 20:10:34,,manaphy22907,deoxysdefense78874,deoxysdefense78874,False,"['Charizard', 'Nidoking', 'Kabutops', 'Mr. Mime', 'Clefable', 'Blastoise']","['Charizard', 'Nidoking', 'Wigglytuff', 'Mr. Mime', 'Clefable', 'Blastoise']",29,6,7
gen1nu-2055025562,[Gen 1] NU,2024-02-08 22:30:34,1072,chopleberry38027,bide81826,bide81826,False,"['Moltres', 'Aerodactyl', 'Raticate', 'Poliwhirl', 'Mr. Mime', 'Venusaur']","['Golduck', 'Venomoth', 'Aerodactyl', 'Nidoking', 'Magmar']",36,8,7
gen1nu-2070824120,[Gen 1] NU,2024-03-01 03:53:52,,revenge71921,punishment38172,revenge71921,False,"['Golduck', 'Venomoth', 'Charizard', 'Mr. Mime']","['Golduck', 'Venomoth', 'Charizard', 'Porygon', 'Poliwrath', 'Mr. Mime']",31,4,10
smogtours-gen1nu-663687,[Gen 1] NU,2022-12-04 11:20:02,,powerherb16934,meditate33036,meditate33036,False,"['Venomoth', 'Charizard', 'Golem', 'Mr. Mime', 'Clefable', 'Blastoise']","['Kingler', 'Charizard', 'Raticate', 'Mr. Mime', 'Clefable', 'Blastoise']",60,14,11
smogtours-gen1nu-699650,[Gen 1] NU,2023-06-27 18:03:00,,powerherb16934,golduck35019,golduck35019,False,"['Charizard', 'Raticate', 'Mr. Mime', 'Clefable', 'Fearow', 'Blastoise']","['Venomoth', 'Charizard', 'Golem', 'Mr. Mime', 'Clefable', 'Blastoise']",27,7,8
gen1nu-2250301760,[Gen 1] NU,2024-11-24 19:55:11,,stoneplate55960,heatran44736,heatran44736,False,"['Charizard', 'Magneton', 'Wigglytuff', 'Raticate', 'Poliwrath', 'Mr. Mime']","['Moltres', 'Seadra', 'Charizard', 'Poliwrath', 'Mr. Mime', 'Arcanine']",32,8,11
smogtours-gen1nu-786164,[Gen 1] NU,2024-08-18 08:50:35,,aquajet31035,acidarmor10815,aquajet31035,True,"['Arcanine', 'Charizard', 'Porygon', 'Poliwrath']","['Seadra', 'Moltres', 'Venomoth', 'Charizard', 'Poliwrath', 'Mr. Mime']",31,9,12
smogtours-gen1nu-661682,[Gen 1] NU,2022-11-16 21:24:36,,perish13441,ninjask76302,perish13441,False,"['Vileplume', 'Rapidash', 'Omanyte', 'Nidoqueen', 'Seaking', 'Fearow']","['Rapidash', 'Pinsir', 'Nidoqueen', 'Graveler', 'Seaking', 'Fearow']",36,9,9
smogtours-gen1nu-662784,[Gen 1] NU,2022-11-26 20:22:54,,enpowerflying39776,arceusghost8496,arceusghost8496,False,"['Staryu', 'Omanyte', 'Nidoqueen', 'Drowzee', 'Weepinbell', 'Gastly']","['Staryu', 'Vileplume', 'Electrode', 'Omanyte', 'Seaking', 'Fearow']",44,18,16
smogtours-gen1nu-699651,[Gen 1] NU,2023-06-27 18:09:39,,golduck35019,powerherb16934,golduck35019,False,"['Venomoth', 'Charizard', 'Raticate', 'Mr. Mime', 'Clefable', 'Blastoise']","['Venomoth', 'Charizard', 'Kabutops', 'Mr. Mime', 'Clefable', 'Blastoise']",29,8,7
smogtours-gen1nu-729246,[Gen 1] NU,2023-11-06 01:06:47,,waterfall8105,kangaskhan41867,waterfall8105,False,"['Moltres', 'Charizard', 'Mr. Mime', 'Clefable', 'Arcanine', 'Fearow']","['Charizard', 'Wigglytuff', 'Raticate', 'Mr. Mime', 'Clefable', 'Blastoise']",30,9,8
gen1nu-2057304662,[Gen 1] NU,2024-02-12 02:46:19,1226,calmmind8048,mothim5580,calmmind8048,False,"['Golduck', 'Nidoking', 'Wigglytuff', 'Raticate', 'Mr. Mime', 'Victreebel']","['Golduck', 'Venomoth', 'Charizard', 'Wigglytuff', 'Raticate', 'Mr. Mime']",33,7,7
smogtours-gen1nu-590523,[Gen 1] NU,2021-10-31 23:00:18,,waterpulse35893,pickup28423,waterpulse35893,False,"['Charizard', 'Nidoking', 'Poliwhirl', 'Mr. Mime', 'Clefable', 'Blastoise']","['Charizard', 'Rapidash', 'Nidoking', 'Exeggcute', 'Mr. Mime', 'Blastoise']",50,20,17
smogtours-gen1nu-678226,[Gen 1] NU,2023-03-04 20:50:39,,mudsport71981,cascoon94634,cascoon94634,True,"['Mr. Mime', 'Charizard', 'Nidoking', 'Clefable']","['Mr. Mime', 'Blastoise', 'Clefable']",15,4,2
smogtours-gen1nu-591404,[Gen 1] NU,2021-11-06 17:43:30,,psn38480,encore90411,psn38480,False,"['Moltres', 'Charizard', 'Nidoking', 'Mr. Mime', 'Clefable', 'Blastoise']","['Venomoth', 'Charizard', 'Nidoking', 'Kabutops', 'Mr. Mime', 'Clefable']",31,9,10
smogtours-gen1nu-661059,[Gen 1] NU,2022-11-13 14:49:04,,synthesis81323,noability19212,synthesis81323,False,"['Vileplume', 'Rapidash', 'Omanyte', 'Nidoqueen', 'Seaking', 'Magmar']","['Staryu', 'Rapidash', 'Sandslash', 'Nidoqueen', 'Drowzee', 'Arcanine']",44,14,11
smogtours-gen1nu-592615,[Gen 1] NU,2021-11-12 23:08:49,,psn38480,encore90411,encore90411,False,"['Venomoth', 'Charizard', 'Kabutops', 'Mr. Mime', 'Clefable', 'Blastoise']","['Kingler', 'Charizard', 'Poliwhirl', 'Golem', 'Mr. Mime', 'Clefable']",34,11,11
smogtours-gen1nu-794335,[Gen 1] NU,2024-10-03 19:48:03,,heatran43293,sacredfire89193,sacredfire89193,False,"['Seadra', 'Moltres', 'Charizard', 'Raticate', 'Poliwrath', 'Mr. Mime']","['Moltres', 'Golduck', 'Seadra', 'Magneton', 'Mr. Mime', 'Gastly']",29,7,7
smogtours-gen1nu-672246,[Gen 1] NU,2023-01-31 21:00:36,,hypervoice57448,kangaskhan41867,kangaskhan41867,True,"['Moltres', 'Kingler', 'Venomoth', 'Mr. Mime', 'Clefable', 'Blastoise']","['Venomoth', 'Charizard', 'Mr. Mime', 'Clefable', 'Blastoise']",36,8,6
gen1nu-2275829157,[Gen 1] NU,2025-01-06 04:26:15,,revenge71921,bulletpunch83527,bulletpunch83527,True,"['Golduck', 'Charizard', 'Porygon', 'Wigglytuff', 'Mr. Mime']","['Venomoth', 'Charizard', 'Nidoking', 'Raticate', 'Mr. Mime']",22,7,8
smogtours-gen1nu-815218,[Gen 1] NU,2025-01-19 23:27:25,,munchlax81920,mudsport71981,munchlax81920,False,"['Seadra', 'Charizard', 'Raticate', 'Poliwrath', 'Mr. Mime', 'Fearow']","['Charizard', 'Sandslash', 'Kabutops', 'Poliwrath', 'Mr. Mime', 'Abra']",30,12,13
smogtours-gen1nu-664390,[Gen 1] NU,2022-12-11 17:22:39,,xscissor38348,mudsport71981,mudsport71981,False,"['Venomoth', 'Charizard', 'Electrode', 'Mr. Mime', 'Clefable', 'Blastoise']","['Nidoking', 'Kabutops', 'Mr. Mime', 'Clefable', 'Blastoise']",30,9,10
gen1nu-2275830597,[Gen 1] NU,2025-01-06 04:32:05,,revenge71921,bulletpunch83527,bulletpunch83527,True,"['Golduck', 'Charizard', 'Porygon', 'Wigglytuff', 'Mr. Mime']","['Venomoth', 'Charizard', 'Nidoking', 'Raticate', 'Kabutops', 'Mr. Mime']",28,6,7
gen1nu-2093732197,[Gen 1] NU,2024-04-01 18:29:13,,whismur94038,choicespecs5622,whismur94038,False,"['Nidoking', 'Mr. Mime', 'Rapidash', 'Poliwrath']","['Seadra', 'Moltres', 'Charizard', 'Exeggcute', 'Nidoking', 'Raticate']",26,5,8
smogtours-gen1nu-779287,[Gen 1] NU,2024-07-09 02:04:36,,ddenpowerdark55312,denpowerghost39436,ddenpowerdark55312,False,"['Venomoth', 'Raticate', 'Graveler', 'Mr. Mime', 'Blastoise']","['Venomoth', 'Charizard', 'Raticate', 'Mr. Mime', 'Fearow', 'Blastoise']",26,7,14
smogtours-gen1nu-811043,[Gen 1] NU,2024-12-20 21:19:35,,silcoon20595,porygon9760,silcoon20595,True,"['Venomoth', 'Charizard', 'Fearow', 'Graveler']","['Magneton', 'Mr. Mime', 'Poliwhirl', 'Aerodactyl']",13,4,6
gen1nu-2280804231,[Gen 1] NU,2025-01-14 09:38:27,,revenge71921,kabutops67963,kabutops67963,True,"['Pidgeot', 'Charizard', 'Kabutops', 'Poliwrath', 'Mr. Mime', 'Parasect']","['Venomoth', 'Charizard', 'Nidoking', 'Kabutops', 'Raticate', 'Mr. Mime']",30,6,8
smogtours-gen1nu-729365,[Gen 1] NU,2023-11-06 23:13:14,,skillswap67988,endeavor40229,endeavor40229,False,"['Moltres', 'Venomoth', 'Electrode', 'Raticate', 'Mr. Mime', 'Fearow']","['Charizard', 'Nidoking', 'Mr. Mime', 'Arcanine', 'Fearow']",24,7,10
smogtours-gen1nu-775512,[Gen 1] NU,2024-06-17 23:16:20,,ponyta53394,aerodactyl86215,ponyta53394,False,"['Moltres', 'Kabutops', 'Poliwrath', 'Mr. Mime', 'Arcanine', 'Venusaur']","['Moltres', 'Golduck', 'Aerodactyl', 'Nidoking', 'Raticate', 'Mr. Mime']",31,8,8
smogtours-gen1nu-841036,[Gen 1] NU,2025-05-10 17:16:14,,status34375,doomdesire71110,doomdesire71110,False,"['Charizard', 'Poliwrath', 'Mr. Mime', 'Arcanine', 'Fearow', 'Blastoise']","['Moltres', 'Seadra', 'Venomoth', 'Graveler', 'Poliwrath', 'Mr. Mime']",37,10,12
smogtours-gen1nu-780928,[Gen 1] NU,2024-07-18 22:53:46,,aquaring89206,aurasphere76841,aurasphere76841,True,"['Venomoth', 'Charizard', 'Aerodactyl', 'Raticate', 'Poliwrath', 'Mr. Mime']","['Seadra', 'Venomoth', 'Magneton', 'Raticate', 'Mr. Mime', 'Blastoise']",34,11,11
violetversion-gen1nu-1789,[Gen 1] NU,2016-05-10 19:30:40,,mefirst94337,ironplate77408,ironplate77408,False,"['Seadra', 'Vileplume', 'Electrode', 'Graveler', 'Seaking', 'Magmar']","['Seadra', 'Butterfree', 'Electrode', 'Weezing', 'Seaking', 'Muk']",30,12,12
gen1nu-2275224527,[Gen 1] NU,2025-01-05 03:09:51,,poliwhirl66423,bulletpunch83527,bulletpunch83527,True,"['Venomoth', 'Charizard', 'Porygon', 'Wigglytuff', 'Arbok', 'Mr. Mime']","['Moltres', 'Venomoth', 'Charizard', 'Mr. Mime', 'Arcanine']",40,7,6
gen1nu-2138443011,[Gen 1] NU,2024-06-07 01:17:36,,venusaur3518,spearow17079,venusaur3518,False,"['Moltres', 'Venomoth', 'Charizard', 'Poliwrath', 'Mr. Mime', 'Arcanine']","['Seadra', 'Aerodactyl', 'Raticate', 'Mr. Mime', 'Magmar', 'Venusaur']",30,8,8
gen1nu-2141041871,[Gen 1] NU,2024-06-11 06:10:18,,spearow17079,psncureberry16761,psncureberry16761,False,"['Golduck', 'Charizard', 'Nidoking', 'Wigglytuff', 'Raticate', 'Mr. Mime']","['Seadra', 'Exeggcute', 'Wigglytuff', 'Raticate', 'Mr. Mime', 'Magmar']",29,9,5
smogtours-gen1nu-662552,[Gen 1] NU,2022-11-25 13:09:26,,golduck35019,magnetpull75337,golduck35019,False,"['Staryu', 'Rapidash', 'Nidoqueen', 'Seaking', 'Arcanine', 'Abra']","['Staryu', 'Rapidash', 'Vileplume', 'Omanyte', 'Nidoqueen', 'Magmar']",27,9,8
smogtours-gen1nu-579905,[Gen 1] NU,2021-09-18 14:54:34,,dragonair73789,judgment42249,dragonair73789,False,"['Seadra', 'Venomoth', 'Charizard', 'Nidoking', 'Mr. Mime', 'Blastoise']","['Seadra', 'Charizard', 'Nidoking', 'Mr. Mime', 'Weepinbell', 'Clefable']",62,10,11
smogtours-gen1nu-665366,[Gen 1] NU,2022-12-18 16:15:38,,absol83411,crushclaw70815,crushclaw70815,False,"['Staryu', 'Rapidash', 'Nidoqueen', 'Drowzee', 'Arcanine', 'Fearow']","['Rapidash', 'Omanyte', 'Nidoqueen', 'Machamp', 'Weepinbell', 'Fearow']",40,11,9
smogtours-gen1nu-840117,[Gen 1] NU,2025-05-06 21:15:13,,shockwave61087,mudsport71981,mudsport71981,False,"['Charizard', 'Aerodactyl', 'Gastly', 'Raticate', 'Mr. Mime', 'Blastoise']","['Moltres', 'Seadra', 'Venomoth', 'Charizard', 'Magneton', 'Mr. Mime']",30,9,7
gen1nu-2055179273,[Gen 1] NU,2024-02-09 03:02:21,1064,feraligatr35835,stoneplate55960,feraligatr35835,False,"['Charizard', 'Magneton', 'Wigglytuff', 'Raticate', 'Blastoise']","['Venomoth', 'Aerodactyl', 'Raticate', 'Kabutops', 'Mr. Mime', 'Fearow']",26,6,8
gen1nu-2061062743,[Gen 1] NU,2024-02-16 22:48:57,1060,mismagius33077,sunkern50532,sunkern50532,True,"['Moltres', 'Magmar', 'Aerodactyl']","['Arcanine', 'Porygon']",14,2,3
smogtours-gen1nu-600641,[Gen 1] NU,2022-01-06 16:38:35,,synchronize14428,drowzee8791,synchronize14428,True,"['Kingler', 'Venomoth', 'Charizard', 'Golem', 'Mr. Mime', 'Clefable']","['Charizard', 'Porygon', 'Golem', 'Mr. Mime', 'Clefable', 'Blastoise']",29,11,11
gen1nu-2060456428,[Gen 1] NU,2024-02-16 03:47:47,,punishment38172,rollout94469,rollout94469,False,"['Moltres', 'Venomoth', 'Aerodactyl', 'Magneton', 'Nidoking', 'Mr. Mime']","['Venomoth', 'Charizard', 'Magneton', 'Wigglytuff', 'Blastoise']",35,12,8
smogtours-gen1nu-734807,[Gen 1] NU,2023-12-10 23:18:43,,golduck35019,cascoon94634,golduck35019,False,"['Charizard', 'Wigglytuff', 'Mr. Mime', 'Clefable', 'Blastoise']","['Moltres', 'Charizard', 'Mr. Mime', 'Clefable', 'Arcanine', 'Fearow']",31,5,7
gen1nu-2275241327,[Gen 1] NU,2025-01-05 03:46:58,,poliwhirl66423,bulletpunch83527,bulletpunch83527,False,"['Kingler', 'Seadra', 'Charizard', 'Exeggcute', 'Mr. Mime', 'Fearow']","['Moltres', 'Venomoth', 'Charizard', 'Poliwrath', 'Mr. Mime', 'Arcanine']",35,13,10
smogtours-gen1nu-842533,[Gen 1] NU,2025-05-15 02:19:40,,motordrive87413,gluttony35331,motordrive87413,False,"['Charizard', 'Poliwrath', 'Graveler', 'Mr. Mime', 'Fearow', 'Blastoise']","['Moltres', 'Seadra', 'Charizard', 'Raticate', 'Poliwrath', 'Mr. Mime']",30,9,9
gen1nu-2143913087,[Gen 1] NU,2024-06-15 18:42:39,,spearow17079,crabhammer79731,crabhammer79731,False,"['Golduck', 'Nidoking', 'Exeggcute', 'Wigglytuff', 'Raticate', 'Mr. Mime']","['Moltres', 'Golduck', 'Aerodactyl', 'Mr. Mime', 'Venusaur']",62,8,7
gen1nu-2054747398,[Gen 1] NU,2024-02-08 16:12:20,1022,bide81826,nomelberry19418,bide81826,False,"['Golduck', 'Venomoth', 'Aerodactyl', 'Nidoking', 'Mr. Mime', 'Magmar']","['Charizard', 'Wigglytuff', 'Poliwhirl', 'Mr. Mime', 'Venusaur', 'Blastoise']",35,10,13
smogtours-gen1nu-784833,[Gen 1] NU,2024-08-09 16:55:05,,poisonpowder88566,aurasphere76841,poisonpowder88566,False,"['Seadra', 'Charizard', 'Raticate', 'Mr. Mime', 'Venusaur', 'Fearow']","['Seadra', 'Kabutops', 'Poliwrath', 'Mr. Mime', 'Venusaur', 'Fearow']",31,10,13
smogtours-gen1nu-663095,[Gen 1] NU,2022-11-27 23:54:42,,dreameater82317,rhyhorn97304,rhyhorn97304,False,"['Staryu', 'Onix', 'Magneton', 'Seaking', 'Fearow', 'Abra']","['Sandslash', 'Electrode', 'Seaking', 'Machamp', 'Muk', 'Abra']",26,10,10
gen1nu-2064516943,[Gen 1] NU,2024-02-21 17:57:12,1215,calmmind8048,rollout94469,calmmind8048,False,"['Aerodactyl', 'Nidoking', 'Wigglytuff', 'Raticate', 'Poliwrath', 'Mr. Mime']","['Moltres', 'Exeggcute', 'Wigglytuff', 'Poliwrath', 'Mr. Mime', 'Golbat']",25,7,8
smogtours-gen1nu-784828,[Gen 1] NU,2024-08-09 16:24:23,,poisonpowder88566,aurasphere76841,poisonpowder88566,False,"['Charizard', 'Magneton', 'Raticate', 'Poliwrath', 'Mr. Mime', 'Fearow']","['Seadra', 'Venomoth', 'Charizard', 'Machamp', 'Mr. Mime', 'Arcanine']",31,11,10
smogtours-gen1nu-654760,[Gen 1] NU,2022-10-15 01:58:30,,manaphy22907,whiscash85390,manaphy22907,False,"['Kingler', 'Charizard', 'Poliwhirl', 'Clefable', 'Arcanine', 'Blastoise']","['Moltres', 'Charizard', 'Kabutops', 'Poliwhirl', 'Mr. Mime', 'Clefable']",34,8,11
smogtours-gen1nu-655386,[Gen 1] NU,2022-10-16 16:51:51,,gastrodon26689,deoxysdefense78874,deoxysdefense78874,False,"['Venomoth', 'Charizard', 'Kabutops', 'Poliwhirl', 'Mr. Mime', 'Clefable']","['Kingler', 'Charizard', 'Poliwhirl', 'Mr. Mime', 'Clefable', 'Blastoise']",35,10,6
smogtours-gen1nu-662394,[Gen 1] NU,2022-11-21 23:17:45,,icebody51285,enpowerflying39776,icebody51285,False,"['Staryu', 'Omanyte', 'Seaking', 'Machamp', 'Arcanine']","['Dragonair', 'Graveler', 'Nidoqueen', 'Machamp', 'Drowzee', 'Abra']",19,5,9
gen1nu-2211857641,[Gen 1] NU,2024-09-29 00:43:18,,denpowerghost39436,mismagius33077,mismagius33077,True,"['Venomoth', 'Charizard', 'Raticate', 'Mr. Mime', 'Fearow']","['Exeggcute', 'Nidoking', 'Wigglytuff', 'Poliwhirl', 'Mr. Mime', 'Magmar']",26,5,6
gen1nu-2068683077,[Gen 1] NU,2024-02-27 12:21:23,,lastresort19382,poisonpowder88566,poisonpowder88566,False,"['Charizard', 'Exeggcute', 'Nidoking', 'Wigglytuff', 'Mr. Mime', 'Blastoise']","['Venomoth', 'Charizard', 'Porygon', 'Poliwrath', 'Graveler', 'Mr. Mime']",42,10,10
gen1nu-2057136558,[Gen 1] NU,2024-02-11 21:33:22,1135,arenatrap67964,chopleberry38027,chopleberry38027,False,"['Moltres', 'Golduck', 'Charizard', 'Aerodactyl', 'Magneton', 'Mr. Mime']","['Venomoth', 'Wigglytuff', 'Poliwhirl', 'Mr. Mime', 'Blastoise']",31,6,6
smogtours-gen1nu-796012,[Gen 1] NU,2024-10-06 21:31:18,,mudsport71981,barrage50572,barrage50572,False,"['Charizard', 'Raticate', 'Poliwrath', 'Mr. Mime', 'Fearow', 'Gastly']","['Seadra', 'Venomoth', 'Charizard', 'Magneton', 'Mr. Mime', 'Blastoise']",30,8,9
smogtours-gen1nu-664362,[Gen 1] NU,2022-12-11 17:00:33,,meditate33036,darkvoid39103,darkvoid39103,False,"['Venomoth', 'Charizard', 'Raticate', 'Mr. Mime', 'Clefable', 'Blastoise']","['Venomoth', 'Charizard', 'Porygon', 'Mr. Mime', 'Clefable', 'Blastoise']",48,11,8
smogtours-gen1nu-775514,[Gen 1] NU,2024-06-17 23:21:52,,ponyta53394,aerodactyl86215,aerodactyl86215,False,"['Golduck', 'Venomoth', 'Charizard', 'Exeggcute', 'Kabutops', 'Mr. Mime']","['Golduck', 'Venomoth', 'Charizard', 'Raticate', 'Mr. Mime']",24,10,4
gen1nu-2281197829,[Gen 1] NU,2025-01-14 22:23:01,,revenge71921,bulletpunch83527,revenge71921,False,"['Kingler', 'Seadra', 'Charizard', 'Exeggcute', 'Mr. Mime', 'Fearow']","['Moltres', 'Venomoth', 'Aerodactyl', 'Raticate', 'Kabutops', 'Mr. Mime']",26,8,11
gen1nu-2275866745,[Gen 1] NU,2025-01-06 06:21:06,,revenge71921,bulletpunch83527,bulletpunch83527,False,"['Seadra', 'Exeggcute', 'Wigglytuff', 'Raticate', 'Mr. Mime', 'Magmar']","['Venomoth', 'Charizard', 'Nidoking', 'Raticate', 'Kabutops', 'Mr. Mime']",27,7,9
gen1nu-2278347354,[Gen 1] NU,2025-01-10 06:25:22,,revenge71921,blizzard53783,blizzard53783,False,"['Scyther', 'Venomoth', 'Exeggcute', 'Kabutops', 'Mr. Mime', 'Slowpoke']","['Venomoth', 'Charizard', 'Nidoking', 'Raticate', 'Kabutops', 'Mr. Mime']",32,12,10
smogtours-gen1nu-603555,[Gen 1] NU,2022-01-19 20:02:26,,spikecannon99072,encore90411,spikecannon99072,True,"['Charizard', 'Nidoking', 'Poliwhirl', 'Mr. Mime', 'Clefable', 'Blastoise']","['Charizard', 'Nidoking', 'Poliwhirl', 'Mr. Mime', 'Clefable', 'Blastoise']",30,6,12
gen1nu-2050436225,[Gen 1] NU,2024-02-02 23:23:24,1052,icepunch31870,tangledfeet28477,icepunch31870,False,"['Venomoth', 'Charizard', 'Electrode', 'Mr. Mime', 'Clefable', 'Blastoise']","['Kingler', 'Venomoth', 'Charizard', 'Mr. Mime', 'Clefable', 'Blastoise']",23,6,8
gen1nu-2055879176,[Gen 1] NU,2024-02-10 00:21:46,1078,chansey41469,octazooka54975,octazooka54975,False,"['Moltres', 'Kingler', 'Porygon', 'Pinsir', 'Machamp', 'Victreebel']","['Moltres', 'Wigglytuff', 'Mr. Mime', 'Lickitung', 'Venusaur', 'Blastoise']",40,8,10
smogtours-gen1nu-662176,[Gen 1] NU,2022-11-20 11:41:21,,wish73460,dodrio99835,dodrio99835,False,"['Staryu', 'Rapidash', 'Sandslash', 'Nidoqueen', 'Drowzee', 'Arcanine']","['Staryu', 'Rapidash', 'Nidoqueen', 'Graveler', 'Drowzee', 'Magmar']",45,8,12
smogtours-gen1nu-736586,[Gen 1] NU,2023-12-25 23:48:43,,waterfall8105,aurasphere76841,aurasphere76841,True,"['Moltres', 'Charizard', 'Mr. Mime', 'Clefable', 'Arcanine', 'Fearow']","['Electrode', 'Charizard', 'Mr. Mime', 'Clefable']",23,6,3
smogtours-gen1nu-794351,[Gen 1] NU,2024-10-03 20:12:55,,heatran43293,sacredfire89193,heatran43293,False,"['Moltres', 'Aerodactyl', 'Mr. Mime', 'Arcanine', 'Fearow', 'Blastoise']","['Moltres', 'Golduck', 'Venomoth', 'Magneton', 'Mr. Mime', 'Fearow']",36,12,12
smogtours-gen1nu-814500,[Gen 1] NU,2025-01-18 00:04:02,,recover74685,ddenpowerdark55312,recover74685,False,"['Moltres', 'Seadra', 'Charizard', 'Kabutops', 'Mr. Mime', 'Venusaur']","['Venomoth', 'Charizard', 'Raticate', 'Mr. Mime', 'Arcanine', 'Blastoise']",36,13,12
smogtours-gen1nu-815223,[Gen 1] NU,2025-01-19 23:48:20,,munchlax81920,mudsport71981,mudsport71981,False,"['Moltres', 'Venomoth', 'Nidoking', 'Raticate', 'Poliwrath', 'Mr. Mime']","['Moltres', 'Charizard', 'Porygon', 'Poliwrath', 'Mr. Mime']",32,10,6
smogtours-gen1nu-730028,[Gen 1] NU,2023-11-11 21:36:36,,waterpulse35893,rotomfan35023,waterpulse35893,False,"['Venomoth', 'Wigglytuff', 'Golem', 'Mr. Mime', 'Clefable', 'Blastoise']","['Venomoth', 'Charizard', 'Electrode', 'Mr. Mime', 'Clefable', 'Blastoise']",39,13,14
gen1nu-2276348413,[Gen 1] NU,2025-01-07 01:17:30,,revenge71921,bulletpunch83527,revenge71921,True,"['Mr. Mime', 'Charizard', 'Venomoth', 'Abra']","['Venomoth', 'Kabutops', 'Mr. Mime']",13,3,3
smogtours-gen1nu-800327,[Gen 1] NU,2024-10-20 11:49:46,,stoneplate55960,sacredfire89193,stoneplate55960,False,"['Charizard', 'Raticate', 'Kabutops', 'Poliwrath', 'Mr. Mime', 'Fearow']","['Venomoth', 'Charizard', 'Raticate', 'Mr. Mime', 'Fearow', 'Blastoise']",26,9,10
gen1nu-2277076456,[Gen 1] NU,2025-01-08 05:43:42,,revenge71921,bulletpunch83527,bulletpunch83527,False,"['Seadra', 'Rapidash', 'Aerodactyl', 'Exeggcute', 'Mr. Mime', 'Muk']","['Charizard', 'Aerodactyl', 'Magneton', 'Raticate', 'Poliwhirl', 'Mr. Mime']",34,11,9
smogtours-gen1nu-817046,[Gen 1] NU,2025-01-31 20:42:27,,confuseray41666,needlearm59980,confuseray41666,False,"['Venomoth', 'Charizard', 'Kabutops', 'Poliwrath', 'Mr. Mime', 'Fearow']","['Moltres', 'Seadra', 'Venomoth', 'Poliwrath', 'Graveler', 'Mr. Mime']",34,9,12
gen1nu-2276453605,[Gen 1] NU,2025-01-07 05:30:20,,revenge71921,bulletpunch83527,revenge71921,False,"['Venomoth', 'Charizard', 'Mr. Mime', 'Blastoise', 'Abra']","['Venomoth', 'Charizard', 'Nidoking', 'Raticate', 'Kabutops', 'Mr. Mime']",20,5,7
smogtours-gen1nu-778925,[Gen 1] NU,2024-07-07 17:59:57,,golduck35019,mudsport71981,golduck35019,True,"['Moltres', 'Venomoth', 'Charizard', 'Kabutops', 'Raticate', 'Mr. Mime']","['Seadra', 'Venomoth', 'Charizard', 'Raticate', 'Mr. Mime', 'Blastoise']",33,9,12
smogtours-gen1nu-665095,[Gen 1] NU,2022-12-15 19:17:01,,deoxysdefense78874,golduck35019,deoxysdefense78874,False,"['Venomoth', 'Charizard', 'Kabutops', 'Mr. Mime', 'Clefable', 'Blastoise']","['Charizard', 'Nidoking', 'Kabutops', 'Mr. Mime', 'Clefable', 'Blastoise']",30,6,6
gen1nu-2063780075,[Gen 1] NU,2024-02-20 18:57:30,1000,lapras62208,twister41131,twister41131,False,"['Moltres', 'Kingler', 'Golduck', 'Exeggcute', 'Poliwhirl', 'Poliwrath']","['Exeggcute', 'Nidoking', 'Raticate', 'Kabutops', 'Poliwrath']",27,8,5
smogtours-gen1nu-645990,[Gen 1] NU,2022-09-01 23:51:10,,golduck35019,gastrodon26689,golduck35019,True,"['Clefable', 'Mr. Mime', 'Kabutops', 'Exeggcute']","['Charizard', 'Nidoking', 'Poliwhirl', 'Mr. Mime', 'Clefable', 'Blastoise']",24,5,7
gen1nu-2054830430,[Gen 1] NU,2024-02-08 18:04:33,1003,ganlonberry75359,bide81826,bide81826,True,"['Moltres', 'Magneton', 'Wigglytuff', 'Dragonair', 'Mr. Mime', 'Victreebel']","['Golduck', 'Venomoth', 'Aerodactyl', 'Nidoking', 'Mr. Mime', 'Magmar']",33,12,9
gen1nu-2370385851,[Gen 1] NU,2025-05-23 17:09:40,,powerherb16934,bide85657,bide85657,False,"['Seadra', 'Venomoth', 'Charizard', 'Raticate', 'Mr. Mime', 'Blastoise']","['Seadra', 'Charizard', 'Kabutops', 'Mr. Mime', 'Arcanine', 'Gastly']",36,6,7
gen1nu-2277071972,[Gen 1] NU,2025-01-08 05:29:38,,revenge71921,bulletpunch83527,bulletpunch83527,False,"['Charizard', 'Exeggcute', 'Wigglytuff', 'Mr. Mime', 'Magmar', 'Blastoise']","['Moltres', 'Kabutops', 'Poliwrath', 'Mr. Mime', 'Arcanine', 'Venusaur']",53,8,5
smogtours-gen1nu-665162,[Gen 1] NU,2022-12-16 22:09:02,,powerherb16934,whismur95661,powerherb16934,False,"['Venomoth', 'Charizard', 'Mr. Mime', 'Clefable', 'Blastoise']","['Venomoth', 'Charizard', 'Golem', 'Mr. Mime', 'Clefable', 'Blastoise']",30,7,11
gen1nu-2271834432,[Gen 1] NU,2024-12-30 02:51:42,,revenge71921,bulletpunch83527,bulletpunch83527,False,"['Seadra', 'Exeggcute', 'Wigglytuff', 'Raticate', 'Mr. Mime', 'Magmar']","['Venomoth', 'Charizard', 'Aerodactyl', 'Raticate', 'Poliwrath', 'Mr. Mime']",26,6,6
smogtours-gen1nu-646087,[Gen 1] NU,2022-09-02 21:18:45,,encore90411,cascoon94634,cascoon94634,True,"['Charizard', 'Nidoking', 'Kabutops', 'Poliwhirl', 'Mr. Mime', 'Clefable']","['Venomoth', 'Mr. Mime', 'Blastoise', 'Golem']",28,13,7
gen1nu-2276468590,[Gen 1] NU,2025-01-07 06:18:54,,revenge71921,bulletpunch83527,bulletpunch83527,False,"['Rapidash', 'Aerodactyl', 'Wigglytuff', 'Poliwrath', 'Mr. Mime', 'Venusaur']","['Venomoth', 'Charizard', 'Nidoking', 'Kabutops', 'Raticate', 'Mr. Mime']",40,11,9
smogtours-gen1nu-720755,[Gen 1] NU,2023-10-01 14:31:05,,buneary57593,unknownability847,unknownability847,True,"['Venomoth', 'Charizard', 'Kabutops', 'Mr. Mime', 'Clefable', 'Blastoise']","['Venomoth', 'Charizard', 'Mr. Mime', 'Clefable', 'Blastoise']",36,10,7
smogtours-gen1nu-715568,[Gen 1] NU,2023-09-10 23:49:56,,innerfocus97582,buneary57593,innerfocus97582,False,"['Venomoth', 'Charizard', 'Wigglytuff', 'Mr. Mime', 'Clefable']","['Venomoth', 'Charizard', 'Wigglytuff', 'Mr. Mime', 'Clefable', 'Blastoise']",32,5,7
gen1nu-2280805260,[Gen 1] NU,2025-01-14 09:40:53,,revenge71921,kabutops67963,revenge71921,False,"['Pidgeot', 'Kabutops', 'Poliwrath', 'Mr. Mime', 'Parasect']","['Venomoth', 'Charizard', 'Nidoking', 'Kabutops', 'Raticate', 'Mr. Mime']",26,7,10
smogtours-gen1nu-796030,[Gen 1] NU,2024-10-06 21:49:56,,mudsport71981,barrage50572,barrage50572,True,"['Venomoth', 'Charizard', 'Raticate', 'Mr. Mime', 'Fearow']","['Magneton', 'Mr. Mime', 'Charizard', 'Blastoise']",16,7,4
smogtours-gen1nu-661782,[Gen 1] NU,2022-11-17 21:09:29,,rhyhorn97304,tyranitar56327,rhyhorn97304,False,"['Vileplume', 'Sandslash', 'Electrode', 'Nidoqueen', 'Machamp', 'Abra']","['Staryu', 'Vileplume', 'Rapidash', 'Nidoqueen', 'Arbok', 'Magmar']",27,8,10
smogtours-gen1nu-725819,[Gen 1] NU,2023-10-22 22:36:38,,innerfocus97582,unknownability847,innerfocus97582,False,"['Seadra', 'Venomoth', 'Golem', 'Mr. Mime', 'Clefable', 'Blastoise']","['Venomoth', 'Charizard', 'Nidoking', 'Mr. Mime', 'Clefable', 'Blastoise']",30,8,9
smogtours-gen1nu-787752,[Gen 1] NU,2024-08-27 21:02:16,,darkvoid33050,misdreavus8935,misdreavus8935,False,"['Seadra', 'Moltres', 'Venomoth', 'Raticate', 'Mr. Mime', 'Blastoise']","['Moltres', 'Venomoth', 'Charizard', 'Aerodactyl', 'Raticate', 'Mr. Mime']",30,8,6
smogtours-gen1nu-787352,[Gen 1] NU,2024-08-25 17:16:00,,splash22725,sacredfire89193,sacredfire89193,False,"['Seadra', 'Moltres', 'Charizard', 'Poliwrath', 'Arcanine', 'Fearow']","['Kabutops', 'Poliwrath', 'Mr. Mime', 'Fearow', 'Blastoise']",27,7,8
gen1nu-2281191318,[Gen 1] NU,2025-01-14 22:11:39,,revenge71921,bulletpunch83527,revenge71921,False,"['Venomoth', 'Exeggcute', 'Kabutops', 'Mr. Mime', 'Slowpoke']","['Seadra', 'Golduck', 'Charizard', 'Kabutops', 'Mr. Mime', 'Venusaur']",44,8,11
smogtours-gen1nu-742670,[Gen 1] NU,2024-01-28 12:43:03,,absol86495,recover74685,absol86495,False,"['Charizard', 'Exeggcute', 'Kabutops', 'Mr. Mime', 'Clefable', 'Blastoise']","['Seadra', 'Moltres', 'Venomoth', 'Mr. Mime', 'Clefable', 'Blastoise']",51,12,13
gen1nu-2246705239,[Gen 1] NU,2024-11-19 06:14:12,,raindish79906,healblock43109,healblock43109,False,"['Charizard', 'Aerodactyl', 'Magneton', 'Raticate', 'Poliwhirl', 'Mr. Mime']","['Venomoth', 'Mr. Mime', 'Kabutops', 'Aerodactyl']",22,7,4
smogtours-gen1nu-779257,[Gen 1] NU,2024-07-08 18:00:35,,stoneplate55960,poisonpowder88566,poisonpowder88566,False,"['Charizard', 'Aerodactyl', 'Magneton', 'Raticate', 'Poliwhirl', 'Mr. Mime']","['Seadra', 'Venomoth', 'Aerodactyl', 'Magneton', 'Kabutops']",34,13,8
smogtours-gen1nu-776574,[Gen 1] NU,2024-06-23 22:15:26,,static36182,needlearm59980,static36182,False,"['Moltres', 'Venomoth', 'Charizard', 'Poliwrath', 'Mr. Mime', 'Arcanine']","['Moltres', 'Venomoth', 'Aerodactyl', 'Raticate', 'Kabutops', 'Mr. Mime']",28,9,7
smogtours-gen1nu-645991,[Gen 1] NU,2022-09-01 23:59:27,,golduck35019,gastrodon26689,gastrodon26689,False,"['Charizard', 'Nidoking', 'Raticate', 'Poliwhirl', 'Mr. Mime', 'Clefable']","['Charizard', 'Nidoking', 'Poliwhirl', 'Mr. Mime', 'Clefable', 'Blastoise']",24,5,5
gen1nu-2157303067,[Gen 1] NU,2024-07-08 15:43:25,,delcatty35639,aurasphere76841,aurasphere76841,False,"['Charizard', 'Aerodactyl', 'Magneton', 'Raticate', 'Poliwhirl', 'Mr. Mime']","['Venomoth', 'Charizard', 'Aerodactyl', 'Magneton', 'Mr. Mime']",36,10,8
gen1nu-2275773811,[Gen 1] NU,2025-01-06 02:18:08,,revenge71921,bulletpunch83527,revenge71921,False,"['Golduck', 'Venomoth', 'Aerodactyl', 'Nidoking', 'Mr. Mime', 'Magmar']","['Golduck', 'Venomoth', 'Charizard', 'Aerodactyl', 'Raticate', 'Mr. Mime']",48,10,14
gen1nu-2066958939,[Gen 1] NU,2024-02-25 00:41:55,1046,mismagius33077,probopass63851,mismagius33077,True,"['Golduck', 'Magmar']","['Venomoth', 'Staryu', 'Rapidash']",7,2,4
smogtours-gen1nu-747083,[Gen 1] NU,2024-02-12 21:48:48,,powerherb16934,aurasphere76841,powerherb16934,False,"['Moltres', 'Charizard', 'Raticate', 'Poliwhirl', 'Mr. Mime', 'Venusaur']","['Moltres', 'Venomoth', 'Charizard', 'Raticate', 'Mr. Mime', 'Blastoise']",32,5,7
gen1nu-2275857172,[Gen 1] NU,2025-01-06 05:49:46,,revenge71921,bulletpunch83527,bulletpunch83527,True,"['Golduck', 'Venomoth', 'Aerodactyl', 'Nidoking', 'Mr. Mime', 'Magmar']","['Moltres', 'Venomoth', 'Raticate', 'Poliwrath', 'Mr. Mime']",29,10,6
gen1nu-2280818264,[Gen 1] NU,2025-01-14 10:20:57,,revenge71921,machop41191,revenge71921,True,"['Rapidash', 'Aerodactyl', 'Wigglytuff', 'Poliwrath', 'Mr. Mime', 'Venusaur']","['Venomoth', 'Charizard', 'Nidoking', 'Raticate', 'Kabutops', 'Mr. Mime']",31,9,12
smogtours-gen1nu-700744,[Gen 1] NU,2023-07-02 17:54:41,,arceusghost8496,rocksmash79466,rocksmash79466,False,"['Venomoth', 'Charizard', 'Wigglytuff', 'Mr. Mime', 'Clefable', 'Blastoise']","['Venomoth', 'Charizard', 'Golem', 'Mr. Mime', 'Clefable', 'Blastoise']",43,14,13
gen1nu-2271741593,[Gen 1] NU,2024-12-29 23:16:14,,revenge71921,bulletpunch83527,revenge71921,False,"['Venomoth', 'Charizard', 'Magneton', 'Seaking', 'Mr. Mime']","['Charizard', 'Aerodactyl', 'Gastly', 'Raticate', 'Mr. Mime', 'Blastoise']",30,5,11
smogtours-gen1nu-673755,[Gen 1] NU,2023-02-08 21:06:16,,truant84021,mudsport71981,mudsport71981,False,"['Seadra', 'Venomoth', 'Charizard', 'Mr. Mime', 'Clefable', 'Blastoise']","['Venomoth', 'Charizard', 'Raticate', 'Mr. Mime', 'Blastoise']",37,11,4
gen1nu-2276339544,[Gen 1] NU,2025-01-07 00:58:41,,revenge71921,bulletpunch83527,revenge71921,True,"['Venomoth', 'Charizard', 'Mr. Mime', 'Fearow', 'Blastoise', 'Abra']","['Moltres', 'Venomoth', 'Aerodactyl', 'Raticate', 'Poliwrath', 'Mr. Mime']",28,7,8
gen1nu-2087251043,[Gen 1] NU,2024-03-23 06:29:42,,punishment38172,bide81826,punishment38172,False,"['Golduck', 'Venomoth', 'Aerodactyl', 'Graveler', 'Mr. Mime', 'Blastoise']","['Seadra', 'Venomoth', 'Charizard', 'Raticate', 'Mr. Mime', 'Blastoise']",23,7,7
gen1nu-2274724201,[Gen 1] NU,2025-01-04 05:49:10,,hitmontop19746,bulletpunch83527,bulletpunch83527,False,"['Charizard', 'Magneton', 'Kabutops', 'Pikachu', 'Bulbasaur', 'Blastoise']","['Seadra', 'Golduck', 'Mr. Mime', 'Charizard']",19,8,4
gen1nu-2140862513,[Gen 1] NU,2024-06-10 22:59:37,,mismagius33077,bide81826,mismagius33077,False,"['Seadra', 'Exeggcute', 'Wigglytuff', 'Graveler', 'Mr. Mime', 'Magmar']","['Charizard', 'Exeggcute', 'Wigglytuff', 'Raticate', 'Mr. Mime', 'Blastoise']",32,8,11
smogtours-gen1nu-781199,[Gen 1] NU,2024-07-20 09:53:58,,aurasphere76841,magnetpull75337,aurasphere76841,False,"['Seadra', 'Raticate', 'Mr. Mime', 'Arcanine', 'Fearow', 'Gastly']","['Charizard', 'Aerodactyl', 'Magneton', 'Raticate', 'Poliwhirl', 'Mr. Mime']",28,12,10
violetversion-gen1nu-1342,[Gen 1] NU,2016-02-27 00:37:06,,hustle11937,ddenpowerfire30449,hustle11937,False,"['Venomoth', 'Porygon', 'Nidoking', 'Blastoise', 'Arcanine', 'Slowpoke']","['Venomoth', 'Poliwag', 'Weezing', 'Muk', 'Arcanine', 'Slowpoke']",30,11,9
smogtours-gen1nu-802216,[Gen 1] NU,2024-10-26 18:40:17,,ponyta53394,stoneplate55960,stoneplate55960,False,"['Seadra', 'Venomoth', 'Charizard', 'Aerodactyl', 'Magneton', 'Mr. Mime']","['Arcanine', 'Charizard', 'Poliwrath']",23,11,3
smogtours-gen1nu-812301,[Gen 1] NU,2025-01-01 21:46:52,,aquaring89206,furyswipes43732,aquaring89206,False,"['Seadra', 'Golduck', 'Venomoth', 'Charizard', 'Kabutops', 'Mr. Mime']","['Venomoth', 'Charizard', 'Raticate', 'Graveler', 'Mr. Mime', 'Blastoise']",32,11,15
smogtours-gen1nu-743088,[Gen 1] NU,2024-01-28 21:34:03,,kangaskhan41867,mudsport71981,kangaskhan41867,False,"['Seadra', 'Moltres', 'Venomoth', 'Charizard', 'Raticate', 'Mr. Mime']","['Seadra', 'Venomoth', 'Charizard', 'Golem', 'Mr. Mime', 'Fearow']",30,9,13
gen1nu-2270137277,[Gen 1] NU,2024-12-26 23:27:31,,punishment38172,revenge71921,revenge71921,False,"['Seadra', 'Venomoth', 'Charizard', 'Kabutops', 'Poliwrath', 'Fearow']","['Seadra', 'Venomoth', 'Charizard', 'Magneton', 'Seaking', 'Mr. Mime']",43,11,10
gen1nu-2256282272,[Gen 1] NU,2024-12-04 02:15:25,,guardswap95287,chopleberry38027,chopleberry38027,False,"['Moltres', 'Venomoth', 'Aerodactyl', 'Raticate', 'Poliwrath', 'Mr. Mime']","['Moltres', 'Venomoth', 'Aerodactyl', 'Raticate', 'Mr. Mime', 'Blastoise']",24,8,5
smogtours-gen1nu-662473,[Gen 1] NU,2022-11-23 22:57:25,,wish73460,grudge72227,wish73460,True,"['Vileplume', 'Rapidash', 'Omanyte', 'Seaking', 'Fearow']","['Staryu', 'Rapidash', 'Nidoqueen', 'Graveler', 'Drowzee', 'Magmar']",33,12,13
smogtours-gen1nu-661561,[Gen 1] NU,2022-11-15 01:03:03,,ponyta53394,berserkgene43161,ponyta53394,False,"['Rapidash', 'Omanyte', 'Nidoqueen', 'Drowzee', 'Arcanine', 'Abra']","['Staryu', 'Rapidash', 'Sandslash', 'Nidoqueen', 'Drowzee', 'Arcanine']",33,8,8
smogtours-gen1nu-596758,[Gen 1] NU,2021-12-10 21:05:13,,spiderweb27115,meditate33036,meditate33036,False,"['Venomoth', 'Charizard', 'Nidoking', 'Electrode', 'Kabutops', 'Clefable']","['Moltres', 'Venomoth', 'Nidoking', 'Kabutops', 'Mr. Mime', 'Blastoise']",43,10,13
smogtours-gen1nu-662395,[Gen 1] NU,2022-11-21 23:35:21,,enpowerflying39776,icebody51285,enpowerflying39776,False,"['Staryu', 'Vileplume', 'Omanyte', 'Nidoqueen', 'Drowzee', 'Arcanine']","['Vileplume', 'Rapidash', 'Omanyte', 'Nidoqueen', 'Seaking', 'Machamp']",46,18,21
smogtours-gen1nu-745047,[Gen 1] NU,2024-02-04 20:12:58,,belueberry80725,mudsport71981,mudsport71981,True,"['Charizard', 'Porygon', 'Golem', 'Mr. Mime', 'Slowpoke', 'Blastoise']","['Seadra', 'Venomoth', 'Raticate', 'Mr. Mime', 'Clefable', 'Blastoise']",38,13,11
smogtours-gen1nu-841054,[Gen 1] NU,2025-05-10 17:27:39,,doomdesire71110,status34375,status34375,False,"['Seadra', 'Venomoth', 'Magneton', 'Raticate', 'Mr. Mime', 'Blastoise']","['Venomoth', 'Charizard', 'Magneton', 'Raticate', 'Poliwrath', 'Mr. Mime']",28,10,9
gen1nu-2275606498,[Gen 1] NU,2025-01-05 20:21:22,,poliwhirl66423,bulletpunch83527,poliwhirl66423,True,"['Venomoth', 'Charizard', 'Mr. Mime']","['Venomoth', 'Charizard', 'Nidoking', 'Kabutops', 'Raticate', 'Mr. Mime']",16,3,6
gen1nu-2069083635,[Gen 1] NU,2024-02-27 22:25:45,,aurasphere76841,agility18108,aurasphere76841,False,"['Moltres', 'Venomoth', 'Charizard', 'Mr. Mime', 'Blastoise']","['Venomoth', 'Charizard', 'Nidoking', 'Raticate', 'Mr. Mime', 'Blastoise']",22,5,6
gen1nu-2102387576,[Gen 1] NU,2024-04-13 06:27:55,,punishment38172,bide81826,bide81826,False,"['Golduck', 'Venomoth', 'Aerodactyl', 'Raticate', 'Mr. Mime', 'Arcanine']","['Seadra', 'Venomoth', 'Charizard', 'Raticate', 'Mr. Mime', 'Blastoise']",26,9,8
gen1nu-2193388501,[Gen 1] NU,2024-09-03 01:51:46,,razzberry64813,micleberry24246,razzberry64813,False,"['Charizard', 'Aerodactyl', 'Nidoqueen', 'Poliwhirl', 'Blastoise']","['Moltres', 'Exeggcute', 'Wigglytuff', 'Kabutops', 'Venusaur', 'Gastly']",26,8,7
gen1nu-2280808602,[Gen 1] NU,2025-01-14 09:52:34,,revenge71921,kabutops67963,kabutops67963,True,"['Venomoth', 'Charizard', 'Sandslash', 'Poliwrath', 'Mr. Mime', 'Blastoise']","['Venomoth', 'Charizard', 'Nidoking', 'Raticate', 'Kabutops', 'Mr. Mime']",21,6,7
smogtours-gen1nu-796002,[Gen 1] NU,2024-10-06 21:18:06,,mudsport71981,barrage50572,mudsport71981,False,"['Charizard', 'Magneton', 'Raticate', 'Poliwrath', 'Poliwhirl', 'Mr. Mime']","['Moltres', 'Seadra', 'Venomoth', 'Charizard', 'Mr. Mime', 'Blastoise']",28,6,8
smogtours-gen1nu-775686,[Gen 1] NU,2024-06-20 16:10:40,,absol51729,mudsport71981,mudsport71981,False,"['Venomoth', 'Charizard', 'Aerodactyl', 'Raticate', 'Poliwrath', 'Mr. Mime']","['Moltres', 'Golduck', 'Venomoth', 'Kabutops', 'Raticate', 'Mr. Mime']",29,10,9
smogtours-gen1nu-739202,[Gen 1] NU,2024-01-14 15:21:18,,golduck35019,diveball9145,diveball9145,False,"['Venomoth', 'Electrode', 'Raticate', 'Golem', 'Mr. Mime', 'Blastoise']","['Venomoth', 'Porygon', 'Wigglytuff', 'Mr. Mime', 'Clefable', 'Blastoise']",26,5,9
gen1nu-2054620934,[Gen 1] NU,2024-02-08 13:08:34,1000,stoneplate55960,berryjuice54970,stoneplate55960,False,"['Moltres', 'Venomoth', 'Raticate', 'Poliwrath', 'Mr. Mime']","['Aerodactyl', 'Nidoking', 'Raticate', 'Mr. Mime', 'Victreebel', 'Blastoise']",33,7,11
smogtours-gen1nu-634160,[Gen 1] NU,2022-06-23 17:37:16,,hail89314,fissure61188,fissure61188,False,"['Voltorb', 'Ivysaur', 'Meowth', 'Tentacool', 'Beedrill', 'Charmeleon']","['Rhyhorn', 'Ivysaur', 'Clefairy', 'Meowth', 'Tentacool', 'Golbat']",34,14,12
smogtours-gen1nu-842412,[Gen 1] NU,2025-05-13 23:29:43,,wingattack30461,psncureberry16761,psncureberry16761,False,"['Venomoth', 'Charizard', 'Magneton', 'Kabutops', 'Poliwrath', 'Mr. Mime']","['Golduck', 'Venomoth', 'Charizard', 'Nidoqueen', 'Mr. Mime']",29,13,8
gen1nu-2278254765,[Gen 1] NU,2025-01-10 02:16:08,,revenge71921,blizzard53783,blizzard53783,True,"['Scyther', 'Venomoth', 'Exeggcute', 'Kabutops', 'Mr. Mime', 'Slowpoke']","['Venomoth', 'Charizard', 'Nidoking', 'Raticate', 'Kabutops']",29,8,4
gen1nu-2058399319,[Gen 1] NU,2024-02-13 14:57:32,1039,softboiled33242,stoneplate55960,stoneplate55960,False,"['Scyther', 'Charizard', 'Ivysaur', 'Mr. Mime', 'Meowth', 'Blastoise']","['Mr. Mime', 'Charizard', 'Poliwrath', 'Aerodactyl']",31,12,6
smogtours-gen1nu-600579,[Gen 1] NU,2022-01-05 20:00:52,,meditate33036,waterpulse35893,waterpulse35893,True,"['Moltres', 'Charizard', 'Nidoking', 'Poliwhirl', 'Mr. Mime', 'Blastoise']","['Venomoth', 'Charizard', 'Kabutops', 'Poliwhirl', 'Mr. Mime', 'Clefable']",45,12,9
gen1nu-2049363853,[Gen 1] NU,2024-02-01 16:52:55,1000,block26952,pelipper13259,block26952,False,"['Moltres', 'Venomoth', 'Electrode', 'Exeggcute', 'Raticate', 'Golem']","['Seadra', 'Venomoth', 'Ninetales', 'Exeggcute', 'Raticate', 'Mr. Mime']",45,8,9
smogtours-gen1nu-779340,[Gen 1] NU,2024-07-09 19:04:58,,static36182,aurasphere76841,aurasphere76841,False,"['Golduck', 'Venomoth', 'Charizard', 'Aerodactyl', 'Raticate', 'Mr. Mime']","['Venomoth', 'Charizard', 'Poliwrath', 'Mr. Mime', 'Blastoise']",38,10,10
gen1nu-2055707497,[Gen 1] NU,2024-02-09 19:39:10,1000,murkrow97787,octazooka54975,octazooka54975,False,"['Porygon', 'Poliwrath', 'Meowth', 'Mr. Mime', 'Slowpoke', 'Magmar']","['Venomoth', 'Wigglytuff', 'Mr. Mime', 'Lickitung', 'Blastoise']",30,7,6
smogtours-gen1nu-646603,[Gen 1] NU,2022-09-04 21:25:06,,encore90411,mareep93864,mareep93864,False,"['Charizard', 'Nidoking', 'Poliwhirl', 'Mr. Mime', 'Clefable', 'Blastoise']","['Moltres', 'Scyther', 'Charizard', 'Dragonair', 'Poliwhirl', 'Blastoise']",42,13,6
smogtours-gen1nu-653352,[Gen 1] NU,2022-10-08 16:07:19,,twineedle48571,gastrodon26689,twineedle48571,False,"['Charizard', 'Poliwhirl', 'Golem', 'Mr. Mime', 'Clefable', 'Blastoise']","['Venomoth', 'Charizard', 'Kabutops', 'Poliwhirl', 'Mr. Mime', 'Clefable']",29,5,6
smogtours-gen1nu-663049,[Gen 1] NU,2022-11-27 22:09:56,,typechange32750,suctioncups74146,typechange32750,False,"['Staryu', 'Rapidash', 'Nidoqueen', 'Dragonair', 'Graveler', 'Drowzee']","['Staryu', 'Rapidash', 'Vileplume', 'Omanyte', 'Nidoqueen', 'Magmar']",49,9,8
smogtours-gen1nu-711994,[Gen 1] NU,2023-08-24 22:28:43,,stench25210,spiritomb2144,stench25210,False,"['Charizard', 'Raticate', 'Mr. Mime', 'Clefable', 'Fearow', 'Blastoise']","['Venomoth', 'Ninetales', 'Charizard', 'Mr. Mime', 'Clefable', 'Blastoise']",33,12,11
gen1nu-2136393153,[Gen 1] NU,2024-06-04 00:29:09,,gluttony87688,mismagius33077,mismagius33077,False,"['Moltres', 'Kabutops', 'Poliwrath', 'Mr. Mime', 'Arcanine', 'Venusaur']","['Moltres', 'Golduck', 'Venomoth', 'Aerodactyl', 'Mr. Mime', 'Magmar']",37,13,8
gen1nu-2162805299,[Gen 1] NU,2024-07-17 22:59:41,,poisonpowder88566,gardevoir84608,poisonpowder88566,False,"['Moltres', 'Seadra', 'Venomoth', 'Aerodactyl', 'Magneton', 'Kabutops']","['Seadra', 'Golduck', 'Charizard', 'Kabutops', 'Mr. Mime', 'Venusaur']",28,9,7
gen1nu-2278834733,[Gen 1] NU,2025-01-11 00:11:04,,revenge71921,blizzard53783,blizzard53783,True,"['Venomoth', 'Exeggcute', 'Slowpoke', 'Mr. Mime']","['Mr. Mime', 'Charizard', 'Gastly']",18,4,5
smogtours-gen1nu-602459,[Gen 1] NU,2022-01-15 16:58:28,,psn38480,encore90411,encore90411,True,"['Charizard', 'Exeggcute', 'Mr. Mime', 'Primeape', 'Blastoise']","['Clefable', 'Mr. Mime', 'Exeggcute']",14,4,5
smogtours-gen1nu-662481,[Gen 1] NU,2022-11-24 14:37:33,,kakuna89346,grepaberry68275,grepaberry68275,True,"['Staryu', 'Rapidash', 'Nidoqueen', 'Fearow', 'Gastly']","['Machamp', 'Rapidash', 'Nidoqueen', 'Omanyte']",15,7,4
gen1nu-2069870325,[Gen 1] NU,2024-02-28 22:34:59,1158,revenge71921,noweather98210,revenge71921,True,"['Golduck', 'Venomoth', 'Charizard', 'Nidoqueen', 'Mr. Mime', 'Fearow']","['Venomoth', 'Charizard', 'Poliwhirl', 'Machamp', 'Marowak', 'Mr. Mime']",20,6,9
smogtours-gen1nu-779194,[Gen 1] NU,2024-07-08 11:59:39,,powerlens28906,frenzyplant87849,frenzyplant87849,False,"['Moltres', 'Venomoth', 'Aerodactyl', 'Raticate', 'Mr. Mime', 'Blastoise']","['Venomoth', 'Charizard', 'Aerodactyl', 'Magneton', 'Mr. Mime', 'Blastoise']",36,13,5
smogtours-gen1nu-739022,[Gen 1] NU,2024-01-13 19:05:41,,quickclaw83695,mudsport71981,mudsport71981,False,"['Venomoth', 'Charizard', 'Kabutops', 'Mr. Mime', 'Clefable', 'Blastoise']","['Venomoth', 'Mr. Mime', 'Raticate', 'Clefable']",27,10,4
smogtours-gen1nu-665164,[Gen 1] NU,2022-12-16 22:17:25,,whismur95661,powerherb16934,powerherb16934,False,"['Moltres', 'Charizard', 'Nidoking', 'Mr. Mime', 'Clefable', 'Blastoise']","['Venomoth', 'Charizard', 'Golem', 'Mr. Mime', 'Clefable', 'Blastoise']",46,12,13
gen1nu-2283842964,[Gen 1] NU,2025-01-19 04:37:15,,recover74685,gastly57717,recover74685,False,"['Moltres', 'Golduck', 'Charizard', 'Aerodactyl', 'Dragonair', 'Poliwhirl']","['Charizard', 'Aerodactyl', 'Magneton', 'Raticate', 'Poliwhirl', 'Mr. Mime']",32,6,6
violetversion-gen1nu-2726,[Gen 1] NU,2016-11-20 22:42:07,,ddenpowerfire30449,armthrust70480,ddenpowerfire30449,False,"['Venomoth', 'Porygon', 'Nidoking', 'Slowpoke', 'Blastoise', 'Abra']","['Venomoth', 'Porygon', 'Poliwag', 'Nidoking', 'Slowpoke', 'Abra']",52,14,15
gen1nu-2277055760,[Gen 1] NU,2025-01-08 04:43:00,,revenge71921,bulletpunch83527,revenge71921,False,"['Charizard', 'Exeggcute', 'Wigglytuff', 'Mr. Mime', 'Magmar', 'Blastoise']","['Venomoth', 'Charizard', 'Nidoking', 'Raticate', 'Kabutops', 'Mr. Mime']",36,10,9
gen1nu-2272252594,[Gen 1] NU,2024-12-30 21:24:30,,wacanberry11962,pelipper48923,wacanberry11962,False,"['Scyther', 'Golduck', 'Seaking', 'Magmar', 'Gastly', 'Abra']","['Kingler', 'Staryu', 'Porygon', 'Rapidash', 'Exeggcute', 'Machamp']",27,7,9
smogtours-gen1nu-701161,[Gen 1] NU,2023-07-04 18:03:41,,quickclaw83695,mudsport71981,quickclaw83695,False,"['Venomoth', 'Charizard', 'Kabutops', 'Mr. Mime', 'Clefable', 'Blastoise']","['Venomoth', 'Charizard', 'Raticate', 'Mr. Mime', 'Clefable', 'Blastoise']",40,9,12
gen1nu-2152445465,[Gen 1] NU,2024-06-30 01:37:24,,psn38480,focusblast21876,psn38480,False,"['Seadra', 'Charizard', 'Exeggcute', 'Raticate', 'Poliwrath', 'Mr. Mime']","['Venomoth', 'Charizard', 'Magneton', 'Kabutops', 'Mr. Mime', 'Blastoise']",39,13,10
gen1nu-2275242958,[Gen 1] NU,2025-01-05 03:50:51,,poliwhirl66423,bulletpunch83527,bulletpunch83527,False,"['Kingler', 'Seadra', 'Charizard', 'Exeggcute', 'Mr. Mime', 'Fearow']","['Venomoth', 'Charizard', 'Nidoking', 'Kabutops', 'Raticate', 'Mr. Mime']",30,8,8
smogtours-gen1nu-775917,[Gen 1] NU,2024-06-22 12:40:03,,aquaring89206,snubbull75943,aquaring89206,False,"['Venomoth', 'Charizard', 'Aerodactyl', 'Raticate', 'Poliwrath', 'Mr. Mime']","['Moltres', 'Venomoth', 'Charizard', 'Raticate', 'Mr. Mime', 'Blastoise']",30,12,13
gen1nu-2279447609,[Gen 1] NU,2025-01-12 02:42:33,,revenge71921,blizzard53783,blizzard53783,True,"['Seadra', 'Venomoth', 'Charizard', 'Raticate', 'Mr. Mime', 'Muk']","['Venomoth', 'Charizard', 'Nidoking', 'Kabutops', 'Mr. Mime']",23,10,5
smogtours-gen1nu-781441,[Gen 1] NU,2024-07-20 23:46:26,,aquaring89206,static36182,aquaring89206,False,"['Venomoth', 'Charizard', 'Aerodactyl', 'Raticate', 'Poliwrath', 'Mr. Mime']","['Moltres', 'Venomoth', 'Aerodactyl', 'Raticate', 'Mr. Mime', 'Blastoise']",34,12,11
smogtours-gen1nu-661060,[Gen 1] NU,2022-11-13 14:53:31,,noability19212,synthesis81323,noability19212,False,"['Staryu', 'Rapidash', 'Nidoqueen', 'Drowzee', 'Magmar']","['Vileplume', 'Rapidash', 'Omanyte', 'Nidoqueen', 'Seaking', 'Magmar']",37,5,9
gen1nu-2278243106,[Gen 1] NU,2025-01-10 01:48:21,,revenge71921,blizzard53783,blizzard53783,True,"['Scyther', 'Venomoth', 'Exeggcute', 'Kabutops', 'Mr. Mime', 'Slowpoke']","['Venomoth', 'Charizard', 'Nidoking', 'Raticate', 'Kabutops', 'Mr. Mime']",26,10,9
gen1nu-2075828783,[Gen 1] NU,2024-03-07 20:06:21,,ponyta53394,quickclaw83695,quickclaw83695,False,"['Charizard', 'Nidoking', 'Raticate', 'Poliwrath', 'Mr. Mime']","['Blastoise', 'Mr. Mime', 'Poliwhirl']",16,5,2
gen1nu-2369840538,[Gen 1] NU,2025-05-22 23:19:31,,acid56076,arceusghost7090,acid56076,False,"['Moltres', 'Venomoth', 'Magneton', 'Kabutops', 'Poliwrath', 'Mr. Mime']","['Charizard', 'Kabutops', 'Mr. Mime', 'Venusaur', 'Fearow', 'Blastoise']",48,20,20
gen1nu-2141794831,[Gen 1] NU,2024-06-12 10:36:53,,stoneplate55960,aquaring89206,aquaring89206,False,"['Charizard', 'Aerodactyl', 'Magneton', 'Raticate', 'Poliwhirl', 'Mr. Mime']","['Moltres', 'Kabutops', 'Poliwrath', 'Raticate', 'Mr. Mime', 'Fearow']",30,10,9
gen1nu-2050988220,[Gen 1] NU,2024-02-03 19:59:39,1000,kangaskhan44566,avalanche11368,kangaskhan44566,False,"['Moltres', 'Venomoth', 'Electrode', 'Kabutops', 'Mr. Mime']","['Scyther', 'Electrode', 'Wigglytuff', 'Golem', 'Clefable', 'Blastoise']",48,11,12
smogtours-gen1nu-826015,[Gen 1] NU,2025-03-20 23:24:20,,ledyba46914,wacanberry11962,wacanberry11962,False,"['Seadra', 'Moltres', 'Venomoth', 'Aerodactyl', 'Mr. Mime', 'Fearow']","['Arcanine', 'Kabutops', 'Poliwrath', 'Mr. Mime']",31,13,9
gen1nu-2275777797,[Gen 1] NU,2025-01-06 02:24:08,,revenge71921,bulletpunch83527,revenge71921,False,"['Kingler', 'Venomoth', 'Charizard', 'Wigglytuff', 'Mr. Mime', 'Blastoise']","['Golduck', 'Venomoth', 'Charizard', 'Aerodactyl', 'Raticate', 'Mr. Mime']",35,11,10
smogtours-gen1nu-665101,[Gen 1] NU,2022-12-15 20:30:36,,hustle11937,koffing28618,koffing28618,False,"['Staryu', 'Rapidash', 'Nidoqueen', 'Drowzee', 'Fearow', 'Gastly']","['Staryu', 'Vileplume', 'Rapidash', 'Pinsir', 'Omanyte', 'Nidoqueen']",56,15,23
smogtours-gen1nu-597322,[Gen 1] NU,2021-12-12 19:02:15,,psn38480,drowzee8791,drowzee8791,True,"['Kingler', 'Poliwhirl', 'Mr. Mime', 'Clefable', 'Blastoise']","['Nidoking', 'Poliwhirl', 'Clefable']",16,6,2
gen1nu-2193383752,[Gen 1] NU,2024-09-03 01:46:33,,razzberry64813,micleberry24246,razzberry64813,False,"['Venomoth', 'Aerodactyl', 'Magneton', 'Kabutops', 'Mr. Mime', 'Blastoise']","['Charizard', 'Magneton', 'Nidoking', 'Raticate', 'Poliwhirl', 'Mr. Mime']",47,19,14
gen1nu-2151056448,[Gen 1] NU,2024-06-27 16:12:49,,fissure61188,poisonpowder88566,poisonpowder88566,True,"['Venomoth', 'Charizard', 'Nidoking', 'Wigglytuff', 'Mr. Mime', 'Blastoise']","['Moltres', 'Charizard', 'Poliwrath', 'Mr. Mime', 'Arcanine']",25,12,7
gen1nu-2057675110,[Gen 1] NU,2024-02-12 16:34:23,1171,kangaskhan44566,cheriberry30798,kangaskhan44566,False,"['Golduck', 'Nidoking', 'Mr. Mime', 'Arcanine', 'Venusaur', 'Fearow']","['Kingler', 'Moltres', 'Venomoth', 'Raticate', 'Mr. Mime', 'Venusaur']",43,14,11
smogtours-gen1nu-807805,[Gen 1] NU,2024-11-24 21:25:21,,stoneplate55960,mudsport71981,mudsport71981,False,"['Venomoth', 'Charizard', 'Magneton', 'Raticate', 'Poliwrath', 'Mr. Mime']","['Moltres', 'Golduck', 'Venomoth', 'Poliwhirl', 'Mr. Mime', 'Fearow']",42,16,14
gen1nu-2280048936,[Gen 1] NU,2025-01-13 04:00:11,,mudsport71981,recover74685,mudsport71981,False,"['Moltres', 'Mr. Mime', 'Charizard', 'Dragonair']","['Moltres', 'Seadra', 'Venomoth', 'Charizard', 'Magneton', 'Mr. Mime']",29,6,7
smogtours-gen1nu-736580,[Gen 1] NU,2023-12-25 23:17:33,,waterfall8105,aurasphere76841,aurasphere76841,False,"['Moltres', 'Charizard', 'Mr. Mime', 'Clefable', 'Arcanine', 'Fearow']","['Venomoth', 'Charizard', 'Electrode', 'Mr. Mime', 'Clefable', 'Fearow']",27,6,5
gen1nu-2061143681,[Gen 1] NU,2024-02-17 01:24:33,1000,charm93530,sunkern50532,sunkern50532,False,"['Dragonair', 'Venusaur', 'Mr. Mime', 'Arcanine', 'Magmar', 'Blastoise']","['Venomoth', 'Charizard', 'Porygon', 'Aerodactyl', 'Lickitung']",37,12,10
gen1nu-2063876274,[Gen 1] NU,2024-02-20 21:12:05,1147,mismagius33077,dive84452,mismagius33077,False,"['Golduck', 'Mr. Mime', 'Magmar', 'Venomoth']","['Venomoth', 'Aerodactyl', 'Magneton', 'Nidoking', 'Mr. Mime', 'Blastoise']",27,3,9
gen1nu-2053403266,[Gen 1] NU,2024-02-06 22:29:49,1064,octazooka54975,calmmind8048,octazooka54975,False,"['Moltres', 'Venomoth', 'Mr. Mime', 'Lickitung', 'Clefable', 'Blastoise']","['Seadra', 'Venomoth', 'Raticate', 'Golem', 'Mr. Mime', 'Clefable']",31,9,9
smogtours-gen1nu-710388,[Gen 1] NU,2023-08-17 19:52:24,,habanberry18693,stench25210,habanberry18693,False,"['Venomoth', 'Charizard', 'Mr. Mime', 'Clefable', 'Blastoise']","['Charizard', 'Raticate', 'Mr. Mime', 'Clefable', 'Fearow', 'Blastoise']",40,9,15
smogtours-gen1nu-662892,[Gen 1] NU,2022-11-27 13:30:15,,lick25189,toxicplate32546,toxicplate32546,True,"['Rapidash', 'Seaking']","['Arcanine', 'Staryu']",7,1,1
smogtours-gen1nu-595476,[Gen 1] NU,2021-11-28 23:11:08,,encore90411,waterpulse35893,waterpulse35893,False,"['Charizard', 'Nidoking', 'Kabutops', 'Poliwhirl', 'Mr. Mime', 'Clefable']","['Venomoth', 'Charizard', 'Nidoking', 'Mr. Mime', 'Clefable', 'Blastoise']",35,10,11
smogtours-gen1nu-650645,[Gen 1] NU,2022-09-25 00:48:28,,honeygather86735,quagsire52408,honeygather86735,False,"['Wigglytuff', 'Poliwhirl', 'Golem', 'Mr. Mime', 'Clefable']","['Venomoth', 'Porygon', 'Pinsir', 'Nidoking', 'Mr. Mime', 'Blastoise']",26,5,9
gen1nu-2275824424,[Gen 1] NU,2025-01-06 04:13:14,,revenge71921,bulletpunch83527,revenge71921,False,"['Venomoth', 'Charizard', 'Wigglytuff', 'Mr. Mime', 'Blastoise']","['Venomoth', 'Charizard', 'Nidoking', 'Raticate', 'Kabutops', 'Mr. Mime']",24,6,6
smogtours-gen1nu-663814,[Gen 1] NU,2022-12-04 21:33:05,,typechange32750,luvdisc61803,typechange32750,True,"['Arcanine', 'Staryu', 'Rapidash', 'Gastly']","['Vileplume', 'Nidoqueen', 'Seaking', 'Arbok', 'Tentacool', 'Fearow']",27,10,17
smogtours-gen1nu-706182,[Gen 1] NU,2023-07-28 22:43:08,,jolteon92120,unknownability847,unknownability847,False,"['Seadra', 'Venomoth', 'Charizard', 'Mr. Mime', 'Clefable', 'Blastoise']","['Venomoth', 'Wigglytuff', 'Mr. Mime', 'Clefable', 'Blastoise']",31,8,5
smogtours-gen1nu-715220,[Gen 1] NU,2023-09-10 03:58:41,,mudsport71981,unknownability847,mudsport71981,False,"['Seadra', 'Venomoth', 'Nidoking', 'Mr. Mime', 'Clefable', 'Blastoise']","['Venomoth', 'Charizard', 'Electrode', 'Mr. Mime', 'Clefable', 'Blastoise']",34,9,10
smogtours-gen1nu-774617,[Gen 1] NU,2024-06-15 16:36:57,,frenzyplant87849,aurasphere76841,aurasphere76841,False,"['Moltres', 'Kabutops', 'Raticate', 'Poliwrath', 'Mr. Mime', 'Fearow']","['Venomoth', 'Charizard', 'Aerodactyl', 'Magneton', 'Raticate', 'Blastoise']",33,7,7
gen1nu-2278390335,[Gen 1] NU,2025-01-10 08:43:11,,revenge71921,blizzard53783,revenge71921,False,"['Scyther', 'Venomoth', 'Exeggcute', 'Kabutops', 'Mr. Mime', 'Slowpoke']","['Venomoth', 'Charizard', 'Nidoking', 'Raticate', 'Kabutops', 'Mr. Mime']",41,16,12
gen1nu-2141718301,[Gen 1] NU,2024-06-12 06:43:10,,mismagius33077,psncureberry16761,psncureberry16761,False,"['Golduck', 'Aerodactyl', 'Nidoking', 'Exeggcute', 'Mr. Mime', 'Magmar']","['Seadra', 'Exeggcute', 'Wigglytuff', 'Raticate', 'Mr. Mime', 'Magmar']",33,12,11
smogtours-gen1nu-779193,[Gen 1] NU,2024-07-08 11:54:03,,powerlens28906,frenzyplant87849,powerlens28906,False,"['Mr. Mime', 'Charizard', 'Raticate', 'Venomoth']","['Moltres', 'Venomoth', 'Charizard', 'Raticate', 'Kabutops', 'Mr. Mime']",26,5,7
smogtours-gen1nu-782049,[Gen 1] NU,2024-07-23 23:11:01,,poisonpowder88566,belueberry80725,poisonpowder88566,False,"['Seadra', 'Charizard', 'Aerodactyl', 'Raticate', 'Fearow', 'Gastly']","['Seadra', 'Golduck', 'Charizard', 'Kabutops', 'Mr. Mime', 'Venusaur']",42,16,18
smogtours-gen1nu-818114,[Gen 1] NU,2025-02-05 00:20:21,,magmortar19991,poisonpowder88566,poisonpowder88566,True,"['Magneton', 'Poliwrath', 'Graveler', 'Mr. Mime', 'Fearow']","['Moltres', 'Venomoth', 'Graveler', 'Mr. Mime', 'Fearow', 'Blastoise']",29,14,12
gen1nu-2139790531,[Gen 1] NU,2024-06-09 06:21:28,,spearow17079,diglett37152,diglett37152,False,"['Seadra', 'Moltres', 'Raticate', 'Venusaur', 'Mr. Mime', 'Magmar']","['Golduck', 'Charizard', 'Nidoqueen', 'Mr. Mime', 'Fearow']",36,11,11
gen1nu-2060942992,[Gen 1] NU,2024-02-16 19:46:00,1083,poisonpowder88566,mismagius33077,poisonpowder88566,False,"['Venomoth', 'Magneton', 'Dragonair', 'Mr. Mime', 'Arcanine', 'Blastoise']","['Moltres', 'Golduck', 'Venomoth', 'Aerodactyl', 'Mr. Mime', 'Magmar']",52,13,17
smogtours-gen1nu-786451,[Gen 1] NU,2024-08-18 21:17:06,,poisonpowder88566,splash22725,splash22725,False,"['Charizard', 'Kabutops', 'Poliwrath', 'Raticate', 'Mr. Mime', 'Fearow']","['Seadra', 'Moltres', 'Venomoth', 'Charizard', 'Kabutops', 'Fearow']",30,10,10
gen1nu-2054709712,[Gen 1] NU,2024-02-08 15:19:49,1000,bide81826,ingrain40138,bide81826,False,"['Golduck', 'Venomoth', 'Aerodactyl', 'Mr. Mime', 'Magmar']","['Seadra', 'Charizard', 'Porygon', 'Aerodactyl', 'Wigglytuff', 'Arbok']",27,6,9
smogtours-gen1nu-662513,[Gen 1] NU,2022-11-24 20:44:05,,hustle11937,lightclay48488,hustle11937,False,"['Rapidash', 'Omanyte', 'Nidoqueen', 'Seaking', 'Drowzee', 'Fearow']","['Staryu', 'Rapidash', 'Vileplume', 'Omanyte', 'Nidoqueen', 'Magmar']",28,11,12
smogtours-gen1nu-785870,[Gen 1] NU,2024-08-16 22:18:19,,healbell54317,recover74685,recover74685,True,"['Charizard', 'Aerodactyl', 'Raticate', 'Poliwrath', 'Poliwhirl', 'Mr. Mime']","['Seadra', 'Magneton', 'Arcanine', 'Venomoth']",28,7,4
smogtours-gen1nu-630961,[Gen 1] NU,2022-06-09 14:28:04,,seedot88254,adaptability45192,adaptability45192,True,"['Voltorb', 'Ivysaur', 'Meowth', 'Tentacool', 'Beedrill', 'Charmeleon']","['Rhyhorn', 'Hitmonchan', 'Ivysaur', 'Meowth', 'Tentacool', 'Charmeleon']",25,7,8
smogtours-gen1nu-663293,[Gen 1] NU,2022-11-30 20:19:17,,hustle11937,nomove62031,hustle11937,False,"['Sandslash', 'Nidoqueen', 'Seaking', 'Machamp', 'Drowzee']","['Rapidash', 'Omanyte', 'Nidoqueen', 'Seaking', 'Drowzee', 'Arcanine']",23,6,6
smogtours-gen1nu-720753,[Gen 1] NU,2023-10-01 14:15:28,,buneary57593,unknownability847,buneary57593,False,"['Seadra', 'Venomoth', 'Electrode', 'Mr. Mime', 'Clefable', 'Blastoise']","['Venomoth', 'Charizard', 'Wigglytuff', 'Mr. Mime', 'Clefable', 'Blastoise']",35,7,9
smogtours-gen1nu-663751,[Gen 1] NU,2022-12-04 19:45:36,,mudsport71981,deoxysdefense78874,mudsport71981,False,"['Kingler', 'Moltres', 'Venomoth', 'Mr. Mime', 'Clefable', 'Blastoise']","['Kingler', 'Charizard', 'Golem', 'Mr. Mime', 'Clefable', 'Blastoise']",30,6,8
gen1nu-2070758870,[Gen 1] NU,2024-03-01 01:44:36,,punishment38172,revenge71921,revenge71921,False,"['Golduck', 'Venomoth', 'Aerodactyl', 'Wigglytuff', 'Poliwrath', 'Mr. Mime']","['Charizard', 'Aerodactyl', 'Raticate', 'Mr. Mime', 'Parasect', 'Blastoise']",44,12,11
gen1nu-2282650204,[Gen 1] NU,2025-01-17 04:32:13,,revenge71921,blizzard53783,revenge71921,False,"['Venomoth', 'Charizard', 'Pinsir', 'Poliwrath', 'Mr. Mime', 'Arcanine']","['Venomoth', 'Charizard', 'Nidoking', 'Raticate', 'Kabutops', 'Mr. Mime']",29,10,10
smogtours-gen1nu-598316,[Gen 1] NU,2021-12-18 22:36:42,,waterpulse35893,synchronize14428,waterpulse35893,False,"['Charizard', 'Nidoking', 'Poliwhirl', 'Mr. Mime', 'Clefable', 'Blastoise']","['Ninetales', 'Charizard', 'Nidoking', 'Golem', 'Mr. Mime', 'Blastoise']",55,16,23
smogtours-gen1nu-628433,[Gen 1] NU,2022-05-28 04:57:12,,stick49496,seedot88254,stick49496,False,"['Rhyhorn', 'Hitmonchan', 'Ivysaur', 'Meowth', 'Tentacool', 'Charmeleon']","['Voltorb', 'Rhyhorn', 'Ivysaur', 'Meowth', 'Tentacool', 'Charmeleon']",45,15,12
smogtours-gen1nu-813402,[Gen 1] NU,2025-01-06 20:32:16,,vitalspirit41729,weepinbell75190,weepinbell75190,False,"['Seadra', 'Venomoth', 'Charizard', 'Graveler', 'Mr. Mime', 'Fearow']","['Venomoth', 'Charizard', 'Graveler', 'Poliwrath', 'Mr. Mime', 'Fearow']",22,8,8
smogtours-gen1nu-661565,[Gen 1] NU,2022-11-15 01:44:04,,simple96847,manaphy22907,simple96847,False,"['Rapidash', 'Pinsir', 'Nidoqueen', 'Magmar', 'Fearow', 'Gastly']","['Vileplume', 'Rapidash', 'Omanyte', 'Nidoqueen', 'Seaking', 'Fearow']",35,12,16
smogtours-gen1nu-737822,[Gen 1] NU,2024-01-06 21:27:51,,kangaskhan41867,aquaring89206,aquaring89206,False,"['Moltres', 'Venomoth', 'Electrode', 'Mr. Mime', 'Clefable', 'Blastoise']","['Seadra', 'Venomoth', 'Golem', 'Mr. Mime', 'Clefable', 'Blastoise']",38,9,12
gen1nu-2272505669,[Gen 1] NU,2024-12-31 07:46:00,,kangaskhan44566,revenge71921,revenge71921,True,"['Magneton', 'Sandslash', 'Lickitung', 'Mr. Mime', 'Arcanine', 'Fearow']","['Venomoth', 'Charizard', 'Magneton', 'Kabutops', 'Machamp', 'Mr. Mime']",34,13,10
smogtours-gen1nu-778917,[Gen 1] NU,2024-07-07 17:50:48,,golduck35019,mudsport71981,mudsport71981,False,"['Venomoth', 'Charizard', 'Aerodactyl', 'Raticate', 'Mr. Mime', 'Fearow']","['Moltres', 'Magneton', 'Arcanine', 'Charizard']",22,8,5
violetversion-gen1nu-2926,[Gen 1] NU,2017-01-01 21:57:25,,ddenpowerfire30449,armthrust70480,armthrust70480,True,"['Venomoth', 'Porygon', 'Electrode', 'Nidoking', 'Slowpoke', 'Blastoise']","['Staryu', 'Porygon', 'Nidoking', 'Drowzee', 'Slowpoke', 'Abra']",31,12,8
gen1nu-2276445304,[Gen 1] NU,2025-01-07 05:05:04,,revenge71921,bulletpunch83527,bulletpunch83527,True,"['Seadra', 'Venomoth', 'Charizard', 'Magneton', 'Seaking']","['Venomoth', 'Charizard', 'Poliwrath', 'Mr. Mime', 'Arcanine']",19,4,5
smogtours-gen1nu-602158,[Gen 1] NU,2022-01-13 21:16:05,,spiderweb27115,waterpulse35893,waterpulse35893,False,"['Charizard', 'Nidoking', 'Poliwhirl', 'Mr. Mime', 'Clefable', 'Blastoise']","['Venomoth', 'Charizard', 'Kabutops', 'Poliwhirl', 'Mr. Mime', 'Clefable']",31,11,7
gen1nu-2274656895,[Gen 1] NU,2025-01-04 02:55:35,,poliwhirl66423,bulletpunch83527,bulletpunch83527,True,"['Rapidash', 'Aerodactyl', 'Wigglytuff', 'Poliwrath', 'Mr. Mime', 'Venusaur']","['Seadra', 'Charizard', 'Kabutops', 'Mr. Mime', 'Venusaur']",36,9,9
smogtours-gen1nu-775511,[Gen 1] NU,2024-06-17 23:07:49,,ponyta53394,aerodactyl86215,aerodactyl86215,True,"['Venomoth', 'Charizard', 'Aerodactyl', 'Magneton', 'Mr. Mime', 'Blastoise']","['Moltres', 'Golduck', 'Aerodactyl', 'Nidoking', 'Raticate', 'Mr. Mime']",25,9,6
smogtours-gen1nu-665094,[Gen 1] NU,2022-12-15 19:10:59,,golduck35019,deoxysdefense78874,deoxysdefense78874,False,"['Venomoth', 'Charizard', 'Mr. Mime', 'Clefable', 'Fearow', 'Blastoise']","['Charizard', 'Golem', 'Mr. Mime', 'Clefable', 'Blastoise']",35,10,8
gen1nu-2275888267,[Gen 1] NU,2025-01-06 08:00:10,,revenge71921,bulletpunch83527,revenge71921,True,"['Kingler', 'Seadra', 'Charizard', 'Exeggcute', 'Mr. Mime', 'Fearow']","['Venomoth', 'Charizard', 'Raticate', 'Kabutops', 'Mr. Mime']",27,10,9
smogtours-gen1nu-600577,[Gen 1] NU,2022-01-05 19:46:17,,meditate33036,waterpulse35893,meditate33036,False,"['Moltres', 'Charizard', 'Kabutops', 'Poliwhirl', 'Mr. Mime', 'Clefable']","['Venomoth', 'Nidoking', 'Kabutops', 'Poliwhirl', 'Mr. Mime', 'Clefable']",29,7,9
gen1nu-2272459790,[Gen 1] NU,2024-12-31 05:17:55,,revenge71921,bulletpunch83527,revenge71921,False,"['Kingler', 'Seadra', 'Charizard', 'Exeggcute', 'Fearow']","['Venomoth', 'Charizard', 'Nidoking', 'Kabutops', 'Raticate', 'Mr. Mime']",22,4,9
smogtours-gen1nu-662460,[Gen 1] NU,2022-11-23 19:20:29,,kangaskhan41867,oblivious21505,kangaskhan41867,False,"['Staryu', 'Pinsir', 'Omanyte', 'Nidoqueen', 'Drowzee', 'Slowpoke']","['Staryu', 'Rapidash', 'Vileplume', 'Omanyte', 'Nidoqueen', 'Magmar']",59,20,19
smogtours-gen1nu-648649,[Gen 1] NU,2022-09-17 20:39:59,,whiscash85390,rotomfan35023,whiscash85390,False,"['Charizard', 'Nidoking', 'Poliwhirl', 'Mr. Mime', 'Clefable', 'Blastoise']","['Kingler', 'Charizard', 'Poliwhirl', 'Golem', 'Mr. Mime', 'Clefable']",38,18,11
gen1nu-2054326080,[Gen 1] NU,2024-02-08 01:40:28,1000,kangaskhan44566,mismagius33077,kangaskhan44566,False,"['Golduck', 'Nidoking', 'Mr. Mime', 'Arcanine', 'Venusaur', 'Fearow']","['Kingler', 'Rapidash', 'Aerodactyl', 'Venusaur', 'Mr. Mime', 'Magmar']",31,7,9
gen1nu-2144710703,[Gen 1] NU,2024-06-17 02:43:00,,mismagius33077,kangaskhan44566,kangaskhan44566,False,"['Seadra', 'Exeggcute', 'Wigglytuff', 'Graveler', 'Mr. Mime', 'Magmar']","['Charizard', 'Magneton', 'Exeggcute', 'Raticate', 'Mr. Mime', 'Primeape']",37,8,10
smogtours-gen1nu-734375,[Gen 1] NU,2023-12-09 19:23:49,,kangaskhan41867,mudsport71981,kangaskhan41867,False,"['Seadra', 'Charizard', 'Electrode', 'Raticate', 'Mr. Mime', 'Arcanine']","['Venomoth', 'Electrode', 'Raticate', 'Mr. Mime', 'Clefable', 'Arcanine']",33,15,11
gen1nu-2278280223,[Gen 1] NU,2025-01-10 03:13:35,,revenge71921,blizzard53783,revenge71921,False,"['Venomoth', 'Exeggcute', 'Kabutops', 'Mr. Mime', 'Slowpoke']","['Venomoth', 'Charizard', 'Nidoking', 'Raticate', 'Kabutops', 'Mr. Mime']",28,6,7
smogtours-gen1nu-813974,[Gen 1] NU,2025-01-12 20:09:37,,bulletseed19358,wingattack30461,bulletseed19358,False,"['Charizard', 'Poliwrath', 'Mr. Mime', 'Arcanine', 'Fearow']","['Moltres', 'Venomoth', 'Charizard', 'Kabutops', 'Poliwrath', 'Mr. Mime']",31,11,12
gen1nu-2060402349,[Gen 1] NU,2024-02-16 02:15:50,,rollout94469,punishment38172,punishment38172,False,"['Moltres', 'Exeggcute', 'Wigglytuff', 'Poliwrath', 'Mr. Mime', 'Golbat']","['Golduck', 'Venomoth', 'Charizard', 'Porygon', 'Nidoking', 'Mr. Mime']",42,7,9
smogtours-gen1nu-844556,[Gen 1] NU,2025-05-22 01:45:56,,silcoon20595,poisonpowder88566,poisonpowder88566,False,"['Venomoth', 'Charizard', 'Magneton', 'Mr. Mime', 'Fearow', 'Blastoise']","['Moltres', 'Charizard', 'Raticate', 'Poliwrath', 'Mr. Mime', 'Arcanine']",27,11,8
smogtours-gen1nu-741770,[Gen 1] NU,2024-01-26 14:32:39,,waterfall8105,weezing40879,waterfall8105,False,"['Seadra', 'Charizard', 'Raticate', 'Mr. Mime', 'Clefable', 'Fearow']","['Charizard', 'Mr. Mime', 'Clefable', 'Arcanine', 'Fearow', 'Blastoise']",31,6,7
smogtours-gen1nu-740209,[Gen 1] NU,2024-01-20 16:56:14,,golduck35019,quickclaw83695,golduck35019,False,"['Venomoth', 'Wigglytuff', 'Mr. Mime', 'Clefable', 'Blastoise']","['Seadra', 'Charizard', 'Electrode', 'Mr. Mime', 'Clefable', 'Blastoise']",32,6,8
smogtours-gen1nu-780929,[Gen 1] NU,2024-07-18 23:00:49,,aquaring89206,aurasphere76841,aurasphere76841,False,"['Moltres', 'Venomoth', 'Charizard', 'Poliwrath', 'Mr. Mime', 'Arcanine']","['Charizard', 'Magneton', 'Raticate', 'Poliwrath', 'Mr. Mime', 'Blastoise']",26,9,7
gen1nu-2061489467,[Gen 1] NU,2024-02-17 15:48:24,1000,regice84547,sunkern50532,sunkern50532,False,"['Moltres', 'Charizard', 'Aerodactyl', 'Pikachu', 'Venusaur', 'Blastoise']","['Venomoth', 'Charizard', 'Porygon', 'Aerodactyl', 'Lickitung', 'Mr. Mime']",42,10,8
gen1nu-2276507353,[Gen 1] NU,2025-01-07 08:31:43,,revenge71921,bulletpunch83527,bulletpunch83527,True,"['Seadra', 'Venomoth', 'Charizard', 'Magneton', 'Seaking', 'Mr. Mime']","['Venomoth', 'Charizard', 'Nidoking', 'Raticate', 'Kabutops', 'Mr. Mime']",26,10,10
smogtours-gen1nu-662621,[Gen 1] NU,2022-11-26 01:53:59,,icywind98531,ponyta53394,icywind98531,False,"['Staryu', 'Rapidash', 'Pinsir', 'Graveler', 'Arcanine']","['Rapidash', 'Poliwag', 'Sandslash', 'Omanyte', 'Dragonair', 'Nidoqueen']",38,19,9
gen1nu-2276470513,[Gen 1] NU,2025-01-07 06:27:14,,revenge71921,bulletpunch83527,revenge71921,True,"['Rapidash', 'Aerodactyl', 'Wigglytuff', 'Poliwrath', 'Mr. Mime', 'Venusaur']","['Venomoth', 'Charizard', 'Nidoking', 'Kabutops', 'Raticate', 'Mr. Mime']",43,11,14
smogtours-gen1nu-645656,[Gen 1] NU,2022-08-28 22:18:37,,enpowerflying39776,cascoon94634,cascoon94634,False,"['Charizard', 'Exeggcute', 'Golem', 'Mr. Mime', 'Clefable', 'Blastoise']","['Venomoth', 'Charizard', 'Golem', 'Mr. Mime', 'Clefable', 'Blastoise']",57,14,15
gen1nu-2271819882,[Gen 1] NU,2024-12-30 02:17:05,,revenge71921,bulletpunch83527,revenge71921,True,"['Golduck', 'Venomoth', 'Aerodactyl', 'Nidoking', 'Mr. Mime', 'Magmar']","['Venomoth', 'Charizard', 'Nidoking', 'Raticate', 'Kabutops', 'Mr. Mime']",31,7,10
gen1nu-2278382122,[Gen 1] NU,2025-01-10 08:13:02,,revenge71921,blizzard53783,blizzard53783,True,"['Scyther', 'Venomoth', 'Exeggcute', 'Kabutops', 'Mr. Mime', 'Slowpoke']","['Charizard', 'Raticate', 'Blastoise', 'Mr. Mime', 'Gastly']",24,9,5
gen1nu-2050938841,[Gen 1] NU,2024-02-03 18:30:52,1000,rhydon25287,stoneplate49551,rhydon25287,False,"['Venomoth', 'Charizard', 'Golem', 'Mr. Mime', 'Blastoise']","['Moltres', 'Charizard', 'Wigglytuff', 'Kabutops', 'Weezing', 'Blastoise']",24,7,6
smogtours-gen1nu-786447,[Gen 1] NU,2024-08-18 21:08:42,,poisonpowder88566,splash22725,splash22725,False,"['Seadra', 'Moltres', 'Charizard', 'Poliwrath', 'Mr. Mime', 'Arcanine']","['Seadra', 'Moltres', 'Venomoth', 'Charizard', 'Magneton', 'Raticate']",52,23,6
gen1nu-2160478210,[Gen 1] NU,2024-07-13 23:53:17,,poliwrath3176,aquajet31035,aquajet31035,False,"['Venomoth', 'Aerodactyl', 'Raticate', 'Kabutops', 'Poliwrath', 'Mr. Mime']","['Moltres', 'Venomoth', 'Aerodactyl', 'Raticate', 'Mr. Mime', 'Fearow']",28,11,9
smogtours-gen1nu-817361,[Gen 1] NU,2025-02-01 20:18:01,,aquaring89206,needlearm59980,needlearm59980,False,"['Charizard', 'Magneton', 'Kabutops', 'Poliwrath', 'Mr. Mime', 'Abra']","['Venomoth', 'Charizard', 'Gastly', 'Graveler', 'Mr. Mime', 'Blastoise']",40,12,14
smogtours-gen1nu-791102,[Gen 1] NU,2024-09-15 22:51:06,,shinystone44310,victreebel55835,shinystone44310,False,"['Kabutops', 'Poliwrath', 'Mr. Mime', 'Arcanine', 'Venusaur']","['Venomoth', 'Charizard', 'Aerodactyl', 'Raticate', 'Poliwrath', 'Mr. Mime']",29,8,11
smogtours-gen1nu-743012,[Gen 1] NU,2024-01-28 20:03:52,,golduck35019,splash22725,golduck35019,False,"['Charizard', 'Electrode', 'Raticate', 'Mr. Mime', 'Clefable']","['Moltres', 'Venomoth', 'Raticate', 'Mr. Mime', 'Clefable', 'Blastoise']",33,9,9
smogtours-gen1nu-678221,[Gen 1] NU,2023-03-04 20:46:52,,mudsport71981,cascoon94634,cascoon94634,False,"['Venomoth', 'Charizard', 'Golem', 'Mr. Mime', 'Clefable', 'Blastoise']","['Seadra', 'Venomoth', 'Charizard', 'Mr. Mime', 'Clefable', 'Blastoise']",39,11,10
smogtours-gen1nu-663000,[Gen 1] NU,2022-11-27 20:03:35,,deoxysdefense78874,darkvoid39103,deoxysdefense78874,False,"['Moltres', 'Charizard', 'Exeggcute', 'Mr. Mime', 'Clefable', 'Blastoise']","['Charizard', 'Exeggcute', 'Kabutops', 'Mr. Mime', 'Clefable', 'Blastoise']",54,24,11
gen1nu-2064420820,[Gen 1] NU,2024-02-21 15:43:20,1000,toxicspikes7752,rollout94469,rollout94469,False,"['Charizard', 'Nidoking', 'Dragonair', 'Mr. Mime', 'Venusaur', 'Blastoise']","['Moltres', 'Exeggcute', 'Wigglytuff', 'Poliwrath', 'Mr. Mime', 'Golbat']",40,12,13
smogtours-gen1nu-748796,[Gen 1] NU,2024-02-19 21:39:32,,stoneplate55960,rattata90247,rattata90247,False,"['Venomoth', 'Charizard', 'Raticate', 'Mr. Mime', 'Arcanine', 'Blastoise']","['Seadra', 'Aerodactyl', 'Raticate', 'Kabutops', 'Mr. Mime']",26,5,7
smogtours-gen1nu-600542,[Gen 1] NU,2022-01-04 16:09:27,,spiderweb27115,encore90411,encore90411,False,"['Ninetales', 'Charizard', 'Nidoking', 'Mr. Mime', 'Clefable', 'Blastoise']","['Charizard', 'Kabutops', 'Poliwhirl', 'Mr. Mime', 'Clefable']",30,9,6
smogtours-gen1nu-775926,[Gen 1] NU,2024-06-22 13:31:25,,bide85657,aurasphere76841,aurasphere76841,False,"['Scyther', 'Venomoth', 'Staryu', 'Omastar', 'Nidoking', 'Abra']","['Venomoth', 'Electrode', 'Nidoking', 'Arcanine', 'Blastoise']",34,14,10
smogtours-gen1nu-706167,[Gen 1] NU,2023-07-28 22:19:15,,unknownability847,jolteon92120,unknownability847,False,"['Seadra', 'Venomoth', 'Charizard', 'Mr. Mime', 'Clefable', 'Blastoise']","['Seadra', 'Venomoth', 'Charizard', 'Mr. Mime', 'Clefable', 'Blastoise']",37,10,10
gen1nu-2160754699,[Gen 1] NU,2024-07-14 14:04:12,,fissure61188,denpowerghost39436,fissure61188,False,"['Venomoth', 'Charizard', 'Nidoking', 'Wigglytuff', 'Mr. Mime', 'Blastoise']","['Moltres', 'Seadra', 'Venomoth', 'Charizard', 'Raticate', 'Mr. Mime']",36,10,5
smogtours-gen1nu-589364,[Gen 1] NU,2021-10-29 19:43:11,,taunt17457,encore90411,encore90411,False,"['Nidoking', 'Kabutops', 'Poliwhirl', 'Mr. Mime', 'Clefable', 'Blastoise']","['Kingler', 'Venomoth', 'Charizard', 'Mr. Mime', 'Clefable']",33,9,7
smogtours-gen1nu-740101,[Gen 1] NU,2024-01-20 02:18:27,,aquaring89206,recover74685,recover74685,False,"['Seadra', 'Venomoth', 'Charizard', 'Electrode', 'Mr. Mime', 'Clefable']","['Moltres', 'Venomoth', 'Electrode', 'Mr. Mime', 'Clefable', 'Blastoise']",45,13,14
gen1nu-2274631671,[Gen 1] NU,2025-01-04 01:58:42,,poliwhirl66423,bulletpunch83527,poliwhirl66423,False,"['Pidgeot', 'Charizard', 'Kabutops', 'Poliwrath', 'Mr. Mime', 'Parasect']","['Venomoth', 'Charizard', 'Nidoking', 'Raticate', 'Kabutops', 'Mr. Mime']",38,9,14
smogtours-gen1nu-720649,[Gen 1] NU,2023-10-01 01:26:06,,rotomfan35023,jolteon92120,jolteon92120,False,"['Venomoth', 'Charizard', 'Magneton', 'Mr. Mime', 'Clefable', 'Blastoise']","['Seadra', 'Venomoth', 'Charizard', 'Mr. Mime', 'Clefable', 'Blastoise']",25,10,10
gen1nu-2061127502,[Gen 1] NU,2024-02-17 00:52:50,1055,sunkern50532,turtwig21415,turtwig21415,False,"['Venomoth', 'Charizard', 'Porygon', 'Aerodactyl', 'Lickitung', 'Mr. Mime']","['Moltres', 'Venomoth', 'Aerodactyl', 'Wigglytuff', 'Raticate', 'Mr. Mime']",31,7,7
gen1nu-2275861443,[Gen 1] NU,2025-01-06 06:01:59,,revenge71921,bulletpunch83527,revenge71921,False,"['Golduck', 'Venomoth', 'Aerodactyl', 'Mr. Mime', 'Magmar']","['Venomoth', 'Charizard', 'Nidoking', 'Raticate', 'Kabutops', 'Mr. Mime']",31,8,11
smogtours-gen1nu-681218,[Gen 1] NU,2023-03-18 17:03:09,,truant84021,jolteon92120,jolteon92120,False,"['Venomoth', 'Charizard', 'Nidoking', 'Mr. Mime', 'Clefable', 'Blastoise']","['Venomoth', 'Charizard', 'Nidoking', 'Mr. Mime', 'Clefable', 'Blastoise']",35,14,6
smogtours-gen1nu-840631,[Gen 1] NU,2025-05-09 20:33:55,,gastly57717,magnetbomb36798,gastly57717,False,"['Charizard', 'Magneton', 'Poliwrath', 'Mr. Mime', 'Fearow']","['Moltres', 'Charizard', 'Raticate', 'Poliwrath', 'Mr. Mime', 'Blastoise']",31,6,10
gen1nu-2278317585,[Gen 1] NU,2025-01-10 04:54:06,,revenge71921,blizzard53783,revenge71921,False,"['Scyther', 'Venomoth', 'Exeggcute', 'Kabutops', 'Slowpoke']","['Venomoth', 'Charizard', 'Nidoking', 'Kabutops', 'Raticate', 'Mr. Mime']",29,8,11
smogtours-gen1nu-819802,[Gen 1] NU,2025-02-14 21:26:06,,poisonpowder88566,ponyta53394,ponyta53394,False,"['Magneton', 'Poliwrath', 'Graveler', 'Poliwhirl', 'Mr. Mime', 'Fearow']","['Seadra', 'Venomoth', 'Charizard', 'Mr. Mime', 'Fearow', 'Blastoise']",37,16,15
gen1nu-2280814412,[Gen 1] NU,2025-01-14 10:07:20,,revenge71921,kabutops67963,kabutops67963,True,['Charizard'],"['Venomoth', 'Charizard']",5,0,1
smogtours-gen1nu-665175,[Gen 1] NU,2022-12-17 01:48:16,,mareep93864,arceusghost8496,arceusghost8496,True,"['Rapidash', 'Nidoqueen', 'Seaking', 'Drowzee', 'Arcanine', 'Fearow']","['Staryu', 'Poliwag', 'Omanyte', 'Nidoqueen', 'Seaking', 'Slowpoke']",37,11,13
smogtours-gen1nu-642229,[Gen 1] NU,2022-08-07 01:10:55,,honeygather86735,enpowerflying39776,honeygather86735,False,"['Voltorb', 'Rhyhorn', 'Tentacool', 'Gloom', 'Charmeleon']","['Ivysaur', 'Clefairy', 'Tentacool', 'Meowth', 'Charmeleon', 'Golbat']",31,8,8
smogtours-gen1nu-810975,[Gen 1] NU,2024-12-20 03:36:31,,wacanberry11962,ponyta53394,ponyta53394,True,"['Seadra', 'Charizard', 'Magneton', 'Nidoking', 'Poliwrath', 'Mr. Mime']","['Venomoth', 'Charizard', 'Aerodactyl', 'Poliwrath', 'Mr. Mime', 'Arcanine']",38,11,12
gen1nu-2278274445,[Gen 1] NU,2025-01-10 03:02:07,,revenge71921,blizzard53783,blizzard53783,False,"['Scyther', 'Venomoth', 'Exeggcute', 'Kabutops', 'Mr. Mime', 'Slowpoke']","['Venomoth', 'Charizard', 'Nidoking', 'Raticate', 'Kabutops', 'Mr. Mime']",29,9,10
gen1nu-2160980385,[Gen 1] NU,2024-07-14 22:29:17,,punishment38172,bide81826,punishment38172,False,"['Venomoth', 'Aerodactyl', 'Raticate', 'Mr. Mime', 'Arcanine', 'Blastoise']","['Seadra', 'Exeggcute', 'Wigglytuff', 'Raticate', 'Mr. Mime', 'Magmar']",34,8,5
gen1nu-2275186539,[Gen 1] NU,2025-01-05 01:43:53,,poliwhirl66423,bulletpunch83527,bulletpunch83527,True,"['Rapidash', 'Aerodactyl', 'Wigglytuff', 'Poliwrath', 'Mr. Mime', 'Venusaur']","['Moltres', 'Venomoth', 'Charizard', 'Poliwrath', 'Mr. Mime', 'Arcanine']",52,14,16
gen1nu-2212600787,[Gen 1] NU,2024-09-30 05:14:32,,mismagius33077,flash82357,flash82357,False,"['Seadra', 'Exeggcute', 'Wigglytuff', 'Raticate', 'Graveler', 'Mr. Mime']","['Golduck', 'Venomoth', 'Charizard', 'Nidoqueen', 'Mr. Mime']",31,8,6
gen1nu-2271839265,[Gen 1] NU,2024-12-30 03:02:31,,revenge71921,bulletpunch83527,revenge71921,False,"['Venomoth', 'Charizard', 'Kabutops', 'Machamp', 'Mr. Mime']","['Venomoth', 'Charizard', 'Nidoking', 'Raticate', 'Kabutops', 'Mr. Mime']",19,4,6
gen1nu-2056514937,[Gen 1] NU,2024-02-10 23:25:57,1000,skiploom61486,omastar20158,omastar20158,False,"['Kingler', 'Seadra', 'Moltres', 'Charizard', 'Nidoking', 'Poliwrath']","['Blastoise', 'Mr. Mime', 'Charizard', 'Flareon']",20,6,3
smogtours-gen1nu-729651,[Gen 1] NU,2023-11-10 03:25:21,,kangaskhan41867,jolteon92120,jolteon92120,False,"['Moltres', 'Venomoth', 'Charizard', 'Porygon', 'Mr. Mime', 'Clefable']","['Venomoth', 'Charizard', 'Electrode', 'Mr. Mime', 'Clefable', 'Blastoise']",57,8,5
smogtours-gen1nu-587820,[Gen 1] NU,2021-10-19 01:45:56,,taunt17457,psn38480,psn38480,False,"['Moltres', 'Kabutops', 'Blastoise', 'Mr. Mime', 'Clefable', 'Gastly']","['Moltres', 'Charizard', 'Nidoking', 'Mr. Mime', 'Clefable', 'Blastoise']",66,30,14
smogtours-gen1nu-715213,[Gen 1] NU,2023-09-10 03:49:44,,unknownability847,mudsport71981,unknownability847,False,"['Charizard', 'Nidoking', 'Mr. Mime', 'Clefable', 'Fearow', 'Blastoise']","['Venomoth', 'Charizard', 'Wigglytuff', 'Mr. Mime', 'Clefable', 'Blastoise']",33,12,8
gen1nu-2060442474,[Gen 1] NU,2024-02-16 03:25:24,,punishment38172,hypervoice57011,punishment38172,False,"['Moltres', 'Golduck', 'Nidoking', 'Raticate', 'Mr. Mime', 'Victreebel']","['Charizard', 'Magneton', 'Nidoking', 'Mr. Mime', 'Venusaur', 'Blastoise']",41,12,17
smogtours-gen1nu-824619,[Gen 1] NU,2025-03-13 16:23:45,,machpunch62379,hypno24553,hypno24553,False,"['Moltres', 'Charizard', 'Poliwrath', 'Mr. Mime', 'Fearow', 'Gastly']","['Venomoth', 'Charizard', 'Magneton', 'Mr. Mime', 'Fearow', 'Blastoise']",30,12,7
smogtours-gen1nu-779252,[Gen 1] NU,2024-07-08 17:47:35,,gastrodon26689,static36182,gastrodon26689,False,"['Seadra', 'Venomoth', 'Aerodactyl', 'Raticate', 'Poliwrath', 'Mr. Mime']","['Moltres', 'Kabutops', 'Poliwrath', 'Mr. Mime', 'Arcanine', 'Venusaur']",37,14,13
smogtours-gen1nu-786460,[Gen 1] NU,2024-08-18 21:24:34,,poisonpowder88566,splash22725,splash22725,True,"['Seadra', 'Charizard', 'Mr. Mime', 'Venusaur', 'Fearow']","['Seadra', 'Moltres', 'Charizard', 'Mr. Mime', 'Fearow']",19,5,7
smogtours-gen1nu-701603,[Gen 1] NU,2023-07-07 23:48:20,,simple96847,kangaskhan41867,kangaskhan41867,False,"['Venomoth', 'Charizard', 'Golem', 'Mr. Mime', 'Clefable', 'Blastoise']","['Venomoth', 'Charizard', 'Nidoking', 'Mr. Mime', 'Clefable', 'Blastoise']",35,11,12
gen1nu-2058392179,[Gen 1] NU,2024-02-13 14:48:54,1000,present11303,stoneplate55960,stoneplate55960,True,"['Venomoth', 'Charizard', 'Magneton', 'Raticate', 'Mr. Mime', 'Blastoise']","['Charizard', 'Aerodactyl', 'Raticate', 'Poliwrath', 'Mr. Mime']",23,10,6
gen1nu-2277044745,[Gen 1] NU,2025-01-08 04:10:00,,revenge71921,bulletpunch83527,bulletpunch83527,True,"['Charizard', 'Exeggcute', 'Wigglytuff', 'Magmar', 'Blastoise']","['Venomoth', 'Charizard', 'Kabutops']",20,6,4
smogtours-gen1nu-817773,[Gen 1] NU,2025-02-02 22:07:30,,ddenpowerdark55312,bulletseed19358,ddenpowerdark55312,False,"['Moltres', 'Seadra', 'Raticate', 'Poliwrath', 'Mr. Mime']","['Venomoth', 'Charizard', 'Aerodactyl', 'Mr. Mime', 'Arcanine', 'Blastoise']",22,5,9
smogtours-gen1nu-599567,[Gen 1] NU,2021-12-29 21:52:43,,drowzee8791,waterpulse35893,waterpulse35893,True,"['Ninetales', 'Poliwhirl', 'Golem', 'Mr. Mime', 'Clefable']","['Kabutops', 'Porygon', 'Poliwhirl', 'Clefable']",55,12,9
smogtours-gen1nu-705071,[Gen 1] NU,2023-07-23 14:17:02,,unknownability847,fissure61188,unknownability847,True,"['Venomoth', 'Charizard', 'Nidoking', 'Mr. Mime', 'Clefable', 'Blastoise']","['Venomoth', 'Charizard', 'Electrode', 'Mr. Mime', 'Clefable', 'Blastoise']",31,11,11
smogtours-gen1nu-779255,[Gen 1] NU,2024-07-08 17:52:46,,stoneplate55960,poisonpowder88566,poisonpowder88566,False,"['Venomoth', 'Charizard', 'Aerodactyl', 'Magneton', 'Mr. Mime', 'Blastoise']","['Seadra', 'Charizard', 'Aerodactyl', 'Raticate', 'Fearow', 'Gastly']",28,9,10
smogtours-gen1nu-814058,[Gen 1] NU,2025-01-12 23:53:40,,weepinbell75190,ddenpowerdark55312,ddenpowerdark55312,True,"['Seadra', 'Venomoth', 'Charizard', 'Aerodactyl', 'Poliwrath', 'Mr. Mime']","['Moltres', 'Porygon', 'Raticate', 'Poliwrath', 'Mr. Mime', 'Fearow']",34,16,12
gen1nu-2280816061,[Gen 1] NU,2025-01-14 10:15:41,,revenge71921,kabutops67963,revenge71921,False,"['Seadra', 'Venomoth', 'Charizard', 'Magneton', 'Seaking', 'Mr. Mime']","['Venomoth', 'Charizard', 'Nidoking', 'Raticate', 'Kabutops', 'Mr. Mime']",35,11,11
gen1nu-2274600114,[Gen 1] NU,2025-01-04 00:48:43,,poliwhirl66423,bulletpunch83527,bulletpunch83527,True,"['Pidgeot', 'Charizard', 'Kabutops', 'Poliwrath', 'Mr. Mime', 'Parasect']","['Charizard', 'Aerodactyl', 'Gastly', 'Mr. Mime', 'Blastoise']",30,8,7
gen1nu-2145349503,[Gen 1] NU,2024-06-18 02:39:54,,mismagius33077,sunkern50532,sunkern50532,False,"['Seadra', 'Exeggcute', 'Wigglytuff', 'Graveler', 'Mr. Mime', 'Magmar']","['Venomoth', 'Charizard', 'Aerodactyl', 'Raticate', 'Mr. Mime', 'Blastoise']",33,7,8
smogtours-gen1nu-842974,[Gen 1] NU,2025-05-16 23:38:13,,deoxysattack50804,ponyta53394,ponyta53394,True,"['Venomoth', 'Charizard', 'Magneton', 'Graveler', 'Mr. Mime', 'Fearow']","['Seadra', 'Venomoth', 'Charizard', 'Graveler', 'Mr. Mime', 'Blastoise']",42,14,11
smogtours-gen1nu-652639,[Gen 1] NU,2022-10-02 20:02:03,,manaphy22907,deoxysdefense78874,deoxysdefense78874,True,"['Kingler', 'Charizard', 'Mr. Mime', 'Clefable', 'Blastoise']","['Seadra', 'Charizard', 'Mr. Mime', 'Clefable', 'Blastoise']",22,6,4
smogtours-gen1nu-822238,[Gen 1] NU,2025-02-27 01:10:46,,poisonpowder88566,magmortar19991,magmortar19991,False,"['Golduck', 'Venomoth', 'Magneton', 'Kabutops', 'Poliwrath', 'Mr. Mime']","['Moltres', 'Venomoth', 'Magneton', 'Raticate', 'Graveler', 'Blastoise']",31,14,11
gen1nu-2066373577,[Gen 1] NU,2024-02-24 02:50:49,1195,mismagius33077,cheriberry30798,mismagius33077,True,"['Golduck', 'Venomoth', 'Aerodactyl', 'Mr. Mime', 'Magmar']","['Moltres', 'Venomoth', 'Aerodactyl', 'Raticate', 'Mr. Mime', 'Venusaur']",24,6,8
smogtours-gen1nu-790509,[Gen 1] NU,2024-09-14 10:33:46,,rockincense95991,jynx88656,jynx88656,False,"['Moltres', 'Venomoth', 'Charizard', 'Aerodactyl', 'Raticate', 'Mr. Mime']","['Seadra', 'Venomoth', 'Charizard', 'Mr. Mime', 'Fearow', 'Blastoise']",27,10,9
gen1nu-2060477737,[Gen 1] NU,2024-02-16 04:35:05,1055,mismagius33077,punishment38172,mismagius33077,False,"['Moltres', 'Golduck', 'Venomoth', 'Aerodactyl', 'Mr. Mime', 'Magmar']","['Golduck', 'Charizard', 'Wigglytuff', 'Mr. Mime', 'Venusaur', 'Blastoise']",48,6,12
gen1nu-2050569928,[Gen 1] NU,2024-02-03 03:38:56,,fling62385,powerfighting24473,fling62385,False,"['Nidoking', 'Electrode', 'Charizard', 'Kabutops']","['Venomoth', 'Charizard', 'Golem', 'Mr. Mime', 'Clefable', 'Blastoise']",20,4,9
gen1nu-2277073806,[Gen 1] NU,2025-01-08 05:32:38,,revenge71921,bulletpunch83527,revenge71921,True,"['Magmar', 'Wigglytuff', 'Blastoise']","['Moltres', 'Kabutops', 'Poliwrath', 'Arcanine', 'Venusaur']",26,4,7
gen1nu-2051199265,[Gen 1] NU,2024-02-04 02:21:13,1049,paras6314,thundershock67549,thundershock67549,False,"['Seadra', 'Venomoth', 'Golem', 'Mr. Mime', 'Clefable', 'Blastoise']","['Exeggcute', 'Wigglytuff', 'Mr. Mime', 'Clefable', 'Blastoise']",29,10,5
smogtours-gen1nu-787749,[Gen 1] NU,2024-08-27 20:30:16,,darkvoid33050,misdreavus8935,misdreavus8935,False,"['Seadra', 'Venomoth', 'Magneton', 'Kabutops', 'Mr. Mime', 'Blastoise']","['Venomoth', 'Charizard', 'Magneton', 'Raticate', 'Mr. Mime']",27,7,6
smogtours-gen1nu-714489,[Gen 1] NU,2023-09-06 12:44:15,,golduck35019,magnetpull75337,magnetpull75337,False,"['Venomoth', 'Charizard', 'Raticate', 'Mr. Mime', 'Clefable', 'Blastoise']","['Venomoth', 'Charizard', 'Raticate', 'Mr. Mime', 'Clefable', 'Blastoise']",32,9,10
smogtours-gen1nu-780925,[Gen 1] NU,2024-07-18 22:44:16,,aquaring89206,aurasphere76841,aurasphere76841,False,"['Seadra', 'Charizard', 'Kabutops', 'Poliwrath', 'Mr. Mime', 'Venusaur']","['Charizard', 'Magneton', 'Raticate', 'Mr. Mime', 'Arcanine', 'Blastoise']",27,8,10
gen1nu-2055933968,[Gen 1] NU,2024-02-10 02:06:30,1093,mismagius33077,slackoff64995,mismagius33077,False,"['Golduck', 'Venomoth', 'Aerodactyl', 'Mr. Mime', 'Magmar']","['Moltres', 'Golduck', 'Porygon', 'Aerodactyl', 'Nidoking', 'Mr. Mime']",29,6,7
gen1nu-2279445312,[Gen 1] NU,2025-01-12 02:36:29,,revenge71921,blizzard53783,revenge71921,False,"['Seadra', 'Venomoth', 'Charizard', 'Raticate', 'Mr. Mime', 'Muk']","['Charizard', 'Aerodactyl', 'Raticate', 'Blastoise', 'Mr. Mime', 'Gastly']",28,5,9
gen1nu-2272404132,[Gen 1] NU,2024-12-31 02:54:21,,revenge71921,bulletpunch83527,revenge71921,False,"['Venomoth', 'Charizard', 'Magneton', 'Kabutops', 'Machamp', 'Mr. Mime']","['Moltres', 'Venomoth', 'Charizard', 'Poliwrath', 'Mr. Mime', 'Arcanine']",22,7,7
gen1nu-2062223983,[Gen 1] NU,2024-02-18 17:51:23,1003,turtwig21415,diglett37152,diglett37152,False,"['Moltres', 'Venomoth', 'Aerodactyl', 'Wigglytuff', 'Raticate', 'Mr. Mime']","['Charizard', 'Porygon', 'Wigglytuff', 'Poliwhirl', 'Mr. Mime']",41,7,6
smogtours-gen1nu-600643,[Gen 1] NU,2022-01-06 17:00:22,,drowzee8791,synchronize14428,drowzee8791,False,"['Seadra', 'Venomoth', 'Charizard', 'Mr. Mime', 'Clefable', 'Blastoise']","['Charizard', 'Nidoking', 'Poliwhirl', 'Mr. Mime', 'Clefable', 'Blastoise']",49,11,11
smogtours-gen1nu-701196,[Gen 1] NU,2023-07-04 22:24:37,,jolteon92120,rocksmash79466,jolteon92120,False,"['Seadra', 'Venomoth', 'Charizard', 'Mr. Mime', 'Clefable', 'Blastoise']","['Charizard', 'Exeggcute', 'Wigglytuff', 'Mr. Mime', 'Clefable', 'Blastoise']",37,10,12
gen1nu-2057626997,[Gen 1] NU,2024-02-12 15:24:36,1151,shelgon74846,calmmind8048,shelgon74846,False,"['Moltres', 'Golduck', 'Exeggcute', 'Raticate', 'Graveler', 'Mr. Mime']","['Golduck', 'Nidoking', 'Wigglytuff', 'Raticate', 'Mr. Mime', 'Victreebel']",40,11,10
smogtours-gen1nu-777457,[Gen 1] NU,2024-06-30 04:07:43,,aerodactyl86215,needlearm59980,needlearm59980,False,"['Moltres', 'Venomoth', 'Aerodactyl', 'Raticate', 'Mr. Mime', 'Blastoise']","['Moltres', 'Kabutops', 'Poliwrath', 'Mr. Mime', 'Arcanine', 'Venusaur']",34,11,11
smogtours-gen1nu-663446,[Gen 1] NU,2022-12-02 21:19:52,,perish13441,suctioncups74146,suctioncups74146,False,"['Vileplume', 'Rapidash', 'Omanyte', 'Nidoqueen', 'Seaking', 'Fearow']","['Staryu', 'Rapidash', 'Graveler', 'Drowzee', 'Arcanine']",31,11,9
gen1nu-2275133549,[Gen 1] NU,2025-01-04 23:41:47,,poliwhirl66423,bulletpunch83527,bulletpunch83527,True,"['Venomoth', 'Charizard', 'Magneton', 'Kabutops', 'Mr. Mime']","['Blastoise', 'Mr. Mime', 'Charizard', 'Venomoth']",25,7,3
smogtours-gen1nu-652860,[Gen 1] NU,2022-10-03 01:01:10,,twineedle48571,honeygather86735,twineedle48571,False,"['Charizard', 'Golem', 'Mr. Mime', 'Clefable', 'Abra']","['Charizard', 'Nidoking', 'Kabutops', 'Poliwhirl', 'Mr. Mime', 'Clefable']",28,5,7
smogtours-gen1nu-661635,[Gen 1] NU,2022-11-16 03:09:23,,chinchou58618,kangaskhan41867,chinchou58618,True,"['Rapidash', 'Nidoqueen', 'Seaking', 'Drowzee', 'Arcanine']","['Staryu', 'Rapidash', 'Nidoqueen', 'Dragonair', 'Drowzee', 'Arcanine']",47,18,10
smogtours-gen1nu-839848,[Gen 1] NU,2025-05-05 01:38:56,,motordrive87413,poisonpowder88566,motordrive87413,True,"['Seadra', 'Venomoth', 'Charizard', 'Magneton', 'Mr. Mime', 'Fearow']","['Golduck', 'Venomoth', 'Magneton', 'Kabutops', 'Poliwrath', 'Mr. Mime']",42,9,13
smogtours-gen1nu-737549,[Gen 1] NU,2024-01-05 15:53:00,,crosschop14357,absol86495,absol86495,False,"['Venomoth', 'Charizard', 'Electrode', 'Mr. Mime', 'Clefable', 'Blastoise']","['Seadra', 'Venomoth', 'Electrode', 'Mr. Mime', 'Clefable', 'Blastoise']",39,10,6
gen1nu-2089321838,[Gen 1] NU,2024-03-26 07:16:07,,aerialace15145,tyrogue43073,aerialace15145,False,"['Venomoth', 'Charizard', 'Nidoking', 'Mr. Mime', 'Blastoise']","['Moltres', 'Nidoking', 'Wigglytuff', 'Mr. Mime', 'Victreebel', 'Blastoise']",29,5,8
smogtours-gen1nu-815782,[Gen 1] NU,2025-01-25 00:14:57,,recover74685,magmortar19991,recover74685,False,"['Moltres', 'Venomoth', 'Nidoking', 'Poliwrath', 'Mr. Mime', 'Fearow']","['Golduck', 'Charizard', 'Exeggcute', 'Mr. Mime', 'Fearow', 'Blastoise']",29,7,10
smogtours-gen1nu-595994,[Gen 1] NU,2021-12-04 19:27:33,,psn38480,synchronize14428,synchronize14428,False,"['Venomoth', 'Charizard', 'Nidoking', 'Mr. Mime', 'Clefable', 'Blastoise']","['Charizard', 'Nidoking', 'Poliwhirl', 'Mr. Mime', 'Clefable', 'Blastoise']",50,15,15
smogtours-gen1nu-715221,[Gen 1] NU,2023-09-10 04:13:59,,unknownability847,mudsport71981,unknownability847,False,"['Venomoth', 'Charizard', 'Wigglytuff', 'Mr. Mime', 'Clefable', 'Blastoise']","['Venomoth', 'Charizard', 'Raticate', 'Mr. Mime', 'Clefable', 'Blastoise']",36,12,16
gen1nu-2050182256,[Gen 1] NU,2024-02-02 17:02:43,1079,revenge71921,skarmory69207,revenge71921,False,"['Charizard', 'Exeggcute', 'Wigglytuff', 'Mr. Mime', 'Clefable', 'Blastoise']","['Venomoth', 'Charizard', 'Golem', 'Mr. Mime', 'Clefable', 'Blastoise']",30,10,7
gen1nu-2060334897,[Gen 1] NU,2024-02-16 00:06:31,1025,damprock17378,tangrowth23890,tangrowth23890,False,"['Venomoth', 'Charizard', 'Nidoking', 'Raticate', 'Mr. Mime', 'Blastoise']","['Venomoth', 'Charizard', 'Aerodactyl', 'Raticate', 'Mr. Mime', 'Blastoise']",35,9,8
smogtours-gen1nu-790510,[Gen 1] NU,2024-09-14 10:41:42,,jynx88656,rockincense95991,rockincense95991,True,"['Charizard', 'Kabutops', 'Raticate', 'Poliwrath', 'Mr. Mime', 'Blastoise']","['Seadra', 'Venomoth', 'Charizard', 'Aerodactyl', 'Raticate', 'Mr. Mime']",33,11,11
gen1nu-2140366873,[Gen 1] NU,2024-06-10 05:22:13,,kangaskhan44566,diglett37152,kangaskhan44566,False,"['Seadra', 'Charizard', 'Magneton', 'Mr. Mime', 'Venusaur', 'Fearow']","['Flareon', 'Aerodactyl', 'Exeggcute', 'Wigglytuff', 'Poliwrath', 'Mr. Mime']",37,12,13
smogtours-gen1nu-665368,[Gen 1] NU,2022-12-18 16:24:15,,absol83411,crushclaw70815,crushclaw70815,True,"['Staryu', 'Rapidash', 'Nidoqueen', 'Slowpoke', 'Fearow', 'Gastly']","['Rapidash', 'Omanyte', 'Nidoqueen', 'Machamp', 'Weepinbell', 'Fearow']",51,17,16
smogtours-gen1nu-656081,[Gen 1] NU,2022-10-21 19:07:11,,twineedle48571,whiscash85390,twineedle48571,True,"['Charizard', 'Nidoking', 'Poliwhirl', 'Mr. Mime', 'Clefable', 'Blastoise']","['Kingler', 'Charizard', 'Exeggcute', 'Golem', 'Mr. Mime', 'Clefable']",37,9,13
gen1nu-2276484916,[Gen 1] NU,2025-01-07 07:10:26,,revenge71921,bulletpunch83527,revenge71921,True,"['Kingler', 'Exeggcute', 'Charizard', 'Mr. Mime']","['Moltres', 'Venomoth', 'Charizard', 'Poliwrath', 'Mr. Mime', 'Arcanine']",24,6,6
smogtours-gen1nu-723808,[Gen 1] NU,2023-10-15 09:31:07,,buneary57593,screech4752,buneary57593,False,"['Venomoth', 'Charizard', 'Nidoking', 'Mr. Mime', 'Clefable', 'Blastoise']","['Ninetales', 'Porygon', 'Charizard', 'Pinsir', 'Mr. Mime', 'Blastoise']",46,12,13
smogtours-gen1nu-800088,[Gen 1] NU,2024-10-19 20:26:17,,heatran43293,mudsport71981,mudsport71981,True,"['Moltres', 'Aerodactyl', 'Mr. Mime', 'Arcanine', 'Fearow', 'Blastoise']","['Venomoth', 'Charizard', 'Magneton', 'Raticate', 'Poliwrath', 'Mr. Mime']",39,8,12
gen1nu-2069873779,[Gen 1] NU,2024-02-28 22:40:53,1109,mismagius33077,noweather98210,noweather98210,False,"['Moltres', 'Golduck', 'Venomoth', 'Aerodactyl', 'Mr. Mime', 'Magmar']","['Venomoth', 'Charizard', 'Poliwrath', 'Machamp', 'Marowak', 'Mr. Mime']",39,8,6
smogtours-gen1nu-737892,[Gen 1] NU,2024-01-07 03:12:54,,mudsport71981,recover74685,recover74685,False,"['Venomoth', 'Nidoking', 'Mr. Mime', 'Clefable', 'Arcanine', 'Blastoise']","['Venomoth', 'Nidoking', 'Mr. Mime', 'Clefable', 'Fearow', 'Blastoise']",28,9,9
smogtours-gen1nu-814506,[Gen 1] NU,2025-01-18 00:19:44,,recover74685,ddenpowerdark55312,recover74685,False,"['Venomoth', 'Charizard', 'Magneton', 'Poliwrath', 'Mr. Mime', 'Fearow']","['Charizard', 'Raticate', 'Poliwhirl', 'Poliwrath', 'Graveler', 'Mr. Mime']",45,11,21
gen1nu-2281187342,[Gen 1] NU,2025-01-14 22:02:54,,revenge71921,bulletpunch83527,bulletpunch83527,True,"['Scyther', 'Venomoth', 'Exeggcute', 'Kabutops', 'Mr. Mime', 'Slowpoke']","['Seadra', 'Golduck', 'Charizard', 'Kabutops', 'Mr. Mime', 'Venusaur']",26,8,7
smogtours-gen1nu-813720,[Gen 1] NU,2025-01-11 18:29:23,,thrash54054,needlearm59980,thrash54054,False,"['Seadra', 'Venomoth', 'Charizard', 'Magneton', 'Raticate', 'Mr. Mime']","['Charizard', 'Magneton', 'Raticate', 'Poliwrath', 'Mr. Mime', 'Fearow']",42,10,12
smogtours-gen1nu-662769,[Gen 1] NU,2022-11-26 20:07:32,,manaphy22907,golduck35019,manaphy22907,False,"['Venomoth', 'Charizard', 'Kabutops', 'Mr. Mime', 'Clefable', 'Blastoise']","['Charizard', 'Exeggcute', 'Kabutops', 'Mr. Mime', 'Clefable', 'Blastoise']",35,12,14
smogtours-gen1nu-667418,[Gen 1] NU,2023-01-06 12:27:57,,magnetpull75337,golduck35019,magnetpull75337,False,"['Venomoth', 'Charizard', 'Golem', 'Mr. Mime', 'Clefable', 'Blastoise']","['Moltres', 'Charizard', 'Kabutops', 'Mr. Mime', 'Clefable', 'Blastoise']",34,8,10
gen1nu-2070804687,[Gen 1] NU,2024-03-01 03:15:22,,punishment38172,revenge71921,revenge71921,False,"['Golduck', 'Charizard', 'Aerodactyl', 'Poliwrath', 'Mr. Mime', 'Venusaur']","['Venomoth', 'Charizard', 'Magneton', 'Wigglytuff', 'Mr. Mime', 'Blastoise']",34,9,8
smogtours-gen1nu-814428,[Gen 1] NU,2025-01-17 17:27:22,,weepinbell75190,bide85657,bide85657,True,"['Venomoth', 'Poliwrath', 'Mr. Mime', 'Fearow', 'Blastoise']","['Seadra', 'Charizard', 'Graveler', 'Poliwrath', 'Mr. Mime']",20,6,5
smogtours-gen1nu-596806,[Gen 1] NU,2021-12-10 22:57:17,,waterpulse35893,taunt17457,waterpulse35893,False,"['Venomoth', 'Charizard', 'Mr. Mime', 'Clefable', 'Blastoise']","['Moltres', 'Charizard', 'Porygon', 'Nidoking', 'Mr. Mime', 'Blastoise']",52,18,21
smogtours-gen1nu-777994,[Gen 1] NU,2024-07-02 17:11:11,,waterfall8105,aurasphere76841,waterfall8105,False,"['Venomoth', 'Aerodactyl', 'Magneton', 'Raticate', 'Mr. Mime', 'Blastoise']","['Venomoth', 'Charizard', 'Kabutops', 'Graveler', 'Raticate', 'Mr. Mime']",41,19,18
smogtours-gen1nu-781933,[Gen 1] NU,2024-07-22 21:00:41,,electabuzz37326,stench25210,electabuzz37326,False,"['Seadra', 'Golduck', 'Charizard', 'Kabutops', 'Mr. Mime', 'Venusaur']","['Seadra', 'Golduck', 'Charizard', 'Mr. Mime', 'Venusaur', 'Fearow']",34,11,14
smogtours-gen1nu-604801,[Gen 1] NU,2022-01-23 21:17:50,,psn38480,waterpulse35893,waterpulse35893,False,"['Charizard', 'Raticate', 'Poliwhirl', 'Mr. Mime', 'Clefable', 'Blastoise']","['Moltres', 'Charizard', 'Rapidash', 'Poliwhirl', 'Mr. Mime', 'Clefable']",53,16,19
smogtours-gen1nu-662594,[Gen 1] NU,2022-11-25 21:27:01,,marshtomp99135,cascoon94634,cascoon94634,True,"['Rapidash', 'Omanyte', 'Nidoqueen', 'Seaking', 'Drowzee']","['Staryu', 'Omanyte', 'Graveler', 'Nidoqueen', 'Drowzee']",20,6,6
gen1nu-2058013754,[Gen 1] NU,2024-02-13 00:52:33,,powerlens10976,omastar20158,powerlens10976,False,"['Kingler', 'Venomoth', 'Porygon', 'Mr. Mime', 'Venusaur', 'Blastoise']","['Venomoth', 'Charizard', 'Flareon', 'Wigglytuff', 'Mr. Mime', 'Blastoise']",26,6,8
gen1nu-2051800920,[Gen 1] NU,2024-02-04 23:28:04,1000,thundershock67549,embargo75550,thundershock67549,False,"['Venomoth', 'Charizard', 'Golem', 'Mr. Mime', 'Blastoise']","['Charizard', 'Electrode', 'Nidoking', 'Golem', 'Clefable', 'Blastoise']",35,6,10
smogtours-gen1nu-596791,[Gen 1] NU,2021-12-10 22:18:22,,taunt17457,waterpulse35893,waterpulse35893,False,"['Scyther', 'Charizard', 'Rapidash', 'Golem', 'Mr. Mime', 'Blastoise']","['Charizard', 'Nidoking', 'Poliwhirl', 'Mr. Mime', 'Clefable', 'Blastoise']",34,10,11
smogtours-gen1nu-662616,[Gen 1] NU,2022-11-26 01:35:16,,icywind98531,ponyta53394,icywind98531,False,"['Rapidash', 'Omanyte', 'Nidoqueen', 'Seaking', 'Drowzee']","['Rapidash', 'Omanyte', 'Nidoqueen', 'Drowzee', 'Arcanine', 'Abra']",23,5,9
smogtours-gen1nu-710394,[Gen 1] NU,2023-08-17 20:07:22,,extremespeed62335,innerfocus97582,extremespeed62335,False,"['Venomoth', 'Charizard', 'Nidoking', 'Mr. Mime', 'Clefable', 'Blastoise']","['Venomoth', 'Charizard', 'Golem', 'Mr. Mime', 'Clefable', 'Blastoise']",57,16,21
smogtours-gen1nu-672244,[Gen 1] NU,2023-01-31 20:56:34,,kangaskhan41867,hypervoice57448,kangaskhan41867,False,"['Venomoth', 'Charizard', 'Nidoking', 'Mr. Mime', 'Clefable', 'Blastoise']","['Charizard', 'Raticate', 'Golem', 'Mr. Mime', 'Fearow', 'Blastoise']",39,14,19
smogtours-gen1nu-815784,[Gen 1] NU,2025-01-25 00:24:24,,magmortar19991,recover74685,recover74685,False,"['Venomoth', 'Charizard', 'Kabutops', 'Mr. Mime', 'Fearow', 'Blastoise']","['Venomoth', 'Charizard', 'Magneton', 'Raticate', 'Poliwrath', 'Mr. Mime']",29,11,8
smogtours-gen1nu-714206,[Gen 1] NU,2023-09-04 03:46:28,,kangaskhan41867,innerfocus97582,innerfocus97582,False,"['Venomoth', 'Charizard', 'Wigglytuff', 'Mr. Mime', 'Clefable', 'Blastoise']","['Seadra', 'Porygon', 'Exeggcute', 'Mr. Mime', 'Clefable', 'Blastoise']",38,12,12
smogtours-gen1nu-813567,[Gen 1] NU,2025-01-10 17:29:01,,quickclaw83695,aquaring89206,aquaring89206,False,"['Venomoth', 'Charizard', 'Magneton', 'Kabutops', 'Poliwrath', 'Mr. Mime']","['Moltres', 'Venomoth', 'Porygon', 'Magneton', 'Kabutops', 'Mr. Mime']",68,14,12
gen1nu-2275665198,[Gen 1] NU,2025-01-05 22:18:32,,revenge71921,bulletpunch83527,bulletpunch83527,True,"['Exeggcute', 'Wigglytuff', 'Poliwrath']","['Venomoth', 'Charizard', 'Mr. Mime']",10,3,3
smogtours-gen1nu-813296,[Gen 1] NU,2025-01-05 23:07:57,,recover74685,mudsport71981,recover74685,False,"['Charizard', 'Magneton', 'Poliwrath', 'Mr. Mime', 'Fearow']","['Venomoth', 'Porygon', 'Magneton', 'Poliwrath', 'Mr. Mime', 'Fearow']",49,11,19
gen1nu-2278308499,[Gen 1] NU,2025-01-10 04:25:14,,revenge71921,blizzard53783,revenge71921,False,"['Scyther', 'Venomoth', 'Exeggcute', 'Kabutops', 'Mr. Mime', 'Slowpoke']","['Venomoth', 'Charizard', 'Nidoking', 'Kabutops', 'Raticate', 'Mr. Mime']",27,7,11
smogtours-gen1nu-741113,[Gen 1] NU,2024-01-21 21:06:39,,kangaskhan41867,diveball9145,kangaskhan41867,False,"['Venomoth', 'Electrode', 'Raticate', 'Mr. Mime', 'Clefable', 'Blastoise']","['Venomoth', 'Charizard', 'Golem', 'Mr. Mime', 'Clefable', 'Blastoise']",33,14,11
smogtours-gen1nu-664151,[Gen 1] NU,2022-12-09 20:22:00,,kangaskhan41867,cascoon94634,cascoon94634,False,"['Staryu', 'Rapidash', 'Dragonair', 'Nidoqueen', 'Machamp', 'Drowzee']","['Staryu', 'Pinsir', 'Nidoqueen', 'Omanyte', 'Machamp', 'Drowzee']",48,16,19
gen1nu-2060515458,[Gen 1] NU,2024-02-16 06:03:41,,present11303,denpowerghost39436,denpowerghost39436,False,"['Venomoth', 'Charizard', 'Kabutops', 'Raticate', 'Mr. Mime', 'Blastoise']","['Venomoth', 'Charizard', 'Magneton', 'Raticate', 'Mr. Mime', 'Blastoise']",29,9,9
smogtours-gen1nu-794343,[Gen 1] NU,2024-10-03 20:02:11,,heatran43293,sacredfire89193,sacredfire89193,True,"['Moltres', 'Golduck', 'Magneton', 'Raticate', 'Kabutops', 'Poliwrath']","['Moltres', 'Golduck', 'Charizard', 'Gastly']",31,7,9
gen1nu-2077160922,[Gen 1] NU,2024-03-09 16:07:18,,noability19212,poliwrath3176,poliwrath3176,False,"['Venomoth', 'Aerodactyl', 'Raticate', 'Mr. Mime', 'Arcanine', 'Blastoise']","['Golduck', 'Charizard', 'Aerodactyl', 'Magneton', 'Poliwrath', 'Mr. Mime']",51,13,18
gen1nu-2054761672,[Gen 1] NU,2024-02-08 16:32:41,1018,bide81826,pupitar1038,bide81826,False,"['Golduck', 'Venomoth', 'Aerodactyl', 'Nidoking', 'Mr. Mime', 'Magmar']","['Pinsir', 'Dragonair', 'Mr. Mime', 'Arcanine', 'Venusaur', 'Blastoise']",32,6,7
smogtours-gen1nu-667419,[Gen 1] NU,2023-01-06 12:36:03,,golduck35019,magnetpull75337,magnetpull75337,False,"['Venomoth', 'Charizard', 'Golem', 'Mr. Mime', 'Clefable', 'Blastoise']","['Venomoth', 'Charizard', 'Nidoking', 'Mr. Mime', 'Clefable', 'Blastoise']",31,8,9
gen1nu-2051758165,[Gen 1] NU,2024-02-04 22:14:54,1071,growl5652,nomelberry19418,growl5652,False,"['Moltres', 'Venomoth', 'Mr. Mime', 'Lickitung', 'Clefable', 'Blastoise']","['Seadra', 'Venomoth', 'Charizard', 'Flareon', 'Electrode', 'Abra']",41,12,11
smogtours-gen1nu-779262,[Gen 1] NU,2024-07-08 19:09:54,,aurasphere76841,gastrodon26689,aurasphere76841,False,"['Venomoth', 'Charizard', 'Aerodactyl', 'Magneton', 'Mr. Mime']","['Seadra', 'Venomoth', 'Aerodactyl', 'Raticate', 'Poliwrath', 'Mr. Mime']",28,7,9
smogtours-gen1nu-664167,[Gen 1] NU,2022-12-09 21:09:28,,enpowerflying39776,luckypunch52209,luckypunch52209,False,"['Staryu', 'Nidoqueen', 'Seaking', 'Weepinbell', 'Slowpoke', 'Gastly']","['Staryu', 'Pinsir', 'Dragonair', 'Nidoqueen', 'Drowzee', 'Gastly']",35,10,7
smogtours-gen1nu-584588,[Gen 1] NU,2021-10-08 18:11:59,,encore90411,ironhead21066,ironhead21066,False,"['Venomoth', 'Nidoking', 'Poliwhirl', 'Mr. Mime', 'Clefable', 'Blastoise']","['Charizard', 'Porygon', 'Rapidash', 'Pinsir', 'Nidoking', 'Blastoise']",82,21,17
smogtours-gen1nu-662838,[Gen 1] NU,2022-11-27 00:13:41,,luvdisc61803,berserkgene43161,berserkgene43161,False,"['Staryu', 'Rapidash', 'Pinsir', 'Nidoqueen', 'Arcanine', 'Gastly']","['Staryu', 'Rapidash', 'Sandslash', 'Nidoqueen', 'Drowzee', 'Arcanine']",44,13,5
smogtours-gen1nu-663057,[Gen 1] NU,2022-11-27 22:22:16,,typechange32750,suctioncups74146,typechange32750,False,"['Staryu', 'Rapidash', 'Nidoqueen', 'Graveler', 'Drowzee', 'Arcanine']","['Staryu', 'Rapidash', 'Sandslash', 'Nidoqueen', 'Drowzee', 'Arcanine']",39,11,13
smogtours-gen1nu-815661,[Gen 1] NU,2025-01-24 14:34:35,,wacanberry11962,poisonpowder88566,poisonpowder88566,True,"['Seadra', 'Charizard', 'Raticate', 'Graveler', 'Poliwrath', 'Mr. Mime']","['Moltres', 'Seadra', 'Venomoth', 'Charizard', 'Magneton', 'Poliwrath']",31,11,9
gen1nu-2102395922,[Gen 1] NU,2024-04-13 06:55:30,,punishment38172,bide81826,bide81826,False,"['Golduck', 'Venomoth', 'Aerodactyl', 'Wigglytuff', 'Poliwrath', 'Mr. Mime']","['Golduck', 'Charizard', 'Porygon', 'Wigglytuff', 'Mr. Mime', 'Victreebel']",34,8,8
smogtours-gen1nu-741772,[Gen 1] NU,2024-01-26 14:35:03,,waterfall8105,weezing40879,waterfall8105,False,"['Charizard', 'Mr. Mime', 'Clefable', 'Arcanine', 'Fearow']","['Venomoth', 'Charizard', 'Mr. Mime', 'Clefable', 'Arcanine', 'Fearow']",23,4,7
smogtours-gen1nu-604787,[Gen 1] NU,2022-01-23 20:41:55,,corphish56783,rampardos23359,rampardos23359,False,"['Porygon', 'Wigglytuff', 'Raticate', 'Meowth', 'Clefable', 'Fearow']","['Pidgeot', 'Spearow', 'Porygon', 'Wigglytuff', 'Raticate', 'Clefable']",24,8,6
smogtours-gen1nu-661844,[Gen 1] NU,2022-11-18 21:09:07,,naturalcure94350,harden39394,naturalcure94350,False,"['Staryu', 'Rapidash', 'Dragonair', 'Nidoqueen', 'Graveler', 'Drowzee']","['Rapidash', 'Nidoqueen', 'Graveler', 'Seaking', 'Machamp', 'Gastly']",44,14,18
gen1nu-2060935016,[Gen 1] NU,2024-02-16 19:31:55,1059,present11303,nomelberry19418,present11303,False,"['Venomoth', 'Charizard', 'Aerodactyl', 'Raticate', 'Mr. Mime', 'Blastoise']","['Seadra', 'Aerodactyl', 'Venusaur', 'Poliwhirl', 'Mr. Mime', 'Magmar']",28,5,8
smogtours-gen1nu-811021,[Gen 1] NU,2024-12-20 20:40:44,,mudsport71981,vespiquen67150,mudsport71981,False,"['Venomoth', 'Charizard', 'Poliwrath', 'Mr. Mime', 'Fearow', 'Blastoise']","['Venomoth', 'Charizard', 'Magneton', 'Kabutops', 'Poliwhirl', 'Mr. Mime']",38,7,10
smogtours-gen1nu-729245,[Gen 1] NU,2023-11-06 01:01:03,,waterfall8105,aurasphere76841,aurasphere76841,True,"['Seadra', 'Venomoth', 'Charizard', 'Mr. Mime', 'Fearow']","['Seadra', 'Electrode', 'Wigglytuff', 'Golem', 'Mr. Mime', 'Clefable']",32,8,8
smogtours-gen1nu-677337,[Gen 1] NU,2023-02-26 03:22:03,,kangaskhan41867,jolteon92120,kangaskhan41867,False,"['Moltres', 'Venomoth', 'Charizard', 'Mr. Mime', 'Clefable', 'Blastoise']","['Venomoth', 'Charizard', 'Nidoking', 'Mr. Mime', 'Clefable', 'Blastoise']",28,5,7
gen1nu-2262621602,[Gen 1] NU,2024-12-14 01:00:26,,heatran44736,stoneplate55960,heatran44736,False,"['Golduck', 'Aerodactyl', 'Magneton', 'Mr. Mime', 'Fearow']","['Seadra', 'Scyther', 'Venomoth', 'Aerodactyl', 'Raticate', 'Fearow']",27,8,9
gen1nu-2151051757,[Gen 1] NU,2024-06-27 16:04:08,,poisonpowder88566,fissure61188,poisonpowder88566,True,"['Seadra', 'Charizard', 'Aerodactyl', 'Raticate', 'Fearow', 'Gastly']","['Golduck', 'Venomoth', 'Magneton', 'Raticate', 'Kabutops', 'Mr. Mime']",23,10,11
smogtours-gen1nu-662625,[Gen 1] NU,2022-11-26 02:18:49,,plusle34440,shuppet19401,plusle34440,False,"['Staryu', 'Rapidash', 'Vileplume', 'Omanyte', 'Nidoqueen']","['Rapidash', 'Nidoqueen', 'Graveler', 'Seaking', 'Machamp', 'Fearow']",37,12,11
smogtours-gen1nu-661636,[Gen 1] NU,2022-11-16 03:17:51,,chinchou58618,kangaskhan41867,kangaskhan41867,False,"['Staryu', 'Omanyte', 'Nidoqueen', 'Arcanine', 'Magmar', 'Fearow']","['Staryu', 'Nidoqueen', 'Drowzee', 'Arcanine', 'Fearow']",32,12,11
gen1nu-2275872647,[Gen 1] NU,2025-01-06 06:40:20,,revenge71921,bulletpunch83527,bulletpunch83527,False,"['Rapidash', 'Aerodactyl', 'Wigglytuff', 'Poliwrath', 'Mr. Mime', 'Venusaur']","['Venomoth', 'Charizard', 'Nidoking', 'Kabutops', 'Raticate', 'Mr. Mime']",35,11,9
smogtours-gen1nu-785876,[Gen 1] NU,2024-08-16 22:40:18,,recover74685,healbell54317,recover74685,True,"['Moltres', 'Seadra', 'Magneton', 'Mr. Mime', 'Gastly']","['Moltres', 'Venomoth', 'Charizard', 'Poliwrath', 'Mr. Mime', 'Arcanine']",27,6,7
smogtours-gen1nu-776838,[Gen 1] NU,2024-06-26 22:24:26,,ponyta53394,clefairy19286,ponyta53394,False,"['Venomoth', 'Charizard', 'Magneton', 'Mr. Mime', 'Blastoise']","['Golduck', 'Venomoth', 'Charizard', 'Aerodactyl', 'Raticate', 'Mr. Mime']",29,6,9
smogtours-gen1nu-787369,[Gen 1] NU,2024-08-25 17:27:27,,splash22725,sacredfire89193,sacredfire89193,False,"['Moltres', 'Golduck', 'Charizard', 'Kabutops', 'Poliwrath', 'Fearow']","['Mr. Mime', 'Raticate', 'Poliwrath', 'Aerodactyl']",20,6,4
smogtours-gen1nu-605227,[Gen 1] NU,2022-01-28 21:54:08,,encore90411,waterpulse35893,waterpulse35893,False,"['Venomoth', 'Poliwhirl', 'Golem', 'Mr. Mime', 'Clefable', 'Blastoise']","['Charizard', 'Wigglytuff', 'Kabutops', 'Poliwhirl', 'Mr. Mime', 'Clefable']",42,11,9
smogtours-gen1nu-663295,[Gen 1] NU,2022-11-30 20:42:39,,hustle11937,nomove62031,nomove62031,False,"['Staryu', 'Rapidash', 'Nidoqueen', 'Seaking', 'Drowzee', 'Fearow']","['Staryu', 'Rapidash', 'Nidoqueen', 'Seaking', 'Drowzee', 'Arcanine']",35,11,8
gen1nu-2226726537,[Gen 1] NU,2024-10-20 02:14:54,,wacanberry11962,deepseatooth33148,deepseatooth33148,False,"['Seadra', 'Venomoth', 'Charizard', 'Mr. Mime', 'Arcanine', 'Fearow']","['Kingler', 'Charizard', 'Nidoking', 'Raticate', 'Poliwhirl', 'Mr. Mime']",27,9,6
gen1nu-2069863896,[Gen 1] NU,2024-02-28 22:29:04,1129,flashcannon18077,noweather98210,noweather98210,False,"['Venomoth', 'Charizard', 'Magneton', 'Nidoking', 'Mr. Mime', 'Blastoise']","['Venomoth', 'Charizard', 'Poliwrath', 'Machamp', 'Marowak', 'Mr. Mime']",45,18,16
gen1nu-2163978202,[Gen 1] NU,2024-07-19 23:16:52,,stoneplate55960,gardevoir84608,stoneplate55960,False,"['Golduck', 'Venomoth', 'Charizard', 'Aerodactyl', 'Raticate', 'Mr. Mime']","['Moltres', 'Venomoth', 'Charizard', 'Kabutops', 'Raticate', 'Mr. Mime']",26,7,9
gen1nu-2064430552,[Gen 1] NU,2024-02-21 15:56:30,1157,dive84452,rollout94469,dive84452,False,"['Venomoth', 'Magneton', 'Nidoking', 'Mr. Mime', 'Blastoise']","['Moltres', 'Exeggcute', 'Wigglytuff', 'Poliwrath', 'Mr. Mime', 'Golbat']",38,7,10
smogtours-gen1nu-662510,[Gen 1] NU,2022-11-24 20:23:44,,feebas76264,powerherb16934,powerherb16934,True,"['Staryu', 'Rapidash', 'Vileplume', 'Omanyte', 'Nidoqueen']","['Arcanine', 'Drowzee', 'Staryu', 'Nidoqueen']",19,7,4
smogtours-gen1nu-665182,[Gen 1] NU,2022-12-17 02:58:49,,perish13441,golbat83721,perish13441,False,"['Vileplume', 'Rapidash', 'Omanyte', 'Nidoqueen', 'Seaking', 'Fearow']","['Rapidash', 'Pinsir', 'Nidoqueen', 'Shellder', 'Lickitung', 'Abra']",39,10,14
smogtours-gen1nu-812588,[Gen 1] NU,2025-01-04 16:06:16,,wacanberry11962,magmortar19991,magmortar19991,True,"['Venomoth', 'Charizard', 'Magneton', 'Poliwrath', 'Mr. Mime', 'Arcanine']","['Venomoth', 'Charizard', 'Graveler', 'Poliwrath', 'Mr. Mime', 'Fearow']",56,25,23
gen1nu-2275252932,[Gen 1] NU,2025-01-05 04:20:35,,poliwhirl66423,bulletpunch83527,bulletpunch83527,False,"['Golduck', 'Venomoth', 'Aerodactyl', 'Nidoking', 'Mr. Mime', 'Magmar']","['Venomoth', 'Charizard', 'Nidoking', 'Raticate', 'Kabutops', 'Mr. Mime']",43,12,15
smogtours-gen1nu-603554,[Gen 1] NU,2022-01-19 19:55:04,,encore90411,spikecannon99072,encore90411,False,"['Venomoth', 'Nidoking', 'Poliwhirl', 'Mr. Mime', 'Clefable']","['Venomoth', 'Charizard', 'Nidoking', 'Mr. Mime', 'Clefable', 'Blastoise']",35,8,9
smogtours-gen1nu-650651,[Gen 1] NU,2022-09-25 00:56:17,,quagsire52408,honeygather86735,honeygather86735,True,"['Charizard', 'Nidoking', 'Poliwhirl', 'Mr. Mime', 'Clefable', 'Blastoise']","['Venomoth', 'Charizard', 'Kabutops', 'Poliwhirl', 'Mr. Mime', 'Clefable']",36,8,7
gen1nu-2208170415,[Gen 1] NU,2024-09-23 22:08:22,,stoneplate55960,deoxysattack50804,deoxysattack50804,False,"['Golduck', 'Venomoth', 'Charizard', 'Aerodactyl', 'Raticate', 'Mr. Mime']","['Charizard', 'Aerodactyl', 'Raticate', 'Poliwhirl', 'Mr. Mime', 'Blastoise']",30,9,10
smogtours-gen1nu-663474,[Gen 1] NU,2022-12-02 23:17:25,,rhyhorn97304,plusle34440,plusle34440,False,"['Sandslash', 'Electrode', 'Seaking', 'Machamp', 'Muk', 'Abra']","['Staryu', 'Nidoqueen', 'Graveler', 'Drowzee', 'Magmar']",23,10,7
smogtours-gen1nu-814420,[Gen 1] NU,2025-01-17 17:14:00,,weepinbell75190,bide85657,weepinbell75190,False,"['Charizard', 'Magneton', 'Raticate', 'Poliwrath', 'Mr. Mime']","['Seadra', 'Golduck', 'Venomoth', 'Charizard', 'Kabutops', 'Mr. Mime']",26,7,7
smogtours-gen1nu-596765,[Gen 1] NU,2021-12-10 21:13:54,,encore90411,synchronize14428,encore90411,False,"['Charizard', 'Nidoking', 'Poliwhirl', 'Mr. Mime', 'Clefable', 'Blastoise']","['Venomoth', 'Charizard', 'Golem', 'Mr. Mime', 'Clefable', 'Blastoise']",35,8,13
smogtours-gen1nu-748023,[Gen 1] NU,2024-02-17 22:28:03,,quickclaw83695,dragonrage63391,quickclaw83695,False,"['Moltres', 'Charizard', 'Kabutops', 'Mr. Mime', 'Venusaur', 'Blastoise']","['Venomoth', 'Charizard', 'Aerodactyl', 'Magneton', 'Poliwhirl', 'Mr. Mime']",38,11,10
gen1nu-2275603082,[Gen 1] NU,2025-01-05 20:15:31,,poliwhirl66423,bulletpunch83527,poliwhirl66423,False,"['Rapidash', 'Aerodactyl', 'Wigglytuff', 'Poliwrath', 'Mr. Mime', 'Venusaur']","['Venomoth', 'Charizard', 'Nidoking', 'Kabutops', 'Raticate', 'Mr. Mime']",33,5,5
violetversion-gen1nu-1766,[Gen 1] NU,2016-05-05 17:39:25,,ddenpowerfire30449,leer23545,ddenpowerfire30449,False,"['Venomoth', 'Porygon', 'Nidoking', 'Slowpoke', 'Tangela']","['Venomoth', 'Porygon', 'Nidoking', 'Tangela', 'Blastoise', 'Abra']",40,10,14
gen1nu-2273923634,[Gen 1] NU,2025-01-02 22:03:31,,facade60368,pelipper48923,pelipper48923,False,"['Seadra', 'Venomoth', 'Charizard', 'Magneton', 'Mr. Mime', 'Blastoise']","['Seadra', 'Venomoth', 'Charizard', 'Magneton', 'Mr. Mime', 'Fearow']",39,13,8
smogtours-gen1nu-663425,[Gen 1] NU,2022-12-02 19:50:11,,barrier67448,powerherb16934,powerherb16934,False,"['Staryu', 'Rapidash', 'Sandslash', 'Nidoqueen', 'Drowzee', 'Arcanine']","['Staryu', 'Omanyte', 'Nidoqueen', 'Dragonair', 'Drowzee']",31,9,8
smogtours-gen1nu-781934,[Gen 1] NU,2024-07-22 20:59:13,,aurasphere76841,wacanberry11962,wacanberry11962,False,"['Seadra', 'Charizard', 'Magneton', 'Raticate', 'Mr. Mime', 'Gastly']","['Seadra', 'Charizard', 'Magneton', 'Nidoking', 'Mr. Mime', 'Gastly']",29,8,8
smogtours-gen1nu-778904,[Gen 1] NU,2024-07-07 17:43:36,,mudsport71981,golduck35019,golduck35019,False,"['Seadra', 'Venomoth', 'Charizard', 'Raticate', 'Mr. Mime', 'Blastoise']","['Moltres', 'Venomoth', 'Aerodactyl', 'Kabutops', 'Mr. Mime']",23,6,4
gen1nu-2278899869,[Gen 1] NU,2025-01-11 02:44:10,,revenge71921,blizzard53783,revenge71921,False,"['Scyther', 'Venomoth', 'Exeggcute', 'Kabutops', 'Mr. Mime', 'Slowpoke']","['Venomoth', 'Charizard', 'Nidoking', 'Kabutops', 'Raticate', 'Mr. Mime']",31,9,12
gen1nu-2280794373,[Gen 1] NU,2025-01-14 09:08:23,,revenge71921,kabutops67963,kabutops67963,True,"['Pidgeot', 'Charizard', 'Kabutops', 'Poliwrath', 'Mr. Mime', 'Parasect']","['Venomoth', 'Charizard', 'Nidoking', 'Raticate', 'Kabutops', 'Mr. Mime']",29,11,8
smogtours-gen1nu-779256,[Gen 1] NU,2024-07-08 17:55:09,,static36182,gastrodon26689,gastrodon26689,False,"['Moltres', 'Venomoth', 'Aerodactyl', 'Raticate', 'Mr. Mime', 'Blastoise']","['Venomoth', 'Aerodactyl', 'Magneton', 'Raticate', 'Mr. Mime', 'Blastoise']",41,10,10
gen1nu-2249632847,[Gen 1] NU,2024-11-23 16:52:01,,aurasphere76841,metang15123,metang15123,False,"['Moltres', 'Venomoth', 'Charizard', 'Poliwrath', 'Mr. Mime', 'Fearow']","['Moltres', 'Kabutops', 'Poliwrath', 'Mr. Mime', 'Arcanine']",58,8,13
gen1nu-2151771395,[Gen 1] NU,2024-06-28 20:05:36,,shinystone44310,crabhammer79731,shinystone44310,False,"['Moltres', 'Kabutops', 'Poliwrath', 'Mr. Mime', 'Arcanine', 'Venusaur']","['Moltres', 'Charizard', 'Rapidash', 'Poliwrath', 'Venusaur', 'Gastly']",40,16,18
smogtours-gen1nu-714488,[Gen 1] NU,2023-09-06 12:33:07,,golduck35019,magnetpull75337,magnetpull75337,False,"['Seadra', 'Venomoth', 'Charizard', 'Mr. Mime', 'Clefable', 'Blastoise']","['Venomoth', 'Charizard', 'Golem', 'Mr. Mime', 'Clefable', 'Blastoise']",40,9,12
gen1nu-2055834750,[Gen 1] NU,2024-02-09 23:09:07,1050,treecko99542,octazooka54975,treecko99542,False,"['Venomoth', 'Charizard', 'Aerodactyl', 'Raticate', 'Mr. Mime', 'Blastoise']","['Moltres', 'Wigglytuff', 'Mr. Mime', 'Lickitung', 'Victreebel', 'Blastoise']",40,7,12
smogtours-gen1nu-665718,[Gen 1] NU,2022-12-21 03:22:17,,adaptability45192,koffing28618,koffing28618,False,"['Staryu', 'Dragonair', 'Nidoqueen', 'Omanyte', 'Drowzee', 'Fearow']","['Staryu', 'Vileplume', 'Omanyte', 'Nidoqueen', 'Seaking', 'Slowpoke']",35,12,10
smogtours-gen1nu-817778,[Gen 1] NU,2025-02-02 22:15:20,,ddenpowerdark55312,bulletseed19358,ddenpowerdark55312,False,"['Charizard', 'Porygon', 'Poliwrath', 'Mr. Mime', 'Fearow']","['Seadra', 'Charizard', 'Kabutops', 'Mr. Mime', 'Arcanine', 'Gastly']",38,12,13
smogtours-gen1nu-664028,[Gen 1] NU,2022-12-08 16:29:51,,koffing28618,zoomlens15496,koffing28618,True,"['Staryu', 'Vileplume', 'Graveler', 'Machamp', 'Fearow']","['Rapidash', 'Pinsir', 'Nidoqueen', 'Omanyte', 'Machamp', 'Slowpoke']",26,8,12
gen1nu-2275190828,[Gen 1] NU,2025-01-05 01:51:36,,poliwhirl66423,bulletpunch83527,bulletpunch83527,True,"['Charizard', 'Porygon', 'Wigglytuff', 'Poliwhirl', 'Mr. Mime']","['Venomoth', 'Charizard', 'Poliwrath', 'Mr. Mime', 'Arcanine']",20,6,8
gen1nu-2052259970,[Gen 1] NU,2024-02-05 15:14:57,1010,berryjuice54970,hooh59249,berryjuice54970,True,"['Electrode', 'Blastoise', 'Golem']","['Kingler', 'Hitmonlee', 'Golem', 'Mr. Mime', 'Clefable']",15,5,4
smogtours-gen1nu-652724,[Gen 1] NU,2022-10-02 22:29:42,,twineedle48571,whiscash85390,whiscash85390,True,"['Venomoth', 'Charizard', 'Golem', 'Mr. Mime', 'Clefable', 'Abra']","['Charizard', 'Poliwhirl', 'Mr. Mime', 'Clefable', 'Blastoise']",33,12,12
smogtours-gen1nu-840374,[Gen 1] NU,2025-05-08 20:20:00,,machop48408,phione89690,machop48408,False,"['Venomoth', 'Charizard', 'Graveler', 'Poliwrath', 'Mr. Mime', 'Arcanine']","['Seadra', 'Moltres', 'Venomoth', 'Graveler', 'Poliwrath', 'Mr. Mime']",30,9,8
gen1nu-2212596985,[Gen 1] NU,2024-09-30 05:04:02,,flash82357,mismagius33077,flash82357,False,"['Golduck', 'Venomoth', 'Charizard', 'Mr. Mime', 'Fearow']","['Nidoking', 'Exeggcute', 'Wigglytuff', 'Poliwhirl', 'Mr. Mime', 'Magmar']",29,8,10
smogtours-gen1nu-731295,[Gen 1] NU,2023-11-18 21:37:34,,waterpulse35893,jolteon92120,jolteon92120,False,"['Seadra', 'Exeggcute', 'Wigglytuff', 'Mr. Mime', 'Clefable', 'Blastoise']","['Venomoth', 'Charizard', 'Golem', 'Mr. Mime', 'Clefable', 'Blastoise']",30,11,9
gen1nu-2271813076,[Gen 1] NU,2024-12-30 02:00:48,,revenge71921,bulletpunch83527,revenge71921,False,"['Venomoth', 'Charizard', 'Flareon', 'Wigglytuff', 'Blastoise']","['Venomoth', 'Charizard', 'Nidoking', 'Exeggcute', 'Raticate', 'Mr. Mime']",26,6,10
gen1nu-2275276971,[Gen 1] NU,2025-01-05 05:20:36,,poliwhirl66423,bulletpunch83527,poliwhirl66423,False,"['Pidgeot', 'Charizard', 'Kabutops', 'Poliwrath', 'Mr. Mime', 'Parasect']","['Charizard', 'Aerodactyl', 'Raticate', 'Blastoise', 'Mr. Mime', 'Gastly']",33,10,11
smogtours-gen1nu-666091,[Gen 1] NU,2022-12-23 21:19:19,,golduck35019,meditate33036,meditate33036,False,"['Kingler', 'Charizard', 'Electrode', 'Mr. Mime', 'Clefable', 'Blastoise']","['Kingler', 'Venomoth', 'Mr. Mime', 'Clefable', 'Blastoise']",36,8,4
smogtours-gen1nu-662623,[Gen 1] NU,2022-11-26 02:13:23,,plusle34440,shuppet19401,plusle34440,False,"['Staryu', 'Rapidash', 'Sandslash', 'Nidoqueen', 'Drowzee', 'Arcanine']","['Vileplume', 'Rapidash', 'Pinsir', 'Omanyte', 'Nidoqueen', 'Seaking']",50,19,17
gen1nu-2278288731,[Gen 1] NU,2025-01-10 03:33:40,,revenge71921,blizzard53783,blizzard53783,True,"['Scyther', 'Venomoth', 'Exeggcute', 'Kabutops', 'Mr. Mime', 'Slowpoke']","['Venomoth', 'Charizard', 'Nidoking']",26,8,2
gen1nu-2264293720,[Gen 1] NU,2024-12-16 21:57:23,,ponyta53394,thrash54054,ponyta53394,False,"['Seadra', 'Venomoth', 'Charizard', 'Magneton', 'Mr. Mime', 'Blastoise']","['Venomoth', 'Charizard', 'Magneton', 'Mr. Mime', 'Fearow', 'Blastoise']",28,7,8
gen1nu-2271751240,[Gen 1] NU,2024-12-29 23:36:36,,revenge71921,bulletpunch83527,bulletpunch83527,True,"['Golduck', 'Venomoth', 'Charizard', 'Nidoqueen', 'Mr. Mime', 'Fearow']","['Golduck', 'Venomoth', 'Charizard', 'Aerodactyl', 'Raticate', 'Mr. Mime']",20,7,7
gen1nu-2278270646,[Gen 1] NU,2025-01-10 02:51:23,,revenge71921,blizzard53783,blizzard53783,True,"['Scyther', 'Venomoth', 'Exeggcute', 'Kabutops', 'Mr. Mime', 'Slowpoke']","['Venomoth', 'Charizard', 'Nidoking', 'Kabutops', 'Raticate', 'Mr. Mime']",22,7,5
gen1nu-2279452859,[Gen 1] NU,2025-01-12 02:53:24,,revenge71921,blizzard53783,blizzard53783,True,"['Seadra', 'Venomoth', 'Charizard', 'Raticate', 'Mr. Mime', 'Muk']","['Moltres', 'Venomoth', 'Charizard', 'Poliwrath', 'Mr. Mime', 'Arcanine']",29,8,7
gen1nu-2050101128,[Gen 1] NU,2024-02-02 15:10:37,1040,woodhammer66942,revenge71921,revenge71921,True,"['Kingler', 'Venomoth', 'Charizard', 'Golem', 'Mr. Mime', 'Clefable']","['Exeggcute', 'Wigglytuff', 'Mr. Mime', 'Clefable', 'Blastoise']",25,12,4
smogtours-gen1nu-652856,[Gen 1] NU,2022-10-03 00:55:10,,twineedle48571,honeygather86735,twineedle48571,False,"['Venomoth', 'Charizard', 'Golem', 'Mr. Mime', 'Clefable', 'Blastoise']","['Ninetales', 'Rapidash', 'Charizard', 'Golem', 'Mr. Mime', 'Blastoise']",33,9,12
smogtours-gen1nu-661845,[Gen 1] NU,2022-11-18 21:15:27,,naturalcure94350,harden39394,naturalcure94350,False,"['Staryu', 'Rapidash', 'Nidoqueen', 'Arcanine', 'Fearow', 'Gastly']","['Staryu', 'Rapidash', 'Nidoqueen', 'Graveler', 'Seaking', 'Machamp']",31,11,11
smogtours-gen1nu-701163,[Gen 1] NU,2023-07-04 18:09:28,,quickclaw83695,mudsport71981,quickclaw83695,False,"['Venomoth', 'Electrode', 'Mr. Mime', 'Clefable', 'Blastoise']","['Venomoth', 'Charizard', 'Wigglytuff', 'Mr. Mime', 'Clefable', 'Blastoise']",30,5,10
gen1nu-2056509901,[Gen 1] NU,2024-02-10 23:17:32,1000,closecombat37229,recover74685,recover74685,False,"['Pidgeot', 'Vileplume', 'Graveler', 'Machamp', 'Arcanine', 'Blastoise']","['Gastly', 'Mr. Mime', 'Blastoise']",33,8,3
smogtours-gen1nu-808715,[Gen 1] NU,2024-12-01 20:50:29,,quickclaw83695,stoneplate55960,quickclaw83695,False,"['Seadra', 'Golduck', 'Venomoth', 'Magneton', 'Mr. Mime']","['Seadra', 'Venomoth', 'Charizard', 'Raticate', 'Poliwrath', 'Mr. Mime']",28,5,6
smogtours-gen1nu-713145,[Gen 1] NU,2023-08-31 14:07:44,,unknownability847,powerherb16934,powerherb16934,False,"['Seadra', 'Venomoth', 'Charizard', 'Mr. Mime', 'Clefable', 'Blastoise']","['Charizard', 'Raticate', 'Mr. Mime', 'Clefable', 'Fearow', 'Blastoise']",33,11,9
smogtours-gen1nu-667103,[Gen 1] NU,2023-01-03 21:03:39,,deoxysdefense78874,kangaskhan41867,deoxysdefense78874,False,"['Electrode', 'Kabutops', 'Mr. Mime', 'Clefable', 'Blastoise']","['Moltres', 'Charizard', 'Mr. Mime', 'Clefable', 'Blastoise', 'Abra']",32,7,13
gen1nu-2277099059,[Gen 1] NU,2025-01-08 06:56:37,,revenge71921,bulletpunch83527,revenge71921,True,"['Rapidash', 'Aerodactyl', 'Wigglytuff', 'Mr. Mime', 'Venusaur']","['Venomoth', 'Charizard', 'Nidoking', 'Kabutops', 'Raticate', 'Mr. Mime']",26,4,12
smogtours-gen1nu-588543,[Gen 1] NU,2021-10-24 14:20:04,,wailmer43107,encore90411,encore90411,False,"['Charizard', 'Nidoking', 'Mr. Mime', 'Clefable', 'Fearow', 'Blastoise']","['Moltres', 'Kingler', 'Wigglytuff', 'Mr. Mime', 'Clefable']",54,19,17
gen1nu-2193403006,[Gen 1] NU,2024-09-03 02:21:10,,razzberry64813,micleberry24246,razzberry64813,False,"['Kingler', 'Charizard', 'Aerodactyl', 'Dragonair', 'Raticate']","['Charizard', 'Magneton', 'Nidoking', 'Raticate', 'Poliwhirl', 'Mr. Mime']",20,6,7
smogtours-gen1nu-791090,[Gen 1] NU,2024-09-15 22:11:14,,machpunch62379,cascoon94634,machpunch62379,True,"['Moltres', 'Seadra', 'Venomoth', 'Charizard', 'Poliwhirl', 'Mr. Mime']","['Moltres', 'Venomoth', 'Charizard', 'Magneton', 'Poliwrath', 'Mr. Mime']",29,7,10
smogtours-gen1nu-787750,[Gen 1] NU,2024-08-27 20:40:36,,darkvoid33050,misdreavus8935,darkvoid33050,False,"['Venomoth', 'Magneton', 'Raticate', 'Mr. Mime', 'Blastoise']","['Seadra', 'Venomoth', 'Charizard', 'Magneton', 'Raticate', 'Mr. Mime']",37,9,7
gen1nu-2153565711,[Gen 1] NU,2024-07-02 01:20:05,,futuresight13270,gardevoir84608,gardevoir84608,False,"['Venomoth', 'Charizard', 'Aerodactyl', 'Raticate', 'Poliwrath', 'Mr. Mime']","['Moltres', 'Venomoth', 'Charizard', 'Kabutops', 'Raticate', 'Mr. Mime']",39,12,8
gen1nu-2278260957,[Gen 1] NU,2025-01-10 02:33:13,,revenge71921,blizzard53783,revenge71921,False,"['Scyther', 'Venomoth', 'Exeggcute', 'Kabutops', 'Mr. Mime', 'Slowpoke']","['Venomoth', 'Charizard', 'Nidoking', 'Raticate', 'Kabutops', 'Mr. Mime']",28,7,10
smogtours-gen1nu-648061,[Gen 1] NU,2022-09-13 01:53:10,,megakick30660,tyranitar56327,megakick30660,False,"['Venomoth', 'Charizard', 'Poliwhirl', 'Mr. Mime', 'Clefable', 'Blastoise']","['Charizard', 'Exeggcute', 'Kabutops', 'Mr. Mime', 'Clefable', 'Blastoise']",39,5,9
smogtours-gen1nu-663258,[Gen 1] NU,2022-11-29 04:24:30,,koffing28618,harden39394,koffing28618,False,"['Staryu', 'Vileplume', 'Seaking', 'Slowpoke', 'Abra']","['Staryu', 'Rapidash', 'Nidoqueen', 'Graveler', 'Seaking', 'Machamp']",22,5,11
gen1nu-2275679460,[Gen 1] NU,2025-01-05 22:50:43,,revenge71921,bulletpunch83527,bulletpunch83527,False,"['Pidgeot', 'Charizard', 'Kabutops', 'Poliwrath', 'Mr. Mime', 'Parasect']","['Seadra', 'Golduck', 'Charizard', 'Kabutops', 'Mr. Mime', 'Venusaur']",34,7,6
gen1nu-2275832777,[Gen 1] NU,2025-01-06 04:34:37,,revenge71921,bulletpunch83527,revenge71921,True,"['Golduck', 'Mr. Mime', 'Wigglytuff']","['Venomoth', 'Raticate', 'Mr. Mime']",13,3,3
