name,format,played,wins,losses,first_played,last_played,lowest_rating,highest_rating,rating_list,pokemon_used
abra60610,[Gen 1] UU,3,2,1,2021-12-07 04:13:13,2021-12-07 04:49:10,,,,"{'Kadabra': 3, 'Dugtrio': 2, 'Hypno': 3, 'Gyarados': 1, 'Dragonite': 1, 'Tentacruel': 3, 'Persian': 2, 'Articuno': 2}"
absol73157,[Gen 1] UU,5,4,1,2023-04-28 23:35:13,2023-05-18 23:21:16,,,,"{'Clefable': 2, 'Electrode': 2, 'Electabuzz': 1, 'Raichu': 1, 'Gyarados': 1, 'Articuno': 3, 'Kangaskhan': 3, 'Dugtrio': 1, 'Persian': 3, 'Tentacruel': 3, 'Moltres': 1, 'Lapras': 2, 'Kadabra': 2, 'Haunter': 1, 'Hypno': 1, 'Dragonite': 2}"
absorb89091,[Gen 1] UU,6,4,2,2023-07-22 01:41:18,2023-07-22 03:22:33,,,,"{'Kangaskhan': 6, 'Electrode': 4, 'Kadabra': 4, 'Persian': 4, 'Clefable': 6, 'Articuno': 3, 'Dugtrio': 2, 'Dodrio': 2, 'Gyarados': 2, 'Tentacruel': 3}"
acid42394,[Gen 1] UU,3,1,2,2018-12-17 21:42:16,2019-07-08 20:00:20,,,,"{'Clefable': 1, 'Kangaskhan': 3, 'Electrode': 1, 'Kadabra': 3, 'Dugtrio': 3, 'Hypno': 3, 'Haunter': 2, 'Tentacruel': 2}"
acidarmor10815,[Gen 1] UU,20,11,9,2024-06-23 16:37:39,2024-11-10 22:02:09,,,,"{'Kangaskhan': 15, 'Haunter': 7, 'Persian': 4, 'Gyarados': 10, 'Raichu': 2, 'Dragonite': 3, 'Kadabra': 18, 'Articuno': 9, 'Clefable': 5, 'Tentacruel': 17, 'Ninetales': 1, 'Dugtrio': 10, 'Electabuzz': 1, 'Golem': 3, 'Dodrio': 6, 'Vaporeon': 2, 'Venomoth': 1, 'Tangela': 1}"
acupressure6741,[Gen 1] UU,1,0,1,2016-06-02 17:17:47,2016-06-02 17:17:47,1024.0,1024.0,[1024.0],"{'Kangaskhan': 1, 'Dragonair': 1, 'Haunter': 1, 'Dugtrio': 1, 'Arcanine': 1, 'Vaporeon': 1}"
adamantorb51499,[Gen 1] UU,1,1,0,2020-05-11 00:25:18,2020-05-11 00:25:18,,,,"{'Kadabra': 1, 'Golem': 1, 'Dugtrio': 1, 'Hypno': 1, 'Gyarados': 1, 'Tentacruel': 1}"
adaptability45192,[Gen 1] UU,34,23,11,2022-03-19 15:37:42,2023-10-29 14:53:14,,,,"{'Kadabra': 32, 'Dugtrio': 16, 'Gyarados': 10, 'Hypno': 27, 'Dragonite': 8, 'Tentacruel': 33, 'Kangaskhan': 15, 'Dodrio': 6, 'Dewgong': 3, 'Poliwrath': 1, 'Electabuzz': 4, 'Persian': 12, 'Articuno': 15, 'Venusaur': 6, 'Haunter': 5, 'Lapras': 1, 'Pinsir': 1, 'Vaporeon': 1, 'Aerodactyl': 2}"
adaptability73331,[Gen 1] UU,3,2,1,2020-08-10 00:38:25,2020-08-10 01:21:15,,,,"{'Electabuzz': 3, 'Kadabra': 3, 'Hypno': 3, 'Dragonite': 3, 'Tentacruel': 2, 'Omastar': 2}"
aerialace15145,[Gen 1] UU,2,1,1,2024-03-26 07:31:15,2024-03-26 07:49:09,,,,"{'Kangaskhan': 2, 'Kadabra': 2, 'Haunter': 2, 'Dugtrio': 2, 'Articuno': 2, 'Tentacruel': 2}"
aerialace34771,[Gen 1] UU,1,0,1,2016-07-29 20:30:28,2016-07-29 20:30:28,,,,"{'Charizard': 1, 'Butterfree': 1, 'Nidoking': 1, 'Victreebel': 1, 'Raichu': 1, 'Blastoise': 1}"
aerialace51249,[Gen 1] UU,1,0,1,2023-12-06 18:41:58,2023-12-06 18:41:58,1055.0,1055.0,[1055.0],"{'Dugtrio': 1, 'Electabuzz': 1, 'Persian': 1, 'Tentacruel': 1}"
aerialace91334,[Gen 1] UU,1,1,0,2020-07-19 09:59:05,2020-07-19 09:59:05,,,,"{'Kangaskhan': 1, 'Dragonite': 1, 'Haunter': 1, 'Electabuzz': 1, 'Hypno': 1, 'Articuno': 1}"
aeroblast79486,[Gen 1] UU,3,3,0,2025-04-03 05:52:55,2025-04-04 06:28:12,1018.0,1083.0,"[1065.0, 1018.0, 1083.0]","{'Seadra': 3, 'Dugtrio': 2, 'Haunter': 3, 'Hypno': 3, 'Kadabra': 2}"
aeroblast8709,[Gen 1] UU,1,0,1,2024-06-23 20:08:58,2024-06-23 20:08:58,,,,"{'Kadabra': 1, 'Dodrio': 1, 'Dewgong': 1, 'Dugtrio': 1, 'Articuno': 1, 'Tentacruel': 1}"
aerodactyl33919,[Gen 1] UU,1,1,0,2024-10-04 05:30:37,2024-10-04 05:30:37,,,,"{'Kadabra': 1, 'Golem': 1, 'Persian': 1, 'Tangela': 1, 'Dragonite': 1, 'Tentacruel': 1}"
aerodactyl73870,[Gen 1] UU,1,1,0,2019-12-29 09:33:09,2019-12-29 09:33:09,,,,"{'Omastar': 1, 'Kadabra': 1, 'Hypno': 1, 'Tangela': 1, 'Dragonite': 1, 'Tentacruel': 1}"
aggron60452,[Gen 1] UU,8,5,3,2017-12-03 06:52:06,2019-03-12 01:33:20,1026.0,1317.0,"[1026.0, 1317.0]","{'Kadabra': 7, 'Dugtrio': 6, 'Electabuzz': 5, 'Hypno': 7, 'Tentacruel': 7, 'Kangaskhan': 1, 'Dodrio': 1, 'Gyarados': 1, 'Omastar': 1, 'Victreebel': 1, 'Dragonite': 5}"
agility48732,[Gen 1] UU,3,1,2,2016-07-18 20:09:12,2016-07-24 04:07:16,1029.0,1034.0,"[1029.0, 1034.0]","{'Flareon': 3, 'Aerodactyl': 3, 'Graveler': 3, 'Tangela': 3, 'Dragonite': 3, 'Articuno': 3}"
agility81333,[Gen 1] UU,1,0,1,2023-12-14 22:56:18,2023-12-14 22:56:18,1162.0,1162.0,[1162.0],"{'Kangaskhan': 1, 'Tentacruel': 1, 'Kadabra': 1, 'Persian': 1, 'Gyarados': 1, 'Articuno': 1}"
aipom93182,[Gen 1] UU,3,3,0,2020-02-24 01:31:58,2020-03-31 02:27:09,,,,"{'Omastar': 1, 'Haunter': 3, 'Dugtrio': 1, 'Hypno': 3, 'Dragonite': 1, 'Tentacruel': 1, 'Kadabra': 2, 'Persian': 2, 'Gyarados': 2, 'Kangaskhan': 1}"
aircutter24151,[Gen 1] UU,14,5,9,2024-05-03 18:21:26,2024-09-02 19:32:02,,,,"{'Kangaskhan': 10, 'Tentacruel': 10, 'Kadabra': 12, 'Dodrio': 5, 'Dugtrio': 10, 'Articuno': 5, 'Dewgong': 4, 'Gyarados': 3, 'Venusaur': 1, 'Moltres': 2, 'Ninetales': 2, 'Dragonite': 3, 'Persian': 2, 'Arcanine': 1, 'Haunter': 3, 'Electabuzz': 2, 'Omastar': 1, 'Golem': 3, 'Kabutops': 1, 'Clefable': 1}"
aircutter66087,[Gen 1] UU,3,3,0,2023-12-07 18:17:24,2023-12-15 21:17:46,1000.0,1295.0,"[1145.0, 1295.0, 1000.0]","{'Kangaskhan': 3, 'Dugtrio': 3, 'Articuno': 3, 'Raichu': 3, 'Tentacruel': 3, 'Tangela': 2}"
airlock21418,[Gen 1] UU,7,2,5,2024-11-18 19:45:00,2024-11-27 07:29:46,,,,"{'Ninetales': 7, 'Kadabra': 7, 'Haunter': 7, 'Dugtrio': 5, 'Raichu': 7, 'Dragonite': 7, 'Golem': 2}"
airlock67944,[Gen 1] UU,1,0,1,2020-08-11 03:08:01,2020-08-11 03:08:01,,,,"{'Dragonite': 1, 'Haunter': 1, 'Omastar': 1}"
alakazammega2287,[Gen 1] UU,1,0,1,2020-07-26 17:28:21,2020-07-26 17:28:21,,,,"{'Pidgeotto': 1, 'Poliwhirl': 1, 'Ivysaur': 1, 'Wartortle': 1, 'Nidorino': 1, 'Charmeleon': 1}"
alakazammega81122,[Gen 1] UU,1,0,1,2020-08-19 18:34:32,2020-08-19 18:34:32,,,,"{'Electrode': 1, 'Kabutops': 1, 'Mr. Mime': 1, 'Clefable': 1, 'Arcanine': 1, 'Venusaur': 1}"
alakazammega8565,[Gen 1] UU,1,0,1,2020-01-23 06:48:50,2020-01-23 06:48:50,,,,"{'Kangaskhan': 1, 'Electrode': 1, 'Dugtrio': 1, 'Hypno': 1, 'Venusaur': 1, 'Articuno': 1}"
altaria73202,[Gen 1] UU,1,0,1,2019-12-29 09:33:09,2019-12-29 09:33:09,,,,"{'Kadabra': 1, 'Dugtrio': 1, 'Hypno': 1, 'Gyarados': 1, 'Dragonite': 1, 'Tentacruel': 1}"
altaria74196,[Gen 1] UU,1,0,1,2024-12-23 20:29:04,2024-12-23 20:29:04,,,,"{'Golduck': 1, 'Kangaskhan': 1, 'Kadabra': 1, 'Dugtrio': 1, 'Persian': 1, 'Tentacruel': 1}"
amnesia25800,[Gen 1] UU,77,35,42,2020-04-12 19:22:17,2021-10-30 20:11:35,,,,"{'Golduck': 6, 'Kabutops': 20, 'Mr. Mime': 29, 'Clefable': 20, 'Venusaur': 11, 'Fearow': 8, 'Kingler': 5, 'Exeggcute': 9, 'Kangaskhan': 15, 'Kadabra': 34, 'Dugtrio': 32, 'Persian': 20, 'Electabuzz': 6, 'Tentacruel': 44, 'Poliwrath': 4, 'Hypno': 38, 'Dragonite': 16, 'Gyarados': 17, 'Charizard': 8, 'Magneton': 1, 'Blastoise': 22, 'Arcanine': 9, 'Gastly': 10, 'Venomoth': 1, 'Nidoking': 3, 'Slowpoke': 1, 'Tangela': 3, 'Raticate': 7, 'Moltres': 6, 'Vaporeon': 6, 'Omastar': 1, 'Raichu': 2, 'Golem': 8, 'Aerodactyl': 1, 'Articuno': 8, 'Weezing': 1, 'Drowzee': 1, 'Seadra': 4, 'Porygon': 4, 'Machamp': 1, 'Haunter': 4, 'Dodrio': 1, 'Dewgong': 1}"
amnesia97518,[Gen 1] UU,1,0,1,2020-07-26 17:16:38,2020-07-26 17:16:38,,,,"{'Charizard': 1, 'Weezing': 1, 'Arbok': 1, 'Clefable': 1, 'Arcanine': 1, 'Blastoise': 1}"
anorith51450,[Gen 1] UU,2,1,1,2020-08-10 00:38:50,2020-08-10 00:46:20,,,,"{'Dugtrio': 2, 'Articuno': 1, 'Gyarados': 2, 'Hypno': 2, 'Dragonite': 2, 'Tentacruel': 2}"
anorith92954,[Gen 1] UU,4,0,4,2020-06-12 05:47:04,2020-06-12 07:11:52,,,,"{'Electrode': 3, 'Exeggcute': 2, 'Poliwhirl': 2, 'Clefable': 3, 'Arcanine': 2, 'Blastoise': 3, 'Charizard': 1, 'Gastly': 1, 'Machamp': 1, 'Kangaskhan': 1, 'Kadabra': 1, 'Haunter': 1, 'Dugtrio': 1, 'Electabuzz': 1, 'Tentacruel': 1}"
anorith97619,[Gen 1] UU,1,0,1,2016-07-18 06:56:12,2016-07-18 06:56:12,1143.0,1143.0,[1143.0],"{'Kangaskhan': 1, 'Kadabra': 1, 'Graveler': 1, 'Haunter': 1, 'Persian': 1, 'Venusaur': 1}"
anticipation99421,[Gen 1] UU,1,0,1,2020-05-07 21:49:18,2020-05-07 21:49:18,,,,"{'Tentacruel': 1, 'Haunter': 1, 'Dugtrio': 1, 'Hypno': 1, 'Dragonite': 1, 'Vaporeon': 1}"
apicotberry12271,[Gen 1] UU,1,0,1,2019-07-14 11:58:18,2019-07-14 11:58:18,,,,"{'Omastar': 1, 'Kadabra': 1, 'Dragonite': 1, 'Electabuzz': 1, 'Hypno': 1, 'Tentacruel': 1}"
apicotberry36744,[Gen 1] UU,1,0,1,2019-12-13 04:39:21,2019-12-13 04:39:21,1106.0,1106.0,[1106.0],"{'Nidoking': 1, 'Venusaur': 1, 'Rapidash': 1, 'Poliwrath': 1}"
apicotberry40018,[Gen 1] UU,3,1,2,2024-04-17 20:04:28,2024-04-17 20:29:07,,,,"{'Kangaskhan': 3, 'Electrode': 3, 'Kadabra': 2, 'Dugtrio': 3, 'Dragonite': 3, 'Tentacruel': 3}"
aquajet31035,[Gen 1] UU,36,18,18,2022-02-02 03:05:57,2025-01-10 23:46:59,,,,"{'Kangaskhan': 24, 'Dodrio': 15, 'Dugtrio': 16, 'Persian': 24, 'Hypno': 29, 'Tentacruel': 30, 'Clefable': 13, 'Pinsir': 3, 'Dragonite': 6, 'Kadabra': 7, 'Golem': 1, 'Gyarados': 7, 'Electrode': 6, 'Dewgong': 1, 'Articuno': 10, 'Moltres': 1, 'Lapras': 4, 'Slowbro': 4, 'Nidoqueen': 1, 'Haunter': 4, 'Nidoking': 1, 'Ninetales': 2, 'Jolteon': 1, 'Electabuzz': 2}"
aquaring19469,[Gen 1] UU,1,0,1,2016-06-10 15:57:55,2016-06-10 15:57:55,1000.0,1000.0,[1000.0],"{'Arcanine': 1, 'Aerodactyl': 1}"
aquaring89206,[Gen 1] UU,54,31,23,2023-02-09 00:07:30,2025-01-01 21:36:11,1050.0,1050.0,[1050.0],"{'Kadabra': 42, 'Haunter': 18, 'Golem': 14, 'Machamp': 1, 'Dugtrio': 35, 'Gyarados': 15, 'Dewgong': 19, 'Articuno': 24, 'Kangaskhan': 25, 'Tentacruel': 22, 'Dodrio': 15, 'Persian': 16, 'Arcanine': 3, 'Lapras': 6, 'Electrode': 6, 'Hypno': 6, 'Clefable': 10, 'Dragonite': 13, 'Electabuzz': 11, 'Raichu': 2, 'Poliwrath': 1, 'Moltres': 1, 'Ninetales': 5, 'Magneton': 1, 'Dragonair': 2, 'Vaporeon': 1, 'Arbok': 1, 'Victreebel': 1, 'Aerodactyl': 2, 'Venomoth': 1}"
aquatail3880,[Gen 1] UU,3,1,2,2023-01-28 20:41:23,2023-01-28 20:57:09,,,,"{'Lapras': 3, 'Kadabra': 2, 'Golem': 2, 'Persian': 3, 'Hypno': 3, 'Tentacruel': 3}"
aquatail53103,[Gen 1] UU,1,1,0,2025-01-04 23:45:23,2025-01-04 23:45:23,,,,"{'Kangaskhan': 1, 'Kadabra': 1, 'Haunter': 1, 'Dugtrio': 1, 'Gyarados': 1, 'Tentacruel': 1}"
arcanine92730,[Gen 1] UU,2,2,0,2018-12-21 22:12:50,2018-12-24 16:11:31,,,,"{'Dugtrio': 2, 'Electabuzz': 2, 'Hypno': 2, 'Dragonite': 2, 'Articuno': 2, 'Tentacruel': 1}"
arceusdragon730,[Gen 1] UU,1,0,1,2017-12-18 20:09:43,2017-12-18 20:09:43,,,,"{'Kangaskhan': 1, 'Omastar': 1, 'Kadabra': 1, 'Hypno': 1, 'Dragonite': 1, 'Tentacruel': 1}"
arceusghost51402,[Gen 1] UU,2,2,0,2024-09-09 14:29:58,2024-09-09 14:31:42,,,,"{'Kangaskhan': 1, 'Kadabra': 1, 'Dodrio': 1, 'Electabuzz': 1, 'Dragonite': 1, 'Tentacruel': 1, 'Clefable': 1}"
arceusghost8496,[Gen 1] UU,8,2,6,2022-07-31 21:29:06,2023-07-06 01:03:16,,,,"{'Kangaskhan': 5, 'Kadabra': 7, 'Dugtrio': 3, 'Gyarados': 2, 'Hypno': 6, 'Tentacruel': 5, 'Persian': 6, 'Electabuzz': 3, 'Dragonite': 3, 'Aerodactyl': 1, 'Vaporeon': 2, 'Victreebel': 2, 'Charizard': 1, 'Golduck': 1}"
arceusice70762,[Gen 1] UU,1,0,1,2021-06-06 19:19:20,2021-06-06 19:19:20,,,,"{'Tentacruel': 1, 'Kadabra': 1, 'Dugtrio': 1, 'Persian': 1, 'Hypno': 1, 'Articuno': 1}"
arceusrock53100,[Gen 1] UU,1,0,1,2025-04-05 01:16:11,2025-04-05 01:16:11,,,,"{'Pidgeot': 1, 'Charizard': 1, 'Kangaskhan': 1, 'Exeggcute': 1, 'Haunter': 1, 'Dragonite': 1}"
arceussteel79571,[Gen 1] UU,3,2,1,2019-09-16 00:31:58,2020-01-07 03:45:32,,,,"{'Shellder': 2, 'Pikachu': 2, 'Diglett': 2, 'Bulbasaur': 1, 'Abra': 2, 'Exeggcute': 1, 'Gastly': 1, 'Machamp': 1, 'Persian': 1, 'Hypno': 1, 'Venusaur': 1, 'Gyarados': 1, 'Dragonite': 1}"
arceuswater57688,[Gen 1] UU,3,0,3,2022-01-14 21:03:57,2022-07-30 20:13:32,,,,"{'Vaporeon': 1, 'Kadabra': 1, 'Dugtrio': 3, 'Hypno': 1, 'Dragonite': 3, 'Tentacruel': 1, 'Kangaskhan': 2, 'Dodrio': 2, 'Persian': 2, 'Slowpoke': 1, 'Articuno': 1}"
arenatrap65458,[Gen 1] UU,1,1,0,2022-01-24 00:24:49,2022-01-24 00:24:49,,,,"{'Tentacruel': 1, 'Kadabra': 1, 'Articuno': 1, 'Hypno': 1, 'Venusaur': 1, 'Vaporeon': 1}"
ariados11470,[Gen 1] UU,1,0,1,2017-12-03 03:05:52,2017-12-03 03:05:52,1000.0,1000.0,[1000.0],"{'Kingler': 1, 'Kangaskhan': 1, 'Aerodactyl': 1, 'Victreebel': 1, 'Hypno': 1, 'Raichu': 1}"
ariados84574,[Gen 1] UU,2,0,2,2020-01-06 11:36:44,2020-01-16 17:22:14,,,,"{'Omastar': 2, 'Haunter': 2, 'Dugtrio': 2, 'Hypno': 2, 'Dragonite': 2, 'Tentacruel': 2}"
armaldo79714,[Gen 1] UU,5,1,4,2025-01-11 21:05:47,2025-01-29 21:41:58,,,,"{'Kangaskhan': 5, 'Kadabra': 4, 'Haunter': 2, 'Persian': 2, 'Gyarados': 2, 'Raichu': 1, 'Ninetales': 3, 'Omastar': 1, 'Dugtrio': 2, 'Dodrio': 3, 'Dragonite': 3, 'Clefable': 1, 'Vaporeon': 1}"
armthrust70480,[Gen 1] UU,9,2,7,2016-06-07 23:06:47,2016-11-20 19:00:17,1165.0,1165.0,[1165.0],"{'Moltres': 1, 'Victreebel': 4, 'Persian': 5, 'Raichu': 6, 'Dragonite': 2, 'Articuno': 2, 'Kadabra': 5, 'Haunter': 2, 'Rhydon': 4, 'Tentacruel': 1, 'Hypno': 2, 'Gyarados': 1, 'Scyther': 1, 'Venomoth': 3, 'Staryu': 3, 'Porygon': 3, 'Nidoking': 3, 'Nidoqueen': 3, 'Blastoise': 2}"
armthrust74621,[Gen 1] UU,3,2,1,2020-11-06 19:39:51,2020-11-06 20:55:09,,,,"{'Kangaskhan': 1, 'Kadabra': 3, 'Persian': 1, 'Hypno': 3, 'Tentacruel': 3, 'Omastar': 1, 'Electabuzz': 1, 'Dragonite': 2, 'Vaporeon': 1, 'Dugtrio': 1}"
articuno2519,[Gen 1] UU,3,1,2,2024-01-06 17:49:22,2024-01-06 18:04:12,,,,"{'Haunter': 1, 'Dodrio': 3, 'Dewgong': 1, 'Persian': 2, 'Gyarados': 1, 'Tangela': 1, 'Kangaskhan': 2, 'Kadabra': 2, 'Dugtrio': 2, 'Electabuzz': 1, 'Tentacruel': 2}"
articuno60072,[Gen 1] UU,1,0,1,2016-06-05 19:05:56,2016-06-05 19:05:56,,,,"{'Charizard': 1, 'Electrode': 1, 'Graveler': 1, 'Haunter': 1, 'Persian': 1, 'Gyarados': 1}"
aspearberry45831,[Gen 1] UU,5,0,5,2016-08-08 19:14:44,2016-08-08 19:42:53,,,,"{'Kadabra': 3, 'Poliwrath': 2, 'Haunter': 3, 'Gyarados': 5, 'Raichu': 4, 'Hypno': 5, 'Kangaskhan': 4, 'Rhydon': 2, 'Raticate': 1, 'Persian': 1}"
assist42416,[Gen 1] UU,1,1,0,2020-06-09 03:31:52,2020-06-09 03:31:52,,,,"{'Porygon': 1, 'Kangaskhan': 1, 'Kadabra': 1, 'Machamp': 1, 'Electabuzz': 1, 'Tentacruel': 1}"
assurance24082,[Gen 1] UU,1,0,1,2020-03-16 21:31:15,2020-03-16 21:31:15,,,,"{'Kangaskhan': 1, 'Kadabra': 1, 'Persian': 1, 'Gyarados': 1, 'Hypno': 1, 'Tentacruel': 1}"
assurance48574,[Gen 1] UU,8,5,3,2024-04-08 21:20:32,2024-05-05 19:26:06,,,,"{'Kadabra': 7, 'Golem': 1, 'Dewgong': 1, 'Dugtrio': 7, 'Articuno': 6, 'Ninetales': 3, 'Kangaskhan': 7, 'Tentacruel': 5, 'Clefable': 1, 'Gyarados': 2, 'Haunter': 2, 'Dodrio': 2, 'Arcanine': 1}"
astonish32045,[Gen 1] UU,21,9,12,2021-06-05 01:19:03,2024-09-16 02:23:08,,,,"{'Electabuzz': 4, 'Kadabra': 13, 'Poliwrath': 3, 'Gyarados': 6, 'Hypno': 14, 'Tentacruel': 11, 'Lapras': 1, 'Kangaskhan': 12, 'Electrode': 3, 'Golem': 1, 'Omastar': 3, 'Dugtrio': 9, 'Dragonite': 7, 'Dewgong': 4, 'Persian': 9, 'Articuno': 4, 'Haunter': 8, 'Dodrio': 5, 'Tangela': 1, 'Clefable': 2, 'Aerodactyl': 1}"
astonish72019,[Gen 1] UU,11,8,3,2020-06-12 05:47:04,2020-08-10 01:21:15,,,,"{'Sandslash': 3, 'Mr. Mime': 4, 'Venusaur': 4, 'Vaporeon': 2, 'Kangaskhan': 4, 'Kadabra': 6, 'Haunter': 4, 'Dugtrio': 4, 'Hypno': 7, 'Tentacruel': 6, 'Omastar': 3, 'Electabuzz': 6, 'Dragonite': 3, 'Clefable': 1}"
aurasphere15727,[Gen 1] UU,1,0,1,2016-06-01 18:43:25,2016-06-01 18:43:25,1000.0,1000.0,[1000.0],"{'Moltres': 1, 'Haunter': 1, 'Dugtrio': 1, 'Venusaur': 1, 'Dragonite': 1, 'Articuno': 1}"
aurasphere26323,[Gen 1] UU,2,1,1,2019-05-20 01:29:26,2019-05-20 01:38:53,,,,"{'Venomoth': 2, 'Porygon': 2, 'Omastar': 2, 'Nidoking': 2, 'Slowpoke': 2, 'Abra': 2}"
aurasphere76841,[Gen 1] UU,96,59,37,2023-10-09 19:26:20,2025-05-10 20:20:45,,,,"{'Kangaskhan': 49, 'Electrode': 10, 'Kadabra': 81, 'Gyarados': 14, 'Dragonite': 32, 'Tentacruel': 57, 'Haunter': 33, 'Dodrio': 36, 'Dewgong': 36, 'Electabuzz': 29, 'Articuno': 43, 'Lapras': 6, 'Jolteon': 2, 'Slowbro': 5, 'Dugtrio': 49, 'Hypno': 5, 'Venomoth': 3, 'Tangela': 9, 'Persian': 11, 'Clefable': 10, 'Nidoking': 2, 'Ninetales': 4, 'Vaporeon': 10, 'Golem': 10, 'Raichu': 1, 'Moltres': 2, 'Tauros': 1, 'Seadra': 1, 'Exeggcute': 1, 'Venusaur': 1}"
avalanche8773,[Gen 1] UU,1,0,1,2023-12-05 01:55:23,2023-12-05 01:55:23,1000.0,1000.0,[1000.0],{'Tangela': 1}
avalanche93590,[Gen 1] UU,3,0,3,2024-04-12 21:30:54,2025-04-06 23:41:25,1142.0,1142.0,[1142.0],"{'Haunter': 3, 'Dodrio': 1, 'Dugtrio': 3, 'Articuno': 1, 'Electabuzz': 1, 'Tentacruel': 2, 'Kangaskhan': 1, 'Kadabra': 2, 'Dragonite': 1, 'Lapras': 1, 'Electrode': 1, 'Golem': 1}"
azelf20681,[Gen 1] UU,2,1,1,2021-06-05 20:30:57,2021-06-05 20:47:17,,,,"{'Tentacruel': 2, 'Kadabra': 1, 'Dugtrio': 2, 'Hypno': 2, 'Dragonite': 2, 'Articuno': 2, 'Gyarados': 1}"
bagon13919,[Gen 1] UU,1,0,1,2019-07-17 21:32:27,2019-07-17 21:32:27,,,,"{'Aerodactyl': 1, 'Magneton': 1, 'Nidoking': 1, 'Dewgong': 1, 'Victreebel': 1, 'Hypno': 1}"
banette79978,[Gen 1] UU,1,0,1,2016-06-19 21:40:25,2016-06-19 21:40:25,,,,"{'Moltres': 1, 'Electabuzz': 1, 'Haunter': 1, 'Victreebel': 1, 'Hypno': 1, 'Tentacruel': 1}"
barboach88300,[Gen 1] UU,3,2,1,2025-01-12 20:10:26,2025-01-12 20:25:45,,,,"{'Lapras': 2, 'Jolteon': 1, 'Kangaskhan': 2, 'Slowbro': 3, 'Dugtrio': 2, 'Articuno': 3, 'Hypno': 2}"
barrier34526,[Gen 1] UU,3,3,0,2016-07-12 18:41:59,2016-07-26 20:15:13,,,,"{'Moltres': 1, 'Haunter': 2, 'Hypno': 3, 'Raichu': 2, 'Dragonite': 3, 'Articuno': 3, 'Kadabra': 1}"
batonpass43312,[Gen 1] UU,1,0,1,2023-12-20 20:34:11,2023-12-20 20:34:11,1000.0,1000.0,[1000.0],"{'Kangaskhan': 1, 'Aerodactyl': 1, 'Dewgong': 1, 'Venusaur': 1, 'Dragonite': 1, 'Tentacruel': 1}"
battlearmor43290,[Gen 1] UU,1,0,1,2019-09-22 20:37:27,2019-09-22 20:37:27,,,,"{'Venomoth': 1, 'Sandslash': 1, 'Poliwrath': 1, 'Persian': 1, 'Electabuzz': 1, 'Tangela': 1}"
bayleef60690,[Gen 1] UU,5,5,0,2020-07-27 01:40:35,2020-07-27 02:51:01,,,,"{'Dragonite': 3, 'Articuno': 4, 'Hypno': 5, 'Kadabra': 3, 'Electabuzz': 3, 'Persian': 3, 'Dugtrio': 1, 'Raichu': 1}"
bayleef79685,[Gen 1] UU,2,0,2,2024-08-28 23:23:50,2024-08-28 23:32:07,,,,"{'Kangaskhan': 2, 'Kadabra': 2, 'Haunter': 2, 'Dugtrio': 2, 'Persian': 2, 'Tentacruel': 2}"
beatup18895,[Gen 1] UU,2,0,2,2025-01-18 02:06:35,2025-01-18 02:14:01,,,,"{'Jolteon': 1, 'Haunter': 1, 'Golem': 1, 'Dewgong': 1, 'Hypno': 2, 'Tentacruel': 1, 'Lapras': 1, 'Slowbro': 1, 'Victreebel': 1, 'Persian': 1, 'Raichu': 1}"
beatup53302,[Gen 1] UU,1,0,1,2020-07-26 19:19:53,2020-07-26 19:19:53,,,,"{'Scyther': 1, 'Electrode': 1, 'Kadabra': 1, 'Golem': 1, 'Venusaur': 1, 'Dragonite': 1}"
beatup77526,[Gen 1] UU,1,1,0,2023-12-02 16:02:16,2023-12-02 16:02:16,1000.0,1000.0,[1000.0],"{'Omastar': 1, 'Dugtrio': 1, 'Electabuzz': 1, 'Tangela': 1, 'Tentacruel': 1}"
beedrill59330,[Gen 1] UU,2,2,0,2024-11-15 21:43:19,2024-11-15 21:54:25,,,,"{'Kadabra': 2, 'Dodrio': 2, 'Dugtrio': 2, 'Clefable': 2, 'Kangaskhan': 1, 'Tentacruel': 1}"
beldum40561,[Gen 1] UU,1,0,1,2016-06-04 03:40:42,2016-06-04 03:40:42,1150.0,1150.0,[1150.0],"{'Kangaskhan': 1, 'Tentacruel': 1, 'Haunter': 1, 'Dodrio': 1, 'Persian': 1, 'Articuno': 1}"
berry1921,[Gen 1] UU,4,4,0,2025-04-09 07:10:11,2025-04-12 22:42:31,1000.0,1144.0,"[1053.0, 1000.0, 1113.0, 1144.0]","{'Lapras': 3, 'Kangaskhan': 3, 'Kadabra': 3, 'Haunter': 4, 'Dugtrio': 3, 'Hypno': 4}"
berry28840,[Gen 1] UU,1,0,1,2016-07-25 14:23:15,2016-07-25 14:23:15,,,,"{'Golduck': 1, 'Rapidash': 1, 'Sandslash': 1, 'Persian': 1, 'Hitmonlee': 1, 'Venusaur': 1}"
berry72698,[Gen 1] UU,2,0,2,2023-06-22 17:05:43,2023-06-22 17:10:16,,,,"{'Kangaskhan': 2, 'Electrode': 1, 'Kadabra': 2, 'Dewgong': 2, 'Electabuzz': 1, 'Raichu': 1, 'Moltres': 1, 'Persian': 1, 'Tentacruel': 1}"
berryjuice46410,[Gen 1] UU,1,0,1,2022-07-17 20:39:00,2022-07-17 20:39:00,,,,"{'Kadabra': 1, 'Victreebel': 1, 'Persian': 1, 'Hypno': 1, 'Articuno': 1, 'Tentacruel': 1}"
bibarel52508,[Gen 1] UU,3,1,2,2023-02-19 01:29:46,2023-02-19 02:09:37,,,,"{'Lapras': 3, 'Kadabra': 2, 'Persian': 2, 'Hypno': 3, 'Dragonite': 1, 'Tentacruel': 2, 'Electabuzz': 1, 'Kangaskhan': 1, 'Gyarados': 1, 'Raichu': 1}"
bide2944,[Gen 1] UU,1,1,0,2019-05-06 11:22:24,2019-05-06 11:22:24,,,,"{'Kadabra': 1, 'Dragonite': 1, 'Omastar': 1, 'Hypno': 1}"
bide32585,[Gen 1] UU,4,2,2,2019-10-29 02:24:19,2024-01-07 16:19:10,,,,"{'Kangaskhan': 1, 'Tentacruel': 2, 'Kadabra': 3, 'Haunter': 2, 'Clefable': 1, 'Articuno': 3, 'Electrode': 1, 'Dodrio': 2, 'Dewgong': 1, 'Dugtrio': 1, 'Staryu': 1, 'Rhyhorn': 1, 'Exeggcute': 1, 'Slowpoke': 1, 'Gastly': 1, 'Abra': 1, 'Dragonite': 1}"
bide81826,[Gen 1] UU,3,1,2,2024-06-24 23:53:22,2024-06-25 00:18:39,,,,"{'Kadabra': 3, 'Haunter': 2, 'Dugtrio': 3, 'Persian': 2, 'Raichu': 2, 'Tentacruel': 3, 'Flareon': 1, 'Electrode': 1, 'Tangela': 1}"
bide85657,[Gen 1] UU,79,39,40,2020-08-22 19:55:53,2024-09-07 16:36:40,,,,"{'Kadabra': 66, 'Dewgong': 9, 'Dugtrio': 41, 'Persian': 24, 'Hypno': 37, 'Tentacruel': 66, 'Kangaskhan': 50, 'Electabuzz': 14, 'Dragonite': 23, 'Haunter': 19, 'Articuno': 31, 'Tangela': 8, 'Dodrio': 22, 'Omastar': 8, 'Gyarados': 10, 'Aerodactyl': 4, 'Vaporeon': 12, 'Electrode': 3, 'Venusaur': 6, 'Golem': 2, 'Seadra': 1, 'Nidoking': 1, 'Mr. Mime': 1, 'Clefable': 1, 'Moltres': 1, 'Raichu': 1}"
bidoof1013,[Gen 1] UU,1,1,0,2020-01-23 06:48:50,2020-01-23 06:48:50,,,,"{'Kadabra': 1, 'Dugtrio': 1, 'Hypno': 1, 'Gyarados': 1, 'Tentacruel': 1}"
bidoof62502,[Gen 1] UU,5,4,1,2021-10-19 15:12:33,2022-10-22 14:12:24,,,,"{'Kangaskhan': 5, 'Kadabra': 5, 'Dugtrio': 4, 'Hypno': 5, 'Dragonite': 5, 'Tentacruel': 5}"
bigroot17351,[Gen 1] UU,1,0,1,2016-07-10 13:50:12,2016-07-10 13:50:12,1000.0,1000.0,[1000.0],"{'Charizard': 1, 'Butterfree': 1, 'Flareon': 1, 'Hypno': 1, 'Gyarados': 1, 'Blastoise': 1}"
bite48561,[Gen 1] UU,1,0,1,2019-12-23 18:55:59,2019-12-23 18:55:59,,,,"{'Kangaskhan': 1, 'Aerodactyl': 1, 'Electrode': 1, 'Dugtrio': 1, 'Hypno': 1, 'Blastoise': 1}"
bite81271,[Gen 1] UU,2,0,2,2024-08-25 16:21:41,2024-08-25 16:27:09,,,,"{'Kangaskhan': 2, 'Kadabra': 2, 'Dugtrio': 1, 'Clefable': 2, 'Dragonite': 2, 'Tentacruel': 2, 'Dodrio': 1}"
bitterberry84865,[Gen 1] UU,1,1,0,2020-07-26 10:53:17,2020-07-26 10:53:17,,,,"{'Kadabra': 1, 'Golem': 1, 'Persian': 1, 'Articuno': 1, 'Dragonite': 1, 'Tentacruel': 1}"
bitterberry84906,[Gen 1] UU,4,2,2,2024-12-23 22:15:59,2025-01-10 23:46:59,,,,"{'Lapras': 4, 'Kangaskhan': 4, 'Slowbro': 3, 'Haunter': 1, 'Golem': 3, 'Hypno': 4, 'Jolteon': 3, 'Dodrio': 1, 'Dugtrio': 1}"
blackbelt92832,[Gen 1] UU,1,0,1,2019-04-14 09:29:50,2019-04-14 09:29:50,,,,"{'Omastar': 1, 'Kadabra': 1, 'Electabuzz': 1, 'Hypno': 1, 'Dragonite': 1, 'Tentacruel': 1}"
blacksludge51430,[Gen 1] UU,1,0,1,2016-07-30 04:41:40,2016-07-30 04:41:40,1106.0,1106.0,[1106.0],"{'Kangaskhan': 1, 'Haunter': 1, 'Machamp': 1, 'Lickitung': 1, 'Hypno': 1, 'Dragonite': 1}"
blacksludge68244,[Gen 1] UU,2,1,1,2019-12-08 03:34:49,2019-12-09 01:48:40,1101.0,1101.0,[1101.0],"{'Kangaskhan': 1, 'Kadabra': 2, 'Persian': 1, 'Hypno': 2, 'Dragonite': 2, 'Vaporeon': 1, 'Electabuzz': 1, 'Golem': 1, 'Tentacruel': 1}"
blastburn3217,[Gen 1] UU,2,0,2,2019-12-22 20:40:31,2020-01-12 20:49:45,,,,"{'Ninetales': 1, 'Tentacruel': 1, 'Kadabra': 1, 'Golem': 1, 'Venusaur': 1, 'Articuno': 1, 'Venomoth': 1, 'Porygon': 1, 'Rapidash': 1, 'Nidoking': 1, 'Slowpoke': 1, 'Blastoise': 1}"
blastburn62773,[Gen 1] UU,1,0,1,2016-07-30 01:37:31,2016-07-30 01:37:31,1000.0,1000.0,[1000.0],"{'Scyther': 1, 'Charizard': 1, 'Aerodactyl': 1, 'Arcanine': 1, 'Dragonite': 1, 'Blastoise': 1}"
blastoise51105,[Gen 1] UU,1,0,1,2019-07-28 03:37:58,2019-07-28 03:37:58,,,,"{'Charizard': 1, 'Kadabra': 1, 'Kabutops': 1, 'Machamp': 1, 'Ditto': 1, 'Blastoise': 1}"
blaze23001,[Gen 1] UU,2,1,1,2024-01-16 13:00:01,2024-01-16 13:09:08,,,,"{'Metapod': 1, 'Scyther': 1, 'Kakuna': 1, 'Pidgeotto': 1, 'Pidgey': 1}"
blaze75887,[Gen 1] UU,1,1,0,2019-06-25 06:09:06,2019-06-25 06:09:06,,,,"{'Kangaskhan': 1, 'Kadabra': 1, 'Persian': 1, 'Hypno': 1, 'Gyarados': 1, 'Tentacruel': 1}"
blazekick11627,[Gen 1] UU,3,1,2,2019-11-04 11:21:01,2019-12-09 22:53:45,,,,"{'Kadabra': 3, 'Golem': 1, 'Persian': 1, 'Electabuzz': 3, 'Dragonite': 3, 'Tentacruel': 2, 'Omastar': 1, 'Hypno': 2}"
blazekick42234,[Gen 1] UU,1,0,1,2019-03-12 01:33:20,2019-03-12 01:33:20,,,,"{'Electabuzz': 1, 'Omastar': 1, 'Kadabra': 1, 'Hypno': 1, 'Dragonite': 1, 'Tentacruel': 1}"
blazekick5397,[Gen 1] UU,1,0,1,2018-12-01 20:34:05,2018-12-01 20:34:05,,,,"{'Ninetales': 1, 'Electabuzz': 1, 'Dugtrio': 1, 'Hypno': 1, 'Raichu': 1, 'Vaporeon': 1}"
blizzard20640,[Gen 1] UU,1,0,1,2016-06-09 23:00:14,2016-06-09 23:00:14,1000.0,1000.0,[1000.0],"{'Muk': 1, 'Charizard': 1, 'Venusaur': 1, 'Articuno': 1}"
block69596,[Gen 1] UU,1,1,0,2020-04-13 23:42:25,2020-04-13 23:42:25,,,,"{'Tentacruel': 1, 'Haunter': 1, 'Persian': 1, 'Hypno': 1, 'Raichu': 1, 'Articuno': 1}"
blukberry34885,[Gen 1] UU,1,0,1,2020-03-05 02:47:13,2020-03-05 02:47:13,,,,"{'Charizard': 1, 'Butterfree': 1, 'Nidoking': 1, 'Golem': 1, 'Clefable': 1, 'Articuno': 1}"
boneclub8331,[Gen 1] UU,1,0,1,2024-10-06 19:44:25,2024-10-06 19:44:25,,,,"{'Ninetales': 1, 'Omastar': 1, 'Dodrio': 1, 'Dugtrio': 1, 'Dewgong': 1, 'Raichu': 1}"
bonemerang65844,[Gen 1] UU,3,1,2,2024-07-13 21:05:41,2024-07-13 21:40:58,,,,"{'Kangaskhan': 2, 'Kadabra': 3, 'Dodrio': 1, 'Gyarados': 3, 'Tangela': 1, 'Tentacruel': 1, 'Aerodactyl': 2, 'Haunter': 2, 'Dugtrio': 1, 'Dragonite': 1, 'Vaporeon': 1}"
bonemerang85752,[Gen 1] UU,1,0,1,2020-04-22 20:31:40,2020-04-22 20:31:40,,,,"{'Omastar': 1, 'Seaking': 1, 'Arbok': 1, 'Muk': 1, 'Arcanine': 1, 'Dragonite': 1}"
bonerush13340,[Gen 1] UU,18,18,0,2016-07-10 10:29:00,2016-07-26 17:50:56,1000.0,1203.0,"[1039.0, 1000.0, 1000.0, 1130.0, 1014.0, 1030.0, 1000.0, 1203.0, 1028.0, 1000.0, 1143.0]","{'Charizard': 13, 'Hypno': 7, 'Raichu': 13, 'Venusaur': 15, 'Articuno': 12, 'Poliwrath': 10, 'Dragonite': 9}"
bounce83432,[Gen 1] UU,2,0,2,2019-07-29 11:17:02,2020-05-11 00:49:16,,,,"{'Charizard': 1, 'Sandslash': 1, 'Electrode': 1, 'Kadabra': 1, 'Dewgong': 1, 'Venusaur': 1, 'Dugtrio': 1, 'Articuno': 1, 'Gyarados': 1, 'Hypno': 1, 'Tentacruel': 1}"
brickbreak13137,[Gen 1] UU,2,0,2,2021-11-14 13:22:22,2021-11-14 13:30:15,,,,"{'Tentacruel': 2, 'Kadabra': 1, 'Dugtrio': 1, 'Gyarados': 1, 'Hypno': 2, 'Articuno': 1, 'Kangaskhan': 1, 'Aerodactyl': 1, 'Vaporeon': 1, 'Electabuzz': 1}"
brickbreak18878,[Gen 1] UU,1,1,0,2019-08-18 14:01:19,2019-08-18 14:01:19,,,,{'Kadabra': 1}
brightpowder94889,[Gen 1] UU,1,1,0,2023-12-05 01:55:23,2023-12-05 01:55:23,1000.0,1000.0,[1000.0],"{'Tangela': 1, 'Dugtrio': 1}"
bronzong46964,[Gen 1] UU,1,1,0,2017-12-14 16:08:23,2017-12-14 16:08:23,,,,"{'Ninetales': 1, 'Kangaskhan': 1, 'Dugtrio': 1, 'Persian': 1, 'Hypno': 1, 'Vaporeon': 1}"
bronzong52273,[Gen 1] UU,1,1,0,2024-03-10 18:46:34,2024-03-10 18:46:34,,,,"{'Haunter': 1, 'Golem': 1, 'Dodrio': 1, 'Articuno': 1, 'Dragonite': 1, 'Tentacruel': 1}"
bubble72315,[Gen 1] UU,1,0,1,2025-04-01 20:00:52,2025-04-01 20:00:52,1051.0,1051.0,[1051.0],"{'Raichu': 1, 'Tentacruel': 1, 'Golem': 1}"
bubblebeam5253,[Gen 1] UU,1,1,0,2016-06-29 20:38:46,2016-06-29 20:38:46,1000.0,1000.0,[1000.0],{'Haunter': 1}
bug99182,[Gen 1] UU,9,5,4,2022-10-03 00:40:06,2022-10-23 21:27:18,,,,"{'Kangaskhan': 7, 'Tentacruel': 9, 'Dodrio': 4, 'Persian': 8, 'Hypno': 9, 'Articuno': 1, 'Kadabra': 5, 'Haunter': 3, 'Gyarados': 2, 'Dugtrio': 2, 'Dragonite': 2}"
bugbite50918,[Gen 1] UU,1,0,1,2020-05-11 11:43:42,2020-05-11 11:43:42,,,,"{'Kadabra': 1, 'Dugtrio': 1, 'Hypno': 1, 'Gyarados': 1, 'Dragonite': 1, 'Tentacruel': 1}"
bulletpunch90367,[Gen 1] UU,1,0,1,2022-01-29 14:39:59,2022-01-29 14:39:59,,,,"{'Tentacruel': 1, 'Kadabra': 1, 'Dugtrio': 1, 'Persian': 1, 'Hypno': 1, 'Articuno': 1}"
bulletseed19358,[Gen 1] UU,197,101,96,2020-04-23 04:32:19,2025-05-25 20:38:26,,,,"{'Moltres': 29, 'Golduck': 17, 'Mr. Mime': 26, 'Clefable': 31, 'Arcanine': 33, 'Venusaur': 44, 'Lapras': 33, 'Dugtrio': 50, 'Persian': 59, 'Hypno': 129, 'Dragonite': 67, 'Tentacruel': 141, 'Fearow': 11, 'Blastoise': 23, 'Kabutops': 10, 'Electrode': 2, 'Raichu': 3, 'Articuno': 40, 'Kangaskhan': 88, 'Kadabra': 118, 'Haunter': 45, 'Exeggcute': 7, 'Charizard': 8, 'Dewgong': 14, 'Gyarados': 38, 'Electabuzz': 14, 'Golem': 9, 'Ninetales': 4, 'Porygon': 5, 'Raticate': 1, 'Dodrio': 21, 'Omastar': 9, 'Poliwrath': 1, 'Nidoking': 3, 'Tangela': 5, 'Seadra': 5, 'Vaporeon': 10, 'Dragonair': 1, 'Aerodactyl': 1, 'Venomoth': 1, 'Rapidash': 1, 'Victreebel': 1}"
bulletseed80821,[Gen 1] UU,1,0,1,2023-12-02 18:23:20,2023-12-02 18:23:20,1057.0,1057.0,[1057.0],"{'Kadabra': 1, 'Dugtrio': 1, 'Haunter': 1, 'Gyarados': 1}"
buneary57593,[Gen 1] UU,10,4,6,2023-02-01 01:29:39,2024-04-12 12:23:55,,,,"{'Lapras': 3, 'Kangaskhan': 7, 'Kadabra': 9, 'Persian': 4, 'Hypno': 4, 'Tentacruel': 7, 'Electabuzz': 1, 'Dragonite': 5, 'Haunter': 3, 'Dugtrio': 7, 'Dewgong': 4, 'Omastar': 1, 'Clefable': 2, 'Dodrio': 2, 'Articuno': 1}"
burmy16598,[Gen 1] UU,6,6,0,2025-01-02 21:06:57,2025-04-01 22:04:35,1000.0,1092.0,"[1000.0, 1092.0, 1000.0]","{'Venomoth': 6, 'Raticate': 6, 'Lapras': 5, 'Kangaskhan': 1, 'Dugtrio': 5, 'Hypno': 1, 'Slowbro': 3, 'Nidoking': 3}"
burmy27667,[Gen 1] UU,2,2,0,2023-11-12 22:10:47,2023-11-12 22:19:33,,,,"{'Kangaskhan': 1, 'Kadabra': 2, 'Golem': 1, 'Dugtrio': 2, 'Articuno': 1, 'Tentacruel': 2, 'Electabuzz': 1, 'Dragonite': 1}"
burmy53054,[Gen 1] UU,1,0,1,2022-01-08 21:29:14,2022-01-08 21:29:14,,,,"{'Kangaskhan': 1, 'Kadabra': 1, 'Dodrio': 1, 'Persian': 1, 'Hypno': 1, 'Tentacruel': 1}"
cacturne68662,[Gen 1] UU,6,4,2,2024-04-07 21:15:04,2024-04-13 14:30:07,,,,"{'Kangaskhan': 4, 'Tentacruel': 6, 'Kadabra': 4, 'Dodrio': 4, 'Electabuzz': 4, 'Articuno': 5, 'Haunter': 4, 'Dugtrio': 2, 'Gyarados': 2}"
calmmind8048,[Gen 1] UU,15,0,15,2023-12-02 16:08:58,2025-04-02 04:24:43,1023.0,1295.0,"[1117.0, 1180.0, 1203.0, 1150.0, 1073.0, 1295.0, 1090.0, 1092.0, 1105.0, 1075.0, 1023.0, 1049.0, 1045.0]","{'Kangaskhan': 15, 'Kadabra': 9, 'Haunter': 7, 'Dewgong': 6, 'Persian': 9, 'Tangela': 7, 'Articuno': 5, 'Lapras': 6, 'Electabuzz': 8, 'Clefable': 3, 'Hypno': 6, 'Tentacruel': 1, 'Ninetales': 3, 'Victreebel': 2, 'Vaporeon': 2}"
camouflage13823,[Gen 1] UU,4,0,4,2020-07-27 02:08:34,2020-07-27 02:51:01,,,,"{'Venomoth': 3, 'Electrode': 2, 'Golem': 1, 'Clefable': 1, 'Arcanine': 1, 'Dragonite': 4, 'Electabuzz': 3, 'Dugtrio': 3, 'Gyarados': 1, 'Tentacruel': 1, 'Ninetales': 1, 'Hitmonlee': 1, 'Haunter': 2}"
captivate70788,[Gen 1] UU,1,0,1,2019-12-18 09:08:20,2019-12-18 09:08:20,,,,"{'Ninetales': 1, 'Dodrio': 1, 'Venusaur': 1, 'Dragonite': 1, 'Articuno': 1}"
cascoon27599,[Gen 1] UU,1,0,1,2025-04-08 15:34:10,2025-04-08 15:34:10,1000.0,1000.0,[1000.0],"{'Kangaskhan': 1, 'Omastar': 1, 'Dodrio': 1, 'Persian': 1, 'Hypno': 1, 'Articuno': 1}"
cascoon94634,[Gen 1] UU,92,55,37,2022-04-24 13:20:49,2024-07-23 00:24:32,,,,"{'Lapras': 34, 'Dugtrio': 27, 'Persian': 51, 'Hypno': 82, 'Dragonite': 54, 'Tentacruel': 71, 'Kadabra': 49, 'Articuno': 27, 'Kangaskhan': 61, 'Clefable': 9, 'Omastar': 4, 'Dodrio': 16, 'Gyarados': 9, 'Moltres': 3, 'Haunter': 2, 'Vaporeon': 5, 'Electrode': 13, 'Electabuzz': 9, 'Raichu': 3, 'Golem': 2, 'Dewgong': 2}"
castform86755,[Gen 1] UU,2,1,1,2024-08-09 01:38:14,2024-08-09 02:35:15,,,,"{'Moltres': 2, 'Kangaskhan': 2, 'Dodrio': 2, 'Dugtrio': 2, 'Clefable': 2, 'Dragonite': 2}"
castform97328,[Gen 1] UU,62,31,31,2023-03-26 21:23:06,2025-05-24 16:19:51,,,,"{'Lapras': 25, 'Electabuzz': 21, 'Persian': 22, 'Gyarados': 5, 'Hypno': 24, 'Dragonite': 40, 'Haunter': 18, 'Golem': 5, 'Tangela': 9, 'Kadabra': 33, 'Tentacruel': 33, 'Dugtrio': 36, 'Clefable': 18, 'Vaporeon': 2, 'Kangaskhan': 22, 'Dodrio': 6, 'Dewgong': 8, 'Ninetales': 4, 'Raichu': 2, 'Poliwrath': 2, 'Omastar': 6, 'Articuno': 9, 'Victreebel': 2, 'Moltres': 1}"
charcoal12033,[Gen 1] UU,5,1,4,2024-03-10 16:31:32,2024-03-31 20:15:30,,,,"{'Tentacruel': 5, 'Electrode': 1, 'Kadabra': 5, 'Dugtrio': 5, 'Persian': 5, 'Articuno': 3, 'Haunter': 2, 'Vaporeon': 1, 'Electabuzz': 1, 'Kangaskhan': 1}"
charcoal70,[Gen 1] UU,2,1,1,2025-04-12 10:30:53,2025-05-13 02:40:59,1000.0,1000.0,[1000.0],"{'Kingler': 1, 'Lapras': 2, 'Kadabra': 1, 'Golem': 1, 'Hypno': 2, 'Tangela': 1, 'Dugtrio': 1, 'Haunter': 1}"
chargebeam2564,[Gen 1] UU,1,0,1,2025-01-23 00:21:01,2025-01-23 00:21:01,,,,"{'Ninetales': 1, 'Kadabra': 1, 'Dugtrio': 1, 'Electabuzz': 1, 'Tangela': 1, 'Tentacruel': 1}"
chargebeam87054,[Gen 1] UU,1,0,1,2019-07-18 15:46:40,2019-07-18 15:46:40,,,,"{'Golduck': 1, 'Charizard': 1, 'Aerodactyl': 1, 'Machamp': 1, 'Raichu': 1, 'Dragonite': 1}"
charm43303,[Gen 1] UU,1,1,0,2020-01-20 10:46:14,2020-01-20 10:46:14,,,,"{'Kangaskhan': 1, 'Kadabra': 1, 'Electabuzz': 1, 'Hypno': 1, 'Articuno': 1}"
charmander31945,[Gen 1] UU,1,0,1,2024-04-28 22:30:50,2024-04-28 22:30:50,,,,"{'Kangaskhan': 1, 'Tentacruel': 1, 'Kadabra': 1, 'Dodrio': 1, 'Persian': 1, 'Articuno': 1}"
chatot13409,[Gen 1] UU,1,1,0,2025-04-11 04:20:33,2025-04-11 04:20:33,1118.0,1118.0,[1118.0],"{'Lapras': 1, 'Kangaskhan': 1, 'Persian': 1, 'Hypno': 1, 'Articuno': 1}"
chatot58971,[Gen 1] UU,3,1,2,2022-10-08 16:52:36,2022-10-08 17:10:40,,,,"{'Kangaskhan': 3, 'Kadabra': 3, 'Dodrio': 3, 'Dugtrio': 3, 'Hypno': 3, 'Tentacruel': 3}"
chatter32526,[Gen 1] UU,1,1,0,2019-05-13 01:30:49,2019-05-13 01:30:49,,,,"{'Kangaskhan': 1, 'Kadabra': 1, 'Dugtrio': 1, 'Hypno': 1, 'Tentacruel': 1}"
chatter8010,[Gen 1] UU,1,0,1,2016-07-14 17:20:59,2016-07-14 17:20:59,1030.0,1030.0,[1030.0],"{'Scyther': 1, 'Omastar': 1, 'Nidoking': 1, 'Raichu': 1, 'Tangela': 1, 'Dragonite': 1}"
chestoberry16692,[Gen 1] UU,1,0,1,2016-06-10 02:50:02,2016-06-10 02:50:02,1000.0,1000.0,[1000.0],"{'Scyther': 1, 'Charizard': 1, 'Nidoking': 1, 'Victreebel': 1, 'Gyarados': 1, 'Dragonite': 1}"
chimchar54396,[Gen 1] UU,10,4,6,2020-08-10 00:38:33,2020-10-31 21:31:00,,,,"{'Kangaskhan': 3, 'Kadabra': 8, 'Dodrio': 3, 'Persian': 6, 'Hypno': 10, 'Tentacruel': 10, 'Dragonite': 4, 'Dugtrio': 7, 'Gyarados': 2, 'Articuno': 2, 'Vaporeon': 5}"
chimecho62545,[Gen 1] UU,2,0,2,2016-10-02 23:48:30,2017-12-28 11:31:01,,,,"{'Venomoth': 1, 'Nidoking': 1, 'Arcanine': 1, 'Tangela': 1, 'Blastoise': 1, 'Abra': 1, 'Tentacruel': 1, 'Kadabra': 1, 'Dugtrio': 1, 'Electabuzz': 1, 'Hypno': 1, 'Articuno': 1}"
chinchou58618,[Gen 1] UU,7,3,4,2022-12-15 00:10:27,2023-02-04 21:35:36,,,,"{'Lapras': 7, 'Kadabra': 7, 'Haunter': 2, 'Persian': 6, 'Hypno': 7, 'Dragonite': 5, 'Kangaskhan': 2, 'Dugtrio': 1, 'Tentacruel': 2, 'Dodrio': 1, 'Moltres': 1}"
chingling16616,[Gen 1] UU,2,1,1,2016-06-09 13:51:19,2016-06-09 14:22:28,1000.0,1022.0,"[1000.0, 1022.0]","{'Charizard': 2, 'Pinsir': 1, 'Sandslash': 1, 'Dewgong': 2, 'Electabuzz': 2, 'Tangela': 1, 'Nidoking': 1, 'Haunter': 1, 'Venusaur': 1}"
chingling35259,[Gen 1] UU,1,0,1,2016-07-23 01:23:26,2016-07-23 01:23:26,1013.0,1013.0,[1013.0],"{'Electabuzz': 1, 'Charizard': 1, 'Kabutops': 1, 'Gyarados': 1, 'Dragonite': 1, 'Blastoise': 1}"
chingling44092,[Gen 1] UU,1,0,1,2019-12-16 11:24:31,2019-12-16 11:24:31,,,,"{'Moltres': 1, 'Omastar': 1, 'Haunter': 1, 'Dugtrio': 1, 'Dragonite': 1, 'Tentacruel': 1}"
chingling96554,[Gen 1] UU,1,0,1,2021-06-05 20:35:09,2021-06-05 20:35:09,,,,"{'Aerodactyl': 1, 'Haunter': 1, 'Dewgong': 1, 'Dugtrio': 1, 'Hypno': 1, 'Tentacruel': 1}"
choiceband28189,[Gen 1] UU,2,2,0,2024-11-08 19:12:33,2024-11-08 19:21:38,,,,"{'Kadabra': 2, 'Haunter': 2, 'Dugtrio': 2, 'Raichu': 2, 'Dragonite': 2, 'Tentacruel': 2}"
choicescarf57657,[Gen 1] UU,3,2,1,2019-07-05 00:37:48,2019-07-05 01:16:29,,,,"{'Onix': 1, 'Geodude': 1, 'Pidgey': 2, 'Charmeleon': 1, 'Charmander': 1}"
choicescarf97707,[Gen 1] UU,1,0,1,2016-06-13 00:22:18,2016-06-13 00:22:18,1000.0,1000.0,[1000.0],"{'Moltres': 1, 'Kadabra': 1, 'Persian': 1, 'Venusaur': 1, 'Dragonite': 1, 'Articuno': 1}"
chopleberry38027,[Gen 1] UU,1,0,1,2023-12-30 02:09:25,2023-12-30 02:09:25,1105.0,1105.0,[1105.0],"{'Rapidash': 1, 'Arbok': 1, 'Dugtrio': 1, 'Electabuzz': 1, 'Dragonite': 1, 'Tentacruel': 1}"
clamperl13831,[Gen 1] UU,1,0,1,2016-06-10 03:43:38,2016-06-10 03:43:38,1163.0,1163.0,[1163.0],"{'Moltres': 1, 'Omastar': 1, 'Kadabra': 1, 'Persian': 1, 'Raichu': 1, 'Articuno': 1}"
clawfossil45600,[Gen 1] UU,1,1,0,2020-07-18 03:08:27,2020-07-18 03:08:27,,,,"{'Tentacruel': 1, 'Nidoking': 1, 'Dewgong': 1, 'Venusaur': 1, 'Vaporeon': 1}"
claydol53581,[Gen 1] UU,1,1,0,2024-02-24 00:47:58,2024-02-24 00:47:58,,,,"{'Kadabra': 1, 'Kangaskhan': 1, 'Dugtrio': 1, 'Dodrio': 1}"
clearbody59762,[Gen 1] UU,10,4,6,2022-01-02 21:44:20,2022-05-28 23:30:07,,,,"{'Kangaskhan': 5, 'Tentacruel': 10, 'Kadabra': 8, 'Articuno': 4, 'Hypno': 10, 'Vaporeon': 3, 'Dugtrio': 5, 'Persian': 2, 'Aerodactyl': 2, 'Haunter': 2, 'Dewgong': 2, 'Golem': 2, 'Gyarados': 2, 'Dodrio': 2}"
clefable74034,[Gen 1] UU,1,1,0,2018-12-16 14:55:13,2018-12-16 14:55:13,,,,"{'Kadabra': 1, 'Haunter': 1, 'Hypno': 1, 'Gyarados': 1, 'Tentacruel': 1}"
clefable90905,[Gen 1] UU,1,0,1,2016-06-16 11:36:56,2016-06-16 11:36:56,1000.0,1000.0,[1000.0],"{'Charizard': 1, 'Haunter': 1, 'Ivysaur': 1, 'Raichu': 1, 'Blastoise': 1, 'Articuno': 1}"
clefairy19286,[Gen 1] UU,35,20,15,2024-06-20 22:22:55,2024-11-01 20:17:50,,,,"{'Kangaskhan': 29, 'Kadabra': 33, 'Dugtrio': 31, 'Persian': 13, 'Electabuzz': 6, 'Tentacruel': 31, 'Dragonite': 9, 'Haunter': 10, 'Dodrio': 18, 'Articuno': 8, 'Clefable': 1, 'Dewgong': 2, 'Gyarados': 1, 'Tangela': 1}"
clefairy23479,[Gen 1] UU,1,0,1,2018-12-11 03:54:21,2018-12-11 03:54:21,1000.0,1000.0,[1000.0],"{'Electrode': 1, 'Kadabra': 1, 'Machamp': 1, 'Dugtrio': 1, 'Persian': 1, 'Dragonite': 1}"
cloyster43057,[Gen 1] UU,1,0,1,2024-03-25 03:44:53,2024-03-25 03:44:53,,,,"{'Tentacruel': 1, 'Golem': 1, 'Dodrio': 1, 'Persian': 1, 'Raichu': 1, 'Vaporeon': 1}"
cloyster43183,[Gen 1] UU,1,0,1,2019-12-23 01:40:28,2019-12-23 01:40:28,,,,"{'Vaporeon': 1, 'Haunter': 1, 'Dugtrio': 1, 'Hypno': 1, 'Dragonite': 1, 'Tentacruel': 1}"
cobaberry11707,[Gen 1] UU,1,0,1,2016-07-23 23:26:21,2016-07-23 23:26:21,1022.0,1022.0,[1022.0],"{'Vileplume': 1, 'Aerodactyl': 1, 'Kadabra': 1, 'Clefable': 1, 'Dragonite': 1, 'Blastoise': 1}"
cobaberry6130,[Gen 1] UU,1,0,1,2019-04-22 11:37:45,2019-04-22 11:37:45,,,,"{'Electabuzz': 1, 'Kadabra': 1, 'Hypno': 1, 'Dragonite': 1, 'Tentacruel': 1}"
cobaberry62782,[Gen 1] UU,1,0,1,2019-12-05 16:22:37,2019-12-05 16:22:37,,,,"{'Electabuzz': 1, 'Golem': 1, 'Persian': 1, 'Gyarados': 1, 'Venusaur': 1, 'Tentacruel': 1}"
colburberry42298,[Gen 1] UU,1,1,0,2019-05-27 20:20:35,2019-05-27 20:20:35,,,,"{'Raichu': 1, 'Venusaur': 1, 'Wigglytuff': 1}"
combusken49992,[Gen 1] UU,1,0,1,2020-03-17 02:14:18,2020-03-17 02:14:18,,,,"{'Omastar': 1, 'Dugtrio': 1, 'Gyarados': 1, 'Hypno': 1, 'Dragonite': 1, 'Tentacruel': 1}"
confusion3264,[Gen 1] UU,2,0,2,2023-04-01 18:30:48,2023-04-01 18:53:10,,,,"{'Lapras': 2, 'Kangaskhan': 2, 'Persian': 2, 'Hypno': 2, 'Dragonite': 2, 'Tentacruel': 1, 'Kadabra': 1}"
confusion41299,[Gen 1] UU,1,0,1,2023-09-13 02:08:15,2023-09-13 02:08:15,,,,"{'Charizard': 1, 'Kadabra': 1, 'Persian': 1, 'Clefable': 1, 'Raichu': 1, 'Articuno': 1}"
constrict32607,[Gen 1] UU,1,0,1,2016-06-02 17:54:26,2016-06-02 17:54:26,1026.0,1026.0,[1026.0],"{'Dodrio': 1, 'Dewgong': 1, 'Dugtrio': 1, 'Clefable': 1, 'Arcanine': 1, 'Gyarados': 1}"
constrict5930,[Gen 1] UU,1,1,0,2019-06-17 20:24:04,2019-06-17 20:24:04,,,,"{'Hypno': 1, 'Kadabra': 1, 'Kangaskhan': 1, 'Tentacruel': 1}"
conversion222293,[Gen 1] UU,1,0,1,2025-04-01 22:29:48,2025-04-01 22:29:48,1061.0,1061.0,[1061.0],"{'Lapras': 1, 'Haunter': 1, 'Dugtrio': 1, 'Articuno': 1, 'Clefable': 1, 'Tentacruel': 1}"
conversion257464,[Gen 1] UU,1,0,1,2019-08-04 19:29:34,2019-08-04 19:29:34,,,,"{'Venomoth': 1, 'Porygon': 1, 'Electrode': 1, 'Nidoking': 1, 'Slowpoke': 1, 'Blastoise': 1}"
conversion257800,[Gen 1] UU,9,1,8,2016-06-01 18:32:03,2020-11-14 21:57:32,,,,"{'Kadabra': 4, 'Haunter': 4, 'Dugtrio': 6, 'Hypno': 5, 'Dragonite': 3, 'Tentacruel': 7, 'Moltres': 3, 'Electabuzz': 4, 'Kangaskhan': 3, 'Omastar': 1, 'Dodrio': 1, 'Tangela': 1, 'Electrode': 1, 'Golem': 1, 'Persian': 1, 'Articuno': 2, 'Raichu': 1, 'Venusaur': 1, 'Vaporeon': 2, 'Golduck': 1, 'Victreebel': 2}"
conversion84819,[Gen 1] UU,1,0,1,2019-12-12 16:13:17,2019-12-12 16:13:17,,,,"{'Kadabra': 1, 'Haunter': 1, 'Dugtrio': 1, 'Articuno': 1, 'Electabuzz': 1, 'Tentacruel': 1}"
copycat13064,[Gen 1] UU,2,1,1,2018-12-16 14:36:52,2018-12-16 14:55:13,,,,"{'Electabuzz': 2, 'Tentacruel': 2, 'Dodrio': 2, 'Dugtrio': 2, 'Hypno': 2, 'Vaporeon': 2}"
cosmicpower61589,[Gen 1] UU,1,0,1,2020-05-04 11:27:34,2020-05-04 11:27:34,,,,"{'Kangaskhan': 1, 'Kadabra': 1, 'Haunter': 1, 'Dugtrio': 1, 'Hypno': 1, 'Tentacruel': 1}"
cottonspore75781,[Gen 1] UU,2,0,2,2025-04-07 21:42:47,2025-04-07 21:49:25,,,,"{'Lapras': 2, 'Kadabra': 1, 'Hypno': 2, 'Dragonite': 2, 'Tentacruel': 2, 'Dugtrio': 1, 'Persian': 1}"
counter96736,[Gen 1] UU,1,0,1,2025-04-09 23:11:37,2025-04-09 23:11:37,1121.0,1121.0,[1121.0],"{'Kadabra': 1, 'Dragonite': 1, 'Tentacruel': 1, 'Hypno': 1}"
covet71087,[Gen 1] UU,1,0,1,2020-03-29 09:55:12,2020-03-29 09:55:12,,,,"{'Staryu': 1, 'Rhyhorn': 1, 'Exeggcute': 1, 'Drowzee': 1, 'Pikachu': 1, 'Abra': 1}"
crabhammer6934,[Gen 1] UU,1,0,1,2024-01-02 23:51:23,2024-01-02 23:51:23,,,,"{'Kangaskhan': 1, 'Kadabra': 1, 'Dugtrio': 1, 'Articuno': 1, 'Dragonite': 1, 'Tentacruel': 1}"
cradily97316,[Gen 1] UU,2,2,0,2023-12-11 22:22:40,2023-12-11 22:31:16,,,,"{'Kadabra': 2, 'Dewgong': 2, 'Dugtrio': 2, 'Electabuzz': 2, 'Dragonite': 2, 'Tentacruel': 2}"
cranidos9637,[Gen 1] UU,3,1,2,2019-08-04 19:29:11,2019-08-13 01:28:54,,,,"{'Haunter': 1, 'Dugtrio': 1, 'Hypno': 2, 'Dragonite': 2, 'Tentacruel': 2, 'Venomoth': 1, 'Porygon': 1, 'Nidoking': 1, 'Slowpoke': 1, 'Tangela': 1, 'Blastoise': 1, 'Omastar': 1, 'Kadabra': 1}"
crawdaunt29165,[Gen 1] UU,1,0,1,2016-07-24 02:41:03,2016-07-24 02:41:03,,,,"{'Kangaskhan': 1, 'Electrode': 1, 'Victreebel': 1, 'Hypno': 1, 'Dragonite': 1, 'Articuno': 1}"
cresselia43278,[Gen 1] UU,6,1,5,2024-11-21 00:26:49,2024-11-27 07:29:46,,,,"{'Kingler': 2, 'Aerodactyl': 2, 'Electrode': 2, 'Exeggcute': 2, 'Clefable': 6, 'Dragonite': 6, 'Charizard': 4, 'Omastar': 4, 'Kadabra': 4, 'Raichu': 4}"
croconaw23715,[Gen 1] UU,1,1,0,2025-04-08 08:49:48,2025-04-08 08:49:48,1022.0,1022.0,[1022.0],"{'Golem': 1, 'Tangela': 1, 'Lapras': 1, 'Dodrio': 1}"
crosschop14357,[Gen 1] UU,2,0,2,2022-08-31 22:21:24,2022-08-31 22:33:00,,,,"{'Kangaskhan': 2, 'Kadabra': 2, 'Dugtrio': 2, 'Articuno': 1, 'Hypno': 2, 'Tentacruel': 2, 'Dragonite': 1}"
crosschop16642,[Gen 1] UU,1,0,1,2016-06-06 15:18:44,2016-06-06 15:18:44,1000.0,1000.0,[1000.0],"{'Moltres': 1, 'Kadabra': 1, 'Persian': 1, 'Hypno': 1, 'Raichu': 1, 'Dragonite': 1}"
crosspoison87243,[Gen 1] UU,2,2,0,2025-04-02 22:05:57,2025-04-02 22:16:12,,,,"{'Lapras': 2, 'Dragonite': 2, 'Tentacruel': 2, 'Hypno': 2, 'Dugtrio': 1, 'Persian': 1}"
crushgrip18028,[Gen 1] UU,1,0,1,2019-05-20 01:29:26,2019-05-20 01:29:26,,,,"{'Pidgeot': 1, 'Butterfree': 1, 'Parasect': 1, 'Arcanine': 1, 'Beedrill': 1, 'Blastoise': 1}"
cubone52248,[Gen 1] UU,1,0,1,2016-06-05 18:43:32,2016-06-05 18:43:32,,,,"{'Nidoking': 1, 'Kadabra': 1, 'Persian': 1}"
cubone74030,[Gen 1] UU,5,2,3,2020-05-19 00:09:00,2020-05-19 01:06:53,,,,"{'Poliwag': 1, 'Exeggcute': 4, 'Clefairy': 1, 'Diglett': 4, 'Gastly': 4, 'Abra': 5, 'Staryu': 4, 'Drowzee': 1, 'Slowpoke': 1, 'Doduo': 1, 'Ponyta': 1, 'Geodude': 1}"
custapberry10400,[Gen 1] UU,1,0,1,2020-08-12 22:50:50,2020-08-12 22:50:50,,,,"{'Charizard': 1, 'Nidoking': 1, 'Raticate': 1, 'Kabutops': 1, 'Mr. Mime': 1, 'Venusaur': 1}"
custapberry7450,[Gen 1] UU,1,1,0,2025-04-10 15:00:19,2025-04-10 15:00:19,1000.0,1000.0,[1000.0],"{'Raichu': 1, 'Articuno': 1, 'Golem': 1}"
cut73716,[Gen 1] UU,1,1,0,2023-12-17 17:44:31,2023-12-17 17:44:31,1054.0,1054.0,[1054.0],"{'Kangaskhan': 1, 'Kadabra': 1, 'Dugtrio': 1, 'Dragonite': 1, 'Tentacruel': 1}"
cutecharm85323,[Gen 1] UU,1,1,0,2020-05-19 04:14:34,2020-05-19 04:14:34,,,,"{'Moltres': 1, 'Haunter': 1, 'Golem': 1, 'Persian': 1, 'Venusaur': 1, 'Vaporeon': 1}"
cyndaquil44025,[Gen 1] UU,1,0,1,2020-04-28 02:00:32,2020-04-28 02:00:32,,,,"{'Omastar': 1, 'Arbok': 1, 'Electabuzz': 1, 'Arcanine': 1, 'Tangela': 1, 'Fearow': 1}"
damp1480,[Gen 1] UU,1,0,1,2025-04-12 20:33:35,2025-04-12 20:33:35,1022.0,1022.0,[1022.0],"{'Lapras': 1, 'Golem': 1, 'Persian': 1, 'Hypno': 1, 'Tangela': 1, 'Tentacruel': 1}"
damp79850,[Gen 1] UU,4,4,0,2021-06-05 20:28:56,2021-06-05 21:26:15,,,,"{'Kangaskhan': 4, 'Kadabra': 4, 'Gyarados': 3, 'Hypno': 4, 'Tentacruel': 4, 'Persian': 2}"
damp84333,[Gen 1] UU,2,0,2,2016-07-11 20:34:12,2016-07-12 18:41:59,,,,"{'Ninetales': 2, 'Articuno': 2, 'Hypno': 2, 'Raichu': 2, 'Venusaur': 2, 'Vaporeon': 1, 'Tentacruel': 1}"
damprock76430,[Gen 1] UU,1,1,0,2017-12-30 17:03:55,2017-12-30 17:03:55,1110.0,1110.0,[1110.0],"{'Kadabra': 1, 'Dugtrio': 1, 'Electabuzz': 1, 'Tangela': 1, 'Hypno': 1, 'Tentacruel': 1}"
dark7204,[Gen 1] UU,2,2,0,2022-01-25 20:21:46,2022-01-25 20:35:04,,,,"{'Kadabra': 1, 'Dugtrio': 1, 'Persian': 1, 'Gyarados': 1, 'Hypno': 2, 'Tentacruel': 2, 'Aerodactyl': 1, 'Omastar': 1, 'Dodrio': 1, 'Electabuzz': 1}"
darkpulse21928,[Gen 1] UU,1,0,1,2018-01-01 00:38:37,2018-01-01 00:38:37,,,,"{'Charizard': 1, 'Kangaskhan': 1, 'Pikachu': 1, 'Venusaur': 1, 'Dragonite': 1, 'Blastoise': 1}"
ddenpowerdark55312,[Gen 1] UU,11,6,5,2024-08-17 03:13:53,2025-02-12 17:05:42,,,,"{'Lapras': 8, 'Kangaskhan': 11, 'Dugtrio': 5, 'Hypno': 8, 'Dodrio': 6, 'Persian': 4, 'Tangela': 2, 'Tentacruel': 2, 'Nidoking': 3, 'Kadabra': 2, 'Venusaur': 1, 'Ninetales': 3, 'Gyarados': 1, 'Golem': 1, 'Raichu': 1, 'Dragonite': 1, 'Jolteon': 1, 'Victreebel': 2, 'Articuno': 1}"
ddenpowerdark69157,[Gen 1] UU,1,0,1,2019-11-17 15:48:45,2019-11-17 15:48:45,,,,"{'Porygon': 1, 'Electrode': 1, 'Golem': 1, 'Persian': 1, 'Dragonite': 1, 'Blastoise': 1}"
ddenpowerfire30449,[Gen 1] UU,15,9,6,2016-08-08 19:14:44,2016-11-20 19:00:17,,,,"{'Venomoth': 6, 'Pidgeot': 1, 'Porygon': 6, 'Nidoking': 6, 'Slowpoke': 6, 'Blastoise': 3, 'Haunter': 6, 'Poliwrath': 3, 'Electabuzz': 1, 'Hypno': 9, 'Raichu': 5, 'Gyarados': 6, 'Omastar': 2, 'Abra': 2, 'Rapidash': 1, 'Kangaskhan': 6, 'Kadabra': 4, 'Victreebel': 1, 'Rhydon': 3, 'Nidoqueen': 1, 'Raticate': 2, 'Persian': 3, 'Dodrio': 1, 'Charizard': 1, 'Poliwag': 1, 'Tentacruel': 1, 'Tangela': 1}"
ddenpowerfire31838,[Gen 1] UU,1,1,0,2017-12-14 20:51:45,2017-12-14 20:51:45,1000.0,1000.0,[1000.0],"{'Pidgeot': 1, 'Charizard': 1, 'Nidoking': 1, 'Victreebel': 1, 'Hitmonlee': 1, 'Articuno': 1}"
ddenpowerfire43579,[Gen 1] UU,1,0,1,2019-05-20 01:35:40,2019-05-20 01:35:40,,,,"{'Scyther': 1, 'Kabutops': 1, 'Arbok': 1, 'Muk': 1, 'Tangela': 1, 'Blastoise': 1}"
delcatty31981,[Gen 1] UU,43,37,6,2017-12-11 09:13:44,2020-07-26 09:34:10,1000.0,1265.0,"[1099.0, 1073.0, 1000.0, 1265.0, 1082.0, 1034.0]","{'Kadabra': 24, 'Dugtrio': 26, 'Hypno': 18, 'Tangela': 20, 'Tentacruel': 16, 'Kangaskhan': 18, 'Electrode': 5, 'Raichu': 5, 'Venusaur': 13, 'Articuno': 2, 'Venomoth': 4, 'Ninetales': 5, 'Nidoking': 3, 'Blastoise': 10, 'Haunter': 5, 'Poliwrath': 3, 'Electabuzz': 3, 'Persian': 1, 'Dragonite': 2, 'Charizard': 7, 'Clefable': 3, 'Flareon': 1, 'Golem': 1, 'Vaporeon': 1, 'Ponyta': 1, 'Staryu': 5, 'Exeggcute': 6, 'Diglett': 6, 'Gastly': 4, 'Abra': 7, 'Voltorb': 1, 'Psyduck': 1, 'Dratini': 2, 'Meowth': 1, 'Paras': 2, 'Kabutops': 2, 'Drowzee': 1, 'Clefairy': 1, 'Slowpoke': 1, 'Geodude': 1, 'Dewgong': 1}"
denpowerghost39436,[Gen 1] UU,3,1,2,2025-01-16 00:35:31,2025-01-16 00:44:25,,,,"{'Raichu': 2, 'Lapras': 3, 'Hypno': 3, 'Kadabra': 2, 'Dodrio': 2, 'Persian': 1, 'Clefable': 1, 'Nidoking': 1}"
denpowergrass24660,[Gen 1] UU,2,0,2,2023-11-12 22:10:47,2023-11-12 22:19:33,,,,"{'Rapidash': 1, 'Electrode': 1, 'Kadabra': 2, 'Golem': 1, 'Dodrio': 1, 'Articuno': 2, 'Kangaskhan': 1, 'Dugtrio': 1, 'Dragonite': 1, 'Tentacruel': 1}"
denpowergrass83362,[Gen 1] UU,1,0,1,2020-08-09 19:29:54,2020-08-09 19:29:54,,,,"{'Kadabra': 1, 'Electabuzz': 1, 'Omastar': 1}"
denpowersteel62612,[Gen 1] UU,2,2,0,2016-06-24 01:36:24,2016-06-24 04:23:44,1027.0,1027.0,[1027.0],"{'Butterfree': 2, 'Aerodactyl': 1, 'Nidoking': 2, 'Hitmonchan': 2, 'Arcanine': 2, 'Victreebel': 1}"
deoxys38107,[Gen 1] UU,1,1,0,2025-04-09 22:41:26,2025-04-09 22:41:26,1137.0,1137.0,[1137.0],"{'Clefable': 1, 'Lapras': 1, 'Golem': 1, 'Hypno': 1, 'Dragonite': 1, 'Tentacruel': 1}"
deoxys84227,[Gen 1] UU,2,2,0,2017-12-12 22:07:45,2017-12-14 21:02:08,,,,"{'Tentacruel': 2, 'Kadabra': 2, 'Articuno': 2, 'Hypno': 2, 'Raichu': 2, 'Vaporeon': 1, 'Kangaskhan': 1}"
deoxysattack14864,[Gen 1] UU,1,0,1,2019-07-17 17:42:28,2019-07-17 17:42:28,,,,"{'Kangaskhan': 1, 'Sandslash': 1, 'Persian': 1, 'Hypno': 1, 'Venusaur': 1, 'Vaporeon': 1}"
deoxysattack76542,[Gen 1] UU,5,1,4,2020-07-26 17:16:38,2020-08-15 22:04:38,,,,"{'Moltres': 1, 'Electrode': 1, 'Kabutops': 1, 'Mr. Mime': 3, 'Clefable': 1, 'Venusaur': 3, 'Golduck': 3, 'Aerodactyl': 2, 'Poliwhirl': 3, 'Dugtrio': 2, 'Electabuzz': 1, 'Omastar': 1, 'Kadabra': 1, 'Hypno': 1, 'Dragonite': 1, 'Tentacruel': 1}"
deoxysdefense78874,[Gen 1] UU,3,1,2,2022-10-23 21:05:01,2022-10-23 21:27:18,,,,"{'Kangaskhan': 3, 'Dugtrio': 2, 'Persian': 3, 'Gyarados': 2, 'Hypno': 3, 'Tentacruel': 3, 'Omastar': 1, 'Dragonite': 1}"
deoxysspeed57470,[Gen 1] UU,2,0,2,2024-07-20 15:00:59,2024-07-20 15:14:39,,,,"{'Ninetales': 2, 'Kangaskhan': 1, 'Kadabra': 2, 'Haunter': 1, 'Raichu': 1, 'Vaporeon': 1, 'Dugtrio': 1, 'Articuno': 1, 'Clefable': 1, 'Tentacruel': 1}"
destinybond1529,[Gen 1] UU,1,1,0,2023-12-14 21:49:46,2023-12-14 21:49:46,1037.0,1037.0,[1037.0],"{'Kadabra': 1, 'Dodrio': 1, 'Dugtrio': 1, 'Articuno': 1, 'Tentacruel': 1}"
destinybond78627,[Gen 1] UU,2,0,2,2020-02-04 03:44:29,2021-06-06 19:33:11,,,,"{'Golduck': 1, 'Kangaskhan': 1, 'Kadabra': 2, 'Persian': 1, 'Hypno': 2, 'Dragonite': 1, 'Omastar': 1}"
destinyknot78700,[Gen 1] UU,1,0,1,2023-12-11 17:00:55,2023-12-11 17:00:55,1000.0,1000.0,[1000.0],"{'Kadabra': 1, 'Haunter': 1, 'Persian': 1, 'Articuno': 1, 'Dragonite': 1, 'Tentacruel': 1}"
dialga48280,[Gen 1] UU,1,0,1,2019-06-11 03:06:04,2019-06-11 03:06:04,,,,"{'Dragonite': 1, 'Dugtrio': 1, 'Articuno': 1, 'Gyarados': 1, 'Hypno': 1, 'Tentacruel': 1}"
dig45111,[Gen 1] UU,1,1,0,2020-03-29 09:24:19,2020-03-29 09:24:19,,,,"{'Ponyta': 1, 'Doduo': 1, 'Vulpix': 1, 'Exeggcute': 1, 'Diglett': 1, 'Slowpoke': 1}"
dig95510,[Gen 1] UU,18,13,5,2022-01-04 02:47:11,2022-04-15 03:40:00,,,,"{'Kangaskhan': 2, 'Kadabra': 9, 'Persian': 7, 'Hypno': 18, 'Venusaur': 5, 'Tentacruel': 17, 'Dugtrio': 7, 'Articuno': 7, 'Gyarados': 4, 'Dragonite': 5, 'Omastar': 2, 'Aerodactyl': 7, 'Haunter': 2, 'Dewgong': 4, 'Dodrio': 1, 'Vaporeon': 2}"
dig97663,[Gen 1] UU,1,0,1,2021-06-06 19:33:05,2021-06-06 19:33:05,,,,"{'Omastar': 1, 'Kadabra': 1, 'Electabuzz': 1, 'Hypno': 1, 'Dragonite': 1, 'Tentacruel': 1}"
discharge19516,[Gen 1] UU,1,0,1,2019-12-23 20:47:18,2019-12-23 20:47:18,,,,"{'Electrode': 1, 'Hypno': 1, 'Articuno': 1}"
dive34832,[Gen 1] UU,3,2,1,2023-11-10 19:36:43,2023-11-10 19:49:41,,,,"{'Kangaskhan': 1, 'Kadabra': 3, 'Haunter': 2, 'Articuno': 3, 'Clefable': 1, 'Tentacruel': 2, 'Electrode': 1, 'Dodrio': 2, 'Dewgong': 1, 'Dugtrio': 1, 'Dragonite': 1}"
dive84452,[Gen 1] UU,3,0,3,2023-12-12 19:31:21,2023-12-14 22:15:59,1083.0,1215.0,"[1215.0, 1110.0, 1083.0]","{'Tentacruel': 3, 'Golem': 1, 'Persian': 3, 'Gyarados': 3, 'Raichu': 1, 'Articuno': 1, 'Electabuzz': 2, 'Haunter': 1, 'Dugtrio': 2, 'Aerodactyl': 1}"
diveball7316,[Gen 1] UU,1,0,1,2019-10-28 22:12:48,2019-10-28 22:12:48,,,,"{'Kangaskhan': 1, 'Kadabra': 1, 'Haunter': 1, 'Dugtrio': 1, 'Hypno': 1, 'Tentacruel': 1}"
dizzypunch51839,[Gen 1] UU,1,0,1,2017-12-10 03:42:41,2017-12-10 03:42:41,,,,"{'Moltres': 1, 'Golduck': 1, 'Haunter': 1, 'Dugtrio': 1, 'Raichu': 1, 'Tangela': 1}"
dodrio52758,[Gen 1] UU,2,0,2,2021-06-05 01:18:00,2021-06-05 20:30:57,,,,"{'Kangaskhan': 1, 'Kadabra': 2, 'Persian': 1, 'Gyarados': 2, 'Hypno': 2, 'Tentacruel': 2, 'Dragonite': 1, 'Dugtrio': 1}"
doduo87859,[Gen 1] UU,1,1,0,2016-07-18 22:31:53,2016-07-18 22:31:53,,,,"{'Moltres': 1, 'Kangaskhan': 1, 'Articuno': 1, 'Hypno': 1, 'Raichu': 1, 'Tentacruel': 1}"
doomdesire41426,[Gen 1] UU,1,1,0,2019-04-23 01:36:23,2019-04-23 01:36:23,,,,"{'Kadabra': 1, 'Haunter': 1, 'Dugtrio': 1, 'Hypno': 1, 'Tentacruel': 1}"
doomdesire61114,[Gen 1] UU,7,7,0,2017-12-18 11:56:37,2018-12-17 18:49:14,1000.0,1168.0,"[1000.0, 1168.0]","{'Ninetales': 2, 'Kadabra': 6, 'Dugtrio': 5, 'Persian': 4, 'Raichu': 7, 'Gyarados': 4, 'Vaporeon': 1, 'Clefable': 1}"
doomdesire71110,[Gen 1] UU,4,2,2,2024-04-20 00:12:12,2025-05-08 21:22:57,,,,"{'Kangaskhan': 2, 'Dodrio': 2, 'Persian': 1, 'Clefable': 2, 'Tentacruel': 3, 'Lapras': 2, 'Kadabra': 1, 'Haunter': 2, 'Hypno': 2, 'Raichu': 2, 'Gyarados': 2, 'Dugtrio': 1}"
doubleedge84989,[Gen 1] UU,1,1,0,2024-11-17 02:13:24,2024-11-17 02:13:24,,,,"{'Ninetales': 1, 'Electrode': 1, 'Kadabra': 1, 'Dugtrio': 1, 'Tangela': 1, 'Dragonite': 1}"
doublehit32411,[Gen 1] UU,3,2,1,2025-01-05 05:44:56,2025-01-05 05:57:53,,,,"{'Lapras': 3, 'Kangaskhan': 2, 'Slowbro': 2, 'Nidoking': 2, 'Haunter': 2, 'Hypno': 3, 'Arcanine': 1, 'Kadabra': 1, 'Dugtrio': 1, 'Raichu': 1}"
doublehit69779,[Gen 1] UU,1,1,0,2023-12-03 15:48:22,2023-12-03 15:48:22,1000.0,1000.0,[1000.0],"{'Victreebel': 1, 'Gyarados': 1, 'Persian': 1, 'Tentacruel': 1}"
doublekick12415,[Gen 1] UU,3,1,2,2019-07-05 00:37:48,2019-07-05 01:16:29,,,,"{'Bulbasaur': 3, 'Pikachu': 3}"
doublekick68452,[Gen 1] UU,1,0,1,2018-01-01 23:53:49,2018-01-01 23:53:49,1034.0,1034.0,[1034.0],"{'Butterfree': 1, 'Magneton': 1, 'Magikarp': 1, 'Hitmonlee': 1, 'Blastoise': 1, 'Articuno': 1}"
doubleteam3649,[Gen 1] UU,7,4,3,2022-05-08 23:08:43,2025-01-15 19:26:53,,,,"{'Clefable': 2, 'Lapras': 4, 'Slowbro': 3, 'Nidoking': 2, 'Haunter': 4, 'Hypno': 7, 'Aerodactyl': 1, 'Kadabra': 2, 'Articuno': 1, 'Venusaur': 2, 'Tentacruel': 3, 'Dodrio': 1, 'Dugtrio': 2, 'Persian': 1, 'Jolteon': 2, 'Kangaskhan': 2, 'Vaporeon': 1, 'Dragonite': 1}"
dracometeor67714,[Gen 1] UU,2,2,0,2019-12-26 05:00:12,2019-12-28 03:56:14,1000.0,1000.0,[1000.0],"{'Magneton': 2, 'Venusaur': 2, 'Vaporeon': 2, 'Aerodactyl': 1, 'Nidoking': 1}"
dragon48527,[Gen 1] UU,1,1,0,2023-12-12 12:13:16,2023-12-12 12:13:16,1048.0,1048.0,[1048.0],"{'Kadabra': 1, 'Persian': 1, 'Gyarados': 1, 'Articuno': 1, 'Dragonite': 1, 'Tentacruel': 1}"
dragon65956,[Gen 1] UU,1,0,1,2024-11-23 16:14:34,2024-11-23 16:14:34,,,,"{'Kangaskhan': 1, 'Kadabra': 1, 'Dodrio': 1, 'Dewgong': 1, 'Dugtrio': 1, 'Tentacruel': 1}"
dragonair71040,[Gen 1] UU,1,1,0,2020-06-22 21:15:07,2020-06-22 21:15:07,,,,"{'Ponyta': 1, 'Omanyte': 1, 'Dratini': 1, 'Pikachu': 1, 'Gastly': 1, 'Abra': 1}"
dragonbreath60323,[Gen 1] UU,2,2,0,2023-12-28 17:53:27,2023-12-29 23:32:24,1000.0,1038.0,"[1038.0, 1000.0]","{'Tangela': 2, 'Dugtrio': 1, 'Kadabra': 2, 'Dragonite': 1, 'Haunter': 1}"
dragonclaw69722,[Gen 1] UU,1,0,1,2019-05-20 01:25:27,2019-05-20 01:25:27,,,,"{'Venomoth': 1, 'Porygon': 1, 'Nidoking': 1, 'Slowpoke': 1, 'Blastoise': 1, 'Abra': 1}"
dragonclaw79260,[Gen 1] UU,1,0,1,2019-12-06 22:42:19,2019-12-06 22:42:19,,,,"{'Pinsir': 1, 'Raichu': 1, 'Arcanine': 1, 'Dragonite': 1, 'Tentacruel': 1}"
dragondance22404,[Gen 1] UU,5,5,0,2016-06-05 19:09:27,2016-06-16 16:59:51,1000.0,1026.0,"[1000.0, 1026.0, 1000.0]","{'Kangaskhan': 3, 'Haunter': 5, 'Raichu': 2, 'Dragonite': 4, 'Articuno': 3, 'Persian': 1, 'Hypno': 3, 'Graveler': 1}"
dragondance33805,[Gen 1] UU,2,2,0,2025-04-07 21:42:47,2025-04-07 21:49:25,,,,"{'Lapras': 2, 'Ninetales': 1, 'Kangaskhan': 2, 'Haunter': 2, 'Tentacruel': 1, 'Clefable': 1, 'Hypno': 1, 'Articuno': 1}"
dragonfang79331,[Gen 1] UU,1,0,1,2021-06-06 19:25:07,2021-06-06 19:25:07,,,,"{'Kadabra': 1, 'Haunter': 1, 'Dugtrio': 1, 'Hypno': 1, 'Dragonite': 1, 'Tentacruel': 1}"
dragonrage52589,[Gen 1] UU,1,0,1,2025-01-02 21:54:46,2025-01-02 21:54:46,,,,"{'Kangaskhan': 1, 'Kadabra': 1, 'Dugtrio': 1, 'Persian': 1, 'Dragonite': 1, 'Tentacruel': 1}"
dragonrush37486,[Gen 1] UU,2,2,0,2016-06-13 00:22:18,2016-06-14 02:33:16,1000.0,1108.0,"[1000.0, 1108.0]","{'Golduck': 2, 'Haunter': 2, 'Victreebel': 1, 'Persian': 1, 'Hypno': 2, 'Articuno': 1}"
dragonrush57471,[Gen 1] UU,9,4,5,2024-03-10 16:31:32,2024-04-25 16:35:08,,,,"{'Tentacruel': 9, 'Kadabra': 8, 'Dewgong': 6, 'Persian': 4, 'Electabuzz': 8, 'Articuno': 8, 'Kangaskhan': 3, 'Dugtrio': 3, 'Dragonite': 2, 'Golduck': 1, 'Tangela': 1}"
dragonrush73485,[Gen 1] UU,1,0,1,2020-05-11 00:25:18,2020-05-11 00:25:18,,,,"{'Kangaskhan': 1, 'Kadabra': 1, 'Haunter': 1, 'Dugtrio': 1, 'Hypno': 1, 'Tentacruel': 1}"
dragonrush8451,[Gen 1] UU,2,2,0,2022-05-28 23:20:32,2022-05-28 23:30:07,,,,"{'Tentacruel': 2, 'Kadabra': 2, 'Dugtrio': 1, 'Persian': 2, 'Hypno': 2, 'Vaporeon': 1, 'Kangaskhan': 1, 'Dodrio': 1}"
dragonscale46435,[Gen 1] UU,1,0,1,2017-12-27 16:28:28,2017-12-27 16:28:28,,,,"{'Kangaskhan': 1, 'Kadabra': 1, 'Haunter': 1, 'Articuno': 1, 'Hypno': 1, 'Tentacruel': 1}"
drapion18722,[Gen 1] UU,1,0,1,2016-06-05 17:50:19,2016-06-05 17:50:19,,,,"{'Aerodactyl': 1, 'Poliwrath': 1, 'Muk': 1, 'Victreebel': 1, 'Arcanine': 1, 'Articuno': 1}"
drapion2237,[Gen 1] UU,169,97,72,2018-12-31 15:56:42,2024-12-02 14:44:04,,,,"{'Electabuzz': 21, 'Kangaskhan': 107, 'Kadabra': 137, 'Dugtrio': 80, 'Hypno': 86, 'Tentacruel': 120, 'Omastar': 5, 'Dragonite': 40, 'Haunter': 27, 'Dewgong': 18, 'Vaporeon': 15, 'Dodrio': 45, 'Venusaur': 10, 'Charizard': 8, 'Persian': 48, 'Lapras': 25, 'Gyarados': 20, 'Electrode': 14, 'Victreebel': 6, 'Clefable': 25, 'Poliwrath': 7, 'Raichu': 12, 'Articuno': 39, 'Golem': 14, 'Aerodactyl': 7, 'Venomoth': 5, 'Nidoking': 1, 'Blastoise': 3, 'Tangela': 11, 'Seadra': 1, 'Raticate': 2, 'Kabutops': 1, 'Moltres': 9, 'Ninetales': 2, 'Mr. Mime': 1, 'Fearow': 1, 'Golduck': 2, 'Pinsir': 3, 'Magneton': 1, 'Kingler': 1, 'Graveler': 1}"
dratini1831,[Gen 1] UU,5,2,3,2020-04-30 02:34:23,2020-05-02 06:27:02,,,,"{'Kangaskhan': 1, 'Omastar': 1, 'Persian': 2, 'Hypno': 5, 'Dragonite': 1, 'Tentacruel': 5, 'Dodrio': 1, 'Dugtrio': 3, 'Gyarados': 3, 'Articuno': 1, 'Tangela': 1, 'Vaporeon': 1, 'Electabuzz': 1, 'Golem': 1, 'Kadabra': 1}"
dreadplate33148,[Gen 1] UU,3,2,1,2025-01-09 15:08:57,2025-01-09 21:41:38,,,,"{'Kangaskhan': 2, 'Kadabra': 1, 'Drowzee': 1, 'Persian': 1, 'Dragonite': 2, 'Tentacruel': 1, 'Haunter': 2, 'Clefable': 1, 'Moltres': 1, 'Rapidash': 1, 'Dugtrio': 1, 'Gyarados': 1}"
dreadplate92261,[Gen 1] UU,1,0,1,2019-12-05 19:26:42,2019-12-05 19:26:42,,,,"{'Kadabra': 1, 'Haunter': 1, 'Dugtrio': 1, 'Gyarados': 1, 'Hypno': 1, 'Tentacruel': 1}"
drifblim76738,[Gen 1] UU,1,0,1,2024-04-01 17:38:02,2024-04-01 17:38:02,,,,"{'Kingler': 1, 'Pidgeot': 1, 'Charizard': 1, 'Muk': 1, 'Pikachu': 1, 'Bulbasaur': 1}"
drifblim9493,[Gen 1] UU,1,1,0,2019-08-16 06:07:25,2019-08-16 06:07:25,,,,"{'Machamp': 1, 'Kingler': 1, 'Dragonite': 1, 'Blastoise': 1}"
drillpeck49894,[Gen 1] UU,1,0,1,2019-06-13 01:31:33,2019-06-13 01:31:33,,,,"{'Electrode': 1, 'Lickitung': 1, 'Arcanine': 1, 'Venusaur': 1, 'Blastoise': 1, 'Vaporeon': 1}"
drought77787,[Gen 1] UU,12,4,8,2021-10-24 21:05:59,2023-03-04 19:45:00,,,,"{'Tentacruel': 12, 'Kadabra': 10, 'Dragonite': 5, 'Gyarados': 3, 'Hypno': 12, 'Articuno': 3, 'Electabuzz': 4, 'Venusaur': 4, 'Kangaskhan': 4, 'Persian': 4, 'Vaporeon': 2, 'Lapras': 4, 'Dugtrio': 3, 'Aerodactyl': 1}"
dugtrio78381,[Gen 1] UU,6,3,3,2021-09-30 15:30:22,2021-10-13 16:11:28,,,,"{'Tentacruel': 6, 'Kadabra': 6, 'Dugtrio': 6, 'Hypno': 6, 'Dragonite': 4, 'Vaporeon': 2, 'Haunter': 2, 'Aerodactyl': 1, 'Dodrio': 1, 'Kangaskhan': 1, 'Articuno': 1}"
dunsparce38646,[Gen 1] UU,1,0,1,2017-12-18 11:56:37,2017-12-18 11:56:37,1000.0,1000.0,[1000.0],"{'Aerodactyl': 1, 'Arbok': 1, 'Arcanine': 1, 'Beedrill': 1, 'Blastoise': 1, 'Articuno': 1}"
durinberry63002,[Gen 1] UU,1,0,1,2019-12-12 21:16:55,2019-12-12 21:16:55,,,,"{'Kangaskhan': 1, 'Kadabra': 1, 'Golem': 1, 'Hypno': 1, 'Dragonite': 1, 'Tentacruel': 1}"
dusclops34908,[Gen 1] UU,1,0,1,2016-06-09 14:22:28,2016-06-09 14:22:28,1022.0,1022.0,[1022.0],"{'Aerodactyl': 1, 'Nidoking': 1, 'Hypno': 1, 'Slowpoke': 1, 'Venusaur': 1, 'Articuno': 1}"
duskball22480,[Gen 1] UU,3,2,1,2021-12-20 18:48:10,2021-12-20 19:08:51,,,,"{'Aerodactyl': 1, 'Kadabra': 3, 'Dewgong': 1, 'Hypno': 3, 'Tangela': 2, 'Tentacruel': 3, 'Kangaskhan': 1, 'Omastar': 1, 'Haunter': 1, 'Persian': 1, 'Gyarados': 1}"
dusknoir53228,[Gen 1] UU,1,1,0,2019-10-01 17:02:33,2019-10-01 17:02:33,,,,"{'Omastar': 1, 'Kadabra': 1, 'Persian': 1, 'Clefable': 1, 'Venusaur': 1}"
dustox94534,[Gen 1] UU,1,0,1,2016-06-06 04:17:30,2016-06-06 04:17:30,1027.0,1027.0,[1027.0],"{'Nidoking': 1, 'Persian': 1, 'Hypno': 1, 'Gyarados': 1, 'Arcanine': 1, 'Dragonite': 1}"
earlybird53035,[Gen 1] UU,1,1,0,2023-12-27 01:20:59,2023-12-27 01:20:59,1113.0,1113.0,[1113.0],"{'Kangaskhan': 1, 'Aerodactyl': 1, 'Kadabra': 1, 'Dewgong': 1, 'Dugtrio': 1, 'Persian': 1}"
earlybird58155,[Gen 1] UU,1,0,1,2016-07-13 05:36:50,2016-07-13 05:36:50,1000.0,1000.0,[1000.0],"{'Pidgeot': 1, 'Charizard': 1, 'Aerodactyl': 1, 'Raichu': 1, 'Hypno': 1, 'Bulbasaur': 1}"
earthplate33099,[Gen 1] UU,2,0,2,2024-11-08 19:21:38,2024-11-23 16:25:14,,,,"{'Kangaskhan': 2, 'Kadabra': 2, 'Dodrio': 2, 'Dugtrio': 2, 'Clefable': 2, 'Tentacruel': 2}"
earthpower43173,[Gen 1] UU,1,0,1,2023-12-19 19:02:30,2023-12-19 19:02:30,1028.0,1028.0,[1028.0],"{'Kadabra': 1, 'Haunter': 1, 'Dugtrio': 1, 'Persian': 1, 'Dragonite': 1, 'Tentacruel': 1}"
earthquake59031,[Gen 1] UU,2,2,0,2016-06-02 20:37:52,2016-06-02 20:49:10,1000.0,1021.0,"[1000.0, 1021.0]","{'Scyther': 2, 'Venomoth': 2, 'Charizard': 1, 'Magneton': 2, 'Poliwrath': 2, 'Graveler': 1}"
earthquake78771,[Gen 1] UU,1,0,1,2019-09-30 15:36:35,2019-09-30 15:36:35,,,,"{'Moltres': 1, 'Scyther': 1, 'Charizard': 1, 'Kadabra': 1, 'Weezing': 1, 'Blastoise': 1}"
earthquake9328,[Gen 1] UU,2,0,2,2019-09-09 20:01:09,2019-12-02 12:07:28,,,,"{'Tentacruel': 2, 'Omastar': 2, 'Kadabra': 2, 'Electabuzz': 2, 'Hypno': 2, 'Dragonite': 2}"
effectspore21871,[Gen 1] UU,1,1,0,2020-05-24 17:20:53,2020-05-24 17:20:53,,,,"{'Kangaskhan': 1, 'Kadabra': 1, 'Haunter': 1, 'Dugtrio': 1, 'Hypno': 1, 'Tentacruel': 1}"
effectspore55996,[Gen 1] UU,1,1,0,2025-05-13 02:40:59,2025-05-13 02:40:59,,,,"{'Clefable': 1, 'Lapras': 1, 'Dodrio': 1, 'Dugtrio': 1, 'Hypno': 1, 'Articuno': 1}"
eggbomb76831,[Gen 1] UU,1,0,1,2025-04-01 23:43:36,2025-04-01 23:43:36,1000.0,1000.0,[1000.0],"{'Kadabra': 1, 'Golem': 1, 'Dodrio': 1, 'Electabuzz': 1, 'Tangela': 1, 'Tentacruel': 1}"
electabuzz37326,[Gen 1] UU,2,0,2,2024-08-13 21:19:05,2024-08-13 21:42:50,,,,"{'Ninetales': 1, 'Kangaskhan': 1, 'Kadabra': 2, 'Dugtrio': 2, 'Dragonite': 2, 'Tentacruel': 2, 'Omastar': 1, 'Haunter': 1}"
electrike37580,[Gen 1] UU,1,0,1,2019-11-25 10:38:20,2019-11-25 10:38:20,,,,"{'Kangaskhan': 1, 'Kadabra': 1, 'Haunter': 1, 'Hypno': 1, 'Gyarados': 1, 'Tentacruel': 1}"
elekid21986,[Gen 1] UU,1,0,1,2020-01-01 03:01:44,2020-01-01 03:01:44,1000.0,1000.0,[1000.0],"{'Ninetales': 1, 'Electrode': 1, 'Dugtrio': 1, 'Hypno': 1, 'Dragonite': 1, 'Articuno': 1}"
elekid43752,[Gen 1] UU,1,0,1,2017-12-29 19:30:53,2017-12-29 19:30:53,,,,"{'Aerodactyl': 1, 'Arcanine': 1, 'Beedrill': 1, 'Blastoise': 1, 'Articuno': 1}"
embargo63013,[Gen 1] UU,3,1,2,2024-08-20 00:14:41,2024-08-20 00:46:15,,,,"{'Kangaskhan': 3, 'Kadabra': 3, 'Golem': 1, 'Electabuzz': 1, 'Gyarados': 1, 'Tentacruel': 3, 'Ninetales': 1, 'Raichu': 1, 'Dragonite': 2, 'Seadra': 1, 'Dodrio': 1}"
ember48712,[Gen 1] UU,1,0,1,2020-04-25 17:45:50,2020-04-25 17:45:50,,,,"{'Golduck': 1, 'Venomoth': 1, 'Kangaskhan': 1, 'Golem': 1, 'Electabuzz': 1, 'Hypno': 1}"
empoleon55967,[Gen 1] UU,1,0,1,2023-12-11 19:08:18,2023-12-11 19:08:18,,,,"{'Charizard': 1, 'Nidoking': 1, 'Haunter': 1, 'Gyarados': 1, 'Venusaur': 1, 'Dragonite': 1}"
encore90411,[Gen 1] UU,2,1,1,2022-08-27 06:20:22,2022-09-04 21:36:36,,,,"{'Kangaskhan': 2, 'Kadabra': 2, 'Persian': 2, 'Hypno': 2, 'Gyarados': 1, 'Tentacruel': 2, 'Articuno': 1}"
endeavor17943,[Gen 1] UU,1,1,0,2019-09-30 15:36:35,2019-09-30 15:36:35,,,,"{'Moltres': 1, 'Aerodactyl': 1, 'Machamp': 1, 'Gyarados': 1, 'Venusaur': 1, 'Articuno': 1}"
endeavor49245,[Gen 1] UU,1,0,1,2019-11-24 20:16:12,2019-11-24 20:16:12,,,,"{'Seadra': 1, 'Vileplume': 1, 'Dragonair': 1, 'Seaking': 1, 'Drowzee': 1, 'Magmar': 1}"
endure12351,[Gen 1] UU,3,2,1,2025-05-03 21:13:47,2025-05-03 21:36:32,,,,"{'Kadabra': 2, 'Dragonair': 1, 'Arbok': 1, 'Persian': 2, 'Dragonite': 2, 'Tentacruel': 3, 'Lapras': 2, 'Kangaskhan': 1, 'Hypno': 2, 'Golem': 1, 'Raichu': 1}"
endure31805,[Gen 1] UU,1,1,0,2018-12-07 02:40:04,2018-12-07 02:40:04,1000.0,1000.0,[1000.0],{'Hypno': 1}
endure76085,[Gen 1] UU,1,1,0,2016-06-02 17:02:51,2016-06-02 17:02:51,,,,"{'Charizard': 1, 'Nidoking': 1, 'Persian': 1, 'Hypno': 1, 'Blastoise': 1, 'Articuno': 1}"
energyball2017,[Gen 1] UU,1,1,0,2019-03-24 06:07:27,2019-03-24 06:07:27,,,,"{'Abra': 1, 'Shellder': 1, 'Diglett': 1, 'Magnemite': 1, 'Geodude': 1, 'Charmander': 1}"
energyball60412,[Gen 1] UU,1,0,1,2023-12-11 17:38:50,2023-12-11 17:38:50,1000.0,1000.0,[1000.0],"{'Kangaskhan': 1, 'Nidoking': 1, 'Arcanine': 1, 'Venusaur': 1, 'Dragonite': 1, 'Articuno': 1}"
energypowder37061,[Gen 1] UU,1,0,1,2020-03-31 02:27:09,2020-03-31 02:27:09,,,,"{'Nidoqueen': 1, 'Poliwrath': 1, 'Persian': 1, 'Hypno': 1, 'Raichu': 1, 'Tangela': 1}"
enigmaberry24187,[Gen 1] UU,1,0,1,2024-10-11 18:08:23,2024-10-11 18:08:23,,,,"{'Ninetales': 1, 'Kadabra': 1, 'Dodrio': 1, 'Dugtrio': 1, 'Dragonite': 1, 'Tentacruel': 1}"
enigmaberry6983,[Gen 1] UU,1,0,1,2016-06-02 17:35:08,2016-06-02 17:35:08,1000.0,1000.0,[1000.0],"{'Charizard': 1, 'Weezing': 1, 'Pikachu': 1, 'Primeape': 1, 'Venusaur': 1, 'Blastoise': 1}"
enpowerflying39776,[Gen 1] UU,17,13,4,2024-07-06 20:23:10,2025-02-09 20:16:31,,,,"{'Lapras': 9, 'Hypno': 6, 'Haunter': 6, 'Golem': 4, 'Kangaskhan': 10, 'Raticate': 2, 'Dugtrio': 8, 'Electabuzz': 6, 'Articuno': 8, 'Dodrio': 9, 'Persian': 5, 'Ninetales': 3, 'Tentacruel': 5, 'Kadabra': 7, 'Tangela': 5, 'Moltres': 2, 'Dragonite': 1}"
enpowerpoison72549,[Gen 1] UU,12,6,6,2024-11-16 20:48:52,2024-11-23 01:33:35,,,,"{'Ninetales': 12, 'Kadabra': 11, 'Haunter': 12, 'Dodrio': 11, 'Dugtrio': 12, 'Gyarados': 11}"
exeggcute80740,[Gen 1] UU,3,1,2,2022-09-29 23:20:38,2022-09-29 23:43:30,,,,"{'Kadabra': 2, 'Golem': 1, 'Dugtrio': 3, 'Gyarados': 1, 'Hypno': 3, 'Tentacruel': 3, 'Persian': 1, 'Articuno': 1, 'Kangaskhan': 1, 'Omastar': 1, 'Vaporeon': 1}"
exeggcute84393,[Gen 1] UU,12,6,6,2020-07-25 03:08:13,2021-06-05 21:28:06,,,,"{'Dragonite': 1, 'Dugtrio': 5, 'Articuno': 2, 'Gyarados': 8, 'Hypno': 10, 'Tentacruel': 10, 'Kangaskhan': 6, 'Kadabra': 7, 'Persian': 4, 'Venomoth': 1, 'Porygon': 1, 'Magneton': 1, 'Nidoking': 1, 'Blastoise': 2, 'Abra': 1, 'Omastar': 1, 'Vaporeon': 1, 'Golem': 2, 'Charizard': 1, 'Kabutops': 1, 'Mr. Mime': 1, 'Clefable': 1, 'Venusaur': 1}"
expertbelt43056,[Gen 1] UU,1,0,1,2021-06-05 01:11:43,2021-06-05 01:11:43,,,,"{'Kangaskhan': 1, 'Tentacruel': 1, 'Kadabra': 1, 'Hypno': 1, 'Tangela': 1, 'Articuno': 1}"
explosion2177,[Gen 1] UU,1,0,1,2019-06-17 20:24:04,2019-06-17 20:24:04,,,,"{'Raticate': 1, 'Graveler': 1, 'Poliwrath': 1, 'Machamp': 1, 'Arcanine': 1, 'Tangela': 1}"
explosion34452,[Gen 1] UU,1,0,1,2016-07-27 02:39:31,2016-07-27 02:39:31,1031.0,1031.0,[1031.0],"{'Staryu': 1, 'Nidoking': 1, 'Haunter': 1, 'Dodrio': 1, 'Venusaur': 1, 'Vaporeon': 1}"
explosion74232,[Gen 1] UU,1,0,1,2017-12-14 16:08:23,2017-12-14 16:08:23,,,,"{'Golduck': 1, 'Electabuzz': 1, 'Dugtrio': 1, 'Hypno': 1, 'Venusaur': 1, 'Dragonite': 1}"
explosion9990,[Gen 1] UU,1,1,0,2020-07-26 18:48:35,2020-07-26 18:48:35,,,,"{'Golem': 1, 'Dugtrio': 1, 'Gyarados': 1, 'Hypno': 1, 'Tentacruel': 1}"
exploud96711,[Gen 1] UU,2,1,1,2023-12-06 16:45:23,2023-12-19 08:50:28,1000.0,1086.0,"[1086.0, 1000.0]","{'Kadabra': 2, 'Haunter': 2, 'Dewgong': 2, 'Dugtrio': 2, 'Electabuzz': 1, 'Articuno': 2, 'Kangaskhan': 1}"
extremespeed62335,[Gen 1] UU,3,0,3,2019-08-18 14:01:19,2023-01-25 22:32:42,,,,"{'Lapras': 2, 'Kangaskhan': 2, 'Kadabra': 2, 'Persian': 2, 'Articuno': 2, 'Tentacruel': 3, 'Tangela': 1, 'Hypno': 1, 'Dragonite': 1}"
extremespeed77326,[Gen 1] UU,1,1,0,2024-01-10 01:24:02,2024-01-10 01:24:02,,,,"{'Kangaskhan': 1, 'Kadabra': 1, 'Dodrio': 1, 'Venusaur': 1, 'Dragonite': 1}"
facade24219,[Gen 1] UU,1,0,1,2016-07-28 09:30:43,2016-07-28 09:30:43,,,,"{'Voltorb': 1, 'Kingler': 1, ""Farfetch'D"": 1, 'Aerodactyl': 1, 'Dodrio': 1, 'Hypno': 1}"
facade60368,[Gen 1] UU,5,2,3,2019-04-14 09:29:50,2025-01-02 22:20:18,,,,"{'Kadabra': 3, 'Haunter': 2, 'Golem': 1, 'Hypno': 3, 'Venusaur': 1, 'Blastoise': 1, 'Kangaskhan': 2, 'Dugtrio': 3, 'Tentacruel': 3, 'Dodrio': 1, 'Dewgong': 1, 'Voltorb': 1, 'Staryu': 1, 'Rhyhorn': 1, 'Exeggcute': 1, 'Drowzee': 1, 'Slowpoke': 1, 'Gyarados': 1}"
fakeout94499,[Gen 1] UU,2,2,0,2024-11-18 19:45:00,2024-11-18 19:51:05,,,,"{'Kadabra': 2, 'Kangaskhan': 2, 'Tentacruel': 2, 'Clefable': 2, 'Dugtrio': 1}"
faketears60131,[Gen 1] UU,1,1,0,2024-10-04 00:38:27,2024-10-04 00:38:27,,,,"{'Kangaskhan': 1, 'Kadabra': 1, 'Dodrio': 1, 'Dugtrio': 1, 'Clefable': 1, 'Tentacruel': 1}"
falseswipe81364,[Gen 1] UU,1,0,1,2019-10-01 17:02:33,2019-10-01 17:02:33,,,,"{'Charizard': 1, 'Electrode': 1, 'Dodrio': 1, 'Gyarados': 1, 'Raichu': 1, 'Dragonite': 1}"
farfetchd44662,[Gen 1] UU,1,0,1,2025-04-02 22:05:29,2025-04-02 22:05:29,1000.0,1000.0,[1000.0],"{'Lapras': 1, 'Kadabra': 1, 'Persian': 1, 'Hypno': 1, 'Raichu': 1, 'Tentacruel': 1}"
farfetchd89231,[Gen 1] UU,1,0,1,2016-07-16 17:13:40,2016-07-16 17:13:40,1028.0,1028.0,[1028.0],"{'Arbok': 1, 'Scyther': 1, 'Butterfree': 1, 'Pikachu': 1}"
farfetchd98376,[Gen 1] UU,1,1,0,2018-12-15 01:45:39,2018-12-15 01:45:39,1136.0,1136.0,[1136.0],"{'Dodrio': 1, 'Dugtrio': 1, 'Hypno': 1, 'Venusaur': 1, 'Articuno': 1}"
fastball12016,[Gen 1] UU,8,4,4,2025-01-06 01:18:05,2025-01-26 18:18:29,,,,"{'Golem': 5, 'Lapras': 8, 'Jolteon': 5, 'Hypno': 8, 'Persian': 4, 'Articuno': 1, 'Kadabra': 3, 'Venusaur': 3, 'Slowbro': 3, 'Victreebel': 3, 'Raichu': 3}"
fearow16709,[Gen 1] UU,1,0,1,2020-07-19 09:59:05,2020-07-19 09:59:05,,,,"{'Omastar': 1, 'Kadabra': 1, 'Electabuzz': 1, 'Hypno': 1, 'Dragonite': 1, 'Tentacruel': 1}"
feint90265,[Gen 1] UU,1,0,1,2016-06-07 23:15:15,2016-06-07 23:15:15,,,,"{'Moltres': 1, 'Omastar': 1, 'Persian': 1, 'Hypno': 1, 'Raichu': 1, 'Articuno': 1}"
feraligatr69489,[Gen 1] UU,4,0,4,2020-01-18 19:42:52,2020-01-18 20:54:27,,,,"{'Kangaskhan': 3, 'Dugtrio': 3, 'Hypno': 4, 'Venusaur': 1, 'Dragonite': 2, 'Tentacruel': 4, 'Omastar': 1, 'Kadabra': 3, 'Moltres': 1, 'Dodrio': 1, 'Electabuzz': 1}"
fighting22803,[Gen 1] UU,1,0,1,2018-12-21 22:12:50,2018-12-21 22:12:50,,,,"{'Magneton': 1, 'Nidoking': 1, 'Kadabra': 1, 'Poliwrath': 1, 'Dodrio': 1, 'Vaporeon': 1}"
fighting42295,[Gen 1] UU,1,0,1,2016-06-05 14:58:39,2016-06-05 14:58:39,1000.0,1000.0,[1000.0],"{'Charizard': 1, 'Nidoking': 1, 'Wigglytuff': 1, 'Hitmonchan': 1, 'Venusaur': 1, 'Blastoise': 1}"
fighting88830,[Gen 1] UU,1,0,1,2020-07-27 00:15:02,2020-07-27 00:15:02,,,,"{'Tentacruel': 1, 'Haunter': 1, 'Dugtrio': 1, 'Hypno': 1, 'Dragonite': 1, 'Vaporeon': 1}"
figyberry66880,[Gen 1] UU,1,1,0,2020-05-11 00:49:16,2020-05-11 00:49:16,,,,"{'Omastar': 1, 'Kadabra': 1, 'Tangela': 1, 'Dragonite': 1, 'Tentacruel': 1}"
fire24746,[Gen 1] UU,1,0,1,2020-06-22 21:18:28,2020-06-22 21:18:28,,,,"{'Rhyhorn': 1, 'Exeggcute': 1, 'Mankey': 1, 'Slowpoke': 1, 'Magnemite': 1}"
fire72744,[Gen 1] UU,1,0,1,2020-07-07 07:27:27,2020-07-07 07:27:27,,,,"{'Omastar': 1, 'Haunter': 1, 'Dugtrio': 1, 'Hypno': 1, 'Dragonite': 1, 'Tentacruel': 1}"
fire84655,[Gen 1] UU,1,1,0,2016-08-01 17:12:43,2016-08-01 17:12:43,1167.0,1167.0,[1167.0],"{'Tentacruel': 1, 'Haunter': 1, 'Victreebel': 1, 'Persian': 1, 'Raichu': 1, 'Articuno': 1}"
fireblast30665,[Gen 1] UU,3,1,2,2016-08-01 17:12:43,2019-09-02 20:19:04,1167.0,1167.0,[1167.0],"{'Kangaskhan': 2, 'Tentacruel': 2, 'Omastar': 2, 'Hypno': 3, 'Vaporeon': 2, 'Golduck': 1, 'Dragonite': 1, 'Dugtrio': 2, 'Electabuzz': 1, 'Articuno': 1}"
firepunch12850,[Gen 1] UU,1,0,1,2023-12-15 21:17:46,2023-12-15 21:17:46,1000.0,1000.0,[1000.0],"{'Moltres': 1, 'Kangaskhan': 1, 'Persian': 1, 'Electabuzz': 1, 'Tentacruel': 1}"
firespin24105,[Gen 1] UU,2,2,0,2020-08-19 17:56:48,2020-08-19 18:34:32,,,,"{'Venomoth': 2, 'Charizard': 1, 'Kabutops': 1, 'Mr. Mime': 1, 'Clefable': 1, 'Blastoise': 2, 'Porygon': 1, 'Magneton': 1, 'Nidoking': 1, 'Abra': 1}"
firespin54999,[Gen 1] UU,1,0,1,2025-04-05 21:41:36,2025-04-05 21:41:36,1043.0,1043.0,[1043.0],"{'Lapras': 1, 'Haunter': 1, 'Dugtrio': 1, 'Hypno': 1, 'Tangela': 1, 'Tentacruel': 1}"
firestone40584,[Gen 1] UU,2,0,2,2023-12-11 22:22:40,2023-12-11 22:31:16,,,,"{'Kangaskhan': 1, 'Kadabra': 2, 'Dugtrio': 2, 'Persian': 1, 'Tangela': 1, 'Tentacruel': 2, 'Omastar': 1, 'Venusaur': 1, 'Dragonite': 1}"
fissure35074,[Gen 1] UU,1,0,1,2021-06-05 01:13:40,2021-06-05 01:13:40,,,,"{'Kadabra': 1, 'Golem': 1, 'Dugtrio': 1, 'Hypno': 1, 'Gyarados': 1, 'Tentacruel': 1}"
fissure61188,[Gen 1] UU,41,22,19,2023-02-01 22:01:55,2025-01-03 22:44:27,,,,"{'Venomoth': 4, 'Kadabra': 35, 'Dugtrio': 10, 'Persian': 12, 'Dragonite': 15, 'Tentacruel': 35, 'Kangaskhan': 25, 'Clefable': 15, 'Ivysaur': 1, 'Clefairy': 1, 'Meowth': 1, 'Tentacool': 1, 'Charmeleon': 1, 'Golbat': 1, 'Staryu': 1, 'Dragonair': 1, 'Graveler': 1, 'Haunter': 9, 'Diglett': 1, 'Dodrio': 17, 'Dewgong': 5, 'Articuno': 12, 'Tangela': 7, 'Electabuzz': 4, 'Poliwrath': 2, 'Lapras': 2, 'Hypno': 3, 'Raichu': 4, 'Blastoise': 1, 'Golem': 5, 'Electrode': 2, 'Arcanine': 1, 'Golduck': 1, 'Moltres': 1}"
flaaffy13191,[Gen 1] UU,1,1,0,2022-01-02 22:08:27,2022-01-02 22:08:27,,,,"{'Tentacruel': 1, 'Kadabra': 1, 'Articuno': 1, 'Hypno': 1, 'Venusaur': 1, 'Vaporeon': 1}"
flail72621,[Gen 1] UU,1,0,1,2019-03-19 15:01:53,2019-03-19 15:01:53,,,,"{'Omastar': 1, 'Haunter': 1, 'Dugtrio': 1, 'Hypno': 1, 'Dragonite': 1, 'Tentacruel': 1}"
flamebody71831,[Gen 1] UU,1,0,1,2020-02-16 23:54:30,2020-02-16 23:54:30,,,,"{'Kadabra': 1, 'Haunter': 1, 'Dugtrio': 1, 'Gyarados': 1, 'Hypno': 1, 'Tentacruel': 1}"
flamebody90548,[Gen 1] UU,1,1,0,2020-09-01 02:44:39,2020-09-01 02:44:39,,,,"{'Venomoth': 1, 'Porygon': 1, 'Nidoking': 1, 'Kabutops': 1, 'Mr. Mime': 1, 'Blastoise': 1}"
flamethrower27880,[Gen 1] UU,3,2,1,2023-12-02 15:51:16,2023-12-02 18:23:20,1000.0,1057.0,"[1000.0, 1011.0, 1057.0]","{'Kadabra': 3, 'Haunter': 2, 'Golem': 1, 'Dugtrio': 2, 'Persian': 3, 'Tangela': 2, 'Kangaskhan': 1, 'Dodrio': 1, 'Raichu': 1, 'Tentacruel': 1}"
flamethrower36268,[Gen 1] UU,3,1,2,2017-12-02 15:25:28,2017-12-02 15:54:42,,,,"{'Kangaskhan': 2, 'Haunter': 3, 'Victreebel': 1, 'Hypno': 3, 'Dragonite': 3, 'Tentacruel': 1, 'Electabuzz': 1, 'Clefable': 1, 'Gyarados': 1}"
flamethrower70047,[Gen 1] UU,5,3,2,2016-07-23 01:23:26,2016-07-31 02:10:46,1000.0,1118.0,"[1013.0, 1000.0, 1106.0, 1118.0, 1056.0]","{'Kingler': 5, 'Venomoth': 5, 'Raticate': 3, 'Poliwrath': 5, 'Electabuzz': 5, 'Vaporeon': 5}"
flamewheel28764,[Gen 1] UU,2,1,1,2019-08-27 01:46:57,2019-10-01 02:47:30,,,,"{'Golduck': 2, 'Sandslash': 1, 'Haunter': 1, 'Victreebel': 1, 'Raichu': 2, 'Articuno': 1, 'Moltres': 1, 'Kangaskhan': 1, 'Pinsir': 1, 'Hypno': 1}"
flamewheel83470,[Gen 1] UU,1,1,0,2016-06-01 18:32:03,2016-06-01 18:32:03,,,,"{'Moltres': 1, 'Haunter': 1, 'Articuno': 1, 'Electabuzz': 1, 'Venusaur': 1, 'Vaporeon': 1}"
flareblitz41770,[Gen 1] UU,3,2,1,2022-10-01 19:14:03,2022-10-01 19:28:04,,,,"{'Haunter': 1, 'Dugtrio': 2, 'Gyarados': 1, 'Hypno': 3, 'Tentacruel': 3, 'Kangaskhan': 1, 'Articuno': 1, 'Dragonite': 1}"
flareblitz45538,[Gen 1] UU,1,0,1,2016-06-07 22:13:04,2016-06-07 22:13:04,1000.0,1000.0,[1000.0],"{'Golduck': 1, 'Electabuzz': 1, 'Nidoking': 1, 'Dodrio': 1, 'Clefable': 1, 'Venusaur': 1}"
flareblitz5519,[Gen 1] UU,3,0,3,2020-08-12 22:59:34,2020-08-21 22:49:32,,,,"{'Venomoth': 2, 'Rapidash': 1, 'Electrode': 1, 'Kabutops': 2, 'Dewgong': 1, 'Clefable': 1, 'Dugtrio': 1, 'Persian': 2, 'Hypno': 1, 'Tangela': 1, 'Blastoise': 1, 'Kadabra': 1, 'Electabuzz': 1, 'Dragonite': 1, 'Vaporeon': 1}"
flashfire96445,[Gen 1] UU,1,1,0,2017-12-12 16:39:31,2017-12-12 16:39:31,,,,"{'Kangaskhan': 1, 'Haunter': 1, 'Victreebel': 1, 'Hypno': 1, 'Dragonite': 1, 'Tentacruel': 1}"
fling55533,[Gen 1] UU,5,1,4,2020-12-08 22:22:43,2021-01-01 21:45:12,,,,"{'Kadabra': 3, 'Electabuzz': 1, 'Hypno': 5, 'Dragonite': 4, 'Tentacruel': 5, 'Omastar': 1, 'Tangela': 1, 'Kangaskhan': 3, 'Haunter': 2, 'Dugtrio': 3, 'Articuno': 1}"
fling78309,[Gen 1] UU,1,1,0,2016-06-17 00:09:40,2016-06-17 00:09:40,1000.0,1000.0,[1000.0],"{'Machamp': 1, 'Dragonite': 1, 'Persian': 1}"
floatzel16313,[Gen 1] UU,1,0,1,2019-12-28 03:56:14,2019-12-28 03:56:14,,,,"{'Pidgeot': 1, 'Ninetales': 1, 'Omastar': 1, 'Arbok': 1, 'Machamp': 1, 'Dugtrio': 1}"
fnt50180,[Gen 1] UU,1,0,1,2018-12-07 02:40:04,2018-12-07 02:40:04,1000.0,1000.0,[1000.0],"{'Machoke': 1, 'Charizard': 1, 'Pikachu': 1, 'Venusaur': 1, 'Blastoise': 1, 'Articuno': 1}"
focusband71312,[Gen 1] UU,2,0,2,2019-12-30 03:59:18,2020-06-09 03:31:52,1152.0,1152.0,[1152.0],"{'Kadabra': 2, 'Poliwrath': 1, 'Golem': 1, 'Haunter': 1, 'Persian': 1, 'Gyarados': 1, 'Moltres': 1, 'Raichu': 1, 'Venusaur': 1, 'Dragonite': 1, 'Tentacruel': 1}"
focuspunch756,[Gen 1] UU,2,1,1,2019-11-17 20:39:21,2020-04-19 19:47:50,,,,"{'Kangaskhan': 2, 'Kadabra': 2, 'Persian': 2, 'Gyarados': 2, 'Hypno': 2, 'Tentacruel': 2}"
focussash23984,[Gen 1] UU,1,0,1,2020-03-08 20:49:25,2020-03-08 20:49:25,,,,"{'Kangaskhan': 1, 'Kadabra': 1, 'Haunter': 1, 'Dugtrio': 1, 'Hypno': 1, 'Tentacruel': 1}"
focussash25716,[Gen 1] UU,3,1,2,2022-01-26 15:39:01,2022-01-26 16:06:43,,,,"{'Aerodactyl': 1, 'Tentacruel': 3, 'Kadabra': 2, 'Persian': 3, 'Hypno': 3, 'Vaporeon': 1, 'Kangaskhan': 2, 'Gyarados': 1, 'Dodrio': 1, 'Clefable': 1}"
followme19873,[Gen 1] UU,1,1,0,2016-07-13 21:07:01,2016-07-13 21:07:01,1053.0,1053.0,[1053.0],"{'Charizard': 1, 'Electabuzz': 1, 'Arcanine': 1, 'Blastoise': 1, 'Articuno': 1}"
frenzyplant87849,[Gen 1] UU,4,2,2,2023-12-12 02:14:26,2025-01-06 06:39:36,1000.0,1000.0,[1000.0],"{'Electrode': 1, 'Dodrio': 2, 'Dugtrio': 1, 'Articuno': 1, 'Vaporeon': 1, 'Lapras': 3, 'Jolteon': 3, 'Kangaskhan': 2, 'Slowbro': 2, 'Nidoking': 2, 'Hypno': 3, 'Kadabra': 1, 'Golem': 1}"
frustration17199,[Gen 1] UU,1,0,1,2025-04-01 23:34:37,2025-04-01 23:34:37,1000.0,1000.0,[1000.0],"{'Ninetales': 1, 'Tentacruel': 1, 'Kadabra': 1, 'Tangela': 1, 'Articuno': 1}"
frz19008,[Gen 1] UU,3,3,0,2020-05-07 21:14:53,2020-05-07 23:12:51,,,,"{'Golem': 3, 'Persian': 3, 'Electabuzz': 3, 'Hypno': 3, 'Gyarados': 3, 'Tentacruel': 1}"
frz75,[Gen 1] UU,5,1,4,2019-05-06 11:22:24,2019-12-15 09:33:04,,,,"{'Dugtrio': 3, 'Dragonite': 3, 'Haunter': 3, 'Hypno': 3, 'Golduck': 2, 'Charizard': 2, 'Sandslash': 2, 'Raticate': 2, 'Electabuzz': 2, 'Tangela': 2, 'Omastar': 2, 'Tentacruel': 2}"
furret42171,[Gen 1] UU,1,0,1,2016-06-14 19:40:00,2016-06-14 19:40:00,1000.0,1000.0,[1000.0],"{'Charizard': 1, 'Raticate': 1, 'Raichu': 1, 'Venusaur': 1, 'Dragonite': 1, 'Vaporeon': 1}"
furret75731,[Gen 1] UU,1,0,1,2025-04-01 22:04:35,2025-04-01 22:04:35,1000.0,1000.0,[1000.0],"{'Tentacruel': 1, 'Dragonite': 1, 'Articuno': 1, 'Vaporeon': 1}"
furyswipes40859,[Gen 1] UU,3,1,2,2023-03-26 21:23:06,2023-03-26 21:47:50,,,,"{'Lapras': 3, 'Kadabra': 2, 'Persian': 3, 'Hypno': 3, 'Dragonite': 3, 'Tentacruel': 3, 'Dugtrio': 1}"
furyswipes43732,[Gen 1] UU,1,1,0,2025-01-01 21:36:11,2025-01-01 21:36:11,,,,"{'Kangaskhan': 1, 'Kadabra': 1, 'Dugtrio': 1, 'Persian': 1, 'Raichu': 1, 'Tentacruel': 1}"
futuresight13270,[Gen 1] UU,5,2,3,2019-07-30 03:19:59,2020-04-14 01:54:42,,,,"{'Venomoth': 2, 'Porygon': 2, 'Rapidash': 2, 'Slowpoke': 2, 'Tangela': 2, 'Abra': 2, 'Kangaskhan': 3, 'Kadabra': 3, 'Persian': 3, 'Hypno': 3, 'Raichu': 3, 'Tentacruel': 3}"
futuresight34250,[Gen 1] UU,1,1,0,2024-04-01 17:49:10,2024-04-01 17:49:10,,,,"{'Golem': 1, 'Tangela': 1, 'Dragonite': 1, 'Tentacruel': 1}"
gallade9472,[Gen 1] UU,10,4,6,2022-01-17 01:38:42,2023-06-01 00:49:40,,,,"{'Lapras': 2, 'Kangaskhan': 8, 'Kadabra': 9, 'Persian': 7, 'Hypno': 7, 'Dragonite': 3, 'Dodrio': 7, 'Tentacruel': 9, 'Aerodactyl': 1, 'Dewgong': 1, 'Dugtrio': 1, 'Gyarados': 1, 'Electabuzz': 1, 'Omastar': 1}"
ganlonberry77483,[Gen 1] UU,1,0,1,2021-06-05 03:51:09,2021-06-05 03:51:09,,,,"{'Kangaskhan': 1, 'Kadabra': 1, 'Persian': 1, 'Hypno': 1, 'Gyarados': 1, 'Tentacruel': 1}"
ganlonberry84835,[Gen 1] UU,1,0,1,2018-12-30 19:49:29,2018-12-30 19:49:29,1000.0,1000.0,[1000.0],"{'Golduck': 1, 'Flareon': 1, 'Onix': 1, 'Dodrio': 1, 'Muk': 1, 'Electabuzz': 1}"
gastly15798,[Gen 1] UU,1,0,1,2019-09-02 20:11:34,2019-09-02 20:11:34,,,,"{'Omastar': 1, 'Haunter': 1, 'Dugtrio': 1, 'Hypno': 1, 'Dragonite': 1, 'Tentacruel': 1}"
gastly99241,[Gen 1] UU,1,0,1,2016-06-04 20:38:26,2016-06-04 20:38:26,1000.0,1000.0,[1000.0],"{'Charizard': 1, 'Electabuzz': 1, 'Nidoking': 1, 'Poliwrath': 1, 'Hypno': 1, 'Venusaur': 1}"
gastrodon26689,[Gen 1] UU,22,7,15,2022-01-17 06:48:00,2024-08-24 21:47:12,,,,"{'Kangaskhan': 14, 'Kadabra': 21, 'Persian': 12, 'Gyarados': 5, 'Hypno': 18, 'Tentacruel': 22, 'Aerodactyl': 1, 'Haunter': 2, 'Dewgong': 2, 'Dugtrio': 8, 'Articuno': 7, 'Raichu': 1, 'Venusaur': 2, 'Dodrio': 5, 'Electabuzz': 2, 'Tangela': 2, 'Golem': 1, 'Clefable': 2, 'Dragonite': 1}"
gengar69741,[Gen 1] UU,1,0,1,2017-12-17 17:58:13,2017-12-17 17:58:13,1073.0,1073.0,[1073.0],"{'Kangaskhan': 1, 'Haunter': 1, 'Electabuzz': 1, 'Hypno': 1, 'Dragonite': 1, 'Articuno': 1}"
gible14850,[Gen 1] UU,2,1,1,2024-01-16 13:00:01,2024-01-16 13:09:08,,,,"{'Pikachu': 2, 'Charmander': 2}"
gible45423,[Gen 1] UU,2,2,0,2024-12-15 18:24:26,2024-12-15 18:37:55,,,,"{'Kadabra': 2, 'Haunter': 2, 'Golem': 2, 'Dewgong': 2, 'Dugtrio': 2, 'Dodrio': 1}"
gible80445,[Gen 1] UU,2,2,0,2023-12-02 21:40:32,2023-12-02 21:48:29,1031.0,1123.0,"[1123.0, 1031.0]","{'Kadabra': 2, 'Haunter': 1, 'Dodrio': 2, 'Dugtrio': 2, 'Articuno': 1, 'Tentacruel': 2}"
gigadrain64920,[Gen 1] UU,1,0,1,2016-06-07 21:27:43,2016-06-07 21:27:43,,,,"{'Pidgeot': 1, 'Nidoking': 1, 'Arcanine': 1, 'Beedrill': 1, 'Dragonite': 1, 'Blastoise': 1}"
gigaimpact15080,[Gen 1] UU,3,2,1,2020-07-27 00:15:02,2020-07-27 00:26:21,,,,"{'Electrode': 3, 'Kadabra': 2, 'Golem': 2, 'Persian': 3, 'Hitmonlee': 2, 'Dragonite': 2}"
gigaimpact72507,[Gen 1] UU,1,0,1,2017-12-04 23:50:22,2017-12-04 23:50:22,,,,"{'Charizard': 1, 'Kangaskhan': 1, 'Aerodactyl': 1, 'Wigglytuff': 1, 'Muk': 1, 'Vaporeon': 1}"
glaceon53740,[Gen 1] UU,7,2,5,2020-05-31 10:38:45,2020-07-26 09:34:10,,,,"{'Seadra': 2, 'Moltres': 4, 'Electrode': 4, 'Mr. Mime': 3, 'Clefable': 4, 'Venusaur': 4, 'Dugtrio': 3, 'Dragonite': 3, 'Tentacruel': 3, 'Electabuzz': 3, 'Kangaskhan': 2, 'Kadabra': 2, 'Golduck': 1}"
glaceon67942,[Gen 1] UU,3,3,0,2020-04-27 00:45:18,2020-06-22 21:18:28,,,,"{'Diglett': 3, 'Drowzee': 3, 'Staryu': 2, 'Abra': 2, 'Exeggcute': 2, 'Slowpoke': 1}"
glalie5477,[Gen 1] UU,1,1,0,2016-06-07 21:27:43,2016-06-07 21:27:43,,,,"{'Arcanine': 1, 'Beedrill': 1, 'Charizard': 1, 'Articuno': 1}"
glameow93280,[Gen 1] UU,1,1,0,2019-12-16 11:24:31,2019-12-16 11:24:31,,,,"{'Kangaskhan': 1, 'Kadabra': 1, 'Haunter': 1, 'Dugtrio': 1, 'Hypno': 1, 'Tentacruel': 1}"
gligar43252,[Gen 1] UU,18,9,9,2022-06-30 22:25:07,2025-05-25 20:38:26,,,,"{'Kangaskhan': 7, 'Haunter': 4, 'Dugtrio': 5, 'Hypno': 17, 'Dragonite': 6, 'Tentacruel': 14, 'Aerodactyl': 3, 'Kadabra': 11, 'Electabuzz': 4, 'Lapras': 4, 'Raichu': 2, 'Gyarados': 3, 'Persian': 10, 'Venusaur': 1, 'Omastar': 2, 'Articuno': 4, 'Golem': 1, 'Dodrio': 1, 'Dewgong': 1, 'Vaporeon': 1}"
gliscor19201,[Gen 1] UU,4,2,2,2016-07-18 20:09:12,2016-07-25 16:52:45,1056.0,1056.0,[1056.0],"{'Poliwrath': 4, 'Raichu': 3, 'Kadabra': 1, 'Charizard': 1, 'Nidoking': 1, 'Haunter': 2, 'Articuno': 1}"
gliscor36129,[Gen 1] UU,2,1,1,2016-06-07 22:56:17,2017-12-16 23:58:48,,,,"{'Kadabra': 2, 'Raichu': 2, 'Dewgong': 1, 'Clefable': 1, 'Arcanine': 1, 'Venusaur': 1, 'Ninetales': 1, 'Persian': 1, 'Dragonite': 1, 'Vaporeon': 1}"
gliscor46351,[Gen 1] UU,1,0,1,2016-07-17 09:21:07,2016-07-17 09:21:07,1000.0,1000.0,[1000.0],"{'Marowak': 1, 'Mr. Mime': 1, 'Gyarados': 1, 'Arcanine': 1, 'Beedrill': 1, 'Fearow': 1}"
gloom24942,[Gen 1] UU,1,0,1,2019-03-02 15:38:49,2019-03-02 15:38:49,,,,"{'Charizard': 1, 'Mr. Mime': 1, 'Dewgong': 1, 'Persian': 1, 'Electabuzz': 1, 'Dragonite': 1}"
gloom36167,[Gen 1] UU,1,1,0,2016-07-14 00:44:21,2016-07-14 00:44:21,,,,"{'Arcanine': 1, 'Dragonite': 1, 'Gyarados': 1}"
gloom50365,[Gen 1] UU,2,0,2,2024-12-15 18:24:26,2024-12-15 18:37:55,,,,"{'Kangaskhan': 2, 'Kadabra': 2, 'Haunter': 1, 'Dewgong': 1, 'Electabuzz': 2, 'Tentacruel': 2, 'Persian': 1, 'Dragonite': 1}"
gloom8415,[Gen 1] UU,7,5,2,2017-12-03 03:05:52,2017-12-09 00:37:33,1000.0,1204.0,"[1000.0, 1053.0, 1000.0, 1039.0, 1111.0, 1204.0, 1128.0]","{'Omastar': 5, 'Persian': 1, 'Hypno': 7, 'Raichu': 3, 'Tangela': 1, 'Articuno': 2, 'Kadabra': 2, 'Dugtrio': 4, 'Dragonite': 3, 'Tentacruel': 4, 'Scyther': 3, 'Graveler': 1, 'Dewgong': 1}"
gluttony87688,[Gen 1] UU,3,1,2,2023-12-30 19:51:47,2024-01-01 03:33:25,1157.0,1157.0,[1157.0],"{'Kadabra': 2, 'Golem': 1, 'Dewgong': 1, 'Dugtrio': 3, 'Clefable': 1, 'Tentacruel': 3, 'Golduck': 1, 'Electabuzz': 1, 'Tangela': 1, 'Haunter': 1, 'Persian': 1, 'Gyarados': 1, 'Raichu': 1}"
goldberry48241,[Gen 1] UU,19,10,9,2017-12-02 16:41:33,2017-12-17 14:22:32,,,,"{'Machop': 5, 'Spearow': 5, 'Goldeen': 6, 'Vulpix': 6, 'Bulbasaur': 18, 'Magnemite': 18, 'Pidgeotto': 11, 'Eevee': 12, 'Charmander': 11, 'Squirtle': 12, 'Rattata': 1, 'Koffing': 2, 'Poliwrath': 1, 'Haunter': 1, 'Dodrio': 1, 'Victreebel': 1, 'Hypno': 1, 'Raichu': 1, 'Growlithe': 1}"
goldeen1019,[Gen 1] UU,1,0,1,2019-03-24 06:07:27,2019-03-24 06:07:27,,,,"{'Rhyhorn': 1, 'Exeggcute': 1, 'Dratini': 1, 'Clefairy': 1, 'Pikachu': 1, 'Gastly': 1}"
goldeen16308,[Gen 1] UU,4,2,2,2020-04-22 23:09:37,2020-06-20 17:27:55,,,,"{'Aerodactyl': 3, 'Nidoking': 4, 'Hypno': 4, 'Venusaur': 3, 'Dragonite': 3, 'Blastoise': 3, 'Electrode': 1, 'Arbok': 1, 'Dugtrio': 1, 'Clefable': 1}"
goldeen31666,[Gen 1] UU,4,3,1,2016-06-03 01:13:08,2016-06-04 01:49:06,1000.0,1048.0,"[1022.0, 1000.0, 1000.0, 1048.0]","{'Charizard': 3, 'Electrode': 3, 'Dugtrio': 4, 'Arcanine': 4, 'Dragonite': 4, 'Blastoise': 4}"
goldeen52039,[Gen 1] UU,8,4,4,2023-12-14 21:49:46,2025-01-05 00:03:13,1023.0,1162.0,"[1037.0, 1023.0, 1023.0, 1042.0, 1083.0, 1023.0, 1162.0]","{'Tentacruel': 8, 'Kadabra': 8, 'Haunter': 7, 'Dodrio': 8, 'Dugtrio': 8, 'Articuno': 6, 'Kangaskhan': 1, 'Clefable': 1}"
golduck35019,[Gen 1] UU,116,39,77,2020-11-01 23:06:43,2024-06-19 13:33:54,,,,"{'Kangaskhan': 44, 'Tentacruel': 98, 'Kadabra': 89, 'Hypno': 95, 'Venusaur': 20, 'Articuno': 55, 'Dodrio': 22, 'Persian': 39, 'Omastar': 9, 'Dragonair': 1, 'Dugtrio': 48, 'Dragonite': 32, 'Haunter': 15, 'Dewgong': 6, 'Tangela': 7, 'Aerodactyl': 13, 'Lapras': 18, 'Electrode': 7, 'Electabuzz': 15, 'Raichu': 8, 'Vaporeon': 13, 'Gyarados': 9, 'Clefable': 7, 'Victreebel': 4, 'Venomoth': 1, 'Charizard': 2, 'Wigglytuff': 1, 'Mr. Mime': 2, 'Blastoise': 2, 'Golem': 2, 'Poliwrath': 1, 'Magneton': 1, 'Fearow': 1, 'Moltres': 1}"
golduck78467,[Gen 1] UU,1,1,0,2020-06-01 07:16:42,2020-06-01 07:16:42,,,,"{'Kadabra': 1, 'Dragonair': 1, 'Haunter': 1, 'Graveler': 1, 'Weepinbell': 1}"
golduck88627,[Gen 1] UU,1,1,0,2020-04-21 03:09:31,2020-04-21 03:09:31,,,,"{'Kadabra': 1, 'Haunter': 1, 'Dugtrio': 1, 'Hypno': 1, 'Tentacruel': 1}"
golem66927,[Gen 1] UU,5,5,0,2023-12-06 16:45:23,2023-12-16 17:52:59,1000.0,1090.0,"[1086.0, 1000.0, 1000.0, 1000.0, 1090.0]","{'Omastar': 2, 'Tentacruel': 3, 'Dewgong': 1, 'Dugtrio': 3, 'Tangela': 2, 'Articuno': 2, 'Aerodactyl': 1, 'Venomoth': 1, 'Poliwrath': 1, 'Golem': 2, 'Mr. Mime': 1, 'Electabuzz': 1, 'Charizard': 1, 'Electrode': 1, 'Raichu': 1, 'Venusaur': 1, 'Vaporeon': 1, 'Kadabra': 1, 'Weezing': 1, 'Victreebel': 1, 'Persian': 1, 'Gyarados': 1}"
golem76289,[Gen 1] UU,3,3,0,2021-02-09 19:10:08,2021-02-09 19:23:06,,,,"{'Dugtrio': 3, 'Haunter': 2, 'Hypno': 3, 'Venomoth': 1, 'Persian': 1, 'Dragonite': 1, 'Tentacruel': 2, 'Omastar': 1}"
gorebyss51922,[Gen 1] UU,1,0,1,2019-11-17 20:05:48,2019-11-17 20:05:48,,,,"{'Charizard': 1, 'Dragonite': 1, 'Poliwrath': 1, 'Ditto': 1}"
granbull43273,[Gen 1] UU,1,1,0,2019-12-22 20:11:47,2019-12-22 20:11:47,,,,"{'Venomoth': 1, 'Nidoking': 1, 'Slowpoke': 1, 'Blastoise': 1, 'Abra': 1}"
granbull51880,[Gen 1] UU,3,1,2,2025-01-06 06:22:47,2025-01-06 06:39:36,,,,"{'Lapras': 2, 'Jolteon': 2, 'Dodrio': 1, 'Hypno': 2, 'Dragonite': 2, 'Vaporeon': 2, 'Kangaskhan': 2, 'Tentacruel': 1, 'Haunter': 1, 'Dugtrio': 1, 'Raichu': 1, 'Articuno': 1}"
grass66529,[Gen 1] UU,1,0,1,2019-07-15 20:42:51,2019-07-15 20:42:51,,,,"{'Venomoth': 1, 'Pidgeot': 1, 'Porygon': 1, 'Omastar': 1, 'Nidoking': 1, 'Abra': 1}"
grass85734,[Gen 1] UU,1,0,1,2025-04-06 14:44:14,2025-04-06 14:44:14,,,,"{'Lapras': 1, 'Kangaskhan': 1, 'Haunter': 1, 'Dugtrio': 1, 'Hypno': 1, 'Raichu': 1}"
grasswhistle8287,[Gen 1] UU,1,0,1,2025-04-05 16:48:21,2025-04-05 16:48:21,1000.0,1000.0,[1000.0],"{'Moltres': 1, 'Pidgeot': 1, 'Dodrio': 1, 'Fearow': 1, 'Golbat': 1, 'Articuno': 1}"
graveler85968,[Gen 1] UU,1,0,1,2024-10-18 15:46:54,2024-10-18 15:46:54,,,,"{'Kangaskhan': 1, 'Kadabra': 1, 'Haunter': 1, 'Dugtrio': 1, 'Dragonite': 1, 'Tentacruel': 1}"
gravity83104,[Gen 1] UU,1,1,0,2021-06-05 03:23:01,2021-06-05 03:23:01,,,,"{'Tentacruel': 1, 'Kadabra': 1, 'Dugtrio': 1, 'Hypno': 1, 'Dragonite': 1, 'Vaporeon': 1}"
grimer3782,[Gen 1] UU,1,1,0,2017-12-24 22:10:10,2017-12-24 22:10:10,1000.0,1000.0,[1000.0],"{'Ninetales': 1, 'Kadabra': 1, 'Dugtrio': 1, 'Persian': 1, 'Gyarados': 1}"
gripclaw37762,[Gen 1] UU,2,2,0,2019-06-23 14:25:22,2019-09-01 19:39:47,,,,"{'Kadabra': 1, 'Articuno': 1, 'Electabuzz': 1, 'Hypno': 2, 'Dragonite': 2, 'Tentacruel': 2, 'Dodrio': 1, 'Dugtrio': 1, 'Clefable': 1}"
gripclaw76305,[Gen 1] UU,2,0,2,2016-06-06 22:52:34,2017-12-14 16:19:15,1312.0,1312.0,[1312.0],"{'Flareon': 1, 'Omastar': 1, 'Victreebel': 2, 'Hypno': 2, 'Raichu': 1, 'Articuno': 2, 'Haunter': 1, 'Dodrio': 1, 'Dewgong': 1}"
gripclaw88932,[Gen 1] UU,2,1,1,2019-12-23 20:47:18,2019-12-23 21:24:48,,,,"{'Dugtrio': 2, 'Hypno': 2, 'Tentacruel': 1, 'Nidoking': 1, 'Haunter': 1, 'Dragonite': 1, 'Vaporeon': 1}"
griseousorb18436,[Gen 1] UU,1,1,0,2023-12-05 03:39:28,2023-12-05 03:39:28,1001.0,1001.0,[1001.0],"{'Aerodactyl': 1, 'Kadabra': 1, 'Haunter': 1, 'Persian': 1, 'Venusaur': 1, 'Articuno': 1}"
griseousorb25272,[Gen 1] UU,2,1,1,2019-08-26 20:39:45,2019-09-02 11:01:43,,,,"{'Moltres': 2, 'Golduck': 2, 'Kadabra': 2, 'Hypno': 2, 'Venusaur': 2, 'Dragonite': 2}"
groudon81459,[Gen 1] UU,1,1,0,2023-12-29 14:18:17,2023-12-29 14:18:17,1083.0,1083.0,[1083.0],"{'Kadabra': 1, 'Haunter': 1, 'Dugtrio': 1, 'Clefable': 1, 'Gyarados': 1}"
groudon83788,[Gen 1] UU,1,1,0,2020-06-13 20:28:14,2020-06-13 20:28:14,,,,"{'Vaporeon': 1, 'Golem': 1, 'Persian': 1, 'Hypno': 1, 'Dragonite': 1, 'Articuno': 1}"
growlithe59074,[Gen 1] UU,3,2,1,2022-06-30 22:25:07,2022-06-30 22:35:30,,,,"{'Electrode': 1, 'Dodrio': 2, 'Gyarados': 2, 'Hypno': 3, 'Tentacruel': 3, 'Dugtrio': 2, 'Persian': 2, 'Clefable': 1, 'Kangaskhan': 1}"
growth81886,[Gen 1] UU,2,1,1,2022-04-19 01:40:13,2022-06-03 01:55:17,,,,"{'Kadabra': 2, 'Haunter': 2, 'Dugtrio': 2, 'Gyarados': 2, 'Hypno': 2, 'Tentacruel': 2}"
growth89059,[Gen 1] UU,1,0,1,2020-08-23 09:33:35,2020-08-23 09:33:35,,,,"{'Kadabra': 1, 'Raticate': 1, 'Dugtrio': 1, 'Hypno': 1, 'Dragonite': 1, 'Tentacruel': 1}"
grumpig75566,[Gen 1] UU,5,2,3,2016-01-07 21:18:11,2016-01-07 22:19:07,,,,"{'Scyther': 1, 'Golduck': 1, 'Sandslash': 2, 'Mr. Mime': 4, 'Clefable': 5, 'Venusaur': 2, 'Aerodactyl': 1, 'Pinsir': 1, 'Exeggcute': 3, 'Electabuzz': 3, 'Porygon': 2, 'Graveler': 1, 'Vaporeon': 1, 'Kingler': 1, 'Kabutops': 1, 'Dugtrio': 1}"
gunkshot88540,[Gen 1] UU,3,2,1,2024-02-09 22:40:06,2024-02-09 23:03:11,,,,"{'Dugtrio': 3, 'Ninetales': 1, 'Haunter': 1, 'Gyarados': 2, 'Kangaskhan': 2, 'Golem': 1, 'Dragonite': 2, 'Tentacruel': 2, 'Electrode': 1, 'Articuno': 1}"
gunkshot9424,[Gen 1] UU,1,0,1,2020-06-18 23:31:06,2020-06-18 23:31:06,,,,"{'Kangaskhan': 1, 'Kadabra': 1, 'Haunter': 1, 'Dugtrio': 1, 'Hypno': 1, 'Tentacruel': 1}"
gust96312,[Gen 1] UU,1,1,0,2016-06-04 10:07:11,2016-06-04 10:07:11,,,,"{'Moltres': 1, 'Dugtrio': 1, 'Electabuzz': 1, 'Venusaur': 1, 'Hypno': 1, 'Tentacruel': 1}"
guts81665,[Gen 1] UU,1,1,0,2016-07-18 23:09:23,2016-07-18 23:09:23,1056.0,1056.0,[1056.0],"{'Venomoth': 1, 'Charizard': 1, 'Poliwhirl': 1, 'Dugtrio': 1, 'Electabuzz': 1, 'Hypno': 1}"
habanberry10709,[Gen 1] UU,1,0,1,2020-05-24 17:20:53,2020-05-24 17:20:53,,,,"{'Kangaskhan': 1, 'Kadabra': 1, 'Persian': 1, 'Gyarados': 1, 'Hypno': 1, 'Tentacruel': 1}"
habanberry34945,[Gen 1] UU,1,1,0,2025-04-10 04:10:23,2025-04-10 04:10:23,1114.0,1114.0,[1114.0],"{'Clefable': 1, 'Lapras': 1, 'Kangaskhan': 1, 'Aerodactyl': 1, 'Electrode': 1, 'Hypno': 1}"
habanberry65724,[Gen 1] UU,2,1,1,2019-11-24 20:29:04,2019-11-24 20:56:24,,,,"{'Seadra': 2, 'Vileplume': 1, 'Wartortle': 1, 'Drowzee': 2, 'Gastly': 2, 'Dragonair': 1, 'Seaking': 1, 'Parasect': 1}"
hail87290,[Gen 1] UU,1,0,1,2016-06-05 17:18:33,2016-06-05 17:18:33,1040.0,1040.0,[1040.0],"{'Kangaskhan': 1, 'Aerodactyl': 1, 'Onix': 1, 'Poliwrath': 1, 'Raichu': 1, 'Venusaur': 1}"
harden39394,[Gen 1] UU,2,0,2,2023-01-27 00:11:23,2023-01-27 00:18:44,,,,"{'Lapras': 2, 'Haunter': 1, 'Dugtrio': 1, 'Hypno': 2, 'Dragonite': 1, 'Tentacruel': 1, 'Kangaskhan': 1, 'Kadabra': 1, 'Persian': 1, 'Gyarados': 1}"
hardstone19855,[Gen 1] UU,1,1,0,2017-12-04 23:50:22,2017-12-04 23:50:22,,,,"{'Magneton': 1, 'Dugtrio': 1, 'Venusaur': 1, 'Dragonite': 1}"
hariyama83964,[Gen 1] UU,1,1,0,2022-01-02 00:50:43,2022-01-02 00:50:43,,,,"{'Kangaskhan': 1, 'Kadabra': 1, 'Articuno': 1, 'Hypno': 1, 'Venusaur': 1, 'Tentacruel': 1}"
haunter37806,[Gen 1] UU,2,2,0,2022-12-23 23:36:42,2022-12-23 23:38:58,,,,"{'Lapras': 1, 'Kangaskhan': 1, 'Kadabra': 1, 'Hypno': 2, 'Dragonite': 1, 'Tentacruel': 1, 'Dodrio': 1}"
haunter98483,[Gen 1] UU,2,0,2,2023-12-21 23:11:26,2023-12-21 23:11:42,,,,"{'Omastar': 1, 'Kadabra': 2, 'Dugtrio': 2, 'Tangela': 2, 'Dragonite': 1, 'Tentacruel': 2, 'Kangaskhan': 1, 'Persian': 1}"
haze20401,[Gen 1] UU,1,0,1,2016-06-10 02:02:22,2016-06-10 02:02:22,1064.0,1064.0,[1064.0],"{'Nidoking': 1, 'Dugtrio': 1, 'Hypno': 1}"
haze24484,[Gen 1] UU,3,3,0,2016-06-03 05:45:57,2016-06-03 05:58:43,1000.0,1022.0,"[1022.0, 1000.0, 1000.0]","{'Scyther': 3, 'Charizard': 3, 'Aerodactyl': 2, 'Kadabra': 3, 'Haunter': 3, 'Venusaur': 3}"
healball48754,[Gen 1] UU,1,0,1,2020-07-18 03:08:27,2020-07-18 03:08:27,,,,"{'Poliwrath': 1, 'Hitmonchan': 1, 'Graveler': 1, 'Arcanine': 1, 'Venusaur': 1, 'Vaporeon': 1}"
healball6008,[Gen 1] UU,1,0,1,2019-11-10 09:57:15,2019-11-10 09:57:15,,,,"{'Omastar': 1, 'Haunter': 1, 'Dugtrio': 1, 'Hypno': 1, 'Dragonite': 1, 'Tentacruel': 1}"
healblock14888,[Gen 1] UU,1,0,1,2016-06-29 20:38:46,2016-06-29 20:38:46,1000.0,1000.0,[1000.0],"{'Dragonite': 1, 'Gyarados': 1}"
healblock43109,[Gen 1] UU,9,8,1,2024-11-19 04:43:01,2024-12-01 18:08:12,,,,"{'Kangaskhan': 7, 'Kadabra': 8, 'Dodrio': 7, 'Golem': 2, 'Dugtrio': 9, 'Clefable': 2, 'Tentacruel': 5, 'Dragonite': 5, 'Gyarados': 1, 'Persian': 2}"
healingwish17257,[Gen 1] UU,1,0,1,2024-10-24 16:41:16,2024-10-24 16:41:16,,,,"{'Kangaskhan': 1, 'Kadabra': 1, 'Golem': 1, 'Dodrio': 1, 'Persian': 1, 'Tentacruel': 1}"
healingwish29644,[Gen 1] UU,1,0,1,2016-06-02 13:19:27,2016-06-02 13:19:27,1000.0,1000.0,[1000.0],"{'Charizard': 1, 'Machamp': 1, 'Dugtrio': 1, 'Persian': 1, 'Raichu': 1}"
healingwish82217,[Gen 1] UU,1,0,1,2019-07-17 23:03:22,2019-07-17 23:03:22,,,,"{'Machamp': 1, 'Gyarados': 1, 'Arcanine': 1, 'Venusaur': 1, 'Dragonite': 1, 'Blastoise': 1}"
heatproof38059,[Gen 1] UU,3,2,1,2020-06-01 11:23:58,2020-06-01 11:40:32,,,,"{'Kangaskhan': 2, 'Kadabra': 3, 'Haunter': 2, 'Dugtrio': 2, 'Hypno': 3, 'Tentacruel': 3, 'Electabuzz': 1, 'Omastar': 1, 'Dragonite': 1}"
heatproof81232,[Gen 1] UU,1,1,0,2021-06-05 04:11:23,2021-06-05 04:11:23,,,,"{'Kangaskhan': 1, 'Kadabra': 1, 'Persian': 1, 'Gyarados': 1, 'Hypno': 1, 'Tentacruel': 1}"
heatran44736,[Gen 1] UU,3,0,3,2024-11-24 20:43:56,2024-11-24 21:12:08,,,,"{'Kangaskhan': 3, 'Kadabra': 3, 'Drowzee': 1, 'Persian': 2, 'Dragonite': 1, 'Tentacruel': 2, 'Electrode': 1, 'Haunter': 1, 'Tangela': 1, 'Golem': 1, 'Dugtrio': 1, 'Clefable': 1}"
heatrock3356,[Gen 1] UU,1,1,0,2018-12-21 02:12:43,2018-12-21 02:12:43,1124.0,1124.0,[1124.0],"{'Kangaskhan': 1, 'Articuno': 1, 'Hypno': 1, 'Raichu': 1, 'Dragonite': 1, 'Tentacruel': 1}"
heatrock37333,[Gen 1] UU,1,1,0,2019-05-20 01:44:29,2019-05-20 01:44:29,,,,"{'Venomoth': 1, 'Porygon': 1, 'Omastar': 1, 'Nidoking': 1, 'Slowpoke': 1, 'Blastoise': 1}"
heatwave93550,[Gen 1] UU,2,2,0,2018-12-01 17:30:54,2018-12-01 17:36:13,,,,"{'Kadabra': 2, 'Dragonite': 2, 'Moltres': 1, 'Nidoking': 1, 'Dugtrio': 1, 'Tentacruel': 1}"
helpinghand29394,[Gen 1] UU,1,1,0,2017-12-16 05:08:43,2017-12-16 05:08:43,1065.0,1065.0,[1065.0],"{'Moltres': 1, 'Graveler': 1, 'Poliwrath': 1, 'Victreebel': 1, 'Persian': 1, 'Dragonite': 1}"
helpinghand30432,[Gen 1] UU,1,0,1,2023-12-24 22:08:49,2023-12-24 22:08:49,1000.0,1000.0,[1000.0],"{'Kadabra': 1, 'Haunter': 1, 'Persian': 1, 'Raichu': 1, 'Tangela': 1, 'Tentacruel': 1}"
highjumpkick33521,[Gen 1] UU,1,0,1,2016-06-03 01:13:08,2016-06-03 01:13:08,1022.0,1022.0,[1022.0],"{'Flareon': 1, 'Machamp': 1, 'Victreebel': 1, 'Articuno': 1, 'Dragonite': 1, 'Vaporeon': 1}"
hippopotas17801,[Gen 1] UU,2,1,1,2020-03-01 09:40:02,2020-04-13 22:39:12,,,,"{'Kadabra': 2, 'Golem': 1, 'Persian': 1, 'Electabuzz': 2, 'Dragonite': 2, 'Tentacruel': 2, 'Omastar': 1, 'Hypno': 1}"
hippowdon58140,[Gen 1] UU,3,2,1,2021-01-01 21:26:12,2021-01-01 21:45:12,,,,"{'Dugtrio': 3, 'Kangaskhan': 2, 'Tentacruel': 3, 'Hypno': 3, 'Kadabra': 2, 'Dragonite': 1, 'Vaporeon': 1, 'Haunter': 1}"
hitmonchan30284,[Gen 1] UU,1,0,1,2024-10-14 20:43:55,2024-10-14 20:43:55,,,,"{'Aerodactyl': 1, 'Kadabra': 1, 'Haunter': 1, 'Clefable': 1, 'Dragonite': 1, 'Tentacruel': 1}"
hitmonchan7398,[Gen 1] UU,2,0,2,2025-04-01 21:34:48,2025-04-10 06:08:44,1000.0,1081.0,"[1000.0, 1081.0]","{'Kangaskhan': 1, 'Golem': 2, 'Hypno': 2, 'Raichu': 1, 'Dragonite': 1, 'Articuno': 1}"
hitmonlee50491,[Gen 1] UU,9,3,6,2025-01-03 20:42:52,2025-02-02 03:14:21,,,,"{'Lapras': 9, 'Kangaskhan': 9, 'Golem': 5, 'Dodrio': 4, 'Clefable': 4, 'Hypno': 9, 'Slowbro': 4, 'Nidoking': 3, 'Articuno': 3, 'Haunter': 1, 'Victreebel': 1}"
hitmonlee85378,[Gen 1] UU,2,2,0,2023-06-22 17:05:43,2023-06-22 17:10:16,,,,"{'Dragonite': 2, 'Kangaskhan': 2, 'Clefable': 2, 'Kadabra': 1, 'Dewgong': 1, 'Persian': 1}"
hitmontop26927,[Gen 1] UU,1,1,0,2016-07-31 02:10:46,2016-07-31 02:10:46,1056.0,1056.0,[1056.0],"{'Aerodactyl': 1, 'Electrode': 1, 'Haunter': 1, 'Victreebel': 1, 'Dragonite': 1, 'Articuno': 1}"
hitmontop28431,[Gen 1] UU,1,1,0,2020-01-30 18:11:54,2020-01-30 18:11:54,,,,"{'Golduck': 1, 'Kangaskhan': 1, 'Sandslash': 1, 'Parasect': 1, 'Raichu': 1, 'Magmar': 1}"
honchkrow27528,[Gen 1] UU,2,0,2,2020-10-19 15:45:21,2020-10-19 16:01:44,,,,"{'Kadabra': 1, 'Persian': 2, 'Hypno': 1, 'Articuno': 2, 'Dragonite': 2, 'Tentacruel': 2, 'Golduck': 1, 'Dodrio': 1}"
honeygather89597,[Gen 1] UU,2,0,2,2019-09-21 15:21:17,2019-09-21 15:33:05,,,,"{'Machoke': 1, 'Kadabra': 1, 'Haunter': 2, 'Graveler': 1, 'Ivysaur': 1, 'Tentacool': 1, 'Persian': 1, 'Raichu': 1, 'Venusaur': 1, 'Dragonite': 1, 'Articuno': 1}"
hoothoot16489,[Gen 1] UU,3,2,1,2020-07-26 17:20:56,2020-07-26 17:32:36,,,,"{'Golduck': 3, 'Aerodactyl': 3, 'Poliwhirl': 3, 'Dugtrio': 3, 'Venusaur': 3, 'Mr. Mime': 2}"
hoothoot18713,[Gen 1] UU,1,1,0,2019-12-10 17:48:30,2019-12-10 17:48:30,,,,"{'Charizard': 1, 'Kangaskhan': 1, 'Dewgong': 1, 'Venusaur': 1, 'Blastoise': 1}"
hoothoot99381,[Gen 1] UU,16,7,9,2017-12-09 16:37:31,2020-04-06 21:40:28,,,,"{'Growlithe': 14, 'Goldeen': 12, 'Rattata': 15, 'Koffing': 14, 'Bulbasaur': 15, 'Magnemite': 14, ""Farfetch'D"": 1, 'Vulpix': 2, 'Venonat': 1, 'Psyduck': 2, 'Squirtle': 2, 'Rhyhorn': 1, 'Hitmonchan': 1, 'Bellsprout': 1, 'Beedrill': 1}"
horndrill60662,[Gen 1] UU,1,0,1,2020-02-25 03:40:04,2020-02-25 03:40:04,,,,"{'Kangaskhan': 1, 'Kadabra': 1, 'Golem': 1, 'Hypno': 1, 'Dragonite': 1, 'Articuno': 1}"
houndoom44025,[Gen 1] UU,1,1,0,2017-12-09 20:55:46,2017-12-09 20:55:46,,,,"{'Articuno': 1, 'Hypno': 1, 'Persian': 1, 'Raichu': 1, 'Venusaur': 1, 'Tentacruel': 1}"
houndoom76810,[Gen 1] UU,16,9,7,2023-03-04 19:26:18,2024-09-10 15:23:10,,,,"{'Kangaskhan': 14, 'Omastar': 2, 'Kadabra': 10, 'Haunter': 6, 'Dugtrio': 12, 'Dragonite': 11, 'Persian': 7, 'Electabuzz': 2, 'Tangela': 1, 'Tentacruel': 14, 'Dodrio': 4, 'Electrode': 3, 'Venomoth': 2, 'Clefable': 1, 'Articuno': 1, 'Lapras': 2, 'Gyarados': 2, 'Hypno': 2}"
howl26568,[Gen 1] UU,1,1,0,2020-03-05 02:47:13,2020-03-05 02:47:13,,,,"{'Electrode': 1, 'Kadabra': 1, 'Arcanine': 1, 'Dragonite': 1, 'Blastoise': 1, 'Articuno': 1}"
huntail29193,[Gen 1] UU,1,0,1,2019-05-27 20:20:35,2019-05-27 20:20:35,,,,"{'Metapod': 1, 'Caterpie': 1, 'Butterfree': 1}"
hustle11937,[Gen 1] UU,24,16,8,2016-09-26 14:16:12,2017-12-14 12:49:23,1127.0,1276.0,"[1127.0, 1166.0, 1276.0, 1259.0]","{'Venomoth': 11, 'Porygon': 12, 'Rapidash': 2, 'Nidoking': 10, 'Blastoise': 9, 'Abra': 5, 'Kangaskhan': 10, 'Kadabra': 12, 'Dugtrio': 10, 'Hypno': 12, 'Raichu': 10, 'Tentacruel': 12, 'Nidoqueen': 4, 'Staryu': 3, 'Weepinbell': 2, 'Haunter': 2, 'Dodrio': 2, 'Omastar': 4, 'Slowpoke': 5, 'Scyther': 1, 'Seadra': 1, 'Ninetales': 1}"
hydration46041,[Gen 1] UU,3,2,1,2025-04-05 21:16:30,2025-04-11 18:40:53,1084.0,1140.0,"[1084.0, 1140.0]","{'Ninetales': 3, 'Haunter': 3, 'Dodrio': 3, 'Gyarados': 3, 'Tangela': 2, 'Golem': 1}"
hydration62804,[Gen 1] UU,1,1,0,2019-04-20 16:09:28,2019-04-20 16:09:28,,,,"{'Venomoth': 1, 'Porygon': 1, 'Nidoking': 1, 'Arcanine': 1, 'Tangela': 1, 'Slowpoke': 1}"
hyperbeam21865,[Gen 1] UU,1,0,1,2016-07-04 01:37:30,2016-07-04 01:37:30,,,,"{'Doduo': 1, 'Butterfree': 1, 'Haunter': 1, 'Marowak': 1, 'Oddish': 1, 'Magikarp': 1}"
hyperfang93007,[Gen 1] UU,7,2,5,2025-02-02 23:49:09,2025-05-06 22:28:35,,,,"{'Lapras': 7, 'Kangaskhan': 5, 'Haunter': 1, 'Electabuzz': 2, 'Venusaur': 2, 'Hypno': 7, 'Nidoking': 2, 'Kadabra': 3, 'Golem': 2, 'Dodrio': 2, 'Charizard': 1, 'Electrode': 1, 'Persian': 2, 'Raichu': 1, 'Venomoth': 1, 'Dugtrio': 1, 'Dragonite': 1}"
hypervoice11299,[Gen 1] UU,2,0,2,2025-04-09 16:33:16,2025-04-12 22:34:02,1057.0,1113.0,"[1057.0, 1113.0]","{'Vileplume': 1, 'Aerodactyl': 1, 'Haunter': 2, 'Poliwrath': 1, 'Dugtrio': 2, 'Hypno': 2, 'Persian': 1, 'Clefable': 1, 'Dragonite': 1}"
hypno24553,[Gen 1] UU,4,1,3,2024-11-23 16:57:43,2024-11-23 17:38:01,,,,"{'Venomoth': 1, 'Kadabra': 4, 'Dugtrio': 1, 'Persian': 2, 'Dragonite': 2, 'Tentacruel': 4, 'Haunter': 1, 'Dodrio': 2, 'Golem': 1, 'Clefable': 2, 'Kangaskhan': 2, 'Tangela': 1, 'Raichu': 1}"
hypno53269,[Gen 1] UU,1,0,1,2019-12-15 20:06:35,2019-12-15 20:06:35,,,,"{'Kadabra': 1, 'Haunter': 1, 'Gyarados': 1, 'Hypno': 1, 'Tentacruel': 1}"
hypno7611,[Gen 1] UU,2,0,2,2023-10-27 22:13:49,2023-10-27 22:27:09,,,,"{'Kangaskhan': 2, 'Dugtrio': 1, 'Articuno': 1, 'Raichu': 1, 'Dragonite': 1, 'Tentacruel': 1, 'Kadabra': 1, 'Haunter': 1, 'Dodrio': 1, 'Dewgong': 1, 'Electabuzz': 1}"
hypno83703,[Gen 1] UU,1,0,1,2023-12-02 16:02:16,2023-12-02 16:02:16,1000.0,1000.0,[1000.0],"{'Kadabra': 1, 'Nidoqueen': 1, 'Poliwrath': 1, 'Electabuzz': 1, 'Arcanine': 1, 'Dragonite': 1}"
hypnosis78538,[Gen 1] UU,2,2,0,2016-06-06 15:18:44,2016-06-06 18:20:50,1000.0,1078.0,"[1000.0, 1078.0]","{'Golduck': 2, 'Dugtrio': 2, 'Victreebel': 2, 'Hypno': 2, 'Raichu': 2, 'Primeape': 1, 'Dragonite': 1}"
iapapaberry85877,[Gen 1] UU,1,0,1,2018-12-25 06:50:53,2018-12-25 06:50:53,,,,"{'Poliwrath': 1, 'Hitmonlee': 1, 'Raichu': 1, 'Venusaur': 1, 'Dragonite': 1, 'Articuno': 1}"
iceball57591,[Gen 1] UU,1,0,1,2020-08-18 17:16:33,2020-08-18 17:16:33,,,,"{'Butterfree': 1, 'Eevee': 1, 'Mr. Mime': 1, 'Diglett': 1, 'Gastly': 1}"
icebeam34069,[Gen 1] UU,7,4,3,2024-11-14 13:10:02,2024-11-23 02:28:17,,,,"{'Kadabra': 6, 'Haunter': 4, 'Dodrio': 7, 'Dugtrio': 7, 'Clefable': 7, 'Kangaskhan': 3, 'Tentacruel': 5}"
icebeam47540,[Gen 1] UU,1,0,1,2024-01-10 01:24:02,2024-01-10 01:24:02,,,,"{'Kangaskhan': 1, 'Kadabra': 1, 'Haunter': 1, 'Tangela': 1, 'Dragonite': 1, 'Vaporeon': 1}"
iceberry81699,[Gen 1] UU,1,0,1,2019-08-13 01:25:07,2019-08-13 01:25:07,,,,"{'Kangaskhan': 1, 'Magneton': 1, 'Ditto': 1, 'Gyarados': 1, 'Dragonite': 1}"
iceberry82494,[Gen 1] UU,6,3,3,2021-12-15 22:14:36,2024-11-10 20:13:29,,,,"{'Kangaskhan': 6, 'Tentacruel': 6, 'Kadabra': 6, 'Dugtrio': 6, 'Hypno': 5, 'Vaporeon': 2, 'Electabuzz': 1, 'Gyarados': 3}"
ichuspikyeared7548,[Gen 1] UU,3,3,0,2025-04-03 20:28:28,2025-04-05 21:30:42,1000.0,1096.0,"[1010.0, 1000.0, 1096.0]","{'Kangaskhan': 2, 'Kadabra': 3, 'Dodrio': 2, 'Dewgong': 3, 'Dugtrio': 3, 'Dragonite': 3}"
icyrock29921,[Gen 1] UU,1,0,1,2019-04-15 22:05:12,2019-04-15 22:05:12,,,,"{'Machop': 1, 'Staryu': 1, 'Rhyhorn': 1, 'Exeggcute': 1, 'Dratini': 1, 'Pikachu': 1}"
icyrock5195,[Gen 1] UU,1,0,1,2020-06-16 01:57:15,2020-06-16 01:57:15,,,,"{'Arbok': 1, 'Beedrill': 1, 'Magmar': 1}"
icyrock75962,[Gen 1] UU,1,1,0,2016-06-04 17:40:30,2016-06-04 17:40:30,1032.0,1032.0,[1032.0],"{'Haunter': 1, 'Persian': 1, 'Hypno': 1, 'Gyarados': 1, 'Dragonite': 1, 'Articuno': 1}"
icyrock85932,[Gen 1] UU,1,1,0,2016-07-15 02:37:48,2016-07-15 02:37:48,1000.0,1000.0,[1000.0],"{'Arbok': 1, 'Electabuzz': 1, 'Charizard': 1, 'Vileplume': 1}"
icywind98531,[Gen 1] UU,5,1,4,2023-12-14 20:06:24,2024-08-18 15:33:08,,,,"{'Aerodactyl': 2, 'Kadabra': 4, 'Golem': 1, 'Dugtrio': 4, 'Gyarados': 1, 'Tentacruel': 1, 'Kangaskhan': 2, 'Haunter': 1, 'Persian': 1, 'Articuno': 2, 'Dodrio': 3, 'Dewgong': 1, 'Exeggcute': 1, 'Dragonite': 1, 'Nidoking': 1, 'Tangela': 1, 'Electabuzz': 1}"
iddenpowerbug90310,[Gen 1] UU,1,0,1,2016-07-14 03:59:41,2016-07-14 03:59:41,1014.0,1014.0,[1014.0],"{'Aerodactyl': 1, 'Omastar': 1, 'Dragonair': 1, 'Pikachu': 1, 'Arcanine': 1, 'Venusaur': 1}"
iddenpowerbug90327,[Gen 1] UU,1,1,0,2019-07-17 23:03:22,2019-07-17 23:03:22,,,,"{'Electrode': 1, 'Dewgong': 1, 'Victreebel': 1}"
illuminate54206,[Gen 1] UU,1,0,1,2019-10-08 06:38:48,2019-10-08 06:38:48,,,,"{'Moltres': 1, 'Sandslash': 1, 'Kabutops': 1, 'Electabuzz': 1, 'Venusaur': 1, 'Hypno': 1}"
illumise55227,[Gen 1] UU,1,0,1,2017-12-17 14:22:32,2017-12-17 14:22:32,,,,"{'Aerodactyl': 1, 'Electrode': 1, 'Mr. Mime': 1, 'Muk': 1, 'Parasect': 1, 'Magmar': 1}"
immunity70128,[Gen 1] UU,1,1,0,2024-09-07 23:49:53,2024-09-07 23:49:53,,,,"{'Kangaskhan': 1, 'Kadabra': 1, 'Dodrio': 1, 'Dewgong': 1, 'Persian': 1, 'Clefable': 1}"
immunity85682,[Gen 1] UU,6,6,0,2023-05-21 08:07:35,2023-06-02 20:47:28,,,,"{'Kangaskhan': 5, 'Kadabra': 6, 'Dewgong': 4, 'Dugtrio': 2, 'Persian': 4, 'Articuno': 5, 'Electrode': 4, 'Dragonite': 3, 'Clefable': 2}"
infernape34883,[Gen 1] UU,2,2,0,2020-07-27 00:21:19,2020-07-27 00:26:21,,,,"{'Tentacruel': 2, 'Dugtrio': 2, 'Gyarados': 1, 'Hypno': 2, 'Dragonite': 2, 'Omastar': 1}"
infernape93484,[Gen 1] UU,1,1,0,2016-06-05 14:58:39,2016-06-05 14:58:39,1000.0,1000.0,[1000.0],"{'Electabuzz': 1, 'Arbok': 1, 'Dugtrio': 1, 'Clefable': 1, 'Arcanine': 1, 'Articuno': 1}"
ingrain43238,[Gen 1] UU,1,1,0,2024-10-24 16:41:16,2024-10-24 16:41:16,,,,"{'Kangaskhan': 1, 'Magneton': 1, 'Golem': 1, 'Electabuzz': 1, 'Tangela': 1, 'Tentacruel': 1}"
ingrain58383,[Gen 1] UU,6,3,3,2019-11-04 11:21:01,2020-04-20 11:30:00,,,,"{'Omastar': 3, 'Dragonite': 6, 'Dugtrio': 6, 'Gyarados': 5, 'Hypno': 6, 'Tentacruel': 6, 'Haunter': 1, 'Articuno': 1}"
innerfocus97582,[Gen 1] UU,26,12,14,2022-12-24 04:44:06,2023-11-26 21:01:10,,,,"{'Kangaskhan': 16, 'Kadabra': 23, 'Haunter': 10, 'Dugtrio': 13, 'Electabuzz': 11, 'Articuno': 16, 'Persian': 6, 'Dragonite': 10, 'Tentacruel': 15, 'Raichu': 1, 'Dodrio': 8, 'Dewgong': 4, 'Moltres': 2, 'Aerodactyl': 2, 'Electrode': 2, 'Clefable': 2, 'Tangela': 3, 'Lapras': 5, 'Hypno': 5}"
insomnia30423,[Gen 1] UU,1,1,0,2020-05-21 16:49:24,2020-05-21 16:49:24,,,,"{'Hitmonlee': 1, 'Gyarados': 1, 'Dodrio': 1}"
iratinaorigin47575,[Gen 1] UU,1,1,0,2019-04-02 07:03:04,2019-04-02 07:03:04,,,,"{'Golduck': 1, 'Kadabra': 1, 'Persian': 1, 'Electabuzz': 1, 'Hypno': 1, 'Gyarados': 1}"
ironfist29922,[Gen 1] UU,10,7,3,2019-12-12 09:11:49,2020-01-01 03:01:44,1000.0,1184.0,"[1052.0, 1184.0, 1097.0, 1152.0, 1000.0]","{'Sandslash': 5, 'Exeggcute': 5, 'Persian': 4, 'Hypno': 10, 'Slowpoke': 9, 'Tentacruel': 6, 'Ninetales': 1, 'Dodrio': 1, 'Kangaskhan': 4, 'Articuno': 1, 'Omastar': 3, 'Dugtrio': 4, 'Tangela': 4}"
ironplate91202,[Gen 1] UU,3,1,2,2019-09-10 02:49:37,2020-04-27 00:45:18,,,,"{'Electrode': 1, 'Ninetales': 1, 'Dragonair': 1, 'Gastly': 3, 'Staryu': 2, 'Rhyhorn': 1, 'Exeggcute': 2, 'Pikachu': 2, 'Abra': 2, 'Diglett': 1}"
ivysaur89765,[Gen 1] UU,1,0,1,2017-12-20 23:16:17,2017-12-20 23:16:17,,,,"{'Kangaskhan': 1, 'Electrode': 1, 'Kadabra': 1, 'Poliwrath': 1, 'Dugtrio': 1, 'Parasect': 1}"
jabocaberry87557,[Gen 1] UU,1,1,0,2016-07-29 20:30:28,2016-07-29 20:30:28,,,,"{'Kangaskhan': 1, 'Aerodactyl': 1, 'Arbok': 1, 'Machamp': 1, 'Arcanine': 1, 'Articuno': 1}"
jirachi28480,[Gen 1] UU,10,2,8,2024-11-15 21:43:19,2024-11-26 21:57:38,,,,"{'Charizard': 4, 'Poliwrath': 4, 'Haunter': 10, 'Electabuzz': 10, 'Venusaur': 4, 'Dragonite': 10, 'Golem': 6, 'Muk': 6, 'Gyarados': 6}"
jirachi30774,[Gen 1] UU,2,2,0,2019-01-01 02:36:10,2019-01-01 02:50:32,,,,"{'Golduck': 1, 'Venomoth': 1, 'Raticate': 1, 'Graveler': 1, 'Electabuzz': 2, 'Vaporeon': 1, 'Kadabra': 1, 'Haunter': 1, 'Hypno': 1, 'Tentacruel': 1}"
jolteon70048,[Gen 1] UU,1,1,0,2020-05-09 16:22:43,2020-05-09 16:22:43,,,,"{'Charizard': 1, 'Kangaskhan': 1, 'Nidoking': 1, 'Venusaur': 1, 'Dragonite': 1, 'Blastoise': 1}"
jolteon92120,[Gen 1] UU,31,16,15,2022-12-15 00:10:27,2024-01-03 22:39:17,,,,"{'Kangaskhan': 26, 'Tentacruel': 30, 'Kadabra': 30, 'Haunter': 22, 'Dodrio': 8, 'Articuno': 24, 'Lapras': 5, 'Electrode': 8, 'Persian': 6, 'Hypno': 5, 'Dragonite': 2, 'Electabuzz': 3, 'Dugtrio': 2, 'Golem': 9, 'Tauros': 1, 'Poliwhirl': 1}"
judgment88768,[Gen 1] UU,3,0,3,2020-01-16 21:55:14,2021-06-05 01:17:17,,,,"{'Tentacruel': 3, 'Kadabra': 3, 'Electabuzz': 1, 'Tangela': 3, 'Hypno': 3, 'Vaporeon': 1, 'Omastar': 2, 'Dragonite': 2}"
jumpkick50728,[Gen 1] UU,5,2,3,2024-11-23 03:25:27,2024-11-24 03:31:42,,,,"{'Kangaskhan': 5, 'Tentacruel': 5, 'Kadabra': 5, 'Haunter': 5, 'Tangela': 5, 'Vaporeon': 4}"
jumpkick78354,[Gen 1] UU,1,0,1,2023-12-10 21:03:24,2023-12-10 21:03:24,1039.0,1039.0,[1039.0],"{'Kadabra': 1, 'Haunter': 1, 'Dugtrio': 1, 'Persian': 1, 'Articuno': 1, 'Tentacruel': 1}"
jumpluff46330,[Gen 1] UU,1,0,1,2019-05-12 19:28:59,2019-05-12 19:28:59,,,,"{'Venomoth': 1, 'Porygon': 1, 'Omastar': 1, 'Nidoking': 1, 'Slowpoke': 1, 'Tangela': 1}"
jumpluff89905,[Gen 1] UU,1,0,1,2020-08-17 16:19:39,2020-08-17 16:19:39,,,,"{'Kingler': 1, 'Electrode': 1, 'Mr. Mime': 1, 'Clefable': 1, 'Arcanine': 1, 'Venusaur': 1}"
jynx24279,[Gen 1] UU,1,1,0,2016-07-24 02:41:03,2016-07-24 02:41:03,,,,"{'Moltres': 1, 'Sandslash': 1, 'Venusaur': 1, 'Dragonite': 1, 'Tentacruel': 1}"
jynx5037,[Gen 1] UU,1,0,1,2019-10-07 11:54:46,2019-10-07 11:54:46,,,,"{'Electabuzz': 1, 'Omastar': 1, 'Kadabra': 1, 'Hypno': 1, 'Dragonite': 1, 'Tentacruel': 1}"
jynx88656,[Gen 1] UU,1,0,1,2024-01-05 22:17:03,2024-01-05 22:17:03,,,,"{'Tentacruel': 1, 'Kadabra': 1, 'Dodrio': 1, 'Dewgong': 1, 'Dugtrio': 1, 'Articuno': 1}"
kabutops91792,[Gen 1] UU,4,4,0,2019-09-28 19:44:52,2019-12-10 02:29:24,,,,"{'Tentacruel': 3, 'Kadabra': 4, 'Electabuzz': 1, 'Tangela': 2, 'Hypno': 4, 'Articuno': 4, 'Kangaskhan': 2, 'Omastar': 1, 'Gyarados': 1}"
kabutops93225,[Gen 1] UU,1,0,1,2017-12-17 02:52:40,2017-12-17 02:52:40,1000.0,1000.0,[1000.0],"{'Golduck': 1, 'Flareon': 1, 'Rhyhorn': 1, 'Eevee': 1, 'Drowzee': 1, 'Dragonite': 1}"
kabutops99333,[Gen 1] UU,2,1,1,2019-08-11 19:31:05,2020-06-01 11:14:04,,,,"{'Omastar': 2, 'Haunter': 2, 'Dugtrio': 2, 'Hypno': 2, 'Dragonite': 2, 'Tentacruel': 2}"
kangaskhan24872,[Gen 1] UU,3,0,3,2024-11-23 02:24:02,2024-11-24 17:14:33,,,,"{'Golduck': 3, 'Magneton': 3, 'Raticate': 3, 'Graveler': 3, 'Tangela': 3, 'Vaporeon': 3}"
kangaskhan41867,[Gen 1] UU,18,4,14,2023-03-25 02:46:18,2023-12-09 19:12:42,,,,"{'Lapras': 15, 'Electabuzz': 7, 'Hypno': 15, 'Gyarados': 1, 'Dragonite': 12, 'Kadabra': 17, 'Dugtrio': 4, 'Persian': 11, 'Kangaskhan': 10, 'Dodrio': 1, 'Tentacruel': 4, 'Clefable': 2, 'Articuno': 3, 'Golem': 2, 'Electrode': 1, 'Moltres': 1}"
kangaskhan44566,[Gen 1] UU,55,35,20,2023-12-02 16:18:46,2025-03-29 01:05:08,1000.0,1235.0,"[1000.0, 1100.0, 1095.0, 1018.0, 1000.0, 1183.0, 1058.0, 1000.0, 1107.0, 1000.0, 1048.0, 1215.0, 1046.0, 1235.0]","{'Charizard': 13, 'Primeape': 17, 'Dewgong': 15, 'Dugtrio': 35, 'Electabuzz': 26, 'Tangela': 12, 'Venomoth': 5, 'Lapras': 21, 'Slowbro': 12, 'Nidoking': 5, 'Raticate': 5, 'Hypno': 8, 'Rapidash': 3, 'Kangaskhan': 17, 'Kadabra': 11, 'Ninetales': 13, 'Exeggcute': 8, 'Persian': 11, 'Gyarados': 8, 'Haunter': 11, 'Dodrio': 16, 'Articuno': 15, 'Poliwrath': 3, 'Dragonite': 3, 'Golem': 4, 'Raichu': 3, 'Omastar': 2, 'Jolteon': 1, 'Clefable': 1, 'Fearow': 1, 'Nidoqueen': 1, 'Magneton': 1, 'Venusaur': 3, 'Tentacruel': 1}"
kangaskhan51243,[Gen 1] UU,1,1,0,2023-12-18 17:08:19,2023-12-18 17:08:19,1067.0,1067.0,[1067.0],"{'Kangaskhan': 1, 'Tentacruel': 1, 'Kadabra': 1, 'Haunter': 1, 'Dugtrio': 1, 'Articuno': 1}"
kangaskhan83322,[Gen 1] UU,1,0,1,2016-07-22 01:10:13,2016-07-22 01:10:13,,,,"{'Nidoran-M': 1, 'Charizard': 1, 'Rhyhorn': 1, 'Eevee': 1, 'Haunter': 1, 'Raichu': 1}"
kasibberry20529,[Gen 1] UU,1,1,0,2019-07-30 03:19:59,2019-07-30 03:19:59,,,,"{'Clefable': 1, 'Kangaskhan': 1, 'Kadabra': 1, 'Mr. Mime': 1, 'Hypno': 1, 'Dragonite': 1}"
kebiaberry25029,[Gen 1] UU,11,6,5,2023-11-10 14:43:05,2023-12-10 19:15:14,,,,"{'Kangaskhan': 9, 'Kadabra': 11, 'Haunter': 7, 'Dodrio': 5, 'Tentacruel': 8, 'Dugtrio': 4, 'Articuno': 5, 'Tangela': 4, 'Clefable': 3, 'Golem': 4, 'Dewgong': 1, 'Electabuzz': 1, 'Persian': 1, 'Dragonite': 2}"
kebiaberry36330,[Gen 1] UU,1,0,1,2019-11-25 01:17:46,2019-11-25 01:17:46,,,,"{'Moltres': 1, 'Magikarp': 1, 'Venusaur': 1, 'Articuno': 1}"
kebiaberry95094,[Gen 1] UU,1,0,1,2020-05-19 04:14:34,2020-05-19 04:14:34,,,,"{'Golduck': 1, 'Electrode': 1, 'Golem': 1, 'Hypno': 1, 'Venusaur': 1, 'Dragonite': 1}"
kingdra7300,[Gen 1] UU,1,0,1,2019-10-01 02:17:19,2019-10-01 02:17:19,,,,"{'Moltres': 1, 'Persian': 1, 'Clefable': 1, 'Hypno': 1, 'Blastoise': 1, 'Articuno': 1}"
kingsrock48496,[Gen 1] UU,1,0,1,2025-04-08 00:16:59,2025-04-08 00:16:59,1028.0,1028.0,[1028.0],"{'Lapras': 1, 'Dugtrio': 1, 'Magnemite': 1, 'Beedrill': 1, 'Dragonite': 1, 'Articuno': 1}"
kingsrock52675,[Gen 1] UU,1,0,1,2016-07-16 05:30:33,2016-07-16 05:30:33,1000.0,1000.0,[1000.0],"{'Charizard': 1, 'Nidoking': 1, 'Kabutops': 1, 'Gyarados': 1, 'Dragonite': 1, 'Tentacruel': 1}"
klutz90989,[Gen 1] UU,2,1,1,2025-03-11 01:38:27,2025-03-11 02:03:11,,,,"{'Kangaskhan': 1, 'Kadabra': 2, 'Kabutops': 1, 'Dugtrio': 2, 'Tangela': 1, 'Golem': 1, 'Dodrio': 1, 'Dewgong': 1, 'Raichu': 1}"
knockoff26841,[Gen 1] UU,2,1,1,2019-12-05 19:09:09,2020-04-12 19:28:47,,,,"{'Scyther': 1, 'Venomoth': 1, 'Porygon': 1, 'Kabutops': 1, 'Lickitung': 1, 'Tangela': 2, 'Sandslash': 1, 'Electrode': 1, 'Gyarados': 1, 'Hypno': 1, 'Articuno': 1}"
koffing28618,[Gen 1] UU,10,6,4,2023-01-24 22:12:22,2023-04-30 20:26:59,,,,"{'Lapras': 10, 'Kadabra': 5, 'Persian': 9, 'Hypno': 10, 'Dragonite': 9, 'Tentacruel': 6, 'Kangaskhan': 4, 'Dodrio': 1, 'Dugtrio': 2, 'Articuno': 1, 'Haunter': 1}"
koffing93492,[Gen 1] UU,2,2,0,2019-05-05 19:17:57,2019-05-05 19:20:55,,,,"{'Staryu': 2, 'Exeggcute': 2, 'Pikachu': 1, 'Diglett': 1, 'Abra': 2}"
krabby23016,[Gen 1] UU,1,0,1,2020-08-23 09:09:36,2020-08-23 09:09:36,,,,"{'Electabuzz': 1, 'Omastar': 1, 'Kadabra': 1, 'Hypno': 1, 'Dragonite': 1, 'Tentacruel': 1}"
kyogre65407,[Gen 1] UU,1,0,1,2020-03-01 20:39:41,2020-03-01 20:39:41,,,,"{'Nidoking': 1, 'Venomoth': 1, 'Blastoise': 1, 'Abra': 1}"
kyogre78827,[Gen 1] UU,2,2,0,2016-07-04 05:00:20,2016-07-04 05:08:24,,,,"{'Blastoise': 1, 'Kangaskhan': 1, 'Haunter': 2, 'Articuno': 1, 'Persian': 1, 'Dragonite': 1}"
laggingtail57964,[Gen 1] UU,2,2,0,2019-09-21 17:29:42,2019-09-21 17:40:35,,,,"{'Kangaskhan': 2, 'Haunter': 1, 'Dugtrio': 1, 'Hypno': 2, 'Dragonite': 1, 'Tentacruel': 2, 'Omastar': 1, 'Vaporeon': 1}"
lansatberry61686,[Gen 1] UU,1,1,0,2016-07-02 04:20:27,2016-07-02 04:20:27,1000.0,1000.0,[1000.0],"{'Omastar': 1, 'Onix': 1, 'Muk': 1, 'Victreebel': 1, 'Clefable': 1, 'Raichu': 1}"
lansatberry86279,[Gen 1] UU,9,8,1,2022-02-28 23:00:43,2022-03-29 19:12:24,,,,"{'Kangaskhan': 8, 'Kadabra': 8, 'Hypno': 8, 'Dragonite': 2, 'Tentacruel': 8, 'Articuno': 5, 'Vaporeon': 1, 'Persian': 5, 'Dodrio': 1, 'Venusaur': 1, 'Gyarados': 1}"
lapras62208,[Gen 1] UU,7,4,3,2023-12-06 18:41:58,2023-12-24 13:05:55,1018.0,1123.0,"[1055.0, 1082.0, 1048.0, 1018.0, 1073.0, 1090.0, 1123.0]","{'Kadabra': 6, 'Dugtrio': 2, 'Articuno': 4, 'Persian': 4, 'Dragonite': 5, 'Tentacruel': 6, 'Dewgong': 3, 'Victreebel': 1, 'Aerodactyl': 1, 'Haunter': 2, 'Tangela': 1, 'Kangaskhan': 1, 'Electabuzz': 1}"
lavaplume47096,[Gen 1] UU,2,0,2,2021-11-14 21:31:31,2021-11-14 21:53:35,,,,"{'Kangaskhan': 1, 'Kadabra': 2, 'Dugtrio': 1, 'Hypno': 2, 'Dragonite': 1, 'Tentacruel': 2, 'Articuno': 1, 'Venusaur': 1, 'Vaporeon': 1}"
laxincense1807,[Gen 1] UU,1,0,1,2023-12-15 21:16:34,2023-12-15 21:16:34,,,,"{'Kadabra': 1, 'Dewgong': 1, 'Dugtrio': 1, 'Electabuzz': 1, 'Tangela': 1, 'Tentacruel': 1}"
leafblade15971,[Gen 1] UU,1,1,0,2023-12-14 22:08:34,2023-12-14 22:08:34,1042.0,1042.0,[1042.0],"{'Dewgong': 1, 'Dugtrio': 1, 'Kadabra': 1, 'Clefable': 1}"
leafguard11706,[Gen 1] UU,2,2,0,2025-05-18 18:30:15,2025-05-18 18:38:52,,,,"{'Kadabra': 1, 'Dragonair': 1, 'Arbok': 1, 'Persian': 2, 'Dragonite': 1, 'Tentacruel': 1, 'Clefable': 1, 'Kangaskhan': 1, 'Raticate': 1, 'Dodrio': 1, 'Hypno': 1}"
leafguard54105,[Gen 1] UU,1,0,1,2016-07-14 19:20:49,2016-07-14 19:20:49,,,,"{'Kadabra': 1, 'Poliwrath': 1, 'Ditto': 1, 'Gyarados': 1, 'Arcanine': 1, 'Dragonite': 1}"
leafstone51881,[Gen 1] UU,3,0,3,2025-04-08 21:28:55,2025-04-09 21:45:10,1042.0,1084.0,"[1042.0, 1055.0, 1084.0]","{'Kangaskhan': 3, 'Golem': 3, 'Hypno': 3, 'Raichu': 3, 'Dragonite': 3, 'Articuno': 3}"
leafstone80471,[Gen 1] UU,1,1,0,2022-01-02 04:08:22,2022-01-02 04:08:22,,,,"{'Kangaskhan': 1, 'Kadabra': 1, 'Dodrio': 1, 'Hypno': 1, 'Tentacruel': 1}"
leafstorm18748,[Gen 1] UU,1,0,1,2023-12-30 01:46:23,2023-12-30 01:46:23,1000.0,1000.0,[1000.0],"{'Aerodactyl': 1, 'Tentacruel': 1, 'Kadabra': 1, 'Articuno': 1, 'Venusaur': 1, 'Vaporeon': 1}"
ledyba46914,[Gen 1] UU,12,4,8,2025-01-11 18:07:15,2025-05-15 00:36:36,,,,"{'Dugtrio': 5, 'Electabuzz': 2, 'Gyarados': 2, 'Dragonite': 6, 'Tentacruel': 8, 'Moltres': 2, 'Lapras': 11, 'Hypno': 8, 'Dodrio': 1, 'Persian': 4, 'Tangela': 1, 'Kangaskhan': 6, 'Kadabra': 1, 'Clefable': 1, 'Nidoking': 1, 'Haunter': 2, 'Raichu': 2, 'Mr. Mime': 1, 'Jolteon': 1, 'Nidoqueen': 1, 'Vaporeon': 1, 'Venomoth': 1, 'Ninetales': 1, 'Golem': 1, 'Gastly': 1}"
leer23545,[Gen 1] UU,10,5,5,2017-12-12 04:09:48,2025-01-03 19:56:12,,,,"{'Tangela': 3, 'Hypno': 9, 'Clefable': 1, 'Dugtrio': 3, 'Electabuzz': 2, 'Gyarados': 1, 'Tentacruel': 1, 'Lapras': 4, 'Jolteon': 4, 'Slowbro': 4, 'Kadabra': 4, 'Articuno': 7, 'Dodrio': 1, 'Raichu': 2, 'Moltres': 2, 'Haunter': 1, 'Dragonite': 2, 'Omastar': 1}"
leer46868,[Gen 1] UU,5,2,3,2024-11-19 02:18:54,2024-11-26 03:16:36,,,,"{'Moltres': 5, 'Electrode': 5, 'Kadabra': 5, 'Dugtrio': 5, 'Gyarados': 5, 'Dragonite': 4}"
leppaberry84951,[Gen 1] UU,16,12,4,2025-04-01 23:34:37,2025-04-05 21:41:36,1000.0,1201.0,"[1000.0, 1000.0, 1075.0, 1075.0, 1114.0, 1023.0, 1049.0, 1045.0, 1201.0, 1113.0, 1000.0, 1065.0, 1083.0, 1108.0, 1084.0, 1043.0]","{'Ninetales': 3, 'Dodrio': 7, 'Hypno': 16, 'Clefable': 6, 'Haunter': 11, 'Dugtrio': 5, 'Kangaskhan': 4, 'Lapras': 13, 'Tentacruel': 9, 'Dragonite': 3, 'Kadabra': 3, 'Moltres': 1, 'Articuno': 1, 'Raichu': 1}"
levelball30215,[Gen 1] UU,1,1,0,2024-11-28 20:13:47,2024-11-28 20:13:47,,,,"{'Kangaskhan': 1, 'Kadabra': 1, 'Drowzee': 1, 'Persian': 1, 'Dragonite': 1, 'Tentacruel': 1}"
levelball80103,[Gen 1] UU,91,41,50,2022-02-16 01:54:14,2025-04-03 04:16:47,1055.0,1055.0,[1055.0],"{'Kangaskhan': 56, 'Kadabra': 78, 'Haunter': 25, 'Gyarados': 14, 'Dragonite': 54, 'Tentacruel': 83, 'Lapras': 3, 'Golem': 15, 'Hypno': 7, 'Articuno': 16, 'Dugtrio': 58, 'Vaporeon': 7, 'Venomoth': 8, 'Electabuzz': 10, 'Seadra': 1, 'Aerodactyl': 3, 'Persian': 16, 'Ninetales': 14, 'Dodrio': 27, 'Clefable': 9, 'Omastar': 15, 'Dewgong': 2, 'Poliwrath': 1, 'Electrode': 1, 'Raichu': 5, 'Poliwhirl': 1, 'Jolteon': 1, 'Nidoking': 1, 'Tangela': 3, 'Charizard': 1}"
levitate42349,[Gen 1] UU,1,1,0,2020-07-12 20:21:38,2020-07-12 20:21:38,,,,"{'Seadra': 1, 'Electrode': 1, 'Dragonair': 1, 'Lickitung': 1, 'Drowzee': 1, 'Gastly': 1}"
lick25189,[Gen 1] UU,4,1,3,2021-04-09 21:46:54,2024-07-07 20:21:43,,,,"{'Kangaskhan': 3, 'Kadabra': 3, 'Dewgong': 3, 'Dugtrio': 4, 'Dragonite': 4, 'Tentacruel': 4, 'Raichu': 1, 'Haunter': 1, 'Hypno': 1}"
lick34355,[Gen 1] UU,1,1,0,2018-12-06 08:27:43,2018-12-06 08:27:43,,,,"{'Kadabra': 1, 'Dragonite': 1, 'Tentacruel': 1, 'Hypno': 1}"
lick86258,[Gen 1] UU,4,0,4,2025-01-04 14:58:54,2025-01-21 21:20:19,,,,"{'Lapras': 4, 'Kangaskhan': 4, 'Slowbro': 4, 'Haunter': 4, 'Hypno': 4, 'Venusaur': 4}"
lickilicky82261,[Gen 1] UU,1,0,1,2016-07-04 05:00:20,2016-07-04 05:00:20,,,,"{'Moltres': 1, 'Charizard': 1, 'Venusaur': 1, 'Dragonite': 1, 'Blastoise': 1, 'Articuno': 1}"
lickitung23734,[Gen 1] UU,3,3,0,2018-12-30 18:40:07,2018-12-30 19:49:29,1000.0,1070.0,"[1070.0, 1050.0, 1000.0]","{'Clefable': 3, 'Kangaskhan': 2, 'Wigglytuff': 1, 'Victreebel': 2, 'Hypno': 3, 'Dragonite': 3, 'Poliwrath': 2}"
lifeorb26007,[Gen 1] UU,19,9,10,2020-08-03 11:04:08,2022-04-02 19:38:04,,,,"{'Kadabra': 15, 'Dugtrio': 10, 'Persian': 3, 'Gyarados': 6, 'Hypno': 19, 'Tentacruel': 19, 'Haunter': 1, 'Dodrio': 2, 'Kangaskhan': 3, 'Vaporeon': 5, 'Articuno': 3, 'Arbok': 2, 'Dragonite': 11, 'Poliwrath': 2, 'Omastar': 4, 'Electabuzz': 2, 'Pinsir': 3, 'Golem': 1}"
lifeorb51810,[Gen 1] UU,1,0,1,2025-04-05 17:43:54,2025-04-05 17:43:54,,,,"{'Lapras': 1, 'Kangaskhan': 1, 'Golem': 1, 'Persian': 1, 'Hypno': 1, 'Articuno': 1}"
lightclay6798,[Gen 1] UU,1,1,0,2016-07-20 08:34:31,2016-07-20 08:34:31,1000.0,1000.0,[1000.0],"{'Golduck': 1, 'Venomoth': 1, 'Omastar': 1, 'Sandslash': 1, 'Victreebel': 1, 'Electabuzz': 1}"
loudred91486,[Gen 1] UU,6,4,2,2018-12-31 15:56:42,2019-07-17 17:42:28,,,,"{'Haunter': 3, 'Graveler': 2, 'Dugtrio': 2, 'Hypno': 4, 'Dragonite': 1, 'Vaporeon': 2, 'Electrode': 1, 'Kadabra': 1, 'Articuno': 2, 'Tentacruel': 2, 'Venomoth': 1, 'Porygon': 1, 'Nidoking': 1, 'Blastoise': 1, 'Abra': 1, 'Clefable': 1, 'Mr. Mime': 1, 'Exeggcute': 1, 'Persian': 2, 'Raichu': 1, 'Kangaskhan': 1, 'Gyarados': 1}"
loveball41396,[Gen 1] UU,1,1,0,2020-02-10 11:11:34,2020-02-10 11:11:34,,,,"{'Omastar': 1, 'Haunter': 1, 'Dugtrio': 1, 'Hypno': 1, 'Dragonite': 1, 'Tentacruel': 1}"
luckychant54436,[Gen 1] UU,1,0,1,2019-09-01 19:39:47,2019-09-01 19:39:47,,,,"{'Omastar': 1, 'Kadabra': 1, 'Electabuzz': 1, 'Hypno': 1, 'Dragonite': 1, 'Tentacruel': 1}"
luckypunch28978,[Gen 1] UU,2,0,2,2016-06-06 18:20:50,2016-06-06 19:04:16,1071.0,1078.0,"[1078.0, 1071.0]","{'Kangaskhan': 2, 'Omastar': 2, 'Nidoking': 2, 'Dodrio': 2, 'Victreebel': 2, 'Articuno': 2}"
luckypunch52209,[Gen 1] UU,10,7,3,2020-12-08 22:22:43,2022-03-31 21:32:13,,,,"{'Kangaskhan': 8, 'Kadabra': 10, 'Dugtrio': 3, 'Gyarados': 5, 'Hypno': 10, 'Persian': 3, 'Venusaur': 2, 'Tentacruel': 9, 'Haunter': 1, 'Dragonite': 4, 'Articuno': 4}"
ludicolo53608,[Gen 1] UU,2,0,2,2019-07-22 21:12:28,2020-05-25 10:55:23,,,,"{'Dugtrio': 1, 'Dragonite': 2, 'Hypno': 2, 'Omastar': 1, 'Kadabra': 1, 'Electabuzz': 1, 'Tentacruel': 1}"
ludicolo87933,[Gen 1] UU,1,0,1,2016-06-05 17:26:32,2016-06-05 17:26:32,1024.0,1024.0,[1024.0],"{'Moltres': 1, 'Haunter': 1, 'Dugtrio': 1, 'Victreebel': 1, 'Electabuzz': 1, 'Tentacruel': 1}"
lunardance19168,[Gen 1] UU,1,0,1,2018-12-09 20:55:41,2018-12-09 20:55:41,,,,"{'Omastar': 1, 'Kadabra': 1, 'Electabuzz': 1, 'Hypno': 1, 'Dragonite': 1, 'Tentacruel': 1}"
lunatone99168,[Gen 1] UU,3,3,0,2021-02-11 17:05:29,2021-03-13 23:57:49,,,,"{'Tentacruel': 3, 'Dragonite': 2, 'Dugtrio': 2, 'Gyarados': 3, 'Hypno': 3, 'Articuno': 1, 'Kangaskhan': 1, 'Persian': 1}"
lustrousorb17411,[Gen 1] UU,1,0,1,2025-04-02 19:46:58,2025-04-02 19:46:58,1000.0,1000.0,[1000.0],"{'Kangaskhan': 1, 'Tentacruel': 1, 'Kadabra': 1, 'Dugtrio': 1, 'Dragonite': 1, 'Articuno': 1}"
lustrousorb49291,[Gen 1] UU,1,0,1,2019-08-18 14:31:11,2019-08-18 14:31:11,,,,"{'Charizard': 1, 'Butterfree': 1, 'Aerodactyl': 1, 'Kadabra': 1, 'Dodrio': 1, 'Raichu': 1}"
lustrousorb69454,[Gen 1] UU,7,4,3,2020-08-31 06:35:05,2020-10-16 23:24:44,,,,"{'Kingler': 1, 'Pinsir': 1, 'Wigglytuff': 2, 'Kabutops': 5, 'Mr. Mime': 6, 'Clefable': 4, 'Nidoking': 1, 'Arbok': 1, 'Charizard': 4, 'Porygon': 2, 'Venusaur': 3, 'Moltres': 3, 'Venomoth': 1, 'Rapidash': 1, 'Dewgong': 4, 'Poliwhirl': 1, 'Blastoise': 1}"
luxio42577,[Gen 1] UU,1,1,0,2019-06-24 12:28:24,2019-06-24 12:28:24,,,,"{'Kadabra': 1, 'Haunter': 1, 'Electabuzz': 1, 'Dragonite': 1, 'Tentacruel': 1}"
luxray30019,[Gen 1] UU,2,0,2,2024-08-25 11:08:57,2024-08-25 11:16:47,,,,"{'Kangaskhan': 2, 'Kadabra': 2, 'Haunter': 1, 'Dugtrio': 2, 'Gyarados': 1, 'Tentacruel': 1, 'Golem': 1, 'Dodrio': 1, 'Vaporeon': 1}"
luxray52006,[Gen 1] UU,3,2,1,2016-06-03 18:59:32,2016-06-07 17:23:45,1032.0,1122.0,"[1032.0, 1048.0, 1122.0]","{'Moltres': 3, 'Haunter': 3, 'Victreebel': 3, 'Articuno': 3, 'Electabuzz': 3, 'Vaporeon': 3}"
luxuryball92459,[Gen 1] UU,1,1,0,2018-12-09 20:35:20,2018-12-09 20:35:20,,,,"{'Electabuzz': 1, 'Omastar': 1, 'Kadabra': 1, 'Hypno': 1, 'Dragonite': 1, 'Tentacruel': 1}"
machobrace46788,[Gen 1] UU,4,4,0,2020-04-22 20:31:40,2020-06-20 17:27:55,,,,"{'Omastar': 2, 'Electrode': 4, 'Persian': 4, 'Gyarados': 4, 'Hypno': 4, 'Dugtrio': 1, 'Kadabra': 1}"
machobrace97762,[Gen 1] UU,2,2,0,2023-12-30 19:51:47,2023-12-30 20:03:43,,,,"{'Kadabra': 2, 'Haunter': 1, 'Dodrio': 1, 'Dewgong': 1, 'Dugtrio': 2, 'Tentacruel': 2, 'Articuno': 1, 'Electabuzz': 1, 'Tangela': 1}"
machoke53222,[Gen 1] UU,1,0,1,2021-06-05 04:30:03,2021-06-05 04:30:03,,,,"{'Kangaskhan': 1, 'Kadabra': 1, 'Persian': 1, 'Hypno': 1, 'Gyarados': 1, 'Tentacruel': 1}"
machop93256,[Gen 1] UU,10,6,4,2022-01-16 16:44:07,2025-01-12 20:25:45,,,,"{'Kadabra': 5, 'Dugtrio': 5, 'Persian': 4, 'Hypno': 9, 'Articuno': 1, 'Tentacruel': 7, 'Nidoking': 1, 'Jolteon': 1, 'Dodrio': 3, 'Venusaur': 1, 'Dragonite': 3, 'Gyarados': 4, 'Haunter': 2, 'Kangaskhan': 2, 'Vaporeon': 1, 'Lapras': 2, 'Ninetales': 1, 'Clefable': 1, 'Tangela': 1}"
machpunch62379,[Gen 1] UU,37,24,13,2024-06-23 14:43:37,2025-03-30 01:41:03,,,,"{'Lapras': 12, 'Kangaskhan': 28, 'Golem': 6, 'Persian': 10, 'Hypno': 10, 'Tangela': 3, 'Ninetales': 5, 'Nidoking': 3, 'Kadabra': 22, 'Dragonite': 14, 'Haunter': 14, 'Dodrio': 9, 'Dugtrio': 19, 'Gyarados': 8, 'Tentacruel': 17, 'Arcanine': 2, 'Raichu': 6, 'Articuno': 4, 'Moltres': 7, 'Electabuzz': 4, 'Venomoth': 2, 'Slowbro': 2, 'Clefable': 5, 'Vaporeon': 1, 'Raticate': 2, 'Victreebel': 1, 'Dewgong': 1}"
magby58555,[Gen 1] UU,1,0,1,2020-05-24 04:45:09,2020-05-24 04:45:09,,,,"{'Ninetales': 1, 'Nidoking': 1, 'Persian': 1, 'Hypno': 1, 'Dragonite': 1, 'Vaporeon': 1}"
magcargo3325,[Gen 1] UU,1,0,1,2016-06-05 19:20:33,2016-06-05 19:20:33,,,,"{'Scyther': 1, 'Persian': 1, 'Arcanine': 1, 'Tangela': 1, 'Dragonite': 1, 'Blastoise': 1}"
magcargo78614,[Gen 1] UU,1,0,1,2020-04-13 01:10:43,2020-04-13 01:10:43,,,,"{'Vaporeon': 1, 'Haunter': 1, 'Dugtrio': 1, 'Hypno': 1, 'Dragonite': 1, 'Tentacruel': 1}"
magicguard60121,[Gen 1] UU,1,0,1,2019-10-21 11:29:34,2019-10-21 11:29:34,,,,"{'Electabuzz': 1, 'Omastar': 1, 'Kadabra': 1, 'Hypno': 1, 'Dragonite': 1, 'Tentacruel': 1}"
magikarp69332,[Gen 1] UU,1,1,0,2020-05-10 01:45:17,2020-05-10 01:45:17,,,,"{'Kangaskhan': 1, 'Dugtrio': 1, 'Hypno': 1, 'Raichu': 1, 'Articuno': 1}"
magmar7447,[Gen 1] UU,1,0,1,2021-06-05 01:10:31,2021-06-05 01:10:31,,,,"{'Kadabra': 1, 'Dugtrio': 1, 'Persian': 1, 'Hypno': 1, 'Dragonite': 1, 'Tentacruel': 1}"
magmarizer922,[Gen 1] UU,1,1,0,2019-07-29 02:52:18,2019-07-29 02:52:18,,,,"{'Kadabra': 1, 'Dugtrio': 1, 'Articuno': 1, 'Hypno': 1, 'Dragonite': 1, 'Tentacruel': 1}"
magmastorm83132,[Gen 1] UU,1,1,0,2022-01-11 01:02:11,2022-01-11 01:02:11,,,,"{'Tentacruel': 1, 'Kadabra': 1, 'Dugtrio': 1, 'Hypno': 1, 'Dragonite': 1, 'Vaporeon': 1}"
magnet38373,[Gen 1] UU,2,2,0,2016-07-23 23:26:21,2016-08-01 10:39:44,1000.0,1022.0,"[1022.0, 1000.0]","{'Dewgong': 1, 'Dragonite': 1, 'Kadabra': 1, 'Clefable': 1, 'Golduck': 1, 'Arbok': 1, 'Victreebel': 1, 'Arcanine': 1, 'Articuno': 1}"
magnetbomb53099,[Gen 1] UU,1,0,1,2025-04-03 05:57:07,2025-04-03 05:57:07,1018.0,1018.0,[1018.0],"{'Clefable': 1, 'Venusaur': 1, 'Golem': 1}"
magneton66109,[Gen 1] UU,1,0,1,2016-06-02 16:39:06,2016-06-02 16:39:06,1000.0,1000.0,[1000.0],"{'Moltres': 1, 'Weezing': 1, 'Dragonair': 1, 'Poliwrath': 1, 'Hypno': 1, 'Blastoise': 1}"
magnetpull75337,[Gen 1] UU,8,2,6,2025-02-01 03:17:07,2025-02-15 13:49:55,,,,"{'Electabuzz': 3, 'Kangaskhan': 8, 'Omastar': 4, 'Kadabra': 8, 'Persian': 2, 'Gyarados': 2, 'Haunter': 4, 'Dragonite': 6, 'Dodrio': 5, 'Golem': 2, 'Dugtrio': 1, 'Raichu': 1, 'Tangela': 1}"
magnezone33777,[Gen 1] UU,2,0,2,2023-11-01 20:09:58,2023-11-01 20:19:02,,,,"{'Kangaskhan': 2, 'Kadabra': 1, 'Haunter': 1, 'Dugtrio': 2, 'Dragonite': 2, 'Tentacruel': 2, 'Articuno': 1, 'Electabuzz': 1}"
magnezone42158,[Gen 1] UU,14,7,7,2024-04-21 22:03:06,2025-02-09 04:32:58,,,,"{'Lapras': 10, 'Kangaskhan': 12, 'Nidoking': 5, 'Kadabra': 9, 'Haunter': 2, 'Golem': 6, 'Articuno': 6, 'Hypno': 4, 'Tentacruel': 4, 'Jolteon': 7, 'Nidoqueen': 1, 'Dodrio': 3, 'Dewgong': 1, 'Electabuzz': 2, 'Venusaur': 1, 'Slowbro': 1, 'Kabutops': 1, 'Dugtrio': 1, 'Tangela': 1, 'Victreebel': 1, 'Gyarados': 1}"
magnezone62376,[Gen 1] UU,10,2,8,2024-04-16 16:07:12,2025-02-08 03:34:03,,,,"{'Kangaskhan': 4, 'Kadabra': 3, 'Dodrio': 3, 'Golem': 6, 'Dugtrio': 5, 'Dewgong': 2, 'Kingler': 1, 'Hypno': 6, 'Raichu': 1, 'Gyarados': 3, 'Lapras': 5, 'Jolteon': 5, 'Persian': 1, 'Omastar': 2, 'Electabuzz': 2, 'Dragonite': 4, 'Tentacruel': 2, 'Slowbro': 1, 'Clefable': 2}"
makuhita81216,[Gen 1] UU,1,0,1,2018-12-30 19:04:56,2018-12-30 19:04:56,1050.0,1050.0,[1050.0],"{'Electabuzz': 1, 'Kadabra': 1, 'Dodrio': 1, 'Arbok': 1, 'Gyarados': 1, 'Arcanine': 1}"
mamoswine3446,[Gen 1] UU,1,1,0,2016-06-08 12:52:27,2016-06-08 12:52:27,1053.0,1053.0,[1053.0],"{'Charizard': 1, 'Nidoking': 1, 'Kadabra': 1, 'Poliwrath': 1, 'Hypno': 1, 'Raichu': 1}"
mamoswine50702,[Gen 1] UU,1,0,1,2021-06-05 02:02:28,2021-06-05 02:02:28,,,,"{'Aerodactyl': 1, 'Haunter': 1, 'Dugtrio': 1, 'Dewgong': 1, 'Hypno': 1, 'Tentacruel': 1}"
manaphy22907,[Gen 1] UU,1,0,1,2022-08-27 06:20:22,2022-08-27 06:20:22,,,,"{'Kangaskhan': 1, 'Tentacruel': 1, 'Dodrio': 1, 'Persian': 1, 'Hypno': 1, 'Articuno': 1}"
manectric27699,[Gen 1] UU,1,0,1,2017-12-02 17:01:52,2017-12-02 17:01:52,,,,"{'Charizard': 1, 'Machamp': 1, 'Ditto': 1, 'Pikachu': 1, 'Venusaur': 1, 'Blastoise': 1}"
mankey21998,[Gen 1] UU,1,0,1,2016-06-10 15:33:12,2016-06-10 15:33:12,,,,"{'Moltres': 1, 'Raichu': 1, 'Charizard': 1}"
mankey3634,[Gen 1] UU,1,0,1,2023-10-09 19:26:20,2023-10-09 19:26:20,,,,"{'Kangaskhan': 1, 'Kadabra': 1, 'Haunter': 1, 'Dewgong': 1, 'Persian': 1, 'Electabuzz': 1}"
mankey46874,[Gen 1] UU,4,3,1,2016-06-06 22:52:34,2016-06-08 03:01:33,1000.0,1113.0,"[1113.0, 1077.0, 1000.0]","{'Moltres': 2, 'Haunter': 2, 'Hypno': 3, 'Raichu': 3, 'Dragonite': 2, 'Articuno': 2, 'Kangaskhan': 1, 'Omastar': 1, 'Poliwrath': 1, 'Graveler': 1, 'Victreebel': 1, 'Electabuzz': 1}"
mankey95535,[Gen 1] UU,1,0,1,2021-06-05 03:42:03,2021-06-05 03:42:03,,,,"{'Omastar': 1, 'Dugtrio': 1, 'Gyarados': 1, 'Hypno': 1, 'Dragonite': 1, 'Tentacruel': 1}"
mantine21479,[Gen 1] UU,2,1,1,2016-06-13 06:00:46,2016-06-14 02:33:16,1079.0,1108.0,"[1079.0, 1108.0]","{'Kingler': 2, 'Tentacruel': 2, 'Onix': 2, 'Dugtrio': 2, 'Hypno': 2, 'Articuno': 2}"
mantine73302,[Gen 1] UU,1,0,1,2019-01-01 15:17:55,2019-01-01 15:17:55,,,,"{'Omastar': 1, 'Kadabra': 1, 'Electabuzz': 1, 'Hypno': 1, 'Dragonite': 1, 'Tentacruel': 1}"
mareep93864,[Gen 1] UU,16,8,8,2022-09-04 21:36:36,2023-07-12 20:29:51,,,,"{'Tentacruel': 16, 'Haunter': 5, 'Dugtrio': 7, 'Hypno': 11, 'Dragonite': 7, 'Vaporeon': 2, 'Kangaskhan': 7, 'Dodrio': 2, 'Kadabra': 13, 'Articuno': 6, 'Electabuzz': 1, 'Omastar': 3, 'Persian': 5, 'Clefable': 4, 'Gyarados': 2, 'Dewgong': 1, 'Raichu': 1, 'Venusaur': 1}"
mawile36886,[Gen 1] UU,3,1,2,2022-05-13 00:08:31,2022-05-13 00:25:56,,,,"{'Kangaskhan': 3, 'Dodrio': 2, 'Dugtrio': 2, 'Hypno': 3, 'Tangela': 1, 'Vaporeon': 1, 'Tentacruel': 1, 'Articuno': 1, 'Sandslash': 1, 'Haunter': 1, 'Dewgong': 1, 'Dragonite': 1}"
mawile79807,[Gen 1] UU,7,7,0,2016-06-05 17:18:33,2016-06-05 19:05:56,1011.0,1040.0,"[1040.0, 1024.0, 1011.0]","{'Hypno': 4, 'Dugtrio': 6, 'Dodrio': 5, 'Electabuzz': 7, 'Flareon': 2, 'Victreebel': 3, 'Persian': 1, 'Venusaur': 1, 'Vaporeon': 1}"
meanlook37527,[Gen 1] UU,1,0,1,2020-08-18 09:21:21,2020-08-18 09:21:21,,,,"{'Venomoth': 1, 'Charizard': 1, 'Kabutops': 1, 'Mr. Mime': 1, 'Clefable': 1, 'Blastoise': 1}"
medicham64289,[Gen 1] UU,2,2,0,2019-08-25 19:30:59,2019-09-08 09:29:56,,,,"{'Kangaskhan': 1, 'Sandslash': 1, 'Articuno': 1, 'Hypno': 1, 'Tangela': 1, 'Tentacruel': 1, 'Rhyhorn': 1, 'Exeggcute': 1, 'Drowzee': 1, 'Pikachu': 1, 'Slowpoke': 1, 'Abra': 1}"
meditate12231,[Gen 1] UU,2,2,0,2023-12-17 09:16:55,2023-12-18 01:57:56,1124.0,1240.0,"[1124.0, 1240.0]","{'Kadabra': 2, 'Haunter': 2, 'Dugtrio': 2, 'Articuno': 2, 'Persian': 2, 'Tentacruel': 2}"
meditate33036,[Gen 1] UU,44,25,19,2021-10-13 15:48:49,2022-10-16 19:28:16,,,,"{'Vaporeon': 16, 'Kadabra': 41, 'Dugtrio': 18, 'Hypno': 40, 'Dragonite': 16, 'Tentacruel': 43, 'Electabuzz': 3, 'Dodrio': 5, 'Gyarados': 15, 'Venusaur': 3, 'Haunter': 10, 'Articuno': 10, 'Kingler': 1, 'Victreebel': 1, 'Persian': 18, 'Kangaskhan': 13, 'Raichu': 1, 'Pinsir': 1, 'Dewgong': 1, 'Charizard': 1}"
mefirst94337,[Gen 1] UU,20,11,9,2016-01-07 21:18:11,2017-12-07 21:15:24,1087.0,1087.0,[1087.0],"{'Clefable': 5, 'Mr. Mime': 5, 'Dugtrio': 5, 'Electabuzz': 6, 'Venusaur': 4, 'Fearow': 4, 'Moltres': 2, 'Tentacruel': 5, 'Kadabra': 5, 'Hypno': 5, 'Raichu': 5, 'Vaporeon': 9, 'Venomoth': 9, 'Staryu': 6, 'Porygon': 9, 'Omastar': 6, 'Nidoking': 9, 'Tangela': 6, 'Exeggcute': 2, 'Nidoqueen': 1, 'Slowpoke': 2, 'Blastoise': 3, 'Gastly': 1, 'Articuno': 2, 'Arcanine': 1}"
megapunch91085,[Gen 1] UU,8,4,4,2021-12-13 04:07:34,2022-07-15 09:15:41,,,,"{'Dugtrio': 4, 'Persian': 3, 'Hypno': 8, 'Gyarados': 2, 'Dragonite': 2, 'Tentacruel': 8, 'Kangaskhan': 5, 'Aerodactyl': 1, 'Kadabra': 6, 'Vaporeon': 5, 'Articuno': 3, 'Victreebel': 1}"
meowth13801,[Gen 1] UU,2,0,2,2019-01-01 02:36:10,2019-01-01 02:50:32,,,,"{'Moltres': 2, 'Tentacruel': 2, 'Kadabra': 2, 'Venusaur': 2, 'Dragonite': 2, 'Vaporeon': 1, 'Raichu': 1}"
meowth25365,[Gen 1] UU,2,0,2,2024-05-10 19:53:27,2024-05-10 20:24:40,,,,"{'Kangaskhan': 1, 'Kadabra': 2, 'Dugtrio': 2, 'Electabuzz': 1, 'Dragonite': 1, 'Tentacruel': 2, 'Haunter': 1, 'Persian': 1, 'Articuno': 1}"
mesprit40616,[Gen 1] UU,1,1,0,2017-12-20 17:20:31,2017-12-20 17:20:31,,,,"{'Charizard': 1, 'Aerodactyl': 1, 'Ditto': 1, 'Blastoise': 1, 'Articuno': 1}"
metagross54537,[Gen 1] UU,1,1,0,2020-04-13 22:39:12,2020-04-13 22:39:12,,,,"{'Omastar': 1, 'Haunter': 1, 'Dugtrio': 1, 'Hypno': 1, 'Dragonite': 1, 'Tentacruel': 1}"
metagross78931,[Gen 1] UU,1,0,1,2020-01-12 12:14:48,2020-01-12 12:14:48,,,,"{'Omastar': 1, 'Arbok': 1, 'Electabuzz': 1, 'Tangela': 1, 'Fearow': 1, 'Dragonite': 1}"
metalburst79420,[Gen 1] UU,10,8,2,2016-06-01 21:07:18,2016-06-08 12:52:27,1000.0,1077.0,"[1000.0, 1058.0, 1026.0, 1000.0, 1077.0, 1053.0]","{'Moltres': 7, 'Omastar': 5, 'Persian': 10, 'Hypno': 10, 'Raichu': 10, 'Tentacruel': 6, 'Articuno': 7, 'Charizard': 1}"
metalclaw67212,[Gen 1] UU,2,1,1,2018-12-03 19:30:41,2018-12-03 19:54:58,1000.0,1000.0,[1000.0],"{'Ninetales': 1, 'Kangaskhan': 1, 'Kadabra': 2, 'Graveler': 1, 'Raichu': 2, 'Vaporeon': 1, 'Weezing': 1, 'Dugtrio': 1, 'Tentacruel': 1}"
metalcoat49727,[Gen 1] UU,2,0,2,2024-01-06 13:15:41,2024-01-06 13:19:38,,,,"{'Omastar': 1, 'Kadabra': 2, 'Dugtrio': 1, 'Gyarados': 1, 'Dragonite': 1, 'Tentacruel': 2, 'Kangaskhan': 1, 'Haunter': 1, 'Tangela': 1, 'Vaporeon': 1}"
metang73793,[Gen 1] UU,1,0,1,2019-08-25 19:30:59,2019-08-25 19:30:59,,,,"{'Voltorb': 1, 'Staryu': 1, 'Exeggcute': 1, 'Pikachu': 1, 'Diglett': 1, 'Abra': 1}"
metapod69736,[Gen 1] UU,46,32,14,2021-12-29 19:53:31,2023-08-20 14:12:32,,,,"{'Kadabra': 44, 'Dugtrio': 8, 'Persian': 34, 'Hypno': 45, 'Articuno': 10, 'Tentacruel': 42, 'Kangaskhan': 31, 'Dodrio': 23, 'Lapras': 7, 'Dragonite': 4, 'Omastar': 4, 'Aerodactyl': 4, 'Dewgong': 1, 'Gyarados': 3, 'Electrode': 2, 'Victreebel': 2, 'Clefable': 1, 'Electabuzz': 1, 'Venusaur': 1}"
metapod74615,[Gen 1] UU,1,0,1,2020-06-01 00:29:06,2020-06-01 00:29:06,,,,"{'Kangaskhan': 1, 'Nidoking': 1, 'Poliwrath': 1, 'Dodrio': 1, 'Marowak': 1, 'Tentacruel': 1}"
metronome94994,[Gen 1] UU,2,0,2,2025-04-09 07:10:11,2025-04-11 03:34:27,1042.0,1053.0,"[1053.0, 1042.0]","{'Kangaskhan': 2, 'Tentacruel': 2, 'Kadabra': 2, 'Haunter': 2, 'Tangela': 2, 'Vaporeon': 2}"
micleberry24246,[Gen 1] UU,1,0,1,2024-11-03 00:07:19,2024-11-03 00:07:19,,,,"{'Kangaskhan': 1, 'Kadabra': 1, 'Golem': 1, 'Dodrio': 1, 'Dugtrio': 1, 'Vaporeon': 1}"
mightyena14527,[Gen 1] UU,3,1,2,2025-01-05 05:44:56,2025-01-05 05:57:53,,,,"{'Moltres': 1, 'Lapras': 2, 'Kadabra': 1, 'Dodrio': 1, 'Victreebel': 3, 'Hypno': 2, 'Jolteon': 2, 'Slowbro': 2, 'Haunter': 1, 'Golem': 1, 'Dragonite': 1, 'Articuno': 1}"
mightyena56431,[Gen 1] UU,3,2,1,2017-12-02 15:25:28,2017-12-02 15:54:42,,,,"{'Kangaskhan': 2, 'Omastar': 2, 'Haunter': 1, 'Dodrio': 1, 'Victreebel': 1, 'Raichu': 3, 'Raticate': 1, 'Hypno': 2, 'Dragonite': 2, 'Clefable': 1, 'Kadabra': 1}"
mightyena62578,[Gen 1] UU,1,1,0,2020-05-10 02:04:02,2020-05-10 02:04:02,,,,"{'Machamp': 1, 'Electrode': 1, 'Dodrio': 1, 'Gyarados': 1}"
milkdrink10398,[Gen 1] UU,3,1,2,2021-06-05 01:17:17,2021-06-06 19:39:26,,,,"{'Tentacruel': 3, 'Kadabra': 3, 'Dugtrio': 2, 'Hypno': 3, 'Dragonite': 2, 'Vaporeon': 2, 'Kangaskhan': 1, 'Dodrio': 1, 'Persian': 1}"
milkdrink83939,[Gen 1] UU,10,6,4,2021-06-05 01:13:11,2021-06-05 20:48:09,,,,"{'Kadabra': 8, 'Dewgong': 3, 'Persian': 6, 'Hypno': 10, 'Tangela': 1, 'Tentacruel': 10, 'Clefable': 2, 'Dugtrio': 3, 'Aerodactyl': 1, 'Haunter': 1, 'Gyarados': 5, 'Kangaskhan': 4, 'Omastar': 2, 'Pinsir': 2, 'Dragonite': 2}"
milkdrink93440,[Gen 1] UU,1,1,0,2019-06-13 01:31:33,2019-06-13 01:31:33,,,,"{'Wigglytuff': 1, 'Machamp': 1, 'Dugtrio': 1, 'Gyarados': 1, 'Venusaur': 1, 'Hypno': 1}"
milotic77071,[Gen 1] UU,3,2,1,2020-05-31 16:43:35,2020-05-31 17:09:10,,,,"{'Vulpix': 3, 'Rhyhorn': 3, 'Jigglypuff': 3, 'Bellsprout': 3, 'Psyduck': 2, 'Beedrill': 3}"
mimejr79190,[Gen 1] UU,1,1,0,2023-12-18 20:33:24,2023-12-18 20:33:24,1060.0,1060.0,[1060.0],"{'Kangaskhan': 1, 'Kadabra': 1, 'Dodrio': 1, 'Persian': 1, 'Electabuzz': 1, 'Tangela': 1}"
mimic45935,[Gen 1] UU,1,1,0,2023-12-20 21:54:10,2023-12-20 21:54:10,1038.0,1038.0,[1038.0],"{'Clefable': 1, 'Electrode': 1, 'Haunter': 1, 'Dugtrio': 1, 'Gyarados': 1, 'Tentacruel': 1}"
mimic48500,[Gen 1] UU,1,0,1,2018-12-17 18:49:14,2018-12-17 18:49:14,,,,"{'Dugtrio': 1, 'Tentacruel': 1, 'Haunter': 1, 'Hypno': 1}"
mindplate88811,[Gen 1] UU,1,0,1,2020-03-28 10:55:00,2020-03-28 10:55:00,,,,"{'Metapod': 1, 'Machoke': 1, 'Dragonair': 1, 'Graveler': 1, 'Poliwhirl': 1, 'Nidorino': 1}"
minun50581,[Gen 1] UU,10,5,5,2022-01-19 02:14:09,2022-05-22 15:04:27,,,,"{'Dragonite': 2, 'Golem': 1, 'Dugtrio': 6, 'Electabuzz': 1, 'Hypno': 10, 'Tentacruel': 10, 'Aerodactyl': 3, 'Kadabra': 7, 'Vaporeon': 1, 'Persian': 4, 'Haunter': 4, 'Gyarados': 4, 'Articuno': 1, 'Dodrio': 2}"
minus16604,[Gen 1] UU,1,0,1,2025-04-10 15:00:19,2025-04-10 15:00:19,1000.0,1000.0,[1000.0],"{'Pidgeot': 1, 'Charizard': 1, 'Kangaskhan': 1, 'Gyarados': 1, 'Dragonite': 1, 'Articuno': 1}"
minus6985,[Gen 1] UU,1,0,1,2020-04-13 00:57:49,2020-04-13 00:57:49,,,,"{'Omastar': 1, 'Kadabra': 1, 'Tangela': 1, 'Dragonite': 1, 'Tentacruel': 1}"
miracleberry14936,[Gen 1] UU,1,0,1,2020-06-18 23:30:44,2020-06-18 23:30:44,,,,"{'Kangaskhan': 1, 'Kadabra': 1, 'Haunter': 1, 'Dugtrio': 1, 'Hypno': 1, 'Tentacruel': 1}"
miracleeye40391,[Gen 1] UU,1,1,0,2016-08-06 22:51:32,2016-08-06 22:51:32,,,,"{'Charizard': 1, 'Onix': 1, 'Kadabra': 1, 'Clefable': 1, 'Venusaur': 1, 'Hypno': 1}"
miracleeye49568,[Gen 1] UU,3,1,2,2023-12-10 05:42:02,2023-12-14 21:55:15,1023.0,1058.0,"[1058.0, 1048.0, 1023.0]","{'Kangaskhan': 1, 'Kadabra': 3, 'Electabuzz': 1, 'Tangela': 3, 'Dragonite': 1, 'Tentacruel': 3, 'Dugtrio': 2, 'Gyarados': 2, 'Articuno': 1}"
mirrormove40391,[Gen 1] UU,12,4,8,2019-07-17 14:07:48,2021-12-15 15:17:21,,,,"{'Kadabra': 5, 'Dugtrio': 6, 'Persian': 3, 'Hypno': 11, 'Articuno': 5, 'Tentacruel': 10, 'Kangaskhan': 6, 'Dewgong': 3, 'Aerodactyl': 3, 'Haunter': 2, 'Venusaur': 1, 'Vaporeon': 4, 'Electabuzz': 3, 'Tangela': 2, 'Dragonite': 1, 'Kingler': 1, 'Porygon': 1, 'Arbok': 1, 'Tentacool': 1, 'Arcanine': 1}"
misdreavus32098,[Gen 1] UU,1,1,0,2016-06-25 00:39:55,2016-06-25 00:39:55,,,,"{'Moltres': 1, 'Kangaskhan': 1, 'Hypno': 1, 'Raichu': 1, 'Articuno': 1}"
mismagius18113,[Gen 1] UU,1,1,0,2020-08-31 12:07:15,2020-08-31 12:07:15,,,,"{'Omastar': 1, 'Kadabra': 1, 'Hypno': 1, 'Dragonite': 1, 'Tentacruel': 1}"
mismagius33077,[Gen 1] UU,33,12,21,2024-06-17 18:28:45,2025-03-29 01:05:08,,,,"{'Moltres': 14, 'Haunter': 28, 'Machamp': 2, 'Clefable': 19, 'Raichu': 11, 'Hypno': 25, 'Golem': 7, 'Kangaskhan': 5, 'Kadabra': 7, 'Dodrio': 10, 'Dugtrio': 15, 'Vaporeon': 2, 'Wigglytuff': 3, 'Lapras': 11, 'Nidoking': 12, 'Articuno': 5, 'Dragonite': 1, 'Ninetales': 5, 'Gyarados': 5, 'Charizard': 2}"
mist21242,[Gen 1] UU,1,1,0,2019-07-14 11:58:18,2019-07-14 11:58:18,,,,"{'Kangaskhan': 1, 'Kadabra': 1, 'Persian': 1, 'Hypno': 1, 'Gyarados': 1, 'Tentacruel': 1}"
mist3831,[Gen 1] UU,1,1,0,2021-06-05 03:02:06,2021-06-05 03:02:06,,,,"{'Kangaskhan': 1, 'Kadabra': 1, 'Persian': 1, 'Gyarados': 1, 'Hypno': 1, 'Tentacruel': 1}"
mist53326,[Gen 1] UU,3,2,1,2024-04-15 05:25:35,2024-04-15 05:41:19,,,,"{'Kadabra': 3, 'Dewgong': 1, 'Dugtrio': 3, 'Gyarados': 2, 'Articuno': 2, 'Kangaskhan': 2, 'Clefable': 1, 'Tentacruel': 2, 'Ninetales': 1}"
mist98895,[Gen 1] UU,7,3,4,2016-06-02 17:02:51,2016-06-02 22:38:57,1000.0,1088.0,"[1024.0, 1000.0, 1058.0, 1069.0, 1088.0]","{'Moltres': 6, 'Kadabra': 7, 'Dodrio': 2, 'Articuno': 7, 'Raichu': 2, 'Vaporeon': 7, 'Kangaskhan': 4, 'Electabuzz': 5}"
mistball97565,[Gen 1] UU,1,0,1,2020-05-09 16:22:43,2020-05-09 16:22:43,,,,"{'Ninetales': 1, 'Electrode': 1, 'Dugtrio': 1, 'Gyarados': 1, 'Tangela': 1, 'Dragonite': 1}"
monferno30755,[Gen 1] UU,17,8,9,2017-12-10 14:50:02,2017-12-10 18:07:30,,,,"{'Growlithe': 17, 'Rattata': 17, 'Koffing': 17, 'Bulbasaur': 17, 'Squirtle': 17, 'Magnemite': 17}"
monferno88643,[Gen 1] UU,1,0,1,2025-04-02 23:05:31,2025-04-02 23:05:31,,,,"{'Lapras': 1, 'Kadabra': 1, 'Dugtrio': 1, 'Hypno': 1, 'Tentacruel': 1}"
mothim27359,[Gen 1] UU,2,1,1,2023-12-19 08:50:28,2023-12-19 19:02:30,1000.0,1028.0,"[1000.0, 1028.0]","{'Kangaskhan': 1, 'Kadabra': 2, 'Haunter': 2, 'Dugtrio': 2, 'Articuno': 2, 'Dragonite': 1, 'Tentacruel': 1}"
mothim47221,[Gen 1] UU,1,0,1,2017-12-26 16:33:24,2017-12-26 16:33:24,,,,"{'Moltres': 1, 'Golduck': 1, 'Haunter': 1, 'Dugtrio': 1, 'Raichu': 1, 'Tangela': 1}"
mothim5580,[Gen 1] UU,1,0,1,2025-04-03 02:27:17,2025-04-03 02:27:17,1052.0,1052.0,[1052.0],"{'Lapras': 1, 'Kadabra': 1, 'Dodrio': 1, 'Dugtrio': 1, 'Hypno': 1, 'Tentacruel': 1}"
motordrive46080,[Gen 1] UU,2,1,1,2016-06-01 21:07:18,2016-06-02 13:19:27,1000.0,1000.0,[1000.0],"{'Haunter': 2, 'Persian': 2, 'Hypno': 2, 'Raichu': 1, 'Dragonite': 2, 'Articuno': 2, 'Poliwrath': 1}"
mrmime46681,[Gen 1] UU,6,6,0,2025-04-02 19:41:00,2025-04-11 03:34:27,1000.0,1142.0,"[1000.0, 1000.0, 1096.0, 1142.0, 1028.0, 1042.0]","{'Kangaskhan': 2, 'Electrode': 2, 'Dewgong': 1, 'Hypno': 5, 'Tentacruel': 3, 'Haunter': 3, 'Golem': 2, 'Dodrio': 2, 'Articuno': 2, 'Lapras': 2, 'Dugtrio': 2, 'Tangela': 1, 'Kadabra': 1, 'Electabuzz': 1}"
muddywater22285,[Gen 1] UU,3,2,1,2023-12-18 04:22:14,2023-12-21 19:40:17,1025.0,1029.0,"[1025.0, 1029.0]","{'Kangaskhan': 3, 'Tentacruel': 3, 'Kadabra': 2, 'Dugtrio': 3, 'Electabuzz': 3, 'Articuno': 3}"
mudkip38763,[Gen 1] UU,1,0,1,2024-10-04 05:45:04,2024-10-04 05:45:04,,,,"{'Kangaskhan': 1, 'Kadabra': 1, 'Golem': 1, 'Dodrio': 1, 'Dugtrio': 1, 'Tentacruel': 1}"
mudsport71981,[Gen 1] UU,113,61,52,2022-12-18 17:49:24,2025-02-06 20:35:00,,,,"{'Lapras': 41, 'Kangaskhan': 71, 'Persian': 42, 'Hypno': 39, 'Dragonite': 35, 'Tentacruel': 60, 'Dugtrio': 46, 'Kadabra': 80, 'Haunter': 30, 'Dodrio': 37, 'Dewgong': 13, 'Articuno': 24, 'Ninetales': 5, 'Gyarados': 14, 'Raticate': 4, 'Golem': 21, 'Arcanine': 1, 'Electrode': 9, 'Clefable': 14, 'Tangela': 12, 'Electabuzz': 8, 'Venomoth': 6, 'Raichu': 7, 'Charizard': 2, 'Mr. Mime': 3, 'Fearow': 1, 'Vaporeon': 4, 'Victreebel': 6, 'Slowbro': 5, 'Moltres': 4, 'Nidoking': 3, 'Jolteon': 2, 'Aerodactyl': 1, 'Arbok': 1, 'Seadra': 1}"
muk63860,[Gen 1] UU,3,2,1,2021-12-15 22:14:36,2021-12-15 22:31:10,,,,"{'Kadabra': 3, 'Haunter': 3, 'Dugtrio': 1, 'Gyarados': 1, 'Hypno': 3, 'Tentacruel': 3, 'Kangaskhan': 2, 'Dragonite': 2}"
multitype31305,[Gen 1] UU,1,0,1,2023-12-29 14:18:17,2023-12-29 14:18:17,1083.0,1083.0,[1083.0],"{'Kadabra': 1, 'Dodrio': 1, 'Dugtrio': 1, 'Articuno': 1, 'Electabuzz': 1, 'Tentacruel': 1}"
munchlax14135,[Gen 1] UU,1,1,0,2019-08-13 01:33:03,2019-08-13 01:33:03,,,,"{'Omastar': 1, 'Kadabra': 1, 'Hypno': 1, 'Tangela': 1, 'Dragonite': 1, 'Tentacruel': 1}"
munchlax18101,[Gen 1] UU,1,1,0,2017-12-14 00:19:44,2017-12-14 00:19:44,,,,"{'Articuno': 1, 'Hypno': 1, 'Persian': 1, 'Raichu': 1, 'Tangela': 1, 'Tentacruel': 1}"
munchlax4057,[Gen 1] UU,5,4,1,2021-06-05 01:26:48,2021-06-06 20:15:30,,,,"{'Kadabra': 2, 'Golem': 1, 'Dugtrio': 5, 'Gyarados': 1, 'Tentacruel': 5, 'Electabuzz': 2, 'Aerodactyl': 2, 'Dewgong': 2, 'Hypno': 4, 'Articuno': 1, 'Kangaskhan': 1, 'Haunter': 1, 'Dragonite': 1}"
muscleband85816,[Gen 1] UU,1,0,1,2019-12-26 05:00:12,2019-12-26 05:00:12,1000.0,1000.0,[1000.0],"{'Charizard': 1, 'Aerodactyl': 1, 'Dodrio': 1, 'Clefable': 1, 'Dragonite': 1, 'Blastoise': 1}"
muscleband97738,[Gen 1] UU,1,1,0,2019-07-08 20:00:20,2019-07-08 20:00:20,,,,"{'Kadabra': 1, 'Haunter': 1, 'Golem': 1, 'Dugtrio': 1, 'Dragonite': 1, 'Tentacruel': 1}"
mysteryberry83821,[Gen 1] UU,7,1,6,2024-04-20 22:38:01,2024-08-24 16:30:11,,,,"{'Kangaskhan': 7, 'Tentacruel': 5, 'Kadabra': 4, 'Dodrio': 5, 'Persian': 5, 'Articuno': 2, 'Dewgong': 3, 'Dugtrio': 5, 'Haunter': 2, 'Dragonite': 2, 'Vaporeon': 2}"
mysticwater69875,[Gen 1] UU,3,1,2,2017-12-07 21:15:24,2017-12-18 14:20:25,1087.0,1128.0,"[1087.0, 1128.0]","{'Kadabra': 3, 'Dugtrio': 3, 'Hypno': 3, 'Venusaur': 2, 'Dragonite': 3, 'Tentacruel': 3, 'Kangaskhan': 1}"
nanabberry92009,[Gen 1] UU,1,0,1,2020-04-12 19:32:13,2020-04-12 19:32:13,,,,"{'Venomoth': 1, 'Porygon': 1, 'Nidoking': 1, 'Nidoqueen': 1, 'Slowpoke': 1, 'Blastoise': 1}"
natu21519,[Gen 1] UU,1,0,1,2020-04-19 19:47:50,2020-04-19 19:47:50,,,,"{'Omastar': 1, 'Kadabra': 1, 'Dragonite': 1, 'Electabuzz': 1, 'Hypno': 1, 'Tentacruel': 1}"
natu86275,[Gen 1] UU,2,2,0,2024-11-30 01:20:06,2024-11-30 02:25:41,,,,"{'Kangaskhan': 2, 'Kadabra': 2, 'Haunter': 2, 'Golem': 2, 'Persian': 2, 'Tentacruel': 1, 'Dewgong': 1}"
naturalcure38059,[Gen 1] UU,1,0,1,2023-08-29 22:12:02,2023-08-29 22:12:02,,,,"{'Kangaskhan': 1, 'Electrode': 1, 'Kadabra': 1, 'Dewgong': 1, 'Dragonite': 1, 'Articuno': 1}"
naturalgift73390,[Gen 1] UU,1,0,1,2018-12-21 02:12:43,2018-12-21 02:12:43,1124.0,1124.0,[1124.0],"{'Kadabra': 1, 'Haunter': 1, 'Dugtrio': 1, 'Gyarados': 1, 'Hypno': 1, 'Tentacruel': 1}"
naturalgift77400,[Gen 1] UU,3,2,1,2022-01-02 14:18:36,2022-01-05 03:42:52,,,,"{'Kadabra': 3, 'Golem': 1, 'Dodrio': 1, 'Dewgong': 1, 'Hypno': 3, 'Tentacruel': 3, 'Kangaskhan': 1, 'Haunter': 1, 'Gyarados': 1, 'Dugtrio': 1, 'Persian': 1, 'Articuno': 1}"
naturepower40360,[Gen 1] UU,3,2,1,2019-05-20 01:35:40,2019-05-20 01:44:29,,,,"{'Venomoth': 3, 'Porygon': 3, 'Nidoking': 3, 'Dragonair': 3, 'Slowpoke': 3, 'Tangela': 3}"
needlearm25079,[Gen 1] UU,1,1,0,2020-01-02 00:52:35,2020-01-02 00:52:35,,,,"{'Aerodactyl': 1, 'Kadabra': 1, 'Dugtrio': 1, 'Persian': 1, 'Dragonite': 1}"
needlearm59980,[Gen 1] UU,2,1,1,2025-04-09 22:00:32,2025-04-10 06:08:44,1081.0,1122.0,"[1122.0, 1081.0]","{'Lapras': 2, 'Kabutops': 1, 'Dugtrio': 1, 'Hypno': 2, 'Venusaur': 1, 'Articuno': 1, 'Ninetales': 1, 'Kangaskhan': 1, 'Persian': 1, 'Tangela': 1}"
nestball5505,[Gen 1] UU,1,1,0,2020-08-03 11:22:48,2020-08-03 11:22:48,,,,"{'Venomoth': 1, 'Staryu': 1, 'Porygon': 1, 'Nidoking': 1, 'Arcanine': 1, 'Blastoise': 1}"
netball54408,[Gen 1] UU,1,0,1,2020-05-07 23:12:51,2020-05-07 23:12:51,,,,"{'Vaporeon': 1, 'Haunter': 1, 'Dugtrio': 1, 'Hypno': 1, 'Dragonite': 1, 'Tentacruel': 1}"
netball84861,[Gen 1] UU,3,2,1,2024-11-16 14:42:54,2024-11-16 14:54:20,,,,"{'Kangaskhan': 3, 'Tentacruel': 3, 'Kadabra': 2, 'Haunter': 3, 'Tangela': 3, 'Vaporeon': 2}"
nevermeltice48286,[Gen 1] UU,1,1,0,2025-04-12 20:33:35,2025-04-12 20:33:35,1022.0,1022.0,[1022.0],"{'Lapras': 1, 'Kadabra': 1, 'Haunter': 1, 'Golem': 1, 'Persian': 1, 'Venusaur': 1}"
nidoking16580,[Gen 1] UU,1,1,0,2023-12-06 19:22:03,2023-12-06 19:22:03,1002.0,1002.0,[1002.0],"{'Kadabra': 1, 'Victreebel': 1, 'Dugtrio': 1, 'Articuno': 1}"
nidorina35838,[Gen 1] UU,3,2,1,2025-01-06 07:44:26,2025-01-06 07:55:48,,,,"{'Lapras': 3, 'Kangaskhan': 3, 'Slowbro': 2, 'Nidoking': 2, 'Hypno': 3, 'Golem': 1, 'Dodrio': 1, 'Clefable': 1, 'Articuno': 1}"
nightslash60147,[Gen 1] UU,1,1,0,2016-08-01 04:07:27,2016-08-01 04:07:27,,,,"{'Kadabra': 1, 'Haunter': 1, 'Victreebel': 1, 'Persian': 1, 'Hypno': 1}"
nincada8010,[Gen 1] UU,2,0,2,2024-04-11 01:06:21,2024-04-11 01:14:18,,,,"{'Kadabra': 2, 'Dodrio': 2, 'Golem': 1, 'Dugtrio': 2, 'Gyarados': 1, 'Tentacruel': 1, 'Kangaskhan': 1, 'Haunter': 1, 'Clefable': 1}"
ninetales87079,[Gen 1] UU,1,0,1,2020-05-26 01:33:37,2020-05-26 01:33:37,,,,"{'Kangaskhan': 1, 'Haunter': 1, 'Dugtrio': 1, 'Persian': 1, 'Hypno': 1, 'Tentacruel': 1}"
ninjask45400,[Gen 1] UU,2,0,2,2022-01-05 03:42:52,2022-01-28 05:08:40,,,,"{'Kadabra': 2, 'Dugtrio': 2, 'Gyarados': 2, 'Hypno': 2, 'Dragonite': 2, 'Tentacruel': 2}"
nknownability39670,[Gen 1] UU,2,0,2,2016-06-06 02:29:47,2016-06-10 03:37:58,1000.0,1026.0,"[1026.0, 1000.0]","{'Kangaskhan': 2, 'Electrode': 2, 'Nidoking': 2, 'Kabutops': 2, 'Machamp': 2, 'Mr. Mime': 2}"
nknownability98885,[Gen 1] UU,2,0,2,2018-12-22 20:06:50,2018-12-22 20:12:26,1000.0,1000.0,[1000.0],"{'Rapidash': 2, 'Aerodactyl': 2, 'Nidoqueen': 2, 'Raichu': 2, 'Beedrill': 2, 'Articuno': 2}"
noability19212,[Gen 1] UU,33,15,18,2021-06-05 20:30:05,2024-05-05 21:28:50,,,,"{'Kadabra': 25, 'Dodrio': 12, 'Articuno': 8, 'Electabuzz': 10, 'Tangela': 5, 'Tentacruel': 19, 'Lapras': 8, 'Kangaskhan': 16, 'Hypno': 12, 'Dragonite': 11, 'Venomoth': 3, 'Charizard': 2, 'Electrode': 5, 'Raticate': 2, 'Clefable': 6, 'Gyarados': 1, 'Ninetales': 4, 'Dugtrio': 15, 'Dewgong': 6, 'Seadra': 1, 'Mr. Mime': 2, 'Blastoise': 1, 'Persian': 9, 'Haunter': 5, 'Wigglytuff': 1, 'Golem': 1, 'Nidoking': 1, 'Raichu': 1}"
noeffect96710,[Gen 1] UU,1,0,1,2020-07-30 23:00:24,2020-07-30 23:00:24,,,,"{'Kangaskhan': 1, 'Kadabra': 1, 'Haunter': 1, 'Dugtrio': 1, 'Hypno': 1, 'Tentacruel': 1}"
noguard699,[Gen 1] UU,1,0,1,2018-12-22 20:42:35,2018-12-22 20:42:35,1000.0,1000.0,[1000.0],"{'Charizard': 1, 'Aerodactyl': 1, 'Pikachu': 1, 'Gyarados': 1, 'Arcanine': 1, 'Dragonite': 1}"
nomelberry12674,[Gen 1] UU,1,0,1,2020-04-22 20:57:40,2020-04-22 20:57:40,,,,"{'Charizard': 1, 'Machamp': 1, 'Muk': 1, 'Arcanine': 1, 'Dragonite': 1, 'Tentacruel': 1}"
nomove25676,[Gen 1] UU,1,0,1,2019-12-09 01:48:40,2019-12-09 01:48:40,,,,"{'Kadabra': 1, 'Haunter': 1, 'Dugtrio': 1, 'Gyarados': 1, 'Hypno': 1, 'Tentacruel': 1}"
nomove47433,[Gen 1] UU,3,3,0,2020-08-17 11:43:19,2020-08-24 12:09:58,,,,"{'Charizard': 2, 'Porygon': 3, 'Kabutops': 2, 'Mr. Mime': 3, 'Venusaur': 3, 'Blastoise': 3, 'Golduck': 1, 'Nidoking': 1}"
nomove62031,[Gen 1] UU,2,1,1,2020-07-08 22:48:16,2020-07-08 23:04:19,,,,"{'Kadabra': 2, 'Dugtrio': 2, 'Persian': 2, 'Gyarados': 2, 'Hypno': 2, 'Tentacruel': 2}"
nosepass31608,[Gen 1] UU,1,0,1,2019-04-23 01:20:58,2019-04-23 01:20:58,,,,"{'Kangaskhan': 1, 'Kadabra': 1, 'Haunter': 1, 'Dugtrio': 1, 'Hypno': 1, 'Tentacruel': 1}"
nostatus68137,[Gen 1] UU,1,1,0,2023-12-04 15:03:32,2023-12-04 15:03:32,1147.0,1147.0,[1147.0],"{'Dugtrio': 1, 'Persian': 1, 'Electabuzz': 1, 'Venusaur': 1, 'Gyarados': 1, 'Tentacruel': 1}"
npowerpsychic44587,[Gen 1] UU,3,1,2,2025-01-03 21:40:34,2025-01-03 21:56:43,,,,"{'Lapras': 3, 'Kangaskhan': 3, 'Kadabra': 2, 'Haunter': 2, 'Golem': 1, 'Hypno': 3, 'Dodrio': 1, 'Dugtrio': 1, 'Raichu': 1, 'Venusaur': 1}"
numel35709,[Gen 1] UU,1,0,1,2016-06-10 16:10:21,2016-06-10 16:10:21,1000.0,1000.0,[1000.0],"{'Charizard': 1, 'Aerodactyl': 1, 'Machamp': 1, 'Gyarados': 1, 'Blastoise': 1, 'Articuno': 1}"
objectobject88865,[Gen 1] UU,2,0,2,2023-12-08 14:32:27,2023-12-24 13:05:55,1000.0,1123.0,"[1000.0, 1123.0]","{'Electabuzz': 1, 'Dodrio': 1, 'Dugtrio': 1, 'Gyarados': 1, 'Dragonite': 1, 'Tentacruel': 1, 'Charizard': 1, 'Kadabra': 1, 'Persian': 1, 'Venusaur': 1, 'Blastoise': 1, 'Articuno': 1}"
oddincense6510,[Gen 1] UU,1,0,1,2020-07-06 21:00:59,2020-07-06 21:00:59,,,,"{'Tentacruel': 1, 'Sandslash': 1, 'Dodrio': 1, 'Hypno': 1, 'Raichu': 1, 'Articuno': 1}"
oddincense72660,[Gen 1] UU,4,1,3,2016-06-25 00:39:55,2016-07-18 22:31:53,1000.0,1386.0,"[1000.0, 1386.0]","{'Moltres': 3, 'Kangaskhan': 1, 'Haunter': 3, 'Persian': 3, 'Raichu': 4, 'Articuno': 1, 'Hypno': 1, 'Dragonite': 2, 'Tentacruel': 2, 'Graveler': 1, 'Venusaur': 1, 'Omastar': 1, 'Dugtrio': 1}"
oldamber37774,[Gen 1] UU,5,3,2,2019-09-10 03:05:08,2020-02-17 10:56:19,,,,"{'Kadabra': 4, 'Haunter': 4, 'Dugtrio': 4, 'Persian': 1, 'Hypno': 4, 'Tentacruel': 4, 'Kangaskhan': 2, 'Machop': 1, 'Staryu': 1, 'Poliwag': 1, 'Psyduck': 1, 'Diglett': 1, 'Abra': 1}"
omastar20158,[Gen 1] UU,1,1,0,2025-04-03 00:30:58,2025-04-03 00:30:58,1109.0,1109.0,[1109.0],"{'Lapras': 1, 'Flareon': 1, 'Electrode': 1, 'Kadabra': 1, 'Dugtrio': 1, 'Tangela': 1}"
omastar73809,[Gen 1] UU,1,0,1,2023-12-07 21:56:59,2023-12-07 21:56:59,1000.0,1000.0,[1000.0],"{'Charizard': 1, 'Electabuzz': 1, 'Flareon': 1, 'Kabutops': 1, 'Victreebel': 1, 'Gyarados': 1}"
onix10077,[Gen 1] UU,2,2,0,2024-04-13 09:34:52,2024-04-13 09:43:13,,,,"{'Kangaskhan': 2, 'Tentacruel': 2, 'Kadabra': 2, 'Dodrio': 2, 'Dugtrio': 2, 'Articuno': 2}"
oranberry61125,[Gen 1] UU,1,0,1,2016-06-03 05:58:43,2016-06-03 05:58:43,1000.0,1000.0,[1000.0],"{'Scyther': 1, 'Electabuzz': 1, 'Nidoking': 1, 'Hitmonlee': 1, 'Gyarados': 1, 'Arcanine': 1}"
outrage23567,[Gen 1] UU,1,0,1,2022-01-09 23:43:10,2022-01-09 23:43:10,,,,"{'Tentacruel': 1, 'Kadabra': 1, 'Dugtrio': 1, 'Persian': 1, 'Hypno': 1, 'Articuno': 1}"
overgrow25982,[Gen 1] UU,1,0,1,2016-06-20 03:13:19,2016-06-20 03:13:19,1000.0,1000.0,[1000.0],"{'Dragonite': 1, 'Articuno': 1}"
overgrow61925,[Gen 1] UU,2,2,0,2019-04-15 15:27:43,2019-04-15 15:38:26,,,,"{'Staryu': 2, 'Vulpix': 1, 'Rhyhorn': 2, 'Meowth': 1, 'Gastly': 1, 'Abra': 2}"
overgrow90675,[Gen 1] UU,1,0,1,2016-06-06 23:26:27,2016-06-06 23:26:27,,,,"{'Voltorb': 1, 'Zubat': 1, 'Weedle': 1, 'Ditto': 1, 'Tentacool': 1, 'Caterpie': 1}"
overheat38851,[Gen 1] UU,1,1,0,2016-06-07 17:23:45,2016-06-07 17:23:45,1122.0,1122.0,[1122.0],"{'Muk': 1, 'Dugtrio': 1, 'Kangaskhan': 1, 'Tentacruel': 1}"
owntempo68370,[Gen 1] UU,2,0,2,2023-12-02 21:43:55,2024-04-01 17:30:37,1012.0,1012.0,[1012.0],"{'Electabuzz': 1, 'Kadabra': 2, 'Kabutops': 1, 'Persian': 1, 'Gyarados': 1, 'Tentacruel': 2, 'Ninetales': 1, 'Magneton': 1, 'Tangela': 1, 'Articuno': 1}"
pachirisu11620,[Gen 1] UU,3,2,1,2023-12-06 21:51:32,2023-12-06 22:16:27,,,,"{'Ninetales': 1, 'Electrode': 1, 'Kadabra': 3, 'Dodrio': 1, 'Dugtrio': 1, 'Persian': 2, 'Kangaskhan': 2, 'Haunter': 2, 'Dewgong': 1, 'Electabuzz': 1, 'Tentacruel': 1, 'Golem': 1, 'Articuno': 1}"
pamtreberry28682,[Gen 1] UU,14,11,3,2025-04-09 21:34:56,2025-04-11 04:55:31,1000.0,1137.0,"[1000.0, 1084.0, 1122.0, 1000.0, 1137.0, 1128.0, 1121.0, 1000.0, 1000.0, 1000.0, 1093.0, 1000.0, 1088.0, 1022.0]","{'Lapras': 13, 'Dugtrio': 10, 'Kangaskhan': 12, 'Haunter': 14, 'Hypno': 12, 'Kadabra': 10}"
par46805,[Gen 1] UU,2,0,2,2025-01-19 21:11:12,2025-01-19 21:20:29,,,,"{'Kangaskhan': 2, 'Kadabra': 2, 'Dugtrio': 2, 'Raichu': 1, 'Dragonite': 2, 'Tentacruel': 2, 'Gyarados': 1}"
parkball33129,[Gen 1] UU,3,1,2,2024-11-14 13:10:02,2024-11-14 13:21:48,,,,"{'Kangaskhan': 3, 'Kadabra': 3, 'Golem': 3, 'Dodrio': 3, 'Dugtrio': 3, 'Vaporeon': 3}"
parkball67953,[Gen 1] UU,1,0,1,2016-06-20 03:55:54,2016-06-20 03:55:54,1000.0,1000.0,[1000.0],"{'Moltres': 1, 'Kadabra': 1, 'Persian': 1, 'Hypno': 1, 'Dragonite': 1, 'Articuno': 1}"
parkball73187,[Gen 1] UU,3,3,0,2018-12-22 20:06:50,2018-12-22 20:42:35,1000.0,1000.0,"[1000.0, 1000.0]","{'Haunter': 3, 'Mr. Mime': 3, 'Kangaskhan': 3, 'Persian': 3, 'Kadabra': 2, 'Victreebel': 1}"
passhoberry66987,[Gen 1] UU,3,3,0,2016-06-20 02:50:22,2016-06-20 03:55:54,1000.0,1000.0,"[1000.0, 1000.0, 1000.0]","{'Dugtrio': 2, 'Haunter': 2, 'Hypno': 3, 'Electabuzz': 1, 'Dragonite': 1, 'Articuno': 1, 'Raichu': 1}"
payback420,[Gen 1] UU,1,1,0,2016-06-02 14:51:48,2016-06-02 14:51:48,1049.0,1049.0,[1049.0],"{'Golduck': 1, 'Kadabra': 1, 'Graveler': 1, 'Dodrio': 1, 'Venusaur': 1}"
payback7723,[Gen 1] UU,1,1,0,2019-07-22 21:12:28,2019-07-22 21:12:28,,,,"{'Kadabra': 1, 'Haunter': 1, 'Dugtrio': 1, 'Hypno': 1, 'Dragonite': 1, 'Tentacruel': 1}"
payday24612,[Gen 1] UU,1,0,1,2016-06-02 20:37:52,2016-06-02 20:37:52,1000.0,1000.0,[1000.0],"{'Tangela': 1, 'Charizard': 1, 'Butterfree': 1, 'Gyarados': 1}"
payday74254,[Gen 1] UU,2,2,0,2019-06-28 03:03:24,2019-06-28 03:10:56,,,,"{'Voltorb': 2, 'Pidgeotto': 2, 'Rhyhorn': 2, 'Koffing': 2, 'Beedrill': 1, 'Hitmonchan': 1}"
payday96167,[Gen 1] UU,3,1,2,2024-01-07 16:07:16,2024-01-07 16:19:10,,,,"{'Kangaskhan': 3, 'Kadabra': 3, 'Haunter': 1, 'Dodrio': 1, 'Dugtrio': 3, 'Articuno': 1, 'Tangela': 2, 'Dragonite': 2, 'Tentacruel': 2}"
pechaberry4883,[Gen 1] UU,1,0,1,2016-07-06 17:22:23,2016-07-06 17:22:23,,,,"{'Charizard': 1, 'Aerodactyl': 1, 'Nidoking': 1, 'Raichu': 1, 'Venusaur': 1, 'Dragonite': 1}"
pelipper48923,[Gen 1] UU,1,1,0,2025-01-02 22:20:18,2025-01-02 22:20:18,,,,"{'Kangaskhan': 1, 'Kadabra': 1, 'Dodrio': 1, 'Dugtrio': 1, 'Dragonite': 1, 'Tentacruel': 1}"
persian10403,[Gen 1] UU,3,1,2,2023-12-06 21:51:32,2023-12-06 22:16:27,,,,"{'Kadabra': 3, 'Haunter': 1, 'Dodrio': 1, 'Persian': 3, 'Dragonite': 3, 'Tentacruel': 3, 'Kangaskhan': 2, 'Electabuzz': 2}"
persian50814,[Gen 1] UU,1,0,1,2016-06-03 01:37:56,2016-06-03 01:37:56,1000.0,1000.0,[1000.0],"{'Ninetales': 1, 'Nidoking': 1, 'Victreebel': 1, 'Articuno': 1, 'Electabuzz': 1, 'Vaporeon': 1}"
persian82999,[Gen 1] UU,1,0,1,2020-04-12 20:24:34,2020-04-12 20:24:34,,,,"{'Venomoth': 1, 'Porygon': 1, 'Nidoking': 1, 'Blastoise': 1, 'Arcanine': 1, 'Slowpoke': 1}"
persian96675,[Gen 1] UU,1,0,1,2020-07-26 18:48:35,2020-07-26 18:48:35,,,,"{'Venomoth': 1, 'Pidgeot': 1, 'Rapidash': 1, 'Dragonair': 1, 'Machamp': 1, 'Blastoise': 1}"
petayaberry81187,[Gen 1] UU,1,1,0,2019-10-08 06:38:48,2019-10-08 06:38:48,,,,"{'Ninetales': 1, 'Omastar': 1, 'Kadabra': 1, 'Dugtrio': 1, 'Clefable': 1, 'Venusaur': 1}"
phanpy1464,[Gen 1] UU,2,0,2,2024-06-19 21:22:19,2024-06-19 21:36:13,,,,"{'Omastar': 1, 'Kadabra': 2, 'Dodrio': 1, 'Dugtrio': 2, 'Dragonite': 1, 'Tentacruel': 2, 'Ninetales': 1, 'Kangaskhan': 1, 'Articuno': 1}"
phione2735,[Gen 1] UU,1,1,0,2020-01-27 11:52:27,2020-01-27 11:52:27,,,,"{'Aerodactyl': 1, 'Haunter': 1, 'Venusaur': 1, 'Blastoise': 1, 'Articuno': 1}"
phione47127,[Gen 1] UU,5,2,3,2021-06-05 20:29:39,2021-06-06 19:15:27,,,,"{'Tentacruel': 5, 'Kadabra': 5, 'Dugtrio': 5, 'Persian': 5, 'Hypno': 5, 'Articuno': 2, 'Vaporeon': 3}"
phione5274,[Gen 1] UU,1,0,1,2016-06-04 17:40:30,2016-06-04 17:40:30,1032.0,1032.0,[1032.0],"{'Golduck': 1, 'Dugtrio': 1, 'Hypno': 1, 'Primeape': 1, 'Venusaur': 1, 'Articuno': 1}"
physical20945,[Gen 1] UU,1,1,0,2019-12-10 00:05:32,2019-12-10 00:05:32,,,,"{'Moltres': 1, 'Venomoth': 1, 'Electrode': 1, 'Kadabra': 1, 'Arbok': 1, 'Tentacruel': 1}"
pidgeot14783,[Gen 1] UU,2,1,1,2021-06-05 02:02:56,2021-06-05 02:11:02,,,,"{'Electabuzz': 2, 'Kadabra': 1, 'Dugtrio': 2, 'Hypno': 2, 'Dragonite': 1, 'Tentacruel': 2, 'Aerodactyl': 1, 'Dewgong': 1}"
pidgeotto55239,[Gen 1] UU,3,2,1,2019-08-13 01:33:03,2019-08-27 01:46:57,,,,"{'Kangaskhan': 3, 'Kadabra': 3, 'Persian': 3, 'Hypno': 3, 'Gyarados': 3, 'Tentacruel': 3}"
pidgeotto86235,[Gen 1] UU,2,0,2,2020-01-21 03:33:37,2020-03-17 02:21:08,,,,"{'Tentacruel': 2, 'Dugtrio': 1, 'Gyarados': 1, 'Hypno': 2, 'Dragonite': 2, 'Articuno': 1, 'Omastar': 1, 'Kadabra': 1, 'Tangela': 1}"
pidgeotto9909,[Gen 1] UU,1,0,1,2017-12-14 20:51:45,2017-12-14 20:51:45,1000.0,1000.0,[1000.0],"{'Ninetales': 1, 'Dugtrio': 1, 'Victreebel': 1, 'Persian': 1, 'Hypno': 1, 'Vaporeon': 1}"
pidgey79580,[Gen 1] UU,1,1,0,2020-01-04 06:24:30,2020-01-04 06:24:30,,,,"{'Tentacruel': 1, 'Arbok': 1, 'Arcanine': 1, 'Raichu': 1, 'Dragonite': 1, 'Articuno': 1}"
pikachu49198,[Gen 1] UU,1,0,1,2019-12-22 20:11:47,2019-12-22 20:11:47,,,,"{'Venomoth': 1, 'Porygon': 1, 'Omastar': 1, 'Nidoking': 1, 'Slowpoke': 1, 'Tangela': 1}"
pikachu9010,[Gen 1] UU,1,1,0,2019-10-26 12:58:26,2019-10-26 12:58:26,,,,"{'Kangaskhan': 1, 'Omastar': 1, 'Haunter': 1, 'Dodrio': 1, 'Persian': 1, 'Raichu': 1}"
pinkbow46650,[Gen 1] UU,1,0,1,2016-06-12 20:11:36,2016-06-12 20:11:36,1000.0,1000.0,[1000.0],"{'Arcanine': 1, 'Butterfree': 1}"
pinmissile14901,[Gen 1] UU,1,1,0,2024-03-25 03:44:53,2024-03-25 03:44:53,,,,"{'Moltres': 1, 'Kadabra': 1, 'Golem': 1, 'Persian': 1, 'Electabuzz': 1, 'Articuno': 1}"
pinmissile61346,[Gen 1] UU,2,0,2,2020-07-29 14:16:25,2020-07-29 14:27:51,,,,"{'Raichu': 1, 'Charizard': 1, 'Squirtle': 1, 'Pikachu': 1}"
piplup76065,[Gen 1] UU,1,1,0,2019-09-11 02:29:15,2019-09-11 02:29:15,,,,"{'Charizard': 1, 'Venusaur': 1, 'Dewgong': 1, 'Hypno': 1, 'Beedrill': 1, 'Blastoise': 1}"
pluck61485,[Gen 1] UU,3,0,3,2016-07-10 10:29:00,2016-07-16 09:25:11,1039.0,1203.0,"[1039.0, 1053.0, 1203.0]","{'Electrode': 1, 'Persian': 2, 'Clefable': 1, 'Tangela': 1, 'Hypno': 2, 'Vaporeon': 1, 'Scyther': 1, 'Omastar': 2, 'Nidoking': 1, 'Muk': 1, 'Raichu': 2, 'Dragonite': 1, 'Kangaskhan': 1, 'Sandslash': 1}"
plus53686,[Gen 1] UU,1,1,0,2025-04-02 03:28:57,2025-04-02 03:28:57,1114.0,1114.0,[1114.0],"{'Venomoth': 1, 'Kangaskhan': 1, 'Electrode': 1, 'Hypno': 1, 'Dragonite': 1, 'Tentacruel': 1}"
plusle25129,[Gen 1] UU,1,1,0,2019-11-24 20:56:24,2019-11-24 20:56:24,,,,"{'Seadra': 1, 'Electrode': 1, 'Dragonair': 1, 'Arbok': 1, 'Drowzee': 1, 'Gastly': 1}"
poison8509,[Gen 1] UU,1,0,1,2019-12-06 21:03:45,2019-12-06 21:03:45,,,,"{'Kadabra': 1, 'Haunter': 1, 'Dugtrio': 1, 'Persian': 1, 'Hypno': 1, 'Articuno': 1}"
poisonfang34315,[Gen 1] UU,1,0,1,2020-05-07 21:14:53,2020-05-07 21:14:53,,,,"{'Kadabra': 1, 'Golem': 1, 'Dugtrio': 1, 'Hypno': 1, 'Gyarados': 1, 'Tentacruel': 1}"
poisongas8357,[Gen 1] UU,3,1,2,2021-12-05 20:15:24,2021-12-05 20:38:30,,,,"{'Kadabra': 2, 'Dugtrio': 2, 'Persian': 2, 'Hypno': 3, 'Articuno': 1, 'Tentacruel': 3, 'Aerodactyl': 1, 'Vaporeon': 1, 'Omastar': 1, 'Gyarados': 1, 'Dragonite': 1}"
poisonheal20922,[Gen 1] UU,1,0,1,2023-12-20 00:40:11,2023-12-20 00:40:11,,,,"{'Kangaskhan': 1, 'Kadabra': 1, 'Dugtrio': 1, 'Dewgong': 1, 'Electabuzz': 1, 'Tentacruel': 1}"
poisonjab10524,[Gen 1] UU,2,2,0,2023-07-12 20:26:41,2023-07-12 20:29:51,,,,"{'Kadabra': 2, 'Dragonite': 2, 'Articuno': 2, 'Clefable': 1, 'Kangaskhan': 1, 'Golem': 1, 'Persian': 1}"
poisonjab34843,[Gen 1] UU,1,0,1,2018-12-03 19:54:58,2018-12-03 19:54:58,1000.0,1000.0,[1000.0],"{'Charizard': 1, 'Aerodactyl': 1, 'Exeggcute': 1, 'Machamp': 1, 'Electabuzz': 1, 'Gyarados': 1}"
poisonpowder88566,[Gen 1] UU,152,99,53,2023-12-02 15:51:16,2025-05-15 00:36:36,1000.0,1203.0,"[1000.0, 1117.0, 1100.0, 1095.0, 1091.0, 1062.0, 1123.0, 1147.0, 1183.0, 1203.0, 1150.0]","{'Kangaskhan': 72, 'Kadabra': 100, 'Drowzee': 4, 'Persian': 53, 'Gyarados': 35, 'Tentacruel': 85, 'Moltres': 10, 'Lapras': 26, 'Hypno': 26, 'Dragonite': 34, 'Vaporeon': 21, 'Dodrio': 68, 'Dugtrio': 72, 'Venomoth': 7, 'Slowbro': 5, 'Nidoking': 7, 'Aerodactyl': 14, 'Electabuzz': 19, 'Tangela': 31, 'Golem': 24, 'Dewgong': 12, 'Clefable': 23, 'Ninetales': 10, 'Haunter': 29, 'Articuno': 21, 'Rapidash': 14, 'Omastar': 6, 'Electrode': 20, 'Raichu': 15, 'Charizard': 5, 'Raticate': 1, 'Pinsir': 1, 'Flareon': 1, 'Dragonair': 1, 'Jolteon': 1}"
poisonsting4346,[Gen 1] UU,4,2,2,2018-12-05 04:36:49,2018-12-30 18:40:07,1000.0,1129.0,"[1129.0, 1000.0, 1070.0]","{'Kadabra': 4, 'Haunter': 3, 'Dugtrio': 4, 'Gyarados': 3, 'Hypno': 3, 'Tentacruel': 4, 'Persian': 1, 'Raichu': 1, 'Dragonite': 1}"
poisonsting82604,[Gen 1] UU,3,3,0,2016-07-10 16:53:35,2016-07-13 05:36:50,1000.0,1057.0,"[1000.0, 1057.0, 1000.0]","{'Venusaur': 3, 'Charizard': 3, 'Articuno': 3, 'Hypno': 2, 'Dragonite': 2}"
poisontail20211,[Gen 1] UU,1,0,1,2025-04-02 19:41:00,2025-04-02 19:41:00,1000.0,1000.0,[1000.0],"{'Tangela': 1, 'Staryu': 1}"
pokeball93341,[Gen 1] UU,1,0,1,2025-04-02 02:17:41,2025-04-02 02:17:41,1000.0,1000.0,[1000.0],"{'Clefable': 1, 'Electrode': 1, 'Dugtrio': 1, 'Gyarados': 1, 'Dragonite': 1, 'Vaporeon': 1}"
poliwag79956,[Gen 1] UU,4,1,3,2020-02-10 21:38:22,2020-06-22 21:01:26,,,,"{'Golem': 3, 'Mr. Mime': 2, 'Articuno': 2, 'Clefable': 2, 'Venusaur': 2, 'Tentacruel': 1, 'Haunter': 1, 'Persian': 1, 'Hypno': 1, 'Raichu': 1, 'Vaporeon': 1, 'Rhyhorn': 1, 'Exeggcute': 1, 'Pikachu': 1, 'Bulbasaur': 1, 'Gastly': 1, 'Abra': 1}"
polkadotbow22576,[Gen 1] UU,1,0,1,2020-02-24 01:31:58,2020-02-24 01:31:58,,,,"{'Tentacruel': 1, 'Omastar': 1, 'Kadabra': 1, 'Electabuzz': 1, 'Hypno': 1, 'Dragonite': 1}"
ponyta53394,[Gen 1] UU,13,7,6,2024-04-28 18:08:11,2025-01-31 21:21:10,,,,"{'Lapras': 6, 'Ninetales': 6, 'Kangaskhan': 9, 'Slowbro': 4, 'Golem': 2, 'Hypno': 7, 'Jolteon': 3, 'Venomoth': 2, 'Dodrio': 5, 'Kadabra': 9, 'Tangela': 2, 'Haunter': 3, 'Tentacruel': 5, 'Dugtrio': 5, 'Gyarados': 2, 'Dragonite': 1, 'Dewgong': 2, 'Omastar': 1}"
porygon231709,[Gen 1] UU,1,0,1,2016-06-10 02:54:55,2016-06-10 02:54:55,1000.0,1000.0,[1000.0],"{'Dugtrio': 1, 'Clefable': 1, 'Raichu': 1, 'Magmar': 1, 'Dragonite': 1, 'Blastoise': 1}"
porygon234928,[Gen 1] UU,1,0,1,2025-04-12 22:14:45,2025-04-12 22:14:45,1000.0,1000.0,[1000.0],"{'Kadabra': 1, 'Haunter': 1}"
porygon29702,[Gen 1] UU,1,1,0,2018-12-01 20:34:05,2018-12-01 20:34:05,,,,"{'Moltres': 1, 'Kangaskhan': 1, 'Sandslash': 1, 'Kadabra': 1, 'Venusaur': 1, 'Vaporeon': 1}"
porygon33738,[Gen 1] UU,1,1,0,2019-06-19 01:30:17,2019-06-19 01:30:17,,,,"{'Persian': 1, 'Bulbasaur': 1, 'Haunter': 1}"
porygon69518,[Gen 1] UU,2,1,1,2020-04-22 20:57:40,2020-04-23 00:11:47,,,,"{'Scyther': 2, 'Rapidash': 2, 'Electrode': 2, 'Persian': 2, 'Dragonite': 2, 'Venusaur': 1}"
porygon9760,[Gen 1] UU,2,2,0,2024-05-11 18:30:41,2024-05-11 18:46:56,,,,"{'Kangaskhan': 2, 'Tentacruel': 1, 'Electrode': 1, 'Kadabra': 2, 'Dodrio': 1, 'Articuno': 2, 'Gyarados': 1}"
poweranklet27234,[Gen 1] UU,1,0,1,2019-09-11 02:29:15,2019-09-11 02:29:15,,,,"{'Aerodactyl': 1, 'Nidoking': 1, 'Haunter': 1, 'Poliwrath': 1, 'Arcanine': 1, 'Golbat': 1}"
poweranklet31553,[Gen 1] UU,1,0,1,2019-12-24 03:25:05,2019-12-24 03:25:05,,,,"{'Charizard': 1, 'Nidoking': 1, 'Golem': 1, 'Venusaur': 1, 'Dragonite': 1, 'Blastoise': 1}"
powerband65989,[Gen 1] UU,3,2,1,2024-08-11 20:44:27,2024-08-11 21:19:41,,,,"{'Kangaskhan': 3, 'Kadabra': 3, 'Dugtrio': 1, 'Persian': 1, 'Dragonite': 3, 'Tentacruel': 2, 'Dodrio': 1, 'Clefable': 1, 'Haunter': 1, 'Golem': 1}"
powerbracer46131,[Gen 1] UU,2,1,1,2025-03-11 01:38:27,2025-03-11 02:03:11,,,,"{'Moltres': 2, 'Kadabra': 1, 'Golem': 1, 'Persian': 1, 'Clefable': 2, 'Vaporeon': 1, 'Kangaskhan': 1, 'Haunter': 1, 'Dugtrio': 1, 'Gyarados': 1}"
powerbracer5541,[Gen 1] UU,1,0,1,2019-11-24 11:16:46,2019-11-24 11:16:46,,,,"{'Venomoth': 1, 'Porygon': 1, 'Rapidash': 1, 'Omastar': 1, 'Nidoking': 1, 'Tangela': 1}"
powerfighting66185,[Gen 1] UU,1,1,0,2016-07-28 09:30:43,2016-07-28 09:30:43,,,,"{'Dragonair': 1, 'Hitmonchan': 1, 'Dugtrio': 1, 'Clefable': 1, 'Arcanine': 1, 'Blastoise': 1}"
powergem70339,[Gen 1] UU,2,2,0,2020-03-17 02:14:18,2020-03-17 02:21:08,,,,"{'Kangaskhan': 2, 'Kadabra': 2, 'Persian': 1, 'Gyarados': 2, 'Hypno': 2, 'Tentacruel': 2}"
powerherb16934,[Gen 1] UU,50,25,25,2017-12-19 23:46:39,2025-05-24 16:19:51,,,,"{'Kangaskhan': 32, 'Kadabra': 38, 'Dodrio': 7, 'Electabuzz': 8, 'Dragonite': 19, 'Tentacruel': 34, 'Dugtrio': 24, 'Articuno': 19, 'Raichu': 3, 'Lapras': 16, 'Persian': 20, 'Hypno': 34, 'Tangela': 1, 'Haunter': 8, 'Clefable': 6, 'Gyarados': 4, 'Venomoth': 1, 'Venusaur': 2, 'Dewgong': 4, 'Victreebel': 1, 'Moltres': 2, 'Golem': 1, 'Vaporeon': 3, 'Electrode': 2, 'Aerodactyl': 1, 'Ninetales': 1}"
powerlens25718,[Gen 1] UU,1,0,1,2018-12-30 07:36:51,2018-12-30 07:36:51,,,,"{'Electabuzz': 1, 'Omastar': 1, 'Kadabra': 1, 'Hypno': 1, 'Dragonite': 1, 'Tentacruel': 1}"
powerlens28906,[Gen 1] UU,3,1,2,2024-04-24 20:22:54,2024-04-24 20:44:24,,,,"{'Kangaskhan': 3, 'Tentacruel': 3, 'Dodrio': 3, 'Persian': 2, 'Arcanine': 1, 'Articuno': 2, 'Kadabra': 2, 'Electabuzz': 1}"
present11303,[Gen 1] UU,15,4,11,2020-08-19 19:12:31,2023-12-29 18:45:01,1000.0,1110.0,"[1000.0, 1000.0, 1039.0, 1000.0, 1110.0, 1052.0, 1054.0, 1025.0, 1067.0]","{'Kangaskhan': 2, 'Tentacruel': 4, 'Kadabra': 12, 'Haunter': 11, 'Dugtrio': 13, 'Articuno': 4, 'Omastar': 5, 'Electabuzz': 8, 'Tangela': 6, 'Dodrio': 2, 'Dewgong': 5, 'Gyarados': 3, 'Charizard': 2, 'Kabutops': 2, 'Mr. Mime': 2, 'Clefable': 3, 'Venusaur': 2, 'Blastoise': 1, 'Electrode': 1, 'Raichu': 1, 'Porygon': 1}"
present61448,[Gen 1] UU,1,0,1,2016-07-11 15:13:54,2016-07-11 15:13:54,1000.0,1000.0,[1000.0],"{'Moltres': 1, 'Charizard': 1, 'Aerodactyl': 1, 'Nidoking': 1, 'Kabutops': 1, 'Beedrill': 1}"
present95340,[Gen 1] UU,1,0,1,2025-04-11 04:44:48,2025-04-11 04:44:48,1088.0,1088.0,[1088.0],"{'Electrode': 1, 'Haunter': 1, 'Golem': 1, 'Dodrio': 1, 'Dewgong': 1, 'Hypno': 1}"
probopass16431,[Gen 1] UU,1,1,0,2025-04-05 17:43:54,2025-04-05 17:43:54,,,,"{'Lapras': 1, 'Kangaskhan': 1, 'Electrode': 1, 'Golem': 1, 'Gyarados': 1, 'Dragonite': 1}"
probopass53323,[Gen 1] UU,2,2,0,2016-06-06 04:17:30,2016-06-06 19:04:16,1027.0,1071.0,"[1027.0, 1071.0]","{'Kangaskhan': 2, 'Dugtrio': 2, 'Hypno': 2, 'Raichu': 2, 'Gyarados': 2, 'Articuno': 2}"
protean22901,[Gen 1] UU,1,1,0,2020-08-18 17:16:33,2020-08-18 17:16:33,,,,"{'Sandslash': 1, 'Electrode': 1, 'Rapidash': 1}"
protect88574,[Gen 1] UU,1,0,1,2019-12-05 19:09:09,2019-12-05 19:09:09,,,,"{'Omastar': 1, 'Kadabra': 1, 'Hypno': 1, 'Tangela': 1, 'Dragonite': 1, 'Tentacruel': 1}"
psn38480,[Gen 1] UU,16,8,8,2016-06-01 18:43:25,2024-08-25 20:40:39,1000.0,1150.0,"[1000.0, 1150.0]","{'Kangaskhan': 4, 'Kadabra': 7, 'Golem': 3, 'Dodrio': 2, 'Dugtrio': 1, 'Tentacruel': 7, 'Venomoth': 4, 'Porygon': 4, 'Rapidash': 3, 'Nidoking': 4, 'Weepinbell': 1, 'Slowpoke': 4, 'Moltres': 6, 'Charizard': 3, 'Exeggcute': 3, 'Kabutops': 2, 'Poliwhirl': 2, 'Venusaur': 5, 'Articuno': 1, 'Hypno': 4, 'Blastoise': 4, 'Dragonair': 2, 'Staryu': 3, 'Raichu': 3, 'Omastar': 1, 'Haunter': 1, 'Dragonite': 1, 'Seadra': 1, 'Wigglytuff': 1, 'Clefable': 1, 'Arcanine': 2}"
psn69403,[Gen 1] UU,3,2,1,2023-02-11 02:37:36,2023-02-11 02:49:19,,,,"{'Lapras': 3, 'Kangaskhan': 2, 'Kadabra': 2, 'Dugtrio': 3, 'Hypno': 3, 'Dragonite': 2, 'Gyarados': 1, 'Tentacruel': 1}"
psn72345,[Gen 1] UU,3,2,1,2024-05-10 15:57:32,2024-05-10 16:20:49,,,,"{'Kadabra': 3, 'Haunter': 1, 'Dugtrio': 2, 'Electabuzz': 2, 'Tentacruel': 3, 'Dodrio': 1, 'Articuno': 2, 'Tangela': 1, 'Clefable': 1, 'Gyarados': 1}"
psn97555,[Gen 1] UU,1,1,0,2019-07-28 03:37:58,2019-07-28 03:37:58,,,,"{'Flareon': 1, 'Kabutops': 1, 'Muk': 1, 'Raichu': 1, 'Articuno': 1}"
psncureberry16761,[Gen 1] UU,14,12,2,2024-06-11 03:07:46,2024-06-11 09:13:30,,,,"{'Flareon': 12, 'Electrode': 14, 'Kadabra': 13, 'Dugtrio': 13, 'Tangela': 14, 'Tentacruel': 14}"
psybeam14379,[Gen 1] UU,2,1,1,2016-06-02 16:39:06,2016-06-02 18:31:45,1000.0,1069.0,"[1000.0, 1069.0]","{'Sandslash': 2, 'Haunter': 2, 'Hypno': 2, 'Dragonite': 2, 'Vaporeon': 2, 'Moltres': 1}"
psychic7880,[Gen 1] UU,1,0,1,2017-12-13 21:23:17,2017-12-13 21:23:17,,,,"{'Kadabra': 1, 'Dugtrio': 1, 'Articuno': 1, 'Electabuzz': 1, 'Hypno': 1, 'Tentacruel': 1}"
psychoboost81606,[Gen 1] UU,1,1,0,2023-12-20 20:34:11,2023-12-20 20:34:11,1000.0,1000.0,[1000.0],{'Kadabra': 1}
psychocut31205,[Gen 1] UU,3,1,2,2025-01-18 15:04:09,2025-01-18 15:32:02,,,,"{'Kangaskhan': 3, 'Kadabra': 3, 'Dewgong': 1, 'Dugtrio': 2, 'Raichu': 2, 'Dragonite': 2, 'Omastar': 2, 'Clefable': 1, 'Ninetales': 1, 'Gyarados': 1}"
psychocut38985,[Gen 1] UU,1,0,1,2019-09-02 20:11:28,2019-09-02 20:11:28,,,,"{'Electrode': 1, 'Machamp': 1, 'Gyarados': 1, 'Arcanine': 1, 'Venusaur': 1, 'Articuno': 1}"
psychocut49229,[Gen 1] UU,1,0,1,2023-12-14 00:38:19,2023-12-14 00:38:19,1000.0,1000.0,[1000.0],"{'Aerodactyl': 1, 'Haunter': 1, 'Articuno': 1, 'Electabuzz': 1, 'Venusaur': 1, 'Tentacruel': 1}"
psychoshift46912,[Gen 1] UU,2,0,2,2025-01-20 01:02:50,2025-01-20 01:08:19,,,,"{'Kangaskhan': 1, 'Kadabra': 2, 'Dodrio': 1, 'Dewgong': 1, 'Dugtrio': 2, 'Tentacruel': 2, 'Haunter': 1, 'Articuno': 1, 'Dragonite': 1}"
psyduck53369,[Gen 1] UU,2,0,2,2018-12-24 16:11:31,2019-08-18 14:22:33,,,,"{'Moltres': 2, 'Golduck': 2, 'Pinsir': 2, 'Hypno': 2, 'Raichu': 2, 'Kangaskhan': 1}"
psyduck92641,[Gen 1] UU,1,0,1,2019-12-12 15:52:14,2019-12-12 15:52:14,,,,"{'Nidoking': 1, 'Kadabra': 1, 'Dodrio': 1, 'Golem': 1, 'Gyarados': 1, 'Dragonite': 1}"
psywave71022,[Gen 1] UU,1,0,1,2020-08-03 11:22:48,2020-08-03 11:22:48,,,,"{'Venomoth': 1, 'Staryu': 1, 'Porygon': 1, 'Magneton': 1, 'Nidoking': 1, 'Slowpoke': 1}"
psywave98107,[Gen 1] UU,1,1,0,2024-01-02 23:51:23,2024-01-02 23:51:23,,,,"{'Kadabra': 1, 'Dodrio': 1, 'Dewgong': 1, 'Articuno': 1, 'Electabuzz': 1, 'Tentacruel': 1}"
punishment21062,[Gen 1] UU,2,0,2,2019-12-09 23:41:18,2019-12-10 17:48:30,,,,"{'Onix': 1, 'Lickitung': 1, 'Raichu': 1, 'Dragonite': 2, 'Blastoise': 1, 'Articuno': 1, 'Seadra': 1, 'Kadabra': 1, 'Poliwrath': 1, 'Golem': 1, 'Tentacruel': 1}"
punishment38172,[Gen 1] UU,17,5,12,2024-03-10 03:30:51,2025-04-02 00:37:04,1000.0,1105.0,"[1061.0, 1000.0, 1105.0]","{'Kadabra': 13, 'Golem': 4, 'Persian': 3, 'Gyarados': 3, 'Tangela': 7, 'Tentacruel': 14, 'Omastar': 1, 'Haunter': 4, 'Dugtrio': 12, 'Articuno': 6, 'Raichu': 2, 'Kangaskhan': 8, 'Aerodactyl': 1, 'Dodrio': 3, 'Clefable': 2, 'Dragonite': 4, 'Electrode': 4, 'Dewgong': 2, 'Lapras': 3, 'Electabuzz': 2, 'Hypno': 3}"
punishment74387,[Gen 1] UU,1,0,1,2020-06-01 07:16:42,2020-06-01 07:16:42,,,,"{'Pidgeotto': 1, 'Machoke': 1, 'Ivysaur': 1, 'Charmeleon': 1, 'Magnemite': 1, 'Abra': 1}"
pupitar29504,[Gen 1] UU,1,0,1,2018-12-06 08:27:43,2018-12-06 08:27:43,,,,"{'Kangaskhan': 1, 'Dugtrio': 1, 'Hypno': 1, 'Tangela': 1, 'Dragonite': 1, 'Tentacruel': 1}"
pupitar56956,[Gen 1] UU,9,5,4,2023-05-26 23:31:35,2023-07-22 01:54:27,,,,"{'Omastar': 1, 'Electrode': 3, 'Kadabra': 8, 'Electabuzz': 1, 'Raichu': 2, 'Dragonite': 7, 'Kangaskhan': 6, 'Dugtrio': 2, 'Persian': 7, 'Tentacruel': 4, 'Clefable': 1, 'Articuno': 3, 'Dewgong': 5, 'Dodrio': 1}"
pursuit61045,[Gen 1] UU,1,1,0,2019-10-22 02:18:26,2019-10-22 02:18:26,,,,"{'Kangaskhan': 1, 'Kadabra': 1, 'Haunter': 1, 'Dugtrio': 1, 'Hypno': 1, 'Tentacruel': 1}"
purugly15192,[Gen 1] UU,7,1,6,2025-04-02 19:42:37,2025-04-11 04:20:33,1096.0,1201.0,"[1201.0, 1096.0, 1113.0, 1109.0, 1114.0, 1118.0]","{'Lapras': 7, 'Persian': 6, 'Clefable': 7, 'Raichu': 5, 'Hypno': 7, 'Tentacruel': 5, 'Electabuzz': 2, 'Pinsir': 1, 'Gyarados': 1}"
quagsire52408,[Gen 1] UU,35,15,20,2022-04-17 13:50:49,2025-02-02 01:18:05,,,,"{'Kangaskhan': 22, 'Kadabra': 18, 'Dugtrio': 12, 'Gyarados': 6, 'Dragonite': 9, 'Tentacruel': 22, 'Lapras': 8, 'Jolteon': 5, 'Slowbro': 7, 'Nidoking': 3, 'Hypno': 27, 'Articuno': 10, 'Omastar': 1, 'Persian': 21, 'Dodrio': 12, 'Dewgong': 7, 'Golem': 4, 'Haunter': 4, 'Poliwrath': 2, 'Electabuzz': 1, 'Sandslash': 1, 'Vaporeon': 1, 'Raichu': 3, 'Venusaur': 1, 'Aerodactyl': 1, 'Blastoise': 1}"
quagsire70226,[Gen 1] UU,2,0,2,2024-05-13 19:09:46,2024-05-13 19:22:46,,,,"{'Kangaskhan': 2, 'Kadabra': 2, 'Dodrio': 1, 'Dewgong': 1, 'Dugtrio': 2, 'Clefable': 2, 'Electrode': 1, 'Tentacruel': 1}"
quagsire7497,[Gen 1] UU,1,0,1,2025-04-12 17:09:44,2025-04-12 17:09:44,1032.0,1032.0,[1032.0],"{'Lapras': 1, 'Golem': 1, 'Hypno': 1, 'Tangela': 1, 'Dragonite': 1}"
quagsire94479,[Gen 1] UU,2,0,2,2024-08-11 22:29:43,2024-11-03 22:05:36,,,,"{'Kadabra': 2, 'Haunter': 1, 'Golem': 1, 'Electabuzz': 2, 'Dragonite': 2, 'Tentacruel': 2, 'Kangaskhan': 1, 'Clefable': 1}"
quickattack41772,[Gen 1] UU,1,0,1,2020-06-23 01:59:32,2020-06-23 01:59:32,,,,"{'Electabuzz': 1, 'Kangaskhan': 1, 'Haunter': 1, 'Golem': 1, 'Hypno': 1, 'Tentacruel': 1}"
quickclaw43652,[Gen 1] UU,9,4,5,2023-03-26 01:22:26,2023-05-26 21:14:47,,,,"{'Lapras': 7, 'Kangaskhan': 4, 'Dodrio': 1, 'Hypno': 7, 'Tentacruel': 5, 'Omastar': 1, 'Kadabra': 4, 'Persian': 4, 'Articuno': 2, 'Dugtrio': 4, 'Golem': 4, 'Electabuzz': 1, 'Dragonite': 4, 'Mr. Mime': 1, 'Victreebel': 1, 'Clefable': 1, 'Dewgong': 1, 'Gyarados': 1}"
quickclaw83695,[Gen 1] UU,18,6,12,2023-12-22 21:08:14,2024-08-11 15:53:59,,,,"{'Kadabra': 18, 'Haunter': 6, 'Dewgong': 7, 'Persian': 2, 'Electabuzz': 3, 'Ninetales': 2, 'Kangaskhan': 13, 'Dugtrio': 12, 'Articuno': 8, 'Tentacruel': 8, 'Omastar': 1, 'Dodrio': 12, 'Dragonite': 5, 'Golem': 3, 'Gyarados': 1, 'Moltres': 1, 'Electrode': 2, 'Tangela': 1}"
quickfeet79670,[Gen 1] UU,1,0,1,2016-06-03 18:59:32,2016-06-03 18:59:32,1032.0,1032.0,[1032.0],"{'Moltres': 1, 'Haunter': 1, 'Hypno': 1, 'Raichu': 1, 'Dragonite': 1, 'Articuno': 1}"
quickpowder52632,[Gen 1] UU,3,2,1,2023-12-06 18:42:38,2023-12-07 19:21:30,1000.0,1082.0,"[1000.0, 1082.0, 1048.0]","{'Kadabra': 3, 'Kangaskhan': 3, 'Poliwrath': 2, 'Tentacruel': 3, 'Dugtrio': 2, 'Electabuzz': 2}"
quilava48367,[Gen 1] UU,4,3,1,2019-12-13 18:08:37,2019-12-15 18:48:02,1000.0,1000.0,[1000.0],"{'Hypno': 4, 'Omastar': 3, 'Electabuzz': 2, 'Venusaur': 3, 'Dragonite': 2, 'Dodrio': 2, 'Arcanine': 1, 'Tentacruel': 1}"
quilava74965,[Gen 1] UU,1,0,1,2024-10-04 05:30:37,2024-10-04 05:30:37,,,,"{'Kangaskhan': 1, 'Kadabra': 1, 'Haunter': 1, 'Dugtrio': 1, 'Gyarados': 1, 'Tentacruel': 1}"
quilava96966,[Gen 1] UU,3,2,1,2024-04-19 20:08:49,2024-04-19 20:20:26,,,,"{'Kadabra': 3, 'Haunter': 1, 'Golem': 1, 'Dodrio': 2, 'Articuno': 1, 'Tentacruel': 3, 'Kangaskhan': 2, 'Dugtrio': 1, 'Clefable': 1, 'Tangela': 2}"
quilava99512,[Gen 1] UU,5,3,2,2019-05-05 19:20:55,2020-05-31 10:43:25,,,,"{'Doduo': 2, 'Staryu': 2, 'Exeggcute': 2, 'Drowzee': 2, 'Gastly': 2, 'Abra': 2, 'Kadabra': 1, 'Kangaskhan': 1, 'Articuno': 1, 'Hypno': 1, 'Venomoth': 2, 'Omastar': 1, 'Nidoking': 2, 'Slowpoke': 2, 'Tangela': 1, 'Porygon': 1, 'Rapidash': 1, 'Blastoise': 1}"
qwilfish42899,[Gen 1] UU,2,1,1,2023-12-12 17:13:31,2023-12-18 01:57:56,1090.0,1240.0,"[1090.0, 1240.0]","{'Dodrio': 2, 'Golem': 2, 'Dewgong': 2, 'Raichu': 2, 'Tangela': 2, 'Kadabra': 1}"
rabutaberry34327,[Gen 1] UU,1,1,0,2017-12-02 17:01:52,2017-12-02 17:01:52,,,,"{'Nidoking': 1, 'Graveler': 1, 'Haunter': 1, 'Persian': 1, 'Hypno': 1, 'Dragonite': 1}"
rage81487,[Gen 1] UU,3,1,2,2020-02-02 23:05:21,2020-07-26 17:20:56,,,,"{'Exeggcute': 1, 'Poliwhirl': 1, 'Mr. Mime': 1, 'Dugtrio': 1, 'Electabuzz': 1, 'Vaporeon': 1, 'Venomoth': 1, 'Porygon': 1, 'Nidoking': 1, 'Slowpoke': 2, 'Blastoise': 1, 'Staryu': 1, 'Venonat': 1, 'Geodude': 1, 'Gastly': 1, 'Abra': 1}"
raichu28873,[Gen 1] UU,1,1,0,2016-07-14 19:20:49,2016-07-14 19:20:49,,,,"{'Butterfree': 1, 'Kangaskhan': 1, 'Nidoking': 1, 'Dewgong': 1, 'Electabuzz': 1, 'Arcanine': 1}"
raichu57375,[Gen 1] UU,1,1,0,2020-04-13 10:49:37,2020-04-13 10:49:37,,,,"{'Electabuzz': 1, 'Omastar': 1, 'Kadabra': 1, 'Hypno': 1, 'Dragonite': 1, 'Tentacruel': 1}"
raindish57388,[Gen 1] UU,1,0,1,2019-03-03 13:00:30,2019-03-03 13:00:30,,,,"{'Golduck': 1, 'Nidoking': 1, 'Kadabra': 1, 'Graveler': 1, 'Persian': 1, 'Gyarados': 1}"
raindish79906,[Gen 1] UU,8,1,7,2024-11-19 04:43:01,2024-11-21 02:59:45,,,,"{'Kangaskhan': 8, 'Kadabra': 8, 'Dodrio': 7, 'Dugtrio': 7, 'Tangela': 1, 'Tentacruel': 6, 'Clefable': 2, 'Golem': 3, 'Vaporeon': 1, 'Electabuzz': 1, 'Gyarados': 1, 'Dewgong': 1, 'Dragonite': 1}"
ralts27280,[Gen 1] UU,2,2,0,2024-11-20 01:26:50,2024-11-20 01:37:40,,,,"{'Arcanine': 2, 'Dugtrio': 2, 'Dragonite': 2, 'Kadabra': 2, 'Kangaskhan': 1, 'Tentacruel': 1}"
rapidash84497,[Gen 1] UU,1,0,1,2023-12-03 15:48:22,2023-12-03 15:48:22,1000.0,1000.0,[1000.0],"{'Omastar': 1, 'Kadabra': 1, 'Dugtrio': 1, 'Raichu': 1, 'Articuno': 1}"
rattata90247,[Gen 1] UU,7,3,4,2025-01-11 21:05:47,2025-02-06 17:21:39,,,,"{'Kangaskhan': 7, 'Omastar': 2, 'Kadabra': 7, 'Persian': 3, 'Gyarados': 4, 'Dugtrio': 4, 'Dewgong': 3, 'Raichu': 3, 'Tangela': 3, 'Haunter': 2, 'Golem': 2}"
razzberry64813,[Gen 1] UU,1,1,0,2024-11-03 00:07:19,2024-11-03 00:07:19,,,,"{'Kangaskhan': 1, 'Kadabra': 1, 'Dodrio': 1, 'Dewgong': 1, 'Dugtrio': 1, 'Tentacruel': 1}"
rceuselectric48725,[Gen 1] UU,1,1,0,2019-07-18 15:46:40,2019-07-18 15:46:40,,,,"{'Kadabra': 1, 'Dugtrio': 1, 'Hypno': 1, 'Dragonite': 1, 'Tentacruel': 1}"
reckless1436,[Gen 1] UU,4,1,3,2018-12-15 01:45:39,2019-08-27 01:43:47,1136.0,1136.0,[1136.0],"{'Kadabra': 4, 'Haunter': 4, 'Hypno': 4, 'Dugtrio': 3, 'Gyarados': 1, 'Tentacruel': 2, 'Persian': 1, 'Articuno': 1}"
reckless1659,[Gen 1] UU,2,2,0,2024-07-26 22:14:59,2024-07-26 22:20:12,,,,"{'Dodrio': 1, 'Kangaskhan': 2, 'Persian': 1, 'Dragonite': 1, 'Dugtrio': 1, 'Raichu': 1, 'Tangela': 1, 'Tentacruel': 1}"
recover74685,[Gen 1] UU,14,9,5,2023-12-21 23:11:26,2024-04-04 18:31:21,,,,"{'Tentacruel': 6, 'Kadabra': 13, 'Dodrio': 6, 'Electabuzz': 7, 'Tangela': 3, 'Articuno': 9, 'Kangaskhan': 3, 'Haunter': 8, 'Dugtrio': 6, 'Dewgong': 6, 'Moltres': 1, 'Golduck': 1, 'Venomoth': 1, 'Raticate': 1, 'Poliwrath': 1, 'Mr. Mime': 1, 'Gyarados': 5, 'Clefable': 1, 'Aerodactyl': 1, 'Vaporeon': 1, 'Dragonite': 1, 'Electrode': 2}"
recover91674,[Gen 1] UU,1,0,1,2023-12-18 20:33:24,2023-12-18 20:33:24,1060.0,1060.0,[1060.0],"{'Kangaskhan': 1, 'Tentacruel': 1, 'Kadabra': 1, 'Dugtrio': 1, 'Persian': 1, 'Articuno': 1}"
recycle83816,[Gen 1] UU,17,12,5,2023-10-07 15:04:39,2024-01-20 20:27:14,,,,"{'Kangaskhan': 9, 'Haunter': 3, 'Dodrio': 7, 'Articuno': 8, 'Electabuzz': 6, 'Tentacruel': 15, 'Kadabra': 10, 'Dugtrio': 10, 'Golem': 3, 'Gyarados': 3, 'Ninetales': 1, 'Tangela': 4, 'Persian': 4, 'Dragonite': 6, 'Clefable': 1, 'Electrode': 1, 'Omastar': 2, 'Dewgong': 1}"
reflect19534,[Gen 1] UU,1,0,1,2025-04-01 22:39:34,2025-04-01 22:39:34,1000.0,1000.0,[1000.0],"{'Ninetales': 1, 'Kadabra': 1, 'Dugtrio': 1, 'Electabuzz': 1, 'Tangela': 1, 'Tentacruel': 1}"
reflect45004,[Gen 1] UU,2,2,0,2023-10-29 16:14:22,2023-10-29 16:23:09,,,,"{'Vaporeon': 1, 'Kadabra': 2, 'Haunter': 2, 'Dodrio': 1, 'Dugtrio': 2, 'Articuno': 2, 'Kangaskhan': 1, 'Electrode': 1}"
reflect45954,[Gen 1] UU,7,2,5,2017-12-07 17:18:59,2017-12-21 21:21:07,1204.0,1265.0,"[1204.0, 1265.0]","{'Kangaskhan': 3, 'Omastar': 2, 'Kadabra': 3, 'Hypno': 7, 'Dragonite': 7, 'Tentacruel': 7, 'Vaporeon': 5, 'Haunter': 3, 'Dugtrio': 5}"
regice66693,[Gen 1] UU,1,0,1,2018-01-01 19:03:25,2018-01-01 19:03:25,,,,"{'Rapidash': 1, 'Kadabra': 1, 'Dodrio': 1, 'Dugtrio': 1, 'Blastoise': 1, 'Articuno': 1}"
registeel90241,[Gen 1] UU,1,0,1,2016-06-03 02:15:50,2016-06-03 02:15:50,1000.0,1000.0,[1000.0],"{'Venusaur': 1, 'Blastoise': 1, 'Electabuzz': 1}"
return265,[Gen 1] UU,4,2,2,2018-12-03 19:30:41,2019-09-21 17:40:35,,,,"{'Kangaskhan': 3, 'Kadabra': 3, 'Haunter': 3, 'Dugtrio': 2, 'Hypno': 4, 'Tentacruel': 3, 'Dragonite': 2, 'Omastar': 1, 'Gyarados': 1}"
revenge49994,[Gen 1] UU,1,0,1,2019-05-13 01:30:49,2019-05-13 01:30:49,,,,"{'Raticate': 1, 'Graveler': 1, 'Poliwrath': 1, 'Machamp': 1, 'Arcanine': 1, 'Tangela': 1}"
rhydon25287,[Gen 1] UU,1,0,1,2023-12-27 01:20:59,2023-12-27 01:20:59,1113.0,1113.0,[1113.0],"{'Kangaskhan': 1, 'Kadabra': 1, 'Dugtrio': 1, 'Persian': 1, 'Electabuzz': 1, 'Tentacruel': 1}"
rhyhorn35480,[Gen 1] UU,2,0,2,2023-12-14 22:48:16,2023-12-17 09:16:55,1023.0,1124.0,"[1023.0, 1124.0]","{'Kadabra': 2, 'Haunter': 1, 'Dewgong': 1, 'Dugtrio': 2, 'Dragonite': 2, 'Articuno': 2, 'Moltres': 1, 'Tentacruel': 1}"
rhyperior690,[Gen 1] UU,4,1,3,2020-02-02 22:30:03,2020-08-17 20:05:34,,,,"{'Kadabra': 3, 'Dragonair': 4, 'Arbok': 4, 'Raichu': 3, 'Tentacruel': 3, 'Machoke': 1, 'Pikachu': 1, 'Charmeleon': 1, 'Gastly': 1, 'Dragonite': 2}"
rindoberry61391,[Gen 1] UU,1,0,1,2018-12-01 17:36:13,2018-12-01 17:36:13,,,,"{'Tentacruel': 1, 'Electrode': 1, 'Dodrio': 1, 'Persian': 1, 'Hypno': 1, 'Articuno': 1}"
rivalry57878,[Gen 1] UU,2,1,1,2016-06-09 13:51:19,2016-06-10 03:10:15,1000.0,1114.0,"[1000.0, 1114.0]","{'Staryu': 2, 'Omastar': 2, 'Dragonair': 2, 'Hypno': 2, 'Dragonite': 2, 'Articuno': 1, 'Moltres': 1}"
rivalry97875,[Gen 1] UU,2,0,2,2022-03-25 21:39:12,2022-03-25 21:52:06,,,,"{'Kangaskhan': 2, 'Kadabra': 2, 'Persian': 1, 'Hypno': 2, 'Gyarados': 1, 'Tentacruel': 2, 'Haunter': 1, 'Dugtrio': 1}"
roaroftime42743,[Gen 1] UU,1,0,1,2016-07-15 02:37:48,2016-07-15 02:37:48,1000.0,1000.0,[1000.0],"{'Flareon': 1, 'Vaporeon': 1, 'Eevee': 1, 'Victreebel': 1, 'Dragonite': 1, 'Articuno': 1}"
roaroftime72943,[Gen 1] UU,1,0,1,2021-06-05 01:12:25,2021-06-05 01:12:25,,,,"{'Kadabra': 1, 'Dugtrio': 1, 'Persian': 1, 'Hypno': 1, 'Dragonite': 1, 'Tentacruel': 1}"
rock13986,[Gen 1] UU,1,0,1,2023-12-07 22:54:06,2023-12-07 22:54:06,1000.0,1000.0,[1000.0],"{'Tentacruel': 1, 'Kadabra': 1, 'Haunter': 1, 'Dodrio': 1, 'Dugtrio': 1, 'Articuno': 1}"
rock51085,[Gen 1] UU,1,1,0,2024-01-13 15:49:22,2024-01-13 15:49:22,,,,"{'Kangaskhan': 1, 'Dewgong': 1, 'Dugtrio': 1, 'Clefable': 1, 'Tentacruel': 1}"
rock93671,[Gen 1] UU,1,0,1,2024-11-17 02:13:24,2024-11-17 02:13:24,,,,"{'Kangaskhan': 1, 'Kadabra': 1, 'Dodrio': 1, 'Dugtrio': 1, 'Clefable': 1, 'Tentacruel': 1}"
rock96884,[Gen 1] UU,2,2,0,2020-07-29 14:16:25,2020-07-29 14:27:51,,,,"{'Pikachu': 2, 'Butterfree': 1, 'Charmander': 1}"
rockblast13080,[Gen 1] UU,1,0,1,2020-03-01 09:40:02,2020-03-01 09:40:02,,,,"{'Aerodactyl': 1, 'Electrode': 1, 'Machamp': 1, 'Dugtrio': 1, 'Hypno': 1, 'Parasect': 1}"
rockhead50340,[Gen 1] UU,1,0,1,2020-04-20 11:18:13,2020-04-20 11:18:13,,,,"{'Golduck': 1, 'Venomoth': 1, 'Sandslash': 1, 'Persian': 1, 'Electabuzz': 1, 'Dragonite': 1}"
rockhead51288,[Gen 1] UU,1,1,0,2018-01-01 00:38:37,2018-01-01 00:38:37,,,,"{'Charizard': 1, 'Kabutops': 1, 'Lickitung': 1, 'Pikachu': 1, 'Venusaur': 1, 'Blastoise': 1}"
rockpolish21912,[Gen 1] UU,1,1,0,2019-07-27 03:13:53,2019-07-27 03:13:53,,,,"{'Charizard': 1, 'Aerodactyl': 1, 'Pinsir': 1, 'Nidoking': 1, 'Muk': 1, 'Hitmonlee': 1}"
rockthrow11640,[Gen 1] UU,2,0,2,2022-06-27 18:28:02,2022-06-27 18:46:28,,,,"{'Kadabra': 2, 'Dugtrio': 1, 'Persian': 2, 'Hypno': 2, 'Articuno': 1, 'Tentacruel': 2, 'Kangaskhan': 1, 'Dodrio': 1}"
rockthrow75266,[Gen 1] UU,2,1,1,2023-12-07 18:17:24,2023-12-07 19:06:30,1000.0,1145.0,"[1145.0, 1000.0]","{'Omastar': 2, 'Kadabra': 2, 'Dugtrio': 2, 'Persian': 2, 'Tangela': 1, 'Tentacruel': 2, 'Victreebel': 1}"
roleplay92997,[Gen 1] UU,1,0,1,2024-02-24 00:47:58,2024-02-24 00:47:58,,,,"{'Kangaskhan': 1, 'Tentacruel': 1, 'Kadabra': 1, 'Dodrio': 1, 'Dugtrio': 1, 'Articuno': 1}"
rollout76294,[Gen 1] UU,1,1,0,2023-12-02 18:31:04,2023-12-02 18:31:04,1062.0,1062.0,[1062.0],"{'Kadabra': 1, 'Haunter': 1, 'Dugtrio': 1, 'Articuno': 1, 'Gyarados': 1, 'Tentacruel': 1}"
roost87981,[Gen 1] UU,1,0,1,2016-06-03 05:47:27,2016-06-03 05:47:27,1000.0,1000.0,[1000.0],"{'Arcanine': 1, 'Dragonite': 1, 'Gyarados': 1}"
rootfossil34527,[Gen 1] UU,5,2,3,2019-12-05 19:26:42,2019-12-23 19:47:00,1106.0,1120.0,"[1120.0, 1106.0]","{'Kangaskhan': 3, 'Haunter': 5, 'Persian': 3, 'Electabuzz': 5, 'Tangela': 3, 'Vaporeon': 2, 'Wigglytuff': 1, 'Articuno': 2, 'Golem': 1, 'Hypno': 1, 'Dragonite': 1}"
roselia26466,[Gen 1] UU,1,1,0,2025-01-23 00:21:01,2025-01-23 00:21:01,,,,"{'Kangaskhan': 1, 'Kadabra': 1, 'Dodrio': 1, 'Dugtrio': 1, 'Clefable': 1, 'Tentacruel': 1}"
rotom48074,[Gen 1] UU,1,0,1,2020-07-06 12:06:46,2020-07-06 12:06:46,,,,"{'Kadabra': 1, 'Golem': 1, 'Dugtrio': 1, 'Hypno': 1, 'Gyarados': 1, 'Tentacruel': 1}"
rotom50906,[Gen 1] UU,2,0,2,2022-07-09 02:13:36,2022-07-09 02:24:29,,,,"{'Haunter': 1, 'Dugtrio': 1, 'Articuno': 1, 'Gyarados': 1, 'Hypno': 2, 'Tentacruel': 2, 'Kangaskhan': 1, 'Dodrio': 1, 'Persian': 1, 'Clefable': 1}"
rotom95030,[Gen 1] UU,10,7,3,2022-03-16 21:41:50,2022-05-01 21:24:00,,,,"{'Persian': 5, 'Hypno': 10, 'Kangaskhan': 6, 'Tentacruel': 10, 'Haunter': 1, 'Dodrio': 3, 'Dewgong': 2, 'Articuno': 3, 'Dragonite': 4, 'Omastar': 2, 'Dugtrio': 4, 'Gyarados': 1, 'Kadabra': 4, 'Vaporeon': 2}"
rotomfan35023,[Gen 1] UU,13,6,7,2023-03-05 02:06:10,2023-11-18 18:42:08,,,,"{'Kangaskhan': 9, 'Electrode': 4, 'Dewgong': 4, 'Dugtrio': 6, 'Dragonite': 7, 'Articuno': 6, 'Kadabra': 8, 'Clefable': 1, 'Haunter': 3, 'Tentacruel': 6, 'Lapras': 6, 'Persian': 6, 'Electabuzz': 3, 'Hypno': 6, 'Golem': 1, 'Dodrio': 1, 'Tangela': 1}"
rotomfrost70290,[Gen 1] UU,3,2,1,2023-10-15 03:42:57,2023-10-15 03:56:41,,,,"{'Kangaskhan': 2, 'Electrode': 1, 'Haunter': 3, 'Dodrio': 2, 'Clefable': 1, 'Articuno': 3, 'Moltres': 1, 'Kadabra': 2, 'Electabuzz': 1, 'Omastar': 1, 'Dugtrio': 1}"
rotomfrost74693,[Gen 1] UU,1,0,1,2022-01-02 04:08:22,2022-01-02 04:08:22,,,,"{'Kangaskhan': 1, 'Kadabra': 1, 'Articuno': 1, 'Hypno': 1, 'Venusaur': 1, 'Tentacruel': 1}"
rotomwash11230,[Gen 1] UU,8,3,5,2024-11-16 18:31:11,2024-11-26 21:57:38,,,,"{'Electrode': 7, 'Nidoking': 6, 'Arcanine': 8, 'Tangela': 6, 'Dragonite': 4, 'Tentacruel': 6, 'Mr. Mime': 2, 'Clefable': 2, 'Blastoise': 2, 'Dodrio': 3}"
rotomwash11985,[Gen 1] UU,3,2,1,2017-12-04 11:04:09,2017-12-16 05:08:43,1065.0,1276.0,"[1220.0, 1276.0, 1065.0]","{'Kadabra': 2, 'Haunter': 2, 'Dodrio': 3, 'Dugtrio': 3, 'Persian': 2, 'Tentacruel': 3, 'Charizard': 1, 'Kangaskhan': 1, 'Hypno': 1}"
roughskin25310,[Gen 1] UU,1,1,0,2016-06-28 13:31:11,2016-06-28 13:31:11,,,,"{'Sandslash': 1, 'Electrode': 1, 'Poliwrath': 1, 'Arcanine': 1, 'Venusaur': 1, 'Dragonite': 1}"
roughskin30697,[Gen 1] UU,1,0,1,2025-04-11 18:40:53,2025-04-11 18:40:53,,,,"{'Lapras': 1, 'Kangaskhan': 1, 'Kadabra': 1, 'Dugtrio': 1, 'Hypno': 1, 'Articuno': 1}"
rowapberry81823,[Gen 1] UU,6,4,2,2019-05-07 02:03:47,2020-02-25 03:40:04,,,,"{'Omastar': 4, 'Haunter': 3, 'Dugtrio': 3, 'Hypno': 4, 'Dragonite': 4, 'Tentacruel': 4, 'Venomoth': 2, 'Porygon': 2, 'Magneton': 2, 'Nidoking': 2, 'Blastoise': 2, 'Abra': 2, 'Kadabra': 1, 'Tangela': 1}"
runaway13709,[Gen 1] UU,1,0,1,2017-12-09 20:41:02,2017-12-09 20:41:02,,,,"{'Kadabra': 1, 'Dugtrio': 1, 'Electabuzz': 1, 'Hypno': 1, 'Dragonite': 1, 'Tentacruel': 1}"
runaway61538,[Gen 1] UU,7,3,4,2019-05-05 19:17:57,2022-01-16 16:44:07,,,,"{'Kadabra': 4, 'Kangaskhan': 3, 'Haunter': 3, 'Hypno': 6, 'Golem': 1, 'Dugtrio': 4, 'Gyarados': 1, 'Tentacruel': 4, 'Ninetales': 1, 'Graveler': 1, 'Dodrio': 1, 'Vaporeon': 1, 'Electabuzz': 1, 'Omastar': 1, 'Dragonite': 1, 'Abra': 1, 'Omanyte': 1, 'Meowth': 1, 'Geodude': 1, 'Gastly': 1, 'Paras': 1}"
runaway84626,[Gen 1] UU,1,0,1,2019-06-23 09:29:11,2019-06-23 09:29:11,,,,"{'Omastar': 1, 'Kadabra': 1, 'Dragonite': 1, 'Electabuzz': 1, 'Hypno': 1, 'Tentacruel': 1}"
sableye91632,[Gen 1] UU,1,0,1,2025-04-10 23:00:22,2025-04-10 23:00:22,1000.0,1000.0,[1000.0],"{'Electabuzz': 1, 'Kangaskhan': 1, 'Haunter': 1, 'Dugtrio': 1, 'Gyarados': 1, 'Dragonite': 1}"
sacredfire89193,[Gen 1] UU,10,5,5,2017-12-03 01:10:16,2019-06-10 12:40:12,1074.0,1317.0,"[1074.0, 1317.0]","{'Kadabra': 3, 'Haunter': 9, 'Gyarados': 2, 'Hypno': 10, 'Tentacruel': 10, 'Omastar': 6, 'Dugtrio': 7, 'Dragonite': 5, 'Kangaskhan': 2, 'Dodrio': 2, 'Electabuzz': 2, 'Articuno': 1}"
safeguard88642,[Gen 1] UU,1,0,1,2020-03-08 20:28:43,2020-03-08 20:28:43,,,,"{'Electabuzz': 1, 'Omastar': 1, 'Kadabra': 1, 'Hypno': 1, 'Dragonite': 1, 'Tentacruel': 1}"
salamence95992,[Gen 1] UU,1,0,1,2020-07-06 21:40:23,2020-07-06 21:40:23,,,,{'Poliwrath': 1}
sandshrew14844,[Gen 1] UU,9,5,4,2021-06-05 01:12:25,2021-06-06 19:59:07,,,,"{'Venomoth': 2, 'Dugtrio': 5, 'Persian': 8, 'Hypno': 9, 'Dragonite': 2, 'Tentacruel': 9, 'Kadabra': 4, 'Articuno': 6, 'Kangaskhan': 1, 'Gyarados': 1, 'Golem': 3, 'Clefable': 3}"
sandslash66862,[Gen 1] UU,1,0,1,2017-12-06 23:16:28,2017-12-06 23:16:28,1039.0,1039.0,[1039.0],"{'Kadabra': 1, 'Graveler': 1, 'Dodrio': 1, 'Victreebel': 1, 'Dragonite': 1, 'Articuno': 1}"
sandtomb29132,[Gen 1] UU,1,0,1,2025-04-11 04:55:31,2025-04-11 04:55:31,1022.0,1022.0,[1022.0],"{'Lapras': 1, 'Rapidash': 1, 'Magneton': 1, 'Kadabra': 1, 'Dewgong': 1, 'Hypno': 1}"
sandveil87527,[Gen 1] UU,2,0,2,2020-11-15 20:21:27,2020-11-15 20:29:08,,,,"{'Omastar': 1, 'Kadabra': 2, 'Electabuzz': 1, 'Hypno': 2, 'Dragonite': 2, 'Tentacruel': 2, 'Dugtrio': 1, 'Gyarados': 1}"
sceptile65962,[Gen 1] UU,4,2,2,2020-08-19 00:04:56,2020-08-19 04:24:57,,,,"{'Pidgeotto': 2, 'Charmander': 2, 'Pikachu': 3, 'Bulbasaur': 1}"
sceptile78658,[Gen 1] UU,1,1,0,2025-01-05 00:03:13,2025-01-05 00:03:13,,,,"{'Kangaskhan': 1, 'Kadabra': 1, 'Haunter': 1, 'Dugtrio': 1, 'Gyarados': 1, 'Tentacruel': 1}"
scizor14596,[Gen 1] UU,1,0,1,2020-07-27 00:15:15,2020-07-27 00:15:15,,,,"{'Dragonite': 1, 'Aerodactyl': 1}"
scrappy46773,[Gen 1] UU,1,0,1,2016-07-02 04:20:27,2016-07-02 04:20:27,1000.0,1000.0,[1000.0],"{'Charizard': 1, 'Electabuzz': 1, 'Kadabra': 1, 'Graveler': 1, 'Gyarados': 1, 'Venusaur': 1}"
screech7860,[Gen 1] UU,3,3,0,2020-01-16 16:50:35,2020-04-12 19:28:47,,,,"{'Porygon': 1, 'Rapidash': 1, 'Omastar': 1, 'Nidoking': 1, 'Tangela': 1, 'Abra': 1, 'Electabuzz': 2, 'Tentacruel': 2, 'Dugtrio': 1, 'Persian': 1, 'Hypno': 2, 'Vaporeon': 1, 'Kangaskhan': 1, 'Golem': 1, 'Dragonite': 1}"
seadra77419,[Gen 1] UU,1,0,1,2025-04-08 22:17:11,2025-04-08 22:17:11,1000.0,1000.0,[1000.0],"{'Lapras': 1, 'Electabuzz': 1, 'Kadabra': 1, 'Haunter': 1, 'Dugtrio': 1, 'Hypno': 1}"
seaincense6277,[Gen 1] UU,3,2,1,2020-05-31 17:16:05,2020-05-31 17:34:27,,,,"{'Doduo': 2, ""Farfetch'D"": 3, 'Vulpix': 3, 'Rhyhorn': 3, 'Hitmonchan': 3, 'Beedrill': 3}"
seaking24495,[Gen 1] UU,1,0,1,2019-06-25 06:09:06,2019-06-25 06:09:06,,,,"{'Tentacruel': 1, 'Haunter': 1, 'Dugtrio': 1, 'Hypno': 1, 'Dragonite': 1, 'Vaporeon': 1}"
sealeo65825,[Gen 1] UU,21,8,13,2025-01-18 03:29:30,2025-05-16 19:25:44,,,,"{'Lapras': 21, 'Jolteon': 2, 'Nidoqueen': 2, 'Haunter': 4, 'Dodrio': 13, 'Kangaskhan': 7, 'Kadabra': 13, 'Golem': 10, 'Electabuzz': 3, 'Hypno': 15, 'Tentacruel': 8, 'Tangela': 4, 'Articuno': 4, 'Persian': 4, 'Raichu': 5, 'Dragonite': 4, 'Slowbro': 2, 'Clefable': 1, 'Dugtrio': 1}"
secretpower18544,[Gen 1] UU,3,1,2,2021-06-05 20:31:02,2021-06-06 19:44:27,,,,"{'Kangaskhan': 3, 'Kadabra': 3, 'Dugtrio': 3, 'Hypno': 3, 'Dragonite': 3, 'Tentacruel': 3}"
seedbomb49911,[Gen 1] UU,1,1,0,2019-08-13 01:28:54,2019-08-13 01:28:54,,,,"{'Dugtrio': 1, 'Hypno': 1, 'Dragonite': 1, 'Tentacruel': 1}"
seedflare28927,[Gen 1] UU,1,0,1,2019-08-18 14:15:21,2019-08-18 14:15:21,,,,"{'Moltres': 1, 'Ninetales': 1, 'Charizard': 1, 'Rapidash': 1, 'Arcanine': 1, 'Magmar': 1}"
seedflare81285,[Gen 1] UU,4,0,4,2020-06-09 04:21:36,2021-03-13 23:57:49,,,,"{'Venomoth': 2, 'Dugtrio': 3, 'Persian': 3, 'Hypno': 4, 'Dragonite': 3, 'Tentacruel': 4, 'Kangaskhan': 1, 'Kadabra': 1, 'Gyarados': 1, 'Omastar': 1, 'Haunter': 1}"
seedot40948,[Gen 1] UU,2,1,1,2017-12-09 20:28:02,2018-01-02 03:04:45,1072.0,1072.0,[1072.0],"{'Electabuzz': 2, 'Pinsir': 1, 'Haunter': 2, 'Dugtrio': 1, 'Hypno': 1, 'Tentacruel': 2, 'Venomoth': 1, 'Sandslash': 1, 'Dodrio': 1}"
seismictoss68079,[Gen 1] UU,1,0,1,2017-12-16 23:58:48,2017-12-16 23:58:48,,,,"{'Aerodactyl': 1, 'Electrode': 1, 'Dugtrio': 1, 'Ditto': 1, 'Clefable': 1, 'Arcanine': 1}"
selfdestruct51167,[Gen 1] UU,1,0,1,2023-12-05 03:39:28,2023-12-05 03:39:28,1001.0,1001.0,[1001.0],"{'Kadabra': 1, 'Golem': 1, 'Dodrio': 1, 'Persian': 1, 'Electabuzz': 1, 'Articuno': 1}"
sentret78377,[Gen 1] UU,7,1,6,2024-12-28 21:12:00,2025-01-15 19:26:53,,,,"{'Lapras': 7, 'Jolteon': 7, 'Slowbro': 5, 'Golem': 7, 'Dodrio': 5, 'Hypno': 3, 'Persian': 2, 'Articuno': 2, 'Haunter': 4}"
shadowball68500,[Gen 1] UU,1,1,0,2019-03-02 15:38:49,2019-03-02 15:38:49,,,,"{'Kangaskhan': 1, 'Haunter': 1, 'Dugtrio': 1, 'Hypno': 1, 'Tentacruel': 1}"
shadowball92090,[Gen 1] UU,1,0,1,2021-06-05 03:23:01,2021-06-05 03:23:01,,,,"{'Kadabra': 1, 'Golem': 1, 'Dugtrio': 1, 'Gyarados': 1, 'Hypno': 1, 'Tentacruel': 1}"
shadowclaw23117,[Gen 1] UU,1,1,0,2016-07-04 01:37:30,2016-07-04 01:37:30,,,,"{'Omastar': 1, 'Poliwrath': 1, 'Ditto': 1, 'Dragonite': 1, 'Articuno': 1}"
shadowclaw37613,[Gen 1] UU,3,1,2,2019-03-26 02:07:13,2019-04-23 01:36:23,,,,"{'Kangaskhan': 3, 'Tentacruel': 3, 'Kadabra': 3, 'Haunter': 3, 'Hypno': 3, 'Vaporeon': 2, 'Omastar': 1}"
shadowclaw51134,[Gen 1] UU,1,0,1,2022-02-12 02:54:24,2022-02-12 02:54:24,,,,"{'Electabuzz': 1, 'Aerodactyl': 1, 'Dewgong': 1, 'Dugtrio': 1, 'Hypno': 1, 'Tentacruel': 1}"
shadowforce37963,[Gen 1] UU,1,0,1,2016-06-13 06:00:46,2016-06-13 06:00:46,1079.0,1079.0,[1079.0],"{'Haunter': 1, 'Persian': 1, 'Hypno': 1, 'Articuno': 1, 'Raichu': 1, 'Vaporeon': 1}"
shadowpunch93051,[Gen 1] UU,1,0,1,2019-09-30 00:22:12,2019-09-30 00:22:12,,,,"{'Graveler': 1, 'Dodrio': 1, 'Victreebel': 1, 'Articuno': 1, 'Dragonite': 1, 'Tentacruel': 1}"
shadowsneak30,[Gen 1] UU,4,0,4,2023-11-17 21:10:09,2023-11-24 18:17:16,,,,"{'Kadabra': 4, 'Haunter': 3, 'Dugtrio': 3, 'Dewgong': 3, 'Clefable': 1, 'Dragonite': 2, 'Kangaskhan': 1, 'Dodrio': 3, 'Electrode': 1, 'Articuno': 2, 'Tentacruel': 1}"
sharpbeak58557,[Gen 1] UU,2,0,2,2017-12-31 03:50:27,2018-01-02 03:04:45,1072.0,1082.0,"[1082.0, 1072.0]","{'Tentacruel': 2, 'Kadabra': 2, 'Dugtrio': 2, 'Hypno': 2, 'Dragonite': 2, 'Vaporeon': 2}"
sharpbeak82029,[Gen 1] UU,1,0,1,2019-08-04 19:18:14,2019-08-04 19:18:14,,,,"{'Seadra': 1, 'Omastar': 1, 'Magneton': 1, 'Machamp': 1, 'Marowak': 1, 'Weepinbell': 1}"
sharpedo59668,[Gen 1] UU,1,0,1,2023-12-12 20:57:12,2023-12-12 20:57:12,1000.0,1000.0,[1000.0],"{'Charizard': 1, 'Kadabra': 1, 'Dugtrio': 1, 'Electabuzz': 1, 'Tangela': 1, 'Tentacruel': 1}"
sharpen14958,[Gen 1] UU,2,1,1,2020-04-06 21:17:47,2020-04-06 21:40:28,,,,"{'Doduo': 2, 'Grimer': 2, 'Vulpix': 2, 'Hitmonchan': 2, 'Bulbasaur': 2, 'Beedrill': 2}"
sharpen85330,[Gen 1] UU,1,1,0,2019-11-17 15:48:45,2019-11-17 15:48:45,,,,"{'Kangaskhan': 1, 'Nidoking': 1, 'Raichu': 1, 'Venusaur': 1, 'Dragonite': 1, 'Articuno': 1}"
shaymin61746,[Gen 1] UU,6,1,5,2020-08-09 19:29:54,2020-08-15 22:26:53,,,,"{'Charizard': 3, 'Porygon': 3, 'Kabutops': 4, 'Venusaur': 4, 'Fearow': 3, 'Blastoise': 4, 'Mr. Mime': 2, 'Muk': 3, 'Clefable': 1, 'Magneton': 2, 'Persian': 1, 'Hypno': 1, 'Kangaskhan': 1, 'Tentacruel': 1, 'Articuno': 1}"
shaymin95835,[Gen 1] UU,1,0,1,2025-04-10 23:28:05,2025-04-10 23:28:05,1000.0,1000.0,[1000.0],"{'Aerodactyl': 1, 'Omastar': 1, 'Kabutops': 1, 'Hitmonchan': 1, 'Mr. Mime': 1, 'Primeape': 1}"
shedinja23618,[Gen 1] UU,1,1,0,2023-12-02 17:45:08,2023-12-02 17:45:08,1091.0,1091.0,[1091.0],"{'Kadabra': 1, 'Kangaskhan': 1, 'Persian': 1}"
shedshell98931,[Gen 1] UU,2,0,2,2024-01-13 15:49:22,2024-09-07 23:49:53,,,,"{'Kangaskhan': 2, 'Kadabra': 2, 'Haunter': 2, 'Golem': 1, 'Persian': 1, 'Dragonite': 1, 'Dugtrio': 1, 'Articuno': 1, 'Tentacruel': 1}"
shedskin67615,[Gen 1] UU,1,0,1,2023-12-03 17:59:53,2023-12-03 17:59:53,1018.0,1018.0,[1018.0],"{'Tentacruel': 1, 'Kadabra': 1, 'Dodrio': 1, 'Dewgong': 1, 'Dugtrio': 1, 'Articuno': 1}"
shielddust45391,[Gen 1] UU,1,1,0,2019-07-17 21:32:27,2019-07-17 21:32:27,,,,"{'Electrode': 1, 'Nidoking': 1, 'Persian': 1, 'Gyarados': 1, 'Raichu': 1, 'Articuno': 1}"
shielddust65621,[Gen 1] UU,1,1,0,2016-06-02 22:38:57,2016-06-02 22:38:57,1088.0,1088.0,[1088.0],"{'Kadabra': 1, 'Dodrio': 1, 'Articuno': 1, 'Hypno': 1, 'Tangela': 1, 'Vaporeon': 1}"
shieldon32594,[Gen 1] UU,4,4,0,2025-04-01 20:00:52,2025-04-11 19:15:54,1000.0,1051.0,"[1051.0, 1000.0, 1000.0, 1045.0]","{'Dragonite': 2, 'Articuno': 3, 'Tentacruel': 3, 'Dodrio': 3, 'Ninetales': 1}"
shinx15557,[Gen 1] UU,1,1,0,2025-04-05 01:16:11,2025-04-05 01:16:11,,,,"{'Ninetales': 1, 'Kadabra': 1, 'Golem': 1, 'Gyarados': 1, 'Articuno': 1}"
shinystone44028,[Gen 1] UU,1,0,1,2020-01-13 11:10:22,2020-01-13 11:10:22,,,,"{'Rapidash': 1, 'Tentacruel': 1, 'Electrode': 1, 'Dodrio': 1, 'Hypno': 1, 'Articuno': 1}"
shinystone44310,[Gen 1] UU,7,1,6,2020-10-19 20:55:12,2020-11-01 23:26:53,,,,"{'Kangaskhan': 3, 'Haunter': 1, 'Dugtrio': 4, 'Hypno': 7, 'Dragonite': 4, 'Tentacruel': 7, 'Kadabra': 5, 'Golem': 2, 'Articuno': 2, 'Persian': 1, 'Gyarados': 1, 'Dodrio': 1, 'Vaporeon': 1, 'Omastar': 1, 'Venusaur': 1, 'Raticate': 1}"
shuckle12503,[Gen 1] UU,3,1,2,2024-04-09 03:06:59,2024-04-09 03:28:28,,,,"{'Ninetales': 1, 'Kadabra': 3, 'Haunter': 1, 'Dugtrio': 3, 'Gyarados': 1, 'Kangaskhan': 2, 'Dodrio': 2, 'Tangela': 1, 'Tentacruel': 2, 'Clefable': 1}"
shuckle94488,[Gen 1] UU,1,1,0,2016-07-11 15:13:54,2016-07-11 15:13:54,1000.0,1000.0,[1000.0],"{'Charizard': 1, 'Pikachu': 1, 'Blastoise': 1, 'Articuno': 1}"
signalbeam18314,[Gen 1] UU,12,6,6,2024-11-16 14:42:54,2024-11-23 21:29:14,,,,"{'Kadabra': 11, 'Wigglytuff': 4, 'Golem': 12, 'Dodrio': 12, 'Tangela': 12, 'Tentacruel': 12, 'Haunter': 6}"
signalbeam19567,[Gen 1] UU,1,0,1,2017-12-24 22:10:10,2017-12-24 22:10:10,1000.0,1000.0,[1000.0],"{'Moltres': 1, 'Electrode': 1, 'Dewgong': 1, 'Victreebel': 1, 'Clefable': 1, 'Dragonite': 1}"
silkscarf31976,[Gen 1] UU,1,0,1,2025-04-11 19:15:54,2025-04-11 19:15:54,1045.0,1045.0,[1045.0],"{'Raichu': 1, 'Articuno': 1}"
silkscarf59671,[Gen 1] UU,1,1,0,2019-09-14 00:06:19,2019-09-14 00:06:19,,,,"{'Pidgeot': 1, 'Weezing': 1, 'Hypno': 1, 'Arcanine': 1, 'Raichu': 1, 'Blastoise': 1}"
simple96847,[Gen 1] UU,1,0,1,2023-12-11 17:43:39,2023-12-11 17:43:39,1107.0,1107.0,[1107.0],"{'Kangaskhan': 1, 'Tentacruel': 1, 'Kadabra': 1, 'Haunter': 1, 'Clefable': 1, 'Articuno': 1}"
sketch10774,[Gen 1] UU,4,4,0,2019-09-21 15:21:17,2019-10-13 18:43:37,,,,"{'Kadabra': 2, 'Dragonair': 1, 'Haunter': 1, 'Poliwhirl': 1, 'Abra': 1, 'Articuno': 3, 'Dugtrio': 2, 'Tentacruel': 3, 'Hypno': 3, 'Kangaskhan': 1, 'Dragonite': 2, 'Vaporeon': 1}"
sketch27668,[Gen 1] UU,1,0,1,2024-12-16 21:23:05,2024-12-16 21:23:05,,,,"{'Kangaskhan': 1, 'Kadabra': 1, 'Haunter': 1, 'Dugtrio': 1, 'Persian': 1, 'Tentacruel': 1}"
skillswap74981,[Gen 1] UU,19,14,5,2017-12-12 04:09:48,2024-01-05 21:06:03,,,,"{'Kangaskhan': 14, 'Dodrio': 4, 'Dugtrio': 13, 'Hypno': 14, 'Dragonite': 8, 'Tentacruel': 14, 'Kadabra': 11, 'Electabuzz': 2, 'Raichu': 2, 'Omastar': 4, 'Persian': 7, 'Haunter': 4, 'Articuno': 3, 'Vaporeon': 4, 'Seadra': 1, 'Sandslash': 1, 'Golem': 1, 'Aerodactyl': 1, 'Electrode': 1}"
skiploom82657,[Gen 1] UU,1,0,1,2020-01-21 03:42:15,2020-01-21 03:42:15,,,,"{'Butterfree': 1, 'Aerodactyl': 1, 'Nidoking': 1, 'Venusaur': 1, 'Dragonite': 1, 'Vaporeon': 1}"
skiploom8822,[Gen 1] UU,6,6,0,2024-11-03 05:13:11,2024-11-24 21:12:08,,,,"{'Kadabra': 5, 'Dragonite': 5, 'Haunter': 2, 'Dodrio': 2, 'Rapidash': 1, 'Dugtrio': 4, 'Tentacruel': 1, 'Kangaskhan': 2, 'Omastar': 1, 'Persian': 3, 'Vaporeon': 1, 'Electabuzz': 1, 'Clefable': 1, 'Aerodactyl': 1, 'Gyarados': 1, 'Tangela': 1}"
skullbash33092,[Gen 1] UU,1,0,1,2020-06-13 20:28:14,2020-06-13 20:28:14,,,,"{'Aerodactyl': 1, 'Machamp': 1, 'Clefable': 1, 'Venusaur': 1, 'Dragonite': 1, 'Vaporeon': 1}"
skyplate19666,[Gen 1] UU,1,0,1,2016-06-20 02:50:22,2016-06-20 02:50:22,1000.0,1000.0,[1000.0],"{'Poliwrath': 1, 'Gyarados': 1}"
slaking54744,[Gen 1] UU,1,0,1,2017-12-05 11:50:50,2017-12-05 11:50:50,1000.0,1000.0,[1000.0],"{'Raticate': 1, 'Mr. Mime': 1, 'Dugtrio': 1, 'Hitmonlee': 1, 'Dragonite': 1, 'Blastoise': 1}"
slakoth22522,[Gen 1] UU,2,2,0,2022-10-16 10:40:43,2022-10-16 10:50:18,,,,"{'Kangaskhan': 2, 'Dodrio': 1, 'Persian': 2, 'Hypno': 2, 'Tentacruel': 2, 'Kadabra': 1, 'Articuno': 1}"
slakoth53488,[Gen 1] UU,23,15,8,2019-04-15 22:05:12,2020-08-17 20:05:34,1167.0,1167.0,[1167.0],"{'Kangaskhan': 11, 'Butterfree': 4, 'Haunter': 18, 'Electabuzz': 12, 'Hypno': 18, 'Kadabra': 9, 'Dugtrio': 15, 'Tentacruel': 8, 'Omastar': 5, 'Dragonite': 6, 'Venomoth': 2, 'Porygon': 2, 'Magneton': 1, 'Nidoking': 2, 'Machamp': 1, 'Blastoise': 2, 'Dratini': 1, 'Rhyhorn': 1, 'Staryu': 1, 'Pikachu': 1, 'Slowpoke': 1, 'Abra': 1, 'Vaporeon': 1, 'Dewgong': 1, 'Electrode': 1, 'Kabutops': 1, 'Graveler': 1, 'Dragonair': 1, 'Drowzee': 1, 'Gastly': 1}"
slam1407,[Gen 1] UU,1,0,1,2025-05-11 23:18:43,2025-05-11 23:18:43,,,,"{'Charizard': 1, 'Mr. Mime': 1, 'Gyarados': 1, 'Primeape': 1, 'Venusaur': 1, 'Dragonite': 1}"
slam26246,[Gen 1] UU,1,0,1,2023-12-02 17:34:58,2023-12-02 17:34:58,1011.0,1011.0,[1011.0],"{'Kadabra': 1, 'Haunter': 1, 'Dugtrio': 1, 'Venusaur': 1, 'Tentacruel': 1}"
slam94785,[Gen 1] UU,1,0,1,2021-03-22 20:16:30,2021-03-22 20:16:30,,,,"{'Kadabra': 1, 'Golem': 1, 'Dugtrio': 1, 'Gyarados': 1, 'Hypno': 1, 'Tentacruel': 1}"
sleeppowder28873,[Gen 1] UU,3,2,1,2025-01-29 21:24:10,2025-01-29 21:41:58,,,,"{'Kadabra': 3, 'Dodrio': 1, 'Electabuzz': 1, 'Raichu': 2, 'Tangela': 2, 'Gyarados': 3, 'Kingler': 1, 'Kangaskhan': 2, 'Dugtrio': 2, 'Vaporeon': 1}"
sleeppowder98645,[Gen 1] UU,1,0,1,2017-12-20 17:20:31,2017-12-20 17:20:31,,,,"{'Charizard': 1, 'Aerodactyl': 1, 'Ditto': 1, 'Gyarados': 1, 'Dragonite': 1, 'Articuno': 1}"
slowbro37212,[Gen 1] UU,2,0,2,2024-01-27 15:26:57,2024-01-27 15:39:39,,,,"{'Kangaskhan': 1, 'Dodrio': 1, 'Dugtrio': 2, 'Persian': 2, 'Clefable': 2, 'Tentacruel': 2, 'Kadabra': 1, 'Dragonite': 1}"
slowking20874,[Gen 1] UU,1,0,1,2023-12-02 16:18:46,2023-12-02 16:18:46,1000.0,1000.0,[1000.0],"{'Charizard': 1, 'Nidoking': 1, 'Dugtrio': 1, 'Gyarados': 1, 'Raichu': 1, 'Venusaur': 1}"
slowking58748,[Gen 1] UU,2,0,2,2019-12-12 09:11:49,2019-12-14 11:26:38,1052.0,1097.0,"[1052.0, 1097.0]","{'Kadabra': 2, 'Golem': 2, 'Persian': 1, 'Articuno': 2, 'Dragonite': 2, 'Tentacruel': 2, 'Exeggcute': 1}"
slowking68295,[Gen 1] UU,2,0,2,2022-01-19 23:04:46,2022-01-19 23:15:52,,,,"{'Tentacruel': 2, 'Haunter': 2, 'Dugtrio': 2, 'Hypno': 2, 'Dragonite': 2, 'Vaporeon': 2}"
slowpoke19559,[Gen 1] UU,2,0,2,2021-10-19 15:12:33,2021-10-19 15:21:34,,,,"{'Kadabra': 1, 'Dewgong': 1, 'Persian': 1, 'Hypno': 2, 'Venusaur': 1, 'Tentacruel': 2, 'Poliwrath': 1, 'Dugtrio': 1, 'Gyarados': 1, 'Dragonite': 1}"
slowpoke81863,[Gen 1] UU,1,1,0,2016-07-22 01:10:13,2016-07-22 01:10:13,,,,"{'Scyther': 1, 'Pidgeot': 1, 'Charizard': 1, 'Raichu': 1, 'Venusaur': 1, 'Blastoise': 1}"
slp80522,[Gen 1] UU,1,1,0,2020-03-28 10:55:00,2020-03-28 10:55:00,,,,"{'Metapod': 1, 'Wartortle': 1, 'Kadabra': 1, 'Graveler': 1}"
sludgebomb15673,[Gen 1] UU,1,0,1,2016-06-29 18:07:46,2016-06-29 18:07:46,1000.0,1000.0,[1000.0],"{'Nidoking': 1, 'Machamp': 1, 'Arcanine': 1, 'Dragonite': 1, 'Blastoise': 1, 'Articuno': 1}"
sludgebomb53099,[Gen 1] UU,1,1,0,2023-12-17 17:36:13,2023-12-17 17:36:13,1052.0,1052.0,[1052.0],"{'Moltres': 1, 'Aerodactyl': 1, 'Kadabra': 1, 'Golem': 1, 'Victreebel': 1, 'Tentacruel': 1}"
sludgebomb53328,[Gen 1] UU,1,0,1,2019-05-07 02:03:47,2019-05-07 02:03:47,,,,"{'Kangaskhan': 1, 'Nidoking': 1, 'Haunter': 1, 'Dodrio': 1, 'Dugtrio': 1, 'Tentacruel': 1}"
sludgebomb68837,[Gen 1] UU,1,1,0,2025-04-09 16:33:16,2025-04-09 16:33:16,1057.0,1057.0,[1057.0],"{'Clefable': 1, 'Lapras': 1, 'Aerodactyl': 1, 'Electrode': 1, 'Hypno': 1}"
slugma38035,[Gen 1] UU,1,0,1,2025-04-09 22:31:36,2025-04-09 22:31:36,1000.0,1000.0,[1000.0],"{'Kangaskhan': 1, 'Tentacruel': 1, 'Kadabra': 1, 'Dugtrio': 1, 'Electabuzz': 1, 'Articuno': 1}"
slugma45150,[Gen 1] UU,1,0,1,2016-07-12 05:53:40,2016-07-12 05:53:40,1000.0,1000.0,[1000.0],"{'Vaporeon': 1, 'Haunter': 1, 'Hitmonlee': 1, 'Venusaur': 1, 'Dragonite': 1, 'Articuno': 1}"
smokescreen28073,[Gen 1] UU,3,1,2,2022-10-01 19:14:03,2022-10-01 19:28:04,,,,"{'Electabuzz': 2, 'Aerodactyl': 1, 'Dugtrio': 3, 'Persian': 1, 'Hypno': 2, 'Tentacruel': 3, 'Kangaskhan': 1, 'Kadabra': 1, 'Dewgong': 1, 'Dragonite': 1, 'Gyarados': 1}"
smoochum54955,[Gen 1] UU,1,0,1,2016-07-10 16:53:35,2016-07-10 16:53:35,1000.0,1000.0,[1000.0],"{'Onix': 1, 'Nidoking': 1, 'Wigglytuff': 1, 'Raichu': 1, 'Venusaur': 1, 'Dragonite': 1}"
smoochum61981,[Gen 1] UU,1,0,1,2024-12-01 18:08:12,2024-12-01 18:08:12,,,,"{'Kangaskhan': 1, 'Kadabra': 1, 'Dodrio': 1, 'Dugtrio': 1, 'Clefable': 1, 'Tentacruel': 1}"
smoothrock78110,[Gen 1] UU,1,0,1,2016-06-05 19:09:27,2016-06-05 19:09:27,1000.0,1000.0,[1000.0],"{'Flareon': 1, 'Nidoking': 1, 'Kadabra': 1, 'Arcanine': 1, 'Dragonite': 1, 'Articuno': 1}"
snatch29859,[Gen 1] UU,1,1,0,2024-01-03 22:39:17,2024-01-03 22:39:17,,,,"{'Aerodactyl': 1, 'Kadabra': 1, 'Haunter': 1, 'Persian': 1, 'Gyarados': 1, 'Articuno': 1}"
snatch75121,[Gen 1] UU,1,1,0,2025-04-03 02:27:17,2025-04-03 02:27:17,1052.0,1052.0,[1052.0],"{'Kangaskhan': 1, 'Kadabra': 1, 'Dodrio': 1, 'Persian': 1, 'Gyarados': 1, 'Tentacruel': 1}"
sneasel14710,[Gen 1] UU,1,0,1,2019-07-19 02:40:35,2019-07-19 02:40:35,,,,"{'Charizard': 1, 'Rapidash': 1, 'Ninetales': 1, 'Omastar': 1, 'Magneton': 1, 'Muk': 1}"
sniper38380,[Gen 1] UU,83,56,27,2020-04-19 04:59:23,2020-08-30 03:39:30,,,,"{'Moltres': 19, 'Mr. Mime': 25, 'Clefable': 17, 'Arcanine': 38, 'Venusaur': 35, 'Blastoise': 31, 'Kadabra': 32, 'Poliwrath': 6, 'Dugtrio': 23, 'Hypno': 33, 'Tentacruel': 34, 'Kingler': 1, 'Exeggcute': 7, 'Persian': 6, 'Gyarados': 14, 'Fearow': 7, 'Kangaskhan': 6, 'Dodrio': 7, 'Charizard': 11, 'Porygon': 16, 'Drowzee': 4, 'Electabuzz': 6, 'Kabutops': 20, 'Raichu': 4, 'Golem': 3, 'Machamp': 2, 'Gastly': 3, 'Articuno': 4, 'Tangela': 3, 'Vaporeon': 7, 'Nidoking': 8, 'Golduck': 13, 'Electrode': 3, 'Dragonite': 12, 'Magneton': 2, 'Primeape': 1, 'Pidgeot': 1, 'Wigglytuff': 1, 'Raticate': 3, 'Seadra': 3, 'Venomoth': 3, 'Aerodactyl': 1, 'Haunter': 2, 'Arbok': 3, 'Dragonair': 1, 'Poliwhirl': 2}"
snore40372,[Gen 1] UU,4,4,0,2024-11-17 14:06:58,2024-11-20 19:12:03,,,,"{'Drowzee': 2, 'Dragonite': 2, 'Kadabra': 3, 'Vaporeon': 2, 'Dodrio': 3, 'Persian': 2, 'Electabuzz': 2, 'Kangaskhan': 1, 'Tentacruel': 1}"
snore59874,[Gen 1] UU,3,0,3,2016-06-10 15:10:11,2016-06-10 15:24:05,1000.0,1000.0,"[1000.0, 1000.0]","{'Charizard': 3, 'Aerodactyl': 3, 'Electabuzz': 3, 'Raichu': 3, 'Dragonite': 3, 'Blastoise': 3}"
snorlax54279,[Gen 1] UU,5,1,4,2024-04-15 05:25:35,2024-08-14 01:21:48,,,,"{'Kangaskhan': 3, 'Kadabra': 4, 'Dodrio': 1, 'Dugtrio': 2, 'Dragonite': 5, 'Tentacruel': 5, 'Haunter': 2, 'Golem': 1, 'Tangela': 1, 'Electrode': 1, 'Dewgong': 1, 'Electabuzz': 1, 'Moltres': 1, 'Omastar': 1, 'Persian': 1}"
snowcloak75698,[Gen 1] UU,1,0,1,2016-07-19 11:39:30,2016-07-19 11:39:30,,,,"{'Charizard': 1, 'Aerodactyl': 1, 'Mr. Mime': 1, 'Victreebel': 1, 'Electabuzz': 1, 'Articuno': 1}"
snowwarning12967,[Gen 1] UU,3,1,2,2024-04-08 21:20:32,2024-04-08 21:41:25,,,,"{'Kadabra': 3, 'Haunter': 1, 'Dugtrio': 2, 'Articuno': 3, 'Dragonite': 1, 'Tentacruel': 3, 'Kangaskhan': 2, 'Clefable': 1, 'Dodrio': 1, 'Persian': 1}"
snowwarning13339,[Gen 1] UU,6,2,4,2021-06-05 01:30:42,2022-02-12 03:04:52,,,,"{'Tentacruel': 6, 'Kadabra': 6, 'Dugtrio': 3, 'Hypno': 6, 'Dragonite': 3, 'Vaporeon': 3, 'Kangaskhan': 3, 'Articuno': 1, 'Tangela': 1, 'Persian': 2, 'Venusaur': 2}"
snowwarning5655,[Gen 1] UU,1,0,1,2020-05-21 16:49:24,2020-05-21 16:49:24,,,,"{'Pidgeot': 1, 'Hitmonchan': 1, 'Arbok': 1, 'Electabuzz': 1, 'Magmar': 1, 'Beedrill': 1}"
snubbull54797,[Gen 1] UU,1,0,1,2016-06-10 16:03:21,2016-06-10 16:03:21,1000.0,1000.0,[1000.0],"{'Graveler': 1, 'Poliwrath': 1, 'Dewgong': 1, 'Victreebel': 1, 'Raichu': 1, 'Dragonite': 1}"
snubbull65353,[Gen 1] UU,8,4,4,2024-11-19 13:55:59,2024-11-24 13:40:43,,,,"{'Kangaskhan': 8, 'Electrode': 8, 'Kadabra': 8, 'Dugtrio': 8, 'Tangela': 8, 'Tentacruel': 8}"
snubbull75573,[Gen 1] UU,1,1,0,2017-12-02 16:41:33,2017-12-02 16:41:33,,,,"{'Growlithe': 1, 'Rattata': 1, 'Koffing': 1, 'Bulbasaur': 1, 'Squirtle': 1, 'Magnemite': 1}"
snubbull75943,[Gen 1] UU,4,1,3,2023-12-10 16:37:48,2023-12-17 22:17:22,,,,"{'Electrode': 1, 'Kadabra': 4, 'Dodrio': 3, 'Dewgong': 3, 'Tangela': 1, 'Articuno': 3, 'Kangaskhan': 1, 'Persian': 1, 'Venusaur': 1, 'Vaporeon': 1, 'Haunter': 1, 'Dugtrio': 2, 'Electabuzz': 1, 'Tentacruel': 1}"
softboiled65372,[Gen 1] UU,1,0,1,2019-12-08 20:21:32,2019-12-08 20:21:32,,,,"{'Sandshrew': 1, 'Eevee': 1, 'Koffing': 1, 'Bulbasaur': 1, 'Squirtle': 1, 'Charmander': 1}"
softsand83863,[Gen 1] UU,1,0,1,2023-12-04 02:38:21,2023-12-04 02:38:21,1050.0,1050.0,[1050.0],"{'Haunter': 1, 'Dugtrio': 1, 'Persian': 1, 'Articuno': 1, 'Dragonite': 1, 'Tentacruel': 1}"
solarbeam7451,[Gen 1] UU,1,1,0,2016-07-24 04:07:16,2016-07-24 04:07:16,1034.0,1034.0,[1034.0],"{'Golduck': 1, 'Persian': 1, 'Magneton': 1, 'Aerodactyl': 1}"
solarpower3830,[Gen 1] UU,1,1,0,2017-12-28 11:31:01,2017-12-28 11:31:01,,,,"{'Moltres': 1, 'Golduck': 1, 'Kangaskhan': 1, 'Pinsir': 1, 'Hypno': 1, 'Raichu': 1}"
solrock12454,[Gen 1] UU,2,1,1,2020-03-15 09:35:29,2020-03-29 09:55:12,,,,"{'Staryu': 1, 'Exeggcute': 1, 'Drowzee': 1, 'Krabby': 1, 'Diglett': 1, 'Abra': 1, 'Venomoth': 1, 'Porygon': 1, 'Slowpoke': 1, 'Nidoking': 1, 'Arcanine': 1, 'Blastoise': 1}"
sonicboom17864,[Gen 1] UU,1,1,0,2017-12-11 22:54:06,2017-12-11 22:54:06,,,,"{'Kadabra': 1, 'Dugtrio': 1, 'Haunter': 1, 'Tentacruel': 1}"
sonicboom26327,[Gen 1] UU,2,0,2,2016-07-20 08:34:31,2019-04-20 16:09:28,1000.0,1000.0,[1000.0],"{'Moltres': 1, 'Persian': 1, 'Hypno': 1, 'Articuno': 1, 'Dragonite': 1, 'Vaporeon': 1, 'Venomoth': 1, 'Porygon': 1, 'Nidoking': 1, 'Slowpoke': 1, 'Blastoise': 1, 'Abra': 1}"
soundproof93578,[Gen 1] UU,3,2,1,2019-05-20 01:25:27,2019-09-30 00:22:12,,,,"{'Omastar': 2, 'Haunter': 2, 'Dugtrio': 1, 'Hypno': 2, 'Dragonite': 1, 'Tentacruel': 1, 'Venomoth': 1, 'Porygon': 1, 'Poliwag': 1, 'Nidoking': 1, 'Abra': 1}"
spacialrend93815,[Gen 1] UU,6,3,3,2024-04-26 00:25:17,2024-05-01 01:23:04,,,,"{'Ninetales': 1, 'Kangaskhan': 4, 'Tentacruel': 6, 'Kadabra': 6, 'Dugtrio': 5, 'Articuno': 2, 'Haunter': 1, 'Golem': 1, 'Persian': 1, 'Dodrio': 3, 'Dewgong': 2, 'Clefable': 1, 'Gyarados': 1, 'Omastar': 1, 'Dragonite': 1}"
spearow17079,[Gen 1] UU,2,0,2,2024-05-12 07:10:29,2024-05-12 08:10:41,,,,"{'Omastar': 2, 'Kadabra': 2, 'Dodrio': 2, 'Dewgong': 2, 'Dugtrio': 2, 'Raichu': 1, 'Tangela': 1}"
spelltag68348,[Gen 1] UU,6,2,4,2023-10-22 17:03:54,2023-11-02 22:16:30,,,,"{'Kangaskhan': 6, 'Kadabra': 4, 'Haunter': 4, 'Dewgong': 2, 'Dugtrio': 3, 'Articuno': 3, 'Clefable': 2, 'Tentacruel': 3, 'Electabuzz': 2, 'Tangela': 2, 'Poliwrath': 1}"
spheal66020,[Gen 1] UU,1,0,1,2019-10-06 19:35:36,2019-10-06 19:35:36,,,,"{'Venomoth': 1, 'Staryu': 1, 'Omastar': 1, 'Nidoking': 1, 'Slowpoke': 1, 'Tangela': 1}"
spiderweb27115,[Gen 1] UU,23,12,11,2020-10-19 20:55:12,2022-03-09 21:13:26,,,,"{'Kadabra': 22, 'Dragonite': 10, 'Dugtrio': 11, 'Gyarados': 11, 'Hypno': 23, 'Tentacruel': 22, 'Persian': 6, 'Vaporeon': 4, 'Kangaskhan': 10, 'Tangela': 1, 'Haunter': 5, 'Articuno': 3, 'Electabuzz': 3, 'Omastar': 2}"
spiderweb62208,[Gen 1] UU,2,2,0,2019-10-08 02:38:08,2019-10-08 03:03:26,,,,"{'Venomoth': 2, 'Porygon': 2, 'Nidoking': 2, 'Slowpoke': 2, 'Tangela': 2, 'Omastar': 1}"
spiderweb91480,[Gen 1] UU,1,0,1,2023-12-06 15:36:37,2023-12-06 15:36:37,1000.0,1000.0,[1000.0],"{'Dewgong': 1, 'Dugtrio': 1, 'Charizard': 1, 'Tentacruel': 1}"
spinarak34575,[Gen 1] UU,1,0,1,2025-04-03 04:16:47,2025-04-03 04:16:47,1055.0,1055.0,[1055.0],"{'Lapras': 1, 'Kangaskhan': 1, 'Dugtrio': 1, 'Articuno': 1, 'Hypno': 1, 'Tentacruel': 1}"
spinarak37151,[Gen 1] UU,43,31,12,2017-12-07 06:03:14,2021-11-20 20:34:00,1099.0,1312.0,"[1111.0, 1099.0, 1127.0, 1259.0, 1312.0]","{'Weezing': 1, 'Mr. Mime': 1, 'Muk': 1, 'Clefable': 3, 'Arcanine': 1, 'Blastoise': 1, 'Kangaskhan': 9, 'Kadabra': 27, 'Persian': 9, 'Hypno': 40, 'Gyarados': 18, 'Tentacruel': 42, 'Dugtrio': 26, 'Dragonite': 24, 'Vaporeon': 17, 'Electabuzz': 8, 'Omastar': 4, 'Victreebel': 1, 'Tangela': 1, 'Aerodactyl': 2, 'Golem': 3, 'Articuno': 6, 'Venusaur': 1, 'Haunter': 1, 'Poliwrath': 2}"
spinda69541,[Gen 1] UU,1,0,1,2018-12-01 17:30:54,2018-12-01 17:30:54,,,,"{'Dugtrio': 1, 'Victreebel': 1, 'Tentacruel': 1, 'Hypno': 1}"
spiritomb27826,[Gen 1] UU,1,0,1,2022-02-04 04:45:10,2022-02-04 04:45:10,,,,"{'Charizard': 1, 'Tentacruel': 1, 'Kadabra': 1, 'Hypno': 1, 'Dragonite': 1, 'Vaporeon': 1}"
spiritomb9890,[Gen 1] UU,1,0,1,2016-07-23 13:23:43,2016-07-23 13:23:43,,,,"{'Venomoth': 1, 'Dugtrio': 1, 'Articuno': 1, 'Hypno': 1, 'Venusaur': 1, 'Tentacruel': 1}"
spoink27592,[Gen 1] UU,8,4,4,2024-08-17 03:13:53,2025-01-26 19:20:20,,,,"{'Kangaskhan': 8, 'Kadabra': 7, 'Haunter': 4, 'Persian': 3, 'Gyarados': 1, 'Tentacruel': 5, 'Dugtrio': 5, 'Electabuzz': 3, 'Dragonite': 7, 'Dewgong': 1, 'Dodrio': 1, 'Vaporeon': 1}"
spookyplate17762,[Gen 1] UU,1,1,0,2016-07-30 16:36:09,2016-07-30 16:36:09,1118.0,1118.0,[1118.0],"{'Charizard': 1, 'Sandslash': 1, 'Electrode': 1, 'Kadabra': 1, 'Dewgong': 1, 'Venusaur': 1}"
spore56585,[Gen 1] UU,2,0,2,2024-06-24 21:32:10,2024-06-24 21:41:29,,,,"{'Kangaskhan': 1, 'Kadabra': 2, 'Dugtrio': 1, 'Clefable': 1, 'Gyarados': 2, 'Tentacruel': 2, 'Golem': 1, 'Dodrio': 1, 'Dewgong': 1}"
sportball36074,[Gen 1] UU,1,0,1,2019-12-13 04:35:53,2019-12-13 04:35:53,,,,"{'Charizard': 1, 'Onix': 1, 'Machamp': 1, 'Electabuzz': 1, 'Dragonite': 1, 'Articuno': 1}"
stantler45901,[Gen 1] UU,4,0,4,2016-07-26 17:09:29,2016-07-26 17:50:56,,,,"{'Charizard': 4, 'Butterfree': 3, 'Kangaskhan': 4, 'Kadabra': 3, 'Gyarados': 4, 'Venusaur': 3, 'Golduck': 1, 'Aerodactyl': 1, 'Hitmonlee': 1}"
staraptor98013,[Gen 1] UU,2,1,1,2023-12-07 22:54:06,2023-12-22 21:31:38,1000.0,1235.0,"[1000.0, 1235.0]","{'Kadabra': 2, 'Haunter': 2, 'Golem': 2, 'Persian': 2, 'Articuno': 2, 'Tentacruel': 2}"
staravia72504,[Gen 1] UU,1,1,0,2020-02-16 23:54:30,2020-02-16 23:54:30,,,,"{'Raticate': 1, 'Poliwrath': 1, 'Graveler': 1, 'Machamp': 1, 'Arcanine': 1, 'Tangela': 1}"
starfberry84995,[Gen 1] UU,58,31,27,2019-10-28 22:12:48,2023-04-30 20:26:59,,,,"{'Tentacruel': 52, 'Dodrio': 4, 'Electabuzz': 7, 'Tangela': 5, 'Hypno': 57, 'Vaporeon': 6, 'Kangaskhan': 30, 'Haunter': 23, 'Dugtrio': 32, 'Dragonite': 25, 'Omastar': 7, 'Gyarados': 10, 'Kadabra': 41, 'Articuno': 13, 'Lapras': 8, 'Golem': 4, 'Persian': 12, 'Electrode': 1, 'Raichu': 1, 'Venomoth': 1, 'Porygon': 1, 'Magneton': 1, 'Nidoking': 1, 'Blastoise': 1, 'Abra': 1}"
starly22221,[Gen 1] UU,1,0,1,2025-04-03 20:28:28,2025-04-03 20:28:28,1010.0,1010.0,[1010.0],"{'Kadabra': 1, 'Dodrio': 1, 'Dugtrio': 1, 'Electabuzz': 1, 'Dragonite': 1, 'Tentacruel': 1}"
starmie39041,[Gen 1] UU,4,2,2,2020-08-19 00:04:56,2020-08-19 04:24:57,,,,"{'Venomoth': 1, 'Golbat': 1, 'Onix': 1, 'Geodude': 1, 'Kadabra': 1, 'Tangela': 1, 'Gloom': 1, 'Weepinbell': 1}"
static92475,[Gen 1] UU,1,0,1,2020-03-08 20:55:42,2020-03-08 20:55:42,,,,"{'Haunter': 1, 'Dugtrio': 1, 'Hypno': 1, 'Beedrill': 1, 'Dragonite': 1, 'Tentacruel': 1}"
steadfast85547,[Gen 1] UU,1,1,0,2024-12-16 21:23:05,2024-12-16 21:23:05,,,,"{'Kadabra': 1, 'Dewgong': 1, 'Clefable': 1, 'Dragonite': 1, 'Tentacruel': 1}"
stealthrock23092,[Gen 1] UU,2,1,1,2019-12-24 03:25:05,2020-01-02 00:52:35,,,,"{'Arcanine': 2, 'Tangela': 2, 'Poliwrath': 2, 'Graveler': 2, 'Raticate': 1}"
steelix40263,[Gen 1] UU,1,1,0,2019-12-13 18:08:37,2019-12-13 18:08:37,,,,"{'Charizard': 1, 'Aerodactyl': 1, 'Arcanine': 1, 'Dragonite': 1, 'Blastoise': 1, 'Articuno': 1}"
steelix83008,[Gen 1] UU,30,15,15,2016-01-10 17:30:04,2020-01-18 20:54:27,1021.0,1386.0,"[1021.0, 1066.0, 1386.0, 1074.0, 1220.0, 1166.0, 1168.0, 1110.0, 1184.0]","{'Moltres': 4, 'Staryu': 1, 'Hypno': 19, 'Raichu': 4, 'Dragonite': 15, 'Articuno': 9, 'Omastar': 13, 'Dugtrio': 18, 'Venusaur': 4, 'Tentacruel': 25, 'Gyarados': 8, 'Kadabra': 7, 'Poliwrath': 2, 'Haunter': 5, 'Seadra': 3, 'Venomoth': 3, 'Rapidash': 3, 'Blastoise': 3, 'Abra': 3, 'Victreebel': 3, 'Kangaskhan': 6, 'Electabuzz': 2, 'Mr. Mime': 1, 'Clefable': 1, 'Tangela': 1, 'Gastly': 1, 'Raticate': 1, 'Vaporeon': 5, 'Exeggcute': 1, 'Dodrio': 5, 'Butterfree': 1, 'Dewgong': 1}"
stick28306,[Gen 1] UU,2,2,0,2016-06-19 21:40:25,2016-07-29 01:39:09,,,,"{'Tentacruel': 1, 'Victreebel': 1, 'Hypno': 2, 'Raichu': 2, 'Articuno': 2, 'Kangaskhan': 1, 'Omastar': 1, 'Tangela': 1}"
stickybarb30509,[Gen 1] UU,1,1,0,2019-12-23 21:24:48,2019-12-23 21:24:48,,,,"{'Electabuzz': 1, 'Kangaskhan': 1, 'Golem': 1, 'Gyarados': 1, 'Hypno': 1, 'Articuno': 1}"
stickybarb85522,[Gen 1] UU,1,1,0,2017-12-26 16:33:24,2017-12-26 16:33:24,,,,"{'Moltres': 1, 'Kadabra': 1, 'Haunter': 1, 'Victreebel': 1, 'Electabuzz': 1, 'Articuno': 1}"
stickyhold17429,[Gen 1] UU,1,1,0,2017-12-04 21:47:53,2017-12-04 21:47:53,1053.0,1053.0,[1053.0],"{'Rapidash': 1, 'Omastar': 1, 'Victreebel': 1, 'Persian': 1, 'Articuno': 1, 'Tentacruel': 1}"
stickyhold28957,[Gen 1] UU,1,0,1,2020-08-24 11:55:59,2020-08-24 11:55:59,,,,"{'Charizard': 1, 'Nidoking': 1, 'Muk': 1, 'Ditto': 1, 'Venusaur': 1, 'Blastoise': 1}"
stickyhold42019,[Gen 1] UU,1,0,1,2023-12-06 19:22:03,2023-12-06 19:22:03,1002.0,1002.0,[1002.0],"{'Kadabra': 1, 'Dodrio': 1, 'Dugtrio': 1, 'Gyarados': 1, 'Venusaur': 1, 'Tentacruel': 1}"
stockpile60030,[Gen 1] UU,1,0,1,2019-06-19 01:30:17,2019-06-19 01:30:17,,,,"{'Vulpix': 1, 'Hitmonchan': 1, 'Ivysaur': 1, 'Mr. Mime': 1, 'Pikachu': 1, 'Squirtle': 1}"
stomp58197,[Gen 1] UU,1,0,1,2017-12-03 06:52:06,2017-12-03 06:52:06,1026.0,1026.0,[1026.0],"{'Charizard': 1, 'Aerodactyl': 1, 'Weezing': 1, 'Venusaur': 1, 'Dragonite': 1, 'Blastoise': 1}"
stoneplate55960,[Gen 1] UU,8,5,3,2024-04-12 12:09:18,2024-10-06 19:44:25,,,,"{'Clefable': 2, 'Electrode': 2, 'Haunter': 6, 'Dugtrio': 7, 'Gyarados': 2, 'Tentacruel': 5, 'Kadabra': 4, 'Dewgong': 2, 'Electabuzz': 2, 'Articuno': 4, 'Kangaskhan': 3, 'Persian': 1, 'Dragonite': 1, 'Dodrio': 1, 'Lapras': 1, 'Jolteon': 1, 'Hypno': 1, 'Tangela': 1}"
strength40801,[Gen 1] UU,2,1,1,2016-07-27 02:39:31,2016-08-01 04:07:27,1031.0,1031.0,[1031.0],"{'Dugtrio': 1, 'Dodrio': 2, 'Tentacruel': 2, 'Kangaskhan': 1, 'Haunter': 1, 'Persian': 1, 'Articuno': 1}"
stringshot28281,[Gen 1] UU,1,0,1,2020-08-03 20:50:54,2020-08-03 20:50:54,,,,"{'Kangaskhan': 1, 'Kadabra': 1, 'Haunter': 1, 'Dugtrio': 1, 'Hypno': 1, 'Tentacruel': 1}"
stringshot94614,[Gen 1] UU,2,2,0,2020-08-17 10:24:04,2020-08-28 22:59:52,,,,"{'Omastar': 1, 'Haunter': 1, 'Dugtrio': 1, 'Hypno': 1, 'Dragonite': 1, 'Tentacruel': 1, 'Venomoth': 1, 'Poliwhirl': 1}"
struggle65719,[Gen 1] UU,1,0,1,2016-07-10 17:18:32,2016-07-10 17:18:32,1057.0,1057.0,[1057.0],"{'Charizard': 1, 'Gyarados': 1, 'Arcanine': 1, 'Venusaur': 1, 'Dragonite': 1}"
substitute25984,[Gen 1] UU,1,1,0,2017-12-10 19:35:57,2017-12-10 19:35:57,,,,"{'Tentacruel': 1, 'Hypno': 1}"
substitute36275,[Gen 1] UU,1,0,1,2025-04-12 17:15:55,2025-04-12 17:15:55,1253.0,1253.0,[1253.0],"{'Clefable': 1, 'Lapras': 1, 'Electrode': 1, 'Dugtrio': 1, 'Persian': 1, 'Hypno': 1}"
substitute4105,[Gen 1] UU,2,1,1,2016-06-16 11:36:56,2016-06-16 16:59:51,1000.0,1000.0,[1000.0],"{'Scyther': 1, 'Venomoth': 2, 'Charizard': 2, 'Onix': 2, 'Magneton': 2, 'Poliwrath': 2}"
substitute47152,[Gen 1] UU,1,0,1,2023-12-29 23:32:24,2023-12-29 23:32:24,1000.0,1000.0,[1000.0],"{'Aerodactyl': 1, 'Tentacruel': 1, 'Dugtrio': 1, 'Persian': 1, 'Venusaur': 1, 'Articuno': 1}"
sudowoodo16415,[Gen 1] UU,1,0,1,2017-12-18 18:14:56,2017-12-18 18:14:56,1000.0,1000.0,[1000.0],"{'Pidgeot': 1, 'Electrode': 1, 'Kadabra': 1, 'Hitmonchan': 1, 'Persian': 1, 'Clefable': 1}"
sudowoodo27059,[Gen 1] UU,1,0,1,2025-04-10 21:14:42,2025-04-10 21:14:42,1000.0,1000.0,[1000.0],"{'Kangaskhan': 1, 'Electrode': 1, 'Poliwrath': 1, 'Dodrio': 1, 'Tangela': 1, 'Vaporeon': 1}"
suicune32365,[Gen 1] UU,1,1,0,2016-06-04 20:38:26,2016-06-04 20:38:26,1000.0,1000.0,[1000.0],"{'Pidgeot': 1, 'Charizard': 1, 'Muk': 1, 'Raichu': 1, 'Venusaur': 1, 'Blastoise': 1}"
suicune87392,[Gen 1] UU,3,1,2,2024-08-19 19:06:38,2024-08-19 19:14:37,,,,"{'Kangaskhan': 3, 'Kadabra': 3, 'Dugtrio': 2, 'Electabuzz': 1, 'Tentacruel': 3, 'Haunter': 2, 'Persian': 1, 'Gyarados': 1, 'Dragonite': 1}"
sunflora15273,[Gen 1] UU,1,0,1,2023-12-21 19:40:17,2023-12-21 19:40:17,1029.0,1029.0,[1029.0],"{'Kadabra': 1, 'Haunter': 1, 'Dugtrio': 1, 'Victreebel': 1, 'Gyarados': 1, 'Tentacruel': 1}"
sunflora20877,[Gen 1] UU,3,1,2,2025-04-10 21:55:26,2025-04-10 23:28:05,1000.0,1000.0,"[1000.0, 1000.0, 1000.0]","{'Electabuzz': 2, 'Kangaskhan': 3, 'Haunter': 2, 'Dugtrio': 2, 'Gyarados': 2, 'Dragonite': 2, 'Magneton': 1, 'Primeape': 1, 'Vaporeon': 1}"
sunflora87131,[Gen 1] UU,2,0,2,2019-09-28 19:44:52,2019-09-28 20:11:08,,,,"{'Kangaskhan': 2, 'Kadabra': 2, 'Haunter': 1, 'Dugtrio': 1, 'Hypno': 2, 'Tentacruel': 2, 'Victreebel': 1, 'Dragonite': 1}"
sunkern50532,[Gen 1] UU,6,5,1,2024-03-10 03:30:51,2024-03-10 04:03:27,,,,"{'Kadabra': 6, 'Haunter': 6, 'Dugtrio': 6, 'Persian': 5, 'Raichu': 5, 'Tentacruel': 5}"
sunnyday92776,[Gen 1] UU,1,0,1,2020-02-02 22:32:27,2020-02-02 22:32:27,,,,"{'Ninetales': 1, 'Rapidash': 1, 'Omastar': 1, 'Onix': 1, 'Electrode': 1, 'Parasect': 1}"
superfang61433,[Gen 1] UU,5,4,1,2017-12-09 20:28:02,2017-12-15 15:39:07,,,,"{'Omastar': 4, 'Victreebel': 5, 'Electabuzz': 4, 'Tangela': 4, 'Hypno': 5, 'Tentacruel': 5, 'Kadabra': 1, 'Poliwrath': 1}"
superfang71198,[Gen 1] UU,1,0,1,2016-07-04 05:08:24,2016-07-04 05:08:24,,,,"{'Moltres': 1, 'Golduck': 1, 'Haunter': 1, 'Dugtrio': 1, 'Raichu': 1, 'Tangela': 1}"
swablu25932,[Gen 1] UU,1,1,0,2019-06-11 03:06:04,2019-06-11 03:06:04,,,,"{'Omastar': 1, 'Haunter': 1, 'Dugtrio': 1, 'Hypno': 1, 'Dragonite': 1, 'Tentacruel': 1}"
swagger2859,[Gen 1] UU,3,2,1,2024-02-03 18:19:23,2024-02-03 18:37:46,,,,"{'Kangaskhan': 3, 'Dodrio': 3, 'Dugtrio': 1, 'Electabuzz': 2, 'Tentacruel': 3, 'Vaporeon': 1, 'Persian': 2, 'Clefable': 1, 'Articuno': 1}"
swarm86048,[Gen 1] UU,2,0,2,2019-04-15 15:27:43,2019-04-15 15:38:26,,,,"{'Doduo': 2, 'Rhyhorn': 2, 'Omanyte': 1, 'Ekans': 1, 'Pikachu': 2, 'Abra': 2, 'Tentacool': 1}"
sweetscent3994,[Gen 1] UU,22,7,15,2018-12-09 20:55:41,2020-05-02 06:11:10,,,,"{'Kadabra': 10, 'Golem': 4, 'Dugtrio': 16, 'Gyarados': 7, 'Hypno': 19, 'Tentacruel': 19, 'Electabuzz': 1, 'Tangela': 5, 'Haunter': 4, 'Rapidash': 2, 'Kangaskhan': 4, 'Persian': 1, 'Raichu': 5, 'Venusaur': 1, 'Poliwrath': 5, 'Dragonite': 5, 'Articuno': 3, 'Voltorb': 1, 'Staryu': 1, 'Rhyhorn': 1, 'Exeggcute': 2, 'Rattata': 1, 'Diglett': 1, 'Omastar': 2, 'Venomoth': 1, 'Porygon': 1, 'Nidoking': 1, 'Machamp': 1, 'Slowpoke': 1, 'Dodrio': 1, 'Dewgong': 1}"
swordsdance57842,[Gen 1] UU,1,0,1,2019-10-22 02:18:26,2019-10-22 02:18:26,,,,"{'Kangaskhan': 1, 'Kadabra': 1, 'Haunter': 1, 'Dugtrio': 1, 'Hypno': 1, 'Tentacruel': 1}"
synchronize14428,[Gen 1] UU,3,1,2,2021-06-05 20:28:56,2021-06-06 19:49:04,,,,"{'Kadabra': 3, 'Dugtrio': 3, 'Persian': 2, 'Hypno': 3, 'Articuno': 2, 'Tentacruel': 3, 'Kangaskhan': 1, 'Haunter': 1}"
taillow21934,[Gen 1] UU,24,16,8,2024-04-07 20:37:08,2024-08-18 19:50:14,,,,"{'Kadabra': 20, 'Dodrio': 6, 'Dewgong': 7, 'Clefable': 6, 'Tangela': 2, 'Tentacruel': 14, 'Ninetales': 5, 'Kangaskhan': 14, 'Dugtrio': 14, 'Articuno': 6, 'Golem': 4, 'Gyarados': 6, 'Haunter': 5, 'Dragonite': 8, 'Exeggcute': 1, 'Arbok': 1, 'Victreebel': 1, 'Electabuzz': 3, 'Persian': 4, 'Arcanine': 2, 'Seadra': 1, 'Electrode': 3, 'Aerodactyl': 1, 'Rapidash': 1, 'Raichu': 1}"
taillow37802,[Gen 1] UU,2,0,2,2023-04-08 21:39:00,2023-04-08 21:51:10,,,,"{'Lapras': 2, 'Electrode': 1, 'Kadabra': 1, 'Hypno': 2, 'Dragonite': 2, 'Tentacruel': 2, 'Dugtrio': 1, 'Persian': 1}"
tailwhip2839,[Gen 1] UU,23,17,6,2018-12-04 10:27:21,2020-07-21 03:21:48,1129.0,1129.0,[1129.0],"{'Kangaskhan': 13, 'Kadabra': 18, 'Haunter': 3, 'Dugtrio': 15, 'Hypno': 18, 'Tentacruel': 13, 'Electabuzz': 12, 'Clefable': 1, 'Articuno': 6, 'Venomoth': 3, 'Porygon': 3, 'Omastar': 1, 'Nidoking': 3, 'Slowpoke': 3, 'Abra': 4, 'Persian': 1, 'Meowth': 2, 'Exeggcute': 2, 'Staryu': 2, 'Gastly': 1, 'Tangela': 1, 'Blastoise': 1}"
tailwhip43653,[Gen 1] UU,2,2,0,2019-12-05 15:27:58,2019-12-06 21:03:45,,,,"{'Golduck': 2, 'Venusaur': 1, 'Haunter': 2, 'Articuno': 1, 'Moltres': 1, 'Dugtrio': 1, 'Tangela': 1}"
tamatoberry5969,[Gen 1] UU,1,0,1,2023-12-14 22:03:39,2023-12-14 22:03:39,1023.0,1023.0,[1023.0],"{'Tentacruel': 1, 'Kadabra': 1, 'Dodrio': 1, 'Dugtrio': 1, 'Electabuzz': 1, 'Vaporeon': 1}"
tangrowth23890,[Gen 1] UU,27,20,7,2019-12-15 01:58:25,2025-05-06 22:28:35,1000.0,1253.0,"[1000.0, 1046.0, 1000.0, 1000.0, 1000.0, 1105.0, 1010.0, 1075.0, 1042.0, 1055.0, 1000.0, 1140.0, 1032.0, 1253.0]","{'Lapras': 8, 'Kangaskhan': 20, 'Haunter': 13, 'Dugtrio': 23, 'Hypno': 8, 'Tentacruel': 6, 'Kadabra': 21, 'Persian': 6, 'Articuno': 13, 'Goldeen': 1, 'Venonat': 1, 'Seel': 1, 'Jigglypuff': 1, 'Bellsprout': 1, 'Charmander': 1, 'Dewgong': 12, 'Dragonite': 11}"
tangrowth64443,[Gen 1] UU,7,6,1,2024-11-21 00:26:49,2024-11-23 21:29:14,,,,"{'Kangaskhan': 7, 'Dodrio': 5, 'Dugtrio': 7, 'Persian': 5, 'Arcanine': 5, 'Tentacruel': 3, 'Kadabra': 2, 'Clefable': 2}"
tangrowth85656,[Gen 1] UU,1,0,1,2016-06-02 17:35:53,2016-06-02 17:35:53,1000.0,1000.0,[1000.0],"{'Golduck': 1, 'Kadabra': 1, 'Graveler': 1, 'Dodrio': 1, 'Raichu': 1, 'Venusaur': 1}"
taunt17457,[Gen 1] UU,41,19,22,2020-08-14 13:19:34,2022-01-04 02:47:11,,,,"{'Kadabra': 24, 'Golem': 1, 'Dugtrio': 17, 'Gyarados': 6, 'Hypno': 39, 'Tentacruel': 37, 'Kangaskhan': 3, 'Haunter': 10, 'Articuno': 11, 'Persian': 27, 'Aerodactyl': 10, 'Raticate': 2, 'Omastar': 3, 'Electabuzz': 11, 'Tangela': 2, 'Arbok': 1, 'Dragonite': 5, 'Charizard': 3, 'Venusaur': 10, 'Dewgong': 9, 'Mr. Mime': 2, 'Lickitung': 2, 'Clefable': 2, 'Blastoise': 2, 'Vaporeon': 2, 'Venomoth': 2}"
taunt67922,[Gen 1] UU,1,0,1,2023-12-30 02:17:58,2023-12-30 02:17:58,1010.0,1010.0,[1010.0],"{'Machamp': 1, 'Electabuzz': 1, 'Arcanine': 1, 'Tangela': 1, 'Dragonite': 1, 'Tentacruel': 1}"
tauros651,[Gen 1] UU,1,0,1,2020-07-27 01:40:35,2020-07-27 01:40:35,,,,"{'Raticate': 1, 'Poliwrath': 1, 'Golem': 1, 'Machamp': 1, 'Arcanine': 1, 'Tangela': 1}"
technician1062,[Gen 1] UU,1,1,0,2023-12-21 19:49:29,2023-12-21 19:49:29,,,,"{'Kangaskhan': 1, 'Kadabra': 1, 'Dodrio': 1, 'Articuno': 1, 'Electabuzz': 1, 'Tentacruel': 1}"
teeterdance12312,[Gen 1] UU,1,0,1,2017-12-15 15:39:07,2017-12-15 15:39:07,,,,"{'Moltres': 1, 'Kadabra': 1, 'Haunter': 1, 'Dugtrio': 1, 'Hypno': 1, 'Articuno': 1}"
teeterdance75058,[Gen 1] UU,7,4,3,2020-11-08 19:16:21,2020-11-28 21:44:51,,,,"{'Kadabra': 5, 'Dugtrio': 7, 'Persian': 1, 'Gyarados': 2, 'Hypno': 7, 'Tentacruel': 6, 'Vaporeon': 3, 'Dragonite': 4, 'Dodrio': 1, 'Kangaskhan': 1, 'Haunter': 2}"
teleport7011,[Gen 1] UU,2,0,2,2024-08-09 21:13:55,2024-08-09 21:30:34,,,,"{'Kadabra': 2, 'Dodrio': 2, 'Dugtrio': 1, 'Persian': 2, 'Raichu': 1, 'Dragonite': 1, 'Kangaskhan': 1, 'Clefable': 1, 'Tentacruel': 1}"
teleport81794,[Gen 1] UU,1,0,1,2020-05-10 02:04:02,2020-05-10 02:04:02,,,,"{'Golduck': 1, 'Venomoth': 1, 'Butterfree': 1, 'Muk': 1, 'Electabuzz': 1, 'Tangela': 1}"
tentacool530,[Gen 1] UU,1,1,0,2020-07-06 21:40:23,2020-07-06 21:40:23,,,,{'Golduck': 1}
tentacruel45936,[Gen 1] UU,1,0,1,2016-06-05 17:38:44,2016-06-05 17:38:44,1011.0,1011.0,[1011.0],"{'Aerodactyl': 1, 'Nidoqueen': 1, 'Graveler': 1, 'Raichu': 1, 'Venusaur': 1, 'Vaporeon': 1}"
thickclub70730,[Gen 1] UU,2,2,0,2020-02-02 22:30:03,2020-02-02 22:32:27,,,,"{'Venomoth': 2, 'Staryu': 2, 'Omastar': 2, 'Nidoking': 2, 'Tangela': 2, 'Porygon': 1}"
thrash68706,[Gen 1] UU,1,0,1,2016-07-25 16:50:57,2016-07-25 16:50:57,,,,"{'Charizard': 1, 'Butterfree': 1, 'Gyarados': 1, 'Venusaur': 1, 'Dragonite': 1, 'Blastoise': 1}"
thrash90498,[Gen 1] UU,2,2,0,2024-11-03 22:05:36,2024-11-10 20:13:29,,,,"{'Kangaskhan': 2, 'Kadabra': 2, 'Dodrio': 1, 'Dugtrio': 1, 'Persian': 1, 'Tentacruel': 2, 'Golem': 1, 'Dragonite': 1}"
thunder8135,[Gen 1] UU,1,0,1,2019-12-10 02:29:24,2019-12-10 02:29:24,,,,"{'Kadabra': 1, 'Articuno': 1, 'Electabuzz': 1, 'Tangela': 1, 'Fearow': 1, 'Dragonite': 1}"
thunder8223,[Gen 1] UU,1,0,1,2019-10-26 12:58:26,2019-10-26 12:58:26,,,,"{'Omastar': 1, 'Haunter': 1, 'Dodrio': 1, 'Victreebel': 1, 'Persian': 1, 'Raichu': 1}"
thunderbolt38411,[Gen 1] UU,1,1,0,2020-04-25 17:45:50,2020-04-25 17:45:50,,,,"{'Moltres': 1, 'Raichu': 1, 'Dugtrio': 1, 'Hypno': 1}"
thunderfang1659,[Gen 1] UU,2,0,2,2024-11-30 01:20:06,2024-11-30 02:25:41,,,,"{'Charizard': 1, 'Kadabra': 2, 'Haunter': 1, 'Dugtrio': 2, 'Dragonite': 2, 'Tentacruel': 2, 'Kangaskhan': 1, 'Gyarados': 1}"
thunderfang72442,[Gen 1] UU,1,0,1,2025-04-12 10:30:53,2025-04-12 10:30:53,1000.0,1000.0,[1000.0],"{'Clefable': 1, 'Kangaskhan': 1, 'Electrode': 1, 'Dodrio': 1, 'Persian': 1, 'Gyarados': 1}"
tickle17013,[Gen 1] UU,1,0,1,2020-05-10 01:45:17,2020-05-10 01:45:17,,,,"{'Kadabra': 1, 'Haunter': 1, 'Dugtrio': 1, 'Persian': 1, 'Electabuzz': 1, 'Dragonite': 1}"
togekiss89228,[Gen 1] UU,2,0,2,2016-06-24 01:36:24,2016-06-24 04:23:44,1027.0,1027.0,[1027.0],"{'Porygon': 2, 'Hitmonlee': 2, 'Ditto': 2, 'Clefable': 2, 'Gyarados': 2, 'Articuno': 2}"
togepi8223,[Gen 1] UU,3,1,2,2025-01-09 15:08:57,2025-01-09 21:41:38,,,,"{'Venomoth': 1, 'Kangaskhan': 3, 'Omastar': 1, 'Kadabra': 1, 'Haunter': 2, 'Clefable': 2, 'Seadra': 1, 'Dugtrio': 1, 'Persian': 2, 'Raichu': 1, 'Dragonite': 1, 'Golem': 1, 'Vaporeon': 1}"
torkoal48922,[Gen 1] UU,1,1,0,2019-12-13 04:35:53,2019-12-13 04:35:53,,,,"{'Pinsir': 1, 'Blastoise': 1, 'Vaporeon': 1}"
torment71071,[Gen 1] UU,2,1,1,2020-04-22 20:38:47,2020-04-23 00:54:15,,,,"{'Moltres': 2, 'Kangaskhan': 2, 'Kadabra': 2, 'Electabuzz': 1, 'Arcanine': 1, 'Articuno': 2, 'Vileplume': 1, 'Onix': 1}"
totodile26717,[Gen 1] UU,1,1,0,2019-03-03 13:00:30,2019-03-03 13:00:30,,,,"{'Kadabra': 1, 'Persian': 1, 'Gyarados': 1, 'Arcanine': 1, 'Articuno': 1}"
tox12510,[Gen 1] UU,1,1,0,2019-01-01 15:17:55,2019-01-01 15:17:55,,,,"{'Kangaskhan': 1, 'Kadabra': 1, 'Haunter': 1, 'Dugtrio': 1, 'Hypno': 1, 'Tentacruel': 1}"
tox98782,[Gen 1] UU,1,1,0,2016-07-23 13:23:43,2016-07-23 13:23:43,,,,"{'Kangaskhan': 1, 'Tentacruel': 1, 'Hypno': 1, 'Raichu': 1, 'Articuno': 1}"
toxic83968,[Gen 1] UU,1,0,1,2020-07-26 10:53:17,2020-07-26 10:53:17,,,,"{'Moltres': 1, 'Flareon': 1, 'Electrode': 1, 'Dodrio': 1, 'Hypno': 1, 'Blastoise': 1}"
trace35180,[Gen 1] UU,3,2,1,2019-03-05 13:45:07,2020-07-12 20:21:38,,,,"{'Seadra': 2, 'Ninetales': 3, 'Electrode': 2, 'Dragonair': 2, 'Gastly': 2, 'Poliwag': 1, 'Lickitung': 1, 'Pikachu': 2, 'Onix': 1}"
transform81957,[Gen 1] UU,3,0,3,2021-02-09 19:10:08,2021-02-09 19:23:06,,,,"{'Hypno': 3, 'Tangela': 3, 'Omastar': 3, 'Tentacruel': 3, 'Kadabra': 2, 'Dragonite': 2}"
trapinch46579,[Gen 1] UU,14,8,6,2017-12-09 16:37:31,2017-12-09 18:28:30,,,,"{'Growlithe': 14, 'Goldeen': 14, 'Eevee': 13, 'Koffing': 12, 'Bulbasaur': 14, 'Magnemite': 14}"
trapped14365,[Gen 1] UU,3,3,0,2019-08-18 14:15:21,2019-08-18 14:31:11,,,,"{'Electabuzz': 3, 'Dragonite': 3, 'Tentacruel': 3, 'Hypno': 3, 'Golduck': 2, 'Kangaskhan': 1}"
treecko19931,[Gen 1] UU,1,0,1,2022-01-15 15:05:41,2022-01-15 15:05:41,,,,"{'Tentacruel': 1, 'Kadabra': 1, 'Articuno': 1, 'Hypno': 1, 'Venusaur': 1, 'Vaporeon': 1}"
treecko38288,[Gen 1] UU,1,0,1,2016-06-05 18:09:09,2016-06-05 18:09:09,,,,"{'Charizard': 1, 'Butterfree': 1, 'Kabutops': 1, 'Ditto': 1, 'Arcanine': 1, 'Articuno': 1}"
triattack45826,[Gen 1] UU,18,18,0,2016-06-09 23:00:14,2016-06-10 16:50:40,1000.0,1165.0,"[1000.0, 1064.0, 1000.0, 1000.0, 1114.0, 1000.0, 1163.0, 1000.0, 1000.0, 1000.0, 1000.0, 1000.0, 1165.0, 1000.0]","{'Dugtrio': 13, 'Electabuzz': 7, 'Articuno': 16, 'Hypno': 9, 'Moltres': 13, 'Raichu': 10, 'Victreebel': 6, 'Vaporeon': 1, 'Venusaur': 1, 'Haunter': 2, 'Dragonite': 2}"
triattack7450,[Gen 1] UU,1,0,1,2019-08-16 06:07:25,2019-08-16 06:07:25,,,,"{'Flareon': 1, 'Aerodactyl': 1, 'Machamp': 1, 'Gyarados': 1, 'Arcanine': 1, 'Dragonite': 1}"
triattack92475,[Gen 1] UU,1,0,1,2020-01-30 18:11:54,2020-01-30 18:11:54,,,,"{'Flareon': 1, 'Wigglytuff': 1, 'Raticate': 1, 'Poliwrath': 1, 'Muk': 1, 'Vaporeon': 1}"
triattack9573,[Gen 1] UU,1,0,1,2016-08-01 10:39:44,2016-08-01 10:39:44,1000.0,1000.0,[1000.0],"{'Charizard': 1, 'Muk': 1, 'Ditto': 1, 'Electabuzz': 1, 'Dragonite': 1, 'Blastoise': 1}"
trick33871,[Gen 1] UU,16,12,4,2019-10-07 11:54:46,2020-10-16 23:24:44,,,,"{'Kangaskhan': 4, 'Kadabra': 10, 'Haunter': 3, 'Dugtrio': 7, 'Hypno': 10, 'Tentacruel': 9, 'Moltres': 3, 'Charizard': 3, 'Mr. Mime': 3, 'Dewgong': 2, 'Venusaur': 2, 'Doduo': 2, 'Exeggcute': 2, 'Dratini': 2, 'Drowzee': 2, 'Diglett': 2, 'Gastly': 2, 'Omastar': 1, 'Tangela': 1, 'Gyarados': 4, 'Dragonite': 5, 'Kabutops': 2, 'Venomoth': 1, 'Porygon': 1, 'Nidoking': 2, 'Nidoqueen': 1, 'Slowpoke': 1, 'Blastoise': 1, 'Dragonair': 1}"
trick89765,[Gen 1] UU,1,0,1,2020-06-22 21:15:07,2020-06-22 21:15:07,,,,"{'Growlithe': 1, 'Doduo': 1, 'Machop': 1, 'Rhyhorn': 1, 'Bellsprout': 1, 'Tentacool': 1}"
triplekick62950,[Gen 1] UU,1,0,1,2020-01-04 06:24:30,2020-01-04 06:24:30,,,,"{'Arbok': 1, 'Mr. Mime': 1, 'Dugtrio': 1, 'Venusaur': 1, 'Dragonite': 1, 'Articuno': 1}"
tropius71259,[Gen 1] UU,1,0,1,2016-07-14 00:44:21,2016-07-14 00:44:21,,,,"{'Charizard': 1, 'Dragonite': 1, 'Gyarados': 1}"
tropius75967,[Gen 1] UU,3,1,2,2021-12-13 03:04:53,2021-12-13 03:29:20,,,,"{'Aerodactyl': 1, 'Haunter': 1, 'Dewgong': 1, 'Dugtrio': 3, 'Hypno': 3, 'Tentacruel': 3, 'Kadabra': 2, 'Venusaur': 2, 'Gyarados': 2}"
truant67774,[Gen 1] UU,1,0,1,2025-04-09 21:34:56,2025-04-09 21:34:56,1000.0,1000.0,[1000.0],"{'Electabuzz': 1, 'Charizard': 1, 'Hypno': 1, 'Dragonite': 1, 'Blastoise': 1, 'Articuno': 1}"
truant84021,[Gen 1] UU,16,2,14,2019-06-23 09:29:11,2023-05-05 19:12:26,,,,"{'Lapras': 5, 'Dugtrio': 9, 'Persian': 7, 'Hypno': 16, 'Dragonite': 5, 'Tentacruel': 14, 'Kadabra': 8, 'Omastar': 3, 'Gyarados': 4, 'Haunter': 5, 'Kangaskhan': 6, 'Tangela': 1, 'Articuno': 4, 'Electabuzz': 3, 'Dodrio': 1, 'Vaporeon': 1, 'Golem': 1}"
trumpcard86697,[Gen 1] UU,1,0,1,2016-07-29 01:39:09,2016-07-29 01:39:09,,,,"{'Poliwrath': 1, 'Hypno': 1, 'Raichu': 1, 'Venusaur': 1, 'Dragonite': 1, 'Articuno': 1}"
trumpcard89518,[Gen 1] UU,1,0,1,2019-09-14 00:06:19,2019-09-14 00:06:19,,,,"{'Pidgeotto': 1, 'Scyther': 1, 'Aerodactyl': 1, 'Raichu': 1, 'Primeape': 1, 'Blastoise': 1}"
turtwig8717,[Gen 1] UU,3,1,2,2019-09-02 11:01:43,2019-09-09 20:01:09,,,,"{'Omastar': 2, 'Kadabra': 3, 'Dragonite': 2, 'Electabuzz': 2, 'Hypno': 3, 'Tentacruel': 3, 'Kangaskhan': 1, 'Persian': 1, 'Gyarados': 1}"
twineedle43642,[Gen 1] UU,1,1,0,2020-04-12 19:32:13,2020-04-12 19:32:13,,,,"{'Venomoth': 1, 'Porygon': 1, 'Nidoking': 1, 'Nidoqueen': 1, 'Slowpoke': 1, 'Blastoise': 1}"
twistedspoon9310,[Gen 1] UU,3,1,2,2021-12-15 15:03:14,2021-12-15 15:17:21,,,,"{'Aerodactyl': 1, 'Tentacruel': 3, 'Kadabra': 3, 'Persian': 1, 'Hypno': 3, 'Vaporeon': 1, 'Kangaskhan': 2, 'Dragonite': 1, 'Gyarados': 2, 'Dugtrio': 1}"
twistedspoon98117,[Gen 1] UU,1,0,1,2016-07-20 20:19:15,2016-07-20 20:19:15,1029.0,1029.0,[1029.0],"{'Charizard': 1, 'Porygon': 1, 'Kadabra': 1, 'Dugtrio': 1, 'Venusaur': 1, 'Dragonite': 1}"
twister74994,[Gen 1] UU,1,1,0,2016-06-07 21:12:32,2016-06-07 21:12:32,1066.0,1066.0,[1066.0],"{'Mr. Mime': 1, 'Dugtrio': 1, 'Persian': 1, 'Hypno': 1, 'Dragonite': 1, 'Articuno': 1}"
typechange29044,[Gen 1] UU,1,0,1,2025-01-04 23:45:23,2025-01-04 23:45:23,,,,"{'Omastar': 1, 'Kadabra': 1, 'Dugtrio': 1, 'Raichu': 1, 'Tangela': 1, 'Tentacruel': 1}"
typechange69487,[Gen 1] UU,1,1,0,2023-12-08 18:54:24,2023-12-08 18:54:24,1180.0,1180.0,[1180.0],"{'Kangaskhan': 1, 'Kadabra': 1, 'Dugtrio': 1, 'Gyarados': 1, 'Tangela': 1, 'Tentacruel': 1}"
tyranitar14179,[Gen 1] UU,1,0,1,2020-03-03 00:22:45,2020-03-03 00:22:45,,,,"{'Scyther': 1, 'Charizard': 1, 'Nidoking': 1, 'Golem': 1, 'Hypno': 1, 'Dragonite': 1}"
tyranitar56327,[Gen 1] UU,1,0,1,2021-06-05 02:02:56,2021-06-05 02:02:56,,,,"{'Kadabra': 1, 'Dugtrio': 1, 'Persian': 1, 'Gyarados': 1, 'Hypno': 1, 'Tentacruel': 1}"
tyranitar7051,[Gen 1] UU,1,0,1,2024-04-01 17:20:49,2024-04-01 17:20:49,,,,"{'Ninetales': 1, 'Kangaskhan': 1, 'Kadabra': 1, 'Golem': 1, 'Dodrio': 1, 'Dragonite': 1}"
tyrogue20180,[Gen 1] UU,1,1,0,2019-07-19 02:40:35,2019-07-19 02:40:35,,,,"{'Ninetales': 1, 'Rapidash': 1, 'Charizard': 1, 'Omastar': 1, 'Magneton': 1, 'Muk': 1}"
tyrogue43073,[Gen 1] UU,6,4,2,2024-03-26 07:31:15,2024-04-01 17:49:10,,,,"{'Electabuzz': 5, 'Kangaskhan': 6, 'Golem': 6, 'Dodrio': 4, 'Articuno': 5, 'Vaporeon': 5}"
ultraball76083,[Gen 1] UU,1,0,1,2016-06-03 05:45:57,2016-06-03 05:45:57,1022.0,1022.0,[1022.0],"{'Ninetales': 1, 'Nidoking': 1, 'Hitmonlee': 1, 'Mr. Mime': 1, 'Gyarados': 1, 'Dragonite': 1}"
umbreon32520,[Gen 1] UU,1,0,1,2017-12-20 21:06:10,2017-12-20 21:06:10,,,,"{'Charizard': 1, 'Aerodactyl': 1, 'Onix': 1, 'Haunter': 1, 'Dewgong': 1, 'Dragonite': 1}"
umbreon41844,[Gen 1] UU,1,0,1,2016-07-13 16:41:50,2016-07-13 16:41:50,1130.0,1130.0,[1130.0],"{'Kangaskhan': 1, 'Articuno': 1, 'Gyarados': 1, 'Arcanine': 1, 'Dragonite': 1, 'Tentacruel': 1}"
unburden78834,[Gen 1] UU,1,0,1,2020-08-03 20:50:48,2020-08-03 20:50:48,,,,"{'Kadabra': 1, 'Haunter': 1, 'Golem': 1, 'Persian': 1, 'Dragonite': 1, 'Articuno': 1}"
unknownability847,[Gen 1] UU,31,19,12,2021-11-12 10:11:41,2023-11-15 02:01:55,,,,"{'Kangaskhan': 23, 'Kadabra': 27, 'Dugtrio': 12, 'Articuno': 13, 'Tangela': 7, 'Tentacruel': 29, 'Omastar': 4, 'Haunter': 4, 'Dragonite': 6, 'Persian': 9, 'Gyarados': 8, 'Hypno': 17, 'Electabuzz': 6, 'Vaporeon': 4, 'Clefable': 4, 'Dewgong': 2, 'Venusaur': 1, 'Golem': 1}"
unknownitem49078,[Gen 1] UU,4,0,4,2025-01-03 19:49:41,2025-02-05 07:53:34,,,,"{'Kadabra': 4, 'Haunter': 3, 'Dodrio': 4, 'Dugtrio': 4, 'Electabuzz': 3, 'Articuno': 3, 'Kangaskhan': 1, 'Dewgong': 1, 'Dragonite': 1}"
uproar41115,[Gen 1] UU,1,0,1,2021-06-05 01:19:03,2021-06-05 01:19:03,,,,"{'Kadabra': 1, 'Dugtrio': 1, 'Gyarados': 1, 'Hypno': 1, 'Dragonite': 1, 'Tentacruel': 1}"
ursaring2770,[Gen 1] UU,6,4,2,2021-06-05 01:26:48,2021-06-06 19:21:23,,,,"{'Kangaskhan': 5, 'Kadabra': 6, 'Persian': 2, 'Gyarados': 5, 'Hypno': 6, 'Tentacruel': 6, 'Golem': 1, 'Dugtrio': 2, 'Dragonite': 1}"
ursaring45910,[Gen 1] UU,5,4,1,2019-03-13 20:38:35,2019-03-13 21:26:42,,,,"{'Charizard': 3, 'Onix': 3, 'Electrode': 3, 'Kadabra': 3, 'Victreebel': 3, 'Tentacruel': 3, 'Doduo': 2, 'Staryu': 2, 'Abra': 1, 'Geodude': 2, 'Gastly': 2, 'Charmander': 2, 'Pikachu': 1}"
ursaring73870,[Gen 1] UU,1,0,1,2025-04-08 08:49:48,2025-04-08 08:49:48,1022.0,1022.0,[1022.0],"{'Raichu': 1, 'Electrode': 1, 'Articuno': 1, 'Hypno': 1}"
venonat53531,[Gen 1] UU,2,1,1,2016-06-02 14:51:48,2016-06-07 02:21:50,1049.0,1113.0,"[1049.0, 1113.0]","{'Kangaskhan': 2, 'Haunter': 2, 'Dugtrio': 2, 'Gyarados': 2, 'Hypno': 1, 'Articuno': 2, 'Electabuzz': 1}"
venonat69144,[Gen 1] UU,1,1,0,2020-03-03 00:22:45,2020-03-03 00:22:45,,,,"{'Nidoking': 1, 'Dewgong': 1, 'Gyarados': 1, 'Raichu': 1, 'Venusaur': 1, 'Dragonite': 1}"
venusaur48248,[Gen 1] UU,3,1,2,2020-01-20 22:13:46,2020-02-17 10:56:19,,,,"{'Dugtrio': 3, 'Kangaskhan': 2, 'Tentacruel': 3, 'Kadabra': 2, 'Haunter': 1, 'Hypno': 2, 'Dragonite': 2}"
venusaur74517,[Gen 1] UU,1,1,0,2025-05-11 23:18:43,2025-05-11 23:18:43,,,,"{'Lapras': 1, 'Haunter': 1, 'Golem': 1, 'Dewgong': 1, 'Electabuzz': 1, 'Arcanine': 1}"
vespiquen46570,[Gen 1] UU,2,1,1,2023-12-02 21:43:55,2023-12-02 21:48:29,1012.0,1031.0,"[1012.0, 1031.0]","{'Tentacruel': 2, 'Aerodactyl': 2, 'Haunter': 2, 'Dugtrio': 2, 'Electabuzz': 2, 'Vaporeon': 2}"
vigoroth52594,[Gen 1] UU,1,1,0,2019-12-18 09:08:20,2019-12-18 09:08:20,,,,"{'Electrode': 1, 'Kadabra': 1, 'Articuno': 1}"
vinewhip47367,[Gen 1] UU,1,1,0,2019-05-12 19:28:59,2019-05-12 19:28:59,,,,"{'Nidoking': 1, 'Nidoqueen': 1, 'Parasect': 1, 'Primeape': 1, 'Blastoise': 1, 'Abra': 1}"
vinewhip58229,[Gen 1] UU,1,0,1,2016-07-12 18:52:55,2016-07-12 18:52:55,,,,"{'Tentacruel': 1, 'Nidoking': 1, 'Machamp': 1, 'Arcanine': 1, 'Blastoise': 1, 'Vaporeon': 1}"
visegrip49544,[Gen 1] UU,1,0,1,2020-04-22 20:38:47,2020-04-22 20:38:47,,,,"{'Kangaskhan': 1, 'Rapidash': 1, 'Nidoking': 1, 'Kabutops': 1, 'Dragonite': 1, 'Articuno': 1}"
volbeat11507,[Gen 1] UU,16,5,11,2021-06-05 01:16:26,2022-07-17 20:39:00,,,,"{'Kadabra': 16, 'Dugtrio': 7, 'Articuno': 4, 'Hypno': 12, 'Venusaur': 2, 'Tentacruel': 16, 'Persian': 9, 'Dragonite': 7, 'Kangaskhan': 4, 'Gyarados': 7, 'Vaporeon': 7, 'Dodrio': 3, 'Haunter': 2}"
voltabsorb44303,[Gen 1] UU,5,2,3,2021-06-05 01:16:26,2021-06-06 19:46:27,,,,"{'Kangaskhan': 5, 'Tentacruel': 5, 'Haunter': 5, 'Hypno': 5, 'Dragonite': 5, 'Vaporeon': 4, 'Tangela': 1}"
volttackle72157,[Gen 1] UU,1,1,0,2020-07-27 11:25:34,2020-07-27 11:25:34,,,,"{'Venomoth': 1, 'Charizard': 1, 'Porygon': 1, 'Kabutops': 1, 'Mr. Mime': 1, 'Venusaur': 1}"
wacanberry11962,[Gen 1] UU,39,18,21,2024-06-17 17:55:21,2025-02-16 23:09:12,,,,"{'Kangaskhan': 24, 'Kadabra': 24, 'Haunter': 13, 'Dodrio': 13, 'Dewgong': 6, 'Dugtrio': 14, 'Persian': 5, 'Clefable': 11, 'Lapras': 13, 'Hypno': 14, 'Ninetales': 10, 'Golem': 5, 'Raichu': 5, 'Dragonite': 8, 'Tentacruel': 8, 'Voltorb': 1, 'Hitmonchan': 1, 'Ivysaur': 1, 'Meowth': 1, 'Charmeleon': 1, 'Golbat': 1, 'Exeggcute': 1, 'Dragonair': 1, 'Graveler': 1, 'Poliwhirl': 1, 'Electrode': 3, 'Gyarados': 7, 'Electabuzz': 8, 'Magmar': 1, 'Tangela': 3, 'Moltres': 2, 'Golduck': 1, 'Seaking': 1, 'Articuno': 3, 'Victreebel': 1, 'Rapidash': 1, 'Nidoking': 2, 'Slowbro': 3, 'Venomoth': 2}"
wacanberry64153,[Gen 1] UU,1,0,1,2019-06-23 14:25:22,2019-06-23 14:25:22,,,,"{'Charizard': 1, 'Sandslash': 1, 'Electrode': 1, 'Kadabra': 1, 'Dewgong': 1, 'Venusaur': 1}"
wailmer52060,[Gen 1] UU,15,11,4,2019-12-05 15:27:58,2019-12-23 19:47:00,1000.0,1167.0,"[1101.0, 1167.0, 1120.0, 1000.0]","{'Kangaskhan': 7, 'Kadabra': 12, 'Golem': 7, 'Persian': 11, 'Hypno': 12, 'Articuno': 14, 'Sandslash': 6, 'Raticate': 1, 'Venomoth': 1, 'Rapidash': 1, 'Raichu': 1, 'Ninetales': 2, 'Electabuzz': 2, 'Tangela': 1, 'Vaporeon': 1}"
wailord62983,[Gen 1] UU,1,1,0,2023-08-29 02:06:48,2023-08-29 02:06:48,,,,"{'Kangaskhan': 1, 'Aerodactyl': 1, 'Kadabra': 1, 'Dewgong': 1, 'Persian': 1}"
wakeupslap73500,[Gen 1] UU,1,1,0,2019-04-22 11:37:45,2019-04-22 11:37:45,,,,"{'Kadabra': 1, 'Haunter': 1, 'Dugtrio': 1, 'Hypno': 1, 'Tentacruel': 1}"
water13286,[Gen 1] UU,3,2,1,2024-08-03 18:46:56,2024-08-03 19:08:01,,,,"{'Clefable': 1, 'Kadabra': 1, 'Golem': 2, 'Dugtrio': 1, 'Gyarados': 1, 'Tentacruel': 2, 'Kangaskhan': 2, 'Dodrio': 1, 'Persian': 1, 'Raichu': 2, 'Dragonite': 2}"
water838,[Gen 1] UU,2,0,2,2019-06-28 03:03:24,2019-06-28 03:10:56,,,,"{""Farfetch'D"": 1, 'Vulpix': 2, 'Psyduck': 2, 'Koffing': 2, 'Bulbasaur': 1, 'Beedrill': 2, 'Ivysaur': 1, 'Geodude': 1}"
waterabsorb20791,[Gen 1] UU,1,0,1,2020-04-21 03:09:31,2020-04-21 03:09:31,,,,"{'Raticate': 1, 'Poliwrath': 1, 'Graveler': 1, 'Machamp': 1, 'Arcanine': 1, 'Tangela': 1}"
waterfall8105,[Gen 1] UU,17,9,8,2023-12-25 22:43:17,2024-01-26 14:51:07,,,,"{'Kadabra': 14, 'Articuno': 9, 'Arcanine': 8, 'Tangela': 8, 'Dragonite': 15, 'Tentacruel': 16, 'Seadra': 2, 'Dugtrio': 8, 'Dewgong': 5, 'Electabuzz': 3, 'Dodrio': 2, 'Raichu': 1, 'Persian': 1}"
watergun27799,[Gen 1] UU,6,2,4,2020-05-31 16:43:35,2020-05-31 17:34:27,,,,"{'Voltorb': 6, 'Doduo': 6, 'Rattata': 6, 'Hitmonchan': 6, 'Nidorino': 6, 'Beedrill': 6}"
watergun58324,[Gen 1] UU,2,0,2,2023-12-19 20:15:27,2023-12-19 20:25:29,,,,"{'Kangaskhan': 2, 'Dugtrio': 2, 'Dewgong': 1, 'Persian': 1, 'Dragonite': 1, 'Tentacruel': 2, 'Kadabra': 1, 'Articuno': 1, 'Electabuzz': 1}"
watergun59811,[Gen 1] UU,33,16,17,2020-05-31 10:38:45,2021-05-17 11:47:59,,,,"{'Charizard': 6, 'Nidoking': 3, 'Kabutops': 9, 'Mr. Mime': 12, 'Clefable': 13, 'Venusaur': 19, 'Kangaskhan': 5, 'Kadabra': 13, 'Dugtrio': 12, 'Hypno': 20, 'Dragonite': 12, 'Tentacruel': 20, 'Haunter': 8, 'Gyarados': 4, 'Vaporeon': 7, 'Articuno': 6, 'Dodrio': 2, 'Arcanine': 5, 'Blastoise': 9, 'Electabuzz': 1, 'Pinsir': 3, 'Moltres': 3, 'Persian': 1, 'Golduck': 2, 'Gastly': 1}"
waterpulse27387,[Gen 1] UU,1,1,0,2020-01-16 21:55:14,2020-01-16 21:55:14,,,,"{'Kangaskhan': 1, 'Kadabra': 1, 'Haunter': 1, 'Dugtrio': 1, 'Hypno': 1, 'Tentacruel': 1}"
watersport12558,[Gen 1] UU,3,0,3,2016-06-10 16:45:33,2016-06-10 16:50:40,1000.0,1000.0,[1000.0],"{'Charizard': 3, 'Poliwrath': 3, 'Hypno': 3, 'Parasect': 3, 'Raichu': 3, 'Articuno': 3}"
waterspout29920,[Gen 1] UU,1,0,1,2020-02-25 04:10:31,2020-02-25 04:10:31,,,,"{'Omastar': 1, 'Dragonite': 1, 'Dugtrio': 1, 'Gyarados': 1, 'Hypno': 1, 'Tentacruel': 1}"
waterspout33537,[Gen 1] UU,2,2,0,2021-06-20 16:15:37,2022-01-08 21:29:14,,,,"{'Tentacruel': 2, 'Kadabra': 2, 'Dugtrio': 1, 'Persian': 1, 'Hypno': 2, 'Articuno': 1, 'Omastar': 1, 'Tangela': 1, 'Dragonite': 1}"
waterveil28178,[Gen 1] UU,2,0,2,2020-06-09 03:44:52,2020-08-10 00:38:50,,,,"{'Charizard': 2, 'Hitmonchan': 1, 'Dugtrio': 1, 'Electabuzz': 1, 'Dragonite': 1, 'Blastoise': 2, 'Nidoking': 1, 'Haunter': 1, 'Machamp': 1, 'Tentacruel': 1}"
waterveil34901,[Gen 1] UU,1,1,0,2025-04-10 22:45:50,2025-04-10 22:45:50,1093.0,1093.0,[1093.0],"{'Scyther': 1, 'Electrode': 1, 'Golem': 1, 'Dewgong': 1, 'Tangela': 1, 'Dragonite': 1}"
waterveil38781,[Gen 1] UU,3,0,3,2025-04-02 01:37:40,2025-04-05 21:30:42,1075.0,1108.0,"[1075.0, 1108.0, 1096.0]","{'Lapras': 3, 'Haunter': 3, 'Dodrio': 3, 'Dugtrio': 3, 'Hypno': 3, 'Tangela': 3}"
waterveil50558,[Gen 1] UU,1,0,1,2016-06-08 03:01:33,2016-06-08 03:01:33,1000.0,1000.0,[1000.0],"{'Moltres': 1, 'Kadabra': 1, 'Persian': 1, 'Raichu': 1, 'Dragonite': 1}"
waterveil53989,[Gen 1] UU,4,0,4,2018-12-09 20:35:20,2020-05-24 16:12:41,,,,"{'Moltres': 3, 'Golduck': 3, 'Poliwrath': 1, 'Mr. Mime': 3, 'Clefable': 2, 'Venusaur': 3, 'Kangaskhan': 1, 'Kadabra': 1, 'Haunter': 1, 'Dugtrio': 1, 'Hypno': 1, 'Tentacruel': 1, 'Nidoking': 1, 'Kabutops': 1, 'Fearow': 1}"
watmelberry24903,[Gen 1] UU,4,1,3,2021-04-03 12:04:03,2022-04-19 01:40:13,,,,"{'Kangaskhan': 3, 'Aerodactyl': 2, 'Kadabra': 3, 'Clefable': 1, 'Hypno': 4, 'Tentacruel': 2, 'Dewgong': 2, 'Dugtrio': 1, 'Dragonite': 3, 'Electabuzz': 1, 'Haunter': 1, 'Dodrio': 1}"
watmelberry90065,[Gen 1] UU,1,1,0,2023-12-11 16:53:00,2023-12-11 16:53:00,1018.0,1018.0,[1018.0],"{'Golduck': 1, 'Dugtrio': 1, 'Raichu': 1, 'Tangela': 1, 'Dragonite': 1, 'Tentacruel': 1}"
weedle59449,[Gen 1] UU,1,0,1,2020-06-16 02:10:09,2020-06-16 02:10:09,,,,"{'Kingler': 1, 'Charizard': 1, 'Electrode': 1, 'Graveler': 1, 'Arbok': 1, 'Gastly': 1}"
weepinbell68120,[Gen 1] UU,1,0,1,2024-01-01 03:33:25,2024-01-01 03:33:25,1157.0,1157.0,[1157.0],"{'Electrode': 1, 'Kadabra': 1, 'Dugtrio': 1, 'Gyarados': 1, 'Dragonite': 1, 'Articuno': 1}"
weezing40879,[Gen 1] UU,6,4,2,2023-10-14 20:06:33,2024-06-23 20:08:58,,,,"{'Kadabra': 3, 'Dugtrio': 4, 'Articuno': 4, 'Dragonite': 3, 'Tentacruel': 5, 'Dodrio': 3, 'Dewgong': 3, 'Electabuzz': 2, 'Raichu': 1, 'Golem': 2, 'Gyarados': 1}"
weezing78135,[Gen 1] UU,1,1,0,2019-11-25 01:17:46,2019-11-25 01:17:46,,,,"{'Tentacruel': 1, 'Hypno': 1}"
whirlpool40763,[Gen 1] UU,19,10,9,2022-01-20 06:36:00,2024-08-18 15:33:08,,,,"{'Kadabra': 13, 'Dugtrio': 11, 'Persian': 8, 'Hypno': 15, 'Dragonite': 6, 'Tentacruel': 17, 'Poliwrath': 1, 'Golem': 3, 'Dewgong': 3, 'Gyarados': 5, 'Pinsir': 1, 'Electrode': 3, 'Dodrio': 4, 'Kangaskhan': 3, 'Omastar': 1, 'Clefable': 3, 'Aerodactyl': 3, 'Haunter': 3, 'Vaporeon': 3, 'Electabuzz': 2, 'Tangela': 1, 'Articuno': 1}"
whirlwind2734,[Gen 1] UU,1,0,1,2024-11-28 20:13:47,2024-11-28 20:13:47,,,,"{'Kangaskhan': 1, 'Kadabra': 1, 'Golem': 1, 'Dodrio': 1, 'Dugtrio': 1, 'Tentacruel': 1}"
whirlwind96575,[Gen 1] UU,1,0,1,2024-03-10 18:46:34,2024-03-10 18:46:34,,,,"{'Kadabra': 1, 'Haunter': 1, 'Golem': 1, 'Gyarados': 1, 'Tangela': 1, 'Articuno': 1}"
whiteherb76308,[Gen 1] UU,1,1,0,2024-01-19 08:35:26,2024-01-19 08:35:26,,,,"{'Ninetales': 1, 'Kadabra': 1, 'Dugtrio': 1, 'Articuno': 1, 'Tangela': 1, 'Tentacruel': 1}"
widelens54802,[Gen 1] UU,1,1,0,2023-08-20 14:12:32,2023-08-20 14:12:32,,,,"{'Kangaskhan': 1, 'Dodrio': 1, 'Dugtrio': 1, 'Persian': 1, 'Slowpoke': 1, 'Dragonite': 1}"
wigglytuff53593,[Gen 1] UU,1,0,1,2016-06-17 00:09:40,2016-06-17 00:09:40,1000.0,1000.0,[1000.0],"{'Pidgeotto': 1, 'Butterfree': 1, 'Pikachu': 1, 'Bulbasaur': 1, 'Squirtle': 1, 'Charmander': 1}"
wikiberry46448,[Gen 1] UU,1,0,1,2020-06-21 18:41:10,2020-06-21 18:41:10,,,,"{'Charizard': 1, 'Golem': 1, 'Raichu': 1, 'Venusaur': 1, 'Dragonite': 1, 'Blastoise': 1}"
willowisp57182,[Gen 1] UU,2,0,2,2022-10-23 16:16:30,2022-10-23 16:30:08,,,,"{'Kangaskhan': 2, 'Dodrio': 1, 'Dugtrio': 1, 'Hypno': 2, 'Dragonite': 1, 'Tentacruel': 2, 'Kadabra': 1, 'Persian': 1, 'Gyarados': 1}"
willowisp9323,[Gen 1] UU,1,0,1,2020-04-22 23:09:37,2020-04-22 23:09:37,,,,"{'Hitmonlee': 1, 'Dugtrio': 1, 'Electabuzz': 1, 'Arcanine': 1, 'Venusaur': 1, 'Vaporeon': 1}"
wingattack30461,[Gen 1] UU,13,6,7,2023-01-28 01:15:10,2025-01-15 00:28:33,,,,"{'Lapras': 9, 'Kadabra': 8, 'Dugtrio': 3, 'Electabuzz': 3, 'Hypno': 8, 'Persian': 6, 'Raichu': 1, 'Tentacruel': 6, 'Jolteon': 4, 'Kangaskhan': 10, 'Haunter': 3, 'Venusaur': 1, 'Golem': 1, 'Articuno': 4, 'Dragonite': 3, 'Clefable': 3, 'Slowbro': 1, 'Poliwrath': 1, 'Dewgong': 1}"
wish33461,[Gen 1] UU,1,0,1,2020-04-13 10:49:37,2020-04-13 10:49:37,,,,"{'Electabuzz': 1, 'Omastar': 1, 'Kadabra': 1, 'Hypno': 1, 'Dragonite': 1, 'Tentacruel': 1}"
woodhammer66942,[Gen 1] UU,1,0,1,2023-12-30 02:24:19,2023-12-30 02:24:19,1075.0,1075.0,[1075.0],"{'Kangaskhan': 1, 'Tentacruel': 1, 'Kadabra': 1, 'Dodrio': 1, 'Persian': 1, 'Articuno': 1}"
wooper70158,[Gen 1] UU,1,1,0,2016-07-06 17:22:23,2016-07-06 17:22:23,,,,"{'Flareon': 1, 'Nidoking': 1, 'Hypno': 1, 'Raichu': 1, 'Gyarados': 1}"
wooper82902,[Gen 1] UU,1,1,0,2021-06-05 01:10:31,2021-06-05 01:10:31,,,,"{'Omastar': 1, 'Dugtrio': 1, 'Hypno': 1, 'Gyarados': 1, 'Tentacruel': 1}"
wormadamtrash74955,[Gen 1] UU,2,1,1,2025-04-09 23:03:31,2025-04-12 22:42:31,1128.0,1144.0,"[1128.0, 1144.0]","{'Lapras': 2, 'Haunter': 2, 'Dodrio': 2, 'Dugtrio': 2, 'Hypno': 2, 'Dragonite': 2}"
wrap53874,[Gen 1] UU,1,0,1,2017-12-10 19:35:57,2017-12-10 19:35:57,,,,"{'Charizard': 1, 'Dragonite': 1, 'Venusaur': 1}"
wringout4984,[Gen 1] UU,3,2,1,2023-01-02 22:49:23,2023-01-02 23:05:06,,,,"{'Lapras': 2, 'Kangaskhan': 3, 'Kadabra': 2, 'Raticate': 1, 'Persian': 3, 'Hypno': 3, 'Dodrio': 2, 'Dugtrio': 1, 'Tentacruel': 1}"
wurmple19843,[Gen 1] UU,3,2,1,2024-08-03 22:48:58,2024-08-03 23:17:24,,,,"{'Kadabra': 3, 'Kangaskhan': 3, 'Dragonite': 3, 'Tentacruel': 2, 'Dugtrio': 2, 'Persian': 2, 'Haunter': 1}"
wurmple56110,[Gen 1] UU,1,1,0,2017-12-17 02:52:40,2017-12-17 02:52:40,1000.0,1000.0,[1000.0],"{'Ninetales': 1, 'Dodrio': 1, 'Dewgong': 1, 'Ditto': 1, 'Venusaur': 1, 'Dragonite': 1}"
wurmple62048,[Gen 1] UU,1,0,1,2025-04-11 18:42:50,2025-04-11 18:42:50,1000.0,1000.0,[1000.0],"{'Nidoking': 1, 'Gyarados': 1}"
wurmple75777,[Gen 1] UU,1,0,1,2019-09-02 20:11:26,2019-09-02 20:11:26,,,,"{'Venomoth': 1, 'Sandslash': 1, 'Raticate': 1, 'Poliwrath': 1, 'Arbok': 1, 'Electabuzz': 1}"
wurmple99378,[Gen 1] UU,1,0,1,2023-12-12 02:43:40,2023-12-12 02:43:40,,,,"{'Kingler': 1, 'Kadabra': 1, 'Raticate': 1, 'Haunter': 1, 'Dodrio': 1, 'Dugtrio': 1}"
wynaut31009,[Gen 1] UU,1,1,0,2025-04-02 02:17:41,2025-04-02 02:17:41,1000.0,1000.0,[1000.0],"{'Electabuzz': 1, 'Lickitung': 1, 'Persian': 1, 'Hypno': 1, 'Vaporeon': 1}"
wynaut32293,[Gen 1] UU,1,0,1,2016-06-28 13:31:11,2016-06-28 13:31:11,,,,"{'Nidoking': 1, 'Ditto': 1, 'Clefable': 1, 'Arcanine': 1, 'Primeape': 1, 'Dragonite': 1}"
xscissor36279,[Gen 1] UU,1,0,1,2019-07-27 03:13:53,2019-07-27 03:13:53,,,,"{'Kangaskhan': 1, 'Aerodactyl': 1, 'Raichu': 1, 'Machamp': 1, 'Arcanine': 1, 'Blastoise': 1}"
xscissor50515,[Gen 1] UU,3,1,2,2021-09-30 15:30:22,2021-09-30 16:10:17,,,,"{'Omastar': 1, 'Dragonite': 1, 'Dugtrio': 1, 'Gyarados': 1, 'Hypno': 3, 'Tentacruel': 3, 'Kangaskhan': 2, 'Kadabra': 2, 'Articuno': 1, 'Tangela': 1, 'Dodrio': 1, 'Persian': 1}"
xscissor99781,[Gen 1] UU,1,0,1,2020-06-08 10:35:44,2020-06-08 10:35:44,,,,"{'Venomoth': 1, 'Porygon': 1, 'Nidoking': 1, 'Nidoqueen': 1, 'Slowpoke': 1, 'Blastoise': 1}"
yacheberry79695,[Gen 1] UU,2,0,2,2019-03-05 13:45:07,2019-03-05 13:52:54,,,,"{'Seadra': 2, 'Ninetales': 2, 'Electrode': 2, 'Dragonair': 2, 'Graveler': 2, 'Gastly': 2}"
yanmega20097,[Gen 1] UU,2,0,2,2022-10-15 19:16:38,2022-10-15 19:34:47,,,,"{'Kadabra': 2, 'Haunter': 1, 'Persian': 2, 'Gyarados': 1, 'Hypno': 2, 'Tentacruel': 2, 'Kangaskhan': 1, 'Dragonite': 1}"
zangoose25848,[Gen 1] UU,9,7,2,2024-11-16 20:48:52,2024-11-29 05:28:49,,,,"{'Electabuzz': 4, 'Kangaskhan': 9, 'Kadabra': 8, 'Dugtrio': 9, 'Gyarados': 4, 'Tentacruel': 9, 'Dodrio': 5, 'Clefable': 3, 'Dragonite': 2}"
zangoose62357,[Gen 1] UU,1,0,1,2020-08-31 12:07:15,2020-08-31 12:07:15,,,,"{'Charizard': 1, 'Aerodactyl': 1, 'Electrode': 1, 'Dugtrio': 1, 'Dragonite': 1, 'Articuno': 1}"
zapdos59192,[Gen 1] UU,1,0,1,2022-01-15 20:39:59,2022-01-15 20:39:59,,,,"{'Kangaskhan': 1, 'Haunter': 1, 'Dodrio': 1, 'Dugtrio': 1, 'Persian': 1, 'Hypno': 1}"
zapplate40607,[Gen 1] UU,1,0,1,2023-12-12 02:41:07,2023-12-12 02:41:07,1048.0,1048.0,[1048.0],"{'Kangaskhan': 1, 'Kadabra': 1, 'Dugtrio': 1, 'Persian': 1, 'Electabuzz': 1, 'Tentacruel': 1}"
zapplate97025,[Gen 1] UU,1,1,0,2016-06-06 23:26:27,2016-06-06 23:26:27,,,,"{'Arcanine': 1, 'Tangela': 1, 'Raticate': 1, 'Poliwrath': 1}"
zenheadbutt21681,[Gen 1] UU,5,1,4,2019-03-13 20:38:35,2019-03-13 21:26:42,,,,"{'Charizard': 3, 'Nidoking': 3, 'Dugtrio': 3, 'Venusaur': 3, 'Dragonite': 3, 'Blastoise': 3, 'Nidoran-M': 2, 'Cubone': 2, 'Pikachu': 2, 'Bulbasaur': 2, 'Geodude': 2, 'Charmander': 2}"
zigzagoon4934,[Gen 1] UU,1,0,1,2019-12-08 13:01:39,2019-12-08 13:01:39,1000.0,1000.0,[1000.0],"{'Kangaskhan': 1, 'Aerodactyl': 1, 'Electrode': 1, 'Arbok': 1, 'Arcanine': 1, 'Blastoise': 1}"
zoomlens15496,[Gen 1] UU,3,1,2,2019-07-08 11:43:59,2019-09-08 09:29:56,,,,"{'Kangaskhan': 3, 'Kadabra': 3, 'Haunter': 2, 'Dugtrio': 2, 'Hypno': 3, 'Tentacruel': 3, 'Dragonite': 1}"
zoomlens5648,[Gen 1] UU,13,6,7,2024-11-16 18:31:11,2024-11-29 05:28:49,,,,"{'Tentacruel': 13, 'Kadabra': 10, 'Haunter': 13, 'Golem': 9, 'Tangela': 13, 'Vaporeon': 11, 'Omastar': 2, 'Electabuzz': 2, 'Dragonite': 2, 'Kangaskhan': 1}"
zubat43076,[Gen 1] UU,1,1,0,2016-06-14 19:40:00,2016-06-14 19:40:00,1000.0,1000.0,[1000.0],"{'Electrode': 1, 'Arcanine': 1, 'Tangela': 1, 'Dragonite': 1, 'Vaporeon': 1}"
zubat59858,[Gen 1] UU,2,0,2,2023-12-20 21:54:10,2023-12-28 17:53:27,1038.0,1038.0,"[1038.0, 1038.0]","{'Omastar': 1, 'Kadabra': 1, 'Haunter': 1, 'Dugtrio': 1, 'Victreebel': 1, 'Articuno': 1, 'Porygon': 1, 'Graveler': 1, 'Muk': 1, 'Electabuzz': 1, 'Fearow': 1, 'Vaporeon': 1}"
