name,format,played,wins,losses,first_played,last_played,lowest_rating,highest_rating,rating_list,pokemon_used
abomasnow42418,[Gen 4] UU,2,2,0,2018-11-14 19:39:08,2018-11-14 19:48:12,,,,"{'Mismagius': 2, 'Medicham': 2, 'Azumarill': 2, 'Dugtrio': 2, 'Alakazam': 2, 'Blastoise': 2}"
abra84648,[Gen 4] UU,1,0,1,2024-03-18 15:48:03,2024-03-18 15:48:03,1061.0,1061.0,[1061.0],"{'Scyther': 1, 'Altaria': 1, 'Ludicolo': 1, 'Chansey': 1, 'Lanturn': 1, 'Arcanine': 1}"
absol37368,[Gen 4] UU,8,6,2,2015-08-18 15:14:24,2017-01-23 05:31:53,,,,"{'Scyther': 3, 'Mesprit': 6, 'Tauros': 4, 'Azumarill': 3, 'Houndoom': 6, 'Donphan': 4, 'Kabutops': 2, 'Dugtrio': 2, 'Arcanine': 2, 'Leafeon': 2, 'Milotic': 2, 'Torterra': 2, 'Rotom': 2, 'Alakazam': 2, 'Toxicroak': 1, 'Swellow': 1}"
absol37659,[Gen 4] UU,1,1,0,2016-07-28 20:44:45,2016-07-28 20:44:45,,,,"{'Ambipom': 1, 'Claydol': 1, 'Leafeon': 1}"
absol56061,[Gen 4] UU,1,0,1,2025-05-11 20:41:49,2025-05-11 20:41:49,,,,"{'Scyther': 1, 'Milotic': 1, 'Registeel': 1, 'Uxie': 1, 'Venusaur': 1, 'Donphan': 1}"
absol83147,[Gen 4] UU,1,1,0,2018-09-19 21:45:09,2018-09-19 21:45:09,,,,"{'Milotic': 1, 'Toxicroak': 1, 'Rhyperior': 1, 'Jynx': 1, 'Clefable': 1, 'Feraligatr': 1}"
absorb23543,[Gen 4] UU,1,0,1,2024-03-08 09:36:34,2024-03-08 09:36:34,1000.0,1000.0,[1000.0],"{'Milotic': 1, 'Absol': 1, 'Rotom': 1, 'Bastiodon': 1, 'Arcanine': 1, 'Glaceon': 1}"
absorb41996,[Gen 4] UU,1,1,0,2022-05-29 21:29:52,2022-05-29 21:29:52,,,,"{'Cloyster': 1, 'Rhyperior': 1, 'Venusaur': 1, 'Spiritomb': 1, 'Ambipom': 1}"
acidarmor1749,[Gen 4] UU,2,2,0,2014-07-13 20:05:09,2014-07-20 00:41:31,,,,"{'Charizard': 1, 'Tauros': 2, 'Floatzel': 1, 'Nidoqueen': 1, 'Lickilicky': 1, 'Gardevoir': 1, 'Haunter': 1, 'Cacturne': 1, 'Skuntank': 1, 'Slowking': 1}"
acupressure11534,[Gen 4] UU,5,1,4,2017-01-05 21:06:32,2017-04-23 16:31:07,,,,"{'Gabite': 2, 'Armaldo': 1, 'Poliwrath': 4, 'Cacturne': 2, 'Purugly': 4, 'Golbat': 2, 'Sneasel': 1, 'Muk': 2, 'Electabuzz': 2, 'Misdreavus': 2, 'Rapidash': 1, 'Metang': 1, 'Relicanth': 1, 'Kecleon': 1, 'Mr. Mime': 2, 'Rhydon': 2}"
acupressure27751,[Gen 4] UU,2,1,1,2020-04-18 13:04:36,2020-08-30 18:48:09,,,,"{'Slowbro': 2, 'Feraligatr': 2, 'Blaziken': 2, 'Alakazam': 2, 'Donphan': 2, 'Venusaur': 1}"
acupressure31768,[Gen 4] UU,2,1,1,2016-08-11 01:42:08,2020-04-13 02:32:42,,,,"{'Ursaring': 1, 'Omastar': 1, 'Rotom': 1, 'Alakazam': 1, 'Blaziken': 1, 'Swellow': 1, 'Moltres': 1, 'Absol': 1, 'Mismagius': 1, 'Hitmontop': 1, 'Torterra': 1, 'Clefable': 1}"
acupressure5238,[Gen 4] UU,5,5,0,2017-07-23 19:50:06,2017-10-27 02:12:50,,,,"{'Ursaring': 2, 'Scyther': 4, 'Mismagius': 4, 'Omastar': 4, 'Venusaur': 4, 'Blastoise': 4, 'Poliwrath': 1, 'Mr. Mime': 1, 'Muk': 1, 'Sableye': 1, 'Rhydon': 1, 'Lickilicky': 1}"
acupressure85311,[Gen 4] UU,1,0,1,2016-04-29 23:20:14,2016-04-29 23:20:14,,,,"{'Moltres': 1, 'Torterra': 1, 'Kabutops': 1, 'Poliwrath': 1, 'Drapion': 1, 'Ambipom': 1}"
adamantorb39816,[Gen 4] UU,3,3,0,2018-02-01 22:34:48,2024-10-20 15:22:08,,,,"{'Kabutops': 1, 'Dugtrio': 2, 'Alakazam': 1, 'Registeel': 3, 'Venusaur': 2, 'Moltres': 2, 'Milotic': 1, 'Hitmontop': 1, 'Drapion': 1, 'Uxie': 1, 'Blastoise': 1, 'Leafeon': 1}"
adamantorb85574,[Gen 4] UU,1,1,0,2020-05-17 06:24:10,2020-05-17 06:24:10,,,,"{'Altaria': 1, 'Nidoking': 1, 'Dewgong': 1, 'Alakazam': 1, 'Venusaur': 1}"
adamantorb90058,[Gen 4] UU,5,2,3,2017-02-25 22:07:08,2017-02-25 22:35:29,,,,"{'Porygon2': 5, 'Noctowl': 4, 'Dusclops': 4, 'Bastiodon': 3, 'Solrock': 1, 'Gardevoir': 2}"
adaptability21550,[Gen 4] UU,1,0,1,2024-08-26 01:22:45,2024-08-26 01:22:45,,,,"{'Milotic': 1, 'Dugtrio': 1, 'Clefable': 1, 'Registeel': 1, 'Uxie': 1, 'Venusaur': 1}"
adaptability26680,[Gen 4] UU,15,7,8,2016-11-25 21:19:37,2017-12-10 18:29:06,,,,"{'Golduck': 10, 'Xatu': 6, 'Muk': 12, 'Solrock': 7, 'Purugly': 7, 'Misdreavus': 4, 'Armaldo': 7, 'Gastrodon-East': 5, 'Poliwrath': 3, 'Lickilicky': 3, 'Golbat': 2, 'Victreebel': 3, 'Metang': 4, 'Drifblim': 3, 'Kecleon': 1, 'Dusclops': 1, 'Machoke': 1, 'Rapidash': 1, 'Bellossom': 1, 'Shuckle': 1}"
adaptability45192,[Gen 4] UU,4,2,2,2023-02-18 22:32:15,2023-05-28 14:06:27,,,,"{'Milotic': 2, 'Dugtrio': 1, 'Registeel': 3, 'Uxie': 2, 'Swellow': 1, 'Leafeon': 2, 'Mesprit': 1, 'Toxicroak': 2, 'Blaziken': 1, 'Rhyperior': 1, 'Azumarill': 1, 'Houndoom': 1, 'Primeape': 1, 'Venusaur': 1, 'Torterra': 1, 'Ambipom': 1, 'Blastoise': 1}"
adaptability73331,[Gen 4] UU,2,1,1,2020-08-10 02:38:52,2020-08-10 02:40:41,,,,"{'Moltres': 2, 'Toxicroak': 2, 'Feraligatr': 2, 'Uxie': 2, 'Venusaur': 2, 'Donphan': 2}"
adaptability90804,[Gen 4] UU,1,1,0,2017-12-02 01:07:43,2017-12-02 01:07:43,,,,"{'Moltres': 1, 'Milotic': 1, 'Steelix': 1, 'Dugtrio': 1, 'Arcanine': 1, 'Alakazam': 1}"
aerialace8370,[Gen 4] UU,1,0,1,2018-11-14 19:29:52,2018-11-14 19:29:52,,,,"{'Ursaring': 1, 'Omastar': 1, 'Rotom': 1, 'Swellow': 1, 'Blaziken': 1, 'Alakazam': 1}"
aerialace9046,[Gen 4] UU,1,1,0,2019-12-06 03:02:20,2019-12-06 03:02:20,,,,"{'Mismagius': 1, 'Qwilfish': 1, 'Torterra': 1, 'Clefable': 1, 'Registeel': 1, 'Arcanine': 1}"
aeroblast26702,[Gen 4] UU,1,1,0,2020-07-03 13:02:25,2020-07-03 13:02:25,1040.0,1040.0,[1040.0],"{'Feraligatr': 1, 'Toxicroak': 1, 'Hariyama': 1, 'Steelix': 1}"
aeroblast36862,[Gen 4] UU,2,0,2,2024-03-06 23:56:31,2024-03-07 03:38:26,1000.0,1033.0,"[1000.0, 1033.0]","{'Steelix': 1, 'Chansey': 1, 'Lanturn': 2, 'Registeel': 1, 'Arcanine': 2, 'Slaking': 1, 'Altaria': 1, 'Milotic': 1, 'Kangaskhan': 1, 'Alakazam': 1}"
aeroblast70050,[Gen 4] UU,1,0,1,2016-07-03 20:45:19,2016-07-03 20:45:19,,,,"{'Lunatone': 1, 'Bibarel': 1, 'Banette': 1, 'Rampardos': 1, 'Regice': 1, 'Golem': 1}"
aeroblast98385,[Gen 4] UU,1,0,1,2024-12-27 00:43:26,2024-12-27 00:43:26,,,,"{'Mesprit': 1, 'Kabutops': 1, 'Dugtrio': 1, 'Arcanine': 1, 'Swellow': 1, 'Leafeon': 1}"
aerodactyl17422,[Gen 4] UU,4,3,1,2017-01-04 00:16:47,2017-01-20 22:07:08,,,,"{'Gabite': 2, 'Poliwrath': 3, 'Victreebel': 3, 'Rhydon': 3, 'Glalie': 2, 'Yanma': 2, 'Rapidash': 2, 'Mr. Mime': 1, 'Linoone': 1, 'Misdreavus': 1, 'Onix': 1, 'Metang': 1, 'Purugly': 1, 'Tangela': 1}"
aerodactyl27343,[Gen 4] UU,2,1,1,2015-03-28 18:02:47,2015-04-27 18:35:02,,,,"{'Charizard': 1, 'Vileplume': 1, 'Tauros': 1, 'Medicham': 1, 'Golem': 1, 'Whiscash': 1, 'Ursaring': 1, 'Omastar': 1, 'Rotom': 1, 'Alakazam': 1, 'Blaziken': 1, 'Swellow': 1}"
aerodactyl40643,[Gen 4] UU,2,0,2,2022-06-15 15:39:12,2022-06-15 18:03:17,,,,"{'Mesprit': 1, 'Kabutops': 1, 'Dugtrio': 1, 'Arcanine': 1, 'Swellow': 1, 'Leafeon': 1, 'Hariyama': 1, 'Regirock': 1, 'Houndoom': 1, 'Uxie': 1, 'Primeape': 1, 'Venusaur': 1}"
aftermath66027,[Gen 4] UU,1,0,1,2024-02-17 21:03:40,2024-02-17 21:03:40,,,,"{'Milotic': 1, 'Sceptile': 1, 'Toxicroak': 1, 'Weezing': 1, 'Steelix': 1, 'Miltank': 1}"
aftermath83693,[Gen 4] UU,1,0,1,2015-03-17 04:40:24,2015-03-17 04:40:24,,,,"{'Scyther': 1, 'Milotic': 1, 'Spiritomb': 1, 'Uxie': 1, 'Venusaur': 1, 'Donphan': 1}"
aftermath95870,[Gen 4] UU,1,1,0,2024-05-24 06:51:36,2024-05-24 06:51:36,,,,"{'Mismagius': 1, 'Aggron': 1, 'Houndoom': 1, 'Registeel': 1, 'Venusaur': 1, 'Donphan': 1}"
aggron34190,[Gen 4] UU,4,2,2,2023-12-03 05:09:15,2024-12-01 21:29:40,,,,"{'Moltres': 2, 'Milotic': 3, 'Rhyperior': 1, 'Spiritomb': 2, 'Venusaur': 3, 'Donphan': 2, 'Mismagius': 1, 'Feraligatr': 1, 'Houndoom': 2, 'Hitmontop': 1, 'Kabutops': 1, 'Uxie': 1, 'Kangaskhan': 1, 'Toxicroak': 1, 'Clefable': 1}"
aggron53627,[Gen 4] UU,1,0,1,2016-05-22 16:49:47,2016-05-22 16:49:47,,,,"{'Ariados': 1, 'Victreebel': 1, 'Girafarig': 1}"
aggron60452,[Gen 4] UU,11,6,5,2017-04-01 03:29:00,2019-06-21 02:09:43,,,,"{'Exeggutor': 3, 'Omastar': 4, 'Toxicroak': 3, 'Rotom': 3, 'Houndoom': 6, 'Swellow': 3, 'Moltres': 4, 'Milotic': 6, 'Aggron': 3, 'Venusaur': 5, 'Donphan': 3, 'Mismagius': 4, 'Registeel': 3, 'Primeape': 3, 'Gabite': 1, 'Rampardos': 1, 'Chansey': 1, 'Hippopotas': 1, 'Gastrodon': 1, 'Blastoise': 1, 'Clefable': 2}"
agility36834,[Gen 4] UU,1,0,1,2017-05-07 20:52:40,2017-05-07 20:52:40,,,,"{'Sceptile': 1, 'Drapion': 1, 'Slowbro': 1, 'Dugtrio': 1, 'Registeel': 1, 'Glaceon': 1}"
agility79022,[Gen 4] UU,1,0,1,2016-08-03 16:40:54,2016-08-03 16:40:54,1000.0,1000.0,[1000.0],"{'Absol': 1, 'Blaziken': 1, 'Sceptile': 1, 'Lanturn': 1, 'Uxie': 1, 'Donphan': 1}"
aguavberry58539,[Gen 4] UU,2,2,0,2017-01-14 15:30:19,2017-01-14 15:36:40,,,,"{'Rapidash': 2, 'Poliwrath': 2, 'Mr. Mime': 2, 'Rhydon': 2, 'Misdreavus': 2, 'Drifblim': 1, 'Zangoose': 1}"
aguavberry76731,[Gen 4] UU,1,0,1,2015-12-18 04:01:05,2015-12-18 04:01:05,,,,"{'Mesprit': 1, 'Mismagius': 1, 'Omastar': 1, 'Feraligatr': 1, 'Blaziken': 1, 'Swellow': 1}"
aguavberry93685,[Gen 4] UU,1,0,1,2020-01-25 04:05:11,2020-01-25 04:05:11,,,,"{'Milotic': 1, 'Mismagius': 1, 'Registeel': 1, 'Houndoom': 1, 'Primeape': 1, 'Venusaur': 1}"
aguavberry9934,[Gen 4] UU,2,2,0,2015-06-21 19:40:32,2015-06-21 20:05:11,,,,"{'Moltres': 1, 'Absol': 1, 'Qwilfish': 1, 'Swellow': 1, 'Venusaur': 2, 'Donphan': 1, 'Milotic': 1, 'Rotom': 1, 'Registeel': 1, 'Blaziken': 1, 'Arcanine': 1}"
aircutter25170,[Gen 4] UU,1,0,1,2017-04-29 16:19:44,2017-04-29 16:19:44,,,,"{'Absol': 1, 'Lanturn': 1, 'Spiritomb': 1, 'Swellow': 1, 'Arcanine': 1, 'Ambipom': 1}"
aircutter35999,[Gen 4] UU,5,4,1,2017-11-07 08:02:06,2017-11-07 08:09:15,,,,"{'Camerupt': 4, 'Solrock': 4, 'Medicham': 1, 'Haunter': 1, 'Hitmonchan': 1, 'Jynx': 1, 'Skuntank': 1, 'Manectric': 1}"
aircutter4077,[Gen 4] UU,3,3,0,2016-10-07 17:52:14,2016-10-17 22:55:00,,,,"{'Moltres': 1, 'Tauros': 1, 'Lanturn': 1, 'Uxie': 1, 'Venusaur': 1, 'Milotic': 2, 'Toxicroak': 2, 'Rhyperior': 2, 'Jynx': 2, 'Clefable': 2, 'Feraligatr': 2}"
aircutter99431,[Gen 4] UU,1,0,1,2016-09-21 17:56:54,2016-09-21 17:56:54,,,,{'Shuckle': 1}
airlock43667,[Gen 4] UU,1,0,1,2019-08-22 19:33:31,2019-08-22 19:33:31,,,,"{'Omastar': 1, 'Hitmontop': 1, 'Rhyperior': 1, 'Dugtrio': 1, 'Uxie': 1, 'Venusaur': 1}"
airlock53868,[Gen 4] UU,4,2,2,2024-03-01 21:52:25,2024-03-12 00:43:17,1031.0,1166.0,"[1049.0, 1031.0, 1166.0]","{'Exeggutor': 1, 'Mismagius': 2, 'Milotic': 2, 'Rhyperior': 1, 'Venusaur': 2, 'Houndoom': 2, 'Alakazam': 2, 'Moltres': 1, 'Kabutops': 1, 'Lanturn': 1, 'Spiritomb': 1, 'Uxie': 1, 'Hitmonlee': 1, 'Registeel': 1}"
airlock67944,[Gen 4] UU,2,1,1,2020-08-05 03:24:41,2020-08-05 03:31:32,,,,"{'Mismagius': 2, 'Houndoom': 2, 'Torterra': 2, 'Swellow': 2, 'Feraligatr': 2, 'Alakazam': 2}"
airslash82856,[Gen 4] UU,8,6,2,2016-02-28 00:11:07,2016-03-13 05:31:04,,,,"{'Scyther': 5, 'Azumarill': 6, 'Rotom': 5, 'Houndoom': 4, 'Venusaur': 6, 'Donphan': 8, 'Milotic': 1, 'Mismagius': 3, 'Sceptile': 1, 'Registeel': 1, 'Arcanine': 1, 'Moltres': 2, 'Blaziken': 2}"
alakazam68392,[Gen 4] UU,64,22,42,2023-12-17 06:00:09,2025-03-06 07:11:11,,,,"{'Moltres': 12, 'Mismagius': 17, 'Hitmontop': 20, 'Venusaur': 14, 'Registeel': 4, 'Swellow': 13, 'Ursaring': 2, 'Shedinja': 22, 'Kabutops': 4, 'Lanturn': 4, 'Alakazam': 2, 'Leafeon': 2, 'Omastar': 10, 'Froslass': 8, 'Abomasnow': 8, 'Aggron': 13, 'Rotom': 10, 'Blaziken': 4, 'Drapion': 9, 'Sceptile': 6, 'Nidoking': 10, 'Spiritomb': 8, 'Arcanine': 14, 'Magcargo': 1, 'Ralts': 1, 'Weezing': 1, 'Uxie': 4, 'Milotic': 11, 'Qwilfish': 2, 'Electrode': 4, 'Raikou': 6, 'Staraptor': 13, 'Porygon-Z': 11, 'Donphan': 12, 'Vaporeon': 6, 'Slaking': 3, 'Shaymin': 5, 'Tentacruel': 3, 'Lapras': 6, 'Dugtrio': 8, 'Altaria': 6, 'Chansey': 1, 'Feraligatr': 3, 'Exeggutor': 3, 'Hariyama': 1, 'Slowbro': 1, 'Rhyperior': 1, 'Ampharos': 1, 'Claydol': 4, 'Heracross': 6, 'Cloyster': 2, 'Absol': 3, 'Steelix': 2, 'Electivire': 3, 'Honchkrow': 2, 'Weavile': 2, 'Dusknoir': 1, 'Ambipom': 1, 'Mesprit': 1, 'Miltank': 1, 'Torterra': 1}"
alakazam8068,[Gen 4] UU,1,0,1,2024-12-25 03:51:29,2024-12-25 03:51:29,,,,"{'Camerupt': 1, 'Lapras': 1, 'Weezing': 1, 'Steelix': 1, 'Clefable': 1, 'Venusaur': 1}"
alakazam91227,[Gen 4] UU,1,1,0,2016-09-17 00:25:54,2016-09-17 00:25:54,,,,"{'Milotic': 1, 'Mismagius': 1, 'Registeel': 1, 'Arcanine': 1, 'Donphan': 1, 'Leafeon': 1}"
alakazammega5049,[Gen 4] UU,3,2,1,2017-01-01 16:16:10,2017-01-01 16:31:20,,,,"{'Rapidash': 3, 'Poliwrath': 2, 'Mr. Mime': 3, 'Linoone': 3, 'Rhydon': 3, 'Misdreavus': 3}"
alakazammega63462,[Gen 4] UU,1,1,0,2018-04-15 17:35:39,2018-04-15 17:35:39,,,,"{'Aggron': 1, 'Houndoom': 1, 'Uxie': 1, 'Venusaur': 1, 'Donphan': 1}"
alakazammega8565,[Gen 4] UU,1,0,1,2015-11-07 21:42:45,2015-11-07 21:42:45,,,,"{'Moltres': 1, 'Snover': 1, 'Milotic': 1, 'Rhyperior': 1, 'Walrein': 1, 'Venusaur': 1}"
altaria12642,[Gen 4] UU,1,0,1,2016-11-18 01:16:51,2016-11-18 01:16:51,,,,"{'Magmortar': 1, 'Slowbro': 1, 'Medicham': 1, 'Muk': 1, 'Dugtrio': 1, 'Ambipom': 1}"
altaria32948,[Gen 4] UU,6,4,2,2017-10-18 17:22:55,2020-03-22 19:12:41,,,,"{'Venomoth': 2, 'Shiftry': 1, 'Charizard': 2, 'Tauros': 2, 'Hitmonchan': 1, 'Drifblim': 1, 'Moltres': 1, 'Mismagius': 1, 'Qwilfish': 1, 'Rhyperior': 1, 'Spiritomb': 1, 'Blastoise': 1, 'Magneton': 2, 'Regirock': 1, 'Manectric': 1, 'Slowking': 1, 'Hariyama': 2, 'Omastar': 2, 'Rotom': 2, 'Clefable': 2, 'Houndoom': 2, 'Venusaur': 2, 'Gligar': 1, 'Poliwrath': 1, 'Haunter': 1, 'Gardevoir': 1}"
altaria90756,[Gen 4] UU,2,0,2,2017-01-14 01:55:02,2017-01-14 02:04:26,,,,"{'Milotic': 2, 'Omastar': 1, 'Rotom': 1, 'Blaziken': 1, 'Alakazam': 1, 'Leafeon': 1, 'Moltres': 1, 'Aggron': 1, 'Clefable': 1, 'Venusaur': 1, 'Donphan': 1}"
ambipom10605,[Gen 4] UU,75,37,38,2015-03-16 16:37:11,2023-10-08 19:30:43,,,,"{'Mesprit': 20, 'Kabutops': 9, 'Dugtrio': 16, 'Houndoom': 10, 'Swellow': 6, 'Leafeon': 7, 'Mismagius': 22, 'Omastar': 17, 'Toxicroak': 10, 'Clefable': 16, 'Blaziken': 13, 'Qwilfish': 8, 'Torterra': 5, 'Registeel': 20, 'Arcanine': 7, 'Ambipom': 4, 'Tauros': 6, 'Monferno': 5, 'Haunter': 1, 'Manectric': 2, 'Slowking': 5, 'Glalie': 1, 'Wartortle': 4, 'Meditite': 1, 'Metang': 4, 'Roselia': 4, 'Misdreavus': 6, 'Rhyperior': 7, 'Cacturne': 1, 'Scyther': 5, 'Uxie': 14, 'Venusaur': 27, 'Marshtomp': 2, 'Kadabra': 1, 'Golbat': 4, 'Sceptile': 1, 'Azumarill': 4, 'Absol': 1, 'Feraligatr': 2, 'Hitmontop': 8, 'Milotic': 18, 'Kangaskhan': 4, 'Aggron': 3, 'Magmortar': 2, 'Meganium': 1, 'Medicham': 1, 'Jynx': 2, 'Probopass': 2, 'Hariyama': 1, 'Spiritomb': 1, 'Primeape': 3, 'Drapion': 4, 'Donphan': 7, 'Altaria': 2, 'Rotom': 8, 'Charizard': 5, 'Vileplume': 3, 'Armaldo': 1, 'Regirock': 4, 'Skuntank': 2, 'Quagsire': 1, 'Lapras': 2, 'Dodrio': 2, 'Hitmonchan': 3, 'Alakazam': 6, 'Moltres': 10, 'Murkrow': 2, 'Diglett': 2, 'Ponyta': 1, 'Sandslash': 1, 'Floatzel': 2, 'Whiscash': 1, 'Snover': 1, 'Nidoqueen': 1, 'Walrein': 1, 'Seadra': 1, 'Gorebyss': 1, 'Electrode': 1, 'Hypno': 1, 'Lickilicky': 1, 'Ursaring': 1, 'Entei': 1}"
ambipom74340,[Gen 4] UU,1,0,1,2014-10-10 02:55:24,2014-10-10 02:55:24,,,,"{'Milotic': 1, 'Torterra': 1, 'Uxie': 1, 'Arcanine': 1, 'Venusaur': 1, 'Donphan': 1}"
ambipom99270,[Gen 4] UU,1,0,1,2020-08-25 11:13:16,2020-08-25 11:13:16,,,,"{'Ursaring': 1, 'Omastar': 1, 'Rotom': 1, 'Swellow': 1, 'Blaziken': 1, 'Alakazam': 1}"
amnesia2336,[Gen 4] UU,1,0,1,2015-06-16 19:44:08,2015-06-16 19:44:08,,,,"{'Sharpedo': 1, 'Pidgeot': 1, 'Absol': 1, 'Gligar': 1, 'Torterra': 1, 'Donphan': 1}"
amnesia25800,[Gen 4] UU,5,0,5,2020-07-12 19:47:03,2020-08-01 19:26:32,,,,"{'Kangaskhan': 3, 'Qwilfish': 4, 'Torterra': 3, 'Rotom': 5, 'Slowking': 3, 'Primeape': 3, 'Ursaring': 1, 'Mismagius': 1, 'Hitmonlee': 1, 'Uxie': 1, 'Mesprit': 1, 'Toxicroak': 1, 'Lanturn': 1, 'Dugtrio': 1, 'Venusaur': 1}"
amnesia56205,[Gen 4] UU,1,0,1,2024-09-15 19:01:21,2024-09-15 19:01:21,,,,"{'Milotic': 1, 'Blaziken': 1, 'Rhyperior': 1, 'Venusaur': 1, 'Uxie': 1, 'Ambipom': 1}"
amnesia59700,[Gen 4] UU,28,8,20,2024-03-03 22:42:21,2025-05-21 14:37:34,,,,"{'Scyther': 2, 'Mesprit': 4, 'Tauros': 1, 'Azumarill': 3, 'Houndoom': 4, 'Donphan': 6, 'Toxicroak': 1, 'Mismagius': 8, 'Hariyama': 1, 'Omastar': 3, 'Clefable': 2, 'Venusaur': 6, 'Feraligatr': 3, 'Rhyperior': 2, 'Charizard': 2, 'Kangaskhan': 1, 'Torterra': 3, 'Arcanine': 5, 'Alakazam': 1, 'Moltres': 2, 'Yanmega': 2, 'Ludicolo': 1, 'Claydol': 3, 'Dusknoir': 1, 'Drapion': 3, 'Altaria': 3, 'Shiftry': 2, 'Aggron': 5, 'Lanturn': 3, 'Entei': 4, 'Registeel': 4, 'Slowking': 3, 'Glalie': 4, 'Beedrill': 3, 'Cloyster': 1, 'Swellow': 4, 'Gligar': 1, 'Hitmonlee': 1, 'Pinsir': 2, 'Magneton': 1, 'Typhlosion': 1, 'Sneasel': 1, 'Victreebel': 1, 'Sceptile': 1, 'Qwilfish': 3, 'Rotom': 4, 'Steelix': 1, 'Uxie': 3, 'Xatu': 1, 'Blaziken': 1, 'Blastoise': 1, 'Leafeon': 2, 'Milotic': 2, 'Heracross': 1, 'Camerupt': 1, 'Kabutops': 3, 'Masquerain': 1, 'Froslass': 1, 'Haunter': 1, 'Spiritomb': 1}"
ampharos64974,[Gen 4] UU,4,3,1,2016-11-24 04:05:46,2016-11-29 10:09:18,,,,"{'Zangoose': 3, 'Monferno': 3, 'Poliwrath': 2, 'Mr. Mime': 2, 'Golbat': 3, 'Rhydon': 2, 'Misdreavus': 1, 'Flareon': 1, 'Tentacool': 1, 'Kadabra': 1, 'Sableye': 1}"
ampharos7064,[Gen 4] UU,2,1,1,2020-06-05 20:13:45,2020-07-01 19:16:32,,,,"{'Milotic': 1, 'Rhyperior': 1, 'Weezing': 1, 'Venusaur': 2, 'Blaziken': 2, 'Swellow': 1, 'Moltres': 1, 'Mesprit': 1, 'Lanturn': 1}"
ampharos73238,[Gen 4] UU,3,1,2,2023-08-26 13:56:14,2023-08-26 14:11:09,,,,"{'Scyther': 1, 'Rhyperior': 2, 'Alakazam': 1, 'Houndoom': 1, 'Venusaur': 2, 'Blastoise': 1, 'Ludicolo': 1, 'Mismagius': 2, 'Qwilfish': 1, 'Toxicroak': 1, 'Kabutops': 1, 'Uxie': 2, 'Linoone': 1, 'Feraligatr': 1}"
ancientpower79436,[Gen 4] UU,4,2,2,2016-01-19 19:52:44,2016-08-14 18:27:46,,,,"{'Moltres': 2, 'Mismagius': 2, 'Qwilfish': 4, 'Rhyperior': 2, 'Spiritomb': 2, 'Blastoise': 2, 'Scyther': 2, 'Sceptile': 2, 'Rotom': 2, 'Houndoom': 2, 'Donphan': 2}"
angaskhanmega48820,[Gen 4] UU,2,2,0,2018-05-30 19:58:38,2019-02-06 02:57:23,,,,"{'Ursaring': 1, 'Omastar': 2, 'Rotom': 1, 'Swellow': 1, 'Alakazam': 1, 'Exeggutor': 1}"
angaskhanmega75291,[Gen 4] UU,5,4,1,2015-03-20 01:40:12,2015-05-10 00:33:38,,,,"{'Moltres': 4, 'Rotom': 4, 'Dugtrio': 3, 'Registeel': 4, 'Venusaur': 4, 'Blastoise': 4, 'Snover': 1, 'Walrein': 1, 'Nidoqueen': 1, 'Hypno': 1}"
angerpoint24454,[Gen 4] UU,2,1,1,2024-02-13 02:55:55,2024-02-13 03:04:08,,,,"{'Pinsir': 1, 'Aggron': 1, 'Azumarill': 1, 'Rotom': 1, 'Houndoom': 2, 'Venusaur': 1, 'Scyther': 1, 'Toxicroak': 1, 'Torterra': 1, 'Regirock': 1, 'Blastoise': 1}"
anorith12301,[Gen 4] UU,1,0,1,2020-07-27 02:07:17,2020-07-27 02:07:17,,,,"{'Altaria': 1, 'Toxicroak': 1, 'Kabutops': 1, 'Steelix': 1, 'Dugtrio': 1, 'Leafeon': 1}"
anticipation27503,[Gen 4] UU,1,1,0,2019-09-17 02:53:11,2019-09-17 02:53:11,,,,"{'Mesprit': 1, 'Dugtrio': 1, 'Arcanine': 1, 'Swellow': 1, 'Leafeon': 1}"
anticipation27817,[Gen 4] UU,1,0,1,2020-03-01 12:42:11,2020-03-01 12:42:11,1000.0,1000.0,[1000.0],"{'Kangaskhan': 1, 'Mismagius': 1, 'Claydol': 1, 'Slowbro': 1, 'Blaziken': 1, 'Venusaur': 1}"
anticipation31384,[Gen 4] UU,3,3,0,2018-09-23 23:10:31,2018-10-19 21:43:14,,,,"{'Cloyster': 1, 'Toxicroak': 1, 'Azumarill': 1, 'Regirock': 1, 'Rotom': 2, 'Spiritomb': 1, 'Kangaskhan': 1, 'Qwilfish': 1, 'Torterra': 1, 'Slowking': 1, 'Primeape': 1, 'Mismagius': 1, 'Sceptile': 1, 'Kabutops': 1, 'Registeel': 1, 'Arcanine': 1, 'Donphan': 1}"
anticipation31893,[Gen 4] UU,3,1,2,2017-11-11 10:39:50,2018-01-22 23:48:49,,,,"{'Tauros': 2, 'Haunter': 1, 'Manectric': 1, 'Rhydon': 1, 'Glalie': 1, 'Drifblim': 1, 'Magneton': 1, 'Azumarill': 1, 'Dugtrio': 1, 'Uxie': 1, 'Roselia': 1, 'Ambipom': 1, 'Charizard': 1, 'Sandslash': 1, 'Poliwrath': 1, 'Jumpluff': 1, 'Grumpig': 1}"
anticipation3384,[Gen 4] UU,3,0,3,2019-08-03 17:52:29,2019-08-11 15:43:37,,,,"{'Ponyta': 3, 'Togetic': 1, 'Machop': 1, 'Bayleef': 2, 'Nidorino': 2, 'Magnemite': 2, 'Machoke': 1, 'Shuckle': 1, 'Chikorita': 1, 'Nidoran-M': 1, 'Togepi': 1, 'Slowpoke': 1, 'Geodude': 1}"
anticipation82868,[Gen 4] UU,1,1,0,2020-05-12 16:43:07,2020-05-12 16:43:07,,,,"{'Aggron': 1, 'Azumarill': 1, 'Uxie': 1, 'Venusaur': 1, 'Donphan': 1}"
apicotberry12271,[Gen 4] UU,1,1,0,2017-10-30 20:26:59,2017-10-30 20:26:59,,,,"{'Scyther': 1, 'Rhyperior': 1, 'Ambipom': 1, 'Blaziken': 1, 'Alakazam': 1, 'Donphan': 1}"
apicotberry19838,[Gen 4] UU,1,1,0,2017-01-23 01:36:54,2017-01-23 01:36:54,,,,"{'Kecleon': 1, 'Rapidash': 1, 'Victreebel': 1, 'Purugly': 1, 'Misdreavus': 1}"
apicotberry53286,[Gen 4] UU,1,0,1,2020-07-13 04:24:03,2020-07-13 04:24:03,1050.0,1050.0,[1050.0],"{'Uxie': 1, 'Altaria': 1, 'Torterra': 1}"
apicotberry83749,[Gen 4] UU,1,0,1,2024-03-24 19:02:24,2024-03-24 19:02:24,,,,"{'Milotic': 1, 'Dugtrio': 1, 'Clefable': 1, 'Registeel': 1, 'Uxie': 1, 'Venusaur': 1}"
aquajet2708,[Gen 4] UU,5,3,2,2016-12-30 15:05:59,2017-11-04 19:25:28,,,,"{'Armaldo': 1, 'Poliwrath': 1, 'Muk': 1, 'Sableye': 1, 'Purugly': 2, 'Rhydon': 1, 'Electabuzz': 2, 'Dragonair': 2, 'Pelipper': 2, 'Victreebel': 3, 'Metang': 3, 'Misdreavus': 2, 'Onix': 1, 'Tangela': 1, 'Regirock': 1, 'Haunter': 1, 'Hitmonchan': 1, 'Jynx': 1, 'Manectric': 1}"
aquajet84520,[Gen 4] UU,3,2,1,2018-06-09 16:25:19,2018-06-09 20:59:46,,,,"{'Machoke': 1, 'Gastrodon-East': 1, 'Sneasel': 1, 'Muk': 2, 'Rhydon': 1, 'Misdreavus': 2, 'Kadabra': 1, 'Poliwrath': 1, 'Cacturne': 2, 'Metang': 2, 'Purugly': 1, 'Electabuzz': 1, 'Rapidash': 1, 'Pelipper': 1}"
aquaring96981,[Gen 4] UU,2,1,1,2020-03-03 11:12:34,2020-03-16 00:29:59,1000.0,1247.0,"[1000.0, 1247.0]","{'Moltres': 1, 'Mismagius': 1, 'Toxicroak': 1, 'Torterra': 1, 'Kabutops': 2, 'Alakazam': 1, 'Ludicolo': 1, 'Qwilfish': 1, 'Nidoking': 1, 'Uxie': 1, 'Blastoise': 1}"
aquatail47679,[Gen 4] UU,3,1,2,2017-01-23 15:18:53,2017-01-23 15:41:41,,,,"{'Ludicolo': 1, 'Electrode': 1, 'Kabutops': 1, 'Dugtrio': 1, 'Registeel': 1, 'Uxie': 1, 'Blaziken': 2, 'Swellow': 2, 'Alakazam': 2, 'Omastar': 2, 'Ursaring': 1, 'Rotom': 1}"
arbok74124,[Gen 4] UU,6,2,4,2023-03-28 06:50:15,2024-05-10 06:11:11,,,,"{'Mismagius': 6, 'Qwilfish': 5, 'Clefable': 4, 'Arcanine': 4, 'Venusaur': 2, 'Donphan': 1, 'Exeggutor': 1, 'Rhyperior': 2, 'Rotom': 1, 'Houndoom': 1, 'Milotic': 1, 'Uxie': 1, 'Ambipom': 1, 'Torterra': 3, 'Registeel': 3}"
arcanine1677,[Gen 4] UU,2,2,0,2015-01-03 15:03:14,2015-01-03 15:42:09,,,,"{'Flareon': 1, 'Sandslash': 1, 'Magneton': 2, 'Raticate': 1, 'Quagsire': 1, 'Articuno': 1, 'Medicham': 1, 'Charizard': 1, 'Vileplume': 1}"
arcanine56855,[Gen 4] UU,16,10,6,2014-07-26 22:31:35,2015-04-24 20:53:14,,,,"{'Sharpedo': 4, 'Gligar': 4, 'Medicham': 4, 'Haunter': 3, 'Skuntank': 7, 'Charizard': 3, 'Nidoqueen': 4, 'Hitmonchan': 2, 'Cacturne': 2, 'Lickilicky': 2, 'Slowking': 2, 'Tauros': 6, 'Trapinch': 2, 'Solrock': 3, 'Clamperl': 3, 'Hypno': 3, 'Glalie': 3, 'Shiftry': 1, 'Pinsir': 1, 'Poliwrath': 1, 'Rhydon': 1, 'Wormadam-Trash': 1, 'Flareon': 1, 'Manectric': 1, 'Roselia': 1, 'Grumpig': 1, 'Misdreavus': 1, 'Cloyster': 3, 'Nidoking': 3, 'Spiritomb': 3, 'Espeon': 2, 'Ambipom': 3, 'Snover': 2, 'Monferno': 2, 'Walrein': 2, 'Glaceon': 2, 'Weezing': 1}"
arcanine92730,[Gen 4] UU,1,1,0,2020-07-17 21:02:20,2020-07-17 21:02:20,,,,"{'Moltres': 1, 'Milotic': 1, 'Aggron': 1, 'Venusaur': 1, 'Donphan': 1}"
arceus69560,[Gen 4] UU,1,0,1,2016-01-30 02:00:00,2016-01-30 02:00:00,,,,"{'Snover': 1, 'Qwilfish': 1, 'Nidoqueen': 1, 'Walrein': 1, 'Clefable': 1, 'Blastoise': 1}"
arceus84582,[Gen 4] UU,1,0,1,2020-09-07 19:33:18,2020-09-07 19:33:18,,,,"{'Moltres': 1, 'Milotic': 1, 'Aggron': 1, 'Clefable': 1, 'Venusaur': 1, 'Donphan': 1}"
arceus91512,[Gen 4] UU,1,1,0,2018-03-20 13:12:30,2018-03-20 13:12:30,,,,"{'Ludicolo': 1, 'Omastar': 1, 'Toxicroak': 1, 'Kabutops': 1, 'Dugtrio': 1, 'Uxie': 1}"
arceus91588,[Gen 4] UU,6,5,1,2015-05-02 01:39:47,2016-04-23 01:00:32,,,,"{'Gligar': 2, 'Tauros': 2, 'Medicham': 2, 'Regirock': 2, 'Persian': 2, 'Cradily': 2, 'Scyther': 4, 'Milotic': 4, 'Rotom': 4, 'Registeel': 4, 'Arcanine': 4, 'Donphan': 4}"
arceus9174,[Gen 4] UU,1,1,0,2017-01-14 18:00:48,2017-01-14 18:00:48,,,,"{'Toxicroak': 1, 'Azumarill': 1, 'Spiritomb': 1, 'Houndoom': 1, 'Donphan': 1}"
arceus99428,[Gen 4] UU,2,1,1,2017-04-15 10:12:57,2017-05-06 22:42:41,1000.0,1000.0,[1000.0],"{'Cloyster': 1, 'Magmortar': 1, 'Exeggutor': 1, 'Quagsire': 1, 'Metang': 1, 'Drapion': 1, 'Shiftry': 1, 'Aggron': 1, 'Exploud': 1, 'Dugtrio': 1, 'Arcanine': 1}"
arceusbug42007,[Gen 4] UU,1,0,1,2018-03-15 11:23:11,2018-03-15 11:23:11,,,,"{'Moltres': 1, 'Torterra': 1, 'Kabutops': 1, 'Poliwrath': 1, 'Drapion': 1, 'Ambipom': 1}"
arceusbug48749,[Gen 4] UU,4,4,0,2024-03-04 00:32:02,2024-03-04 02:13:22,1030.0,1066.0,"[1066.0, 1030.0, 1039.0, 1049.0]","{'Ludicolo': 3, 'Electrode': 4, 'Toxicroak': 3, 'Kabutops': 4, 'Chansey': 3, 'Cloyster': 2}"
arceusbug74649,[Gen 4] UU,4,2,2,2020-12-13 21:03:12,2021-01-03 21:14:03,,,,"{'Milotic': 1, 'Exeggutor': 1, 'Rhyperior': 2, 'Jynx': 1, 'Spiritomb': 1, 'Blaziken': 2, 'Kabutops': 2, 'Dugtrio': 1, 'Swellow': 1, 'Uxie': 1, 'Venusaur': 1, 'Moltres': 1, 'Toxicroak': 1, 'Rotom': 1, 'Clefable': 1, 'Blastoise': 1, 'Qwilfish': 1, 'Torterra': 1, 'Arcanine': 1, 'Primeape': 1, 'Drifblim': 1}"
arceusdark39807,[Gen 4] UU,3,1,2,2024-03-04 03:13:26,2024-03-09 23:25:09,1047.0,1156.0,"[1156.0, 1047.0, 1143.0]","{'Houndoom': 1, 'Qwilfish': 2, 'Milotic': 1, 'Donphan': 2, 'Sceptile': 1, 'Rotom': 2, 'Swellow': 1, 'Venusaur': 1, 'Alakazam': 1, 'Omastar': 1}"
arceusdark60910,[Gen 4] UU,3,3,0,2017-05-06 22:42:41,2017-06-20 03:04:49,1000.0,1000.0,"[1000.0, 1000.0]","{'Torkoal': 2, 'Lickilicky': 2, 'Torterra': 2, 'Cloyster': 2, 'Claydol': 1, 'Qwilfish': 1, 'Walrein': 1, 'Hitmonlee': 1, 'Probopass': 1, 'Hypno': 1, 'Dragonair': 1, 'Drifblim': 1}"
arceusdragon3587,[Gen 4] UU,1,0,1,2020-06-01 02:25:18,2020-06-01 02:25:18,,,,"{'Milotic': 1, 'Mismagius': 1, 'Registeel': 1, 'Houndoom': 1, 'Primeape': 1, 'Venusaur': 1}"
arceusdragon51803,[Gen 4] UU,3,3,0,2016-09-18 22:04:48,2016-09-21 17:56:54,,,,"{'Sceptile': 1, 'Typhlosion': 1, 'Azumarill': 2, 'Hitmonlee': 1, 'Uxie': 3, 'Donphan': 1, 'Steelix': 1}"
arceusdragon5695,[Gen 4] UU,1,1,0,2020-08-03 11:24:49,2020-08-03 11:24:49,,,,"{'Qwilfish': 1, 'Rhyperior': 1, 'Spiritomb': 1, 'Alakazam': 1, 'Drapion': 1, 'Venusaur': 1}"
arceusdragon7026,[Gen 4] UU,1,0,1,2023-05-20 14:07:28,2023-05-20 14:07:28,,,,"{'Milotic': 1, 'Weezing': 1, 'Dugtrio': 1, 'Clefable': 1, 'Hippopotas': 1}"
arceusfire54791,[Gen 4] UU,3,2,1,2024-12-09 02:10:32,2024-12-09 02:34:12,,,,"{'Milotic': 2, 'Mismagius': 2, 'Uxie': 1, 'Arcanine': 1, 'Venusaur': 2, 'Donphan': 1, 'Mesprit': 1, 'Qwilfish': 1, 'Rhyperior': 1, 'Rotom': 1, 'Blaziken': 1, 'Leafeon': 1, 'Omastar': 1, 'Alakazam': 1}"
arceusghost29776,[Gen 4] UU,1,0,1,2020-08-05 03:40:57,2020-08-05 03:40:57,,,,"{'Milotic': 1, 'Absol': 1, 'Rhyperior': 1, 'Alakazam': 1, 'Blaziken': 1, 'Venusaur': 1}"
arceusghost59449,[Gen 4] UU,1,1,0,2022-07-10 18:14:44,2022-07-10 18:14:44,,,,"{'Hariyama': 1, 'Torterra': 1, 'Azumarill': 1, 'Spiritomb': 1, 'Registeel': 1, 'Blaziken': 1}"
arceusghost91110,[Gen 4] UU,1,0,1,2016-11-04 17:16:09,2016-11-04 17:16:09,,,,"{'Bibarel': 1, 'Milotic': 1, 'Hitmontop': 1, 'Miltank': 1, 'Arcanine': 1, 'Alakazam': 1}"
arceusgrass36899,[Gen 4] UU,4,3,1,2016-12-04 02:18:13,2016-12-04 02:51:24,,,,"{'Linoone': 4, 'Medicham': 4, 'Shuckle': 4, 'Rampardos': 3, 'Porygon2': 3, 'Slowking': 2}"
arceusgrass54954,[Gen 4] UU,17,7,10,2016-07-08 04:27:02,2017-06-20 02:41:11,,,,"{'Moltres': 1, 'Tangrowth': 1, 'Weezing': 2, 'Chansey': 2, 'Dugtrio': 1, 'Registeel': 1, 'Rapidash': 6, 'Onix': 1, 'Victreebel': 6, 'Metang': 1, 'Purugly': 1, 'Tangela': 1, 'Poliwrath': 10, 'Bellossom': 2, 'Mr. Mime': 3, 'Muk': 2, 'Rhydon': 9, 'Drifblim': 2, 'Machoke': 4, 'Cacturne': 4, 'Misdreavus': 7, 'Golbat': 3, 'Raichu': 2, 'Linoone': 3, 'Relicanth': 2, 'Gabite': 3, 'Glalie': 3, 'Yanma': 3, 'Politoed': 2, 'Marowak': 2, 'Jumpluff': 1, 'Electabuzz': 2, 'Mismagius': 1, 'Clefable': 1, 'Venusaur': 1, 'Donphan': 1}"
arceusgrass87919,[Gen 4] UU,1,0,1,2019-03-06 02:54:28,2019-03-06 02:54:28,1000.0,1000.0,[1000.0],"{'Blaziken': 1, 'Alakazam': 1, 'Kabutops': 1, 'Spiritomb': 1}"
arceusground17691,[Gen 4] UU,6,2,4,2016-01-02 22:54:59,2016-01-02 23:54:43,,,,"{'Absol': 6, 'Chansey': 6, 'Alakazam': 6, 'Registeel': 6, 'Venusaur': 6, 'Blastoise': 6}"
arceusground71752,[Gen 4] UU,1,0,1,2016-12-17 18:44:21,2016-12-17 18:44:21,,,,"{'Moltres': 1, 'Manectric': 1, 'Dugtrio': 1, 'Registeel': 1, 'Venusaur': 1, 'Blastoise': 1}"
arceusground84632,[Gen 4] UU,5,2,3,2016-02-14 00:37:54,2016-02-14 01:24:06,,,,"{'Scyther': 1, 'Torterra': 1, 'Kabutops': 1, 'Rotom': 2, 'Registeel': 3, 'Drapion': 1, 'Altaria': 2, 'Mismagius': 1, 'Qwilfish': 2, 'Azumarill': 1, 'Steelix': 2, 'Alakazam': 1, 'Mesprit': 2, 'Feraligatr': 2, 'Dugtrio': 2, 'Venusaur': 2, 'Kangaskhan': 1, 'Swellow': 1}"
arceusground94921,[Gen 4] UU,1,1,0,2025-05-11 19:51:26,2025-05-11 19:51:26,,,,"{'Claydol': 1, 'Aggron': 1, 'Azumarill': 1, 'Houndoom': 1, 'Venusaur': 1}"
arceuspoison41267,[Gen 4] UU,1,0,1,2024-06-30 19:27:23,2024-06-30 19:27:23,,,,"{'Moltres': 1, 'Toxicroak': 1, 'Blastoise': 1, 'Registeel': 1, 'Ambipom': 1, 'Donphan': 1}"
arceuspoison48273,[Gen 4] UU,3,2,1,2015-02-13 17:21:04,2015-02-13 17:55:25,,,,"{'Snover': 2, 'Sandslash': 2, 'Walrein': 2, 'Dusclops': 1, 'Slowking': 3, 'Roselia': 1, 'Venomoth': 2, 'Charizard': 1, 'Vileplume': 1, 'Medicham': 1, 'Magneton': 1, 'Articuno': 1}"
arceuspoison55279,[Gen 4] UU,1,0,1,2023-12-18 03:05:34,2023-12-18 03:05:34,,,,"{'Milotic': 1, 'Mismagius': 1, 'Registeel': 1, 'Houndoom': 1, 'Primeape': 1, 'Venusaur': 1}"
arceuspoison87841,[Gen 4] UU,1,0,1,2017-10-07 02:12:41,2017-10-07 02:12:41,,,,"{'Mesprit': 1, 'Ludicolo': 1, 'Spiritomb': 1, 'Glalie': 1, 'Ambipom': 1, 'Golbat': 1}"
arceuspoison88148,[Gen 4] UU,2,0,2,2014-06-29 16:54:49,2014-06-29 17:28:25,,,,"{'Moltres': 2, 'Milotic': 2, 'Regice': 2, 'Entei': 2, 'Uxie': 2, 'Leafeon': 2}"
arceussteel793,[Gen 4] UU,1,1,0,2020-03-25 19:57:15,2020-03-25 19:57:15,,,,"{'Cloyster': 1, 'Kangaskhan': 1, 'Spiritomb': 1, 'Blaziken': 1, 'Leafeon': 1}"
arceussteel79571,[Gen 4] UU,3,2,1,2019-11-25 02:37:19,2020-02-29 04:32:28,,,,"{'Scyther': 1, 'Claydol': 2, 'Aggron': 1, 'Venusaur': 2, 'Arcanine': 3, 'Ambipom': 2, 'Feraligatr': 2, 'Hitmontop': 1, 'Torterra': 1, 'Registeel': 1, 'Uxie': 1}"
arceussteel83987,[Gen 4] UU,2,1,1,2015-02-18 23:40:02,2015-02-18 23:48:41,,,,"{'Snover': 1, 'Sandslash': 1, 'Nidoqueen': 1, 'Walrein': 1, 'Slowking': 1, 'Drifblim': 2, 'Tauros': 1, 'Haunter': 1, 'Manectric': 1, 'Rhydon': 1, 'Glalie': 1}"
arceuswater19056,[Gen 4] UU,1,0,1,2015-03-20 20:55:15,2015-03-20 20:55:15,,,,"{'Exeggutor': 1, 'Mismagius': 1, 'Houndoom': 1, 'Registeel': 1, 'Primeape': 1, 'Swellow': 1}"
arceuswater57688,[Gen 4] UU,3,1,2,2017-06-07 03:43:37,2022-01-17 23:36:47,,,,"{'Magcargo': 1, 'Hitmontop': 1, 'Azumarill': 1, 'Dugtrio': 1, 'Swellow': 2, 'Venusaur': 2, 'Politoed': 1, 'Armaldo': 1, 'Dragonair': 1, 'Monferno': 1, 'Electabuzz': 1, 'Raichu': 1, 'Blaziken': 1, 'Mismagius': 1, 'Steelix': 1, 'Slowking': 1}"
arceuswater92806,[Gen 4] UU,1,0,1,2019-04-24 01:52:38,2019-04-24 01:52:38,,,,"{'Blaziken': 1, 'Entei': 1, 'Absol': 1}"
arenatrap368,[Gen 4] UU,1,1,0,2020-01-31 11:30:29,2020-01-31 11:30:29,,,,"{'Ludicolo': 1, 'Toxicroak': 1, 'Dugtrio': 1, 'Registeel': 1, 'Uxie': 1}"
arenatrap52229,[Gen 4] UU,1,0,1,2020-05-01 12:00:11,2020-05-01 12:00:11,,,,"{'Ludicolo': 1, 'Toxicroak': 1, 'Kabutops': 1, 'Dugtrio': 1, 'Registeel': 1, 'Uxie': 1}"
arenatrap65458,[Gen 4] UU,7,6,1,2017-10-22 14:52:40,2017-11-21 14:37:14,,,,"{'Shiftry': 3, 'Typhlosion': 1, 'Poliwrath': 1, 'Haunter': 1, 'Golem': 1, 'Gardevoir': 3, 'Sharpedo': 2, 'Tauros': 2, 'Regirock': 4, 'Politoed': 2, 'Vileplume': 2, 'Sandslash': 2, 'Sableye': 2, 'Lickilicky': 4, 'Charizard': 2, 'Nidoqueen': 2, 'Hitmonchan': 2, 'Cacturne': 2, 'Slowking': 2, 'Drifblim': 1}"
ariados49018,[Gen 4] UU,3,2,1,2018-01-20 19:01:37,2018-11-30 22:42:40,,,,"{'Scyther': 2, 'Sceptile': 2, 'Qwilfish': 2, 'Rotom': 3, 'Houndoom': 2, 'Donphan': 2, 'Milotic': 1, 'Torterra': 1, 'Kabutops': 1, 'Arcanine': 1, 'Drapion': 1}"
ariados65244,[Gen 4] UU,2,2,0,2016-04-29 20:51:03,2016-05-31 00:43:35,,,,"{'Gligar': 1, 'Tauros': 2, 'Nidoqueen': 1, 'Lickilicky': 1, 'Slowking': 1, 'Cradily': 1, 'Venomoth': 1, 'Charizard': 1}"
ariados81520,[Gen 4] UU,2,0,2,2016-05-22 09:23:31,2016-05-22 09:30:38,,,,"{'Porygon2': 1, 'Haunter': 1, 'Marowak': 1, 'Crawdaunt': 1, 'Slowking': 1, 'Ampharos': 1, 'Charizard': 1, 'Medicham': 1, 'Kadabra': 1, 'Skuntank': 1, 'Jumpluff': 1, 'Solrock': 1}"
ariados84574,[Gen 4] UU,1,0,1,2020-02-24 04:38:52,2020-02-24 04:38:52,,,,"{'Lapras': 1, 'Weezing': 1, 'Steelix': 1, 'Clefable': 1, 'Venusaur': 1}"
armaldo12242,[Gen 4] UU,16,5,11,2023-03-24 14:13:21,2025-04-11 12:17:18,,,,"{'Scyther': 1, 'Milotic': 8, 'Aggron': 1, 'Entei': 1, 'Venusaur': 10, 'Donphan': 3, 'Moltres': 2, 'Dugtrio': 2, 'Clefable': 3, 'Registeel': 8, 'Blastoise': 2, 'Torterra': 3, 'Rotom': 7, 'Uxie': 5, 'Drapion': 2, 'Ambipom': 2, 'Mismagius': 6, 'Rhyperior': 3, 'Feraligatr': 1, 'Primeape': 2, 'Cloyster': 1, 'Mesprit': 1, 'Houndoom': 2, 'Ursaring': 1, 'Absol': 1, 'Ludicolo': 1, 'Qwilfish': 3, 'Kabutops': 1, 'Blaziken': 3, 'Sceptile': 2, 'Slowking': 1, 'Regirock': 1, 'Alakazam': 2, 'Swellow': 2, 'Kangaskhan': 1}"
armaldo12704,[Gen 4] UU,1,1,0,2022-07-10 14:39:23,2022-07-10 14:39:23,,,,"{'Kangaskhan': 1, 'Mismagius': 1, 'Qwilfish': 1, 'Torterra': 1, 'Registeel': 1, 'Alakazam': 1}"
armaldo37090,[Gen 4] UU,1,1,0,2020-03-27 01:18:02,2020-03-27 01:18:02,,,,"{'Milotic': 1, 'Weezing': 1, 'Spiritomb': 1, 'Registeel': 1, 'Blaziken': 1, 'Venusaur': 1}"
armaldo42991,[Gen 4] UU,2,0,2,2017-01-24 01:01:57,2017-10-25 00:39:57,,,,"{'Venomoth': 1, 'Shiftry': 1, 'Charizard': 1, 'Tauros': 1, 'Hitmonchan': 1, 'Drifblim': 1, 'Scyther': 1, 'Sceptile': 1, 'Qwilfish': 1, 'Rotom': 1, 'Houndoom': 1, 'Donphan': 1}"
armaldo57839,[Gen 4] UU,1,1,0,2016-12-11 23:10:42,2016-12-11 23:10:42,,,,"{'Gorebyss': 1, 'Ludicolo': 1, 'Mesprit': 1, 'Qwilfish': 1, 'Electrode': 1, 'Kabutops': 1}"
armaldo62768,[Gen 4] UU,6,4,2,2024-03-11 04:16:04,2024-03-15 00:41:21,1000.0,1077.0,"[1010.0, 1037.0, 1077.0, 1000.0]","{'Milotic': 5, 'Ludicolo': 6, 'Mismagius': 6, 'Claydol': 5, 'Clefable': 5, 'Arcanine': 5, 'Absol': 1, 'Kangaskhan': 1, 'Ambipom': 1, 'Alakazam': 1}"
armorfossil81528,[Gen 4] UU,4,2,2,2021-10-03 17:32:30,2021-10-24 20:19:21,,,,"{'Mismagius': 1, 'Qwilfish': 1, 'Steelix': 1, 'Arcanine': 1, 'Alakazam': 1, 'Leafeon': 1, 'Exeggutor': 2, 'Omastar': 2, 'Azumarill': 2, 'Rotom': 2, 'Houndoom': 2, 'Toxicroak': 1, 'Moltres': 1, 'Clefable': 1, 'Hypno': 1, 'Registeel': 1, 'Hippopotas': 1, 'Blastoise': 1}"
armthrust62215,[Gen 4] UU,8,6,2,2015-03-20 23:19:41,2017-03-15 20:16:31,,,,"{'Tauros': 1, 'Torterra': 3, 'Lanturn': 1, 'Registeel': 1, 'Uxie': 1, 'Moltres': 2, 'Qwilfish': 1, 'Rotom': 1, 'Swellow': 1, 'Venusaur': 1, 'Donphan': 1, 'Politoed': 1, 'Magneton': 1, 'Typhlosion': 2, 'Haunter': 2, 'Piloswine': 1, 'Milotic': 1, 'Mismagius': 1, 'Weezing': 1, 'Arcanine': 1, 'Alakazam': 1, 'Sandslash': 2, 'Cacturne': 2, 'Dusclops': 1, 'Slowking': 1, 'Lickilicky': 1, 'Tangrowth': 1, 'Omastar': 2, 'Hitmontop': 1, 'Chansey': 1, 'Spiritomb': 1, 'Golduck': 1, 'Magmortar': 1, 'Medicham': 1, 'Scyther': 1, 'Toxicroak': 1, 'Kabutops': 1, 'Houndoom': 1}"
aromatherapy10878,[Gen 4] UU,1,1,0,2020-07-23 13:07:53,2020-07-23 13:07:53,1081.0,1081.0,[1081.0],"{'Sharpedo': 1, 'Mismagius': 1, 'Claydol': 1, 'Tauros': 1, 'Registeel': 1, 'Beedrill': 1}"
aromatherapy36752,[Gen 4] UU,1,1,0,2019-07-19 15:30:23,2019-07-19 15:30:23,,,,"{'Milotic': 1, 'Absol': 1, 'Rhyperior': 1, 'Alakazam': 1, 'Blaziken': 1, 'Venusaur': 1}"
aromatherapy59587,[Gen 4] UU,6,2,4,2024-01-13 03:52:37,2025-03-30 03:49:42,,,,"{'Moltres': 3, 'Milotic': 3, 'Hitmonlee': 2, 'Clefable': 1, 'Registeel': 1, 'Venusaur': 4, 'Absol': 2, 'Rhyperior': 5, 'Blaziken': 2, 'Alakazam': 2, 'Scyther': 1, 'Houndoom': 1, 'Uxie': 1, 'Mismagius': 2, 'Qwilfish': 2, 'Spiritomb': 2, 'Blastoise': 2}"
aromatherapy74181,[Gen 4] UU,1,1,0,2017-02-12 01:21:23,2017-02-12 01:21:23,,,,"{'Milotic': 1, 'Ludicolo': 1, 'Rhyperior': 1, 'Rotom': 1, 'Uxie': 1}"
aromatherapy8151,[Gen 4] UU,8,5,3,2016-04-17 20:38:42,2016-05-21 19:36:21,,,,"{'Milotic': 2, 'Regirock': 2, 'Rotom': 2, 'Arcanine': 3, 'Leafeon': 1, 'Venomoth': 2, 'Mismagius': 2, 'Sceptile': 2, 'Omastar': 2, 'Dugtrio': 2, 'Houndoom': 3, 'Moltres': 1, 'Aggron': 1, 'Toxicroak': 1, 'Slowking': 1, 'Venusaur': 2, 'Donphan': 1, 'Scyther': 1, 'Hitmontop': 1, 'Azumarill': 1, 'Steelix': 1, 'Mesprit': 1, 'Kangaskhan': 1, 'Hitmonlee': 1, 'Manectric': 1, 'Magmortar': 1, 'Shiftry': 1, 'Poliwrath': 1, 'Jynx': 1, 'Gardevoir': 1}"
aron1472,[Gen 4] UU,2,1,1,2020-05-24 18:31:34,2020-05-24 19:13:19,,,,"{'Milotic': 1, 'Rhyperior': 2, 'Weezing': 1, 'Spiritomb': 2, 'Clefable': 1, 'Alakazam': 1, 'Altaria': 1, 'Sceptile': 1, 'Hitmontop': 1, 'Lanturn': 1}"
aron27081,[Gen 4] UU,2,0,2,2017-01-15 16:21:59,2017-01-15 16:27:10,,,,"{'Omastar': 1, 'Toxicroak': 1, 'Steelix': 1, 'Spiritomb': 1, 'Arcanine': 1, 'Leafeon': 1, 'Moltres': 1, 'Glaceon': 1, 'Mismagius': 1, 'Slowbro': 1, 'Hitmontop': 1, 'Drapion': 1}"
aron50078,[Gen 4] UU,2,2,0,2024-12-04 01:14:02,2024-12-04 01:32:47,,,,"{'Milotic': 2, 'Toxicroak': 1, 'Rhyperior': 2, 'Jynx': 1, 'Clefable': 1, 'Feraligatr': 1, 'Absol': 1, 'Alakazam': 1, 'Venusaur': 1}"
aron70887,[Gen 4] UU,2,0,2,2016-10-22 14:24:46,2016-10-22 14:45:54,,,,"{'Cloyster': 2, 'Entei': 1, 'Steelix': 2, 'Lanturn': 1, 'Spiritomb': 2, 'Alakazam': 1, 'Moltres': 1, 'Tangrowth': 1, 'Chansey': 1}"
articuno24001,[Gen 4] UU,1,0,1,2020-07-21 19:45:02,2020-07-21 19:45:02,,,,"{'Milotic': 1, 'Absol': 1, 'Rhyperior': 1, 'Alakazam': 1, 'Blaziken': 1, 'Venusaur': 1}"
articuno27142,[Gen 4] UU,1,1,0,2018-02-15 21:41:06,2018-02-15 21:41:06,,,,"{'Milotic': 1, 'Absol': 1, 'Rhyperior': 1, 'Venusaur': 1, 'Blaziken': 1, 'Alakazam': 1}"
articuno30599,[Gen 4] UU,2,1,1,2015-03-31 23:28:13,2015-05-10 00:33:38,,,,"{'Moltres': 1, 'Mismagius': 1, 'Qwilfish': 1, 'Rhyperior': 1, 'Spiritomb': 1, 'Blastoise': 1, 'Ursaring': 1, 'Omastar': 1, 'Rotom': 1, 'Blaziken': 1, 'Swellow': 1}"
aspearberry12401,[Gen 4] UU,2,0,2,2015-04-20 22:08:52,2016-01-27 23:56:20,,,,"{'Cloyster': 1, 'Dugtrio': 1, 'Lanturn': 1, 'Uxie': 1, 'Alakazam': 1, 'Leafeon': 1, 'Vileplume': 1, 'Charizard': 1, 'Floatzel': 1, 'Golem': 1, 'Skuntank': 1, 'Gardevoir': 1}"
aspearberry27582,[Gen 4] UU,2,1,1,2019-03-08 06:06:04,2019-04-05 21:19:51,1022.0,1022.0,[1022.0],"{'Uxie': 1, 'Arcanine': 1, 'Dugtrio': 1, 'Victreebel': 1, 'Ursaring': 1, 'Omastar': 1, 'Rotom': 1, 'Swellow': 1, 'Blaziken': 1, 'Alakazam': 1}"
aspearberry70048,[Gen 4] UU,1,1,0,2019-05-01 23:27:44,2019-05-01 23:27:44,,,,"{'Hariyama': 1, 'Claydol': 1, 'Aggron': 1, 'Trapinch': 1, 'Clamperl': 1, 'Uxie': 1}"
assist22129,[Gen 4] UU,1,0,1,2019-09-17 02:53:11,2019-09-17 02:53:11,,,,"{'Ursaring': 1, 'Mismagius': 1, 'Qwilfish': 1, 'Rotom': 1, 'Hitmonlee': 1, 'Uxie': 1}"
assist28536,[Gen 4] UU,1,0,1,2020-06-30 00:07:35,2020-06-30 00:07:35,,,,"{'Mesprit': 1, 'Sceptile': 1, 'Azumarill': 1, 'Registeel': 1, 'Arcanine': 1, 'Donphan': 1}"
assist62887,[Gen 4] UU,2,0,2,2023-09-13 21:06:03,2023-09-13 21:13:00,,,,"{'Milotic': 1, 'Entei': 1, 'Clefable': 1, 'Registeel': 1, 'Uxie': 2, 'Donphan': 1, 'Blaziken': 1, 'Kabutops': 1, 'Venusaur': 1, 'Dugtrio': 1, 'Swellow': 1}"
assist98969,[Gen 4] UU,1,1,0,2014-09-16 20:58:38,2014-09-16 20:58:38,,,,"{'Kangaskhan': 1, 'Qwilfish': 1, 'Torterra': 1, 'Rotom': 1, 'Slowking': 1, 'Primeape': 1}"
assurance24082,[Gen 4] UU,7,4,3,2017-01-12 14:27:49,2017-02-06 21:47:04,,,,"{'Ursaring': 1, 'Omastar': 3, 'Rotom': 1, 'Alakazam': 2, 'Blaziken': 1, 'Swellow': 1, 'Hitmontop': 3, 'Rhyperior': 3, 'Dugtrio': 4, 'Uxie': 4, 'Venusaur': 3, 'Ludicolo': 2, 'Electrode': 1, 'Kabutops': 1, 'Registeel': 2, 'Snover': 1, 'Nidoqueen': 1, 'Walrein': 1, 'Chansey': 1, 'Milotic': 1, 'Absol': 1}"
assurance48574,[Gen 4] UU,1,0,1,2023-10-17 15:19:53,2023-10-17 15:19:53,,,,"{'Kangaskhan': 1, 'Mesprit': 1, 'Mismagius': 1, 'Qwilfish': 1, 'Toxicroak': 1, 'Regirock': 1}"
assurance50035,[Gen 4] UU,1,0,1,2017-01-08 21:29:19,2017-01-08 21:29:19,,,,"{'Scyther': 1, 'Omastar': 1, 'Torterra': 1, 'Lanturn': 1, 'Houndoom': 1, 'Donphan': 1}"
assurance81842,[Gen 4] UU,13,6,7,2017-01-02 00:47:53,2018-01-26 22:56:44,,,,"{'Rapidash': 2, 'Onix': 2, 'Victreebel': 2, 'Metang': 4, 'Purugly': 3, 'Tangela': 3, 'Moltres': 2, 'Mismagius': 1, 'Qwilfish': 2, 'Rhyperior': 2, 'Spiritomb': 4, 'Blastoise': 2, 'Zangoose': 2, 'Kadabra': 2, 'Monferno': 3, 'Sableye': 3, 'Rhydon': 6, 'Golbat': 2, 'Dugtrio': 1, 'Mesprit': 2, 'Armaldo': 1, 'Poliwrath': 4, 'Muk': 3, 'Glalie': 2, 'Misdreavus': 2, 'Linoone': 1, 'Milotic': 1, 'Toxicroak': 1, 'Torterra': 1, 'Blaziken': 1, 'Ambipom': 1, 'Omastar': 1, 'Hitmontop': 1, 'Clefable': 1, 'Arcanine': 1}"
astonish12635,[Gen 4] UU,1,0,1,2016-01-19 19:52:44,2016-01-19 19:52:44,,,,"{'Snover': 1, 'Hitmontop': 1, 'Nidoqueen': 1, 'Walrein': 1, 'Chansey': 1, 'Spiritomb': 1}"
astonish32045,[Gen 4] UU,21,12,9,2022-06-14 01:15:26,2024-05-05 21:23:09,,,,"{'Mismagius': 8, 'Qwilfish': 2, 'Torterra': 1, 'Clefable': 4, 'Uxie': 6, 'Arcanine': 2, 'Kangaskhan': 1, 'Omastar': 1, 'Kangaskhan-Mega': 1, 'Scizor': 1, 'Hypno': 1, 'Swellow': 1, 'Scyther': 6, 'Entei': 7, 'Registeel': 14, 'Slowking': 9, 'Venusaur': 7, 'Donphan': 7, 'Ursaring': 3, 'Hitmontop': 3, 'Rhyperior': 3, 'Roselia': 3, 'Blaziken': 3, 'Leafeon': 3, 'Snover': 5, 'Milotic': 6, 'Claydol': 5, 'Walrein': 5, 'Spiritomb': 3, 'Absol': 1, 'Ludicolo': 1}"
astonish64351,[Gen 4] UU,1,0,1,2018-01-12 03:18:23,2018-01-12 03:18:23,,,,"{'Mismagius': 1, 'Claydol': 1, 'Aggron': 1, 'Ambipom': 1, 'Spiritomb': 1, 'Alakazam': 1}"
astonish68191,[Gen 4] UU,1,0,1,2015-05-04 01:36:58,2015-05-04 01:36:58,,,,"{'Mesprit': 1, 'Kangaskhan': 1, 'Rhyperior': 1, 'Azumarill': 1, 'Blaziken': 1, 'Leafeon': 1}"
astonish72019,[Gen 4] UU,2,1,1,2020-07-27 02:17:14,2020-07-27 02:32:55,,,,"{'Ursaring': 2, 'Mismagius': 2, 'Qwilfish': 2, 'Rotom': 2, 'Hitmonlee': 2, 'Uxie': 2}"
attackorder57994,[Gen 4] UU,2,0,2,2022-07-28 19:48:47,2022-07-28 19:59:59,,,,"{'Hariyama': 1, 'Qwilfish': 1, 'Houndoom': 1, 'Torterra': 1, 'Rotom': 1, 'Registeel': 2, 'Scyther': 1, 'Sceptile': 1, 'Toxicroak': 1, 'Rhyperior': 1, 'Blastoise': 1}"
attract12035,[Gen 4] UU,7,2,5,2019-09-13 18:51:55,2019-10-08 17:39:46,,,,"{'Blaziken': 1, 'Spiritomb': 2, 'Linoone': 1, 'Uxie': 3, 'Gastrodon': 1, 'Leafeon': 3, 'Altaria': 2, 'Chansey': 2, 'Lanturn': 3, 'Registeel': 3, 'Venusaur': 3, 'Donphan': 2, 'Mismagius': 2, 'Hitmontop': 2, 'Feraligatr': 1, 'Houndoom': 1, 'Moltres': 2, 'Rhyperior': 1, 'Aggron': 1, 'Qwilfish': 1, 'Omastar': 1, 'Steelix': 1, 'Blastoise': 1}"
attract33328,[Gen 4] UU,4,4,0,2019-04-14 20:20:18,2019-06-03 14:22:52,,,,"{'Mesprit': 2, 'Aggron': 2, 'Toxicroak': 1, 'Torterra': 2, 'Azumarill': 1, 'Houndoom': 2, 'Kangaskhan': 1, 'Qwilfish': 1, 'Blastoise': 2, 'Steelix': 1, 'Dugtrio': 1, 'Uxie': 1, 'Swellow': 1, 'Leafeon': 1, 'Scyther': 1, 'Rhyperior': 1, 'Kabutops': 1, 'Rotom': 1, 'Venusaur': 1}"
attract66049,[Gen 4] UU,5,1,4,2016-08-03 22:02:23,2016-12-17 15:10:09,,,,"{'Milotic': 1, 'Mismagius': 3, 'Houndoom': 2, 'Registeel': 3, 'Primeape': 1, 'Venusaur': 1, 'Sceptile': 2, 'Kabutops': 2, 'Arcanine': 1, 'Donphan': 2, 'Ludicolo': 1, 'Toxicroak': 1, 'Dugtrio': 1, 'Uxie': 1, 'Scyther': 1, 'Qwilfish': 2, 'Rotom': 1, 'Moltres': 1, 'Rhyperior': 1, 'Spiritomb': 1, 'Blastoise': 1}"
aurasphere17317,[Gen 4] UU,1,1,0,2022-07-30 15:20:30,2022-07-30 15:20:30,,,,"{'Milotic': 1, 'Magmortar': 1, 'Registeel': 1, 'Uxie': 1, 'Drapion': 1}"
aurasphere58821,[Gen 4] UU,1,1,0,2016-01-03 18:59:26,2016-01-03 18:59:26,,,,"{'Scyther': 1, 'Milotic': 1, 'Altaria': 1, 'Sceptile': 1, 'Hitmontop': 1, 'Rhyperior': 1}"
aurasphere73720,[Gen 4] UU,3,3,0,2024-03-09 17:59:30,2024-03-09 19:06:26,1000.0,1074.0,"[1013.0, 1074.0, 1000.0]","{'Mismagius': 2, 'Omastar': 3, 'Tauros': 3, 'Rhyperior': 1, 'Spiritomb': 3, 'Venusaur': 2, 'Registeel': 2}"
aurasphere83960,[Gen 4] UU,3,1,2,2017-01-14 20:31:24,2017-01-14 20:44:16,,,,"{'Milotic': 1, 'Spiritomb': 2, 'Clefable': 1, 'Arcanine': 1, 'Venusaur': 2, 'Donphan': 1, 'Moltres': 1, 'Cloyster': 1, 'Steelix': 1, 'Chansey': 1, 'Altaria': 1, 'Houndoom': 1, 'Toxicroak': 1, 'Torterra': 1, 'Kabutops': 1, 'Registeel': 1}"
aurasphere97086,[Gen 4] UU,2,2,0,2015-04-12 01:32:17,2015-04-19 01:50:34,,,,"{'Claydol': 1, 'Tauros': 1, 'Espeon': 1, 'Chatot': 1, 'Arcanine': 1, 'Ambipom': 1, 'Venomoth': 1, 'Dusclops': 1, 'Mr. Mime': 1, 'Hitmonlee': 1, 'Venusaur': 1}"
aurorabeam28184,[Gen 4] UU,1,0,1,2018-02-17 03:33:34,2018-02-17 03:33:34,,,,"{'Exeggutor': 1, 'Omastar': 1, 'Toxicroak': 1, 'Rotom': 1, 'Houndoom': 1, 'Swellow': 1}"
aurorabeam43750,[Gen 4] UU,1,0,1,2017-08-16 12:01:56,2017-08-16 12:01:56,,,,"{'Regice': 1, 'Porygon2': 1, 'Marowak': 1, 'Solrock': 1, 'Crawdaunt': 1, 'Slowking': 1}"
aurorabeam45345,[Gen 4] UU,1,0,1,2017-04-23 16:56:17,2017-04-23 16:56:17,,,,"{'Zangoose': 1, 'Kadabra': 1, 'Monferno': 1, 'Sableye': 1, 'Rhydon': 1, 'Golbat': 1}"
aurorabeam59639,[Gen 4] UU,1,0,1,2020-04-18 01:07:07,2020-04-18 01:07:07,,,,"{'Milotic': 1, 'Swellow': 1, 'Registeel': 1, 'Blaziken': 1, 'Alakazam': 1, 'Donphan': 1}"
avalanche19853,[Gen 4] UU,1,1,0,2024-03-09 05:40:32,2024-03-09 05:40:32,,,,"{'Entei': 1, 'Venusaur': 1, 'Swellow': 1, 'Feraligatr': 1, 'Alakazam': 1, 'Donphan': 1}"
avalanche28501,[Gen 4] UU,3,1,2,2017-01-23 02:41:15,2017-01-23 03:01:51,,,,"{'Moltres': 1, 'Mismagius': 1, 'Qwilfish': 1, 'Rhyperior': 2, 'Spiritomb': 1, 'Blastoise': 2, 'Omastar': 1, 'Hitmontop': 1, 'Dugtrio': 1, 'Uxie': 1, 'Venusaur': 2, 'Claydol': 1, 'Entei': 1, 'Skuntank': 1, 'Swellow': 1}"
avalanche29158,[Gen 4] UU,1,0,1,2015-12-13 11:34:30,2015-12-13 11:34:30,,,,"{'Omastar': 1, 'Kabutops': 1, 'Rotom': 1, 'Swellow': 1, 'Houndoom': 1, 'Venusaur': 1}"
avalanche73264,[Gen 4] UU,17,9,8,2015-06-16 19:31:55,2025-03-09 00:10:19,,,,"{'Milotic': 4, 'Rhyperior': 2, 'Venusaur': 9, 'Rotom': 2, 'Blaziken': 2, 'Swellow': 3, 'Absol': 3, 'Ninetales': 1, 'Claydol': 1, 'Poliwrath': 1, 'Lanturn': 1, 'Mesprit': 4, 'Aggron': 2, 'Toxicroak': 2, 'Torterra': 2, 'Azumarill': 4, 'Houndoom': 2, 'Hitmontop': 1, 'Registeel': 5, 'Arcanine': 3, 'Moltres': 5, 'Tauros': 3, 'Donphan': 6, 'Shiftry': 2, 'Charizard': 2, 'Slowking': 1, 'Gardevoir': 1, 'Mismagius': 3, 'Slowbro': 1, 'Clefable': 3, 'Exeggutor': 1, 'Hariyama': 1, 'Porygon2': 1, 'Uxie': 3, 'Ursaring': 2, 'Drapion': 1, 'Blastoise': 1, 'Sceptile': 1, 'Venomoth': 1, 'Hitmonchan': 1, 'Drifblim': 1, 'Cloyster': 1, 'Regirock': 1, 'Feraligatr': 1}"
avalanche92616,[Gen 4] UU,1,1,0,2020-03-16 18:35:29,2020-03-16 18:35:29,,,,"{'Shiftry': 1, 'Regirock': 1, 'Dugtrio': 1, 'Victreebel': 1, 'Arcanine': 1, 'Leafeon': 1}"
azelf4592,[Gen 4] UU,1,1,0,2024-03-30 03:29:53,2024-03-30 03:29:53,1052.0,1052.0,[1052.0],"{'Primeape': 1, 'Swellow': 1, 'Omastar': 1}"
azelf51114,[Gen 4] UU,1,1,0,2015-04-01 00:06:15,2015-04-01 00:06:15,,,,"{'Cloyster': 1, 'Milotic': 1, 'Spiritomb': 1, 'Registeel': 1, 'Arcanine': 1, 'Venusaur': 1}"
azelf79981,[Gen 4] UU,2,0,2,2020-07-02 23:22:15,2020-07-16 00:47:17,1129.0,1129.0,[1129.0],"{'Moltres': 1, 'Milotic': 1, 'Absol': 1, 'Uxie': 1, 'Venusaur': 1, 'Donphan': 1, 'Exeggutor': 1, 'Drapion': 1, 'Hitmontop': 1, 'Steelix': 1, 'Arcanine': 1}"
azelf93745,[Gen 4] UU,1,0,1,2020-07-01 19:16:32,2020-07-01 19:16:32,,,,"{'Milotic': 1, 'Clefable': 1, 'Arcanine': 1, 'Alakazam': 1, 'Leafeon': 1}"
azumarill20437,[Gen 4] UU,1,0,1,2016-08-11 22:09:38,2016-08-11 22:09:38,,,,"{'Ursaring': 1, 'Omastar': 1, 'Rotom': 1, 'Swellow': 1, 'Blaziken': 1, 'Alakazam': 1}"
azumarill79029,[Gen 4] UU,1,1,0,2021-08-14 19:19:07,2021-08-14 19:19:07,,,,"{'Gligar': 1, 'Clefairy': 1, 'Murkrow': 1, 'Tentacool': 1, 'Magnemite': 1, 'Golbat': 1}"
baddreams53669,[Gen 4] UU,1,0,1,2020-03-09 20:08:58,2020-03-09 20:08:58,,,,"{'Omastar': 1, 'Electrode': 1, 'Rotom': 1, 'Dugtrio': 1, 'Houndoom': 1, 'Venusaur': 1}"
baddreams74600,[Gen 4] UU,1,0,1,2020-04-01 00:13:02,2020-04-01 00:13:02,1067.0,1067.0,[1067.0],"{'Milotic': 1, 'Aggron': 1, 'Toxicroak': 1, 'Cacturne': 1, 'Hippopotas': 1, 'Alakazam': 1}"
baddreams84991,[Gen 4] UU,1,1,0,2019-03-28 12:20:43,2019-03-28 12:20:43,,,,"{'Moltres': 1, 'Milotic': 1, 'Aggron': 1, 'Clefable': 1, 'Venusaur': 1, 'Donphan': 1}"
bagon27550,[Gen 4] UU,1,0,1,2016-07-31 22:34:21,2016-07-31 22:34:21,,,,"{'Machoke': 1, 'Pinsir': 1, 'Golem': 1, 'Pelipper': 1, 'Crawdaunt': 1, 'Regigigas': 1}"
baltoy11180,[Gen 4] UU,1,0,1,2024-03-23 23:41:33,2024-03-23 23:41:33,1094.0,1094.0,[1094.0],"{'Moltres': 1, 'Mismagius': 1, 'Qwilfish': 1, 'Torterra': 1, 'Kabutops': 1, 'Swellow': 1}"
baltoy54739,[Gen 4] UU,1,1,0,2023-03-25 13:37:32,2023-03-25 13:37:32,,,,"{'Moltres': 1, 'Milotic': 1, 'Hitmontop': 1, 'Rotom': 1, 'Clefable': 1, 'Registeel': 1}"
baltoy77606,[Gen 4] UU,2,0,2,2024-03-12 18:26:00,2024-04-19 21:51:14,1344.0,1344.0,[1344.0],"{'Scyther': 2, 'Milotic': 2, 'Registeel': 2, 'Arcanine': 2, 'Venusaur': 2, 'Donphan': 2}"
baltoy98059,[Gen 4] UU,1,0,1,2016-04-28 21:01:23,2016-04-28 21:01:23,,,,"{'Shedinja': 1, 'Medicham': 1, 'Cacturne': 1, 'Illumise': 1, 'Pikachu': 1, 'Gastrodon': 1}"
barboach54048,[Gen 4] UU,1,0,1,2014-12-23 09:46:03,2014-12-23 09:46:03,,,,"{'Ludicolo': 1, 'Electrode': 1, 'Kabutops': 1, 'Dugtrio': 1, 'Registeel': 1, 'Uxie': 1}"
barrage22399,[Gen 4] UU,1,0,1,2017-03-31 05:00:45,2017-03-31 05:00:45,,,,"{'Cloyster': 1, 'Milotic': 1, 'Aggron': 1, 'Entei': 1, 'Uxie': 1, 'Drapion': 1}"
barrage5747,[Gen 4] UU,1,1,0,2020-05-02 18:56:55,2020-05-02 18:56:55,,,,"{'Uxie': 1, 'Kabutops': 1, 'Ludicolo': 1}"
barrage79719,[Gen 4] UU,6,3,3,2016-06-12 14:42:42,2016-06-29 13:28:32,,,,"{'Moltres': 1, 'Altaria': 3, 'Omastar': 2, 'Hitmontop': 2, 'Venusaur': 5, 'Tangrowth': 1, 'Absol': 2, 'Blaziken': 4, 'Registeel': 4, 'Uxie': 1, 'Houndoom': 3, 'Feraligatr': 3, 'Kabutops': 3}"
barrier39158,[Gen 4] UU,1,0,1,2016-08-26 02:11:48,2016-08-26 02:11:48,,,,"{'Ursaring': 1, 'Mesprit': 1, 'Rhyperior': 1, 'Spiritomb': 1, 'Blastoise': 1}"
bastiodon31117,[Gen 4] UU,3,1,2,2017-01-18 19:01:22,2017-01-18 21:18:34,,,,"{'Kangaskhan': 1, 'Qwilfish': 1, 'Torterra': 1, 'Rotom': 3, 'Slowking': 1, 'Primeape': 3, 'Registeel': 2, 'Arcanine': 2, 'Venusaur': 2, 'Blastoise': 2}"
bastiodon31439,[Gen 4] UU,1,0,1,2024-03-16 13:11:23,2024-03-16 13:11:23,1028.0,1028.0,[1028.0],"{'Ursaring': 1, 'Mismagius': 1, 'Sceptile': 1, 'Feraligatr': 1, 'Alakazam': 1, 'Yanma': 1}"
bastiodon53658,[Gen 4] UU,1,1,0,2024-06-09 21:28:57,2024-06-09 21:28:57,,,,"{'Houndoom': 1, 'Venusaur': 1, 'Regirock': 1}"
bastiodon83964,[Gen 4] UU,3,1,2,2018-01-27 20:39:37,2018-01-27 20:56:41,,,,"{'Moltres': 1, 'Milotic': 1, 'Aggron': 1, 'Clefable': 1, 'Venusaur': 1, 'Donphan': 2, 'Mesprit': 1, 'Kabutops': 2, 'Dugtrio': 1, 'Arcanine': 2, 'Swellow': 1, 'Leafeon': 1, 'Mismagius': 1, 'Sceptile': 1, 'Registeel': 1}"
bastiodon92706,[Gen 4] UU,2,0,2,2024-03-15 00:37:52,2024-08-26 00:59:10,1095.0,1095.0,[1095.0],"{'Snover': 2, 'Hitmontop': 2, 'Nidoqueen': 2, 'Walrein': 2, 'Dugtrio': 2, 'Clefable': 2}"
batonpass10076,[Gen 4] UU,2,0,2,2017-01-23 05:24:00,2017-01-23 06:15:17,,,,"{'Milotic': 1, 'Nidoking': 1, 'Hitmontop': 1, 'Uxie': 2, 'Arcanine': 1, 'Donphan': 2, 'Blaziken': 1, 'Weezing': 1, 'Blastoise': 1, 'Alakazam': 1}"
batonpass34094,[Gen 4] UU,1,0,1,2020-07-17 21:02:20,2020-07-17 21:02:20,,,,"{'Ludicolo': 1, 'Electrode': 1, 'Kabutops': 1, 'Dugtrio': 1, 'Registeel': 1, 'Uxie': 1}"
batonpass3687,[Gen 4] UU,4,1,3,2020-06-12 11:38:48,2020-06-12 12:37:27,,,,"{'Torkoal': 3, 'Qwilfish': 3, 'Toxicroak': 3, 'Rotom': 3, 'Registeel': 3, 'Swellow': 3, 'Moltres': 1, 'Snover': 1, 'Hitmontop': 1, 'Nidoqueen': 1, 'Walrein': 1, 'Spiritomb': 1}"
batonpass84511,[Gen 4] UU,4,1,3,2016-01-16 00:58:45,2020-03-01 20:59:02,,,,"{'Snover': 3, 'Hitmontop': 3, 'Nidoqueen': 3, 'Walrein': 3, 'Chansey': 3, 'Registeel': 3, 'Camerupt': 1, 'Weezing': 1, 'Steelix': 1, 'Clefable': 1}"
battlearmor51792,[Gen 4] UU,1,0,1,2016-01-28 01:35:12,2016-01-28 01:35:12,,,,"{'Moltres': 1, 'Milotic': 1, 'Qwilfish': 1, 'Rotom': 1, 'Registeel': 1, 'Donphan': 1}"
bayleef3608,[Gen 4] UU,1,0,1,2017-01-08 23:30:32,2017-01-08 23:30:32,,,,"{'Scyther': 1, 'Omastar': 1, 'Torterra': 1, 'Lanturn': 1, 'Houndoom': 1, 'Donphan': 1}"
bayleef69509,[Gen 4] UU,3,2,1,2020-07-23 16:42:20,2024-03-10 19:19:37,1000.0,1148.0,"[1148.0, 1000.0]","{'Registeel': 3, 'Uxie': 2, 'Toxicroak': 2, 'Ludicolo': 2, 'Hitmontop': 1, 'Chansey': 1, 'Dugtrio': 1, 'Spiritomb': 1, 'Arcanine': 1, 'Kabutops': 1}"
bayleef76359,[Gen 4] UU,1,0,1,2020-03-29 02:25:39,2020-03-29 02:25:39,1026.0,1026.0,[1026.0],"{'Milotic': 1, 'Rhyperior': 1, 'Alakazam': 1, 'Hitmonlee': 1, 'Linoone': 1, 'Venusaur': 1}"
bayleef79306,[Gen 4] UU,2,2,0,2020-05-07 21:26:03,2020-05-11 21:12:48,,,,"{'Milotic': 2, 'Mismagius': 1, 'Clefable': 1, 'Registeel': 2, 'Uxie': 1, 'Donphan': 2, 'Snover': 1, 'Walrein': 1, 'Spiritomb': 1}"
beatup20387,[Gen 4] UU,1,0,1,2016-02-24 04:31:49,2016-02-24 04:31:49,1022.0,1022.0,[1022.0],"{'Vileplume': 1, 'Nidoking': 1, 'Hitmontop': 1, 'Mantine': 1, 'Crawdaunt': 1, 'Ampharos': 1}"
beatup44399,[Gen 4] UU,2,1,1,2016-07-04 12:51:11,2016-07-04 12:58:56,,,,"{'Haunter': 1, 'Hitmonchan': 1, 'Jynx': 1, 'Skuntank': 1, 'Manectric': 1, 'Moltres': 1, 'Sceptile': 1, 'Dugtrio': 1, 'Registeel': 1, 'Venusaur': 1, 'Blastoise': 1}"
beautifly1941,[Gen 4] UU,1,0,1,2018-04-17 13:20:03,2018-04-17 13:20:03,,,,"{'Cloyster': 1, 'Aggron': 1, 'Entei': 1, 'Torterra': 1, 'Rotom': 1, 'Drapion': 1}"
beautifly46034,[Gen 4] UU,1,0,1,2020-03-03 18:02:43,2020-03-03 18:02:43,,,,"{'Mesprit': 1, 'Rhyperior': 1, 'Rotom': 1, 'Blaziken': 1, 'Venusaur': 1, 'Blastoise': 1}"
beautifly63549,[Gen 4] UU,45,23,22,2015-10-27 17:55:07,2016-10-02 20:22:57,,,,"{'Mesprit': 7, 'Sceptile': 11, 'Azumarill': 6, 'Registeel': 15, 'Arcanine': 6, 'Donphan': 14, 'Milotic': 6, 'Blaziken': 10, 'Rhyperior': 10, 'Houndoom': 13, 'Uxie': 10, 'Venusaur': 15, 'Moltres': 11, 'Mismagius': 10, 'Rotom': 9, 'Spiritomb': 4, 'Leafeon': 8, 'Typhlosion': 3, 'Regirock': 3, 'Hitmonchan': 3, 'Skuntank': 3, 'Jumpluff': 3, 'Slowking': 5, 'Magmortar': 4, 'Sandslash': 3, 'Poliwrath': 2, 'Haunter': 2, 'Manectric': 2, 'Gardevoir': 2, 'Magneton': 4, 'Jynx': 2, 'Solrock': 2, 'Scyther': 6, 'Dugtrio': 6, 'Blastoise': 4, 'Cloyster': 5, 'Aggron': 5, 'Primeape': 3, 'Torterra': 2, 'Kabutops': 4, 'Hitmonlee': 2, 'Absol': 2, 'Toxicroak': 2}"
beedrill11673,[Gen 4] UU,1,1,0,2018-09-27 20:56:40,2018-09-27 20:56:40,,,,"{'Ludicolo': 1, 'Toxicroak': 1, 'Kabutops': 1, 'Dugtrio': 1, 'Registeel': 1, 'Uxie': 1}"
beedrill69045,[Gen 4] UU,1,0,1,2018-08-02 21:15:19,2018-08-02 21:15:19,,,,"{'Milotic': 1, 'Absol': 1, 'Rhyperior': 1, 'Venusaur': 1, 'Blaziken': 1, 'Alakazam': 1}"
beldum44742,[Gen 4] UU,2,2,0,2020-05-31 20:51:02,2020-06-19 22:15:28,,,,"{'Quilava': 2, 'Combusken': 2, 'Monferno': 2, 'Croconaw': 1, 'Charmeleon': 1, 'Misdreavus': 2, 'Ponyta': 1}"
beldum81553,[Gen 4] UU,5,2,3,2017-03-07 02:36:35,2017-12-01 17:35:59,,,,"{'Blaziken': 1, 'Slowbro': 2, 'Venusaur': 2, 'Registeel': 5, 'Uxie': 5, 'Ambipom': 2, 'Electrode': 3, 'Kabutops': 3, 'Dugtrio': 3, 'Ludicolo': 2}"
bellossom26800,[Gen 4] UU,1,0,1,2016-01-14 18:38:34,2016-01-14 18:38:34,1047.0,1047.0,[1047.0],"{'Ambipom': 1, 'Uxie': 1, 'Spiritomb': 1}"
bellossom48045,[Gen 4] UU,1,0,1,2019-10-25 03:17:05,2019-10-25 03:17:05,,,,"{'Ursaring': 1, 'Mismagius': 1, 'Qwilfish': 1, 'Rotom': 1, 'Hitmonlee': 1, 'Uxie': 1}"
bellossom62958,[Gen 4] UU,3,1,2,2020-03-15 11:13:36,2020-03-17 22:37:15,1000.0,1170.0,"[1000.0, 1170.0]","{'Milotic': 1, 'Nidoking': 1, 'Miltank': 1, 'Chansey': 1, 'Venusaur': 1, 'Drifblim': 1, 'Entei': 2, 'Hitmontop': 2, 'Ambipom': 2, 'Registeel': 2, 'Arcanine': 2, 'Alakazam': 2}"
bellossom80588,[Gen 4] UU,1,1,0,2015-04-26 01:01:21,2015-04-26 01:01:21,,,,"{'Cloyster': 1, 'Snover': 1, 'Nidoqueen': 1, 'Walrein': 1, 'Clefable': 1}"
bellsprout3542,[Gen 4] UU,7,3,4,2021-05-05 14:13:34,2024-06-19 12:30:56,,,,"{'Moltres': 1, 'Milotic': 2, 'Mesprit': 1, 'Sceptile': 2, 'Rhyperior': 2, 'Registeel': 4, 'Exeggutor': 1, 'Regirock': 1, 'Skuntank': 1, 'Lanturn': 1, 'Glalie': 1, 'Drifblim': 1, 'Hariyama': 4, 'Torterra': 3, 'Weezing': 3, 'Alakazam': 3, 'Blastoise': 2, 'Omastar': 1, 'Rotom': 2, 'Spiritomb': 1, 'Blaziken': 1, 'Hitmonlee': 1, 'Houndoom': 1, 'Venusaur': 1}"
bellydrum51300,[Gen 4] UU,2,1,1,2024-03-02 17:06:23,2024-03-23 19:01:22,1000.0,1120.0,"[1000.0, 1120.0]","{'Mesprit': 1, 'Feraligatr': 1, 'Alakazam': 1, 'Registeel': 1, 'Venusaur': 2, 'Moltres': 1, 'Mismagius': 1, 'Qwilfish': 1, 'Kabutops': 1, 'Ambipom': 1}"
bellydrum94362,[Gen 4] UU,2,0,2,2015-07-30 04:55:36,2015-07-30 05:07:01,,,,"{'Milotic': 1, 'Omastar': 1, 'Hitmontop': 1, 'Weezing': 1, 'Spiritomb': 1, 'Clefable': 1, 'Mesprit': 1, 'Kangaskhan': 1, 'Rhyperior': 1, 'Azumarill': 1, 'Blaziken': 1, 'Leafeon': 1}"
berry39538,[Gen 4] UU,2,0,2,2017-06-10 16:37:43,2017-06-10 16:45:11,,,,"{'Rapidash': 1, 'Onix': 1, 'Victreebel': 1, 'Metang': 1, 'Purugly': 1, 'Tangela': 1, 'Kecleon': 1, 'Rampardos': 1, 'Octillery': 1, 'Solrock': 1, 'Chimecho': 1, 'Glaceon': 1}"
berry74190,[Gen 4] UU,1,1,0,2024-03-29 20:22:13,2024-03-29 20:22:13,,,,"{'Exeggutor': 1, 'Hariyama': 1, 'Entei': 1, 'Lanturn': 1, 'Registeel': 1}"
berserkgene43658,[Gen 4] UU,1,1,0,2023-10-15 16:49:55,2023-10-15 16:49:55,,,,"{'Sceptile': 1, 'Houndoom': 1, 'Rhyperior': 1, 'Weezing': 1, 'Feraligatr': 1, 'Uxie': 1}"
berserkgene60316,[Gen 4] UU,1,0,1,2023-12-19 19:49:26,2023-12-19 19:49:26,,,,"{'Mismagius': 1, 'Qwilfish': 1, 'Clefable': 1, 'Arcanine': 1, 'Alakazam': 1, 'Leafeon': 1}"
berserkgene70677,[Gen 4] UU,1,0,1,2017-11-25 16:57:33,2017-11-25 16:57:33,,,,"{'Absol': 1, 'Hariyama': 1, 'Slowbro': 1, 'Registeel': 1, 'Houndoom': 1, 'Venusaur': 1}"
berserkgene83511,[Gen 4] UU,1,0,1,2024-07-24 17:25:55,2024-07-24 17:25:55,,,,"{'Milotic': 1, 'Drapion': 1, 'Torterra': 1, 'Kabutops': 1, 'Rotom': 1, 'Arcanine': 1}"
berserkgene9649,[Gen 4] UU,21,20,1,2024-03-01 17:19:54,2024-06-17 20:21:39,1000.0,1181.0,"[1000.0, 1141.0, 1064.0, 1044.0, 1061.0, 1054.0, 1101.0, 1141.0, 1033.0, 1100.0, 1020.0, 1150.0, 1102.0, 1101.0, 1013.0, 1181.0, 1052.0]","{'Uxie': 18, 'Mesprit': 8, 'Mismagius': 15, 'Leafeon': 14, 'Blaziken': 10, 'Feraligatr': 9, 'Altaria': 3, 'Absol': 4, 'Venusaur': 5, 'Milotic': 4, 'Registeel': 1, 'Houndoom': 1, 'Primeape': 1, 'Jynx': 1, 'Rhyperior': 1}"
bibarel14361,[Gen 4] UU,34,19,15,2016-05-24 23:04:17,2017-01-18 21:25:38,,,,"{'Snover': 17, 'Milotic': 8, 'Walrein': 4, 'Spiritomb': 16, 'Registeel': 12, 'Donphan': 13, 'Slowking': 4, 'Tauros': 4, 'Regirock': 4, 'Sneasel': 5, 'Lickilicky': 7, 'Drifblim': 2, 'Moltres': 12, 'Dugtrio': 11, 'Blastoise': 11, 'Articuno': 12, 'Scyther': 9, 'Venusaur': 8, 'Kangaskhan': 7, 'Gligar': 1, 'Aggron': 1, 'Toxicroak': 1, 'Cacturne': 1, 'Uxie': 1, 'Dusclops': 3, 'Bronzor': 3, 'Tentacool': 3, 'Jynx': 2, 'Sharpedo': 1, 'Venomoth': 1, 'Gardevoir': 1, 'Wailord': 1, 'Hitmonchan': 1, 'Roselia': 1}"
bibarel19063,[Gen 4] UU,3,1,2,2024-11-30 17:30:54,2024-11-30 17:49:33,,,,"{'Mismagius': 2, 'Sceptile': 1, 'Kabutops': 1, 'Registeel': 3, 'Arcanine': 1, 'Donphan': 1, 'Milotic': 2, 'Dugtrio': 1, 'Clefable': 1, 'Uxie': 1, 'Venusaur': 2, 'Houndoom': 1, 'Primeape': 1}"
bide32585,[Gen 4] UU,22,12,10,2015-05-10 01:59:27,2023-10-24 19:09:13,,,,"{'Moltres': 14, 'Scyther': 16, 'Torterra': 16, 'Kabutops': 15, 'Lanturn': 15, 'Registeel': 15, 'Vileplume': 6, 'Charizard': 5, 'Medicham': 4, 'Regirock': 5, 'Sneasel': 6, 'Slowking': 6}"
bidoof44199,[Gen 4] UU,1,1,0,2018-11-04 19:46:34,2018-11-04 19:46:34,,,,"{'Milotic': 1, 'Drapion': 1, 'Torterra': 1, 'Kabutops': 1, 'Rotom': 1, 'Arcanine': 1}"
bidoof77636,[Gen 4] UU,1,0,1,2024-03-15 04:52:09,2024-03-15 04:52:09,1000.0,1000.0,[1000.0],"{'Milotic': 1, 'Mismagius': 1, 'Houndoom': 1, 'Registeel': 1, 'Primeape': 1, 'Venusaur': 1}"
bigroot12341,[Gen 4] UU,1,0,1,2016-01-18 16:50:19,2016-01-18 16:50:19,,,,"{'Scyther': 1, 'Dugtrio': 1, 'Registeel': 1, 'Venusaur': 1, 'Blastoise': 1}"
bigroot15052,[Gen 4] UU,1,0,1,2025-02-13 13:46:47,2025-02-13 13:46:47,,,,"{'Scyther': 1, 'Toxicroak': 1, 'Torterra': 1, 'Regirock': 1, 'Houndoom': 1, 'Blastoise': 1}"
bigroot6428,[Gen 4] UU,1,0,1,2024-03-16 12:46:14,2024-03-16 12:46:14,,,,"{'Mismagius': 1, 'Sceptile': 1, 'Kabutops': 1, 'Registeel': 1, 'Arcanine': 1, 'Donphan': 1}"
bigroot83130,[Gen 4] UU,1,0,1,2020-07-28 18:53:17,2020-07-28 18:53:17,,,,"{'Ludicolo': 1, 'Qwilfish': 1, 'Weezing': 1, 'Chansey': 1, 'Blaziken': 1, 'Swellow': 1}"
bind5981,[Gen 4] UU,1,0,1,2024-04-10 20:38:12,2024-04-10 20:38:12,,,,"{'Milotic': 1, 'Dugtrio': 1, 'Clefable': 1, 'Registeel': 1, 'Uxie': 1, 'Venusaur': 1}"
bind97319,[Gen 4] UU,5,3,2,2016-06-29 17:08:24,2016-07-07 21:45:57,,,,"{'Snover': 5, 'Nidoqueen': 2, 'Kabutops': 2, 'Jynx': 2, 'Arcanine': 1, 'Glaceon': 1, 'Sandslash': 3, 'Walrein': 3, 'Dusclops': 3, 'Slowking': 3, 'Roselia': 3}"
bite75524,[Gen 4] UU,8,4,4,2016-01-15 23:49:51,2016-04-12 23:24:43,,,,"{'Milotic': 5, 'Magneton': 1, 'Rhyperior': 3, 'Miltank': 1, 'Spiritomb': 2, 'Venusaur': 5, 'Registeel': 4, 'Qwilfish': 3, 'Blaziken': 4, 'Manectric': 2, 'Mismagius': 2, 'Absol': 1, 'Alakazam': 1, 'Entei': 1, 'Clefable': 2, 'Blastoise': 1, 'Nidoking': 1, 'Slowking': 1, 'Hariyama': 1, 'Mesprit': 1, 'Omastar': 1, 'Houndoom': 1}"
bitterberry32635,[Gen 4] UU,1,0,1,2015-10-03 12:29:58,2015-10-03 12:29:58,1000.0,1000.0,[1000.0],"{'Cloyster': 1, 'Houndoom': 1, 'Toxicroak': 1, 'Spiritomb': 1, 'Registeel': 1, 'Regigigas': 1}"
bitterberry46467,[Gen 4] UU,2,0,2,2020-03-05 08:27:02,2020-03-07 12:37:17,1021.0,1033.0,"[1021.0, 1033.0]","{'Cloyster': 2, 'Banette': 2, 'Rapidash': 2, 'Magneton': 2, 'Drapion': 2, 'Ambipom': 2}"
bitterberry84865,[Gen 4] UU,1,0,1,2020-07-21 08:53:59,2020-07-21 08:53:59,,,,"{'Snover': 1, 'Hitmontop': 1, 'Nidoqueen': 1, 'Walrein': 1, 'Chansey': 1, 'Registeel': 1}"
bitterberry84906,[Gen 4] UU,6,3,3,2024-11-26 19:06:16,2025-01-21 03:05:44,,,,"{'Ludicolo': 2, 'Toxicroak': 2, 'Kabutops': 3, 'Dugtrio': 3, 'Registeel': 2, 'Uxie': 2, 'Pinsir': 1, 'Aggron': 1, 'Azumarill': 1, 'Rotom': 1, 'Houndoom': 1, 'Venusaur': 1, 'Moltres': 2, 'Sceptile': 2, 'Skuntank': 2, 'Clefable': 2, 'Slowking': 2, 'Donphan': 2, 'Mesprit': 1, 'Swellow': 1, 'Leafeon': 1}"
blackbelt16014,[Gen 4] UU,2,0,2,2017-01-26 23:10:40,2017-01-26 23:18:02,,,,"{'Claydol': 1, 'Aggron': 1, 'Venusaur': 2, 'Houndoom': 1, 'Swellow': 1, 'Blastoise': 1, 'Charizard': 1, 'Electrode': 1, 'Hitmontop': 1, 'Steelix': 1, 'Slowking': 1}"
blackbelt3187,[Gen 4] UU,74,41,33,2019-08-06 19:27:25,2022-09-18 21:23:14,,,,"{'Scyther': 10, 'Omastar': 5, 'Hitmontop': 4, 'Dugtrio': 13, 'Houndoom': 19, 'Venusaur': 26, 'Toxicroak': 9, 'Torterra': 5, 'Kabutops': 11, 'Rotom': 24, 'Uxie': 33, 'Milotic': 17, 'Registeel': 29, 'Donphan': 11, 'Mismagius': 19, 'Sceptile': 20, 'Qwilfish': 16, 'Steelix': 5, 'Hitmonlee': 4, 'Arcanine': 12, 'Weezing': 5, 'Spiritomb': 9, 'Primeape': 4, 'Cloyster': 2, 'Regirock': 9, 'Alakazam': 6, 'Altaria': 2, 'Rhyperior': 8, 'Miltank': 3, 'Clefable': 13, 'Hariyama': 6, 'Skuntank': 3, 'Moltres': 9, 'Aggron': 4, 'Blaziken': 4, 'Mesprit': 3, 'Swellow': 2, 'Leafeon': 6, 'Azumarill': 3, 'Blastoise': 4, 'Kadabra': 1, 'Abra': 1, 'Feraligatr': 6, 'Tangrowth': 1, 'Drapion': 3, 'Pinsir': 2, 'Absol': 2, 'Ambipom': 1, 'Jynx': 2, 'Nidoqueen': 1, 'Slowking': 2, 'Ludicolo': 1, 'Exeggutor': 1, 'Tauros': 1, 'Kangaskhan': 1}"
blackbelt32913,[Gen 4] UU,1,1,0,2014-07-22 04:23:04,2014-07-22 04:23:04,,,,"{'Medicham': 1, 'Golem': 1, 'Persian': 1, 'Quagsire': 1, 'Manectric': 1}"
blackbelt59223,[Gen 4] UU,1,1,0,2019-10-27 15:35:26,2019-10-27 15:35:26,,,,"{'Milotic': 1, 'Mesprit': 1, 'Rhyperior': 1, 'Miltank': 1, 'Drapion': 1, 'Ambipom': 1}"
blackbelt92832,[Gen 4] UU,1,1,0,2020-03-02 16:26:53,2020-03-02 16:26:53,,,,"{'Milotic': 1, 'Mismagius': 1, 'Houndoom': 1, 'Registeel': 1, 'Venusaur': 1}"
blackglasses11059,[Gen 4] UU,14,11,3,2014-10-10 02:47:57,2018-01-21 21:04:44,,,,"{'Mesprit': 1, 'Blaziken': 1, 'Registeel': 7, 'Slowking': 1, 'Venusaur': 8, 'Donphan': 2, 'Milotic': 7, 'Hitmontop': 5, 'Rotom': 11, 'Dugtrio': 5, 'Swellow': 4, 'Moltres': 7, 'Steelix': 6, 'Alakazam': 3, 'Blastoise': 4, 'Omastar': 1, 'Mismagius': 2, 'Toxicroak': 1, 'Torterra': 1, 'Arcanine': 1}"
blackglasses30007,[Gen 4] UU,1,1,0,2016-11-04 17:16:09,2016-11-04 17:16:09,,,,"{'Milotic': 1, 'Mismagius': 1, 'Claydol': 1, 'Hitmonchan': 1, 'Arcanine': 1, 'Ambipom': 1}"
blackglasses53519,[Gen 4] UU,1,1,0,2018-06-29 02:53:08,2018-06-29 02:53:08,,,,"{'Ursaring': 1, 'Ludicolo': 1, 'Mismagius': 1, 'Toxicroak': 1, 'Registeel': 1, 'Uxie': 1}"
blacksludge66101,[Gen 4] UU,1,1,0,2020-03-17 22:27:43,2020-03-17 22:27:43,,,,"{'Moltres': 1, 'Milotic': 1, 'Clefable': 1, 'Venusaur': 1, 'Donphan': 1}"
blastburn31714,[Gen 4] UU,1,1,0,2018-04-16 01:01:31,2018-04-16 01:01:31,,,,"{'Milotic': 1, 'Rhyperior': 1, 'Toxicroak': 1, 'Jynx': 1, 'Clefable': 1, 'Feraligatr': 1}"
blastburn3217,[Gen 4] UU,1,0,1,2020-01-12 22:43:01,2020-01-12 22:43:01,,,,"{'Ludicolo': 1, 'Toxicroak': 1, 'Kabutops': 1, 'Dugtrio': 1, 'Registeel': 1, 'Uxie': 1}"
blastburn68087,[Gen 4] UU,1,0,1,2015-11-14 19:58:11,2015-11-14 19:58:11,,,,"{'Mesprit': 1, 'Kangaskhan': 1, 'Rhyperior': 1, 'Azumarill': 1, 'Blaziken': 1, 'Leafeon': 1}"
blastburn7365,[Gen 4] UU,1,0,1,2025-05-20 03:38:37,2025-05-20 03:38:37,,,,"{'Mismagius': 1, 'Sceptile': 1, 'Kabutops': 1, 'Registeel': 1, 'Arcanine': 1, 'Donphan': 1}"
blastburn79763,[Gen 4] UU,14,9,5,2024-03-28 19:24:31,2025-05-06 19:59:17,,,,"{'Mesprit': 8, 'Mismagius': 10, 'Qwilfish': 7, 'Rhyperior': 4, 'Blaziken': 4, 'Venusaur': 6, 'Moltres': 3, 'Registeel': 6, 'Rotom': 1, 'Houndoom': 3, 'Blastoise': 1, 'Omastar': 2, 'Arcanine': 4, 'Donphan': 1, 'Hariyama': 3, 'Feraligatr': 4, 'Leafeon': 4, 'Clefable': 2, 'Alakazam': 2, 'Torterra': 1, 'Glalie': 1}"
blastburn84594,[Gen 4] UU,6,4,2,2015-04-02 21:46:16,2015-05-10 18:01:42,,,,"{'Cloyster': 2, 'Rhyperior': 2, 'Lanturn': 4, 'Feraligatr': 2, 'Blaziken': 3, 'Venusaur': 2, 'Hitmontop': 3, 'Torterra': 1, 'Uxie': 2, 'Swellow': 1, 'Camerupt': 2, 'Sceptile': 2, 'Muk': 2, 'Houndoom': 2, 'Moltres': 1, 'Dodrio': 1, 'Dugtrio': 1, 'Donphan': 1, 'Azumarill': 1}"
blaze75887,[Gen 4] UU,8,3,5,2019-07-19 15:30:23,2020-08-16 08:31:46,,,,"{'Ludicolo': 5, 'Electrode': 4, 'Kabutops': 5, 'Dugtrio': 4, 'Registeel': 6, 'Uxie': 5, 'Rotom': 2, 'Weezing': 2, 'Blastoise': 2, 'Milotic': 1, 'Absol': 1, 'Rhyperior': 1, 'Venusaur': 1, 'Blaziken': 1, 'Alakazam': 1, 'Heracross': 1, 'Porygon-Z': 1}"
blazekick5005,[Gen 4] UU,2,1,1,2017-03-09 02:29:11,2017-03-28 23:58:11,,,,"{'Gorebyss': 1, 'Armaldo': 1, 'Victreebel': 1, 'Sableye': 1, 'Purugly': 1, 'Golbat': 2, 'Kadabra': 1, 'Probopass': 1, 'Gastrodon': 1, 'Misdreavus': 1}"
blazekick65999,[Gen 4] UU,15,6,9,2016-12-31 21:28:14,2017-06-15 21:12:28,,,,"{'Rapidash': 1, 'Onix': 1, 'Victreebel': 3, 'Metang': 2, 'Purugly': 5, 'Tangela': 2, 'Golduck': 5, 'Poliwrath': 8, 'Flareon': 2, 'Cacturne': 7, 'Mr. Mime': 6, 'Muk': 6, 'Relicanth': 3, 'Misdreavus': 7, 'Monferno': 2, 'Marowak': 1, 'Zangoose': 3, 'Sneasel': 1, 'Pelipper': 1, 'Rhydon': 9, 'Machoke': 3, 'Dragonair': 2, 'Electabuzz': 2, 'Sableye': 1, 'Golbat': 2}"
blazekick86887,[Gen 4] UU,24,10,14,2016-01-18 17:08:24,2018-10-31 16:33:49,,,,"{'Armaldo': 2, 'Cacturne': 1, 'Metang': 2, 'Gastrodon': 1, 'Misdreavus': 1, 'Golbat': 1, 'Magmortar': 3, 'Charizard': 4, 'Typhlosion': 2, 'Regirock': 3, 'Hitmonchan': 4, 'Slowking': 7, 'Cloyster': 3, 'Rotom': 8, 'Registeel': 9, 'Arcanine': 3, 'Venusaur': 13, 'Donphan': 5, 'Moltres': 13, 'Omastar': 2, 'Mismagius': 4, 'Rhyperior': 3, 'Blastoise': 6, 'Dugtrio': 3, 'Poliwrath': 2, 'Muk': 1, 'Articuno': 1, 'Medicham': 1, 'Hitmontop': 5, 'Clefable': 1, 'Drapion': 4, 'Milotic': 1, 'Venomoth': 1, 'Shiftry': 1, 'Tauros': 1, 'Drifblim': 1, 'Torterra': 1, 'Kabutops': 1, 'Ambipom': 1, 'Steelix': 3, 'Spiritomb': 3, 'Leafeon': 1, 'Nidoqueen': 1, 'Feraligatr': 1, 'Scyther': 1, 'Sceptile': 1, 'Qwilfish': 1, 'Houndoom': 1}"
blaziken57424,[Gen 4] UU,1,0,1,2019-10-28 22:28:22,2019-10-28 22:28:22,,,,"{'Mismagius': 1, 'Sceptile': 1, 'Rotom': 1, 'Registeel': 1, 'Glalie': 1, 'Blastoise': 1}"
blaziken67392,[Gen 4] UU,1,0,1,2022-06-16 18:13:59,2022-06-16 18:13:59,,,,"{'Exeggutor': 1, 'Porygon2': 1, 'Rhyperior': 1, 'Clamperl': 1, 'Uxie': 1, 'Slowking': 1}"
blaziken86807,[Gen 4] UU,1,0,1,2016-01-17 14:22:30,2016-01-17 14:22:30,,,,"{'Absol': 1, 'Omastar': 1, 'Rotom': 1, 'Dugtrio': 1, 'Blaziken': 1, 'Venusaur': 1}"
blissey25762,[Gen 4] UU,1,0,1,2017-01-09 01:29:13,2017-01-09 01:29:13,,,,"{'Moltres': 1, 'Milotic': 1, 'Mesprit': 1, 'Claydol': 1, 'Dugtrio': 1, 'Venusaur': 1}"
blizzard4482,[Gen 4] UU,1,0,1,2024-03-24 21:52:07,2024-03-24 21:52:07,1077.0,1077.0,[1077.0],"{'Pinsir': 1, 'Aggron': 1, 'Azumarill': 1, 'Rotom': 1, 'Houndoom': 1, 'Venusaur': 1}"
block84342,[Gen 4] UU,1,1,0,2020-08-15 20:46:54,2020-08-15 20:46:54,,,,"{'Registeel': 1, 'Uxie': 1, 'Dugtrio': 1, 'Ludicolo': 1}"
blukberry17354,[Gen 4] UU,1,0,1,2018-08-02 21:03:12,2018-08-02 21:03:12,,,,"{'Altaria': 1, 'Absol': 1, 'Sceptile': 1, 'Aggron': 1, 'Arcanine': 1, 'Alakazam': 1}"
bodyslam26720,[Gen 4] UU,6,4,2,2016-01-02 22:54:59,2016-01-02 23:54:43,,,,"{'Milotic': 5, 'Absol': 6, 'Mismagius': 3, 'Steelix': 5, 'Blaziken': 6, 'Alakazam': 5, 'Ampharos': 2}"
boneclub27115,[Gen 4] UU,1,1,0,2015-05-15 05:30:40,2015-05-15 05:30:40,,,,"{'Snover': 1, 'Mismagius': 1, 'Dugtrio': 1, 'Feraligatr': 1, 'Blaziken': 1, 'Glaceon': 1}"
boneclub60034,[Gen 4] UU,3,1,2,2024-11-30 14:19:03,2024-11-30 14:54:30,,,,"{'Hariyama': 1, 'Torterra': 1, 'Weezing': 1, 'Registeel': 1, 'Alakazam': 2, 'Blastoise': 2, 'Exeggutor': 1, 'Regirock': 1, 'Skuntank': 1, 'Lanturn': 1, 'Glalie': 1, 'Drifblim': 1, 'Scyther': 1, 'Toxicroak': 1, 'Rhyperior': 1, 'Rotom': 1}"
bonemerang32569,[Gen 4] UU,3,1,2,2023-03-12 02:18:31,2023-03-12 02:30:05,,,,"{'Moltres': 2, 'Mismagius': 2, 'Sceptile': 2, 'Clefable': 3, 'Registeel': 3, 'Donphan': 2, 'Rhyperior': 1, 'Spiritomb': 1, 'Hippopotas': 1, 'Venusaur': 1}"
bonemerang54704,[Gen 4] UU,2,2,0,2016-04-11 01:42:12,2016-04-18 20:33:49,,,,"{'Ursaring': 2, 'Omastar': 2, 'Rotom': 2, 'Swellow': 2, 'Blaziken': 2, 'Alakazam': 2}"
bonemerang96127,[Gen 4] UU,2,0,2,2014-06-29 16:30:27,2014-06-29 17:04:46,,,,"{'Sharpedo': 2, 'Shiftry': 2, 'Rampardos': 2, 'Medicham': 2, 'Spiritomb': 2, 'Ambipom': 2}"
bonemerang96167,[Gen 4] UU,1,1,0,2024-03-19 10:52:16,2024-03-19 10:52:16,,,,"{'Mismagius': 1, 'Sceptile': 1, 'Kabutops': 1, 'Registeel': 1, 'Arcanine': 1, 'Donphan': 1}"
bonerush37646,[Gen 4] UU,2,1,1,2022-04-07 20:37:46,2022-04-23 17:44:16,,,,"{'Ursaring': 1, 'Sceptile': 1, 'Toxicroak': 1, 'Uxie': 1, 'Swellow': 2, 'Ludicolo': 1, 'Registeel': 1, 'Houndoom': 1, 'Primeape': 1, 'Donphan': 1}"
bonsly3705,[Gen 4] UU,1,0,1,2009-08-10 20:47:00,2009-08-10 20:47:00,,,,"{'Moltres': 1, 'Slowbro': 1, 'Roserade': 1, 'Hitmontop': 1, 'Spiritomb': 1, 'Registeel': 1}"
bonsly47845,[Gen 4] UU,2,2,0,2023-12-17 00:44:46,2023-12-17 00:50:42,,,,"{'Milotic': 2, 'Dugtrio': 2, 'Clefable': 2, 'Registeel': 2, 'Uxie': 2, 'Venusaur': 2}"
bonsly79984,[Gen 4] UU,12,4,8,2024-03-04 02:13:22,2024-03-17 17:27:28,1000.0,1143.0,"[1049.0, 1025.0, 1000.0, 1000.0, 1007.0, 1000.0, 1119.0, 1143.0, 1061.0, 1032.0, 1089.0, 1000.0]","{'Ludicolo': 8, 'Omastar': 3, 'Registeel': 9, 'Clefable': 6, 'Feraligatr': 12, 'Uxie': 8, 'Toxicroak': 5, 'Moltres': 1, 'Weezing': 1, 'Donphan': 1, 'Chansey': 3, 'Scyther': 3, 'Mismagius': 3, 'Hitmontop': 3, 'Alakazam': 1, 'Houndoom': 2, 'Steelix': 1}"
bounce10059,[Gen 4] UU,2,2,0,2016-04-14 03:21:41,2016-11-18 01:16:51,1000.0,1000.0,[1000.0],"{'Exeggutor': 1, 'Drapion': 1, 'Houndoom': 1, 'Bellossom': 1, 'Registeel': 1, 'Gardevoir': 1, 'Ursaring': 1, 'Scyther': 1, 'Milotic': 1, 'Nidoking': 1, 'Primeape': 1}"
bounce24988,[Gen 4] UU,1,1,0,2016-01-24 19:08:38,2016-01-24 19:08:38,,,,"{'Altaria': 1, 'Mismagius': 1, 'Qwilfish': 1, 'Azumarill': 1, 'Steelix': 1, 'Alakazam': 1}"
bounce26293,[Gen 4] UU,2,0,2,2018-02-23 23:58:26,2018-02-23 23:58:38,,,,"{'Milotic': 2, 'Omastar': 1, 'Hitmontop': 1, 'Weezing': 1, 'Chansey': 1, 'Spiritomb': 1, 'Entei': 1, 'Steelix': 1, 'Rotom': 1, 'Uxie': 1, 'Venusaur': 1}"
bounce55169,[Gen 4] UU,23,10,13,2016-06-08 22:35:07,2021-06-20 03:05:48,,,,"{'Scyther': 4, 'Rhyperior': 9, 'Kabutops': 5, 'Rotom': 3, 'Houndoom': 5, 'Venusaur': 14, 'Blaziken': 5, 'Mismagius': 9, 'Steelix': 4, 'Slowking': 5, 'Swellow': 8, 'Moltres': 5, 'Lanturn': 2, 'Registeel': 5, 'Primeape': 1, 'Donphan': 4, 'Ambipom': 1, 'Blastoise': 6, 'Mesprit': 4, 'Kangaskhan': 1, 'Aggron': 3, 'Qwilfish': 1, 'Torterra': 2, 'Sceptile': 1, 'Uxie': 2, 'Toxicroak': 2, 'Dugtrio': 5, 'Weezing': 1, 'Clefable': 3, 'Milotic': 5, 'Skuntank': 1, 'Regirock': 2, 'Leafeon': 3, 'Arcanine': 2, 'Alakazam': 1, 'Camerupt': 1, 'Exeggutor': 1}"
bounce83432,[Gen 4] UU,3,0,3,2016-06-15 01:24:40,2020-05-20 04:21:02,,,,"{'Scyther': 1, 'Milotic': 1, 'Altaria': 1, 'Sceptile': 1, 'Hitmontop': 1, 'Rhyperior': 3, 'Moltres': 2, 'Mismagius': 2, 'Qwilfish': 2, 'Spiritomb': 2, 'Blastoise': 2}"
breloom91844,[Gen 4] UU,1,0,1,2019-05-31 04:24:17,2019-05-31 04:24:17,,,,"{'Cloyster': 1, 'Altaria': 1, 'Scyther': 1, 'Spiritomb': 1, 'Blaziken': 1, 'Blastoise': 1}"
breloom9963,[Gen 4] UU,2,0,2,2020-03-06 13:52:30,2024-03-08 19:46:26,1045.0,1225.0,"[1045.0, 1225.0]","{'Aggron': 1, 'Houndoom': 2, 'Rhyperior': 2, 'Registeel': 2, 'Uxie': 1, 'Drapion': 1, 'Ursaring': 1, 'Milotic': 1, 'Hitmontop': 1}"
brickbreak13137,[Gen 4] UU,4,2,2,2022-08-04 16:13:01,2022-08-19 16:25:27,,,,"{'Mesprit': 1, 'Sceptile': 2, 'Kabutops': 1, 'Dugtrio': 1, 'Houndoom': 1, 'Swellow': 1, 'Mismagius': 1, 'Entei': 1, 'Rhyperior': 1, 'Skuntank': 1, 'Venusaur': 1, 'Blastoise': 1, 'Moltres': 1, 'Steelix': 1, 'Jynx': 1, 'Primeape': 1, 'Tangrowth': 1, 'Aggron': 1, 'Medicham': 1, 'Miltank': 1, 'Registeel': 1, 'Slowking': 1}"
brickbreak660,[Gen 4] UU,1,0,1,2024-03-13 06:20:08,2024-03-13 06:20:08,1000.0,1000.0,[1000.0],"{'Dugtrio': 1, 'Ambipom': 1, 'Ludicolo': 1, 'Kabutops': 1}"
brightpowder34721,[Gen 4] UU,1,0,1,2020-05-14 19:27:49,2020-05-14 19:27:49,,,,"{'Ludicolo': 1, 'Electrode': 1, 'Kabutops': 1, 'Dugtrio': 1, 'Registeel': 1, 'Uxie': 1}"
brightpowder39152,[Gen 4] UU,1,0,1,2019-03-31 05:24:20,2019-03-31 05:24:20,1000.0,1000.0,[1000.0],"{'Altaria': 1, 'Magmortar': 1, 'Lapras': 1, 'Exeggutor': 1, 'Rhyperior': 1, 'Slaking': 1}"
brightpowder518,[Gen 4] UU,1,1,0,2020-04-19 11:11:27,2020-04-19 11:11:27,,,,"{'Scyther': 1, 'Rhyperior': 1, 'Hitmontop': 1, 'Sceptile': 1}"
brightpowder80996,[Gen 4] UU,6,2,4,2016-06-29 17:08:24,2016-07-13 11:09:45,,,,"{'Tangrowth': 2, 'Milotic': 2, 'Mismagius': 2, 'Omastar': 3, 'Hitmontop': 2, 'Clefable': 2, 'Kabutops': 1, 'Rotom': 1, 'Swellow': 1, 'Houndoom': 1, 'Venusaur': 1, 'Vileplume': 3, 'Charizard': 3, 'Sandslash': 3, 'Floatzel': 3, 'Skuntank': 3, 'Gardevoir': 3}"
brine2318,[Gen 4] UU,5,3,2,2019-05-03 03:22:33,2019-07-22 20:39:51,,,,"{'Torterra': 1, 'Kabutops': 2, 'Poliwrath': 1, 'Drapion': 1, 'Ambipom': 1, 'Mesprit': 1, 'Dugtrio': 1, 'Arcanine': 1, 'Swellow': 1, 'Leafeon': 1, 'Altaria': 3, 'Milotic': 3, 'Sceptile': 3, 'Qwilfish': 3, 'Spiritomb': 3, 'Donphan': 3}"
brine40088,[Gen 4] UU,1,1,0,2024-12-03 20:58:07,2024-12-03 20:58:07,,,,"{'Milotic': 1, 'Clefable': 1, 'Registeel': 1, 'Uxie': 1, 'Venusaur': 1}"
brine70717,[Gen 4] UU,1,0,1,2014-06-29 17:04:39,2014-06-29 17:04:39,,,,"{'Sceptile': 1, 'Feraligatr': 1, 'Chansey': 1, 'Registeel': 1, 'Arcanine': 1, 'Alakazam': 1}"
brine80956,[Gen 4] UU,1,1,0,2018-08-30 21:09:18,2018-08-30 21:09:18,,,,"{'Milotic': 1, 'Mesprit': 1, 'Mismagius': 1, 'Toxicroak': 1, 'Swellow': 1, 'Leafeon': 1}"
brn15781,[Gen 4] UU,3,2,1,2017-01-01 14:54:49,2017-01-01 15:04:28,,,,"{'Monferno': 1, 'Poliwrath': 2, 'Linoone': 1, 'Rhydon': 2, 'Tangela': 1, 'Golbat': 1, 'Glalie': 1, 'Metang': 1, 'Lunatone': 1, 'Banette': 1, 'Kecleon': 1, 'Pinsir': 1, 'Marowak': 1, 'Clamperl': 1}"
brn58563,[Gen 4] UU,3,1,2,2020-03-01 10:08:25,2020-03-28 18:51:41,,,,"{'Mesprit': 2, 'Toxicroak': 1, 'Rhyperior': 1, 'Azumarill': 2, 'Rotom': 2, 'Houndoom': 1, 'Clefable': 1, 'Blaziken': 1, 'Venusaur': 1, 'Scyther': 1, 'Drapion': 1, 'Kabutops': 1, 'Arcanine': 1, 'Leafeon': 1}"
bronzong87436,[Gen 4] UU,9,6,3,2024-12-12 23:03:25,2025-04-03 18:41:56,,,,"{'Feraligatr': 3, 'Registeel': 7, 'Rotom': 1, 'Clefable': 4, 'Houndoom': 6, 'Venusaur': 7, 'Milotic': 3, 'Hariyama': 1, 'Uxie': 4, 'Mismagius': 3, 'Entei': 1, 'Donphan': 1, 'Blaziken': 1, 'Primeape': 1, 'Alakazam': 1, 'Blastoise': 2, 'Sceptile': 1, 'Toxicroak': 1, 'Rhyperior': 1, 'Spiritomb': 1, 'Kabutops': 1, 'Dugtrio': 1, 'Swellow': 1, 'Leafeon': 1}"
bronzor6195,[Gen 4] UU,1,1,0,2025-01-25 21:52:00,2025-01-25 21:52:00,,,,"{'Feraligatr': 1, 'Scyther': 1, 'Arcanine': 1}"
bronzor99092,[Gen 4] UU,2,1,1,2020-04-16 20:15:54,2020-05-15 01:36:32,,,,"{'Milotic': 1, 'Mismagius': 1, 'Houndoom': 1, 'Registeel': 1, 'Primeape': 1, 'Venusaur': 1, 'Mesprit': 1, 'Kabutops': 1, 'Dugtrio': 1, 'Arcanine': 1, 'Swellow': 1, 'Leafeon': 1}"
bubble91848,[Gen 4] UU,1,0,1,2022-01-12 23:02:38,2022-01-12 23:02:38,,,,"{'Pinsir': 1, 'Aggron': 1, 'Azumarill': 1, 'Rotom': 1, 'Houndoom': 1, 'Venusaur': 1}"
bubblebeam63719,[Gen 4] UU,26,9,17,2022-04-04 01:37:32,2024-03-08 18:59:43,1145.0,1195.0,"[1195.0, 1145.0]","{'Tauros': 1, 'Omastar': 4, 'Rotom': 2, 'Houndoom': 13, 'Primeape': 6, 'Venusaur': 14, 'Mismagius': 10, 'Sceptile': 1, 'Qwilfish': 4, 'Rhyperior': 5, 'Clefable': 3, 'Blaziken': 3, 'Kangaskhan': 4, 'Kabutops': 5, 'Uxie': 7, 'Milotic': 6, 'Registeel': 10, 'Moltres': 4, 'Regirock': 3, 'Skuntank': 1, 'Dugtrio': 4, 'Blastoise': 3, 'Scyther': 3, 'Torterra': 5, 'Drapion': 2, 'Feraligatr': 2, 'Exeggutor': 4, 'Donphan': 5, 'Toxicroak': 5, 'Spiritomb': 3, 'Entei': 1, 'Slowking': 2, 'Azumarill': 1, 'Hitmonlee': 2, 'Ambipom': 1, 'Weezing': 1, 'Lanturn': 1, 'Leafeon': 1}"
bubblebeam87946,[Gen 4] UU,1,0,1,2014-08-09 07:14:59,2014-08-09 07:14:59,1000.0,1000.0,[1000.0],"{'Milotic': 1, 'Mismagius': 1, 'Azumarill': 1, 'Steelix': 1, 'Houndoom': 1, 'Leafeon': 1}"
budew51466,[Gen 4] UU,1,0,1,2016-11-22 21:31:24,2016-11-22 21:31:24,,,,"{'Absol': 1, 'Sceptile': 1, 'Dugtrio': 1, 'Blaziken': 1, 'Alakazam': 1, 'Blastoise': 1}"
bug12723,[Gen 4] UU,2,0,2,2023-12-11 01:30:31,2024-03-24 18:24:24,,,,"{'Moltres': 1, 'Sceptile': 2, 'Skuntank': 1, 'Clefable': 1, 'Slowking': 1, 'Donphan': 1, 'Sharpedo': 1, 'Manectric': 1, 'Dugtrio': 1, 'Registeel': 1}"
bug38445,[Gen 4] UU,1,0,1,2019-04-10 02:54:20,2019-04-10 02:54:20,,,,"{'Cloyster': 1, 'Toxicroak': 1, 'Weezing': 1, 'Alakazam': 1, 'Uxie': 1, 'Ambipom': 1}"
bug39893,[Gen 4] UU,8,3,5,2017-01-12 18:30:46,2017-01-27 01:39:34,,,,"{'Moltres': 4, 'Scyther': 5, 'Cloyster': 6, 'Hitmontop': 5, 'Registeel': 6, 'Venusaur': 5, 'Ludicolo': 2, 'Toxicroak': 2, 'Kabutops': 1, 'Dugtrio': 2, 'Uxie': 2, 'Mismagius': 1, 'Sceptile': 1, 'Aggron': 1, 'Houndoom': 1, 'Primeape': 1}"
bug74932,[Gen 4] UU,1,0,1,2020-07-02 14:24:48,2020-07-02 14:24:48,,,,"{'Moltres': 1, 'Claydol': 1, 'Azumarill': 1, 'Dugtrio': 1, 'Hitmonlee': 1, 'Swellow': 1}"
bug979,[Gen 4] UU,1,0,1,2016-09-26 04:33:07,2016-09-26 04:33:07,,,,"{'Moltres': 1, 'Altaria': 1, 'Milotic': 1, 'Clefable': 1, 'Registeel': 1, 'Leafeon': 1}"
bugbite28625,[Gen 4] UU,1,1,0,2016-07-03 20:45:19,2016-07-03 20:45:19,,,,"{'Machoke': 1, 'Monferno': 1, 'Pelipper': 1, 'Metang': 1, 'Raichu': 1, 'Misdreavus': 1}"
bugbite43325,[Gen 4] UU,1,0,1,2018-12-04 12:59:39,2018-12-04 12:59:39,,,,"{'Wailord': 1, 'Luxray': 1, 'Sceptile': 1, 'Regigigas': 1, 'Registeel': 1, 'Blaziken': 1}"
bugbite44807,[Gen 4] UU,1,0,1,2019-10-19 20:48:03,2019-10-19 20:48:03,,,,"{'Hitmontop': 1, 'Lanturn': 1, 'Dugtrio': 1, 'Registeel': 1, 'Arcanine': 1, 'Venusaur': 1}"
bugbite51752,[Gen 4] UU,2,1,1,2020-07-01 21:20:58,2020-07-01 23:01:47,,,,"{'Blaziken': 1, 'Mismagius': 1, 'Kabutops': 1, 'Miltank': 1, 'Uxie': 1, 'Drapion': 1, 'Moltres': 1, 'Milotic': 1, 'Aggron': 1, 'Clefable': 1}"
bugbite51922,[Gen 4] UU,1,1,0,2015-03-25 21:11:25,2015-03-25 21:11:25,,,,"{'Ursaring': 1, 'Omastar': 1, 'Rotom': 1, 'Swellow': 1, 'Blaziken': 1, 'Alakazam': 1}"
bugbite69152,[Gen 4] UU,12,4,8,2015-01-24 18:36:28,2015-04-23 13:01:52,,,,"{'Charizard': 3, 'Vileplume': 3, 'Medicham': 3, 'Sandslash': 4, 'Slowking': 3, 'Relicanth': 3, 'Politoed': 1, 'Meganium': 1, 'Grumpig': 1, 'Typhlosion': 2, 'Glalie': 1, 'Moltres': 4, 'Venomoth': 2, 'Mismagius': 2, 'Feraligatr': 2, 'Venusaur': 4, 'Donphan': 6, 'Lanturn': 1, 'Spiritomb': 2, 'Blaziken': 2, 'Swellow': 3, 'Leafeon': 2, 'Exeggutor': 1, 'Shiftry': 1, 'Victreebel': 1, 'Persian': 1, 'Corsola': 1, 'Milotic': 2, 'Absol': 1, 'Alakazam': 1, 'Registeel': 2, 'Altaria': 1, 'Omastar': 1}"
bugbuzz25311,[Gen 4] UU,1,0,1,2020-04-13 02:15:24,2020-04-13 02:15:24,,,,"{'Regice': 1, 'Rhyperior': 1, 'Regirock': 1, 'Registeel': 1, 'Regigigas': 1, 'Leafeon': 1}"
bugbuzz33120,[Gen 4] UU,2,0,2,2024-03-23 19:43:56,2024-03-24 19:28:21,1001.0,1019.0,"[1001.0, 1019.0]","{'Absol': 1, 'Luxray': 1, 'Rotom': 1, 'Blaziken': 2, 'Glaceon': 2, 'Alakazam': 2, 'Milotic': 1, 'Steelix': 1, 'Drifblim': 1}"
bugbuzz54512,[Gen 4] UU,10,7,3,2016-03-20 04:26:39,2020-01-24 02:52:02,,,,"{'Moltres': 6, 'Toxicroak': 3, 'Torterra': 3, 'Kabutops': 3, 'Rotom': 3, 'Drapion': 6, 'Milotic': 3, 'Hitmontop': 3, 'Registeel': 3, 'Venusaur': 4, 'Wormadam-Trash': 1, 'Banette': 1, 'Monferno': 2, 'Bellossom': 1, 'Purugly': 2, 'Gastrodon': 2, 'Kadabra': 1, 'Wartortle': 1, 'Lairon': 1, 'Golbat': 1, 'Golduck': 1, 'Victreebel': 1, 'Metang': 1, 'Glalie': 1, 'Misdreavus': 1, 'Blaziken': 1, 'Ambipom': 1}"
bugbuzz9810,[Gen 4] UU,1,1,0,2020-03-16 00:02:53,2020-03-16 00:02:53,,,,"{'Scyther': 1, 'Milotic': 1, 'Mismagius': 1, 'Registeel': 1, 'Blaziken': 1, 'Venusaur': 1}"
buizel16247,[Gen 4] UU,1,1,0,2018-03-25 18:55:44,2018-03-25 18:55:44,,,,"{'Mesprit': 1, 'Kabutops': 1, 'Dugtrio': 1, 'Arcanine': 1, 'Swellow': 1, 'Leafeon': 1}"
buizel465,[Gen 4] UU,1,1,0,2015-05-03 00:29:31,2015-05-03 00:29:31,,,,"{'Venomoth': 1, 'Charizard': 1, 'Vileplume': 1, 'Magneton': 1, 'Medicham': 1, 'Slowking': 1}"
bulbasaur50367,[Gen 4] UU,1,0,1,2015-03-28 18:02:47,2015-03-28 18:02:47,,,,"{'Regice': 1, 'Cleffa': 1, 'Dusclops': 1, 'Clefairy': 1, 'Hippopotas': 1, 'Cradily': 1}"
bulkup42567,[Gen 4] UU,8,8,0,2024-03-03 19:03:45,2024-03-09 22:29:27,1000.0,1163.0,"[1061.0, 1030.0, 1027.0, 1019.0, 1156.0, 1163.0, 1097.0, 1000.0]","{'Scyther': 1, 'Torterra': 1, 'Regirock': 1, 'Houndoom': 2, 'Blastoise': 1, 'Mesprit': 4, 'Kabutops': 3, 'Dugtrio': 4, 'Arcanine': 3, 'Swellow': 4, 'Leafeon': 3, 'Milotic': 1, 'Spiritomb': 1, 'Registeel': 1, 'Blaziken': 1, 'Donphan': 1, 'Pinsir': 2, 'Aggron': 1, 'Rotom': 2, 'Venusaur': 1, 'Azumarill': 1}"
bulletpunch20143,[Gen 4] UU,2,1,1,2020-07-01 17:45:09,2020-07-20 19:37:18,,,,"{'Tangrowth': 2, 'Aggron': 1, 'Miltank': 1, 'Muk': 1, 'Feraligatr': 1, 'Swellow': 1, 'Ursaring': 1, 'Scyther': 1, 'Slowbro': 1, 'Regirock': 1, 'Clefable': 1}"
bulletpunch51981,[Gen 4] UU,3,2,1,2015-08-13 22:59:34,2015-11-07 20:25:29,,,,"{'Feraligatr': 3, 'Dugtrio': 2, 'Registeel': 3, 'Uxie': 3, 'Arcanine': 1, 'Meganium': 1, 'Regice': 1}"
bulletseed19763,[Gen 4] UU,1,0,1,2023-12-22 21:49:18,2023-12-22 21:49:18,,,,"{'Absol': 1, 'Steelix': 1, 'Clefable': 1, 'Blaziken': 1, 'Ambipom': 1}"
bulletseed81550,[Gen 4] UU,2,0,2,2017-01-08 17:58:41,2017-01-08 18:03:14,,,,"{'Rapidash': 1, 'Zangoose': 1, 'Poliwrath': 2, 'Pelipper': 2, 'Rhydon': 1, 'Misdreavus': 1, 'Metang': 1, 'Monferno': 1, 'Electabuzz': 1, 'Gastly': 1}"
bulletseed84955,[Gen 4] UU,4,1,3,2016-06-15 22:30:01,2017-04-01 19:48:50,,,,"{'Snover': 1, 'Milotic': 1, 'Spiritomb': 1, 'Registeel': 1, 'Donphan': 1, 'Charizard': 2, 'Porygon2': 1, 'Marowak': 1, 'Solrock': 1, 'Slowking': 1, 'Gardevoir': 2, 'Omanyte': 1, 'Crawdaunt': 1, 'Glaceon': 1, 'Gastly': 1, 'Slaking': 1, 'Vileplume': 1, 'Sandslash': 1, 'Floatzel': 1, 'Skuntank': 1}"
bulletseed94228,[Gen 4] UU,1,0,1,2015-04-03 23:58:14,2015-04-03 23:58:14,,,,"{'Scyther': 1, 'Milotic': 1, 'Mismagius': 1, 'Arcanine': 1, 'Venusaur': 1, 'Donphan': 1}"
buneary26304,[Gen 4] UU,1,1,0,2015-12-13 21:42:39,2015-12-13 21:42:39,,,,"{'Milotic': 1, 'Mesprit': 1, 'Toxicroak': 1, 'Torterra': 1, 'Blaziken': 1, 'Ambipom': 1}"
buneary57593,[Gen 4] UU,8,4,4,2022-09-25 17:52:14,2022-10-15 23:00:17,,,,"{'Omastar': 2, 'Toxicroak': 2, 'Rotom': 3, 'Alakazam': 2, 'Houndoom': 4, 'Venusaur': 5, 'Milotic': 1, 'Dugtrio': 1, 'Clefable': 2, 'Registeel': 2, 'Uxie': 2, 'Rhyperior': 1, 'Mismagius': 2, 'Torterra': 2, 'Regirock': 1, 'Feraligatr': 1, 'Glalie': 1, 'Moltres': 1, 'Kabutops': 1, 'Sceptile': 1, 'Qwilfish': 2, 'Steelix': 1, 'Hitmonlee': 1, 'Arcanine': 1, 'Kangaskhan': 1, 'Spiritomb': 1, 'Blaziken': 1, 'Primeape': 1}"
buneary61722,[Gen 4] UU,7,5,2,2016-12-25 22:01:46,2016-12-26 00:52:46,,,,"{'Sceptile': 2, 'Omastar': 4, 'Weezing': 2, 'Steelix': 4, 'Clefable': 2, 'Drapion': 2, 'Slowbro': 2, 'Dugtrio': 2, 'Registeel': 3, 'Glaceon': 3, 'Mismagius': 2, 'Houndoom': 2, 'Venusaur': 2}"
burmy44622,[Gen 4] UU,1,1,0,2017-06-20 04:17:05,2017-06-20 04:17:05,,,,"{'Gligar': 1, 'Tauros': 1, 'Medicham': 1, 'Regirock': 1, 'Haunter': 1, 'Slowking': 1}"
burmy56210,[Gen 4] UU,4,3,1,2015-04-06 20:43:02,2015-04-06 21:02:06,,,,"{'Mesprit': 1, 'Mismagius': 3, 'Omastar': 3, 'Toxicroak': 1, 'Clefable': 1, 'Blaziken': 1, 'Hitmontop': 2, 'Houndoom': 2, 'Venusaur': 2, 'Moltres': 1, 'Milotic': 1, 'Qwilfish': 1, 'Rotom': 1, 'Registeel': 1, 'Donphan': 1, 'Drapion': 1}"
burmy80671,[Gen 4] UU,1,1,0,2020-03-18 21:35:01,2020-03-18 21:35:01,,,,"{'Altaria': 1, 'Milotic': 1, 'Scyther': 1, 'Hitmontop': 1, 'Steelix': 1, 'Alakazam': 1}"
burntberry15865,[Gen 4] UU,1,1,0,2024-12-06 18:46:59,2024-12-06 18:46:59,,,,"{'Milotic': 1, 'Dugtrio': 1, 'Clefable': 1, 'Registeel': 1, 'Uxie': 1, 'Venusaur': 1}"
burntberry90385,[Gen 4] UU,2,0,2,2020-03-29 04:12:16,2020-03-30 19:56:52,,,,"{'Milotic': 2, 'Blaziken': 1, 'Rhyperior': 1, 'Registeel': 2, 'Uxie': 1, 'Venusaur': 2, 'Moltres': 1, 'Clefable': 1, 'Hitmonlee': 1}"
burntberry97008,[Gen 4] UU,1,1,0,2020-05-29 01:27:05,2020-05-29 01:27:05,,,,"{'Blaziken': 1, 'Mismagius': 1, 'Kabutops': 1, 'Miltank': 1, 'Uxie': 1, 'Drapion': 1}"
cacnea73966,[Gen 4] UU,1,1,0,2024-12-03 22:33:41,2024-12-03 22:33:41,,,,"{'Scyther': 1, 'Dugtrio': 1, 'Spiritomb': 1, 'Registeel': 1, 'Venusaur': 1, 'Blastoise': 1}"
cacturne18127,[Gen 4] UU,1,1,0,2020-07-04 10:04:19,2020-07-04 10:04:19,,,,"{'Cloyster': 1, 'Mesprit': 1, 'Rotom': 1, 'Arcanine': 1, 'Leafeon': 1}"
cacturne19862,[Gen 4] UU,1,0,1,2021-06-13 19:13:31,2021-06-13 19:13:31,,,,"{'Moltres': 1, 'Milotic': 1, 'Dugtrio': 1, 'Clefable': 1, 'Venusaur': 1, 'Donphan': 1}"
cacturne34086,[Gen 4] UU,19,9,10,2016-10-15 17:39:59,2020-05-13 20:30:14,,,,"{'Cloyster': 2, 'Rotom': 12, 'Clefable': 5, 'Hippopotas': 2, 'Drapion': 6, 'Cradily': 2, 'Exeggutor': 1, 'Omastar': 1, 'Toxicroak': 3, 'Houndoom': 3, 'Swellow': 6, 'Mismagius': 3, 'Rhyperior': 6, 'Uxie': 5, 'Milotic': 9, 'Venusaur': 6, 'Donphan': 6, 'Moltres': 3, 'Dugtrio': 1, 'Registeel': 2, 'Slowking': 1, 'Arcanine': 2, 'Leafeon': 5, 'Scyther': 3, 'Torterra': 1, 'Blastoise': 4, 'Sceptile': 1, 'Entei': 1, 'Altaria': 1, 'Ambipom': 2, 'Mesprit': 3, 'Blaziken': 3}"
camerupt11459,[Gen 4] UU,2,0,2,2024-11-26 19:06:16,2024-11-26 19:12:59,,,,"{'Mismagius': 1, 'Qwilfish': 2, 'Clefable': 1, 'Arcanine': 1, 'Venusaur': 1, 'Donphan': 1, 'Kangaskhan': 1, 'Torterra': 1, 'Rotom': 1, 'Slowking': 1, 'Primeape': 1}"
camerupt26717,[Gen 4] UU,2,2,0,2016-12-07 17:50:02,2017-04-14 19:11:16,,,,"{'Moltres': 1, 'Rotom': 2, 'Venusaur': 1, 'Registeel': 1, 'Kangaskhan': 1, 'Qwilfish': 1, 'Torterra': 1, 'Slowking': 1}"
camerupt41932,[Gen 4] UU,1,0,1,2017-06-22 00:31:00,2017-06-22 00:31:00,,,,"{'Kadabra': 1, 'Poliwrath': 1, 'Victreebel': 1, 'Metang': 1, 'Purugly': 1, 'Rhydon': 1}"
camerupt57333,[Gen 4] UU,1,0,1,2020-04-30 01:45:11,2020-04-30 01:45:11,,,,"{'Ludicolo': 1, 'Mismagius': 1, 'Kabutops': 1, 'Clefable': 1, 'Registeel': 1, 'Uxie': 1}"
camouflage29418,[Gen 4] UU,3,1,2,2017-01-15 20:55:09,2017-01-15 22:52:11,,,,"{'Mesprit': 1, 'Kabutops': 1, 'Dugtrio': 2, 'Arcanine': 1, 'Swellow': 1, 'Leafeon': 1, 'Moltres': 1, 'Alakazam': 1, 'Registeel': 1, 'Venusaur': 1, 'Blastoise': 1, 'Scyther': 1, 'Vileplume': 1, 'Kangaskhan': 1, 'Golem': 1, 'Hypno': 1, 'Manectric': 1}"
camouflage37346,[Gen 4] UU,2,1,1,2017-06-06 20:43:37,2017-06-16 21:36:49,,,,"{'Dunsparce': 2, 'Spinda': 2, 'Shelgon': 1, 'Armaldo': 2, 'Sneasel': 2, 'Staravia': 1, 'Wormadam-Trash': 1, 'Dragonair': 1}"
camouflage67578,[Gen 4] UU,1,0,1,2016-03-26 23:24:48,2016-03-26 23:24:48,,,,"{'Altaria': 1, 'Absol': 1, 'Rampardos': 1, 'Electrode': 1, 'Uxie': 1, 'Drapion': 1}"
camouflage69858,[Gen 4] UU,4,2,2,2017-06-05 17:10:03,2017-06-11 17:18:16,,,,"{'Armaldo': 3, 'Monferno': 1, 'Poliwrath': 3, 'Sneasel': 1, 'Bellossom': 1, 'Golbat': 1, 'Muk': 2, 'Sableye': 2, 'Purugly': 3, 'Rhydon': 2, 'Rapidash': 1, 'Onix': 1, 'Victreebel': 1, 'Metang': 1, 'Tangela': 1}"
captivate54063,[Gen 4] UU,1,0,1,2018-02-16 01:53:05,2018-02-16 01:53:05,,,,"{'Tangrowth': 1, 'Milotic': 1, 'Mismagius': 1, 'Omastar': 1, 'Hitmontop': 1, 'Clefable': 1}"
captivate9262,[Gen 4] UU,3,2,1,2020-01-21 23:18:58,2020-02-26 20:21:32,,,,"{'Kabutops': 1, 'Dugtrio': 1, 'Swellow': 2, 'Uxie': 2, 'Arcanine': 2, 'Venusaur': 1, 'Ursaring': 1, 'Toxicroak': 1, 'Feraligatr': 1, 'Mismagius': 1, 'Qwilfish': 1, 'Steelix': 1, 'Alakazam': 1, 'Leafeon': 1}"
carnivine28354,[Gen 4] UU,10,6,4,2019-09-02 00:27:34,2020-02-28 00:07:16,,,,"{'Monferno': 7, 'Sneasel': 6, 'Wartortle': 4, 'Bronzor': 5, 'Staravia': 1, 'Magmar': 4, 'Piloswine': 2, 'Misdreavus': 1, 'Gligar': 2, 'Meditite': 3, 'Yanma': 6, 'Staryu': 2, 'Electabuzz': 2, 'Roselia': 3, 'Diglett': 1, 'Metang': 1}"
carnivine29792,[Gen 4] UU,1,0,1,2024-07-13 02:56:53,2024-07-13 02:56:53,,,,"{'Linoone': 1, 'Uxie': 1, 'Mismagius': 1, 'Sceptile': 1}"
carnivine86301,[Gen 4] UU,3,1,2,2020-03-27 04:22:25,2020-03-28 02:09:38,1081.0,1196.0,"[1155.0, 1196.0, 1081.0]","{'Ludicolo': 3, 'Toxicroak': 3, 'Dugtrio': 3, 'Registeel': 3, 'Uxie': 3, 'Kabutops': 2}"
carnivine96025,[Gen 4] UU,4,3,1,2016-05-27 17:13:43,2016-07-09 17:24:44,,,,"{'Sandslash': 1, 'Gardevoir': 1, 'Floatzel': 1, 'Vileplume': 1, 'Typhlosion': 1, 'Regirock': 1, 'Hitmonchan': 1, 'Skuntank': 1, 'Jumpluff': 1, 'Slowking': 1, 'Politoed': 1, 'Ninetales': 1, 'Armaldo': 1, 'Victreebel': 1, 'Metang': 1, 'Chatot': 1, 'Machoke': 1, 'Dragonair': 1, 'Persian': 1, 'Linoone': 1, 'Probopass': 1, 'Misdreavus': 1}"
carvanha26822,[Gen 4] UU,5,2,3,2015-04-06 20:43:02,2015-05-22 03:44:52,,,,"{'Omastar': 4, 'Torterra': 5, 'Azumarill': 4, 'Rotom': 5, 'Houndoom': 5, 'Swellow': 4, 'Milotic': 1, 'Toxicroak': 1, 'Alakazam': 1}"
carvanha31641,[Gen 4] UU,5,4,1,2024-03-24 18:23:17,2025-01-25 21:52:00,1000.0,1000.0,[1000.0],"{'Sceptile': 4, 'Steelix': 4, 'Jynx': 2, 'Hitmonlee': 4, 'Feraligatr': 2, 'Rhyperior': 1, 'Clefable': 1, 'Slowking': 1, 'Drapion': 1, 'Venomoth': 2, 'Uxie': 3}"
carvanha82588,[Gen 4] UU,1,0,1,2015-10-07 23:28:16,2015-10-07 23:28:16,,,,"{'Meganium': 1, 'Mantine': 1, 'Alakazam': 1, 'Blaziken': 1, 'Swellow': 1, 'Donphan': 1}"
carvanha92544,[Gen 4] UU,1,1,0,2024-12-14 04:44:44,2024-12-14 04:44:44,,,,"{'Donphan': 1, 'Alakazam': 1, 'Houndoom': 1, 'Primeape': 1, 'Swellow': 1, 'Blastoise': 1}"
cascoon85100,[Gen 4] UU,1,1,0,2014-06-11 03:27:35,2014-06-11 03:27:35,,,,"{'Omastar': 1, 'Dugtrio': 1, 'Spiritomb': 1, 'Swellow': 1, 'Primeape': 1, 'Venusaur': 1}"
castform97038,[Gen 4] UU,2,2,0,2020-08-16 22:31:01,2020-09-01 01:55:17,,,,"{'Ludicolo': 1, 'Electrode': 1, 'Toxicroak': 1, 'Registeel': 2, 'Uxie': 1, 'Mismagius': 1, 'Sceptile': 1, 'Kabutops': 1, 'Arcanine': 1, 'Donphan': 1}"
caterpie9975,[Gen 4] UU,3,1,2,2020-03-27 21:27:04,2020-03-28 19:10:11,,,,"{'Cloyster': 3, 'Exeggutor': 3, 'Electrode': 3, 'Skuntank': 3, 'Registeel': 3, 'Blaziken': 3}"
chansey41469,[Gen 4] UU,1,0,1,2024-03-06 21:58:36,2024-03-06 21:58:36,1119.0,1119.0,[1119.0],"{'Exeggutor': 1, 'Kangaskhan': 1, 'Rhyperior': 1, 'Dugtrio': 1, 'Houndoom': 1, 'Uxie': 1}"
chansey52245,[Gen 4] UU,4,3,1,2016-11-14 01:31:29,2016-11-15 05:51:07,,,,"{'Meganium': 4, 'Electrode': 3, 'Miltank': 4, 'Skuntank': 4, 'Mr. Mime': 4, 'Crawdaunt': 2}"
charcoal70,[Gen 4] UU,10,6,4,2024-03-05 02:26:55,2025-02-22 04:33:10,,,,"{'Porygon2': 4, 'Dugtrio': 4, 'Swellow': 3, 'Arcanine': 8, 'Ambipom': 9, 'Alakazam': 3, 'Claydol': 2, 'Slowbro': 1, 'Spiritomb': 2, 'Clefable': 2, 'Milotic': 4, 'Mismagius': 1, 'Sceptile': 2, 'Registeel': 3, 'Houndoom': 1, 'Absol': 1, 'Nidoking': 1, 'Hitmonlee': 1, 'Cloyster': 1, 'Uxie': 1, 'Exeggutor': 1}"
charcoal84776,[Gen 4] UU,3,1,2,2023-03-10 02:06:44,2023-03-10 02:15:50,,,,"{'Kangaskhan': 1, 'Kabutops': 1, 'Houndoom': 3, 'Uxie': 1, 'Primeape': 1, 'Venusaur': 2, 'Moltres': 1, 'Registeel': 1, 'Dugtrio': 1, 'Blastoise': 1, 'Toxicroak': 1, 'Regirock': 1, 'Lanturn': 1, 'Donphan': 1, 'Leafeon': 1}"
charge26752,[Gen 4] UU,1,1,0,2015-04-04 19:09:29,2015-04-04 19:09:29,,,,"{'Charizard': 1, 'Vileplume': 1, 'Sandslash': 1, 'Floatzel': 1, 'Skuntank': 1, 'Gardevoir': 1}"
charge33861,[Gen 4] UU,1,0,1,2018-09-21 19:01:05,2018-09-21 19:01:05,,,,"{'Hitmontop': 1, 'Steelix': 1, 'Arcanine': 1, 'Swellow': 1, 'Blastoise': 1, 'Leafeon': 1}"
charge7491,[Gen 4] UU,1,1,0,2020-03-15 02:19:23,2020-03-15 02:19:23,,,,"{'Registeel': 1, 'Uxie': 1, 'Ludicolo': 1, 'Kabutops': 1}"
charge8752,[Gen 4] UU,5,3,2,2020-06-08 18:05:43,2020-06-14 19:09:27,,,,"{'Exeggutor': 3, 'Claydol': 1, 'Aggron': 1, 'Octillery': 1, 'Uxie': 3, 'Ambipom': 1, 'Ludicolo': 2, 'Electrode': 2, 'Kabutops': 2, 'Lanturn': 2, 'Gorebyss': 1, 'Omastar': 2, 'Toxicroak': 2, 'Rotom': 2, 'Houndoom': 2, 'Swellow': 2}"
chargebeam2564,[Gen 4] UU,2,0,2,2022-06-17 22:20:22,2022-07-07 03:36:11,,,,"{'Exeggutor': 1, 'Dugtrio': 2, 'Victreebel': 1, 'Houndoom': 1, 'Uxie': 1, 'Primeape': 2, 'Milotic': 1, 'Mesprit': 1, 'Steelix': 1, 'Venusaur': 1}"
chargebeam68321,[Gen 4] UU,1,1,0,2017-04-20 03:55:05,2017-04-20 03:55:05,,,,"{'Poliwrath': 1, 'Purugly': 1, 'Rhydon': 1, 'Gastrodon': 1, 'Lickilicky': 1}"
charizard24131,[Gen 4] UU,1,0,1,2020-05-06 23:39:50,2020-05-06 23:39:50,,,,"{'Ludicolo': 1, 'Toxicroak': 1, 'Kabutops': 1, 'Dugtrio': 1, 'Registeel': 1, 'Uxie': 1}"
charizard53741,[Gen 4] UU,3,2,1,2015-02-05 01:29:22,2015-02-05 01:38:11,,,,"{'Snover': 1, 'Sandslash': 1, 'Nidoqueen': 1, 'Walrein': 1, 'Slowking': 1, 'Drifblim': 2, 'Tauros': 1, 'Haunter': 1, 'Manectric': 2, 'Rhydon': 1, 'Glalie': 1, 'Jynx': 1, 'Skuntank': 1}"
charizard69278,[Gen 4] UU,1,0,1,2024-03-28 06:44:56,2024-03-28 06:44:56,1000.0,1000.0,[1000.0],"{'Milotic': 1, 'Rotom': 1, 'Dugtrio': 1, 'Registeel': 1, 'Blaziken': 1, 'Alakazam': 1}"
charm16135,[Gen 4] UU,1,1,0,2015-07-14 01:49:24,2015-07-14 01:49:24,,,,"{'Scyther': 1, 'Milotic': 1, 'Dugtrio': 1, 'Arcanine': 1, 'Venusaur': 1, 'Donphan': 1}"
charm65384,[Gen 4] UU,1,0,1,2016-07-04 19:14:48,2016-07-04 19:14:48,,,,"{'Lapras': 1, 'Dragonair': 1, 'Arbok': 1, 'Persian': 1, 'Metang': 1, 'Misdreavus': 1}"
charm79517,[Gen 4] UU,3,0,3,2016-05-29 15:36:54,2017-06-26 19:52:00,,,,"{'Machoke': 1, 'Charizard': 1, 'Sandslash': 2, 'Jumpluff': 1, 'Whiscash': 1, 'Manectric': 1, 'Magneton': 1, 'Jynx': 2, 'Solrock': 1, 'Slowking': 1, 'Magmortar': 1, 'Meganium': 1, 'Tauros': 1, 'Regirock': 1}"
charm95616,[Gen 4] UU,1,0,1,2014-07-14 05:59:37,2014-07-14 05:59:37,,,,"{'Scyther': 1, 'Golduck': 1, 'Altaria': 1, 'Toxicroak': 1, 'Clefable': 1, 'Arcanine': 1}"
charm99072,[Gen 4] UU,39,24,15,2016-12-30 16:20:21,2017-11-07 02:08:36,,,,"{'Lunatone': 1, 'Poliwrath': 30, 'Vigoroth': 1, 'Diglett': 1, 'Lopunny': 1, 'Ampharos': 1, 'Machoke': 10, 'Dragonair': 10, 'Cacturne': 11, 'Electabuzz': 7, 'Rhydon': 15, 'Monferno': 9, 'Sneasel': 9, 'Muk': 13, 'Victreebel': 7, 'Drifblim': 5, 'Linoone': 1, 'Glalie': 5, 'Metang': 8, 'Purugly': 3, 'Misdreavus': 10, 'Golbat': 5, 'Golduck': 5, 'Gastrodon': 1, 'Relicanth': 2, 'Vileplume': 1, 'Charizard': 1, 'Tauros': 1, 'Medicham': 1, 'Sandslash': 1, 'Slowking': 1, 'Rapidash': 8, 'Kadabra': 1, 'Sableye': 2, 'Lickilicky': 2, 'Armaldo': 2, 'Murkrow': 3, 'Mr. Mime': 2, 'Carnivine': 1, 'Solrock': 1, 'Pikachu': 1, 'Pupitar': 1, 'Lumineon': 1, 'Scyther': 1, 'Absol': 1, 'Dugtrio': 1, 'Venusaur': 1, 'Blastoise': 1, 'Wartortle': 1, 'Dewgong': 1, 'Furret': 1, 'Swalot': 1}"
charmander34681,[Gen 4] UU,3,3,0,2024-03-23 14:18:51,2024-03-23 19:43:56,1000.0,1062.0,"[1000.0, 1062.0, 1001.0]","{'Snover': 3, 'Cloyster': 3, 'Nidoking': 3, 'Walrein': 3, 'Spiritomb': 3, 'Arcanine': 3}"
charmeleon23540,[Gen 4] UU,2,1,1,2019-01-12 06:34:16,2020-02-29 10:03:53,,,,"{'Moltres': 1, 'Qwilfish': 1, 'Venusaur': 2, 'Primeape': 1, 'Alakazam': 1, 'Donphan': 1, 'Milotic': 1, 'Mismagius': 1, 'Steelix': 1, 'Clefable': 1, 'Blaziken': 1}"
charmeleon42333,[Gen 4] UU,2,2,0,2015-04-19 15:16:40,2015-04-19 15:38:49,,,,"{'Vileplume': 1, 'Charizard': 1, 'Sandslash': 2, 'Skuntank': 1, 'Slowking': 2, 'Gardevoir': 1, 'Medicham': 1, 'Shiftry': 1}"
chartiberry80659,[Gen 4] UU,8,4,4,2017-08-16 01:23:29,2018-10-04 02:18:40,,,,"{'Mesprit': 4, 'Mismagius': 4, 'Houndoom': 4, 'Toxicroak': 4, 'Lanturn': 4, 'Registeel': 4, 'Scyther': 4, 'Porygon2': 4, 'Rhyperior': 3, 'Azumarill': 4, 'Blaziken': 3, 'Venusaur': 4}"
chartiberry82358,[Gen 4] UU,1,1,0,2016-05-21 00:08:45,2016-05-21 00:08:45,,,,"{'Houndoom': 1, 'Uxie': 1, 'Azumarill': 1, 'Donphan': 1}"
chartiberry95074,[Gen 4] UU,3,1,2,2016-05-22 14:49:16,2016-05-22 15:12:05,,,,"{'Meganium': 1, 'Medicham': 1, 'Floatzel': 1, 'Regirock': 2, 'Skuntank': 1, 'Slowking': 2, 'Magmortar': 1, 'Charizard': 2, 'Typhlosion': 1, 'Hitmonchan': 1, 'Tauros': 1, 'Sandslash': 1, 'Poliwrath': 1, 'Jumpluff': 1, 'Grumpig': 1}"
chatot58971,[Gen 4] UU,64,39,25,2020-04-13 00:55:56,2023-12-02 03:38:12,,,,"{'Scyther': 7, 'Kangaskhan': 12, 'Mismagius': 26, 'Qwilfish': 8, 'Registeel': 25, 'Blaziken': 10, 'Milotic': 19, 'Torterra': 11, 'Rotom': 15, 'Drapion': 11, 'Swellow': 6, 'Uxie': 27, 'Ambipom': 8, 'Rhyperior': 9, 'Venusaur': 31, 'Houndoom': 16, 'Toxicroak': 8, 'Kabutops': 11, 'Ludicolo': 2, 'Electrode': 1, 'Feraligatr': 7, 'Donphan': 13, 'Hitmonlee': 2, 'Slowking': 5, 'Clefable': 10, 'Ursaring': 2, 'Absol': 2, 'Mesprit': 4, 'Azumarill': 2, 'Regirock': 2, 'Leafeon': 3, 'Dugtrio': 3, 'Entei': 4, 'Omastar': 6, 'Spiritomb': 5, 'Alakazam': 4, 'Sceptile': 2, 'Steelix': 2, 'Primeape': 2, 'Hitmontop': 1, 'Aggron': 5, 'Weezing': 4, 'Blastoise': 2, 'Hariyama': 4, 'Moltres': 2, 'Tangrowth': 1}"
chatot61027,[Gen 4] UU,3,2,1,2017-04-23 18:05:10,2017-05-03 23:36:21,,,,"{'Scyther': 2, 'Milotic': 2, 'Mesprit': 1, 'Hitmonlee': 1, 'Drapion': 2, 'Donphan': 2, 'Cloyster': 1, 'Gligar': 1, 'Clefable': 1, 'Hippopotas': 1, 'Cradily': 1, 'Entei': 1, 'Steelix': 1, 'Rotom': 1}"
chatter44473,[Gen 4] UU,2,0,2,2020-05-07 18:34:34,2020-05-07 18:40:11,,,,"{'Claydol': 2, 'Mismagius': 2, 'Qwilfish': 2, 'Dugtrio': 2, 'Spiritomb': 2, 'Drapion': 2}"
chatter67565,[Gen 4] UU,1,0,1,2017-07-22 17:08:28,2017-07-22 17:08:28,,,,"{'Tauros': 1, 'Floatzel': 1, 'Typhlosion': 1, 'Cradily': 1, 'Grumpig': 1, 'Misdreavus': 1}"
cheriberry51162,[Gen 4] UU,1,1,0,2019-12-17 22:02:10,2019-12-17 22:02:10,,,,"{'Registeel': 1, 'Uxie': 1, 'Moltres': 1, 'Venusaur': 1}"
cherishball18196,[Gen 4] UU,1,1,0,2024-03-14 01:04:36,2024-03-14 01:04:36,1061.0,1061.0,[1061.0],"{'Houndoom': 1, 'Poliwrath': 1, 'Spiritomb': 1, 'Registeel': 1, 'Donphan': 1}"
cherrim77663,[Gen 4] UU,1,0,1,2014-06-15 02:27:49,2014-06-15 02:27:49,,,,"{'Machoke': 1, 'Charizard': 1, 'Sandslash': 1, 'Jumpluff': 1, 'Whiscash': 1, 'Manectric': 1}"
cherrim90602,[Gen 4] UU,2,2,0,2017-05-31 13:30:32,2017-05-31 13:36:58,,,,"{'Onix': 1, 'Tangela': 1, 'Victreebel': 1, 'Metang': 1, 'Kadabra': 1, 'Monferno': 1, 'Probopass': 1, 'Gastrodon': 1, 'Misdreavus': 1, 'Golbat': 1}"
cherubi37657,[Gen 4] UU,1,1,0,2015-04-19 22:14:21,2015-04-19 22:14:21,,,,"{'Charizard': 1, 'Sandslash': 1, 'Floatzel': 1, 'Skuntank': 1, 'Gardevoir': 1}"
cherubi50485,[Gen 4] UU,1,1,0,2025-03-27 22:14:10,2025-03-27 22:14:10,,,,"{'Tangrowth': 1, 'Uxie': 1, 'Medicham': 1, 'Rhyperior': 1}"
cherubi55848,[Gen 4] UU,1,1,0,2016-07-19 04:27:26,2016-07-19 04:27:26,,,,"{'Aggron': 1, 'Uxie': 1, 'Venusaur': 1}"
cherubi94789,[Gen 4] UU,1,1,0,2024-03-01 11:43:13,2024-03-01 11:43:13,,,,"{'Arcanine': 1, 'Mismagius': 1, 'Sceptile': 1}"
chestoberry27778,[Gen 4] UU,1,0,1,2020-01-31 02:10:36,2020-01-31 02:10:36,,,,"{'Blaziken': 1, 'Mismagius': 1, 'Kabutops': 1, 'Miltank': 1, 'Uxie': 1, 'Drapion': 1}"
chestoberry58520,[Gen 4] UU,1,0,1,2015-03-22 13:59:54,2015-03-22 13:59:54,,,,"{'Scyther': 1, 'Milotic': 1, 'Rotom': 1, 'Registeel': 1, 'Arcanine': 1, 'Venusaur': 1}"
chestoberry82508,[Gen 4] UU,1,0,1,2023-12-26 01:10:40,2023-12-26 01:10:40,,,,"{'Kingler': 1, 'Shiftry': 1, 'Aggron': 1, 'Surskit': 1}"
chestoberry82810,[Gen 4] UU,1,1,0,2018-01-07 18:00:12,2018-01-07 18:00:12,,,,"{'Moltres': 1, 'Milotic': 1, 'Mismagius': 1, 'Hitmontop': 1, 'Registeel': 1, 'Venusaur': 1}"
chikorita61873,[Gen 4] UU,4,2,2,2017-01-10 23:30:55,2017-02-10 03:11:02,,,,"{'Golduck': 3, 'Rapidash': 2, 'Xatu': 2, 'Monferno': 1, 'Victreebel': 2, 'Purugly': 4, 'Misdreavus': 2, 'Armaldo': 1, 'Bellossom': 1, 'Electabuzz': 1, 'Glalie': 1}"
chikorita69529,[Gen 4] UU,1,0,1,2023-05-27 21:18:08,2023-05-27 21:18:08,,,,"{'Moltres': 1, 'Qwilfish': 1, 'Rhyperior': 1, 'Skuntank': 1, 'Hitmonlee': 1, 'Leafeon': 1}"
chilanberry35318,[Gen 4] UU,1,0,1,2015-04-25 00:13:55,2015-04-25 00:13:55,,,,"{'Scyther': 1, 'Sceptile': 1, 'Azumarill': 1, 'Houndoom': 1, 'Uxie': 1, 'Donphan': 1}"
chilanberry58526,[Gen 4] UU,5,3,2,2016-06-21 03:21:49,2016-10-13 17:44:01,,,,"{'Scyther': 2, 'Milotic': 4, 'Rotom': 4, 'Registeel': 2, 'Arcanine': 2, 'Donphan': 2, 'Altaria': 2, 'Steelix': 1, 'Drapion': 2, 'Venusaur': 2, 'Glalie': 1, 'Vileplume': 1}"
chilanberry6502,[Gen 4] UU,2,1,1,2015-11-15 14:23:42,2015-11-15 14:46:48,,,,"{'Nidoking': 1, 'Dugtrio': 1, 'Houndoom': 1, 'Swellow': 1, 'Blastoise': 1, 'Leafeon': 1, 'Moltres': 1, 'Scyther': 1, 'Torterra': 1, 'Kabutops': 1, 'Lanturn': 1, 'Registeel': 1}"
chilanberry83573,[Gen 4] UU,1,0,1,2016-10-16 14:06:06,2016-10-16 14:06:06,,,,"{'Charizard': 1, 'Vileplume': 1, 'Sandslash': 1, 'Floatzel': 1, 'Skuntank': 1, 'Gardevoir': 1}"
chilanberry90070,[Gen 4] UU,1,0,1,2020-05-01 21:16:16,2020-05-01 21:16:16,,,,"{'Mismagius': 1, 'Dugtrio': 1, 'Registeel': 1, 'Arcanine': 1, 'Venusaur': 1, 'Blastoise': 1}"
chimchar31276,[Gen 4] UU,1,1,0,2018-03-29 10:23:34,2018-03-29 10:23:34,,,,"{'Moltres': 1, 'Milotic': 1, 'Swellow': 1, 'Clefable': 1, 'Venusaur': 1, 'Donphan': 1}"
chimchar62513,[Gen 4] UU,1,1,0,2017-03-24 02:38:55,2017-03-24 02:38:55,,,,"{'Poliwrath': 1, 'Bellossom': 1, 'Muk': 1, 'Rhydon': 1, 'Drifblim': 1}"
chimecho25556,[Gen 4] UU,1,0,1,2017-07-24 05:48:44,2017-07-24 05:48:44,,,,"{'Omastar': 1, 'Houndoom': 1, 'Chansey': 1, 'Feraligatr': 1, 'Alakazam': 1, 'Donphan': 1}"
chimecho68870,[Gen 4] UU,1,1,0,2018-05-24 19:26:13,2018-05-24 19:26:13,,,,"{'Feraligatr': 1, 'Jynx': 1, 'Toxicroak': 1, 'Rhyperior': 1}"
chimecho92830,[Gen 4] UU,4,2,2,2017-01-14 04:29:02,2017-01-15 05:48:54,,,,"{'Scyther': 1, 'Rotom': 1, 'Clefable': 2, 'Arcanine': 1, 'Blastoise': 1, 'Mesprit': 1, 'Poliwrath': 1, 'Miltank': 1, 'Venusaur': 2, 'Donphan': 1, 'Moltres': 1, 'Mismagius': 2, 'Omastar': 1, 'Hitmontop': 1, 'Qwilfish': 1, 'Toxicroak': 1}"
chinchou17063,[Gen 4] UU,7,6,1,2019-03-13 00:31:18,2025-05-26 01:14:37,,,,"{'Altaria': 1, 'Exeggutor': 2, 'Rhyperior': 2, 'Hitmontop': 1, 'Feraligatr': 1, 'Drapion': 1, 'Moltres': 2, 'Kabutops': 2, 'Azumarill': 1, 'Rotom': 1, 'Registeel': 3, 'Venusaur': 2, 'Regirock': 1, 'Skuntank': 1, 'Blaziken': 3, 'Glalie': 1, 'Ambipom': 2, 'Drifblim': 1, 'Clefable': 1, 'Uxie': 1, 'Mismagius': 3, 'Qwilfish': 1, 'Scyther': 1, 'Hitmonlee': 1, 'Kangaskhan': 1, 'Omastar': 1, 'Spiritomb': 1, 'Alakazam': 1}"
chinchou18750,[Gen 4] UU,1,0,1,2020-05-16 16:27:48,2020-05-16 16:27:48,,,,"{'Cloyster': 1, 'Lanturn': 1, 'Spiritomb': 1, 'Clefable': 1, 'Drapion': 1, 'Leafeon': 1}"
chinchou40074,[Gen 4] UU,1,0,1,2018-11-04 19:46:36,2018-11-04 19:46:36,,,,"{'Altaria': 1, 'Toxicroak': 1, 'Torterra': 1, 'Alakazam': 1, 'Arcanine': 1, 'Ambipom': 1}"
chinchou4690,[Gen 4] UU,1,1,0,2016-05-28 18:54:41,2016-05-28 18:54:41,,,,"{'Tauros': 1, 'Porygon2': 1, 'Electrode': 1, 'Regirock': 1, 'Gardevoir': 1}"
chinchou66177,[Gen 4] UU,1,0,1,2022-10-23 21:43:25,2022-10-23 21:43:25,,,,"{'Omastar': 1, 'Kabutops': 1, 'Spiritomb': 1, 'Blaziken': 1, 'Primeape': 1, 'Venusaur': 1}"
chinchou9019,[Gen 4] UU,1,0,1,2020-01-24 02:27:39,2020-01-24 02:27:39,,,,"{'Ursaring': 1, 'Mismagius': 1, 'Qwilfish': 1, 'Rotom': 1, 'Hitmonlee': 1, 'Uxie': 1}"
chingling28640,[Gen 4] UU,5,4,1,2018-02-11 19:53:51,2018-02-13 19:32:31,,,,"{'Milotic': 4, 'Dugtrio': 3, 'Registeel': 3, 'Uxie': 4, 'Swellow': 2, 'Leafeon': 2, 'Entei': 2, 'Steelix': 2, 'Rotom': 2, 'Venusaur': 3, 'Scyther': 1, 'Blastoise': 1}"
chingling86373,[Gen 4] UU,2,1,1,2016-11-07 02:40:41,2017-01-16 20:31:46,,,,"{'Gabite': 1, 'Poliwrath': 1, 'Victreebel': 1, 'Rhydon': 1, 'Glalie': 1, 'Yanma': 1, 'Tangrowth': 1, 'Milotic': 1, 'Mismagius': 1, 'Omastar': 1, 'Hitmontop': 1, 'Clefable': 1}"
chlorophyll14963,[Gen 4] UU,3,2,1,2020-03-18 05:51:32,2020-03-19 21:02:42,1128.0,1128.0,[1128.0],"{'Qwilfish': 2, 'Exeggutor': 1, 'Cloyster': 1, 'Steelix': 2, 'Hariyama': 1, 'Sceptile': 1, 'Typhlosion': 1, 'Azumarill': 1, 'Uxie': 1, 'Donphan': 1, 'Altaria': 1, 'Houndoom': 1, 'Drifblim': 1}"
chlorophyll29100,[Gen 4] UU,1,0,1,2014-10-19 17:40:25,2014-10-19 17:40:25,1000.0,1000.0,[1000.0],"{'Bibarel': 1, 'Camerupt': 1, 'Meganium': 1, 'Hariyama': 1, 'Pinsir': 1, 'Miltank': 1}"
chlorophyll68675,[Gen 4] UU,1,0,1,2020-03-15 02:19:23,2020-03-15 02:19:23,,,,"{'Moltres': 1, 'Milotic': 1, 'Aggron': 1, 'Clefable': 1, 'Venusaur': 1, 'Donphan': 1}"
chlorophyll69536,[Gen 4] UU,1,1,0,2016-04-10 22:54:08,2016-04-10 22:54:08,,,,"{'Slowbro': 1, 'Entei': 1, 'Nidoking': 1, 'Dugtrio': 1, 'Spiritomb': 1, 'Venusaur': 1}"
choiceband59409,[Gen 4] UU,5,0,5,2020-05-22 13:00:40,2020-06-14 19:09:27,,,,"{'Mismagius': 5, 'Houndoom': 2, 'Torterra': 2, 'Alakazam': 2, 'Feraligatr': 2, 'Swellow': 2, 'Cloyster': 3, 'Toxicroak': 3, 'Chansey': 3, 'Arcanine': 1, 'Donphan': 3, 'Uxie': 1}"
choicescarf18439,[Gen 4] UU,11,6,5,2015-03-27 03:02:19,2016-01-03 19:08:58,,,,"{'Scyther': 8, 'Donphan': 8, 'Tauros': 8, 'Aggron': 8, 'Houndoom': 8, 'Blastoise': 7, 'Camerupt': 2, 'Lapras': 2, 'Weezing': 3, 'Steelix': 2, 'Clefable': 2, 'Venusaur': 2, 'Milotic': 1, 'Mesprit': 1, 'Rhyperior': 1, 'Torterra': 1, 'Arcanine': 1}"
choicescarf26439,[Gen 4] UU,1,1,0,2016-07-16 01:44:53,2016-07-16 01:44:53,,,,"{'Tangrowth': 1, 'Charizard': 1, 'Tauros': 1, 'Armaldo': 1, 'Nidoqueen': 1, 'Gardevoir': 1}"
choicescarf41411,[Gen 4] UU,11,0,11,2018-05-28 03:19:58,2018-06-11 23:49:43,,,,"{'Luxray': 10, 'Aggron': 10, 'Monferno': 8, 'Probopass': 8, 'Gardevoir': 8, 'Cradily': 8, 'Moltres': 2, 'Omastar': 3, 'Nidoqueen': 2, 'Leafeon': 2, 'Ursaring': 1, 'Rotom': 1, 'Alakazam': 1, 'Blaziken': 1, 'Swellow': 1}"
choicescarf64803,[Gen 4] UU,1,1,0,2020-03-03 01:12:34,2020-03-03 01:12:34,,,,"{'Moltres': 1, 'Toxicroak': 1, 'Feraligatr': 1, 'Uxie': 1, 'Venusaur': 1, 'Donphan': 1}"
choicescarf72903,[Gen 4] UU,1,1,0,2024-06-01 11:31:10,2024-06-01 11:31:10,,,,"{'Mismagius': 1, 'Sceptile': 1, 'Kabutops': 1, 'Registeel': 1, 'Arcanine': 1, 'Donphan': 1}"
choicespecs10315,[Gen 4] UU,1,1,0,2016-05-08 02:51:39,2016-05-08 02:51:39,,,,"{'Regice': 1, 'Mismagius': 1, 'Poliwrath': 1, 'Houndoom': 1, 'Uxie': 1, 'Venusaur': 1}"
choicespecs10678,[Gen 4] UU,1,0,1,2018-06-24 00:27:04,2018-06-24 00:27:04,,,,"{'Moltres': 1, 'Mismagius': 1, 'Qwilfish': 1, 'Rhyperior': 1, 'Spiritomb': 1, 'Blastoise': 1}"
choicespecs19753,[Gen 4] UU,1,0,1,2020-07-12 14:20:15,2020-07-12 14:20:15,1000.0,1000.0,[1000.0],"{'Cloyster': 1, 'Toxicroak': 1, 'Azumarill': 1, 'Regirock': 1, 'Rotom': 1, 'Spiritomb': 1}"
choicespecs43511,[Gen 4] UU,33,15,18,2016-11-29 10:09:18,2018-01-31 00:39:32,,,,"{'Pineco': 2, 'Poliwrath': 16, 'Mr. Mime': 8, 'Muk': 10, 'Electabuzz': 2, 'Rhydon': 15, 'Xatu': 2, 'Metang': 6, 'Purugly': 12, 'Gastrodon': 4, 'Monferno': 2, 'Sneasel': 3, 'Misdreavus': 7, 'Golbat': 5, 'Machoke': 4, 'Cacturne': 7, 'Armaldo': 3, 'Linoone': 1, 'Diglett': 2, 'Glalie': 4, 'Dragonair': 1, 'Toxicroak': 3, 'Rhyperior': 4, 'Jynx': 3, 'Clefable': 3, 'Feraligatr': 2, 'Tauros': 1, 'Haunter': 1, 'Manectric': 1, 'Drifblim': 1, 'Bellossom': 2, 'Pelipper': 1, 'Rapidash': 6, 'Bayleef': 2, 'Exeggcute': 2, 'Persian': 2, 'Staravia': 2, 'Shuckle': 2, 'Ursaring': 1, 'Omastar': 2, 'Rotom': 1, 'Swellow': 1, 'Blaziken': 1, 'Alakazam': 1, 'Hitmontop': 2, 'Dugtrio': 1, 'Uxie': 1, 'Venusaur': 1, 'Marowak': 1, 'Victreebel': 3, 'Sableye': 5, 'Milotic': 2, 'Roselia': 1, 'Snover': 1, 'Nidoqueen': 1, 'Walrein': 1, 'Chansey': 1, 'Registeel': 1, 'Kecleon': 1, 'Dusclops': 1, 'Clamperl': 1, 'Chimecho': 1, 'Relicanth': 1, 'Solrock': 1, 'Lickilicky': 1, 'Kadabra': 1, 'Onix': 1, 'Tangela': 1}"
choicespecs78702,[Gen 4] UU,1,1,0,2019-10-17 19:52:23,2019-10-17 19:52:23,,,,"{'Registeel': 1, 'Azumarill': 1, 'Mesprit': 1, 'Leafeon': 1}"
choicespecs85698,[Gen 4] UU,18,9,9,2016-12-29 17:10:34,2017-02-12 01:12:06,,,,"{'Ludicolo': 7, 'Toxicroak': 8, 'Kabutops': 10, 'Dugtrio': 6, 'Registeel': 7, 'Uxie': 7, 'Rapidash': 4, 'Onix': 1, 'Victreebel': 4, 'Purugly': 6, 'Tangela': 1, 'Armaldo': 2, 'Poliwrath': 6, 'Muk': 2, 'Sableye': 2, 'Rhydon': 2, 'Milotic': 2, 'Drapion': 3, 'Torterra': 3, 'Rotom': 4, 'Arcanine': 2, 'Exeggutor': 2, 'Omastar': 2, 'Houndoom': 2, 'Swellow': 2, 'Kecleon': 3, 'Misdreavus': 3, 'Moltres': 1, 'Ambipom': 1}"
chopleberry30370,[Gen 4] UU,1,1,0,2025-04-09 03:10:59,2025-04-09 03:10:59,,,,"{'Mismagius': 1, 'Qwilfish': 1, 'Clefable': 1, 'Arcanine': 1, 'Alakazam': 1, 'Leafeon': 1}"
chopleberry33888,[Gen 4] UU,3,1,2,2017-04-28 00:44:55,2017-05-26 18:05:35,,,,"{'Electabuzz': 1, 'Pelipper': 1, 'Victreebel': 1, 'Metang': 1, 'Misdreavus': 1, 'Golduck': 1, 'Pineco': 1, 'Kadabra': 1, 'Murkrow': 1, 'Rhydon': 1, 'Drifblim': 1, 'Armaldo': 1, 'Gastrodon-East': 1, 'Muk': 1, 'Solrock': 1, 'Sableye': 1, 'Lickilicky': 1}"
chopleberry38027,[Gen 4] UU,9,8,1,2024-03-02 00:34:16,2024-03-16 23:07:53,1027.0,1179.0,"[1027.0, 1077.0, 1076.0, 1120.0, 1122.0, 1058.0, 1179.0, 1077.0, 1104.0]","{'Nidoking': 5, 'Hitmonlee': 4, 'Rotom': 4, 'Clefable': 4, 'Houndoom': 4, 'Venusaur': 7, 'Alakazam': 3, 'Azumarill': 2, 'Spiritomb': 2, 'Registeel': 2, 'Donphan': 1, 'Scyther': 1, 'Exeggutor': 1, 'Mismagius': 1, 'Uxie': 1, 'Drapion': 1, 'Blastoise': 1}"
chopleberry80021,[Gen 4] UU,3,0,3,2016-03-25 19:31:54,2016-04-22 06:02:25,,,,"{'Venomoth': 1, 'Shiftry': 1, 'Sandslash': 1, 'Regirock': 1, 'Dodrio': 1, 'Dusclops': 1, 'Moltres': 2, 'Absol': 2, 'Hitmontop': 2, 'Rhyperior': 2, 'Venusaur': 2, 'Alakazam': 2}"
chuspikyeared20201,[Gen 4] UU,8,7,1,2024-03-07 05:22:51,2024-03-22 01:34:45,1000.0,1075.0,"[1000.0, 1075.0, 1049.0, 1000.0, 1028.0, 1073.0, 1060.0, 1036.0]","{'Absol': 4, 'Aggron': 4, 'Dusclops': 4, 'Clamperl': 3, 'Uxie': 4, 'Exeggutor': 3, 'Ursaring': 1, 'Scyther': 1, 'Milotic': 1, 'Torterra': 1, 'Rotom': 3, 'Arcanine': 1, 'Moltres': 2, 'Cloyster': 2, 'Dugtrio': 3, 'Drapion': 2, 'Hariyama': 1, 'Swellow': 1, 'Alakazam': 1, 'Omastar': 1}"
chuspikyeared26796,[Gen 4] UU,1,1,0,2023-06-04 13:01:48,2023-06-04 13:01:48,,,,"{'Exeggutor': 1, 'Hariyama': 1, 'Qwilfish': 1, 'Houndoom': 1, 'Rotom': 1, 'Registeel': 1}"
clamp20707,[Gen 4] UU,1,0,1,2017-08-13 01:01:41,2017-08-13 01:01:41,,,,"{'Shiftry': 1, 'Sandslash': 1, 'Typhlosion': 1, 'Jumpluff': 1, 'Victreebel': 1, 'Persian': 1}"
clamp88828,[Gen 4] UU,7,0,7,2024-03-02 14:31:03,2024-03-22 01:34:45,1020.0,1060.0,"[1020.0, 1034.0, 1028.0, 1056.0, 1042.0, 1060.0, 1036.0]","{'Hariyama': 1, 'Mismagius': 2, 'Jumpluff': 3, 'Bastiodon': 1, 'Clefable': 2, 'Alakazam': 1, 'Registeel': 1, 'Uxie': 4, 'Kabutops': 2, 'Claydol': 3, 'Omastar': 1, 'Ursaring': 2, 'Blaziken': 2, 'Rotom': 2, 'Qwilfish': 1}"
clamperl43147,[Gen 4] UU,5,4,1,2017-06-21 22:19:20,2018-05-16 02:32:15,,,,"{'Qwilfish': 1, 'Rotom': 1, 'Clefable': 1, 'Alakazam': 1, 'Donphan': 3, 'Moltres': 2, 'Snover': 2, 'Dugtrio': 2, 'Blastoise': 2, 'Scyther': 1, 'Milotic': 1, 'Kangaskhan': 1, 'Registeel': 1, 'Venusaur': 1, 'Spiritomb': 1, 'Exeggutor': 1, 'Mismagius': 1, 'Hitmontop': 1, 'Lanturn': 1, 'Drapion': 1}"
clamperl86723,[Gen 4] UU,1,1,0,2018-02-03 00:38:35,2018-02-03 00:38:35,,,,"{'Milotic': 1, 'Rhyperior': 1, 'Venusaur': 1, 'Drapion': 1, 'Alakazam': 1}"
clawfossil5933,[Gen 4] UU,1,0,1,2014-11-16 08:04:19,2014-11-16 08:04:19,,,,"{'Milotic': 1, 'Venusaur': 1, 'Rotom': 1, 'Registeel': 1, 'Blaziken': 1, 'Ambipom': 1}"
clawfossil65934,[Gen 4] UU,4,3,1,2024-03-03 23:34:32,2024-03-08 09:36:34,1000.0,1151.0,"[1028.0, 1057.0, 1151.0, 1000.0]","{'Registeel': 3, 'Altaria': 3, 'Milotic': 3, 'Swellow': 3, 'Torterra': 2, 'Alakazam': 2, 'Moltres': 1, 'Absol': 1, 'Claydol': 1, 'Rhyperior': 1, 'Hypno': 1, 'Venusaur': 1}"
clawfossil72039,[Gen 4] UU,1,1,0,2019-01-07 00:46:27,2019-01-07 00:46:27,,,,"{'Altaria': 1, 'Sceptile': 1, 'Magneton': 1, 'Dugtrio': 1, 'Uxie': 1, 'Primeape': 1}"
clawfossil83186,[Gen 4] UU,1,0,1,2020-07-28 11:10:33,2020-07-28 11:10:33,,,,"{'Milotic': 1, 'Absol': 1, 'Rhyperior': 1, 'Alakazam': 1, 'Blaziken': 1, 'Venusaur': 1}"
claydol54363,[Gen 4] UU,1,0,1,2019-09-06 11:22:17,2019-09-06 11:22:17,,,,"{'Altaria': 1, 'Absol': 1, 'Ludicolo': 1, 'Torterra': 1, 'Uxie': 1, 'Ambipom': 1}"
clearbody55088,[Gen 4] UU,1,0,1,2015-08-15 02:56:37,2015-08-15 02:56:37,,,,"{'Ludicolo': 1, 'Electrode': 1, 'Kabutops': 1, 'Dugtrio': 1, 'Registeel': 1, 'Uxie': 1}"
clearbody59762,[Gen 4] UU,9,4,5,2019-07-12 15:54:06,2025-04-06 19:10:05,,,,"{'Ludicolo': 1, 'Mismagius': 5, 'Entei': 4, 'Steelix': 2, 'Drapion': 2, 'Blastoise': 3, 'Altaria': 1, 'Kabutops': 3, 'Venusaur': 4, 'Milotic': 3, 'Registeel': 4, 'Donphan': 2, 'Leafeon': 2, 'Mesprit': 1, 'Toxicroak': 1, 'Blaziken': 2, 'Dugtrio': 1, 'Scyther': 2, 'Hariyama': 2, 'Rhyperior': 2, 'Clefable': 2, 'Feraligatr': 1, 'Qwilfish': 1, 'Rotom': 1, 'Uxie': 1}"
clearbody93239,[Gen 4] UU,1,0,1,2016-03-29 09:53:36,2016-03-29 09:53:36,1000.0,1000.0,[1000.0],"{'Scyther': 1, 'Toxicroak': 1, 'Azumarill': 1, 'Lanturn': 1, 'Swellow': 1, 'Donphan': 1}"
clefable33200,[Gen 4] UU,2,1,1,2019-10-24 21:51:19,2019-10-25 03:17:05,,,,"{'Toxicroak': 1, 'Rhyperior': 1, 'Jynx': 1, 'Clefable': 1, 'Feraligatr': 1, 'Mesprit': 1, 'Kabutops': 1, 'Dugtrio': 1, 'Arcanine': 1, 'Swellow': 1, 'Leafeon': 1}"
clefable39772,[Gen 4] UU,1,0,1,2015-05-10 00:09:46,2015-05-10 00:09:46,,,,"{'Moltres': 1, 'Milotic': 1, 'Hitmontop': 1, 'Torterra': 1, 'Rotom': 1, 'Registeel': 1}"
clefable74034,[Gen 4] UU,27,12,15,2015-12-02 15:40:32,2019-05-11 17:34:17,,,,"{'Omastar': 10, 'Medicham': 8, 'Hitmontop': 8, 'Rotom': 16, 'Clefable': 9, 'Drapion': 9, 'Milotic': 7, 'Spiritomb': 6, 'Arcanine': 7, 'Donphan': 4, 'Altaria': 3, 'Mesprit': 1, 'Mismagius': 1, 'Toxicroak': 1, 'Blaziken': 4, 'Nidoking': 2, 'Dugtrio': 2, 'Houndoom': 2, 'Swellow': 2, 'Blastoise': 2, 'Leafeon': 2, 'Snover': 1, 'Venomoth': 2, 'Sandslash': 3, 'Walrein': 1, 'Slowking': 2, 'Articuno': 1, 'Kabutops': 6, 'Hitmonlee': 2, 'Uxie': 3, 'Venusaur': 3, 'Cloyster': 2, 'Wormadam-Trash': 1, 'Banette': 1, 'Monferno': 1, 'Bellossom': 1, 'Purugly': 2, 'Gastrodon': 1, 'Aggron': 2, 'Golduck': 1, 'Victreebel': 1, 'Metang': 1, 'Glalie': 1, 'Misdreavus': 1, 'Vileplume': 2, 'Charizard': 2, 'Flareon': 1, 'Mantine': 1, 'Skuntank': 1, 'Exeggutor': 1, 'Rhyperior': 1}"
clefairy19286,[Gen 4] UU,6,3,3,2024-11-30 14:19:03,2025-02-02 20:19:49,,,,"{'Mesprit': 1, 'Mismagius': 4, 'Feraligatr': 3, 'Uxie': 6, 'Venusaur': 4, 'Sceptile': 1, 'Qwilfish': 2, 'Houndoom': 4, 'Blaziken': 2, 'Absol': 1, 'Azumarill': 2, 'Dugtrio': 1, 'Arcanine': 3, 'Scyther': 1}"
cleffa16650,[Gen 4] UU,4,1,3,2017-11-10 15:46:35,2018-01-19 14:45:52,,,,"{'Scyther': 3, 'Milotic': 3, 'Registeel': 3, 'Arcanine': 3, 'Donphan': 3, 'Gligar': 1, 'Tauros': 1, 'Medicham': 1, 'Regirock': 1, 'Persian': 1, 'Cradily': 1, 'Rotom': 2}"
cleffa47273,[Gen 4] UU,2,0,2,2018-11-12 18:41:38,2018-11-12 18:50:26,,,,"{'Milotic': 1, 'Mismagius': 1, 'Hitmontop': 1, 'Uxie': 2, 'Arcanine': 1, 'Venusaur': 1, 'Qwilfish': 1, 'Entei': 1, 'Dusclops': 1, 'Jumpluff': 1, 'Swellow': 1}"
cleffa5407,[Gen 4] UU,1,1,0,2020-07-31 22:27:06,2020-07-31 22:27:06,,,,"{'Torterra': 1, 'Weezing': 1, 'Regirock': 1, 'Registeel': 1, 'Hippopotas': 1}"
closecombat1723,[Gen 4] UU,1,1,0,2020-01-12 23:05:52,2020-01-12 23:05:52,,,,"{'Absol': 1, 'Mismagius': 1, 'Dugtrio': 1, 'Raichu': 1, 'Alakazam': 1, 'Slaking': 1}"
closecombat44314,[Gen 4] UU,5,3,2,2016-11-20 22:49:45,2017-02-03 17:42:47,,,,"{'Milotic': 4, 'Rotom': 4, 'Espeon': 2, 'Registeel': 3, 'Blaziken': 2, 'Venusaur': 2, 'Ludicolo': 1, 'Toxicroak': 1, 'Kabutops': 2, 'Dugtrio': 1, 'Uxie': 1, 'Torterra': 2, 'Arcanine': 2, 'Drapion': 2}"
closecombat44911,[Gen 4] UU,18,10,8,2024-04-19 21:41:02,2024-12-09 17:06:53,,,,"{'Ursaring': 3, 'Omastar': 4, 'Torterra': 7, 'Spiritomb': 5, 'Feraligatr': 4, 'Uxie': 9, 'Milotic': 4, 'Registeel': 6, 'Houndoom': 3, 'Primeape': 2, 'Mesprit': 6, 'Sceptile': 3, 'Toxicroak': 4, 'Azumarill': 2, 'Arcanine': 3, 'Ambipom': 2, 'Mismagius': 6, 'Clefable': 4, 'Blaziken': 4, 'Slowking': 2, 'Leafeon': 3, 'Exeggutor': 2, 'Rhyperior': 2, 'Blastoise': 2, 'Qwilfish': 1, 'Hariyama': 2, 'Ludicolo': 1, 'Cloyster': 1, 'Chansey': 1, 'Weezing': 1, 'Venusaur': 1, 'Donphan': 2, 'Skuntank': 1, 'Rotom': 1}"
closecombat68349,[Gen 4] UU,1,1,0,2020-07-03 14:36:52,2020-07-03 14:36:52,,,,"{'Blaziken': 1, 'Milotic': 1, 'Rhyperior': 1}"
closecombat85487,[Gen 4] UU,2,0,2,2017-02-05 14:36:29,2017-02-05 14:43:59,,,,"{'Milotic': 2, 'Absol': 1, 'Rhyperior': 1, 'Alakazam': 1, 'Blaziken': 1, 'Venusaur': 2, 'Scyther': 1, 'Registeel': 1, 'Arcanine': 1, 'Donphan': 1}"
cloudnine27795,[Gen 4] UU,1,0,1,2016-08-03 19:33:55,2016-08-03 19:33:55,,,,"{'Milotic': 1, 'Toxicroak': 1, 'Torterra': 1, 'Rotom': 1, 'Houndoom': 1, 'Alakazam': 1}"
cloyster40457,[Gen 4] UU,6,4,2,2016-02-10 09:03:57,2017-11-05 04:21:02,,,,"{'Scyther': 4, 'Milotic': 3, 'Rotom': 4, 'Registeel': 4, 'Arcanine': 3, 'Donphan': 4, 'Politoed': 2, 'Magmortar': 1, 'Magneton': 2, 'Haunter': 1, 'Jynx': 1, 'Piloswine': 2}"
cloyster51111,[Gen 4] UU,1,1,0,2024-03-29 18:25:50,2024-03-29 18:25:50,1236.0,1236.0,[1236.0],"{'Milotic': 1, 'Rhyperior': 1, 'Rotom': 1, 'Clefable': 1, 'Blaziken': 1, 'Leafeon': 1}"
cloyster77775,[Gen 4] UU,2,2,0,2017-06-03 18:10:35,2017-06-03 18:16:04,,,,"{'Machoke': 1, 'Poliwrath': 2, 'Cacturne': 1, 'Rhydon': 2, 'Misdreavus': 1, 'Golbat': 1, 'Armaldo': 1, 'Muk': 1, 'Sableye': 1, 'Purugly': 1}"
cloyster83222,[Gen 4] UU,1,1,0,2018-04-10 00:48:41,2018-04-10 00:48:41,,,,"{'Cloyster': 1, 'Milotic': 1, 'Altaria': 1, 'Registeel': 1, 'Blaziken': 1}"
cloyster94054,[Gen 4] UU,4,0,4,2016-01-24 19:08:38,2016-07-02 17:29:53,,,,"{'Scyther': 1, 'Milotic': 2, 'Registeel': 3, 'Arcanine': 1, 'Venusaur': 2, 'Donphan': 1, 'Rotom': 1, 'Espeon': 1, 'Blaziken': 1, 'Camerupt': 1, 'Omanyte': 1, 'Quagsire': 1, 'Glaceon': 1, 'Gastly': 1, 'Slaking': 1, 'Snover': 1, 'Hitmontop': 1, 'Nidoqueen': 1, 'Walrein': 1, 'Chansey': 1}"
cobaberry41000,[Gen 4] UU,12,8,4,2015-05-12 18:39:33,2024-01-14 17:55:56,,,,"{'Milotic': 3, 'Hariyama': 2, 'Aggron': 2, 'Rotom': 2, 'Uxie': 2, 'Venusaur': 3, 'Scyther': 4, 'Omastar': 4, 'Toxicroak': 4, 'Torterra': 4, 'Kabutops': 8, 'Houndoom': 4, 'Mesprit': 3, 'Dugtrio': 3, 'Arcanine': 6, 'Swellow': 2, 'Leafeon': 3, 'Rhyperior': 1, 'Hitmontop': 1, 'Weezing': 1, 'Lanturn': 1, 'Registeel': 2, 'Mismagius': 1, 'Sceptile': 1, 'Donphan': 1}"
cobaberry61469,[Gen 4] UU,1,1,0,2016-05-08 11:45:12,2016-05-08 11:45:12,,,,"{'Moltres': 1, 'Milotic': 1, 'Magneton': 1, 'Armaldo': 1, 'Hitmontop': 1, 'Donphan': 1}"
cobaberry62148,[Gen 4] UU,7,3,4,2016-01-17 23:56:21,2017-01-16 05:32:35,,,,"{'Golduck': 4, 'Monferno': 2, 'Victreebel': 2, 'Rhydon': 2, 'Glaceon': 2, 'Venomoth': 1, 'Kangaskhan': 1, 'Mismagius': 1, 'Omastar': 1, 'Sceptile': 1, 'Steelix': 1, 'Rapidash': 2, 'Armaldo': 1, 'Poliwrath': 1, 'Bellossom': 1, 'Chimecho': 1, 'Lickilicky': 1, 'Gabite': 3, 'Xatu': 1, 'Relicanth': 3, 'Raichu': 1, 'Linoone': 1, 'Purugly': 1, 'Zangoose': 1, 'Drifblim': 1}"
colburberry39805,[Gen 4] UU,2,1,1,2024-03-11 16:38:51,2024-08-10 00:49:08,1000.0,1000.0,[1000.0],"{'Moltres': 2, 'Scyther': 1, 'Sceptile': 2, 'Hitmontop': 1, 'Nidoqueen': 1, 'Skuntank': 1, 'Clefable': 1, 'Slowking': 1, 'Donphan': 1}"
colburberry49904,[Gen 4] UU,1,0,1,2020-03-22 18:42:41,2020-03-22 18:42:41,,,,"{'Kangaskhan': 1, 'Qwilfish': 1, 'Torterra': 1, 'Rotom': 1, 'Slowking': 1, 'Primeape': 1}"
colorchange44259,[Gen 4] UU,7,4,3,2024-02-03 00:51:14,2024-05-04 22:50:16,,,,"{'Ursaring': 2, 'Mismagius': 4, 'Qwilfish': 1, 'Rotom': 2, 'Hitmonlee': 1, 'Uxie': 3, 'Claydol': 1, 'Magneton': 1, 'Spiritomb': 2, 'Hippopotas': 1, 'Swellow': 4, 'Moltres': 1, 'Toxicroak': 2, 'Feraligatr': 1, 'Venusaur': 2, 'Donphan': 1, 'Milotic': 2, 'Registeel': 1, 'Ambipom': 1, 'Hitmontop': 2, 'Steelix': 1, 'Houndoom': 1, 'Omastar': 1, 'Alakazam': 1, 'Bastiodon': 1, 'Lickilicky': 1}"
colorchange51191,[Gen 4] UU,2,0,2,2017-06-03 18:10:35,2017-06-03 18:16:04,,,,"{'Golduck': 1, 'Rapidash': 1, 'Victreebel': 1, 'Purugly': 2, 'Glalie': 1, 'Misdreavus': 1, 'Xatu': 1, 'Poliwrath': 1, 'Muk': 1, 'Rhydon': 1, 'Lickilicky': 1}"
colorchange82940,[Gen 4] UU,1,0,1,2020-03-23 16:45:40,2020-03-23 16:45:40,,,,"{'Moltres': 1, 'Toxicroak': 1, 'Feraligatr': 1, 'Uxie': 1, 'Venusaur': 1, 'Donphan': 1}"
colorchange99792,[Gen 4] UU,1,1,0,2020-03-05 08:27:02,2020-03-05 08:27:02,1021.0,1021.0,[1021.0],"{'Rotom': 1, 'Milotic': 1, 'Omastar': 1}"
combee45836,[Gen 4] UU,1,1,0,2015-05-15 12:24:46,2015-05-15 12:24:46,,,,"{'Scyther': 1, 'Tauros': 1, 'Aggron': 1, 'Blastoise': 1, 'Houndoom': 1, 'Donphan': 1}"
combee70761,[Gen 4] UU,1,0,1,2024-05-05 20:57:09,2024-05-05 20:57:09,,,,"{'Milotic': 1, 'Sceptile': 1, 'Steelix': 1, 'Rotom': 1, 'Clefable': 1, 'Uxie': 1}"
combusken1666,[Gen 4] UU,1,0,1,2017-12-07 00:45:07,2017-12-07 00:45:07,,,,"{'Moltres': 1, 'Milotic': 1, 'Steelix': 1, 'Dugtrio': 1, 'Arcanine': 1, 'Alakazam': 1}"
combusken34815,[Gen 4] UU,2,1,1,2023-01-27 04:03:05,2023-01-27 04:07:16,,,,"{'Mesprit': 1, 'Toxicroak': 1, 'Torterra': 2, 'Kabutops': 1, 'Rotom': 1, 'Houndoom': 2, 'Mismagius': 1, 'Feraligatr': 1, 'Regirock': 1, 'Glalie': 1}"
combusken49992,[Gen 4] UU,5,1,4,2020-03-17 22:27:43,2020-03-28 02:25:25,1035.0,1081.0,"[1081.0, 1035.0]","{'Moltres': 2, 'Toxicroak': 2, 'Feraligatr': 2, 'Uxie': 5, 'Venusaur': 2, 'Donphan': 4, 'Arcanine': 3, 'Weezing': 3, 'Entei': 2, 'Leafeon': 2}"
combusken60283,[Gen 4] UU,1,0,1,2020-07-28 21:19:41,2020-07-28 21:19:41,,,,"{'Hippopotas': 1, 'Gabite': 1}"
cometpunch15569,[Gen 4] UU,1,1,0,2016-04-13 09:53:49,2016-04-13 09:53:49,,,,"{'Milotic': 1, 'Mismagius': 1, 'Kabutops': 1, 'Registeel': 1, 'Venusaur': 1}"
cometpunch68795,[Gen 4] UU,5,1,4,2019-10-11 22:30:17,2020-05-13 18:57:42,,,,"{'Absol': 2, 'Entei': 1, 'Toxicroak': 2, 'Torterra': 2, 'Kabutops': 3, 'Uxie': 1, 'Moltres': 2, 'Qwilfish': 1, 'Swellow': 1, 'Venusaur': 2, 'Donphan': 1, 'Milotic': 1, 'Mismagius': 1, 'Houndoom': 1, 'Registeel': 1, 'Primeape': 1, 'Altaria': 1, 'Steelix': 1, 'Dugtrio': 1, 'Leafeon': 1, 'Poliwrath': 1, 'Drapion': 1, 'Ambipom': 1}"
cometpunch7999,[Gen 4] UU,1,0,1,2024-05-21 22:04:16,2024-05-21 22:04:16,,,,"{'Azumarill': 1, 'Venusaur': 1, 'Houndoom': 1, 'Uxie': 1, 'Swellow': 1, 'Donphan': 1}"
confuseray1706,[Gen 4] UU,1,0,1,2025-01-18 20:01:30,2025-01-18 20:01:30,,,,"{'Mesprit': 1, 'Kabutops': 1, 'Dugtrio': 1, 'Arcanine': 1, 'Swellow': 1, 'Leafeon': 1}"
confuseray48169,[Gen 4] UU,1,1,0,2014-12-23 09:46:03,2014-12-23 09:46:03,,,,"{'Moltres': 1, 'Mismagius': 1, 'Qwilfish': 1, 'Rhyperior': 1, 'Spiritomb': 1, 'Blastoise': 1}"
confuseray53776,[Gen 4] UU,4,2,2,2024-08-25 20:07:19,2024-09-28 04:34:45,,,,"{'Omastar': 2, 'Sceptile': 1, 'Toxicroak': 2, 'Azumarill': 2, 'Spiritomb': 1, 'Swellow': 1, 'Dugtrio': 1, 'Clefable': 1, 'Registeel': 2, 'Uxie': 2, 'Slowking': 1, 'Scyther': 1, 'Mismagius': 1, 'Hitmonlee': 1, 'Houndoom': 1, 'Venusaur': 2, 'Hariyama': 1, 'Primeape': 1}"
confuseray58236,[Gen 4] UU,3,1,2,2025-05-03 13:16:30,2025-05-17 18:56:57,,,,"{'Mismagius': 2, 'Omastar': 1, 'Dugtrio': 2, 'Clefable': 2, 'Registeel': 2, 'Venusaur': 1, 'Milotic': 1, 'Toxicroak': 1, 'Leafeon': 2, 'Moltres': 1, 'Azumarill': 1, 'Alakazam': 1, 'Donphan': 1}"
confuseray8091,[Gen 4] UU,1,0,1,2020-07-06 21:45:35,2020-07-06 21:45:35,,,,"{'Absol': 1, 'Sceptile': 1, 'Typhlosion': 1, 'Swellow': 1, 'Lopunny': 1, 'Buizel': 1}"
confusion32082,[Gen 4] UU,1,0,1,2020-03-14 19:54:48,2020-03-14 19:54:48,1051.0,1051.0,[1051.0],"{'Kangaskhan': 1, 'Claydol': 1, 'Slowbro': 1, 'Toxicroak': 1, 'Houndoom': 1, 'Venusaur': 1}"
confusion41299,[Gen 4] UU,10,3,7,2023-03-18 05:14:38,2024-03-15 22:12:15,,,,"{'Milotic': 4, 'Exeggutor': 1, 'Mismagius': 3, 'Registeel': 3, 'Hitmonlee': 1, 'Houndoom': 4, 'Entei': 2, 'Hitmontop': 1, 'Nidoqueen': 1, 'Spiritomb': 1, 'Clefable': 2, 'Sceptile': 2, 'Kabutops': 3, 'Arcanine': 3, 'Donphan': 2, 'Hariyama': 2, 'Weezing': 1, 'Steelix': 2, 'Alakazam': 2, 'Leafeon': 3, 'Mesprit': 2, 'Toxicroak': 1, 'Azumarill': 1, 'Ambipom': 1, 'Scyther': 2, 'Rhyperior': 2, 'Rotom': 3, 'Venusaur': 3, 'Uxie': 1, 'Qwilfish': 1}"
confusion55041,[Gen 4] UU,1,0,1,2015-08-23 02:03:04,2015-08-23 02:03:04,,,,"{'Tangrowth': 1, 'Rhyperior': 1, 'Ambipom': 1, 'Exeggutor': 1}"
confusion86111,[Gen 4] UU,1,0,1,2015-04-03 22:12:36,2015-04-03 22:12:36,,,,"{'Butterfree': 1, 'Kangaskhan': 1, 'Slowbro': 1, 'Nidoking': 1, 'Spiritomb': 1, 'Primeape': 1}"
constrict32607,[Gen 4] UU,1,0,1,2020-03-24 01:12:31,2020-03-24 01:12:31,,,,"{'Mesprit': 1, 'Aggron': 1, 'Hitmonlee': 1, 'Houndoom': 1, 'Ambipom': 1, 'Blastoise': 1}"
constrict64631,[Gen 4] UU,1,1,0,2020-03-01 17:03:53,2020-03-01 17:03:53,1034.0,1034.0,[1034.0],"{'Scyther': 1, 'Dugtrio': 1, 'Spiritomb': 1, 'Registeel': 1, 'Venusaur': 1, 'Blastoise': 1}"
constrict82475,[Gen 4] UU,2,2,0,2017-01-12 15:30:07,2017-01-12 15:39:43,,,,"{'Absol': 1, 'Ninetales': 1, 'Claydol': 1, 'Poliwrath': 1, 'Lanturn': 1, 'Swellow': 1, 'Milotic': 1, 'Mesprit': 1, 'Toxicroak': 1, 'Torterra': 1, 'Blaziken': 1, 'Ambipom': 1}"
conversion20213,[Gen 4] UU,2,1,1,2020-07-20 19:21:13,2020-07-20 22:10:07,,,,"{'Moltres': 2, 'Milotic': 2, 'Hitmontop': 1, 'Torterra': 2, 'Rotom': 2, 'Registeel': 2, 'Dugtrio': 1}"
conversion246950,[Gen 4] UU,1,0,1,2024-01-03 21:45:11,2024-01-03 21:45:11,,,,"{'Lanturn': 1, 'Spiritomb': 1, 'Registeel': 1, 'Blaziken': 1, 'Venusaur': 1, 'Donphan': 1}"
conversion253148,[Gen 4] UU,1,0,1,2014-06-29 16:27:58,2014-06-29 16:27:58,,,,"{'Milotic': 1, 'Pidgeot': 1, 'Mismagius': 1, 'Miltank': 1, 'Blaziken': 1, 'Ampharos': 1}"
conversion257800,[Gen 4] UU,2,2,0,2018-12-11 01:11:50,2019-01-24 21:50:10,,,,"{'Milotic': 1, 'Hariyama': 1, 'Houndoom': 1, 'Rotom': 1, 'Registeel': 1, 'Venusaur': 1, 'Pinsir': 1, 'Medicham': 1, 'Typhlosion': 1, 'Poliwrath': 1, 'Skuntank': 1, 'Gardevoir': 1}"
conversion258314,[Gen 4] UU,1,0,1,2022-05-14 18:11:22,2022-05-14 18:11:22,,,,"{'Milotic': 1, 'Kangaskhan': 1, 'Aggron': 1, 'Qwilfish': 1, 'Spiritomb': 1, 'Arcanine': 1}"
conversion272363,[Gen 4] UU,1,1,0,2015-01-08 16:39:21,2015-01-08 16:39:21,,,,"{'Magmortar': 1, 'Sandslash': 1, 'Quagsire': 1, 'Hippopotas': 1, 'Lickilicky': 1, 'Cradily': 1}"
conversion47361,[Gen 4] UU,2,0,2,2015-07-20 22:39:52,2015-07-20 22:57:42,,,,"{'Tangrowth': 1, 'Mesprit': 1, 'Mismagius': 2, 'Rhyperior': 2, 'Clefable': 1, 'Donphan': 1, 'Moltres': 1, 'Qwilfish': 1, 'Spiritomb': 1, 'Blastoise': 1}"
conversion83767,[Gen 4] UU,6,4,2,2020-05-09 19:56:45,2020-05-10 13:57:24,,,,"{'Claydol': 3, 'Aggron': 4, 'Steelix': 4, 'Miltank': 3, 'Chansey': 3, 'Registeel': 6}"
copycat13064,[Gen 4] UU,5,2,3,2018-12-06 21:12:46,2019-02-09 00:28:01,,,,"{'Milotic': 5, 'Mesprit': 1, 'Rotom': 1, 'Blaziken': 1, 'Drapion': 1, 'Leafeon': 1, 'Hitmontop': 2, 'Chansey': 2, 'Spiritomb': 2, 'Registeel': 2, 'Hariyama': 2, 'Rhyperior': 2, 'Alakazam': 2, 'Houndoom': 2, 'Venusaur': 2, 'Moltres': 1}"
copycat80997,[Gen 4] UU,22,10,11,2016-12-19 02:10:51,2017-06-17 02:56:44,,,,"{'Gastrodon-East': 2, 'Poliwrath': 8, 'Cacturne': 3, 'Electabuzz': 14, 'Rhydon': 11, 'Golbat': 6, 'Glalie': 5, 'Monferno': 8, 'Rapidash': 4, 'Mr. Mime': 5, 'Victreebel': 6, 'Drifblim': 2, 'Gabite': 2, 'Metang': 2, 'Relicanth': 1, 'Misdreavus': 6, 'Zangoose': 1, 'Kadabra': 1, 'Sableye': 2, 'Roselia': 1, 'Armaldo': 8, 'Bellossom': 6, 'Pelipper': 6, 'Golduck': 3, 'Kecleon': 2, 'Muk': 2, 'Raichu': 4, 'Purugly': 1, 'Machoke': 1}"
corphish30125,[Gen 4] UU,1,0,1,2025-03-28 16:13:20,2025-03-28 16:13:20,,,,"{'Mismagius': 1, 'Qwilfish': 1, 'Lanturn': 1, 'Spiritomb': 1, 'Houndoom': 1}"
corphish45522,[Gen 4] UU,3,1,2,2024-03-29 18:25:50,2024-05-02 00:23:37,1236.0,1236.0,[1236.0],"{'Milotic': 1, 'Kangaskhan': 3, 'Claydol': 1, 'Spiritomb': 1, 'Clefable': 1, 'Leafeon': 1, 'Mismagius': 2, 'Hitmontop': 1, 'Houndoom': 1, 'Uxie': 2, 'Venusaur': 1}"
corphish53929,[Gen 4] UU,2,0,2,2017-01-15 20:19:59,2017-01-15 20:24:42,,,,"{'Drapion': 1, 'Azumarill': 2, 'Dugtrio': 2, 'Swellow': 1, 'Arcanine': 1, 'Venusaur': 1, 'Blaziken': 1, 'Rhyperior': 1, 'Uxie': 1, 'Leafeon': 1}"
corphish56783,[Gen 4] UU,6,3,3,2022-04-03 20:18:18,2023-10-27 19:22:30,,,,"{'Milotic': 5, 'Ludicolo': 1, 'Mismagius': 2, 'Registeel': 4, 'Houndoom': 2, 'Primeape': 3, 'Entei': 2, 'Hitmontop': 2, 'Nidoqueen': 2, 'Spiritomb': 2, 'Clefable': 3, 'Moltres': 1, 'Hitmonlee': 1, 'Venusaur': 1, 'Scyther': 1, 'Slowking': 1, 'Drapion': 1, 'Donphan': 1}"
corphish62862,[Gen 4] UU,1,0,1,2023-12-22 04:09:04,2023-12-22 04:09:04,,,,"{'Absol': 1, 'Mismagius': 1, 'Feraligatr': 1, 'Uxie': 1, 'Alakazam': 1, 'Leafeon': 1}"
corsola17919,[Gen 4] UU,1,0,1,2024-03-02 00:34:16,2024-03-02 00:34:16,1027.0,1027.0,[1027.0],"{'Tangrowth': 1, 'Toxicroak': 1, 'Gastrodon-East': 1, 'Chansey': 1, 'Arcanine': 1}"
corsola5431,[Gen 4] UU,1,1,0,2017-06-11 02:13:09,2017-06-11 02:13:09,,,,"{'Golduck': 1, 'Shedinja': 1, 'Armaldo': 1, 'Sneasel': 1, 'Muk': 1, 'Lickilicky': 1}"
corsola84396,[Gen 4] UU,1,0,1,2016-10-12 15:19:39,2016-10-12 15:19:39,,,,"{'Shiftry': 1, 'Charizard': 1, 'Gligar': 1, 'Sandslash': 1, 'Typhlosion': 1, 'Lickilicky': 1}"
cosmicpower32922,[Gen 4] UU,1,0,1,2020-01-09 12:13:16,2020-01-09 12:13:16,,,,"{'Milotic': 1, 'Mismagius': 1, 'Registeel': 1, 'Houndoom': 1, 'Primeape': 1, 'Venusaur': 1}"
cosmicpower36849,[Gen 4] UU,1,0,1,2020-03-28 13:45:46,2020-03-28 13:45:46,,,,"{'Moltres': 1, 'Toxicroak': 1, 'Feraligatr': 1, 'Uxie': 1, 'Venusaur': 1, 'Donphan': 1}"
cosmicpower41701,[Gen 4] UU,5,2,3,2018-06-23 02:18:49,2018-06-30 16:37:51,,,,"{'Altaria': 3, 'Lanturn': 5, 'Registeel': 5, 'Uxie': 5, 'Arcanine': 5, 'Venusaur': 5}"
cosmicpower90477,[Gen 4] UU,6,3,3,2016-01-31 17:33:21,2020-06-28 17:09:23,,,,"{'Registeel': 4, 'Uxie': 3, 'Kabutops': 5, 'Moltres': 2, 'Scyther': 2, 'Torterra': 2, 'Ludicolo': 2, 'Electrode': 2, 'Toxicroak': 2, 'Lanturn': 1, 'Milotic': 1, 'Absol': 1, 'Mismagius': 1, 'Steelix': 1, 'Venusaur': 1}"
cottonspore76848,[Gen 4] UU,2,0,2,2019-02-14 21:05:50,2019-03-31 17:07:14,,,,"{'Mismagius': 1, 'Sceptile': 1, 'Kabutops': 1, 'Registeel': 1, 'Arcanine': 1, 'Donphan': 1, 'Milotic': 1, 'Absol': 1, 'Rhyperior': 1, 'Alakazam': 1, 'Blaziken': 1, 'Venusaur': 1}"
cottonspore87511,[Gen 4] UU,1,1,0,2024-03-16 20:47:55,2024-03-16 20:47:55,1089.0,1089.0,[1089.0],"{'Donphan': 1, 'Spiritomb': 1, 'Venusaur': 1, 'Claydol': 1}"
cottonspore99914,[Gen 4] UU,2,1,1,2017-11-05 17:11:17,2017-11-16 20:36:42,,,,"{'Kadabra': 1, 'Monferno': 1, 'Probopass': 1, 'Gastrodon': 1, 'Misdreavus': 1, 'Golbat': 1, 'Slowbro': 1, 'Hitmontop': 1, 'Chansey': 1, 'Dugtrio': 1, 'Registeel': 1}"
counter17648,[Gen 4] UU,1,0,1,2024-03-02 14:05:48,2024-03-02 14:05:48,1033.0,1033.0,[1033.0],"{'Mesprit': 1, 'Kabutops': 1, 'Dugtrio': 1, 'Arcanine': 1, 'Swellow': 1, 'Leafeon': 1}"
counter47184,[Gen 4] UU,1,0,1,2023-12-22 21:36:19,2023-12-22 21:36:19,,,,"{'Mismagius': 1, 'Qwilfish': 1, 'Clefable': 1, 'Arcanine': 1, 'Alakazam': 1, 'Leafeon': 1}"
counter83255,[Gen 4] UU,9,4,5,2018-01-21 02:58:03,2020-03-11 23:53:27,,,,"{'Moltres': 4, 'Milotic': 3, 'Mesprit': 2, 'Mismagius': 2, 'Hitmontop': 4, 'Venusaur': 3, 'Scyther': 1, 'Sceptile': 2, 'Qwilfish': 2, 'Rotom': 2, 'Houndoom': 3, 'Donphan': 1, 'Torterra': 1, 'Dodrio': 1, 'Dugtrio': 2, 'Hitmonlee': 1, 'Feraligatr': 1, 'Ambipom': 2, 'Azumarill': 2, 'Steelix': 2, 'Blaziken': 1, 'Registeel': 3, 'Uxie': 1, 'Blastoise': 1, 'Leafeon': 2, 'Swellow': 1, 'Drapion': 1}"
crabhammer56609,[Gen 4] UU,1,0,1,2024-03-08 00:16:55,2024-03-08 00:16:55,1097.0,1097.0,[1097.0],"{'Milotic': 1, 'Blaziken': 1, 'Miltank': 1, 'Clefable': 1, 'Uxie': 1, 'Alakazam': 1}"
cradily23000,[Gen 4] UU,1,1,0,2016-08-20 15:40:06,2016-08-20 15:40:06,,,,"{'Scyther': 1, 'Milotic': 1, 'Sceptile': 1, 'Rhyperior': 1, 'Hitmontop': 1}"
cradily72862,[Gen 4] UU,1,1,0,2019-09-22 01:30:07,2019-09-22 01:30:07,,,,"{'Mismagius': 1, 'Omastar': 1, 'Magneton': 1, 'Houndoom': 1, 'Swellow': 1, 'Leafeon': 1}"
cradily80552,[Gen 4] UU,4,2,2,2016-06-09 23:30:22,2017-11-12 01:24:22,,,,"{'Camerupt': 2, 'Tauros': 2, 'Medicham': 2, 'Marowak': 2, 'Solrock': 2, 'Gardevoir': 2, 'Machoke': 1, 'Charizard': 1, 'Sandslash': 1, 'Jumpluff': 1, 'Whiscash': 1, 'Manectric': 1, 'Mesprit': 1, 'Kabutops': 1, 'Dugtrio': 1, 'Arcanine': 1, 'Swellow': 1, 'Leafeon': 1}"
cranidos23673,[Gen 4] UU,1,1,0,2018-02-17 18:56:46,2018-02-17 18:56:46,,,,"{'Moltres': 1, 'Rhyperior': 1, 'Kabutops': 1, 'Rotom': 1, 'Drapion': 1, 'Venusaur': 1}"
cranidos39753,[Gen 4] UU,1,0,1,2020-11-29 19:18:20,2020-11-29 19:18:20,,,,"{'Altaria': 1, 'Sceptile': 1, 'Toxicroak': 1, 'Kabutops': 1, 'Steelix': 1, 'Dugtrio': 1}"
cranidos52269,[Gen 4] UU,1,1,0,2019-11-07 21:24:28,2019-11-07 21:24:28,,,,"{'Snover': 1, 'Walrein': 1, 'Spiritomb': 1, 'Registeel': 1, 'Slowking': 1, 'Donphan': 1}"
cranidos66524,[Gen 4] UU,4,2,2,2020-07-12 19:11:52,2020-07-18 20:14:59,,,,"{'Mesprit': 1, 'Kabutops': 1, 'Dugtrio': 1, 'Arcanine': 1, 'Leafeon': 1, 'Absol': 1, 'Alakazam': 1, 'Clefable': 1, 'Blaziken': 1, 'Venusaur': 3, 'Milotic': 1, 'Mismagius': 2, 'Registeel': 1, 'Houndoom': 1, 'Primeape': 1, 'Moltres': 1, 'Hitmontop': 1, 'Toxicroak': 1, 'Uxie': 1}"
cranidos95818,[Gen 4] UU,15,7,8,2015-01-07 22:22:15,2020-09-06 05:49:49,,,,"{'Machoke': 3, 'Poliwrath': 5, 'Cacturne': 2, 'Rhydon': 4, 'Misdreavus': 5, 'Golbat': 4, 'Blaziken': 3, 'Regirock': 1, 'Uxie': 2, 'Drapion': 1, 'Venusaur': 1, 'Blastoise': 1, 'Mr. Mime': 2, 'Muk': 2, 'Sableye': 2, 'Lickilicky': 3, 'Kangaskhan': 1, 'Mismagius': 1, 'Omastar': 2, 'Spiritomb': 2, 'Alakazam': 2, 'Cloyster': 1, 'Hariyama': 1, 'Mesprit': 1, 'Rotom': 2, 'Arcanine': 2, 'Leafeon': 1, 'Lapras': 1, 'Vileplume': 1, 'Charizard': 2, 'Typhlosion': 1, 'Victreebel': 1, 'Persian': 1, 'Shiftry': 1, 'Gligar': 1, 'Sandslash': 1, 'Monferno': 2, 'Wartortle': 2, 'Piloswine': 2, 'Metang': 1, 'Roselia': 1, 'Milotic': 1, 'Entei': 1, 'Hitmontop': 1, 'Dugtrio': 1, 'Registeel': 1, 'Ursaring': 1, 'Swellow': 2, 'Absol': 1, 'Lanturn': 1, 'Ambipom': 1, 'Lairon': 1}"
cranidos9637,[Gen 4] UU,16,8,8,2019-06-15 16:53:10,2020-07-26 21:58:26,,,,"{'Kangaskhan': 5, 'Mismagius': 10, 'Omastar': 5, 'Spiritomb': 5, 'Blaziken': 9, 'Alakazam': 4, 'Altaria': 3, 'Scyther': 3, 'Torterra': 3, 'Steelix': 3, 'Rotom': 3, 'Blastoise': 3, 'Milotic': 2, 'Claydol': 1, 'Uxie': 7, 'Drapion': 5, 'Venusaur': 4, 'Kabutops': 4, 'Miltank': 4, 'Moltres': 2, 'Toxicroak': 1, 'Donphan': 1, 'Feraligatr': 1, 'Houndoom': 1, 'Registeel': 1, 'Primeape': 1}"
cresselia53222,[Gen 4] UU,1,0,1,2016-07-07 05:10:31,2016-07-07 05:10:31,,,,"{'Camerupt': 1, 'Golduck': 1, 'Banette': 1, 'Raticate': 1, 'Parasect': 1}"
croagunk23937,[Gen 4] UU,1,1,0,2017-07-06 19:01:30,2017-07-06 19:01:30,,,,"{'Armaldo': 1, 'Metang': 1, 'Purugly': 1, 'Gastrodon': 1, 'Articuno': 1}"
croagunk2829,[Gen 4] UU,1,0,1,2021-04-18 21:03:04,2021-04-18 21:03:04,,,,"{'Moltres': 1, 'Milotic': 1, 'Mismagius': 1, 'Registeel': 1, 'Drapion': 1, 'Donphan': 1}"
croagunk31377,[Gen 4] UU,1,0,1,2019-01-10 21:41:46,2019-01-10 21:41:46,,,,"{'Milotic': 1, 'Toxicroak': 1, 'Rhyperior': 1, 'Jynx': 1, 'Clefable': 1, 'Feraligatr': 1}"
croagunk71025,[Gen 4] UU,5,2,3,2016-09-22 03:48:50,2019-04-09 02:30:21,,,,"{'Omastar': 3, 'Rhyperior': 3, 'Hitmontop': 3, 'Dugtrio': 3, 'Uxie': 3, 'Venusaur': 3, 'Vileplume': 1, 'Charizard': 2, 'Sandslash': 1, 'Floatzel': 1, 'Skuntank': 1, 'Gardevoir': 1, 'Regirock': 1, 'Hitmonchan': 1, 'Sneasel': 1}"
croagunk72488,[Gen 4] UU,1,1,0,2020-07-02 14:10:23,2020-07-02 14:10:23,,,,"{'Feraligatr': 1, 'Absol': 1, 'Weezing': 1, 'Claydol': 1}"
croagunk83934,[Gen 4] UU,1,1,0,2025-02-24 18:34:24,2025-02-24 18:34:24,,,,"{'Absol': 1, 'Exeggutor': 1, 'Kangaskhan': 1, 'Chansey': 1, 'Houndoom': 1, 'Blastoise': 1}"
crobat10919,[Gen 4] UU,1,1,0,2018-04-17 13:20:03,2018-04-17 13:20:03,,,,"{'Charizard': 1, 'Aggron': 1, 'Entei': 1, 'Rotom': 1, 'Feraligatr': 1}"
crobat4692,[Gen 4] UU,3,0,3,2018-01-24 21:19:39,2021-09-04 18:20:28,,,,"{'Hariyama': 1, 'Tauros': 1, 'Azumarill': 1, 'Rotom': 2, 'Blaziken': 1, 'Venusaur': 3, 'Milotic': 1, 'Kangaskhan': 1, 'Dugtrio': 2, 'Uxie': 1, 'Scyther': 1, 'Electrode': 1, 'Houndoom': 1, 'Donphan': 1}"
crobat71085,[Gen 4] UU,1,1,0,2019-12-12 20:26:00,2019-12-12 20:26:00,,,,"{'Moltres': 1, 'Rhyperior': 1, 'Venusaur': 1, 'Steelix': 1, 'Ambipom': 1}"
crosschop14357,[Gen 4] UU,12,6,6,2022-06-15 15:39:12,2025-05-23 12:57:45,,,,"{'Hariyama': 1, 'Mismagius': 7, 'Entei': 3, 'Kabutops': 2, 'Registeel': 8, 'Milotic': 5, 'Alakazam': 1, 'Blaziken': 3, 'Venusaur': 6, 'Omastar': 1, 'Clefable': 2, 'Uxie': 2, 'Azumarill': 1, 'Houndoom': 2, 'Primeape': 1, 'Sharpedo': 1, 'Mesprit': 4, 'Toxicroak': 1, 'Blastoise': 1, 'Steelix': 1, 'Sableye': 1, 'Leafeon': 2, 'Moltres': 1, 'Rotom': 1, 'Donphan': 3, 'Sceptile': 1, 'Qwilfish': 1, 'Arcanine': 1, 'Swellow': 1, 'Feraligatr': 1, 'Torterra': 1, 'Regirock': 1, 'Glalie': 1}"
crosschop33466,[Gen 4] UU,3,2,1,2017-10-07 14:57:06,2020-03-24 02:50:45,1225.0,1225.0,[1225.0],"{'Mismagius': 3, 'Rhyperior': 1, 'Azumarill': 3, 'Steelix': 3, 'Venusaur': 3, 'Swellow': 3, 'Aggron': 1}"
crosspoison33015,[Gen 4] UU,1,0,1,2017-10-19 18:27:21,2017-10-19 18:27:21,,,,"{'Cloyster': 1, 'Milotic': 1, 'Mismagius': 1, 'Bastiodon': 1, 'Ambipom': 1, 'Blastoise': 1}"
crosspoison63759,[Gen 4] UU,1,1,0,2015-04-03 13:09:45,2015-04-03 13:09:45,,,,"{'Milotic': 1, 'Sceptile': 1, 'Qwilfish': 1, 'Registeel': 1, 'Rotom': 1, 'Houndoom': 1}"
crosspoison94515,[Gen 4] UU,10,6,4,2017-03-18 19:07:18,2018-02-17 23:37:52,,,,"{'Milotic': 9, 'Blaziken': 2, 'Rhyperior': 2, 'Registeel': 4, 'Uxie': 2, 'Venusaur': 6, 'Omastar': 4, 'Hitmontop': 4, 'Torterra': 4, 'Chansey': 4, 'Spiritomb': 4, 'Hariyama': 4, 'Qwilfish': 3, 'Rotom': 4, 'Tauros': 1, 'Azumarill': 1}"
crunch28146,[Gen 4] UU,3,0,3,2017-10-26 09:48:15,2017-11-06 02:17:18,,,,"{'Gorebyss': 1, 'Electrode': 2, 'Floatzel': 2, 'Hypno': 1, 'Lickilicky': 1, 'Probopass': 1, 'Vileplume': 1, 'Charizard': 1, 'Sandslash': 1, 'Skuntank': 1, 'Gardevoir': 1, 'Ludicolo': 1, 'Kabutops': 1, 'Dugtrio': 1, 'Registeel': 1, 'Uxie': 1}"
crunch79709,[Gen 4] UU,1,1,0,2018-08-14 04:41:21,2018-08-14 04:41:21,,,,"{'Milotic': 1, 'Absol': 1, 'Rhyperior': 1, 'Alakazam': 1, 'Blaziken': 1, 'Venusaur': 1}"
crunch8150,[Gen 4] UU,1,0,1,2016-10-08 12:54:25,2016-10-08 12:54:25,,,,"{'Vileplume': 1, 'Charizard': 1, 'Haunter': 1, 'Regirock': 1, 'Manectric': 1, 'Slowking': 1}"
crunch93929,[Gen 4] UU,6,4,2,2014-06-29 16:43:25,2014-06-29 18:12:42,,,,"{'Blaziken': 6, 'Mismagius': 6, 'Spiritomb': 6, 'Clefable': 6, 'Uxie': 6, 'Drapion': 6}"
crushclaw32149,[Gen 4] UU,2,2,0,2016-05-24 23:25:43,2016-05-24 23:36:39,,,,"{'Gligar': 2, 'Porygon2': 2, 'Magneton': 2, 'Golem': 2, 'Slowking': 2, 'Cradily': 2}"
crushgrip47521,[Gen 4] UU,1,1,0,2019-03-18 00:36:09,2019-03-18 00:36:09,,,,"{'Gligar': 1, 'Miltank': 1, 'Rotom': 1, 'Espeon': 1, 'Primeape': 1}"
crushgrip82607,[Gen 4] UU,1,0,1,2014-07-22 04:23:04,2014-07-22 04:23:04,,,,"{'Milotic': 1, 'Absol': 1, 'Aggron': 1, 'Alakazam': 1, 'Ampharos': 1, 'Blastoise': 1}"
cubone50656,[Gen 4] UU,3,1,2,2018-02-13 19:18:35,2018-02-13 19:32:31,,,,"{'Ludicolo': 1, 'Toxicroak': 2, 'Kabutops': 2, 'Dugtrio': 1, 'Registeel': 2, 'Uxie': 1, 'Moltres': 2, 'Milotic': 1, 'Hitmontop': 1, 'Drapion': 2, 'Venusaur': 1, 'Torterra': 1, 'Rotom': 1}"
cubone99931,[Gen 4] UU,2,1,1,2016-01-30 02:00:00,2016-04-15 02:15:22,,,,"{'Ludicolo': 1, 'Omastar': 2, 'Qwilfish': 1, 'Kabutops': 1, 'Lanturn': 1, 'Uxie': 1, 'Mismagius': 1, 'Aggron': 1, 'Blaziken': 1, 'Gardevoir': 1, 'Blastoise': 1}"
curse50670,[Gen 4] UU,4,1,3,2024-03-06 14:52:44,2024-03-28 17:38:33,1019.0,1151.0,"[1019.0, 1110.0, 1151.0]","{'Pinsir': 1, 'Aggron': 1, 'Azumarill': 1, 'Rotom': 1, 'Houndoom': 1, 'Venusaur': 1, 'Mismagius': 1, 'Qwilfish': 1, 'Clefable': 1, 'Arcanine': 3, 'Alakazam': 3, 'Leafeon': 1, 'Milotic': 2, 'Sceptile': 2, 'Weezing': 2, 'Ambipom': 2}"
curse59040,[Gen 4] UU,1,0,1,2015-03-21 22:24:10,2015-03-21 22:24:10,,,,"{'Milotic': 1, 'Mismagius': 1, 'Steelix': 1, 'Clefable': 1, 'Arcanine': 1, 'Venusaur': 1}"
curse5935,[Gen 4] UU,21,7,14,2019-08-27 20:49:07,2020-02-02 17:25:35,,,,"{'Voltorb': 1, 'Trapinch': 5, 'Kabuto': 5, 'Omanyte': 5, 'Munchlax': 4, 'Misdreavus': 14, 'Machop': 1, 'Cranidos': 1, 'Exeggcute': 1, 'Bronzor': 1, 'Yanma': 2, 'Sneasel': 4, 'Wartortle': 6, 'Golbat': 6, 'Staryu': 7, 'Porygon2': 1, 'Metang': 7, 'Haunter': 6, 'Pikachu': 1, 'Gligar': 3, 'Monferno': 6, 'Piloswine': 4, 'Gabite': 2, 'Tangela': 2, 'Snover': 1, 'Chinchou': 1, 'Sealeo': 1, 'Clamperl': 1, 'Machoke': 4, 'Electabuzz': 4, 'Magneton': 1, 'Chansey': 1, 'Vigoroth': 1, 'Dragonair': 1}"
curse693,[Gen 4] UU,4,2,2,2024-04-07 14:58:04,2024-05-24 20:10:55,,,,"{'Toxicroak': 1, 'Kabutops': 2, 'Dugtrio': 2, 'Registeel': 1, 'Uxie': 3, 'Blaziken': 1, 'Mismagius': 1, 'Miltank': 1, 'Drapion': 1, 'Cloyster': 1, 'Rhyperior': 1, 'Ambipom': 1, 'Spiritomb': 1, 'Houndoom': 1, 'Venusaur': 1, 'Rotom': 1, 'Alakazam': 1, 'Swellow': 1, 'Blastoise': 1}"
custapberry26463,[Gen 4] UU,5,3,2,2014-06-29 16:29:55,2014-06-29 18:02:51,,,,"{'Altaria': 4, 'Milotic': 5, 'Weezing': 5, 'Steelix': 5, 'Alakazam': 5, 'Spiritomb': 4}"
custapberry71278,[Gen 4] UU,45,22,23,2015-11-28 18:26:42,2020-07-14 20:21:29,,,,"{'Machoke': 3, 'Poliwrath': 6, 'Cacturne': 2, 'Rhydon': 3, 'Misdreavus': 5, 'Golbat': 2, 'Scyther': 4, 'Regirock': 8, 'Dugtrio': 4, 'Houndoom': 8, 'Blastoise': 7, 'Leafeon': 5, 'Charizard': 12, 'Vileplume': 3, 'Sandslash': 6, 'Medicham': 3, 'Slowking': 10, 'Relicanth': 3, 'Milotic': 7, 'Blaziken': 2, 'Torterra': 1, 'Rotom': 7, 'Registeel': 8, 'Uxie': 2, 'Moltres': 4, 'Swellow': 6, 'Politoed': 1, 'Meganium': 2, 'Typhlosion': 5, 'Glalie': 4, 'Grumpig': 5, 'Claydol': 3, 'Aggron': 3, 'Venusaur': 8, 'Donphan': 3, 'Hitmonchan': 8, 'Skuntank': 6, 'Whiscash': 1, 'Tauros': 2, 'Cradily': 8, 'Floatzel': 3, 'Electrode': 2, 'Hitmontop': 1, 'Steelix': 1, 'Gorebyss': 1, 'Gabite': 3, 'Mr. Mime': 2, 'Pelipper': 3, 'Muk': 3, 'Lickilicky': 2, 'Mesprit': 2, 'Rhyperior': 2, 'Drapion': 2, 'Magneton': 3, 'Dodrio': 1, 'Mismagius': 1, 'Qwilfish': 2, 'Drifblim': 4, 'Shiftry': 3, 'Piloswine': 1, 'Venomoth': 2, 'Magmortar': 1, 'Luxray': 1, 'Hariyama': 1, 'Rapidash': 2, 'Victreebel': 3, 'Metang': 2, 'Purugly': 1, 'Haunter': 1, 'Jynx': 1, 'Sharpedo': 1, 'Gardevoir': 1, 'Lanturn': 1, 'Spiritomb': 1, 'Persian': 2, 'Manectric': 1, 'Tangrowth': 1, 'Kabutops': 1, 'Azumarill': 1}"
custapberry72771,[Gen 4] UU,1,1,0,2014-06-29 14:41:17,2014-06-29 14:41:17,,,,"{'Mismagius': 1, 'Slowbro': 1, 'Hitmontop': 1, 'Rhyperior': 1, 'Blaziken': 1, 'Venusaur': 1}"
cut34427,[Gen 4] UU,1,1,0,2019-04-12 00:43:11,2019-04-12 00:43:11,,,,"{'Moltres': 1, 'Absol': 1, 'Claydol': 1, 'Azumarill': 1, 'Lanturn': 1, 'Ambipom': 1}"
cut51831,[Gen 4] UU,2,0,2,2018-11-24 18:35:40,2019-07-14 18:13:06,,,,"{'Moltres': 1, 'Mismagius': 1, 'Qwilfish': 1, 'Rhyperior': 1, 'Spiritomb': 1, 'Omastar': 1, 'Rotom': 1, 'Blaziken': 1, 'Alakazam': 1, 'Leafeon': 1}"
cut57950,[Gen 4] UU,4,2,2,2016-05-28 13:59:17,2016-06-08 22:24:56,,,,"{'Tauros': 1, 'Porygon2': 1, 'Electrode': 2, 'Regirock': 1, 'Slowking': 3, 'Gardevoir': 1, 'Charizard': 3, 'Gligar': 1, 'Hitmonchan': 3, 'Skuntank': 3, 'Piloswine': 2, 'Sandslash': 1, 'Poliwrath': 1}"
cut97570,[Gen 4] UU,1,0,1,2015-04-03 19:31:13,2015-04-03 19:31:13,,,,"{'Moltres': 1, 'Mismagius': 1, 'Qwilfish': 1, 'Rhyperior': 1, 'Spiritomb': 1, 'Blastoise': 1}"
cutecharm14534,[Gen 4] UU,1,1,0,2016-10-07 19:17:05,2016-10-07 19:17:05,,,,"{'Charizard': 1, 'Vileplume': 1, 'Sandslash': 1, 'Floatzel': 1, 'Skuntank': 1}"
cutecharm72527,[Gen 4] UU,3,0,3,2020-04-20 17:40:23,2020-08-16 22:02:49,,,,"{'Gligar': 1, 'Tauros': 2, 'Medicham': 1, 'Magneton': 1, 'Hitmonchan': 1, 'Hypno': 1, 'Registeel': 1, 'Kabutops': 1, 'Mismagius': 1, 'Sceptile': 1, 'Charizard': 1, 'Sandslash': 1, 'Poliwrath': 1, 'Jumpluff': 1, 'Grumpig': 1}"
cutecharm74777,[Gen 4] UU,1,0,1,2017-10-13 00:59:06,2017-10-13 00:59:06,,,,"{'Charizard': 1, 'Porygon2': 1, 'Marowak': 1, 'Solrock': 1, 'Slowking': 1, 'Gardevoir': 1}"
damp79184,[Gen 4] UU,1,0,1,2014-08-16 14:53:41,2014-08-16 14:53:41,,,,"{'Scyther': 1, 'Milotic': 1, 'Mesprit': 1, 'Spiritomb': 1, 'Registeel': 1, 'Arcanine': 1}"
damprock2390,[Gen 4] UU,5,5,0,2017-08-18 22:46:37,2024-03-08 00:16:55,1000.0,1097.0,"[1065.0, 1000.0, 1097.0]","{'Moltres': 2, 'Skuntank': 1, 'Clefable': 1, 'Slowking': 1, 'Donphan': 1, 'Milotic': 1, 'Claydol': 1, 'Sceptile': 2, 'Chansey': 1, 'Spiritomb': 3, 'Registeel': 1, 'Blaziken': 3, 'Rhyperior': 2, 'Scyther': 1, 'Ambipom': 1, 'Blastoise': 1, 'Kangaskhan': 1, 'Mismagius': 1, 'Omastar': 1}"
dark2176,[Gen 4] UU,7,3,4,2024-02-03 00:51:14,2024-05-04 22:50:16,,,,"{'Pinsir': 2, 'Torterra': 3, 'Kabutops': 2, 'Hitmonlee': 2, 'Houndoom': 2, 'Uxie': 2, 'Cloyster': 2, 'Claydol': 3, 'Sceptile': 2, 'Lanturn': 2, 'Arcanine': 2, 'Golbat': 3, 'Hariyama': 1, 'Miltank': 1, 'Registeel': 1, 'Roselia': 1, 'Grumpig': 1, 'Venusaur': 2, 'Swellow': 1, 'Feraligatr': 1, 'Probopass': 1, 'Ambipom': 1, 'Omastar': 1, 'Spiritomb': 1, 'Blaziken': 1}"
dark7204,[Gen 4] UU,2,0,2,2022-03-12 10:36:29,2022-03-12 10:39:19,,,,"{'Qwilfish': 1, 'Spiritomb': 1, 'Uxie': 1, 'Arcanine': 1, 'Venusaur': 1, 'Donphan': 2, 'Moltres': 1, 'Scyther': 1, 'Milotic': 1, 'Omastar': 1, 'Blastoise': 1}"
dark74646,[Gen 4] UU,8,4,4,2024-03-03 09:33:33,2024-03-23 07:07:46,1000.0,1137.0,"[1000.0, 1029.0, 1030.0, 1057.0, 1137.0, 1000.0, 1104.0, 1024.0]","{'Pinsir': 1, 'Aggron': 1, 'Azumarill': 1, 'Rotom': 2, 'Venusaur': 1, 'Armaldo': 2, 'Ambipom': 4, 'Altaria': 2, 'Mawile': 2, 'Slowking': 2, 'Arcanine': 2, 'Glalie': 2, 'Donphan': 2, 'Rhyperior': 2, 'Mantine': 2, 'Registeel': 1, 'Camerupt': 1, 'Exeggutor': 1, 'Slowbro': 1, 'Gastrodon-East': 1, 'Solrock': 1, 'Lickilicky': 1, 'Lanturn': 1}"
dark77821,[Gen 4] UU,3,1,2,2020-05-11 21:34:03,2021-01-16 16:41:21,,,,"{'Milotic': 3, 'Hariyama': 3, 'Qwilfish': 3, 'Rotom': 2, 'Registeel': 3, 'Venusaur': 3}"
darkrai10349,[Gen 4] UU,4,3,1,2016-07-07 00:20:37,2016-08-06 03:49:02,,,,"{'Lunatone': 3, 'Banette': 3, 'Kecleon': 3, 'Pinsir': 2, 'Marowak': 2, 'Clamperl': 3, 'Moltres': 1, 'Scyther': 1, 'Sceptile': 1, 'Azumarill': 1, 'Drapion': 1, 'Donphan': 1}"
darkvoid22362,[Gen 4] UU,1,0,1,2024-03-21 19:03:34,2024-03-21 19:03:34,1000.0,1000.0,[1000.0],"{'Shedinja': 1, 'Luxray': 1, 'Rhyperior': 1, 'Rattata': 1}"
darkvoid39103,[Gen 4] UU,19,7,12,2017-05-19 21:09:59,2023-03-18 17:28:50,,,,"{'Qwilfish': 3, 'Torterra': 8, 'Rotom': 11, 'Registeel': 7, 'Blaziken': 4, 'Ambipom': 3, 'Kangaskhan': 5, 'Omastar': 6, 'Feraligatr': 7, 'Manectric': 5, 'Swellow': 6, 'Cloyster': 3, 'Regirock': 3, 'Drapion': 3, 'Alakazam': 3, 'Milotic': 4, 'Aggron': 2, 'Electrode': 2, 'Uxie': 4, 'Primeape': 2, 'Dugtrio': 3, 'Mesprit': 3, 'Mismagius': 4, 'Sceptile': 3, 'Absol': 1, 'Miltank': 1, 'Venusaur': 1, 'Toxicroak': 1, 'Donphan': 2, 'Moltres': 1, 'Clefable': 1}"
darkvoid41413,[Gen 4] UU,2,1,1,2017-10-18 00:10:47,2017-10-18 00:15:29,,,,"{'Venomoth': 1, 'Shiftry': 1, 'Charizard': 2, 'Tauros': 1, 'Hitmonchan': 2, 'Drifblim': 1, 'Magmortar': 1, 'Regirock': 1, 'Slowking': 1}"
darkvoid68193,[Gen 4] UU,2,0,2,2015-01-21 08:35:46,2015-02-01 13:00:20,,,,"{'Shiftry': 2, 'Tauros': 2, 'Typhlosion': 2, 'Regirock': 2, 'Victreebel': 2, 'Drifblim': 2}"
ddenpowerdark55196,[Gen 4] UU,1,1,0,2016-04-15 22:10:13,2016-04-15 22:10:13,,,,"{'Tauros': 1, 'Typhlosion': 1, 'Regirock': 1, 'Hitmonchan': 1, 'Slowking': 1, 'Lickilicky': 1}"
ddenpowerdark96544,[Gen 4] UU,1,0,1,2015-06-16 19:48:53,2015-06-16 19:48:53,,,,"{'Moltres': 1, 'Milotic': 1, 'Toxicroak': 1, 'Torterra': 1, 'Rotom': 1, 'Donphan': 1}"
ddenpowerfire72364,[Gen 4] UU,1,1,0,2016-10-10 16:57:20,2016-10-10 16:57:20,,,,"{'Drapion': 1, 'Toxicroak': 1, 'Torterra': 1, 'Azumarill': 1, 'Arcanine': 1, 'Alakazam': 1}"
ddenpowerrock56894,[Gen 4] UU,1,0,1,2016-01-16 03:23:38,2016-01-16 03:23:38,,,,"{'Scyther': 1, 'Rotom': 1, 'Lanturn': 1, 'Arcanine': 1, 'Venusaur': 1, 'Donphan': 1}"
ddenpowersteel5700,[Gen 4] UU,5,4,1,2024-03-11 21:43:37,2025-05-12 01:11:20,,,,"{'Rhyperior': 2, 'Feraligatr': 1, 'Houndoom': 4, 'Uxie': 3, 'Primeape': 1, 'Venusaur': 2, 'Scyther': 2, 'Omastar': 2, 'Toxicroak': 2, 'Torterra': 2, 'Kabutops': 2, 'Slowbro': 1, 'Clefable': 1, 'Registeel': 2, 'Tangrowth': 1, 'Medicham': 1, 'Azumarill': 1}"
ddenpowerwater1027,[Gen 4] UU,1,1,0,2018-09-29 23:03:40,2018-09-29 23:03:40,,,,"{'Ursaring': 1, 'Mismagius': 1, 'Ambipom': 1, 'Venusaur': 1, 'Donphan': 1}"
deepseascale75372,[Gen 4] UU,9,4,5,2016-05-29 15:36:54,2017-10-25 23:34:49,,,,"{'Sharpedo': 2, 'Machoke': 2, 'Vileplume': 1, 'Charizard': 4, 'Sandslash': 3, 'Gardevoir': 2, 'Skuntank': 1, 'Slowking': 5, 'Nidoqueen': 3, 'Haunter': 2, 'Tauros': 3, 'Floatzel': 1, 'Hitmonchan': 3, 'Muk': 2, 'Politoed': 1, 'Manectric': 1, 'Glalie': 2, 'Cradily': 1, 'Magneton': 1, 'Regirock': 1, 'Crawdaunt': 1, 'Medicham': 1, 'Cloyster': 1, 'Mismagius': 1, 'Sceptile': 1, 'Aggron': 1, 'Houndoom': 1, 'Primeape': 1}"
deepseascale78002,[Gen 4] UU,1,0,1,2018-09-11 22:23:13,2018-09-11 22:23:13,,,,"{'Scyther': 1, 'Milotic': 1, 'Altaria': 1, 'Sceptile': 1, 'Hitmontop': 1, 'Rhyperior': 1}"
deepseatooth21329,[Gen 4] UU,5,1,4,2015-05-10 03:01:00,2015-05-10 03:32:20,,,,"{'Milotic': 1, 'Mismagius': 2, 'Hitmontop': 1, 'Uxie': 1, 'Arcanine': 3, 'Venusaur': 2, 'Mesprit': 1, 'Rhyperior': 1, 'Poliwrath': 2, 'Blaziken': 1, 'Snover': 1, 'Nidoqueen': 1, 'Hitmonchan': 1, 'Walrein': 1, 'Hypno': 1, 'Lickilicky': 1, 'Claydol': 1, 'Sceptile': 1, 'Spiritomb': 2, 'Shuckle': 1, 'Absol': 1, 'Lanturn': 1, 'Swellow': 1, 'Ambipom': 1}"
deepseatooth64025,[Gen 4] UU,5,2,3,2017-10-31 01:37:30,2020-12-06 03:47:13,,,,"{'Moltres': 1, 'Milotic': 2, 'Hitmontop': 2, 'Registeel': 3, 'Drapion': 1, 'Venusaur': 3, 'Scyther': 1, 'Kangaskhan': 1, 'Donphan': 1, 'Ludicolo': 1, 'Toxicroak': 1, 'Kabutops': 1, 'Dugtrio': 1, 'Uxie': 2, 'Omastar': 1, 'Spiritomb': 1, 'Clefable': 1, 'Arcanine': 1, 'Mismagius': 1, 'Miltank': 1, 'Houndoom': 1, 'Primeape': 1}"
defensecurl60999,[Gen 4] UU,1,0,1,2016-01-07 06:04:30,2016-01-07 06:04:30,1000.0,1000.0,[1000.0],"{'Milotic': 1, 'Ludicolo': 1, 'Torterra': 1, 'Kabutops': 1, 'Registeel': 1, 'Ambipom': 1}"
defensecurl742,[Gen 4] UU,4,0,4,2024-03-28 22:35:57,2024-03-30 01:24:54,1000.0,1080.0,"[1000.0, 1062.0, 1009.0, 1080.0]","{'Mismagius': 4, 'Nidoking': 3, 'Rhyperior': 2, 'Blaziken': 2, 'Venusaur': 3, 'Blastoise': 4, 'Alakazam': 2, 'Charizard': 1, 'Tangrowth': 1, 'Magmortar': 1, 'Arcanine': 1}"
defensecurl95816,[Gen 4] UU,11,4,7,2016-06-09 23:30:22,2021-09-26 14:56:58,,,,"{'Kangaskhan': 3, 'Mismagius': 2, 'Omastar': 3, 'Spiritomb': 10, 'Blaziken': 3, 'Alakazam': 3, 'Moltres': 8, 'Milotic': 7, 'Toxicroak': 8, 'Swellow': 8, 'Donphan': 8}"
defensecurl99928,[Gen 4] UU,3,1,2,2024-03-11 08:00:11,2024-03-14 03:26:51,1017.0,1051.0,"[1051.0, 1017.0, 1051.0]","{'Magmortar': 2, 'Exeggutor': 2, 'Pinsir': 2, 'Aggron': 2, 'Hitmontop': 1, 'Blastoise': 2, 'Moltres': 1, 'Absol': 1, 'Claydol': 1, 'Rhyperior': 1, 'Hypno': 1, 'Venusaur': 1, 'Drapion': 1}"
defog70166,[Gen 4] UU,2,0,2,2020-06-15 13:53:48,2020-08-03 13:44:10,,,,"{'Monferno': 2, 'Wartortle': 2, 'Piloswine': 2, 'Metang': 2, 'Roselia': 1, 'Misdreavus': 2, 'Grovyle': 1}"
delcatty31981,[Gen 4] UU,2,0,2,2017-06-20 03:00:42,2018-05-28 23:01:48,,,,"{'Butterfree': 1, 'Octillery': 1, 'Golem': 1, 'Pikachu': 2, 'Furret': 1, 'Beedrill': 1, 'Exeggutor': 1, 'Azumarill': 1, 'Dugtrio': 1, 'Houndoom': 1, 'Alakazam': 1}"
delcatty70127,[Gen 4] UU,8,8,0,2024-03-24 03:09:17,2024-03-28 22:35:57,1000.0,1167.0,"[1000.0, 1077.0, 1111.0, 1018.0, 1137.0, 1048.0, 1167.0, 1000.0]","{'Parasect': 3, 'Uxie': 3, 'Floatzel': 3, 'Ludicolo': 3, 'Entei': 4, 'Toxicroak': 4, 'Beedrill': 4, 'Blastoise': 4, 'Steelix': 2, 'Dugtrio': 2, 'Nidoking': 2, 'Lanturn': 2, 'Ursaring': 1, 'Snover': 1, 'Absol': 1, 'Claydol': 1, 'Castform': 1, 'Spiritomb': 1}"
delcatty94013,[Gen 4] UU,4,3,1,2024-03-15 04:52:09,2024-03-15 05:23:04,1000.0,1150.0,"[1000.0, 1150.0, 1061.0, 1049.0]","{'Absol': 4, 'Blastoise': 2, 'Uxie': 2, 'Primeape': 2, 'Dugtrio': 3, 'Sceptile': 2}"
delibird24244,[Gen 4] UU,1,1,0,2020-07-02 14:24:48,2020-07-02 14:24:48,,,,"{'Moltres': 1, 'Absol': 1, 'Hitmontop': 1, 'Torterra': 1, 'Rotom': 1, 'Alakazam': 1}"
denpowerghost11415,[Gen 4] UU,1,0,1,2018-03-05 21:02:30,2018-03-05 21:02:30,1058.0,1058.0,[1058.0],"{'Milotic': 1, 'Absol': 1, 'Exeggutor': 1, 'Mismagius': 1, 'Miltank': 1, 'Arcanine': 1}"
denpowerghost14672,[Gen 4] UU,1,1,0,2017-05-07 17:32:26,2017-05-07 17:32:26,,,,"{'Mesprit': 1, 'Mismagius': 1, 'Sceptile': 1, 'Registeel': 1, 'Dugtrio': 1, 'Feraligatr': 1}"
denpowerghost29183,[Gen 4] UU,1,1,0,2019-09-08 11:06:46,2019-09-08 11:06:46,,,,"{'Moltres': 1, 'Toxicroak': 1, 'Feraligatr': 1, 'Uxie': 1, 'Venusaur': 1, 'Donphan': 1}"
denpowerghost49164,[Gen 4] UU,1,0,1,2020-07-11 09:26:09,2020-07-11 09:26:09,,,,"{'Milotic': 1, 'Mismagius': 1, 'Houndoom': 1, 'Registeel': 1, 'Primeape': 1, 'Venusaur': 1}"
denpowerghost85956,[Gen 4] UU,40,24,16,2016-01-17 18:02:08,2022-10-09 20:25:25,,,,"{'Moltres': 15, 'Snover': 8, 'Jynx': 8, 'Dugtrio': 13, 'Spiritomb': 8, 'Blastoise': 11, 'Scyther': 5, 'Milotic': 14, 'Toxicroak': 7, 'Donphan': 13, 'Registeel': 13, 'Primeape': 5, 'Mesprit': 6, 'Steelix': 4, 'Clefable': 7, 'Venusaur': 14, 'Omastar': 3, 'Rotom': 10, 'Houndoom': 8, 'Swellow': 3, 'Blaziken': 1, 'Mismagius': 2, 'Rhyperior': 1, 'Uxie': 2, 'Drapion': 4, 'Torterra': 6, 'Kabutops': 8, 'Poliwrath': 2, 'Ambipom': 3, 'Sceptile': 3, 'Qwilfish': 3, 'Exeggutor': 2, 'Ludicolo': 3, 'Azumarill': 1, 'Arcanine': 1, 'Absol': 1, 'Hitmontop': 1, 'Nidoqueen': 1, 'Kangaskhan': 2, 'Slowking': 2, 'Aggron': 1, 'Entei': 1}"
denpowergrass65615,[Gen 4] UU,3,2,1,2023-08-27 17:00:42,2023-08-27 17:20:46,,,,"{'Moltres': 1, 'Registeel': 1, 'Dugtrio': 1, 'Houndoom': 2, 'Venusaur': 2, 'Blastoise': 1, 'Mismagius': 1, 'Qwilfish': 1, 'Steelix': 1, 'Arcanine': 1, 'Leafeon': 1, 'Toxicroak': 1, 'Regirock': 1, 'Alakazam': 1}"
denpowergrass68368,[Gen 4] UU,1,0,1,2016-04-11 01:33:16,2016-04-11 01:33:16,,,,"{'Moltres': 1, 'Scyther': 1, 'Dugtrio': 1, 'Registeel': 1, 'Venusaur': 1, 'Blastoise': 1}"
denpowergrass70700,[Gen 4] UU,1,0,1,2020-03-20 00:15:22,2020-03-20 00:15:22,,,,"{'Registeel': 1, 'Donphan': 1, 'Mismagius': 1, 'Sceptile': 1}"
denpowergrass83362,[Gen 4] UU,9,8,1,2020-03-20 00:06:34,2020-07-13 23:38:54,,,,"{'Toxicroak': 7, 'Kabutops': 8, 'Dugtrio': 9, 'Registeel': 8, 'Uxie': 9, 'Ludicolo': 8}"
denpowersteel79771,[Gen 4] UU,4,1,3,2017-11-04 16:03:47,2024-03-20 18:52:56,1127.0,1127.0,[1127.0],"{'Scyther': 1, 'Dugtrio': 1, 'Spiritomb': 1, 'Registeel': 1, 'Venusaur': 1, 'Blastoise': 1, 'Moltres': 1, 'Milotic': 1, 'Mismagius': 1, 'Hitmontop': 1, 'Steelix': 1, 'Uxie': 1, 'Regigigas': 1, 'Gastrodon': 1, 'Misdreavus': 1, 'Articuno': 1, 'Tauros': 1, 'Haunter': 1, 'Regirock': 1, 'Jynx': 1, 'Manectric': 1, 'Slowking': 1}"
denpowersteel85750,[Gen 4] UU,39,18,21,2015-11-27 21:44:56,2023-09-10 20:00:00,,,,"{'Marshtomp': 1, 'Kadabra': 1, 'Roselia': 3, 'Misdreavus': 3, 'Golbat': 5, 'Milotic': 9, 'Mesprit': 2, 'Dugtrio': 8, 'Registeel': 8, 'Swellow': 4, 'Leafeon': 6, 'Scyther': 1, 'Kabutops': 12, 'Seadra': 3, 'Staryu': 1, 'Gligar': 3, 'Metang': 5, 'Grovyle': 1, 'Cloyster': 4, 'Rotom': 5, 'Spiritomb': 5, 'Blaziken': 6, 'Arcanine': 6, 'Mismagius': 9, 'Qwilfish': 5, 'Clefable': 7, 'Uxie': 12, 'Venusaur': 9, 'Nidoking': 3, 'Houndoom': 4, 'Blastoise': 3, 'Kangaskhan': 1, 'Omastar': 2, 'Chansey': 1, 'Wartortle': 1, 'Murkrow': 1, 'Diglett': 1, 'Ambipom': 1, 'Onix': 1, 'Croconaw': 1, 'Absol': 2, 'Sceptile': 2, 'Entei': 4, 'Feraligatr': 3, 'Aggron': 5, 'Hitmonlee': 6, 'Toxicroak': 1, 'Claydol': 1, 'Rhyperior': 2, 'Skuntank': 2, 'Monferno': 2, 'Ludicolo': 1, 'Electrode': 1, 'Voltorb': 1, 'Lombre': 1, 'Buizel': 1, 'Charizard': 1, 'Hitmonchan': 1, 'Piloswine': 2, 'Slowking': 3, 'Exeggutor': 1, 'Drapion': 1, 'Primeape': 2, 'Steelix': 1, 'Vigoroth': 1, 'Weezing': 2, 'Hippopotas': 2, 'Cradily': 2, 'Altaria': 1, 'Hitmontop': 1, 'Alakazam': 1}"
deoxys54946,[Gen 4] UU,1,0,1,2015-09-17 08:05:04,2015-09-17 08:05:04,,,,"{'Slowbro': 1, 'Azumarill': 1, 'Sneasel': 1, 'Chansey': 1, 'Dugtrio': 1, 'Electabuzz': 1}"
deoxys89017,[Gen 4] UU,5,3,2,2015-03-21 23:04:06,2016-02-21 01:05:00,,,,"{'Mismagius': 5, 'Qwilfish': 3, 'Torterra': 3, 'Clefable': 3, 'Registeel': 5, 'Arcanine': 5, 'Milotic': 2, 'Hitmontop': 2, 'Venusaur': 2}"
deoxys96917,[Gen 4] UU,1,0,1,2018-11-04 19:33:22,2018-11-04 19:33:22,,,,"{'Ludicolo': 1, 'Toxicroak': 1, 'Kabutops': 1, 'Dugtrio': 1, 'Registeel': 1, 'Uxie': 1}"
deoxysattack76542,[Gen 4] UU,1,1,0,2020-08-06 19:56:36,2020-08-06 19:56:36,,,,"{'Milotic': 1, 'Sceptile': 1, 'Hitmontop': 1, 'Registeel': 1, 'Blaziken': 1, 'Swellow': 1}"
deoxysattack78714,[Gen 4] UU,2,0,2,2020-08-16 22:22:29,2020-08-29 02:15:02,,,,"{'Milotic': 2, 'Mismagius': 2, 'Raikou': 2, 'Dugtrio': 2, 'Arcanine': 2, 'Venusaur': 2}"
deoxysdefense56537,[Gen 4] UU,2,0,2,2020-03-06 11:09:40,2020-03-08 11:45:24,1131.0,1146.0,"[1131.0, 1146.0]","{'Scyther': 1, 'Milotic': 1, 'Tangrowth': 1, 'Claydol': 1, 'Blaziken': 1, 'Drapion': 1, 'Ursaring': 1, 'Cloyster': 1, 'Rhyperior': 1, 'Hitmontop': 1, 'Spiritomb': 1, 'Uxie': 1}"
deoxysdefense88995,[Gen 4] UU,2,1,1,2019-01-10 21:41:46,2019-01-20 18:53:39,,,,"{'Scyther': 1, 'Milotic': 1, 'Altaria': 1, 'Sceptile': 1, 'Hitmontop': 1, 'Rhyperior': 1, 'Ursaring': 1, 'Omastar': 1, 'Rotom': 1, 'Swellow': 1, 'Blaziken': 1, 'Alakazam': 1}"
deoxysdefense96299,[Gen 4] UU,4,3,1,2019-07-24 01:48:02,2020-02-26 02:20:01,,,,"{'Scyther': 2, 'Torterra': 2, 'Steelix': 2, 'Rotom': 2, 'Blastoise': 2, 'Rhyperior': 1, 'Hitmontop': 1, 'Houndoom': 2, 'Uxie': 2, 'Venusaur': 1, 'Altaria': 1, 'Hariyama': 1, 'Mismagius': 1, 'Qwilfish': 1, 'Lanturn': 1}"
deoxysspeed18978,[Gen 4] UU,21,14,7,2017-05-21 18:48:09,2023-06-11 14:30:06,,,,"{'Scyther': 4, 'Houndoom': 6, 'Toxicroak': 1, 'Torterra': 1, 'Kabutops': 5, 'Registeel': 8, 'Hariyama': 1, 'Sceptile': 3, 'Rotom': 5, 'Uxie': 7, 'Milotic': 6, 'Omastar': 2, 'Hitmontop': 5, 'Spiritomb': 5, 'Clefable': 4, 'Arcanine': 2, 'Rhyperior': 3, 'Venusaur': 8, 'Skuntank': 1, 'Swellow': 1, 'Xatu': 1, 'Blaziken': 2, 'Donphan': 8, 'Mesprit': 2, 'Lanturn': 2, 'Ludicolo': 1, 'Qwilfish': 2, 'Electrode': 1, 'Mismagius': 4, 'Primeape': 2, 'Snover': 3, 'Slowking': 1, 'Moltres': 3, 'Dugtrio': 2, 'Blastoise': 3, 'Articuno': 1, 'Jynx': 1, 'Alakazam': 1, 'Entei': 1, 'Drapion': 1, 'Leafeon': 1}"
deoxysspeed61498,[Gen 4] UU,2,0,2,2016-06-03 21:56:23,2016-06-03 22:08:38,,,,"{'Lapras': 1, 'Vileplume': 1, 'Charizard': 1, 'Hitmonchan': 1, 'Regirock': 1, 'Sneasel': 1, 'Sharpedo': 1, 'Gligar': 1, 'Tauros': 1, 'Medicham': 1, 'Haunter': 1, 'Skuntank': 1}"
deoxysspeed62981,[Gen 4] UU,1,0,1,2020-03-09 00:12:59,2020-03-09 00:12:59,,,,"{'Tangrowth': 1, 'Ludicolo': 1, 'Toxicroak': 1, 'Chansey': 1, 'Clefable': 1, 'Houndoom': 1}"
destinybond12695,[Gen 4] UU,2,2,0,2019-07-25 16:21:55,2019-07-25 16:29:16,,,,"{'Milotic': 2, 'Blaziken': 1, 'Sceptile': 1, 'Registeel': 2, 'Uxie': 1, 'Drapion': 1, 'Mesprit': 1, 'Mismagius': 1, 'Ambipom': 1, 'Leafeon': 1}"
destinybond78627,[Gen 4] UU,7,5,2,2016-12-31 22:42:00,2017-02-05 16:57:09,,,,"{'Claydol': 4, 'Entei': 4, 'Steelix': 3, 'Spiritomb': 5, 'Blastoise': 5, 'Scyther': 1, 'Sceptile': 1, 'Qwilfish': 2, 'Rotom': 2, 'Houndoom': 2, 'Donphan': 1, 'Clefable': 3, 'Omastar': 1, 'Kabutops': 1, 'Swellow': 1, 'Venusaur': 1, 'Registeel': 1, 'Moltres': 1}"
destinybond80440,[Gen 4] UU,2,1,1,2021-12-13 01:47:48,2021-12-19 09:11:57,,,,"{'Mismagius': 1, 'Houndoom': 1, 'Rhyperior': 2, 'Feraligatr': 1, 'Venusaur': 1, 'Donphan': 1, 'Kangaskhan': 1, 'Sceptile': 1, 'Qwilfish': 1, 'Rotom': 1, 'Registeel': 1}"
destinybond95414,[Gen 4] UU,1,1,0,2016-06-05 17:51:02,2016-06-05 17:51:02,,,,"{'Milotic': 1, 'Toxicroak': 1, 'Rhyperior': 1, 'Jynx': 1, 'Clefable': 1, 'Feraligatr': 1}"
destinyknot91112,[Gen 4] UU,1,1,0,2019-12-12 12:43:30,2019-12-12 12:43:30,,,,"{'Lopunny': 1, 'Meowth': 1, 'Alakazam': 1, 'Blaziken': 1, 'Ambipom': 1, 'Articuno': 1}"
destinyknot99999,[Gen 4] UU,11,4,7,2016-12-25 22:01:46,2017-01-01 19:51:12,,,,"{'Moltres': 1, 'Qwilfish': 1, 'Electrode': 1, 'Spiritomb': 1, 'Swellow': 1, 'Donphan': 1, 'Houndoom': 2, 'Omastar': 2, 'Steelix': 1, 'Slowking': 2, 'Drapion': 1, 'Venusaur': 1, 'Jynx': 2, 'Milotic': 3, 'Toxicroak': 4, 'Ursaring': 1, 'Aggron': 1, 'Torterra': 2, 'Altaria': 1, 'Exeggutor': 1, 'Mismagius': 2, 'Dugtrio': 2, 'Registeel': 3, 'Snover': 1, 'Hitmontop': 1, 'Nidoqueen': 1, 'Walrein': 1, 'Chansey': 1, 'Arcanine': 2, 'Mesprit': 1, 'Leafeon': 1, 'Alakazam': 1, 'Rhyperior': 1, 'Clefable': 1, 'Feraligatr': 1}"
detect15932,[Gen 4] UU,1,0,1,2016-10-01 17:54:43,2016-10-01 17:54:43,,,,"{'Absol': 1, 'Ninetales': 1, 'Claydol': 1, 'Poliwrath': 1, 'Lanturn': 1, 'Swellow': 1}"
detect95311,[Gen 4] UU,1,1,0,2024-03-13 02:42:12,2024-03-13 02:42:12,1012.0,1012.0,[1012.0],"{'Slowbro': 1, 'Hitmontop': 1, 'Weezing': 1, 'Chansey': 1, 'Houndoom': 1}"
dewgong18629,[Gen 4] UU,2,2,0,2017-01-15 21:29:22,2017-01-15 21:39:34,,,,"{'Milotic': 2, 'Mismagius': 1, 'Registeel': 1, 'Primeape': 1, 'Venusaur': 2, 'Moltres': 1, 'Clefable': 1, 'Donphan': 1}"
dewgong65784,[Gen 4] UU,1,1,0,2016-04-10 13:21:49,2016-04-10 13:21:49,,,,"{'Torterra': 1, 'Milotic': 1, 'Ambipom': 1, 'Blaziken': 1}"
dialga16943,[Gen 4] UU,1,0,1,2024-01-27 19:00:06,2024-01-27 19:00:06,,,,"{'Tangrowth': 1, 'Aggron': 1, 'Lanturn': 1, 'Clefable': 1, 'Arcanine': 1, 'Ambipom': 1}"
dialga90414,[Gen 4] UU,1,1,0,2018-03-30 04:56:54,2018-03-30 04:56:54,,,,"{'Milotic': 1, 'Weezing': 1, 'Rotom': 1, 'Blaziken': 1, 'Venusaur': 1, 'Donphan': 1}"
dig95510,[Gen 4] UU,9,3,6,2019-09-22 01:45:30,2023-09-28 01:50:39,,,,"{'Mesprit': 2, 'Kabutops': 2, 'Dugtrio': 1, 'Arcanine': 3, 'Swellow': 1, 'Leafeon': 2, 'Scyther': 2, 'Mismagius': 3, 'Rhyperior': 4, 'Registeel': 3, 'Venusaur': 3, 'Blastoise': 2, 'Regice': 1, 'Weezing': 1, 'Rotom': 2, 'Houndoom': 2, 'Uxie': 4, 'Milotic': 4, 'Toxicroak': 1, 'Clefable': 2, 'Ambipom': 1, 'Torterra': 1, 'Drapion': 1, 'Hitmontop': 1, 'Entei': 1, 'Donphan': 2, 'Sceptile': 1}"
diglett14616,[Gen 4] UU,15,6,9,2019-05-19 16:03:15,2023-08-29 22:51:12,,,,"{'Moltres': 2, 'Toxicroak': 3, 'Rhyperior': 1, 'Rotom': 8, 'Clefable': 3, 'Blastoise': 3, 'Houndoom': 3, 'Dugtrio': 1, 'Registeel': 5, 'Venusaur': 7, 'Mismagius': 4, 'Miltank': 2, 'Uxie': 4, 'Primeape': 1, 'Sceptile': 3, 'Drapion': 1, 'Omastar': 1, 'Spiritomb': 2, 'Alakazam': 1, 'Blaziken': 1, 'Aggron': 1, 'Feraligatr': 1, 'Hariyama': 2, 'Weezing': 2, 'Slowking': 2, 'Altaria': 2, 'Cloyster': 3, 'Magcargo': 2, 'Azumarill': 1, 'Regirock': 2, 'Qwilfish': 1, 'Torterra': 1, 'Kabutops': 1, 'Arcanine': 1, 'Drifblim': 1, 'Milotic': 2, 'Absol': 1, 'Mesprit': 2, 'Kangaskhan': 2}"
diglett80748,[Gen 4] UU,2,2,0,2017-11-12 21:40:16,2017-11-21 01:11:57,,,,"{'Moltres': 2, 'Rhyperior': 1, 'Rotom': 2, 'Drapion': 2, 'Venusaur': 2, 'Mesprit': 1, 'Kabutops': 1}"
disable90825,[Gen 4] UU,2,0,2,2016-10-08 01:31:12,2016-10-12 21:00:08,,,,"{'Camerupt': 1, 'Lapras': 1, 'Weezing': 1, 'Steelix': 1, 'Clefable': 1, 'Venusaur': 2, 'Moltres': 1, 'Dugtrio': 1, 'Registeel': 1, 'Ambipom': 1, 'Blastoise': 1}"
discharge127,[Gen 4] UU,3,1,2,2020-07-17 23:22:15,2020-07-17 23:29:45,,,,"{'Tangrowth': 1, 'Mesprit': 1, 'Azumarill': 1, 'Regirock': 1, 'Houndoom': 1, 'Drapion': 1, 'Scyther': 2, 'Entei': 2, 'Clefable': 2, 'Registeel': 2, 'Donphan': 2, 'Slowking': 1}"
discharge18938,[Gen 4] UU,4,2,2,2024-03-16 10:38:31,2024-03-30 01:50:23,,,,"{'Hariyama': 1, 'Spiritomb': 1, 'Registeel': 1, 'Blastoise': 1, 'Leafeon': 1, 'Blaziken': 1, 'Aggron': 2, 'Rotom': 2, 'Clefable': 1, 'Uxie': 2, 'Venusaur': 3, 'Scyther': 1, 'Mismagius': 1, 'Hitmontop': 1, 'Lanturn': 1, 'Pinsir': 1, 'Azumarill': 1, 'Houndoom': 1}"
discharge62675,[Gen 4] UU,2,2,0,2024-12-08 20:23:15,2024-12-08 20:30:15,,,,"{'Moltres': 1, 'Exeggutor': 1, 'Qwilfish': 1, 'Azumarill': 1, 'Rotom': 1, 'Donphan': 1, 'Mismagius': 1, 'Torterra': 1, 'Lanturn': 1, 'Registeel': 1, 'Blaziken': 1, 'Alakazam': 1}"
ditto42810,[Gen 4] UU,14,12,2,2015-03-15 20:03:56,2020-07-17 20:21:12,,,,"{'Milotic': 3, 'Mismagius': 12, 'Sceptile': 2, 'Toxicroak': 2, 'Rhyperior': 2, 'Arcanine': 2, 'Moltres': 9, 'Nidoking': 4, 'Kabutops': 10, 'Registeel': 10, 'Venusaur': 9, 'Ludicolo': 3, 'Altaria': 1, 'Torterra': 1, 'Houndoom': 1, 'Drapion': 1, 'Blaziken': 1, 'Kangaskhan': 1, 'Uxie': 1, 'Donphan': 1, 'Shiftry': 1, 'Sandslash': 1, 'Haunter': 1, 'Victreebel': 1, 'Drifblim': 1}"
ditto52392,[Gen 4] UU,3,2,1,2017-11-05 01:41:58,2017-11-05 01:49:31,,,,"{'Muk': 1, 'Metang': 1, 'Purugly': 1, 'Gastrodon': 1, 'Articuno': 1, 'Omastar': 1, 'Kabutops': 1, 'Rotom': 1, 'Houndoom': 1, 'Swellow': 1, 'Tauros': 1, 'Haunter': 1, 'Manectric': 1, 'Rhydon': 1, 'Glalie': 1, 'Drifblim': 1}"
ditto69860,[Gen 4] UU,1,0,1,2023-12-09 02:21:01,2023-12-09 02:21:01,,,,"{'Mesprit': 1, 'Kabutops': 1, 'Dugtrio': 1, 'Arcanine': 1, 'Swellow': 1, 'Leafeon': 1}"
dive14222,[Gen 4] UU,1,0,1,2016-05-28 16:25:45,2016-05-28 16:25:45,,,,"{'Lapras': 1, 'Charizard': 1, 'Vileplume': 1, 'Hitmonchan': 1, 'Sneasel': 1, 'Regirock': 1}"
dive46896,[Gen 4] UU,1,1,0,2017-03-28 15:12:27,2017-03-28 15:12:27,,,,"{'Scyther': 1, 'Mesprit': 1, 'Tauros': 1, 'Azumarill': 1, 'Houndoom': 1, 'Donphan': 1}"
dive48767,[Gen 4] UU,1,0,1,2024-03-24 23:08:46,2024-03-24 23:08:46,1000.0,1000.0,[1000.0],"{'Sceptile': 1, 'Rotom': 1, 'Alakazam': 1, 'Arcanine': 1, 'Swellow': 1, 'Donphan': 1}"
dive65618,[Gen 4] UU,1,1,0,2020-02-17 05:31:51,2020-02-17 05:31:51,,,,"{'Moltres': 1, 'Uxie': 1}"
dive70427,[Gen 4] UU,1,1,0,2020-02-09 13:44:54,2020-02-09 13:44:54,,,,"{'Onix': 1, 'Vulpix': 1}"
diveball26803,[Gen 4] UU,2,0,2,2017-03-11 19:20:00,2017-03-11 19:27:32,,,,"{'Armaldo': 2, 'Cacturne': 2, 'Dusclops': 2, 'Bastiodon': 2, 'Lickilicky': 2, 'Ampharos': 2}"
diveball7316,[Gen 4] UU,1,1,0,2019-10-24 11:36:39,2019-10-24 11:36:39,,,,"{'Absol': 1, 'Alakazam': 1, 'Clefable': 1, 'Blaziken': 1, 'Venusaur': 1}"
dizzypunch10824,[Gen 4] UU,1,1,0,2024-03-14 03:26:51,2024-03-14 03:26:51,1051.0,1051.0,[1051.0],"{'Mesprit': 1, 'Kangaskhan': 1, 'Pinsir': 1, 'Rhyperior': 1, 'Venusaur': 1}"
dodrio40943,[Gen 4] UU,1,0,1,2015-12-30 01:14:44,2015-12-30 01:14:44,,,,"{'Kangaskhan': 1, 'Qwilfish': 1, 'Torterra': 1, 'Rotom': 1, 'Slowking': 1, 'Primeape': 1}"
dodrio78154,[Gen 4] UU,3,2,1,2017-02-07 22:45:38,2017-02-07 23:09:30,,,,"{'Machoke': 3, 'Poliwrath': 2, 'Cacturne': 2, 'Rhydon': 3, 'Misdreavus': 2, 'Golbat': 2, 'Gorebyss': 1, 'Kadabra': 1, 'Muk': 1}"
doduo11904,[Gen 4] UU,1,0,1,2019-08-29 02:41:58,2019-08-29 02:41:58,,,,"{'Moltres': 1, 'Toxicroak': 1, 'Feraligatr': 1, 'Uxie': 1, 'Venusaur': 1, 'Donphan': 1}"
domefossil64247,[Gen 4] UU,27,10,17,2016-12-17 15:10:09,2022-07-30 19:57:30,,,,"{'Blaziken': 5, 'Rhyperior': 6, 'Uxie': 9, 'Swellow': 4, 'Blastoise': 3, 'Moltres': 7, 'Kabutops': 4, 'Clefable': 4, 'Registeel': 10, 'Venusaur': 15, 'Houndoom': 7, 'Azumarill': 5, 'Milotic': 4, 'Rotom': 5, 'Donphan': 6, 'Primeape': 2, 'Mesprit': 4, 'Entei': 4, 'Feraligatr': 3, 'Ambipom': 3, 'Scyther': 4, 'Hitmonlee': 2, 'Arcanine': 3, 'Leafeon': 6, 'Mismagius': 7, 'Qwilfish': 2, 'Kangaskhan': 1, 'Omastar': 2, 'Toxicroak': 1, 'Spiritomb': 1, 'Alakazam': 4, 'Lanturn': 4, 'Hitmontop': 1, 'Dugtrio': 2, 'Sceptile': 1, 'Nidoking': 1, 'Aggron': 1}"
donphan42350,[Gen 4] UU,1,0,1,2024-04-03 01:48:53,2024-04-03 01:48:53,,,,"{'Ludicolo': 1, 'Toxicroak': 1, 'Kabutops': 1, 'Dugtrio': 1, 'Registeel': 1, 'Uxie': 1}"
doomdesire26254,[Gen 4] UU,1,1,0,2021-07-01 17:03:15,2021-07-01 17:03:15,,,,"{'Azumarill': 1, 'Houndoom': 1, 'Uxie': 1, 'Venusaur': 1, 'Donphan': 1}"
doomdesire78549,[Gen 4] UU,1,1,0,2017-05-29 15:39:55,2017-05-29 15:39:55,,,,"{'Mesprit': 1, 'Kabutops': 1, 'Dugtrio': 1, 'Arcanine': 1, 'Swellow': 1, 'Leafeon': 1}"
doubleedge7197,[Gen 4] UU,3,1,2,2019-10-12 19:56:44,2024-03-21 23:21:15,1000.0,1000.0,[1000.0],"{'Milotic': 2, 'Mesprit': 1, 'Mismagius': 2, 'Registeel': 2, 'Ambipom': 1, 'Leafeon': 1, 'Primeape': 1, 'Venusaur': 1, 'Exeggutor': 1, 'Hariyama': 1, 'Qwilfish': 1, 'Rhyperior': 1, 'Rotom': 1, 'Skuntank': 1}"
doubleedge83170,[Gen 4] UU,1,1,0,2016-02-11 01:53:46,2016-02-11 01:53:46,,,,"{'Tauros': 1, 'Haunter': 1, 'Jynx': 1, 'Manectric': 1, 'Slowking': 1}"
doubleedge84989,[Gen 4] UU,2,0,2,2024-03-13 00:36:36,2024-03-15 00:41:21,,,,"{'Scyther': 2, 'Milotic': 2, 'Sceptile': 1, 'Registeel': 2, 'Houndoom': 2, 'Uxie': 2, 'Claydol': 1}"
doubleedge92994,[Gen 4] UU,3,3,0,2017-11-08 18:51:39,2017-11-08 19:25:41,,,,"{'Monferno': 1, 'Poliwrath': 1, 'Metang': 1, 'Purugly': 1, 'Golbat': 1, 'Vileplume': 1, 'Sandslash': 1, 'Floatzel': 1, 'Skuntank': 1, 'Gardevoir': 1, 'Ursaring': 1, 'Omastar': 1, 'Rotom': 1, 'Alakazam': 1, 'Blaziken': 1, 'Swellow': 1}"
doublehit29874,[Gen 4] UU,1,0,1,2016-05-28 20:26:29,2016-05-28 20:26:29,,,,"{'Toxicroak': 1, 'Registeel': 1, 'Meowth': 1, 'Parasect': 1, 'Alakazam': 1, 'Slaking': 1}"
doublehit54097,[Gen 4] UU,2,2,0,2024-03-07 20:29:26,2024-03-08 17:41:32,1000.0,1051.0,"[1051.0, 1000.0]","{'Snover': 2, 'Mismagius': 2, 'Nidoqueen': 2, 'Walrein': 2, 'Clefable': 2, 'Donphan': 2}"
doublekick290,[Gen 4] UU,1,0,1,2025-03-30 03:51:40,2025-03-30 03:51:40,,,,"{'Qwilfish': 1, 'Regirock': 1, 'Golem': 1, 'Skuntank': 1, 'Muk': 1, 'Lickilicky': 1}"
doublekick62666,[Gen 4] UU,1,1,0,2025-04-12 11:58:16,2025-04-12 11:58:16,,,,"{'Blaziken': 1, 'Rhyperior': 1, 'Clefable': 1, 'Feraligatr': 1, 'Uxie': 1, 'Venusaur': 1}"
doublekick72478,[Gen 4] UU,1,0,1,2016-05-09 14:56:34,2016-05-09 14:56:34,,,,"{'Milotic': 1, 'Kabutops': 1, 'Spiritomb': 1, 'Arcanine': 1, 'Venusaur': 1}"
doublekick75680,[Gen 4] UU,1,1,0,2015-03-22 19:24:26,2015-03-22 19:24:26,,,,"{'Nidoking': 1, 'Dugtrio': 1, 'Houndoom': 1, 'Swellow': 1, 'Blastoise': 1, 'Leafeon': 1}"
doublekick94782,[Gen 4] UU,1,0,1,2018-03-20 13:03:11,2018-03-20 13:03:11,,,,"{'Moltres': 1, 'Sharpedo': 1, 'Slowbro': 1, 'Hitmontop': 1, 'Dugtrio': 1, 'Registeel': 1}"
doublekick99022,[Gen 4] UU,6,3,3,2016-04-26 04:34:08,2017-01-12 20:11:00,,,,"{'Charizard': 1, 'Vileplume': 1, 'Sandslash': 1, 'Floatzel': 1, 'Gardevoir': 1, 'Camerupt': 1, 'Lapras': 1, 'Weezing': 1, 'Steelix': 1, 'Clefable': 1, 'Venusaur': 2, 'Milotic': 3, 'Mismagius': 3, 'Registeel': 3, 'Blaziken': 3, 'Alakazam': 3, 'Sceptile': 2, 'Torterra': 1, 'Toxicroak': 1, 'Hitmonlee': 1}"
doubleslap25786,[Gen 4] UU,1,0,1,2020-03-02 19:40:08,2020-03-02 19:40:08,,,,"{'Moltres': 1, 'Toxicroak': 1, 'Hitmontop': 1, 'Registeel': 1, 'Ambipom': 1, 'Blastoise': 1}"
doubleslap91171,[Gen 4] UU,2,1,1,2019-08-08 10:57:17,2019-08-08 11:04:30,,,,"{'Moltres': 1, 'Milotic': 1, 'Aggron': 1, 'Clefable': 1, 'Venusaur': 1, 'Donphan': 1, 'Mesprit': 1, 'Kabutops': 1, 'Dugtrio': 1, 'Arcanine': 1, 'Swellow': 1, 'Leafeon': 1}"
doubleteam66511,[Gen 4] UU,1,0,1,2020-04-16 01:26:58,2020-04-16 01:26:58,,,,"{'Claydol': 1, 'Cacturne': 1, 'Clefable': 1, 'Registeel': 1, 'Hippopotas': 1, 'Cradily': 1}"
doubleteam69700,[Gen 4] UU,1,0,1,2016-06-27 14:21:34,2016-06-27 14:21:34,,,,"{'Kadabra': 1, 'Haunter': 1, 'Hitmonchan': 1, 'Cacturne': 1, 'Marowak': 1, 'Muk': 1}"
doubleteam73757,[Gen 4] UU,2,2,0,2017-06-10 18:09:52,2017-06-10 18:12:53,,,,"{'Poliwrath': 2, 'Cacturne': 2, 'Muk': 2, 'Rhydon': 2, 'Gastrodon': 2, 'Misdreavus': 2}"
download27602,[Gen 4] UU,1,1,0,2018-07-22 16:05:13,2018-07-22 16:05:13,,,,"{'Moltres': 1, 'Altaria': 1, 'Mismagius': 1, 'Slowbro': 1, 'Hitmontop': 1, 'Drapion': 1}"
download33946,[Gen 4] UU,8,3,5,2020-06-12 09:39:20,2020-06-13 08:48:35,,,,"{'Claydol': 5, 'Medicham': 1, 'Toxicroak': 1, 'Swellow': 1, 'Alakazam': 1, 'Ambipom': 1, 'Shiftry': 3, 'Regirock': 4, 'Victreebel': 3, 'Uxie': 7, 'Arcanine': 4, 'Mesprit': 2, 'Ludicolo': 4, 'Qwilfish': 3, 'Kabutops': 3, 'Blastoise': 3, 'Drifblim': 1}"
download60495,[Gen 4] UU,8,7,1,2020-02-21 18:54:45,2020-07-13 22:43:47,,,,"{'Mismagius': 6, 'Rhyperior': 5, 'Chansey': 5, 'Uxie': 7, 'Drapion': 5, 'Ambipom': 6, 'Ludicolo': 2, 'Toxicroak': 2, 'Kabutops': 2, 'Dugtrio': 2, 'Registeel': 2}"
dracometeor46398,[Gen 4] UU,3,1,2,2024-12-08 21:07:00,2024-12-08 21:36:53,,,,"{'Ludicolo': 1, 'Toxicroak': 1, 'Kabutops': 1, 'Dugtrio': 1, 'Registeel': 1, 'Uxie': 3, 'Houndoom': 2, 'Rhyperior': 1, 'Venusaur': 1, 'Mismagius': 1, 'Qwilfish': 1, 'Torterra': 1, 'Blaziken': 1}"
dracometeor55989,[Gen 4] UU,3,2,1,2015-02-18 23:40:02,2015-02-21 17:11:19,,,,"{'Snover': 2, 'Sandslash': 2, 'Walrein': 2, 'Dusclops': 2, 'Slowking': 3, 'Roselia': 2, 'Charizard': 1, 'Tauros': 1, 'Haunter': 1, 'Regirock': 1, 'Skuntank': 1}"
dracometeor61816,[Gen 4] UU,1,0,1,2015-12-02 05:09:31,2015-12-02 05:09:31,,,,"{'Scyther': 1, 'Tauros': 1, 'Aggron': 1, 'Blastoise': 1, 'Houndoom': 1, 'Donphan': 1}"
dragon21733,[Gen 4] UU,1,1,0,2015-03-20 20:55:15,2015-03-20 20:55:15,,,,"{'Mesprit': 1, 'Kangaskhan': 1, 'Rhyperior': 1, 'Azumarill': 1, 'Blaziken': 1, 'Venusaur': 1}"
dragon48527,[Gen 4] UU,1,1,0,2024-03-11 08:00:11,2024-03-11 08:00:11,1051.0,1051.0,[1051.0],"{'Rhyperior': 1, 'Venusaur': 1, 'Swellow': 1, 'Feraligatr': 1, 'Blaziken': 1, 'Alakazam': 1}"
dragon56138,[Gen 4] UU,3,0,3,2019-05-03 03:22:33,2019-05-03 22:02:45,,,,"{'Milotic': 2, 'Drapion': 2, 'Torterra': 2, 'Kabutops': 3, 'Rotom': 2, 'Arcanine': 3, 'Mesprit': 1, 'Dugtrio': 1, 'Swellow': 1, 'Leafeon': 1}"
dragon86460,[Gen 4] UU,1,1,0,2024-09-15 19:01:21,2024-09-15 19:01:21,,,,"{'Mismagius': 1, 'Qwilfish': 1, 'Clefable': 1, 'Arcanine': 1, 'Alakazam': 1, 'Leafeon': 1}"
dragon95607,[Gen 4] UU,1,1,0,2020-03-25 04:13:51,2020-03-25 04:13:51,,,,"{'Moltres': 1, 'Toxicroak': 1, 'Feraligatr': 1, 'Uxie': 1, 'Venusaur': 1, 'Donphan': 1}"
dragonair71353,[Gen 4] UU,2,1,1,2025-04-06 01:21:52,2025-04-06 01:22:04,,,,"{'Blaziken': 2, 'Qwilfish': 2, 'Rotom': 2, 'Clefable': 2, 'Uxie': 2, 'Venusaur': 2}"
dragonbreath17568,[Gen 4] UU,1,0,1,2017-02-05 16:41:36,2017-02-05 16:41:36,,,,"{'Charizard': 1, 'Vileplume': 1, 'Floatzel': 1, 'Skuntank': 1, 'Gardevoir': 1}"
dragonbreath34110,[Gen 4] UU,1,0,1,2024-12-28 02:53:41,2024-12-28 02:53:41,,,,"{'Mesprit': 1, 'Kabutops': 1, 'Dugtrio': 1, 'Arcanine': 1, 'Swellow': 1, 'Leafeon': 1}"
dragonbreath37221,[Gen 4] UU,1,0,1,2020-03-03 11:12:34,2020-03-03 11:12:34,1000.0,1000.0,[1000.0],"{'Ursaring': 1, 'Mismagius': 1, 'Qwilfish': 1, 'Rotom': 1, 'Hitmonlee': 1, 'Uxie': 1}"
dragonbreath70874,[Gen 4] UU,1,0,1,2017-03-28 15:12:27,2017-03-28 15:12:27,,,,"{'Hariyama': 1, 'Kabutops': 1, 'Rotom': 1, 'Uxie': 1, 'Drapion': 1, 'Venusaur': 1}"
dragonbreath75480,[Gen 4] UU,1,0,1,2015-10-09 01:34:46,2015-10-09 01:34:46,,,,"{'Kangaskhan': 1, 'Mismagius': 1, 'Houndoom': 1, 'Nidoking': 1, 'Feraligatr': 1, 'Donphan': 1}"
dragonclaw69722,[Gen 4] UU,2,0,2,2019-05-22 23:13:05,2019-06-27 05:01:09,,,,"{'Mesprit': 2, 'Kabutops': 2, 'Dugtrio': 2, 'Arcanine': 2, 'Swellow': 2, 'Leafeon': 2}"
dragonfang20633,[Gen 4] UU,2,1,1,2020-05-02 18:49:27,2020-07-28 11:10:33,,,,"{'Rotom': 1, 'Alakazam': 2, 'Omastar': 1, 'Scyther': 1, 'Milotic': 1, 'Altaria': 1, 'Claydol': 1, 'Rhyperior': 1}"
dragonfang49917,[Gen 4] UU,1,0,1,2024-03-04 21:03:02,2024-03-04 21:03:02,1000.0,1000.0,[1000.0],"{'Mismagius': 1, 'Sceptile': 1, 'Omastar': 1, 'Toxicroak': 1, 'Azumarill': 1, 'Blaziken': 1}"
dragonfang69245,[Gen 4] UU,4,2,2,2017-01-24 01:01:57,2017-02-03 02:30:38,,,,"{'Altaria': 1, 'Scyther': 1, 'Milotic': 3, 'Sceptile': 2, 'Rhyperior': 1, 'Hitmontop': 1, 'Moltres': 2, 'Aggron': 2, 'Clefable': 2, 'Venusaur': 2, 'Donphan': 3, 'Mismagius': 1, 'Kabutops': 1, 'Registeel': 1, 'Arcanine': 1}"
dragonfang79331,[Gen 4] UU,5,2,3,2020-05-31 20:51:02,2023-03-29 19:59:17,,,,"{'Ursaring': 1, 'Mismagius': 3, 'Qwilfish': 1, 'Rotom': 2, 'Hitmonlee': 1, 'Uxie': 1, 'Scyther': 1, 'Rhyperior': 1, 'Registeel': 1, 'Venusaur': 1, 'Blastoise': 1, 'Monferno': 1, 'Wartortle': 1, 'Piloswine': 1, 'Metang': 1, 'Roselia': 1, 'Misdreavus': 1, 'Houndoom': 2, 'Torterra': 1, 'Regirock': 1, 'Feraligatr': 1, 'Glalie': 1, 'Exeggutor': 1, 'Omastar': 1, 'Toxicroak': 1, 'Swellow': 1}"
dragonfang94386,[Gen 4] UU,1,0,1,2016-10-16 14:07:54,2016-10-16 14:07:54,1121.0,1121.0,[1121.0],"{'Moltres': 1, 'Ursaring': 1, 'Exeggutor': 1, 'Nidoqueen': 1, 'Lanturn': 1, 'Feraligatr': 1}"
dragonite4781,[Gen 4] UU,2,0,2,2017-01-19 04:13:36,2017-01-19 04:19:18,,,,"{'Moltres': 1, 'Milotic': 1, 'Torterra': 1, 'Spiritomb': 1, 'Clefable': 1, 'Donphan': 1, 'Mesprit': 1, 'Kabutops': 1, 'Dugtrio': 1, 'Arcanine': 1, 'Swellow': 1, 'Leafeon': 1}"
dragonite61834,[Gen 4] UU,1,1,0,2024-02-17 21:03:40,2024-02-17 21:03:40,,,,"{'Haunter': 1, 'Miltank': 1, 'Chansey': 1, 'Dugtrio': 1, 'Feraligatr': 1, 'Articuno': 1}"
dragonite91052,[Gen 4] UU,1,0,1,2018-01-22 15:49:43,2018-01-22 15:49:43,,,,"{'Mismagius': 1, 'Sceptile': 1, 'Slowbro': 1, 'Swellow': 1, 'Alakazam': 1, 'Donphan': 1}"
dragonpulse47397,[Gen 4] UU,1,1,0,2020-08-29 02:15:02,2020-08-29 02:15:02,,,,"{'Heracross': 1, 'Raikou': 1, 'Cresselia': 1, 'Honchkrow': 1, 'Registeel': 1}"
dragonrage15031,[Gen 4] UU,8,4,4,2017-04-27 01:15:35,2017-06-06 00:24:04,,,,"{'Golduck': 7, 'Armaldo': 6, 'Sneasel': 7, 'Electabuzz': 7, 'Lickilicky': 7, 'Misdreavus': 7, 'Machoke': 1, 'Xatu': 1, 'Octillery': 1, 'Marowak': 1, 'Solrock': 1, 'Chimecho': 1}"
dragonrage74495,[Gen 4] UU,1,0,1,2025-04-09 03:10:59,2025-04-09 03:10:59,,,,"{'Moltres': 1, 'Mismagius': 1, 'Omastar': 1, 'Hitmontop': 1, 'Skuntank': 1, 'Lanturn': 1}"
dragonrush29554,[Gen 4] UU,13,9,4,2020-09-27 01:22:48,2022-10-23 21:43:25,,,,"{'Omastar': 2, 'Hitmontop': 8, 'Rhyperior': 1, 'Dugtrio': 5, 'Uxie': 9, 'Venusaur': 4, 'Moltres': 6, 'Azumarill': 5, 'Rotom': 5, 'Registeel': 9, 'Mesprit': 1, 'Mismagius': 2, 'Toxicroak': 1, 'Clefable': 2, 'Blaziken': 1, 'Milotic': 5, 'Houndoom': 1, 'Primeape': 2, 'Altaria': 3, 'Scyther': 1, 'Drapion': 1, 'Blastoise': 1, 'Kabutops': 1}"
dragonrush34751,[Gen 4] UU,5,0,5,2015-12-03 16:11:51,2017-03-20 02:54:04,,,,"{'Mesprit': 2, 'Tauros': 2, 'Azumarill': 2, 'Houndoom': 2, 'Donphan': 2, 'Moltres': 2, 'Steelix': 2, 'Rotom': 2, 'Drapion': 2, 'Venusaur': 2, 'Blastoise': 2, 'Scyther': 1, 'Lapras': 1, 'Charizard': 1, 'Vileplume': 1, 'Hitmonchan': 1, 'Sneasel': 1, 'Regirock': 1}"
dragonrush37486,[Gen 4] UU,7,4,3,2017-05-30 21:23:05,2017-06-20 02:39:22,,,,"{'Monferno': 1, 'Probopass': 1, 'Misdreavus': 1, 'Armaldo': 3, 'Poliwrath': 3, 'Muk': 3, 'Sableye': 2, 'Purugly': 6, 'Rhydon': 2, 'Onix': 3, 'Victreebel': 3, 'Metang': 3, 'Tangela': 2, 'Rapidash': 2}"
dragonrush4186,[Gen 4] UU,2,0,2,2023-08-22 04:41:43,2023-08-22 04:49:32,,,,"{'Mismagius': 2, 'Omastar': 1, 'Alakazam': 1, 'Clefable': 1, 'Primeape': 2, 'Venusaur': 1, 'Milotic': 1, 'Ludicolo': 1, 'Houndoom': 1, 'Registeel': 1}"
dragonrush75146,[Gen 4] UU,1,0,1,2016-02-09 01:13:55,2016-02-09 01:13:55,,,,"{'Milotic': 1, 'Mismagius': 1, 'Registeel': 1, 'Uxie': 1, 'Alakazam': 1, 'Leafeon': 1}"
dragonrush84427,[Gen 4] UU,6,6,0,2020-03-01 12:42:11,2020-07-20 22:10:07,1000.0,1024.0,"[1000.0, 1024.0, 1000.0, 1000.0]","{'Qwilfish': 1, 'Scyther': 1, 'Donphan': 1, 'Kangaskhan': 1, 'Mismagius': 1, 'Omastar': 2, 'Torterra': 1, 'Arcanine': 1, 'Alakazam': 1, 'Altaria': 1, 'Houndoom': 2, 'Lanturn': 1, 'Clefable': 2, 'Parasect': 1, 'Gardevoir': 1, 'Moltres': 2, 'Regirock': 1, 'Rotom': 2, 'Drapion': 1, 'Blastoise': 2, 'Leafeon': 1, 'Exeggutor': 2, 'Aggron': 1, 'Sneasel': 1, 'Toxicroak': 1, 'Swellow': 1}"
dragonscale25092,[Gen 4] UU,1,0,1,2022-06-14 01:15:26,2022-06-14 01:15:26,,,,"{'Scyther': 1, 'Milotic': 1, 'Altaria': 1, 'Sceptile': 1, 'Rhyperior': 1, 'Hitmontop': 1}"
dragonscale46435,[Gen 4] UU,3,0,3,2015-03-20 23:19:41,2017-06-01 03:46:49,,,,"{'Absol': 1, 'Ninetales': 1, 'Claydol': 1, 'Poliwrath': 2, 'Lanturn': 1, 'Swellow': 1, 'Machoke': 1, 'Mr. Mime': 1, 'Pelipper': 1, 'Metang': 1, 'Lickilicky': 1, 'Gastrodon': 1, 'Bellossom': 1, 'Muk': 1, 'Sableye': 1, 'Purugly': 1, 'Rhydon': 1}"
drainpunch57450,[Gen 4] UU,3,0,3,2017-07-14 23:39:43,2022-08-06 17:37:12,,,,"{'Machoke': 2, 'Electabuzz': 2, 'Poliwrath': 1, 'Metang': 2, 'Rhydon': 1, 'Tangela': 1, 'Gorebyss': 1, 'Rapidash': 1, 'Marowak': 1, 'Mismagius': 1, 'Qwilfish': 1, 'Torterra': 1, 'Regirock': 1, 'Skuntank': 1, 'Blaziken': 1}"
dratini17649,[Gen 4] UU,1,1,0,2019-03-03 17:20:18,2019-03-03 17:20:18,,,,"{'Uxie': 1, 'Dugtrio': 1, 'Venusaur': 1}"
dratini84244,[Gen 4] UU,6,5,1,2018-02-17 23:27:29,2018-03-24 11:53:54,,,,"{'Moltres': 1, 'Absol': 1, 'Swellow': 2, 'Registeel': 4, 'Venusaur': 1, 'Donphan': 1, 'Qwilfish': 3, 'Torterra': 4, 'Mismagius': 4, 'Clefable': 2, 'Arcanine': 3, 'Omastar': 1, 'Toxicroak': 1, 'Houndoom': 1, 'Blastoise': 1}"
dreadplate36930,[Gen 4] UU,3,2,1,2017-01-12 17:54:24,2017-01-12 18:19:05,,,,"{'Milotic': 3, 'Absol': 1, 'Rhyperior': 1, 'Venusaur': 3, 'Blaziken': 2, 'Alakazam': 1, 'Rotom': 1, 'Espeon': 1, 'Registeel': 2, 'Scyther': 1, 'Arcanine': 1, 'Donphan': 1}"
dreadplate47475,[Gen 4] UU,1,1,0,2024-01-20 04:19:46,2024-01-20 04:19:46,,,,"{'Mightyena': 1, 'Magmortar': 1, 'Grumpig': 1, 'Hariyama': 1}"
dreadplate59902,[Gen 4] UU,1,0,1,2020-05-15 23:55:46,2020-05-15 23:55:46,,,,"{'Absol': 1, 'Mismagius': 1, 'Venusaur': 1, 'Clefable': 1, 'Blaziken': 1, 'Alakazam': 1}"
dreadplate69896,[Gen 4] UU,1,0,1,2020-02-17 23:42:50,2020-02-17 23:42:50,,,,"{'Scyther': 1, 'Milotic': 1, 'Entei': 1, 'Steelix': 1, 'Rotom': 1, 'Donphan': 1}"
dreameater13635,[Gen 4] UU,1,0,1,2023-10-22 15:36:37,2023-10-22 15:36:37,,,,"{'Uxie': 1, 'Mismagius': 1, 'Qwilfish': 1, 'Torterra': 1, 'Houndoom': 1, 'Blaziken': 1}"
dreameater92850,[Gen 4] UU,2,0,2,2018-09-27 20:56:40,2018-10-25 02:48:42,,,,"{'Mismagius': 2, 'Sceptile': 1, 'Kabutops': 2, 'Registeel': 1, 'Arcanine': 2, 'Donphan': 1, 'Claydol': 1, 'Alakazam': 1, 'Venusaur': 1}"
dreameater94459,[Gen 4] UU,2,0,2,2017-12-27 14:15:23,2018-01-13 14:05:53,,,,"{'Ludicolo': 2, 'Toxicroak': 2, 'Kabutops': 2, 'Dugtrio': 2, 'Registeel': 2, 'Uxie': 2}"
drifloon10010,[Gen 4] UU,1,0,1,2025-02-22 04:33:10,2025-02-22 04:33:10,,,,"{'Milotic': 1, 'Mismagius': 1, 'Houndoom': 1, 'Registeel': 1, 'Primeape': 1, 'Venusaur': 1}"
drifloon46606,[Gen 4] UU,3,3,0,2024-03-26 10:50:29,2024-03-27 11:45:51,1000.0,1108.0,"[1000.0, 1000.0, 1108.0]","{'Scyther': 2, 'Sceptile': 3, 'Dugtrio': 1, 'Feraligatr': 3, 'Arcanine': 2, 'Aggron': 2, 'Hitmontop': 1}"
drifloon51550,[Gen 4] UU,1,0,1,2018-05-27 20:28:49,2018-05-27 20:28:49,,,,"{'Mesprit': 1, 'Mismagius': 1, 'Nidoking': 1, 'Alakazam': 1, 'Drapion': 1, 'Ambipom': 1}"
drillpeck10863,[Gen 4] UU,3,3,0,2020-07-26 17:53:56,2020-07-28 09:47:58,1000.0,1000.0,[1000.0],"{'Scyther': 2, 'Torterra': 2, 'Hitmonlee': 2, 'Feraligatr': 2, 'Arcanine': 2, 'Alakazam': 2, 'Registeel': 1, 'Kabutops': 1}"
drillpeck19801,[Gen 4] UU,1,1,0,2020-09-26 15:14:38,2020-09-26 15:14:38,,,,"{'Kangaskhan': 1, 'Spiritomb': 1, 'Uxie': 1, 'Venusaur': 1, 'Blastoise': 1}"
drizzle21263,[Gen 4] UU,4,3,1,2020-03-29 04:12:16,2020-04-02 20:07:20,,,,"{'Mesprit': 1, 'Azumarill': 1, 'Rotom': 1, 'Registeel': 1, 'Blaziken': 1, 'Venusaur': 2, 'Moltres': 1, 'Hitmontop': 2, 'Steelix': 1, 'Cacturne': 1, 'Blastoise': 1, 'Feraligatr': 1, 'Drapion': 1, 'Rhyperior': 1, 'Cloyster': 1, 'Mismagius': 1, 'Entei': 1, 'Dugtrio': 1, 'Uxie': 1}"
drought33333,[Gen 4] UU,1,0,1,2015-05-15 00:57:42,2015-05-15 00:57:42,,,,"{'Moltres': 1, 'Scyther': 1, 'Torterra': 1, 'Kabutops': 1, 'Lanturn': 1, 'Registeel': 1}"
drought81201,[Gen 4] UU,10,5,5,2017-01-14 21:46:09,2017-02-14 23:13:32,,,,"{'Milotic': 5, 'Kabutops': 4, 'Venusaur': 5, 'Dugtrio': 6, 'Registeel': 7, 'Swellow': 4, 'Scyther': 2, 'Qwilfish': 2, 'Torterra': 2, 'Rotom': 2, 'Houndoom': 2, 'Donphan': 2, 'Hitmontop': 4, 'Moltres': 1, 'Alakazam': 1, 'Ludicolo': 3, 'Electrode': 2, 'Uxie': 3}"
drowzee76999,[Gen 4] UU,2,1,1,2019-12-26 11:47:26,2019-12-26 12:16:42,,,,"{'Houndoom': 2, 'Blaziken': 2, 'Rhyperior': 2, 'Registeel': 1, 'Arcanine': 1, 'Blastoise': 1}"
dryskin13725,[Gen 4] UU,1,1,0,2017-07-24 05:48:44,2017-07-24 05:48:44,,,,"{'Cloyster': 1, 'Nidoking': 1, 'Toxicroak': 1, 'Weezing': 1, 'Marowak': 1, 'Houndoom': 1}"
dryskin26963,[Gen 4] UU,1,1,0,2025-05-18 14:40:05,2025-05-18 14:40:05,,,,"{'Kangaskhan': 1, 'Mismagius': 1, 'Omastar': 1, 'Spiritomb': 1, 'Blaziken': 1, 'Alakazam': 1}"
dryskin57877,[Gen 4] UU,2,2,0,2018-12-24 00:36:10,2019-03-06 02:54:28,1000.0,1000.0,[1000.0],"{'Magmortar': 1, 'Vileplume': 2, 'Sandslash': 1, 'Raticate': 1, 'Slowking': 1, 'Beedrill': 1, 'Ursaring': 1, 'Sneasel': 1}"
dryskin89658,[Gen 4] UU,2,0,2,2022-08-24 01:58:34,2022-08-24 02:05:07,,,,"{'Rhyperior': 1, 'Rotom': 1, 'Houndoom': 1, 'Uxie': 1, 'Primeape': 1, 'Venusaur': 2, 'Mismagius': 1, 'Omastar': 1, 'Sceptile': 1, 'Azumarill': 1, 'Blaziken': 1}"
dugtrio64593,[Gen 4] UU,8,5,3,2024-03-12 16:36:26,2024-04-05 16:45:28,,,,"{'Milotic': 2, 'Mismagius': 7, 'Houndoom': 5, 'Registeel': 2, 'Primeape': 3, 'Venusaur': 5, 'Kangaskhan': 4, 'Omastar': 1, 'Spiritomb': 1, 'Blaziken': 1, 'Alakazam': 5, 'Feraligatr': 4}"
dugtrio7644,[Gen 4] UU,2,2,0,2019-07-19 06:11:20,2019-07-19 06:32:37,,,,"{'Scyther': 1, 'Spiritomb': 1, 'Mesprit': 1, 'Clefable': 1, 'Moltres': 1, 'Mismagius': 1, 'Claydol': 1, 'Qwilfish': 1, 'Torterra': 1}"
dunsparce82530,[Gen 4] UU,15,4,11,2015-02-05 22:14:42,2015-11-19 01:12:46,,,,"{'Moltres': 3, 'Absol': 2, 'Mismagius': 9, 'Kabutops': 3, 'Venusaur': 7, 'Donphan': 3, 'Milotic': 7, 'Qwilfish': 7, 'Torterra': 4, 'Blaziken': 5, 'Swellow': 4, 'Omastar': 2, 'Hitmontop': 3, 'Spiritomb': 3, 'Arcanine': 5, 'Leafeon': 3, 'Azumarill': 2, 'Steelix': 2, 'Rotom': 1, 'Scyther': 2, 'Dugtrio': 2, 'Alakazam': 1, 'Ambipom': 2, 'Clefable': 1, 'Uxie': 1, 'Mesprit': 1, 'Tauros': 1, 'Drapion': 1}"
durinberry47662,[Gen 4] UU,1,0,1,2017-03-20 22:55:20,2017-03-20 22:55:20,,,,"{'Moltres': 1, 'Shiftry': 1, 'Exeggutor': 1, 'Rhyperior': 1, 'Typhlosion': 1, 'Uxie': 1}"
durinberry60737,[Gen 4] UU,3,1,2,2024-07-07 23:29:31,2024-07-08 01:06:38,,,,"{'Mismagius': 2, 'Steelix': 1, 'Clefable': 2, 'Houndoom': 1, 'Uxie': 1, 'Venusaur': 1, 'Rhyperior': 1, 'Toxicroak': 1, 'Jynx': 1, 'Feraligatr': 1, 'Arcanine': 2, 'Sceptile': 1, 'Kabutops': 1, 'Registeel': 1, 'Donphan': 1}"
durinberry85883,[Gen 4] UU,4,2,2,2014-06-29 16:39:48,2014-06-29 17:20:18,,,,"{'Slowbro': 4, 'Lickilicky': 4, 'Primeape': 4, 'Alakazam': 4, 'Donphan': 4, 'Shuckle': 4}"
dusclops21757,[Gen 4] UU,1,1,0,2019-08-06 09:37:02,2019-08-06 09:37:02,,,,"{'Altaria': 1, 'Aggron': 1, 'Nidoking': 1, 'Feraligatr': 1, 'Venusaur': 1}"
duskball26343,[Gen 4] UU,2,0,2,2016-07-19 04:04:22,2016-07-19 04:27:26,,,,"{'Milotic': 1, 'Aggron': 1, 'Ambipom': 1, 'Chansey': 1, 'Arcanine': 1, 'Venusaur': 1, 'Mesprit': 1, 'Donphan': 1}"
duskball40514,[Gen 4] UU,1,1,0,2024-03-15 05:23:04,2024-03-15 05:23:04,1049.0,1049.0,[1049.0],"{'Mismagius': 1, 'Raticate': 1, 'Steelix': 1, 'Houndoom': 1, 'Venusaur': 1}"
dusknoir56683,[Gen 4] UU,1,0,1,2016-08-20 15:40:06,2016-08-20 15:40:06,,,,"{'Absol': 1, 'Aggron': 1, 'Hitmonlee': 1, 'Ambipom': 1, 'Clefable': 1, 'Alakazam': 1}"
dusknoir90288,[Gen 4] UU,2,2,0,2017-02-07 19:24:08,2017-02-07 19:30:19,,,,"{'Rapidash': 1, 'Mr. Mime': 2, 'Victreebel': 2, 'Electabuzz': 2, 'Rhydon': 1, 'Armaldo': 1, 'Poliwrath': 1, 'Drifblim': 1}"
duskull18344,[Gen 4] UU,1,1,0,2024-03-20 13:51:18,2024-03-20 13:51:18,1061.0,1061.0,[1061.0],"{'Altaria': 1, 'Claydol': 1, 'Miltank': 1, 'Arcanine': 1, 'Venusaur': 1}"
duskull39368,[Gen 4] UU,2,2,0,2017-03-26 20:03:31,2017-03-26 20:10:05,,,,"{'Mesprit': 1, 'Omastar': 1, 'Toxicroak': 1, 'Torterra': 1, 'Houndoom': 1, 'Hariyama': 1, 'Kabutops': 1, 'Rotom': 1, 'Uxie': 1, 'Drapion': 1, 'Venusaur': 1}"
dustox44980,[Gen 4] UU,4,1,3,2015-03-27 03:02:19,2015-05-15 02:42:44,,,,"{'Gligar': 1, 'Nidoqueen': 2, 'Regirock': 2, 'Skuntank': 2, 'Slowking': 3, 'Lickilicky': 1, 'Mesprit': 1, 'Kangaskhan': 1, 'Rhyperior': 1, 'Azumarill': 1, 'Blaziken': 1, 'Leafeon': 1, 'Charizard': 1, 'Sandslash': 2, 'Haunter': 1, 'Glalie': 1, 'Vileplume': 1, 'Tauros': 1}"
dustox94534,[Gen 4] UU,4,0,4,2015-05-15 05:40:22,2016-01-24 18:42:29,,,,"{'Mismagius': 1, 'Hitmontop': 1, 'Torterra': 4, 'Lanturn': 1, 'Registeel': 1, 'Arcanine': 2, 'Moltres': 2, 'Kabutops': 3, 'Poliwrath': 2, 'Drapion': 3, 'Ambipom': 2, 'Milotic': 1, 'Rotom': 1}"
dynamicpunch12574,[Gen 4] UU,12,6,6,2017-03-14 19:10:14,2018-03-22 21:21:27,,,,"{'Electabuzz': 3, 'Dragonair': 2, 'Pelipper': 2, 'Victreebel': 4, 'Metang': 3, 'Misdreavus': 2, 'Kadabra': 1, 'Gastrodon-East': 1, 'Poliwrath': 1, 'Bellossom': 1, 'Muk': 1, 'Kecleon': 2, 'Rampardos': 2, 'Octillery': 3, 'Solrock': 4, 'Chimecho': 3, 'Glaceon': 2, 'Rapidash': 1, 'Onix': 1, 'Purugly': 2, 'Tangela': 1, 'Machoke': 1, 'Xatu': 1, 'Marowak': 1, 'Snover': 1, 'Hitmontop': 1, 'Nidoqueen': 1, 'Walrein': 1, 'Ursaring': 2, 'Omastar': 2, 'Rotom': 2, 'Swellow': 2, 'Blaziken': 2, 'Alakazam': 2, 'Magmortar': 1, 'Meganium': 1, 'Tauros': 1, 'Medicham': 1, 'Jynx': 1, 'Probopass': 1, 'Golduck': 1, 'Gorebyss': 1, 'Ampharos': 1}"
dynamicpunch89699,[Gen 4] UU,6,4,2,2017-06-10 22:42:56,2017-06-25 19:06:14,,,,"{'Kadabra': 2, 'Monferno': 1, 'Dragonair': 5, 'Metang': 3, 'Misdreavus': 5, 'Golbat': 1, 'Poliwrath': 4, 'Victreebel': 2, 'Rhydon': 3, 'Glalie': 2, 'Cacturne': 1, 'Purugly': 3, 'Xatu': 2}"
earlybird42304,[Gen 4] UU,3,1,2,2014-06-29 16:32:43,2014-06-29 18:18:45,,,,"{'Milotic': 3, 'Kangaskhan': 3, 'Venusaur': 3, 'Blaziken': 3, 'Alakazam': 3, 'Donphan': 3}"
earthplate6627,[Gen 4] UU,1,0,1,2020-03-25 22:36:19,2020-03-25 22:36:19,1000.0,1000.0,[1000.0],"{'Scyther': 1, 'Claydol': 1, 'Mismagius': 1, 'Lanturn': 1, 'Drapion': 1, 'Alakazam': 1}"
earthplate76554,[Gen 4] UU,2,2,0,2018-03-05 01:05:01,2018-08-06 19:23:58,,,,"{'Milotic': 2, 'Rhyperior': 2, 'Venusaur': 2, 'Drapion': 1, 'Alakazam': 2, 'Houndoom': 1, 'Primeape': 1}"
earthpower28680,[Gen 4] UU,1,1,0,2017-01-14 05:02:08,2017-01-14 05:02:08,,,,"{'Omastar': 1, 'Torterra': 1, 'Lanturn': 1, 'Houndoom': 1, 'Donphan': 1}"
earthpower3828,[Gen 4] UU,2,2,0,2024-03-02 22:47:27,2024-03-04 12:30:15,1120.0,1237.0,"[1120.0, 1237.0]","{'Mismagius': 2, 'Nidoking': 2, 'Kabutops': 2, 'Uxie': 2, 'Alakazam': 2, 'Sceptile': 1}"
earthquake83470,[Gen 4] UU,1,1,0,2025-05-28 08:24:35,2025-05-28 08:24:35,,,,"{'Moltres': 1, 'Milotic': 1, 'Aggron': 1, 'Clefable': 1, 'Venusaur': 1, 'Donphan': 1}"
earthquake98573,[Gen 4] UU,2,0,2,2025-03-01 06:28:49,2025-03-14 00:21:11,,,,"{'Toxicroak': 2, 'Torterra': 2, 'Rotom': 2, 'Houndoom': 2, 'Uxie': 2, 'Blastoise': 2}"
eevee52252,[Gen 4] UU,2,2,0,2017-06-01 20:30:22,2017-06-01 20:37:35,,,,"{'Gastrodon-East': 1, 'Poliwrath': 1, 'Cacturne': 1, 'Metang': 1, 'Rhydon': 1, 'Golbat': 1, 'Onix': 1, 'Bellossom': 1, 'Victreebel': 1, 'Rapidash': 1}"
effectspore19836,[Gen 4] UU,2,0,2,2024-12-02 01:22:17,2024-12-02 01:27:05,,,,"{'Mismagius': 1, 'Sceptile': 1, 'Kabutops': 2, 'Registeel': 1, 'Arcanine': 2, 'Donphan': 1, 'Mesprit': 1, 'Dugtrio': 1, 'Swellow': 1, 'Leafeon': 1}"
effectspore6837,[Gen 4] UU,3,1,2,2017-01-08 22:05:08,2017-01-08 22:05:21,,,,"{'Machoke': 2, 'Gorebyss': 2, 'Rhydon': 2, 'Seaking': 2, 'Purugly': 3, 'Lickilicky': 2, 'Rapidash': 1, 'Onix': 1, 'Victreebel': 1, 'Metang': 1, 'Tangela': 1}"
effectspore87992,[Gen 4] UU,5,2,3,2015-09-29 10:44:20,2015-10-18 14:24:14,1000.0,1000.0,[1000.0],"{'Altaria': 5, 'Mismagius': 5, 'Aggron': 5, 'Clefable': 5, 'Drapion': 5, 'Blastoise': 5}"
effectspore96182,[Gen 4] UU,2,0,2,2015-04-14 01:52:26,2015-04-19 15:38:49,,,,"{'Vileplume': 2, 'Charizard': 2, 'Sandslash': 2, 'Floatzel': 2, 'Skuntank': 1, 'Gardevoir': 1, 'Haunter': 1, 'Sneasel': 1}"
eggbomb49091,[Gen 4] UU,1,0,1,2023-12-05 05:42:42,2023-12-05 05:42:42,,,,"{'Cloyster': 1, 'Mismagius': 1, 'Dugtrio': 1, 'Uxie': 1, 'Arcanine': 1, 'Venusaur': 1}"
electabuzz37326,[Gen 4] UU,7,2,5,2022-06-15 18:03:17,2024-10-19 00:30:39,,,,"{'Sceptile': 2, 'Omastar': 2, 'Jynx': 2, 'Rotom': 2, 'Houndoom': 4, 'Mismagius': 2, 'Clefable': 1, 'Registeel': 3, 'Venusaur': 4, 'Blastoise': 2, 'Pinsir': 1, 'Azumarill': 1, 'Rhyperior': 3, 'Feraligatr': 1, 'Uxie': 1, 'Primeape': 1, 'Dugtrio': 1, 'Alakazam': 1, 'Moltres': 1, 'Milotic': 1, 'Weezing': 1, 'Leafeon': 1, 'Scyther': 1, 'Toxicroak': 1}"
electabuzz8069,[Gen 4] UU,1,0,1,2020-03-16 05:17:54,2020-03-16 05:17:54,,,,"{'Mismagius': 1, 'Sceptile': 1, 'Kabutops': 1, 'Registeel': 1, 'Arcanine': 1, 'Donphan': 1}"
electirizer32905,[Gen 4] UU,1,0,1,2016-05-29 13:05:42,2016-05-29 13:05:42,,,,"{'Ursaring': 1, 'Omastar': 1, 'Rotom': 1, 'Swellow': 1, 'Blaziken': 1, 'Alakazam': 1}"
electirizer66111,[Gen 4] UU,1,1,0,2023-12-05 05:42:42,2023-12-05 05:42:42,,,,"{'Scyther': 1, 'Toxicroak': 1, 'Torterra': 1, 'Regirock': 1, 'Houndoom': 1, 'Blastoise': 1}"
electirizer6634,[Gen 4] UU,1,0,1,2022-06-16 21:19:15,2022-06-16 21:19:15,,,,"{'Mismagius': 1, 'Sceptile': 1, 'Claydol': 1, 'Qwilfish': 1, 'Toxicroak': 1, 'Spiritomb': 1}"
electirizer87437,[Gen 4] UU,5,2,3,2016-01-02 20:36:18,2017-10-27 16:19:45,,,,"{'Politoed': 1, 'Ninetales': 1, 'Regirock': 2, 'Hitmonchan': 2, 'Jumpluff': 1, 'Hypno': 1, 'Nidoking': 1, 'Torterra': 1, 'Registeel': 1, 'Arcanine': 1, 'Swellow': 1, 'Blastoise': 1, 'Charizard': 3, 'Porygon2': 1, 'Marowak': 1, 'Solrock': 1, 'Slowking': 1, 'Gardevoir': 2, 'Lapras': 1, 'Vileplume': 2, 'Sneasel': 1, 'Sandslash': 1, 'Floatzel': 1, 'Skuntank': 1}"
electivire29381,[Gen 4] UU,1,0,1,2016-11-14 01:31:29,2016-11-14 01:31:29,,,,"{'Politoed': 1, 'Meganium': 1, 'Ninetales': 1, 'Tauros': 1, 'Torkoal': 1}"
electivire59625,[Gen 4] UU,7,4,3,2020-02-26 00:33:23,2020-07-17 00:46:20,,,,"{'Milotic': 6, 'Mismagius': 7, 'Houndoom': 7, 'Registeel': 7, 'Primeape': 7, 'Venusaur': 6}"
electrike21861,[Gen 4] UU,1,0,1,2024-03-07 01:01:52,2024-03-07 01:01:52,,,,"{'Registeel': 1, 'Milotic': 1, 'Primeape': 1, 'Mismagius': 1}"
electrike32630,[Gen 4] UU,2,0,2,2019-02-23 00:41:32,2019-02-23 00:58:45,,,,"{'Altaria': 2, 'Absol': 2, 'Blaziken': 2, 'Alakazam': 2, 'Fearow': 2, 'Blastoise': 2}"
electrike44211,[Gen 4] UU,1,1,0,2022-04-17 21:23:41,2022-04-17 21:23:41,,,,"{'Milotic': 1, 'Mismagius': 1, 'Sceptile': 1, 'Miltank': 1, 'Registeel': 1, 'Drapion': 1}"
electrike44851,[Gen 4] UU,5,3,2,2014-06-29 16:27:58,2014-06-29 17:53:10,,,,"{'Milotic': 5, 'Mismagius': 5, 'Hitmontop': 5, 'Miltank': 5, 'Arcanine': 5, 'Alakazam': 5}"
elekid34733,[Gen 4] UU,3,2,1,2017-01-12 21:12:51,2017-01-12 21:27:44,,,,"{'Claydol': 1, 'Aggron': 1, 'Swellow': 1, 'Houndoom': 1, 'Venusaur': 3, 'Blastoise': 1, 'Moltres': 1, 'Altaria': 1, 'Omastar': 1, 'Registeel': 1, 'Donphan': 1, 'Electrode': 1, 'Hitmontop': 1, 'Steelix': 1, 'Slowking': 1}"
embargo39854,[Gen 4] UU,1,1,0,2011-01-16 15:33:00,2011-01-16 15:33:00,,,,"{'Moltres': 1, 'Venusaur': 1, 'Blastoise': 1, 'Registeel': 1}"
embargo50559,[Gen 4] UU,13,12,1,2018-05-28 02:18:43,2018-06-11 23:49:43,,,,"{'Lapras': 1, 'Luxray': 2, 'Sceptile': 2, 'Hitmontop': 2, 'Rhyperior': 4, 'Espeon': 1, 'Mesprit': 2, 'Aggron': 6, 'Torterra': 2, 'Muk': 2, 'Lanturn': 2, 'Tangrowth': 3, 'Entei': 3, 'Floatzel': 3, 'Gardevoir': 3, 'Mismagius': 1, 'Regirock': 1, 'Mantine': 1, 'Arcanine': 1, 'Alakazam': 1, 'Ampharos': 1, 'Drapion': 2, 'Magmortar': 1, 'Armaldo': 1, 'Poliwrath': 2, 'Metang': 1, 'Venusaur': 1, 'Vespiquen': 1, 'Gabite': 1, 'Cacturne': 1, 'Drifblim': 1, 'Chansey': 1, 'Altaria': 1, 'Slowking': 1, 'Tauros': 1, 'Dugtrio': 1, 'Milotic': 1}"
ember27470,[Gen 4] UU,1,0,1,2015-01-07 21:50:56,2015-01-07 21:50:56,,,,"{'Kingler': 1, 'Sharpedo': 1, 'Charizard': 1, 'Medicham': 1, 'Sneasel': 1, 'Manectric': 1}"
ember54565,[Gen 4] UU,1,1,0,2020-05-10 20:45:45,2020-05-10 20:45:45,,,,"{'Scyther': 1, 'Rhyperior': 1, 'Venusaur': 1, 'Rotom': 1, 'Ambipom': 1, 'Blastoise': 1}"
ember80244,[Gen 4] UU,21,8,13,2015-04-08 05:28:52,2015-11-19 04:44:10,,,,"{'Snover': 10, 'Mesprit': 10, 'Mismagius': 11, 'Rhyperior': 4, 'Feraligatr': 12, 'Glaceon': 11, 'Haunter': 2, 'Clefable': 2, 'Cloyster': 6, 'Linoone': 5, 'Blaziken': 6, 'Qwilfish': 3, 'Dugtrio': 5, 'Moltres': 3, 'Tangrowth': 3, 'Jynx': 4, 'Rotom': 4, 'Uxie': 3, 'Donphan': 4, 'Drapion': 1, 'Hitmontop': 2, 'Lanturn': 2, 'Absol': 1, 'Miltank': 1, 'Scyther': 1, 'Magneton': 1, 'Toxicroak': 2}"
empoleon54589,[Gen 4] UU,1,1,0,2017-02-03 16:30:25,2017-02-03 16:30:25,,,,"{'Moltres': 1, 'Qwilfish': 1, 'Hitmontop': 1, 'Steelix': 1, 'Chansey': 1, 'Spiritomb': 1}"
encore26273,[Gen 4] UU,1,0,1,2014-07-21 23:00:44,2014-07-21 23:00:44,,,,"{'Banette': 1, 'Slowbro': 1, 'Toxicroak': 1, 'Torterra': 1, 'Blastoise': 1, 'Drifblim': 1}"
encore31702,[Gen 4] UU,1,0,1,2024-12-09 20:19:53,2024-12-09 20:19:53,,,,"{'Kangaskhan': 1, 'Mismagius': 1, 'Omastar': 1, 'Spiritomb': 1, 'Blaziken': 1, 'Alakazam': 1}"
endure71189,[Gen 4] UU,1,0,1,2016-05-01 04:30:28,2016-05-01 04:30:28,,,,"{'Tauros': 1, 'Raticate': 1, 'Dodrio': 1, 'Furret': 1, 'Lickilicky': 1, 'Slaking': 1}"
energyball21854,[Gen 4] UU,3,0,3,2014-06-25 15:18:12,2014-06-26 23:27:12,1000.0,1086.0,"[1000.0, 1086.0, 1030.0]","{'Milotic': 1, 'Venusaur': 3, 'Chansey': 3, 'Blaziken': 3, 'Ambipom': 1, 'Donphan': 1, 'Azumarill': 2, 'Golem': 2, 'Dusclops': 2}"
energyball29515,[Gen 4] UU,2,1,1,2015-01-07 21:11:24,2015-03-16 22:42:27,,,,"{'Mismagius': 1, 'Hitmontop': 1, 'Rhyperior': 1, 'Azumarill': 1, 'Hippopotas': 1, 'Venusaur': 1, 'Charizard': 1, 'Sandslash': 1, 'Magneton': 1, 'Regirock': 1, 'Jynx': 1, 'Slowking': 1}"
energyball61726,[Gen 4] UU,1,0,1,2015-04-04 20:20:38,2015-04-04 20:20:38,,,,"{'Milotic': 1, 'Mesprit': 1, 'Rhyperior': 1, 'Torterra': 1, 'Weezing': 1, 'Arcanine': 1}"
energyball95345,[Gen 4] UU,4,2,2,2019-05-02 19:30:54,2019-05-02 20:18:13,,,,"{'Moltres': 2, 'Mismagius': 2, 'Slowbro': 1, 'Spiritomb': 1, 'Drapion': 2, 'Venusaur': 2, 'Vileplume': 2, 'Gligar': 2, 'Flareon': 2, 'Armaldo': 1, 'Slowking': 2, 'Glaceon': 2, 'Manectric': 1, 'Steelix': 1, 'Clefable': 1}"
energypowder19900,[Gen 4] UU,2,2,0,2017-11-18 21:57:45,2017-11-18 22:01:31,,,,"{'Milotic': 2, 'Rotom': 1, 'Espeon': 1, 'Registeel': 2, 'Blaziken': 1, 'Venusaur': 1, 'Scyther': 1, 'Arcanine': 1, 'Donphan': 1}"
energypowder31776,[Gen 4] UU,3,2,1,2017-01-18 21:01:11,2017-01-18 21:11:26,,,,"{'Hariyama': 1, 'Mesprit': 1, 'Omastar': 2, 'Clefable': 1, 'Houndoom': 1, 'Venusaur': 1, 'Mismagius': 1, 'Sceptile': 1, 'Kabutops': 1, 'Arcanine': 1, 'Donphan': 1, 'Milotic': 1, 'Weezing': 1, 'Chansey': 1, 'Spiritomb': 1}"
enigmaberry45523,[Gen 4] UU,1,1,0,2020-02-15 09:48:55,2020-02-15 09:48:55,,,,"{'Torterra': 1, 'Ambipom': 1, 'Kabutops': 1, 'Poliwrath': 1}"
enigmaberry9362,[Gen 4] UU,1,0,1,2016-04-28 03:07:10,2016-04-28 03:07:10,,,,"{'Snover': 1, 'Hitmontop': 1, 'Nidoqueen': 1, 'Walrein': 1, 'Chansey': 1, 'Registeel': 1}"
enpowerflying78966,[Gen 4] UU,1,0,1,2016-01-06 16:40:47,2016-01-06 16:40:47,,,,"{'Tauros': 1, 'Regirock': 1, 'Pelipper': 1, 'Manectric': 1, 'Rhydon': 1, 'Gardevoir': 1}"
enpowerpoison39624,[Gen 4] UU,5,1,4,2015-04-06 23:34:32,2016-06-10 20:32:24,,,,"{'Mesprit': 1, 'Kangaskhan': 1, 'Rhyperior': 1, 'Azumarill': 1, 'Blaziken': 1, 'Leafeon': 1, 'Politoed': 1, 'Magmortar': 1, 'Magneton': 1, 'Haunter': 3, 'Jynx': 2, 'Piloswine': 1, 'Tauros': 2, 'Regirock': 2, 'Manectric': 1, 'Slowking': 1, 'Rhydon': 1, 'Glalie': 1, 'Drifblim': 1, 'Gligar': 1, 'Medicham': 1, 'Cacturne': 1, 'Muk': 1, 'Hippopotas': 1}"
enpowerpoison95815,[Gen 4] UU,2,2,0,2020-03-09 00:12:59,2020-08-27 00:18:07,,,,"{'Houndoom': 1, 'Drapion': 2, 'Absol': 2, 'Mesprit': 2, 'Hitmontop': 1, 'Blaziken': 1}"
entei17250,[Gen 4] UU,1,0,1,2015-09-03 23:53:34,2015-09-03 23:53:34,,,,{'Torterra': 1}
entei72987,[Gen 4] UU,15,5,10,2016-01-17 16:56:50,2017-10-29 23:20:05,,,,"{'Granbull': 1, 'Pineco': 1, 'Sneasel': 2, 'Electabuzz': 2, 'Lickilicky': 1, 'Golbat': 2, 'Tauros': 2, 'Sandslash': 2, 'Hitmonchan': 1, 'Haunter': 2, 'Skuntank': 4, 'Gardevoir': 2, 'Armaldo': 2, 'Gastrodon-East': 2, 'Mr. Mime': 2, 'Victreebel': 3, 'Metang': 5, 'Monferno': 2, 'Poliwrath': 3, 'Purugly': 2, 'Misdreavus': 3, 'Kecleon': 1, 'Marowak': 2, 'Solrock': 3, 'Clamperl': 1, 'Chimecho': 1, 'Ampharos': 1, 'Medicham': 4, 'Magneton': 2, 'Regirock': 1, 'Dodrio': 1, 'Slowking': 4, 'Charizard': 2, 'Kadabra': 2, 'Jumpluff': 2, 'Claydol': 1, 'Sceptile': 1, 'Spiritomb': 1, 'Houndoom': 1, 'Drapion': 1, 'Porygon2': 1, 'Crawdaunt': 1, 'Diglett': 1, 'Electrode': 1, 'Nidoqueen': 1, 'Piloswine': 1, 'Drifblim': 1, 'Dragonair': 1, 'Pelipper': 1}"
eruption35026,[Gen 4] UU,3,1,2,2017-01-12 21:12:51,2017-01-12 21:27:44,,,,"{'Mismagius': 2, 'Sceptile': 1, 'Kabutops': 2, 'Registeel': 2, 'Arcanine': 2, 'Donphan': 1, 'Milotic': 2, 'Houndoom': 1, 'Primeape': 1, 'Venusaur': 1, 'Drapion': 1, 'Torterra': 1, 'Rotom': 1}"
espeon70636,[Gen 4] UU,4,2,2,2020-03-31 19:42:33,2020-07-01 13:37:36,1000.0,1000.0,[1000.0],"{'Aggron': 3, 'Hippopotas': 2, 'Rotom': 2, 'Cacturne': 2, 'Mismagius': 1, 'Qwilfish': 1, 'Primeape': 1, 'Donphan': 1, 'Leafeon': 1, 'Moltres': 1, 'Tangrowth': 1, 'Kangaskhan': 1, 'Mesprit': 1, 'Regirock': 2, 'Victreebel': 1, 'Hitmonchan': 1}"
espeon93605,[Gen 4] UU,1,0,1,2020-07-15 14:21:19,2020-07-15 14:21:19,,,,"{'Ludicolo': 1, 'Sceptile': 1, 'Aggron': 1, 'Toxicroak': 1, 'Kabutops': 1, 'Blaziken': 1}"
exeggcute31337,[Gen 4] UU,1,0,1,2023-04-01 16:13:43,2023-04-01 16:13:43,,,,"{'Blaziken': 1, 'Mismagius': 1, 'Omastar': 1, 'Clefable': 1, 'Uxie': 1, 'Venusaur': 1}"
exeggcute56830,[Gen 4] UU,1,1,0,2019-08-05 16:55:53,2019-08-05 16:55:53,,,,"{'Altaria': 1, 'Azumarill': 1, 'Chansey': 1, 'Swellow': 1, 'Clefable': 1, 'Venusaur': 1}"
exeggcute88235,[Gen 4] UU,2,1,1,2017-03-27 00:58:13,2017-04-29 03:36:57,,,,"{'Machoke': 2, 'Poliwrath': 2, 'Rhydon': 2, 'Misdreavus': 2, 'Golbat': 2, 'Cacturne': 1}"
exeggutor25562,[Gen 4] UU,1,1,0,2024-11-11 17:55:30,2024-11-11 17:55:30,,,,"{'Mismagius': 1, 'Qwilfish': 1, 'Clefable': 1, 'Arcanine': 1, 'Alakazam': 1, 'Leafeon': 1}"
exeggutor56496,[Gen 4] UU,3,1,2,2016-04-27 11:19:15,2016-05-06 18:35:32,,,,"{'Milotic': 2, 'Exeggutor': 1, 'Hariyama': 1, 'Toxicroak': 1, 'Steelix': 1, 'Houndoom': 1, 'Sceptile': 2, 'Entei': 1, 'Feraligatr': 1, 'Drapion': 1, 'Alakazam': 1, 'Donphan': 1, 'Altaria': 1, 'Regice': 1, 'Registeel': 1, 'Slaking': 1}"
exeggutor87010,[Gen 4] UU,3,1,2,2024-03-29 01:13:41,2024-03-29 01:49:43,,,,"{'Omastar': 1, 'Houndoom': 1, 'Feraligatr': 2, 'Rotom': 1, 'Registeel': 2, 'Venusaur': 3, 'Moltres': 1, 'Uxie': 2, 'Primeape': 1, 'Donphan': 1, 'Entei': 1, 'Rhyperior': 1, 'Ambipom': 1}"
expertbelt27094,[Gen 4] UU,1,0,1,2020-07-08 01:54:22,2020-07-08 01:54:22,,,,"{'Moltres': 1, 'Scyther': 1, 'Omastar': 1, 'Toxicroak': 1, 'Rotom': 1, 'Chansey': 1}"
expertbelt43056,[Gen 4] UU,1,0,1,2024-12-03 22:33:41,2024-12-03 22:33:41,,,,"{'Camerupt': 1, 'Mismagius': 1, 'Gligar': 1, 'Clefable': 1, 'Hippopotas': 1, 'Cradily': 1}"
explosion80293,[Gen 4] UU,3,2,1,2015-04-08 01:25:37,2015-04-24 23:22:14,,,,"{'Milotic': 3, 'Mismagius': 3, 'Torterra': 3, 'Uxie': 3, 'Arcanine': 3, 'Alakazam': 2}"
explosion94540,[Gen 4] UU,5,2,3,2017-01-13 23:02:47,2017-11-04 19:26:21,,,,"{'Mismagius': 2, 'Sceptile': 1, 'Kabutops': 1, 'Registeel': 1, 'Arcanine': 1, 'Donphan': 1, 'Shiftry': 1, 'Nidoqueen': 2, 'Regirock': 2, 'Poliwrath': 1, 'Lickilicky': 2, 'Drifblim': 2, 'Tangrowth': 1, 'Milotic': 1, 'Omastar': 1, 'Hitmontop': 1, 'Clefable': 1, 'Tauros': 1, 'Hitmonchan': 2, 'Cacturne': 1, 'Slowking': 2, 'Vileplume': 1, 'Sableye': 1}"
exploud85054,[Gen 4] UU,1,0,1,2024-03-26 02:29:01,2024-03-26 02:29:01,1000.0,1000.0,[1000.0],"{'Scyther': 1, 'Mesprit': 1, 'Mismagius': 1, 'Lanturn': 1, 'Drapion': 1}"
extrasensory30128,[Gen 4] UU,1,1,0,2024-12-02 22:37:03,2024-12-02 22:37:03,,,,"{'Milotic': 1, 'Mismagius': 1, 'Houndoom': 1, 'Registeel': 1, 'Primeape': 1, 'Venusaur': 1}"
extrasensory67540,[Gen 4] UU,2,1,1,2024-03-22 01:22:59,2024-03-22 01:29:11,1000.0,1073.0,"[1073.0, 1000.0]","{'Mismagius': 1, 'Omastar': 2, 'Torterra': 2, 'Clefable': 2, 'Swellow': 2, 'Drifblim': 2}"
extrasensory76435,[Gen 4] UU,7,4,3,2022-03-13 14:55:50,2024-03-28 13:11:56,,,,"{'Moltres': 3, 'Milotic': 3, 'Hariyama': 2, 'Claydol': 2, 'Registeel': 2, 'Mesprit': 2, 'Tauros': 1, 'Kabutops': 1, 'Houndoom': 1, 'Primeape': 2, 'Venusaur': 4, 'Kangaskhan': 1, 'Mismagius': 2, 'Aggron': 1, 'Entei': 1, 'Donphan': 2, 'Clefable': 3, 'Qwilfish': 1, 'Arcanine': 1, 'Rhyperior': 1, 'Torterra': 1, 'Azumarill': 1, 'Slowking': 1}"
extremespeed15294,[Gen 4] UU,1,0,1,2020-06-01 16:54:44,2020-06-01 16:54:44,,,,"{'Ludicolo': 1, 'Toxicroak': 1, 'Kabutops': 1, 'Dugtrio': 1, 'Registeel': 1, 'Uxie': 1}"
extremespeed62335,[Gen 4] UU,6,1,5,2019-11-19 10:26:06,2022-07-27 19:41:22,,,,"{'Milotic': 5, 'Hitmontop': 5, 'Registeel': 3, 'Arcanine': 5, 'Venusaur': 5, 'Donphan': 3, 'Rhyperior': 2, 'Rotom': 1, 'Toxicroak': 1, 'Jynx': 1, 'Clefable': 1, 'Feraligatr': 1}"
extremespeed7613,[Gen 4] UU,5,2,3,2017-01-02 21:31:51,2017-01-26 16:25:46,,,,"{'Rapidash': 3, 'Poliwrath': 4, 'Mr. Mime': 2, 'Linoone': 1, 'Rhydon': 4, 'Misdreavus': 2, 'Onix': 1, 'Victreebel': 3, 'Metang': 1, 'Purugly': 1, 'Tangela': 1, 'Gabite': 2, 'Glalie': 2, 'Yanma': 2}"
extremespeed80950,[Gen 4] UU,1,0,1,2024-03-09 22:29:27,2024-03-09 22:29:27,1000.0,1000.0,[1000.0],"{'Sceptile': 1, 'Azumarill': 1, 'Lopunny': 1, 'Clefable': 1, 'Blaziken': 1, 'Alakazam': 1}"
facade526,[Gen 4] UU,1,0,1,2015-10-17 00:51:10,2015-10-17 00:51:10,1000.0,1000.0,[1000.0],"{'Milotic': 1, 'Mismagius': 1, 'Qwilfish': 1, 'Spiritomb': 1, 'Registeel': 1, 'Arcanine': 1}"
facade60368,[Gen 4] UU,3,1,2,2019-04-14 11:00:21,2020-02-13 11:17:03,,,,"{'Mesprit': 2, 'Kabutops': 3, 'Dugtrio': 2, 'Arcanine': 3, 'Swellow': 2, 'Leafeon': 2, 'Mismagius': 1, 'Sceptile': 1, 'Registeel': 1, 'Donphan': 1}"
facade73897,[Gen 4] UU,1,0,1,2016-03-08 18:47:22,2016-03-08 18:47:22,,,,"{'Mismagius': 1, 'Slowbro': 1, 'Hitmontop': 1, 'Nidoqueen': 1, 'Chansey': 1, 'Registeel': 1}"
facade93053,[Gen 4] UU,2,2,0,2017-06-08 15:59:42,2017-06-08 16:11:35,,,,"{'Machoke': 1, 'Poliwrath': 1, 'Cacturne': 1, 'Rhydon': 1, 'Misdreavus': 2, 'Golbat': 2, 'Kadabra': 1, 'Monferno': 1, 'Probopass': 1, 'Gastrodon': 1}"
fakeout65137,[Gen 4] UU,1,1,0,2017-06-04 21:43:35,2017-06-04 21:43:35,,,,"{'Lunatone': 1, 'Gorebyss': 1, 'Gligar': 1, 'Torterra': 1, 'Hypno': 1, 'Blaziken': 1}"
faketears18023,[Gen 4] UU,1,1,0,2024-07-24 17:25:55,2024-07-24 17:25:55,,,,"{'Ursaring': 1, 'Omastar': 1, 'Rotom': 1, 'Swellow': 1, 'Blaziken': 1, 'Alakazam': 1}"
faketears55208,[Gen 4] UU,1,0,1,2017-05-21 21:18:20,2017-05-21 21:18:20,,,,"{'Qwilfish': 1, 'Torterra': 1, 'Rotom': 1, 'Registeel': 1, 'Blaziken': 1, 'Ambipom': 1}"
faketears70399,[Gen 4] UU,1,0,1,2019-12-15 17:23:21,2019-12-15 17:23:21,,,,"{'Milotic': 1, 'Absol': 1, 'Hitmontop': 1, 'Houndoom': 1, 'Uxie': 1, 'Alakazam': 1}"
falseswipe83924,[Gen 4] UU,1,1,0,2017-05-13 16:43:32,2017-05-13 16:43:32,,,,"{'Milotic': 1, 'Mesprit': 1, 'Registeel': 1, 'Swellow': 1, 'Leafeon': 1}"
falseswipe89357,[Gen 4] UU,3,1,2,2015-03-17 17:18:02,2015-04-16 21:35:35,,,,"{'Moltres': 2, 'Lanturn': 2, 'Registeel': 2, 'Houndoom': 1, 'Torterra': 2, 'Ambipom': 1, 'Mesprit': 1, 'Altaria': 1, 'Donphan': 1}"
falseswipe94794,[Gen 4] UU,2,2,0,2017-01-15 16:21:59,2017-01-15 16:27:10,,,,"{'Scyther': 1, 'Omastar': 1, 'Torterra': 2, 'Lanturn': 1, 'Houndoom': 1, 'Donphan': 1, 'Registeel': 1, 'Rotom': 1, 'Milotic': 1}"
farfetchd68284,[Gen 4] UU,7,2,5,2015-05-09 05:17:11,2017-02-10 19:49:57,,,,"{'Blaziken': 2, 'Rhyperior': 2, 'Azumarill': 3, 'Dugtrio': 3, 'Uxie': 5, 'Leafeon': 2, 'Scyther': 3, 'Milotic': 3, 'Primeape': 3, 'Venusaur': 4, 'Donphan': 3, 'Venomoth': 1, 'Charizard': 1, 'Vileplume': 1, 'Medicham': 1, 'Magneton': 1, 'Slowking': 1, 'Drapion': 1, 'Swellow': 1, 'Arcanine': 1}"
fastball12016,[Gen 4] UU,2,0,2,2024-11-09 00:23:59,2024-11-09 00:29:42,,,,"{'Rhyperior': 1, 'Regirock': 1, 'Dugtrio': 1, 'Clefable': 1, 'Registeel': 2, 'Hippopotas': 1, 'Mismagius': 1, 'Houndoom': 1, 'Blaziken': 1, 'Venusaur': 1, 'Blastoise': 1}"
fastball33431,[Gen 4] UU,1,0,1,2024-03-19 10:50:04,2024-03-19 10:50:04,,,,"{'Kangaskhan': 1, 'Mismagius': 1, 'Qwilfish': 1, 'Feraligatr': 1, 'Arcanine': 1, 'Alakazam': 1}"
fastball40079,[Gen 4] UU,2,0,2,2019-04-21 16:02:30,2019-05-11 21:32:18,,,,"{'Qwilfish': 1, 'Torterra': 1, 'Rotom': 1, 'Registeel': 1, 'Blaziken': 1, 'Ambipom': 1, 'Snover': 1, 'Claydol': 1, 'Nidoqueen': 1, 'Walrein': 1, 'Slowking': 1, 'Venusaur': 1}"
fastball51090,[Gen 4] UU,2,1,1,2019-12-26 12:16:42,2020-06-02 06:18:57,,,,"{'Milotic': 2, 'Rotom': 2, 'Registeel': 2, 'Uxie': 2, 'Arcanine': 2, 'Venusaur': 2}"
fastball91928,[Gen 4] UU,1,1,0,2020-02-07 01:43:39,2020-02-07 01:43:39,,,,"{'Mismagius': 1, 'Kabutops': 1, 'Miltank': 1, 'Uxie': 1, 'Blaziken': 1, 'Drapion': 1}"
fearow31141,[Gen 4] UU,3,1,2,2018-11-25 22:10:05,2019-05-03 02:38:37,,,,"{'Scyther': 1, 'Sceptile': 1, 'Qwilfish': 2, 'Rotom': 1, 'Houndoom': 1, 'Donphan': 1, 'Moltres': 1, 'Mismagius': 1, 'Torterra': 2, 'Kabutops': 1, 'Swellow': 1, 'Milotic': 1, 'Mesprit': 1, 'Rhyperior': 1, 'Weezing': 1, 'Arcanine': 1}"
fearow40255,[Gen 4] UU,1,1,0,2024-01-29 01:55:50,2024-01-29 01:55:50,,,,"{'Hariyama': 1, 'Ludicolo': 1, 'Claydol': 1, 'Qwilfish': 1, 'Clefable': 1, 'Registeel': 1}"
fearow63662,[Gen 4] UU,1,1,0,2024-10-27 18:21:04,2024-10-27 18:21:04,,,,"{'Moltres': 1, 'Absol': 1, 'Kangaskhan': 1, 'Chansey': 1, 'Drapion': 1, 'Alakazam': 1}"
featherdance78650,[Gen 4] UU,1,1,0,2019-05-24 01:45:58,2019-05-24 01:45:58,,,,"{'Milotic': 1, 'Rhyperior': 1, 'Alakazam': 1, 'Blaziken': 1, 'Venusaur': 1}"
feebas67096,[Gen 4] UU,1,0,1,2015-03-17 01:23:55,2015-03-17 01:23:55,,,,"{'Mesprit': 1, 'Azumarill': 1, 'Rotom': 1, 'Clefable': 1, 'Blaziken': 1, 'Venusaur': 1}"
feebas91653,[Gen 4] UU,21,14,7,2014-08-16 14:53:41,2017-01-31 23:38:25,,,,"{'Moltres': 5, 'Steelix': 1, 'Rotom': 12, 'Alakazam': 1, 'Venusaur': 18, 'Blastoise': 1, 'Scyther': 2, 'Milotic': 8, 'Registeel': 8, 'Arcanine': 8, 'Donphan': 5, 'Tauros': 6, 'Omastar': 5, 'Azumarill': 6, 'Blaziken': 8, 'Exeggutor': 1, 'Monferno': 1, 'Dugtrio': 2, 'Aggron': 2, 'Clefable': 2, 'Mesprit': 2, 'Drapion': 1, 'Sceptile': 2, 'Slowking': 2, 'Ambipom': 2, 'Qwilfish': 2, 'Hitmontop': 1, 'Rhyperior': 1, 'Spiritomb': 1, 'Swellow': 3, 'Absol': 1, 'Kabutops': 1}"
feint45458,[Gen 4] UU,2,0,2,2024-03-06 19:12:50,2024-03-14 01:04:36,1047.0,1061.0,"[1047.0, 1061.0]","{'Mismagius': 2, 'Sceptile': 1, 'Kabutops': 1, 'Registeel': 2, 'Arcanine': 1, 'Donphan': 1, 'Absol': 1, 'Hitmontop': 1, 'Dugtrio': 1, 'Clefable': 1}"
feraligatr42149,[Gen 4] UU,1,1,0,2016-08-02 12:11:57,2016-08-02 12:11:57,1000.0,1000.0,[1000.0],"{'Milotic': 1, 'Alakazam': 1, 'Registeel': 1, 'Blaziken': 1, 'Ambipom': 1}"
feraligatr52465,[Gen 4] UU,2,0,2,2017-04-09 17:26:39,2017-04-30 17:59:05,,,,"{'Azumarill': 1, 'Rotom': 1, 'Swellow': 1, 'Registeel': 1, 'Blaziken': 1, 'Venusaur': 1, 'Toxicroak': 1, 'Rhyperior': 1, 'Jynx': 1, 'Clefable': 1, 'Feraligatr': 1}"
feraligatr69644,[Gen 4] UU,3,3,0,2020-04-30 11:50:25,2020-05-31 12:57:42,,,,"{'Mesprit': 2, 'Kabutops': 2, 'Dugtrio': 2, 'Arcanine': 2, 'Leafeon': 2, 'Absol': 1, 'Mismagius': 1, 'Venusaur': 1, 'Clefable': 1, 'Blaziken': 1, 'Alakazam': 1}"
fighting22803,[Gen 4] UU,3,1,2,2020-07-26 19:24:33,2020-07-26 19:49:08,,,,"{'Moltres': 1, 'Milotic': 2, 'Hitmontop': 1, 'Dugtrio': 2, 'Registeel': 2, 'Roselia': 1, 'Ludicolo': 1, 'Toxicroak': 1, 'Kabutops': 1, 'Uxie': 2, 'Ursaring': 1, 'Houndoom': 1, 'Venusaur': 1, 'Donphan': 1}"
fighting44310,[Gen 4] UU,1,0,1,2015-01-04 00:49:48,2015-01-04 00:49:48,,,,"{'Shiftry': 1, 'Charizard': 1, 'Tauros': 1, 'Sandslash': 1, 'Nidoqueen': 1, 'Gardevoir': 1}"
fighting59215,[Gen 4] UU,8,6,2,2014-06-27 15:30:44,2014-06-29 18:31:29,,,,"{'Claydol': 8, 'Feraligatr': 7, 'Weezing': 6, 'Clefable': 6, 'Houndoom': 5, 'Primeape': 8, 'Ursaring': 1, 'Spiritomb': 1, 'Registeel': 1, 'Alakazam': 1}"
fighting82937,[Gen 4] UU,1,0,1,2018-08-24 16:48:45,2018-08-24 16:48:45,,,,"{'Moltres': 1, 'Mismagius': 1, 'Qwilfish': 1, 'Rhyperior': 1, 'Spiritomb': 1, 'Blastoise': 1}"
fighting88830,[Gen 4] UU,5,2,3,2020-08-19 02:27:31,2020-09-20 18:59:28,,,,"{'Sceptile': 1, 'Qwilfish': 1, 'Rotom': 1, 'Registeel': 4, 'Slowking': 2, 'Drapion': 1, 'Scyther': 2, 'Toxicroak': 1, 'Torterra': 1, 'Regirock': 1, 'Houndoom': 2, 'Blastoise': 2, 'Dugtrio': 2, 'Spiritomb': 2, 'Venusaur': 2, 'Moltres': 1, 'Cloyster': 1, 'Milotic': 1, 'Primeape': 1, 'Leafeon': 1}"
figyberry55456,[Gen 4] UU,1,0,1,2024-09-18 20:11:15,2024-09-18 20:11:15,,,,"{'Ludicolo': 1, 'Toxicroak': 1, 'Kabutops': 1, 'Dugtrio': 1, 'Registeel': 1, 'Uxie': 1}"
figyberry76797,[Gen 4] UU,1,0,1,2020-07-07 00:19:25,2020-07-07 00:19:25,,,,"{'Kecleon': 1, 'Heracross': 1, 'Armaldo': 1, 'Typhlosion': 1, 'Gastrodon-East': 1, 'Drapion': 1}"
figyberry80511,[Gen 4] UU,1,1,0,2018-03-10 00:57:59,2018-03-10 00:57:59,1000.0,1000.0,[1000.0],"{'Bibarel': 1, 'Ninetales': 1, 'Floatzel': 1, 'Pachirisu': 1}"
filter34840,[Gen 4] UU,1,0,1,2017-06-20 02:34:03,2017-06-20 02:34:03,,,,"{'Rapidash': 1, 'Onix': 1, 'Victreebel': 1, 'Metang': 1, 'Purugly': 1, 'Tangela': 1}"
filter49112,[Gen 4] UU,1,1,0,2023-12-18 17:10:01,2023-12-18 17:10:01,,,,"{'Mesprit': 1, 'Kabutops': 1, 'Dugtrio': 1, 'Arcanine': 1, 'Swellow': 1, 'Leafeon': 1}"
finneon20004,[Gen 4] UU,1,1,0,2016-03-07 02:37:02,2016-03-07 02:37:02,,,,"{'Omastar': 1, 'Rotom': 1, 'Blaziken': 1, 'Drapion': 1, 'Swellow': 1, 'Leafeon': 1}"
finneon25020,[Gen 4] UU,1,0,1,2018-03-06 11:43:59,2018-03-06 11:43:59,,,,"{'Moltres': 1, 'Milotic': 1, 'Aggron': 1, 'Clefable': 1, 'Venusaur': 1, 'Donphan': 1}"
finneon76514,[Gen 4] UU,1,0,1,2020-07-13 18:19:39,2020-07-13 18:19:39,,,,"{'Registeel': 1, 'Slowbro': 1, 'Hitmontop': 1, 'Torterra': 1}"
fire17203,[Gen 4] UU,2,1,1,2022-06-21 19:23:50,2022-06-24 19:09:31,,,,"{'Omastar': 1, 'Kabutops': 1, 'Spiritomb': 1, 'Blaziken': 1, 'Primeape': 1, 'Venusaur': 1, 'Moltres': 1, 'Regirock': 1, 'Rotom': 1, 'Drapion': 1, 'Blastoise': 1, 'Leafeon': 1}"
fire24746,[Gen 4] UU,4,0,4,2020-05-11 02:29:11,2020-07-03 00:04:54,,,,"{'Milotic': 2, 'Weezing': 2, 'Chansey': 2, 'Hitmonlee': 2, 'Registeel': 2, 'Venusaur': 2, 'Mesprit': 2, 'Ludicolo': 2, 'Qwilfish': 2, 'Kabutops': 2, 'Seaking': 2, 'Uxie': 2}"
fire65689,[Gen 4] UU,2,0,2,2024-03-28 05:40:24,2024-03-29 03:41:31,1053.0,1053.0,[1053.0],"{'Milotic': 2, 'Ludicolo': 2, 'Aggron': 1, 'Chansey': 1, 'Dugtrio': 1, 'Swellow': 1, 'Moltres': 1, 'Kabutops': 1, 'Rotom': 1, 'Uxie': 1}"
fireblast25393,[Gen 4] UU,1,1,0,2020-04-16 01:26:58,2020-04-16 01:26:58,,,,"{'Milotic': 1, 'Rhyperior': 1, 'Venusaur': 1, 'Blaziken': 1, 'Alakazam': 1}"
fireblast29173,[Gen 4] UU,1,1,0,2024-03-28 13:11:56,2024-03-28 13:11:56,,,,"{'Moltres': 1, 'Rotom': 1, 'Venusaur': 1, 'Registeel': 1}"
fireblast30665,[Gen 4] UU,71,39,32,2014-06-06 16:44:03,2019-09-13 01:54:37,,,,"{'Shiftry': 10, 'Gligar': 18, 'Tauros': 16, 'Regirock': 25, 'Haunter': 2, 'Lickilicky': 17, 'Ninetales': 2, 'Floatzel': 9, 'Typhlosion': 6, 'Hitmonchan': 20, 'Poliwrath': 14, 'Muk': 9, 'Metang': 10, 'Rhydon': 6, 'Glalie': 4, 'Drifblim': 8, 'Charizard': 11, 'Pinsir': 3, 'Sandslash': 8, 'Slowking': 11, 'Victreebel': 6, 'Dodrio': 1, 'Marowak': 5, 'Jumpluff': 2, 'Whiscash': 3, 'Golduck': 7, 'Rapidash': 4, 'Monferno': 2, 'Murkrow': 1, 'Porygon2': 2, 'Solrock': 3, 'Gardevoir': 5, 'Cradily': 4, 'Machoke': 2, 'Sneasel': 3, 'Granbull': 2, 'Kadabra': 6, 'Cacturne': 2, 'Mr. Mime': 4, 'Medicham': 10, 'Magneton': 8, 'Hypno': 16, 'Gabite': 3, 'Mantine': 1, 'Hippopotas': 1, 'Jynx': 11, 'Venomoth': 2, 'Vileplume': 5, 'Politoed': 2, 'Dragonair': 1, 'Purugly': 4, 'Flareon': 1, 'Electabuzz': 3, 'Moltres': 1, 'Mismagius': 2, 'Qwilfish': 1, 'Rhyperior': 3, 'Spiritomb': 1, 'Blastoise': 1, 'Nidoqueen': 2, 'Milotic': 2, 'Toxicroak': 2, 'Clefable': 2, 'Feraligatr': 2, 'Ampharos': 2, 'Regice': 2, 'Skuntank': 8, 'Gorebyss': 1, 'Persian': 2, 'Magmortar': 3, 'Sceptile': 1, 'Kabutops': 1, 'Registeel': 1, 'Arcanine': 1, 'Donphan': 1, 'Lapras': 1, 'Camerupt': 1, 'Raichu': 1, 'Golem': 1, 'Lunatone': 1, 'Kecleon': 1, 'Crawdaunt': 1, 'Misdreavus': 1, 'Sableye': 1}"
fireblast63264,[Gen 4] UU,8,6,2,2019-04-06 03:57:02,2019-09-25 22:37:55,,,,"{'Rhyperior': 1, 'Toxicroak': 4, 'Spiritomb': 2, 'Clefable': 3, 'Uxie': 2, 'Blastoise': 1, 'Mismagius': 5, 'Torterra': 2, 'Hitmontop': 3, 'Houndoom': 4, 'Slowking': 2, 'Moltres': 1, 'Kabutops': 2, 'Registeel': 1, 'Arcanine': 1, 'Donphan': 2, 'Scyther': 2, 'Medicham': 1, 'Regirock': 1, 'Lanturn': 1, 'Absol': 1, 'Blaziken': 1, 'Venusaur': 2, 'Claydol': 1}"
fireblast91985,[Gen 4] UU,1,1,0,2016-08-26 01:00:03,2016-08-26 01:00:03,,,,"{'Moltres': 1, 'Torterra': 1, 'Kabutops': 1, 'Poliwrath': 1, 'Drapion': 1, 'Ambipom': 1}"
firefang57338,[Gen 4] UU,2,2,0,2021-11-28 20:49:23,2022-01-15 21:46:52,,,,"{'Altaria': 1, 'Slowbro': 1, 'Magneton': 1, 'Torterra': 2, 'Drapion': 2, 'Milotic': 1, 'Rotom': 1, 'Uxie': 1, 'Ambipom': 1}"
firepunch81126,[Gen 4] UU,8,4,4,2017-02-04 01:23:04,2020-03-07 17:18:24,,,,"{'Ludicolo': 6, 'Toxicroak': 2, 'Kabutops': 2, 'Dugtrio': 2, 'Registeel': 2, 'Uxie': 7, 'Blaziken': 5, 'Venusaur': 4, 'Lanturn': 3, 'Ambipom': 5, 'Ursaring': 1, 'Omastar': 1, 'Rotom': 1, 'Swellow': 1, 'Alakazam': 1}"
firespin48407,[Gen 4] UU,75,55,20,2023-12-22 07:50:48,2025-03-06 07:11:11,,,,"{'Moltres': 6, 'Scyther': 5, 'Milotic': 7, 'Sceptile': 5, 'Donphan': 5, 'Registeel': 15, 'Heracross': 7, 'Froslass': 8, 'Tentacruel': 31, 'Yanmega': 12, 'Rotom': 22, 'Uxie': 27, 'Snorlax': 15, 'Miltank': 9, 'Jynx': 2, 'Blaziken': 4, 'Alakazam': 5, 'Electivire': 10, 'Staraptor': 11, 'Cresselia': 8, 'Arcanine': 23, 'Tangrowth': 3, 'Hariyama': 1, 'Qwilfish': 1, 'Gallade': 10, 'Smeargle': 10, 'Raikou': 7, 'Shaymin': 16, 'Blastoise': 11, 'Ariados': 1, 'Slowbro': 1, 'Ambipom': 1, 'Steelix': 4, 'Clefable': 4, 'Mesprit': 3, 'Spiritomb': 4, 'Hitmonlee': 5, 'Rhyperior': 5, 'Dugtrio': 9, 'Claydol': 1, 'Omastar': 1, 'Aggron': 3, 'Weezing': 2, 'Abomasnow': 5, 'Vaporeon': 4, 'Ludicolo': 1, 'Houndoom': 3, 'Leafeon': 1, 'Kangaskhan': 2, 'Drapion': 2, 'Hitmontop': 3, 'Torterra': 3, 'Feraligatr': 2, 'Absol': 1, 'Gardevoir': 2, 'Primeape': 2, 'Altaria': 2, 'Venusaur': 6, 'Nidoking': 1, 'Slowking': 1, 'Azumarill': 1, 'Ursaring': 1, 'Mismagius': 1}"
firestone60448,[Gen 4] UU,3,3,0,2020-08-16 18:04:28,2020-08-29 13:13:01,,,,"{'Flaaffy': 1, 'Monferno': 2, 'Wartortle': 2, 'Metang': 3, 'Roselia': 2, 'Misdreavus': 3, 'Seadra': 1, 'Golbat': 2, 'Murkrow': 1, 'Piloswine': 1}"
firestone98378,[Gen 4] UU,2,1,1,2016-12-04 02:39:35,2016-12-04 02:48:49,,,,"{'Porygon2': 1, 'Regirock': 2, 'Dusclops': 2, 'Pelipper': 2, 'Slowking': 1, 'Cradily': 1}"
fissure35074,[Gen 4] UU,13,9,4,2022-11-04 18:07:59,2024-12-23 21:51:06,,,,"{'Regirock': 2, 'Skuntank': 3, 'Glalie': 3, 'Mismagius': 3, 'Exeggutor': 2, 'Hariyama': 2, 'Qwilfish': 2, 'Registeel': 4, 'Rotom': 4, 'Houndoom': 5, 'Scyther': 2, 'Entei': 2, 'Clefable': 2, 'Slowking': 2, 'Donphan': 2, 'Kangaskhan': 1, 'Kabutops': 2, 'Uxie': 3, 'Venusaur': 3, 'Rhyperior': 3, 'Blaziken': 3, 'Swellow': 2, 'Moltres': 2, 'Feraligatr': 1, 'Dugtrio': 1, 'Cloyster': 1, 'Mesprit': 1, 'Toxicroak': 2, 'Alakazam': 1, 'Blastoise': 1}"
fissure5762,[Gen 4] UU,5,2,3,2022-08-16 20:10:27,2025-04-10 20:43:49,,,,"{'Milotic': 1, 'Mesprit': 1, 'Dugtrio': 2, 'Registeel': 3, 'Swellow': 3, 'Leafeon': 1, 'Mismagius': 1, 'Omastar': 2, 'Alakazam': 1, 'Clefable': 1, 'Primeape': 1, 'Venusaur': 1, 'Sceptile': 2, 'Toxicroak': 1, 'Azumarill': 1, 'Spiritomb': 1, 'Weezing': 1, 'Blastoise': 1, 'Hariyama': 1, 'Qwilfish': 1, 'Houndoom': 1, 'Torterra': 1, 'Rotom': 1}"
fissure96222,[Gen 4] UU,26,10,16,2016-01-17 16:56:50,2021-03-29 00:28:02,1034.0,1034.0,[1034.0],"{'Moltres': 4, 'Aggron': 2, 'Toxicroak': 7, 'Slowking': 3, 'Venusaur': 6, 'Donphan': 7, 'Exeggutor': 2, 'Omastar': 2, 'Rotom': 8, 'Houndoom': 4, 'Swellow': 2, 'Snover': 7, 'Absol': 1, 'Cleffa': 1, 'Clefairy': 1, 'Clefable': 12, 'Uxie': 5, 'Milotic': 7, 'Rhyperior': 2, 'Jumpluff': 1, 'Feraligatr': 2, 'Scyther': 4, 'Entei': 3, 'Steelix': 3, 'Walrein': 4, 'Jynx': 6, 'Glaceon': 4, 'Dugtrio': 3, 'Registeel': 2, 'Primeape': 2, 'Blastoise': 2, 'Mesprit': 3, 'Kabutops': 2, 'Sceptile': 1, 'Azumarill': 2, 'Spiritomb': 2, 'Blaziken': 1, 'Ambipom': 1, 'Gligar': 3, 'Hippopotas': 3, 'Drapion': 4, 'Cradily': 3, 'Leafeon': 1, 'Cloyster': 3, 'Regirock': 1, 'Kangaskhan': 1, 'Mismagius': 1, 'Torterra': 1}"
flaaffy13191,[Gen 4] UU,5,2,3,2020-11-11 15:31:46,2022-01-02 21:57:23,,,,"{'Absol': 1, 'Mismagius': 1, 'Alakazam': 1, 'Clefable': 4, 'Venusaur': 3, 'Scyther': 1, 'Milotic': 3, 'Rhyperior': 1, 'Rotom': 2, 'Hitmontop': 1, 'Nidoqueen': 1, 'Dugtrio': 2, 'Qwilfish': 1, 'Skuntank': 1, 'Registeel': 1, 'Swellow': 1, 'Leafeon': 1, 'Moltres': 1, 'Donphan': 1}"
flaaffy3303,[Gen 4] UU,1,1,0,2016-10-08 01:31:12,2016-10-08 01:31:12,,,,"{'Milotic': 1, 'Mismagius': 1, 'Swellow': 1, 'Alakazam': 1, 'Venusaur': 1, 'Donphan': 1}"
flaaffy97809,[Gen 4] UU,2,2,0,2016-12-11 02:48:47,2016-12-11 03:02:03,,,,"{'Mismagius': 2, 'Sceptile': 1, 'Kabutops': 1, 'Registeel': 2, 'Arcanine': 1, 'Milotic': 1, 'Houndoom': 1, 'Primeape': 1, 'Venusaur': 1}"
flaaffy99824,[Gen 4] UU,1,1,0,2017-10-19 18:27:21,2017-10-19 18:27:21,,,,"{'Tangrowth': 1, 'Cloyster': 1, 'Feraligatr': 1, 'Alakazam': 1}"
flamebody24038,[Gen 4] UU,1,0,1,2024-12-13 21:57:57,2024-12-13 21:57:57,,,,"{'Moltres': 1, 'Scyther': 1, 'Absol': 1, 'Hariyama': 1, 'Slowbro': 1, 'Chansey': 1}"
flamebody39732,[Gen 4] UU,1,0,1,2024-03-23 05:12:40,2024-03-23 05:12:40,1017.0,1017.0,[1017.0],"{'Scyther': 1, 'Milotic': 1, 'Mismagius': 1, 'Houndoom': 1, 'Uxie': 1, 'Venusaur': 1}"
flamebody44271,[Gen 4] UU,3,2,1,2017-01-14 15:19:10,2017-01-14 15:54:38,,,,"{'Exeggutor': 1, 'Omastar': 1, 'Toxicroak': 3, 'Rotom': 1, 'Houndoom': 1, 'Swellow': 1, 'Milotic': 1, 'Rhyperior': 1, 'Jynx': 1, 'Clefable': 1, 'Feraligatr': 1, 'Ludicolo': 1, 'Kabutops': 1, 'Dugtrio': 1, 'Registeel': 1, 'Uxie': 1}"
flamebody85210,[Gen 4] UU,1,1,0,2016-03-02 00:38:58,2016-03-02 00:38:58,,,,"{'Moltres': 1, 'Tauros': 1, 'Qwilfish': 1, 'Rhyperior': 1, 'Spiritomb': 1, 'Venusaur': 1}"
flamebody86571,[Gen 4] UU,1,1,0,2023-12-22 21:36:19,2023-12-22 21:36:19,,,,"{'Scyther': 1, 'Toxicroak': 1, 'Regirock': 1, 'Houndoom': 1, 'Blastoise': 1}"
flameorb19396,[Gen 4] UU,3,2,1,2024-03-31 15:18:12,2024-04-20 15:15:42,,,,"{'Scyther': 1, 'Rhyperior': 1, 'Venusaur': 2, 'Uxie': 2, 'Ambipom': 1, 'Blastoise': 1, 'Mismagius': 1, 'Qwilfish': 1, 'Regirock': 1, 'Houndoom': 1, 'Registeel': 1, 'Blaziken': 1, 'Ludicolo': 1}"
flameorb36981,[Gen 4] UU,1,0,1,2020-01-16 17:22:03,2020-01-16 17:22:03,,,,"{'Milotic': 1, 'Mesprit': 1, 'Rhyperior': 1, 'Rotom': 1, 'Drapion': 1, 'Leafeon': 1}"
flameorb66582,[Gen 4] UU,2,1,1,2024-09-15 19:20:53,2024-10-24 01:40:47,,,,"{'Uxie': 2, 'Dugtrio': 2, 'Ludicolo': 1, 'Kangaskhan': 1, 'Qwilfish': 1, 'Kabutops': 1}"
flameorb93974,[Gen 4] UU,1,1,0,2019-10-23 22:57:35,2019-10-23 22:57:35,,,,"{'Milotic': 1, 'Mismagius': 1, 'Omastar': 1, 'Clefable': 1, 'Venusaur': 1}"
flameplate33837,[Gen 4] UU,1,0,1,2020-03-29 18:07:39,2020-03-29 18:07:39,,,,"{'Milotic': 1, 'Absol': 1, 'Rhyperior': 1, 'Alakazam': 1, 'Blaziken': 1, 'Venusaur': 1}"
flameplate66705,[Gen 4] UU,1,0,1,2016-12-17 22:48:45,2016-12-17 22:48:45,,,,"{'Milotic': 1, 'Omastar': 1, 'Rotom': 1, 'Blaziken': 1, 'Alakazam': 1, 'Leafeon': 1}"
flameplate67304,[Gen 4] UU,1,1,0,2016-12-17 18:44:21,2016-12-17 18:44:21,,,,"{'Mesprit': 1, 'Kabutops': 1, 'Dugtrio': 1, 'Arcanine': 1, 'Swellow': 1, 'Leafeon': 1}"
flameplate91615,[Gen 4] UU,2,2,0,2020-03-28 02:15:40,2020-08-09 20:41:21,,,,"{'Milotic': 2, 'Rhyperior': 2, 'Alakazam': 2, 'Absol': 2, 'Venusaur': 1, 'Blaziken': 1}"
flamethrower33391,[Gen 4] UU,2,1,1,2015-09-19 01:27:45,2015-09-21 05:23:13,,,,"{'Ampharos': 1, 'Lapras': 2, 'Flareon': 2, 'Diglett': 1, 'Swalot': 2, 'Cradily': 2, 'Zangoose': 1, 'Grumpig': 1}"
flamewheel38109,[Gen 4] UU,1,0,1,2020-03-25 22:18:03,2020-03-25 22:18:03,1089.0,1089.0,[1089.0],"{'Scyther': 1, 'Mismagius': 1, 'Claydol': 1, 'Azumarill': 1, 'Clefable': 1, 'Drapion': 1}"
flamewheel41526,[Gen 4] UU,1,0,1,2025-05-11 19:51:26,2025-05-11 19:51:26,,,,"{'Mismagius': 1, 'Qwilfish': 1, 'Clefable': 1, 'Arcanine': 1, 'Alakazam': 1, 'Leafeon': 1}"
flareblitz77249,[Gen 4] UU,1,0,1,2016-07-06 21:06:54,2016-07-06 21:06:54,,,,"{'Sunflora': 1, 'Torkoal': 1, 'Mightyena': 1, 'Zangoose': 1, 'Gastrodon-East': 1, 'Linoone': 1}"
flareblitz90658,[Gen 4] UU,2,1,1,2016-08-08 00:53:22,2016-08-08 01:02:42,,,,"{'Gligar': 1, 'Sandslash': 1, 'Cacturne': 1, 'Hippopotas': 1, 'Gastrodon': 1, 'Snover': 1, 'Hitmonchan': 1, 'Walrein': 1, 'Dusclops': 1, 'Quagsire': 1, 'Glaceon': 1}"
flareon27859,[Gen 4] UU,2,2,0,2016-05-02 19:55:14,2017-11-19 16:41:09,,,,"{'Milotic': 2, 'Absol': 2, 'Venusaur': 2, 'Arcanine': 2, 'Alakazam': 2, 'Donphan': 2}"
flareon36608,[Gen 4] UU,64,33,31,2014-07-10 07:01:04,2021-07-24 21:48:41,,,,"{'Mismagius': 52, 'Qwilfish': 48, 'Torterra': 47, 'Clefable': 45, 'Registeel': 43, 'Arcanine': 45, 'Scyther': 10, 'Milotic': 7, 'Tauros': 10, 'Houndoom': 10, 'Venusaur': 10, 'Donphan': 10, 'Azumarill': 4, 'Cloyster': 4, 'Snover': 4, 'Nidoqueen': 3, 'Walrein': 3, 'Weezing': 1, 'Alakazam': 1, 'Uxie': 2, 'Kabutops': 3, 'Gorebyss': 1, 'Omastar': 1, 'Moltres': 1, 'Poliwrath': 1, 'Drapion': 1, 'Ambipom': 1}"
flash22499,[Gen 4] UU,1,0,1,2016-04-22 02:35:12,2016-04-22 02:35:12,,,,"{'Moltres': 1, 'Mismagius': 1, 'Qwilfish': 1, 'Rhyperior': 1, 'Spiritomb': 1, 'Blastoise': 1}"
flash55784,[Gen 4] UU,1,1,0,2015-12-29 15:34:40,2015-12-29 15:34:40,1013.0,1013.0,[1013.0],"{'Azumarill': 1, 'Slowking': 1, 'Arcanine': 1, 'Alakazam': 1, 'Donphan': 1}"
flash59106,[Gen 4] UU,1,1,0,2025-05-26 01:13:40,2025-05-26 01:13:40,,,,"{'Milotic': 1, 'Clefable': 1, 'Registeel': 1, 'Uxie': 1, 'Donphan': 1}"
flashcannon30032,[Gen 4] UU,1,0,1,2024-05-24 06:51:36,2024-05-24 06:51:36,,,,"{'Moltres': 1, 'Kangaskhan': 1, 'Claydol': 1, 'Mesprit': 1, 'Hitmontop': 1, 'Ambipom': 1}"
flashfire42391,[Gen 4] UU,1,0,1,2017-06-17 05:26:43,2017-06-17 05:26:43,1000.0,1000.0,[1000.0],"{'Ursaring': 1, 'Absol': 1, 'Rampardos': 1, 'Ambipom': 1, 'Dugtrio': 1, 'Alakazam': 1}"
flashfire61518,[Gen 4] UU,1,1,0,2025-03-08 23:37:17,2025-03-08 23:37:17,,,,"{'Mesprit': 1, 'Dugtrio': 1, 'Arcanine': 1, 'Swellow': 1, 'Blastoise': 1, 'Leafeon': 1}"
flatter44601,[Gen 4] UU,4,2,2,2015-01-07 21:50:56,2015-01-18 21:40:29,,,,"{'Sharpedo': 3, 'Typhlosion': 4, 'Regirock': 3, 'Marowak': 3, 'Gastrodon': 3, 'Roselia': 3, 'Lapras': 1, 'Charizard': 1, 'Vileplume': 1, 'Victreebel': 1, 'Persian': 1}"
flatter66115,[Gen 4] UU,1,1,0,2024-03-29 19:28:41,2024-03-29 19:28:41,1105.0,1105.0,[1105.0],"{'Houndoom': 1, 'Hariyama': 1}"
fling12325,[Gen 4] UU,1,0,1,2016-10-06 22:28:44,2016-10-06 22:28:44,,,,"{'Milotic': 1, 'Mismagius': 1, 'Registeel': 1, 'Houndoom': 1, 'Primeape': 1, 'Venusaur': 1}"
floatzel38497,[Gen 4] UU,1,0,1,2017-02-05 16:57:09,2017-02-05 16:57:09,,,,"{'Moltres': 1, 'Cloyster': 1, 'Absol': 1, 'Venusaur': 1, 'Swellow': 1, 'Donphan': 1}"
flowergift32464,[Gen 4] UU,1,0,1,2024-03-28 00:48:08,2024-03-28 00:48:08,1044.0,1044.0,[1044.0],"{'Moltres': 1, 'Mismagius': 1, 'Qwilfish': 1, 'Torterra': 1, 'Kabutops': 1, 'Swellow': 1}"
flowergift43405,[Gen 4] UU,6,3,3,2017-01-20 18:55:59,2019-07-20 02:48:11,,,,"{'Mismagius': 3, 'Registeel': 1, 'Blaziken': 4, 'Slowking': 3, 'Donphan': 3, 'Leafeon': 1, 'Ursaring': 1, 'Camerupt': 1, 'Exeggutor': 1, 'Sceptile': 1, 'Nidoking': 1, 'Uxie': 2, 'Swellow': 2, 'Blastoise': 1, 'Altaria': 1, 'Milotic': 1, 'Cacturne': 1, 'Rotom': 1, 'Scyther': 1, 'Venusaur': 2, 'Lanturn': 1, 'Alakazam': 1, 'Steelix': 1}"
flowergift68482,[Gen 4] UU,9,7,2,2019-09-06 11:22:17,2020-06-13 08:48:35,,,,"{'Kangaskhan': 2, 'Claydol': 5, 'Toxicroak': 3, 'Chansey': 2, 'Spiritomb': 3, 'Ambipom': 2, 'Qwilfish': 4, 'Kabutops': 5, 'Uxie': 3, 'Blastoise': 4, 'Altaria': 2, 'Steelix': 2, 'Dugtrio': 3, 'Leafeon': 2, 'Gligar': 1, 'Rotom': 1, 'Hippopotas': 1, 'Gardevoir': 1, 'Scyther': 1, 'Registeel': 1, 'Venusaur': 1, 'Ludicolo': 2}"
flowergift69478,[Gen 4] UU,1,0,1,2015-09-29 10:44:20,2015-09-29 10:44:20,,,,"{'Milotic': 1, 'Weezing': 1, 'Steelix': 1, 'Alakazam': 1, 'Arcanine': 1, 'Venusaur': 1}"
fly65124,[Gen 4] UU,1,0,1,2019-05-26 12:16:41,2019-05-26 12:16:41,,,,"{'Milotic': 1, 'Mismagius': 1, 'Aggron': 1, 'Venusaur': 1, 'Dugtrio': 1, 'Ambipom': 1}"
fly80164,[Gen 4] UU,2,2,0,2025-04-09 02:46:19,2025-04-09 02:57:48,,,,"{'Pinsir': 1, 'Aggron': 1, 'Azumarill': 1, 'Rotom': 1, 'Venusaur': 1, 'Toxicroak': 1, 'Regirock': 1, 'Lanturn': 1, 'Houndoom': 1, 'Donphan': 1, 'Leafeon': 1}"
flygon30654,[Gen 4] UU,2,1,1,2017-01-05 21:06:32,2017-01-05 21:08:28,,,,"{'Xatu': 2, 'Monferno': 2, 'Cacturne': 1, 'Sneasel': 2, 'Linoone': 2, 'Misdreavus': 2, 'Raichu': 1}"
flygon32602,[Gen 4] UU,1,1,0,2020-08-16 18:20:59,2020-08-16 18:20:59,,,,"{'Mesprit': 1, 'Ludicolo': 1, 'Toxicroak': 1, 'Kabutops': 1, 'Dugtrio': 1, 'Registeel': 1}"
flygon55762,[Gen 4] UU,1,1,0,2025-05-11 20:41:49,2025-05-11 20:41:49,,,,"{'Feraligatr': 1, 'Uxie': 1, 'Rhyperior': 1, 'Venusaur': 1}"
flying88382,[Gen 4] UU,18,10,8,2016-06-10 21:05:14,2022-02-17 17:40:38,,,,"{'Milotic': 12, 'Qwilfish': 4, 'Houndoom': 3, 'Rotom': 6, 'Registeel': 8, 'Mismagius': 8, 'Omastar': 1, 'Hitmontop': 1, 'Weezing': 1, 'Chansey': 1, 'Absol': 2, 'Rhyperior': 3, 'Alakazam': 3, 'Blaziken': 3, 'Venusaur': 5, 'Arcanine': 3, 'Donphan': 5, 'Leafeon': 3, 'Sceptile': 4, 'Moltres': 1, 'Scyther': 3, 'Gligar': 2, 'Azumarill': 2, 'Cacturne': 1, 'Hippopotas': 2, 'Cradily': 1, 'Hariyama': 1, 'Mesprit': 1, 'Charizard': 1, 'Vileplume': 1, 'Sandslash': 1, 'Floatzel': 1, 'Skuntank': 1, 'Gardevoir': 1}"
fnt67423,[Gen 4] UU,2,1,1,2014-06-29 16:47:57,2014-06-29 16:57:32,,,,"{'Altaria': 2, 'Hitmonchan': 2, 'Rotom': 2, 'Skuntank': 2, 'Slowking': 2, 'Glalie': 2}"
fnt93636,[Gen 4] UU,13,4,9,2019-09-01 21:09:36,2019-09-14 14:30:12,,,,"{'Monferno': 13, 'Omanyte': 3, 'Munchlax': 3, 'Bronzor': 8, 'Diglett': 9, 'Roselia': 8, 'Wartortle': 5, 'Electabuzz': 5, 'Magmar': 6, 'Gligar': 1, 'Metang': 2, 'Croconaw': 3, 'Misdreavus': 3, 'Meditite': 2, 'Sneasel': 1, 'Kadabra': 1, 'Snover': 1, 'Trapinch': 1, 'Gastly': 1}"
focusband40475,[Gen 4] UU,1,0,1,2024-03-12 09:53:18,2024-03-12 09:53:18,1034.0,1034.0,[1034.0],"{'Registeel': 1, 'Milotic': 1, 'Donphan': 1}"
focusband48636,[Gen 4] UU,1,0,1,2020-07-01 23:04:51,2020-07-01 23:04:51,1000.0,1000.0,[1000.0],"{'Chansey': 1, 'Dugtrio': 1, 'Swellow': 1, 'Registeel': 1, 'Venusaur': 1, 'Leafeon': 1}"
focusband71312,[Gen 4] UU,2,1,1,2020-05-07 11:40:52,2020-05-12 05:24:29,,,,"{'Scyther': 2, 'Exeggutor': 2, 'Nidoking': 2, 'Dugtrio': 2, 'Feraligatr': 2, 'Blaziken': 2}"
focusband83229,[Gen 4] UU,1,0,1,2018-02-17 03:19:14,2018-02-17 03:19:14,,,,"{'Ursaring': 1, 'Omastar': 1}"
focusblast61293,[Gen 4] UU,2,0,2,2022-03-13 19:26:55,2022-03-13 19:32:11,,,,"{'Milotic': 1, 'Mismagius': 1, 'Rhyperior': 1, 'Drapion': 1, 'Primeape': 1, 'Venusaur': 1, 'Kangaskhan': 1, 'Omastar': 1, 'Torterra': 1, 'Weezing': 1, 'Spiritomb': 1}"
focusblast64406,[Gen 4] UU,1,0,1,2017-10-28 15:49:11,2017-10-28 15:49:11,,,,"{'Mismagius': 1, 'Registeel': 1, 'Slowking': 1, 'Arcanine': 1, 'Donphan': 1, 'Leafeon': 1}"
focusblast83986,[Gen 4] UU,21,8,13,2016-04-02 17:26:52,2017-05-14 18:06:56,,,,"{'Magmortar': 1, 'Shiftry': 1, 'Regirock': 6, 'Poliwrath': 4, 'Jynx': 4, 'Gardevoir': 2, 'Scyther': 3, 'Milotic': 5, 'Mesprit': 3, 'Hitmonlee': 3, 'Drapion': 3, 'Donphan': 3, 'Haunter': 5, 'Hitmonchan': 2, 'Skuntank': 4, 'Manectric': 4, 'Gorebyss': 2, 'Electrode': 2, 'Floatzel': 1, 'Hypno': 1, 'Probopass': 1, 'Lickilicky': 2, 'Gligar': 2, 'Medicham': 1, 'Charizard': 5, 'Tauros': 5, 'Slowking': 3, 'Rhyperior': 1, 'Toxicroak': 1, 'Clefable': 1, 'Leafeon': 2, 'Sandslash': 5, 'Jumpluff': 3, 'Grumpig': 3, 'Typhlosion': 1, 'Roselia': 1, 'Exeggutor': 1, 'Rotom': 1, 'Arcanine': 1, 'Snover': 1, 'Nidoqueen': 1, 'Walrein': 1, 'Drifblim': 2, 'Houndoom': 2, 'Venomoth': 3, 'Mismagius': 3, 'Omastar': 2, 'Rhydon': 1, 'Glalie': 1, 'Sceptile': 1, 'Dugtrio': 2}"
focusblast87179,[Gen 4] UU,1,0,1,2020-03-03 01:10:51,2020-03-03 01:10:51,,,,"{'Ludicolo': 1, 'Electrode': 1, 'Kabutops': 1, 'Dugtrio': 1, 'Registeel': 1, 'Uxie': 1}"
focusenergy12335,[Gen 4] UU,14,7,7,2016-05-09 13:43:20,2017-11-15 18:54:17,,,,"{'Tauros': 2, 'Haunter': 2, 'Rhydon': 4, 'Glalie': 5, 'Drifblim': 2, 'Manectric': 1, 'Gabite': 3, 'Mr. Mime': 2, 'Pelipper': 2, 'Muk': 3, 'Lickilicky': 2, 'Rapidash': 2, 'Onix': 1, 'Victreebel': 3, 'Metang': 2, 'Purugly': 3, 'Tangela': 1, 'Milotic': 3, 'Absol': 3, 'Venusaur': 3, 'Arcanine': 3, 'Alakazam': 3, 'Donphan': 3, 'Kecleon': 1, 'Poliwrath': 4, 'Misdreavus': 1, 'Cacturne': 1, 'Gastrodon': 1, 'Golbat': 1, 'Mesprit': 2, 'Kangaskhan': 2, 'Rhyperior': 2, 'Azumarill': 2, 'Leafeon': 2, 'Blaziken': 1, 'Yanma': 1, 'Armaldo': 1, 'Sableye': 1}"
focusenergy23907,[Gen 4] UU,25,16,9,2023-12-08 04:19:29,2024-12-10 00:00:18,,,,"{'Scyther': 3, 'Rhyperior': 13, 'Rotom': 4, 'Venusaur': 7, 'Blastoise': 4, 'Mawile': 2, 'Espeon': 2, 'Drifblim': 1, 'Blaziken': 4, 'Leafeon': 4, 'Moltres': 7, 'Toxicroak': 5, 'Registeel': 9, 'Drapion': 2, 'Qwilfish': 6, 'Hitmonlee': 5, 'Uxie': 8, 'Slowking': 1, 'Ambipom': 2, 'Regice': 2, 'Mismagius': 8, 'Arcanine': 2, 'Milotic': 7, 'Hariyama': 3, 'Sceptile': 4, 'Absol': 1, 'Dugtrio': 1, 'Primeape': 1, 'Electrode': 1, 'Steelix': 2, 'Gligar': 1, 'Azumarill': 2, 'Skuntank': 1, 'Donphan': 4, 'Ludicolo': 1, 'Mesprit': 1, 'Kabutops': 1, 'Medicham': 1, 'Houndoom': 3, 'Poliwrath': 1, 'Swellow': 2, 'Altaria': 1, 'Exeggutor': 1}"
focusenergy29308,[Gen 4] UU,2,0,2,2017-06-03 22:03:10,2017-06-03 22:09:35,,,,"{'Machoke': 1, 'Kadabra': 1, 'Cacturne': 1, 'Bronzor': 1, 'Rhydon': 2, 'Misdreavus': 2, 'Poliwrath': 1, 'Muk': 1, 'Metang': 1, 'Glalie': 1}"
focuspunch756,[Gen 4] UU,2,1,1,2020-03-20 00:28:42,2020-06-07 21:13:23,,,,"{'Milotic': 2, 'Mismagius': 2, 'Registeel': 2, 'Primeape': 1, 'Venusaur': 1, 'Clefable': 1, 'Uxie': 1, 'Donphan': 1}"
focuspunch85166,[Gen 4] UU,2,2,0,2022-07-28 19:48:47,2022-07-28 19:59:59,,,,"{'Mismagius': 1, 'Rhyperior': 1, 'Clefable': 1, 'Uxie': 1, 'Blaziken': 1, 'Venusaur': 2, 'Milotic': 1, 'Entei': 1, 'Swellow': 1, 'Registeel': 1, 'Donphan': 1}"
focuspunch85822,[Gen 4] UU,2,1,1,2016-05-26 13:07:34,2016-06-06 15:46:37,,,,"{'Floatzel': 1, 'Charizard': 1, 'Vileplume': 1, 'Porygon2': 1, 'Haunter': 1, 'Marowak': 1, 'Crawdaunt': 1, 'Slowking': 1, 'Ampharos': 1}"
focussash20735,[Gen 4] UU,7,3,4,2018-01-12 03:18:23,2018-05-27 20:53:03,,,,"{'Tangrowth': 2, 'Milotic': 2, 'Mismagius': 3, 'Omastar': 6, 'Hitmontop': 2, 'Clefable': 5, 'Moltres': 1, 'Qwilfish': 1, 'Rhyperior': 1, 'Spiritomb': 1, 'Blastoise': 1, 'Hariyama': 4, 'Mesprit': 4, 'Houndoom': 4, 'Venusaur': 4}"
focussash41997,[Gen 4] UU,3,2,1,2025-02-03 04:12:55,2025-02-10 03:01:33,,,,"{'Milotic': 2, 'Mismagius': 3, 'Houndoom': 3, 'Registeel': 3, 'Primeape': 2, 'Venusaur': 3}"
focussash46914,[Gen 4] UU,3,1,2,2024-05-03 22:32:04,2024-07-13 02:54:14,,,,"{'Moltres': 1, 'Sceptile': 2, 'Skuntank': 1, 'Clefable': 1, 'Slowking': 1, 'Donphan': 1, 'Scyther': 1, 'Mismagius': 1, 'Rhyperior': 1, 'Kabutops': 1, 'Blaziken': 1, 'Venusaur': 1, 'Kangaskhan': 1, 'Qwilfish': 1, 'Steelix': 1, 'Rotom': 1, 'Arcanine': 1}"
focussash66102,[Gen 4] UU,2,0,2,2024-03-23 14:18:51,2024-03-30 03:29:53,1000.0,1052.0,"[1000.0, 1052.0]","{'Blastoise': 2, 'Uxie': 1, 'Venusaur': 1, 'Steelix': 1, 'Claydol': 1, 'Hitmontop': 1, 'Hitmonchan': 1, 'Mr. Mime': 1, 'Ambipom': 1}"
followme32387,[Gen 4] UU,1,0,1,2011-01-16 15:33:00,2011-01-16 15:33:00,,,,"{'Milotic': 1, 'Heracross': 1, 'Rotom': 1, 'Arcanine': 1, 'Venusaur': 1, 'Donphan': 1}"
followme65560,[Gen 4] UU,1,0,1,2019-05-15 19:26:58,2019-05-15 19:26:58,,,,"{'Mismagius': 1, 'Omastar': 1, 'Medicham': 1, 'Nidoking': 1, 'Arcanine': 1, 'Venusaur': 1}"
forcepalm29740,[Gen 4] UU,8,4,4,2019-05-01 23:09:43,2024-06-09 22:46:13,,,,"{'Scyther': 1, 'Milotic': 4, 'Hariyama': 1, 'Registeel': 2, 'Uxie': 2, 'Donphan': 2, 'Altaria': 1, 'Rhyperior': 4, 'Hitmonlee': 1, 'Alakazam': 1, 'Ampharos': 1, 'Leafeon': 2, 'Mesprit': 3, 'Hitmontop': 3, 'Drapion': 4, 'Venusaur': 1, 'Moltres': 1, 'Toxicroak': 2, 'Houndoom': 1, 'Blastoise': 2, 'Exeggutor': 1, 'Lanturn': 1, 'Arcanine': 2, 'Drifblim': 1, 'Entei': 1, 'Torterra': 1, 'Kangaskhan': 1}"
forcepalm97811,[Gen 4] UU,1,0,1,2019-07-14 10:43:29,2019-07-14 10:43:29,,,,"{'Moltres': 1, 'Milotic': 1, 'Aggron': 1, 'Clefable': 1, 'Venusaur': 1, 'Donphan': 1}"
forecast35002,[Gen 4] UU,1,0,1,2018-07-22 16:05:13,2018-07-22 16:05:13,,,,"{'Milotic': 1, 'Mismagius': 1, 'Houndoom': 1, 'Registeel': 1, 'Primeape': 1}"
forecast47854,[Gen 4] UU,4,2,2,2017-11-25 14:59:54,2018-03-27 17:20:56,,,,"{'Rhydon': 1, 'Poliwrath': 1, 'Mr. Mime': 1, 'Muk': 1, 'Sableye': 1, 'Lickilicky': 1, 'Mesprit': 3, 'Sceptile': 3, 'Azumarill': 3, 'Registeel': 3, 'Arcanine': 3, 'Donphan': 3}"
foresight36492,[Gen 4] UU,1,1,0,2014-12-29 00:28:37,2014-12-29 00:28:37,,,,"{'Registeel': 1, 'Uxie': 1, 'Kabutops': 1, 'Ludicolo': 1}"
foresight38969,[Gen 4] UU,5,2,3,2016-01-17 05:25:07,2016-04-12 19:32:03,,,,"{'Moltres': 4, 'Hitmontop': 2, 'Steelix': 2, 'Spiritomb': 3, 'Clefable': 2, 'Venusaur': 4, 'Mismagius': 2, 'Claydol': 1, 'Regirock': 1, 'Poliwrath': 1, 'Sceptile': 1, 'Azumarill': 1, 'Registeel': 1, 'Donphan': 1, 'Nidoqueen': 1, 'Swellow': 1, 'Arcanine': 1, 'Blastoise': 1}"
forretress73895,[Gen 4] UU,1,0,1,2020-07-22 05:09:23,2020-07-22 05:09:23,,,,"{'Mismagius': 1, 'Hitmontop': 1, 'Torterra': 1, 'Toxicroak': 1, 'Houndoom': 1, 'Slowking': 1}"
frenzyplant24194,[Gen 4] UU,1,0,1,2019-12-26 11:47:26,2019-12-26 11:47:26,,,,"{'Ursaring': 1, 'Mismagius': 1, 'Chansey': 1, 'Espeon': 1, 'Feraligatr': 1, 'Blaziken': 1}"
frenzyplant84713,[Gen 4] UU,1,0,1,2016-09-19 04:54:57,2016-09-19 04:54:57,,,,"{'Miltank': 1, 'Dugtrio': 1, 'Swellow': 1, 'Drapion': 1, 'Alakazam': 1, 'Blastoise': 1}"
frenzyplant99502,[Gen 4] UU,2,2,0,2017-01-17 01:27:52,2017-01-17 01:33:19,,,,"{'Milotic': 1, 'Mesprit': 1, 'Toxicroak': 1, 'Torterra': 1, 'Blaziken': 2, 'Ambipom': 1, 'Ursaring': 1, 'Omastar': 1, 'Rotom': 1, 'Swellow': 1, 'Alakazam': 1}"
frisk30906,[Gen 4] UU,6,2,4,2016-01-15 23:49:51,2025-05-06 18:46:26,,,,"{'Ambipom': 2, 'Mismagius': 3, 'Sceptile': 3, 'Moltres': 1, 'Qwilfish': 1, 'Rhyperior': 1, 'Torterra': 3, 'Spiritomb': 1, 'Primeape': 1, 'Charizard': 1, 'Regirock': 1, 'Lanturn': 1, 'Drifblim': 1, 'Mesprit': 1, 'Aggron': 1, 'Blaziken': 1, 'Ursaring': 2, 'Absol': 2, 'Hariyama': 2, 'Omastar': 2, 'Swellow': 2}"
frisk46263,[Gen 4] UU,1,1,0,2016-01-09 06:45:49,2016-01-09 06:45:49,,,,"{'Milotic': 1, 'Blaziken': 1, 'Rhyperior': 1, 'Registeel': 1, 'Uxie': 1, 'Venusaur': 1}"
frisk63320,[Gen 4] UU,1,0,1,2017-06-20 02:34:40,2017-06-20 02:34:40,,,,"{'Kadabra': 1, 'Monferno': 1, 'Probopass': 1, 'Gastrodon': 1, 'Misdreavus': 1, 'Golbat': 1}"
froslass27465,[Gen 4] UU,1,0,1,2019-01-07 00:46:27,2019-01-07 00:46:27,,,,"{'Ludicolo': 1, 'Electrode': 1, 'Kabutops': 1, 'Dugtrio': 1, 'Registeel': 1, 'Uxie': 1}"
froslass6439,[Gen 4] UU,1,0,1,2015-12-13 21:42:39,2015-12-13 21:42:39,,,,"{'Milotic': 1, 'Mesprit': 1, 'Toxicroak': 1, 'Torterra': 1, 'Blaziken': 1, 'Ambipom': 1}"
froslass97037,[Gen 4] UU,1,0,1,2015-04-16 02:37:21,2015-04-16 02:37:21,,,,"{'Moltres': 1, 'Mismagius': 1, 'Qwilfish': 1, 'Rhyperior': 1, 'Spiritomb': 1, 'Blastoise': 1}"
frz5204,[Gen 4] UU,3,1,2,2017-01-29 16:52:45,2017-01-29 17:29:55,,,,"{'Absol': 1, 'Mismagius': 1, 'Rhyperior': 2, 'Alakazam': 1, 'Uxie': 2, 'Venusaur': 3, 'Milotic': 2, 'Aggron': 1, 'Hitmontop': 2, 'Arcanine': 2, 'Ambipom': 1}"
frz75,[Gen 4] UU,4,1,3,2019-12-15 10:36:06,2020-07-18 12:39:13,,,,"{'Blaziken': 1, 'Mismagius': 1, 'Kangaskhan': 1, 'Uxie': 2, 'Venusaur': 2, 'Blastoise': 1, 'Moltres': 1, 'Cloyster': 1, 'Milotic': 1, 'Dugtrio': 3, 'Registeel': 2, 'Mesprit': 1, 'Kabutops': 2, 'Arcanine': 1, 'Swellow': 1, 'Leafeon': 1, 'Toxicroak': 1}"
fullincense15022,[Gen 4] UU,7,1,6,2016-12-16 06:06:26,2017-04-07 04:05:14,,,,"{'Blaziken': 6, 'Sceptile': 2, 'Rhyperior': 2, 'Uxie': 4, 'Swellow': 4, 'Blastoise': 2, 'Altaria': 2, 'Milotic': 2, 'Cacturne': 2, 'Rotom': 2, 'Mesprit': 1, 'Kabutops': 1, 'Dugtrio': 1, 'Arcanine': 1, 'Leafeon': 1, 'Scyther': 1, 'Venusaur': 2, 'Lanturn': 1, 'Alakazam': 1, 'Donphan': 1, 'Mismagius': 1, 'Steelix': 1, 'Slowking': 1}"
fullincense46804,[Gen 4] UU,1,1,0,2020-07-02 23:17:44,2020-07-02 23:17:44,,,,"{'Feraligatr': 1, 'Mesprit': 1}"
fullincense50696,[Gen 4] UU,3,1,2,2018-02-05 18:45:51,2018-02-08 02:53:46,,,,"{'Milotic': 1, 'Mesprit': 2, 'Rotom': 2, 'Blaziken': 1, 'Drapion': 1, 'Leafeon': 1, 'Venusaur': 1, 'Azumarill': 1, 'Mismagius': 1, 'Scyther': 1, 'Rhyperior': 1, 'Clefable': 1, 'Arcanine': 1, 'Blastoise': 1}"
fullincense6105,[Gen 4] UU,1,1,0,2018-02-09 03:05:43,2018-02-09 03:05:43,,,,"{'Jynx': 1, 'Milotic': 1, 'Rhyperior': 1, 'Toxicroak': 1}"
furret56335,[Gen 4] UU,1,0,1,2022-05-21 20:57:56,2022-05-21 20:57:56,,,,"{'Moltres': 1, 'Milotic': 1, 'Tauros': 1, 'Rotom': 1, 'Registeel': 1, 'Venusaur': 1}"
furyattack94312,[Gen 4] UU,1,0,1,2015-09-26 05:59:20,2015-09-26 05:59:20,,,,"{'Moltres': 1, 'Dugtrio': 1, 'Registeel': 1, 'Raichu': 1, 'Venusaur': 1, 'Blastoise': 1}"
furycutter64196,[Gen 4] UU,1,0,1,2016-07-07 00:20:37,2016-07-07 00:20:37,,,,"{'Politoed': 1, 'Granbull': 1, 'Pidgeot': 1, 'Camerupt': 1, 'Bellossom': 1, 'Sableye': 1}"
furycutter83898,[Gen 4] UU,1,1,0,2017-03-10 00:34:29,2017-03-10 00:34:29,,,,"{'Poliwrath': 1, 'Mr. Mime': 1, 'Muk': 1, 'Sableye': 1, 'Rhydon': 1, 'Lickilicky': 1}"
furycutter9138,[Gen 4] UU,4,1,3,2015-12-15 21:12:05,2016-01-25 02:43:06,,,,"{'Omastar': 2, 'Kabutops': 1, 'Venusaur': 1, 'Rotom': 3, 'Houndoom': 2, 'Swellow': 2, 'Milotic': 2, 'Toxicroak': 1, 'Torterra': 1, 'Alakazam': 2, 'Ursaring': 1, 'Blaziken': 1, 'Scyther': 1, 'Altaria': 1, 'Sceptile': 1, 'Rhyperior': 1, 'Hitmontop': 1}"
furycutter96598,[Gen 4] UU,1,0,1,2020-05-18 04:35:11,2020-05-18 04:35:11,,,,"{'Magmortar': 1, 'Meganium': 1, 'Rhyperior': 1, 'Floatzel': 1, 'Pikachu': 1, 'Arcanine': 1}"
furyswipes59456,[Gen 4] UU,17,8,9,2015-04-03 09:54:09,2020-07-13 05:03:13,1000.0,1036.0,"[1036.0, 1000.0]","{'Scyther': 5, 'Omastar': 4, 'Torterra': 1, 'Lanturn': 2, 'Houndoom': 4, 'Donphan': 8, 'Moltres': 3, 'Venusaur': 10, 'Mismagius': 1, 'Registeel': 8, 'Azumarill': 3, 'Rotom': 8, 'Swellow': 2, 'Blaziken': 4, 'Milotic': 9, 'Arcanine': 4, 'Aggron': 2, 'Clefable': 2, 'Altaria': 1, 'Steelix': 1, 'Drapion': 1, 'Rhyperior': 2, 'Uxie': 3, 'Raichu': 1, 'Hitmontop': 1, 'Dugtrio': 1}"
futuresight13270,[Gen 4] UU,120,57,63,2015-04-25 22:16:43,2025-05-26 01:14:37,,,,"{'Scyther': 2, 'Rhyperior': 4, 'Miltank': 4, 'Spiritomb': 21, 'Hitmonlee': 2, 'Venusaur': 18, 'Camerupt': 8, 'Sharpedo': 8, 'Floatzel': 12, 'Muk': 4, 'Gardevoir': 9, 'Cradily': 2, 'Moltres': 10, 'Hariyama': 6, 'Omastar': 2, 'Donphan': 11, 'Cloyster': 16, 'Nidoking': 17, 'Weezing': 15, 'Espeon': 16, 'Ambipom': 17, 'Skuntank': 29, 'Jumpluff': 4, 'Kadabra': 6, 'Solrock': 9, 'Mesprit': 4, 'Mismagius': 5, 'Toxicroak': 3, 'Torterra': 2, 'Registeel': 8, 'Absol': 5, 'Qwilfish': 8, 'Swellow': 8, 'Venomoth': 1, 'Charizard': 16, 'Tauros': 7, 'Magneton': 2, 'Regirock': 13, 'Slowking': 14, 'Shiftry': 13, 'Ninetales': 8, 'Nidoqueen': 23, 'Arcanine': 3, 'Drifblim': 11, 'Gligar': 6, 'Medicham': 9, 'Haunter': 10, 'Pinsir': 7, 'Poliwrath': 8, 'Rhydon': 8, 'Golduck': 1, 'Sneasel': 3, 'Persian': 1, 'Glalie': 3, 'Mantine': 3, 'Hitmonchan': 12, 'Dusclops': 6, 'Lickilicky': 10, 'Azumarill': 3, 'Rotom': 3, 'Clefable': 7, 'Diglett': 10, 'Electrode': 8, 'Piloswine': 8, 'Blastoise': 1, 'Kabutops': 4, 'Houndoom': 4, 'Uxie': 8, 'Alakazam': 3, 'Primeape': 1, 'Marowak': 4, 'Pelipper': 1, 'Electabuzz': 2, 'Purugly': 3, 'Xatu': 6, 'Typhlosion': 9, 'Manectric': 7, 'Porygon2': 4, 'Crawdaunt': 4, 'Ampharos': 4, 'Milotic': 4, 'Lapras': 1, 'Cacturne': 4, 'Snover': 6, 'Hitmontop': 5, 'Walrein': 6, 'Chansey': 5, 'Vileplume': 2, 'Sandslash': 2, 'Armaldo': 3, 'Quagsire': 2, 'Misdreavus': 5, 'Articuno': 5, 'Metang': 2, 'Gastrodon': 5, 'Golem': 2, 'Trapinch': 2, 'Clamperl': 2, 'Hypno': 2, 'Regice': 3, 'Linoone': 4, 'Roselia': 3, 'Gabite': 1, 'Beedrill': 1, 'Drapion': 1, 'Wormadam-Trash': 1, 'Flareon': 1, 'Grumpig': 1, 'Dugtrio': 1, 'Leafeon': 1, 'Magmortar': 1, 'Entei': 2, 'Sceptile': 1, 'Machoke': 1, 'Altaria': 1, 'Blaziken': 1}"
futuresight27085,[Gen 4] UU,1,0,1,2019-02-22 04:05:33,2019-02-22 04:05:33,,,,"{'Milotic': 1, 'Mismagius': 1, 'Houndoom': 1, 'Registeel': 1, 'Primeape': 1, 'Venusaur': 1}"
futuresight373,[Gen 4] UU,1,1,0,2019-10-24 22:06:39,2019-10-24 22:06:39,,,,"{'Absol': 1, 'Mismagius': 1, 'Alakazam': 1, 'Clefable': 1, 'Blaziken': 1, 'Venusaur': 1}"
futuresight79670,[Gen 4] UU,2,1,1,2025-01-18 20:17:24,2025-02-03 04:12:55,,,,"{'Moltres': 1, 'Toxicroak': 1, 'Feraligatr': 1, 'Uxie': 1, 'Venusaur': 1, 'Donphan': 1, 'Snover': 1, 'Nidoqueen': 1, 'Walrein': 1, 'Clefable': 1, 'Registeel': 1, 'Blastoise': 1}"
futuresight91212,[Gen 4] UU,2,1,1,2019-11-26 02:20:19,2019-11-29 04:08:23,,,,"{'Donphan': 2, 'Mismagius': 2, 'Houndoom': 1, 'Registeel': 2, 'Venusaur': 2, 'Blastoise': 1}"
gabite21258,[Gen 4] UU,2,1,1,2025-02-09 01:28:53,2025-02-09 01:33:13,,,,"{'Scyther': 1, 'Toxicroak': 1, 'Torterra': 1, 'Regirock': 1, 'Houndoom': 1, 'Blastoise': 1, 'Kangaskhan': 1, 'Mismagius': 1, 'Omastar': 1, 'Spiritomb': 1, 'Blaziken': 1, 'Alakazam': 1}"
gabite59139,[Gen 4] UU,13,9,4,2020-06-01 02:25:18,2020-08-21 02:56:19,,,,"{'Scyther': 4, 'Milotic': 12, 'Blaziken': 8, 'Uxie': 10, 'Venusaur': 5, 'Donphan': 4, 'Dugtrio': 4, 'Clefable': 5, 'Heracross': 1, 'Rotom': 1, 'Registeel': 4, 'Arcanine': 1, 'Tangrowth': 3, 'Mismagius': 2, 'Porygon-Z': 2, 'Cresselia': 2, 'Toxicroak': 1, 'Rhyperior': 1, 'Jynx': 1, 'Feraligatr': 1, 'Altaria': 1, 'Exeggutor': 1}"
gabite9381,[Gen 4] UU,1,0,1,2020-07-22 20:40:27,2020-07-22 20:40:27,,,,"{'Rhyperior': 1, 'Torterra': 1, 'Spiritomb': 1, 'Feraligatr': 1, 'Blaziken': 1, 'Swellow': 1}"
gallade37662,[Gen 4] UU,1,0,1,2017-04-17 12:55:30,2017-04-17 12:55:30,,,,"{'Hippopotas': 1, 'Rotom': 1, 'Gligar': 1}"
gallade41877,[Gen 4] UU,12,11,1,2020-03-14 19:38:16,2020-03-27 22:17:26,1000.0,1125.0,"[1049.0, 1090.0, 1051.0, 1125.0, 1082.0, 1050.0, 1089.0, 1000.0]","{'Ludicolo': 8, 'Kabutops': 5, 'Registeel': 6, 'Uxie': 12, 'Blastoise': 2, 'Manectric': 2, 'Scyther': 1, 'Kangaskhan': 3, 'Hitmontop': 3, 'Azumarill': 2, 'Venusaur': 3, 'Houndoom': 1}"
gallade45249,[Gen 4] UU,1,1,0,2020-08-16 21:59:42,2020-08-16 21:59:42,,,,"{'Dugtrio': 1, 'Spiritomb': 1, 'Swellow': 1, 'Houndoom': 1, 'Ambipom': 1}"
gallade52884,[Gen 4] UU,1,1,0,2024-03-02 17:17:37,2024-03-02 17:17:37,1000.0,1000.0,[1000.0],"{'Snover': 1, 'Claydol': 1, 'Walrein': 1, 'Dugtrio': 1, 'Spiritomb': 1, 'Venusaur': 1}"
gallade61324,[Gen 4] UU,1,0,1,2017-12-10 03:10:04,2017-12-10 03:10:04,,,,"{'Armaldo': 1, 'Poliwrath': 1, 'Metang': 1, 'Regigigas': 1, 'Misdreavus': 1, 'Articuno': 1}"
gallade6532,[Gen 4] UU,13,7,6,2019-05-15 19:26:58,2025-01-17 04:57:14,,,,"{'Slowbro': 1, 'Rotom': 4, 'Uxie': 6, 'Primeape': 3, 'Cradily': 3, 'Ambipom': 6, 'Venusaur': 7, 'Steelix': 2, 'Hypno': 2, 'Mismagius': 5, 'Miltank': 4, 'Blaziken': 4, 'Kangaskhan': 3, 'Nidoqueen': 3, 'Clefable': 3, 'Hippopotas': 3, 'Leafeon': 2, 'Milotic': 1, 'Donphan': 2, 'Crobat': 1, 'Porygon-Z': 1, 'Chansey': 1, 'Lanturn': 1}"
gallade92183,[Gen 4] UU,1,0,1,2015-03-20 21:07:14,2015-03-20 21:07:14,,,,"{'Ursaring': 1, 'Omastar': 1, 'Rotom': 1, 'Swellow': 1, 'Blaziken': 1, 'Alakazam': 1}"
gallade9472,[Gen 4] UU,2,1,1,2020-07-15 21:47:32,2022-01-17 02:01:54,,,,"{'Mesprit': 2, 'Kabutops': 1, 'Dugtrio': 2, 'Arcanine': 2, 'Swellow': 2, 'Leafeon': 1}"
ganlonberry38049,[Gen 4] UU,3,0,3,2017-03-12 00:39:02,2017-05-30 21:31:14,,,,"{'Machoke': 1, 'Poliwrath': 3, 'Cacturne': 1, 'Rhydon': 1, 'Golbat': 1, 'Golduck': 2, 'Rapidash': 1, 'Armaldo': 1, 'Murkrow': 1, 'Victreebel': 1, 'Monferno': 1, 'Sneasel': 1, 'Glalie': 1, 'Misdreavus': 1}"
garchomp42006,[Gen 4] UU,6,3,3,2022-07-25 23:59:52,2022-08-27 01:14:23,,,,"{'Mismagius': 3, 'Rhyperior': 5, 'Feraligatr': 4, 'Linoone': 2, 'Uxie': 6, 'Venusaur': 4, 'Snover': 2, 'Walrein': 2, 'Skuntank': 2, 'Blastoise': 2}"
garchomp97544,[Gen 4] UU,2,1,1,2020-05-12 17:56:48,2020-05-13 00:02:50,,,,"{'Kangaskhan': 2, 'Mismagius': 2, 'Omastar': 2, 'Spiritomb': 2, 'Blaziken': 2, 'Alakazam': 2}"
gardevoir41806,[Gen 4] UU,10,8,2,2017-04-10 00:11:16,2017-12-23 17:55:45,,,,"{'Kecleon': 2, 'Kadabra': 2, 'Poliwrath': 5, 'Victreebel': 3, 'Sableye': 2, 'Rhydon': 4, 'Seviper': 2, 'Cacturne': 3, 'Mr. Mime': 4, 'Misdreavus': 3, 'Electabuzz': 2, 'Zangoose': 1, 'Gastrodon-East': 3, 'Muk': 2, 'Metang': 6, 'Drifblim': 2, 'Armaldo': 1, 'Glalie': 1, 'Golbat': 2, 'Rapidash': 2, 'Drifloon': 1, 'Lapras': 1, 'Purugly': 1}"
gastly11159,[Gen 4] UU,1,0,1,2017-03-19 21:41:13,2017-03-19 21:41:13,,,,"{'Machoke': 1, 'Poliwrath': 1, 'Cacturne': 1, 'Rhydon': 1, 'Misdreavus': 1, 'Golbat': 1}"
gastly12851,[Gen 4] UU,1,0,1,2018-06-08 21:41:52,2018-06-08 21:41:52,,,,"{'Moltres': 1, 'Milotic': 1, 'Clefable': 1, 'Venusaur': 1, 'Donphan': 1}"
gastly34323,[Gen 4] UU,1,0,1,2017-04-23 20:56:22,2017-04-23 20:56:22,,,,"{'Jynx': 1, 'Magneton': 1, 'Torterra': 1, 'Yanma': 1}"
gastly38193,[Gen 4] UU,1,0,1,2014-10-10 02:47:57,2014-10-10 02:47:57,,,,"{'Claydol': 1, 'Sceptile': 1, 'Poliwrath': 1, 'Spiritomb': 1, 'Arcanine': 1, 'Shuckle': 1}"
gastly51180,[Gen 4] UU,1,0,1,2015-10-04 20:47:37,2015-10-04 20:47:37,,,,"{'Milotic': 1, 'Mesprit': 1, 'Rhyperior': 1, 'Torterra': 1, 'Weezing': 1, 'Arcanine': 1}"
gastly51406,[Gen 4] UU,2,0,2,2015-01-03 15:03:14,2015-01-03 15:42:09,,,,"{'Vileplume': 1, 'Sandslash': 2, 'Typhlosion': 1, 'Dusclops': 1, 'Slowking': 1, 'Yanma': 2, 'Nidoqueen': 1, 'Raticate': 1, 'Sableye': 1, 'Roselia': 1}"
gastly68178,[Gen 4] UU,1,1,0,2020-05-19 01:42:11,2020-05-19 01:42:11,,,,"{'Absol': 1, 'Gorebyss': 1, 'Kabutops': 1, 'Registeel': 1, 'Uxie': 1}"
gastly85970,[Gen 4] UU,2,0,2,2020-05-09 21:25:03,2020-05-09 21:31:12,,,,"{'Milotic': 2, 'Hariyama': 2, 'Qwilfish': 2, 'Clefable': 2, 'Arcanine': 2, 'Venusaur': 2}"
gastly87829,[Gen 4] UU,8,7,1,2015-08-13 21:07:04,2016-08-14 19:40:09,,,,"{'Claydol': 4, 'Sceptile': 3, 'Poliwrath': 3, 'Spiritomb': 3, 'Houndoom': 4, 'Drapion': 3, 'Charizard': 1, 'Electrode': 1, 'Hitmontop': 1, 'Steelix': 1, 'Slowking': 2, 'Venusaur': 1, 'Snover': 1, 'Nidoqueen': 1, 'Sneasel': 1, 'Walrein': 1, 'Swinub': 1, 'Ninetales': 1, 'Hariyama': 1, 'Slowbro': 1, 'Rotom': 1, 'Ariados': 1, 'Ludicolo': 1, 'Omastar': 1, 'Toxicroak': 1, 'Lanturn': 1, 'Alakazam': 1, 'Mismagius': 1, 'Primeape': 1, 'Donphan': 1, 'Leafeon': 1}"
gastroacid18098,[Gen 4] UU,8,2,6,2017-11-15 17:10:21,2019-04-13 19:31:02,,,,"{'Magmortar': 1, 'Shiftry': 1, 'Electrode': 1, 'Golem': 1, 'Jynx': 1, 'Slowking': 1, 'Milotic': 1, 'Mismagius': 1, 'Registeel': 2, 'Arcanine': 4, 'Venusaur': 1, 'Leafeon': 2, 'Scyther': 5, 'Omastar': 2, 'Toxicroak': 1, 'Torterra': 2, 'Kabutops': 4, 'Houndoom': 1, 'Mesprit': 1, 'Dugtrio': 1, 'Swellow': 1, 'Sceptile': 2, 'Qwilfish': 2, 'Rotom': 2, 'Donphan': 2, 'Moltres': 1, 'Lanturn': 1}"
gastroacid21433,[Gen 4] UU,2,1,1,2019-11-17 22:31:10,2020-02-28 01:49:34,,,,"{'Ursaring': 1, 'Milotic': 1, 'Exeggutor': 2, 'Claydol': 1, 'Mismagius': 2, 'Steelix': 1, 'Uxie': 1, 'Drapion': 1, 'Ambipom': 1}"
gastroacid50999,[Gen 4] UU,1,1,0,2016-01-30 05:31:30,2016-01-30 05:31:30,,,,"{'Mismagius': 1, 'Hitmontop': 1, 'Azumarill': 1, 'Steelix': 1, 'Houndoom': 1, 'Leafeon': 1}"
gastroacid85884,[Gen 4] UU,4,2,2,2017-01-17 00:51:58,2017-01-25 00:51:53,,,,"{'Mesprit': 1, 'Kabutops': 1, 'Dugtrio': 2, 'Arcanine': 1, 'Swellow': 1, 'Leafeon': 2, 'Moltres': 1, 'Mismagius': 1, 'Nidoking': 1, 'Registeel': 1, 'Blastoise': 1, 'Drapion': 1, 'Venusaur': 1, 'Scyther': 1, 'Toxicroak': 1, 'Jynx': 1, 'Spiritomb': 1, 'Donphan': 1}"
gastroacid95374,[Gen 4] UU,1,0,1,2015-04-07 04:45:41,2015-04-07 04:45:41,,,,"{'Moltres': 1, 'Altaria': 1, 'Sceptile': 1, 'Rhyperior': 1, 'Hitmontop': 1, 'Drapion': 1}"
gastrodon1685,[Gen 4] UU,7,3,4,2022-03-13 19:26:55,2022-03-27 02:18:11,,,,"{'Scyther': 5, 'Rhyperior': 5, 'Hitmontop': 3, 'Houndoom': 5, 'Uxie': 5, 'Venusaur': 7, 'Hitmonlee': 2, 'Blastoise': 2, 'Dugtrio': 2, 'Mismagius': 2, 'Milotic': 1, 'Registeel': 1}"
gastrodon77814,[Gen 4] UU,7,3,4,2015-04-20 22:10:26,2015-04-25 02:24:01,,,,"{'Charizard': 5, 'Medicham': 5, 'Haunter': 5, 'Regirock': 7, 'Skuntank': 5, 'Gardevoir': 4, 'Porygon2': 2, 'Regice': 2, 'Dusclops': 2, 'Chatot': 1, 'Slowking': 1}"
gastrodoneast19128,[Gen 4] UU,1,0,1,2016-10-22 06:51:34,2016-10-22 06:51:34,,,,"{'Nidoking': 1, 'Venusaur': 1, 'Alakazam': 1, 'Hitmonlee': 1, 'Beedrill': 1, 'Blastoise': 1}"
gastrodoneast19868,[Gen 4] UU,2,0,2,2017-01-23 18:35:18,2017-01-23 18:42:20,,,,"{'Mesprit': 1, 'Sceptile': 1, 'Azumarill': 1, 'Registeel': 2, 'Arcanine': 1, 'Donphan': 1, 'Snover': 1, 'Milotic': 1, 'Hitmontop': 1, 'Nidoqueen': 1, 'Walrein': 1}"
gastrodoneast80538,[Gen 4] UU,1,1,0,2024-03-02 12:52:52,2024-03-02 12:52:52,1023.0,1023.0,[1023.0],"{'Camerupt': 1, 'Mismagius': 1, 'Kabutops': 1, 'Masquerain': 1, 'Drapion': 1, 'Glalie': 1}"
gastrodoneast85325,[Gen 4] UU,2,1,1,2015-09-19 01:27:45,2015-09-21 05:23:13,,,,"{'Gligar': 1, 'Sandslash': 1, 'Cacturne': 1, 'Whiscash': 1, 'Corsola': 1, 'Politoed': 1, 'Qwilfish': 1, 'Zangoose': 1, 'Jumpluff': 1, 'Vigoroth': 1, 'Magmar': 1}"
gengar24839,[Gen 4] UU,3,2,1,2016-07-10 22:51:40,2016-07-23 19:25:22,,,,"{'Camerupt': 3, 'Golduck': 3, 'Banette': 3, 'Xatu': 3, 'Raticate': 3, 'Parasect': 3}"
gengar85249,[Gen 4] UU,1,0,1,2019-08-30 03:42:31,2019-08-30 03:42:31,,,,"{'Altaria': 1, 'Milotic': 1, 'Aggron': 1, 'Chansey': 1, 'Spiritomb': 1, 'Drapion': 1}"
gengarmega15897,[Gen 4] UU,1,0,1,2020-07-10 11:37:23,2020-07-10 11:37:23,1000.0,1000.0,[1000.0],"{'Altaria': 1, 'Absol': 1, 'Sceptile': 1, 'Aggron': 1, 'Alakazam': 1, 'Swellow': 1}"
gengarmega47323,[Gen 4] UU,9,7,2,2014-06-29 16:23:00,2014-06-29 19:19:02,,,,"{'Milotic': 9, 'Venusaur': 8, 'Rotom': 9, 'Registeel': 8, 'Blaziken': 6, 'Ambipom': 9}"
gengarmega52968,[Gen 4] UU,1,0,1,2015-04-22 20:38:45,2015-04-22 20:38:45,,,,"{'Moltres': 1, 'Scyther': 1, 'Torterra': 1, 'Kabutops': 1, 'Lanturn': 1, 'Registeel': 1}"
gengarmega66742,[Gen 4] UU,14,9,5,2016-07-01 17:11:49,2017-04-29 19:05:49,,,,"{'Flareon': 3, 'Armaldo': 3, 'Sableye': 1, 'Bellossom': 4, 'Quagsire': 3, 'Ampharos': 2, 'Rapidash': 3, 'Onix': 2, 'Pinsir': 1, 'Volbeat': 2, 'Victreebel': 2, 'Xatu': 3, 'Purugly': 2, 'Probopass': 2, 'Girafarig': 2, 'Electabuzz': 4, 'Lunatone': 1, 'Murkrow': 1, 'Glalie': 1, 'Misdreavus': 1, 'Slaking': 1, 'Raichu': 2, 'Granbull': 1, 'Poliwrath': 2, 'Dusclops': 1, 'Pineco': 1, 'Zangoose': 1, 'Sneasel': 1, 'Gastrodon': 1, 'Drifblim': 4, 'Rampardos': 3, 'Monferno': 3, 'Cacturne': 3, 'Gabite': 1, 'Golbat': 1, 'Budew': 1, 'Banette': 1, 'Lapras': 1, 'Gorebyss': 1, 'Sharpedo': 1, 'Exploud': 1, 'Parasect': 1, 'Relicanth': 1}"
ghost52931,[Gen 4] UU,1,0,1,2020-07-31 22:27:06,2020-07-31 22:27:06,,,,"{'Milotic': 1, 'Houndoom': 1, 'Jumpluff': 1, 'Feraligatr': 1, 'Ambipom': 1}"
ghost7064,[Gen 4] UU,1,0,1,2017-12-10 18:19:02,2017-12-10 18:19:02,,,,"{'Armaldo': 1, 'Sneasel': 1, 'Muk': 1, 'Purugly': 1, 'Gastrodon': 1, 'Misdreavus': 1}"
gible14850,[Gen 4] UU,1,0,1,2024-03-11 16:38:51,2024-03-11 16:38:51,1000.0,1000.0,[1000.0],"{'Milotic': 1, 'Sceptile': 1, 'Rotom': 1, 'Dugtrio': 1, 'Registeel': 1, 'Arcanine': 1}"
gigadrain48517,[Gen 4] UU,2,1,1,2020-02-24 02:41:06,2020-02-24 04:36:40,,,,"{'Mismagius': 2, 'Sceptile': 1, 'Kabutops': 1, 'Registeel': 2, 'Arcanine': 1, 'Donphan': 1, 'Milotic': 1, 'Houndoom': 1, 'Primeape': 1, 'Venusaur': 1}"
gigadrain59091,[Gen 4] UU,2,0,2,2025-01-01 21:02:07,2025-01-01 21:08:01,,,,"{'Cloyster': 2, 'Exeggutor': 2, 'Claydol': 2, 'Weezing': 2, 'Steelix': 2, 'Registeel': 2}"
gigaimpact15080,[Gen 4] UU,1,1,0,2020-07-23 05:53:25,2020-07-23 05:53:25,,,,"{'Staraptor': 1, 'Yanmega': 1, 'Dugtrio': 1, 'Hitmonlee': 1, 'Froslass': 1}"
gigaimpact63597,[Gen 4] UU,1,0,1,2015-05-22 03:44:52,2015-05-22 03:44:52,,,,"{'Kangaskhan': 1, 'Qwilfish': 1, 'Azumarill': 1, 'Steelix': 1, 'Rotom': 1, 'Swellow': 1}"
gigaimpact63792,[Gen 4] UU,1,0,1,2016-07-27 05:14:35,2016-07-27 05:14:35,,,,"{'Bibarel': 1, 'Gorebyss': 1, 'Gligar': 1, 'Mr. Mime': 1, 'Ariados': 1, 'Drifblim': 1}"
gigaimpact85723,[Gen 4] UU,8,1,7,2016-07-15 03:40:27,2020-07-13 05:03:13,,,,"{'Kingler': 4, 'Nidoking': 5, 'Hitmontop': 5, 'Clefable': 7, 'Uxie': 6, 'Toxicroak': 3, 'Torterra': 2, 'Kabutops': 1, 'Houndoom': 3, 'Alakazam': 2, 'Quagsire': 4, 'Kangaskhan': 1, 'Blastoise': 1, 'Leafeon': 1}"
girafarig81863,[Gen 4] UU,1,1,0,2017-05-23 03:38:12,2017-05-23 03:38:12,,,,"{'Golduck': 1, 'Wormadam-Trash': 1, 'Machoke': 1, 'Electabuzz': 1, 'Gastrodon': 1}"
giratina10532,[Gen 4] UU,1,1,0,2024-03-29 16:52:56,2024-03-29 16:52:56,1000.0,1000.0,[1000.0],"{'Snover': 1, 'Cloyster': 1, 'Nidoqueen': 1, 'Walrein': 1}"
giratinaorigin8390,[Gen 4] UU,2,0,2,2015-01-04 00:47:17,2015-01-04 00:52:37,,,,"{'Meganium': 2, 'Tauros': 2, 'Torkoal': 2, 'Dusclops': 2, 'Manectric': 2, 'Slowking': 2}"
glaceon14796,[Gen 4] UU,1,0,1,2020-02-24 02:41:06,2020-02-24 02:41:06,,,,"{'Milotic': 1, 'Toxicroak': 1, 'Rhyperior': 1, 'Jynx': 1, 'Clefable': 1, 'Feraligatr': 1}"
glaceon17190,[Gen 4] UU,4,4,0,2020-03-04 21:13:13,2020-03-21 09:40:21,1037.0,1268.0,"[1082.0, 1268.0, 1037.0]","{'Scyther': 2, 'Milotic': 2, 'Mismagius': 1, 'Registeel': 3, 'Houndoom': 2, 'Donphan': 4, 'Moltres': 2, 'Absol': 2, 'Arcanine': 2, 'Venusaur': 2}"
glaceon53740,[Gen 4] UU,2,2,0,2020-06-01 10:30:50,2020-07-11 09:26:09,,,,"{'Altaria': 1, 'Mismagius': 1, 'Rhyperior': 1, 'Arcanine': 1, 'Blastoise': 1, 'Leafeon': 1, 'Absol': 1, 'Blaziken': 1, 'Azumarill': 1, 'Chansey': 1, 'Uxie': 1, 'Venusaur': 1}"
glaceon67942,[Gen 4] UU,2,1,1,2014-07-13 06:51:46,2020-05-15 01:18:58,,,,"{'Claydol': 1, 'Mismagius': 1, 'Qwilfish': 1, 'Miltank': 1, 'Spiritomb': 1, 'Arcanine': 1, 'Ursaring': 1, 'Omastar': 1, 'Rotom': 1, 'Swellow': 1, 'Blaziken': 1, 'Alakazam': 1}"
glalie40008,[Gen 4] UU,4,2,2,2020-06-12 09:59:26,2020-06-12 12:11:31,,,,"{'Claydol': 1, 'Feraligatr': 2, 'Clefable': 2, 'Houndoom': 1, 'Ampharos': 1, 'Camerupt': 2, 'Altaria': 2, 'Hariyama': 2, 'Sceptile': 2, 'Slowbro': 2, 'Armaldo': 2, 'Milotic': 1, 'Toxicroak': 1, 'Rhyperior': 1, 'Jynx': 1}"
glalie52094,[Gen 4] UU,1,1,0,2019-09-08 03:55:04,2019-09-08 03:55:04,,,,"{'Kecleon': 1, 'Claydol': 1, 'Aggron': 1, 'Dugtrio': 1, 'Arcanine': 1, 'Alakazam': 1}"
glalie56367,[Gen 4] UU,7,4,3,2018-08-02 21:15:19,2022-04-03 17:35:36,,,,"{'Ludicolo': 5, 'Toxicroak': 3, 'Kabutops': 4, 'Dugtrio': 4, 'Registeel': 4, 'Uxie': 5, 'Ursaring': 1, 'Omastar': 1, 'Rotom': 1, 'Swellow': 2, 'Blaziken': 1, 'Alakazam': 1, 'Arcanine': 1, 'Mesprit': 1, 'Leafeon': 1, 'Electrode': 1}"
glalie67792,[Gen 4] UU,1,0,1,2016-10-10 14:03:25,2016-10-10 14:03:25,1000.0,1000.0,[1000.0],"{'Milotic': 1, 'Absol': 1, 'Rhyperior': 1, 'Houndoom': 1, 'Uxie': 1, 'Venusaur': 1}"
glameow13871,[Gen 4] UU,2,1,1,2020-04-02 16:53:09,2020-04-04 01:16:05,,,,"{'Houndoom': 2, 'Uxie': 1, 'Primeape': 1, 'Azumarill': 1, 'Mesprit': 1, 'Toxicroak': 1, 'Torterra': 1, 'Swellow': 1, 'Blastoise': 1}"
glameow34991,[Gen 4] UU,4,0,4,2024-03-09 15:12:18,2024-03-13 23:00:05,1049.0,1094.0,"[1049.0, 1074.0, 1094.0, 1049.0]","{'Sceptile': 4, 'Entei': 2, 'Hitmontop': 2, 'Dugtrio': 4, 'Espeon': 2, 'Glalie': 1, 'Miltank': 2, 'Dusclops': 2, 'Hitmonlee': 2, 'Swellow': 2, ""Farfetch'D"": 1}"
glameow56834,[Gen 4] UU,2,2,0,2015-04-19 18:48:38,2015-04-30 02:04:40,,,,"{'Skuntank': 1, 'Floatzel': 1, 'Haunter': 1, 'Cacturne': 2, 'Tauros': 1, 'Regirock': 1, 'Hitmonchan': 1, 'Lickilicky': 1, 'Slowking': 1}"
glameow88919,[Gen 4] UU,1,1,0,2024-11-20 23:26:23,2024-11-20 23:26:23,,,,"{'Venomoth': 1, 'Hitmonlee': 1, 'Steelix': 1, 'Sceptile': 1}"
glameow94696,[Gen 4] UU,38,21,17,2018-02-09 01:24:43,2020-05-09 23:37:03,,,,"{'Absol': 3, 'Mismagius': 5, 'Alakazam': 4, 'Clefable': 6, 'Blaziken': 5, 'Venusaur': 10, 'Gorebyss': 2, 'Electrode': 6, 'Toxicroak': 5, 'Kabutops': 10, 'Registeel': 19, 'Houndoom': 4, 'Milotic': 17, 'Omastar': 3, 'Hitmontop': 3, 'Spiritomb': 7, 'Arcanine': 5, 'Sceptile': 11, 'Rotom': 5, 'Donphan': 14, 'Drapion': 3, 'Rhyperior': 3, 'Chansey': 2, 'Moltres': 9, 'Scyther': 7, 'Ludicolo': 3, 'Qwilfish': 4, 'Uxie': 4, 'Mesprit': 10, 'Hariyama': 2, 'Feraligatr': 2, 'Ursaring': 1, 'Aggron': 1, 'Torterra': 1, 'Slowking': 2, 'Azumarill': 2, 'Leafeon': 4, 'Tauros': 1, 'Dugtrio': 4, 'Hitmonlee': 1, 'Regirock': 1, 'Entei': 1, 'Blastoise': 3, 'Steelix': 2, 'Cacturne': 1, 'Swellow': 1, 'Snover': 1, 'Nidoqueen': 1, 'Walrein': 1}"
glare26514,[Gen 4] UU,1,0,1,2016-11-20 22:49:45,2016-11-20 22:49:45,,,,"{'Milotic': 1, 'Hariyama': 1, 'Aggron': 1, 'Rotom': 1, 'Uxie': 1, 'Venusaur': 1}"
glare38523,[Gen 4] UU,75,34,41,2016-05-09 03:09:36,2022-10-16 19:08:04,,,,"{'Milotic': 20, 'Blaziken': 14, 'Torterra': 3, 'Rotom': 16, 'Registeel': 30, 'Uxie': 13, 'Scyther': 6, 'Slowking': 15, 'Donphan': 19, 'Leafeon': 7, 'Mismagius': 14, 'Rhyperior': 10, 'Skuntank': 1, 'Clefable': 13, 'Moltres': 5, 'Spiritomb': 6, 'Primeape': 7, 'Venusaur': 32, 'Medicham': 3, 'Regirock': 7, 'Lanturn': 3, 'Houndoom': 4, 'Drapion': 6, 'Arcanine': 9, 'Blastoise': 4, 'Entei': 5, 'Swellow': 7, 'Mesprit': 3, 'Sceptile': 6, 'Hitmontop': 2, 'Nidoqueen': 2, 'Omastar': 5, 'Golduck': 7, 'Muk': 10, 'Metang': 11, 'Rhydon': 9, 'Lickilicky': 7, 'Misdreavus': 9, 'Armaldo': 2, 'Pelipper': 2, 'Ampharos': 3, 'Venomoth': 1, 'Sandslash': 2, 'Hypno': 1, 'Articuno': 1, 'Prinplup': 1, 'Persian': 1, 'Tauros': 2, 'Sneasel': 1, 'Toxicroak': 5, 'Jynx': 3, 'Magmortar': 1, 'Magneton': 1, 'Solrock': 1, 'Meganium': 2, 'Charizard': 3, 'Hitmonchan': 4, 'Gardevoir': 2, 'Snover': 1, 'Weezing': 3, 'Feraligatr': 1, 'Dugtrio': 7, 'Absol': 1, 'Qwilfish': 5, 'Exeggutor': 1, 'Poliwrath': 3, 'Glalie': 3, 'Hitmonlee': 3, 'Tangrowth': 1, 'Kabutops': 4, 'Azumarill': 1, 'Alakazam': 1, 'Altaria': 1, 'Wormadam-Trash': 1, 'Cacturne': 3, 'Drifblim': 1, 'Manectric': 1, 'Cloyster': 1, 'Gligar': 2, 'Hippopotas': 1, 'Cradily': 1, 'Hariyama': 2, 'Steelix': 1, 'Wailord': 1, 'Roselia': 1, 'Kangaskhan': 1}"
glare62900,[Gen 4] UU,10,7,3,2015-05-01 02:56:45,2015-05-10 03:32:20,,,,"{'Gligar': 1, 'Medicham': 1, 'Regirock': 2, 'Cacturne': 1, 'Muk': 2, 'Hippopotas': 2, 'Qwilfish': 8, 'Azumarill': 2, 'Steelix': 2, 'Rotom': 2, 'Arcanine': 3, 'Venusaur': 7, 'Mismagius': 6, 'Aggron': 2, 'Dugtrio': 6, 'Alakazam': 4, 'Ambipom': 4}"
glare67329,[Gen 4] UU,1,1,0,2024-03-10 22:07:18,2024-03-10 22:07:18,1059.0,1059.0,[1059.0],"{'Alakazam': 1, 'Omastar': 1}"
gligar43252,[Gen 4] UU,2,0,2,2023-09-01 02:56:48,2023-09-01 03:11:29,,,,"{'Mismagius': 1, 'Omastar': 1, 'Sceptile': 1, 'Houndoom': 1, 'Registeel': 2, 'Primeape': 1, 'Ludicolo': 1, 'Mesprit': 1, 'Toxicroak': 1, 'Kabutops': 1, 'Dugtrio': 1}"
gligar97703,[Gen 4] UU,1,0,1,2020-03-12 22:20:24,2020-03-12 22:20:24,1000.0,1000.0,[1000.0],"{'Rampardos': 1, 'Typhlosion': 1, 'Poliwrath': 1, 'Regirock': 1, 'Skuntank': 1, 'Misdreavus': 1}"
gliscor38758,[Gen 4] UU,1,0,1,2016-04-08 18:06:47,2016-04-08 18:06:47,,,,"{'Blaziken': 1, 'Milotic': 1, 'Torterra': 1, 'Ambipom': 1}"
gloom45615,[Gen 4] UU,1,0,1,2017-04-28 00:58:32,2017-04-28 00:58:32,,,,"{'Rhydon': 1, 'Poliwrath': 1, 'Mr. Mime': 1, 'Muk': 1, 'Sableye': 1, 'Lickilicky': 1}"
gloom67774,[Gen 4] UU,2,2,0,2017-02-27 21:24:38,2017-02-27 22:01:10,,,,"{'Cloyster': 2, 'Absol': 2, 'Mismagius': 2, 'Rhyperior': 2, 'Espeon': 2, 'Arcanine': 2}"
gloom98289,[Gen 4] UU,1,1,0,2015-01-08 19:49:13,2015-01-08 19:49:13,,,,"{'Politoed': 1, 'Pidgeot': 1, 'Luxray': 1, 'Sandslash': 1, 'Glalie': 1, 'Drifblim': 1}"
gluttony48616,[Gen 4] UU,5,2,3,2018-09-11 22:48:06,2019-01-31 22:17:26,,,,"{'Mismagius': 5, 'Toxicroak': 5, 'Rhyperior': 5, 'Uxie': 5, 'Swellow': 4, 'Leafeon': 5}"
gluttony53513,[Gen 4] UU,1,1,0,2019-01-01 03:11:30,2019-01-01 03:11:30,,,,"{'Ludicolo': 1, 'Toxicroak': 1, 'Kabutops': 1, 'Dugtrio': 1, 'Registeel': 1, 'Uxie': 1}"
goldberry24798,[Gen 4] UU,1,0,1,2015-07-27 00:17:34,2015-07-27 00:17:34,,,,"{'Pidgeot': 1, 'Noctowl': 1, 'Flareon': 1, 'Nidoking': 1, 'Feraligatr': 1, 'Slowking': 1}"
goldberry27001,[Gen 4] UU,2,2,0,2015-12-13 03:11:23,2015-12-30 06:37:53,,,,"{'Mesprit': 2, 'Mismagius': 2, 'Sceptile': 2, 'Qwilfish': 2, 'Registeel': 2, 'Blaziken': 2}"
goldberry51359,[Gen 4] UU,14,7,7,2015-11-14 04:10:01,2019-12-15 22:45:28,,,,"{'Cloyster': 13, 'Slowbro': 13, 'Steelix': 13, 'Rotom': 10, 'Chansey': 13, 'Venusaur': 11, 'Snover': 1, 'Milotic': 1, 'Walrein': 1, 'Registeel': 1, 'Donphan': 1}"
goldberry53422,[Gen 4] UU,21,9,12,2015-01-04 18:55:06,2016-05-31 05:42:08,,,,"{'Vileplume': 2, 'Charizard': 5, 'Sandslash': 6, 'Floatzel': 3, 'Skuntank': 10, 'Gardevoir': 1, 'Monferno': 2, 'Regirock': 11, 'Manectric': 7, 'Glalie': 2, 'Politoed': 3, 'Venomoth': 2, 'Gligar': 2, 'Tauros': 9, 'Magneton': 3, 'Sharpedo': 2, 'Hitmonchan': 3, 'Persian': 2, 'Hypno': 2, 'Golduck': 1, 'Dodrio': 2, 'Arbok': 2, 'Haunter': 8, 'Slowking': 10, 'Roselia': 2, 'Magmortar': 2, 'Typhlosion': 1, 'Quagsire': 1, 'Machoke': 2, 'Drifblim': 2, 'Jynx': 4, 'Regice': 1, 'Porygon2': 1, 'Marowak': 1, 'Solrock': 1, 'Snover': 1, 'Dusclops': 1, 'Piloswine': 1}"
goldeen2254,[Gen 4] UU,1,1,0,2016-07-06 15:03:37,2016-07-06 15:03:37,,,,"{'Altaria': 1, 'Milotic': 1, 'Chansey': 1, 'Spiritomb': 1, 'Roselia': 1, 'Donphan': 1}"
goldeen76511,[Gen 4] UU,2,1,1,2019-10-05 00:26:34,2020-03-20 00:06:34,,,,"{'Moltres': 2, 'Toxicroak': 2, 'Feraligatr': 2, 'Uxie': 2, 'Venusaur': 2, 'Donphan': 2}"
goldeen76894,[Gen 4] UU,4,2,2,2024-11-15 06:20:22,2024-11-15 06:39:12,,,,"{'Blaziken': 4, 'Chansey': 4, 'Torterra': 4, 'Aggron': 3, 'Hitmonlee': 3, 'Donphan': 3}"
goldeen94973,[Gen 4] UU,5,0,5,2015-03-22 06:33:08,2016-09-22 03:09:11,,,,"{'Magmortar': 3, 'Medicham': 3, 'Regirock': 3, 'Skuntank': 3, 'Victreebel': 3, 'Purugly': 3, 'Milotic': 2, 'Mismagius': 1, 'Torterra': 1, 'Weezing': 1, 'Arcanine': 1, 'Alakazam': 1, 'Moltres': 1, 'Qwilfish': 1, 'Rotom': 1, 'Registeel': 1, 'Donphan': 1}"
golduck11935,[Gen 4] UU,1,0,1,2023-10-06 13:25:55,2023-10-06 13:25:55,,,,"{'Mismagius': 1, 'Qwilfish': 1, 'Steelix': 1, 'Arcanine': 1, 'Alakazam': 1}"
golduck31547,[Gen 4] UU,1,1,0,2014-08-13 20:25:12,2014-08-13 20:25:12,,,,"{'Sceptile': 1, 'Omastar': 1, 'Hitmontop': 1, 'Clefable': 1, 'Blaziken': 1, 'Swellow': 1}"
golduck35019,[Gen 4] UU,3,1,2,2014-07-21 18:06:48,2016-04-27 00:26:59,,,,"{'Sandslash': 3, 'Regirock': 3, 'Cacturne': 3, 'Hippopotas': 3, 'Gastrodon': 1, 'Shuckle': 3, 'Quagsire': 2}"
golduck61301,[Gen 4] UU,5,3,2,2014-12-03 03:12:34,2022-06-26 21:19:40,,,,"{'Cloyster': 1, 'Toxicroak': 1, 'Azumarill': 2, 'Rotom': 2, 'Spiritomb': 1, 'Registeel': 2, 'Uxie': 3, 'Mismagius': 1, 'Ludicolo': 1, 'Qwilfish': 2, 'Electrode': 1, 'Kabutops': 1, 'Venusaur': 1, 'Houndoom': 1, 'Swellow': 1, 'Donphan': 1, 'Milotic': 1, 'Torterra': 1, 'Arcanine': 1, 'Alakazam': 1}"
golduck74130,[Gen 4] UU,1,0,1,2016-06-07 15:18:11,2016-06-07 15:18:11,,,,"{'Machoke': 1, 'Charizard': 1, 'Sandslash': 1, 'Jumpluff': 1, 'Whiscash': 1, 'Manectric': 1}"
golduck78467,[Gen 4] UU,5,1,4,2019-09-19 02:38:16,2020-06-16 20:21:25,,,,"{'Altaria': 4, 'Scyther': 4, 'Mesprit': 4, 'Hitmontop': 3, 'Lanturn': 5, 'Primeape': 3, 'Moltres': 1, 'Rhyperior': 1, 'Dugtrio': 1, 'Venusaur': 1, 'Blastoise': 1}"
golem16126,[Gen 4] UU,1,0,1,2019-06-27 01:34:05,2019-06-27 01:34:05,,,,"{'Entei': 1, 'Regirock': 1, 'Hitmonlee': 1, 'Feraligatr': 1, 'Drapion': 1, 'Venusaur': 1}"
golem26957,[Gen 4] UU,2,1,1,2023-06-04 18:41:20,2023-06-12 01:29:18,,,,"{'Milotic': 1, 'Rhyperior': 1, 'Clefable': 1, 'Registeel': 2, 'Uxie': 2, 'Venusaur': 2, 'Entei': 1, 'Kabutops': 1, 'Donphan': 1}"
golem5265,[Gen 4] UU,3,2,1,2017-10-23 13:16:29,2017-10-24 11:57:18,,,,"{'Tauros': 2, 'Medicham': 1, 'Regirock': 1, 'Dodrio': 1, 'Slowking': 2, 'Venomoth': 1, 'Gligar': 1, 'Haunter': 2, 'Skuntank': 2, 'Glalie': 1, 'Sandslash': 1, 'Hitmonchan': 1, 'Gardevoir': 1}"
gorebyss12680,[Gen 4] UU,1,0,1,2024-03-11 03:57:23,2024-03-11 03:57:23,,,,"{'Venomoth': 1, 'Xatu': 1, 'Nidorina': 1, 'Swellow': 1, 'Venusaur': 1}"
gorebyss18266,[Gen 4] UU,1,0,1,2019-09-01 21:47:45,2019-09-01 21:47:45,,,,"{'Moltres': 1, 'Toxicroak': 1, 'Feraligatr': 1, 'Uxie': 1, 'Venusaur': 1, 'Donphan': 1}"
gorebyss45447,[Gen 4] UU,1,1,0,2020-07-01 17:45:09,2020-07-01 17:45:09,,,,"{'Exeggutor': 1, 'Ludicolo': 1, 'Rhyperior': 1, 'Electabuzz': 1, 'Blaziken': 1, 'Swellow': 1}"
gorebyss72099,[Gen 4] UU,2,2,0,2017-06-22 23:06:00,2017-06-30 16:25:43,,,,"{'Charizard': 2, 'Porygon2': 2, 'Marowak': 2, 'Solrock': 2, 'Slowking': 2, 'Gardevoir': 2}"
gorebyss91369,[Gen 4] UU,1,1,0,2025-03-30 04:15:39,2025-03-30 04:15:39,,,,"{'Feraligatr': 1, 'Rhyperior': 1, 'Houndoom': 1, 'Uxie': 1, 'Primeape': 1, 'Venusaur': 1}"
granbull4220,[Gen 4] UU,3,0,3,2024-03-27 15:08:23,2024-03-27 15:44:15,1000.0,1000.0,"[1000.0, 1000.0]","{'Registeel': 3, 'Scyther': 1, 'Lanturn': 1, 'Cloyster': 2, 'Milotic': 1, 'Venusaur': 1, 'Chansey': 2, 'Exeggutor': 1, 'Toxicroak': 1, 'Dugtrio': 1}"
granbull43273,[Gen 4] UU,4,3,1,2020-01-10 02:07:27,2020-04-16 20:31:47,,,,"{'Ludicolo': 2, 'Electrode': 2, 'Kabutops': 2, 'Dugtrio': 4, 'Registeel': 2, 'Uxie': 2, 'Hitmontop': 2, 'Lanturn': 2, 'Clefable': 1, 'Steelix': 1, 'Articuno': 1}"
granbull46105,[Gen 4] UU,3,3,0,2017-04-01 02:58:49,2017-04-01 03:29:00,,,,"{'Milotic': 3, 'Omastar': 3, 'Hitmontop': 3, 'Spiritomb': 3, 'Clefable': 3, 'Registeel': 3}"
granbull57238,[Gen 4] UU,3,3,0,2016-08-03 15:35:02,2016-08-03 15:35:08,,,,"{'Milotic': 3, 'Toxicroak': 3, 'Torterra': 3, 'Blaziken': 3, 'Ambipom': 3, 'Mesprit': 1}"
granbull90348,[Gen 4] UU,2,2,0,2023-12-19 00:16:35,2024-12-21 17:41:38,,,,"{'Pinsir': 2, 'Medicham': 2, 'Typhlosion': 2, 'Skuntank': 2, 'Gardevoir': 2, 'Poliwrath': 1}"
grass10352,[Gen 4] UU,1,0,1,2020-04-22 21:16:30,2020-04-22 21:16:30,,,,"{'Mismagius': 1, 'Sceptile': 1, 'Kabutops': 1, 'Registeel': 1, 'Arcanine': 1, 'Donphan': 1}"
grass21915,[Gen 4] UU,4,1,3,2024-03-02 20:24:38,2024-03-07 05:15:41,1066.0,1285.0,"[1148.0, 1066.0, 1285.0, 1183.0]","{'Feraligatr': 4, 'Alakazam': 4, 'Mesprit': 4, 'Mismagius': 4, 'Aggron': 3, 'Swellow': 3}"
grass62325,[Gen 4] UU,1,0,1,2017-11-22 21:21:35,2017-11-22 21:21:35,,,,"{'Scyther': 1, 'Omastar': 1, 'Torterra': 1, 'Lanturn': 1, 'Houndoom': 1, 'Donphan': 1}"
grass71986,[Gen 4] UU,1,1,0,2024-05-05 14:52:53,2024-05-05 14:52:53,,,,"{'Mismagius': 1, 'Qwilfish': 1, 'Clefable': 1, 'Arcanine': 1, 'Alakazam': 1, 'Leafeon': 1}"
grass92995,[Gen 4] UU,1,0,1,2014-08-13 08:25:56,2014-08-13 08:25:56,,,,"{'Ursaring': 1, 'Slowbro': 1, 'Rhyperior': 1, 'Venusaur': 1, 'Blaziken': 1, 'Alakazam': 1}"
grassknot42727,[Gen 4] UU,3,2,1,2016-11-13 02:58:11,2016-11-13 15:31:54,,,,"{'Cloyster': 1, 'Snover': 1, 'Mismagius': 1, 'Nidoqueen': 1, 'Walrein': 1, 'Clefable': 1, 'Gligar': 2, 'Cacturne': 2, 'Rotom': 2, 'Hippopotas': 2, 'Cradily': 2, 'Azumarill': 1}"
graveler27555,[Gen 4] UU,1,0,1,2020-07-12 08:07:01,2020-07-12 08:07:01,1070.0,1070.0,[1070.0],"{'Absol': 1, 'Hitmontop': 1, 'Torterra': 1, 'Typhlosion': 1, 'Lopunny': 1, 'Swellow': 1}"
graveler77978,[Gen 4] UU,1,0,1,2019-01-01 03:11:30,2019-01-01 03:11:30,,,,"{'Altaria': 1, 'Scyther': 1, 'Mismagius': 1, 'Rotom': 1, 'Blaziken': 1, 'Ambipom': 1}"
graveler98483,[Gen 4] UU,2,1,1,2018-12-11 00:00:33,2018-12-11 01:33:50,,,,"{'Moltres': 2, 'Ninetales': 2, 'Steelix': 2, 'Bellossom': 2, 'Solrock': 2, 'Slaking': 2}"
greatball18076,[Gen 4] UU,6,5,1,2016-10-03 13:11:17,2016-12-17 14:43:35,1000.0,1121.0,"[1000.0, 1025.0, 1121.0]","{'Altaria': 2, 'Typhlosion': 1, 'Dugtrio': 4, 'Chimecho': 1, 'Venusaur': 3, 'Golbat': 2, 'Venomoth': 2, 'Magmortar': 2, 'Pinsir': 3, 'Azumarill': 1, 'Mismagius': 1, 'Tauros': 1, 'Miltank': 1, 'Uxie': 1, 'Exeggutor': 1, 'Entei': 1, 'Electrode': 1, 'Hitmonchan': 1, 'Dodrio': 1, 'Relicanth': 1}"
greatball29309,[Gen 4] UU,1,1,0,2017-10-07 02:12:41,2017-10-07 02:12:41,,,,"{'Scyther': 1, 'Milotic': 1, 'Entei': 1, 'Steelix': 1, 'Jumpluff': 1, 'Ambipom': 1}"
grepaberry27938,[Gen 4] UU,1,0,1,2020-06-02 18:07:33,2020-06-02 18:07:33,,,,"{'Scyther': 1, 'Claydol': 1, 'Dugtrio': 1, 'Spiritomb': 1, 'Alakazam': 1, 'Venusaur': 1}"
gripclaw34684,[Gen 4] UU,3,2,1,2017-11-04 13:51:49,2017-11-04 14:00:18,,,,"{'Tauros': 1, 'Haunter': 1, 'Regirock': 1, 'Jynx': 1, 'Slowking': 1, 'Ursaring': 1, 'Omastar': 1, 'Rotom': 1, 'Alakazam': 1, 'Blaziken': 1, 'Swellow': 1, 'Monferno': 1, 'Poliwrath': 1, 'Metang': 1, 'Purugly': 1, 'Misdreavus': 1, 'Golbat': 1}"
griseousorb37170,[Gen 4] UU,6,4,2,2017-02-20 22:57:26,2017-02-28 22:16:26,,,,"{'Ludicolo': 1, 'Claydol': 1, 'Qwilfish': 1, 'Electrode': 1, 'Kabutops': 2, 'Uxie': 2, 'Moltres': 1, 'Milotic': 1, 'Aggron': 1, 'Clefable': 1, 'Venusaur': 1, 'Donphan': 1, 'Regirock': 2, 'Rotom': 2, 'Dugtrio': 3, 'Swellow': 3, 'Blastoise': 2, 'Mesprit': 1, 'Arcanine': 1, 'Leafeon': 1, 'Snover': 1, 'Hariyama': 1, 'Walrein': 1, 'Jynx': 1, 'Glaceon': 1}"
griseousorb84774,[Gen 4] UU,2,1,1,2017-09-29 01:08:21,2017-09-29 01:11:52,,,,"{'Moltres': 2, 'Rotom': 2, 'Dugtrio': 2, 'Registeel': 2, 'Venusaur': 2, 'Blastoise': 2}"
grotle29785,[Gen 4] UU,1,0,1,2020-03-19 23:20:08,2020-03-19 23:20:08,1050.0,1050.0,[1050.0],"{'Moltres': 1, 'Mismagius': 1, 'Qwilfish': 1, 'Rhyperior': 1, 'Spiritomb': 1, 'Blastoise': 1}"
grotle31634,[Gen 4] UU,1,1,0,2015-12-13 11:34:30,2015-12-13 11:34:30,,,,"{'Scyther': 1, 'Milotic': 1, 'Altaria': 1, 'Sceptile': 1, 'Rhyperior': 1, 'Hitmontop': 1}"
grotle54887,[Gen 4] UU,3,1,2,2017-01-04 18:20:51,2017-01-04 18:25:11,,,,"{'Rapidash': 2, 'Onix': 1, 'Victreebel': 1, 'Purugly': 2, 'Tangela': 1, 'Poliwrath': 2, 'Mr. Mime': 1, 'Linoone': 1, 'Rhydon': 2, 'Misdreavus': 1, 'Muk': 1, 'Sableye': 1}"
grovyle45669,[Gen 4] UU,1,0,1,2019-10-17 19:52:23,2019-10-17 19:52:23,,,,"{'Absol': 1, 'Mismagius': 1, 'Alakazam': 1, 'Clefable': 1, 'Blaziken': 1, 'Venusaur': 1}"
grovyle52675,[Gen 4] UU,1,1,0,2016-12-26 16:51:48,2016-12-26 16:51:48,,,,"{'Mismagius': 1, 'Registeel': 1, 'Houndoom': 1, 'Primeape': 1, 'Venusaur': 1}"
grovyle58644,[Gen 4] UU,1,0,1,2025-01-23 06:21:39,2025-01-23 06:21:39,,,,"{'Arcanine': 1, 'Ambipom': 1, 'Clefable': 1}"
growl5652,[Gen 4] UU,10,8,2,2024-03-02 17:06:23,2024-03-30 01:24:54,1000.0,1120.0,"[1000.0, 1000.0, 1048.0, 1026.0, 1000.0, 1120.0, 1017.0, 1094.0, 1000.0, 1080.0]","{'Cloyster': 9, 'Ludicolo': 8, 'Electrode': 10, 'Toxicroak': 8, 'Kabutops': 10, 'Chansey': 7}"
growth49516,[Gen 4] UU,3,2,1,2018-11-14 19:29:52,2018-11-14 19:39:08,,,,"{'Milotic': 3, 'Mismagius': 3, 'Houndoom': 2, 'Registeel': 3, 'Primeape': 3, 'Venusaur': 2}"
growth58183,[Gen 4] UU,1,0,1,2024-03-02 07:02:27,2024-03-02 07:02:27,1082.0,1082.0,[1082.0],"{'Cloyster': 1, 'Hariyama': 1, 'Feraligatr': 1, 'Clefable': 1, 'Houndoom': 1, 'Venusaur': 1}"
growth81886,[Gen 4] UU,4,1,3,2021-12-03 18:28:36,2022-06-03 02:05:54,,,,"{'Exeggutor': 2, 'Dugtrio': 3, 'Victreebel': 2, 'Houndoom': 2, 'Uxie': 3, 'Primeape': 3, 'Milotic': 1, 'Mesprit': 1, 'Steelix': 1, 'Venusaur': 2, 'Ludicolo': 1, 'Omastar': 1, 'Lanturn': 1, 'Drapion': 1}"
growth88078,[Gen 4] UU,1,0,1,2024-03-14 10:54:52,2024-03-14 10:54:52,,,,"{'Magmortar': 1, 'Rampardos': 1, 'Slowbro': 1, 'Jumpluff': 1, 'Chansey': 1, 'Drapion': 1}"
grudge24177,[Gen 4] UU,4,2,2,2021-03-20 15:39:09,2021-09-05 21:36:20,,,,"{'Mesprit': 1, 'Entei': 1, 'Rhyperior': 3, 'Feraligatr': 2, 'Venusaur': 2, 'Kangaskhan': 1, 'Mismagius': 2, 'Omastar': 1, 'Spiritomb': 1, 'Blaziken': 2, 'Alakazam': 2, 'Qwilfish': 1, 'Leafeon': 1, 'Ursaring': 1, 'Houndoom': 1, 'Uxie': 1}"
grudge66924,[Gen 4] UU,1,1,0,2015-04-24 20:56:18,2015-04-24 20:56:18,,,,"{'Mesprit': 1, 'Kangaskhan': 1, 'Rhyperior': 1, 'Azumarill': 1, 'Blaziken': 1}"
grudge87479,[Gen 4] UU,1,1,0,2018-04-11 00:11:40,2018-04-11 00:11:40,,,,"{'Milotic': 1, 'Mismagius': 1, 'Swellow': 1, 'Houndoom': 1, 'Venusaur': 1, 'Donphan': 1}"
grumpig43074,[Gen 4] UU,1,1,0,2018-08-24 16:28:01,2018-08-24 16:28:01,,,,"{'Milotic': 1, 'Mismagius': 1, 'Registeel': 1, 'Houndoom': 1, 'Primeape': 1, 'Venusaur': 1}"
grumpig54426,[Gen 4] UU,7,4,3,2019-12-12 12:03:31,2022-08-27 16:36:28,,,,"{'Milotic': 3, 'Mesprit': 3, 'Toxicroak': 3, 'Torterra': 3, 'Blaziken': 2, 'Ambipom': 3, 'Monferno': 2, 'Murkrow': 1, 'Prinplup': 1, 'Croconaw': 2, 'Metang': 4, 'Misdreavus': 4, 'Yanma': 1, 'Marshtomp': 1, 'Flaaffy': 1, 'Roselia': 2, 'Seadra': 1, 'Gligar': 1, 'Clefairy': 1}"
guardswap33552,[Gen 4] UU,2,0,2,2023-08-25 14:38:56,2023-08-25 14:49:51,,,,"{'Milotic': 1, 'Hariyama': 1, 'Mesprit': 1, 'Nidoking': 1, 'Houndoom': 2, 'Leafeon': 1, 'Scyther': 1, 'Toxicroak': 1, 'Torterra': 1, 'Regirock': 1, 'Blastoise': 1}"
guardswap34247,[Gen 4] UU,1,0,1,2018-02-01 22:34:48,2018-02-01 22:34:48,,,,"{'Moltres': 1, 'Milotic': 1, 'Qwilfish': 1, 'Rotom': 1, 'Registeel': 1, 'Donphan': 1}"
guardswap39729,[Gen 4] UU,6,3,3,2020-07-26 20:11:19,2020-08-06 19:56:36,,,,"{'Blaziken': 2, 'Mismagius': 3, 'Kabutops': 2, 'Miltank': 2, 'Uxie': 4, 'Drapion': 2, 'Ursaring': 2, 'Milotic': 4, 'Houndoom': 2, 'Venusaur': 4, 'Donphan': 4, 'Moltres': 2, 'Absol': 1, 'Aggron': 1, 'Clefable': 1}"
gulpin28092,[Gen 4] UU,1,0,1,2017-03-12 00:54:06,2017-03-12 00:54:06,,,,"{'Rapidash': 1, 'Dunsparce': 1, 'Poliwrath': 1, 'Victreebel': 1, 'Purugly': 1, 'Misdreavus': 1}"
gulpin35433,[Gen 4] UU,1,1,0,2025-03-28 08:09:09,2025-03-28 08:09:09,,,,"{'Milotic': 1, 'Claydol': 1, 'Weezing': 1, 'Miltank': 1, 'Uxie': 1}"
gulpin63731,[Gen 4] UU,7,4,3,2017-06-01 22:49:55,2017-10-27 21:15:46,,,,"{'Regice': 3, 'Tauros': 4, 'Medicham': 1, 'Nidoqueen': 2, 'Haunter': 1, 'Slowking': 1, 'Gorebyss': 1, 'Zangoose': 1, 'Cacturne': 1, 'Sableye': 1, 'Raichu': 1, 'Glalie': 1, 'Rapidash': 1, 'Muk': 1, 'Victreebel': 1, 'Solrock': 1, 'Purugly': 1, 'Tangela': 1, 'Kingler': 1, 'Machoke': 1, 'Slaking': 1, 'Armaldo': 1, 'Bellossom': 1, 'Articuno': 1, 'Charizard': 2, 'Sandslash': 2, 'Jynx': 2, 'Gardevoir': 1, 'Vileplume': 1, 'Ninetales': 1, 'Drifblim': 1}"
gulpin8549,[Gen 4] UU,1,0,1,2020-07-29 00:06:09,2020-07-29 00:06:09,,,,"{'Milotic': 1, 'Mismagius': 1, 'Torterra': 1, 'Alakazam': 1, 'Blaziken': 1, 'Swellow': 1}"
gunkshot45957,[Gen 4] UU,1,0,1,2016-07-14 01:53:51,2016-07-14 01:53:51,,,,"{'Ursaring': 1, 'Hariyama': 1, 'Nidoking': 1, 'Steelix': 1, 'Spiritomb': 1, 'Uxie': 1}"
gunkshot75161,[Gen 4] UU,1,1,0,2018-03-24 14:56:56,2018-03-24 14:56:56,1000.0,1000.0,[1000.0],"{'Blaziken': 1, 'Slowbro': 1, 'Leafeon': 1}"
gunkshot9424,[Gen 4] UU,9,3,6,2016-05-08 23:05:58,2020-07-26 20:28:36,,,,"{'Magmortar': 1, 'Meganium': 1, 'Tauros': 1, 'Medicham': 1, 'Jynx': 1, 'Probopass': 1, 'Mismagius': 4, 'Kabutops': 4, 'Miltank': 2, 'Uxie': 3, 'Blaziken': 3, 'Drapion': 2, 'Altaria': 3, 'Scyther': 1, 'Milotic': 1, 'Sceptile': 1, 'Rhyperior': 1, 'Hitmontop': 1, 'Absol': 2, 'Venusaur': 2, 'Clefable': 2, 'Alakazam': 2, 'Toxicroak': 3, 'Steelix': 2, 'Dugtrio': 3, 'Leafeon': 2, 'Ludicolo': 1, 'Registeel': 1}"
gust16027,[Gen 4] UU,3,2,1,2015-04-13 06:58:30,2015-07-30 05:49:36,,,,"{'Mesprit': 3, 'Entei': 3, 'Spiritomb': 3, 'Articuno': 2, 'Blastoise': 2, 'Leafeon': 2}"
gust21278,[Gen 4] UU,1,1,0,2019-04-26 01:57:18,2019-04-26 01:57:18,,,,"{'Typhlosion': 1, 'Regirock': 1, 'Jumpluff': 1, 'Victreebel': 1, 'Persian': 1, 'Hypno': 1}"
gust93816,[Gen 4] UU,1,0,1,2017-11-12 17:04:53,2017-11-12 17:04:53,,,,"{'Mesprit': 1, 'Steelix': 1, 'Rotom': 1, 'Clefable': 1, 'Blaziken': 1, 'Ambipom': 1}"
guts42822,[Gen 4] UU,1,0,1,2014-07-11 03:53:28,2014-07-11 03:53:28,,,,"{'Milotic': 1, 'Toxicroak': 1, 'Rotom': 1, 'Clefable': 1, 'Registeel': 1, 'Uxie': 1}"
guts47619,[Gen 4] UU,1,1,0,2022-06-17 22:20:22,2022-06-17 22:20:22,,,,"{'Uxie': 1, 'Rhyperior': 1, 'Clamperl': 1, 'Exeggutor': 1}"
guts7809,[Gen 4] UU,2,0,2,2020-02-26 02:20:01,2022-03-06 21:36:19,,,,"{'Absol': 1, 'Mismagius': 1, 'Alakazam': 1, 'Clefable': 1, 'Blaziken': 1, 'Venusaur': 2, 'Milotic': 1, 'Kangaskhan': 1, 'Rotom': 1, 'Dugtrio': 1, 'Uxie': 1}"
gyarados24629,[Gen 4] UU,100,76,24,2016-12-19 02:10:51,2017-09-17 18:40:06,,,,"{'Electabuzz': 12, 'Rapidash': 26, 'Marowak': 8, 'Pelipper': 13, 'Victreebel': 14, 'Metang': 23, 'Kecleon': 3, 'Poliwrath': 63, 'Mr. Mime': 21, 'Rhydon': 43, 'Yanma': 5, 'Regigigas': 1, 'Drifblim': 31, 'Onix': 4, 'Bellossom': 23, 'Muk': 37, 'Cacturne': 32, 'Sneasel': 10, 'Misdreavus': 23, 'Sableye': 7, 'Lickilicky': 5, 'Glalie': 9, 'Machoke': 11, 'Golbat': 16, 'Golduck': 6, 'Tangela': 5, 'Purugly': 15, 'Armaldo': 3, 'Gastrodon-East': 1, 'Gastrodon': 8, 'Gabite': 3, 'Monferno': 6, 'Octillery': 1, 'Murkrow': 2, 'Solrock': 5, 'Relicanth': 3, 'Roselia': 1, 'Lapras': 1, 'Kadabra': 5, 'Zangoose': 2, 'Probopass': 4, 'Articuno': 2, 'Linoone': 1, 'Gorebyss': 1}"
gyarados40396,[Gen 4] UU,4,0,4,2022-07-29 16:38:48,2022-08-21 19:01:05,,,,"{'Mismagius': 2, 'Aggron': 1, 'Clefable': 2, 'Feraligatr': 2, 'Uxie': 1, 'Venusaur': 3, 'Moltres': 1, 'Drapion': 1, 'Donphan': 1, 'Mesprit': 1, 'Rhyperior': 1, 'Skuntank': 1, 'Arcanine': 1, 'Kangaskhan': 1, 'Omastar': 1, 'Spiritomb': 1, 'Blaziken': 1, 'Alakazam': 1}"
habanberry10709,[Gen 4] UU,1,1,0,2020-05-16 02:36:33,2020-05-16 02:36:33,,,,"{'Blaziken': 1, 'Milotic': 1, 'Rhyperior': 1, 'Alakazam': 1}"
habanberry33794,[Gen 4] UU,10,3,7,2017-11-12 21:36:06,2020-07-26 19:49:52,,,,"{'Aggron': 1, 'Uxie': 3, 'Arcanine': 2, 'Swellow': 2, 'Blastoise': 3, 'Leafeon': 2, 'Moltres': 2, 'Mismagius': 1, 'Qwilfish': 2, 'Rhyperior': 3, 'Spiritomb': 1, 'Tauros': 1, 'Haunter': 1, 'Regirock': 1, 'Jynx': 3, 'Manectric': 1, 'Slowking': 2, 'Sceptile': 1, 'Rotom': 2, 'Registeel': 2, 'Drapion': 1, 'Machoke': 1, 'Poliwrath': 1, 'Victreebel': 1, 'Metang': 1, 'Golbat': 1, 'Milotic': 3, 'Absol': 1, 'Omastar': 1, 'Torterra': 1, 'Clefable': 2, 'Toxicroak': 2, 'Feraligatr': 1}"
habanberry42916,[Gen 4] UU,7,6,1,2022-06-14 02:25:10,2022-08-01 20:48:04,,,,"{'Kangaskhan': 1, 'Mismagius': 5, 'Omastar': 1, 'Spiritomb': 1, 'Blaziken': 1, 'Ursaring': 1, 'Qwilfish': 3, 'Rotom': 3, 'Hitmonlee': 1, 'Uxie': 3, 'Rhyperior': 2, 'Houndoom': 3, 'Venusaur': 3, 'Moltres': 2, 'Milotic': 2, 'Hitmontop': 2, 'Clefable': 2, 'Registeel': 3, 'Azumarill': 1, 'Donphan': 1}"
habanberry43996,[Gen 4] UU,1,0,1,2024-05-03 22:12:38,2024-05-03 22:12:38,,,,"{'Milotic': 1, 'Mesprit': 1, 'Mismagius': 1, 'Rhyperior': 1, 'Arcanine': 1, 'Venusaur': 1}"
habanberry83150,[Gen 4] UU,2,2,0,2017-01-15 19:55:18,2017-01-15 20:01:27,,,,"{'Omastar': 1, 'Rotom': 1, 'Blaziken': 1, 'Drapion': 1, 'Swellow': 1, 'Leafeon': 1, 'Scyther': 1, 'Mesprit': 1, 'Spiritomb': 1, 'Feraligatr': 1, 'Donphan': 1}"
hail26776,[Gen 4] UU,1,1,0,2015-05-15 00:57:42,2015-05-15 00:57:42,,,,"{'Scyther': 1, 'Milotic': 1, 'Registeel': 1, 'Arcanine': 1, 'Venusaur': 1, 'Donphan': 1}"
hail27837,[Gen 4] UU,1,0,1,2017-11-09 21:16:04,2017-11-09 21:16:04,,,,"{'Tauros': 1, 'Sandslash': 1, 'Sneasel': 1, 'Skuntank': 1, 'Slowking': 1, 'Drifblim': 1}"
hail87290,[Gen 4] UU,1,0,1,2019-09-30 01:36:19,2019-09-30 01:36:19,,,,"{'Mismagius': 1, 'Sceptile': 1, 'Kabutops': 1, 'Registeel': 1, 'Arcanine': 1, 'Donphan': 1}"
hammerarm70868,[Gen 4] UU,4,2,2,2017-07-15 15:19:28,2017-08-31 22:49:17,,,,"{'Charizard': 2, 'Tauros': 4, 'Magneton': 1, 'Regirock': 2, 'Manectric': 1, 'Slowking': 2, 'Venomoth': 2, 'Shiftry': 2, 'Hitmonchan': 2, 'Nidoqueen': 1, 'Cacturne': 1, 'Drifblim': 1, 'Medicham': 1, 'Poliwrath': 1}"
happiny10622,[Gen 4] UU,1,0,1,2020-03-03 01:15:49,2020-03-03 01:15:49,,,,"{'Registeel': 1, 'Uxie': 1, 'Dugtrio': 1, 'Ludicolo': 1}"
happiny27439,[Gen 4] UU,1,1,0,2024-03-20 21:46:51,2024-03-20 21:46:51,1043.0,1043.0,[1043.0],"{'Sceptile': 1, 'Hitmontop': 1, 'Azumarill': 1, 'Weezing': 1, 'Uxie': 1, 'Ambipom': 1}"
happiny32660,[Gen 4] UU,1,0,1,2016-08-20 15:45:21,2016-08-20 15:45:21,,,,"{'Ludicolo': 1, 'Electrode': 1, 'Kabutops': 1, 'Dugtrio': 1, 'Registeel': 1, 'Uxie': 1}"
happiny59337,[Gen 4] UU,4,1,3,2019-09-27 01:55:37,2019-10-29 17:49:07,,,,"{'Omastar': 1, 'Hitmontop': 2, 'Rhyperior': 2, 'Dugtrio': 2, 'Uxie': 2, 'Venusaur': 2, 'Ambipom': 1, 'Houndoom': 1, 'Swellow': 1, 'Blastoise': 1, 'Altaria': 1, 'Milotic': 1, 'Scyther': 1, 'Steelix': 1, 'Alakazam': 1, 'Ludicolo': 1, 'Electrode': 1, 'Kabutops': 1, 'Registeel': 1}"
happiny68390,[Gen 4] UU,39,24,15,2015-04-15 05:01:55,2018-10-31 16:33:49,,,,"{'Scyther': 10, 'Milotic': 17, 'Registeel': 20, 'Arcanine': 10, 'Venusaur': 18, 'Donphan': 10, 'Moltres': 5, 'Sceptile': 4, 'Regirock': 7, 'Rotom': 12, 'Drapion': 4, 'Blastoise': 5, 'Toxicroak': 9, 'Houndoom': 3, 'Espeon': 3, 'Blaziken': 12, 'Lanturn': 2, 'Alakazam': 2, 'Rhyperior': 5, 'Uxie': 12, 'Cloyster': 3, 'Aggron': 1, 'Leafeon': 5, 'Meganium': 2, 'Charizard': 2, 'Magneton': 2, 'Armaldo': 2, 'Sneasel': 2, 'Slowking': 4, 'Steelix': 2, 'Altaria': 2, 'Entei': 1, 'Kabutops': 5, 'Omastar': 1, 'Hitmontop': 1, 'Miltank': 1, 'Spiritomb': 1, 'Ludicolo': 2, 'Electrode': 3, 'Mismagius': 1, 'Swellow': 1, 'Purugly': 1, 'Probopass': 1, 'Jumpluff': 1, 'Rampardos': 1, 'Torterra': 1, 'Gligar': 1, 'Tauros': 1, 'Medicham': 1, 'Skuntank': 1, 'Manectric': 1}"
harden39394,[Gen 4] UU,1,0,1,2023-12-21 05:54:27,2023-12-21 05:54:27,,,,"{'Mismagius': 1, 'Azumarill': 1, 'Venusaur': 1, 'Uxie': 1, 'Swellow': 1, 'Donphan': 1}"
harden46980,[Gen 4] UU,2,2,0,2019-02-23 00:41:32,2019-02-23 00:58:45,,,,"{'Registeel': 2, 'Claydol': 1, 'Mismagius': 2, 'Clefable': 2, 'Absol': 1, 'Azumarill': 1, 'Blaziken': 1}"
harden89817,[Gen 4] UU,1,0,1,2017-06-20 04:17:05,2017-06-20 04:17:05,,,,"{'Tauros': 1, 'Nidoqueen': 1, 'Regirock': 1, 'Hitmonchan': 1, 'Cacturne': 1, 'Hypno': 1}"
hardstone33482,[Gen 4] UU,3,1,2,2020-03-03 03:55:38,2020-07-06 21:45:35,1024.0,1055.0,"[1024.0, 1055.0]","{'Milotic': 2, 'Hitmontop': 3, 'Alakazam': 2, 'Clefable': 1, 'Arcanine': 1, 'Venusaur': 2, 'Mismagius': 1, 'Rampardos': 1, 'Swellow': 1, 'Registeel': 1, 'Spiritomb': 1}"
hardstone77709,[Gen 4] UU,1,0,1,2020-07-26 17:53:56,2020-07-26 17:53:56,,,,"{'Hariyama': 1, 'Aggron': 1, 'Weezing': 1, 'Swellow': 1, 'Drapion': 1, 'Ambipom': 1}"
hardstone86999,[Gen 4] UU,1,0,1,2017-08-26 23:11:24,2017-08-26 23:11:24,,,,"{'Golduck': 1, 'Gorebyss': 1, 'Victreebel': 1, 'Solrock': 1, 'Purugly': 1, 'Ampharos': 1}"
hardstone93001,[Gen 4] UU,7,3,4,2017-01-21 21:12:47,2017-05-31 20:48:36,,,,"{'Machoke': 1, 'Poliwrath': 4, 'Cacturne': 1, 'Rhydon': 3, 'Misdreavus': 2, 'Golbat': 1, 'Gabite': 2, 'Victreebel': 6, 'Glalie': 2, 'Yanma': 2, 'Rapidash': 4, 'Onix': 3, 'Metang': 3, 'Tangela': 2, 'Kecleon': 1, 'Purugly': 2}"
hardstone97978,[Gen 4] UU,7,3,4,2019-11-15 07:33:17,2020-10-03 00:05:17,,,,"{'Ursaring': 1, 'Mismagius': 1, 'Qwilfish': 1, 'Rotom': 2, 'Hitmonlee': 1, 'Uxie': 3, 'Ludicolo': 1, 'Electrode': 1, 'Dugtrio': 1, 'Registeel': 1, 'Monferno': 3, 'Wartortle': 2, 'Piloswine': 1, 'Grovyle': 1, 'Misdreavus': 3, 'Yanma': 1, 'Murkrow': 1, 'Metang': 1, 'Staravia': 2, 'Marshtomp': 1, 'Kadabra': 1, 'Roselia': 1, 'Milotic': 1, 'Arcanine': 1, 'Venusaur': 1, 'Donphan': 1, 'Camerupt': 1, 'Tauros': 1, 'Medicham': 1, 'Marowak': 1, 'Solrock': 1, 'Gardevoir': 1}"
hariyama38435,[Gen 4] UU,1,0,1,2016-08-03 15:35:08,2016-08-03 15:35:08,,,,"{'Mesprit': 1, 'Kangaskhan': 1, 'Rhyperior': 1, 'Azumarill': 1, 'Blaziken': 1, 'Leafeon': 1}"
hariyama64948,[Gen 4] UU,2,2,0,2019-03-31 17:07:14,2019-06-30 21:17:44,,,,"{'Milotic': 2, 'Mismagius': 2, 'Houndoom': 2, 'Registeel': 1, 'Primeape': 2, 'Venusaur': 2}"
haunter12630,[Gen 4] UU,324,193,131,2014-06-06 16:44:03,2025-05-27 15:02:44,,,,"{'Azumarill': 52, 'Rotom': 76, 'Swellow': 33, 'Registeel': 120, 'Blaziken': 57, 'Venusaur': 90, 'Moltres': 59, 'Milotic': 47, 'Exeggutor': 17, 'Spiritomb': 42, 'Donphan': 45, 'Shiftry': 16, 'Rapidash': 7, 'Poliwrath': 21, 'Regirock': 47, 'Muk': 4, 'Hariyama': 13, 'Kabutops': 24, 'Houndoom': 62, 'Alakazam': 28, 'Absol': 10, 'Mesprit': 47, 'Mismagius': 67, 'Smeargle': 6, 'Feraligatr': 6, 'Qwilfish': 34, 'Hitmontop': 19, 'Sceptile': 78, 'Rhyperior': 19, 'Slowking': 60, 'Ambipom': 22, 'Omastar': 41, 'Toxicroak': 31, 'Blastoise': 26, 'Venomoth': 6, 'Medicham': 7, 'Cloyster': 5, 'Scyther': 13, 'Uxie': 16, 'Sharpedo': 4, 'Cacturne': 8, 'Drapion': 37, 'Aggron': 12, 'Nidoking': 1, 'Torterra': 27, 'Primeape': 6, 'Magmortar': 8, 'Electrode': 15, 'Haunter': 7, 'Jynx': 12, 'Ursaring': 21, 'Skuntank': 11, 'Dugtrio': 11, 'Leafeon': 19, 'Steelix': 19, 'Arcanine': 31, 'Clefable': 11, 'Golem': 7, 'Ludicolo': 5, 'Entei': 5, 'Miltank': 1, 'Drifblim': 9, 'Monferno': 6, 'Lanturn': 5, 'Xatu': 3, 'Walrein': 3, 'Victreebel': 4, 'Rhydon': 2, 'Lickilicky': 2, 'Kadabra': 4, 'Electabuzz': 9, 'Probopass': 4, 'Gastrodon': 3, 'Misdreavus': 8, 'Golbat': 9, 'Typhlosion': 9, 'Gardevoir': 7, 'Raichu': 13, 'Tauros': 6, 'Kangaskhan': 3, 'Claydol': 3, 'Glalie': 5, 'Armaldo': 12, 'Dragonair': 6, 'Mr. Mime': 4, 'Purugly': 1, 'Politoed': 6, 'Gorebyss': 1, 'Bellossom': 9, 'Persian': 1, 'Relicanth': 1, 'Sneasel': 4, 'Slowbro': 1, 'Sandslash': 7, 'Jumpluff': 8, 'Charizard': 1, 'Hitmonchan': 1, 'Dodrio': 2, 'Metang': 4, 'Gabite': 2, 'Snover': 1, 'Sableye': 1, 'Weezing': 6, 'Altaria': 2, 'Magneton': 2, 'Nidoqueen': 1, 'Solrock': 1, 'Murkrow': 2}"
haze12837,[Gen 4] UU,2,0,2,2024-03-03 18:17:27,2024-03-23 22:16:21,,,,"{'Hariyama': 1, 'Kabutops': 1, 'Venusaur': 2, 'Houndoom': 1, 'Uxie': 2, 'Alakazam': 1, 'Milotic': 1, 'Mismagius': 1, 'Rhyperior': 1, 'Ambipom': 1}"
haze2170,[Gen 4] UU,1,0,1,2019-08-11 21:18:24,2019-08-11 21:18:24,,,,"{'Ludicolo': 1, 'Toxicroak': 1, 'Kabutops': 1, 'Dugtrio': 1, 'Registeel': 1, 'Uxie': 1}"
haze51956,[Gen 4] UU,1,0,1,2019-08-05 16:55:53,2019-08-05 16:55:53,,,,"{'Ursaring': 1, 'Kangaskhan': 1, 'Toxicroak': 1, 'Steelix': 1, 'Rotom': 1, 'Primeape': 1}"
haze71470,[Gen 4] UU,2,1,1,2020-05-02 18:49:27,2020-05-02 18:56:55,,,,"{'Registeel': 2, 'Arcanine': 2, 'Milotic': 2, 'Hitmontop': 2, 'Mismagius': 1}"
headbutt26612,[Gen 4] UU,1,0,1,2020-03-08 16:00:10,2020-03-08 16:00:10,1000.0,1000.0,[1000.0],"{'Tangrowth': 1, 'Cloyster': 1, 'Spiritomb': 1, 'Arcanine': 1, 'Ambipom': 1, 'Donphan': 1}"
headbutt28367,[Gen 4] UU,1,0,1,2018-03-25 18:44:21,2018-03-25 18:44:21,,,,"{'Absol': 1, 'Lanturn': 1, 'Spiritomb': 1, 'Swellow': 1, 'Arcanine': 1, 'Ambipom': 1}"
headbutt48227,[Gen 4] UU,2,0,2,2014-09-21 01:50:30,2015-05-26 03:18:40,,,,"{'Milotic': 1, 'Sceptile': 1, 'Rhyperior': 1, 'Kabutops': 1, 'Hippopotas': 1, 'Cradily': 1, 'Snover': 1, 'Nidoqueen': 1, 'Hitmonchan': 1, 'Walrein': 1, 'Hypno': 1, 'Lickilicky': 1}"
headbutt70440,[Gen 4] UU,7,2,5,2014-12-12 05:10:36,2016-02-16 06:05:23,,,,"{'Hariyama': 1, 'Sceptile': 1, 'Nidoking': 1, 'Spiritomb': 1, 'Clefable': 1, 'Uxie': 1, 'Lickilicky': 2, 'Mesprit': 2, 'Cloyster': 3, 'Rotom': 3, 'Chansey': 3, 'Alakazam': 3, 'Blaziken': 4, 'Swellow': 3, 'Scyther': 1, 'Gorebyss': 1, 'Ludicolo': 1, 'Hitmontop': 1, 'Kabutops': 1, 'Ambipom': 1, 'Ursaring': 1, 'Slowbro': 1, 'Dugtrio': 1}"
headbutt87936,[Gen 4] UU,1,0,1,2020-03-14 19:38:16,2020-03-14 19:38:16,1049.0,1049.0,[1049.0],"{'Linoone': 1, 'Sceptile': 1, 'Rhyperior': 1, 'Spiritomb': 1, 'Feraligatr': 1, 'Uxie': 1}"
headbutt93249,[Gen 4] UU,2,1,1,2020-03-05 20:29:03,2020-03-22 19:41:52,1081.0,1081.0,[1081.0],"{'Toxicroak': 2, 'Rhyperior': 2, 'Alakazam': 2, 'Azumarill': 1, 'Arcanine': 1, 'Venusaur': 1}"
headsmash37921,[Gen 4] UU,1,0,1,2025-03-30 04:21:39,2025-03-30 04:21:39,,,,"{'Ludicolo': 1, 'Electrode': 1, 'Kabutops': 1, 'Dugtrio': 1, 'Registeel': 1, 'Uxie': 1}"
headsmash92147,[Gen 4] UU,1,1,0,2017-07-11 21:21:08,2017-07-11 21:21:08,,,,"{'Medicham': 1, 'Rapidash': 1, 'Bastiodon': 1}"
healball6008,[Gen 4] UU,4,2,2,2017-01-11 21:24:48,2017-01-23 21:25:34,,,,"{'Onix': 1, 'Victreebel': 1, 'Purugly': 1, 'Metang': 1, 'Gabite': 3, 'Muk': 3, 'Gorebyss': 3, 'Lickilicky': 2, 'Golbat': 2}"
healball66742,[Gen 4] UU,1,0,1,2024-08-16 22:05:58,2024-08-16 22:05:58,,,,"{'Scyther': 1, 'Toxicroak': 1, 'Torterra': 1, 'Regirock': 1, 'Houndoom': 1, 'Blastoise': 1}"
healbell29875,[Gen 4] UU,3,2,1,2017-02-20 23:30:51,2017-02-20 23:39:04,,,,"{'Moltres': 3, 'Drapion': 1, 'Hitmontop': 1, 'Venusaur': 1, 'Mesprit': 1, 'Mismagius': 1, 'Qwilfish': 1, 'Toxicroak': 2, 'Donphan': 2, 'Sceptile': 1, 'Registeel': 1, 'Slowking': 1}"
healbell59964,[Gen 4] UU,1,1,0,2017-10-13 02:28:48,2017-10-13 02:28:48,,,,"{'Milotic': 1, 'Toxicroak': 1, 'Torterra': 1, 'Rotom': 1, 'Houndoom': 1, 'Alakazam': 1}"
healbell62331,[Gen 4] UU,1,0,1,2019-11-25 23:46:50,2019-11-25 23:46:50,,,,"{'Moltres': 1, 'Milotic': 1, 'Aggron': 1, 'Clefable': 1, 'Venusaur': 1, 'Donphan': 1}"
healblock13856,[Gen 4] UU,1,1,0,2024-03-04 21:03:11,2024-03-04 21:03:11,,,,"{'Spiritomb': 1, 'Kangaskhan': 1, 'Omastar': 1}"
healingwish82217,[Gen 4] UU,1,0,1,2019-07-18 00:31:23,2019-07-18 00:31:23,,,,"{'Ursaring': 1, 'Ludicolo': 1, 'Sceptile': 1, 'Dusclops': 1, 'Ditto': 1, 'Clefable': 1}"
healorder66000,[Gen 4] UU,1,0,1,2024-05-23 20:27:33,2024-05-23 20:27:33,,,,"{'Kangaskhan': 1, 'Mismagius': 1, 'Omastar': 1, 'Houndoom': 1, 'Uxie': 1, 'Venusaur': 1}"
heartswap58090,[Gen 4] UU,2,2,0,2017-11-25 15:19:00,2020-06-12 00:25:02,,,,"{'Mismagius': 2, 'Moltres': 1, 'Toxicroak': 1, 'Steelix': 1, 'Spiritomb': 1, 'Blastoise': 1}"
heartswap65423,[Gen 4] UU,3,1,2,2017-06-03 19:58:46,2017-06-03 20:09:44,,,,"{'Rapidash': 1, 'Sneasel': 1, 'Rhydon': 3, 'Gastrodon': 1, 'Glalie': 1, 'Golbat': 1, 'Poliwrath': 1, 'Mr. Mime': 2, 'Muk': 1, 'Sableye': 1, 'Lickilicky': 1, 'Metang': 1, 'Pelipper': 1, 'Victreebel': 1, 'Electabuzz': 1}"
heartswap68163,[Gen 4] UU,1,0,1,2020-03-27 22:17:26,2020-03-27 22:17:26,,,,"{'Camerupt': 1, 'Magmortar': 1, 'Rampardos': 1, 'Walrein': 1, 'Glaceon': 1, 'Ampharos': 1}"
heartswap83163,[Gen 4] UU,1,1,0,2024-03-24 18:24:24,2024-03-24 18:24:24,,,,"{'Moltres': 1, 'Qwilfish': 1, 'Mismagius': 1}"
heatproof24399,[Gen 4] UU,4,3,1,2024-12-06 18:46:59,2024-12-25 03:51:29,,,,"{'Mesprit': 1, 'Spiritomb': 1, 'Clefable': 1, 'Houndoom': 2, 'Primeape': 1, 'Venusaur': 2, 'Ludicolo': 1, 'Mismagius': 2, 'Dugtrio': 2, 'Registeel': 1, 'Ambipom': 1, 'Milotic': 1, 'Uxie': 1, 'Arcanine': 1, 'Donphan': 1, 'Scyther': 1, 'Rotom': 1, 'Blastoise': 1}"
heatproof50245,[Gen 4] UU,1,0,1,2020-06-01 02:39:27,2020-06-01 02:39:27,,,,"{'Typhlosion': 1, 'Nidoqueen': 1, 'Poliwrath': 1, 'Dodrio': 1, 'Hitmonchan': 1, 'Skuntank': 1}"
heatproof62562,[Gen 4] UU,2,2,0,2020-04-30 04:54:39,2020-05-18 04:35:11,,,,"{'Lapras': 1, 'Toxicroak': 1, 'Torterra': 1, 'Sableye': 2, 'Arcanine': 1, 'Donphan': 1, 'Kangaskhan': 1, 'Houndoom': 1, 'Lanturn': 1, 'Espeon': 1, 'Parasect': 1}"
heatran89123,[Gen 4] UU,1,1,0,2016-10-15 22:04:29,2016-10-15 22:04:29,,,,"{'Moltres': 1, 'Hariyama': 1, 'Rotom': 1, 'Registeel': 1, 'Venusaur': 1, 'Blastoise': 1}"
heatrock37333,[Gen 4] UU,25,15,10,2015-03-23 02:00:33,2017-08-13 01:01:41,,,,"{'Charizard': 6, 'Magneton': 3, 'Regirock': 6, 'Hitmonchan': 1, 'Crawdaunt': 3, 'Slowking': 8, 'Floatzel': 3, 'Skuntank': 8, 'Hypno': 5, 'Rhydon': 2, 'Scyther': 3, 'Rhyperior': 3, 'Houndoom': 3, 'Drapion': 3, 'Venusaur': 4, 'Blastoise': 3, 'Magmortar': 6, 'Sandslash': 5, 'Typhlosion': 1, 'Politoed': 1, 'Haunter': 5, 'Jynx': 3, 'Piloswine': 1, 'Pinsir': 3, 'Whiscash': 3, 'Manectric': 3, 'Grumpig': 1, 'Misdreavus': 1, 'Ursaring': 2, 'Omastar': 2, 'Rotom': 2, 'Swellow': 2, 'Blaziken': 3, 'Alakazam': 1, 'Medicham': 9, 'Glalie': 2, 'Gligar': 2, 'Nidoqueen': 3, 'Relicanth': 3, 'Kangaskhan': 1, 'Spiritomb': 1, 'Registeel': 1, 'Vileplume': 2, 'Gorebyss': 1, 'Tauros': 3, 'Ninetales': 1, 'Porygon2': 1, 'Sneasel': 1, 'Golduck': 1, 'Mantine': 1}"
heatrock74454,[Gen 4] UU,2,0,2,2019-09-02 00:10:10,2019-09-02 00:27:34,,,,"{'Electabuzz': 2, 'Monferno': 2, 'Meditite': 1, 'Bronzor': 2, 'Croconaw': 2, 'Misdreavus': 2, 'Metang': 1}"
heatrock95547,[Gen 4] UU,1,1,0,2016-07-06 00:14:51,2016-07-06 00:14:51,,,,"{'Moltres': 1, 'Absol': 1, 'Toxicroak': 1, 'Venusaur': 1, 'Swellow': 1}"
heatrock96048,[Gen 4] UU,3,0,3,2014-06-29 14:41:17,2014-06-29 17:10:19,,,,"{'Mismagius': 3, 'Torterra': 3, 'Alakazam': 3, 'Feraligatr': 1, 'Swellow': 3, 'Kangaskhan': 2, 'Houndoom': 2}"
heatwave28539,[Gen 4] UU,3,2,1,2024-10-01 08:52:53,2024-10-01 22:28:33,,,,"{'Staraptor': 3, 'Weavile': 3, 'Raikou': 3, 'Cresselia': 3, 'Uxie': 3, 'Donphan': 3}"
heatwave83313,[Gen 4] UU,1,0,1,2016-07-07 06:48:21,2016-07-07 06:48:21,,,,"{'Lunatone': 1, 'Rampardos': 1, 'Monferno': 1, 'Raichu': 1, 'Parasect': 1, 'Glaceon': 1}"
heatwave95356,[Gen 4] UU,1,1,0,2017-11-02 16:33:26,2017-11-02 16:33:26,,,,"{'Tauros': 1, 'Regirock': 1, 'Haunter': 1, 'Jynx': 1, 'Manectric': 1, 'Slowking': 1}"
heatwave99438,[Gen 4] UU,1,0,1,2019-06-30 21:17:44,2019-06-30 21:17:44,,,,"{'Ludicolo': 1, 'Toxicroak': 1, 'Kabutops': 1, 'Dugtrio': 1, 'Registeel': 1, 'Uxie': 1}"
heavyball58382,[Gen 4] UU,1,1,0,2024-03-09 15:12:18,2024-03-09 15:12:18,1049.0,1049.0,[1049.0],"{'Altaria': 1, 'Azumarill': 1, 'Steelix': 1, 'Miltank': 1, 'Beedrill': 1}"
helixfossil44951,[Gen 4] UU,3,0,3,2015-04-19 17:39:56,2015-05-01 02:56:45,,,,"{'Xatu': 1, 'Typhlosion': 1, 'Regirock': 1, 'Hitmonchan': 1, 'Skuntank': 2, 'Manectric': 1, 'Tauros': 1, 'Trapinch': 1, 'Solrock': 1, 'Clamperl': 1, 'Slowking': 1, 'Glalie': 1, 'Shiftry': 1, 'Charizard': 1, 'Pinsir': 1, 'Poliwrath': 1, 'Rhydon': 1}"
helpinghand67828,[Gen 4] UU,2,1,1,2017-06-07 03:43:37,2017-06-17 20:03:18,,,,"{'Doduo': 1, 'Machoke': 2, 'Graveler': 1, 'Chinchou': 1, 'Clamperl': 1, 'Koffing': 1, 'Zangoose': 1, 'Victreebel': 1}"
helpinghand83786,[Gen 4] UU,1,1,0,2016-04-03 22:33:35,2016-04-03 22:33:35,,,,"{'Nidoking': 1, 'Dugtrio': 1, 'Houndoom': 1, 'Swellow': 1, 'Blastoise': 1, 'Leafeon': 1}"
heracross18226,[Gen 4] UU,2,0,2,2016-06-03 16:07:08,2016-06-03 16:15:22,,,,"{'Charizard': 2, 'Tauros': 1, 'Poliwrath': 1, 'Jumpluff': 1, 'Grumpig': 1, 'Shiftry': 1, 'Gligar': 1, 'Sandslash': 1, 'Typhlosion': 1, 'Lickilicky': 1}"
heracross57730,[Gen 4] UU,3,3,0,2018-06-06 17:12:53,2024-12-28 21:53:32,,,,"{'Registeel': 3, 'Uxie': 2, 'Milotic': 2, 'Dugtrio': 2, 'Snover': 1, 'Hitmontop': 1, 'Nidoqueen': 1, 'Walrein': 1, 'Chansey': 1, 'Venusaur': 1}"
heracross75053,[Gen 4] UU,1,0,1,2025-02-21 23:24:00,2025-02-21 23:24:00,,,,"{'Milotic': 1, 'Absol': 1, 'Rhyperior': 1, 'Venusaur': 1, 'Blaziken': 1, 'Alakazam': 1}"
hiddenpower17398,[Gen 4] UU,1,1,0,2017-07-30 21:27:51,2017-07-30 21:27:51,,,,"{'Vileplume': 1, 'Regirock': 1, 'Hitmonchan': 1, 'Sableye': 1, 'Lickilicky': 1, 'Slowking': 1}"
hiddenpower24706,[Gen 4] UU,1,1,0,2020-07-01 23:13:50,2020-07-01 23:13:50,1022.0,1022.0,[1022.0],"{'Pinsir': 1, 'Hitmontop': 1, 'Victreebel': 1, 'Mantine': 1}"
hiddenpower57470,[Gen 4] UU,4,1,3,2016-05-02 23:28:59,2016-10-31 05:14:36,1022.0,1022.0,[1022.0],"{'Nidoqueen': 3, 'Venusaur': 3, 'Spiritomb': 3, 'Arcanine': 3, 'Swellow': 3, 'Blastoise': 3, 'Moltres': 1, 'Mismagius': 1, 'Azumarill': 1, 'Registeel': 1, 'Donphan': 1}"
hiddenpower88745,[Gen 4] UU,1,1,0,2016-04-28 21:01:23,2016-04-28 21:01:23,,,,"{'Torkoal': 1, 'Dusclops': 1, 'Carnivine': 1, 'Manectric': 1, 'Articuno': 1}"
hiddenpowerbug7935,[Gen 4] UU,1,1,0,2016-01-06 16:40:47,2016-01-06 16:40:47,,,,"{'Magmortar': 1, 'Nidoqueen': 1, 'Hitmonchan': 1, 'Dusclops': 1, 'Slowking': 1}"
highjumpkick14837,[Gen 4] UU,3,3,0,2024-03-02 06:55:22,2024-03-13 03:39:50,1000.0,1082.0,"[1000.0, 1082.0, 1033.0]","{'Mismagius': 1, 'Qwilfish': 1, 'Clefable': 1, 'Arcanine': 1, 'Alakazam': 1, 'Leafeon': 1, 'Camerupt': 2, 'Exeggutor': 2, 'Claydol': 2, 'Registeel': 2, 'Ambipom': 2}"
highjumpkick86215,[Gen 4] UU,1,1,0,2016-04-15 02:15:22,2016-04-15 02:15:22,,,,"{'Absol': 1, 'Ninetales': 1, 'Claydol': 1, 'Poliwrath': 1, 'Lanturn': 1, 'Swellow': 1}"
hippopotas14167,[Gen 4] UU,1,1,0,2019-04-10 02:54:20,2019-04-10 02:54:20,,,,"{'Mismagius': 1, 'Dugtrio': 1, 'Spiritomb': 1, 'Houndoom': 1, 'Primeape': 1, 'Venusaur': 1}"
hippopotas17801,[Gen 4] UU,2,0,2,2020-05-09 19:56:45,2020-05-09 20:01:01,,,,"{'Moltres': 2, 'Toxicroak': 2, 'Feraligatr': 2, 'Uxie': 2, 'Venusaur': 2, 'Donphan': 2}"
hippopotas53949,[Gen 4] UU,4,1,3,2024-12-09 04:55:10,2025-02-24 18:34:24,,,,"{'Scyther': 2, 'Milotic': 2, 'Dugtrio': 2, 'Registeel': 2, 'Swellow': 2, 'Leafeon': 2, 'Uxie': 2, 'Absol': 2, 'Blaziken': 1, 'Rhyperior': 1, 'Rotom': 1, 'Venusaur': 1}"
hippopotas76618,[Gen 4] UU,1,1,0,2020-07-21 06:01:41,2020-07-21 06:01:41,1040.0,1040.0,[1040.0],"{'Mismagius': 1, 'Chansey': 1, 'Uxie': 1, 'Drapion': 1, 'Ambipom': 1}"
hippowdon58140,[Gen 4] UU,2,0,2,2020-02-29 22:49:24,2020-02-29 22:54:41,,,,"{'Gligar': 2, 'Monferno': 2, 'Wartortle': 2, 'Metang': 2, 'Misdreavus': 1, 'Golbat': 1, 'Piloswine': 1, 'Roselia': 1}"
hitmonchan30284,[Gen 4] UU,9,6,3,2023-09-12 20:58:02,2023-10-15 16:49:55,,,,"{'Milotic': 4, 'Blaziken': 2, 'Rhyperior': 2, 'Registeel': 4, 'Uxie': 3, 'Venusaur': 5, 'Mismagius': 3, 'Qwilfish': 2, 'Torterra': 2, 'Clefable': 3, 'Arcanine': 1, 'Moltres': 1, 'Mesprit': 1, 'Kabutops': 1, 'Regirock': 2, 'Lanturn': 1, 'Rotom': 2, 'Entei': 1, 'Donphan': 1, 'Omastar': 1, 'Scyther': 1, 'Hitmonlee': 1, 'Houndoom': 2, 'Blastoise': 1, 'Weezing': 1, 'Steelix': 1, 'Leafeon': 1, 'Cloyster': 1, 'Toxicroak': 1, 'Spiritomb': 1}"
hitmonchan86931,[Gen 4] UU,1,1,0,2020-05-21 10:36:13,2020-05-21 10:36:13,,,,"{'Milotic': 1, 'Kangaskhan': 1, 'Toxicroak': 1, 'Rotom': 1, 'Registeel': 1, 'Venusaur': 1}"
hitmonlee1023,[Gen 4] UU,1,1,0,2023-12-27 03:09:57,2023-12-27 03:09:57,,,,"{'Sceptile': 1, 'Qwilfish': 1, 'Rotom': 1, 'Clefable': 1, 'Registeel': 1}"
hitmonlee84525,[Gen 4] UU,1,0,1,2024-03-13 03:39:50,2024-03-13 03:39:50,1033.0,1033.0,[1033.0],"{'Mismagius': 1, 'Sceptile': 1, 'Kabutops': 1, 'Registeel': 1, 'Arcanine': 1, 'Donphan': 1}"
hitmontop58304,[Gen 4] UU,1,0,1,2024-06-01 11:31:10,2024-06-01 11:31:10,,,,"{'Kangaskhan': 1, 'Mismagius': 1, 'Omastar': 1, 'Spiritomb': 1, 'Blaziken': 1, 'Alakazam': 1}"
honchkrow27528,[Gen 4] UU,6,4,2,2015-04-02 21:46:16,2021-07-01 13:44:16,,,,"{'Moltres': 2, 'Toxicroak': 2, 'Slowking': 3, 'Drapion': 2, 'Donphan': 3, 'Porygon2': 1, 'Cloyster': 1, 'Machoke': 1, 'Slowbro': 1, 'Rotom': 1, 'Chansey': 1, 'Clefable': 1, 'Mesprit': 2, 'Kabutops': 1, 'Dugtrio': 1, 'Arcanine': 1, 'Swellow': 2, 'Leafeon': 2, 'Blaziken': 1, 'Registeel': 2, 'Milotic': 1, 'Uxie': 1}"
honchkrow45036,[Gen 4] UU,2,1,1,2016-08-20 15:45:21,2016-08-20 15:51:56,,,,"{'Ursaring': 2, 'Omastar': 2, 'Rotom': 2, 'Swellow': 2, 'Blaziken': 2, 'Alakazam': 2}"
honchkrow50099,[Gen 4] UU,1,0,1,2015-04-24 20:56:18,2015-04-24 20:56:18,,,,"{'Cloyster': 1, 'Snover': 1, 'Mismagius': 1, 'Nidoqueen': 1, 'Walrein': 1, 'Clefable': 1}"
honchkrow57539,[Gen 4] UU,1,0,1,2018-03-25 18:55:44,2018-03-25 18:55:44,,,,"{'Ursaring': 1, 'Omastar': 1, 'Rotom': 1, 'Alakazam': 1, 'Blaziken': 1, 'Swellow': 1}"
honeygather23805,[Gen 4] UU,1,0,1,2015-03-16 22:42:27,2015-03-16 22:42:27,,,,"{'Ursaring': 1, 'Scyther': 1, 'Omastar': 1, 'Ambipom': 1, 'Dugtrio': 1, 'Alakazam': 1}"
honeygather36611,[Gen 4] UU,1,0,1,2020-02-08 01:58:00,2020-02-08 01:58:00,,,,"{'Absol': 1, 'Mesprit': 1, 'Hitmontop': 1, 'Rhyperior': 1, 'Venusaur': 1, 'Ambipom': 1}"
honeygather57539,[Gen 4] UU,1,0,1,2017-06-05 17:10:03,2017-06-05 17:10:03,,,,"{'Rapidash': 1, 'Onix': 1, 'Victreebel': 1, 'Metang': 1, 'Purugly': 1, 'Tangela': 1}"
honeygather63793,[Gen 4] UU,19,9,10,2016-07-04 19:35:21,2019-07-11 20:30:09,,,,"{'Marowak': 2, 'Misdreavus': 9, 'Poliwrath': 6, 'Electabuzz': 1, 'Charizard': 1, 'Tauros': 3, 'Sandslash': 1, 'Jumpluff': 1, 'Grumpig': 1, 'Regirock': 1, 'Haunter': 2, 'Jynx': 1, 'Manectric': 2, 'Slowking': 1, 'Sharpedo': 1, 'Rapidash': 8, 'Armaldo': 1, 'Victreebel': 6, 'Quagsire': 1, 'Monferno': 4, 'Cacturne': 4, 'Rhydon': 6, 'Golbat': 5, 'Moltres': 1, 'Milotic': 1, 'Aggron': 1, 'Clefable': 1, 'Venusaur': 1, 'Donphan': 1, 'Machoke': 4, 'Pelipper': 1, 'Glalie': 2, 'Drifblim': 2, 'Mawile': 1, 'Mr. Mime': 2, 'Lopunny': 1, 'Ninetales': 1, 'Linoone': 1, 'Probopass': 1, 'Onix': 1, 'Metang': 3, 'Purugly': 3, 'Tangela': 1, 'Regice': 1, 'Slaking': 1, 'Muk': 1, 'Gastrodon': 1}"
honeygather76267,[Gen 4] UU,9,4,5,2016-06-04 03:47:15,2017-10-25 11:46:53,,,,"{'Gabite': 1, 'Rampardos': 1, 'Poliwrath': 5, 'Victreebel': 5, 'Drifblim': 1, 'Golbat': 2, 'Armaldo': 2, 'Sneasel': 4, 'Bellossom': 2, 'Metang': 2, 'Lickilicky': 2, 'Gastrodon': 2, 'Tauros': 1, 'Haunter': 1, 'Regirock': 1, 'Jynx': 1, 'Manectric': 1, 'Slowking': 1, 'Monferno': 2, 'Electabuzz': 2, 'Gastly': 2, 'Purugly': 2, 'Rhydon': 2, 'Glalie': 2, 'Beedrill': 1, 'Kadabra': 1, 'Kingler': 1, 'Torkoal': 1, 'Cacturne': 1, 'Mawile': 1, 'Vigoroth': 1}"
honeygather79239,[Gen 4] UU,1,0,1,2015-08-05 23:00:04,2015-08-05 23:00:04,,,,"{'Kangaskhan': 1, 'Gligar': 1, 'Jumpluff': 1, 'Lanturn': 1, 'Slowking': 1}"
honeygather89597,[Gen 4] UU,10,5,5,2017-11-24 14:25:21,2020-08-13 17:29:56,,,,"{'Qwilfish': 5, 'Entei': 5, 'Dusclops': 5, 'Jumpluff': 6, 'Uxie': 6, 'Swellow': 6, 'Aggron': 1, 'Arcanine': 2, 'Blastoise': 1, 'Leafeon': 1, 'Mismagius': 1, 'Sceptile': 2, 'Azumarill': 1, 'Blaziken': 1, 'Primeape': 1, 'Donphan': 1, 'Kadabra': 1, 'Monferno': 1, 'Probopass': 1, 'Gastrodon': 1, 'Misdreavus': 1, 'Golbat': 1, 'Charizard': 1, 'Sandslash': 1, 'Glalie': 1, 'Grumpig': 1, 'Claydol': 1, 'Poliwrath': 1, 'Spiritomb': 1, 'Shuckle': 1}"
hooh55919,[Gen 4] UU,1,0,1,2019-12-06 03:02:20,2019-12-06 03:02:20,,,,"{'Milotic': 1, 'Absol': 1, 'Rhyperior': 1, 'Venusaur': 1, 'Blaziken': 1, 'Alakazam': 1}"
hooh9414,[Gen 4] UU,1,0,1,2020-07-22 15:13:19,2020-07-22 15:13:19,,,,"{'Altaria': 1, 'Absol': 1, 'Aggron': 1, 'Slowbro': 1, 'Blaziken': 1, 'Ambipom': 1}"
hoothoot24197,[Gen 4] UU,1,1,0,2015-04-26 04:37:34,2015-04-26 04:37:34,,,,"{'Magmortar': 1, 'Medicham': 1, 'Nidoqueen': 1, 'Haunter': 1, 'Skuntank': 1}"
hoothoot56067,[Gen 4] UU,1,1,0,2024-03-27 16:05:13,2024-03-27 16:05:13,1081.0,1081.0,[1081.0],"{'Moltres': 1, 'Mesprit': 1, 'Torterra': 1, 'Kabutops': 1, 'Regirock': 1, 'Lanturn': 1}"
hoothoot82040,[Gen 4] UU,1,0,1,2016-08-28 18:18:03,2016-08-28 18:18:03,,,,"{'Milotic': 1, 'Luxray': 1, 'Rhyperior': 1, 'Kabutops': 1, 'Arcanine': 1, 'Alakazam': 1}"
hoppip24857,[Gen 4] UU,1,0,1,2018-02-09 01:16:33,2018-02-09 01:16:33,,,,"{'Milotic': 1, 'Omastar': 1, 'Hitmontop': 1, 'Spiritomb': 1, 'Clefable': 1}"
hoppip80394,[Gen 4] UU,1,1,0,2020-04-27 23:57:30,2020-04-27 23:57:30,,,,"{'Milotic': 1, 'Chansey': 1, 'Blaziken': 1, 'Ambipom': 1, 'Donphan': 1}"
hoppip85839,[Gen 4] UU,2,0,2,2019-04-22 15:06:12,2019-05-01 22:01:53,,,,"{'Milotic': 1, 'Mesprit': 1, 'Dugtrio': 1, 'Registeel': 1, 'Swellow': 1, 'Leafeon': 1, 'Hariyama': 1, 'Tauros': 1, 'Azumarill': 1, 'Rotom': 1, 'Blaziken': 1, 'Venusaur': 1}"
hornattack68546,[Gen 4] UU,1,0,1,2024-01-16 16:59:20,2024-01-16 16:59:20,,,,"{'Milotic': 1, 'Mismagius': 1, 'Dugtrio': 1, 'Alakazam': 1, 'Registeel': 1, 'Venusaur': 1}"
hornattack86538,[Gen 4] UU,1,0,1,2022-07-21 21:30:49,2022-07-21 21:30:49,,,,"{'Mismagius': 1, 'Azumarill': 1, 'Registeel': 1, 'Houndoom': 1, 'Venusaur': 1}"
horndrill46500,[Gen 4] UU,1,1,0,2019-10-11 02:31:05,2019-10-11 02:31:05,,,,"{'Mismagius': 1, 'Sceptile': 1, 'Kabutops': 1, 'Registeel': 1, 'Arcanine': 1, 'Donphan': 1}"
horndrill60662,[Gen 4] UU,4,2,2,2020-01-17 02:05:46,2020-03-03 01:12:34,,,,"{'Milotic': 2, 'Mesprit': 2, 'Hitmontop': 2, 'Registeel': 2, 'Arcanine': 2, 'Venusaur': 2, 'Ursaring': 2, 'Moltres': 2, 'Exeggutor': 2, 'Mismagius': 2, 'Qwilfish': 2, 'Hitmonlee': 2}"
horndrill95935,[Gen 4] UU,9,6,3,2017-01-24 00:56:21,2017-06-25 22:43:15,,,,"{'Moltres': 5, 'Steelix': 2, 'Rotom': 2, 'Drapion': 2, 'Venusaur': 6, 'Blastoise': 3, 'Snover': 2, 'Slowbro': 2, 'Hitmontop': 3, 'Dugtrio': 4, 'Clefable': 3, 'Articuno': 2, 'Kabutops': 2, 'Uxie': 3, 'Swellow': 3, 'Milotic': 2, 'Blaziken': 1, 'Rhyperior': 2, 'Houndoom': 1, 'Nidoqueen': 1, 'Chansey': 1, 'Spiritomb': 1}"
horsea22325,[Gen 4] UU,1,0,1,2024-05-08 05:04:40,2024-05-08 05:04:40,,,,"{'Scyther': 1, 'Toxicroak': 1, 'Torterra': 1, 'Regirock': 1, 'Houndoom': 1, 'Blastoise': 1}"
horsea32204,[Gen 4] UU,1,0,1,2019-03-31 16:44:12,2019-03-31 16:44:12,,,,"{'Ludicolo': 1, 'Toxicroak': 1, 'Kabutops': 1, 'Dugtrio': 1, 'Registeel': 1, 'Uxie': 1}"
horsea84977,[Gen 4] UU,18,10,8,2015-01-03 20:10:02,2016-02-28 22:04:11,,,,"{'Nidoqueen': 5, 'Hitmonchan': 4, 'Cacturne': 4, 'Skuntank': 4, 'Slowking': 4, 'Drifblim': 9, 'Mismagius': 2, 'Houndoom': 4, 'Torterra': 3, 'Swellow': 1, 'Feraligatr': 1, 'Alakazam': 1, 'Venomoth': 1, 'Sceptile': 1, 'Omastar': 3, 'Dugtrio': 1, 'Porygon2': 4, 'Pinsir': 3, 'Poliwrath': 2, 'Piloswine': 4, 'Charizard': 1, 'Marowak': 1, 'Solrock': 1, 'Gardevoir': 1, 'Milotic': 1, 'Medicham': 1, 'Rotom': 1, 'Registeel': 1, 'Arcanine': 1, 'Venusaur': 1, 'Scyther': 2, 'Lanturn': 2, 'Donphan': 2, 'Tauros': 3, 'Haunter': 4, 'Regirock': 2, 'Manectric': 5, 'Rhydon': 3, 'Glalie': 3, 'Jynx': 1}"
horsea94141,[Gen 4] UU,11,7,4,2017-01-18 21:25:38,2017-02-09 08:23:04,,,,"{'Mismagius': 5, 'Qwilfish': 6, 'Registeel': 7, 'Arcanine': 7, 'Venusaur': 5, 'Donphan': 5, 'Hariyama': 3, 'Mesprit': 3, 'Sceptile': 3, 'Blastoise': 4, 'Moltres': 1, 'Aggron': 1, 'Drapion': 1, 'Leafeon': 1, 'Scyther': 1, 'Tauros': 1, 'Rotom': 2, 'Kangaskhan': 1, 'Torterra': 1, 'Slowking': 1, 'Primeape': 1, 'Milotic': 1, 'Hitmontop': 1, 'Nidoqueen': 1, 'Chansey': 1, 'Spiritomb': 1, 'Clefable': 1}"
houndoom52874,[Gen 4] UU,1,0,1,2023-12-21 20:19:46,2023-12-21 20:19:46,,,,"{'Altaria': 1, 'Sceptile': 1, 'Aggron': 1, 'Chansey': 1, 'Uxie': 1, 'Drapion': 1}"
houndoom60315,[Gen 4] UU,1,0,1,2024-03-09 17:59:30,2024-03-09 17:59:30,1013.0,1013.0,[1013.0],"{'Scyther': 1, 'Electrode': 1, 'Hitmontop': 1, 'Steelix': 1, 'Gardevoir': 1, 'Ambipom': 1}"
houndoom76810,[Gen 4] UU,53,30,23,2022-06-15 03:43:12,2024-09-24 16:09:35,,,,"{'Moltres': 6, 'Kabutops': 4, 'Registeel': 18, 'Uxie': 41, 'Primeape': 4, 'Venusaur': 26, 'Arcanine': 11, 'Azumarill': 11, 'Scyther': 13, 'Rhyperior': 17, 'Ambipom': 7, 'Blastoise': 10, 'Qwilfish': 12, 'Spiritomb': 1, 'Leafeon': 1, 'Blaziken': 13, 'Mismagius': 19, 'Ludicolo': 9, 'Milotic': 7, 'Toxicroak': 9, 'Rotom': 9, 'Clefable': 10, 'Donphan': 7, 'Sceptile': 4, 'Hitmonlee': 9, 'Absol': 2, 'Linoone': 1, 'Feraligatr': 1, 'Kangaskhan': 1, 'Tangrowth': 1, 'Medicham': 1, 'Torterra': 3, 'Alakazam': 1, 'Houndoom': 5, 'Skuntank': 3, 'Slowking': 1, 'Omastar': 3, 'Lanturn': 3, 'Dugtrio': 2}"
houndour54582,[Gen 4] UU,7,4,3,2017-07-13 22:05:35,2017-08-29 18:09:00,,,,"{'Gastrodon-East': 1, 'Poliwrath': 2, 'Muk': 7, 'Electabuzz': 1, 'Rhydon': 1, 'Misdreavus': 1, 'Machoke': 3, 'Xatu': 2, 'Octillery': 2, 'Victreebel': 3, 'Metang': 1, 'Kecleon': 2, 'Cacturne': 2, 'Purugly': 2, 'Gastly': 2, 'Yanma': 1, 'Rapidash': 1, 'Marowak': 1, 'Murkrow': 1, 'Glalie': 1}"
houndour62678,[Gen 4] UU,1,1,0,2020-04-04 01:16:05,2020-04-04 01:16:05,,,,"{'Altaria': 1, 'Toxicroak': 1, 'Kabutops': 1, 'Steelix': 1, 'Dugtrio': 1, 'Leafeon': 1}"
hugepower1815,[Gen 4] UU,1,0,1,2017-04-21 12:17:24,2017-04-21 12:17:24,,,,"{'Moltres': 1, 'Registeel': 1, 'Dugtrio': 1, 'Manectric': 1, 'Venusaur': 1, 'Blastoise': 1}"
hugepower6725,[Gen 4] UU,1,1,0,2017-11-08 18:11:30,2017-11-08 18:11:30,,,,"{'Golduck': 1, 'Victreebel': 1, 'Metang': 1, 'Purugly': 1, 'Glalie': 1, 'Misdreavus': 1}"
huntail42633,[Gen 4] UU,1,0,1,2015-12-30 02:31:38,2015-12-30 02:31:38,,,,"{'Mismagius': 1, 'Porygon2': 1, 'Rhyperior': 1, 'Torterra': 1, 'Slowking': 1, 'Drapion': 1}"
huntail7195,[Gen 4] UU,2,0,2,2015-04-10 23:50:28,2015-04-11 00:02:30,,,,"{'Snover': 2, 'Rhyperior': 1, 'Haunter': 1, 'Clefable': 1, 'Feraligatr': 1, 'Glaceon': 2, 'Mesprit': 1, 'Mismagius': 1, 'Qwilfish': 1, 'Dugtrio': 1}"
hustle3541,[Gen 4] UU,1,1,0,2015-01-04 22:26:29,2015-01-04 22:26:29,,,,"{'Nidoqueen': 1, 'Cacturne': 1, 'Dusclops': 1, 'Quagsire': 1, 'Hippopotas': 1}"
hydration24103,[Gen 4] UU,11,7,4,2016-07-04 19:14:48,2017-01-14 15:36:40,,,,"{'Golduck': 6, 'Rapidash': 8, 'Kadabra': 4, 'Sneasel': 3, 'Stantler': 9, 'Relicanth': 9, 'Budew': 1, 'Doduo': 1, 'Corsola': 1, 'Beedrill': 1, 'Anorith': 1, 'Poliwrath': 1, 'Victreebel': 2, 'Electabuzz': 1, 'Purugly': 1, 'Rhydon': 1, 'Drifblim': 1, 'Sharpedo': 4, 'Fearow': 4, 'Banette': 1, 'Probopass': 1, 'Rampardos': 1, 'Metang': 1, 'Monferno': 1}"
hydration30106,[Gen 4] UU,1,0,1,2020-01-29 01:05:37,2020-01-29 01:05:37,,,,"{'Monferno': 1, 'Wartortle': 1, 'Piloswine': 1, 'Pupitar': 1, 'Misdreavus': 1, 'Yanma': 1}"
hydration34209,[Gen 4] UU,1,0,1,2016-11-06 19:47:43,2016-11-06 19:47:43,,,,"{'Moltres': 1, 'Scyther': 1, 'Torterra': 1, 'Kabutops': 1, 'Lanturn': 1, 'Registeel': 1}"
hydration46041,[Gen 4] UU,2,0,2,2019-01-12 06:34:16,2024-03-02 06:55:22,1000.0,1000.0,[1000.0],"{'Nidoking': 1, 'Feraligatr': 2, 'Alakazam': 2, 'Registeel': 1, 'Ambipom': 2, 'Donphan': 1, 'Sceptile': 1, 'Clefable': 1, 'Arcanine': 1}"
hydration50141,[Gen 4] UU,8,5,3,2014-08-09 07:14:59,2015-01-03 21:21:41,1000.0,1000.0,[1000.0],"{'Milotic': 8, 'Exeggutor': 5, 'Mesprit': 8, 'Rhyperior': 4, 'Blaziken': 8, 'Ambipom': 8, 'Venusaur': 3, 'Donphan': 3, 'Clefable': 1}"
hydration62804,[Gen 4] UU,2,0,2,2017-10-23 19:32:11,2018-06-09 20:59:46,,,,"{'Gastrodon-East': 1, 'Poliwrath': 1, 'Sneasel': 1, 'Metang': 1, 'Misdreavus': 1, 'Golbat': 1, 'Gligar': 1, 'Tauros': 1, 'Sandslash': 1, 'Magneton': 1, 'Dodrio': 1, 'Grumpig': 1}"
hydration95766,[Gen 4] UU,1,0,1,2018-07-05 19:35:31,2018-07-05 19:35:31,,,,"{'Ludicolo': 1, 'Weezing': 1, 'Ambipom': 1, 'Clefable': 1, 'Blaziken': 1, 'Swellow': 1}"
hydrocannon16688,[Gen 4] UU,2,1,1,2020-09-12 16:29:12,2020-09-21 00:27:25,,,,"{'Cloyster': 2, 'Toxicroak': 2, 'Azumarill': 2, 'Regirock': 2, 'Rotom': 2, 'Spiritomb': 2}"
hydrocannon17731,[Gen 4] UU,4,2,2,2014-06-29 16:54:43,2014-06-29 17:32:04,,,,"{'Registeel': 4, 'Regigigas': 4, 'Charizard': 4, 'Regice': 4, 'Regirock': 2, 'Blastoise': 3}"
hydrocannon91315,[Gen 4] UU,1,0,1,2024-03-03 23:34:32,2024-03-03 23:34:32,1028.0,1028.0,[1028.0],"{'Jynx': 1, 'Dugtrio': 1, 'Weezing': 1}"
hydrocannon92586,[Gen 4] UU,1,0,1,2023-10-16 14:48:03,2023-10-16 14:48:03,,,,"{'Toxicroak': 1, 'Dugtrio': 1, 'Clefable': 1, 'Registeel': 1, 'Uxie': 1, 'Slowking': 1}"
hyperbeam69385,[Gen 4] UU,1,0,1,2020-05-15 01:36:32,2020-05-15 01:36:32,,,,"{'Absol': 1, 'Mismagius': 1, 'Venusaur': 1, 'Clefable': 1, 'Blaziken': 1, 'Alakazam': 1}"
hyperbeam85622,[Gen 4] UU,2,1,1,2014-06-29 16:38:16,2014-06-29 17:15:35,,,,"{'Moltres': 2, 'Absol': 2, 'Dugtrio': 1, 'Registeel': 1, 'Venusaur': 2, 'Blastoise': 1, 'Mismagius': 1, 'Swellow': 1, 'Donphan': 1}"
hyperbeam9294,[Gen 4] UU,1,0,1,2017-11-04 16:20:01,2017-11-04 16:20:01,,,,"{'Vileplume': 1, 'Charizard': 1, 'Tauros': 1, 'Sandslash': 1, 'Medicham': 1, 'Jynx': 1}"
hyperbeam99418,[Gen 4] UU,59,9,50,2024-11-14 05:34:54,2024-11-16 07:50:29,,,,"{'Mismagius': 26, 'Gligar': 21, 'Cacturne': 21, 'Clefable': 21, 'Hippopotas': 21, 'Cradily': 21, 'Snover': 4, 'Hitmontop': 10, 'Nidoqueen': 4, 'Walrein': 4, 'Chansey': 3, 'Registeel': 10, 'Milotic': 10, 'Absol': 10, 'Rhyperior': 21, 'Venusaur': 16, 'Blaziken': 13, 'Alakazam': 14, 'Omastar': 10, 'Dugtrio': 12, 'Uxie': 11, 'Ludicolo': 6, 'Electrode': 6, 'Kabutops': 6, 'Moltres': 5, 'Qwilfish': 5, 'Spiritomb': 5, 'Blastoise': 5, 'Ursaring': 4, 'Rotom': 6, 'Swellow': 4, 'Charizard': 1, 'Aggron': 3, 'Poliwrath': 1, 'Raichu': 1, 'Leafeon': 1, 'Altaria': 2, 'Azumarill': 2, 'Arcanine': 2}"
hypercutter57132,[Gen 4] UU,1,1,0,2018-10-26 02:57:38,2018-10-26 02:57:38,,,,"{'Dugtrio': 1, 'Mesprit': 1, 'Kabutops': 1, 'Leafeon': 1}"
hypercutter77209,[Gen 4] UU,2,2,0,2022-03-20 19:10:34,2022-03-20 19:21:03,,,,"{'Milotic': 1, 'Torterra': 2, 'Kabutops': 2, 'Rotom': 2, 'Arcanine': 2, 'Drapion': 2}"
hyperfang10742,[Gen 4] UU,1,1,0,2020-03-25 00:05:28,2020-03-25 00:05:28,1000.0,1000.0,[1000.0],"{'Eevee': 1, 'Poliwrath': 1, 'Aipom': 1, 'Pikachu': 1, 'Blaziken': 1, 'Blastoise': 1}"
hyperfang36913,[Gen 4] UU,1,1,0,2017-01-01 15:55:25,2017-01-01 15:55:25,,,,"{'Kangaskhan': 1, 'Qwilfish': 1, 'Torterra': 1, 'Rotom': 1, 'Primeape': 1}"
hyperfang96000,[Gen 4] UU,1,1,0,2017-11-10 02:15:21,2017-11-10 02:15:21,,,,"{'Milotic': 1, 'Venusaur': 1, 'Mismagius': 1}"
hypervoice81794,[Gen 4] UU,1,0,1,2019-02-14 20:40:00,2019-02-14 20:40:00,,,,"{'Mismagius': 1, 'Sceptile': 1, 'Kabutops': 1, 'Registeel': 1, 'Arcanine': 1, 'Donphan': 1}"
hypno43685,[Gen 4] UU,1,1,0,2016-04-10 13:19:27,2016-04-10 13:19:27,,,,"{'Milotic': 1, 'Mesprit': 1, 'Toxicroak': 1, 'Torterra': 1, 'Ambipom': 1}"
hypno78397,[Gen 4] UU,1,0,1,2024-05-06 02:06:24,2024-05-06 02:06:24,,,,"{'Milotic': 1, 'Mismagius': 1, 'Houndoom': 1, 'Registeel': 1, 'Primeape': 1, 'Venusaur': 1}"
hypno90649,[Gen 4] UU,2,0,2,2024-03-25 20:20:41,2024-03-25 20:22:08,1091.0,1137.0,"[1137.0, 1091.0]","{'Clefable': 2, 'Feraligatr': 1, 'Leafeon': 1}"
hypnosis7593,[Gen 4] UU,1,0,1,2024-03-02 13:32:58,2024-03-02 13:32:58,1054.0,1054.0,[1054.0],"{'Milotic': 1, 'Absol': 1, 'Aggron': 1, 'Hitmontop': 1, 'Registeel': 1, 'Venusaur': 1}"
hypnosis98671,[Gen 4] UU,3,2,1,2023-08-26 14:50:10,2023-08-26 15:22:56,,,,"{'Scyther': 2, 'Rhyperior': 2, 'Hitmontop': 2, 'Azumarill': 2, 'Uxie': 2, 'Venusaur': 2, 'Snover': 1, 'Claydol': 1, 'Walrein': 1, 'Clefable': 1, 'Registeel': 1, 'Arcanine': 1}"
iapapaberry27465,[Gen 4] UU,2,2,0,2017-01-13 23:02:47,2017-01-13 23:17:52,,,,"{'Moltres': 1, 'Mismagius': 1, 'Omastar': 1, 'Hitmontop': 2, 'Clefable': 1, 'Venusaur': 1, 'Snover': 1, 'Milotic': 1, 'Nidoqueen': 1, 'Walrein': 1, 'Registeel': 1}"
iapapaberry64898,[Gen 4] UU,1,1,0,2021-06-01 16:00:30,2021-06-01 16:00:30,,,,"{'Moltres': 1, 'Mesprit': 1, 'Torterra': 1, 'Kabutops': 1, 'Regirock': 1, 'Lanturn': 1}"
ice11364,[Gen 4] UU,1,1,0,2016-12-16 06:06:26,2016-12-16 06:06:26,,,,"{'Mismagius': 1, 'Sceptile': 1, 'Kabutops': 1, 'Registeel': 1, 'Arcanine': 1, 'Donphan': 1}"
ice759,[Gen 4] UU,19,10,9,2020-07-12 21:14:54,2024-12-27 19:16:14,,,,"{'Moltres': 2, 'Slowbro': 1, 'Clefable': 5, 'Registeel': 11, 'Donphan': 5, 'Hariyama': 1, 'Mesprit': 3, 'Lanturn': 2, 'Dugtrio': 3, 'Spiritomb': 1, 'Uxie': 7, 'Scyther': 1, 'Medicham': 1, 'Houndoom': 6, 'Mismagius': 7, 'Qwilfish': 4, 'Jynx': 1, 'Arcanine': 2, 'Leafeon': 2, 'Snover': 2, 'Walrein': 2, 'Drapion': 3, 'Cloyster': 1, 'Entei': 2, 'Venusaur': 3, 'Milotic': 3, 'Primeape': 4, 'Altaria': 1, 'Exeggutor': 2, 'Rhyperior': 2, 'Hitmontop': 1, 'Rotom': 2, 'Blastoise': 2, 'Slowking': 1, 'Sceptile': 2, 'Omastar': 2, 'Shiftry': 1, 'Swellow': 1, 'Ludicolo': 2, 'Kabutops': 2, 'Lopunny': 2}"
iceball39037,[Gen 4] UU,2,1,1,2019-10-24 21:51:19,2019-10-24 22:06:39,,,,"{'Moltres': 2, 'Ludicolo': 2, 'Mismagius': 2, 'Kabutops': 2, 'Registeel': 2, 'Venusaur': 2}"
iceball52439,[Gen 4] UU,1,0,1,2016-07-02 21:04:52,2016-07-02 21:04:52,,,,"{'Moltres': 1, 'Mesprit': 1, 'Aggron': 1, 'Toxicroak': 1, 'Kabutops': 1, 'Swellow': 1}"
iceball91756,[Gen 4] UU,3,0,3,2014-06-23 19:57:35,2014-07-24 23:41:19,,,,"{'Gligar': 1, 'Tauros': 1, 'Magneton': 1, 'Hitmonchan': 1, 'Jynx': 1, 'Slowking': 1, 'Magmortar': 1, 'Charizard': 1, 'Sandslash': 1, 'Typhlosion': 1, 'Skuntank': 1, 'Quagsire': 1, 'Moltres': 1, 'Qwilfish': 1, 'Rhyperior': 1, 'Kabutops': 1, 'Rotom': 1, 'Venusaur': 1}"
iceberry21769,[Gen 4] UU,1,0,1,2024-03-04 21:03:11,2024-03-04 21:03:11,,,,"{'Ursaring': 1, 'Altaria': 1, 'Mismagius': 1, 'Aggron': 1, 'Alakazam': 1, 'Ambipom': 1}"
iceberry26639,[Gen 4] UU,8,5,3,2015-04-26 19:43:57,2017-01-30 20:57:18,,,,"{'Cloyster': 8, 'Mismagius': 8, 'Rhyperior': 8, 'Clefable': 8, 'Arcanine': 7, 'Venusaur': 8}"
iceberry56459,[Gen 4] UU,5,0,5,2024-03-02 00:48:48,2024-03-24 21:58:04,1076.0,1111.0,"[1076.0, 1111.0]","{'Kangaskhan': 2, 'Mismagius': 2, 'Omastar': 2, 'Spiritomb': 2, 'Blaziken': 2, 'Alakazam': 2, 'Moltres': 2, 'Exeggutor': 2, 'Hitmontop': 2, 'Regirock': 3, 'Victreebel': 2, 'Houndoom': 3, 'Scyther': 1, 'Toxicroak': 1, 'Torterra': 1, 'Blastoise': 1}"
iceberry81699,[Gen 4] UU,2,0,2,2019-04-26 01:57:18,2020-06-12 00:29:21,,,,"{'Magneton': 1, 'Azumarill': 1, 'Dugtrio': 2, 'Uxie': 2, 'Gardevoir': 1, 'Ambipom': 1, 'Ludicolo': 1, 'Electrode': 1, 'Kabutops': 1, 'Registeel': 1}"
iceberry82494,[Gen 4] UU,14,5,9,2016-05-08 02:51:39,2024-10-20 15:22:08,,,,"{'Mismagius': 5, 'Sceptile': 1, 'Qwilfish': 3, 'Azumarill': 1, 'Registeel': 4, 'Blaziken': 3, 'Moltres': 6, 'Hitmontop': 1, 'Regirock': 2, 'Feraligatr': 2, 'Venusaur': 8, 'Ambipom': 1, 'Cloyster': 2, 'Milotic': 6, 'Spiritomb': 3, 'Toxicroak': 1, 'Uxie': 2, 'Donphan': 4, 'Torterra': 1, 'Weezing': 1, 'Arcanine': 1, 'Alakazam': 1, 'Scyther': 3, 'Aggron': 2, 'Entei': 2, 'Rhyperior': 2, 'Blastoise': 1, 'Kabutops': 2, 'Miltank': 1, 'Drapion': 1, 'Rotom': 1, 'Houndoom': 1, 'Dugtrio': 1, 'Clefable': 2, 'Skuntank': 1, 'Glalie': 1}"
icebody23685,[Gen 4] UU,1,0,1,2016-03-23 03:29:43,2016-03-23 03:29:43,,,,"{'Snover': 1, 'Milotic': 1, 'Cloyster': 1, 'Flareon': 1, 'Walrein': 1, 'Clefable': 1}"
icebody43691,[Gen 4] UU,1,1,0,2016-07-07 21:45:57,2016-07-07 21:45:57,,,,"{'Lunatone': 1, 'Aggron': 1, 'Nidoking': 1, 'Lanturn': 1, 'Slowking': 1, 'Venusaur': 1}"
icebody5465,[Gen 4] UU,1,0,1,2017-03-12 01:06:28,2017-03-12 01:06:28,,,,"{'Armaldo': 1, 'Poliwrath': 1, 'Muk': 1, 'Sableye': 1, 'Purugly': 1, 'Rhydon': 1}"
icebody70639,[Gen 4] UU,1,1,0,2016-07-05 15:38:01,2016-07-05 15:38:01,,,,"{'Golduck': 1, 'Machoke': 1, 'Solrock': 1, 'Linoone': 1, 'Misdreavus': 1}"
icefang40924,[Gen 4] UU,1,1,0,2015-03-21 22:24:10,2015-03-21 22:24:10,,,,"{'Milotic': 1, 'Drapion': 1, 'Torterra': 1, 'Kabutops': 1, 'Rotom': 1, 'Arcanine': 1}"
icefang6694,[Gen 4] UU,1,0,1,2018-06-03 21:34:17,2018-06-03 21:34:17,,,,"{'Moltres': 1, 'Omastar': 1, 'Rotom': 1, 'Spiritomb': 1, 'Venusaur': 1, 'Blastoise': 1}"
icefang72776,[Gen 4] UU,9,7,2,2017-03-20 02:54:04,2022-04-10 19:34:39,,,,"{'Scyther': 2, 'Houndoom': 2, 'Toxicroak': 1, 'Torterra': 2, 'Kabutops': 1, 'Registeel': 7, 'Mesprit': 2, 'Hitmontop': 1, 'Lanturn': 1, 'Spiritomb': 3, 'Arcanine': 1, 'Venusaur': 3, 'Moltres': 1, 'Snover': 2, 'Dugtrio': 1, 'Blastoise': 2, 'Articuno': 1, 'Milotic': 3, 'Xatu': 1, 'Sceptile': 1, 'Blaziken': 2, 'Donphan': 4, 'Skuntank': 1, 'Clefable': 1, 'Uxie': 1, 'Walrein': 1, 'Mismagius': 1, 'Slowking': 1, 'Hariyama': 1, 'Entei': 1, 'Azumarill': 1}"
icepunch22096,[Gen 4] UU,1,1,0,2023-06-18 02:33:20,2023-06-18 02:33:20,,,,"{'Omastar': 1, 'Hitmontop': 1, 'Rhyperior': 1, 'Dugtrio': 1, 'Uxie': 1, 'Venusaur': 1}"
icepunch56774,[Gen 4] UU,1,0,1,2025-03-27 22:14:10,2025-03-27 22:14:10,,,,"{'Kangaskhan': 1, 'Mismagius': 1, 'Omastar': 1, 'Spiritomb': 1, 'Blaziken': 1, 'Alakazam': 1}"
icepunch68286,[Gen 4] UU,1,0,1,2019-11-15 07:33:17,2019-11-15 07:33:17,,,,"{'Snover': 1, 'Hitmontop': 1, 'Nidoqueen': 1, 'Walrein': 1, 'Clefable': 1, 'Registeel': 1}"
icepunch68501,[Gen 4] UU,3,2,1,2017-02-03 15:45:53,2017-02-03 16:15:28,,,,"{'Scyther': 2, 'Sceptile': 1, 'Qwilfish': 1, 'Rotom': 2, 'Houndoom': 1, 'Donphan': 2, 'Mesprit': 1, 'Spiritomb': 1, 'Feraligatr': 1, 'Arcanine': 1, 'Omastar': 1, 'Blaziken': 1, 'Drapion': 1, 'Swellow': 1, 'Leafeon': 1}"
icepunch8851,[Gen 4] UU,1,1,0,2016-09-26 04:33:07,2016-09-26 04:33:07,,,,"{'Milotic': 1, 'Rhyperior': 1, 'Toxicroak': 1, 'Jynx': 1, 'Clefable': 1}"
icepunch95036,[Gen 4] UU,1,1,0,2020-04-22 21:16:30,2020-04-22 21:16:30,,,,"{'Snover': 1, 'Hitmontop': 1, 'Nidoqueen': 1, 'Walrein': 1, 'Chansey': 1, 'Registeel': 1}"
iceshard15971,[Gen 4] UU,2,1,1,2020-03-19 03:23:37,2020-04-08 04:53:26,,,,"{'Ludicolo': 2, 'Toxicroak': 1, 'Kabutops': 2, 'Dugtrio': 2, 'Registeel': 2, 'Uxie': 2}"
iceshard30836,[Gen 4] UU,20,13,7,2020-05-23 23:30:49,2022-09-18 22:47:15,,,,"{'Mismagius': 14, 'Rhyperior': 5, 'Venusaur': 15, 'Feraligatr': 6, 'Blaziken': 8, 'Ambipom': 4, 'Omastar': 3, 'Clefable': 7, 'Uxie': 12, 'Milotic': 8, 'Entei': 1, 'Registeel': 8, 'Donphan': 8, 'Drapion': 2, 'Ludicolo': 1, 'Qwilfish': 2, 'Electrode': 1, 'Kabutops': 1, 'Spiritomb': 1, 'Mesprit': 1, 'Dugtrio': 1, 'Houndoom': 2, 'Leafeon': 1, 'Hariyama': 1, 'Lanturn': 1}"
iceshard54290,[Gen 4] UU,7,4,3,2017-01-31 22:30:43,2017-08-27 20:00:36,,,,"{'Sharpedo': 1, 'Shiftry': 1, 'Tauros': 2, 'Regirock': 3, 'Gardevoir': 1, 'Drifblim': 1, 'Milotic': 1, 'Hitmontop': 1, 'Nidoqueen': 1, 'Chansey': 1, 'Spiritomb': 1, 'Clefable': 1, 'Altaria': 2, 'Dugtrio': 1, 'Registeel': 2, 'Arcanine': 1, 'Venusaur': 1, 'Blastoise': 1, 'Mesprit': 1, 'Mismagius': 1, 'Sceptile': 2, 'Lanturn': 1, 'Drapion': 1, 'Charizard': 1, 'Haunter': 1, 'Marowak': 1, 'Slowking': 2, 'Moltres': 1, 'Toxicroak': 1, 'Donphan': 1, 'Venomoth': 1, 'Sandslash': 1, 'Cacturne': 1, 'Dusclops': 1, 'Lickilicky': 1}"
iceshard63685,[Gen 4] UU,3,1,2,2023-12-15 01:26:09,2023-12-15 01:32:09,,,,"{'Hariyama': 2, 'Kangaskhan': 2, 'Drapion': 1, 'Poliwrath': 1, 'Gardevoir': 1, 'Donphan': 2, 'Scyther': 1, 'Rotom': 1, 'Lanturn': 1, 'Moltres': 1, 'Kingler': 1, 'Entei': 1, 'Jynx': 1, 'Uxie': 1, 'Cradily': 1}"
ichuspikyeared3321,[Gen 4] UU,1,1,0,2019-10-31 16:31:40,2019-10-31 16:31:40,,,,"{'Altaria': 1, 'Spiritomb': 1, 'Registeel': 1, 'Ambipom': 1, 'Blastoise': 1}"
icicleplate24364,[Gen 4] UU,1,1,0,2019-02-28 21:17:12,2019-02-28 21:17:12,,,,"{'Scyther': 1, 'Claydol': 1, 'Rhyperior': 1, 'Chansey': 1, 'Blaziken': 1}"
icicleplate94756,[Gen 4] UU,8,6,2,2023-03-12 06:15:39,2025-05-12 01:11:20,,,,"{'Mesprit': 1, 'Kabutops': 1, 'Dugtrio': 1, 'Swellow': 4, 'Arcanine': 2, 'Venusaur': 8, 'Moltres': 3, 'Absol': 3, 'Qwilfish': 2, 'Donphan': 2, 'Milotic': 2, 'Rhyperior': 1, 'Clefable': 3, 'Camerupt': 1, 'Weezing': 2, 'Steelix': 2, 'Cloyster': 2, 'Pinsir': 1, 'Azumarill': 1, 'Rotom': 1, 'Houndoom': 1, 'Blaziken': 1}"
iciclespear60159,[Gen 4] UU,3,0,3,2024-03-03 21:53:10,2024-03-11 22:29:44,1027.0,1037.0,"[1030.0, 1027.0, 1037.0]","{'Cloyster': 3, 'Exeggutor': 2, 'Claydol': 3, 'Torkoal': 2, 'Steelix': 2, 'Drifblim': 3, 'Regice': 1, 'Magneton': 2}"
iciclespear79604,[Gen 4] UU,1,1,0,2015-10-07 23:28:16,2015-10-07 23:28:16,,,,"{'Scyther': 1, 'Milotic': 1, 'Arcanine': 1, 'Venusaur': 1, 'Donphan': 1}"
iciclespear90392,[Gen 4] UU,6,6,0,2020-07-28 15:31:20,2020-08-06 22:33:27,,,,"{'Milotic': 4, 'Dugtrio': 4, 'Uxie': 4, 'Arcanine': 4, 'Venusaur': 3, 'Qwilfish': 1, 'Rotom': 1, 'Azumarill': 1, 'Regirock': 1, 'Hippopotas': 1, 'Cradily': 1, 'Spiritomb': 3}"
icyrock22004,[Gen 4] UU,2,0,2,2017-09-01 01:11:21,2017-09-02 00:02:35,,,,"{'Rapidash': 1, 'Onix': 2, 'Victreebel': 2, 'Metang': 2, 'Purugly': 2, 'Tangela': 2}"
icyrock5195,[Gen 4] UU,1,0,1,2020-07-13 23:38:54,2020-07-13 23:38:54,,,,"{'Altaria': 1, 'Torterra': 1, 'Feraligatr': 1, 'Blaziken': 1, 'Drapion': 1, 'Alakazam': 1}"
icyrock92823,[Gen 4] UU,2,2,0,2024-03-14 23:12:46,2024-03-14 23:16:59,,,,"{'Hariyama': 2, 'Mesprit': 2, 'Azumarill': 2, 'Rotom': 1, 'Houndoom': 2, 'Venusaur': 2}"
icywind30867,[Gen 4] UU,2,1,1,2017-06-06 11:21:45,2017-06-17 16:07:57,,,,"{'Electabuzz': 1, 'Poliwrath': 1, 'Cacturne': 1, 'Metang': 2, 'Raichu': 1, 'Golbat': 1, 'Gabite': 1, 'Machoke': 1, 'Rapidash': 1, 'Bellossom': 1, 'Pelipper': 1}"
icywind40678,[Gen 4] UU,1,0,1,2018-03-29 23:20:41,2018-03-29 23:20:41,,,,"{'Blaziken': 1, 'Azumarill': 1, 'Rotom': 1, 'Clefable': 1, 'Uxie': 1, 'Venusaur': 1}"
iddenpowerbug20014,[Gen 4] UU,3,0,3,2015-05-31 21:52:38,2015-06-21 20:05:11,,,,"{'Omastar': 1, 'Azumarill': 2, 'Rotom': 2, 'Clefable': 1, 'Blaziken': 2, 'Venusaur': 2, 'Mesprit': 1, 'Drapion': 1, 'Moltres': 1, 'Milotic': 1, 'Exeggutor': 1, 'Spiritomb': 1, 'Registeel': 1, 'Donphan': 1}"
iddenpowerbug90327,[Gen 4] UU,1,1,0,2019-07-18 00:31:23,2019-07-18 00:31:23,,,,"{'Tangrowth': 1, 'Claydol': 1, 'Slowbro': 1, 'Toxicroak': 1, 'Floatzel': 1}"
iddenpowerice23799,[Gen 4] UU,2,2,0,2018-11-08 22:16:12,2018-11-24 18:35:40,,,,"{'Moltres': 2, 'Milotic': 2, 'Clefable': 2, 'Aggron': 1, 'Venusaur': 1, 'Donphan': 1}"
iddenpowerice83444,[Gen 4] UU,1,0,1,2016-04-10 13:19:27,2016-04-10 13:19:27,,,,"{'Moltres': 1, 'Mismagius': 1, 'Qwilfish': 1, 'Rhyperior': 1, 'Spiritomb': 1, 'Blastoise': 1}"
igglybuff55898,[Gen 4] UU,4,2,2,2024-07-07 23:29:31,2024-07-12 13:36:32,,,,"{'Scyther': 2, 'Rhyperior': 3, 'Hitmontop': 2, 'Houndoom': 3, 'Uxie': 3, 'Venusaur': 2, 'Mismagius': 1, 'Qwilfish': 1, 'Clefable': 1, 'Arcanine': 1, 'Alakazam': 1, 'Leafeon': 1, 'Sceptile': 1, 'Feraligatr': 1, 'Weezing': 1}"
igglybuff74719,[Gen 4] UU,14,6,8,2016-05-22 19:27:31,2017-02-02 22:58:46,,,,"{'Cloyster': 6, 'Arcanine': 2, 'Venusaur': 4, 'Weezing': 2, 'Armaldo': 2, 'Nidoqueen': 2, 'Probopass': 2, 'Roselia': 2, 'Drifblim': 2, 'Magmortar': 1, 'Pinsir': 1, 'Sandslash': 1, 'Haunter': 1, 'Relicanth': 1, 'Glalie': 2, 'Moltres': 4, 'Sceptile': 4, 'Rhyperior': 5, 'Kabutops': 4, 'Drapion': 5, 'Venomoth': 1, 'Charizard': 1, 'Gligar': 2, 'Metang': 1, 'Linoone': 1, 'Milotic': 3, 'Dugtrio': 3, 'Registeel': 3, 'Uxie': 2, 'Mismagius': 1, 'Leafeon': 1, 'Rotom': 1, 'Slowking': 2, 'Porygon2': 1, 'Magneton': 1, 'Golem': 1, 'Cradily': 1}"
illuminate11230,[Gen 4] UU,11,6,5,2015-02-05 22:14:42,2015-06-20 18:12:50,,,,"{'Milotic': 5, 'Mesprit': 1, 'Rhyperior': 1, 'Torterra': 6, 'Weezing': 1, 'Arcanine': 5, 'Moltres': 2, 'Kabutops': 6, 'Poliwrath': 2, 'Drapion': 6, 'Ambipom': 2, 'Rotom': 8, 'Scyther': 4, 'Sceptile': 4, 'Qwilfish': 4, 'Houndoom': 4, 'Donphan': 3}"
illuminate27807,[Gen 4] UU,5,4,1,2018-06-16 16:22:48,2018-06-30 16:37:51,,,,"{'Milotic': 4, 'Mismagius': 3, 'Rhyperior': 5, 'Azumarill': 5, 'Dugtrio': 5, 'Venusaur': 5}"
illuminate46821,[Gen 4] UU,1,1,0,2024-06-02 19:56:36,2024-06-02 19:56:36,,,,"{'Mismagius': 1, 'Qwilfish': 1, 'Clefable': 1, 'Arcanine': 1, 'Alakazam': 1, 'Leafeon': 1}"
illuminate92186,[Gen 4] UU,1,0,1,2020-05-26 21:30:17,2020-05-26 21:30:17,,,,"{'Scyther': 1, 'Tangrowth': 1, 'Hariyama': 1, 'Mismagius': 1, 'Nidoking': 1, 'Azumarill': 1}"
illumise18980,[Gen 4] UU,1,0,1,2018-11-04 20:00:54,2018-11-04 20:00:54,,,,"{'Scyther': 1, 'Butterfree': 1, 'Shedinja': 1, 'Pinsir': 1, 'Armaldo': 1, 'Shuckle': 1}"
illumise66049,[Gen 4] UU,2,0,2,2017-01-15 21:29:22,2017-01-15 21:39:34,,,,"{'Moltres': 1, 'Torterra': 1, 'Kabutops': 2, 'Poliwrath': 1, 'Drapion': 1, 'Ambipom': 1, 'Mismagius': 1, 'Sceptile': 1, 'Registeel': 1, 'Arcanine': 1, 'Donphan': 1}"
illumise88299,[Gen 4] UU,1,1,0,2018-02-27 02:55:14,2018-02-27 02:55:14,,,,"{'Mismagius': 1, 'Sceptile': 1, 'Registeel': 1, 'Arcanine': 1, 'Donphan': 1}"
illumise96449,[Gen 4] UU,1,1,0,2025-02-13 13:46:47,2025-02-13 13:46:47,,,,"{'Kangaskhan': 1, 'Mismagius': 1, 'Omastar': 1, 'Spiritomb': 1, 'Blaziken': 1, 'Alakazam': 1}"
immunity70128,[Gen 4] UU,1,0,1,2024-07-14 16:28:36,2024-07-14 16:28:36,,,,"{'Blaziken': 1, 'Weezing': 1, 'Clefable': 1, 'Feraligatr': 1, 'Uxie': 1, 'Venusaur': 1}"
imprison56103,[Gen 4] UU,3,1,2,2015-07-02 21:14:03,2016-01-19 19:23:57,,,,"{'Omastar': 2, 'Medicham': 2, 'Rotom': 2, 'Clefable': 2, 'Drapion': 2, 'Moltres': 1, 'Hitmontop': 2, 'Rhyperior': 1, 'Azumarill': 1, 'Venusaur': 1, 'Alakazam': 1}"
imprison80844,[Gen 4] UU,1,0,1,2020-03-02 23:35:33,2020-03-02 23:35:33,1000.0,1000.0,[1000.0],"{'Ludicolo': 1, 'Electrode': 1, 'Kabutops': 1, 'Dugtrio': 1, 'Registeel': 1, 'Uxie': 1}"
infernape34883,[Gen 4] UU,4,4,0,2020-06-18 20:00:16,2020-07-27 02:36:18,,,,"{'Skuntank': 4, 'Hitmonchan': 4, 'Poliwrath': 4, 'Dodrio': 4, 'Typhlosion': 3, 'Nidoqueen': 3}"
infernape81699,[Gen 4] UU,2,2,0,2020-07-23 12:13:13,2020-07-23 20:42:48,1000.0,1000.0,[1000.0],"{'Moltres': 2, 'Piloswine': 1, 'Crawdaunt': 2, 'Registeel': 2, 'Ampharos': 2}"
infernape89990,[Gen 4] UU,2,2,0,2024-03-06 13:23:27,2024-03-20 17:18:41,1000.0,1096.0,"[1000.0, 1096.0]","{'Tangrowth': 2, 'Exeggutor': 2, 'Regirock': 2, 'Hitmonlee': 1, 'Houndoom': 2, 'Blaziken': 1}"
ingrain58383,[Gen 4] UU,15,9,6,2019-11-19 10:26:06,2020-04-22 11:28:09,,,,"{'Ludicolo': 1, 'Toxicroak': 7, 'Dugtrio': 9, 'Registeel': 2, 'Uxie': 1, 'Milotic': 5, 'Jynx': 5, 'Clefable': 5, 'Feraligatr': 5, 'Mesprit': 7, 'Kabutops': 8, 'Arcanine': 7, 'Leafeon': 8, 'Altaria': 1, 'Steelix': 1, 'Rhyperior': 4, 'Swellow': 5, 'Mismagius': 1, 'Houndoom': 1, 'Primeape': 1, 'Venusaur': 1}"
innerfocus59781,[Gen 4] UU,1,1,0,2020-03-31 22:39:59,2020-03-31 22:39:59,,,,"{'Cloyster': 1, 'Electrode': 1, 'Skuntank': 1, 'Registeel': 1, 'Blaziken': 1}"
innerfocus62161,[Gen 4] UU,1,1,0,2019-05-01 01:25:36,2019-05-01 01:25:36,,,,"{'Altaria': 1, 'Entei': 1, 'Kabutops': 1, 'Rotom': 1, 'Registeel': 1, 'Leafeon': 1}"
innerfocus91859,[Gen 4] UU,11,4,7,2016-11-13 03:16:05,2022-04-16 16:02:28,,,,"{'Mismagius': 3, 'Qwilfish': 3, 'Torterra': 3, 'Clefable': 5, 'Registeel': 7, 'Arcanine': 7, 'Scyther': 2, 'Milotic': 2, 'Venusaur': 5, 'Donphan': 4, 'Moltres': 3, 'Kabutops': 2, 'Spiritomb': 1, 'Uxie': 1, 'Leafeon': 3, 'Omastar': 2, 'Tauros': 2, 'Rotom': 3, 'Dugtrio': 2, 'Mesprit': 1, 'Entei': 1, 'Azumarill': 2, 'Absol': 1, 'Primeape': 1}"
insectplate12084,[Gen 4] UU,1,1,0,2022-06-19 20:10:31,2022-06-19 20:10:31,,,,"{'Exeggutor': 1, 'Absol': 1, 'Kangaskhan': 1, 'Mismagius': 1, 'Omastar': 1, 'Blaziken': 1}"
insectplate21089,[Gen 4] UU,3,1,2,2020-07-07 18:43:00,2020-07-10 11:37:23,1000.0,1000.0,[1000.0],"{'Mismagius': 2, 'Aggron': 2, 'Kabutops': 3, 'Clefable': 3, 'Swellow': 3, 'Leafeon': 2, 'Spiritomb': 1}"
insomnia19871,[Gen 4] UU,3,2,1,2019-11-20 21:22:59,2019-11-28 20:57:11,,,,"{'Altaria': 2, 'Scyther': 2, 'Mesprit': 2, 'Hitmontop': 2, 'Lanturn': 2, 'Primeape': 2, 'Absol': 1, 'Mismagius': 1, 'Alakazam': 1, 'Clefable': 1, 'Blaziken': 1, 'Venusaur': 1}"
insomnia57220,[Gen 4] UU,3,3,0,2019-11-28 21:01:40,2019-11-28 21:31:49,,,,"{'Milotic': 3, 'Weezing': 2, 'Kabutops': 3, 'Dugtrio': 2, 'Spiritomb': 2, 'Clefable': 2, 'Mesprit': 1, 'Rotom': 1, 'Venusaur': 1}"
insomnia68156,[Gen 4] UU,11,3,8,2016-04-28 17:28:02,2018-08-31 19:09:38,,,,"{'Azumarill': 5, 'Rotom': 4, 'Swellow': 3, 'Registeel': 5, 'Blaziken': 5, 'Venusaur': 5, 'Scyther': 3, 'Milotic': 1, 'Hitmontop': 1, 'Dugtrio': 2, 'Aggron': 2, 'Miltank': 1, 'Lanturn': 4, 'Spiritomb': 2, 'Uxie': 1, 'Torterra': 2, 'Drapion': 2, 'Kangaskhan': 1, 'Qwilfish': 1, 'Slowbro': 1, 'Rhyperior': 1, 'Moltres': 4, 'Kabutops': 2, 'Absol': 1, 'Toxicroak': 1, 'Weezing': 1, 'Sceptile': 1, 'Donphan': 1, 'Arcanine': 1, 'Alakazam': 1}"
intimidate28509,[Gen 4] UU,1,0,1,2020-02-01 19:58:13,2020-02-01 19:58:13,,,,"{'Milotic': 1, 'Absol': 1, 'Rhyperior': 1, 'Venusaur': 1, 'Blaziken': 1, 'Alakazam': 1}"
intimidate75275,[Gen 4] UU,1,0,1,2019-09-12 20:41:43,2019-09-12 20:41:43,,,,"{'Moltres': 1, 'Toxicroak': 1, 'Feraligatr': 1, 'Uxie': 1, 'Venusaur': 1, 'Donphan': 1}"
intimidate80111,[Gen 4] UU,1,0,1,2016-01-17 18:27:17,2016-01-17 18:27:17,,,,"{'Moltres': 1, 'Mismagius': 1, 'Qwilfish': 1, 'Rhyperior': 1, 'Spiritomb': 1, 'Blastoise': 1}"
intimidate80204,[Gen 4] UU,1,0,1,2015-03-14 19:09:15,2015-03-14 19:09:15,,,,"{'Kangaskhan': 1, 'Rhyperior': 1, 'Azumarill': 1, 'Drapion': 1, 'Swellow': 1, 'Leafeon': 1}"
iratinaorigin31968,[Gen 4] UU,1,1,0,2017-09-01 18:52:03,2017-09-01 18:52:03,,,,"{'Milotic': 1, 'Mismagius': 1, 'Dugtrio': 1, 'Registeel': 1, 'Venusaur': 1}"
iratinaorigin47575,[Gen 4] UU,1,1,0,2019-04-02 07:33:06,2019-04-02 07:33:06,,,,"{'Mesprit': 1, 'Kabutops': 1, 'Dugtrio': 1, 'Swellow': 1, 'Leafeon': 1}"
iratinaorigin59556,[Gen 4] UU,1,0,1,2017-11-04 23:48:11,2017-11-04 23:48:11,,,,"{'Altaria': 1, 'Milotic': 1, 'Mesprit': 1, 'Dugtrio': 1, 'Blaziken': 1, 'Venusaur': 1}"
ironball60294,[Gen 4] UU,5,3,2,2015-09-26 05:59:20,2017-01-23 02:01:20,,,,"{'Moltres': 3, 'Torterra': 3, 'Kabutops': 3, 'Poliwrath': 2, 'Drapion': 2, 'Ambipom': 2, 'Scyther': 3, 'Sceptile': 2, 'Qwilfish': 2, 'Rotom': 2, 'Houndoom': 2, 'Donphan': 2, 'Lanturn': 1, 'Registeel': 1}"
irondefense48760,[Gen 4] UU,1,1,0,2020-03-15 17:03:59,2020-03-15 17:03:59,1099.0,1099.0,[1099.0],"{'Moltres': 1, 'Absol': 1, 'Arcanine': 1, 'Venusaur': 1, 'Donphan': 1}"
ironfist10778,[Gen 4] UU,14,6,8,2019-05-24 01:45:58,2020-07-08 18:50:51,,,,"{'Altaria': 1, 'Aggron': 1, 'Venusaur': 4, 'Houndoom': 1, 'Ambipom': 1, 'Blastoise': 6, 'Moltres': 6, 'Uxie': 6, 'Mismagius': 5, 'Omastar': 4, 'Rotom': 9, 'Dugtrio': 5, 'Registeel': 11, 'Ludicolo': 1, 'Toxicroak': 1, 'Kabutops': 1, 'Hariyama': 5, 'Torterra': 1, 'Mesprit': 1, 'Sceptile': 1, 'Azumarill': 1, 'Arcanine': 1, 'Donphan': 1, 'Milotic': 1, 'Primeape': 1}"
ironfist29922,[Gen 4] UU,5,5,0,2020-03-24 02:50:45,2020-03-29 02:25:39,1026.0,1225.0,"[1225.0, 1162.0, 1155.0, 1196.0, 1026.0]","{'Absol': 1, 'Slowbro': 5, 'Rhyperior': 5, 'Toxicroak': 2, 'Chansey': 5, 'Uxie': 5, 'Drapion': 3, 'Hitmontop': 3}"
ironfist30365,[Gen 4] UU,1,1,0,2019-04-09 02:30:21,2019-04-09 02:30:21,,,,"{'Scyther': 1, 'Milotic': 1, 'Rotom': 1, 'Registeel': 1, 'Arcanine': 1, 'Donphan': 1}"
ironfist41901,[Gen 4] UU,1,0,1,2022-05-31 14:47:46,2022-05-31 14:47:46,,,,"{'Kangaskhan': 1, 'Mismagius': 1, 'Omastar': 1, 'Spiritomb': 1, 'Blaziken': 1, 'Alakazam': 1}"
ironhead1623,[Gen 4] UU,1,0,1,2016-05-10 23:50:39,2016-05-10 23:50:39,1000.0,1000.0,[1000.0],"{'Meganium': 1, 'Kangaskhan': 1, 'Flareon': 1, 'Qwilfish': 1, 'Flaaffy': 1, 'Delibird': 1}"
ironhead21066,[Gen 4] UU,3,1,2,2022-08-07 16:41:52,2022-08-26 17:31:12,,,,"{'Seadra': 2, 'Marshtomp': 1, 'Monferno': 1, 'Clefairy': 2, 'Metang': 3, 'Misdreavus': 2, 'Wartortle': 1, 'Piloswine': 1, 'Vigoroth': 1, 'Roselia': 2, 'Gligar': 1, 'Murkrow': 1}"
ironhead24461,[Gen 4] UU,2,1,1,2020-03-28 22:18:52,2020-04-10 18:53:21,,,,"{'Kangaskhan': 1, 'Toxicroak': 1, 'Houndoom': 1, 'Uxie': 2, 'Blastoise': 1, 'Leafeon': 1, 'Tangrowth': 1, 'Hariyama': 1, 'Aggron': 1, 'Rotom': 1, 'Slowking': 1}"
ironhead29070,[Gen 4] UU,1,0,1,2020-05-12 17:56:48,2020-05-12 17:56:48,,,,"{'Milotic': 1, 'Tauros': 1, 'Skuntank': 1, 'Rotom': 1, 'Dugtrio': 1, 'Uxie': 1}"
ironhead88779,[Gen 4] UU,2,0,2,2017-11-04 19:24:19,2017-11-04 19:25:28,,,,"{'Monferno': 1, 'Poliwrath': 1, 'Metang': 1, 'Purugly': 1, 'Misdreavus': 1, 'Golbat': 1, 'Regice': 1, 'Porygon2': 1, 'Marowak': 1, 'Solrock': 1, 'Crawdaunt': 1, 'Slowking': 1}"
ironplate91202,[Gen 4] UU,1,0,1,2020-02-08 03:33:11,2020-02-08 03:33:11,,,,"{'Ludicolo': 1, 'Toxicroak': 1, 'Kabutops': 1, 'Dugtrio': 1, 'Registeel': 1, 'Uxie': 1}"
ironplate92514,[Gen 4] UU,1,0,1,2015-05-02 16:41:00,2015-05-02 16:41:00,,,,"{'Mesprit': 1, 'Kangaskhan': 1, 'Rhyperior': 1, 'Azumarill': 1, 'Blaziken': 1, 'Venusaur': 1}"
ironplate98505,[Gen 4] UU,2,1,1,2019-07-10 21:28:07,2019-07-10 21:34:35,,,,"{'Qwilfish': 1, 'Rotom': 1, 'Feraligatr': 1, 'Uxie': 1, 'Venusaur': 2, 'Donphan': 1, 'Mismagius': 1, 'Clefable': 1, 'Blaziken': 1, 'Alakazam': 1}"
irontail54123,[Gen 4] UU,4,2,2,2016-01-11 12:56:50,2016-02-10 09:03:57,,,,"{'Scyther': 2, 'Dugtrio': 1, 'Registeel': 2, 'Arcanine': 3, 'Blastoise': 1, 'Leafeon': 1, 'Moltres': 1, 'Milotic': 1, 'Mismagius': 2, 'Venusaur': 2, 'Donphan': 2, 'Kabutops': 2, 'Hariyama': 1, 'Mesprit': 1, 'Ludicolo': 1, 'Swellow': 1}"
ivysaur48671,[Gen 4] UU,2,0,2,2020-07-18 19:35:18,2020-07-18 19:43:35,,,,"{'Moltres': 2, 'Milotic': 1, 'Hitmontop': 1, 'Clefable': 1, 'Registeel': 1, 'Drapion': 1, 'Toxicroak': 1, 'Feraligatr': 1, 'Uxie': 1, 'Venusaur': 1, 'Donphan': 1}"
ivysaur7694,[Gen 4] UU,1,1,0,2018-02-11 18:50:35,2018-02-11 18:50:35,,,,"{'Milotic': 1, 'Mismagius': 1, 'Hitmontop': 1, 'Houndoom': 1, 'Venusaur': 1, 'Donphan': 1}"
ivysaur84513,[Gen 4] UU,8,4,4,2016-09-22 00:29:05,2016-09-22 02:54:28,,,,"{'Moltres': 5, 'Milotic': 5, 'Sceptile': 5, 'Hitmontop': 5, 'Dugtrio': 5, 'Registeel': 5, 'Magmortar': 3, 'Mismagius': 3, 'Omastar': 3, 'Tauros': 3, 'Toxicroak': 3, 'Spiritomb': 3}"
jabocaberry14607,[Gen 4] UU,2,2,0,2024-03-24 18:08:47,2024-03-24 18:55:52,1079.0,1104.0,"[1079.0, 1104.0]","{'Milotic': 1, 'Charizard': 2, 'Toxicroak': 2, 'Venusaur': 1, 'Ambipom': 2, 'Donphan': 2}"
jabocaberry63587,[Gen 4] UU,1,1,0,2020-07-19 10:09:55,2020-07-19 10:09:55,,,,"{'Uxie': 1, 'Electrode': 1, 'Ludicolo': 1, 'Kabutops': 1}"
jigglypuff54717,[Gen 4] UU,1,1,0,2020-05-11 02:29:11,2020-05-11 02:29:11,,,,"{'Milotic': 1, 'Omastar': 1, 'Hitmontop': 1, 'Spiritomb': 1, 'Clefable': 1}"
jigglypuff55933,[Gen 4] UU,1,0,1,2024-04-12 13:46:02,2024-04-12 13:46:02,,,,"{'Ludicolo': 1, 'Qwilfish': 1, 'Kabutops': 1, 'Uxie': 1, 'Lopunny': 1}"
jirachi35051,[Gen 4] UU,1,1,0,2018-03-15 11:23:11,2018-03-15 11:23:11,,,,"{'Mesprit': 1, 'Sceptile': 1, 'Kabutops': 1, 'Dugtrio': 1, 'Arcanine': 1, 'Swellow': 1}"
jirachi35340,[Gen 4] UU,3,1,2,2019-12-29 11:04:17,2022-01-03 14:08:03,,,,"{'Mismagius': 2, 'Sceptile': 1, 'Qwilfish': 1, 'Azumarill': 1, 'Registeel': 1, 'Blaziken': 2, 'Milotic': 1, 'Toxicroak': 1, 'Rhyperior': 1, 'Jynx': 1, 'Clefable': 1, 'Feraligatr': 1, 'Kabutops': 1, 'Miltank': 1, 'Uxie': 1, 'Drapion': 1}"
jirachi72367,[Gen 4] UU,1,0,1,2020-03-14 19:46:35,2020-03-14 19:46:35,1090.0,1090.0,[1090.0],"{'Milotic': 1, 'Mismagius': 1, 'Toxicroak': 1, 'Arcanine': 1, 'Donphan': 1, 'Leafeon': 1}"
judgment1183,[Gen 4] UU,3,1,2,2016-05-28 13:59:17,2016-05-28 14:07:55,,,,"{'Medicham': 1, 'Nidoqueen': 1, 'Haunter': 1, 'Skuntank': 2, 'Slowking': 2, 'Relicanth': 1, 'Charizard': 1, 'Magneton': 1, 'Hitmonchan': 1, 'Regirock': 2, 'Crawdaunt': 1, 'Floatzel': 1, 'Jynx': 1, 'Hypno': 1, 'Rhydon': 1}"
judgment88768,[Gen 4] UU,5,2,3,2020-01-16 20:57:56,2020-08-29 17:02:39,,,,"{'Feraligatr': 2, 'Swellow': 1, 'Registeel': 2, 'Arcanine': 1, 'Venusaur': 4, 'Donphan': 4, 'Ludicolo': 1, 'Electrode': 1, 'Toxicroak': 2, 'Kabutops': 1, 'Uxie': 2, 'Moltres': 3, 'Milotic': 2, 'Aggron': 2, 'Clefable': 2}"
jumpkick32318,[Gen 4] UU,1,0,1,2019-11-21 20:48:22,2019-11-21 20:48:22,,,,"{'Cloyster': 1, 'Hariyama': 1, 'Mesprit': 1, 'Rotom': 1, 'Arcanine': 1, 'Leafeon': 1}"
jumpkick33150,[Gen 4] UU,5,4,1,2020-03-01 21:41:11,2020-04-21 23:24:38,,,,"{'Monferno': 5, 'Wartortle': 5, 'Murkrow': 2, 'Vigoroth': 3, 'Roselia': 1, 'Misdreavus': 3, 'Gligar': 1, 'Kadabra': 1, 'Metang': 1, 'Diglett': 1, 'Piloswine': 3, 'Golbat': 3, 'Marshtomp': 1}"
jumpkick41730,[Gen 4] UU,1,0,1,2015-01-19 16:58:48,2015-01-19 16:58:48,,,,"{'Magmortar': 1, 'Charizard': 1, 'Vileplume': 1, 'Sandslash': 1, 'Dusclops': 1, 'Slowking': 1}"
jumpkick6054,[Gen 4] UU,1,0,1,2016-02-03 18:30:59,2016-02-03 18:30:59,,,,"{'Ursaring': 1, 'Mesprit': 1, 'Dugtrio': 1, 'Blaziken': 1, 'Arcanine': 1, 'Alakazam': 1}"
jynx32896,[Gen 4] UU,1,0,1,2017-08-19 04:50:57,2017-08-19 04:50:57,,,,"{'Mismagius': 1, 'Rhyperior': 1, 'Azumarill': 1, 'Miltank': 1, 'Spiritomb': 1, 'Houndoom': 1}"
jynx465,[Gen 4] UU,1,0,1,2020-07-23 12:13:13,2020-07-23 12:13:13,1000.0,1000.0,[1000.0],"{'Exeggutor': 1, 'Slowbro': 1, 'Rhyperior': 1, 'Steelix': 1, 'Registeel': 1}"
jynx62866,[Gen 4] UU,8,3,5,2020-06-26 08:14:20,2020-07-03 22:23:56,,,,"{'Snover': 5, 'Monferno': 6, 'Wartortle': 6, 'Metang': 8, 'Sealeo': 5, 'Misdreavus': 7, 'Gligar': 3, 'Murkrow': 2, 'Lombre': 2, 'Horsea': 2, 'Meditite': 1, 'Yanma': 1}"
kabuto1868,[Gen 4] UU,10,5,5,2020-06-06 22:38:31,2020-07-02 22:52:22,,,,"{'Houndoom': 8, 'Toxicroak': 8, 'Ambipom': 10, 'Leafeon': 6, 'Milotic': 7, 'Registeel': 7, 'Lanturn': 1, 'Clefable': 1, 'Donphan': 1, 'Sceptile': 1, 'Dugtrio': 1, 'Arcanine': 1, 'Blastoise': 1}"
kabuto63530,[Gen 4] UU,1,1,0,2020-07-04 20:39:53,2020-07-04 20:39:53,,,,"{'Feraligatr': 1, 'Jynx': 1, 'Rhyperior': 1}"
kabuto96212,[Gen 4] UU,2,2,0,2017-01-29 21:30:33,2017-01-29 21:34:22,,,,"{'Scyther': 1, 'Omastar': 1, 'Torterra': 2, 'Lanturn': 1, 'Houndoom': 1, 'Donphan': 1, 'Moltres': 1, 'Milotic': 1, 'Hitmontop': 1, 'Rotom': 1, 'Registeel': 1}"
kabutops91792,[Gen 4] UU,19,9,10,2015-01-08 16:39:21,2021-01-03 19:51:10,,,,"{'Pinsir': 11, 'Medicham': 11, 'Typhlosion': 11, 'Poliwrath': 11, 'Skuntank': 11, 'Gardevoir': 9, 'Cloyster': 5, 'Hariyama': 5, 'Mesprit': 5, 'Rotom': 6, 'Arcanine': 5, 'Leafeon': 5, 'Sandslash': 1, 'Floatzel': 1, 'Vileplume': 1, 'Ursaring': 1, 'Omastar': 1, 'Alakazam': 1, 'Swellow': 1, 'Moltres': 1, 'Regice': 1, 'Toxicroak': 1, 'Uxie': 1, 'Blastoise': 1, 'Charizard': 1}"
kabutops99333,[Gen 4] UU,1,1,0,2020-02-02 17:08:52,2020-02-02 17:08:52,,,,"{'Ursaring': 1, 'Mismagius': 1, 'Qwilfish': 1, 'Rotom': 1, 'Hitmonlee': 1, 'Uxie': 1}"
kadabra95598,[Gen 4] UU,1,1,0,2024-03-14 10:54:52,2024-03-14 10:54:52,,,,"{'Absol': 1, 'Hariyama': 1, 'Dugtrio': 1, 'Hitmonlee': 1, 'Alakazam': 1}"
karatechop48181,[Gen 4] UU,1,0,1,2024-03-29 16:52:56,2024-03-29 16:52:56,1000.0,1000.0,[1000.0],"{'Shedinja': 1, 'Torterra': 1, 'Rattata': 1, 'Blaziken': 1, 'Alakazam': 1, 'Blastoise': 1}"
karatechop94843,[Gen 4] UU,1,1,0,2017-06-24 19:30:26,2017-06-24 19:30:26,1000.0,1000.0,[1000.0],"{'Arcanine': 1, 'Hitmonlee': 1, 'Poliwrath': 1, 'Hypno': 1}"
kasibberry13482,[Gen 4] UU,1,0,1,2020-03-07 13:35:30,2020-03-07 13:35:30,1188.0,1188.0,[1188.0],"{'Snover': 1, 'Absol': 1, 'Hitmontop': 1, 'Walrein': 1, 'Jynx': 1, 'Slowking': 1}"
kasibberry20529,[Gen 4] UU,1,0,1,2019-07-12 02:35:51,2019-07-12 02:35:51,,,,"{'Mesprit': 1, 'Kabutops': 1, 'Dugtrio': 1, 'Arcanine': 1, 'Swellow': 1, 'Leafeon': 1}"
kasibberry51633,[Gen 4] UU,1,0,1,2023-12-20 23:13:04,2023-12-20 23:13:04,,,,"{'Uxie': 1, 'Dugtrio': 1, 'Clefable': 1}"
kebiaberry29292,[Gen 4] UU,1,0,1,2017-02-27 22:01:10,2017-02-27 22:01:10,,,,"{'Altaria': 1, 'Slowbro': 1, 'Rotom': 1, 'Dugtrio': 1, 'Houndoom': 1, 'Venusaur': 1}"
kebiaberry6978,[Gen 4] UU,1,1,0,2017-03-12 19:39:15,2017-03-12 19:39:15,,,,"{'Milotic': 1, 'Ludicolo': 1, 'Steelix': 1, 'Arcanine': 1, 'Ambipom': 1}"
kebiaberry84891,[Gen 4] UU,2,1,1,2019-03-06 00:30:14,2019-03-08 20:59:47,,,,"{'Moltres': 1, 'Regirock': 1, 'Rotom': 2, 'Drapion': 1, 'Blastoise': 1, 'Leafeon': 1, 'Ursaring': 1, 'Omastar': 1, 'Blaziken': 1, 'Swellow': 1}"
kecleon16919,[Gen 4] UU,1,0,1,2017-04-15 10:12:57,2017-04-15 10:12:57,,,,"{'Camerupt': 1, 'Zangoose': 1, 'Raticate': 1, 'Dusclops': 1, 'Crawdaunt': 1, 'Gardevoir': 1}"
kecleon50900,[Gen 4] UU,1,0,1,2016-04-10 13:21:49,2016-04-10 13:21:49,,,,"{'Ursaring': 1, 'Omastar': 1, 'Rotom': 1, 'Alakazam': 1, 'Blaziken': 1, 'Swellow': 1}"
kecleon52544,[Gen 4] UU,2,0,2,2017-02-17 21:00:18,2017-02-17 21:03:57,,,,"{'Drapion': 2, 'Sceptile': 1, 'Slowbro': 1, 'Dugtrio': 1, 'Registeel': 1, 'Glaceon': 1, 'Omastar': 1, 'Rotom': 1, 'Blaziken': 1, 'Swellow': 1, 'Leafeon': 1}"
kecleon99289,[Gen 4] UU,1,1,0,2014-08-01 23:42:41,2014-08-01 23:42:41,,,,"{'Tauros': 1, 'Haunter': 1, 'Manectric': 1, 'Rhydon': 1, 'Glalie': 1, 'Drifblim': 1}"
keeneye1100,[Gen 4] UU,3,0,3,2017-01-17 01:27:52,2017-04-29 16:59:32,,,,"{'Exeggutor': 2, 'Omastar': 2, 'Toxicroak': 3, 'Rotom': 3, 'Houndoom': 3, 'Swellow': 2, 'Milotic': 1, 'Torterra': 1, 'Kabutops': 1}"
keeneye14694,[Gen 4] UU,1,1,0,2024-02-08 07:11:23,2024-02-08 07:11:23,,,,"{'Milotic': 1, 'Toxicroak': 1, 'Rhyperior': 1, 'Jynx': 1, 'Clefable': 1}"
keeneye32627,[Gen 4] UU,2,0,2,2014-06-29 16:23:00,2014-06-29 17:09:08,,,,"{'Claydol': 2, 'Hitmontop': 2, 'Feraligatr': 2, 'Blaziken': 2, 'Swellow': 2, 'Blastoise': 2}"
kelpsyberry16654,[Gen 4] UU,3,2,1,2020-03-24 23:10:08,2020-03-26 01:32:55,,,,"{'Milotic': 3, 'Mismagius': 1, 'Houndoom': 1, 'Registeel': 1, 'Venusaur': 1, 'Exeggutor': 2, 'Nidoking': 2, 'Toxicroak': 1, 'Rotom': 2, 'Swellow': 2}"
kelpsyberry42591,[Gen 4] UU,1,0,1,2020-05-12 10:49:11,2020-05-12 10:49:11,,,,"{'Absol': 1, 'Alakazam': 1, 'Swellow': 1, 'Houndoom': 1, 'Ambipom': 1, 'Leafeon': 1}"
kinesis24877,[Gen 4] UU,1,1,0,2017-07-05 22:13:52,2017-07-05 22:13:52,,,,"{'Gligar': 1, 'Dusclops': 1, 'Skuntank': 1, 'Quagsire': 1, 'Lickilicky': 1, 'Roselia': 1}"
kingdra25969,[Gen 4] UU,2,1,1,2025-03-28 08:09:09,2025-04-02 12:49:24,,,,"{'Mesprit': 2, 'Kabutops': 2, 'Dugtrio': 1, 'Arcanine': 2, 'Swellow': 2, 'Leafeon': 2}"
kingdra7300,[Gen 4] UU,2,0,2,2017-10-30 20:26:59,2017-11-16 03:25:32,,,,"{'Golduck': 1, 'Nidoking': 1, 'Rhyperior': 1, 'Hitmontop': 2, 'Entei': 1, 'Hitmonlee': 2, 'Scyther': 1, 'Hitmonchan': 1, 'Primeape': 1, 'Swellow': 1}"
kingdra92241,[Gen 4] UU,1,0,1,2019-09-26 19:36:56,2019-09-26 19:36:56,,,,"{'Absol': 1, 'Claydol': 1, 'Azumarill': 1, 'Alakazam': 1, 'Arcanine': 1, 'Swellow': 1}"
kingler51602,[Gen 4] UU,6,4,2,2023-12-27 21:12:48,2024-03-31 01:06:00,,,,"{'Houndoom': 1, 'Kabutops': 1, 'Rotom': 1, 'Registeel': 2, 'Uxie': 2, 'Venusaur': 1, 'Hariyama': 1, 'Aggron': 1, 'Porygon2': 1, 'Octillery': 1, 'Slowking': 1, 'Sharpedo': 2, 'Shelgon': 2, 'Metang': 2, 'Blaziken': 2, 'Ambipom': 1, 'Leafeon': 1, 'Claydol': 2, 'Omastar': 1, 'Poliwrath': 1, 'Spiritomb': 1, 'Clefable': 2, 'Milotic': 1, 'Sceptile': 1, 'Nidoking': 1}"
kingler64424,[Gen 4] UU,1,0,1,2019-07-25 16:29:16,2019-07-25 16:29:16,,,,"{'Milotic': 1, 'Mesprit': 1, 'Mismagius': 1, 'Registeel': 1, 'Ambipom': 1, 'Leafeon': 1}"
kingsrock16139,[Gen 4] UU,1,1,0,2018-10-03 15:30:06,2018-10-03 15:30:06,,,,"{'Moltres': 1, 'Regirock': 1, 'Rotom': 1, 'Drapion': 1, 'Blastoise': 1, 'Leafeon': 1}"
kingsrock37488,[Gen 4] UU,10,4,6,2015-03-17 03:24:40,2015-11-27 23:30:23,,,,"{'Moltres': 3, 'Qwilfish': 3, 'Rotom': 3, 'Swellow': 3, 'Venusaur': 3, 'Donphan': 9, 'Scyther': 5, 'Mesprit': 7, 'Tauros': 6, 'Houndoom': 7, 'Azumarill': 5}"
kingsrock7915,[Gen 4] UU,1,0,1,2022-06-23 18:55:15,2022-06-23 18:55:15,,,,"{'Moltres': 1, 'Mismagius': 1, 'Azumarill': 1, 'Registeel': 1, 'Venusaur': 1, 'Donphan': 1}"
kirlia65646,[Gen 4] UU,2,0,2,2016-03-13 16:51:24,2016-03-25 19:45:51,,,,"{'Milotic': 2, 'Rhyperior': 1, 'Rotom': 1, 'Registeel': 1, 'Venusaur': 2, 'Donphan': 2, 'Scyther': 1, 'Mismagius': 1, 'Uxie': 1}"
kirlia67563,[Gen 4] UU,1,1,0,2023-07-22 12:24:17,2023-07-22 12:24:17,,,,"{'Omastar': 1, 'Kabutops': 1, 'Spiritomb': 1, 'Blaziken': 1, 'Primeape': 1, 'Venusaur': 1}"
klutz46481,[Gen 4] UU,1,1,0,2023-10-06 13:25:55,2023-10-06 13:25:55,,,,"{'Scyther': 1, 'Mismagius': 1, 'Omastar': 1, 'Hitmonlee': 1, 'Houndoom': 1, 'Venusaur': 1}"
knockoff26841,[Gen 4] UU,1,1,0,2020-03-13 18:54:37,2020-03-13 18:54:37,,,,"{'Rampardos': 1, 'Nidoking': 1, 'Hitmontop': 1, 'Torterra': 1, 'Electrode': 1, 'Articuno': 1}"
knockoff3523,[Gen 4] UU,2,0,2,2020-03-02 15:51:18,2020-03-02 17:09:25,,,,"{'Registeel': 2, 'Skuntank': 1, 'Ambipom': 2, 'Hitmontop': 1, 'Alakazam': 1, 'Probopass': 1, 'Arcanine': 1}"
koffing18784,[Gen 4] UU,1,0,1,2024-03-28 00:30:01,2024-03-28 00:30:01,1000.0,1000.0,[1000.0],"{'Scyther': 1, 'Hitmontop': 1, 'Alakazam': 1, 'Uxie': 1, 'Arcanine': 1, 'Ambipom': 1}"
koffing93006,[Gen 4] UU,1,1,0,2020-03-26 01:11:50,2020-03-26 01:11:50,1000.0,1000.0,[1000.0],"{'Cloyster': 1, 'Blaziken': 1, 'Spiritomb': 1, 'Uxie': 1, 'Venusaur': 1}"
koffing93492,[Gen 4] UU,13,5,8,2021-09-04 19:48:46,2023-10-27 19:22:30,,,,"{'Moltres': 2, 'Torterra': 4, 'Azumarill': 2, 'Kabutops': 4, 'Rotom': 3, 'Registeel': 6, 'Mismagius': 3, 'Qwilfish': 1, 'Clefable': 2, 'Arcanine': 1, 'Snover': 1, 'Monferno': 4, 'Tentacool': 1, 'Metang': 3, 'Sealeo': 1, 'Misdreavus': 3, 'Dugtrio': 4, 'Leafeon': 1, 'Vigoroth': 1, 'Roselia': 3, 'Golbat': 1, 'Milotic': 2, 'Uxie': 2, 'Venusaur': 2, 'Sceptile': 1, 'Omastar': 2, 'Feraligatr': 1, 'Alakazam': 1, 'Ludicolo': 1, 'Seadra': 2, 'Murkrow': 1, 'Scyther': 1, 'Toxicroak': 1, 'Regirock': 1, 'Houndoom': 1, 'Blastoise': 1, 'Drapion': 1, 'Primeape': 1, 'Prinplup': 1}"
krabby85385,[Gen 4] UU,2,0,2,2018-03-18 18:51:52,2018-03-18 19:30:42,1000.0,1000.0,[1000.0],"{'Sceptile': 2, 'Miltank': 2, 'Feraligatr': 2, 'Blaziken': 2, 'Venusaur': 2, 'Blastoise': 2}"
kricketune97683,[Gen 4] UU,2,0,2,2024-02-08 02:18:41,2024-03-10 20:39:34,,,,"{'Moltres': 2, 'Altaria': 2, 'Clefable': 1, 'Registeel': 2, 'Venusaur': 1, 'Donphan': 2}"
kyogre10446,[Gen 4] UU,1,0,1,2020-04-01 18:38:31,2020-04-01 18:38:31,,,,"{'Milotic': 1, 'Rhyperior': 1, 'Toxicroak': 1, 'Jynx': 1, 'Clefable': 1, 'Feraligatr': 1}"
kyogre65407,[Gen 4] UU,2,1,1,2020-01-21 00:40:57,2020-01-21 00:57:50,,,,"{'Moltres': 2, 'Toxicroak': 2, 'Feraligatr': 2, 'Uxie': 2, 'Venusaur': 2, 'Donphan': 2}"
laggingtail22442,[Gen 4] UU,1,0,1,2020-03-24 22:53:04,2020-03-24 22:53:04,,,,"{'Moltres': 1, 'Milotic': 1, 'Aggron': 1, 'Clefable': 1, 'Venusaur': 1, 'Donphan': 1}"
laggingtail64546,[Gen 4] UU,1,1,0,2017-03-14 19:10:14,2017-03-14 19:10:14,,,,"{'Rhyperior': 1, 'Venusaur': 1, 'Spiritomb': 1, 'Blaziken': 1, 'Alakazam': 1}"
laggingtail71465,[Gen 4] UU,1,0,1,2017-05-19 21:09:59,2017-05-19 21:09:59,,,,"{'Scyther': 1, 'Milotic': 1, 'Sceptile': 1, 'Toxicroak': 1, 'Houndoom': 1, 'Donphan': 1}"
laggingtail76213,[Gen 4] UU,1,0,1,2020-07-23 20:42:48,2020-07-23 20:42:48,,,,"{'Toxicroak': 1, 'Ambipom': 1, 'Azumarill': 1, 'Donphan': 1}"
laggingtail90952,[Gen 4] UU,2,2,0,2017-06-25 11:06:35,2017-06-25 11:17:14,,,,"{'Armaldo': 2, 'Cacturne': 1, 'Metang': 2, 'Gastrodon': 1, 'Misdreavus': 1, 'Golbat': 1, 'Gabite': 1, 'Poliwrath': 1, 'Muk': 1, 'Articuno': 1}"
laggingtail92565,[Gen 4] UU,2,0,2,2024-04-19 21:41:02,2024-05-03 22:19:44,,,,"{'Hitmontop': 2, 'Dugtrio': 2, 'Alakazam': 2, 'Clefable': 2, 'Registeel': 2, 'Ambipom': 2}"
laggingtail97912,[Gen 4] UU,4,2,2,2020-01-21 00:49:30,2020-08-30 18:48:09,,,,"{'Altaria': 1, 'Milotic': 1, 'Steelix': 1, 'Spiritomb': 1, 'Clefable': 2, 'Venusaur': 3, 'Scyther': 2, 'Rhyperior': 1, 'Kabutops': 1, 'Rotom': 1, 'Houndoom': 1, 'Absol': 1, 'Mismagius': 1, 'Blaziken': 1, 'Alakazam': 1, 'Regirock': 1, 'Dugtrio': 1, 'Uxie': 1, 'Blastoise': 1}"
lairon43903,[Gen 4] UU,1,0,1,2022-06-17 14:21:48,2022-06-17 14:21:48,,,,"{'Moltres': 1, 'Milotic': 1, 'Hitmontop': 1, 'Rotom': 1, 'Clefable': 1, 'Registeel': 1}"
lairon62435,[Gen 4] UU,7,5,2,2016-01-19 00:01:52,2016-05-14 20:02:13,,,,"{'Scyther': 3, 'Mesprit': 3, 'Spiritomb': 3, 'Feraligatr': 3, 'Arcanine': 4, 'Donphan': 3, 'Omastar': 3, 'Rotom': 2, 'Blaziken': 3, 'Drapion': 3, 'Swellow': 3, 'Leafeon': 3, 'Mismagius': 1, 'Qwilfish': 1, 'Torterra': 1, 'Clefable': 1, 'Registeel': 1}"
lairon94796,[Gen 4] UU,1,0,1,2019-07-25 16:21:55,2019-07-25 16:21:55,,,,"{'Milotic': 1, 'Uxie': 1, 'Sceptile': 1, 'Registeel': 1, 'Blaziken': 1, 'Drapion': 1}"
lansatberry7316,[Gen 4] UU,1,1,0,2016-08-28 18:18:03,2016-08-28 18:18:03,,,,"{'Altaria': 1, 'Absol': 1, 'Torterra': 1, 'Azumarill': 1, 'Lanturn': 1, 'Swellow': 1}"
lanturn65455,[Gen 4] UU,3,3,0,2016-03-28 00:43:10,2016-04-21 01:25:44,,,,"{'Exeggutor': 3, 'Kangaskhan': 2, 'Hitmontop': 2, 'Steelix': 3, 'Lanturn': 2, 'Mismagius': 2}"
lanturn97257,[Gen 4] UU,7,5,2,2015-03-18 21:27:47,2017-11-05 18:37:34,,,,"{'Rotom': 4, 'Uxie': 4, 'Milotic': 5, 'Toxicroak': 3, 'Absol': 1, 'Rhyperior': 3, 'Alakazam': 1, 'Blaziken': 1, 'Venusaur': 1, 'Houndoom': 3, 'Monferno': 1, 'Poliwrath': 1, 'Metang': 1, 'Purugly': 1, 'Misdreavus': 1, 'Golbat': 1, 'Charizard': 1, 'Porygon2': 1, 'Marowak': 1, 'Solrock': 1, 'Slowking': 1, 'Gardevoir': 1}"
lapras58800,[Gen 4] UU,7,5,2,2014-06-26 23:27:12,2014-06-29 18:38:26,1030.0,1030.0,[1030.0],"{'Mismagius': 7, 'Sceptile': 4, 'Weezing': 4, 'Registeel': 6, 'Arcanine': 4, 'Cradily': 4, 'Mesprit': 1}"
lapras62208,[Gen 4] UU,1,0,1,2024-03-10 12:57:26,2024-03-10 12:57:26,1031.0,1031.0,[1031.0],"{'Milotic': 1, 'Aggron': 1, 'Chansey': 1, 'Alakazam': 1, 'Registeel': 1, 'Venusaur': 1}"
larvitar96901,[Gen 4] UU,18,7,11,2018-08-30 18:57:02,2023-10-01 21:14:20,,,,"{'Milotic': 7, 'Mismagius': 12, 'Registeel': 9, 'Primeape': 3, 'Venusaur': 7, 'Sceptile': 4, 'Kabutops': 6, 'Arcanine': 4, 'Donphan': 7, 'Moltres': 5, 'Qwilfish': 4, 'Torterra': 3, 'Swellow': 2, 'Houndoom': 5, 'Exeggutor': 2, 'Blaziken': 3, 'Uxie': 3, 'Leafeon': 4, 'Scyther': 2, 'Rotom': 2, 'Aggron': 1, 'Clefable': 3, 'Mesprit': 2, 'Ambipom': 2, 'Altaria': 1}"
lastresort37831,[Gen 4] UU,4,1,3,2022-08-01 20:27:23,2022-10-19 23:56:55,,,,"{'Milotic': 2, 'Clefable': 2, 'Registeel': 3, 'Uxie': 1, 'Venusaur': 4, 'Donphan': 3, 'Mismagius': 2, 'Azumarill': 2, 'Houndoom': 2, 'Scyther': 1, 'Rhyperior': 1, 'Rotom': 1}"
latios40098,[Gen 4] UU,1,1,0,2020-06-02 18:07:33,2020-06-02 18:07:33,,,,"{'Milotic': 1, 'Absol': 1, 'Claydol': 1, 'Rotom': 1, 'Arcanine': 1, 'Leafeon': 1}"
latios4683,[Gen 4] UU,1,1,0,2015-04-25 15:47:33,2015-04-25 15:47:33,,,,"{'Cloyster': 1, 'Snover': 1, 'Mismagius': 1, 'Nidoqueen': 1, 'Walrein': 1, 'Clefable': 1}"
latios79810,[Gen 4] UU,7,7,0,2016-05-27 21:05:18,2016-06-15 22:49:00,,,,"{'Tauros': 4, 'Haunter': 2, 'Regirock': 4, 'Jynx': 2, 'Manectric': 2, 'Slowking': 6, 'Typhlosion': 2, 'Nidoqueen': 3, 'Poliwrath': 1, 'Dodrio': 1, 'Hitmonchan': 4, 'Skuntank': 2, 'Gardevoir': 1, 'Venomoth': 1, 'Cacturne': 1, 'Drifblim': 1, 'Floatzel': 1, 'Muk': 1}"
latios88789,[Gen 4] UU,3,2,1,2020-08-03 19:02:42,2020-08-03 19:18:07,,,,"{'Hariyama': 3, 'Mismagius': 3, 'Aggron': 3, 'Chansey': 3, 'Spiritomb': 3, 'Ambipom': 3}"
lavaplume37715,[Gen 4] UU,1,0,1,2024-03-21 23:57:34,2024-03-21 23:57:34,1110.0,1110.0,[1110.0],"{'Hariyama': 1, 'Steelix': 1, 'Hitmonchan': 1, 'Hitmonlee': 1, 'Venusaur': 1, 'Blastoise': 1}"
lavaplume39903,[Gen 4] UU,1,0,1,2019-05-13 23:03:40,2019-05-13 23:03:40,,,,"{'Mesprit': 1, 'Kabutops': 1, 'Dugtrio': 1, 'Arcanine': 1, 'Swellow': 1, 'Leafeon': 1}"
lavaplume47096,[Gen 4] UU,6,2,4,2018-09-27 21:21:37,2019-12-27 14:22:12,,,,"{'Milotic': 3, 'Mismagius': 2, 'Hitmontop': 1, 'Alakazam': 1, 'Registeel': 2, 'Venusaur': 5, 'Houndoom': 1, 'Primeape': 1, 'Moltres': 3, 'Rhyperior': 2, 'Steelix': 3, 'Ambipom': 2, 'Blastoise': 1, 'Altaria': 1, 'Toxicroak': 1, 'Kabutops': 1, 'Dugtrio': 1, 'Leafeon': 1, 'Aggron': 1, 'Clefable': 1, 'Donphan': 1}"
leafblade51477,[Gen 4] UU,1,0,1,2024-09-27 23:06:42,2024-09-27 23:06:42,,,,"{'Ludicolo': 1, 'Toxicroak': 1, 'Kabutops': 1, 'Dugtrio': 1, 'Registeel': 1, 'Uxie': 1}"
leafeon25586,[Gen 4] UU,2,0,2,2024-03-24 18:08:47,2024-03-24 18:55:52,1079.0,1104.0,"[1079.0, 1104.0]","{'Scyther': 2, 'Mismagius': 1, 'Aggron': 2, 'Jynx': 2, 'Lanturn': 2, 'Hitmonlee': 2, 'Alakazam': 1}"
leafeon29964,[Gen 4] UU,3,2,1,2020-04-12 19:17:32,2020-05-06 19:12:18,,,,"{'Mesprit': 2, 'Mismagius': 2, 'Kangaskhan': 2, 'Nidoqueen': 2, 'Primeape': 2, 'Blastoise': 2, 'Golduck': 1, 'Armaldo': 1, 'Mr. Mime': 1, 'Victreebel': 1, 'Metang': 1, 'Purugly': 1}"
leafeon50876,[Gen 4] UU,1,1,0,2019-05-05 13:41:24,2019-05-05 13:41:24,,,,"{'Rhyperior': 1, 'Feraligatr': 1, 'Rotom': 1, 'Clefable': 1, 'Registeel': 1}"
leafguard21705,[Gen 4] UU,8,1,7,2019-03-06 00:30:14,2020-05-09 23:44:00,,,,"{'Blaziken': 2, 'Torterra': 2, 'Kabutops': 2, 'Alakazam': 2, 'Uxie': 2, 'Venusaur': 2, 'Magmortar': 5, 'Milotic': 6, 'Mesprit': 5, 'Mismagius': 5, 'Hitmontop': 5, 'Spiritomb': 5, 'Rhyperior': 1, 'Toxicroak': 1, 'Jynx': 1, 'Clefable': 1, 'Feraligatr': 1}"
leafguard27838,[Gen 4] UU,1,0,1,2016-04-23 01:00:32,2016-04-23 01:00:32,,,,"{'Sharpedo': 1, 'Meganium': 1, 'Medicham': 1, 'Regirock': 1, 'Skuntank': 1, 'Purugly': 1}"
leafguard31516,[Gen 4] UU,2,2,0,2018-11-18 22:36:40,2018-11-18 22:48:08,,,,"{'Hariyama': 1, 'Mesprit': 1, 'Omastar': 1, 'Clefable': 1, 'Houndoom': 2, 'Venusaur': 1, 'Qwilfish': 1, 'Rotom': 1, 'Uxie': 1, 'Swellow': 1, 'Donphan': 1}"
leafguard37075,[Gen 4] UU,2,0,2,2016-06-04 02:18:31,2016-06-04 02:34:30,,,,"{'Charizard': 1, 'Vileplume': 1, 'Sandslash': 1, 'Floatzel': 1, 'Skuntank': 1, 'Gardevoir': 1, 'Gligar': 1, 'Porygon2': 1, 'Magneton': 1, 'Golem': 1, 'Slowking': 1, 'Cradily': 1}"
leafguard47159,[Gen 4] UU,1,0,1,2019-03-10 02:20:51,2019-03-10 02:20:51,1038.0,1038.0,[1038.0],"{'Cloyster': 1, 'Alakazam': 1, 'Clefable': 1, 'Houndoom': 1, 'Primeape': 1, 'Venusaur': 1}"
leafstone31785,[Gen 4] UU,4,1,3,2019-10-17 16:52:36,2020-03-14 20:02:10,,,,"{'Snover': 1, 'Hitmontop': 1, 'Nidoqueen': 1, 'Chansey': 1, 'Registeel': 4, 'Mismagius': 1, 'Sceptile': 2, 'Kabutops': 2, 'Arcanine': 1, 'Donphan': 2, 'Rotom': 1, 'Ambipom': 1, 'Ludicolo': 1, 'Electrode': 1, 'Dugtrio': 1, 'Uxie': 1}"
leafstone72821,[Gen 4] UU,2,0,2,2017-01-29 21:30:33,2017-01-29 21:34:22,,,,"{'Moltres': 1, 'Mismagius': 1, 'Qwilfish': 1, 'Rhyperior': 1, 'Spiritomb': 1, 'Blastoise': 1, 'Ludicolo': 1, 'Electrode': 1, 'Kabutops': 1, 'Dugtrio': 1, 'Registeel': 1, 'Uxie': 1}"
leafstone80895,[Gen 4] UU,2,2,0,2016-10-15 21:59:51,2016-10-15 22:09:14,,,,"{'Moltres': 1, 'Milotic': 1, 'Aggron': 1, 'Clefable': 1, 'Venusaur': 2, 'Donphan': 1, 'Mesprit': 1, 'Omastar': 1, 'Dugtrio': 1, 'Spiritomb': 1, 'Registeel': 1}"
leafstorm98501,[Gen 4] UU,2,1,1,2017-12-07 00:45:07,2017-12-23 21:45:27,,,,"{'Milotic': 1, 'Hariyama': 1, 'Qwilfish': 1, 'Rotom': 1, 'Registeel': 1, 'Venusaur': 2, 'Scyther': 1, 'Tauros': 1, 'Azumarill': 1, 'Houndoom': 1, 'Donphan': 1}"
ledian14149,[Gen 4] UU,1,1,0,2015-03-15 15:47:39,2015-03-15 15:47:39,,,,"{'Moltres': 1, 'Mismagius': 1, 'Aggron': 1, 'Uxie': 1, 'Venusaur': 1, 'Donphan': 1}"
ledian19832,[Gen 4] UU,1,1,0,2019-11-07 10:42:14,2019-11-07 10:42:14,,,,"{'Uxie': 1, 'Blaziken': 1, 'Drapion': 1, 'Mismagius': 1}"
ledian59653,[Gen 4] UU,2,1,1,2016-01-02 22:35:39,2016-01-04 20:54:06,,,,"{'Milotic': 2, 'Aggron': 1, 'Kabutops': 2, 'Hitmonlee': 1, 'Uxie': 1, 'Venusaur': 2}"
ledyba25817,[Gen 4] UU,1,0,1,2024-03-01 19:30:44,2024-03-01 19:30:44,1044.0,1044.0,[1044.0],"{'Milotic': 1, 'Mismagius': 1, 'Sceptile': 1, 'Qwilfish': 1, 'Hitmontop': 1, 'Blaziken': 1}"
ledyba32291,[Gen 4] UU,3,1,2,2025-01-12 21:36:53,2025-01-12 21:46:57,,,,"{'Kangaskhan': 1, 'Mismagius': 1, 'Omastar': 1, 'Houndoom': 1, 'Uxie': 2, 'Venusaur': 3, 'Moltres': 1, 'Hitmontop': 1, 'Regirock': 1, 'Skuntank': 1, 'Feraligatr': 1, 'Absol': 1, 'Blaziken': 1, 'Kabutops': 1, 'Leafeon': 1}"
ledyba34034,[Gen 4] UU,3,0,3,2015-04-15 00:50:51,2017-01-16 03:14:28,,,,"{'Moltres': 2, 'Dugtrio': 2, 'Registeel': 2, 'Electrode': 1, 'Nidoqueen': 1, 'Regirock': 1, 'Jynx': 1, 'Slowking': 1, 'Drifblim': 1, 'Rotom': 1, 'Venusaur': 1, 'Blastoise': 1}"
ledyba56396,[Gen 4] UU,6,3,3,2022-06-19 01:26:19,2022-08-01 18:25:21,,,,"{'Blaziken': 3, 'Kabutops': 3, 'Dugtrio': 3, 'Swellow': 3, 'Uxie': 3, 'Venusaur': 4, 'Qwilfish': 2, 'Rhyperior': 2, 'Rotom': 3, 'Clefable': 1, 'Arcanine': 1, 'Moltres': 1, 'Sceptile': 1, 'Spiritomb': 1, 'Drapion': 1, 'Donphan': 1, 'Exeggutor': 1, 'Mismagius': 1, 'Houndoom': 1}"
ledyba59015,[Gen 4] UU,1,0,1,2017-05-10 03:54:08,2017-05-10 03:54:08,,,,"{'Milotic': 1, 'Mismagius': 1, 'Weezing': 1, 'Dugtrio': 1, 'Registeel': 1, 'Venusaur': 1}"
ledyba83737,[Gen 4] UU,1,0,1,2015-03-19 16:42:06,2015-03-19 16:42:06,,,,"{'Cloyster': 1, 'Mismagius': 1, 'Rhyperior': 1, 'Azumarill': 1, 'Arcanine': 1, 'Venusaur': 1}"
leechlife14525,[Gen 4] UU,2,1,1,2019-08-22 11:37:47,2019-08-22 19:33:31,,,,"{'Milotic': 2, 'Rhyperior': 1, 'Toxicroak': 2, 'Jynx': 2, 'Clefable': 2, 'Feraligatr': 2}"
leechlife2581,[Gen 4] UU,3,1,2,2020-06-12 18:46:25,2020-06-27 22:30:50,,,,"{'Absol': 3, 'Aggron': 3, 'Torterra': 1, 'Spiritomb': 3, 'Registeel': 3, 'Alakazam': 3, 'Venusaur': 2}"
leechlife67768,[Gen 4] UU,1,0,1,2017-01-25 03:22:16,2017-01-25 03:22:16,,,,"{'Rapidash': 1, 'Onix': 1, 'Victreebel': 1, 'Metang': 1, 'Purugly': 1, 'Tangela': 1}"
leechseed4967,[Gen 4] UU,1,1,0,2024-03-19 05:25:46,2024-03-19 05:25:46,1087.0,1087.0,[1087.0],"{'Registeel': 1, 'Donphan': 1, 'Mismagius': 1}"
leer38566,[Gen 4] UU,47,21,26,2016-11-14 00:33:17,2017-10-30 21:00:03,,,,"{'Hitmontop': 23, 'Hypno': 10, 'Omastar': 1, 'Moltres': 21, 'Steelix': 36, 'Lanturn': 16, 'Clefable': 13, 'Altaria': 17, 'Toxicroak': 10, 'Blaziken': 9, 'Venusaur': 11, 'Blastoise': 14, 'Scyther': 9, 'Dugtrio': 9, 'Uxie': 12, 'Milotic': 11, 'Mismagius': 11, 'Spiritomb': 5, 'Registeel': 3, 'Arcanine': 1, 'Claydol': 4, 'Qwilfish': 1, 'Chansey': 1, 'Cloyster': 3, 'Entei': 2, 'Alakazam': 2, 'Weezing': 1, 'Rotom': 1, 'Primeape': 1}"
leer93261,[Gen 4] UU,1,1,0,2014-06-29 16:34:37,2014-06-29 16:34:37,,,,"{'Cloyster': 1, 'Hariyama': 1, 'Rotom': 1, 'Chansey': 1, 'Spiritomb': 1, 'Leafeon': 1}"
leftovers60576,[Gen 4] UU,12,10,2,2020-05-16 16:27:48,2020-06-08 18:25:40,,,,"{'Tangrowth': 2, 'Hariyama': 2, 'Mesprit': 2, 'Porygon2': 2, 'Slowbro': 2, 'Rhyperior': 2, 'Milotic': 8, 'Blaziken': 7, 'Mismagius': 7, 'Uxie': 10, 'Venusaur': 7, 'Donphan': 8, 'Ludicolo': 2, 'Electrode': 2, 'Kabutops': 2, 'Lanturn': 2, 'Gorebyss': 1}"
leftovers77602,[Gen 4] UU,8,6,2,2014-06-29 16:52:03,2014-06-29 19:40:56,,,,"{'Mismagius': 7, 'Hitmontop': 8, 'Rhyperior': 8, 'Blaziken': 7, 'Venusaur': 8, 'Slowbro': 7}"
leppaberry32170,[Gen 4] UU,1,0,1,2020-06-16 20:21:25,2020-06-16 20:21:25,,,,"{'Monferno': 1, 'Wartortle': 1, 'Piloswine': 1, 'Metang': 1, 'Misdreavus': 1, 'Golbat': 1}"
leppaberry39412,[Gen 4] UU,1,1,0,2024-04-03 01:48:53,2024-04-03 01:48:53,,,,"{'Houndoom': 1, 'Altaria': 1, 'Alakazam': 1, 'Swellow': 1}"
leppaberry81717,[Gen 4] UU,1,0,1,2019-03-10 21:54:36,2019-03-10 21:54:36,1060.0,1060.0,[1060.0],"{'Drapion': 1, 'Aggron': 1, 'Torterra': 1, 'Hitmonlee': 1, 'Arcanine': 1, 'Alakazam': 1}"
leppaberry8759,[Gen 4] UU,1,1,0,2019-11-25 23:46:50,2019-11-25 23:46:50,,,,"{'Qwilfish': 1, 'Torterra': 1, 'Kabutops': 1, 'Rotom': 1, 'Houndoom': 1}"
levelball30747,[Gen 4] UU,1,0,1,2023-12-21 02:31:56,2023-12-21 02:31:56,,,,"{'Moltres': 1, 'Sceptile': 1, 'Skuntank': 1, 'Clefable': 1, 'Slowking': 1, 'Donphan': 1}"
levelball96902,[Gen 4] UU,6,3,3,2016-05-24 23:07:31,2016-05-31 15:32:40,,,,"{'Sharpedo': 2, 'Luxray': 1, 'Haunter': 2, 'Lickilicky': 2, 'Glaceon': 2, 'Grumpig': 2, 'Medicham': 4, 'Sandslash': 4, 'Skuntank': 4, 'Slowking': 4, 'Ampharos': 4, 'Tauros': 3}"
levitate42349,[Gen 4] UU,20,5,15,2017-01-01 16:16:10,2017-06-08 14:11:38,,,,"{'Kadabra': 3, 'Glalie': 6, 'Poliwrath': 13, 'Electabuzz': 7, 'Gabite': 3, 'Monferno': 3, 'Bellossom': 1, 'Metang': 4, 'Victreebel': 13, 'Purugly': 9, 'Rhydon': 9, 'Rapidash': 10, 'Onix': 1, 'Tangela': 1, 'Cacturne': 1, 'Sableye': 1, 'Golbat': 2, 'Yanma': 2, 'Granbull': 1, 'Pineco': 3, 'Mr. Mime': 3, 'Armaldo': 1, 'Sneasel': 2, 'Snover': 1, 'Golduck': 1, 'Glaceon': 1, 'Machoke': 1, 'Kecleon': 1, 'Muk': 1, 'Linoone': 1, 'Misdreavus': 3, 'Luxray': 3, 'Diglett': 2, 'Chatot': 2, 'Gastrodon': 1}"
lick25189,[Gen 4] UU,70,31,39,2015-03-23 23:08:59,2024-10-31 23:30:05,,,,"{'Jynx': 1, 'Milotic': 33, 'Toxicroak': 2, 'Scyther': 45, 'Tauros': 23, 'Houndoom': 27, 'Donphan': 46, 'Mesprit': 10, 'Rhyperior': 10, 'Torterra': 8, 'Weezing': 9, 'Arcanine': 7, 'Aggron': 34, 'Blastoise': 20, 'Spiritomb': 19, 'Venusaur': 18, 'Cloyster': 2, 'Hariyama': 3, 'Dugtrio': 2, 'Clefable': 6, 'Uxie': 5, 'Moltres': 4, 'Kangaskhan': 3, 'Qwilfish': 4, 'Miltank': 1, 'Primeape': 1, 'Entei': 3, 'Ambipom': 3, 'Feraligatr': 3, 'Drapion': 1, 'Ursaring': 1, 'Exeggutor': 1, 'Rampardos': 3, 'Golem': 2, 'Muk': 1, 'Lunatone': 1, 'Bibarel': 1, 'Banette': 1, 'Regice': 1, 'Gligar': 1, 'Dusclops': 1, 'Skuntank': 1, 'Quagsire': 1, 'Lickilicky': 2, 'Roselia': 1, 'Registeel': 2, 'Hippopotas': 1, 'Slowking': 1, 'Cradily': 1, 'Azumarill': 1, 'Mismagius': 1, 'Steelix': 1, 'Swellow': 1, 'Metang': 1, 'Solrock': 1, 'Electabuzz': 1, 'Gardevoir': 1, 'Rotom': 1}"
lick34777,[Gen 4] UU,6,3,3,2017-03-10 19:13:56,2017-03-10 19:51:24,,,,"{'Ludicolo': 1, 'Claydol': 1, 'Qwilfish': 1, 'Electrode': 1, 'Kabutops': 1, 'Uxie': 1, 'Snover': 4, 'Spiritomb': 4, 'Donphan': 5, 'Milotic': 1, 'Walrein': 1, 'Registeel': 1, 'Scyther': 1, 'Mesprit': 1, 'Tauros': 1, 'Azumarill': 1, 'Houndoom': 1}"
lick81661,[Gen 4] UU,1,1,0,2024-08-09 20:57:38,2024-08-09 20:57:38,,,,"{'Dugtrio': 1, 'Kabutops': 1, 'Electabuzz': 1}"
lick90819,[Gen 4] UU,1,0,1,2017-07-25 13:53:28,2017-07-25 13:53:28,,,,"{'Lapras': 1, 'Charizard': 1, 'Vileplume': 1, 'Regirock': 1, 'Hitmonchan': 1, 'Sneasel': 1}"
lickilicky63175,[Gen 4] UU,1,0,1,2017-08-12 13:45:00,2017-08-12 13:45:00,,,,"{'Phione': 1, 'Bastiodon': 1, 'Carnivine': 1, 'Sableye': 1, 'Ariados': 1, 'Cradily': 1}"
lickitung95011,[Gen 4] UU,6,4,2,2018-02-03 21:11:14,2018-04-07 19:49:24,,,,"{'Bibarel': 2, 'Gligar': 2, 'Cacturne': 2, 'Rotom': 4, 'Hippopotas': 2, 'Cradily': 2, 'Milotic': 1, 'Mesprit': 2, 'Kabutops': 3, 'Miltank': 1, 'Venusaur': 1, 'Scyther': 1, 'Houndoom': 1, 'Toxicroak': 1, 'Registeel': 2, 'Moltres': 1, 'Clefable': 2, 'Donphan': 1, 'Entei': 1, 'Drapion': 1, 'Leafeon': 1}"
liechiberry37967,[Gen 4] UU,5,2,3,2018-03-24 14:56:56,2020-08-08 21:14:58,1000.0,1000.0,[1000.0],"{'Ludicolo': 1, 'Electrode': 1, 'Kabutops': 1, 'Dugtrio': 1, 'Registeel': 1, 'Uxie': 1, 'Monferno': 4, 'Wartortle': 4, 'Meditite': 1, 'Piloswine': 2, 'Misdreavus': 4, 'Golbat': 2, 'Tangela': 3, 'Gligar': 2, 'Yanma': 2}"
liechiberry46724,[Gen 4] UU,1,1,0,2015-12-25 22:26:50,2015-12-25 22:26:50,,,,"{'Milotic': 1, 'Mesprit': 1, 'Ludicolo': 1, 'Toxicroak': 1, 'Kabutops': 1}"
lifeorb26007,[Gen 4] UU,1,0,1,2020-06-21 20:01:48,2020-06-21 20:01:48,,,,"{'Magmortar': 1, 'Charizard': 1, 'Regirock': 1, 'Hitmonchan': 1, 'Skuntank': 1, 'Whiscash': 1}"
lifeorb29280,[Gen 4] UU,1,1,0,2024-03-08 18:59:43,2024-03-08 18:59:43,1145.0,1145.0,[1145.0],"{'Registeel': 1, 'Uxie': 1, 'Kabutops': 1}"
lightball15682,[Gen 4] UU,1,0,1,2024-12-27 19:16:14,2024-12-27 19:16:14,,,,"{'Milotic': 1, 'Mesprit': 1, 'Clefable': 1, 'Blaziken': 1, 'Venusaur': 1, 'Donphan': 1}"
lightball21198,[Gen 4] UU,1,0,1,2025-01-17 04:52:13,2025-01-17 04:52:13,,,,"{'Snover': 1, 'Mismagius': 1, 'Nidoqueen': 1, 'Walrein': 1, 'Dugtrio': 1, 'Clefable': 1}"
lightball28260,[Gen 4] UU,1,0,1,2024-03-09 19:06:26,2024-03-09 19:06:26,1000.0,1000.0,[1000.0],"{'Rampardos': 1, 'Ambipom': 1, 'Muk': 1, 'Houndoom': 1, 'Gastrodon': 1, 'Alakazam': 1}"
lightclay48488,[Gen 4] UU,10,2,8,2022-05-08 19:27:51,2023-11-26 17:45:26,,,,"{'Milotic': 6, 'Venusaur': 7, 'Rotom': 2, 'Registeel': 5, 'Swellow': 1, 'Donphan': 2, 'Mismagius': 3, 'Aggron': 3, 'Qwilfish': 1, 'Alakazam': 2, 'Clefable': 4, 'Toxicroak': 1, 'Lanturn': 1, 'Leafeon': 2, 'Houndoom': 2, 'Feraligatr': 1, 'Uxie': 4, 'Sceptile': 1, 'Skuntank': 1, 'Scyther': 3, 'Rhyperior': 2, 'Primeape': 1, 'Blastoise': 2, 'Blaziken': 1, 'Ambipom': 1}"
lightclay96616,[Gen 4] UU,2,0,2,2017-02-14 00:54:32,2017-02-21 19:25:24,,,,"{'Granbull': 2, 'Machoke': 2, 'Bellossom': 2, 'Purugly': 2, 'Rhydon': 2, 'Drifblim': 2}"
lightningrod38314,[Gen 4] UU,1,0,1,2024-03-12 09:48:44,2024-03-12 09:48:44,1029.0,1029.0,[1029.0],"{'Cloyster': 1, 'Absol': 1, 'Kangaskhan': 1, 'Entei': 1, 'Linoone': 1}"
lightscreen52886,[Gen 4] UU,1,0,1,2019-12-12 12:43:30,2019-12-12 12:43:30,,,,"{'Claydol': 1, 'Mismagius': 1, 'Hitmontop': 1, 'Skuntank': 1, 'Girafarig': 1, 'Blastoise': 1}"
lightscreen63007,[Gen 4] UU,1,0,1,2019-07-25 20:23:00,2019-07-25 20:23:00,,,,"{'Ursaring': 1, 'Milotic': 1, 'Mesprit': 1, 'Hitmonlee': 1, 'Arcanine': 1, 'Venusaur': 1}"
lileep19426,[Gen 4] UU,2,1,1,2022-04-24 21:15:09,2022-05-15 19:24:12,,,,"{'Milotic': 1, 'Mismagius': 1, 'Entei': 1, 'Torterra': 1, 'Spiritomb': 1, 'Registeel': 2, 'Scyther': 1, 'Kangaskhan': 1, 'Slowbro': 1, 'Hitmontop': 1, 'Arcanine': 1}"
lileep56304,[Gen 4] UU,2,0,2,2024-11-29 02:25:12,2024-11-29 02:36:07,,,,"{'Milotic': 2, 'Rhyperior': 1, 'Armaldo': 1, 'Spiritomb': 1, 'Clefable': 2, 'Venusaur': 2, 'Moltres': 1, 'Claydol': 1, 'Drapion': 1}"
lileep75821,[Gen 4] UU,1,0,1,2017-08-24 14:30:21,2017-08-24 14:30:21,1000.0,1000.0,[1000.0],"{'Mismagius': 1, 'Aggron': 1, 'Rhyperior': 1, 'Weezing': 1, 'Primeape': 1, 'Alakazam': 1}"
lileep95581,[Gen 4] UU,1,1,0,2014-10-24 00:01:49,2014-10-24 00:01:49,,,,"{'Charizard': 1, 'Pinsir': 1, 'Floatzel': 1, 'Regirock': 1, 'Manectric': 1, 'Tangela': 1}"
linoone78037,[Gen 4] UU,1,0,1,2023-12-11 01:52:54,2023-12-11 01:52:54,,,,"{'Hariyama': 1, 'Azumarill': 1, 'Registeel': 1, 'Uxie': 1, 'Primeape': 1, 'Venusaur': 1}"
liquidooze38440,[Gen 4] UU,4,2,2,2014-06-29 16:37:46,2014-06-29 17:23:36,,,,"{'Scyther': 4, 'Milotic': 4, 'Mismagius': 4, 'Weezing': 4, 'Blaziken': 4, 'Ambipom': 4}"
lockon17539,[Gen 4] UU,22,13,9,2016-07-12 18:58:20,2020-03-24 20:33:17,,,,"{'Scyther': 8, 'Sceptile': 8, 'Azumarill': 5, 'Arcanine': 6, 'Alakazam': 6, 'Donphan': 9, 'Milotic': 7, 'Mesprit': 4, 'Dugtrio': 2, 'Registeel': 11, 'Swellow': 2, 'Leafeon': 2, 'Moltres': 4, 'Spiritomb': 2, 'Clefable': 2, 'Primeape': 7, 'Venusaur': 8, 'Blastoise': 3, 'Toxicroak': 2, 'Torterra': 2, 'Kabutops': 3, 'Houndoom': 5, 'Mismagius': 5, 'Kingler': 1, 'Camerupt': 2, 'Charizard': 3, 'Dodrio': 2, 'Gardevoir': 1, 'Glalie': 1, 'Blaziken': 1, 'Slowking': 1, 'Aggron': 1, 'Tauros': 1, 'Armaldo': 1, 'Haunter': 1}"
lockon29480,[Gen 4] UU,5,4,1,2020-07-22 15:13:19,2020-08-22 19:15:35,,,,"{'Ursaring': 4, 'Omastar': 5, 'Rotom': 4, 'Alakazam': 4, 'Blaziken': 2, 'Swellow': 4}"
lockon42758,[Gen 4] UU,1,0,1,2020-03-29 18:19:19,2020-03-29 18:19:19,,,,"{'Jynx': 1, 'Rhyperior': 1}"
lockon78937,[Gen 4] UU,1,1,0,2017-12-15 00:52:34,2017-12-15 00:52:34,,,,"{'Cloyster': 1, 'Mismagius': 1, 'Rhyperior': 1, 'Clefable': 1, 'Drapion': 1, 'Venusaur': 1}"
lockon99092,[Gen 4] UU,1,0,1,2016-03-28 00:43:10,2016-03-28 00:43:10,,,,"{'Mismagius': 1, 'Pinsir': 1, 'Azumarill': 1, 'Steelix': 1, 'Ambipom': 1}"
lombre26561,[Gen 4] UU,2,1,1,2024-05-08 05:04:40,2024-05-08 05:12:08,,,,"{'Scyther': 2, 'Toxicroak': 2, 'Dugtrio': 2, 'Registeel': 2, 'Blastoise': 2, 'Leafeon': 2}"
lombre47154,[Gen 4] UU,1,0,1,2016-08-02 12:11:57,2016-08-02 12:11:57,1000.0,1000.0,[1000.0],"{'Milotic': 1, 'Hitmontop': 1, 'Rattata': 1, 'Swellow': 1, 'Arcanine': 1, 'Alakazam': 1}"
lotad37504,[Gen 4] UU,12,7,5,2016-02-25 22:35:03,2020-10-02 02:17:30,,,,"{'Moltres': 5, 'Mismagius': 8, 'Azumarill': 8, 'Blaziken': 5, 'Venusaur': 7, 'Donphan': 11, 'Scyther': 4, 'Rotom': 3, 'Houndoom': 3, 'Milotic': 3, 'Sceptile': 2, 'Registeel': 1, 'Arcanine': 2}"
lotad59206,[Gen 4] UU,1,1,0,2009-08-10 20:47:00,2009-08-10 20:47:00,,,,"{'Slowbro': 1, 'Torterra': 1, 'Registeel': 1, 'Uxie': 1, 'Drapion': 1}"
loudred34844,[Gen 4] UU,1,1,0,2017-05-28 17:45:49,2017-05-28 17:45:49,,,,"{'Milotic': 1, 'Aggron': 1, 'Electrode': 1, 'Torterra': 1, 'Uxie': 1, 'Primeape': 1}"
loudred4470,[Gen 4] UU,2,2,0,2017-01-19 19:41:33,2017-01-19 19:48:08,,,,"{'Mismagius': 1, 'Sceptile': 1, 'Registeel': 1, 'Arcanine': 1, 'Donphan': 1, 'Moltres': 1, 'Milotic': 1, 'Hitmontop': 1, 'Rhyperior': 1, 'Rotom': 1, 'Drapion': 1}"
loudred91486,[Gen 4] UU,1,0,1,2019-04-02 07:33:06,2019-04-02 07:33:06,,,,"{'Milotic': 1, 'Toxicroak': 1, 'Rhyperior': 1, 'Jynx': 1, 'Clefable': 1, 'Feraligatr': 1}"
loveball41396,[Gen 4] UU,1,0,1,2020-03-21 09:40:21,2020-03-21 09:40:21,1037.0,1037.0,[1037.0],"{'Moltres': 1, 'Mesprit': 1, 'Tauros': 1, 'Torterra': 1, 'Feraligatr': 1, 'Alakazam': 1}"
loveball73763,[Gen 4] UU,2,0,2,2016-08-14 19:23:35,2016-08-14 19:40:09,,,,"{'Mismagius': 1, 'Houndoom': 1, 'Raichu': 1, 'Primeape': 1, 'Donphan': 1, 'Leafeon': 1, 'Banette': 1, 'Tropius': 1, 'Flareon': 1, 'Espeon': 1, 'Quagsire': 1, 'Ampharos': 1}"
lovelykiss12125,[Gen 4] UU,1,1,0,2024-03-10 01:46:43,2024-03-10 01:46:43,1049.0,1049.0,[1049.0],"{'Milotic': 1, 'Rhyperior': 1, 'Registeel': 1, 'Houndoom': 1, 'Venusaur': 1}"
lovelykiss18646,[Gen 4] UU,1,0,1,2018-03-30 04:47:56,2018-03-30 04:47:56,,,,"{'Milotic': 1, 'Nidoking': 1, 'Rhyperior': 1, 'Blaziken': 1, 'Alakazam': 1, 'Blastoise': 1}"
lovelykiss19012,[Gen 4] UU,1,1,0,2018-03-10 02:12:45,2018-03-10 02:12:45,,,,"{'Cloyster': 1, 'Toxicroak': 1, 'Absol': 1}"
lovelykiss744,[Gen 4] UU,2,1,1,2018-10-11 15:49:25,2018-10-11 21:40:03,,,,"{'Aggron': 1, 'Uxie': 1, 'Arcanine': 1, 'Swellow': 1, 'Blastoise': 2, 'Leafeon': 2, 'Moltres': 1, 'Regirock': 1, 'Rotom': 1, 'Drapion': 1}"
lowkick37022,[Gen 4] UU,1,1,0,2016-09-22 01:26:58,2016-09-22 01:26:58,,,,"{'Mesprit': 1, 'Kabutops': 1, 'Dugtrio': 1, 'Arcanine': 1, 'Swellow': 1}"
lowkick53825,[Gen 4] UU,1,1,0,2020-02-01 19:58:13,2020-02-01 19:58:13,,,,"{'Ambipom': 1, 'Claydol': 1, 'Hariyama': 1}"
lucario1219,[Gen 4] UU,1,1,0,2017-07-25 13:53:28,2017-07-25 13:53:28,,,,"{'Magmortar': 1, 'Meganium': 1, 'Dodrio': 1, 'Golem': 1, 'Slowking': 1, 'Drifblim': 1}"
lucario1920,[Gen 4] UU,2,1,1,2020-08-09 16:35:46,2020-08-12 20:31:46,,,,"{'Scyther': 1, 'Entei': 1, 'Clefable': 2, 'Registeel': 1, 'Slowking': 1, 'Donphan': 2, 'Moltres': 1, 'Milotic': 1, 'Dugtrio': 1, 'Venusaur': 1}"
lucario46553,[Gen 4] UU,4,2,2,2019-09-10 18:17:11,2020-08-14 05:44:34,,,,"{'Milotic': 4, 'Rhyperior': 3, 'Toxicroak': 3, 'Jynx': 3, 'Clefable': 2, 'Feraligatr': 3, 'Mismagius': 1, 'Registeel': 1, 'Houndoom': 1, 'Venusaur': 1}"
luckychant54247,[Gen 4] UU,1,0,1,2020-07-01 13:37:36,2020-07-01 13:37:36,1000.0,1000.0,[1000.0],"{'Snover': 1, 'Altaria': 1, 'Hitmontop': 1, 'Nidoqueen': 1, 'Walrein': 1, 'Registeel': 1}"
luckypunch64087,[Gen 4] UU,7,5,2,2017-05-08 04:13:14,2023-12-22 04:09:04,,,,"{'Ludicolo': 5, 'Azumarill': 3, 'Registeel': 2, 'Uxie': 6, 'Drapion': 3, 'Mismagius': 3, 'Toxicroak': 5, 'Kabutops': 3, 'Torterra': 1, 'Feraligatr': 1, 'Houndoom': 1, 'Armaldo': 1, 'Poliwrath': 1, 'Parasect': 1, 'Lickilicky': 1, 'Misdreavus': 1, 'Golbat': 1}"
luckypunch76895,[Gen 4] UU,3,0,3,2020-03-29 03:43:55,2020-04-02 20:53:28,,,,"{'Scyther': 1, 'Qwilfish': 1, 'Torterra': 1, 'Kabutops': 1, 'Rotom': 1, 'Houndoom': 2, 'Aggron': 1, 'Azumarill': 1, 'Uxie': 1, 'Venusaur': 1, 'Donphan': 1, 'Milotic': 1, 'Mesprit': 1, 'Toxicroak': 1, 'Registeel': 1, 'Blaziken': 1, 'Leafeon': 1}"
luckypunch81704,[Gen 4] UU,1,0,1,2016-12-12 01:00:53,2016-12-12 01:00:53,,,,"{'Poliwrath': 1, 'Metang': 1, 'Purugly': 1, 'Rhydon': 1, 'Roselia': 1, 'Misdreavus': 1}"
luckypunch82855,[Gen 4] UU,1,1,0,2025-01-18 20:01:30,2025-01-18 20:01:30,,,,"{'Registeel': 1, 'Milotic': 1, 'Mismagius': 1}"
ludicolo53608,[Gen 4] UU,3,1,2,2018-09-27 20:56:45,2020-04-30 21:06:39,,,,"{'Milotic': 2, 'Absol': 1, 'Rhyperior': 1, 'Alakazam': 1, 'Blaziken': 1, 'Venusaur': 1, 'Toxicroak': 1, 'Jynx': 1, 'Clefable': 1, 'Feraligatr': 2, 'Uxie': 1}"
ludicolo74580,[Gen 4] UU,3,2,1,2019-08-03 00:39:52,2019-08-03 00:58:22,,,,"{'Torterra': 1, 'Kabutops': 1, 'Clefable': 1, 'Uxie': 2, 'Drapion': 1, 'Swellow': 1, 'Ursaring': 1, 'Mesprit': 1, 'Rotom': 1, 'Houndoom': 1, 'Venusaur': 2, 'Moltres': 1, 'Toxicroak': 1, 'Feraligatr': 1, 'Donphan': 1}"
lugia87081,[Gen 4] UU,1,0,1,2017-01-13 14:27:33,2017-01-13 14:27:33,,,,"{'Mismagius': 1, 'Sceptile': 1, 'Registeel': 1, 'Arcanine': 1, 'Donphan': 1}"
lumberry26528,[Gen 4] UU,3,1,2,2014-06-29 16:57:50,2014-06-29 17:14:33,,,,"{'Mismagius': 3, 'Slowbro': 3, 'Hitmontop': 3, 'Miltank': 2, 'Jynx': 3, 'Ambipom': 3, 'Rhyperior': 1}"
lumberry36972,[Gen 4] UU,1,0,1,2024-03-29 20:22:13,2024-03-29 20:22:13,,,,"{'Drapion': 1, 'Torterra': 1, 'Regirock': 1, 'Arcanine': 1, 'Primeape': 1, 'Alakazam': 1}"
lumberry99673,[Gen 4] UU,2,2,0,2015-07-30 12:35:44,2015-07-30 12:40:22,,,,"{'Azumarill': 2, 'Mesprit': 2, 'Kangaskhan': 1, 'Rhyperior': 1, 'Blaziken': 1, 'Leafeon': 1}"
lumineon12893,[Gen 4] UU,3,0,3,2020-03-17 00:48:49,2020-03-18 18:06:25,1000.0,1000.0,[1000.0],"{'Milotic': 1, 'Sceptile': 1, 'Entei': 1, 'Weezing': 1, 'Hitmonlee': 1, 'Absol': 1, 'Alakazam': 1, 'Arcanine': 1, 'Ambipom': 1, 'Donphan': 1, 'Scyther': 1, 'Exeggutor': 1, 'Nidoking': 1, 'Kabutops': 1, 'Rotom': 1, 'Houndoom': 1}"
lumineon15170,[Gen 4] UU,1,0,1,2019-01-24 21:50:10,2019-01-24 21:50:10,,,,"{'Charizard': 1, 'Vileplume': 1, 'Aggron': 1, 'Clefable': 1, 'Gastrodon': 1, 'Donphan': 1}"
lumineon16882,[Gen 4] UU,1,1,0,2019-03-29 05:24:25,2019-03-29 05:24:25,1000.0,1000.0,[1000.0],"{'Moltres': 1, 'Huntail': 1, 'Ludicolo': 1, 'Qwilfish': 1, 'Steelix': 1, 'Donphan': 1}"
lumineon41552,[Gen 4] UU,1,0,1,2022-10-16 23:24:10,2022-10-16 23:24:10,,,,"{'Blaziken': 1, 'Kabutops': 1, 'Dugtrio': 1, 'Swellow': 1, 'Uxie': 1, 'Venusaur': 1}"
lumineon59650,[Gen 4] UU,1,0,1,2018-03-18 19:21:38,2018-03-18 19:21:38,1053.0,1053.0,[1053.0],"{'Scyther': 1, 'Milotic': 1, 'Exeggutor': 1, 'Toxicroak': 1, 'Miltank': 1, 'Houndoom': 1}"
lumineon63223,[Gen 4] UU,1,1,0,2020-03-08 02:41:24,2020-03-08 02:41:24,,,,"{'Milotic': 1, 'Rhyperior': 1, 'Weezing': 1, 'Spiritomb': 1, 'Clefable': 1, 'Alakazam': 1}"
lunardance19168,[Gen 4] UU,1,0,1,2022-04-03 00:05:34,2022-04-03 00:05:34,,,,"{'Regirock': 1, 'Dugtrio': 1, 'Houndoom': 1, 'Swellow': 1, 'Blastoise': 1, 'Leafeon': 1}"
lunardance58296,[Gen 4] UU,18,11,7,2024-03-16 17:30:14,2025-01-06 02:43:48,,,,"{'Milotic': 7, 'Mismagius': 7, 'Omastar': 4, 'Spiritomb': 6, 'Arcanine': 8, 'Venusaur': 13, 'Moltres': 4, 'Scyther': 1, 'Hariyama': 1, 'Donphan': 5, 'Sceptile': 4, 'Aggron': 3, 'Qwilfish': 3, 'Rotom': 4, 'Swellow': 2, 'Hitmontop': 2, 'Skuntank': 1, 'Chansey': 1, 'Uxie': 2, 'Cloyster': 5, 'Rhyperior': 5, 'Houndoom': 5, 'Clefable': 1, 'Registeel': 2, 'Lanturn': 2, 'Mesprit': 1, 'Kangaskhan': 3, 'Alakazam': 1, 'Kabutops': 1, 'Leafeon': 1, 'Blaziken': 1}"
lunardance95271,[Gen 4] UU,1,0,1,2024-04-01 00:19:43,2024-04-01 00:19:43,1095.0,1095.0,[1095.0],"{'Absol': 1, 'Sceptile': 1, 'Aggron': 1, 'Hitmontop': 1, 'Nidoqueen': 1, 'Clefable': 1}"
lunatone53473,[Gen 4] UU,2,0,2,2022-07-28 11:33:05,2022-07-28 11:37:33,,,,"{'Omastar': 1, 'Hitmontop': 1, 'Feraligatr': 1, 'Arcanine': 1, 'Venusaur': 2, 'Donphan': 1, 'Moltres': 1, 'Milotic': 1, 'Claydol': 1, 'Alakazam': 1, 'Hitmonlee': 1}"
lunatone99168,[Gen 4] UU,2,1,1,2018-10-28 14:11:50,2020-05-23 23:30:49,,,,"{'Hariyama': 2, 'Regirock': 1, 'Houndoom': 1, 'Uxie': 1, 'Primeape': 1, 'Venusaur': 1, 'Scyther': 1, 'Entei': 1, 'Rhyperior': 1, 'Kabutops': 1, 'Blastoise': 1}"
lureball26862,[Gen 4] UU,1,1,0,2016-12-21 09:12:11,2016-12-21 09:12:11,,,,"{'Rhydon': 1, 'Gabite': 1, 'Glalie': 1, 'Yanma': 1}"
lureball33340,[Gen 4] UU,2,0,2,2018-01-31 19:40:19,2018-01-31 19:46:34,,,,"{'Scyther': 1, 'Milotic': 2, 'Altaria': 1, 'Sceptile': 1, 'Rhyperior': 1, 'Hitmontop': 1, 'Absol': 1, 'Omastar': 1, 'Torterra': 1, 'Rotom': 1, 'Clefable': 1}"
lureball65312,[Gen 4] UU,3,1,2,2018-05-26 05:28:34,2018-09-07 00:47:46,,,,"{'Blaziken': 3, 'Registeel': 3, 'Uxie': 3, 'Ambipom': 3, 'Blastoise': 3, 'Leafeon': 3}"
lureball73862,[Gen 4] UU,2,2,0,2017-02-20 13:34:34,2017-02-20 13:41:34,,,,"{'Ludicolo': 1, 'Toxicroak': 1, 'Kabutops': 1, 'Registeel': 1, 'Uxie': 1, 'Arcanine': 1, 'Dugtrio': 1, 'Swellow': 1, 'Mesprit': 1}"
lureball9059,[Gen 4] UU,1,0,1,2020-08-30 23:56:20,2020-08-30 23:56:20,,,,"{'Snover': 1, 'Hitmontop': 1, 'Nidoqueen': 1, 'Walrein': 1, 'Chansey': 1, 'Registeel': 1}"
lusterpurge99010,[Gen 4] UU,12,8,4,2022-05-31 23:38:39,2023-05-20 19:13:26,,,,"{'Mismagius': 8, 'Sceptile': 2, 'Qwilfish': 5, 'Rhyperior': 3, 'Hitmonlee': 2, 'Houndoom': 7, 'Scyther': 2, 'Torterra': 2, 'Regirock': 2, 'Venusaur': 7, 'Blastoise': 2, 'Kangaskhan': 1, 'Omastar': 4, 'Uxie': 2, 'Toxicroak': 2, 'Primeape': 2, 'Milotic': 1, 'Dugtrio': 1, 'Alakazam': 1, 'Registeel': 3, 'Absol': 1, 'Rotom': 2, 'Arcanine': 2, 'Ambipom': 1, 'Leafeon': 2, 'Drapion': 1, 'Hariyama': 1}"
lustrousorb48869,[Gen 4] UU,4,1,3,2016-11-14 22:43:38,2016-11-17 06:06:11,,,,"{'Kingler': 4, 'Kadabra': 4, 'Dragonair': 3, 'Purugly': 4, 'Cradily': 3, 'Wigglytuff': 2, 'Bibarel': 1, 'Magcargo': 1, 'Minun': 1}"
lustrousorb65948,[Gen 4] UU,2,1,1,2018-02-17 03:26:48,2018-02-17 03:40:13,,,,"{'Mismagius': 2, 'Sceptile': 2, 'Kabutops': 2, 'Registeel': 2, 'Arcanine': 2, 'Donphan': 2}"
lustrousorb72068,[Gen 4] UU,2,1,1,2015-05-10 02:56:41,2015-05-10 03:18:23,,,,"{'Moltres': 1, 'Scyther': 2, 'Torterra': 1, 'Kabutops': 1, 'Lanturn': 1, 'Registeel': 1, 'Mesprit': 1, 'Tauros': 1, 'Azumarill': 1, 'Houndoom': 1, 'Donphan': 1}"
lustrousorb85832,[Gen 4] UU,1,1,0,2017-04-23 21:36:47,2017-04-23 21:36:47,,,,"{'Exeggutor': 1, 'Mesprit': 1, 'Slowbro': 1, 'Rhyperior': 1, 'Azumarill': 1, 'Marowak': 1}"
luvdisc21626,[Gen 4] UU,5,4,1,2020-07-03 22:05:27,2020-08-22 18:41:56,,,,"{'Wartortle': 3, 'Murkrow': 3, 'Lickitung': 2, 'Vigoroth': 2, 'Roselia': 2, 'Misdreavus': 3, 'Machop': 2, 'Gligar': 2, 'Piloswine': 2, 'Metang': 3, 'Golbat': 3, 'Diglett': 1}"
luvdisc49482,[Gen 4] UU,1,0,1,2014-12-31 05:19:31,2014-12-31 05:19:31,,,,"{'Tauros': 1, 'Pinsir': 1, 'Regirock': 1, 'Haunter': 1, 'Slowking': 1, 'Glalie': 1}"
luvdisc69903,[Gen 4] UU,1,0,1,2018-08-06 19:23:58,2018-08-06 19:23:58,,,,"{'Qwilfish': 1, 'Rotom': 1, 'Clefable': 1, 'Blaziken': 1, 'Alakazam': 1, 'Donphan': 1}"
luvdisc97820,[Gen 4] UU,3,2,1,2017-06-06 00:10:26,2017-06-06 00:24:04,,,,"{'Politoed': 1, 'Armaldo': 2, 'Monferno': 1, 'Dragonair': 1, 'Electabuzz': 1, 'Raichu': 1, 'Xatu': 1, 'Poliwrath': 2, 'Sableye': 2, 'Lickilicky': 2, 'Glalie': 2}"
luxio14308,[Gen 4] UU,2,1,1,2016-11-27 22:31:48,2017-05-21 00:35:56,,,,"{'Omastar': 1, 'Kabutops': 1, 'Rotom': 2, 'Swellow': 1, 'Houndoom': 1, 'Venusaur': 1, 'Milotic': 1, 'Absol': 1, 'Claydol': 1, 'Clefable': 1, 'Blaziken': 1}"
luxio3731,[Gen 4] UU,2,1,1,2016-08-26 01:00:03,2017-03-22 02:39:15,,,,"{'Nidoqueen': 2, 'Spiritomb': 2, 'Swellow': 2, 'Arcanine': 2, 'Venusaur': 2, 'Blastoise': 2}"
luxray12808,[Gen 4] UU,5,1,4,2016-08-03 01:17:32,2019-04-14 20:20:18,,,,"{'Ludicolo': 1, 'Electrode': 1, 'Toxicroak': 1, 'Kabutops': 4, 'Registeel': 1, 'Uxie': 1, 'Milotic': 3, 'Drapion': 2, 'Torterra': 2, 'Rotom': 2, 'Arcanine': 3, 'Moltres': 1, 'Aggron': 1, 'Clefable': 1, 'Venusaur': 1, 'Donphan': 1, 'Mesprit': 1, 'Dugtrio': 1, 'Swellow': 1, 'Leafeon': 1}"
luxray2085,[Gen 4] UU,25,13,12,2016-07-03 22:28:22,2018-09-25 20:35:16,,,,"{'Milotic': 6, 'Drapion': 8, 'Toxicroak': 4, 'Steelix': 2, 'Arcanine': 7, 'Mesprit': 3, 'Kabutops': 4, 'Dugtrio': 3, 'Swellow': 4, 'Leafeon': 3, 'Machoke': 3, 'Monferno': 3, 'Pelipper': 3, 'Metang': 3, 'Raichu': 3, 'Misdreavus': 3, 'Moltres': 5, 'Ludicolo': 1, 'Rhyperior': 5, 'Cloyster': 3, 'Mismagius': 5, 'Chansey': 3, 'Venusaur': 12, 'Scyther': 2, 'Sceptile': 2, 'Feraligatr': 1, 'Hitmontop': 3, 'Clefable': 3, 'Uxie': 7, 'Exeggutor': 1, 'Nidoking': 1, 'Azumarill': 1, 'Registeel': 2, 'Donphan': 2, 'Magneton': 1, 'Torterra': 1, 'Hitmonlee': 1, 'Houndoom': 4, 'Blaziken': 3, 'Weezing': 2, 'Hitmonchan': 1, 'Lanturn': 1, 'Slowbro': 3, 'Spiritomb': 1, 'Hariyama': 3, 'Rotom': 1, 'Primeape': 1}"
luxray30019,[Gen 4] UU,5,3,2,2023-08-13 16:42:16,2023-10-15 16:59:31,,,,"{'Rhyperior': 1, 'Azumarill': 2, 'Houndoom': 2, 'Uxie': 1, 'Venusaur': 2, 'Mesprit': 1, 'Entei': 1, 'Regirock': 2, 'Spiritomb': 1, 'Exeggutor': 1, 'Skuntank': 1, 'Lanturn': 1, 'Glalie': 1, 'Drifblim': 1, 'Mismagius': 1, 'Sceptile': 1, 'Kabutops': 1, 'Registeel': 2, 'Arcanine': 1, 'Donphan': 1, 'Hariyama': 1, 'Qwilfish': 1, 'Torterra': 1, 'Rotom': 1}"
luxray66753,[Gen 4] UU,1,1,0,2024-03-23 06:35:57,2024-03-23 06:35:57,1000.0,1000.0,[1000.0],"{'Aggron': 1, 'Absol': 1, 'Alakazam': 1, 'Leafeon': 1}"
luxray93381,[Gen 4] UU,1,0,1,2016-04-25 02:55:22,2016-04-25 02:55:22,,,,"{'Vileplume': 1, 'Regice': 1, 'Regirock': 1, 'Poliwrath': 1, 'Sneasel': 1, 'Drifblim': 1}"
luxuryball4517,[Gen 4] UU,1,0,1,2017-04-29 16:31:10,2017-04-29 16:31:10,,,,"{'Milotic': 1, 'Omastar': 1, 'Hitmontop': 1, 'Spiritomb': 1, 'Clefable': 1, 'Registeel': 1}"
luxuryball79065,[Gen 4] UU,1,0,1,2018-03-10 00:57:59,2018-03-10 00:57:59,1000.0,1000.0,[1000.0],"{'Altaria': 1, 'Absol': 1, 'Aggron': 1, 'Blaziken': 1, 'Ambipom': 1, 'Blastoise': 1}"
luxuryball99142,[Gen 4] UU,2,1,1,2016-07-01 19:46:43,2016-07-01 19:56:56,,,,"{'Arcanine': 1, 'Mesprit': 1, 'Donphan': 1, 'Sceptile': 2, 'Cloyster': 1, 'Mismagius': 1, 'Aggron': 1, 'Houndoom': 1, 'Primeape': 1}"
machamp2495,[Gen 4] UU,2,1,1,2024-08-04 18:40:26,2024-08-31 15:59:10,,,,"{'Rhyperior': 2, 'Clefable': 2, 'Uxie': 2, 'Primeape': 2, 'Venusaur': 2, 'Feraligatr': 1}"
machamp44590,[Gen 4] UU,1,1,0,2017-09-29 01:11:52,2017-09-29 01:11:52,,,,"{'Moltres': 1, 'Milotic': 1, 'Steelix': 1, 'Dugtrio': 1, 'Arcanine': 1}"
machamp54218,[Gen 4] UU,1,1,0,2020-03-16 05:17:54,2020-03-16 05:17:54,,,,"{'Moltres': 1, 'Milotic': 1, 'Aggron': 1, 'Venusaur': 1, 'Donphan': 1}"
machobrace13685,[Gen 4] UU,1,0,1,2018-04-22 21:35:27,2018-04-22 21:35:27,,,,"{'Milotic': 1, 'Omastar': 1, 'Hitmontop': 1, 'Weezing': 1, 'Chansey': 1, 'Spiritomb': 1}"
machobrace28415,[Gen 4] UU,4,1,3,2023-08-29 22:16:15,2024-07-29 01:56:22,,,,"{'Milotic': 2, 'Entei': 1, 'Clefable': 1, 'Registeel': 2, 'Uxie': 2, 'Donphan': 1, 'Kangaskhan': 1, 'Toxicroak': 1, 'Rotom': 2, 'Venusaur': 2, 'Cloyster': 1, 'Mismagius': 1, 'Sceptile': 1, 'Aggron': 1, 'Houndoom': 1, 'Primeape': 1, 'Drapion': 1, 'Arcanine': 1, 'Ambipom': 1}"
machobrace43783,[Gen 4] UU,1,1,0,2020-03-10 21:23:55,2020-03-10 21:23:55,,,,{'Mesprit': 1}
machobrace46553,[Gen 4] UU,2,0,2,2020-06-05 17:37:07,2020-06-05 17:57:39,,,,"{'Altaria': 2, 'Cloyster': 2, 'Rotom': 2, 'Chansey': 2, 'Spiritomb': 1, 'Uxie': 1, 'Ludicolo': 1, 'Venusaur': 1}"
machoke56009,[Gen 4] UU,1,0,1,2016-10-16 13:48:07,2016-10-16 13:48:07,1025.0,1025.0,[1025.0],"{'Nidoking': 1, 'Rhyperior': 1, 'Venusaur': 1, 'Miltank': 1, 'Spiritomb': 1, 'Alakazam': 1}"
machoke67824,[Gen 4] UU,1,0,1,2016-01-24 02:53:31,2016-01-24 02:53:31,1000.0,1000.0,[1000.0],"{'Altaria': 1, 'Milotic': 1, 'Claydol': 1, 'Kabutops': 1, 'Lanturn': 1, 'Ambipom': 1}"
machoke72513,[Gen 4] UU,1,0,1,2023-04-21 23:38:48,2023-04-21 23:38:48,,,,"{'Scyther': 1, 'Toxicroak': 1, 'Torterra': 1, 'Regirock': 1, 'Houndoom': 1, 'Blastoise': 1}"
machop62260,[Gen 4] UU,1,0,1,2016-01-19 00:01:52,2016-01-19 00:01:52,,,,"{'Milotic': 1, 'Rhyperior': 1, 'Toxicroak': 1, 'Kabutops': 1, 'Registeel': 1, 'Venusaur': 1}"
machop78649,[Gen 4] UU,1,1,0,2016-01-14 18:38:34,2016-01-14 18:38:34,1047.0,1047.0,[1047.0],{'Miltank': 1}
machop93256,[Gen 4] UU,21,13,8,2015-04-25 18:47:12,2017-10-27 23:26:12,,,,"{'Mesprit': 2, 'Sceptile': 2, 'Kabutops': 1, 'Dugtrio': 2, 'Arcanine': 4, 'Swellow': 3, 'Milotic': 15, 'Rotom': 13, 'Clefable': 11, 'Registeel': 12, 'Uxie': 14, 'Venusaur': 13, 'Qwilfish': 3, 'Houndoom': 3, 'Donphan': 3, 'Rhyperior': 1, 'Feraligatr': 1, 'Altaria': 3, 'Nidoqueen': 1, 'Miltank': 1, 'Spiritomb': 1, 'Leafeon': 1, 'Mismagius': 3, 'Torterra': 1, 'Alakazam': 1, 'Scyther': 1, 'Hitmontop': 2, 'Omastar': 1, 'Chansey': 1, 'Kangaskhan': 1, 'Primeape': 1}"
magby32829,[Gen 4] UU,15,9,6,2015-12-30 02:31:38,2017-05-19 20:58:42,,,,"{'Moltres': 5, 'Altaria': 2, 'Omastar': 2, 'Hitmontop': 2, 'Drapion': 3, 'Venusaur': 7, 'Sceptile': 1, 'Slowbro': 1, 'Dugtrio': 4, 'Registeel': 3, 'Glaceon': 1, 'Rotom': 2, 'Blastoise': 2, 'Lapras': 1, 'Vileplume': 2, 'Charizard': 5, 'Hitmonchan': 2, 'Regirock': 2, 'Sneasel': 1, 'Absol': 2, 'Qwilfish': 1, 'Donphan': 1, 'Haunter': 1, 'Jynx': 1, 'Skuntank': 2, 'Manectric': 2, 'Milotic': 1, 'Rhyperior': 1, 'Spiritomb': 2, 'Alakazam': 1, 'Blaziken': 1, 'Mesprit': 1, 'Kabutops': 1, 'Swellow': 2, 'Arcanine': 2, 'Tauros': 2, 'Sandslash': 4, 'Poliwrath': 2, 'Jumpluff': 3, 'Grumpig': 2, 'Floatzel': 1, 'Gardevoir': 1, 'Lanturn': 1, 'Ambipom': 1, 'Machoke': 1, 'Whiscash': 1}"
magby37813,[Gen 4] UU,1,0,1,2024-03-24 21:03:07,2024-03-24 21:03:07,1000.0,1000.0,[1000.0],"{'Moltres': 1, 'Mismagius': 1, 'Qwilfish': 1, 'Torterra': 1, 'Kabutops': 1, 'Swellow': 1}"
magcargo40806,[Gen 4] UU,2,1,1,2020-03-19 21:02:42,2020-03-25 19:57:15,,,,"{'Kangaskhan': 2, 'Spiritomb': 2, 'Bastiodon': 2, 'Feraligatr': 2, 'Blaziken': 2, 'Leafeon': 2}"
magcargo49926,[Gen 4] UU,1,0,1,2017-06-20 03:04:49,2017-06-20 03:04:49,,,,"{'Luxray': 1, 'Floatzel': 1, 'Torterra': 1, 'Sneasel': 1, 'Drapion': 1, 'Drifblim': 1}"
magcargo96847,[Gen 4] UU,1,0,1,2024-03-29 19:28:41,2024-03-29 19:28:41,1105.0,1105.0,[1105.0],"{'Nidoking': 1, 'Exeggutor': 1, 'Steelix': 1, 'Regirock': 1}"
magicalleaf20835,[Gen 4] UU,8,8,0,2024-03-12 17:31:42,2024-03-21 13:55:25,1034.0,1316.0,"[1034.0, 1094.0, 1095.0, 1063.0, 1127.0, 1085.0, 1316.0, 1103.0]","{'Uxie': 4, 'Venusaur': 4, 'Omastar': 4, 'Hitmontop': 5, 'Rhyperior': 3, 'Dugtrio': 3, 'Snover': 4, 'Nidoqueen': 4, 'Registeel': 3, 'Walrein': 3, 'Chansey': 2}"
magicalleaf2534,[Gen 4] UU,1,1,0,2016-06-14 23:01:10,2016-06-14 23:01:10,,,,"{'Nidoqueen': 1, 'Mantine': 1, 'Hitmonchan': 1, 'Dusclops': 1, 'Lickilicky': 1}"
magicalleaf28411,[Gen 4] UU,5,2,3,2017-06-04 18:23:23,2017-06-11 19:18:13,,,,"{'Machoke': 1, 'Poliwrath': 1, 'Cacturne': 1, 'Rhydon': 1, 'Misdreavus': 1, 'Golbat': 1, 'Rapidash': 4, 'Onix': 4, 'Victreebel': 4, 'Metang': 4, 'Tangela': 4, 'Purugly': 3}"
magicalleaf50708,[Gen 4] UU,2,2,0,2017-01-02 01:37:17,2017-01-14 19:51:27,,,,"{'Milotic': 2, 'Toxicroak': 2, 'Torterra': 1, 'Rotom': 2, 'Houndoom': 2, 'Alakazam': 2}"
magicalleaf80356,[Gen 4] UU,1,0,1,2020-05-19 01:42:11,2020-05-19 01:42:11,,,,"{'Moltres': 1, 'Cloyster': 1, 'Absol': 1, 'Drapion': 1, 'Alakazam': 1, 'Donphan': 1}"
magicalleaf82892,[Gen 4] UU,1,0,1,2019-12-03 09:33:08,2019-12-03 09:33:08,,,,"{'Tangrowth': 1, 'Hitmontop': 1, 'Dugtrio': 1, 'Spiritomb': 1, 'Feraligatr': 1, 'Blaziken': 1}"
magiccoat12877,[Gen 4] UU,1,0,1,2020-03-14 15:27:31,2020-03-14 15:27:31,1000.0,1000.0,[1000.0],"{'Tangrowth': 1, 'Altaria': 1, 'Milotic': 1, 'Aggron': 1, 'Toxicroak': 1, 'Arcanine': 1}"
magiccoat91109,[Gen 4] UU,1,1,0,2021-09-11 16:03:35,2021-09-11 16:03:35,,,,"{'Kangaskhan': 1, 'Mismagius': 1, 'Omastar': 1, 'Torterra': 1, 'Arcanine': 1, 'Alakazam': 1}"
magiccoat94780,[Gen 4] UU,2,0,2,2017-01-02 16:31:00,2017-01-02 16:35:28,,,,"{'Lunatone': 1, 'Kecleon': 1, 'Cacturne': 2, 'Marowak': 1, 'Solrock': 1, 'Clamperl': 1, 'Machoke': 1, 'Rapidash': 1, 'Quagsire': 1, 'Rhydon': 1, 'Slaking': 1}"
magicguard6595,[Gen 4] UU,1,0,1,2020-03-19 16:01:54,2020-03-19 16:01:54,,,,"{'Cloyster': 1, 'Absol': 1, 'Kangaskhan': 1, 'Hitmontop': 1, 'Kabutops': 1, 'Azumarill': 1}"
magicguard80354,[Gen 4] UU,1,0,1,2024-03-26 10:50:29,2024-03-26 10:50:29,1000.0,1000.0,[1000.0],"{'Aggron': 1, 'Torterra': 1, 'Azumarill': 1, 'Clefable': 1, 'Arcanine': 1, 'Ampharos': 1}"
magikarp17382,[Gen 4] UU,6,5,1,2016-07-06 10:18:51,2016-07-13 17:02:41,,,,"{'Haunter': 1, 'Regirock': 2, 'Hitmonchan': 2, 'Jynx': 2, 'Skuntank': 2, 'Manectric': 2, 'Moltres': 2, 'Sceptile': 2, 'Dugtrio': 2, 'Registeel': 2, 'Blastoise': 2, 'Butterfree': 1, 'Torkoal': 2, 'Victreebel': 2, 'Probopass': 2, 'Gastly': 2, 'Articuno': 2, 'Venusaur': 1, 'Persian': 1}"
magikarp55726,[Gen 4] UU,2,2,0,2019-05-27 12:02:12,2020-04-13 16:21:41,,,,"{'Milotic': 2, 'Torterra': 1, 'Kabutops': 1, 'Rotom': 1, 'Arcanine': 1, 'Drapion': 1, 'Rhyperior': 1, 'Toxicroak': 1, 'Jynx': 1, 'Clefable': 1, 'Feraligatr': 1}"
magikarp89983,[Gen 4] UU,7,3,4,2021-08-15 08:11:32,2021-12-12 10:12:34,,,,"{'Scyther': 1, 'Qwilfish': 4, 'Torterra': 1, 'Kabutops': 2, 'Rotom': 3, 'Houndoom': 2, 'Omastar': 2, 'Spiritomb': 1, 'Blaziken': 1, 'Primeape': 1, 'Venusaur': 2, 'Mismagius': 3, 'Clefable': 4, 'Arcanine': 3, 'Alakazam': 2, 'Leafeon': 2, 'Exeggutor': 1, 'Toxicroak': 1, 'Azumarill': 1, 'Milotic': 1, 'Weezing': 1, 'Registeel': 1, 'Uxie': 1, 'Donphan': 1}"
magmaarmor12237,[Gen 4] UU,1,0,1,2020-03-24 10:32:49,2020-03-24 10:32:49,,,,"{'Absol': 1, 'Exeggutor': 1, 'Ambipom': 1, 'Alakazam': 1, 'Registeel': 1, 'Swellow': 1}"
magmaarmor21182,[Gen 4] UU,1,0,1,2020-08-09 20:41:21,2020-08-09 20:41:21,,,,"{'Milotic': 1, 'Mesprit': 1, 'Nidoking': 1, 'Swellow': 1, 'Registeel': 1, 'Venusaur': 1}"
magmar51018,[Gen 4] UU,1,0,1,2024-03-10 03:50:07,2024-03-10 03:50:07,,,,"{'Wailord': 1, 'Cradily': 1, 'Mantine': 1, 'Drifblim': 1}"
magmarizer5554,[Gen 4] UU,1,1,0,2016-03-28 07:20:08,2016-03-28 07:20:08,,,,"{'Milotic': 1, 'Venusaur': 1, 'Chansey': 1, 'Blaziken': 1, 'Ambipom': 1, 'Donphan': 1}"
magmarizer68743,[Gen 4] UU,3,1,2,2020-03-12 20:59:47,2020-03-13 18:54:37,1000.0,1000.0,[1000.0],"{'Snover': 3, 'Hitmontop': 3, 'Nidoqueen': 3, 'Walrein': 3, 'Chansey': 3, 'Registeel': 3}"
magmarizer99130,[Gen 4] UU,1,0,1,2015-03-23 22:29:02,2015-03-23 22:29:02,,,,"{'Camerupt': 1, 'Lapras': 1, 'Weezing': 1, 'Steelix': 1, 'Clefable': 1, 'Venusaur': 1}"
magmastorm12489,[Gen 4] UU,3,1,2,2018-02-03 00:38:35,2020-10-02 02:17:30,,,,"{'Scyther': 1, 'Omastar': 1, 'Sceptile': 1, 'Rotom': 1, 'Arcanine': 1, 'Donphan': 1, 'Milotic': 2, 'Mesprit': 2, 'Dugtrio': 2, 'Registeel': 2, 'Swellow': 2, 'Leafeon': 1}"
magmastorm25792,[Gen 4] UU,1,1,0,2020-07-18 19:01:50,2020-07-18 19:01:50,,,,"{'Moltres': 1, 'Toxicroak': 1, 'Feraligatr': 1, 'Uxie': 1, 'Venusaur': 1, 'Donphan': 1}"
magmastorm49060,[Gen 4] UU,1,0,1,2020-07-22 18:42:30,2020-07-22 18:42:30,,,,"{'Moltres': 1, 'Milotic': 1, 'Alakazam': 1, 'Registeel': 1, 'Blaziken': 1, 'Venusaur': 1}"
magmastorm83132,[Gen 4] UU,50,18,32,2016-05-06 06:41:31,2023-03-04 18:55:07,,,,"{'Kadabra': 2, 'Monferno': 2, 'Probopass': 2, 'Gastrodon': 2, 'Misdreavus': 2, 'Golbat': 2, 'Milotic': 17, 'Hitmontop': 8, 'Spiritomb': 5, 'Clefable': 9, 'Hippopotas': 12, 'Cradily': 10, 'Cloyster': 1, 'Toxicroak': 1, 'Azumarill': 10, 'Regirock': 2, 'Rotom': 10, 'Scyther': 4, 'Venusaur': 20, 'Donphan': 9, 'Gligar': 3, 'Cacturne': 2, 'Mismagius': 15, 'Mesprit': 2, 'Alakazam': 10, 'Houndoom': 8, 'Hariyama': 7, 'Registeel': 12, 'Swellow': 7, 'Manectric': 2, 'Omastar': 3, 'Leafeon': 3, 'Armaldo': 3, 'Poliwrath': 1, 'Muk': 1, 'Sableye': 1, 'Purugly': 1, 'Rhydon': 1, 'Gorebyss': 1, 'Octillery': 1, 'Mawile': 1, 'Mr. Mime': 2, 'Ariados': 2, 'Snover': 4, 'Claydol': 3, 'Nidoqueen': 3, 'Walrein': 4, 'Slowking': 3, 'Rhyperior': 2, 'Hitmonlee': 1, 'Dugtrio': 5, 'Uxie': 6, 'Glaceon': 4, 'Blastoise': 4, 'Qwilfish': 2, 'Steelix': 3, 'Arcanine': 2, 'Primeape': 1, 'Lunatone': 1, 'Altaria': 2, 'Blaziken': 2, 'Tauros': 2, 'Sceptile': 1}"
magmortar19991,[Gen 4] UU,5,3,2,2023-08-25 00:21:43,2023-08-29 00:23:29,,,,"{'Moltres': 1, 'Milotic': 3, 'Alakazam': 1, 'Registeel': 4, 'Venusaur': 1, 'Donphan': 2, 'Scyther': 1, 'Uxie': 3, 'Swellow': 1, 'Rhyperior': 1, 'Miltank': 1, 'Rotom': 1, 'Mismagius': 1, 'Slowbro': 1, 'Torterra': 1, 'Drapion': 1, 'Primeape': 1, 'Exeggutor': 1, 'Dugtrio': 1, 'Victreebel': 1}"
magmortar44613,[Gen 4] UU,3,2,1,2018-01-22 23:06:00,2018-01-22 23:10:29,,,,"{'Ludicolo': 1, 'Electrode': 1, 'Kabutops': 1, 'Dugtrio': 1, 'Registeel': 2, 'Uxie': 1, 'Lapras': 1, 'Vileplume': 1, 'Charizard': 1, 'Regirock': 1, 'Hitmonchan': 1, 'Sneasel': 1, 'Milotic': 1, 'Mismagius': 1, 'Houndoom': 1, 'Primeape': 1, 'Venusaur': 1}"
magmortar5999,[Gen 4] UU,1,0,1,2024-03-10 01:46:43,2024-03-10 01:46:43,1049.0,1049.0,[1049.0],"{'Hariyama': 1, 'Mesprit': 1, 'Registeel': 1, 'Chansey': 1, 'Houndoom': 1, 'Blastoise': 1}"
magmortar75972,[Gen 4] UU,1,0,1,2019-08-23 03:14:25,2019-08-23 03:14:25,,,,"{'Absol': 1, 'Mismagius': 1, 'Venusaur': 1, 'Clefable': 1, 'Blaziken': 1, 'Alakazam': 1}"
magnemite50814,[Gen 4] UU,1,0,1,2024-03-22 01:29:11,2024-03-22 01:29:11,1000.0,1000.0,[1000.0],"{'Mesprit': 1, 'Kabutops': 1, 'Dugtrio': 1, 'Arcanine': 1, 'Swellow': 1, 'Leafeon': 1}"
magnemite52927,[Gen 4] UU,1,0,1,2014-07-14 03:26:06,2014-07-14 03:26:06,,,,"{'Vileplume': 1, 'Gligar': 1, 'Magneton': 1, 'Hitmonchan': 1, 'Jynx': 1, 'Slowking': 1}"
magnemite78536,[Gen 4] UU,7,6,1,2017-10-28 00:23:34,2017-11-25 18:55:20,,,,"{'Moltres': 1, 'Milotic': 2, 'Aggron': 1, 'Clefable': 1, 'Venusaur': 1, 'Donphan': 1, 'Exeggutor': 1, 'Omastar': 1, 'Toxicroak': 2, 'Rotom': 2, 'Houndoom': 1, 'Swellow': 1, 'Scyther': 1, 'Mesprit': 1, 'Lanturn': 1, 'Blaziken': 1, 'Blastoise': 1, 'Politoed': 2, 'Magmortar': 1, 'Magneton': 1, 'Haunter': 1, 'Piloswine': 2, 'Drapion': 1, 'Torterra': 1, 'Kabutops': 1, 'Arcanine': 1, 'Jynx': 1, 'Zangoose': 1, 'Marowak': 1, 'Pelipper': 1, 'Purugly': 1, 'Misdreavus': 1, 'Golbat': 1}"
magnet51073,[Gen 4] UU,2,0,2,2017-07-23 19:57:49,2023-12-09 02:04:28,,,,"{'Scyther': 1, 'Sharpedo': 1, 'Exeggutor': 1, 'Steelix': 1, 'Drifblim': 1, 'Milotic': 1, 'Mismagius': 1, 'Rhyperior': 1, 'Registeel': 1, 'Arcanine': 1, 'Venusaur': 1}"
magnet79617,[Gen 4] UU,1,0,1,2018-09-11 22:55:32,2018-09-11 22:55:32,,,,"{'Moltres': 1, 'Milotic': 1, 'Aggron': 1, 'Clefable': 1, 'Venusaur': 1, 'Donphan': 1}"
magnetbomb39552,[Gen 4] UU,1,0,1,2016-07-04 19:35:21,2016-07-04 19:35:21,,,,"{'Bibarel': 1, 'Kadabra': 1, 'Armaldo': 1, 'Marowak': 1, 'Pikachu': 1, 'Yanma': 1}"
magnetbomb48667,[Gen 4] UU,2,2,0,2015-03-23 22:29:02,2015-04-07 04:45:41,,,,"{'Scyther': 2, 'Sceptile': 1, 'Azumarill': 2, 'Swellow': 2, 'Donphan': 2, 'Blaziken': 1}"
magnetbomb78371,[Gen 4] UU,1,1,0,2020-07-21 08:53:59,2020-07-21 08:53:59,,,,"{'Milotic': 1, 'Absol': 1, 'Rhyperior': 1, 'Blaziken': 1, 'Venusaur': 1}"
magneton44830,[Gen 4] UU,1,1,0,2014-06-15 02:27:49,2014-06-15 02:27:49,,,,"{'Machoke': 1, 'Charizard': 1, 'Sandslash': 1, 'Jumpluff': 1, 'Whiscash': 1}"
magneton78463,[Gen 4] UU,3,0,3,2024-03-01 17:29:40,2024-03-12 00:43:17,1122.0,1166.0,"[1141.0, 1122.0, 1166.0]","{'Mismagius': 2, 'Qwilfish': 2, 'Clefable': 2, 'Arcanine': 2, 'Alakazam': 2, 'Leafeon': 2, 'Tangrowth': 1, 'Typhlosion': 1, 'Regirock': 1, 'Dugtrio': 1, 'Victreebel': 1, 'Uxie': 1}"
magnetpull75337,[Gen 4] UU,1,0,1,2024-04-08 00:33:19,2024-04-08 00:33:19,,,,"{'Mismagius': 1, 'Omastar': 1, 'Toxicroak': 1, 'Feraligatr': 1, 'Houndoom': 1, 'Leafeon': 1}"
magnetpull78843,[Gen 4] UU,1,1,0,2018-12-04 12:59:39,2018-12-04 12:59:39,,,,"{'Pidgeot': 1, 'Lapras': 1, 'Charizard': 1, 'Sceptile': 1, 'Golem': 1, 'Arcanine': 1}"
magnetpull97497,[Gen 4] UU,122,61,61,2016-02-24 17:06:54,2016-06-18 23:19:57,,,,"{'Scyther': 23, 'Tauros': 4, 'Dugtrio': 31, 'Registeel': 54, 'Blastoise': 15, 'Leafeon': 33, 'Mismagius': 31, 'Qwilfish': 17, 'Arcanine': 86, 'Donphan': 52, 'Mesprit': 34, 'Kabutops': 29, 'Swellow': 33, 'Spiritomb': 34, 'Clefable': 12, 'Milotic': 42, 'Omastar': 16, 'Hitmontop': 13, 'Sceptile': 26, 'Moltres': 12, 'Toxicroak': 12, 'Altaria': 1, 'Cloyster': 2, 'Hariyama': 5, 'Snover': 16, 'Walrein': 15, 'Nidoqueen': 8, 'Venusaur': 11, 'Aggron': 4, 'Weezing': 3, 'Azumarill': 2, 'Uxie': 1}"
magnetrise14372,[Gen 4] UU,16,16,0,2020-07-22 18:42:30,2020-07-30 14:28:57,1000.0,1150.0,"[1000.0, 1132.0, 1150.0, 1029.0, 1017.0, 1000.0]","{'Claydol': 4, 'Sneasel': 1, 'Lanturn': 2, 'Spiritomb': 4, 'Swellow': 2, 'Milotic': 6, 'Absol': 2, 'Qwilfish': 4, 'Registeel': 3, 'Blaziken': 6, 'Venusaur': 11, 'Mismagius': 1, 'Aggron': 1, 'Torterra': 1, 'Kabutops': 1, 'Slowbro': 3, 'Magneton': 3, 'Gardevoir': 3, 'Scyther': 1, 'Chansey': 1, 'Arcanine': 5, 'Drapion': 1, 'Blastoise': 1, 'Snover': 2, 'Camerupt': 1, 'Walrein': 2, 'Tangrowth': 1, 'Nidoking': 2, 'Steelix': 2, 'Miltank': 2, 'Feraligatr': 2, 'Moltres': 1, 'Altaria': 1, 'Sharpedo': 2, 'Sceptile': 1, 'Weezing': 1, 'Donphan': 1, 'Venomoth': 1, 'Leafeon': 1}"
magnetrise68198,[Gen 4] UU,1,0,1,2020-07-28 09:47:58,2020-07-28 09:47:58,1000.0,1000.0,[1000.0],"{'Gligar': 1, 'Pikachu': 1, 'Turtwig': 1, 'Chimchar': 1, 'Staravia': 1, 'Buizel': 1}"
magnezone35256,[Gen 4] UU,3,1,2,2017-11-04 13:51:49,2017-11-04 14:00:18,,,,"{'Magmortar': 1, 'Charizard': 1, 'Regirock': 1, 'Hitmonchan': 1, 'Skuntank': 1, 'Whiscash': 1, 'Camerupt': 1, 'Tauros': 1, 'Medicham': 1, 'Marowak': 1, 'Solrock': 1, 'Gardevoir': 1, 'Monferno': 1, 'Cacturne': 1, 'Mr. Mime': 1, 'Pelipper': 1, 'Rhydon': 1}"
magnitude36382,[Gen 4] UU,14,9,5,2024-08-22 16:13:30,2024-09-27 20:54:53,,,,"{'Mismagius': 6, 'Regirock': 1, 'Skuntank': 1, 'Clefable': 5, 'Blaziken': 6, 'Glalie': 1, 'Milotic': 7, 'Weezing': 1, 'Hippopotas': 1, 'Cradily': 1, 'Leafeon': 3, 'Entei': 2, 'Swellow': 3, 'Registeel': 8, 'Venusaur': 7, 'Donphan': 3, 'Omastar': 1, 'Uxie': 5, 'Sceptile': 3, 'Rhyperior': 4, 'Spiritomb': 1, 'Alakazam': 1, 'Blastoise': 2, 'Altaria': 1, 'Dugtrio': 2, 'Ambipom': 1, 'Mesprit': 1, 'Hariyama': 1, 'Arcanine': 1, 'Qwilfish': 1, 'Houndoom': 1}"
magnitude74179,[Gen 4] UU,9,7,2,2016-07-04 19:56:58,2017-05-04 01:09:57,,,,"{'Rhydon': 6, 'Machoke': 4, 'Rapidash': 3, 'Misdreavus': 3, 'Poliwrath': 4, 'Mr. Mime': 7, 'Muk': 3, 'Sableye': 4, 'Lickilicky': 5, 'Metang': 3, 'Politoed': 1, 'Armaldo': 1, 'Mawile': 1, 'Victreebel': 1, 'Linoone': 1, 'Murkrow': 1, 'Gastrodon': 1}"
magnitude92294,[Gen 4] UU,1,0,1,2020-07-30 14:28:57,2020-07-30 14:28:57,1000.0,1000.0,[1000.0],"{'Absol': 1, 'Mismagius': 1, 'Venusaur': 1, 'Clefable': 1, 'Blaziken': 1, 'Alakazam': 1}"
magoberry15218,[Gen 4] UU,1,1,0,2019-04-24 01:52:38,2019-04-24 01:52:38,,,,"{'Registeel': 1, 'Dugtrio': 1}"
magoberry30872,[Gen 4] UU,3,3,0,2019-01-06 03:18:37,2019-06-27 01:40:44,,,,"{'Milotic': 2, 'Mismagius': 2, 'Registeel': 2, 'Houndoom': 2, 'Primeape': 2, 'Venusaur': 1, 'Moltres': 1, 'Torterra': 1, 'Kabutops': 1, 'Poliwrath': 1, 'Ambipom': 1}"
magoberry71101,[Gen 4] UU,3,1,2,2014-06-26 20:24:08,2014-06-29 16:59:31,1063.0,1063.0,[1063.0],"{'Milotic': 3, 'Hitmontop': 3, 'Miltank': 3, 'Spiritomb': 3, 'Blaziken': 3, 'Venusaur': 3}"
magostberry26295,[Gen 4] UU,2,1,1,2024-03-14 00:35:11,2024-03-15 05:14:19,1000.0,1150.0,"[1000.0, 1150.0]","{'Milotic': 2, 'Mismagius': 2, 'Registeel': 2, 'Dugtrio': 1, 'Houndoom': 1, 'Venusaur': 2}"
magostberry2704,[Gen 4] UU,23,11,12,2017-01-01 14:02:44,2020-06-30 13:56:29,,,,"{'Monferno': 10, 'Wartortle': 6, 'Piloswine': 1, 'Metang': 11, 'Misdreavus': 11, 'Golbat': 12, 'Machoke': 4, 'Poliwrath': 4, 'Victreebel': 4, 'Rhydon': 8, 'Xatu': 1, 'Marowak': 2, 'Muk': 2, 'Solrock': 2, 'Gligar': 2, 'Gorebyss': 5, 'Persian': 5, 'Electabuzz': 4, 'Relicanth': 5, 'Gastrodon': 2, 'Ampharos': 5, 'Golduck': 3, 'Murkrow': 4, 'Purugly': 1, 'Diglett': 3, 'Cranidos': 1, 'Marshtomp': 1, 'Kadabra': 3, 'Roselia': 2, 'Vigoroth': 1, 'Claydol': 1, 'Kabuto': 1, 'Lombre': 1, 'Horsea': 1, 'Quagsire': 1, 'Bellossom': 1, 'Raichu': 1, 'Glalie': 1, 'Gastrodon-East': 1, 'Grovyle': 1}"
magostberry64736,[Gen 4] UU,1,0,1,2024-06-02 19:56:36,2024-06-02 19:56:36,,,,"{'Milotic': 1, 'Mesprit': 1, 'Toxicroak': 1, 'Rhyperior': 1, 'Clefable': 1, 'Leafeon': 1}"
magostberry69147,[Gen 4] UU,1,0,1,2020-07-27 02:17:14,2020-07-27 02:17:14,,,,"{'Absol': 1, 'Toxicroak': 1, 'Torterra': 1, 'Feraligatr': 1, 'Blaziken': 1, 'Alakazam': 1}"
magostberry80929,[Gen 4] UU,2,0,2,2017-06-08 22:34:23,2017-06-08 22:54:52,,,,"{'Machoke': 1, 'Poliwrath': 1, 'Cacturne': 1, 'Rhydon': 1, 'Misdreavus': 1, 'Golbat': 1, 'Rapidash': 1, 'Onix': 1, 'Victreebel': 1, 'Metang': 1, 'Purugly': 1, 'Tangela': 1}"
mail22504,[Gen 4] UU,1,0,1,2022-05-15 21:17:58,2022-05-15 21:17:58,,,,"{'Kangaskhan': 1, 'Omastar': 1, 'Torterra': 1, 'Rotom': 1, 'Spiritomb': 1, 'Blaziken': 1}"
mail79545,[Gen 4] UU,11,3,8,2017-04-23 17:13:39,2017-11-22 21:29:50,,,,"{'Poliwrath': 3, 'Bellossom': 2, 'Mr. Mime': 1, 'Muk': 1, 'Rhydon': 3, 'Drifblim': 3, 'Wormadam-Trash': 3, 'Golduck': 2, 'Xatu': 2, 'Stantler': 3, 'Victreebel': 3, 'Gastrodon': 2, 'Pinsir': 2, 'Regirock': 2, 'Hitmonchan': 2, 'Manectric': 2, 'Slowking': 2, 'Articuno': 2, 'Kangaskhan': 1, 'Sceptile': 1, 'Qwilfish': 1, 'Rotom': 1, 'Arcanine': 1, 'Donphan': 1, 'Zangoose': 2, 'Purugly': 3, 'Metang': 1, 'Glalie': 2, 'Misdreavus': 1, 'Cacturne': 1, 'Glaceon': 1, 'Electabuzz': 1, 'Golbat': 1, 'Gabite': 2, 'Armaldo': 1, 'Ampharos': 1, 'Bibarel': 1, 'Girafarig': 1, 'Raichu': 1}"
mail80062,[Gen 4] UU,3,2,1,2020-07-19 18:07:37,2020-08-02 20:01:20,,,,"{'Seadra': 1, 'Lombre': 1, 'Horsea': 1, 'Lairon': 1, 'Metang': 2, 'Golbat': 1, 'Marshtomp': 1, 'Monferno': 2, 'Vigoroth': 1, 'Roselia': 1, 'Misdreavus': 2, 'Snover': 1, 'Wartortle': 1, 'Sealeo': 1}"
mail90361,[Gen 4] UU,3,1,2,2016-03-20 04:26:39,2016-05-27 23:39:59,,,,"{'Medicham': 1, 'Floatzel': 1, 'Regirock': 2, 'Haunter': 2, 'Skuntank': 2, 'Glalie': 1, 'Hitmonchan': 1, 'Jynx': 1, 'Manectric': 1, 'Houndoom': 1, 'Venusaur': 1, 'Kabutops': 1, 'Omastar': 1}"
mail90693,[Gen 4] UU,2,0,2,2017-01-01 18:24:49,2017-01-01 18:33:22,,,,"{'Rapidash': 2, 'Kadabra': 2, 'Armaldo': 2, 'Poliwrath': 2, 'Bellossom': 2, 'Purugly': 2}"
makuhita40216,[Gen 4] UU,1,1,0,2018-03-21 22:05:33,2018-03-21 22:05:33,,,,"{'Omastar': 1, 'Hitmontop': 1, 'Spiritomb': 1, 'Clefable': 1, 'Arcanine': 1}"
makuhita63317,[Gen 4] UU,7,7,0,2023-12-20 23:13:04,2024-07-08 03:44:29,,,,"{'Blaziken': 4, 'Dugtrio': 6, 'Feraligatr': 5, 'Uxie': 5, 'Leafeon': 3, 'Drapion': 2, 'Typhlosion': 1}"
makuhita88880,[Gen 4] UU,1,0,1,2024-03-06 07:12:59,2024-03-06 07:12:59,1097.0,1097.0,[1097.0],"{'Weezing': 1, 'Lanturn': 1, 'Dugtrio': 1, 'Registeel': 1, 'Blaziken': 1, 'Swellow': 1}"
mamoswine16582,[Gen 4] UU,3,1,2,2014-06-29 17:01:33,2014-06-29 17:27:30,,,,"{'Shiftry': 3, 'Weezing': 3, 'Alakazam': 3, 'Quagsire': 3, 'Ambipom': 3, 'Camerupt': 2}"
mamoswine41640,[Gen 4] UU,1,0,1,2020-07-05 22:55:42,2020-07-05 22:55:42,,,,"{'Mismagius': 1, 'Azumarill': 1, 'Registeel': 1, 'Arcanine': 1, 'Venusaur': 1}"
mamoswine53063,[Gen 4] UU,3,3,0,2024-03-03 04:38:23,2025-03-14 00:21:11,1054.0,1054.0,[1054.0],"{'Milotic': 2, 'Mismagius': 3, 'Registeel': 2, 'Blaziken': 3, 'Venusaur': 3, 'Donphan': 2, 'Aggron': 1, 'Clefable': 1, 'Feraligatr': 1}"
manaphy35614,[Gen 4] UU,8,4,4,2024-06-01 00:08:55,2024-11-20 16:42:44,,,,"{'Scyther': 2, 'Poliwrath': 2, 'Registeel': 7, 'Uxie': 5, 'Drapion': 3, 'Ambipom': 2, 'Mismagius': 2, 'Toxicroak': 2, 'Quagsire': 2, 'Blaziken': 2, 'Venusaur': 4, 'Moltres': 3, 'Tangrowth': 2, 'Hitmontop': 2, 'Alakazam': 2, 'Milotic': 1, 'Donphan': 1, 'Hariyama': 1, 'Omastar': 1, 'Rotom': 1, 'Clefable': 1}"
manectric13659,[Gen 4] UU,2,0,2,2014-06-29 06:22:44,2014-06-29 06:31:53,,,,"{'Moltres': 2, 'Kangaskhan': 2, 'Torterra': 2, 'Poliwrath': 2, 'Lanturn': 2, 'Spiritomb': 2}"
manectric30674,[Gen 4] UU,1,0,1,2020-08-16 08:31:46,2020-08-16 08:31:46,,,,"{'Omastar': 1, 'Kabutops': 1, 'Venusaur': 1, 'Rotom': 1, 'Houndoom': 1, 'Swellow': 1}"
manectric35060,[Gen 4] UU,1,0,1,2019-10-31 20:29:54,2019-10-31 20:29:54,,,,"{'Scyther': 1, 'Qwilfish': 1, 'Torterra': 1, 'Kabutops': 1, 'Rotom': 1, 'Houndoom': 1}"
mankey3634,[Gen 4] UU,2,0,2,2023-10-05 19:21:29,2024-09-12 18:47:28,,,,"{'Milotic': 1, 'Mismagius': 2, 'Entei': 1, 'Registeel': 2, 'Venusaur': 1, 'Donphan': 1, 'Hariyama': 1, 'Blaziken': 1, 'Sceptile': 1, 'Slowking': 1}"
mankey7757,[Gen 4] UU,5,3,2,2016-06-03 19:53:53,2017-11-05 15:22:32,,,,"{'Machoke': 1, 'Dragonair': 1, 'Linoone': 1, 'Probopass': 1, 'Misdreavus': 1, 'Ludicolo': 1, 'Toxicroak': 1, 'Kabutops': 1, 'Dugtrio': 1, 'Registeel': 1, 'Uxie': 1, 'Typhlosion': 1, 'Regirock': 1, 'Hitmonchan': 1, 'Skuntank': 3, 'Jumpluff': 1, 'Slowking': 1, 'Floatzel': 2, 'Charizard': 2, 'Sandslash': 2, 'Vileplume': 1, 'Gardevoir': 1}"
mantine95605,[Gen 4] UU,17,5,12,2014-11-15 16:19:04,2022-04-03 19:37:45,,,,"{'Mismagius': 6, 'Sceptile': 2, 'Omastar': 2, 'Toxicroak': 3, 'Azumarill': 1, 'Blaziken': 3, 'Houndoom': 1, 'Clefable': 5, 'Registeel': 5, 'Slowking': 2, 'Leafeon': 1, 'Marowak': 1, 'Mr. Mime': 1, 'Pelipper': 1, 'Muk': 2, 'Lickilicky': 1, 'Gastrodon': 2, 'Moltres': 2, 'Cloyster': 2, 'Nidoqueen': 1, 'Rotom': 2, 'Feraligatr': 1, 'Drapion': 2, 'Donphan': 4, 'Qwilfish': 4, 'Torterra': 1, 'Arcanine': 4, 'Ambipom': 1, 'Mesprit': 1, 'Articuno': 3, 'Armaldo': 3, 'Poliwrath': 2, 'Metang': 3, 'Ludicolo': 1, 'Kabutops': 1, 'Dugtrio': 2, 'Uxie': 2, 'Milotic': 2, 'Venusaur': 4, 'Kadabra': 1, 'Victreebel': 1, 'Kangaskhan': 1, 'Charizard': 1, 'Floatzel': 1, 'Regirock': 1, 'Hitmonchan': 1, 'Linoone': 1, 'Gardevoir': 1, 'Exeggutor': 1, 'Electrode': 1, 'Skuntank': 1}"
mantyke6294,[Gen 4] UU,1,1,0,2020-05-07 18:34:34,2020-05-07 18:34:34,,,,"{'Milotic': 1, 'Mesprit': 1, 'Kangaskhan': 1, 'Sceptile': 1, 'Toxicroak': 1, 'Magmar': 1}"
mantyke98773,[Gen 4] UU,1,0,1,2020-01-12 11:06:01,2020-01-12 11:06:01,,,,"{'Ursaring': 1, 'Cloyster': 1, 'Absol': 1, 'Steelix': 1, 'Blaziken': 1, 'Venusaur': 1}"
mareep27349,[Gen 4] UU,2,0,2,2020-03-26 02:31:20,2020-03-26 20:46:05,1162.0,1162.0,[1162.0],"{'Ludicolo': 1, 'Toxicroak': 1, 'Kabutops': 1, 'Dugtrio': 1, 'Registeel': 1, 'Uxie': 1, 'Moltres': 1, 'Milotic': 1, 'Aggron': 1, 'Clefable': 1, 'Venusaur': 1, 'Donphan': 1}"
mareep38138,[Gen 4] UU,2,2,0,2016-09-28 00:39:06,2016-09-28 08:51:49,,,,"{'Milotic': 2, 'Mismagius': 1, 'Registeel': 1, 'Houndoom': 1, 'Venusaur': 2, 'Rhyperior': 1, 'Spiritomb': 1, 'Uxie': 1, 'Arcanine': 1}"
mareep42348,[Gen 4] UU,3,0,3,2020-07-28 17:08:07,2020-07-30 19:20:47,1017.0,1017.0,[1017.0],"{'Absol': 3, 'Charizard': 3, 'Mismagius': 3, 'Aggron': 3, 'Lanturn': 3, 'Alakazam': 3}"
mareep46922,[Gen 4] UU,13,2,11,2016-05-24 23:07:31,2017-11-04 16:17:08,,,,"{'Armaldo': 1, 'Poliwrath': 2, 'Muk': 1, 'Sableye': 1, 'Purugly': 1, 'Rhydon': 1, 'Tauros': 5, 'Haunter': 1, 'Regirock': 3, 'Jynx': 3, 'Manectric': 1, 'Slowking': 1, 'Moltres': 3, 'Milotic': 4, 'Mismagius': 2, 'Alakazam': 5, 'Donphan': 3, 'Leafeon': 3, 'Scyther': 2, 'Omastar': 2, 'Rotom': 2, 'Houndoom': 2, 'Kadabra': 1, 'Gastrodon-East': 1, 'Monferno': 1, 'Probopass': 1, 'Misdreavus': 1, 'Golbat': 1, 'Toxicroak': 1, 'Rhyperior': 1, 'Clefable': 1, 'Feraligatr': 1, 'Charizard': 4, 'Floatzel': 2, 'Skuntank': 2, 'Gardevoir': 2, 'Magmortar': 1, 'Medicham': 1, 'Hitmonchan': 1, 'Sandslash': 2, 'Jumpluff': 1, 'Grumpig': 1, 'Vileplume': 1}"
mareep69101,[Gen 4] UU,5,0,5,2015-10-20 03:11:30,2015-12-10 19:05:48,,,,"{'Milotic': 5, 'Kabutops': 3, 'Rotom': 3, 'Blaziken': 3, 'Venusaur': 4, 'Donphan': 3, 'Moltres': 2, 'Omastar': 2, 'Rhyperior': 2, 'Spiritomb': 2}"
mareep91568,[Gen 4] UU,2,1,1,2020-05-24 18:28:39,2020-05-24 18:38:33,,,,"{'Moltres': 1, 'Cloyster': 1, 'Milotic': 1, 'Dugtrio': 1, 'Registeel': 1, 'Venusaur': 2, 'Scyther': 1, 'Rhyperior': 1, 'Rotom': 1, 'Ambipom': 1, 'Blastoise': 1}"
marill68390,[Gen 4] UU,1,0,1,2019-03-31 08:16:38,2019-03-31 08:16:38,,,,"{'Hariyama': 1, 'Kangaskhan': 1, 'Sceptile': 1, 'Venusaur': 1, 'Feraligatr': 1, 'Ambipom': 1}"
marowak53962,[Gen 4] UU,2,0,2,2024-03-22 05:01:01,2024-03-22 05:10:46,,,,"{'Scyther': 2, 'Milotic': 1, 'Hitmontop': 2, 'Arcanine': 1, 'Venusaur': 1, 'Donphan': 2, 'Cloyster': 1, 'Regirock': 1, 'Primeape': 1}"
marowak66216,[Gen 4] UU,1,0,1,2018-02-27 02:55:14,2018-02-27 02:55:14,,,,"{'Ludicolo': 1, 'Toxicroak': 1, 'Kabutops': 1, 'Dugtrio': 1, 'Registeel': 1, 'Uxie': 1}"
marshtomp35289,[Gen 4] UU,1,1,0,2020-01-25 04:05:11,2020-01-25 04:05:11,,,,"{'Moltres': 1, 'Kabutops': 1, 'Clefable': 1, 'Registeel': 1, 'Uxie': 1, 'Venusaur': 1}"
marshtomp99135,[Gen 4] UU,1,0,1,2024-03-29 14:20:18,2024-03-29 14:20:18,,,,"{'Moltres': 1, 'Toxicroak': 1, 'Registeel': 1, 'Drapion': 1, 'Venusaur': 1, 'Blastoise': 1}"
marvelscale82919,[Gen 4] UU,6,0,6,2020-07-23 13:07:53,2020-07-26 11:33:42,1081.0,1150.0,"[1081.0, 1132.0, 1150.0]","{'Scyther': 6, 'Nidoking': 6, 'Alakazam': 6, 'Arcanine': 6, 'Venusaur': 6, 'Blastoise': 6}"
masquerain60783,[Gen 4] UU,2,1,1,2020-04-13 02:32:42,2020-06-21 20:27:11,,,,"{'Moltres': 1, 'Toxicroak': 2, 'Feraligatr': 1, 'Uxie': 2, 'Venusaur': 1, 'Donphan': 2}"
masterball43982,[Gen 4] UU,10,5,5,2017-01-13 23:39:24,2017-01-30 06:11:30,,,,"{'Milotic': 3, 'Hariyama': 2, 'Registeel': 2, 'Rotom': 2, 'Houndoom': 7, 'Moltres': 1, 'Rhyperior': 8, 'Drapion': 1, 'Primeape': 1, 'Venusaur': 9, 'Blastoise': 6, 'Swellow': 5, 'Uxie': 5, 'Alakazam': 1, 'Blaziken': 2}"
mawile13494,[Gen 4] UU,1,0,1,2018-08-31 19:09:38,2018-08-31 19:09:38,,,,"{'Mismagius': 1, 'Sceptile': 1, 'Kabutops': 1, 'Registeel': 1, 'Arcanine': 1, 'Donphan': 1}"
mawile36886,[Gen 4] UU,29,18,11,2018-09-27 20:55:49,2023-11-21 03:18:06,,,,"{'Mismagius': 11, 'Sceptile': 3, 'Kabutops': 7, 'Arcanine': 6, 'Donphan': 6, 'Registeel': 11, 'Ludicolo': 2, 'Uxie': 9, 'Primeape': 5, 'Metang': 5, 'Monferno': 5, 'Piloswine': 2, 'Vigoroth': 1, 'Tentacool': 1, 'Misdreavus': 4, 'Milotic': 5, 'Rhyperior': 3, 'Drapion': 2, 'Venusaur': 11, 'Rotom': 5, 'Houndoom': 10, 'Qwilfish': 3, 'Scyther': 5, 'Toxicroak': 5, 'Regirock': 2, 'Dugtrio': 6, 'Blastoise': 4, 'Miltank': 1, 'Omastar': 2, 'Mesprit': 2, 'Azumarill': 2, 'Gligar': 2, 'Croconaw': 2, 'Roselia': 2, 'Absol': 1, 'Torterra': 3, 'Steelix': 1, 'Alakazam': 1, 'Leafeon': 2, 'Hitmonlee': 1, 'Wartortle': 1, 'Golbat': 1, 'Yanma': 1, 'Hariyama': 1, 'Seadra': 1, 'Murkrow': 1, 'Swellow': 1, 'Kangaskhan': 1}"
mawile45728,[Gen 4] UU,1,1,0,2016-07-30 14:38:32,2016-07-30 14:38:32,,,,"{'Charizard': 1, 'Regirock': 1, 'Hitmonchan': 1, 'Skuntank': 1, 'Slowking': 1}"
mawile87221,[Gen 4] UU,5,1,4,2019-09-13 18:51:55,2020-01-19 16:19:12,,,,"{'Scyther': 1, 'Steelix': 1, 'Clefable': 1, 'Arcanine': 1, 'Venusaur': 5, 'Blastoise': 1, 'Ludicolo': 2, 'Mismagius': 4, 'Omastar': 3, 'Hitmontop': 3, 'Houndoom': 4, 'Rotom': 1, 'Blaziken': 1}"
meadowplate27392,[Gen 4] UU,1,0,1,2016-03-07 02:37:02,2016-03-07 02:37:02,,,,"{'Kangaskhan': 1, 'Hitmontop': 1, 'Azumarill': 1, 'Rotom': 1, 'Uxie': 1, 'Arcanine': 1}"
meadowplate3524,[Gen 4] UU,4,2,2,2017-02-05 14:36:29,2017-02-20 13:41:34,,,,"{'Omastar': 3, 'Kabutops': 3, 'Rotom': 3, 'Swellow': 3, 'Houndoom': 3, 'Venusaur': 3, 'Snover': 1, 'Hitmontop': 1, 'Nidoqueen': 1, 'Walrein': 1, 'Chansey': 1, 'Registeel': 1}"
meanlook21025,[Gen 4] UU,7,4,3,2020-03-30 19:56:52,2020-05-10 20:41:29,,,,"{'Scyther': 2, 'Milotic': 4, 'Mesprit': 2, 'Tauros': 2, 'Houndoom': 2, 'Donphan': 3, 'Omastar': 1, 'Hitmontop': 1, 'Weezing': 2, 'Spiritomb': 2, 'Clefable': 4, 'Kabutops': 1, 'Moltres': 1, 'Registeel': 3, 'Slowking': 1, 'Venusaur': 2, 'Azumarill': 1, 'Tangrowth': 1, 'Mismagius': 1, 'Rotom': 1, 'Primeape': 1, 'Alakazam': 1, 'Blastoise': 1}"
medicham64289,[Gen 4] UU,17,13,4,2017-11-25 16:01:48,2020-05-14 20:21:18,,,,"{'Rotom': 5, 'Drapion': 1, 'Torterra': 2, 'Poliwrath': 1, 'Scyther': 5, 'Dugtrio': 7, 'Spiritomb': 12, 'Registeel': 7, 'Venusaur': 7, 'Blastoise': 6, 'Moltres': 1, 'Donphan': 1, 'Hariyama': 2, 'Omastar': 2, 'Alakazam': 1, 'Altaria': 2, 'Milotic': 5, 'Kabutops': 2, 'Weezing': 2, 'Regirock': 1, 'Uxie': 3, 'Gligar': 2, 'Cacturne': 2, 'Clefable': 2, 'Hippopotas': 2, 'Toxicroak': 2, 'Swellow': 1, 'Charizard': 1, 'Rhyperior': 1, 'Hitmontop': 1, 'Nidoqueen': 1, 'Leafeon': 1}"
medicham96456,[Gen 4] UU,1,0,1,2019-12-30 01:10:02,2019-12-30 01:10:02,,,,"{'Absol': 1, 'Mismagius': 1, 'Venusaur': 1, 'Clefable': 1, 'Blaziken': 1, 'Alakazam': 1}"
meditate22030,[Gen 4] UU,3,1,2,2024-12-08 04:18:00,2024-12-08 04:38:09,,,,"{'Kangaskhan': 1, 'Mismagius': 2, 'Omastar': 1, 'Spiritomb': 1, 'Blaziken': 1, 'Alakazam': 1, 'Toxicroak': 1, 'Kabutops': 2, 'Dugtrio': 1, 'Registeel': 2, 'Uxie': 1, 'Sceptile': 1, 'Arcanine': 1, 'Donphan': 1}"
meditate27452,[Gen 4] UU,1,1,0,2018-10-25 02:48:42,2018-10-25 02:48:42,,,,"{'Scyther': 1, 'Milotic': 1, 'Rotom': 1, 'Registeel': 1, 'Arcanine': 1, 'Donphan': 1}"
meditate84434,[Gen 4] UU,1,0,1,2024-04-29 23:42:57,2024-04-29 23:42:57,,,,"{'Moltres': 1, 'Shiftry': 1, 'Victreebel': 1, 'Hitmonlee': 1, 'Houndoom': 1, 'Uxie': 1}"
meditite69791,[Gen 4] UU,1,0,1,2020-07-14 09:32:15,2020-07-14 09:32:15,1066.0,1066.0,[1066.0],"{'Absol': 1, 'Hariyama': 1, 'Kangaskhan': 1, 'Alakazam': 1, 'Blaziken': 1, 'Swellow': 1}"
mefirst43533,[Gen 4] UU,1,0,1,2020-03-14 00:34:18,2020-03-14 00:34:18,1000.0,1000.0,[1000.0],"{'Milotic': 1, 'Dugtrio': 1, 'Mismagius': 1}"
mefirst64053,[Gen 4] UU,1,1,0,2019-12-30 01:10:02,2019-12-30 01:10:02,,,,"{'Absol': 1, 'Alakazam': 1, 'Clefable': 1, 'Blaziken': 1, 'Venusaur': 1}"
mefirst90055,[Gen 4] UU,2,2,0,2016-06-09 03:11:23,2016-06-09 03:17:23,,,,"{'Tauros': 1, 'Haunter': 1, 'Manectric': 1, 'Rhydon': 1, 'Glalie': 1, 'Drifblim': 1, 'Shiftry': 1, 'Charizard': 1, 'Gligar': 1, 'Sandslash': 1, 'Typhlosion': 1, 'Lickilicky': 1}"
megadrain50777,[Gen 4] UU,2,1,1,2016-11-07 02:33:41,2016-11-07 02:40:41,,,,"{'Clefable': 2, 'Tangrowth': 2, 'Mismagius': 2, 'Omastar': 2, 'Milotic': 1, 'Hitmontop': 1}"
megadrain83191,[Gen 4] UU,1,0,1,2025-04-02 12:49:24,2025-04-02 12:49:24,,,,"{'Hariyama': 1, 'Torterra': 1, 'Weezing': 1, 'Registeel': 1, 'Alakazam': 1, 'Blastoise': 1}"
megahorn12495,[Gen 4] UU,5,3,2,2014-06-29 17:29:44,2014-06-29 19:01:14,,,,"{'Slowbro': 5, 'Rhyperior': 5, 'Registeel': 5, 'Uxie': 5, 'Arcanine': 5, 'Venusaur': 5}"
megahorn3927,[Gen 4] UU,1,1,0,2016-01-30 02:13:15,2016-01-30 02:13:15,,,,"{'Scyther': 1, 'Sceptile': 1, 'Dugtrio': 1, 'Registeel': 1, 'Blastoise': 1, 'Leafeon': 1}"
megahorn4585,[Gen 4] UU,1,1,0,2017-08-05 03:35:01,2017-08-05 03:35:01,,,,"{'Rapidash': 1, 'Armaldo': 1, 'Gastrodon-East': 1, 'Poliwrath': 1, 'Muk': 1, 'Electabuzz': 1}"
megahorn4774,[Gen 4] UU,2,2,0,2020-03-17 00:48:49,2020-07-28 21:19:41,1000.0,1000.0,[1000.0],"{'Sceptile': 1, 'Aggron': 1, 'Qwilfish': 1, 'Slowbro': 1, 'Spiritomb': 1, 'Cloyster': 1, 'Gligar': 1}"
megakick62488,[Gen 4] UU,1,1,0,2019-03-06 01:05:38,2019-03-06 01:05:38,,,,"{'Moltres': 1, 'Milotic': 1, 'Aggron': 1, 'Clefable': 1, 'Venusaur': 1, 'Donphan': 1}"
megakick62601,[Gen 4] UU,4,2,2,2025-02-09 01:17:44,2025-05-14 04:05:13,,,,"{'Houndoom': 3, 'Rhyperior': 2, 'Registeel': 3, 'Uxie': 2, 'Venusaur': 3, 'Blastoise': 2, 'Scyther': 1, 'Mismagius': 2, 'Torterra': 1, 'Kabutops': 1, 'Glalie': 1, 'Milotic': 1, 'Claydol': 1, 'Arcanine': 1}"
megakick93868,[Gen 4] UU,1,0,1,2021-09-12 20:45:35,2021-09-12 20:45:35,,,,"{'Sceptile': 1, 'Rotom': 1, 'Registeel': 1, 'Slowking': 1, 'Ambipom': 1, 'Donphan': 1}"
meganium77326,[Gen 4] UU,1,1,0,2016-03-29 09:53:36,2016-03-29 09:53:36,1000.0,1000.0,[1000.0],{'Linoone': 1}
megapunch28719,[Gen 4] UU,1,1,0,2020-03-06 22:09:34,2020-03-06 22:09:34,,,,"{'Milotic': 1, 'Absol': 1, 'Nidoking': 1, 'Hitmontop': 1, 'Marowak': 1, 'Alakazam': 1}"
megapunch62784,[Gen 4] UU,3,2,1,2018-01-21 10:03:55,2018-01-21 10:36:42,,,,"{'Mismagius': 1, 'Qwilfish': 1, 'Torterra': 1, 'Clefable': 1, 'Registeel': 3, 'Arcanine': 1, 'Moltres': 2, 'Dugtrio': 1, 'Uxie': 1, 'Venusaur': 2, 'Blastoise': 1, 'Absol': 1, 'Swellow': 1, 'Donphan': 1}"
megapunch88997,[Gen 4] UU,3,3,0,2019-08-03 17:52:29,2019-08-11 15:43:37,,,,"{'Hoothoot': 2, 'Quilava': 1, 'Quagsire': 2, 'Koffing': 1, 'Geodude': 2, 'Voltorb': 1, 'Vulpix': 1, 'Graveler': 1, 'Fearow': 1, 'Shuckle': 1, 'Unown': 1, 'Oddish': 1, 'Wooper': 1, 'Slowpoke': 1}"
megapunch91085,[Gen 4] UU,13,7,6,2017-01-16 21:43:19,2022-04-18 00:31:42,,,,"{'Moltres': 10, 'Milotic': 8, 'Mismagius': 6, 'Hitmontop': 7, 'Steelix': 6, 'Uxie': 5, 'Mesprit': 1, 'Kabutops': 2, 'Dugtrio': 1, 'Arcanine': 2, 'Swellow': 1, 'Leafeon': 1, 'Registeel': 3, 'Scyther': 1, 'Donphan': 5, 'Aggron': 2, 'Clefable': 2, 'Qwilfish': 2, 'Chansey': 2, 'Spiritomb': 3, 'Venusaur': 1, 'Exeggutor': 1, 'Sceptile': 1}"
memento87767,[Gen 4] UU,2,1,1,2019-12-26 05:52:00,2020-04-16 20:46:00,,,,"{'Moltres': 1, 'Mismagius': 2, 'Qwilfish': 1, 'Rhyperior': 1, 'Spiritomb': 1, 'Blastoise': 1, 'Kabutops': 1, 'Registeel': 1, 'Arcanine': 1, 'Donphan': 1}"
mentalherb23710,[Gen 4] UU,1,1,0,2019-08-04 06:04:59,2019-08-04 06:04:59,,,,"{'Milotic': 1, 'Mismagius': 1, 'Houndoom': 1, 'Registeel': 1, 'Primeape': 1, 'Venusaur': 1}"
mentalherb28142,[Gen 4] UU,10,8,2,2017-01-22 15:40:52,2022-07-03 14:18:03,,,,"{'Machoke': 1, 'Poliwrath': 1, 'Cacturne': 1, 'Rhydon': 1, 'Misdreavus': 2, 'Golduck': 1, 'Armaldo': 1, 'Victreebel': 1, 'Pikachu': 1, 'Gastrodon': 1, 'Hariyama': 1, 'Mismagius': 2, 'Sceptile': 1, 'Registeel': 4, 'Blaziken': 1, 'Scyther': 1, 'Milotic': 2, 'Tauros': 1, 'Venusaur': 4, 'Donphan': 2, 'Rhyperior': 2, 'Feraligatr': 2, 'Linoone': 1, 'Uxie': 3, 'Lapras': 1, 'Sudowoodo': 1, 'Seviper': 1, 'Persian': 1, 'Tangela': 1, 'Slaking': 1, 'Dugtrio': 1, 'Swellow': 1, 'Leafeon': 1, 'Qwilfish': 1, 'Arcanine': 1, 'Torterra': 1, 'Clefable': 2, 'Rotom': 1, 'Aggron': 1, 'Azumarill': 1, 'Houndoom': 1}"
mentalherb71948,[Gen 4] UU,3,2,1,2022-01-12 01:43:48,2022-01-15 21:18:15,,,,"{'Altaria': 1, 'Qwilfish': 1, 'Hitmontop': 1, 'Torterra': 1, 'Rotom': 1, 'Arcanine': 1, 'Mesprit': 2, 'Kabutops': 1, 'Dugtrio': 1, 'Houndoom': 1, 'Swellow': 1, 'Leafeon': 2, 'Milotic': 1, 'Toxicroak': 1, 'Registeel': 1, 'Blaziken': 1}"
mentalherb91276,[Gen 4] UU,2,2,0,2024-03-13 16:36:15,2024-03-13 16:49:44,,,,"{'Milotic': 2, 'Mismagius': 2, 'Hitmontop': 2, 'Dugtrio': 1, 'Clefable': 1, 'Registeel': 2, 'Houndoom': 1, 'Venusaur': 1}"
meowth29216,[Gen 4] UU,1,0,1,2018-01-19 20:41:25,2018-01-19 20:41:25,,,,"{'Moltres': 1, 'Milotic': 1, 'Hitmontop': 1, 'Torterra': 1, 'Rotom': 1, 'Registeel': 1}"
meowth71573,[Gen 4] UU,1,0,1,2015-12-25 22:26:50,2015-12-25 22:26:50,,,,"{'Cloyster': 1, 'Azumarill': 1, 'Dugtrio': 1, 'Alakazam': 1, 'Hitmonlee': 1, 'Swellow': 1}"
meowth87353,[Gen 4] UU,1,0,1,2017-03-12 19:39:15,2017-03-12 19:39:15,,,,"{'Absol': 1, 'Hitmontop': 1, 'Feraligatr': 1, 'Blaziken': 1, 'Alakazam': 1, 'Shuckle': 1}"
meowth96732,[Gen 4] UU,3,2,1,2020-04-29 16:18:42,2020-05-07 13:30:03,,,,"{'Ludicolo': 2, 'Electrode': 2, 'Toxicroak': 2, 'Kabutops': 2, 'Registeel': 3, 'Uxie': 2, 'Feraligatr': 1, 'Swellow': 1, 'Arcanine': 1, 'Venusaur': 1, 'Donphan': 1}"
mesprit23705,[Gen 4] UU,1,0,1,2020-07-18 18:44:20,2020-07-18 18:44:20,,,,"{'Moltres': 1, 'Toxicroak': 1, 'Feraligatr': 1, 'Uxie': 1, 'Venusaur': 1, 'Donphan': 1}"
mesprit25847,[Gen 4] UU,1,0,1,2016-12-17 14:43:35,2016-12-17 14:43:35,,,,"{'Vespiquen': 1, 'Chimecho': 1, 'Toxicroak': 1}"
mesprit43432,[Gen 4] UU,1,0,1,2024-03-03 14:10:40,2024-03-03 14:10:40,,,,"{'Torterra': 1, 'Milotic': 1, 'Swellow': 1, 'Donphan': 1}"
mesprit45002,[Gen 4] UU,1,0,1,2024-05-09 02:44:11,2024-05-09 02:44:11,,,,"{'Scyther': 1, 'Kabutops': 1, 'Feraligatr': 1, 'Arcanine': 1, 'Drapion': 1, 'Leafeon': 1}"
mesprit51826,[Gen 4] UU,1,1,0,2015-07-20 20:31:48,2015-07-20 20:31:48,,,,"{'Mesprit': 1, 'Kangaskhan': 1, 'Rhyperior': 1, 'Azumarill': 1, 'Blaziken': 1, 'Leafeon': 1}"
mesprit75879,[Gen 4] UU,4,2,2,2014-06-29 16:39:48,2014-06-29 17:52:29,,,,"{'Banette': 4, 'Porygon2': 4, 'Cacturne': 4, 'Marowak': 4, 'Clamperl': 4, 'Slowking': 4}"
mesprit76910,[Gen 4] UU,1,1,0,2020-05-08 20:43:17,2020-05-08 20:43:17,,,,"{'Omastar': 1, 'Electrode': 1, 'Toxicroak': 1, 'Azumarill': 1, 'Uxie': 1}"
mesprit8354,[Gen 4] UU,1,1,0,2018-11-15 17:20:39,2018-11-15 17:20:39,,,,"{'Milotic': 1, 'Mismagius': 1, 'Hitmontop': 1, 'Uxie': 1, 'Arcanine': 1, 'Venusaur': 1}"
metagross24354,[Gen 4] UU,7,2,5,2022-05-21 01:27:15,2022-10-20 00:06:17,,,,"{'Milotic': 3, 'Sceptile': 1, 'Aggron': 1, 'Skuntank': 1, 'Clefable': 1, 'Uxie': 5, 'Dugtrio': 2, 'Blaziken': 2, 'Registeel': 1, 'Venusaur': 3, 'Rhyperior': 1, 'Rotom': 2, 'Hitmonlee': 1, 'Houndoom': 2, 'Kangaskhan': 1, 'Omastar': 1, 'Torterra': 2, 'Spiritomb': 2, 'Poliwrath': 1, 'Miltank': 1, 'Donphan': 1, 'Scyther': 1, 'Hariyama': 1, 'Blastoise': 1}"
metagross62459,[Gen 4] UU,1,1,0,2016-06-15 01:24:40,2016-06-15 01:24:40,,,,"{'Snover': 1, 'Hitmontop': 1, 'Nidoqueen': 1, 'Walrein': 1, 'Chansey': 1, 'Registeel': 1}"
metagross66068,[Gen 4] UU,3,3,0,2019-10-06 18:29:53,2022-10-12 20:34:03,,,,"{'Moltres': 2, 'Milotic': 1, 'Aggron': 1, 'Clefable': 1, 'Venusaur': 1, 'Donphan': 1, 'Hitmontop': 1, 'Azumarill': 1, 'Registeel': 1, 'Uxie': 2, 'Steelix': 1, 'Dugtrio': 1, 'Swellow': 1, 'Blastoise': 1, 'Leafeon': 1}"
metalclaw60700,[Gen 4] UU,7,3,4,2021-08-08 01:04:00,2021-09-13 00:18:19,,,,"{'Scyther': 1, 'Hitmontop': 2, 'Rhyperior': 2, 'Houndoom': 1, 'Uxie': 2, 'Venusaur': 3, 'Omastar': 1, 'Kabutops': 1, 'Spiritomb': 1, 'Blaziken': 1, 'Primeape': 1, 'Mismagius': 3, 'Qwilfish': 4, 'Clefable': 2, 'Arcanine': 4, 'Alakazam': 1, 'Leafeon': 1, 'Altaria': 1, 'Torterra': 2, 'Exeggutor': 1, 'Rotom': 1, 'Milotic': 1, 'Dugtrio': 1, 'Registeel': 2}"
metalclaw67212,[Gen 4] UU,1,1,0,2017-08-24 14:30:21,2017-08-24 14:30:21,1000.0,1000.0,[1000.0],"{'Cloyster': 1, 'Steelix': 1, 'Espeon': 1, 'Sceptile': 1}"
metalcoat5076,[Gen 4] UU,2,1,1,2024-03-01 21:52:25,2024-03-03 19:03:45,1049.0,1061.0,"[1049.0, 1061.0]","{'Mismagius': 2, 'Kabutops': 1, 'Registeel': 2, 'Arcanine': 2, 'Venusaur': 1, 'Leafeon': 1, 'Uxie': 1}"
metalcoat53165,[Gen 4] UU,1,1,0,2016-08-26 00:39:04,2016-08-26 00:39:04,,,,"{'Cloyster': 1, 'Mismagius': 1, 'Sceptile': 1, 'Aggron': 1, 'Houndoom': 1, 'Primeape': 1}"
metalcoat66221,[Gen 4] UU,1,1,0,2020-07-13 04:24:03,2020-07-13 04:24:03,1050.0,1050.0,[1050.0],"{'Registeel': 1, 'Spiritomb': 1}"
metalcoat81257,[Gen 4] UU,9,7,2,2022-07-30 18:38:23,2022-09-25 21:14:35,,,,"{'Moltres': 1, 'Toxicroak': 1, 'Registeel': 3, 'Houndoom': 3, 'Blastoise': 2, 'Leafeon': 1, 'Milotic': 3, 'Mismagius': 3, 'Aggron': 1, 'Entei': 2, 'Primeape': 2, 'Venusaur': 5, 'Scyther': 1, 'Rhyperior': 2, 'Kangaskhan': 1, 'Sceptile': 1, 'Spiritomb': 1, 'Swellow': 2, 'Ambipom': 2, 'Uxie': 4, 'Arcanine': 1, 'Blaziken': 1, 'Kabutops': 2, 'Dugtrio': 1, 'Ludicolo': 1, 'Qwilfish': 1, 'Electrode': 1}"
metalpowder38899,[Gen 4] UU,1,0,1,2021-06-01 16:00:30,2021-06-01 16:00:30,,,,"{'Ursaring': 1, 'Mismagius': 1, 'Qwilfish': 1, 'Rotom': 1, 'Hitmonlee': 1, 'Uxie': 1}"
metalpowder69549,[Gen 4] UU,16,12,4,2016-05-24 22:52:08,2017-11-09 18:11:47,,,,"{'Lunatone': 1, 'Golduck': 1, 'Machoke': 4, 'Linoone': 1, 'Raichu': 1, 'Misdreavus': 1, 'Tauros': 3, 'Haunter': 5, 'Manectric': 4, 'Rhydon': 2, 'Glalie': 2, 'Drifblim': 1, 'Blaziken': 3, 'Mismagius': 3, 'Steelix': 2, 'Venusaur': 2, 'Slowking': 4, 'Swellow': 4, 'Skuntank': 4, 'Regirock': 3, 'Sceptile': 3, 'Rhyperior': 2, 'Uxie': 2, 'Blastoise': 2, 'Charizard': 2, 'Sandslash': 3, 'Poliwrath': 2, 'Grumpig': 1, 'Jumpluff': 1, 'Whiscash': 1, 'Politoed': 2, 'Magmortar': 2, 'Magneton': 1, 'Jynx': 4, 'Piloswine': 2, 'Vileplume': 1, 'Dodrio': 1, 'Hitmonchan': 1, 'Kabutops': 1, 'Registeel': 1, 'Arcanine': 1, 'Donphan': 1}"
metalpowder82337,[Gen 4] UU,2,0,2,2022-01-02 19:00:46,2022-04-11 02:00:15,,,,"{'Kangaskhan': 2, 'Mismagius': 1, 'Omastar': 1, 'Spiritomb': 1, 'Blaziken': 1, 'Alakazam': 1, 'Milotic': 1, 'Rotom': 1, 'Dugtrio': 1, 'Uxie': 1, 'Venusaur': 1}"
metalpowder85911,[Gen 4] UU,7,3,4,2015-03-20 21:01:46,2017-01-08 21:04:16,,,,"{'Milotic': 7, 'Claydol': 7, 'Rotom': 7, 'Arcanine': 7, 'Venusaur': 7, 'Kabutops': 6}"
metalsound15616,[Gen 4] UU,1,1,0,2018-04-18 15:16:18,2018-04-18 15:16:18,,,,"{'Mismagius': 1, 'Qwilfish': 1, 'Torterra': 1, 'Clefable': 1, 'Registeel': 1, 'Arcanine': 1}"
metalsound31619,[Gen 4] UU,7,4,3,2024-04-03 02:22:17,2025-02-04 02:19:59,,,,"{'Ludicolo': 2, 'Toxicroak': 2, 'Kabutops': 2, 'Dugtrio': 2, 'Registeel': 3, 'Uxie': 2, 'Kangaskhan': 1, 'Houndoom': 1, 'Rotom': 2, 'Alakazam': 1, 'Leafeon': 3, 'Milotic': 3, 'Mismagius': 2, 'Weezing': 2, 'Steelix': 2, 'Blaziken': 4, 'Absol': 1, 'Omastar': 1, 'Jynx': 1, 'Venusaur': 2, 'Mesprit': 1, 'Clefable': 1, 'Donphan': 1}"
metalsound82058,[Gen 4] UU,3,2,1,2017-01-31 23:08:19,2017-01-31 23:38:25,,,,"{'Snover': 1, 'Hariyama': 1, 'Walrein': 1, 'Jynx': 1, 'Uxie': 2, 'Glaceon': 1, 'Moltres': 1, 'Porygon2': 1, 'Toxicroak': 1, 'Slowking': 1, 'Drapion': 1, 'Donphan': 1, 'Milotic': 1, 'Hitmontop': 1, 'Rotom': 1, 'Arcanine': 1, 'Venusaur': 1}"
metalsound89156,[Gen 4] UU,14,10,4,2017-06-08 15:59:42,2017-11-24 20:51:50,,,,"{'Qwilfish': 3, 'Uxie': 3, 'Houndoom': 3, 'Donphan': 3, 'Rapidash': 1, 'Onix': 1, 'Victreebel': 2, 'Metang': 2, 'Purugly': 4, 'Tangela': 1, 'Tauros': 3, 'Hitmonchan': 3, 'Skuntank': 2, 'Slowking': 3, 'Cradily': 4, 'Drifblim': 3, 'Armaldo': 1, 'Poliwrath': 1, 'Muk': 1, 'Sableye': 1, 'Rhydon': 1, 'Medicham': 2, 'Magneton': 2, 'Dodrio': 2, 'Rotom': 2, 'Swellow': 2, 'Venomoth': 1, 'Sandslash': 1, 'Regirock': 3, 'Cacturne': 1, 'Dusclops': 1, 'Lickilicky': 1, 'Sharpedo': 2, 'Shiftry': 2, 'Gardevoir': 2, 'Golduck': 1, 'Glalie': 1, 'Misdreavus': 1, 'Wormadam-Trash': 1, 'Banette': 1, 'Monferno': 1, 'Bellossom': 1, 'Gastrodon': 1}"
metang33764,[Gen 4] UU,1,1,0,2018-08-16 20:14:54,2018-08-16 20:14:54,,,,"{'Cloyster': 1, 'Mismagius': 1, 'Sceptile': 1, 'Houndoom': 1, 'Primeape': 1}"
metapod29679,[Gen 4] UU,1,0,1,2015-05-16 21:17:15,2015-05-16 21:17:15,,,,"{'Nidoking': 1, 'Dugtrio': 1, 'Houndoom': 1, 'Swellow': 1, 'Blastoise': 1, 'Leafeon': 1}"
metapod69736,[Gen 4] UU,45,29,16,2019-07-13 02:43:18,2023-09-01 03:11:29,,,,"{'Torterra': 5, 'Drapion': 4, 'Ambipom': 4, 'Poliwrath': 3, 'Cloyster': 7, 'Toxicroak': 7, 'Azumarill': 7, 'Regirock': 6, 'Rotom': 8, 'Spiritomb': 10, 'Mesprit': 13, 'Kabutops': 14, 'Dugtrio': 13, 'Arcanine': 23, 'Swellow': 11, 'Leafeon': 12, 'Altaria': 10, 'Weezing': 9, 'Steelix': 10, 'Chansey': 11, 'Blastoise': 10, 'Mismagius': 4, 'Clefable': 1, 'Alakazam': 2, 'Qwilfish': 5, 'Moltres': 3, 'Milotic': 2, 'Sceptile': 2, 'Donphan': 2, 'Rhyperior': 2, 'Houndoom': 2, 'Uxie': 4, 'Venusaur': 2, 'Registeel': 6, 'Ludicolo': 2, 'Snover': 3, 'Hitmontop': 3, 'Nidoqueen': 3, 'Walrein': 3}"
metapod74615,[Gen 4] UU,3,0,3,2020-07-08 19:48:25,2020-07-27 02:07:01,,,,"{'Milotic': 1, 'Rotom': 1, 'Dugtrio': 1, 'Registeel': 1, 'Arcanine': 1, 'Venusaur': 3, 'Nidoking': 1, 'Alakazam': 2, 'Clefable': 2, 'Uxie': 2, 'Ambipom': 2, 'Donphan': 1}"
meteormash57148,[Gen 4] UU,1,0,1,2016-04-03 22:33:35,2016-04-03 22:33:35,,,,"{'Absol': 1, 'Lanturn': 1, 'Spiritomb': 1, 'Swellow': 1, 'Arcanine': 1, 'Ambipom': 1}"
metronome74023,[Gen 4] UU,1,1,0,2024-12-10 00:00:18,2024-12-10 00:00:18,,,,"{'Moltres': 1, 'Hariyama': 1, 'Victreebel': 1, 'Houndoom': 1, 'Uxie': 1}"
mew17352,[Gen 4] UU,19,9,10,2022-07-01 18:19:27,2023-04-16 20:18:29,,,,"{'Rhyperior': 8, 'Azumarill': 5, 'Houndoom': 7, 'Uxie': 10, 'Venusaur': 15, 'Milotic': 4, 'Mismagius': 8, 'Ambipom': 2, 'Drapion': 1, 'Primeape': 4, 'Shiftry': 1, 'Exeggutor': 1, 'Victreebel': 1, 'Clefable': 7, 'Mesprit': 4, 'Kabutops': 1, 'Hitmonlee': 1, 'Blaziken': 2, 'Toxicroak': 1, 'Torterra': 2, 'Rotom': 2, 'Qwilfish': 2, 'Hariyama': 2, 'Kangaskhan': 1, 'Feraligatr': 2, 'Registeel': 3, 'Weezing': 1, 'Spiritomb': 1, 'Moltres': 1, 'Donphan': 3, 'Leafeon': 1, 'Arcanine': 2, 'Omastar': 1, 'Sceptile': 1, 'Typhlosion': 1}"
mew49755,[Gen 4] UU,4,2,2,2019-10-11 22:30:17,2023-09-03 17:14:17,,,,"{'Milotic': 1, 'Mesprit': 1, 'Regirock': 1, 'Drapion': 2, 'Primeape': 1, 'Venusaur': 2, 'Mismagius': 1, 'Torterra': 1, 'Azumarill': 1, 'Clefable': 1, 'Arcanine': 2, 'Alakazam': 1, 'Scyther': 1, 'Entei': 1, 'Rhyperior': 1, 'Blastoise': 1, 'Kabutops': 1, 'Dugtrio': 1, 'Swellow': 1, 'Uxie': 1}"
mewtwo90067,[Gen 4] UU,3,2,1,2023-03-10 02:06:44,2023-03-10 02:15:50,,,,"{'Ludicolo': 1, 'Toxicroak': 1, 'Kabutops': 1, 'Dugtrio': 1, 'Registeel': 2, 'Uxie': 1, 'Milotic': 1, 'Mismagius': 1, 'Houndoom': 1, 'Primeape': 1, 'Venusaur': 1, 'Exeggutor': 1, 'Mesprit': 1, 'Porygon2': 1, 'Rhyperior': 1, 'Clamperl': 1, 'Slowking': 1}"
micleberry12868,[Gen 4] UU,1,0,1,2019-04-12 00:43:11,2019-04-12 00:43:11,,,,"{'Mismagius': 1, 'Entei': 1, 'Lanturn': 1, 'Espeon': 1, 'Feraligatr': 1, 'Swellow': 1}"
micleberry21695,[Gen 4] UU,2,0,2,2018-01-28 23:21:39,2018-01-28 23:24:03,,,,"{'Absol': 1, 'Lanturn': 1, 'Poliwrath': 1, 'Claydol': 1, 'Camerupt': 1, 'Lapras': 1, 'Weezing': 1, 'Steelix': 1, 'Clefable': 1, 'Venusaur': 1}"
micleberry24246,[Gen 4] UU,2,0,2,2024-12-02 01:15:25,2024-12-02 01:25:53,,,,"{'Kangaskhan': 1, 'Mismagius': 2, 'Omastar': 1, 'Spiritomb': 1, 'Blaziken': 1, 'Alakazam': 1, 'Milotic': 1, 'Houndoom': 1, 'Registeel': 1, 'Primeape': 1, 'Venusaur': 1}"
micleberry78473,[Gen 4] UU,2,0,2,2017-11-04 14:17:22,2017-11-04 14:22:43,,,,"{'Milotic': 1, 'Mismagius': 1, 'Houndoom': 1, 'Arcanine': 1, 'Venusaur': 1, 'Donphan': 1, 'Shiftry': 1, 'Charizard': 1, 'Nidoqueen': 1, 'Electabuzz': 1, 'Slowking': 1, 'Misdreavus': 1}"
micleberry92660,[Gen 4] UU,1,1,0,2020-03-30 23:23:55,2020-03-30 23:23:55,,,,"{'Milotic': 1, 'Toxicroak': 1, 'Rhyperior': 1, 'Jynx': 1, 'Clefable': 1, 'Feraligatr': 1}"
mightyena22499,[Gen 4] UU,1,1,0,2018-01-16 10:27:57,2018-01-16 10:27:57,,,,"{'Milotic': 1, 'Tauros': 1, 'Rotom': 1, 'Skuntank': 1, 'Dugtrio': 1, 'Uxie': 1}"
mightyena2452,[Gen 4] UU,2,2,0,2020-05-01 00:28:17,2020-05-01 00:32:41,,,,"{'Milotic': 1, 'Hariyama': 1, 'Qwilfish': 1, 'Rotom': 1, 'Registeel': 1, 'Ludicolo': 1, 'Toxicroak': 1, 'Kabutops': 1, 'Dugtrio': 1, 'Uxie': 1}"
mightyena56431,[Gen 4] UU,12,4,8,2017-10-27 21:09:35,2018-01-21 22:22:33,,,,"{'Milotic': 4, 'Mesprit': 2, 'Toxicroak': 4, 'Torterra': 4, 'Blaziken': 5, 'Ambipom': 2, 'Rotom': 6, 'Houndoom': 3, 'Alakazam': 5, 'Rapidash': 1, 'Onix': 1, 'Victreebel': 1, 'Metang': 1, 'Purugly': 1, 'Tangela': 1, 'Ursaring': 3, 'Omastar': 4, 'Swellow': 4, 'Kabutops': 1, 'Venusaur': 1, 'Magmortar': 2, 'Meganium': 2, 'Dodrio': 2, 'Golem': 2, 'Slowking': 2, 'Drifblim': 2, 'Charizard': 1, 'Vileplume': 1, 'Sandslash': 1, 'Floatzel': 1, 'Skuntank': 1, 'Gardevoir': 1}"
milkdrink10095,[Gen 4] UU,1,1,0,2015-03-23 15:37:08,2015-03-23 15:37:08,,,,"{'Moltres': 1, 'Mismagius': 1, 'Qwilfish': 1, 'Rhyperior': 1, 'Spiritomb': 1, 'Blastoise': 1}"
milkdrink27079,[Gen 4] UU,2,2,0,2024-03-28 06:44:56,2024-03-28 06:45:24,1000.0,1075.0,"[1000.0, 1075.0]","{'Blaziken': 1, 'Mismagius': 2, 'Kabutops': 1, 'Miltank': 1, 'Uxie': 2, 'Drapion': 1, 'Ursaring': 1, 'Qwilfish': 1, 'Rotom': 1, 'Hitmonlee': 1}"
milotic38894,[Gen 4] UU,8,2,6,2017-11-05 15:14:06,2017-11-25 15:19:00,,,,"{'Gabite': 1, 'Armaldo': 2, 'Poliwrath': 2, 'Muk': 1, 'Metang': 3, 'Articuno': 1, 'Moltres': 3, 'Rotom': 2, 'Dugtrio': 3, 'Registeel': 3, 'Venusaur': 3, 'Blastoise': 3, 'Rhydon': 1, 'Glalie': 1, 'Hitmontop': 1, 'Steelix': 1, 'Spiritomb': 1, 'Slowking': 2, 'Magmortar': 1, 'Charizard': 1, 'Typhlosion': 1, 'Regirock': 1, 'Hitmonchan': 1, 'Cacturne': 1, 'Gastrodon': 1, 'Misdreavus': 1, 'Golbat': 1, 'Mesprit': 1, 'Clefable': 1, 'Arcanine': 1}"
milotic40932,[Gen 4] UU,1,0,1,2020-01-20 17:05:14,2020-01-20 17:05:14,,,,"{'Kadabra': 1, 'Monferno': 1, 'Wartortle': 1, 'Piloswine': 1, 'Meditite': 1, 'Golbat': 1}"
miltank16297,[Gen 4] UU,13,10,3,2016-04-03 01:20:14,2017-02-10 22:15:31,,,,"{'Scyther': 3, 'Rhyperior': 3, 'Rotom': 5, 'Clefable': 3, 'Arcanine': 4, 'Blastoise': 3, 'Venomoth': 1, 'Shiftry': 1, 'Charizard': 4, 'Tauros': 1, 'Hitmonchan': 3, 'Drifblim': 1, 'Drapion': 2, 'Sceptile': 1, 'Slowbro': 1, 'Dugtrio': 2, 'Registeel': 2, 'Glaceon': 1, 'Medicham': 2, 'Haunter': 1, 'Regirock': 3, 'Slowking': 4, 'Relicanth': 1, 'Grumpig': 1, 'Cloyster': 1, 'Mesprit': 3, 'Mismagius': 2, 'Milotic': 2, 'Torterra': 2, 'Blaziken': 2, 'Magmortar': 1, 'Typhlosion': 1, 'Sandslash': 1, 'Manectric': 1, 'Cradily': 1, 'Floatzel': 1, 'Linoone': 1, 'Gardevoir': 1, 'Venusaur': 1}"
miltank51061,[Gen 4] UU,1,0,1,2020-08-22 19:15:35,2020-08-22 19:15:35,,,,"{'Heracross': 1, 'Porygon-Z': 1, 'Raikou': 1, 'Honchkrow': 1, 'Uxie': 1, 'Blaziken': 1}"
miltank54824,[Gen 4] UU,2,2,0,2022-07-29 03:15:01,2022-07-29 03:22:37,,,,"{'Mismagius': 2, 'Qwilfish': 1, 'Steelix': 1, 'Arcanine': 1, 'Alakazam': 1, 'Leafeon': 1, 'Milotic': 1, 'Registeel': 1, 'Houndoom': 1, 'Primeape': 1, 'Venusaur': 1}"
miltank73528,[Gen 4] UU,2,0,2,2018-06-22 02:05:29,2020-05-05 01:38:02,,,,"{'Moltres': 1, 'Milotic': 1, 'Clefable': 1, 'Venusaur': 2, 'Donphan': 1, 'Mismagius': 1, 'Rhyperior': 1, 'Azumarill': 1, 'Steelix': 1, 'Swellow': 1}"
miltank82406,[Gen 4] UU,2,0,2,2024-12-04 01:14:02,2024-12-04 01:23:11,,,,"{'Omastar': 1, 'Kabutops': 1, 'Spiritomb': 1, 'Blaziken': 1, 'Primeape': 2, 'Venusaur': 1, 'Kangaskhan': 1, 'Qwilfish': 1, 'Torterra': 1, 'Rotom': 1, 'Slowking': 1}"
miltank83528,[Gen 4] UU,1,1,0,2018-09-22 18:31:35,2018-09-22 18:31:35,,,,"{'Cloyster': 1, 'Mismagius': 1, 'Sceptile': 1, 'Aggron': 1, 'Houndoom': 1, 'Primeape': 1}"
miltank90152,[Gen 4] UU,1,1,0,2024-01-03 21:45:11,2024-01-03 21:45:11,,,,"{'Feraligatr': 1, 'Alakazam': 1}"
mimejr19600,[Gen 4] UU,1,0,1,2020-05-20 04:21:14,2020-05-20 04:21:14,,,,"{'Ludicolo': 1, 'Toxicroak': 1, 'Kabutops': 1, 'Dugtrio': 1, 'Registeel': 1, 'Uxie': 1}"
mimejr66920,[Gen 4] UU,3,2,1,2021-07-19 14:05:22,2021-07-19 14:19:10,,,,"{'Mesprit': 1, 'Kabutops': 1, 'Dugtrio': 1, 'Arcanine': 1, 'Swellow': 1, 'Leafeon': 1, 'Moltres': 1, 'Mismagius': 1, 'Qwilfish': 1, 'Rhyperior': 2, 'Spiritomb': 1, 'Blastoise': 1, 'Milotic': 1, 'Absol': 1, 'Alakazam': 1, 'Blaziken': 1, 'Venusaur': 1}"
mimic42632,[Gen 4] UU,4,0,4,2020-07-26 20:50:12,2020-07-29 00:19:38,1029.0,1065.0,"[1065.0, 1029.0]","{'Venomoth': 2, 'Donphan': 4, 'Espeon': 4, 'Arcanine': 4, 'Venusaur': 2, 'Blastoise': 4, 'Exeggutor': 2, 'Primeape': 2}"
mindplate14669,[Gen 4] UU,1,0,1,2016-04-14 19:08:16,2016-04-14 19:08:16,,,,"{'Togetic': 1, 'Seaking': 1, 'Bellossom': 1, 'Vigoroth': 1, 'Hypno': 1, 'Cradily': 1}"
mindplate42012,[Gen 4] UU,6,2,4,2020-06-27 04:20:24,2020-08-24 14:31:38,,,,"{'Metang': 3, 'Croconaw': 1, 'Yanma': 2, 'Seadra': 1, 'Murkrow': 3, 'Piloswine': 1, 'Misdreavus': 3, 'Golbat': 1, 'Monferno': 2, 'Wartortle': 2, 'Milotic': 1, 'Mismagius': 2, 'Houndoom': 1, 'Registeel': 1, 'Primeape': 1, 'Venusaur': 1, 'Qwilfish': 1, 'Uxie': 1, 'Rotom': 1, 'Shelgon': 1, 'Grovyle': 1}"
mindplate76031,[Gen 4] UU,1,0,1,2020-06-29 15:26:58,2020-06-29 15:26:58,,,,"{'Milotic': 1, 'Absol': 1, 'Rhyperior': 1, 'Venusaur': 1, 'Blaziken': 1, 'Alakazam': 1}"
mindplate96156,[Gen 4] UU,12,4,8,2016-05-31 21:45:47,2020-03-01 19:39:27,,,,"{'Toxicroak': 1, 'Regirock': 4, 'Rotom': 4, 'Alakazam': 1, 'Houndoom': 1, 'Venusaur': 3, 'Shiftry': 2, 'Tauros': 2, 'Haunter': 2, 'Cacturne': 2, 'Gardevoir': 2, 'Politoed': 1, 'Meganium': 1, 'Sandslash': 1, 'Typhlosion': 1, 'Glalie': 1, 'Grumpig': 1, 'Kingler': 2, 'Sharpedo': 2, 'Charizard': 3, 'Sneasel': 2, 'Manectric': 2, 'Omastar': 1, 'Hitmontop': 1, 'Nidoqueen': 1, 'Clefable': 1, 'Arcanine': 2, 'Medicham': 2, 'Venomoth': 1, 'Vileplume': 1, 'Magneton': 1, 'Slowking': 2, 'Moltres': 2, 'Cloyster': 1, 'Milotic': 1, 'Dugtrio': 1, 'Registeel': 2, 'Feraligatr': 1, 'Drapion': 2, 'Donphan': 2, 'Sceptile': 2, 'Qwilfish': 2, 'Scyther': 1}"
mintberry42518,[Gen 4] UU,1,1,0,2019-03-15 22:03:37,2019-03-15 22:03:37,,,,"{'Altaria': 1, 'Milotic': 1, 'Steelix': 1, 'Rotom': 1, 'Drapion': 1, 'Venusaur': 1}"
minun29214,[Gen 4] UU,1,0,1,2020-06-18 10:08:59,2020-06-18 10:08:59,,,,"{'Blaziken': 1, 'Mismagius': 1, 'Kabutops': 1, 'Miltank': 1, 'Uxie': 1, 'Drapion': 1}"
minun63363,[Gen 4] UU,1,1,0,2020-07-19 19:37:08,2020-07-19 19:37:08,,,,"{'Milotic': 1, 'Rhyperior': 1, 'Venusaur': 1}"
minus12854,[Gen 4] UU,1,0,1,2016-09-10 14:19:11,2016-09-10 14:19:11,,,,"{'Absol': 1, 'Lanturn': 1, 'Spiritomb': 1, 'Swellow': 1, 'Arcanine': 1, 'Ambipom': 1}"
minus27339,[Gen 4] UU,5,0,5,2018-03-06 19:03:45,2024-03-21 04:41:54,1012.0,1093.0,"[1087.0, 1093.0, 1012.0, 1049.0]","{'Milotic': 1, 'Mismagius': 1, 'Houndoom': 3, 'Registeel': 5, 'Venusaur': 1, 'Scyther': 1, 'Rotom': 1, 'Blastoise': 3, 'Leafeon': 3, 'Omastar': 2, 'Weezing': 1, 'Primeape': 1, 'Alakazam': 1, 'Moltres': 2, 'Spiritomb': 1, 'Hitmonlee': 2}"
minus7359,[Gen 4] UU,2,2,0,2022-07-17 23:23:18,2022-07-17 23:30:18,,,,"{'Blaziken': 1, 'Mismagius': 1, 'Rhyperior': 1, 'Clefable': 1, 'Uxie': 1, 'Venusaur': 1, 'Snover': 1, 'Mesprit': 1, 'Persian': 1, 'Sneasel': 1}"
minus76329,[Gen 4] UU,1,1,0,2024-05-21 22:04:16,2024-05-21 22:04:16,,,,"{'Cloyster': 1, 'Exeggutor': 1, 'Mismagius': 1, 'Entei': 1, 'Rhyperior': 1, 'Skuntank': 1}"
minus9883,[Gen 4] UU,1,0,1,2024-06-09 21:28:57,2024-06-09 21:28:57,,,,"{'Azumarill': 1, 'Kabutops': 1, 'Rotom': 1, 'Houndoom': 1, 'Venusaur': 1}"
miracleberry17260,[Gen 4] UU,5,3,2,2014-06-29 16:54:49,2014-06-29 18:11:30,,,,"{'Moltres': 5, 'Tangrowth': 5, 'Hitmontop': 5, 'Rhyperior': 5, 'Mantine': 5, 'Spiritomb': 5}"
miracleeye40391,[Gen 4] UU,3,1,2,2016-03-13 04:51:25,2016-03-14 00:03:35,,,,"{'Omastar': 1, 'Steelix': 2, 'Rotom': 2, 'Spiritomb': 2, 'Houndoom': 2, 'Primeape': 2, 'Blaziken': 1, 'Altaria': 1, 'Ludicolo': 1, 'Claydol': 1, 'Cloyster': 1}"
miracleeye63989,[Gen 4] UU,2,2,0,2014-12-07 12:36:26,2015-02-01 13:00:20,,,,"{'Torkoal': 1, 'Medicham': 2, 'Mantine': 1, 'Skuntank': 1, 'Victreebel': 1, 'Gardevoir': 1, 'Charizard': 1, 'Sandslash': 1, 'Sneasel': 1, 'Slowking': 1, 'Ampharos': 1}"
miracleseed17798,[Gen 4] UU,1,0,1,2014-08-11 08:44:21,2014-08-11 08:44:21,,,,"{'Milotic': 1, 'Torterra': 1, 'Rotom': 1, 'Registeel': 1, 'Arcanine': 1, 'Ambipom': 1}"
miracleseed40801,[Gen 4] UU,2,2,0,2016-01-11 03:25:46,2016-01-11 03:34:24,,,,"{'Houndoom': 1, 'Uxie': 2, 'Torterra': 2, 'Spiritomb': 2, 'Toxicroak': 1, 'Rhyperior': 1}"
miracleseed87123,[Gen 4] UU,2,0,2,2015-12-29 15:34:40,2015-12-29 15:36:49,1000.0,1013.0,"[1013.0, 1000.0]","{'Toxicroak': 2, 'Ambipom': 2, 'Alakazam': 2, 'Sceptile': 2, 'Arcanine': 1, 'Blastoise': 1}"
miracleseed90268,[Gen 4] UU,1,1,0,2015-12-18 04:01:05,2015-12-18 04:01:05,,,,"{'Scyther': 1, 'Registeel': 1, 'Hitmonlee': 1, 'Houndoom': 1, 'Alakazam': 1, 'Donphan': 1}"
mirrorcoat78144,[Gen 4] UU,2,2,0,2024-07-14 17:43:32,2024-07-17 11:41:14,,,,"{'Registeel': 2, 'Scyther': 1, 'Hitmontop': 2, 'Slowbro': 1, 'Typhlosion': 1, 'Azumarill': 1, 'Uxie': 1, 'Alakazam': 1}"
mirrorcoat7827,[Gen 4] UU,4,2,2,2024-12-02 01:22:17,2024-12-15 09:46:21,,,,"{'Milotic': 1, 'Clefable': 1, 'Registeel': 1, 'Uxie': 1, 'Venusaur': 3, 'Mismagius': 3, 'Rhyperior': 2, 'Rotom': 2, 'Primeape': 2, 'Swellow': 2, 'Mesprit': 1, 'Qwilfish': 1, 'Arcanine': 1, 'Drifblim': 1}"
mirrorshot19949,[Gen 4] UU,1,0,1,2020-03-27 01:05:36,2020-03-27 01:05:36,,,,"{'Moltres': 1, 'Toxicroak': 1, 'Feraligatr': 1, 'Uxie': 1, 'Venusaur': 1, 'Donphan': 1}"
mirrorshot94076,[Gen 4] UU,3,0,3,2019-10-11 02:31:05,2019-11-07 21:24:28,,,,"{'Ludicolo': 3, 'Toxicroak': 3, 'Kabutops': 3, 'Dugtrio': 3, 'Registeel': 3, 'Uxie': 3}"
misdreavus29941,[Gen 4] UU,2,2,0,2017-04-21 01:46:55,2017-04-21 02:10:58,,,,"{'Milotic': 1, 'Blaziken': 1, 'Cacturne': 1, 'Rotom': 1, 'Uxie': 2, 'Sceptile': 1, 'Rhyperior': 1, 'Swellow': 1, 'Blastoise': 1}"
misdreavus89264,[Gen 4] UU,2,0,2,2018-03-05 01:05:01,2018-03-06 19:41:54,,,,"{'Kingler': 1, 'Torkoal': 1, 'Weezing': 2, 'Pikachu': 1, 'Linoone': 1, 'Swellow': 2, 'Claydol': 1, 'Sceptile': 1, 'Azumarill': 1, 'Hypno': 1}"
misdreavus94241,[Gen 4] UU,1,0,1,2019-05-24 01:50:22,2019-05-24 01:50:22,,,,"{'Ursaring': 1, 'Milotic': 1, 'Ludicolo': 1, 'Claydol': 1, 'Omastar': 1, 'Blaziken': 1}"
mismagius29684,[Gen 4] UU,3,1,2,2017-02-03 15:45:53,2017-02-03 16:15:28,,,,"{'Mesprit': 1, 'Kabutops': 1, 'Dugtrio': 1, 'Arcanine': 1, 'Swellow': 1, 'Leafeon': 1, 'Milotic': 2, 'Mismagius': 2, 'Houndoom': 2, 'Registeel': 2, 'Primeape': 2, 'Venusaur': 2}"
mismagius34053,[Gen 4] UU,1,0,1,2020-03-26 01:11:50,2020-03-26 01:11:50,1000.0,1000.0,[1000.0],"{'Sceptile': 1, 'Nidoking': 1, 'Crawdaunt': 1, 'Slowking': 1, 'Ambipom': 1, 'Donphan': 1}"
mist21242,[Gen 4] UU,2,2,0,2021-12-11 14:04:44,2021-12-11 14:09:42,,,,"{'Mesprit': 1, 'Aggron': 1, 'Slowbro': 1, 'Rhyperior': 1, 'Clefable': 1, 'Venusaur': 2, 'Mismagius': 1, 'Omastar': 1}"
mist39150,[Gen 4] UU,1,1,0,2020-04-20 17:40:23,2020-04-20 17:40:23,,,,"{'Chansey': 1, 'Donphan': 1, 'Leafeon': 1}"
mist98895,[Gen 4] UU,4,2,2,2015-03-20 01:40:12,2016-01-02 20:36:18,,,,"{'Lanturn': 2, 'Spiritomb': 2, 'Swellow': 2, 'Arcanine': 2, 'Ambipom': 3, 'Milotic': 2, 'Blaziken': 2, 'Claydol': 1, 'Uxie': 1, 'Venusaur': 2, 'Mesprit': 1, 'Blastoise': 1, 'Absol': 1}"
moltres26842,[Gen 4] UU,1,1,0,2017-02-15 07:15:34,2017-02-15 07:15:34,,,,"{'Exeggutor': 1, 'Omastar': 1, 'Toxicroak': 1, 'Rotom': 1, 'Houndoom': 1, 'Swellow': 1}"
moltres8360,[Gen 4] UU,4,0,4,2020-07-02 23:17:44,2020-07-06 17:39:05,,,,"{'Milotic': 1, 'Claydol': 4, 'Mismagius': 4, 'Toxicroak': 1, 'Arcanine': 4, 'Venusaur': 4, 'Qwilfish': 2, 'Hitmonlee': 3, 'Cloyster': 1}"
monferno99706,[Gen 4] UU,17,7,10,2016-11-27 22:31:48,2017-05-21 17:15:17,,,,"{'Omastar': 9, 'Hitmontop': 13, 'Rotom': 7, 'Lanturn': 3, 'Clefable': 9, 'Venusaur': 3, 'Qwilfish': 2, 'Registeel': 5, 'Arcanine': 2, 'Milotic': 10, 'Altaria': 1, 'Drapion': 3, 'Weezing': 5, 'Spiritomb': 5, 'Ludicolo': 1, 'Electrode': 1, 'Toxicroak': 1, 'Kabutops': 1, 'Uxie': 3, 'Bibarel': 1, 'Kingler': 1, 'Gligar': 1, 'Rhyperior': 1, 'Houndoom': 1, 'Leafeon': 1, 'Moltres': 1, 'Mismagius': 1, 'Camerupt': 1, 'Banette': 1, 'Porygon2': 1, 'Slowbro': 1, 'Marowak': 1, 'Clamperl': 1, 'Torterra': 1, 'Jynx': 1, 'Blaziken': 1}"
moonlight72505,[Gen 4] UU,1,0,1,2018-10-25 21:33:24,2018-10-25 21:33:24,,,,"{'Milotic': 1, 'Absol': 1, 'Rhyperior': 1, 'Venusaur': 1, 'Blaziken': 1, 'Alakazam': 1}"
moonlight96107,[Gen 4] UU,1,0,1,2016-01-30 05:31:30,2016-01-30 05:31:30,,,,"{'Milotic': 1, 'Mismagius': 1, 'Hitmontop': 1, 'Torterra': 1, 'Registeel': 1, 'Blaziken': 1}"
moonstone39314,[Gen 4] UU,2,0,2,2015-04-12 01:32:17,2015-04-19 01:50:34,,,,"{'Nidoqueen': 1, 'Steelix': 2, 'Miltank': 1, 'Rotom': 1, 'Registeel': 1, 'Articuno': 1, 'Shiftry': 1, 'Mismagius': 1, 'Entei': 1, 'Muk': 1, 'Girafarig': 1}"
moonstone43930,[Gen 4] UU,13,9,4,2024-12-08 04:18:00,2025-05-25 20:25:07,,,,"{'Scyther': 1, 'Rhyperior': 5, 'Houndoom': 2, 'Uxie': 4, 'Venusaur': 8, 'Blastoise': 3, 'Mismagius': 4, 'Entei': 1, 'Kabutops': 2, 'Clefable': 7, 'Glalie': 1, 'Absol': 1, 'Omastar': 2, 'Jynx': 1, 'Rotom': 2, 'Blaziken': 4, 'Feraligatr': 3, 'Moltres': 4, 'Mesprit': 1, 'Sharpedo': 1, 'Sceptile': 3, 'Tauros': 1, 'Registeel': 2, 'Slowking': 2, 'Arcanine': 2, 'Skuntank': 2, 'Donphan': 2, 'Toxicroak': 1, 'Torterra': 2, 'Azumarill': 1, 'Alakazam': 1, 'Milotic': 1, 'Weezing': 1}"
moonstone79375,[Gen 4] UU,1,0,1,2016-02-20 03:44:55,2016-02-20 03:44:55,1058.0,1058.0,[1058.0],"{'Blaziken': 1, 'Ludicolo': 1, 'Spiritomb': 1, 'Clefable': 1, 'Uxie': 1, 'Alakazam': 1}"
morningsun97966,[Gen 4] UU,2,0,2,2014-06-29 16:48:08,2014-06-29 17:38:07,,,,"{'Castform': 2, 'Walrein': 2, 'Lopunny': 2, 'Gardevoir': 2, 'Ambipom': 2, 'Donphan': 2}"
mothim36773,[Gen 4] UU,1,0,1,2017-02-27 21:24:38,2017-02-27 21:24:38,,,,"{'Altaria': 1, 'Torterra': 1, 'Poliwrath': 1, 'Muk': 1, 'Houndoom': 1, 'Ampharos': 1}"
mothim39680,[Gen 4] UU,1,0,1,2024-07-17 11:41:14,2024-07-17 11:41:14,,,,"{'Mesprit': 1, 'Kabutops': 1, 'Dugtrio': 1, 'Arcanine': 1, 'Swellow': 1, 'Leafeon': 1}"
mothim41319,[Gen 4] UU,1,0,1,2015-05-04 01:46:08,2015-05-04 01:46:08,,,,"{'Gorebyss': 1, 'Omastar': 1, 'Mr. Mime': 1, 'Hypno': 1, 'Blaziken': 1, 'Drifblim': 1}"
mothim84027,[Gen 4] UU,2,0,2,2017-06-20 16:38:50,2017-06-20 16:44:36,,,,"{'Rapidash': 1, 'Onix': 1, 'Victreebel': 1, 'Metang': 1, 'Purugly': 1, 'Tangela': 1, 'Machoke': 1, 'Xatu': 1, 'Octillery': 1, 'Marowak': 1, 'Solrock': 1, 'Chimecho': 1}"
mothim88056,[Gen 4] UU,2,0,2,2018-11-08 22:16:12,2018-11-28 18:50:05,,,,"{'Mismagius': 2, 'Sceptile': 2, 'Kabutops': 2, 'Registeel': 2, 'Arcanine': 2, 'Donphan': 2}"
motordrive2191,[Gen 4] UU,4,4,0,2022-04-03 00:05:34,2022-05-08 19:27:51,,,,"{'Rhyperior': 2, 'Toxicroak': 1, 'Rotom': 2, 'Clefable': 1, 'Arcanine': 2, 'Blastoise': 1, 'Scyther': 1, 'Milotic': 1, 'Hitmontop': 1, 'Dugtrio': 1, 'Registeel': 1, 'Uxie': 1, 'Mesprit': 1, 'Skuntank': 1, 'Feraligatr': 1, 'Venusaur': 1, 'Hariyama': 1, 'Qwilfish': 1, 'Torterra': 1, 'Houndoom': 1}"
motordrive39420,[Gen 4] UU,1,0,1,2015-01-08 19:49:13,2015-01-08 19:49:13,,,,"{'Snover': 1, 'Torkoal': 1, 'Nidoqueen': 1, 'Walrein': 1, 'Dusclops': 1, 'Slowking': 1}"
motordrive47930,[Gen 4] UU,1,0,1,2024-12-25 23:10:06,2024-12-25 23:10:06,,,,"{'Mismagius': 1, 'Omastar': 1, 'Rhyperior': 1, 'Toxicroak': 1, 'Slowking': 1, 'Ambipom': 1}"
motordrive50964,[Gen 4] UU,1,1,0,2016-06-07 15:02:16,2016-06-07 15:02:16,,,,"{'Regirock': 1, 'Haunter': 1, 'Hitmonchan': 1, 'Jynx': 1, 'Skuntank': 1, 'Manectric': 1}"
motordrive67595,[Gen 4] UU,1,0,1,2016-05-21 00:08:45,2016-05-21 00:08:45,,,,"{'Registeel': 1, 'Uxie': 1, 'Electrode': 1, 'Ludicolo': 1}"
mrmime10305,[Gen 4] UU,3,2,1,2017-01-14 20:31:24,2017-01-14 20:44:16,,,,"{'Registeel': 1, 'Uxie': 1, 'Ludicolo': 1, 'Moltres': 1, 'Mismagius': 1, 'Qwilfish': 1, 'Rhyperior': 1, 'Spiritomb': 1, 'Blastoise': 1, 'Omastar': 1, 'Kabutops': 1, 'Venusaur': 1, 'Rotom': 1, 'Houndoom': 1, 'Swellow': 1}"
mrmime16007,[Gen 4] UU,1,1,0,2020-04-23 10:48:06,2020-04-23 10:48:06,,,,"{'Ursaring': 1, 'Omastar': 1, 'Rotom': 1, 'Swellow': 1, 'Alakazam': 1}"
mrmime30982,[Gen 4] UU,1,1,0,2018-07-25 23:06:20,2018-07-25 23:06:20,,,,"{'Luxio': 1, 'Zubat': 1, 'Meditite': 1, 'Prinplup': 1, 'Bronzor': 1, 'Staravia': 1}"
mrmime57677,[Gen 4] UU,1,0,1,2018-03-10 02:12:45,2018-03-10 02:12:45,,,,"{'Ludicolo': 1, 'Kabutops': 1, 'Dugtrio': 1, 'Arcanine': 1, 'Swellow': 1, 'Leafeon': 1}"
mrmime91353,[Gen 4] UU,2,0,2,2017-11-05 19:37:09,2017-11-05 19:44:39,,,,"{'Ursaring': 1, 'Omastar': 1, 'Rotom': 2, 'Swellow': 1, 'Blaziken': 1, 'Alakazam': 2, 'Milotic': 1, 'Toxicroak': 1, 'Torterra': 1, 'Houndoom': 1}"
mudbomb16110,[Gen 4] UU,1,0,1,2024-12-03 20:58:07,2024-12-03 20:58:07,,,,"{'Pinsir': 1, 'Aggron': 1, 'Azumarill': 1, 'Rotom': 1, 'Houndoom': 1, 'Venusaur': 1}"
muddywater22285,[Gen 4] UU,1,1,0,2024-03-11 20:17:09,2024-03-11 20:17:09,1105.0,1105.0,[1105.0],"{'Milotic': 1, 'Absol': 1, 'Miltank': 1, 'Hitmonlee': 1, 'Gardevoir': 1}"
muddywater65658,[Gen 4] UU,1,0,1,2020-03-16 00:02:53,2020-03-16 00:02:53,,,,"{'Absol': 1, 'Mesprit': 1, 'Rhyperior': 1, 'Hitmontop': 1, 'Venusaur': 1, 'Ambipom': 1}"
muddywater9030,[Gen 4] UU,13,8,5,2018-03-03 01:44:04,2022-07-18 05:17:18,,,,"{'Altaria': 2, 'Rhyperior': 3, 'Spiritomb': 2, 'Houndoom': 3, 'Venusaur': 9, 'Blastoise': 2, 'Scyther': 1, 'Kabutops': 1, 'Rotom': 2, 'Moltres': 7, 'Lanturn': 1, 'Registeel': 2, 'Primeape': 1, 'Donphan': 7, 'Slowking': 5, 'Absol': 3, 'Clefable': 6, 'Milotic': 3, 'Dugtrio': 2, 'Exeggutor': 1, 'Claydol': 1, 'Medicham': 1, 'Slowbro': 1, 'Uxie': 2, 'Alakazam': 1, 'Tangrowth': 1, 'Drapion': 1}"
mudkip11664,[Gen 4] UU,13,9,4,2017-06-13 05:09:01,2017-07-07 00:01:28,,,,"{'Kadabra': 10, 'Monferno': 5, 'Poliwrath': 5, 'Bellossom': 4, 'Pelipper': 5, 'Rhydon': 11, 'Golduck': 5, 'Cacturne': 6, 'Metang': 6, 'Purugly': 2, 'Kecleon': 1, 'Golbat': 4, 'Lopunny': 2, 'Misdreavus': 2, 'Sneasel': 2, 'Regigigas': 1}"
mudkip27827,[Gen 4] UU,1,0,1,2024-10-27 18:21:04,2024-10-27 18:21:04,,,,"{'Staraptor': 1, 'Mesprit': 1, 'Kabutops': 1, 'Dugtrio': 1, 'Arcanine': 1, 'Swellow': 1}"
mudkip8641,[Gen 4] UU,15,8,7,2017-10-15 02:08:09,2020-08-24 00:05:46,,,,"{'Politoed': 1, 'Magmortar': 1, 'Magneton': 1, 'Haunter': 1, 'Jynx': 1, 'Piloswine': 2, 'Machoke': 1, 'Poliwrath': 6, 'Cacturne': 5, 'Rhydon': 2, 'Misdreavus': 11, 'Golbat': 3, 'Monferno': 1, 'Croconaw': 1, 'Grovyle': 1, 'Moltres': 1, 'Milotic': 1, 'Clefable': 1, 'Venusaur': 1, 'Donphan': 1, 'Rapidash': 5, 'Armaldo': 3, 'Muk': 5, 'Bronzor': 3, 'Lickilicky': 3, 'Xatu': 1, 'Marowak': 2, 'Victreebel': 2, 'Electabuzz': 5, 'Glalie': 1, 'Murkrow': 1, 'Pelipper': 3, 'Solrock': 1, 'Metang': 3, 'Purugly': 1, 'Gastrodon': 1, 'Gastrodon-East': 1, 'Bellossom': 1}"
mudshot1390,[Gen 4] UU,1,0,1,2024-03-02 18:09:07,2024-03-02 18:09:07,1026.0,1026.0,[1026.0],"{'Altaria': 1, 'Claydol': 1, 'Drapion': 1, 'Sceptile': 1, 'Feraligatr': 1, 'Arcanine': 1}"
mudshot24010,[Gen 4] UU,2,0,2,2024-09-14 23:30:34,2024-09-14 23:38:08,,,,"{'Ludicolo': 1, 'Toxicroak': 1, 'Kabutops': 1, 'Dugtrio': 1, 'Registeel': 1, 'Uxie': 1, 'Kangaskhan': 1, 'Mismagius': 1, 'Omastar': 1, 'Spiritomb': 1, 'Blaziken': 1}"
mudshot79418,[Gen 4] UU,1,0,1,2023-12-18 17:10:01,2023-12-18 17:10:01,,,,"{'Milotic': 1, 'Absol': 1, 'Aggron': 1, 'Nidoking': 1, 'Registeel': 1, 'Arcanine': 1}"
mudslap52632,[Gen 4] UU,1,1,0,2020-06-28 07:00:29,2020-06-28 07:00:29,,,,"{'Regigigas': 1, 'Dugtrio': 1, 'Mesprit': 1, 'Blaziken': 1}"
mudslap74604,[Gen 4] UU,1,0,1,2020-05-10 20:45:45,2020-05-10 20:45:45,,,,"{'Moltres': 1, 'Mismagius': 1, 'Qwilfish': 1, 'Rhyperior': 1, 'Spiritomb': 1, 'Blastoise': 1}"
mudslap95533,[Gen 4] UU,1,1,0,2020-05-21 20:54:24,2020-05-21 20:54:24,,,,"{'Altaria': 1, 'Toxicroak': 1, 'Kabutops': 1, 'Steelix': 1, 'Dugtrio': 1, 'Leafeon': 1}"
mudsport17113,[Gen 4] UU,1,0,1,2025-05-18 14:40:05,2025-05-18 14:40:05,,,,"{'Kangaskhan': 1, 'Mismagius': 1, 'Omastar': 1, 'Spiritomb': 1, 'Blaziken': 1, 'Alakazam': 1}"
mudsport17212,[Gen 4] UU,1,0,1,2020-03-19 01:31:07,2020-03-19 01:31:07,,,,"{'Rhyperior': 1, 'Rotom': 1, 'Alakazam': 1, 'Registeel': 1, 'Arcanine': 1, 'Venusaur': 1}"
mudsport96573,[Gen 4] UU,3,1,2,2016-07-02 14:18:46,2016-07-19 12:38:25,,,,"{'Politoed': 2, 'Camerupt': 1, 'Banette': 1, 'Bellossom': 1, 'Linoone': 1, 'Probopass': 1, 'Kecleon': 1, 'Spinda': 1, 'Zangoose': 1, 'Castform': 1, 'Exploud': 1, 'Slaking': 1, 'Rampardos': 1, 'Regice': 1, 'Monferno': 1, 'Victreebel': 1, 'Relicanth': 1}"
muk48431,[Gen 4] UU,1,0,1,2015-07-05 07:04:17,2015-07-05 07:04:17,,,,"{'Tangrowth': 1, 'Scyther': 1, 'Claydol': 1, 'Azumarill': 1, 'Miltank': 1, 'Arcanine': 1}"
muk87750,[Gen 4] UU,1,1,0,2019-05-14 23:13:01,2019-05-14 23:13:01,,,,"{'Aggron': 1, 'Feraligatr': 1, 'Rotom': 1, 'Houndoom': 1, 'Uxie': 1, 'Venusaur': 1}"
muk9797,[Gen 4] UU,1,0,1,2020-04-29 16:18:42,2020-04-29 16:18:42,,,,"{'Tangrowth': 1, 'Milotic': 1, 'Hitmontop': 1, 'Miltank': 1, 'Rotom': 1, 'Uxie': 1}"
multitype73036,[Gen 4] UU,1,1,0,2021-12-17 19:59:58,2021-12-17 19:59:58,,,,"{'Mesprit': 1, 'Sceptile': 1, 'Feraligatr': 1, 'Registeel': 1, 'Arcanine': 1, 'Donphan': 1}"
multitype87479,[Gen 4] UU,3,1,2,2017-01-02 21:31:51,2017-01-02 21:35:29,,,,"{'Poliwrath': 3, 'Mr. Mime': 2, 'Linoone': 2, 'Rhydon': 3, 'Misdreavus': 2, 'Rapidash': 1, 'Gabite': 1, 'Victreebel': 1, 'Glalie': 1, 'Yanma': 1}"
munchlax14135,[Gen 4] UU,25,13,12,2018-10-11 21:40:03,2022-07-14 18:41:39,,,,"{'Milotic': 15, 'Registeel': 11, 'Rotom': 7, 'Houndoom': 5, 'Venusaur': 14, 'Donphan': 12, 'Uxie': 8, 'Moltres': 6, 'Kabutops': 4, 'Dugtrio': 3, 'Clefable': 7, 'Mismagius': 7, 'Sceptile': 3, 'Arcanine': 2, 'Ludicolo': 1, 'Qwilfish': 5, 'Drapion': 1, 'Hariyama': 1, 'Mesprit': 6, 'Aggron': 7, 'Toxicroak': 2, 'Torterra': 4, 'Blastoise': 1, 'Alakazam': 1, 'Spiritomb': 1, 'Blaziken': 2, 'Steelix': 1, 'Rhyperior': 1, 'Ursaring': 1, 'Hitmonlee': 1, 'Scyther': 1, 'Omastar': 1, 'Primeape': 1}"
munchlax33022,[Gen 4] UU,2,1,1,2024-12-02 17:59:56,2024-12-02 18:28:50,,,,"{'Mismagius': 1, 'Qwilfish': 2, 'Clefable': 1, 'Arcanine': 2, 'Alakazam': 1, 'Leafeon': 1, 'Venusaur': 1, 'Donphan': 1}"
munchlax93229,[Gen 4] UU,4,2,2,2016-07-06 10:18:51,2017-06-03 17:24:53,,,,"{'Machoke': 3, 'Poliwrath': 2, 'Cacturne': 2, 'Rhydon': 2, 'Misdreavus': 3, 'Golbat': 1, 'Gorebyss': 1, 'Golem': 1, 'Linoone': 1, 'Raichu': 1, 'Rapidash': 1, 'Onix': 1, 'Victreebel': 1, 'Metang': 1, 'Purugly': 1, 'Tangela': 1}"
murkrow22322,[Gen 4] UU,1,1,0,2018-03-22 15:22:23,2018-03-22 15:22:23,,,,"{'Moltres': 1, 'Milotic': 1, 'Aggron': 1, 'Clefable': 1, 'Donphan': 1}"
murkrow25344,[Gen 4] UU,1,0,1,2019-11-13 00:30:39,2019-11-13 00:30:39,,,,"{'Shelgon': 1, 'Monferno': 1, 'Wartortle': 1, 'Vigoroth': 1, 'Roselia': 1, 'Misdreavus': 1}"
murkrow49415,[Gen 4] UU,3,1,2,2024-11-26 14:09:21,2024-11-26 14:21:16,,,,"{'Scyther': 1, 'Milotic': 2, 'Altaria': 1, 'Sceptile': 1, 'Rhyperior': 2, 'Hitmontop': 1, 'Shiftry': 1, 'Ninetales': 1, 'Kangaskhan': 1, 'Claydol': 1, 'Quagsire': 1, 'Alakazam': 1, 'Toxicroak': 1, 'Jynx': 1, 'Clefable': 1, 'Feraligatr': 1}"
murkrow80291,[Gen 4] UU,1,1,0,2019-04-14 11:00:21,2019-04-14 11:00:21,,,,"{'Milotic': 1, 'Omastar': 1, 'Hitmontop': 1, 'Weezing': 1, 'Spiritomb': 1}"
muscleband9386,[Gen 4] UU,1,0,1,2015-04-06 16:37:38,2015-04-06 16:37:38,,,,"{'Milotic': 1, 'Toxicroak': 1, 'Rhyperior': 1, 'Rotom': 1, 'Houndoom': 1, 'Uxie': 1}"
mysteryberry83821,[Gen 4] UU,10,7,3,2022-05-31 14:47:46,2025-05-29 18:08:53,,,,"{'Qwilfish': 6, 'Uxie': 2, 'Rhyperior': 2, 'Mismagius': 10, 'Milotic': 3, 'Kangaskhan': 3, 'Rotom': 3, 'Registeel': 8, 'Venusaur': 3, 'Exeggutor': 3, 'Blaziken': 3, 'Ambipom': 3, 'Arcanine': 1, 'Donphan': 1, 'Hitmonlee': 1, 'Houndoom': 1}"
mysticwater28139,[Gen 4] UU,1,0,1,2015-08-11 22:57:28,2015-08-11 22:57:28,,,,"{'Tangrowth': 1, 'Slowbro': 1, 'Hitmontop': 1, 'Venusaur': 1, 'Blaziken': 1, 'Ambipom': 1}"
nastyplot24306,[Gen 4] UU,1,1,0,2019-05-31 04:24:17,2019-05-31 04:24:17,,,,"{'Slowbro': 1, 'Entei': 1, 'Magneton': 1, 'Steelix': 1, 'Miltank': 1, 'Venusaur': 1}"
nastyplot45566,[Gen 4] UU,9,5,4,2017-06-03 12:05:58,2019-06-03 14:22:52,,,,"{'Kadabra': 1, 'Probopass': 2, 'Gastrodon': 1, 'Misdreavus': 4, 'Golbat': 3, 'Poliwrath': 6, 'Mr. Mime': 3, 'Muk': 1, 'Sableye': 2, 'Rhydon': 3, 'Lickilicky': 2, 'Cacturne': 3, 'Pelipper': 1, 'Electabuzz': 1, 'Purugly': 1, 'Rapidash': 2, 'Victreebel': 2, 'Metang': 2, 'Relicanth': 1, 'Ludicolo': 1, 'Omastar': 1, 'Toxicroak': 1, 'Dugtrio': 1, 'Registeel': 1, 'Uxie': 1, 'Machoke': 2}"
nastyplot69474,[Gen 4] UU,1,0,1,2015-03-06 14:25:01,2015-03-06 14:25:01,,,,"{'Moltres': 1, 'Hariyama': 1, 'Claydol': 1, 'Aggron': 1, 'Feraligatr': 1, 'Venusaur': 1}"
nastyplot91760,[Gen 4] UU,9,8,1,2020-03-03 01:10:51,2020-03-05 11:52:28,,,,"{'Kangaskhan': 3, 'Qwilfish': 8, 'Torterra': 9, 'Rotom': 4, 'Slowking': 7, 'Primeape': 6, 'Scyther': 2, 'Toxicroak': 1, 'Regirock': 1, 'Houndoom': 2, 'Blastoise': 1, 'Kabutops': 1}"
natu30064,[Gen 4] UU,1,0,1,2015-10-29 22:55:01,2015-10-29 22:55:01,1034.0,1034.0,[1034.0],"{'Charizard': 1, 'Azumarill': 1, 'Cacturne': 1, 'Miltank': 1, 'Blaziken': 1, 'Donphan': 1}"
naturalcure94350,[Gen 4] UU,4,2,2,2019-05-10 17:39:36,2022-08-14 17:23:34,,,,"{'Cloyster': 2, 'Exeggutor': 2, 'Electrode': 2, 'Skuntank': 2, 'Registeel': 3, 'Blaziken': 3, 'Mismagius': 1, 'Azumarill': 1, 'Regirock': 1, 'Clefable': 2, 'Leafeon': 1, 'Mesprit': 1, 'Dugtrio': 1, 'Arcanine': 1, 'Blastoise': 1}"
naturalgift71756,[Gen 4] UU,17,12,5,2016-07-04 21:43:44,2019-12-29 11:04:17,,,,"{'Torkoal': 2, 'Bellossom': 4, 'Electabuzz': 6, 'Purugly': 7, 'Gastrodon': 3, 'Yanma': 2, 'Gastrodon-East': 1, 'Poliwrath': 7, 'Muk': 4, 'Drifblim': 1, 'Meganium': 1, 'Armaldo': 1, 'Sableye': 3, 'Rhydon': 6, 'Machoke': 2, 'Cacturne': 2, 'Misdreavus': 3, 'Golbat': 4, 'Ludicolo': 1, 'Omastar': 1, 'Qwilfish': 1, 'Clefable': 2, 'Uxie': 1, 'Monferno': 2, 'Metang': 6, 'Mr. Mime': 2, 'Lickilicky': 2, 'Rapidash': 1, 'Onix': 1, 'Victreebel': 2, 'Tangela': 1, 'Dragonair': 1, 'Pelipper': 1, 'Sneasel': 1, 'Regigigas': 1, 'Rampardos': 1, 'Girafarig': 1, 'Linoone': 1, 'Moltres': 1, 'Milotic': 1, 'Aggron': 1, 'Venusaur': 1, 'Donphan': 1}"
naturalgift76694,[Gen 4] UU,2,0,2,2020-01-10 02:07:27,2020-01-11 00:56:58,,,,"{'Moltres': 2, 'Toxicroak': 2, 'Feraligatr': 2, 'Uxie': 2, 'Venusaur': 2, 'Donphan': 1}"
naturalgift86766,[Gen 4] UU,1,1,0,2024-04-19 21:51:14,2024-04-19 21:51:14,,,,"{'Mesprit': 1, 'Mismagius': 1, 'Houndoom': 1, 'Kabutops': 1, 'Registeel': 1, 'Venusaur': 1}"
naturalgift95041,[Gen 4] UU,1,1,0,2018-03-30 15:31:46,2018-03-30 15:31:46,,,,"{'Moltres': 1, 'Mismagius': 1, 'Qwilfish': 1, 'Rhyperior': 1, 'Spiritomb': 1, 'Blastoise': 1}"
naturepower56647,[Gen 4] UU,9,4,5,2015-04-13 06:58:30,2017-01-18 21:11:26,,,,"{'Jynx': 2, 'Medicham': 2, 'Meganium': 2, 'Probopass': 2, 'Moltres': 4, 'Milotic': 4, 'Sceptile': 4, 'Hitmontop': 4, 'Spiritomb': 5, 'Registeel': 4, 'Snover': 2, 'Kabutops': 1, 'Chansey': 1, 'Uxie': 1, 'Articuno': 1, 'Nidoking': 1, 'Dugtrio': 1, 'Houndoom': 1, 'Swellow': 1, 'Blastoise': 1, 'Leafeon': 1, 'Magmortar': 1, 'Tauros': 1, 'Nidoqueen': 1, 'Hitmonchan': 1, 'Walrein': 1, 'Hypno': 1, 'Lickilicky': 1}"
naturepower57210,[Gen 4] UU,8,3,5,2018-03-25 18:29:50,2019-05-01 23:09:43,,,,"{'Mismagius': 4, 'Sceptile': 3, 'Hitmonlee': 3, 'Feraligatr': 3, 'Arcanine': 3, 'Donphan': 3, 'Ludicolo': 4, 'Toxicroak': 4, 'Kabutops': 5, 'Dugtrio': 3, 'Registeel': 4, 'Uxie': 5, 'Blaziken': 1, 'Miltank': 1, 'Drapion': 1}"
needlearm25079,[Gen 4] UU,3,1,2,2019-09-21 12:45:27,2020-03-19 01:31:07,,,,"{'Absol': 2, 'Mismagius': 2, 'Alakazam': 2, 'Clefable': 2, 'Blaziken': 2, 'Venusaur': 2, 'Ludicolo': 1, 'Toxicroak': 1, 'Kabutops': 1, 'Dugtrio': 1, 'Registeel': 1, 'Uxie': 1}"
needlearm44857,[Gen 4] UU,4,1,3,2018-10-04 01:35:33,2018-10-04 02:39:55,,,,"{'Moltres': 4, 'Mr. Mime': 4, 'Dugtrio': 4, 'Registeel': 4, 'Venusaur': 4, 'Blastoise': 4}"
needlearm48974,[Gen 4] UU,1,0,1,2019-08-04 06:04:59,2019-08-04 06:04:59,,,,"{'Moltres': 1, 'Rotom': 1, 'Dugtrio': 1, 'Registeel': 1, 'Venusaur': 1, 'Blastoise': 1}"
nestball41620,[Gen 4] UU,3,3,0,2015-06-16 19:31:55,2015-06-16 19:48:53,,,,"{'Scyther': 3, 'Omastar': 3, 'Torterra': 2, 'Lanturn': 1, 'Houndoom': 2, 'Donphan': 2}"
nestball67163,[Gen 4] UU,9,2,7,2016-07-08 13:41:35,2016-10-30 19:12:31,,,,"{'Nidoking': 1, 'Dugtrio': 3, 'Houndoom': 2, 'Swellow': 3, 'Blastoise': 1, 'Leafeon': 2, 'Ludicolo': 1, 'Toxicroak': 3, 'Kabutops': 5, 'Registeel': 3, 'Uxie': 1, 'Milotic': 3, 'Rhyperior': 1, 'Jynx': 1, 'Clefable': 1, 'Feraligatr': 1, 'Mismagius': 2, 'Primeape': 1, 'Venusaur': 1, 'Moltres': 1, 'Torterra': 2, 'Poliwrath': 1, 'Drapion': 2, 'Ambipom': 1, 'Rotom': 2, 'Arcanine': 3, 'Sceptile': 1, 'Donphan': 1, 'Mesprit': 1, 'Exeggutor': 1, 'Omastar': 1}"
netball11678,[Gen 4] UU,2,0,2,2017-01-11 00:21:13,2017-01-11 00:28:17,,,,"{'Wailord': 1, 'Shelgon': 1, 'Bellossom': 1, 'Muk': 1, 'Furret': 1, 'Rhydon': 1, 'Politoed': 1, 'Gabite': 1, 'Cacturne': 1, 'Dusclops': 1, 'Raichu': 1, 'Articuno': 1}"
netball19621,[Gen 4] UU,2,2,0,2024-03-18 15:48:03,2024-03-19 20:45:45,1061.0,1093.0,"[1061.0, 1093.0]","{'Spiritomb': 1, 'Kangaskhan': 1, 'Omastar': 2, 'Hitmontop': 1, 'Mismagius': 1}"
netball19690,[Gen 4] UU,3,1,2,2015-07-30 12:35:44,2015-10-14 15:52:33,,,,"{'Ursaring': 1, 'Blaziken': 1, 'Alakazam': 1, 'Omastar': 1, 'Scyther': 2, 'Tauros': 1, 'Azumarill': 1, 'Houndoom': 1, 'Venusaur': 1, 'Donphan': 1, 'Cloyster': 1, 'Exeggutor': 1, 'Kangaskhan': 1, 'Mismagius': 1, 'Chansey': 1}"
netball53475,[Gen 4] UU,1,0,1,2020-08-04 14:46:52,2020-08-04 14:46:52,,,,"{'Mesprit': 1, 'Ludicolo': 1, 'Toxicroak': 1, 'Kabutops': 1, 'Dugtrio': 1, 'Registeel': 1}"
netball58599,[Gen 4] UU,1,0,1,2018-10-13 15:54:28,2018-10-13 15:54:28,,,,"{'Moltres': 1, 'Milotic': 1, 'Aggron': 1, 'Clefable': 1, 'Venusaur': 1, 'Donphan': 1}"
netball72235,[Gen 4] UU,3,1,2,2016-04-14 12:19:39,2016-05-02 18:06:34,,,,"{'Camerupt': 1, 'Lapras': 2, 'Weezing': 1, 'Steelix': 1, 'Clefable': 1, 'Venusaur': 2, 'Meganium': 1, 'Tropius': 1, 'Wigglytuff': 1, 'Pikachu': 1, 'Raichu': 1, 'Moltres': 1, 'Rotom': 1, 'Dugtrio': 1, 'Registeel': 1, 'Blastoise': 1}"
nevermeltice12906,[Gen 4] UU,1,0,1,2017-02-08 21:36:17,2017-02-08 21:36:17,,,,"{'Ludicolo': 1, 'Toxicroak': 1, 'Kabutops': 1, 'Dugtrio': 1, 'Registeel': 1, 'Uxie': 1}"
nevermeltice51684,[Gen 4] UU,7,5,2,2017-05-30 19:07:54,2017-06-13 18:44:15,,,,"{'Rapidash': 2, 'Onix': 3, 'Victreebel': 3, 'Metang': 3, 'Purugly': 3, 'Tangela': 3, 'Kadabra': 1, 'Monferno': 1, 'Probopass': 1, 'Gastrodon': 1, 'Misdreavus': 1, 'Golbat': 1, 'Poliwrath': 3, 'Muk': 3, 'Sableye': 3, 'Rhydon': 3, 'Lickilicky': 3, 'Mr. Mime': 2}"
nevermeltice98162,[Gen 4] UU,1,1,0,2018-09-20 21:47:11,2018-09-20 21:47:11,,,,"{'Qwilfish': 1, 'Rotom': 1, 'Clefable': 1, 'Blaziken': 1, 'Alakazam': 1, 'Donphan': 1}"
nidoking16580,[Gen 4] UU,3,0,3,2020-07-01 22:14:41,2024-03-02 15:15:41,1065.0,1067.0,"[1067.0, 1065.0]","{'Ursaring': 2, 'Exeggutor': 2, 'Mismagius': 2, 'Torterra': 2, 'Lanturn': 2, 'Blaziken': 3, 'Altaria': 1, 'Absol': 1, 'Claydol': 1, 'Sceptile': 1, 'Alakazam': 1}"
nidoqueen26143,[Gen 4] UU,2,1,1,2020-06-12 00:09:55,2020-06-12 00:29:36,,,,"{'Aggron': 2, 'Kabutops': 1, 'Lanturn': 2, 'Alakazam': 2, 'Blaziken': 2, 'Venusaur': 2}"
nidoqueen66603,[Gen 4] UU,6,1,5,2016-05-28 18:48:20,2017-11-07 16:10:47,,,,"{'Shiftry': 1, 'Typhlosion': 2, 'Regirock': 1, 'Victreebel': 1, 'Persian': 1, 'Hypno': 1, 'Charizard': 1, 'Zangoose': 2, 'Armaldo': 2, 'Skuntank': 2, 'Manectric': 2, 'Slowking': 2, 'Blaziken': 1, 'Hitmontop': 1, 'Torterra': 1, 'Lanturn': 1, 'Uxie': 1, 'Swellow': 1, 'Meganium': 1, 'Gardevoir': 1, 'Linoone': 1, 'Gastrodon': 1, 'Fearow': 1, 'Bibarel': 1, 'Gorebyss': 1, 'Gligar': 1, 'Dodrio': 1, 'Mr. Mime': 1, 'Lopunny': 1}"
nidoranm11849,[Gen 4] UU,1,0,1,2015-05-09 21:55:40,2015-05-09 21:55:40,,,,"{'Hariyama': 1, 'Drapion': 1, 'Qwilfish': 1, 'Rhyperior': 1, 'Arcanine': 1, 'Leafeon': 1}"
nidorina19283,[Gen 4] UU,3,2,1,2017-01-18 19:01:22,2017-01-18 21:18:34,,,,"{'Milotic': 1, 'Hitmontop': 2, 'Nidoqueen': 1, 'Chansey': 1, 'Spiritomb': 1, 'Clefable': 2, 'Moltres': 1, 'Steelix': 1, 'Rotom': 1, 'Drapion': 1, 'Venusaur': 1, 'Blastoise': 1, 'Snover': 1, 'Slowbro': 1, 'Dugtrio': 1, 'Articuno': 1}"
nidorina35129,[Gen 4] UU,7,1,6,2024-05-06 02:06:24,2024-06-08 15:10:08,,,,"{'Scyther': 2, 'Rhyperior': 2, 'Toxicroak': 3, 'Rotom': 2, 'Alakazam': 2, 'Blastoise': 3, 'Cloyster': 1, 'Mismagius': 2, 'Sceptile': 1, 'Aggron': 3, 'Houndoom': 2, 'Primeape': 1, 'Mesprit': 1, 'Torterra': 3, 'Azumarill': 1, 'Hariyama': 1, 'Weezing': 1, 'Registeel': 1, 'Exeggutor': 1, 'Regirock': 1, 'Skuntank': 1, 'Lanturn': 1, 'Glalie': 1, 'Drifblim': 1, 'Blaziken': 1, 'Feraligatr': 1, 'Uxie': 1}"
nidorina71837,[Gen 4] UU,1,1,0,2019-12-25 14:55:35,2019-12-25 14:55:35,,,,"{'Donphan': 1, 'Mismagius': 1, 'Houndoom': 1, 'Registeel': 1, 'Venusaur': 1, 'Blastoise': 1}"
nidorino4650,[Gen 4] UU,1,0,1,2017-03-24 11:32:49,2017-03-24 11:32:49,,,,"{'Snover': 1, 'Hitmontop': 1, 'Nidoqueen': 1, 'Walrein': 1, 'Spiritomb': 1}"
nidorino83461,[Gen 4] UU,1,0,1,2024-04-20 20:50:17,2024-04-20 20:50:17,,,,"{'Moltres': 1, 'Venusaur': 1, 'Dugtrio': 1, 'Registeel': 1, 'Arcanine': 1, 'Swellow': 1}"
nightmare20514,[Gen 4] UU,1,1,0,2023-12-10 14:15:37,2023-12-10 14:15:37,,,,"{'Glalie': 1, 'Regirock': 1, 'Drifblim': 1}"
nightshade12814,[Gen 4] UU,4,3,1,2017-11-03 01:52:23,2017-11-05 18:37:34,,,,"{'Moltres': 2, 'Hariyama': 2, 'Rotom': 2, 'Registeel': 2, 'Venusaur': 2, 'Blastoise': 2, 'Machoke': 1, 'Poliwrath': 1, 'Rhydon': 1, 'Misdreavus': 1, 'Golbat': 1, 'Shiftry': 1, 'Regirock': 1, 'Victreebel': 1, 'Persian': 1, 'Hypno': 1}"
nightshade36479,[Gen 4] UU,1,0,1,2015-05-04 01:22:01,2015-05-04 01:22:01,,,,"{'Moltres': 1, 'Milotic': 1, 'Exeggutor': 1, 'Aggron': 1, 'Spiritomb': 1, 'Donphan': 1}"
nightshade45410,[Gen 4] UU,11,7,4,2024-05-10 06:11:11,2024-06-22 17:30:09,,,,"{'Uxie': 8, 'Mismagius': 5, 'Kabutops': 5, 'Registeel': 5, 'Blaziken': 1, 'Primeape': 1, 'Ludicolo': 3, 'Qwilfish': 5, 'Electrode': 2, 'Aggron': 2, 'Azumarill': 2, 'Miltank': 1, 'Rotom': 1, 'Houndoom': 4, 'Venusaur': 3, 'Mesprit': 1, 'Leafeon': 2, 'Swellow': 1, 'Donphan': 1, 'Omastar': 2, 'Spiritomb': 1, 'Ambipom': 2, 'Scyther': 1, 'Regirock': 1, 'Feraligatr': 1, 'Altaria': 1, 'Dugtrio': 1}"
nightshade47267,[Gen 4] UU,4,2,2,2020-06-12 11:28:34,2020-06-12 12:23:20,,,,"{'Moltres': 1, 'Toxicroak': 2, 'Feraligatr': 1, 'Uxie': 3, 'Venusaur': 1, 'Donphan': 1, 'Exeggutor': 1, 'Omastar': 1, 'Rotom': 2, 'Houndoom': 1, 'Swellow': 1, 'Ursaring': 1, 'Mismagius': 1, 'Qwilfish': 1, 'Hitmonlee': 1, 'Ludicolo': 1, 'Kabutops': 1, 'Dugtrio': 1, 'Registeel': 1}"
nightshade53044,[Gen 4] UU,5,5,0,2014-12-31 05:19:31,2015-01-10 04:50:30,,,,"{'Magmortar': 1, 'Vileplume': 1, 'Charizard': 1, 'Gligar': 1, 'Sandslash': 1, 'Typhlosion': 1, 'Tauros': 2, 'Regirock': 2, 'Haunter': 2, 'Manectric': 2, 'Slowking': 2, 'Glalie': 2, 'Gorebyss': 2, 'Medicham': 1, 'Electrode': 2, 'Skuntank': 1, 'Lickilicky': 2, 'Relicanth': 2}"
nightshade62343,[Gen 4] UU,1,0,1,2024-08-18 15:35:13,2024-08-18 15:35:13,,,,"{'Uxie': 1, 'Rhyperior': 1, 'Ampharos': 1}"
nightshade63021,[Gen 4] UU,2,1,1,2016-10-31 05:02:20,2016-10-31 05:14:36,1022.0,1022.0,[1022.0],"{'Ursaring': 1, 'Scyther': 2, 'Shiftry': 2, 'Rhyperior': 2, 'Drapion': 2, 'Primeape': 2}"
nightslash42743,[Gen 4] UU,1,0,1,2018-04-18 15:16:18,2018-04-18 15:16:18,,,,"{'Moltres': 1, 'Milotic': 1, 'Aggron': 1, 'Clefable': 1, 'Venusaur': 1, 'Donphan': 1}"
nincada36254,[Gen 4] UU,1,0,1,2020-03-13 17:40:14,2020-03-13 17:40:14,,,,"{'Moltres': 1, 'Absol': 1, 'Toxicroak': 1, 'Kabutops': 1, 'Dugtrio': 1, 'Venusaur': 1}"
nincada74397,[Gen 4] UU,1,1,0,2016-05-02 23:28:59,2016-05-02 23:28:59,,,,"{'Kabutops': 1, 'Rotom': 1, 'Chansey': 1, 'Venusaur': 1, 'Donphan': 1}"
nincada81338,[Gen 4] UU,6,2,4,2018-10-21 06:28:13,2018-10-21 07:35:26,,,,"{'Milotic': 2, 'Sceptile': 3, 'Nidoking': 2, 'Rhyperior': 2, 'Toxicroak': 2, 'Exploud': 1, 'Luxray': 1, 'Snorunt': 1, 'Typhlosion': 1, 'Blaziken': 1, 'Delibird': 1, 'Exeggutor': 2, 'Ludicolo': 2, 'Claydol': 2, 'Aggron': 2, 'Crawdaunt': 2, 'Arcanine': 2, 'Altaria': 1, 'Kangaskhan': 1, 'Hitmontop': 1, 'Feraligatr': 1, 'Alakazam': 1, 'Blastoise': 1}"
ninetales38377,[Gen 4] UU,1,1,0,2020-03-28 05:14:45,2020-03-28 05:14:45,,,,"{'Uxie': 1, 'Mismagius': 1}"
ninetales57404,[Gen 4] UU,2,0,2,2014-06-29 16:48:05,2014-06-29 17:15:35,,,,"{'Milotic': 2, 'Absol': 2, 'Mismagius': 2, 'Weezing': 2, 'Hitmonchan': 2, 'Donphan': 2}"
ninetales8082,[Gen 4] UU,2,0,2,2020-05-21 15:45:03,2020-05-27 12:54:07,,,,"{'Milotic': 1, 'Mismagius': 1, 'Steelix': 1, 'Venusaur': 1, 'Blaziken': 1, 'Swellow': 1, 'Toxicroak': 1, 'Torterra': 1, 'Kabutops': 1, 'Clefable': 1, 'Houndoom': 1, 'Alakazam': 1}"
ninjask30269,[Gen 4] UU,1,0,1,2018-03-02 12:33:28,2018-03-02 12:33:28,,,,"{'Lunatone': 1, 'Shiftry': 1, 'Ninetales': 1, 'Kangaskhan': 1, 'Claydol': 1, 'Quagsire': 1}"
ninjask45400,[Gen 4] UU,20,8,12,2016-08-06 03:49:02,2023-05-06 23:01:18,,,,"{'Scyther': 2, 'Sceptile': 4, 'Qwilfish': 1, 'Rotom': 2, 'Houndoom': 1, 'Donphan': 3, 'Moltres': 4, 'Torterra': 4, 'Kabutops': 6, 'Poliwrath': 2, 'Drapion': 4, 'Ambipom': 3, 'Blaziken': 8, 'Mismagius': 6, 'Ludicolo': 3, 'Registeel': 10, 'Uxie': 7, 'Electrode': 2, 'Dugtrio': 2, 'Rhyperior': 6, 'Swellow': 2, 'Blastoise': 3, 'Slowking': 3, 'Leafeon': 3, 'Milotic': 5, 'Arcanine': 3, 'Weezing': 1, 'Clefable': 2, 'Venusaur': 4, 'Mesprit': 1, 'Skuntank': 1, 'Feraligatr': 1, 'Alakazam': 1, 'Nidoking': 1, 'Gligar': 1, 'Cacturne': 1, 'Spiritomb': 1, 'Hippopotas': 1, 'Toxicroak': 1}"
nknownability24024,[Gen 4] UU,10,1,9,2016-03-13 03:51:18,2018-10-03 15:30:06,,,,"{'Milotic': 3, 'Manectric': 1, 'Toxicroak': 1, 'Registeel': 1, 'Arcanine': 4, 'Donphan': 1, 'Hariyama': 1, 'Mismagius': 1, 'Hitmontop': 3, 'Azumarill': 1, 'Venusaur': 1, 'Exeggutor': 5, 'Aggron': 5, 'Qwilfish': 5, 'Miltank': 5, 'Clefable': 7, 'Omastar': 2, 'Spiritomb': 1, 'Ursaring': 3, 'Sudowoodo': 1, 'Nidoqueen': 1, 'Volbeat': 1, 'Stantler': 1, 'Relicanth': 1, 'Drifblim': 1}"
nknownability28560,[Gen 4] UU,3,2,1,2016-09-05 21:57:29,2016-09-10 12:43:13,,,,"{'Bibarel': 1, 'Gligar': 1, 'Aggron': 1, 'Toxicroak': 2, 'Cacturne': 1, 'Uxie': 1, 'Moltres': 1, 'Milotic': 1, 'Qwilfish': 1, 'Rotom': 1, 'Donphan': 1, 'Cloyster': 1, 'Arcanine': 1, 'Spiritomb': 1}"
nknownability48826,[Gen 4] UU,1,0,1,2022-04-03 20:18:18,2022-04-03 20:18:18,,,,"{'Mesprit': 1, 'Rhyperior': 1, 'Spiritomb': 1, 'Clefable': 1, 'Houndoom': 1, 'Blastoise': 1}"
nknownability79163,[Gen 4] UU,1,1,0,2016-08-03 16:40:54,2016-08-03 16:40:54,1000.0,1000.0,[1000.0],"{'Charizard': 1, 'Mismagius': 1, 'Medicham': 1, 'Cacturne': 1, 'Mawile': 1, 'Lanturn': 1}"
noability55546,[Gen 4] UU,1,0,1,2016-03-18 03:00:34,2016-03-18 03:00:34,,,,"{'Charizard': 1, 'Tauros': 1, 'Sandslash': 1, 'Poliwrath': 1, 'Jumpluff': 1, 'Grumpig': 1}"
noconditions18879,[Gen 4] UU,2,2,0,2016-05-30 15:24:45,2016-05-30 15:33:10,,,,"{'Sandslash': 2, 'Shiftry': 1, 'Typhlosion': 1, 'Gligar': 1, 'Charizard': 1, 'Tauros': 1, 'Poliwrath': 1, 'Jumpluff': 1, 'Grumpig': 1}"
noconditions84490,[Gen 4] UU,2,2,0,2017-11-22 21:21:35,2017-11-24 19:05:56,,,,"{'Milotic': 2, 'Toxicroak': 2, 'Rhyperior': 1, 'Rotom': 2, 'Houndoom': 1, 'Uxie': 2}"
noctowl65109,[Gen 4] UU,3,0,3,2020-06-18 06:58:51,2020-07-04 17:00:55,,,,"{'Ursaring': 1, 'Porygon2': 1, 'Miltank': 1, 'Swellow': 1, 'Ambipom': 3, 'Slaking': 1, 'Absol': 2, 'Mismagius': 2, 'Magneton': 2, 'Feraligatr': 2, 'Donphan': 2}"
noctowl66078,[Gen 4] UU,1,0,1,2024-11-20 23:26:23,2024-11-20 23:26:23,,,,"{'Kangaskhan': 1, 'Mismagius': 1, 'Omastar': 1, 'Spiritomb': 1, 'Blaziken': 1, 'Alakazam': 1}"
noeffect28929,[Gen 4] UU,1,0,1,2024-03-21 17:31:47,2024-03-21 17:31:47,1000.0,1000.0,[1000.0],"{'Ludicolo': 1, 'Slowbro': 1, 'Torterra': 1, 'Kabutops': 1, 'Rotom': 1, 'Uxie': 1}"
noeffect72000,[Gen 4] UU,2,2,0,2015-04-14 05:55:49,2015-04-14 06:01:51,,,,"{'Venomoth': 1, 'Sceptile': 1, 'Omastar': 1, 'Dugtrio': 1, 'Houndoom': 1, 'Tauros': 1, 'Haunter': 1, 'Manectric': 1, 'Rhydon': 1, 'Glalie': 1, 'Drifblim': 1}"
noeffect72096,[Gen 4] UU,1,0,1,2020-04-16 20:26:55,2020-04-16 20:26:55,,,,"{'Ludicolo': 1, 'Toxicroak': 1, 'Kabutops': 1, 'Dugtrio': 1, 'Registeel': 1, 'Uxie': 1}"
noguard11599,[Gen 4] UU,4,1,3,2017-11-05 20:17:33,2018-03-27 17:20:56,,,,"{'Rapidash': 1, 'Onix': 1, 'Victreebel': 1, 'Metang': 1, 'Purugly': 1, 'Tangela': 1, 'Tauros': 1, 'Haunter': 1, 'Manectric': 1, 'Rhydon': 1, 'Glalie': 1, 'Drifblim': 1, 'Tangrowth': 1, 'Milotic': 1, 'Mismagius': 1, 'Omastar': 2, 'Hitmontop': 1, 'Clefable': 1, 'Exeggutor': 1, 'Toxicroak': 1, 'Houndoom': 1, 'Swellow': 1}"
noguard57126,[Gen 4] UU,1,0,1,2024-03-07 23:49:48,2024-03-07 23:49:48,,,,"{'Kangaskhan': 1, 'Mismagius': 1, 'Omastar': 1, 'Spiritomb': 1, 'Blaziken': 1, 'Alakazam': 1}"
noguard79335,[Gen 4] UU,2,2,0,2021-08-27 20:34:50,2021-09-03 15:07:46,,,,"{'Kangaskhan': 1, 'Mismagius': 2, 'Omastar': 1, 'Spiritomb': 1, 'Blaziken': 1, 'Qwilfish': 1, 'Torterra': 1, 'Registeel': 1, 'Arcanine': 1, 'Ambipom': 1}"
noitem82061,[Gen 4] UU,6,4,2,2016-07-11 21:05:35,2017-04-21 12:17:24,,,,"{'Sceptile': 2, 'Rhyperior': 1, 'Rotom': 2, 'Registeel': 4, 'Slowking': 1, 'Ambipom': 1, 'Scyther': 3, 'Milotic': 2, 'Hitmontop': 2, 'Dugtrio': 1, 'Leafeon': 2, 'Moltres': 1, 'Azumarill': 2, 'Drapion': 1, 'Donphan': 1, 'Swellow': 1, 'Blaziken': 1, 'Venusaur': 1, 'Lunatone': 1, 'Kingler': 1, 'Kecleon': 1, 'Pinsir': 1, 'Combusken': 1, 'Gastrodon': 1}"
nomelberry19418,[Gen 4] UU,1,0,1,2024-03-02 03:24:23,2024-03-02 03:24:23,1031.0,1031.0,[1031.0],"{'Ursaring': 1, 'Swellow': 1, 'Clefable': 1, 'Hitmonlee': 1}"
nomelberry80412,[Gen 4] UU,1,0,1,2016-03-26 04:28:41,2016-03-26 04:28:41,,,,"{'Milotic': 1, 'Kangaskhan': 1, 'Spiritomb': 1, 'Registeel': 1, 'Blaziken': 1, 'Venusaur': 1}"
normal27851,[Gen 4] UU,2,1,1,2015-03-21 00:02:59,2015-03-30 19:55:12,,,,"{'Gligar': 2, 'Azumarill': 2, 'Rotom': 2, 'Hippopotas': 2, 'Cradily': 2, 'Cacturne': 1}"
normal94579,[Gen 4] UU,4,0,4,2023-03-12 06:15:39,2023-08-30 03:08:36,,,,"{'Scyther': 2, 'Rhyperior': 2, 'Venusaur': 2, 'Rotom': 1, 'Ambipom': 1, 'Blastoise': 1, 'Moltres': 1, 'Qwilfish': 1, 'Skuntank': 1, 'Hitmonlee': 1, 'Leafeon': 2, 'Kabutops': 2, 'Dugtrio': 2, 'Registeel': 1, 'Uxie': 1, 'Mesprit': 1, 'Houndoom': 1, 'Swellow': 1}"
normalize71205,[Gen 4] UU,3,0,3,2024-02-25 02:26:36,2024-12-14 04:21:24,,,,"{'Moltres': 1, 'Hitmontop': 1, 'Kabutops': 1, 'Spiritomb': 1, 'Uxie': 1, 'Venusaur': 1, 'Milotic': 2, 'Omastar': 1, 'Clefable': 2, 'Arcanine': 1, 'Alakazam': 1, 'Donphan': 2, 'Kangaskhan': 1, 'Toxicroak': 1, 'Houndoom': 1}"
nostatus37209,[Gen 4] UU,1,0,1,2024-03-06 13:23:27,2024-03-06 13:23:27,1000.0,1000.0,[1000.0],"{'Mismagius': 1, 'Sceptile': 1, 'Drapion': 1, 'Miltank': 1, 'Lanturn': 1, 'Arcanine': 1}"
notype35355,[Gen 4] UU,1,0,1,2016-11-07 02:33:41,2016-11-07 02:33:41,,,,"{'Nidoqueen': 1, 'Spiritomb': 1, 'Swellow': 1, 'Arcanine': 1, 'Venusaur': 1, 'Blastoise': 1}"
noweather24308,[Gen 4] UU,5,3,2,2016-04-27 11:19:15,2016-05-22 16:49:47,,,,"{'Kangaskhan': 3, 'Charizard': 2, 'Sceptile': 2, 'Marowak': 2, 'Alakazam': 2, 'Blastoise': 2, 'Linoone': 1, 'Tangrowth': 1, 'Hariyama': 1, 'Entei': 1, 'Cacturne': 1, 'Gardevoir': 1, 'Slaking': 1}"
noweather2951,[Gen 4] UU,1,0,1,2017-09-17 21:44:21,2017-09-17 21:44:21,,,,"{'Zangoose': 1, 'Marowak': 1, 'Pelipper': 1, 'Purugly': 1, 'Misdreavus': 1, 'Golbat': 1}"
noweather71168,[Gen 4] UU,1,0,1,2020-07-02 14:10:23,2020-07-02 14:10:23,,,,"{'Milotic': 1, 'Ludicolo': 1, 'Mismagius': 1, 'Registeel': 1, 'Arcanine': 1, 'Swellow': 1}"
npowerpsychic19334,[Gen 4] UU,1,1,0,2015-03-06 14:25:01,2015-03-06 14:25:01,,,,"{'Absol': 1, 'Lanturn': 1, 'Spiritomb': 1, 'Swellow': 1, 'Arcanine': 1, 'Ambipom': 1}"
npowerpsychic36094,[Gen 4] UU,6,4,2,2017-04-04 23:42:28,2017-05-21 17:15:17,,,,"{'Moltres': 2, 'Milotic': 2, 'Weezing': 1, 'Spiritomb': 2, 'Donphan': 3, 'Mesprit': 1, 'Sceptile': 1, 'Clefable': 1, 'Registeel': 3, 'Arcanine': 1, 'Blastoise': 1, 'Houndoom': 1, 'Venusaur': 1, 'Mismagius': 1, 'Ursaring': 1, 'Cloyster': 1, 'Rotom': 1, 'Raichu': 1, 'Ampharos': 1, 'Snover': 1, 'Walrein': 1, 'Uxie': 1, 'Typhlosion': 1}"
npowerpsychic50538,[Gen 4] UU,1,0,1,2017-06-24 19:30:26,2017-06-24 19:30:26,1000.0,1000.0,[1000.0],"{'Milotic': 1, 'Aggron': 1, 'Miltank': 1, 'Alakazam': 1, 'Blaziken': 1, 'Swellow': 1}"
npowerpsychic55845,[Gen 4] UU,1,0,1,2024-07-08 03:25:55,2024-07-08 03:25:55,,,,"{'Moltres': 1, 'Absol': 1, 'Regirock': 1, 'Jynx': 1, 'Venusaur': 1, 'Blastoise': 1}"
nuzleaf43199,[Gen 4] UU,2,0,2,2024-03-13 16:36:15,2024-03-13 16:49:44,,,,"{'Moltres': 1, 'Milotic': 1, 'Aggron': 1, 'Clefable': 1, 'Venusaur': 1, 'Donphan': 1, 'Ursaring': 1, 'Exeggutor': 1, 'Omastar': 1, 'Nidoking': 1, 'Spiritomb': 1, 'Primeape': 1}"
nuzleaf44678,[Gen 4] UU,8,4,4,2020-06-12 23:36:45,2020-10-03 00:12:19,,,,"{'Snover': 1, 'Marshtomp': 1, 'Wartortle': 1, 'Murkrow': 1, 'Sealeo': 1, 'Golbat': 1, 'Moltres': 6, 'Milotic': 7, 'Spiritomb': 6, 'Registeel': 6, 'Venusaur': 6, 'Donphan': 7, 'Mesprit': 1, 'Drapion': 1}"
objectobject89963,[Gen 4] UU,2,0,2,2017-05-31 13:30:32,2017-05-31 13:36:58,,,,"{'Monferno': 1, 'Poliwrath': 2, 'Metang': 1, 'Purugly': 1, 'Misdreavus': 2, 'Golbat': 2, 'Machoke': 1, 'Cacturne': 1, 'Rhydon': 1}"
octillery38172,[Gen 4] UU,3,2,1,2019-06-21 01:41:19,2019-06-21 02:09:43,,,,"{'Mesprit': 2, 'Kabutops': 3, 'Dugtrio': 2, 'Swellow': 2, 'Leafeon': 2, 'Arcanine': 1, 'Scyther': 1, 'Milotic': 1, 'Rotom': 1, 'Blaziken': 1, 'Venusaur': 1}"
oddish32213,[Gen 4] UU,6,5,1,2024-03-07 16:19:15,2024-03-31 02:22:22,1028.0,1151.0,"[1049.0, 1028.0, 1110.0, 1054.0, 1151.0, 1107.0]","{'Alakazam': 2, 'Milotic': 3, 'Hariyama': 3, 'Kangaskhan': 3, 'Houndoom': 3, 'Venusaur': 2, 'Donphan': 2, 'Roselia': 1, 'Sceptile': 1, 'Dugtrio': 2, 'Drapion': 1, 'Blastoise': 1, 'Absol': 1, 'Qwilfish': 1, 'Rotom': 1, 'Blaziken': 1}"
odorsleuth27191,[Gen 4] UU,4,3,1,2017-08-30 22:51:31,2017-09-01 16:15:27,,,,"{'Rapidash': 4, 'Rampardos': 1, 'Stantler': 1, 'Relicanth': 1, 'Glalie': 1, 'Fearow': 1, 'Electabuzz': 1, 'Marowak': 1, 'Pelipper': 1, 'Victreebel': 2, 'Metang': 3, 'Poliwrath': 1, 'Rhydon': 1, 'Muk': 1, 'Purugly': 1, 'Gastrodon': 1, 'Misdreavus': 1}"
oldamber29487,[Gen 4] UU,1,1,0,2015-05-16 17:25:55,2015-05-16 17:25:55,,,,"{'Milotic': 1, 'Omastar': 1, 'Hitmontop': 1, 'Weezing': 1, 'Spiritomb': 1, 'Clefable': 1}"
oldamber36809,[Gen 4] UU,1,0,1,2017-03-26 07:32:51,2017-03-26 07:32:51,,,,"{'Charizard': 1, 'Vileplume': 1, 'Sandslash': 1, 'Floatzel': 1, 'Skuntank': 1, 'Gardevoir': 1}"
omanyte20617,[Gen 4] UU,1,1,0,2017-04-29 03:36:57,2017-04-29 03:36:57,,,,"{'Poliwrath': 1, 'Cacturne': 1, 'Muk': 1, 'Articuno': 1, 'Metang': 1, 'Drifblim': 1}"
omanyte47745,[Gen 4] UU,1,0,1,2024-07-08 03:44:29,2024-07-08 03:44:29,,,,"{'Pinsir': 1, 'Aggron': 1, 'Azumarill': 1, 'Rotom': 1, 'Houndoom': 1, 'Venusaur': 1}"
omastar13665,[Gen 4] UU,3,0,3,2016-01-18 23:18:05,2016-05-15 23:14:16,,,,"{'Moltres': 3, 'Mismagius': 3, 'Qwilfish': 3, 'Rhyperior': 3, 'Spiritomb': 3, 'Blastoise': 3}"
omastar82148,[Gen 4] UU,3,0,3,2016-12-04 02:18:13,2016-12-04 02:48:49,,,,"{'Togetic': 3, 'Ninetales': 3, 'Noctowl': 3, 'Marowak': 3, 'Jumpluff': 3, 'Ariados': 3}"
omastar87223,[Gen 4] UU,1,0,1,2015-09-20 12:43:56,2015-09-20 12:43:56,,,,"{'Moltres': 1, 'Mismagius': 1, 'Claydol': 1, 'Azumarill': 1, 'Manectric': 1, 'Swellow': 1}"
ominouswind55382,[Gen 4] UU,1,0,1,2017-11-08 18:11:30,2017-11-08 18:11:30,,,,"{'Camerupt': 1, 'Aggron': 1, 'Nidoking': 1, 'Electabuzz': 1, 'Grumpig': 1, 'Blastoise': 1}"
onix48886,[Gen 4] UU,6,3,3,2020-05-17 15:15:02,2020-07-16 00:47:17,1129.0,1129.0,[1129.0],"{'Scyther': 3, 'Entei': 3, 'Clefable': 3, 'Registeel': 3, 'Slowking': 3, 'Donphan': 3, 'Moltres': 2, 'Regirock': 2, 'Rotom': 2, 'Drapion': 2, 'Blastoise': 2, 'Leafeon': 2, 'Mismagius': 1, 'Qwilfish': 1, 'Steelix': 1, 'Arcanine': 1, 'Alakazam': 1}"
onix91832,[Gen 4] UU,1,0,1,2024-03-23 18:50:15,2024-03-23 18:50:15,1000.0,1000.0,[1000.0],"{'Scyther': 1, 'Absol': 1, 'Mesprit': 1, 'Glalie': 1, 'Leafeon': 1}"
onix93063,[Gen 4] UU,1,0,1,2019-04-05 19:35:10,2019-04-05 19:35:10,,,,"{'Mesprit': 1, 'Sceptile': 1, 'Azumarill': 1, 'Registeel': 1, 'Arcanine': 1, 'Donphan': 1}"
onix93614,[Gen 4] UU,1,0,1,2020-07-03 14:36:39,2020-07-03 14:36:39,,,,"{'Hitmontop': 1, 'Azumarill': 1, 'Miltank': 1, 'Spiritomb': 1, 'Uxie': 1, 'Venusaur': 1}"
onix96413,[Gen 4] UU,1,0,1,2024-03-04 01:13:54,2024-03-04 01:13:54,1039.0,1039.0,[1039.0],"{'Ludicolo': 1, 'Electrode': 1, 'Kabutops': 1, 'Dugtrio': 1, 'Registeel': 1, 'Uxie': 1}"
oranberry1422,[Gen 4] UU,2,2,0,2016-06-05 18:17:41,2016-06-05 18:22:49,,,,"{'Charizard': 2, 'Sandslash': 2, 'Electrode': 2, 'Poliwrath': 2, 'Hitmonchan': 2, 'Skuntank': 2}"
oranberry26047,[Gen 4] UU,4,1,3,2023-12-11 01:30:31,2024-03-21 22:58:07,1121.0,1138.0,"[1138.0, 1121.0]","{'Altaria': 1, 'Mismagius': 3, 'Qwilfish': 3, 'Arcanine': 1, 'Leafeon': 1, 'Scyther': 1, 'Houndoom': 1, 'Dugtrio': 1, 'Registeel': 2, 'Venusaur': 1, 'Blastoise': 1, 'Kangaskhan': 2, 'Exeggutor': 1, 'Rhyperior': 1}"
oranberry42542,[Gen 4] UU,1,0,1,2024-03-02 13:39:52,2024-03-02 13:39:52,1101.0,1101.0,[1101.0],"{'Mismagius': 1, 'Toxicroak': 1, 'Rotom': 1, 'Feraligatr': 1, 'Drapion': 1, 'Donphan': 1}"
oranberry59592,[Gen 4] UU,1,0,1,2024-03-09 05:40:32,2024-03-09 05:40:32,,,,"{'Mismagius': 1, 'Sceptile': 1, 'Kabutops': 1, 'Registeel': 1, 'Arcanine': 1, 'Donphan': 1}"
oranberry61695,[Gen 4] UU,1,0,1,2024-10-27 01:42:18,2024-10-27 01:42:18,,,,"{'Pinsir': 1, 'Aggron': 1, 'Azumarill': 1, 'Rotom': 1, 'Houndoom': 1, 'Venusaur': 1}"
outrage23567,[Gen 4] UU,32,12,20,2015-05-10 18:37:21,2020-09-06 01:10:47,,,,"{'Mesprit': 2, 'Toxicroak': 9, 'Torterra': 1, 'Houndoom': 15, 'Swellow': 1, 'Blastoise': 2, 'Sceptile': 9, 'Kabutops': 5, 'Jynx': 1, 'Hitmonlee': 8, 'Drapion': 4, 'Milotic': 7, 'Blaziken': 5, 'Mismagius': 10, 'Rhyperior': 3, 'Uxie': 4, 'Moltres': 5, 'Clefable': 1, 'Registeel': 4, 'Venusaur': 17, 'Feraligatr': 8, 'Ambipom': 8, 'Donphan': 11, 'Aggron': 6, 'Qwilfish': 6, 'Rotom': 7, 'Absol': 6, 'Claydol': 4, 'Lanturn': 5, 'Exeggutor': 1, 'Dugtrio': 1, 'Spiritomb': 1, 'Scyther': 1, 'Hariyama': 3, 'Azumarill': 1, 'Steelix': 3, 'Leafeon': 1, 'Hitmontop': 1, 'Arcanine': 1}"
overgrow61925,[Gen 4] UU,1,0,1,2019-01-12 19:15:25,2019-01-12 19:15:25,,,,"{'Cloyster': 1, 'Gligar': 1, 'Aggron': 1, 'Dugtrio': 1, 'Registeel': 1, 'Drapion': 1}"
overgrow75276,[Gen 4] UU,3,2,1,2017-11-05 20:17:33,2017-11-05 20:17:53,,,,"{'Glalie': 1, 'Victreebel': 1, 'Metang': 1, 'Tauros': 1, 'Regirock': 1, 'Haunter': 1, 'Jynx': 1, 'Manectric': 1, 'Slowking': 1, 'Hariyama': 1, 'Omastar': 1, 'Rotom': 1, 'Clefable': 1, 'Houndoom': 1, 'Venusaur': 1}"
overheat158,[Gen 4] UU,1,1,0,2019-05-31 02:30:51,2019-05-31 02:30:51,,,,"{'Moltres': 1, 'Rhyperior': 1, 'Steelix': 1, 'Venusaur': 1, 'Ambipom': 1, 'Blastoise': 1}"
overheat33767,[Gen 4] UU,1,0,1,2017-09-06 01:31:49,2017-09-06 01:31:49,,,,"{'Kadabra': 1, 'Monferno': 1, 'Probopass': 1, 'Gastrodon': 1, 'Misdreavus': 1}"
overheat37051,[Gen 4] UU,1,1,0,2015-04-16 17:44:04,2015-04-16 17:44:04,,,,"{'Milotic': 1, 'Omastar': 1, 'Hitmontop': 1, 'Weezing': 1, 'Spiritomb': 1, 'Clefable': 1}"
overheat90409,[Gen 4] UU,1,1,0,2024-03-12 21:30:38,2024-03-12 21:30:38,1077.0,1077.0,[1077.0],"{'Mismagius': 1, 'Azumarill': 1, 'Venusaur': 1, 'Ambipom': 1, 'Donphan': 1}"
pachirisu55704,[Gen 4] UU,1,0,1,2019-12-12 20:26:00,2019-12-12 20:26:00,,,,"{'Lanturn': 1, 'Spiritomb': 1, 'Swellow': 1, 'Arcanine': 1, 'Ambipom': 1}"
painsplit70817,[Gen 4] UU,1,0,1,2024-11-29 06:05:04,2024-11-29 06:05:04,,,,"{'Milotic': 1, 'Dugtrio': 1, 'Registeel': 1, 'Primeape': 1, 'Alakazam': 1}"
painsplit80224,[Gen 4] UU,6,3,3,2020-08-22 15:07:12,2020-09-07 02:46:22,,,,"{'Scyther': 2, 'Toxicroak': 1, 'Torterra': 2, 'Regirock': 1, 'Houndoom': 1, 'Blastoise': 2, 'Entei': 1, 'Clefable': 1, 'Registeel': 1, 'Slowking': 1, 'Donphan': 1, 'Kangaskhan': 2, 'Mismagius': 3, 'Omastar': 1, 'Arcanine': 2, 'Alakazam': 1, 'Milotic': 2, 'Rhyperior': 2, 'Drapion': 3, 'Primeape': 2, 'Venusaur': 2, 'Sceptile': 1, 'Uxie': 1}"
palkia13484,[Gen 4] UU,1,1,0,2024-03-15 14:06:40,2024-03-15 14:06:40,1056.0,1056.0,[1056.0],"{'Hitmontop': 1, 'Rhyperior': 1}"
palkia33293,[Gen 4] UU,1,1,0,2016-08-11 22:33:44,2016-08-11 22:33:44,,,,"{'Qwilfish': 1, 'Rotom': 1, 'Dugtrio': 1, 'Espeon': 1, 'Donphan': 1}"
palkia49598,[Gen 4] UU,1,1,0,2024-03-31 05:28:55,2024-03-31 05:28:55,1051.0,1051.0,[1051.0],"{'Qwilfish': 1, 'Arcanine': 1, 'Mismagius': 1, 'Clefable': 1}"
pamtreberry32368,[Gen 4] UU,1,1,0,2016-06-29 20:59:24,2016-06-29 20:59:24,,,,"{'Lunatone': 1, 'Nidoking': 1, 'Lanturn': 1, 'Venusaur': 1}"
pamtreberry48927,[Gen 4] UU,2,1,1,2016-01-28 23:54:09,2016-01-29 00:02:16,,,,"{'Altaria': 1, 'Qwilfish': 1, 'Azumarill': 1, 'Steelix': 1, 'Alakazam': 1, 'Scyther': 1, 'Torterra': 1, 'Kabutops': 1, 'Rotom': 1, 'Registeel': 1, 'Drapion': 1}"
pamtreberry66609,[Gen 4] UU,5,3,2,2023-08-22 20:09:38,2023-09-05 12:31:38,,,,"{'Pinsir': 1, 'Medicham': 1, 'Typhlosion': 1, 'Poliwrath': 1, 'Skuntank': 1, 'Gardevoir': 1, 'Omastar': 2, 'Spiritomb': 2, 'Blaziken': 2, 'Primeape': 4, 'Venusaur': 4, 'Rhyperior': 2, 'Azumarill': 2, 'Houndoom': 2, 'Uxie': 2, 'Kabutops': 1}"
pamtreberry72437,[Gen 4] UU,11,7,4,2022-07-17 23:40:13,2025-05-18 23:41:09,,,,"{'Blaziken': 4, 'Rhyperior': 3, 'Clefable': 2, 'Feraligatr': 3, 'Uxie': 5, 'Venusaur': 5, 'Scyther': 3, 'Kabutops': 1, 'Dugtrio': 1, 'Registeel': 5, 'Milotic': 3, 'Donphan': 2, 'Mismagius': 3, 'Qwilfish': 1, 'Torterra': 3, 'Houndoom': 2, 'Toxicroak': 2, 'Regirock': 1, 'Blastoise': 2, 'Alakazam': 2, 'Mesprit': 1, 'Sceptile': 2, 'Arcanine': 2, 'Omastar': 1, 'Spiritomb': 1, 'Drapion': 1, 'Primeape': 1, 'Hariyama': 1, 'Weezing': 1}"
pamtreberry978,[Gen 4] UU,1,0,1,2020-03-20 19:29:17,2020-03-20 19:29:17,,,,"{'Cloyster': 1, 'Hariyama': 1, 'Chansey': 1, 'Spiritomb': 1, 'Leafeon': 1}"
par59115,[Gen 4] UU,3,3,0,2020-01-21 00:49:30,2020-01-21 00:57:50,,,,"{'Milotic': 2, 'Hariyama': 2, 'Claydol': 2, 'Rhyperior': 2, 'Spiritomb': 2, 'Venusaur': 2, 'Rotom': 1, 'Alakazam': 1, 'Swellow': 1, 'Omastar': 1}"
par84481,[Gen 4] UU,1,0,1,2016-01-26 22:10:57,2016-01-26 22:10:57,,,,"{'Omastar': 1, 'Kabutops': 1, 'Rotom': 1, 'Swellow': 1, 'Houndoom': 1, 'Venusaur': 1}"
paras61636,[Gen 4] UU,2,0,2,2024-03-12 16:36:26,2024-03-12 16:40:04,,,,"{'Kangaskhan': 2, 'Mismagius': 2, 'Omastar': 2, 'Spiritomb': 2, 'Blaziken': 2, 'Alakazam': 2}"
paras6695,[Gen 4] UU,1,0,1,2020-03-25 00:05:28,2020-03-25 00:05:28,1000.0,1000.0,[1000.0],"{'Luxio': 1, 'Bayleef': 1, 'Kirlia': 1, 'Croconaw': 1, 'Lairon': 1, 'Charmeleon': 1}"
parasect63278,[Gen 4] UU,1,1,0,2016-12-29 17:10:34,2016-12-29 17:10:34,,,,"{'Absol': 1, 'Sceptile': 1, 'Chansey': 1, 'Feraligatr': 1, 'Ambipom': 1}"
parasect9138,[Gen 4] UU,8,4,4,2016-05-24 23:25:43,2023-09-03 19:23:30,,,,"{'Sceptile': 3, 'Omastar': 2, 'Toxicroak': 2, 'Azumarill': 2, 'Spiritomb': 2, 'Swellow': 2, 'Sharpedo': 1, 'Sandslash': 2, 'Electrode': 1, 'Medicham': 1, 'Hypno': 1, 'Yanma': 1, 'Milotic': 2, 'Skuntank': 1, 'Clefable': 2, 'Uxie': 2, 'Entei': 1, 'Kabutops': 1, 'Registeel': 1, 'Venusaur': 1, 'Donphan': 2, 'Porygon2': 1, 'Haunter': 1, 'Whiscash': 1, 'Lickilicky': 1, 'Grumpig': 1, 'Mismagius': 1, 'Weezing': 1, 'Steelix': 1, 'Blaziken': 1, 'Scyther': 1, 'Exeggutor': 1, 'Qwilfish': 1, 'Houndoom': 1}"
parkball27894,[Gen 4] UU,1,1,0,2020-07-25 19:53:20,2020-07-25 19:53:20,1000.0,1000.0,[1000.0],"{'Scyther': 1, 'Drapion': 1, 'Arcanine': 1, 'Venusaur': 1, 'Donphan': 1}"
parkball56565,[Gen 4] UU,22,8,14,2016-02-27 07:39:41,2016-06-06 02:35:58,,,,"{'Gorebyss': 8, 'Electrode': 4, 'Toxicroak': 4, 'Kabutops': 5, 'Registeel': 6, 'Houndoom': 10, 'Ariados': 4, 'Octillery': 4, 'Mawile': 4, 'Moltres': 1, 'Milotic': 2, 'Sceptile': 10, 'Miltank': 1, 'Mesprit': 7, 'Aggron': 7, 'Azumarill': 6, 'Donphan': 10, 'Gligar': 3, 'Mr. Mime': 3, 'Scyther': 1, 'Claydol': 1, 'Weezing': 1, 'Dugtrio': 3, 'Feraligatr': 3, 'Qwilfish': 1, 'Alakazam': 1, 'Cloyster': 2, 'Magmortar': 2, 'Rotom': 2, 'Venusaur': 4, 'Mismagius': 2, 'Omastar': 2, 'Hitmonlee': 2, 'Arcanine': 2}"
passhoberry72279,[Gen 4] UU,1,1,0,2020-01-12 11:06:01,2020-01-12 11:06:01,,,,"{'Magcargo': 1, 'Qwilfish': 1, 'Hitmontop': 1, 'Dugtrio': 1, 'Drapion': 1, 'Venusaur': 1}"
passhoberry98480,[Gen 4] UU,3,1,2,2015-10-16 23:22:10,2015-10-31 15:37:39,,,,"{'Moltres': 2, 'Scyther': 2, 'Torterra': 2, 'Kabutops': 2, 'Lanturn': 2, 'Registeel': 2, 'Nidoking': 1, 'Dugtrio': 1, 'Houndoom': 1, 'Swellow': 1, 'Blastoise': 1, 'Leafeon': 1}"
payapaberry16719,[Gen 4] UU,1,0,1,2020-02-26 01:47:27,2020-02-26 01:47:27,,,,"{'Milotic': 1, 'Rhyperior': 1, 'Toxicroak': 1, 'Jynx': 1, 'Clefable': 1, 'Feraligatr': 1}"
payapaberry80186,[Gen 4] UU,1,1,0,2024-03-24 01:33:57,2024-03-24 01:33:57,,,,"{'Milotic': 1, 'Mismagius': 1, 'Hitmontop': 1, 'Rotom': 1, 'Registeel': 1}"
payapaberry81267,[Gen 4] UU,1,1,0,2017-03-26 06:57:25,2017-03-26 06:57:25,,,,"{'Rapidash': 1, 'Onix': 1, 'Victreebel': 1, 'Metang': 1, 'Purugly': 1, 'Tangela': 1}"
payapaberry8514,[Gen 4] UU,1,1,0,2016-07-03 22:28:22,2016-07-03 22:28:22,,,,"{'Kingler': 1, 'Rapidash': 1, 'Arbok': 1, 'Probopass': 1, 'Drifblim': 1}"
payback15867,[Gen 4] UU,1,1,0,2016-10-12 21:00:08,2016-10-12 21:00:08,,,,"{'Houndoom': 1, 'Primeape': 1, 'Mismagius': 1, 'Registeel': 1}"
payback3854,[Gen 4] UU,10,4,6,2017-07-08 15:06:17,2017-11-19 19:35:53,,,,"{'Machoke': 1, 'Tauros': 4, 'Magneton': 4, 'Regirock': 1, 'Dodrio': 1, 'Slowking': 5, 'Absol': 1, 'Mismagius': 1, 'Rhyperior': 1, 'Venusaur': 1, 'Uxie': 1, 'Alakazam': 1, 'Medicham': 4, 'Nidoqueen': 1, 'Jynx': 2, 'Lickilicky': 1, 'Cradily': 6, 'Regice': 2, 'Skuntank': 4, 'Gardevoir': 3, 'Sandslash': 1, 'Haunter': 1, 'Hitmonchan': 2, 'Venomoth': 2, 'Charizard': 1, 'Drifblim': 1, 'Armaldo': 1, 'Muk': 1, 'Metang': 1, 'Purugly': 1, 'Gastrodon': 1, 'Articuno': 1}"
payback7723,[Gen 4] UU,1,1,0,2018-02-23 02:40:22,2018-02-23 02:40:22,,,,"{'Milotic': 1, 'Toxicroak': 1, 'Rhyperior': 1, 'Jynx': 1, 'Clefable': 1, 'Feraligatr': 1}"
payback97145,[Gen 4] UU,1,0,1,2016-11-11 14:35:09,2016-11-11 14:35:09,,,,"{'Ursaring': 1, 'Omastar': 1, 'Rotom': 1, 'Swellow': 1, 'Blaziken': 1, 'Alakazam': 1}"
payday33119,[Gen 4] UU,1,1,0,2020-07-09 20:37:43,2020-07-09 20:37:43,,,,"{'Milotic': 1, 'Kabutops': 1, 'Venusaur': 1, 'Blaziken': 1, 'Swellow': 1}"
payday55336,[Gen 4] UU,1,0,1,2019-03-24 17:38:01,2019-03-24 17:38:01,,,,"{'Snover': 1, 'Hitmontop': 1, 'Nidoqueen': 1, 'Walrein': 1, 'Chansey': 1, 'Registeel': 1}"
payday74254,[Gen 4] UU,20,7,13,2019-08-28 00:22:14,2020-02-29 20:22:01,,,,"{'Wartortle': 3, 'Piloswine': 8, 'Roselia': 3, 'Misdreavus': 7, 'Golbat': 5, 'Yanma': 4, 'Snover': 3, 'Haunter': 2, 'Vigoroth': 7, 'Electabuzz': 3, 'Croconaw': 1, 'Metang': 5, 'Grovyle': 1, 'Gastly': 1, 'Monferno': 10, 'Lairon': 5, 'Diglett': 3, 'Staravia': 5, 'Togetic': 2, 'Shelgon': 2, 'Murkrow': 1, 'Chinchou': 2, 'Magmar': 5, 'Grotle': 2, 'Kadabra': 3, 'Gabite': 3, 'Gligar': 5, 'Sneasel': 4, 'Weepinbell': 1, 'Hippopotas': 2, 'Meditite': 2, 'Dragonair': 2, 'Vibrava': 1, 'Magnemite': 1}"
pechaberry40901,[Gen 4] UU,2,0,2,2015-01-03 20:10:02,2015-01-03 20:34:24,,,,"{'Shiftry': 1, 'Charizard': 2, 'Medicham': 2, 'Sandslash': 2, 'Regirock': 2, 'Lickilicky': 2, 'Vileplume': 1}"
peck13151,[Gen 4] UU,1,0,1,2017-01-13 21:39:05,2017-01-13 21:39:05,,,,"{'Gorebyss': 1, 'Houndoom': 1, 'Electrode': 1, 'Toxicroak': 1, 'Kabutops': 1, 'Registeel': 1}"
peck27156,[Gen 4] UU,1,0,1,2017-09-01 18:52:03,2017-09-01 18:52:03,,,,"{'Absol': 1, 'Ninetales': 1, 'Claydol': 1, 'Poliwrath': 1, 'Lanturn': 1, 'Swellow': 1}"
peck32160,[Gen 4] UU,3,1,2,2022-07-03 14:18:03,2022-07-14 21:54:35,,,,"{'Houndoom': 1, 'Torterra': 1, 'Regirock': 1, 'Feraligatr': 1, 'Glalie': 1, 'Mesprit': 1, 'Azumarill': 1, 'Miltank': 1, 'Registeel': 2, 'Blaziken': 1, 'Leafeon': 1, 'Scyther': 1, 'Mismagius': 1, 'Rhyperior': 1, 'Venusaur': 1, 'Blastoise': 1}"
peck49172,[Gen 4] UU,2,0,2,2016-02-25 03:56:18,2016-02-25 04:00:10,,,,"{'Snover': 2, 'Hariyama': 2, 'Walrein': 2, 'Jynx': 2, 'Uxie': 2, 'Glaceon': 2}"
peck90731,[Gen 4] UU,1,0,1,2017-01-01 15:55:25,2017-01-01 15:55:25,,,,"{'Ludicolo': 1, 'Toxicroak': 1, 'Kabutops': 1, 'Dugtrio': 1, 'Registeel': 1, 'Uxie': 1}"
pelipper41448,[Gen 4] UU,2,0,2,2017-01-15 19:55:18,2017-01-15 20:01:27,,,,"{'Scyther': 2, 'Milotic': 2, 'Registeel': 1, 'Arcanine': 2, 'Venusaur': 2, 'Donphan': 2, 'Mismagius': 1}"
perish10655,[Gen 4] UU,15,7,8,2015-08-18 15:14:24,2017-06-25 22:59:16,,,,"{'Scyther': 10, 'Sceptile': 9, 'Qwilfish': 12, 'Rotom': 14, 'Houndoom': 10, 'Donphan': 10, 'Kangaskhan': 2, 'Torterra': 5, 'Slowking': 2, 'Primeape': 2, 'Milotic': 3, 'Kabutops': 2, 'Arcanine': 3, 'Drapion': 2, 'Mesprit': 1, 'Rhyperior': 1, 'Weezing': 1}"
perish18138,[Gen 4] UU,3,0,3,2020-03-20 23:43:41,2020-05-07 21:26:03,,,,"{'Kangaskhan': 1, 'Mismagius': 1, 'Omastar': 1, 'Spiritomb': 1, 'Blaziken': 1, 'Alakazam': 1, 'Ludicolo': 2, 'Toxicroak': 1, 'Kabutops': 2, 'Dugtrio': 2, 'Registeel': 2, 'Uxie': 2, 'Electrode': 1}"
perishsong13523,[Gen 4] UU,1,1,0,2024-01-16 16:59:20,2024-01-16 16:59:20,,,,"{'Tangrowth': 1, 'Claydol': 1, 'Aggron': 1, 'Clefable': 1, 'Arcanine': 1, 'Ambipom': 1}"
perishsong20063,[Gen 4] UU,2,0,2,2017-11-18 21:57:45,2017-11-18 22:01:31,,,,"{'Milotic': 2, 'Omastar': 1, 'Hitmontop': 1, 'Spiritomb': 1, 'Clefable': 1, 'Arcanine': 1, 'Moltres': 1, 'Sceptile': 1, 'Registeel': 1, 'Donphan': 1}"
perishsong22062,[Gen 4] UU,2,0,2,2020-07-28 15:52:16,2020-08-06 22:33:27,,,,"{'Altaria': 1, 'Mismagius': 2, 'Rhyperior': 1, 'Ambipom': 2, 'Drapion': 2, 'Swellow': 1, 'Magmortar': 1, 'Torterra': 1, 'Feraligatr': 1}"
perishsong34720,[Gen 4] UU,1,1,0,2024-08-11 23:39:38,2024-08-11 23:39:38,,,,"{'Mismagius': 1, 'Sceptile': 1, 'Kabutops': 1, 'Registeel': 1, 'Arcanine': 1, 'Donphan': 1}"
perishsong56898,[Gen 4] UU,1,1,0,2016-07-31 22:34:21,2016-07-31 22:34:21,,,,"{'Sharpedo': 1, 'Rapidash': 1, 'Regice': 1, 'Armaldo': 1, 'Persian': 1, 'Linoone': 1}"
perishsong60717,[Gen 4] UU,1,1,0,2018-01-08 13:42:30,2018-01-08 13:42:30,,,,"{'Charizard': 1, 'Vileplume': 1, 'Sandslash': 1, 'Floatzel': 1, 'Skuntank': 1, 'Gardevoir': 1}"
perishsong93816,[Gen 4] UU,1,0,1,2019-09-03 06:04:40,2019-09-03 06:04:40,,,,"{'Tangrowth': 1, 'Nidoking': 1, 'Azumarill': 1, 'Miltank': 1, 'Blaziken': 1, 'Alakazam': 1}"
persian38800,[Gen 4] UU,1,0,1,2016-07-01 17:11:49,2016-07-01 17:11:49,,,,"{'Houndoom': 1, 'Blaziken': 1, 'Alakazam': 1, 'Venusaur': 1}"
persian83665,[Gen 4] UU,4,3,1,2023-11-09 21:39:39,2025-04-06 17:49:46,,,,"{'Ursaring': 1, 'Toxicroak': 1, 'Venusaur': 3, 'Feraligatr': 2, 'Uxie': 3, 'Swellow': 1, 'Scyther': 1, 'Hariyama': 1, 'Rotom': 1, 'Clefable': 1, 'Registeel': 2, 'Mismagius': 2, 'Rhyperior': 1, 'Blaziken': 1, 'Sceptile': 1, 'Qwilfish': 1}"
persimberry29118,[Gen 4] UU,2,1,1,2016-02-15 06:46:27,2016-02-16 06:05:23,,,,"{'Registeel': 1, 'Arcanine': 1, 'Milotic': 1, 'Moltres': 1, 'Exeggutor': 1, 'Blastoise': 1, 'Tauros': 1}"
petaldance29133,[Gen 4] UU,3,1,2,2024-02-13 02:55:55,2024-03-11 17:21:58,,,,"{'Charizard': 2, 'Claydol': 3, 'Torterra': 3, 'Victreebel': 3, 'Registeel': 3, 'Arcanine': 3, 'Moltres': 1}"
petaldance29964,[Gen 4] UU,1,0,1,2020-07-20 19:37:18,2020-07-20 19:37:18,,,,"{'Milotic': 1, 'Mismagius': 1, 'Houndoom': 1, 'Registeel': 1, 'Primeape': 1, 'Venusaur': 1}"
petaldance58482,[Gen 4] UU,1,1,0,2016-05-10 23:50:39,2016-05-10 23:50:39,1000.0,1000.0,[1000.0],"{'Blaziken': 1, 'Drapion': 1, 'Scyther': 1}"
petaldance66983,[Gen 4] UU,1,0,1,2015-06-21 00:20:51,2015-06-21 00:20:51,,,,"{'Moltres': 1, 'Dugtrio': 1, 'Swellow': 1, 'Registeel': 1, 'Venusaur': 1, 'Blastoise': 1}"
petaldance89462,[Gen 4] UU,1,1,0,2016-07-14 01:53:51,2016-07-14 01:53:51,,,,"{'Milotic': 1, 'Mismagius': 1, 'Hitmontop': 1, 'Dugtrio': 1, 'Arcanine': 1, 'Venusaur': 1}"
petayaberry5455,[Gen 4] UU,1,1,0,2024-07-28 20:13:25,2024-07-28 20:13:25,,,,"{'Milotic': 1, 'Absol': 1, 'Entei': 1, 'Weezing': 1, 'Venusaur': 1, 'Donphan': 1}"
petayaberry80217,[Gen 4] UU,1,1,0,2017-04-29 05:01:47,2017-04-29 05:01:47,,,,"{'Scyther': 1, 'Milotic': 1, 'Registeel': 1, 'Arcanine': 1, 'Venusaur': 1, 'Donphan': 1}"
phanpy32553,[Gen 4] UU,5,2,3,2023-08-29 00:11:13,2023-09-04 18:20:08,,,,"{'Mesprit': 2, 'Toxicroak': 2, 'Torterra': 2, 'Kabutops': 1, 'Houndoom': 5, 'Swellow': 2, 'Kangaskhan': 2, 'Mismagius': 3, 'Omastar': 2, 'Uxie': 3, 'Venusaur': 3, 'Milotic': 1, 'Registeel': 1}"
phanpy37478,[Gen 4] UU,3,1,2,2016-12-31 20:47:01,2016-12-31 21:02:40,,,,"{'Rapidash': 3, 'Onix': 3, 'Victreebel': 3, 'Metang': 3, 'Purugly': 3, 'Tangela': 3}"
phanpy39803,[Gen 4] UU,3,1,2,2020-08-03 19:02:42,2020-08-03 19:18:07,,,,"{'Toxicroak': 3, 'Wigglytuff': 3, 'Exploud': 3, 'Dugtrio': 3, 'Chimecho': 3, 'Chatot': 3}"
phanpy39834,[Gen 4] UU,1,0,1,2018-03-21 22:05:33,2018-03-21 22:05:33,,,,"{'Omastar': 1, 'Toxicroak': 1, 'Rotom': 1, 'Swellow': 1, 'Blastoise': 1}"
phanpy80869,[Gen 4] UU,1,0,1,2020-06-11 14:37:29,2020-06-11 14:37:29,,,,"{'Ursaring': 1, 'Mismagius': 1, 'Qwilfish': 1, 'Rotom': 1, 'Hitmonlee': 1, 'Uxie': 1}"
phione36780,[Gen 4] UU,3,1,2,2017-02-07 22:36:29,2017-02-07 23:02:21,,,,"{'Milotic': 1, 'Torterra': 1, 'Kabutops': 1, 'Rotom': 3, 'Arcanine': 1, 'Drapion': 1, 'Scyther': 2, 'Sceptile': 2, 'Qwilfish': 2, 'Houndoom': 2, 'Donphan': 2}"
phione47127,[Gen 4] UU,1,0,1,2019-05-23 18:29:48,2019-05-23 18:29:48,,,,"{'Milotic': 1, 'Mismagius': 1, 'Dugtrio': 1, 'Registeel': 1, 'Arcanine': 1, 'Venusaur': 1}"
phione50254,[Gen 4] UU,3,1,2,2018-05-28 03:57:28,2018-05-28 04:21:52,,,,"{'Weezing': 2, 'Walrein': 2, 'Bastiodon': 1, 'Sableye': 1, 'Gastrodon': 2, 'Lopunny': 2, 'Butterfree': 1, 'Claydol': 1, 'Rhyperior': 1, 'Spiritomb': 1, 'Luvdisc': 1, 'Blastoise': 1}"
physical57693,[Gen 4] UU,1,0,1,2017-11-25 21:21:00,2017-11-25 21:21:00,,,,"{'Milotic': 1, 'Drapion': 1, 'Torterra': 1, 'Kabutops': 1, 'Rotom': 1, 'Arcanine': 1}"
pichu68874,[Gen 4] UU,1,0,1,2024-03-01 11:43:13,2024-03-01 11:43:13,,,,"{'Feraligatr': 1, 'Absol': 1, 'Alakazam': 1}"
pickup28423,[Gen 4] UU,2,2,0,2024-12-01 23:17:09,2024-12-01 23:25:58,,,,"{'Mismagius': 2, 'Sceptile': 1, 'Registeel': 1, 'Arcanine': 1, 'Donphan': 1, 'Kangaskhan': 1, 'Omastar': 1, 'Spiritomb': 1, 'Blaziken': 1, 'Alakazam': 1}"
pidgeot31794,[Gen 4] UU,34,14,20,2019-08-31 16:59:07,2020-05-12 14:30:28,,,,"{'Gligar': 18, 'Monferno': 29, 'Wartortle': 24, 'Murkrow': 12, 'Croconaw': 2, 'Misdreavus': 29, 'Sneasel': 12, 'Diglett': 7, 'Roselia': 12, 'Metang': 17, 'Piloswine': 4, 'Seadra': 1, 'Kadabra': 5, 'Golbat': 2, 'Electabuzz': 3, 'Magmar': 3, 'Combusken': 1, 'Vigoroth': 1, 'Horsea': 1, 'Marshtomp': 1, 'Shelgon': 3}"
pidgeot57319,[Gen 4] UU,1,1,0,2024-03-24 19:28:21,2024-03-24 19:28:21,1019.0,1019.0,[1019.0],"{'Pinsir': 1, 'Aggron': 1, 'Azumarill': 1, 'Rotom': 1, 'Houndoom': 1, 'Venusaur': 1}"
pidgeotto18665,[Gen 4] UU,2,1,1,2015-10-16 23:22:10,2015-10-16 23:26:51,,,,"{'Blaziken': 1, 'Rhyperior': 2, 'Mesprit': 1, 'Leafeon': 1, 'Moltres': 1, 'Mismagius': 1, 'Qwilfish': 1, 'Spiritomb': 1, 'Blastoise': 1}"
pidgeotto2900,[Gen 4] UU,2,0,2,2015-01-04 22:26:29,2015-04-04 19:09:29,,,,"{'Charizard': 2, 'Gligar': 1, 'Tauros': 2, 'Medicham': 2, 'Haunter': 2, 'Jynx': 1, 'Regirock': 1, 'Skuntank': 1}"
pidgeotto48354,[Gen 4] UU,1,0,1,2017-11-25 16:01:48,2017-11-25 16:01:48,,,,"{'Banette': 1, 'Kecleon': 1, 'Rampardos': 1, 'Porygon2': 1, 'Rhyperior': 1, 'Clamperl': 1}"
pidgeotto56251,[Gen 4] UU,1,0,1,2016-11-11 14:51:35,2016-11-11 14:51:35,,,,"{'Milotic': 1, 'Mismagius': 1, 'Houndoom': 1, 'Registeel': 1, 'Primeape': 1, 'Venusaur': 1}"
pidgey67978,[Gen 4] UU,1,1,0,2020-03-18 18:06:25,2020-03-18 18:06:25,,,,"{'Typhlosion': 1, 'Luxray': 1, 'Blastoise': 1, 'Sceptile': 1}"
pidgey72655,[Gen 4] UU,1,0,1,2020-07-27 02:18:27,2020-07-27 02:18:27,,,,"{'Altaria': 1, 'Ludicolo': 1, 'Claydol': 1, 'Slowbro': 1, 'Blaziken': 1, 'Alakazam': 1}"
pidgey74090,[Gen 4] UU,1,0,1,2015-04-16 17:44:04,2015-04-16 17:44:04,,,,"{'Moltres': 1, 'Scyther': 1, 'Torterra': 1, 'Kabutops': 1, 'Lanturn': 1, 'Registeel': 1}"
pidgey79700,[Gen 4] UU,3,2,1,2017-06-13 17:46:35,2017-06-13 17:56:23,,,,"{'Rapidash': 2, 'Onix': 2, 'Victreebel': 1, 'Purugly': 2, 'Tangela': 2, 'Metang': 1, 'Machoke': 1, 'Poliwrath': 1, 'Cacturne': 1, 'Misdreavus': 1, 'Golbat': 1}"
pidgey99797,[Gen 4] UU,3,1,2,2020-07-03 14:36:52,2020-07-05 22:55:42,,,,"{'Snover': 3, 'Cloyster': 3, 'Hariyama': 3, 'Nidoqueen': 3, 'Walrein': 3, 'Spiritomb': 3}"
pikachu69587,[Gen 4] UU,1,0,1,2020-07-03 15:01:10,2020-07-03 15:01:10,,,,{'Mismagius': 1}
pikachu73503,[Gen 4] UU,1,0,1,2018-09-07 00:47:46,2018-09-07 00:47:46,,,,"{'Scyther': 1, 'Exeggutor': 1, 'Hariyama': 1, 'Clefable': 1, 'Arcanine': 1, 'Blastoise': 1}"
piloswine34810,[Gen 4] UU,1,0,1,2016-06-29 02:57:31,2016-06-29 02:57:31,,,,"{'Camerupt': 1, 'Regigigas': 1, 'Bellossom': 1, 'Sableye': 1, 'Probopass': 1, 'Articuno': 1}"
pinapberry21631,[Gen 4] UU,1,0,1,2017-10-21 06:44:03,2017-10-21 06:44:03,,,,"{'Machoke': 1, 'Magcargo': 1, 'Dragonair': 1, 'Carnivine': 1, 'Clamperl': 1, 'Pikachu': 1}"
pinapberry34115,[Gen 4] UU,1,0,1,2020-03-15 20:41:41,2020-03-15 20:41:41,,,,"{'Toxicroak': 1, 'Azumarill': 1, 'Uxie': 1, 'Drapion': 1, 'Ambipom': 1}"
pineco80564,[Gen 4] UU,1,0,1,2019-11-28 21:31:49,2019-11-28 21:31:49,,,,"{'Mismagius': 1, 'Sceptile': 1, 'Kabutops': 1, 'Registeel': 1, 'Arcanine': 1, 'Donphan': 1}"
pinkbow22755,[Gen 4] UU,2,0,2,2016-07-05 15:38:01,2016-08-05 20:27:16,,,,"{'Rapidash': 1, 'Regice': 1, 'Armaldo': 2, 'Monferno': 1, 'Quagsire': 2, 'Raichu': 1, 'Bellossom': 1, 'Probopass': 1, 'Misdreavus': 1, 'Articuno': 1}"
pinkbow9800,[Gen 4] UU,2,2,0,2015-08-05 23:00:04,2015-08-11 22:57:28,,,,"{'Moltres': 1, 'Mismagius': 1, 'Medicham': 1, 'Registeel': 1, 'Donphan': 1, 'Kingler': 1, 'Blaziken': 1, 'Sceptile': 1, 'Gastrodon': 1, 'Uxie': 1, 'Arcanine': 1}"
pinmissile14901,[Gen 4] UU,1,1,0,2024-03-29 03:41:31,2024-03-29 03:41:31,1053.0,1053.0,[1053.0],"{'Ursaring': 1, 'Scyther': 1, 'Milotic': 1, 'Claydol': 1, 'Ambipom': 1}"
pinmissile44385,[Gen 4] UU,4,2,2,2017-01-01 19:19:37,2017-01-14 16:39:48,,,,"{'Fearow': 1, 'Poliwrath': 2, 'Sableye': 2, 'Linoone': 1, 'Rhydon': 3, 'Misdreavus': 1, 'Machoke': 2, 'Armaldo': 2, 'Sneasel': 2, 'Bellossom': 2, 'Purugly': 3, 'Regigigas': 1, 'Ampharos': 1, 'Muk': 1}"
pinmissile60613,[Gen 4] UU,3,2,1,2016-07-01 17:37:58,2017-05-31 20:48:36,,,,"{'Machoke': 1, 'Cacturne': 1, 'Rhydon': 2, 'Misdreavus': 1, 'Golbat': 1, 'Muk': 1, 'Poliwrath': 1, 'Sableye': 1, 'Huntail': 1, 'Flareon': 1, 'Armaldo': 1, 'Parasect': 1, 'Pupitar': 1}"
pinmissile72126,[Gen 4] UU,2,2,0,2021-03-21 17:01:34,2021-03-21 17:11:18,,,,"{'Milotic': 1, 'Hariyama': 1, 'Clefable': 1, 'Registeel': 1, 'Venusaur': 1, 'Donphan': 1, 'Azumarill': 1, 'Exeggutor': 1, 'Mesprit': 1}"
pinsir42777,[Gen 4] UU,73,46,27,2015-04-26 20:23:02,2016-05-15 21:50:56,,,,"{'Bibarel': 10, 'Gligar': 15, 'Aggron': 8, 'Toxicroak': 28, 'Cacturne': 10, 'Uxie': 14, 'Cloyster': 14, 'Steelix': 34, 'Spiritomb': 24, 'Arcanine': 16, 'Leafeon': 8, 'Moltres': 12, 'Hitmontop': 18, 'Slowking': 13, 'Venusaur': 14, 'Jynx': 11, 'Dugtrio': 13, 'Swellow': 10, 'Blastoise': 10, 'Milotic': 5, 'Qwilfish': 2, 'Rotom': 7, 'Registeel': 5, 'Donphan': 5, 'Mismagius': 1, 'Snover': 9, 'Altaria': 5, 'Nidoqueen': 8, 'Walrein': 9, 'Scyther': 2, 'Dusclops': 2, 'Chansey': 2, 'Wailord': 2, 'Regirock': 8, 'Hitmonchan': 3, 'Lickilicky': 6, 'Roselia': 2, 'Ludicolo': 3, 'Electrode': 2, 'Kabutops': 1, 'Tauros': 5, 'Gardevoir': 4, 'Sneasel': 4, 'Drifblim': 4, 'Sandslash': 1, 'Lapras': 1, 'Vileplume': 1, 'Charizard': 1, 'Sharpedo': 2, 'Venomoth': 1, 'Mesprit': 1, 'Rhyperior': 1, 'Poliwrath': 1, 'Blaziken': 1}"
pinsir86787,[Gen 4] UU,7,4,3,2023-10-15 21:42:59,2024-04-08 00:33:19,,,,"{'Moltres': 2, 'Miltank': 1, 'Rotom': 2, 'Registeel': 2, 'Venusaur': 3, 'Milotic': 2, 'Mesprit': 1, 'Donphan': 2, 'Leafeon': 2, 'Weezing': 1, 'Clefable': 3, 'Hippopotas': 1, 'Slowking': 1, 'Cradily': 1, 'Absol': 1, 'Mismagius': 2, 'Qwilfish': 1, 'Toxicroak': 1, 'Rhyperior': 2, 'Sceptile': 1, 'Aggron': 1, 'Skuntank': 1, 'Uxie': 2, 'Omastar': 1, 'Primeape': 2, 'Alakazam': 1, 'Houndoom': 1}"
pinsir89057,[Gen 4] UU,1,0,1,2016-05-15 23:33:22,2016-05-15 23:33:22,,,,"{'Mismagius': 1, 'Qwilfish': 1, 'Torterra': 1, 'Clefable': 1, 'Registeel': 1, 'Arcanine': 1}"
piplup44341,[Gen 4] UU,3,2,1,2019-09-29 19:41:03,2019-09-29 19:57:46,,,,"{'Milotic': 1, 'Rhyperior': 2, 'Toxicroak': 1, 'Jynx': 1, 'Clefable': 1, 'Feraligatr': 1, 'Omastar': 1, 'Hitmontop': 1, 'Dugtrio': 1, 'Uxie': 1, 'Venusaur': 1, 'Mismagius': 1, 'Sceptile': 1, 'Kabutops': 1, 'Arcanine': 1, 'Donphan': 1}"
piplup55484,[Gen 4] UU,1,0,1,2020-05-01 21:06:17,2020-05-01 21:06:17,,,,"{'Cloyster': 1, 'Aggron': 1, 'Spiritomb': 1, 'Alakazam': 1, 'Houndoom': 1, 'Ambipom': 1}"
piplup62107,[Gen 4] UU,1,1,0,2017-12-13 23:38:05,2017-12-13 23:38:05,,,,"{'Mismagius': 1, 'Pinsir': 1, 'Azumarill': 1, 'Steelix': 1, 'Drapion': 1, 'Ambipom': 1}"
plus44551,[Gen 4] UU,1,0,1,2025-05-26 01:13:40,2025-05-26 01:13:40,,,,"{'Milotic': 1, 'Mismagius': 1, 'Houndoom': 1, 'Registeel': 1, 'Primeape': 1, 'Venusaur': 1}"
plus81800,[Gen 4] UU,5,5,0,2020-03-07 12:37:17,2020-03-18 18:07:03,1000.0,1146.0,"[1033.0, 1146.0, 1000.0]","{'Uxie': 5, 'Magmortar': 1, 'Hitmontop': 4, 'Ambipom': 5, 'Milotic': 4, 'Torterra': 3, 'Hitmonlee': 2}"
plus85665,[Gen 4] UU,1,0,1,2020-06-28 07:00:29,2020-06-28 07:00:29,,,,"{'Altaria': 1, 'Nidoking': 1, 'Rhyperior': 1, 'Blaziken': 1, 'Venusaur': 1, 'Blastoise': 1}"
plusle1787,[Gen 4] UU,4,1,3,2017-05-31 05:39:31,2017-06-04 19:37:08,,,,"{'Kecleon': 3, 'Rapidash': 3, 'Victreebel': 3, 'Metang': 4, 'Misdreavus': 3, 'Golduck': 2, 'Gabite': 1, 'Flareon': 1, 'Poliwrath': 1, 'Glalie': 1, 'Yanma': 1}"
plusle57044,[Gen 4] UU,6,4,2,2017-08-16 01:23:29,2018-10-04 02:31:10,,,,"{'Qwilfish': 2, 'Absol': 2, 'Milotic': 4, 'Rhyperior': 3, 'Venusaur': 4, 'Spiritomb': 4, 'Blaziken': 4, 'Alakazam': 4, 'Moltres': 1, 'Mismagius': 1, 'Chansey': 1}"
plusle8013,[Gen 4] UU,7,4,3,2018-05-30 01:53:07,2021-07-25 15:40:01,,,,"{'Scyther': 2, 'Hariyama': 1, 'Rhyperior': 3, 'Rotom': 3, 'Venusaur': 4, 'Blastoise': 1, 'Absol': 1, 'Mismagius': 2, 'Qwilfish': 1, 'Toxicroak': 1, 'Leafeon': 1, 'Moltres': 1, 'Milotic': 4, 'Aggron': 1, 'Clefable': 4, 'Donphan': 3, 'Registeel': 2, 'Uxie': 2, 'Drapion': 1, 'Gligar': 1, 'Cacturne': 1, 'Hippopotas': 1, 'Cradily': 1}"
plusle8405,[Gen 4] UU,2,1,1,2024-03-24 04:11:40,2024-05-13 03:01:48,,,,"{'Moltres': 1, 'Mismagius': 1, 'Qwilfish': 1, 'Torterra': 2, 'Kabutops': 1, 'Swellow': 1, 'Omastar': 1, 'Toxicroak': 1, 'Rotom': 1, 'Houndoom': 1, 'Ambipom': 1}"
poison27012,[Gen 4] UU,1,1,0,2019-11-29 04:08:23,2019-11-29 04:08:23,,,,"{'Ursaring': 1, 'Omastar': 1, 'Rotom': 1, 'Alakazam': 1, 'Blaziken': 1, 'Swellow': 1}"
poison54225,[Gen 4] UU,2,0,2,2017-02-04 03:40:43,2017-02-04 03:45:54,,,,"{'Moltres': 2, 'Torterra': 1, 'Kabutops': 1, 'Poliwrath': 1, 'Drapion': 1, 'Ambipom': 1, 'Milotic': 1, 'Aggron': 1, 'Clefable': 1, 'Venusaur': 1, 'Donphan': 1}"
poison54498,[Gen 4] UU,12,7,5,2016-01-18 16:50:19,2016-08-22 00:39:06,,,,"{'Sceptile': 1, 'Aggron': 1, 'Qwilfish': 1, 'Toxicroak': 1, 'Rotom': 4, 'Houndoom': 5, 'Milotic': 6, 'Kabutops': 2, 'Registeel': 6, 'Arcanine': 2, 'Venusaur': 6, 'Blaziken': 1, 'Cacturne': 1, 'Uxie': 2, 'Moltres': 2, 'Mismagius': 5, 'Nidoking': 2, 'Blastoise': 2, 'Leafeon': 3, 'Mesprit': 2, 'Dugtrio': 2, 'Lanturn': 1, 'Omastar': 2, 'Hitmontop': 1, 'Weezing': 1, 'Chansey': 1, 'Spiritomb': 1, 'Swellow': 1, 'Primeape': 2, 'Azumarill': 1}"
poison89007,[Gen 4] UU,1,0,1,2024-03-23 14:29:50,2024-03-23 14:29:50,1062.0,1062.0,[1062.0],"{'Claydol': 1, 'Feraligatr': 1, 'Registeel': 1, 'Blaziken': 1, 'Drapion': 1, 'Swellow': 1}"
poison92665,[Gen 4] UU,1,1,0,2024-09-24 16:09:35,2024-09-24 16:09:35,,,,"{'Scyther': 1, 'Mismagius': 1, 'Registeel': 1, 'Venusaur': 1, 'Donphan': 1}"
poisonbarb85874,[Gen 4] UU,1,0,1,2023-12-23 05:48:19,2023-12-23 05:48:19,,,,"{'Pinsir': 1, 'Aggron': 1, 'Azumarill': 1, 'Rotom': 1, 'Houndoom': 1, 'Venusaur': 1}"
poisonfang60788,[Gen 4] UU,2,2,0,2017-08-26 18:56:11,2017-09-01 01:44:21,,,,"{'Armaldo': 1, 'Muk': 1, 'Metang': 1, 'Purugly': 1, 'Gastrodon': 2, 'Articuno': 1, 'Kadabra': 1, 'Monferno': 1, 'Probopass': 1, 'Misdreavus': 1, 'Golbat': 1}"
poisonfang73823,[Gen 4] UU,1,0,1,2020-08-31 12:53:53,2020-08-31 12:53:53,,,,"{'Milotic': 1, 'Rhyperior': 1, 'Toxicroak': 1, 'Jynx': 1, 'Clefable': 1, 'Feraligatr': 1}"
poisongas33871,[Gen 4] UU,2,0,2,2020-04-05 00:41:15,2020-06-06 01:50:46,,,,"{'Moltres': 2, 'Torterra': 2, 'Kabutops': 2, 'Poliwrath': 2, 'Drapion': 2, 'Ambipom': 2}"
poisongas62194,[Gen 4] UU,2,2,0,2023-12-31 07:27:04,2024-03-19 11:21:45,,,,"{'Absol': 1, 'Mismagius': 2, 'Venusaur': 2, 'Clefable': 1, 'Blaziken': 1, 'Alakazam': 1, 'Kangaskhan': 1, 'Omastar': 1, 'Uxie': 1}"
poisongas7698,[Gen 4] UU,1,1,0,2015-04-03 23:58:14,2015-04-03 23:58:14,,,,"{'Mesprit': 1, 'Mismagius': 1, 'Rhyperior': 1, 'Poliwrath': 1, 'Blaziken': 1, 'Venusaur': 1}"
poisongas8357,[Gen 4] UU,2,1,1,2019-09-19 11:36:50,2019-11-28 11:11:28,,,,"{'Cloyster': 1, 'Mismagius': 1, 'Entei': 1, 'Dugtrio': 1, 'Uxie': 1, 'Venusaur': 2, 'Moltres': 1, 'Rhyperior': 1, 'Steelix': 1, 'Ambipom': 1, 'Blastoise': 1}"
poisongas89326,[Gen 4] UU,1,0,1,2020-08-23 11:13:32,2020-08-23 11:13:32,,,,"{'Altaria': 1, 'Toxicroak': 1, 'Kabutops': 1, 'Steelix': 1, 'Dugtrio': 1, 'Leafeon': 1}"
poisongas89807,[Gen 4] UU,1,1,0,2020-01-30 20:51:36,2020-01-30 20:51:36,,,,"{'Uxie': 1, 'Venusaur': 1}"
poisonheal30246,[Gen 4] UU,18,10,8,2015-03-23 02:05:28,2021-06-06 16:07:33,,,,"{'Scyther': 2, 'Omastar': 3, 'Toxicroak': 6, 'Torterra': 2, 'Kabutops': 1, 'Houndoom': 6, 'Cloyster': 3, 'Mismagius': 6, 'Clefable': 4, 'Arcanine': 4, 'Venusaur': 3, 'Milotic': 6, 'Mesprit': 2, 'Sceptile': 3, 'Lanturn': 2, 'Registeel': 2, 'Snover': 3, 'Hariyama': 3, 'Walrein': 3, 'Jynx': 3, 'Uxie': 3, 'Glaceon': 2, 'Tauros': 3, 'Qwilfish': 5, 'Steelix': 4, 'Rotom': 4, 'Rhyperior': 3, 'Weezing': 3, 'Alakazam': 1, 'Feraligatr': 1, 'Donphan': 1, 'Hitmontop': 2, 'Chansey': 2, 'Spiritomb': 2}"
poisonheal31979,[Gen 4] UU,1,1,0,2018-05-27 20:53:03,2018-05-27 20:53:03,,,,"{'Houndoom': 1, 'Milotic': 1, 'Venusaur': 1, 'Mismagius': 1}"
poisonheal36707,[Gen 4] UU,13,3,10,2016-08-10 13:02:34,2018-01-31 23:13:30,,,,"{'Mismagius': 1, 'Sceptile': 7, 'Kabutops': 1, 'Registeel': 1, 'Arcanine': 1, 'Donphan': 2, 'Scyther': 6, 'Altaria': 6, 'Milotic': 7, 'Hitmontop': 6, 'Rhyperior': 6, 'Rapidash': 4, 'Onix': 4, 'Victreebel': 3, 'Metang': 4, 'Purugly': 2, 'Tangela': 3, 'Moltres': 1, 'Aggron': 1, 'Clefable': 1, 'Venusaur': 1, 'Kecleon': 1, 'Kadabra': 1, 'Poliwrath': 1, 'Muk': 1, 'Carnivine': 1, 'Rhydon': 1}"
poisonheal42759,[Gen 4] UU,2,2,0,2016-07-04 20:00:40,2016-07-09 17:24:44,,,,"{'Politoed': 1, 'Machoke': 2, 'Golem': 2, 'Linoone': 2, 'Raichu': 2, 'Misdreavus': 2, 'Gorebyss': 1}"
poisonheal45610,[Gen 4] UU,3,1,2,2017-05-27 17:20:41,2017-05-27 17:33:56,,,,"{'Moltres': 1, 'Milotic': 2, 'Aggron': 1, 'Clefable': 1, 'Venusaur': 1, 'Donphan': 3, 'Scyther': 1, 'Mesprit': 1, 'Tauros': 1, 'Azumarill': 1, 'Houndoom': 1, 'Snover': 1, 'Walrein': 1, 'Spiritomb': 1, 'Registeel': 1}"
poisonheal87841,[Gen 4] UU,2,1,1,2017-04-30 17:25:19,2017-12-10 18:29:06,,,,"{'Armaldo': 1, 'Kadabra': 2, 'Poliwrath': 1, 'Victreebel': 1, 'Lickilicky': 1, 'Misdreavus': 1, 'Sneasel': 1, 'Metang': 1}"
poisonheal8919,[Gen 4] UU,1,0,1,2019-03-28 12:20:43,2019-03-28 12:20:43,,,,"{'Moltres': 1, 'Milotic': 1, 'Ludicolo': 1, 'Aggron': 1, 'Venusaur': 1, 'Donphan': 1}"
poisonheal90706,[Gen 4] UU,1,0,1,2020-03-29 14:41:04,2020-03-29 14:41:04,,,,"{'Snover': 1, 'Hitmontop': 1, 'Nidoqueen': 1, 'Walrein': 1, 'Chansey': 1, 'Registeel': 1}"
poisonjab26245,[Gen 4] UU,1,1,0,2018-07-05 19:35:31,2018-07-05 19:35:31,,,,"{'Moltres': 1, 'Aggron': 1, 'Clefable': 1, 'Venusaur': 1, 'Donphan': 1}"
poisonjab30576,[Gen 4] UU,1,0,1,2020-07-02 11:57:21,2020-07-02 11:57:21,1000.0,1000.0,[1000.0],"{'Scyther': 1, 'Exeggutor': 1, 'Drapion': 1, 'Lanturn': 1, 'Probopass': 1, 'Arcanine': 1}"
poisonjab60786,[Gen 4] UU,1,0,1,2017-06-01 14:50:41,2017-06-01 14:50:41,,,,"{'Rapidash': 1, 'Onix': 1, 'Victreebel': 1, 'Metang': 1, 'Purugly': 1, 'Tangela': 1}"
poisonjab72666,[Gen 4] UU,1,0,1,2019-12-02 11:35:33,2019-12-02 11:35:33,,,,"{'Cloyster': 1, 'Mismagius': 1, 'Sceptile': 1, 'Aggron': 1, 'Houndoom': 1, 'Primeape': 1}"
poisonpoint3213,[Gen 4] UU,3,2,1,2024-11-24 22:44:56,2024-11-24 22:54:51,,,,"{'Mismagius': 2, 'Registeel': 1, 'Blaziken': 2, 'Slowking': 1, 'Leafeon': 1, 'Houndoom': 1, 'Qwilfish': 1, 'Torterra': 1, 'Entei': 1, 'Rhyperior': 1, 'Skuntank': 1, 'Venusaur': 1, 'Blastoise': 1}"
poisonpoint68095,[Gen 4] UU,1,0,1,2014-10-24 00:01:49,2014-10-24 00:01:49,,,,"{'Charizard': 1, 'Sceptile': 1, 'Toxicroak': 1, 'Feraligatr': 1, 'Uxie': 1, 'Ampharos': 1}"
poisonpoint95463,[Gen 4] UU,1,0,1,2020-03-24 23:10:08,2020-03-24 23:10:08,,,,"{'Blaziken': 1, 'Kangaskhan': 1, 'Mismagius': 1, 'Uxie': 1, 'Venusaur': 1, 'Blastoise': 1}"
poisonpoint9799,[Gen 4] UU,15,7,8,2024-11-14 06:29:57,2025-03-06 06:51:22,,,,"{'Moltres': 4, 'Milotic': 4, 'Mismagius': 8, 'Primeape': 6, 'Venusaur': 5, 'Alakazam': 9, 'Omastar': 2, 'Hitmontop': 2, 'Miltank': 5, 'Spiritomb': 5, 'Scyther': 2, 'Uxie': 2, 'Blastoise': 2, 'Sceptile': 4, 'Feraligatr': 4, 'Hitmonlee': 4, 'Houndoom': 7, 'Exeggutor': 3, 'Qwilfish': 3, 'Donphan': 3}"
poisonpowder10144,[Gen 4] UU,1,1,0,2016-03-23 03:29:43,2016-03-23 03:29:43,,,,"{'Medicham': 1, 'Regigigas': 1}"
poisonpowder16094,[Gen 4] UU,1,0,1,2020-03-18 18:07:03,2020-03-18 18:07:03,,,,"{'Ludicolo': 1, 'Claydol': 1, 'Qwilfish': 1, 'Miltank': 1, 'Dugtrio': 1}"
poisonpowder44733,[Gen 4] UU,2,1,1,2017-11-09 22:17:28,2017-11-09 22:37:09,,,,"{'Mismagius': 1, 'Sceptile': 1, 'Kabutops': 1, 'Registeel': 1, 'Arcanine': 1, 'Donphan': 1, 'Tauros': 1, 'Haunter': 1, 'Regirock': 1, 'Jynx': 1, 'Manectric': 1, 'Slowking': 1}"
poisonsting13812,[Gen 4] UU,1,1,0,2015-01-04 00:49:48,2015-01-04 00:49:48,,,,"{'Snover': 1, 'Nidoqueen': 1, 'Walrein': 1, 'Jynx': 1, 'Glaceon': 1, 'Glalie': 1}"
poisonsting16194,[Gen 4] UU,1,0,1,2020-08-24 20:03:57,2020-08-24 20:03:57,,,,"{'Hariyama': 1, 'Regirock': 1, 'Houndoom': 1, 'Uxie': 1, 'Primeape': 1, 'Venusaur': 1}"
poisonsting84915,[Gen 4] UU,5,3,2,2017-11-20 03:14:07,2020-04-17 01:28:25,,,,"{'Moltres': 2, 'Venusaur': 2, 'Donphan': 4, 'Ursaring': 1, 'Omastar': 1, 'Rotom': 2, 'Swellow': 1, 'Blaziken': 2, 'Alakazam': 2, 'Milotic': 1, 'Dugtrio': 1, 'Clefable': 2, 'Mismagius': 1, 'Kabutops': 1, 'Registeel': 1, 'Arcanine': 1, 'Qwilfish': 1}"
poisontail76206,[Gen 4] UU,3,0,3,2022-07-30 18:38:23,2025-02-07 23:53:09,,,,"{'Milotic': 3, 'Kangaskhan': 1, 'Qwilfish': 1, 'Torterra': 1, 'Spiritomb': 1, 'Primeape': 1, 'Clefable': 2, 'Registeel': 2, 'Uxie': 2, 'Venusaur': 2, 'Dugtrio': 1}"
poisontail97,[Gen 4] UU,3,2,1,2016-07-01 21:06:33,2016-07-24 23:27:48,,,,"{'Rapidash': 3, 'Raticate': 3, 'Marowak': 3, 'Mr. Mime': 3, 'Electabuzz': 3, 'Crawdaunt': 2}"
poisontail97718,[Gen 4] UU,1,1,0,2020-01-19 16:19:12,2020-01-19 16:19:12,,,,"{'Ludicolo': 1, 'Toxicroak': 1, 'Kabutops': 1, 'Dugtrio': 1, 'Registeel': 1, 'Uxie': 1}"
pokeball10513,[Gen 4] UU,1,1,0,2018-02-05 01:11:03,2018-02-05 01:11:03,,,,"{'Milotic': 1, 'Rhyperior': 1, 'Toxicroak': 1, 'Jynx': 1, 'Clefable': 1, 'Feraligatr': 1}"
pokeball15565,[Gen 4] UU,10,6,4,2021-04-11 14:34:24,2021-12-12 10:12:34,,,,"{'Mismagius': 4, 'Qwilfish': 1, 'Torterra': 3, 'Registeel': 4, 'Arcanine': 4, 'Ambipom': 2, 'Milotic': 4, 'Kabutops': 4, 'Rotom': 2, 'Drapion': 2, 'Sceptile': 1, 'Donphan': 1, 'Mesprit': 3, 'Dugtrio': 4, 'Swellow': 2, 'Leafeon': 2, 'Omastar': 1, 'Toxicroak': 1, 'Clefable': 2, 'Blaziken': 1, 'Moltres': 1, 'Poliwrath': 1, 'Houndoom': 1, 'Primeape': 1, 'Venusaur': 3, 'Uxie': 2, 'Kangaskhan': 1}"
pokeball16603,[Gen 4] UU,3,1,2,2015-05-31 21:52:38,2015-08-13 21:07:04,,,,"{'Torterra': 3, 'Hitmonchan': 1, 'Rotom': 1, 'Stantler': 1, 'Houndoom': 3, 'Blastoise': 1, 'Hitmontop': 2, 'Dodrio': 2, 'Dugtrio': 2, 'Swellow': 2}"
pokeball59785,[Gen 4] UU,2,1,1,2024-12-04 01:23:11,2024-12-04 01:32:47,,,,"{'Magmortar': 1, 'Hitmontop': 1, 'Marowak': 1, 'Carnivine': 1, 'Registeel': 1, 'Corsola': 1, 'Tangrowth': 1, 'Typhlosion': 1, 'Spiritomb': 1, 'Quagsire': 1, 'Primeape': 1, 'Ambipom': 1}"
pokeball89241,[Gen 4] UU,1,1,0,2016-01-17 23:56:21,2016-01-17 23:56:21,,,,"{'Omastar': 1, 'Kabutops': 1, 'Rotom': 1, 'Swellow': 1, 'Houndoom': 1, 'Venusaur': 1}"
politoed14231,[Gen 4] UU,1,1,0,2019-05-02 19:30:54,2019-05-02 19:30:54,,,,"{'Altaria': 1, 'Venusaur': 1, 'Miltank': 1, 'Registeel': 1, 'Alakazam': 1, 'Blastoise': 1}"
politoed29301,[Gen 4] UU,20,5,15,2016-01-28 23:09:07,2020-03-24 05:25:34,,,,"{'Scyther': 5, 'Donphan': 5, 'Tauros': 8, 'Aggron': 4, 'Houndoom': 4, 'Blastoise': 5, 'Milotic': 4, 'Mesprit': 4, 'Rhyperior': 4, 'Torterra': 3, 'Weezing': 2, 'Arcanine': 3, 'Toxicroak': 1, 'Blaziken': 1, 'Ambipom': 2, 'Nidoqueen': 2, 'Poliwrath': 3, 'Dusclops': 2, 'Lickilicky': 2, 'Sceptile': 3, 'Azumarill': 1, 'Registeel': 2, 'Altaria': 1, 'Hitmontop': 1, 'Lunatone': 2, 'Camerupt': 2, 'Flareon': 2, 'Xatu': 2, 'Quagsire': 2, 'Raichu': 2, 'Slowking': 2, 'Moltres': 1, 'Mismagius': 1, 'Qwilfish': 1, 'Spiritomb': 1, 'Charizard': 1, 'Sandslash': 1, 'Jumpluff': 1, 'Grumpig': 1, 'Haunter': 2, 'Manectric': 2, 'Rhydon': 1, 'Glalie': 1, 'Drifblim': 1, 'Regirock': 1, 'Hitmonchan': 1, 'Jynx': 2, 'Skuntank': 1, 'Rotom': 2, 'Magmortar': 1, 'Shiftry': 1, 'Electrode': 1, 'Golem': 1, 'Omastar': 1, 'Kabutops': 1, 'Venusaur': 1}"
politoed34398,[Gen 4] UU,1,0,1,2025-04-09 02:57:48,2025-04-09 02:57:48,,,,"{'Hariyama': 1, 'Azumarill': 1, 'Registeel': 1, 'Uxie': 1, 'Primeape': 1, 'Venusaur': 1}"
politoed69123,[Gen 4] UU,1,1,0,2019-05-26 12:16:41,2019-05-26 12:16:41,,,,"{'Ursaring': 1, 'Blaziken': 1, 'Rotom': 1, 'Swellow': 1}"
poliwag63576,[Gen 4] UU,2,1,1,2017-10-22 12:37:41,2017-11-04 01:06:54,,,,"{'Magmortar': 1, 'Shiftry': 1, 'Electrode': 1, 'Golem': 1, 'Jynx': 1, 'Raichu': 1, 'Omastar': 1}"
poliwag64322,[Gen 4] UU,2,2,0,2015-01-06 13:39:51,2015-01-06 14:04:11,,,,"{'Pidgeot': 1, 'Kecleon': 1, 'Crawdaunt': 1, 'Sableye': 1, 'Chimecho': 2, 'Relicanth': 2, 'Wailord': 1, 'Torkoal': 1, 'Pelipper': 1, 'Swalot': 1}"
poliwag79956,[Gen 4] UU,1,0,1,2020-06-07 20:12:16,2020-06-07 20:12:16,,,,"{'Tangrowth': 1, 'Milotic': 1, 'Magcargo': 1, 'Claydol': 1, 'Nidoqueen': 1, 'Spiritomb': 1}"
poliwhirl29459,[Gen 4] UU,2,1,1,2019-03-31 16:44:12,2020-02-23 06:57:03,,,,"{'Magneton': 1, 'Azumarill': 1, 'Venusaur': 2, 'Dugtrio': 1, 'Uxie': 1, 'Ambipom': 1, 'Milotic': 1, 'Rhyperior': 1, 'Spiritomb': 1, 'Alakazam': 1, 'Blaziken': 1}"
poliwhirl93333,[Gen 4] UU,10,6,4,2017-01-12 15:00:45,2017-04-02 17:25:42,,,,"{'Milotic': 3, 'Blaziken': 2, 'Rhyperior': 2, 'Registeel': 5, 'Uxie': 2, 'Venusaur': 2, 'Scyther': 1, 'Arcanine': 1, 'Donphan': 4, 'Moltres': 3, 'Rotom': 2, 'Drapion': 5, 'Sceptile': 3, 'Slowbro': 3, 'Dugtrio': 2, 'Glaceon': 3, 'Porygon2': 1, 'Toxicroak': 2, 'Slowking': 1, 'Snover': 1, 'Nidoqueen': 1, 'Walrein': 1, 'Chansey': 1, 'Spiritomb': 2, 'Blastoise': 1, 'Exeggutor': 1, 'Shiftry': 1, 'Typhlosion': 1}"
poliwrath44675,[Gen 4] UU,1,1,0,2018-04-06 08:27:33,2018-04-06 08:27:33,,,,"{'Toxicroak': 1, 'Nidoqueen': 1, 'Clefable': 1, 'Registeel': 1, 'Slowking': 1}"
polkadotbow40361,[Gen 4] UU,2,0,2,2020-07-21 06:01:41,2020-07-27 02:07:09,1040.0,1040.0,[1040.0],"{'Milotic': 2, 'Mismagius': 1, 'Torterra': 2, 'Drapion': 1, 'Primeape': 2, 'Donphan': 1, 'Claydol': 1, 'Arcanine': 1, 'Ambipom': 1}"
polkadotbow56752,[Gen 4] UU,1,0,1,2016-07-11 18:54:30,2016-07-11 18:54:30,,,,"{'Golduck': 1, 'Camerupt': 1, 'Mawile': 1, 'Mr. Mime': 1, 'Pelipper': 1, 'Victreebel': 1}"
pomegberry23536,[Gen 4] UU,1,0,1,2020-03-25 04:13:51,2020-03-25 04:13:51,,,,"{'Milotic': 1, 'Mismagius': 1, 'Houndoom': 1, 'Registeel': 1, 'Primeape': 1, 'Venusaur': 1}"
pomegberry32922,[Gen 4] UU,2,1,1,2014-11-15 16:19:04,2015-11-15 17:57:40,,,,"{'Moltres': 2, 'Tauros': 2, 'Rotom': 2, 'Dugtrio': 2, 'Registeel': 2, 'Blastoise': 2}"
pomegberry75066,[Gen 4] UU,1,0,1,2019-11-28 21:06:50,2019-11-28 21:06:50,,,,"{'Milotic': 1, 'Absol': 1, 'Rhyperior': 1, 'Venusaur': 1, 'Blaziken': 1, 'Alakazam': 1}"
pomegberry76015,[Gen 4] UU,6,1,5,2016-05-07 18:11:02,2016-10-29 17:24:51,,,,"{'Medicham': 1, 'Floatzel': 1, 'Regirock': 2, 'Skuntank': 2, 'Jynx': 1, 'Gardevoir': 1, 'Milotic': 1, 'Omastar': 1, 'Hitmontop': 1, 'Weezing': 1, 'Chansey': 1, 'Spiritomb': 1, 'Machoke': 1, 'Tauros': 1, 'Dodrio': 1, 'Slowking': 2, 'Camerupt': 1, 'Rampardos': 1, 'Porygon2': 1, 'Dusclops': 1, 'Solrock': 1, 'Mesprit': 2, 'Azumarill': 2, 'Rotom': 2, 'Blaziken': 1, 'Drapion': 1, 'Venusaur': 1, 'Toxicroak': 1, 'Donphan': 1}"
ponyta62797,[Gen 4] UU,1,0,1,2016-04-13 09:53:49,2016-04-13 09:53:49,,,,"{'Charizard': 1, 'Mesprit': 1, 'Shedinja': 1, 'Toxicroak': 1, 'Kabutops': 1, 'Clefable': 1}"
ponyta82141,[Gen 4] UU,2,0,2,2024-11-28 20:23:49,2024-11-28 20:28:28,,,,"{'Mismagius': 1, 'Qwilfish': 1, 'Regirock': 1, 'Hitmonlee': 1, 'Houndoom': 1, 'Venusaur': 2, 'Blaziken': 1, 'Kabutops': 1, 'Weezing': 1, 'Clefable': 1, 'Uxie': 1}"
porygon1798,[Gen 4] UU,2,1,1,2017-01-23 21:13:26,2017-01-23 21:36:56,,,,"{'Butterfree': 2, 'Combusken': 2, 'Magneton': 1, 'Piloswine': 2, 'Zigzagoon': 1, 'Venusaur': 2}"
porygon242954,[Gen 4] UU,2,1,1,2016-10-22 06:51:34,2016-10-22 06:58:15,,,,"{'Milotic': 2, 'Mismagius': 2, 'Houndoom': 2, 'Registeel': 2, 'Primeape': 2, 'Venusaur': 2}"
porygon29702,[Gen 4] UU,3,3,0,2019-03-08 06:06:04,2019-03-24 17:38:01,1022.0,1038.0,"[1022.0, 1038.0]","{'Scyther': 1, 'Exeggutor': 2, 'Rhyperior': 2, 'Arcanine': 1, 'Alakazam': 1, 'Blastoise': 1, 'Hariyama': 1, 'Slowbro': 1, 'Spiritomb': 1, 'Registeel': 1, 'Qwilfish': 1, 'Nidoking': 1, 'Toxicroak': 1, 'Weezing': 1, 'Drapion': 1, 'Venusaur': 1}"
porygon31362,[Gen 4] UU,1,0,1,2020-08-05 19:37:00,2020-08-05 19:37:00,,,,"{'Sceptile': 1, 'Hitmonlee': 1, 'Registeel': 1, 'Arcanine': 1, 'Alakazam': 1, 'Blastoise': 1}"
porygon63784,[Gen 4] UU,10,4,6,2022-06-15 03:43:12,2022-10-20 00:06:17,,,,"{'Milotic': 7, 'Clefable': 4, 'Registeel': 5, 'Uxie': 5, 'Venusaur': 6, 'Donphan': 2, 'Kangaskhan': 3, 'Qwilfish': 3, 'Torterra': 3, 'Spiritomb': 2, 'Primeape': 3, 'Rhyperior': 3, 'Scyther': 1, 'Regirock': 1, 'Azumarill': 1, 'Houndoom': 1, 'Rotom': 1, 'Slowking': 1, 'Blaziken': 1, 'Moltres': 1, 'Hitmonlee': 1}"
porygon66517,[Gen 4] UU,21,7,14,2023-08-19 21:17:34,2025-03-30 21:13:22,,,,"{'Mismagius': 8, 'Toxicroak': 1, 'Torterra': 2, 'Registeel': 13, 'Arcanine': 2, 'Blastoise': 3, 'Scyther': 4, 'Rhyperior': 5, 'Uxie': 13, 'Venusaur': 8, 'Ambipom': 5, 'Cloyster': 1, 'Houndoom': 4, 'Sceptile': 5, 'Qwilfish': 6, 'Hitmonlee': 2, 'Milotic': 9, 'Hariyama': 2, 'Blaziken': 6, 'Rotom': 2, 'Moltres': 1, 'Donphan': 4, 'Entei': 1, 'Skuntank': 4, 'Clefable': 5, 'Exeggutor': 3, 'Leafeon': 2, 'Feraligatr': 1, 'Regirock': 1, 'Glalie': 1, 'Drifblim': 1}"
porygon67431,[Gen 4] UU,1,0,1,2024-03-03 22:00:03,2024-03-03 22:00:03,,,,"{'Qwilfish': 1, 'Uxie': 1}"
porygon80434,[Gen 4] UU,1,1,0,2020-05-15 01:18:58,2020-05-15 01:18:58,,,,"{'Mesprit': 1, 'Kabutops': 1, 'Dugtrio': 1, 'Arcanine': 1, 'Swellow': 1, 'Leafeon': 1}"
porygon95827,[Gen 4] UU,1,0,1,2024-04-14 15:29:53,2024-04-14 15:29:53,,,,"{'Snover': 1, 'Mesprit': 1, 'Mismagius': 1, 'Sneasel': 1, 'Walrein': 1, 'Spiritomb': 1}"
pound10243,[Gen 4] UU,1,0,1,2018-11-14 19:34:02,2018-11-14 19:34:02,,,,"{'Scyther': 1, 'Sharpedo': 1, 'Altaria': 1, 'Kangaskhan': 1, 'Omastar': 1, 'Nidoking': 1}"
pound41822,[Gen 4] UU,1,1,0,2020-07-19 04:54:47,2020-07-19 04:54:47,1000.0,1000.0,[1000.0],{'Ursaring': 1}
pound45555,[Gen 4] UU,2,2,0,2020-01-12 22:43:01,2020-01-12 22:49:04,,,,"{'Milotic': 1, 'Absol': 2, 'Rhyperior': 2, 'Blaziken': 1, 'Venusaur': 1, 'Alakazam': 1}"
pound62517,[Gen 4] UU,3,0,3,2017-10-18 17:22:55,2017-11-04 15:16:10,,,,"{'Machoke': 1, 'Charizard': 1, 'Sandslash': 1, 'Jumpluff': 1, 'Whiscash': 1, 'Manectric': 1, 'Gligar': 1, 'Tauros': 1, 'Medicham': 1, 'Magneton': 1, 'Hitmonchan': 1, 'Hypno': 1, 'Rhydon': 1, 'Poliwrath': 1, 'Mr. Mime': 1, 'Muk': 1, 'Sableye': 1, 'Lickilicky': 1}"
pound70322,[Gen 4] UU,1,0,1,2020-03-19 03:28:28,2020-03-19 03:28:28,,,,"{'Ludicolo': 1, 'Electrode': 1, 'Kabutops': 1, 'Dugtrio': 1, 'Registeel': 1, 'Uxie': 1}"
pound99663,[Gen 4] UU,1,1,0,2024-03-03 14:10:40,2024-03-03 14:10:40,,,,"{'Moltres': 1, 'Hitmontop': 1, 'Venusaur': 1, 'Arcanine': 1, 'Ambipom': 1}"
powdersnow17473,[Gen 4] UU,3,2,1,2023-03-17 02:51:38,2023-03-17 03:01:54,,,,"{'Mesprit': 1, 'Kabutops': 1, 'Dugtrio': 1, 'Arcanine': 1, 'Swellow': 1, 'Leafeon': 1, 'Kangaskhan': 1, 'Mismagius': 1, 'Omastar': 1, 'Spiritomb': 1, 'Alakazam': 1, 'Pinsir': 1, 'Aggron': 1, 'Azumarill': 1, 'Rotom': 1, 'Houndoom': 1, 'Venusaur': 1}"
powdersnow59143,[Gen 4] UU,5,1,4,2017-01-29 18:53:17,2017-10-31 01:37:35,,,,"{'Scyther': 2, 'Rhyperior': 2, 'Rotom': 2, 'Clefable': 1, 'Arcanine': 2, 'Blastoise': 2, 'Milotic': 1, 'Mismagius': 1, 'Swellow': 3, 'Houndoom': 2, 'Venusaur': 1, 'Donphan': 2, 'Mesprit': 1, 'Kabutops': 1, 'Dugtrio': 1, 'Leafeon': 1, 'Sceptile': 1, 'Qwilfish': 1, 'Moltres': 1, 'Torterra': 1, 'Uxie': 1}"
powdersnow64825,[Gen 4] UU,3,1,2,2017-11-29 07:53:18,2017-11-29 08:09:35,,,,"{'Milotic': 1, 'Mesprit': 1, 'Rhyperior': 1, 'Torterra': 1, 'Weezing': 1, 'Arcanine': 1, 'Magmortar': 1, 'Sandslash': 1, 'Magneton': 1, 'Jynx': 1, 'Solrock': 1, 'Poliwrath': 1, 'Cacturne': 1, 'Muk': 1, 'Rhydon': 1, 'Gastrodon': 1, 'Misdreavus': 1}"
poweranklet10171,[Gen 4] UU,3,3,0,2020-03-31 22:56:03,2020-04-01 01:34:09,1000.0,1067.0,"[1067.0, 1000.0]","{'Tangrowth': 3, 'Slowbro': 3, 'Toxicroak': 3, 'Steelix': 3, 'Chansey': 3, 'Drapion': 2}"
poweranklet35660,[Gen 4] UU,2,0,2,2017-10-22 18:03:00,2017-11-04 01:06:54,,,,"{'Magmortar': 1, 'Sandslash': 1, 'Haunter': 1, 'Regirock': 2, 'Cacturne': 1, 'Gardevoir': 1, 'Slowking': 1, 'Hitmonchan': 1}"
poweranklet97216,[Gen 4] UU,1,1,0,2018-11-04 19:33:22,2018-11-04 19:33:22,,,,"{'Uxie': 1, 'Toxicroak': 1, 'Ludicolo': 1, 'Kabutops': 1}"
powerbracer45253,[Gen 4] UU,1,1,0,2020-03-12 11:59:37,2020-03-12 11:59:37,,,,"{'Milotic': 1, 'Mesprit': 1, 'Toxicroak': 1, 'Torterra': 1, 'Blaziken': 1, 'Ambipom': 1}"
powerelectric10332,[Gen 4] UU,2,1,1,2015-03-17 04:40:24,2015-05-15 12:24:46,,,,"{'Ursaring': 2, 'Omastar': 2, 'Rotom': 2, 'Alakazam': 2, 'Blaziken': 2, 'Swellow': 2}"
powerelectric22320,[Gen 4] UU,2,2,0,2024-12-14 16:21:28,2024-12-14 18:02:22,,,,"{'Snover': 1, 'Altaria': 1, 'Cloyster': 1, 'Nidoqueen': 1, 'Walrein': 1, 'Spiritomb': 2, 'Milotic': 1, 'Claydol': 1, 'Chansey': 1, 'Clefable': 1, 'Registeel': 1}"
powergem38367,[Gen 4] UU,2,1,1,2020-06-26 10:06:31,2020-08-03 11:24:49,,,,"{'Milotic': 2, 'Torterra': 2, 'Kabutops': 2, 'Rotom': 2, 'Arcanine': 2, 'Drapion': 2}"
powergem44888,[Gen 4] UU,2,0,2,2020-07-14 19:57:01,2020-07-14 20:21:29,,,,"{'Sceptile': 1, 'Rotom': 1, 'Registeel': 1, 'Slowking': 1, 'Ambipom': 1, 'Donphan': 1, 'Mismagius': 1, 'Kabutops': 1, 'Miltank': 1, 'Uxie': 1, 'Blaziken': 1, 'Drapion': 1}"
powergem66382,[Gen 4] UU,2,1,1,2020-07-22 15:53:41,2020-08-24 14:31:38,,,,"{'Absol': 1, 'Mismagius': 2, 'Registeel': 1, 'Blaziken': 1, 'Venusaur': 1, 'Blastoise': 2, 'Ursaring': 1, 'Exeggutor': 1, 'Mesprit': 1, 'Steelix': 1}"
powergem99567,[Gen 4] UU,3,1,2,2017-02-28 16:34:25,2017-02-28 17:17:44,,,,"{'Machoke': 2, 'Poliwrath': 3, 'Cacturne': 2, 'Rhydon': 3, 'Misdreavus': 3, 'Golbat': 2, 'Muk': 1, 'Metang': 1, 'Glalie': 1}"
powerherb16934,[Gen 4] UU,4,2,2,2015-04-25 21:18:18,2024-01-27 19:00:06,,,,"{'Milotic': 4, 'Mismagius': 1, 'Rhyperior': 1, 'Clefable': 2, 'Uxie': 1, 'Drapion': 2, 'Ursaring': 1, 'Rotom': 2, 'Registeel': 3, 'Arcanine': 1, 'Venusaur': 2, 'Moltres': 1, 'Hitmonlee': 1}"
powerherb27781,[Gen 4] UU,8,3,5,2021-08-01 17:03:45,2023-05-20 19:13:26,,,,"{'Scyther': 1, 'Rhyperior': 2, 'Venusaur': 5, 'Houndoom': 1, 'Alakazam': 2, 'Blastoise': 1, 'Kangaskhan': 1, 'Mismagius': 1, 'Omastar': 4, 'Spiritomb': 1, 'Blaziken': 1, 'Rampardos': 2, 'Rotom': 3, 'Clefable': 4, 'Drapion': 3, 'Snover': 1, 'Hitmontop': 1, 'Nidoqueen': 1, 'Walrein': 1, 'Chansey': 1, 'Registeel': 2, 'Milotic': 1, 'Sceptile': 1, 'Skuntank': 1, 'Uxie': 1, 'Mesprit': 1, 'Typhlosion': 1, 'Feraligatr': 1, 'Ambipom': 1}"
powerherb71726,[Gen 4] UU,4,2,2,2023-12-17 00:44:46,2024-04-19 21:33:13,,,,"{'Mismagius': 4, 'Kabutops': 4, 'Registeel': 4, 'Arcanine': 4, 'Donphan': 4, 'Sceptile': 3}"
powerherb82423,[Gen 4] UU,1,1,0,2016-03-13 04:46:34,2016-03-13 04:46:34,,,,"{'Gorebyss': 1, 'Ludicolo': 1, 'Kabutops': 1, 'Rotom': 1, 'Registeel': 1, 'Uxie': 1}"
powerlens28906,[Gen 4] UU,1,1,0,2024-10-31 23:13:45,2024-10-31 23:13:45,,,,"{'Qwilfish': 1, 'Alakazam': 1, 'Mismagius': 1, 'Clefable': 1}"
powerlens53695,[Gen 4] UU,2,0,2,2024-03-10 19:19:37,2024-03-11 04:16:04,1000.0,1010.0,"[1000.0, 1010.0]","{'Absol': 2, 'Hariyama': 2, 'Nidoking': 2, 'Blastoise': 2, 'Leafeon': 2, 'Kabutops': 1}"
powerlens61316,[Gen 4] UU,1,0,1,2024-12-01 04:36:03,2024-12-01 04:36:03,,,,"{'Mesprit': 1, 'Sceptile': 1, 'Hitmontop': 1, 'Kabutops': 1, 'Dugtrio': 1, 'Alakazam': 1}"
powerlens76868,[Gen 4] UU,1,0,1,2020-03-08 16:31:21,2020-03-08 16:31:21,1000.0,1000.0,[1000.0],"{'Mismagius': 1, 'Miltank': 1, 'Chansey': 1, 'Feraligatr': 1, 'Blaziken': 1, 'Donphan': 1}"
powerlens95525,[Gen 4] UU,4,2,2,2019-09-01 22:31:00,2020-06-19 22:15:28,,,,"{'Gligar': 4, 'Monferno': 4, 'Piloswine': 2, 'Roselia': 4, 'Misdreavus': 3, 'Wartortle': 2, 'Sneasel': 1, 'Electabuzz': 1, 'Hippopotas': 1}"
powerswap888,[Gen 4] UU,1,0,1,2024-08-09 20:57:38,2024-08-09 20:57:38,,,,"{'Milotic': 1, 'Shedinja': 1, 'Lopunny': 1, 'Hitmonlee': 1, 'Houndoom': 1, 'Ambipom': 1}"
powertrick12892,[Gen 4] UU,19,15,4,2017-06-01 14:50:41,2025-02-23 13:51:37,,,,"{'Tauros': 2, 'Sandslash': 1, 'Typhlosion': 3, 'Cacturne': 1, 'Grumpig': 1, 'Drifblim': 2, 'Shiftry': 2, 'Ninetales': 2, 'Regirock': 3, 'Persian': 2, 'Hypno': 2, 'Poliwrath': 6, 'Mr. Mime': 3, 'Muk': 6, 'Sableye': 3, 'Rhydon': 4, 'Lickilicky': 5, 'Rapidash': 2, 'Armaldo': 3, 'Glaceon': 2, 'Ludicolo': 1, 'Toxicroak': 2, 'Kabutops': 1, 'Registeel': 5, 'Uxie': 4, 'Ambipom': 2, 'Milotic': 4, 'Mesprit': 1, 'Mismagius': 1, 'Leafeon': 2, 'Moltres': 1, 'Cloyster': 1, 'Rotom': 2, 'Drapion': 3, 'Blaziken': 2, 'Sceptile': 4, 'Scyther': 1, 'Qwilfish': 1, 'Houndoom': 1, 'Donphan': 1, 'Politoed': 2, 'Hitmonchan': 2, 'Skuntank': 2, 'Gardevoir': 2, 'Cradily': 2, 'Marowak': 1, 'Purugly': 1, 'Articuno': 1, 'Haunter': 1, 'Manectric': 1, 'Glalie': 1, 'Rhyperior': 1}"
powertrick21756,[Gen 4] UU,7,4,3,2020-09-06 14:30:21,2021-07-18 22:51:07,,,,"{'Registeel': 3, 'Blastoise': 4, 'Weezing': 1, 'Mismagius': 2, 'Scyther': 2, 'Rhyperior': 3, 'Alakazam': 2, 'Houndoom': 4, 'Venusaur': 4, 'Moltres': 2, 'Kabutops': 1, 'Clefable': 1, 'Uxie': 3, 'Hariyama': 1, 'Qwilfish': 1, 'Lanturn': 1, 'Mesprit': 1, 'Rotom': 2, 'Torterra': 1}"
powertrick37736,[Gen 4] UU,1,1,0,2019-05-11 17:34:17,2019-05-11 17:34:17,,,,"{'Mismagius': 1, 'Rhyperior': 1, 'Jynx': 1, 'Feraligatr': 1, 'Venusaur': 1}"
powertrick51675,[Gen 4] UU,1,0,1,2025-02-01 03:39:52,2025-02-01 03:39:52,,,,"{'Milotic': 1, 'Mismagius': 1, 'Weezing': 1, 'Steelix': 1, 'Blaziken': 1, 'Leafeon': 1}"
powertrick93758,[Gen 4] UU,1,1,0,2020-08-23 19:36:14,2020-08-23 19:36:14,,,,"{'Mismagius': 1, 'Azumarill': 1, 'Regirock': 1, 'Clefable': 1, 'Blaziken': 1, 'Leafeon': 1}"
powerwhip34230,[Gen 4] UU,1,1,0,2017-01-13 21:39:05,2017-01-13 21:39:05,,,,"{'Milotic': 1, 'Mismagius': 1, 'Torterra': 1, 'Clefable': 1, 'Arcanine': 1}"
powerwhip79219,[Gen 4] UU,2,0,2,2017-05-28 16:27:52,2017-06-06 20:43:37,,,,"{'Kadabra': 2, 'Monferno': 2, 'Probopass': 2, 'Gastrodon': 2, 'Misdreavus': 2, 'Golbat': 2}"
premierball15660,[Gen 4] UU,3,1,2,2018-06-23 02:18:49,2018-06-23 02:36:51,,,,"{'Gorebyss': 3, 'Omastar': 3, 'Toxicroak': 3, 'Kabutops': 2, 'Registeel': 3, 'Uxie': 3}"
premierball59468,[Gen 4] UU,1,1,0,2014-06-25 15:47:13,2014-06-25 15:47:13,1022.0,1022.0,[1022.0],{'Houndoom': 1}
premierball74781,[Gen 4] UU,1,1,0,2018-03-30 04:47:56,2018-03-30 04:47:56,,,,"{'Feraligatr': 1, 'Milotic': 1, 'Toxicroak': 1, 'Venusaur': 1}"
present31386,[Gen 4] UU,1,1,0,2016-06-27 14:21:34,2016-06-27 14:21:34,,,,"{'Granbull': 1, 'Gabite': 1, 'Sandslash': 1, 'Dodrio': 1, 'Pelipper': 1, 'Hypno': 1}"
pressure88440,[Gen 4] UU,1,1,0,2020-08-13 11:06:09,2020-08-13 11:06:09,,,,"{'Ursaring': 1, 'Mismagius': 1, 'Qwilfish': 1, 'Rotom': 1, 'Uxie': 1}"
primeape38025,[Gen 4] UU,1,1,0,2024-03-21 23:13:35,2024-03-21 23:13:35,1133.0,1133.0,[1133.0],"{'Altaria': 1, 'Slowbro': 1, 'Torterra': 1, 'Weezing': 1, 'Clefable': 1, 'Registeel': 1}"
primeape43624,[Gen 4] UU,1,0,1,2024-10-30 18:52:05,2024-10-30 18:52:05,,,,"{'Kangaskhan': 1, 'Mismagius': 1, 'Omastar': 1, 'Spiritomb': 1, 'Blaziken': 1, 'Alakazam': 1}"
primeape44772,[Gen 4] UU,2,0,2,2018-06-06 17:12:53,2018-09-27 20:55:49,,,,"{'Ludicolo': 2, 'Toxicroak': 2, 'Kabutops': 2, 'Dugtrio': 2, 'Registeel': 2, 'Uxie': 2}"
primeape81140,[Gen 4] UU,7,3,4,2017-04-28 01:20:34,2017-06-27 21:28:28,,,,"{'Armaldo': 1, 'Poliwrath': 1, 'Muk': 3, 'Lickilicky': 1, 'Raichu': 1, 'Golbat': 4, 'Xatu': 3, 'Zangoose': 1, 'Cacturne': 1, 'Bellossom': 1, 'Murkrow': 1, 'Clamperl': 1, 'Marowak': 3, 'Banette': 3, 'Persian': 3, 'Kingler': 2, 'Rapidash': 1, 'Walrein': 2, 'Ampharos': 2, 'Metang': 3, 'Dunsparce': 2}"
primeape8236,[Gen 4] UU,2,0,2,2018-01-19 19:06:52,2018-01-19 19:16:57,,,,"{'Moltres': 1, 'Rotom': 1, 'Registeel': 1, 'Venusaur': 2, 'Donphan': 1, 'Milotic': 1, 'Blaziken': 1, 'Rhyperior': 1, 'Houndoom': 1, 'Uxie': 1}"
prinplup20594,[Gen 4] UU,2,1,1,2016-02-10 02:22:58,2016-02-21 20:41:10,,,,"{'Milotic': 1, 'Blaziken': 2, 'Mismagius': 1, 'Rhyperior': 1, 'Uxie': 1, 'Drapion': 1, 'Ursaring': 1, 'Omastar': 1, 'Rotom': 1, 'Alakazam': 1, 'Swellow': 1}"
prinplup78003,[Gen 4] UU,1,0,1,2020-02-09 13:44:54,2020-02-09 13:44:54,,,,"{'Metapod': 1, 'Oddish': 1, 'Charmander': 1}"
probopass23094,[Gen 4] UU,2,1,1,2018-12-18 03:47:10,2018-12-18 03:47:24,,,,"{'Electabuzz': 1, 'Xatu': 1, 'Poliwrath': 1, 'Bellossom': 1, 'Metang': 1, 'Golbat': 2, 'Kadabra': 1, 'Monferno': 1, 'Probopass': 1, 'Gastrodon': 1, 'Misdreavus': 1}"
probopass25344,[Gen 4] UU,2,0,2,2017-01-13 01:41:07,2017-01-13 01:53:49,,,,"{'Ursaring': 1, 'Omastar': 1, 'Rotom': 2, 'Alakazam': 2, 'Blaziken': 1, 'Swellow': 1, 'Milotic': 1, 'Toxicroak': 1, 'Torterra': 1, 'Houndoom': 1}"
probopass25352,[Gen 4] UU,1,0,1,2015-03-23 15:37:08,2015-03-23 15:37:08,,,,"{'Scyther': 1, 'Sceptile': 1, 'Azumarill': 1, 'Blaziken': 1, 'Swellow': 1, 'Donphan': 1}"
protean4053,[Gen 4] UU,3,2,1,2016-01-17 18:27:17,2016-02-06 19:30:29,,,,"{'Miltank': 3, 'Registeel': 3, 'Blaziken': 3, 'Alakazam': 3, 'Blastoise': 3, 'Weezing': 2}"
protean44434,[Gen 4] UU,1,0,1,2023-12-03 05:09:15,2023-12-03 05:09:15,,,,"{'Mismagius': 1, 'Qwilfish': 1, 'Steelix': 1, 'Arcanine': 1, 'Alakazam': 1, 'Leafeon': 1}"
protean44874,[Gen 4] UU,1,1,0,2020-03-01 19:39:27,2020-03-01 19:39:27,,,,"{'Moltres': 1, 'Milotic': 1, 'Registeel': 1, 'Primeape': 1, 'Venusaur': 1, 'Donphan': 1}"
protean52664,[Gen 4] UU,2,0,2,2020-07-19 19:37:08,2020-07-20 19:21:13,,,,"{'Houndoom': 2, 'Primeape': 2, 'Venusaur': 2, 'Mismagius': 2, 'Milotic': 1, 'Registeel': 1}"
protean74530,[Gen 4] UU,2,0,2,2017-01-12 18:25:39,2017-01-12 18:34:00,,,,"{'Ludicolo': 1, 'Electrode': 1, 'Kabutops': 2, 'Dugtrio': 1, 'Registeel': 1, 'Uxie': 1, 'Omastar': 1, 'Rotom': 1, 'Swellow': 1, 'Houndoom': 1, 'Venusaur': 1}"
protean81551,[Gen 4] UU,47,28,19,2018-03-19 21:08:30,2023-08-24 01:19:06,,,,"{'Moltres': 6, 'Miltank': 4, 'Rotom': 6, 'Registeel': 17, 'Venusaur': 22, 'Entei': 3, 'Kabutops': 2, 'Uxie': 17, 'Donphan': 14, 'Mismagius': 10, 'Qwilfish': 10, 'Rhyperior': 10, 'Spiritomb': 3, 'Blastoise': 5, 'Tangrowth': 2, 'Medicham': 2, 'Azumarill': 4, 'Milotic': 5, 'Hitmontop': 1, 'Clefable': 11, 'Houndoom': 16, 'Primeape': 5, 'Regirock': 2, 'Hitmonlee': 2, 'Weezing': 2, 'Steelix': 2, 'Blaziken': 5, 'Poliwrath': 3, 'Skuntank': 6, 'Sceptile': 8, 'Aggron': 2, 'Omastar': 5, 'Scyther': 9, 'Exeggutor': 4, 'Victreebel': 2, 'Drifblim': 2, 'Hariyama': 2, 'Toxicroak': 7, 'Dugtrio': 3, 'Slowking': 3, 'Ursaring': 1, 'Arcanine': 4, 'Alakazam': 1, 'Feraligatr': 4, 'Swellow': 2, 'Torterra': 1, 'Mesprit': 4, 'Slowbro': 1, 'Manectric': 1, 'Drapion': 1}"
przcureberry10786,[Gen 4] UU,1,1,0,2020-04-19 21:46:23,2020-04-19 21:46:23,,,,"{'Ursaring': 1, 'Omastar': 1, 'Rotom': 1, 'Swellow': 1, 'Blaziken': 1, 'Alakazam': 1}"
przcureberry19563,[Gen 4] UU,2,2,0,2015-01-04 00:47:17,2015-01-04 00:52:37,,,,"{'Charizard': 2, 'Sandslash': 1, 'Haunter': 2, 'Cacturne': 1, 'Golem': 2, 'Slowking': 1}"
przcureberry66585,[Gen 4] UU,5,3,2,2018-03-03 01:44:04,2018-08-30 19:08:29,,,,"{'Moltres': 3, 'Aggron': 3, 'Clefable': 3, 'Venusaur': 3, 'Donphan': 2, 'Milotic': 2, 'Exeggutor': 2, 'Blaziken': 2, 'Mismagius': 2, 'Uxie': 2, 'Arcanine': 2, 'Leafeon': 2}"
psn83016,[Gen 4] UU,7,1,6,2024-03-01 17:41:15,2024-03-05 20:37:19,1064.0,1285.0,"[1064.0, 1141.0, 1150.0, 1102.0, 1101.0, 1156.0, 1285.0]","{'Mesprit': 6, 'Mismagius': 5, 'Feraligatr': 7, 'Uxie': 7, 'Leafeon': 7, 'Nidoking': 1, 'Houndoom': 2, 'Camerupt': 2, 'Ursaring': 1, 'Slowking': 1}"
psn9339,[Gen 4] UU,1,0,1,2024-05-02 00:23:37,2024-05-02 00:23:37,,,,"{'Scyther': 1, 'Toxicroak': 1, 'Mismagius': 1}"
psncureberry47339,[Gen 4] UU,2,0,2,2018-04-14 00:58:04,2018-04-22 14:14:22,,,,"{'Milotic': 2, 'Omastar': 1, 'Hitmontop': 1, 'Weezing': 1, 'Chansey': 1, 'Spiritomb': 1, 'Scyther': 1, 'Sceptile': 1, 'Rotom': 1, 'Houndoom': 1, 'Donphan': 1}"
psncureberry94387,[Gen 4] UU,2,0,2,2020-01-21 00:54:28,2020-02-21 19:35:12,,,,"{'Mesprit': 2, 'Kabutops': 2, 'Dugtrio': 2, 'Arcanine': 2, 'Swellow': 2, 'Leafeon': 2}"
psybeam14379,[Gen 4] UU,2,0,2,2017-04-23 17:01:09,2017-04-23 17:09:13,,,,"{'Armaldo': 1, 'Poliwrath': 2, 'Muk': 2, 'Sableye': 1, 'Purugly': 1, 'Rhydon': 2, 'Bellossom': 1, 'Mr. Mime': 1, 'Drifblim': 1}"
psybeam1983,[Gen 4] UU,2,2,0,2020-05-01 21:06:17,2020-05-01 21:16:16,,,,"{'Milotic': 2, 'Absol': 2, 'Rhyperior': 2, 'Alakazam': 2, 'Blaziken': 1, 'Venusaur': 2}"
psychic18005,[Gen 4] UU,1,0,1,2021-12-05 15:54:14,2021-12-05 15:54:14,,,,"{'Sceptile': 1, 'Rotom': 1, 'Registeel': 1, 'Slowking': 1, 'Ambipom': 1, 'Donphan': 1}"
psychic81652,[Gen 4] UU,1,1,0,2018-03-06 11:43:59,2018-03-06 11:43:59,,,,"{'Ludicolo': 1, 'Toxicroak': 1, 'Kabutops': 1, 'Dugtrio': 1, 'Uxie': 1}"
psychoboost24846,[Gen 4] UU,2,0,2,2020-06-26 05:49:27,2020-06-26 05:55:55,,,,"{'Gligar': 1, 'Monferno': 2, 'Wartortle': 1, 'Murkrow': 1, 'Vigoroth': 1, 'Golbat': 2, 'Flaaffy': 1, 'Piloswine': 1, 'Prinplup': 1, 'Tangela': 1}"
psychoboost44813,[Gen 4] UU,2,0,2,2018-06-15 22:28:20,2019-03-15 22:03:37,,,,"{'Moltres': 1, 'Milotic': 1, 'Aggron': 1, 'Clefable': 1, 'Venusaur': 1, 'Donphan': 1, 'Mesprit': 1, 'Kabutops': 1, 'Dugtrio': 1, 'Arcanine': 1, 'Swellow': 1, 'Leafeon': 1}"
psychoboost95912,[Gen 4] UU,40,30,10,2023-12-17 06:00:09,2024-11-16 07:50:54,,,,"{'Hitmontop': 7, 'Nidoqueen': 4, 'Cresselia': 6, 'Froslass': 9, 'Abomasnow': 12, 'Sharpedo': 5, 'Mismagius': 8, 'Registeel': 13, 'Arcanine': 11, 'Venusaur': 19, 'Moltres': 9, 'Tauros': 7, 'Raikou': 6, 'Alakazam': 13, 'Yanmega': 8, 'Hitmonchan': 2, 'Walrein': 7, 'Snorlax': 5, 'Mantine': 1, 'Spiritomb': 2, 'Cloyster': 1, 'Tangrowth': 4, 'Camerupt': 3, 'Tropius': 3, 'Uxie': 6, 'Blaziken': 3, 'Donphan': 7, 'Vaporeon': 1, 'Wailord': 2, 'Ludicolo': 2, 'Kabutops': 2, 'Milotic': 3, 'Hariyama': 3, 'Leafeon': 2, 'Drapion': 2, 'Gastrodon-East': 1}"
psychocut59180,[Gen 4] UU,2,2,0,2017-09-24 05:11:19,2020-03-09 20:08:58,,,,"{'Mismagius': 1, 'Steelix': 1, 'Swellow': 1, 'Venusaur': 2, 'Moltres': 1, 'Milotic': 1, 'Aggron': 1, 'Clefable': 1, 'Donphan': 1}"
psychocut82293,[Gen 4] UU,1,0,1,2016-10-03 13:11:17,2016-10-03 13:11:17,,,,"{'Snover': 1, 'Nidoking': 1, 'Dragonair': 1, 'Venusaur': 1, 'Houndoom': 1, 'Ambipom': 1}"
psychocut88154,[Gen 4] UU,1,0,1,2020-03-01 19:12:22,2020-03-01 19:12:22,,,,"{'Qwilfish': 1, 'Hitmontop': 1, 'Torterra': 1, 'Spiritomb': 1, 'Feraligatr': 1, 'Uxie': 1}"
psychocut93276,[Gen 4] UU,4,1,3,2017-01-13 23:39:24,2020-03-27 00:13:17,,,,"{'Uxie': 2, 'Rhyperior': 2, 'Spiritomb': 2, 'Registeel': 4, 'Blaziken': 2, 'Leafeon': 2, 'Moltres': 2, 'Rotom': 2, 'Venusaur': 2, 'Blastoise': 2, 'Dugtrio': 1}"
psychocut96173,[Gen 4] UU,1,0,1,2014-10-18 20:01:22,2014-10-18 20:01:22,,,,"{'Butterfree': 1, 'Medicham': 1, 'Entei': 1, 'Regirock': 1, 'Dusclops': 1, 'Delibird': 1}"
psychoshift59771,[Gen 4] UU,1,0,1,2024-04-20 21:23:36,2024-04-20 21:23:36,,,,"{'Entei': 1, 'Kabutops': 1, 'Registeel': 1, 'Uxie': 1, 'Venusaur': 1, 'Donphan': 1}"
psychup14796,[Gen 4] UU,21,9,12,2016-09-22 00:29:05,2023-06-18 17:10:12,,,,"{'Moltres': 5, 'Hariyama': 4, 'Rotom': 5, 'Registeel': 7, 'Venusaur': 13, 'Blastoise': 4, 'Altaria': 1, 'Milotic': 4, 'Hitmontop': 3, 'Chansey': 1, 'Spiritomb': 4, 'Cloyster': 1, 'Toxicroak': 3, 'Regirock': 2, 'Alakazam': 1, 'Scyther': 2, 'Magmortar': 1, 'Mismagius': 2, 'Slowbro': 1, 'Donphan': 3, 'Kangaskhan': 2, 'Kabutops': 2, 'Houndoom': 6, 'Uxie': 5, 'Primeape': 4, 'Sceptile': 2, 'Dugtrio': 2, 'Rhyperior': 1, 'Blaziken': 2, 'Leafeon': 1, 'Shiftry': 2, 'Victreebel': 2, 'Typhlosion': 2, 'Persian': 2, 'Azumarill': 2, 'Mesprit': 2, 'Clefable': 2, 'Exeggutor': 2, 'Omastar': 1, 'Rhydon': 1, 'Gastrodon-East': 1, 'Mr. Mime': 1, 'Probopass': 1, 'Golbat': 1, 'Feraligatr': 1, 'Hypno': 1}"
psychup46032,[Gen 4] UU,1,1,0,2023-03-26 08:27:46,2023-03-26 08:27:46,,,,"{'Mesprit': 1, 'Entei': 1, 'Azumarill': 1, 'Registeel': 1, 'Donphan': 1}"
psyduck38308,[Gen 4] UU,75,48,27,2019-09-01 21:18:38,2020-06-30 13:56:29,,,,"{'Sneasel': 36, 'Wartortle': 43, 'Piloswine': 30, 'Clefairy': 23, 'Roselia': 59, 'Magmar': 22, 'Trapinch': 4, 'Bronzor': 4, 'Metang': 13, 'Misdreavus': 34, 'Monferno': 44, 'Vigoroth': 22, 'Marill': 12, 'Gligar': 15, 'Kadabra': 10, 'Murkrow': 15, 'Vibrava': 2, 'Diglett': 6, 'Shelgon': 9, 'Marshtomp': 3, 'Golbat': 3, 'Tentacool': 1, 'Meditite': 1, 'Abra': 1, 'Nuzleaf': 1}"
psyduck51739,[Gen 4] UU,1,1,0,2020-03-02 17:09:25,2020-03-02 17:09:25,,,,"{'Ludicolo': 1, 'Toxicroak': 1, 'Kabutops': 1, 'Dugtrio': 1, 'Uxie': 1}"
psyduck67349,[Gen 4] UU,10,6,4,2022-03-31 16:20:28,2022-07-15 20:17:59,,,,"{'Milotic': 2, 'Rotom': 2, 'Arcanine': 3, 'Primeape': 2, 'Venusaur': 4, 'Donphan': 1, 'Mismagius': 5, 'Kabutops': 1, 'Alakazam': 1, 'Swellow': 1, 'Ursaring': 1, 'Toxicroak': 5, 'Rhyperior': 5, 'Uxie': 3, 'Drapion': 1, 'Blastoise': 4, 'Azumarill': 1, 'Regirock': 2, 'Scyther': 1, 'Torterra': 1, 'Dugtrio': 1, 'Registeel': 1, 'Sceptile': 2, 'Houndoom': 1, 'Exeggutor': 1, 'Skuntank': 1, 'Qwilfish': 1, 'Aggron': 1}"
psywave16598,[Gen 4] UU,1,1,0,2018-02-03 20:21:21,2018-02-03 20:21:21,,,,"{'Milotic': 1, 'Drapion': 1, 'Torterra': 1, 'Kabutops': 1, 'Rotom': 1, 'Arcanine': 1}"
psywave19561,[Gen 4] UU,1,0,1,2014-06-21 20:51:57,2014-06-21 20:51:57,,,,"{'Medicham': 1, 'Typhlosion': 1, 'Regirock': 1, 'Dodrio': 1, 'Slowking': 1, 'Slaking': 1}"
psywave71332,[Gen 4] UU,1,1,0,2016-07-04 19:56:58,2016-07-04 19:56:58,,,,"{'Linoone': 1, 'Camerupt': 1, 'Gastrodon-East': 1, 'Mr. Mime': 1, 'Pelipper': 1, 'Purugly': 1}"
psywave71799,[Gen 4] UU,1,1,0,2016-02-09 01:13:55,2016-02-09 01:13:55,,,,"{'Claydol': 1, 'Feraligatr': 1, 'Azumarill': 1, 'Spiritomb': 1, 'Registeel': 1}"
punishment46492,[Gen 4] UU,3,1,2,2023-08-27 17:00:42,2023-08-27 17:20:46,,,,"{'Milotic': 1, 'Mismagius': 2, 'Weezing': 1, 'Steelix': 1, 'Blaziken': 1, 'Venusaur': 2, 'Dugtrio': 1, 'Clefable': 1, 'Registeel': 1, 'Uxie': 1, 'Slowking': 1, 'Qwilfish': 1, 'Regirock': 1, 'Hitmonlee': 1, 'Houndoom': 1}"
punishment8952,[Gen 4] UU,3,1,2,2024-12-11 19:37:06,2024-12-11 19:46:49,,,,"{'Entei': 1, 'Rhyperior': 1, 'Venusaur': 3, 'Uxie': 2, 'Ambipom': 1, 'Moltres': 1, 'Registeel': 2, 'Primeape': 1, 'Donphan': 1, 'Omastar': 1, 'Houndoom': 1, 'Rotom': 1, 'Feraligatr': 1}"
pupitar21527,[Gen 4] UU,1,1,0,2024-08-26 01:37:34,2024-08-26 01:37:34,,,,"{'Altaria': 1, 'Blaziken': 1, 'Rhyperior': 1, 'Feraligatr': 1, 'Uxie': 1, 'Donphan': 1}"
pupitar92764,[Gen 4] UU,1,0,1,2019-08-09 02:27:15,2019-08-09 02:27:15,,,,"{'Altaria': 1, 'Exeggutor': 1, 'Hitmontop': 1, 'Feraligatr': 1, 'Drapion': 1}"
pursuit2575,[Gen 4] UU,1,0,1,2016-07-06 00:14:51,2016-07-06 00:14:51,,,,"{'Cloyster': 1, 'Marowak': 1, 'Clefable': 1, 'Feraligatr': 1, 'Alakazam': 1, 'Donphan': 1}"
purugly13838,[Gen 4] UU,2,2,0,2016-11-11 14:35:09,2016-11-11 14:51:35,,,,"{'Kangaskhan': 2, 'Qwilfish': 2, 'Torterra': 2, 'Rotom': 1, 'Slowking': 2, 'Primeape': 2}"
purugly17156,[Gen 4] UU,1,1,0,2018-01-05 01:47:14,2018-01-05 01:47:14,,,,"{'Exeggutor': 1, 'Omastar': 1, 'Magneton': 1, 'Rotom': 1, 'Houndoom': 1, 'Donphan': 1}"
purugly50117,[Gen 4] UU,2,0,2,2017-01-28 16:55:02,2017-01-28 16:59:08,,,,"{'Exeggutor': 1, 'Omastar': 1, 'Toxicroak': 1, 'Rotom': 1, 'Houndoom': 1, 'Swellow': 1, 'Mismagius': 1, 'Sceptile': 1, 'Kabutops': 1, 'Registeel': 1, 'Arcanine': 1, 'Donphan': 1}"
purugly53142,[Gen 4] UU,7,4,3,2014-12-08 21:39:40,2024-04-01 01:27:58,1046.0,1316.0,"[1137.0, 1316.0, 1046.0]","{'Milotic': 2, 'Mesprit': 1, 'Houndoom': 1, 'Toxicroak': 3, 'Torterra': 1, 'Registeel': 1, 'Entei': 1, 'Rotom': 1, 'Dugtrio': 1, 'Uxie': 2, 'Drapion': 1, 'Blastoise': 1, 'Mismagius': 3, 'Aggron': 1, 'Clefable': 2, 'Venusaur': 1, 'Snover': 1, 'Hitmontop': 1, 'Walrein': 1, 'Miltank': 1, 'Spiritomb': 1, 'Altaria': 3, 'Rhyperior': 3, 'Omastar': 3, 'Leafeon': 1, 'Feraligatr': 1}"
quagsire52408,[Gen 4] UU,8,5,3,2016-07-02 14:18:46,2025-04-10 20:43:49,,,,"{'Scyther': 2, 'Sceptile': 2, 'Qwilfish': 3, 'Rotom': 3, 'Houndoom': 2, 'Donphan': 2, 'Entei': 1, 'Registeel': 2, 'Uxie': 2, 'Venusaur': 2, 'Blastoise': 1, 'Milotic': 1, 'Hariyama': 1, 'Golduck': 1, 'Machoke': 2, 'Solrock': 1, 'Linoone': 1, 'Raichu': 1, 'Misdreavus': 2, 'Poliwrath': 1, 'Cacturne': 1, 'Rhydon': 1, 'Golbat': 1, 'Politoed': 1, 'Piloswine': 1, 'Haunter': 1, 'Magmortar': 1, 'Absol': 1, 'Omastar': 1, 'Torterra': 1, 'Blaziken': 1, 'Slowking': 1}"
quagsire94479,[Gen 4] UU,20,13,7,2024-03-08 19:21:13,2025-04-12 11:58:16,,,,"{'Sceptile': 2, 'Weezing': 8, 'Dugtrio': 2, 'Registeel': 10, 'Swellow': 3, 'Blastoise': 7, 'Qwilfish': 4, 'Rotom': 4, 'Clefable': 6, 'Primeape': 7, 'Venusaur': 16, 'Moltres': 1, 'Torterra': 1, 'Ludicolo': 1, 'Uxie': 6, 'Scyther': 6, 'Rhyperior': 5, 'Houndoom': 5, 'Milotic': 5, 'Mismagius': 1, 'Arcanine': 1, 'Entei': 1, 'Hitmontop': 1, 'Mesprit': 4, 'Ursaring': 1, 'Aggron': 1, 'Drapion': 2, 'Regirock': 1, 'Blaziken': 1, 'Hariyama': 1, 'Kangaskhan': 1, 'Slowbro': 1}"
questionmarks59847,[Gen 4] UU,6,3,3,2023-03-25 03:06:34,2023-05-04 02:34:28,,,,"{'Milotic': 1, 'Kangaskhan': 1, 'Mismagius': 4, 'Steelix': 2, 'Houndoom': 2, 'Venusaur': 3, 'Torterra': 3, 'Hitmonlee': 1, 'Registeel': 1, 'Slowking': 1, 'Absol': 2, 'Mesprit': 2, 'Omastar': 2, 'Toxicroak': 1, 'Moltres': 1, 'Clefable': 1, 'Blastoise': 1, 'Jynx': 1, 'Rotom': 1, 'Blaziken': 2, 'Uxie': 1, 'Qwilfish': 1}"
quickattack23489,[Gen 4] UU,1,0,1,2017-05-04 22:09:16,2017-05-04 22:09:16,,,,"{'Milotic': 1, 'Ludicolo': 1, 'Toxicroak': 1, 'Espeon': 1, 'Hitmonlee': 1, 'Uxie': 1}"
quickattack89487,[Gen 4] UU,3,1,2,2020-08-15 20:46:54,2020-09-26 15:14:38,,,,"{'Moltres': 1, 'Milotic': 1, 'Mesprit': 1, 'Toxicroak': 1, 'Spiritomb': 1, 'Donphan': 1, 'Blaziken': 1, 'Mismagius': 1, 'Kabutops': 1, 'Miltank': 1, 'Uxie': 1, 'Drapion': 1, 'Snover': 1, 'Nidoqueen': 1, 'Walrein': 1, 'Clefable': 1, 'Registeel': 1, 'Blastoise': 1}"
quickclaw14989,[Gen 4] UU,11,4,7,2014-12-08 21:39:40,2021-03-28 20:22:15,,,,"{'Moltres': 5, 'Venusaur': 6, 'Registeel': 6, 'Primeape': 6, 'Ambipom': 6, 'Blastoise': 6, 'Altaria': 1, 'Milotic': 3, 'Claydol': 3, 'Toxicroak': 1, 'Rotom': 3, 'Clefable': 4, 'Mismagius': 1, 'Aggron': 1, 'Hitmontop': 1, 'Uxie': 1, 'Swellow': 1, 'Absol': 2, 'Blaziken': 2, 'Medicham': 1, 'Sandslash': 1, 'Skuntank': 1, 'Slowking': 1, 'Ampharos': 1}"
quickclaw44561,[Gen 4] UU,11,8,3,2019-09-25 21:21:10,2020-10-02 23:56:00,,,,"{'Moltres': 2, 'Sceptile': 1, 'Feraligatr': 2, 'Uxie': 5, 'Alakazam': 1, 'Donphan': 3, 'Slowbro': 1, 'Rhyperior': 2, 'Venusaur': 7, 'Drapion': 1, 'Ambipom': 1, 'Mismagius': 4, 'Registeel': 3, 'Blastoise': 5, 'Altaria': 2, 'Spiritomb': 3, 'Blaziken': 2, 'Toxicroak': 3, 'Steelix': 2, 'Milotic': 2, 'Hitmontop': 1, 'Torterra': 1, 'Houndoom': 3, 'Arcanine': 1}"
quickfeet21690,[Gen 4] UU,1,0,1,2017-07-04 07:03:23,2017-07-04 07:03:23,,,,"{'Electabuzz': 1, 'Dragonair': 1, 'Pelipper': 1, 'Victreebel': 1, 'Metang': 1, 'Misdreavus': 1}"
quickfeet76566,[Gen 4] UU,1,1,0,2024-03-05 01:53:28,2024-03-05 01:53:28,,,,"{'Rhyperior': 1, 'Spiritomb': 1, 'Hitmonlee': 1, 'Registeel': 1, 'Uxie': 1, 'Venusaur': 1}"
quickfeet95939,[Gen 4] UU,1,1,0,2025-02-13 23:14:53,2025-02-13 23:14:53,,,,"{'Mismagius': 1, 'Qwilfish': 1, 'Hitmontop': 1, 'Torterra': 1, 'Arcanine': 1, 'Alakazam': 1}"
quickpowder13050,[Gen 4] UU,3,3,0,2024-06-12 05:57:34,2024-06-16 18:35:11,,,,"{'Milotic': 3, 'Absol': 3, 'Rhyperior': 3, 'Blaziken': 3, 'Venusaur': 3, 'Alakazam': 2}"
quickpowder23142,[Gen 4] UU,9,3,6,2021-07-11 22:42:56,2022-07-17 16:23:56,,,,"{'Steelix': 2, 'Dugtrio': 3, 'Uxie': 5, 'Swellow': 3, 'Blastoise': 5, 'Leafeon': 2, 'Milotic': 3, 'Entei': 4, 'Rotom': 2, 'Venusaur': 6, 'Donphan': 2, 'Kabutops': 1, 'Arcanine': 1, 'Scyther': 2, 'Rhyperior': 2, 'Drapion': 1, 'Moltres': 1, 'Clefable': 1, 'Hitmonlee': 1, 'Registeel': 2, 'Mismagius': 1, 'Blaziken': 1, 'Alakazam': 1}"
quickpowder3229,[Gen 4] UU,2,0,2,2019-07-19 06:11:20,2019-07-19 06:32:37,,,,"{'Ursaring': 1, 'Altaria': 1, 'Exeggutor': 1, 'Nidoking': 1, 'Blaziken': 1, 'Blastoise': 2, 'Moltres': 1, 'Hariyama': 1, 'Kangaskhan': 1, 'Slowbro': 1, 'Hitmonlee': 1}"
quickpowder71749,[Gen 4] UU,23,20,3,2020-04-22 23:48:30,2020-07-02 23:22:15,,,,"{'Mismagius': 6, 'Sceptile': 3, 'Kabutops': 6, 'Registeel': 13, 'Arcanine': 3, 'Donphan': 6, 'Moltres': 6, 'Milotic': 5, 'Steelix': 3, 'Venusaur': 7, 'Mesprit': 2, 'Toxicroak': 5, 'Nidoqueen': 1, 'Spiritomb': 1, 'Clefable': 4, 'Hariyama': 2, 'Regirock': 4, 'Houndoom': 7, 'Primeape': 3, 'Cloyster': 1, 'Rotom': 7, 'Drapion': 2, 'Leafeon': 2, 'Exeggutor': 1, 'Torterra': 9, 'Scyther': 3, 'Blastoise': 2, 'Kangaskhan': 1, 'Qwilfish': 1, 'Slowking': 3, 'Tangrowth': 1, 'Azumarill': 1, 'Blaziken': 2, 'Altaria': 2, 'Dugtrio': 2, 'Aggron': 1}"
quickpowder92483,[Gen 4] UU,1,1,0,2016-08-26 02:11:48,2016-08-26 02:11:48,,,,"{'Moltres': 1, 'Absol': 1, 'Venusaur': 1}"
quilava32306,[Gen 4] UU,2,0,2,2024-06-12 05:57:34,2024-06-30 19:17:03,,,,"{'Absol': 1, 'Omastar': 1, 'Jynx': 1, 'Rotom': 1, 'Blaziken': 1, 'Venusaur': 2, 'Milotic': 1, 'Dugtrio': 1, 'Clefable': 1, 'Registeel': 1, 'Uxie': 1}"
quilava32349,[Gen 4] UU,1,0,1,2019-03-17 19:00:30,2019-03-17 19:00:30,,,,"{'Mismagius': 1, 'Feraligatr': 1, 'Torterra': 1, 'Alakazam': 1, 'Houndoom': 1, 'Swellow': 1}"
quilava41997,[Gen 4] UU,8,3,5,2014-06-26 19:01:24,2014-06-29 18:05:12,1000.0,1086.0,"[1000.0, 1086.0, 1063.0, 1070.0]","{'Milotic': 5, 'Claydol': 8, 'Torterra': 5, 'Registeel': 8, 'Arcanine': 8, 'Golbat': 7, 'Ludicolo': 1, 'Ambipom': 3, 'Gastrodon': 2}"
quilava94391,[Gen 4] UU,2,0,2,2018-01-19 05:27:29,2018-01-19 05:38:48,,,,"{'Mesprit': 1, 'Kabutops': 1, 'Dugtrio': 1, 'Arcanine': 1, 'Swellow': 1, 'Leafeon': 1, 'Milotic': 1, 'Toxicroak': 1, 'Rhyperior': 1, 'Jynx': 1, 'Clefable': 1, 'Feraligatr': 1}"
quilava99512,[Gen 4] UU,6,3,3,2017-11-01 17:11:43,2020-03-08 16:21:45,1332.0,1332.0,[1332.0],"{'Scyther': 3, 'Milotic': 4, 'Hitmontop': 4, 'Registeel': 3, 'Arcanine': 3, 'Venusaur': 4, 'Vileplume': 1, 'Medicham': 1, 'Sandslash': 1, 'Floatzel': 1, 'Skuntank': 1, 'Drifblim': 1, 'Armaldo': 1, 'Poliwrath': 1, 'Electabuzz': 1, 'Lickilicky': 1, 'Tangela': 1, 'Moltres': 1, 'Mismagius': 1, 'Steelix': 1}"
qwilfish67282,[Gen 4] UU,1,0,1,2017-08-05 21:30:45,2017-08-05 21:30:45,,,,"{'Jynx': 1, 'Lickilicky': 1, 'Nidoqueen': 1, 'Hitmonchan': 1}"
rabutaberry4075,[Gen 4] UU,1,0,1,2020-07-01 22:45:50,2020-07-01 22:45:50,,,,"{'Aggron': 1, 'Slowbro': 1, 'Toxicroak': 1, 'Torterra': 1, 'Spiritomb': 1, 'Blaziken': 1}"
rabutaberry41208,[Gen 4] UU,11,5,6,2015-08-10 20:55:26,2015-09-17 08:05:04,,,,"{'Charizard': 9, 'Steelix': 9, 'Victreebel': 11, 'Raichu': 8, 'Primeape': 11, 'Alakazam': 10, 'Rhyperior': 1}"
rabutaberry41953,[Gen 4] UU,13,9,4,2016-02-27 02:13:22,2016-10-05 19:59:58,,,,"{'Charizard': 3, 'Tauros': 8, 'Floatzel': 2, 'Regirock': 4, 'Lickilicky': 8, 'Gardevoir': 3, 'Nidoqueen': 5, 'Dusclops': 5, 'Slowking': 5, 'Drifblim': 1, 'Gastrodon': 1, 'Altaria': 1, 'Rhyperior': 1, 'Houndoom': 1, 'Uxie': 1, 'Venusaur': 2, 'Claydol': 1, 'Sceptile': 1, 'Poliwrath': 4, 'Spiritomb': 1, 'Arcanine': 2, 'Shuckle': 1, 'Moltres': 1, 'Milotic': 1, 'Dugtrio': 1, 'Ambipom': 1, 'Venomoth': 1, 'Jumpluff': 1, 'Bastiodon': 1, 'Clefable': 1, 'Rotom': 1, 'Absol': 1, 'Omastar': 1}"
rabutaberry79733,[Gen 4] UU,1,0,1,2016-09-18 22:04:48,2016-09-18 22:04:48,,,,"{'Azumarill': 1, 'Weezing': 1, 'Registeel': 1, 'Jumpluff': 1, 'Houndoom': 1, 'Ambipom': 1}"
rage11354,[Gen 4] UU,2,0,2,2020-07-26 21:58:26,2024-03-07 19:12:19,1084.0,1084.0,[1084.0],"{'Gorebyss': 2, 'Ludicolo': 2, 'Qwilfish': 2, 'Electrode': 1, 'Toxicroak': 1, 'Kabutops': 2, 'Floatzel': 1, 'Uxie': 1}"
rage35400,[Gen 4] UU,3,2,1,2017-10-26 18:02:41,2017-10-26 18:11:27,,,,"{'Nidoking': 1, 'Dugtrio': 1, 'Houndoom': 1, 'Swellow': 1, 'Blastoise': 1, 'Leafeon': 1, 'Mesprit': 1, 'Mismagius': 1, 'Omastar': 1, 'Toxicroak': 1, 'Clefable': 1, 'Blaziken': 2, 'Exeggutor': 1, 'Rhyperior': 1, 'Kabutops': 1, 'Rotom': 1, 'Arcanine': 1}"
rage50182,[Gen 4] UU,1,0,1,2017-04-22 18:24:21,2017-04-22 18:24:21,,,,"{'Cloyster': 1, 'Snover': 1, 'Mismagius': 1, 'Nidoqueen': 1, 'Walrein': 1, 'Clefable': 1}"
rage56973,[Gen 4] UU,8,5,3,2015-04-04 01:32:11,2017-02-25 18:08:25,,,,"{'Ursaring': 2, 'Omastar': 4, 'Rotom': 7, 'Alakazam': 2, 'Blaziken': 2, 'Swellow': 2, 'Altaria': 1, 'Milotic': 2, 'Steelix': 1, 'Drapion': 1, 'Venusaur': 2, 'Scyther': 1, 'Registeel': 1, 'Arcanine': 2, 'Donphan': 2, 'Sceptile': 2, 'Houndoom': 2, 'Slowking': 2, 'Raichu': 2, 'Moltres': 1, 'Absol': 1, 'Qwilfish': 1, 'Mesprit': 1, 'Kabutops': 1, 'Dugtrio': 1, 'Leafeon': 1}"
rage78897,[Gen 4] UU,2,0,2,2017-10-29 21:13:29,2017-10-29 21:19:03,,,,"{'Tauros': 1, 'Regirock': 1, 'Haunter': 1, 'Jynx': 1, 'Manectric': 2, 'Slowking': 1, 'Machoke': 1, 'Charizard': 1, 'Sandslash': 1, 'Jumpluff': 1, 'Whiscash': 1}"
rage81487,[Gen 4] UU,7,1,6,2017-01-16 21:43:19,2020-03-19 21:24:14,,,,"{'Medicham': 1, 'Regirock': 2, 'Skuntank': 1, 'Slowking': 1, 'Gardevoir': 2, 'Glalie': 1, 'Haunter': 1, 'Cacturne': 1, 'Poliwrath': 1, 'Manectric': 1, 'Mesprit': 1, 'Kabutops': 3, 'Dugtrio': 3, 'Arcanine': 1, 'Swellow': 1, 'Leafeon': 1, 'Ludicolo': 2, 'Toxicroak': 2, 'Registeel': 2, 'Uxie': 2, 'Venomoth': 1, 'Shiftry': 1, 'Charizard': 1, 'Tauros': 1, 'Hitmonchan': 1, 'Drifblim': 1, 'Scyther': 1, 'Sceptile': 1, 'Qwilfish': 1, 'Rotom': 1, 'Houndoom': 1, 'Donphan': 1}"
raichu65396,[Gen 4] UU,1,0,1,2014-06-29 16:37:46,2014-06-29 16:37:46,,,,"{'Cloyster': 1, 'Milotic': 1, 'Mismagius': 1, 'Toxicroak': 1, 'Arcanine': 1, 'Alakazam': 1}"
raichu86938,[Gen 4] UU,2,2,0,2020-03-24 22:53:04,2020-03-26 01:21:42,,,,"{'Jynx': 2, 'Toxicroak': 2, 'Rhyperior': 2, 'Clefable': 2, 'Milotic': 1}"
raikou73006,[Gen 4] UU,1,0,1,2019-03-31 19:37:42,2019-03-31 19:37:42,,,,"{'Lapras': 1, 'Ludicolo': 1, 'Kabutops': 1, 'Dugtrio': 1, 'Clefable': 1, 'Uxie': 1}"
raindance129,[Gen 4] UU,1,1,0,2016-09-10 14:19:11,2016-09-10 14:19:11,,,,"{'Toxicroak': 1, 'Torterra': 1, 'Azumarill': 1, 'Rotom': 1, 'Arcanine': 1, 'Alakazam': 1}"
raindance63038,[Gen 4] UU,1,0,1,2016-05-02 20:49:00,2016-05-02 20:49:00,1000.0,1000.0,[1000.0],"{'Blaziken': 1, 'Rhyperior': 1, 'Azumarill': 1, 'Dugtrio': 1, 'Uxie': 1, 'Leafeon': 1}"
raindish17986,[Gen 4] UU,3,3,0,2023-04-22 11:22:58,2023-09-03 17:14:17,,,,"{'Scyther': 1, 'Kabutops': 1, 'Dugtrio': 2, 'Registeel': 1, 'Uxie': 3, 'Venusaur': 2, 'Sceptile': 2, 'Clefable': 1, 'Alakazam': 1, 'Absol': 1, 'Mismagius': 1, 'Entei': 1, 'Feraligatr': 1}"
ralts37918,[Gen 4] UU,2,1,1,2016-03-30 22:36:26,2016-06-05 00:05:25,,,,"{'Milotic': 1, 'Mismagius': 1, 'Sceptile': 1, 'Registeel': 2, 'Blaziken': 1, 'Alakazam': 1, 'Scyther': 1, 'Dugtrio': 1, 'Venusaur': 1, 'Blastoise': 1}"
ralts61431,[Gen 4] UU,1,0,1,2018-06-29 02:53:08,2018-06-29 02:53:08,,,,"{'Scyther': 1, 'Altaria': 1, 'Registeel': 1, 'Arcanine': 1, 'Venusaur': 1, 'Blastoise': 1}"
ralts65284,[Gen 4] UU,1,1,0,2020-02-23 06:57:03,2020-02-23 06:57:03,,,,"{'Moltres': 1, 'Toxicroak': 1, 'Feraligatr': 1, 'Uxie': 1, 'Venusaur': 1, 'Donphan': 1}"
ralts67707,[Gen 4] UU,1,1,0,2014-07-21 23:00:44,2014-07-21 23:00:44,,,,"{'Medicham': 1, 'Drifblim': 1, 'Persian': 1, 'Quagsire': 1}"
ralts71087,[Gen 4] UU,1,0,1,2017-01-02 05:46:53,2017-01-02 05:46:53,,,,"{'Mismagius': 1, 'Qwilfish': 1, 'Torterra': 1, 'Clefable': 1, 'Registeel': 1, 'Arcanine': 1}"
rampardos21396,[Gen 4] UU,2,1,1,2020-05-20 04:21:02,2020-05-20 04:24:49,,,,"{'Moltres': 2, 'Toxicroak': 2, 'Feraligatr': 2, 'Uxie': 2, 'Venusaur': 2, 'Donphan': 2}"
rapidash5009,[Gen 4] UU,1,1,0,2015-05-02 16:41:00,2015-05-02 16:41:00,,,,"{'Milotic': 1, 'Omastar': 1, 'Hitmontop': 1, 'Weezing': 1, 'Spiritomb': 1, 'Clefable': 1}"
rapidash55120,[Gen 4] UU,1,1,0,2016-05-09 14:56:34,2016-05-09 14:56:34,,,,"{'Arcanine': 1, 'Ambipom': 1, 'Venusaur': 1, 'Donphan': 1}"
raticate37119,[Gen 4] UU,3,1,2,2022-06-04 20:11:42,2022-06-15 20:38:58,,,,"{'Moltres': 1, 'Mesprit': 1, 'Sceptile': 1, 'Azumarill': 1, 'Blaziken': 2, 'Donphan': 1, 'Ludicolo': 1, 'Toxicroak': 1, 'Kabutops': 2, 'Dugtrio': 2, 'Registeel': 1, 'Uxie': 2, 'Swellow': 1, 'Venusaur': 1}"
raticate70545,[Gen 4] UU,6,5,1,2015-10-10 09:28:01,2017-10-07 15:11:26,,,,"{'Drapion': 6, 'Ambipom': 6, 'Azumarill': 5, 'Steelix': 6, 'Mismagius': 5, 'Pinsir': 4}"
raticate76099,[Gen 4] UU,5,4,1,2019-01-25 03:10:53,2025-01-17 04:57:14,,,,"{'Milotic': 2, 'Toxicroak': 1, 'Rhyperior': 1, 'Jynx': 1, 'Clefable': 1, 'Feraligatr': 1, 'Ursaring': 2, 'Qwilfish': 2, 'Rotom': 2, 'Hitmonlee': 2, 'Uxie': 2, 'Mismagius': 2, 'Houndoom': 1, 'Registeel': 2, 'Primeape': 1, 'Venusaur': 1, 'Sceptile': 1, 'Kabutops': 1, 'Arcanine': 1, 'Donphan': 1}"
raticate77077,[Gen 4] UU,1,1,0,2017-05-29 12:17:15,2017-05-29 12:17:15,,,,"{'Omastar': 1, 'Kabutops': 1, 'Rotom': 1, 'Swellow': 1, 'Houndoom': 1, 'Venusaur': 1}"
raticate79300,[Gen 4] UU,1,0,1,2020-08-07 23:22:25,2020-08-07 23:22:25,,,,"{'Ludicolo': 1, 'Electrode': 1, 'Kabutops': 1, 'Dugtrio': 1, 'Registeel': 1, 'Uxie': 1}"
raticate86888,[Gen 4] UU,1,1,0,2024-12-28 02:53:41,2024-12-28 02:53:41,,,,"{'Milotic': 1, 'Mismagius': 1, 'Registeel': 1, 'Houndoom': 1, 'Venusaur': 1}"
rattata16630,[Gen 4] UU,1,0,1,2014-07-03 03:25:44,2014-07-03 03:25:44,,,,"{'Cloyster': 1, 'Slowbro': 1, 'Steelix': 1, 'Rotom': 1, 'Chansey': 1, 'Venusaur': 1}"
rattata34196,[Gen 4] UU,1,0,1,2017-01-21 21:28:07,2017-01-21 21:28:07,,,,"{'Tangrowth': 1, 'Hariyama': 1, 'Aggron': 1, 'Azumarill': 1, 'Clefable': 1, 'Alakazam': 1}"
rattata73944,[Gen 4] UU,1,1,0,2020-07-08 01:54:22,2020-07-08 01:54:22,,,,"{'Absol': 1, 'Rhyperior': 1, 'Azumarill': 1, 'Venusaur': 1, 'Blaziken': 1, 'Alakazam': 1}"
rattata85194,[Gen 4] UU,3,3,0,2020-07-06 00:40:41,2020-08-30 15:30:02,,,,"{'Cresselia': 2, 'Porygon-Z': 2, 'Staraptor': 1, 'Donphan': 1, 'Hitmontop': 1, 'Nidoking': 1, 'Toxicroak': 1, 'Claydol': 1, 'Heracross': 1, 'Registeel': 1, 'Slowking': 1}"
rattata90247,[Gen 4] UU,12,6,6,2016-05-30 00:36:00,2025-02-02 20:19:49,,,,"{'Charizard': 2, 'Vileplume': 1, 'Medicham': 1, 'Armaldo': 1, 'Jynx': 1, 'Relicanth': 1, 'Mesprit': 3, 'Kabutops': 4, 'Dugtrio': 3, 'Arcanine': 5, 'Swellow': 3, 'Leafeon': 4, 'Kangaskhan': 4, 'Mismagius': 5, 'Omastar': 4, 'Spiritomb': 4, 'Blaziken': 3, 'Qwilfish': 1, 'Clefable': 2, 'Alakazam': 4, 'Porygon2': 1, 'Marowak': 1, 'Solrock': 1, 'Slowking': 2, 'Gardevoir': 1, 'Sceptile': 2, 'Registeel': 1, 'Donphan': 2, 'Moltres': 1, 'Skuntank': 1}"
rawstberry28879,[Gen 4] UU,5,3,2,2020-05-09 23:44:00,2020-06-05 22:00:29,,,,"{'Snover': 1, 'Hitmontop': 1, 'Nidoqueen': 1, 'Walrein': 1, 'Chansey': 1, 'Registeel': 3, 'Ludicolo': 2, 'Electrode': 2, 'Kabutops': 2, 'Dugtrio': 3, 'Uxie': 2, 'Altaria': 1, 'Toxicroak': 1, 'Steelix': 1, 'Ursaring': 1, 'Omastar': 1, 'Rotom': 1, 'Alakazam': 1, 'Blaziken': 1, 'Swellow': 1}"
rawstberry57157,[Gen 4] UU,1,1,0,2018-11-04 19:46:36,2018-11-04 19:46:36,,,,"{'Jynx': 1, 'Milotic': 1, 'Rhyperior': 1, 'Toxicroak': 1}"
rawstberry61974,[Gen 4] UU,5,3,2,2014-06-29 16:30:27,2014-06-29 17:49:31,,,,"{'Omastar': 5, 'Aggron': 5, 'Rotom': 4, 'Blaziken': 5, 'Venusaur': 5, 'Jynx': 3}"
rawstberry78312,[Gen 4] UU,1,0,1,2016-03-08 18:30:01,2016-03-08 18:30:01,,,,"{'Regice': 1, 'Mismagius': 1, 'Poliwrath': 1, 'Houndoom': 1, 'Uxie': 1, 'Venusaur': 1}"
rayquaza10207,[Gen 4] UU,1,1,0,2018-05-27 20:28:49,2018-05-27 20:28:49,,,,"{'Ursaring': 1, 'Exeggutor': 1, 'Rhyperior': 1, 'Feraligatr': 1, 'Blaziken': 1, 'Alakazam': 1}"
rayquaza55190,[Gen 4] UU,7,6,1,2014-06-29 16:44:37,2014-06-29 19:40:56,,,,"{'Moltres': 6, 'Cloyster': 7, 'Claydol': 7, 'Toxicroak': 6, 'Clefable': 7, 'Mismagius': 6}"
razorclaw40758,[Gen 4] UU,1,0,1,2023-12-19 00:16:35,2023-12-19 00:16:35,,,,"{'Ludicolo': 1, 'Toxicroak': 1, 'Kabutops': 1, 'Dugtrio': 1, 'Registeel': 1, 'Uxie': 1}"
razorfang15631,[Gen 4] UU,1,1,0,2019-05-03 02:11:35,2019-05-03 02:11:35,,,,"{'Milotic': 1, 'Toxicroak': 1, 'Rhyperior': 1, 'Jynx': 1, 'Clefable': 1, 'Feraligatr': 1}"
razorfang35685,[Gen 4] UU,2,0,2,2015-02-04 01:11:14,2015-02-04 01:18:41,,,,"{'Camerupt': 2, 'Haunter': 2, 'Regirock': 2, 'Skuntank': 2, 'Slowking': 2, 'Glalie': 2}"
razorfang62154,[Gen 4] UU,3,0,3,2023-03-21 04:52:14,2023-03-21 05:01:14,,,,"{'Milotic': 2, 'Mismagius': 2, 'Weezing': 2, 'Kabutops': 1, 'Clefable': 2, 'Registeel': 1, 'Exeggutor': 1, 'Qwilfish': 1, 'Rhyperior': 1, 'Rotom': 1, 'Houndoom': 1, 'Sceptile': 1, 'Spiritomb': 1}"
razorfang62937,[Gen 4] UU,1,0,1,2017-03-05 14:24:24,2017-03-05 14:24:24,,,,"{'Ursaring': 1, 'Scyther': 1, 'Aggron': 1, 'Slowbro': 1, 'Primeape': 1, 'Blastoise': 1}"
razorfang82785,[Gen 4] UU,1,0,1,2021-11-28 20:49:23,2021-11-28 20:49:23,,,,"{'Scyther': 1, 'Kabutops': 1, 'Dugtrio': 1, 'Houndoom': 1, 'Uxie': 1, 'Venusaur': 1}"
razorfang82805,[Gen 4] UU,1,1,0,2023-12-26 01:10:40,2023-12-26 01:10:40,,,,"{'Mightyena': 1, 'Blaziken': 1, 'Marowak': 1}"
razorleaf62601,[Gen 4] UU,1,1,0,2019-09-03 06:04:40,2019-09-03 06:04:40,,,,"{'Milotic': 1, 'Toxicroak': 1, 'Rotom': 1, 'Houndoom': 1, 'Alakazam': 1}"
razorleaf69571,[Gen 4] UU,1,0,1,2020-04-02 16:53:09,2020-04-02 16:53:09,,,,"{'Moltres': 1, 'Toxicroak': 1, 'Feraligatr': 1, 'Uxie': 1, 'Venusaur': 1, 'Donphan': 1}"
razzberry53434,[Gen 4] UU,6,3,3,2022-06-13 21:26:51,2024-06-19 12:30:56,,,,"{'Kangaskhan': 1, 'Kabutops': 2, 'Houndoom': 4, 'Uxie': 1, 'Venusaur': 3, 'Mismagius': 3, 'Omastar': 4, 'Toxicroak': 4, 'Torterra': 3, 'Spiritomb': 2, 'Blaziken': 2, 'Qwilfish': 1, 'Hitmonlee': 1, 'Rotom': 2, 'Alakazam': 2}"
rceuselectric94912,[Gen 4] UU,1,1,0,2019-07-19 16:19:48,2019-07-19 16:19:48,,,,"{'Ludicolo': 1, 'Toxicroak': 1, 'Kabutops': 1, 'Dugtrio': 1, 'Registeel': 1, 'Uxie': 1}"
rceusfighting14039,[Gen 4] UU,4,2,2,2020-05-09 20:10:57,2020-05-12 14:19:16,,,,"{'Milotic': 4, 'Mismagius': 4, 'Sceptile': 3, 'Chansey': 3, 'Registeel': 4, 'Arcanine': 3}"
rceusfighting21835,[Gen 4] UU,1,0,1,2020-08-19 02:27:31,2020-08-19 02:27:31,,,,"{'Ludicolo': 1, 'Electrode': 1, 'Toxicroak': 1, 'Kabutops': 1, 'Registeel': 1, 'Uxie': 1}"
rceusfighting44209,[Gen 4] UU,1,0,1,2025-02-04 02:20:03,2025-02-04 02:20:03,,,,"{'Mismagius': 1, 'Sceptile': 1, 'Kabutops': 1, 'Registeel': 1, 'Arcanine': 1, 'Donphan': 1}"
recover91674,[Gen 4] UU,1,1,0,2024-03-21 04:41:54,2024-03-21 04:41:54,1049.0,1049.0,[1049.0],"{'Milotic': 1, 'Dugtrio': 1, 'Uxie': 1, 'Arcanine': 1, 'Alakazam': 1, 'Leafeon': 1}"
recycle13523,[Gen 4] UU,1,0,1,2020-07-27 02:18:33,2020-07-27 02:18:33,,,,"{'Aggron': 1, 'Nidoking': 1, 'Hitmontop': 1, 'Alakazam': 1, 'Houndoom': 1, 'Ambipom': 1}"
recycle92780,[Gen 4] UU,2,2,0,2018-01-24 21:19:39,2018-01-24 21:29:51,,,,"{'Omastar': 1, 'Rhyperior': 1, 'Hitmontop': 1, 'Dugtrio': 2, 'Uxie': 2, 'Venusaur': 1, 'Ludicolo': 1, 'Electrode': 1, 'Kabutops': 1, 'Registeel': 1}"
recycle98219,[Gen 4] UU,2,1,1,2018-12-11 00:00:33,2018-12-11 01:33:50,,,,"{'Milotic': 2, 'Absol': 2, 'Alakazam': 2, 'Blaziken': 2, 'Venusaur': 2, 'Shuckle': 2}"
reflect29293,[Gen 4] UU,5,3,2,2014-06-29 16:52:03,2014-06-29 18:04:38,,,,"{'Azumarill': 5, 'Venusaur': 5, 'Chansey': 5, 'Alakazam': 4, 'Donphan': 5, 'Absol': 3}"
reflect38124,[Gen 4] UU,1,1,0,2017-12-23 01:43:54,2017-12-23 01:43:54,,,,"{'Ursaring': 1, 'Milotic': 1, 'Miltank': 1, 'Chansey': 1, 'Alakazam': 1, 'Ambipom': 1}"
reflect61432,[Gen 4] UU,1,0,1,2022-04-23 17:44:16,2022-04-23 17:44:16,,,,"{'Scyther': 1, 'Milotic': 1, 'Mismagius': 1, 'Hitmontop': 1, 'Registeel': 1, 'Drapion': 1}"
refresh60554,[Gen 4] UU,1,0,1,2022-06-19 21:58:05,2022-06-19 21:58:05,,,,"{'Milotic': 1, 'Mesprit': 1, 'Dugtrio': 1, 'Registeel': 1, 'Swellow': 1, 'Leafeon': 1}"
regice88093,[Gen 4] UU,1,0,1,2024-08-10 00:20:27,2024-08-10 00:20:27,,,,"{'Absol': 1, 'Claydol': 1, 'Dugtrio': 1, 'Clefable': 1, 'Houndoom': 1, 'Donphan': 1}"
regice93683,[Gen 4] UU,4,1,3,2020-03-01 21:41:11,2020-03-02 16:26:53,,,,"{'Monferno': 3, 'Meditite': 2, 'Croconaw': 1, 'Staravia': 1, 'Diglett': 1, 'Misdreavus': 1, 'Marshtomp': 1, 'Gligar': 1, 'Trapinch': 1, 'Metang': 1, 'Scyther': 1, 'Rhyperior': 1, 'Venusaur': 1, 'Rotom': 1, 'Ambipom': 1, 'Blastoise': 1, 'Kadabra': 1, 'Wartortle': 1, 'Piloswine': 1, 'Vigoroth': 1, 'Golbat': 1}"
regirock20429,[Gen 4] UU,2,0,2,2015-01-10 04:41:27,2015-01-10 04:50:30,,,,"{'Regirock': 1, 'Hitmonchan': 1, 'Haunter': 1, 'Jynx': 1, 'Skuntank': 1, 'Manectric': 1, 'Charizard': 1, 'Vileplume': 1, 'Medicham': 1, 'Armaldo': 1, 'Quagsire': 1, 'Slowking': 1}"
regirock95042,[Gen 4] UU,1,1,0,2020-03-10 18:56:59,2020-03-10 18:56:59,,,,{'Aggron': 1}
registeel54926,[Gen 4] UU,3,1,2,2014-08-09 17:03:44,2014-08-12 08:27:33,,,,"{'Milotic': 3, 'Absol': 3, 'Nidoqueen': 3, 'Jumpluff': 3, 'Linoone': 3, 'Glaceon': 3}"
registeel6762,[Gen 4] UU,1,0,1,2018-01-08 13:42:30,2018-01-08 13:42:30,,,,"{'Milotic': 1, 'Toxicroak': 1, 'Rhyperior': 1, 'Jynx': 1, 'Clefable': 1, 'Feraligatr': 1}"
registeel74317,[Gen 4] UU,1,0,1,2018-03-18 04:46:10,2018-03-18 04:46:10,,,,"{'Moltres': 1, 'Milotic': 1, 'Aggron': 1, 'Clefable': 1, 'Venusaur': 1, 'Donphan': 1}"
registeel75332,[Gen 4] UU,1,0,1,2024-03-11 21:43:37,2024-03-11 21:43:37,,,,"{'Moltres': 1, 'Sceptile': 1, 'Skuntank': 1, 'Clefable': 1, 'Slowking': 1, 'Donphan': 1}"
registeel92242,[Gen 4] UU,2,0,2,2024-03-14 01:36:22,2024-03-25 03:13:12,1066.0,1196.0,"[1066.0, 1196.0]","{'Scyther': 1, 'Sceptile': 1, 'Qwilfish': 1, 'Rotom': 1, 'Houndoom': 1, 'Donphan': 1, 'Tangrowth': 1, 'Medicham': 1, 'Rhyperior': 1, 'Azumarill': 1, 'Registeel': 1, 'Uxie': 1}"
remoraid12706,[Gen 4] UU,1,1,0,2019-04-05 01:42:10,2019-04-05 01:42:10,,,,"{'Milotic': 1, 'Absol': 1, 'Rhyperior': 1, 'Alakazam': 1, 'Blaziken': 1, 'Venusaur': 1}"
remoraid38371,[Gen 4] UU,1,0,1,2014-09-02 22:55:20,2014-09-02 22:55:20,,,,"{'Moltres': 1, 'Mismagius': 1, 'Qwilfish': 1, 'Registeel': 1, 'Venusaur': 1, 'Blastoise': 1}"
remoraid45907,[Gen 4] UU,1,0,1,2019-12-10 01:54:34,2019-12-10 01:54:34,,,,"{'Ludicolo': 1, 'Toxicroak': 1, 'Kabutops': 1, 'Dugtrio': 1, 'Registeel': 1, 'Uxie': 1}"
remoraid47150,[Gen 4] UU,1,0,1,2024-12-02 22:37:03,2024-12-02 22:37:03,,,,"{'Kangaskhan': 1, 'Mismagius': 1, 'Omastar': 1, 'Spiritomb': 1, 'Blaziken': 1, 'Alakazam': 1}"
remoraid62998,[Gen 4] UU,3,3,0,2024-03-07 05:15:41,2024-03-07 05:32:51,1000.0,1183.0,"[1183.0, 1000.0, 1089.0]","{'Mismagius': 3, 'Qwilfish': 3, 'Clefable': 3, 'Arcanine': 3, 'Alakazam': 2, 'Leafeon': 3}"
remoraid84665,[Gen 4] UU,4,2,2,2019-09-03 18:21:01,2019-09-04 19:25:27,,,,"{'Pineco': 4, 'Monferno': 3, 'Metang': 3, 'Diglett': 2, 'Roselia': 4, 'Misdreavus': 3, 'Sneasel': 1, 'Lairon': 1, 'Staravia': 1, 'Lickitung': 1, 'Slowpoke': 1}"
repeatball21165,[Gen 4] UU,3,2,1,2016-05-28 20:17:44,2016-05-28 20:39:01,,,,"{'Tauros': 2, 'Regirock': 3, 'Sneasel': 1, 'Slowking': 1, 'Lickilicky': 3, 'Drifblim': 1, 'Sharpedo': 1, 'Venomoth': 1, 'Gardevoir': 1, 'Wailord': 1, 'Gligar': 1, 'Hitmonchan': 1, 'Roselia': 1}"
repeatball29397,[Gen 4] UU,1,1,0,2020-07-08 00:11:05,2020-07-08 00:11:05,,,,"{'Milotic': 1, 'Medicham': 1, 'Houndoom': 1, 'Uxie': 1, 'Venusaur': 1, 'Donphan': 1}"
repeatball50768,[Gen 4] UU,1,0,1,2019-03-15 14:58:21,2019-03-15 14:58:21,,,,"{'Milotic': 1, 'Weezing': 1, 'Steelix': 1, 'Rotom': 1, 'Arcanine': 1, 'Drapion': 1}"
repeatball76040,[Gen 4] UU,1,0,1,2019-12-10 02:27:24,2019-12-10 02:27:24,,,,"{'Uxie': 1, 'Registeel': 1, 'Blaziken': 1, 'Ambipom': 1, 'Blastoise': 1, 'Leafeon': 1}"
repeatball91553,[Gen 4] UU,2,1,1,2019-02-06 02:40:59,2019-02-06 02:57:23,,,,"{'Uxie': 2, 'Ludicolo': 2, 'Toxicroak': 1}"
repeatball91812,[Gen 4] UU,1,1,0,2016-04-14 19:08:16,2016-04-14 19:08:16,,,,"{'Rampardos': 1, 'Magneton': 1, 'Crawdaunt': 1, 'Swalot': 1, 'Corsola': 1}"
rest16885,[Gen 4] UU,1,0,1,2020-01-19 18:51:15,2020-01-19 18:51:15,,,,"{'Milotic': 1, 'Toxicroak': 1, 'Rhyperior': 1, 'Jynx': 1, 'Clefable': 1, 'Feraligatr': 1}"
rest29879,[Gen 4] UU,1,0,1,2024-03-05 01:53:28,2024-03-05 01:53:28,,,,"{'Mesprit': 1, 'Kabutops': 1, 'Dugtrio': 1, 'Arcanine': 1, 'Swellow': 1, 'Leafeon': 1}"
rest34178,[Gen 4] UU,1,1,0,2015-12-29 15:36:49,2015-12-29 15:36:49,1000.0,1000.0,[1000.0],"{'Chansey': 1, 'Ambipom': 1, 'Hitmonlee': 1}"
return265,[Gen 4] UU,6,3,3,2016-07-03 12:40:18,2018-09-27 20:56:40,,,,"{'Absol': 4, 'Rhyperior': 4, 'Alakazam': 4, 'Blaziken': 4, 'Venusaur': 4, 'Milotic': 3, 'Wormadam-Trash': 1, 'Kadabra': 1, 'Monferno': 1, 'Golem': 1, 'Victreebel': 2, 'Crawdaunt': 1, 'Pelipper': 1, 'Metang': 1, 'Electabuzz': 1}"
return88635,[Gen 4] UU,1,0,1,2020-07-18 19:01:50,2020-07-18 19:01:50,,,,"{'Moltres': 1, 'Toxicroak': 1, 'Feraligatr': 1, 'Uxie': 1, 'Venusaur': 1, 'Donphan': 1}"
revenge21344,[Gen 4] UU,6,4,2,2018-10-21 06:28:13,2018-10-21 07:35:26,,,,"{'Rampardos': 2, 'Electrode': 1, 'Chansey': 1, 'Bastiodon': 2, 'Alakazam': 1, 'Shuckle': 1, 'Sceptile': 2, 'Steelix': 1, 'Blaziken': 3, 'Primeape': 3, 'Blastoise': 2, 'Milotic': 1, 'Hariyama': 1, 'Dodrio': 1, 'Donphan': 1, 'Nidoking': 1, 'Rhyperior': 1, 'Marowak': 1, 'Jynx': 1, 'Houndoom': 1, 'Arcanine': 1, 'Venusaur': 1}"
revenge42919,[Gen 4] UU,1,1,0,2019-10-26 12:05:15,2019-10-26 12:05:15,,,,"{'Altaria': 1, 'Ludicolo': 1, 'Electrode': 1, 'Toxicroak': 1, 'Floatzel': 1, 'Rotom': 1}"
revenge90124,[Gen 4] UU,4,2,2,2024-03-10 15:55:58,2024-03-13 19:38:04,,,,"{'Ponyta': 4, 'Scyther': 2, 'Machoke': 2, 'Haunter': 3, 'Staravia': 3, 'Rotom': 1, 'Machop': 2}"
reversal94564,[Gen 4] UU,3,2,1,2024-02-08 02:18:41,2024-08-11 23:39:38,,,,"{'Milotic': 1, 'Hariyama': 3, 'Mesprit': 3, 'Mismagius': 3, 'Toxicroak': 1, 'Clefable': 3, 'Hitmontop': 2, 'Swellow': 1}"
rhydon43943,[Gen 4] UU,1,1,0,2020-03-24 01:12:31,2020-03-24 01:12:31,,,,"{'Milotic': 1, 'Claydol': 1, 'Swellow': 1, 'Hitmonlee': 1, 'Registeel': 1, 'Ambipom': 1}"
rhydon75059,[Gen 4] UU,6,5,1,2016-01-30 19:11:26,2016-05-15 23:14:16,,,,"{'Milotic': 5, 'Omastar': 3, 'Hitmontop': 3, 'Spiritomb': 3, 'Clefable': 3, 'Arcanine': 3, 'Scyther': 1, 'Toxicroak': 1, 'Torterra': 1, 'Kabutops': 1, 'Registeel': 3, 'Houndoom': 1, 'Mesprit': 2, 'Mismagius': 2, 'Sceptile': 1, 'Blaziken': 1}"
rhydon82578,[Gen 4] UU,1,1,0,2020-03-08 02:41:32,2020-03-08 02:41:32,,,,"{'Ludicolo': 1, 'Toxicroak': 1, 'Kabutops': 1, 'Dugtrio': 1, 'Registeel': 1, 'Uxie': 1}"
rhyhorn29294,[Gen 4] UU,2,1,1,2020-04-13 16:08:00,2020-08-25 11:13:16,,,,"{'Alakazam': 2, 'Hitmontop': 2, 'Spiritomb': 2, 'Claydol': 2, 'Venusaur': 1, 'Blaziken': 1}"
rhyperior34073,[Gen 4] UU,1,0,1,2017-02-04 01:23:04,2017-02-04 01:23:04,,,,"{'Exeggutor': 1, 'Kabutops': 1, 'Miltank': 1, 'Rotom': 1, 'Dugtrio': 1, 'Uxie': 1}"
rhyperior690,[Gen 4] UU,2,0,2,2020-04-19 21:46:23,2020-08-10 02:38:52,,,,"{'Blaziken': 1, 'Mismagius': 1, 'Kabutops': 1, 'Miltank': 1, 'Uxie': 2, 'Drapion': 1, 'Moltres': 1, 'Toxicroak': 1, 'Feraligatr': 1, 'Venusaur': 1, 'Donphan': 1}"
rindoberry43219,[Gen 4] UU,2,2,0,2025-02-21 23:24:00,2025-02-21 23:25:32,,,,"{'Uxie': 2, 'Rhyperior': 2, 'Venusaur': 2, 'Feraligatr': 1, 'Houndoom': 1, 'Primeape': 1}"
rindoberry7399,[Gen 4] UU,24,12,12,2017-01-23 01:36:54,2017-10-26 01:37:42,,,,"{'Gabite': 1, 'Zangoose': 3, 'Poliwrath': 23, 'Electabuzz': 4, 'Misdreavus': 7, 'Gastrodon': 2, 'Metang': 16, 'Gastrodon-East': 11, 'Bellossom': 7, 'Muk': 9, 'Drifblim': 5, 'Cacturne': 7, 'Rapidash': 4, 'Sneasel': 1, 'Mr. Mime': 3, 'Rhydon': 8, 'Sableye': 2, 'Purugly': 4, 'Golbat': 9, 'Pidgeot': 1, 'Houndour': 1, 'Mawile': 1, 'Kecleon': 1, 'Victreebel': 2, 'Monferno': 2, 'Pelipper': 1, 'Golduck': 1, 'Onix': 1}"
riolu10426,[Gen 4] UU,1,0,1,2020-07-01 21:20:58,2020-07-01 21:20:58,,,,"{'Moltres': 1, 'Kangaskhan': 1, 'Dugtrio': 1, 'Venusaur': 1, 'Donphan': 1}"
riolu28132,[Gen 4] UU,2,1,1,2019-02-09 00:28:01,2020-03-31 19:42:33,,,,"{'Moltres': 1, 'Mismagius': 1, 'Sceptile': 1, 'Omastar': 2, 'Hitmontop': 2, 'Spiritomb': 2}"
riolu39836,[Gen 4] UU,9,4,5,2024-08-26 01:22:45,2024-12-08 21:12:05,,,,"{'Mesprit': 2, 'Kabutops': 5, 'Dugtrio': 3, 'Arcanine': 2, 'Swellow': 4, 'Leafeon': 2, 'Moltres': 1, 'Mismagius': 4, 'Omastar': 4, 'Registeel': 3, 'Venusaur': 1, 'Qwilfish': 4, 'Ambipom': 2, 'Houndoom': 3, 'Sceptile': 1, 'Primeape': 1, 'Ludicolo': 2, 'Electrode': 2, 'Uxie': 3}"
riolu75051,[Gen 4] UU,2,1,1,2017-11-09 22:17:28,2017-11-09 22:37:09,,,,"{'Scyther': 1, 'Tauros': 1, 'Azumarill': 1, 'Houndoom': 1, 'Venusaur': 1, 'Donphan': 1, 'Charizard': 1, 'Vileplume': 1, 'Sandslash': 1, 'Floatzel': 1, 'Skuntank': 1, 'Gardevoir': 1}"
rivalry84658,[Gen 4] UU,4,3,1,2020-06-05 21:55:23,2020-06-28 17:09:23,,,,"{'Moltres': 1, 'Mismagius': 2, 'Clefable': 1, 'Registeel': 3, 'Alakazam': 1, 'Donphan': 1, 'Milotic': 1, 'Dugtrio': 2, 'Uxie': 3, 'Swellow': 1, 'Leafeon': 1, 'Blaziken': 1}"
rivalry97875,[Gen 4] UU,1,0,1,2022-05-29 23:47:57,2022-05-29 23:47:57,,,,"{'Scyther': 1, 'Qwilfish': 1, 'Torterra': 1, 'Kabutops': 1, 'Rotom': 1, 'Houndoom': 1}"
roar12608,[Gen 4] UU,1,0,1,2024-03-02 22:02:08,2024-03-02 22:02:08,1048.0,1048.0,[1048.0],"{'Cloyster': 1, 'Scyther': 1, 'Beautifly': 1, 'Hitmontop': 1, 'Chansey': 1, 'Spiritomb': 1}"
roar54754,[Gen 4] UU,1,0,1,2020-07-28 15:31:20,2020-07-28 15:31:20,,,,"{'Milotic': 1, 'Absol': 1, 'Rhyperior': 1, 'Alakazam': 1, 'Blaziken': 1, 'Venusaur': 1}"
roar73215,[Gen 4] UU,2,1,1,2020-04-16 20:31:47,2020-04-16 20:46:00,,,,"{'Uxie': 2, 'Dugtrio': 2, 'Blaziken': 2, 'Ursaring': 1, 'Omastar': 1, 'Alakazam': 1}"
roaroftime79280,[Gen 4] UU,1,1,0,2024-08-16 22:05:58,2024-08-16 22:05:58,,,,"{'Mismagius': 1, 'Omastar': 1, 'Toxicroak': 1, 'Rhyperior': 1, 'Slowking': 1, 'Ambipom': 1}"
rock51085,[Gen 4] UU,68,31,37,2015-04-16 21:47:43,2024-09-10 21:43:08,,,,"{'Moltres': 12, 'Mesprit': 15, 'Sceptile': 8, 'Azumarill': 12, 'Blaziken': 17, 'Donphan': 15, 'Tangrowth': 1, 'Scyther': 5, 'Clefable': 20, 'Registeel': 21, 'Blastoise': 4, 'Cloyster': 4, 'Ursaring': 4, 'Rotom': 15, 'Venusaur': 31, 'Snover': 2, 'Walrein': 2, 'Jynx': 1, 'Uxie': 13, 'Glaceon': 1, 'Gligar': 2, 'Cacturne': 2, 'Hippopotas': 2, 'Cradily': 2, 'Kangaskhan': 1, 'Mismagius': 22, 'Omastar': 7, 'Torterra': 6, 'Arcanine': 6, 'Alakazam': 1, 'Milotic': 12, 'Toxicroak': 7, 'Rhyperior': 10, 'Skuntank': 2, 'Leafeon': 7, 'Feraligatr': 4, 'Houndoom': 14, 'Primeape': 1, 'Qwilfish': 12, 'Kabutops': 5, 'Hariyama': 4, 'Slowking': 3, 'Camerupt': 1, 'Tauros': 1, 'Medicham': 2, 'Marowak': 1, 'Solrock': 1, 'Gardevoir': 1, 'Drapion': 4, 'Dugtrio': 7, 'Espeon': 2, 'Spiritomb': 2, 'Ambipom': 3, 'Exeggutor': 2, 'Regice': 1, 'Miltank': 1, 'Politoed': 1, 'Regirock': 6, 'Lickilicky': 1, 'Swellow': 2, 'Altaria': 4, 'Hitmontop': 1, 'Entei': 2, 'Hitmonlee': 8, 'Steelix': 1}"
rock51947,[Gen 4] UU,10,10,0,2024-05-11 23:58:29,2024-06-11 00:29:37,,,,"{'Houndoom': 2, 'Scyther': 2, 'Mesprit': 2, 'Hariyama': 1, 'Omastar': 2, 'Arcanine': 2, 'Torterra': 1, 'Kangaskhan': 1, 'Shiftry': 2, 'Uxie': 2, 'Venusaur': 1, 'Aggron': 3, 'Altaria': 1, 'Mismagius': 1, 'Pinsir': 1, 'Azumarill': 1, 'Qwilfish': 1}"
rock71432,[Gen 4] UU,2,2,0,2024-05-09 21:49:05,2024-06-08 22:06:51,,,,"{'Moltres': 2, 'Absol': 2, 'Qwilfish': 2, 'Venusaur': 2, 'Swellow': 2, 'Donphan': 2}"
rock80097,[Gen 4] UU,2,0,2,2019-09-29 20:55:48,2019-09-29 21:10:19,,,,"{'Scyther': 1, 'Omastar': 1, 'Porygon2': 1, 'Dugtrio': 1, 'Hitmonlee': 1, 'Feraligatr': 2, 'Mismagius': 1, 'Entei': 1, 'Miltank': 1, 'Gardevoir': 1, 'Venusaur': 1}"
rock83564,[Gen 4] UU,1,0,1,2019-08-08 10:57:17,2019-08-08 10:57:17,,,,"{'Milotic': 1, 'Toxicroak': 1, 'Rhyperior': 1, 'Jynx': 1, 'Feraligatr': 1}"
rockblast3607,[Gen 4] UU,3,0,3,2015-03-22 19:12:09,2021-07-04 22:04:07,,,,"{'Snover': 1, 'Regirock': 1, 'Walrein': 1, 'Dugtrio': 1, 'Clefable': 1, 'Uxie': 1, 'Milotic': 1, 'Rotom': 2, 'Registeel': 1, 'Arcanine': 1, 'Primeape': 2, 'Venusaur': 1, 'Kangaskhan': 1, 'Qwilfish': 1, 'Torterra': 1, 'Slowking': 1}"
rockblast78218,[Gen 4] UU,1,0,1,2020-03-15 17:27:05,2020-03-15 17:27:05,,,,"{'Altaria': 1, 'Toxicroak': 1, 'Kabutops': 1, 'Steelix': 1, 'Dugtrio': 1, 'Leafeon': 1}"
rockclimb36936,[Gen 4] UU,1,0,1,2016-10-11 17:30:33,2016-10-11 17:30:33,,,,"{'Charizard': 1, 'Vileplume': 1, 'Sandslash': 1, 'Floatzel': 1, 'Skuntank': 1, 'Gardevoir': 1}"
rockclimb62152,[Gen 4] UU,1,1,0,2019-09-12 20:41:43,2019-09-12 20:41:43,,,,"{'Snover': 1, 'Hitmontop': 1, 'Nidoqueen': 1, 'Walrein': 1, 'Chansey': 1, 'Registeel': 1}"
rockhead14643,[Gen 4] UU,4,3,1,2015-11-29 18:03:02,2018-05-06 21:24:32,,,,"{'Mesprit': 1, 'Qwilfish': 1, 'Regirock': 1, 'Spiritomb': 1, 'Blaziken': 3, 'Ursaring': 1, 'Omastar': 2, 'Rotom': 2, 'Alakazam': 1, 'Swellow': 1, 'Azumarill': 1, 'Clefable': 1, 'Venusaur': 1, 'Snover': 1, 'Hitmontop': 1, 'Nidoqueen': 1, 'Walrein': 1, 'Chansey': 1, 'Registeel': 1}"
rockhead33796,[Gen 4] UU,1,0,1,2019-09-27 02:04:03,2019-09-27 02:04:03,,,,"{'Moltres': 1, 'Toxicroak': 1, 'Feraligatr': 1, 'Uxie': 1, 'Venusaur': 1, 'Donphan': 1}"
rockhead50340,[Gen 4] UU,9,5,4,2020-03-15 22:48:35,2020-07-02 11:57:21,1000.0,1170.0,"[1170.0, 1125.0, 1060.0, 1071.0, 1000.0]","{'Scyther': 1, 'Milotic': 3, 'Torterra': 1, 'Drapion': 6, 'Moltres': 3, 'Hariyama': 4, 'Ursaring': 2, 'Exeggutor': 4, 'Aggron': 4, 'Clamperl': 2, 'Uxie': 3, 'Altaria': 1, 'Mismagius': 3, 'Leafeon': 1, 'Steelix': 2, 'Ambipom': 1, 'Sceptile': 1, 'Slowbro': 1, 'Hitmontop': 1, 'Dugtrio': 1, 'Blastoise': 1}"
rockhead82983,[Gen 4] UU,1,0,1,2014-08-11 08:44:04,2014-08-11 08:44:04,,,,"{'Milotic': 1, 'Weezing': 1, 'Electabuzz': 1, 'Arcanine': 1, 'Ambipom': 1, 'Donphan': 1}"
rockincense20246,[Gen 4] UU,1,0,1,2020-07-03 00:55:40,2020-07-03 00:55:40,,,,"{'Moltres': 1, 'Milotic': 1, 'Luxray': 1, 'Kabutops': 1, 'Alakazam': 1, 'Leafeon': 1}"
rockincense45183,[Gen 4] UU,1,1,0,2020-02-26 00:15:04,2020-02-26 00:15:04,,,,"{'Cloyster': 1, 'Mismagius': 1, 'Dugtrio': 1, 'Spiritomb': 1, 'Alakazam': 1, 'Leafeon': 1}"
rockincense58998,[Gen 4] UU,3,0,3,2020-03-16 18:35:29,2020-03-16 21:37:18,,,,"{'Pidgeot': 3, 'Charizard': 1, 'Blaziken': 2, 'Azumarill': 3, 'Weezing': 2, 'Regigigas': 1}"
rockincense72258,[Gen 4] UU,11,6,5,2014-12-31 19:43:28,2015-05-16 17:25:55,,,,"{'Snover': 6, 'Regice': 1, 'Sneasel': 1, 'Walrein': 6, 'Jynx': 5, 'Glaceon': 5, 'Blaziken': 1, 'Rhyperior': 1, 'Registeel': 1, 'Uxie': 8, 'Venusaur': 3, 'Blastoise': 1, 'Hariyama': 4, 'Electrode': 2, 'Gorebyss': 1, 'Ludicolo': 2, 'Kabutops': 1, 'Lanturn': 1, 'Milotic': 2, 'Mismagius': 1, 'Qwilfish': 2, 'Arcanine': 2, 'Donphan': 2}"
rockincense88388,[Gen 4] UU,1,0,1,2016-12-09 18:42:17,2016-12-09 18:42:17,,,,"{'Moltres': 1, 'Mismagius': 1, 'Torterra': 1, 'Miltank': 1, 'Registeel': 1, 'Alakazam': 1}"
rockincense99356,[Gen 4] UU,1,1,0,2020-07-03 00:04:54,2020-07-03 00:04:54,,,,"{'Kangaskhan': 1, 'Mismagius': 1, 'Omastar': 1, 'Torterra': 1, 'Arcanine': 1, 'Alakazam': 1}"
rockpolish6986,[Gen 4] UU,3,1,2,2016-07-08 07:13:57,2017-01-28 19:52:38,,,,"{'Milotic': 1, 'Mismagius': 1, 'Sceptile': 1, 'Registeel': 3, 'Blaziken': 3, 'Azumarill': 2, 'Rotom': 2, 'Venusaur': 2, 'Swellow': 1}"
rockpolish84152,[Gen 4] UU,1,0,1,2023-05-19 13:52:38,2023-05-19 13:52:38,,,,"{'Dugtrio': 1, 'Clefable': 1, 'Registeel': 1, 'Uxie': 1, 'Drapion': 1, 'Blastoise': 1}"
rockslide24303,[Gen 4] UU,3,1,2,2017-11-04 20:28:28,2017-11-04 21:00:59,,,,"{'Milotic': 1, 'Exeggutor': 1, 'Rhyperior': 1, 'Spiritomb': 1, 'Houndoom': 1, 'Venusaur': 1, 'Armaldo': 1, 'Gastrodon-East': 1, 'Muk': 1, 'Metang': 1, 'Purugly': 1, 'Articuno': 1, 'Venomoth': 1, 'Charizard': 1, 'Vileplume': 1, 'Medicham': 1, 'Magneton': 1, 'Slowking': 1}"
rockslide61060,[Gen 4] UU,1,0,1,2018-03-29 10:15:59,2018-03-29 10:15:59,,,,"{'Milotic': 1, 'Drapion': 1, 'Kabutops': 1, 'Rotom': 1, 'Arcanine': 1}"
rockslide82144,[Gen 4] UU,1,0,1,2022-06-30 00:42:49,2022-06-30 00:42:49,,,,"{'Mismagius': 1, 'Qwilfish': 1, 'Clefable': 1, 'Arcanine': 1, 'Alakazam': 1, 'Leafeon': 1}"
rocksmash53528,[Gen 4] UU,1,1,0,2018-09-06 01:53:33,2018-09-06 01:53:33,,,,"{'Ludicolo': 1, 'Mesprit': 1, 'Kabutops': 1, 'Alakazam': 1, 'Donphan': 1}"
rocksmash57977,[Gen 4] UU,2,2,0,2024-03-06 01:34:32,2024-03-10 12:57:26,1000.0,1031.0,"[1000.0, 1031.0]","{'Kabutops': 1, 'Blaziken': 1, 'Drapion': 1, 'Torterra': 1, 'Blastoise': 1}"
rocksmash98127,[Gen 4] UU,1,0,1,2018-12-11 01:11:50,2018-12-11 01:11:50,,,,"{'Scyther': 1, 'Milotic': 1, 'Rotom': 1, 'Registeel': 1, 'Arcanine': 1, 'Donphan': 1}"
rockthrow11640,[Gen 4] UU,5,2,3,2022-08-01 18:13:17,2022-09-25 21:14:35,,,,"{'Rhyperior': 2, 'Toxicroak': 2, 'Rotom': 2, 'Clefable': 1, 'Arcanine': 1, 'Blastoise': 1, 'Hariyama': 1, 'Qwilfish': 2, 'Torterra': 2, 'Kabutops': 1, 'Houndoom': 2, 'Mismagius': 3, 'Omastar': 2, 'Spiritomb': 2, 'Blaziken': 2, 'Kangaskhan': 1, 'Alakazam': 1, 'Uxie': 1, 'Venusaur': 1}"
rockthrow43240,[Gen 4] UU,1,1,0,2020-03-31 16:40:07,2020-03-31 16:40:07,,,,"{'Absol': 1, 'Mismagius': 1, 'Steelix': 1, 'Blaziken': 1, 'Venusaur': 1, 'Blastoise': 1}"
rockthrow61579,[Gen 4] UU,2,0,2,2017-10-23 13:16:29,2017-10-23 13:26:38,,,,"{'Vileplume': 1, 'Charizard': 1, 'Sandslash': 1, 'Floatzel': 1, 'Skuntank': 1, 'Gardevoir': 1, 'Politoed': 1, 'Ninetales': 1, 'Regirock': 1, 'Hitmonchan': 1, 'Jumpluff': 1, 'Hypno': 1}"
rockthrow63473,[Gen 4] UU,1,1,0,2017-08-05 15:38:40,2017-08-05 15:38:40,1000.0,1000.0,[1000.0],"{'Exeggutor': 1, 'Flareon': 1, 'Quagsire': 1, 'Aggron': 1, 'Crawdaunt': 1, 'Sableye': 1}"
rockthrow82350,[Gen 4] UU,2,1,1,2019-02-22 04:05:33,2019-02-22 04:30:01,,,,"{'Milotic': 2, 'Aggron': 2, 'Toxicroak': 2, 'Azumarill': 2, 'Arcanine': 2, 'Venusaur': 2}"
rockthrow94298,[Gen 4] UU,1,0,1,2024-03-04 05:05:41,2024-03-04 05:05:41,1025.0,1025.0,[1025.0],"{'Milotic': 1, 'Claydol': 1, 'Mismagius': 1, 'Omastar': 1, 'Arcanine': 1, 'Leafeon': 1}"
rocktomb63023,[Gen 4] UU,2,2,0,2017-01-28 19:46:43,2017-01-28 19:52:38,,,,"{'Altaria': 1, 'Dugtrio': 1, 'Registeel': 2, 'Arcanine': 1, 'Venusaur': 1, 'Blastoise': 1, 'Moltres': 1, 'Toxicroak': 1, 'Slowking': 1, 'Donphan': 1}"
rockwrecker43491,[Gen 4] UU,1,0,1,2016-11-13 03:20:33,2016-11-13 03:20:33,,,,"{'Mismagius': 1, 'Porygon2': 1, 'Rhyperior': 1, 'Torterra': 1, 'Slowking': 1, 'Drapion': 1}"
rockwrecker94859,[Gen 4] UU,1,0,1,2016-07-30 09:31:30,2016-07-30 09:31:30,,,,"{'Magmortar': 1, 'Lapras': 1, 'Mismagius': 1, 'Aggron': 1, 'Blaziken': 1, 'Ampharos': 1}"
roleplay47054,[Gen 4] UU,8,3,5,2017-04-18 06:06:59,2024-04-14 16:40:15,,,,"{'Moltres': 2, 'Mismagius': 3, 'Qwilfish': 3, 'Rhyperior': 2, 'Spiritomb': 3, 'Blastoise': 1, 'Clefable': 1, 'Arcanine': 1, 'Venusaur': 4, 'Donphan': 2, 'Hitmontop': 1, 'Regirock': 3, 'Mesprit': 2, 'Entei': 2, 'Azumarill': 1, 'Kabutops': 1, 'Miltank': 1, 'Uxie': 1, 'Blaziken': 1, 'Drapion': 1, 'Exeggutor': 1, 'Skuntank': 1, 'Lanturn': 1, 'Glalie': 1, 'Drifblim': 1, 'Typhlosion': 1, 'Feraligatr': 1, 'Ambipom': 1, 'Milotic': 1, 'Swellow': 1, 'Registeel': 1}"
roleplay65363,[Gen 4] UU,1,1,0,2015-12-27 20:27:45,2015-12-27 20:27:45,,,,"{'Mismagius': 1, 'Qwilfish': 1, 'Torterra': 1, 'Clefable': 1, 'Registeel': 1, 'Arcanine': 1}"
roleplay92997,[Gen 4] UU,1,1,0,2024-03-23 05:12:40,2024-03-23 05:12:40,1017.0,1017.0,[1017.0],"{'Mesprit': 1, 'Kabutops': 1, 'Dugtrio': 1, 'Arcanine': 1, 'Swellow': 1, 'Leafeon': 1}"
rollingkick16856,[Gen 4] UU,2,2,0,2020-07-07 18:43:00,2020-07-07 20:17:25,,,,"{'Milotic': 1, 'Azumarill': 1, 'Spiritomb': 1, 'Clefable': 1, 'Registeel': 1, 'Leafeon': 1, 'Tangrowth': 1, 'Chansey': 1, 'Arcanine': 1, 'Regirock': 1}"
rollingkick63381,[Gen 4] UU,1,0,1,2018-03-20 13:12:30,2018-03-20 13:12:30,,,,"{'Scyther': 1, 'Sharpedo': 1, 'Altaria': 1, 'Kangaskhan': 1, 'Omastar': 1, 'Nidoking': 1}"
rollout22384,[Gen 4] UU,2,1,1,2023-02-04 19:26:18,2023-02-04 19:37:42,,,,"{'Mesprit': 1, 'Kabutops': 1, 'Dugtrio': 1, 'Arcanine': 1, 'Swellow': 1, 'Leafeon': 1, 'Kangaskhan': 1, 'Mismagius': 1, 'Omastar': 1, 'Spiritomb': 1, 'Alakazam': 1}"
rollout38875,[Gen 4] UU,1,0,1,2020-04-27 23:57:30,2020-04-27 23:57:30,,,,"{'Electrode': 1, 'Azumarill': 1, 'Venusaur': 1, 'Spiritomb': 1, 'Girafarig': 1, 'Magmar': 1}"
rollout59266,[Gen 4] UU,1,0,1,2024-03-01 02:29:00,2024-03-01 02:29:00,,,,"{'Kangaskhan': 1, 'Mismagius': 1, 'Omastar': 1, 'Uxie': 1, 'Blaziken': 1, 'Venusaur': 1}"
rollout70228,[Gen 4] UU,3,1,2,2021-07-23 18:21:41,2021-07-23 18:42:03,,,,"{'Scyther': 1, 'Toxicroak': 2, 'Torterra': 1, 'Regirock': 1, 'Houndoom': 1, 'Blastoise': 1, 'Milotic': 1, 'Dugtrio': 1, 'Registeel': 1, 'Uxie': 1, 'Swellow': 1, 'Leafeon': 1, 'Mesprit': 1, 'Mismagius': 1, 'Omastar': 1, 'Clefable': 1, 'Blaziken': 1}"
rollout83407,[Gen 4] UU,2,2,0,2020-07-01 23:01:47,2020-07-19 11:14:56,,,,"{'Omastar': 2, 'Rotom': 2, 'Dugtrio': 2, 'Clefable': 2, 'Venusaur': 2}"
roost21859,[Gen 4] UU,1,0,1,2024-03-20 20:08:46,2024-03-20 20:08:46,1085.0,1085.0,[1085.0],"{'Mismagius': 1, 'Nidoqueen': 1, 'Clefable': 1, 'Registeel': 1, 'Uxie': 1, 'Donphan': 1}"
roost96706,[Gen 4] UU,6,2,4,2015-01-03 21:21:41,2015-04-16 20:52:32,,,,"{'Meganium': 1, 'Sandslash': 2, 'Regirock': 1, 'Dusclops': 1, 'Slowking': 1, 'Lickilicky': 1, 'Moltres': 4, 'Scyther': 4, 'Torterra': 4, 'Kabutops': 4, 'Lanturn': 4, 'Registeel': 4, 'Charizard': 1, 'Vileplume': 1, 'Floatzel': 1, 'Skuntank': 1, 'Gardevoir': 1}"
roseincense87591,[Gen 4] UU,3,1,2,2019-10-26 12:05:15,2020-03-14 15:27:31,1000.0,1000.0,[1000.0],"{'Exeggutor': 2, 'Torkoal': 2, 'Houndoom': 2, 'Uxie': 3, 'Leafeon': 2, 'Blaziken': 1, 'Mismagius': 1, 'Nidoking': 1, 'Rotom': 1, 'Swellow': 1}"
roselia29969,[Gen 4] UU,1,1,0,2015-04-23 13:21:15,2015-04-23 13:21:15,,,,"{'Cloyster': 1, 'Slowbro': 1, 'Steelix': 1, 'Rotom': 1, 'Chansey': 1, 'Venusaur': 1}"
roselia49439,[Gen 4] UU,1,0,1,2017-11-19 16:41:09,2017-11-19 16:41:09,,,,"{'Milotic': 1, 'Mismagius': 1, 'Registeel': 1, 'Houndoom': 1, 'Primeape': 1, 'Venusaur': 1}"
roselia55691,[Gen 4] UU,1,0,1,2024-03-10 17:35:21,2024-03-10 17:35:21,1179.0,1179.0,[1179.0],"{'Omastar': 1, 'Hitmontop': 1, 'Spiritomb': 1, 'Clefable': 1, 'Arcanine': 1, 'Venusaur': 1}"
roselia78792,[Gen 4] UU,1,1,0,2016-06-10 02:22:49,2016-06-10 02:22:49,,,,"{'Absol': 1, 'Omastar': 1, 'Swellow': 1, 'Arcanine': 1, 'Ambipom': 1}"
roserade26740,[Gen 4] UU,2,2,0,2017-04-03 05:53:59,2017-04-03 05:57:32,,,,"{'Omastar': 1, 'Venusaur': 1, 'Rotom': 2, 'Houndoom': 1, 'Swellow': 1, 'Qwilfish': 1, 'Torterra': 1, 'Kangaskhan': 1}"
roserade4169,[Gen 4] UU,1,1,0,2017-07-16 07:51:55,2017-07-16 07:51:55,,,,"{'Gabite': 1, 'Armaldo': 1, 'Poliwrath': 1, 'Muk': 1, 'Metang': 1, 'Articuno': 1}"
roserade61444,[Gen 4] UU,1,0,1,2019-10-15 16:27:16,2019-10-15 16:27:16,,,,"{'Moltres': 1, 'Milotic': 1, 'Aggron': 1, 'Magneton': 1, 'Dugtrio': 1, 'Feraligatr': 1}"
rotom15770,[Gen 4] UU,2,1,1,2018-02-05 01:11:03,2024-04-21 18:41:07,,,,"{'Mismagius': 2, 'Regirock': 1, 'Skuntank': 1, 'Clefable': 1, 'Blaziken': 1, 'Glalie': 1, 'Sceptile': 1, 'Kabutops': 1, 'Registeel': 1, 'Arcanine': 1, 'Donphan': 1}"
rotomfan35023,[Gen 4] UU,3,1,2,2024-12-02 00:10:58,2024-12-02 00:37:13,,,,"{'Hariyama': 2, 'Qwilfish': 2, 'Registeel': 2, 'Rotom': 1, 'Houndoom': 3, 'Leafeon': 1, 'Mismagius': 2, 'Rhyperior': 1, 'Uxie': 1, 'Venusaur': 2, 'Milotic': 1}"
rotomfan64192,[Gen 4] UU,1,0,1,2025-02-10 03:03:38,2025-02-10 03:03:38,,,,"{'Milotic': 1, 'Mismagius': 1, 'Houndoom': 1, 'Registeel': 1, 'Primeape': 1, 'Venusaur': 1}"
rotomheat59933,[Gen 4] UU,1,0,1,2024-03-21 23:04:32,2024-03-21 23:04:32,1081.0,1081.0,[1081.0],"{'Milotic': 1, 'Blaziken': 1, 'Houndoom': 1, 'Uxie': 1, 'Venusaur': 1}"
rotommow76995,[Gen 4] UU,3,1,2,2017-07-05 22:13:52,2017-07-22 17:08:28,,,,"{'Charizard': 1, 'Regirock': 2, 'Hitmonchan': 1, 'Jumpluff': 1, 'Manectric': 2, 'Slowking': 2, 'Politoed': 1, 'Sharpedo': 1, 'Magneton': 1, 'Typhlosion': 1, 'Haunter': 2, 'Piloswine': 1, 'Tauros': 1, 'Jynx': 1}"
rotomwash21975,[Gen 4] UU,3,3,0,2018-01-19 14:45:52,2018-01-19 19:16:57,,,,"{'Bibarel': 2, 'Gligar': 2, 'Rotom': 2, 'Hippopotas': 2, 'Cradily': 2, 'Snover': 1, 'Milotic': 1, 'Walrein': 1, 'Spiritomb': 1, 'Registeel': 1, 'Donphan': 1}"
rotomwash69126,[Gen 4] UU,1,0,1,2025-03-09 18:20:33,2025-03-09 18:20:33,,,,"{'Kangaskhan': 1, 'Mismagius': 1, 'Omastar': 1, 'Spiritomb': 1, 'Alakazam': 1}"
rowapberry44766,[Gen 4] UU,16,10,6,2018-11-11 23:58:58,2019-11-05 02:27:37,,,,"{'Scyther': 2, 'Toxicroak': 3, 'Torterra': 2, 'Regirock': 3, 'Houndoom': 2, 'Blastoise': 3, 'Aggron': 1, 'Uxie': 8, 'Arcanine': 6, 'Swellow': 5, 'Leafeon': 3, 'Moltres': 3, 'Milotic': 4, 'Hitmonlee': 2, 'Clefable': 1, 'Registeel': 6, 'Venusaur': 8, 'Blaziken': 2, 'Rhyperior': 2, 'Claydol': 1, 'Feraligatr': 1, 'Drapion': 1, 'Kabutops': 5, 'Mismagius': 2, 'Qwilfish': 2, 'Alakazam': 2, 'Dugtrio': 2, 'Altaria': 1, 'Entei': 1, 'Rotom': 1, 'Steelix': 1, 'Electrode': 1, 'Ludicolo': 1, 'Ursaring': 1}"
rowapberry76837,[Gen 4] UU,1,1,0,2020-05-20 18:35:13,2020-05-20 18:35:13,,,,"{'Scyther': 1, 'Armaldo': 1, 'Bellossom': 1, 'Swellow': 1, 'Drapion': 1, 'Ambipom': 1}"
rowapberry8164,[Gen 4] UU,126,62,64,2014-07-03 07:51:14,2019-07-15 01:14:13,,,,"{'Mismagius': 8, 'Hitmontop': 18, 'Steelix': 6, 'Miltank': 3, 'Arcanine': 8, 'Venusaur': 14, 'Ursaring': 4, 'Omastar': 23, 'Rotom': 17, 'Swellow': 16, 'Blaziken': 7, 'Alakazam': 11, 'Milotic': 21, 'Toxicroak': 6, 'Torterra': 12, 'Houndoom': 12, 'Aggron': 2, 'Clefable': 5, 'Magmortar': 17, 'Meganium': 18, 'Dodrio': 10, 'Golem': 11, 'Slowking': 20, 'Drifblim': 8, 'Cloyster': 2, 'Tauros': 13, 'Medicham': 14, 'Jynx': 10, 'Probopass': 9, 'Qwilfish': 2, 'Electrode': 7, 'Mesprit': 5, 'Azumarill': 6, 'Kabutops': 14, 'Dugtrio': 15, 'Scyther': 8, 'Sceptile': 8, 'Rhyperior': 15, 'Kangaskhan': 2, 'Slowbro': 2, 'Drapion': 6, 'Primeape': 6, 'Leafeon': 7, 'Ambipom': 4, 'Pidgeot': 1, 'Kecleon': 1, 'Exploud': 1, 'Stantler': 1, 'Purugly': 2, 'Slaking': 7, 'Wormadam-Trash': 3, 'Staryu': 3, 'Dusclops': 1, 'Lickilicky': 5, 'Glalie': 8, 'Articuno': 4, 'Snover': 5, 'Nidoqueen': 9, 'Walrein': 3, 'Chansey': 4, 'Registeel': 12, 'Altaria': 2, 'Feraligatr': 4, 'Vileplume': 12, 'Charizard': 9, 'Sandslash': 8, 'Floatzel': 6, 'Skuntank': 8, 'Gardevoir': 4, 'Camerupt': 3, 'Banette': 3, 'Regirock': 7, 'Machoke': 5, 'Rampardos': 2, 'Magneton': 3, 'Hypno': 4, 'Moltres': 1, 'Spiritomb': 2, 'Blastoise': 1, 'Ninetales': 6, 'Manectric': 5, 'Lapras': 6, 'Hitmonchan': 5, 'Sneasel': 5, 'Haunter': 1, 'Cacturne': 2, 'Hippopotas': 1, 'Cradily': 3, 'Porygon2': 1, 'Marowak': 2, 'Solrock': 1, 'Muk': 3, 'Ludicolo': 7, 'Uxie': 12, 'Politoed': 1, 'Xatu': 1, 'Shiftry': 2, 'Tangrowth': 4, 'Kingler': 3, 'Bellossom': 7, 'Rhydon': 3, 'Gastrodon': 4, 'Gligar': 2, 'Grumpig': 1, 'Mantine': 2, 'Gorebyss': 3, 'Kadabra': 2, 'Relicanth': 4, 'Fearow': 2, 'Regice': 1, 'Weezing': 1, 'Huntail': 1, 'Parasect': 1, 'Lopunny': 1, 'Regigigas': 2, 'Misdreavus': 2, 'Absol': 1, 'Nidoking': 1, 'Armaldo': 2, 'Monferno': 2, 'Poliwrath': 1, 'Raichu': 1, 'Golbat': 1, 'Linoone': 1, 'Metang': 1}"
rowapberry81823,[Gen 4] UU,5,2,3,2019-05-01 23:27:44,2020-05-24 18:34:59,,,,"{'Ludicolo': 4, 'Toxicroak': 5, 'Kabutops': 5, 'Dugtrio': 5, 'Registeel': 4, 'Uxie': 5}"
rowapberry90721,[Gen 4] UU,8,3,5,2023-08-25 00:21:43,2024-05-26 14:47:08,,,,"{'Ludicolo': 2, 'Kabutops': 2, 'Dugtrio': 8, 'Espeon': 3, 'Registeel': 2, 'Ambipom': 5, 'Scyther': 2, 'Torterra': 5, 'Poliwrath': 1, 'Blastoise': 6, 'Shuckle': 2, 'Shedinja': 3, 'Qwilfish': 3, 'Mesprit': 1, 'Mismagius': 1, 'Houndoom': 1, 'Leafeon': 1}"
rowapberry91349,[Gen 4] UU,1,1,0,2018-11-04 20:00:54,2018-11-04 20:00:54,,,,"{'Pinsir': 1, 'Medicham': 1, 'Poliwrath': 1, 'Skuntank': 1, 'Gardevoir': 1}"
runaway1238,[Gen 4] UU,5,2,3,2016-10-26 22:49:58,2017-11-25 19:59:51,,,,"{'Mesprit': 1, 'Kabutops': 1, 'Dugtrio': 3, 'Arcanine': 1, 'Swellow': 2, 'Leafeon': 1, 'Milotic': 1, 'Rhyperior': 1, 'Toxicroak': 1, 'Jynx': 1, 'Clefable': 1, 'Feraligatr': 1, 'Moltres': 2, 'Rotom': 3, 'Registeel': 2, 'Venusaur': 2, 'Blastoise': 2, 'Ursaring': 1, 'Omastar': 1, 'Alakazam': 1, 'Blaziken': 1}"
runaway59045,[Gen 4] UU,2,0,2,2015-01-24 18:16:33,2015-01-24 18:24:50,,,,"{'Politoed': 2, 'Magmortar': 2, 'Magneton': 2, 'Haunter': 2, 'Jynx': 2, 'Piloswine': 2}"
runaway84626,[Gen 4] UU,2,1,1,2019-04-22 03:07:33,2019-05-19 10:40:03,,,,"{'Scyther': 1, 'Omastar': 1, 'Hitmontop': 1, 'Azumarill': 1, 'Spiritomb': 1, 'Arcanine': 1, 'Moltres': 1, 'Milotic': 1, 'Aggron': 1, 'Clefable': 1, 'Venusaur': 1, 'Donphan': 1}"
runaway88669,[Gen 4] UU,9,0,9,2024-03-13 01:19:20,2024-04-24 16:21:49,1046.0,1046.0,[1046.0],"{'Mismagius': 5, 'Slowbro': 1, 'Toxicroak': 1, 'Torterra': 2, 'Hitmontop': 1, 'Houndoom': 1, 'Charizard': 1, 'Qwilfish': 2, 'Spiritomb': 1, 'Probopass': 1, 'Donphan': 1, 'Cloyster': 1, 'Absol': 1, 'Gligar': 1, 'Entei': 3, 'Venusaur': 2, 'Swellow': 2, 'Moltres': 2, 'Yanmega': 1, 'Ludicolo': 1, 'Claydol': 2, 'Dusknoir': 1, 'Beedrill': 2, 'Kabutops': 3, 'Altaria': 2, 'Steelix': 1, 'Leafeon': 2, 'Sharpedo': 1, 'Tauros': 1, 'Registeel': 1, 'Xatu': 1, 'Omastar': 1, 'Sneasel': 1, 'Lanturn': 1, 'Blaziken': 1, 'Mesprit': 1, 'Haunter': 1}"
sableye23273,[Gen 4] UU,1,1,0,2015-04-23 13:14:09,2015-04-23 13:14:09,,,,"{'Moltres': 1, 'Milotic': 1, 'Venusaur': 1, 'Registeel': 1, 'Swellow': 1, 'Donphan': 1}"
sableye78730,[Gen 4] UU,2,0,2,2016-11-22 02:49:14,2017-08-16 02:11:18,,,,"{'Altaria': 1, 'Aron': 1, 'Cloyster': 2, 'Exeggutor': 1, 'Chansey': 1, 'Dugtrio': 2, 'Torterra': 1, 'Rattata': 1, 'Lanturn': 1, 'Alakazam': 1}"
sableye84719,[Gen 4] UU,1,1,0,2024-03-18 18:20:42,2024-03-18 18:20:42,1087.0,1087.0,[1087.0],"{'Moltres': 1, 'Claydol': 1, 'Mismagius': 1, 'Rhyperior': 1, 'Venusaur': 1, 'Ambipom': 1}"
sacredfire231,[Gen 4] UU,3,0,3,2024-06-08 21:07:27,2024-06-23 02:49:32,,,,"{'Mesprit': 1, 'Azumarill': 1, 'Registeel': 2, 'Houndoom': 1, 'Venusaur': 2, 'Donphan': 1, 'Sharpedo': 1, 'Toxicroak': 1, 'Uxie': 2, 'Leafeon': 1, 'Blaziken': 1, 'Mismagius': 1, 'Omastar': 1, 'Clefable': 1}"
safariball30401,[Gen 4] UU,22,12,10,2015-04-22 20:38:45,2018-05-20 17:10:10,,,,"{'Moltres': 6, 'Milotic': 3, 'Hitmontop': 2, 'Rotom': 1, 'Uxie': 1, 'Venusaur': 7, 'Tauros': 4, 'Nidoqueen': 2, 'Hitmonchan': 2, 'Muk': 1, 'Slowking': 6, 'Registeel': 5, 'Swellow': 2, 'Donphan': 4, 'Glalie': 4, 'Victreebel': 3, 'Misdreavus': 4, 'Scyther': 1, 'Dugtrio': 1, 'Blastoise': 1, 'Charizard': 5, 'Floatzel': 2, 'Skuntank': 1, 'Medicham': 2, 'Sandslash': 2, 'Manectric': 4, 'Cradily': 4, 'Sableye': 1, 'Metang': 1, 'Gastrodon': 1, 'Tangela': 1, 'Golbat': 1, 'Shiftry': 1, 'Typhlosion': 3, 'Regirock': 2, 'Persian': 1, 'Altaria': 2, 'Omastar': 2, 'Gligar': 3, 'Delibird': 1, 'Mantine': 1, 'Dodrio': 1, 'Politoed': 1, 'Haunter': 2, 'Sharpedo': 2, 'Lapras': 1, 'Luxray': 1, 'Gardevoir': 2, 'Corsola': 1, 'Golduck': 1, 'Machoke': 2, 'Rhydon': 1, 'Venomoth': 2, 'Vileplume': 2, 'Magneton': 1, 'Grumpig': 2, 'Electrode': 1, 'Steelix': 1}"
safeguard40437,[Gen 4] UU,1,0,1,2023-12-27 03:09:57,2023-12-27 03:09:57,,,,"{'Exeggutor': 1, 'Hitmontop': 1, 'Rhyperior': 1, 'Spiritomb': 1, 'Drapion': 1}"
safeguard52597,[Gen 4] UU,2,1,1,2024-01-12 15:46:06,2024-01-12 16:01:25,,,,"{'Mismagius': 2, 'Sceptile': 2, 'Kabutops': 2, 'Registeel': 2, 'Arcanine': 2, 'Donphan': 2}"
safeguard69817,[Gen 4] UU,1,0,1,2016-12-08 04:21:36,2016-12-08 04:21:36,,,,"{'Ludicolo': 1, 'Electrode': 1, 'Kabutops': 1, 'Dugtrio': 1, 'Registeel': 1, 'Uxie': 1}"
safeguard77765,[Gen 4] UU,1,1,0,2017-01-25 04:43:53,2017-01-25 04:43:53,,,,"{'Moltres': 1, 'Steelix': 1, 'Rotom': 1, 'Drapion': 1, 'Venusaur': 1, 'Blastoise': 1}"
safeguard80684,[Gen 4] UU,6,5,1,2016-12-31 21:43:02,2017-02-10 19:34:08,,,,"{'Milotic': 1, 'Aggron': 1, 'Kabutops': 6, 'Hitmonlee': 1, 'Uxie': 1, 'Venusaur': 1, 'Cloyster': 5, 'Rotom': 4, 'Spiritomb': 5, 'Blaziken': 5, 'Arcanine': 4}"
salacberry20611,[Gen 4] UU,1,0,1,2020-03-03 01:02:04,2020-03-03 01:02:04,,,,"{'Gorebyss': 1, 'Ludicolo': 1, 'Toxicroak': 1, 'Kabutops': 1, 'Dugtrio': 1, 'Uxie': 1}"
salamence27578,[Gen 4] UU,1,0,1,2018-05-13 15:34:06,2018-05-13 15:34:06,,,,"{'Exeggutor': 1, 'Absol': 1, 'Mismagius': 1, 'Omastar': 1, 'Kabutops': 1, 'Registeel': 1}"
salamence54259,[Gen 4] UU,2,2,0,2024-08-10 00:25:53,2024-08-10 00:49:08,,,,"{'Ludicolo': 2, 'Omastar': 2, 'Qwilfish': 2, 'Registeel': 2, 'Uxie': 2, 'Kabutops': 1}"
sandslash36805,[Gen 4] UU,1,0,1,2020-01-17 02:05:46,2020-01-17 02:05:46,,,,"{'Snover': 1, 'Walrein': 1, 'Spiritomb': 1, 'Registeel': 1, 'Slowking': 1, 'Donphan': 1}"
sandstorm11000,[Gen 4] UU,1,1,0,2018-08-02 21:03:12,2018-08-02 21:03:12,,,,"{'Sceptile': 1, 'Hitmonlee': 1, 'Clefable': 1, 'Blaziken': 1, 'Alakazam': 1, 'Blastoise': 1}"
sandstorm31134,[Gen 4] UU,1,0,1,2024-03-31 05:28:55,2024-03-31 05:28:55,1051.0,1051.0,[1051.0],"{'Milotic': 1, 'Mismagius': 1, 'Houndoom': 1, 'Registeel': 1, 'Venusaur': 1}"
sandstorm53898,[Gen 4] UU,1,1,0,2019-06-27 02:01:45,2019-06-27 02:01:45,,,,"{'Aggron': 1, 'Houndoom': 1, 'Rotom': 1, 'Feraligatr': 1, 'Uxie': 1}"
sandstorm87119,[Gen 4] UU,1,0,1,2020-05-29 01:27:05,2020-05-29 01:27:05,,,,"{'Tangrowth': 1, 'Mismagius': 1, 'Toxicroak': 1, 'Rhyperior': 1, 'Feraligatr': 1, 'Alakazam': 1}"
sandstream27632,[Gen 4] UU,2,1,1,2019-05-23 00:42:09,2019-05-27 12:02:12,,,,"{'Entei': 1, 'Regirock': 1, 'Hitmonlee': 1, 'Feraligatr': 1, 'Drapion': 1, 'Venusaur': 1, 'Mismagius': 1, 'Hitmontop': 1, 'Toxicroak': 1, 'Torterra': 1, 'Houndoom': 1, 'Slowking': 1}"
sandstream46386,[Gen 4] UU,6,4,2,2017-11-26 16:35:51,2018-01-27 20:56:41,,,,"{'Milotic': 2, 'Omastar': 2, 'Hitmontop': 1, 'Weezing': 1, 'Chansey': 1, 'Spiritomb': 2, 'Wormadam-Trash': 1, 'Banette': 1, 'Monferno': 1, 'Bellossom': 1, 'Purugly': 1, 'Gastrodon': 1, 'Scyther': 1, 'Dugtrio': 2, 'Registeel': 1, 'Venusaur': 2, 'Blastoise': 1, 'Rotom': 2, 'Skuntank': 1, 'Uxie': 1, 'Tauros': 1, 'Haunter': 1, 'Regirock': 1, 'Jynx': 1, 'Manectric': 1, 'Slowking': 1, 'Hariyama': 1, 'Clefable': 1, 'Houndoom': 1}"
sandstream86720,[Gen 4] UU,1,0,1,2024-03-02 08:00:35,2024-03-02 08:00:35,1039.0,1039.0,[1039.0],"{'Mesprit': 1, 'Kabutops': 1, 'Dugtrio': 1, 'Arcanine': 1, 'Swellow': 1, 'Leafeon': 1}"
sandtomb16641,[Gen 4] UU,3,0,3,2020-07-16 17:17:39,2020-07-18 09:36:51,1029.0,1029.0,[1029.0],"{'Tangrowth': 2, 'Milotic': 3, 'Claydol': 3, 'Rotom': 3, 'Swellow': 2, 'Alakazam': 3, 'Spiritomb': 1, 'Ambipom': 1}"
sandtomb56593,[Gen 4] UU,1,1,0,2020-04-09 20:33:02,2020-04-09 20:33:02,,,,"{'Scyther': 1, 'Milotic': 1, 'Rotom': 1, 'Registeel': 1, 'Arcanine': 1, 'Donphan': 1}"
sandtomb77959,[Gen 4] UU,1,1,0,2020-07-01 22:13:37,2020-07-01 22:13:37,,,,"{'Milotic': 1, 'Absol': 1, 'Rhyperior': 1, 'Alakazam': 1, 'Blaziken': 1, 'Venusaur': 1}"
sandveil30699,[Gen 4] UU,2,0,2,2016-05-24 22:52:08,2016-05-24 22:57:04,,,,"{'Lunatone': 1, 'Floatzel': 1, 'Dragonair': 1, 'Pikachu': 1, 'Relicanth': 1, 'Ampharos': 1, 'Meganium': 1, 'Entei': 1, 'Nidoqueen': 1, 'Marowak': 1, 'Lopunny': 1, 'Fearow': 1}"
sandveil40910,[Gen 4] UU,5,1,4,2017-11-12 21:40:16,2022-07-09 16:18:30,,,,"{'Tauros': 1, 'Haunter': 1, 'Manectric': 1, 'Rhydon': 1, 'Glalie': 1, 'Drifblim': 1, 'Mismagius': 2, 'Alakazam': 1, 'Registeel': 2, 'Blaziken': 1, 'Venusaur': 3, 'Blastoise': 1, 'Rhyperior': 1, 'Azumarill': 1, 'Houndoom': 1, 'Uxie': 1, 'Primeape': 1, 'Sceptile': 1, 'Qwilfish': 1, 'Clefable': 1, 'Arcanine': 1, 'Donphan': 2, 'Moltres': 1, 'Milotic': 1, 'Rotom': 1}"
sandveil87527,[Gen 4] UU,17,9,8,2017-12-23 17:55:45,2020-03-22 19:04:39,,,,"{'Machoke': 2, 'Poliwrath': 3, 'Cacturne': 2, 'Rhydon': 3, 'Misdreavus': 8, 'Golbat': 10, 'Wartortle': 7, 'Piloswine': 9, 'Yanma': 2, 'Monferno': 10, 'Gligar': 2, 'Murkrow': 6, 'Vigoroth': 2, 'Seadra': 4, 'Metang': 4, 'Roselia': 4, 'Kadabra': 3, 'Grotle': 1, 'Lairon': 1, 'Poliwhirl': 1, 'Tentacool': 1, 'Hippopotas': 1, 'Zangoose': 1, 'Lickilicky': 1, 'Articuno': 1, 'Mismagius': 1, 'Kabutops': 1, 'Miltank': 1, 'Uxie': 1, 'Blaziken': 1, 'Drapion': 1, 'Cranidos': 2, 'Marshtomp': 1, 'Grovyle': 1}"
scaryface472,[Gen 4] UU,5,3,2,2018-04-26 20:13:57,2019-03-10 11:55:07,,,,"{'Jynx': 2, 'Milotic': 3, 'Rhyperior': 2, 'Toxicroak': 2, 'Mismagius': 3, 'Houndoom': 1, 'Registeel': 3, 'Primeape': 1, 'Venusaur': 1, 'Sceptile': 2, 'Kabutops': 2, 'Arcanine': 2, 'Donphan': 2, 'Clefable': 1}"
scaryface7821,[Gen 4] UU,1,1,0,2019-04-26 02:15:59,2019-04-26 02:15:59,,,,"{'Milotic': 1, 'Omastar': 1, 'Hitmontop': 1, 'Weezing': 1, 'Spiritomb': 1, 'Clefable': 1}"
sceptile16414,[Gen 4] UU,1,0,1,2018-12-09 22:03:02,2018-12-09 22:03:02,,,,"{'Hitmontop': 1, 'Feraligatr': 1, 'Rhyperior': 1, 'Swellow': 1, 'Houndoom': 1, 'Venusaur': 1}"
sceptile30575,[Gen 4] UU,33,16,17,2015-04-24 19:32:12,2017-08-27 20:00:36,,,,"{'Mesprit': 6, 'Mismagius': 9, 'Rhyperior': 10, 'Poliwrath': 7, 'Blaziken': 6, 'Venusaur': 6, 'Typhlosion': 1, 'Regirock': 2, 'Hitmonchan': 1, 'Skuntank': 1, 'Jumpluff': 1, 'Slowking': 11, 'Kangaskhan': 3, 'Torterra': 3, 'Dugtrio': 4, 'Feraligatr': 6, 'Drapion': 3, 'Venomoth': 1, 'Shiftry': 5, 'Tauros': 12, 'Medicham': 7, 'Magmortar': 4, 'Electrode': 4, 'Golem': 4, 'Jynx': 8, 'Gligar': 8, 'Sandslash': 11, 'Magneton': 6, 'Grumpig': 6, 'Charizard': 5, 'Dodrio': 4, 'Milotic': 4, 'Toxicroak': 5, 'Clefable': 4, 'Exeggutor': 1, 'Omastar': 1, 'Rotom': 1, 'Houndoom': 2, 'Swellow': 2, 'Nidoking': 1, 'Blastoise': 1, 'Leafeon': 1}"
sceptile31116,[Gen 4] UU,1,1,0,2023-12-15 19:17:24,2023-12-15 19:17:24,,,,"{'Exeggutor': 1, 'Mesprit': 1, 'Porygon2': 1, 'Rhyperior': 1, 'Clamperl': 1, 'Slowking': 1}"
scopelens41894,[Gen 4] UU,1,0,1,2017-04-01 02:58:49,2017-04-01 02:58:49,,,,"{'Absol': 1, 'Ninetales': 1, 'Claydol': 1, 'Poliwrath': 1, 'Lanturn': 1, 'Swellow': 1}"
scopelens90277,[Gen 4] UU,10,4,6,2016-01-18 17:08:24,2017-01-11 00:38:19,,,,"{'Lunatone': 2, 'Kecleon': 2, 'Cacturne': 3, 'Marowak': 2, 'Solrock': 2, 'Clamperl': 1, 'Magmortar': 2, 'Meganium': 2, 'Tauros': 2, 'Medicham': 1, 'Jynx': 1, 'Probopass': 1, 'Skorupi': 1, 'Poliwrath': 1, 'Purugly': 1, 'Rhydon': 3, 'Tangela': 1, 'Gastly': 1, 'Mesprit': 1, 'Kangaskhan': 1, 'Lanturn': 1, 'Registeel': 1, 'Arcanine': 1, 'Moltres': 1, 'Mismagius': 1, 'Torterra': 1, 'Drapion': 1, 'Primeape': 1, 'Blastoise': 1, 'Machoke': 2, 'Rapidash': 2, 'Quagsire': 2, 'Slaking': 2, 'Dodrio': 1, 'Golem': 1, 'Slowking': 2, 'Drifblim': 1, 'Vileplume': 1, 'Regirock': 1, 'Hitmonchan': 1, 'Manectric': 1}"
scopelens90498,[Gen 4] UU,1,0,1,2024-06-09 03:52:36,2024-06-09 03:52:36,,,,"{'Moltres': 1, 'Mesprit': 1, 'Torterra': 1, 'Kabutops': 1, 'Regirock': 1, 'Lanturn': 1}"
scrappy61986,[Gen 4] UU,4,1,3,2016-06-01 14:46:25,2016-06-09 16:11:05,,,,"{'Shiftry': 2, 'Typhlosion': 3, 'Regirock': 2, 'Victreebel': 2, 'Persian': 2, 'Manectric': 2, 'Charizard': 1, 'Floatzel': 2, 'Nidoqueen': 1, 'Hitmonchan': 1, 'Skuntank': 1, 'Slowking': 1, 'Tauros': 1, 'Cradily': 1, 'Grumpig': 1, 'Misdreavus': 1}"
scratch46579,[Gen 4] UU,9,6,3,2016-05-22 09:23:31,2017-01-22 05:13:06,,,,"{'Typhlosion': 2, 'Nidoqueen': 4, 'Hitmonchan': 3, 'Skuntank': 2, 'Slowking': 4, 'Gardevoir': 3, 'Moltres': 3, 'Mismagius': 1, 'Rhyperior': 1, 'Registeel': 1, 'Venusaur': 2, 'Blastoise': 1, 'Tauros': 3, 'Floatzel': 2, 'Muk': 3, 'Aggron': 2, 'Donphan': 2, 'Milotic': 1, 'Clefable': 1, 'Venomoth': 1, 'Gligar': 1, 'Magneton': 1, 'Haunter': 1, 'Poliwrath': 1}"
scratch58699,[Gen 4] UU,1,0,1,2021-07-01 17:03:15,2021-07-01 17:03:15,,,,"{'Qwilfish': 1, 'Rhyperior': 1, 'Rotom': 1, 'Registeel': 1, 'Arcanine': 1, 'Leafeon': 1}"
scratch64809,[Gen 4] UU,1,0,1,2020-03-07 01:20:25,2020-03-07 01:20:25,,,,"{'Milotic': 1, 'Chansey': 1, 'Dugtrio': 1, 'Registeel': 1, 'Blaziken': 1, 'Venusaur': 1}"
screech13925,[Gen 4] UU,1,0,1,2020-03-30 21:29:45,2020-03-30 21:29:45,,,,"{'Blaziken': 1, 'Mismagius': 1, 'Kabutops': 1, 'Miltank': 1, 'Uxie': 1, 'Drapion': 1}"
screech39873,[Gen 4] UU,1,0,1,2022-09-17 19:26:58,2022-09-17 19:26:58,,,,"{'Toxicroak': 1, 'Dugtrio': 1, 'Clefable': 1, 'Registeel': 1, 'Uxie': 1, 'Slowking': 1}"
screech4752,[Gen 4] UU,10,8,2,2022-09-17 18:18:43,2025-05-23 14:24:33,,,,"{'Toxicroak': 2, 'Dugtrio': 3, 'Clefable': 6, 'Registeel': 5, 'Uxie': 4, 'Slowking': 3, 'Mismagius': 4, 'Omastar': 2, 'Alakazam': 2, 'Primeape': 2, 'Venusaur': 7, 'Qwilfish': 3, 'Regirock': 2, 'Hitmonlee': 2, 'Moltres': 1, 'Milotic': 2, 'Hitmontop': 1, 'Rotom': 2, 'Entei': 1, 'Blastoise': 1, 'Blaziken': 1, 'Houndoom': 1}"
screech7860,[Gen 4] UU,3,0,3,2020-07-19 10:09:55,2021-11-08 12:27:21,,,,"{'Cloyster': 1, 'Kangaskhan': 1, 'Mismagius': 1, 'Lanturn': 1, 'Registeel': 1, 'Venusaur': 1, 'Moltres': 1, 'Claydol': 1, 'Skuntank': 1, 'Victreebel': 1, 'Uxie': 1, 'Leafeon': 1, 'Snover': 1, 'Altaria': 1, 'Nidoqueen': 1, 'Walrein': 1, 'Glaceon': 1}"
scyther72517,[Gen 4] UU,1,0,1,2021-07-11 11:22:04,2021-07-11 11:22:04,,,,"{'Milotic': 1, 'Mismagius': 1, 'Torterra': 1, 'Registeel': 1, 'Uxie': 1, 'Drapion': 1}"
scyther87156,[Gen 4] UU,3,1,2,2017-06-05 00:44:02,2017-06-05 01:11:02,,,,"{'Electabuzz': 1, 'Dragonair': 1, 'Pelipper': 1, 'Victreebel': 1, 'Metang': 2, 'Misdreavus': 3, 'Monferno': 1, 'Poliwrath': 2, 'Purugly': 1, 'Golbat': 2, 'Machoke': 1, 'Cacturne': 1, 'Rhydon': 1}"
scyther92883,[Gen 4] UU,1,1,0,2014-08-11 08:44:12,2014-08-11 08:44:12,,,,"{'Mismagius': 1, 'Sceptile': 1, 'Azumarill': 1, 'Blaziken': 1, 'Ambipom': 1, 'Donphan': 1}"
seadra42409,[Gen 4] UU,3,0,3,2016-06-29 20:59:24,2016-07-13 09:30:39,,,,"{'Scyther': 2, 'Milotic': 2, 'Sceptile': 2, 'Hitmontop': 2, 'Rhyperior': 2, 'Magmortar': 1, 'Meganium': 1, 'Tauros': 1, 'Medicham': 1, 'Jynx': 1, 'Probopass': 1, 'Altaria': 1}"
seaincense46284,[Gen 4] UU,3,2,1,2016-12-04 02:42:30,2016-12-04 02:51:24,,,,"{'Sandslash': 2, 'Regirock': 3, 'Muk': 3, 'Pikachu': 3, 'Slowking': 3, 'Shuckle': 3}"
seaincense51985,[Gen 4] UU,2,2,0,2024-02-09 23:20:39,2024-03-03 22:42:21,,,,"{'Moltres': 1, 'Clefable': 1, 'Slowking': 1, 'Drapion': 2, 'Donphan': 1, 'Glalie': 1, 'Mismagius': 1}"
seaking24495,[Gen 4] UU,1,0,1,2020-03-08 02:41:32,2020-03-08 02:41:32,,,,"{'Ludicolo': 1, 'Toxicroak': 1, 'Kabutops': 1, 'Dugtrio': 1, 'Registeel': 1, 'Uxie': 1}"
seaking35914,[Gen 4] UU,1,1,0,2016-05-01 20:10:58,2016-05-01 20:10:58,,,,"{'Wailord': 1, 'Gligar': 1, 'Regirock': 1, 'Hitmonchan': 1, 'Lickilicky': 1, 'Roselia': 1}"
seaking91213,[Gen 4] UU,2,2,0,2015-01-01 21:56:36,2015-01-01 22:01:43,,,,"{'Slowking': 2, 'Meganium': 2, 'Nidoqueen': 2, 'Magmortar': 1, 'Manectric': 1}"
sealeo32551,[Gen 4] UU,3,1,2,2018-01-22 23:06:00,2018-01-22 23:10:29,,,,"{'Cloyster': 3, 'Claydol': 3, 'Sceptile': 3, 'Entei': 3, 'Azumarill': 3, 'Clefable': 3}"
sealeo47126,[Gen 4] UU,36,22,14,2021-08-15 15:15:08,2025-05-24 13:29:26,,,,"{'Mismagius': 14, 'Qwilfish': 4, 'Venusaur': 17, 'Regirock': 1, 'Clefable': 8, 'Alakazam': 3, 'Altaria': 3, 'Dugtrio': 4, 'Registeel': 18, 'Drapion': 3, 'Ambipom': 5, 'Blastoise': 7, 'Moltres': 2, 'Milotic': 10, 'Donphan': 3, 'Entei': 3, 'Rhyperior': 6, 'Skuntank': 3, 'Kangaskhan': 3, 'Omastar': 2, 'Torterra': 7, 'Spiritomb': 1, 'Blaziken': 6, 'Drifblim': 1, 'Weezing': 4, 'Steelix': 3, 'Scyther': 2, 'Feraligatr': 3, 'Arcanine': 3, 'Gligar': 1, 'Cacturne': 1, 'Rotom': 5, 'Hippopotas': 1, 'Cradily': 1, 'Houndoom': 5, 'Azumarill': 2, 'Uxie': 8, 'Mesprit': 4, 'Hariyama': 3, 'Kabutops': 2, 'Tangrowth': 1, 'Aggron': 1, 'Medicham': 1, 'Miltank': 1, 'Slowking': 1, 'Toxicroak': 5, 'Walrein': 2, 'Linoone': 2, 'Swellow': 2, 'Primeape': 2, 'Sceptile': 1, 'Hitmonlee': 2, 'Camerupt': 1, 'Exeggutor': 2, 'Leafeon': 2, 'Absol': 1}"
secretpower34653,[Gen 4] UU,1,0,1,2020-07-01 15:54:07,2020-07-01 15:54:07,,,,"{'Ludicolo': 1, 'Toxicroak': 1, 'Gastrodon-East': 1, 'Kabutops': 1, 'Spiritomb': 1, 'Registeel': 1}"
secretpower42360,[Gen 4] UU,2,2,0,2017-06-10 17:44:02,2023-12-19 19:49:26,,,,"{'Milotic': 1, 'Mismagius': 1, 'Dugtrio': 1, 'Registeel': 1, 'Uxie': 1, 'Venusaur': 1, 'Rapidash': 1, 'Onix': 1, 'Victreebel': 1, 'Metang': 1, 'Purugly': 1, 'Tangela': 1}"
secretpower8600,[Gen 4] UU,1,1,0,2016-05-28 20:26:29,2016-05-28 20:26:29,,,,"{'Absol': 1, 'Staravia': 1, 'Blaziken': 1, 'Arcanine': 1, 'Ambipom': 1, 'Ampharos': 1}"
seedbomb35442,[Gen 4] UU,1,0,1,2017-04-03 07:12:03,2017-04-03 07:12:03,,,,"{'Sceptile': 1, 'Rhyperior': 1, 'Kabutops': 1, 'Chansey': 1, 'Dugtrio': 1, 'Drapion': 1}"
seedbomb90824,[Gen 4] UU,1,0,1,2016-05-29 13:01:47,2016-05-29 13:01:47,,,,"{'Scyther': 1, 'Mesprit': 1, 'Chansey': 1, 'Primeape': 1, 'Venusaur': 1, 'Blastoise': 1}"
seedflare81285,[Gen 4] UU,31,16,15,2020-04-19 06:17:40,2024-03-15 22:12:15,,,,"{'Kangaskhan': 3, 'Mismagius': 15, 'Omastar': 2, 'Spiritomb': 5, 'Blaziken': 10, 'Moltres': 5, 'Sceptile': 5, 'Rhyperior': 10, 'Toxicroak': 2, 'Houndoom': 9, 'Blastoise': 6, 'Milotic': 2, 'Drapion': 4, 'Venusaur': 16, 'Rotom': 2, 'Donphan': 2, 'Primeape': 2, 'Mesprit': 4, 'Skuntank': 3, 'Arcanine': 5, 'Qwilfish': 6, 'Torterra': 4, 'Uxie': 8, 'Clefable': 6, 'Kabutops': 5, 'Dugtrio': 7, 'Swellow': 5, 'Leafeon': 4, 'Absol': 3, 'Alakazam': 5, 'Miltank': 1, 'Registeel': 2, 'Entei': 1, 'Steelix': 2, 'Exeggutor': 1, 'Scyther': 1, 'Azumarill': 1, 'Feraligatr': 1, 'Altaria': 1, 'Hitmontop': 1, 'Lanturn': 1}"
seedot27543,[Gen 4] UU,1,0,1,2020-05-17 06:24:10,2020-05-17 06:24:10,,,,"{'Charizard': 1, 'Onix': 1, 'Weezing': 1, 'Magikarp': 1, 'Raichu': 1, 'Blastoise': 1}"
seedot88254,[Gen 4] UU,2,0,2,2024-03-17 15:15:42,2024-03-17 15:24:25,,,,"{'Ludicolo': 1, 'Toxicroak': 1, 'Kabutops': 1, 'Registeel': 1, 'Uxie': 1, 'Mismagius': 1, 'Qwilfish': 1, 'Clefable': 1, 'Arcanine': 1, 'Alakazam': 1, 'Leafeon': 1}"
seel32608,[Gen 4] UU,1,1,0,2020-03-28 13:45:46,2020-03-28 13:45:46,,,,"{'Moltres': 1, 'Toxicroak': 1, 'Feraligatr': 1, 'Uxie': 1, 'Venusaur': 1, 'Donphan': 1}"
seel56663,[Gen 4] UU,1,0,1,2018-03-30 04:56:54,2018-03-30 04:56:54,,,,"{'Mesprit': 1, 'Kabutops': 1, 'Dugtrio': 1, 'Arcanine': 1, 'Swellow': 1, 'Leafeon': 1}"
seel59276,[Gen 4] UU,3,0,3,2024-03-20 17:18:41,2024-03-31 02:22:22,1096.0,1107.0,"[1096.0, 1103.0, 1107.0]","{'Milotic': 1, 'Mismagius': 1, 'Hitmontop': 1, 'Steelix': 1, 'Registeel': 2, 'Alakazam': 1, 'Swellow': 1, 'Hitmonlee': 1, 'Moltres': 1, 'Sceptile': 1, 'Nidoqueen': 1, 'Spiritomb': 1, 'Clefable': 1, 'Blastoise': 1}"
seel91542,[Gen 4] UU,1,0,1,2017-03-11 23:31:19,2017-03-11 23:31:19,,,,"{'Altaria': 1, 'Regice': 1, 'Typhlosion': 1, 'Miltank': 1, 'Registeel': 1, 'Regigigas': 1}"
seismictoss61042,[Gen 4] UU,2,0,2,2019-09-08 11:06:46,2020-03-02 22:17:17,1041.0,1041.0,[1041.0],"{'Milotic': 1, 'Kangaskhan': 1, 'Qwilfish': 1, 'Dugtrio': 1, 'Arcanine': 1, 'Venusaur': 2, 'Scyther': 1, 'Slowbro': 1, 'Toxicroak': 1, 'Chansey': 1, 'Feraligatr': 1}"
seismictoss66497,[Gen 4] UU,2,0,2,2016-10-17 15:06:30,2016-10-17 15:08:25,,,,"{'Moltres': 2, 'Sceptile': 1, 'Toxicroak': 1, 'Regirock': 1, 'Quagsire': 1, 'Swellow': 1, 'Rotom': 1, 'Dugtrio': 1, 'Registeel': 1, 'Venusaur': 1, 'Blastoise': 1}"
selfdestruct62760,[Gen 4] UU,8,2,6,2014-07-24 23:41:19,2015-05-17 20:14:45,,,,"{'Aggron': 1, 'Nidoking': 1, 'Alakazam': 1, 'Feraligatr': 1, 'Arcanine': 1, 'Venusaur': 1, 'Magmortar': 1, 'Regirock': 5, 'Skuntank': 6, 'Jumpluff': 1, 'Manectric': 3, 'Slowking': 6, 'Gligar': 1, 'Medicham': 1, 'Cacturne': 1, 'Muk': 1, 'Hippopotas': 1, 'Haunter': 3, 'Roselia': 2, 'Sandslash': 2, 'Magneton': 2, 'Typhlosion': 3, 'Jynx': 2, 'Tauros': 1}"
selfdestruct82088,[Gen 4] UU,1,1,0,2017-05-05 14:11:05,2017-05-05 14:11:05,1000.0,1000.0,[1000.0],"{'Altaria': 1, 'Rhyperior': 1, 'Rotom': 1, 'Blaziken': 1, 'Venusaur': 1, 'Blastoise': 1}"
sentret31486,[Gen 4] UU,2,2,0,2017-02-03 17:34:49,2017-02-03 17:42:47,,,,"{'Scyther': 1, 'Rhyperior': 1, 'Rotom': 1, 'Clefable': 1, 'Arcanine': 1, 'Blastoise': 1, 'Sceptile': 1, 'Drapion': 1, 'Slowbro': 1, 'Dugtrio': 1, 'Registeel': 1, 'Glaceon': 1}"
sentret62567,[Gen 4] UU,1,0,1,2015-05-09 20:22:09,2015-05-09 20:22:09,,,,"{'Charizard': 1, 'Tauros': 1, 'Floatzel': 1, 'Nidoqueen': 1, 'Gardevoir': 1}"
sentret96673,[Gen 4] UU,2,0,2,2017-11-04 21:50:00,2017-11-04 21:59:26,,,,"{'Snover': 2, 'Hitmontop': 1, 'Nidoqueen': 2, 'Walrein': 2, 'Chansey': 1, 'Registeel': 1, 'Hitmonchan': 1, 'Hypno': 1, 'Lickilicky': 1}"
serenegrace4874,[Gen 4] UU,105,43,62,2016-07-28 21:39:02,2018-09-23 21:50:24,,,,"{'Charizard': 5, 'Magneton': 5, 'Regirock': 5, 'Hitmonchan': 3, 'Crawdaunt': 3, 'Slowking': 26, 'Omastar': 33, 'Electrode': 18, 'Rotom': 45, 'Dugtrio': 23, 'Houndoom': 34, 'Venusaur': 41, 'Altaria': 7, 'Exeggutor': 9, 'Mismagius': 13, 'Registeel': 33, 'Swellow': 12, 'Magmortar': 2, 'Shiftry': 2, 'Golem': 2, 'Jynx': 8, 'Hariyama': 17, 'Tauros': 2, 'Azumarill': 8, 'Blaziken': 9, 'Milotic': 26, 'Qwilfish': 20, 'Medicham': 2, 'Nidoqueen': 2, 'Haunter': 3, 'Skuntank': 2, 'Relicanth': 2, 'Toxicroak': 15, 'Rhyperior': 5, 'Clefable': 6, 'Feraligatr': 5, 'Moltres': 9, 'Scyther': 5, 'Kabutops': 3, 'Donphan': 9, 'Ursaring': 9, 'Aggron': 5, 'Torterra': 3, 'Sceptile': 17, 'Raichu': 11, 'Hitmontop': 4, 'Chansey': 2, 'Spiritomb': 6, 'Steelix': 1, 'Drapion': 2, 'Ludicolo': 2, 'Uxie': 2, 'Alakazam': 2, 'Mesprit': 5, 'Absol': 4, 'Weezing': 2, 'Sandslash': 2, 'Typhlosion': 1, 'Walrein': 1, 'Jumpluff': 1, 'Arcanine': 3, 'Leafeon': 3, 'Manectric': 1, 'Glalie': 1, 'Ambipom': 1, 'Espeon': 1}"
seviper24460,[Gen 4] UU,3,1,2,2024-12-09 02:10:32,2024-12-09 02:34:12,,,,"{'Scyther': 1, 'Milotic': 2, 'Houndoom': 1, 'Primeape': 1, 'Swellow': 1, 'Donphan': 1, 'Mesprit': 1, 'Sceptile': 1, 'Hitmontop': 1, 'Kabutops': 1, 'Alakazam': 1, 'Spiritomb': 1, 'Clefable': 1, 'Registeel': 1, 'Arcanine': 1, 'Venusaur': 1}"
shadowball51527,[Gen 4] UU,3,0,3,2017-11-08 18:51:39,2017-11-08 19:25:41,,,,"{'Golduck': 1, 'Machoke': 1, 'Solrock': 1, 'Linoone': 1, 'Raichu': 1, 'Misdreavus': 1, 'Tauros': 1, 'Floatzel': 1, 'Nidoqueen': 1, 'Hitmonchan': 1, 'Muk': 1, 'Slowking': 1, 'Moltres': 1, 'Mismagius': 1, 'Qwilfish': 1, 'Rhyperior': 1, 'Spiritomb': 1, 'Blastoise': 1}"
shadowclaw36167,[Gen 4] UU,4,1,3,2020-06-06 20:06:01,2020-06-12 00:09:55,,,,"{'Milotic': 3, 'Hariyama': 3, 'Kangaskhan': 3, 'Houndoom': 3, 'Ambipom': 3, 'Leafeon': 3, 'Absol': 1, 'Mismagius': 1, 'Venusaur': 1, 'Clefable': 1, 'Blaziken': 1, 'Alakazam': 1}"
shadowclaw51134,[Gen 4] UU,77,42,35,2015-01-02 21:00:19,2023-09-28 01:07:07,,,,"{'Venomoth': 6, 'Gligar': 1, 'Magneton': 2, 'Poliwrath': 15, 'Haunter': 9, 'Gardevoir': 13, 'Hitmonchan': 24, 'Regirock': 15, 'Slowking': 24, 'Drifblim': 6, 'Tauros': 12, 'Floatzel': 8, 'Nidoqueen': 24, 'Muk': 9, 'Sceptile': 11, 'Qwilfish': 3, 'Rotom': 10, 'Registeel': 6, 'Drapion': 1, 'Cacturne': 11, 'Manectric': 7, 'Typhlosion': 11, 'Dodrio': 8, 'Skuntank': 13, 'Camerupt': 4, 'Omanyte': 1, 'Quagsire': 1, 'Glaceon': 1, 'Gastly': 1, 'Slaking': 1, 'Milotic': 3, 'Dugtrio': 5, 'Uxie': 6, 'Swellow': 1, 'Leafeon': 7, 'Charizard': 3, 'Blaziken': 13, 'Toxicroak': 9, 'Rhyperior': 13, 'Spiritomb': 24, 'Scyther': 14, 'Mesprit': 15, 'Feraligatr': 13, 'Arcanine': 15, 'Donphan': 15, 'Azumarill': 6, 'Golduck': 1, 'Armaldo': 1, 'Dusclops': 1, 'Articuno': 1, 'Ninetales': 3, 'Alakazam': 2, 'Venusaur': 1, 'Blastoise': 1, 'Mismagius': 1, 'Steelix': 1, 'Vileplume': 1, 'Sandslash': 1, 'Cloyster': 1, 'Moltres': 1}"
shadowforce35361,[Gen 4] UU,2,1,1,2017-01-16 02:38:25,2017-01-16 02:52:12,,,,"{'Moltres': 1, 'Altaria': 1, 'Omastar': 1, 'Registeel': 1, 'Venusaur': 2, 'Donphan': 1, 'Claydol': 1, 'Aggron': 1, 'Swellow': 1, 'Houndoom': 1, 'Blastoise': 1}"
shadowforce42591,[Gen 4] UU,1,0,1,2015-03-18 19:14:09,2015-03-18 19:14:09,,,,"{'Moltres': 1, 'Mismagius': 1, 'Qwilfish': 1, 'Rhyperior': 1, 'Spiritomb': 1, 'Blastoise': 1}"
shadowforce90219,[Gen 4] UU,1,1,0,2018-09-21 19:01:05,2018-09-21 19:01:05,,,,"{'Moltres': 1, 'Scyther': 1, 'Milotic': 1, 'Mismagius': 1, 'Blaziken': 1, 'Donphan': 1}"
shadowforce967,[Gen 4] UU,11,5,6,2022-07-30 19:43:28,2023-09-15 15:21:51,,,,"{'Kangaskhan': 1, 'Qwilfish': 8, 'Torterra': 3, 'Spiritomb': 8, 'Hitmonlee': 4, 'Blaziken': 1, 'Mismagius': 3, 'Pinsir': 1, 'Houndoom': 4, 'Leafeon': 4, 'Registeel': 6, 'Dugtrio': 4, 'Alakazam': 5, 'Primeape': 1, 'Hippopotas': 1, 'Milotic': 3, 'Omastar': 3, 'Absol': 1, 'Entei': 2, 'Clefable': 1}"
shadowpunch23969,[Gen 4] UU,1,0,1,2022-04-14 21:50:12,2022-04-14 21:50:12,,,,"{'Kangaskhan': 1, 'Sceptile': 1, 'Qwilfish': 1, 'Weezing': 1, 'Uxie': 1, 'Blastoise': 1}"
shadowpunch79383,[Gen 4] UU,1,0,1,2024-05-09 02:28:31,2024-05-09 02:28:31,,,,"{'Mesprit': 1, 'Mismagius': 1, 'Houndoom': 1, 'Kabutops': 1, 'Registeel': 1, 'Venusaur': 1}"
shadowsneak30,[Gen 4] UU,4,1,3,2022-06-19 21:58:05,2022-11-04 18:13:53,,,,"{'Exeggutor': 2, 'Mismagius': 2, 'Qwilfish': 2, 'Rhyperior': 2, 'Rotom': 2, 'Houndoom': 2, 'Ludicolo': 1, 'Toxicroak': 1, 'Kabutops': 1, 'Dugtrio': 1, 'Registeel': 2, 'Uxie': 1, 'Ursaring': 1, 'Scyther': 1, 'Spiritomb': 1, 'Hitmonlee': 1, 'Slowking': 1}"
shadowsneak30786,[Gen 4] UU,1,0,1,2016-05-23 02:28:48,2016-05-23 02:28:48,,,,"{'Ursaring': 1, 'Raticate': 1, 'Steelix': 1, 'Uxie': 1, 'Swellow': 1, 'Blastoise': 1}"
shadowsneak61654,[Gen 4] UU,3,1,2,2017-04-25 02:58:52,2017-04-25 03:42:29,,,,"{'Cacturne': 3, 'Pelipper': 2, 'Rapidash': 2, 'Drifblim': 2, 'Golduck': 1, 'Muk': 1, 'Relicanth': 1, 'Misdreavus': 1, 'Metang': 1, 'Electabuzz': 1}"
shadowtag15581,[Gen 4] UU,1,0,1,2020-03-15 11:13:36,2020-03-15 11:13:36,1000.0,1000.0,[1000.0],"{'Hariyama': 1, 'Azumarill': 1, 'Venusaur': 1, 'Chansey': 1, 'Registeel': 1, 'Alakazam': 1}"
shadowtag53416,[Gen 4] UU,2,2,0,2021-07-26 01:25:34,2021-07-26 01:32:08,,,,"{'Cloyster': 1, 'Toxicroak': 1, 'Azumarill': 1, 'Regirock': 1, 'Rotom': 1, 'Spiritomb': 1, 'Moltres': 1, 'Torterra': 1, 'Kabutops': 1, 'Poliwrath': 1, 'Drapion': 1, 'Ambipom': 1}"
shadowtag56886,[Gen 4] UU,1,1,0,2020-03-01 19:12:22,2020-03-01 19:12:22,,,,"{'Milotic': 1, 'Mismagius': 1, 'Registeel': 1, 'Houndoom': 1, 'Primeape': 1, 'Venusaur': 1}"
sharpbeak24626,[Gen 4] UU,1,1,0,2017-05-03 02:02:31,2017-05-03 02:02:31,,,,"{'Rhydon': 1, 'Muk': 1, 'Machoke': 1, 'Drifblim': 1}"
sharpbeak37931,[Gen 4] UU,1,1,0,2015-11-18 20:01:16,2015-11-18 20:01:16,,,,"{'Mismagius': 1, 'Drapion': 1, 'Ambipom': 1, 'Steelix': 1}"
sharpbeak6746,[Gen 4] UU,1,0,1,2019-04-14 21:09:21,2019-04-14 21:09:21,,,,"{'Milotic': 1, 'Absol': 1, 'Rhyperior': 1, 'Alakazam': 1, 'Blaziken': 1, 'Venusaur': 1}"
sharpbeak82029,[Gen 4] UU,1,0,1,2019-07-26 02:25:51,2019-07-26 02:25:51,,,,"{'Milotic': 1, 'Mismagius': 1, 'Houndoom': 1, 'Registeel': 1, 'Primeape': 1, 'Venusaur': 1}"
sharpedo96453,[Gen 4] UU,40,16,24,2016-07-28 21:18:32,2022-04-10 20:43:45,,,,"{'Exeggutor': 11, 'Mesprit': 17, 'Slowbro': 6, 'Rhyperior': 6, 'Azumarill': 21, 'Marowak': 6, 'Moltres': 10, 'Toxicroak': 5, 'Rotom': 18, 'Donphan': 16, 'Scyther': 2, 'Qwilfish': 2, 'Torterra': 1, 'Kabutops': 1, 'Houndoom': 2, 'Blaziken': 12, 'Drapion': 6, 'Venusaur': 11, 'Milotic': 13, 'Mismagius': 1, 'Omastar': 10, 'Hitmontop': 3, 'Weezing': 3, 'Chansey': 7, 'Registeel': 4, 'Leafeon': 1, 'Clefable': 6, 'Spiritomb': 10, 'Altaria': 5, 'Roselia': 5, 'Sceptile': 1, 'Tauros': 2, 'Claydol': 1, 'Muk': 1, 'Aggron': 2, 'Machoke': 1, 'Regirock': 1, 'Dodrio': 1, 'Skuntank': 1, 'Slowking': 1}"
sharpen36011,[Gen 4] UU,3,2,1,2018-02-17 03:19:14,2018-02-17 04:02:59,,,,"{'Moltres': 3, 'Milotic': 2, 'Aggron': 2, 'Clefable': 2, 'Venusaur': 2, 'Donphan': 3}"
sharpen54458,[Gen 4] UU,2,0,2,2022-03-12 20:42:12,2022-03-12 20:51:56,,,,"{'Exeggutor': 1, 'Omastar': 1, 'Toxicroak': 1, 'Azumarill': 1, 'Rotom': 2, 'Houndoom': 1, 'Moltres': 1, 'Regirock': 1, 'Drapion': 1, 'Blastoise': 1, 'Leafeon': 1}"
shayminsky72036,[Gen 4] UU,1,1,0,2024-03-11 17:21:58,2024-03-11 17:21:58,,,,"{'Moltres': 1, 'Venusaur': 1, 'Lanturn': 1, 'Spiritomb': 1, 'Ambipom': 1, 'Donphan': 1}"
shayminsky77630,[Gen 4] UU,1,0,1,2019-05-02 23:31:50,2019-05-02 23:31:50,,,,"{'Lapras': 1, 'Mismagius': 1, 'Golem': 1, 'Hypno': 1, 'Arcanine': 1, 'Venusaur': 1}"
shedinja23618,[Gen 4] UU,1,0,1,2024-03-02 17:21:45,2024-03-02 17:21:45,1048.0,1048.0,[1048.0],"{'Scyther': 1, 'Nidoqueen': 1, 'Omastar': 1, 'Walrein': 1}"
shedinja7430,[Gen 4] UU,1,1,0,2017-11-12 17:04:53,2017-11-12 17:04:53,,,,"{'Absol': 1, 'Ninetales': 1, 'Claydol': 1, 'Poliwrath': 1, 'Lanturn': 1, 'Swellow': 1}"
shedinja88926,[Gen 4] UU,12,5,7,2015-04-26 05:30:04,2019-05-02 23:31:50,,,,"{'Scyther': 5, 'Rotom': 9, 'Registeel': 5, 'Arcanine': 4, 'Donphan': 4, 'Altaria': 3, 'Milotic': 7, 'Steelix': 3, 'Drapion': 3, 'Venusaur': 4, 'Gabite': 2, 'Vileplume': 2, 'Charizard': 2, 'Probopass': 2, 'Slowking': 2, 'Glalie': 2, 'Sceptile': 1, 'Qwilfish': 1, 'Houndoom': 1, 'Moltres': 1, 'Omastar': 1, 'Chansey': 1, 'Spiritomb': 1, 'Blastoise': 1}"
shedshell11209,[Gen 4] UU,1,0,1,2025-02-09 01:17:00,2025-02-09 01:17:00,,,,"{'Mismagius': 1, 'Sceptile': 1, 'Kabutops': 1, 'Registeel': 1, 'Arcanine': 1, 'Donphan': 1}"
shedshell36643,[Gen 4] UU,2,2,0,2019-09-27 01:55:37,2019-09-27 02:04:03,,,,"{'Milotic': 2, 'Toxicroak': 2, 'Rhyperior': 1, 'Jynx': 2, 'Clefable': 1, 'Feraligatr': 1}"
shedshell56165,[Gen 4] UU,1,0,1,2024-01-20 04:19:46,2024-01-20 04:19:46,,,,"{'Parasect': 1, 'Gardevoir': 1, 'Lanturn': 1, 'Magcargo': 1}"
shedshell98931,[Gen 4] UU,8,4,4,2024-01-13 16:33:28,2024-06-16 17:19:15,,,,"{'Uxie': 4, 'Blaziken': 3, 'Weezing': 2, 'Clefable': 4, 'Rhyperior': 1, 'Feraligatr': 1, 'Registeel': 4, 'Venusaur': 5, 'Mismagius': 3, 'Qwilfish': 2, 'Arcanine': 1, 'Donphan': 2, 'Leafeon': 2, 'Torterra': 1, 'Rotom': 1, 'Houndoom': 4, 'Azumarill': 2, 'Medicham': 1, 'Kabutops': 2, 'Primeape': 1}"
shedskin46831,[Gen 4] UU,1,0,1,2016-07-21 00:58:24,2016-07-21 00:58:24,,,,"{'Absol': 1, 'Slowbro': 1, 'Dugtrio': 1, 'Registeel': 1, 'Blaziken': 1, 'Venusaur': 1}"
shedskin7013,[Gen 4] UU,4,1,3,2020-03-20 00:22:42,2020-03-27 19:01:04,,,,"{'Kangaskhan': 3, 'Blaziken': 3, 'Mismagius': 4, 'Uxie': 4, 'Venusaur': 4, 'Blastoise': 3}"
shedskin90077,[Gen 4] UU,1,0,1,2020-08-05 03:24:41,2020-08-05 03:24:41,,,,"{'Moltres': 1, 'Milotic': 1, 'Luxray': 1, 'Kabutops': 1, 'Alakazam': 1, 'Leafeon': 1}"
shedskin97012,[Gen 4] UU,1,0,1,2020-04-16 00:11:12,2020-04-16 00:11:12,,,,"{'Milotic': 1, 'Mesprit': 1, 'Mismagius': 1, 'Registeel': 1, 'Ambipom': 1, 'Leafeon': 1}"
shelgon1052,[Gen 4] UU,1,0,1,2018-11-18 22:36:36,2018-11-18 22:36:36,,,,"{'Moltres': 1, 'Milotic': 1, 'Aggron': 1, 'Clefable': 1, 'Venusaur': 1, 'Donphan': 1}"
shelgon65699,[Gen 4] UU,1,1,0,2023-04-21 23:38:48,2023-04-21 23:38:48,,,,"{'Sceptile': 1, 'Qwilfish': 1, 'Houndoom': 1, 'Registeel': 1, 'Drifblim': 1}"
shelgon74846,[Gen 4] UU,1,1,0,2024-03-04 18:43:25,2024-03-04 18:43:25,1000.0,1000.0,[1000.0],"{'Altaria': 1, 'Pinsir': 1, 'Venusaur': 1, 'Rotom': 1, 'Blaziken': 1, 'Ambipom': 1}"
shellarmor50285,[Gen 4] UU,1,1,0,2023-04-04 03:59:57,2023-04-04 03:59:57,,,,"{'Milotic': 1, 'Entei': 1, 'Nidoqueen': 1, 'Steelix': 1, 'Clefable': 1}"
shellarmor82319,[Gen 4] UU,1,0,1,2025-02-09 01:05:09,2025-02-09 01:05:09,,,,"{'Absol': 1, 'Ludicolo': 1, 'Aggron': 1, 'Alakazam': 1, 'Arcanine': 1, 'Swellow': 1}"
shellarmor86175,[Gen 4] UU,1,1,0,2020-03-18 16:26:09,2020-03-18 16:26:09,,,,"{'Aggron': 1, 'Alakazam': 1, 'Azumarill': 1}"
shellarmor97817,[Gen 4] UU,1,0,1,2019-12-23 03:22:23,2019-12-23 03:22:23,,,,"{'Milotic': 1, 'Mismagius': 1, 'Registeel': 1, 'Houndoom': 1, 'Primeape': 1, 'Venusaur': 1}"
shellbell40486,[Gen 4] UU,2,2,0,2021-08-25 03:06:22,2022-04-04 02:09:29,,,,"{'Porygon2': 1, 'Uxie': 1, 'Rhyperior': 1, 'Clamperl': 1, 'Sceptile': 1, 'Omastar': 1, 'Lanturn': 1, 'Houndoom': 1, 'Primeape': 1, 'Drifblim': 1}"
shellbell4785,[Gen 4] UU,5,1,4,2015-04-19 15:16:40,2016-05-27 18:39:40,,,,"{'Charizard': 4, 'Tauros': 3, 'Magneton': 2, 'Sandslash': 3, 'Floatzel': 2, 'Lickilicky': 3, 'Lapras': 1, 'Vileplume': 1, 'Hitmonchan': 1, 'Sneasel': 1, 'Regirock': 1, 'Rhydon': 1, 'Haunter': 1, 'Jynx': 1, 'Manectric': 1, 'Slowking': 1, 'Shiftry': 1, 'Gligar': 1, 'Typhlosion': 1}"
shellbell80973,[Gen 4] UU,2,1,1,2020-07-19 06:29:57,2020-07-20 02:33:19,1073.0,1135.0,"[1073.0, 1135.0]","{'Ursaring': 1, 'Mismagius': 1, 'Qwilfish': 1, 'Rotom': 1, 'Uxie': 1, 'Mesprit': 1, 'Kabutops': 1, 'Dugtrio': 1, 'Arcanine': 1, 'Swellow': 1}"
shellbell99211,[Gen 4] UU,1,1,0,2017-04-29 22:37:09,2017-04-29 22:37:09,,,,"{'Milotic': 1, 'Toxicroak': 1, 'Rhyperior': 1, 'Jynx': 1, 'Clefable': 1, 'Feraligatr': 1}"
shellder27616,[Gen 4] UU,2,0,2,2020-06-06 19:16:43,2020-06-06 19:27:19,,,,"{'Ludicolo': 2, 'Azumarill': 2, 'Alakazam': 2, 'Uxie': 1, 'Ambipom': 2, 'Leafeon': 1, 'Entei': 1, 'Donphan': 1}"
shellder873,[Gen 4] UU,2,1,1,2015-10-18 14:24:14,2015-10-18 14:24:52,,,,"{'Meganium': 1, 'Azumarill': 1, 'Nidoqueen': 1, 'Spiritomb': 1, 'Alakazam': 1, 'Delibird': 1, 'Blastoise': 1, 'Flareon': 1, 'Vileplume': 1, 'Vigoroth': 1}"
shellos21299,[Gen 4] UU,1,1,0,2019-03-31 08:16:38,2019-03-31 08:16:38,,,,"{'Lapras': 1, 'Torterra': 1, 'Rotom': 1, 'Drapion': 1, 'Donphan': 1}"
shellos34625,[Gen 4] UU,1,0,1,2015-04-16 21:18:06,2015-04-16 21:18:06,,,,"{'Mismagius': 1, 'Porygon2': 1, 'Rhyperior': 1, 'Torterra': 1, 'Slowking': 1, 'Drapion': 1}"
shellos37923,[Gen 4] UU,1,1,0,2014-07-14 03:26:06,2014-07-14 03:26:06,,,,"{'Charizard': 1, 'Nidoqueen': 1, 'Hitmonchan': 1, 'Cacturne': 1, 'Slowking': 1, 'Gardevoir': 1}"
shellos85687,[Gen 4] UU,1,1,0,2015-03-22 18:01:28,2015-03-22 18:01:28,,,,"{'Lunatone': 1, 'Aggron': 1, 'Lanturn': 1, 'Uxie': 1, 'Slowking': 1, 'Venusaur': 1}"
shielddust18997,[Gen 4] UU,4,2,2,2016-06-29 13:14:49,2017-08-12 13:45:00,,,,"{'Absol': 2, 'Lanturn': 2, 'Spiritomb': 2, 'Swellow': 2, 'Arcanine': 2, 'Ambipom': 2, 'Ludicolo': 1, 'Qwilfish': 1, 'Kabutops': 1, 'Rotom': 1, 'Dugtrio': 1, 'Uxie': 1, 'Lunatone': 1, 'Venomoth': 1, 'Butterfree': 1, 'Regice': 1, 'Crawdaunt': 1, 'Illumise': 1}"
shieldon83593,[Gen 4] UU,1,0,1,2018-04-29 22:57:35,2018-04-29 22:57:35,,,,"{'Mesprit': 1, 'Qwilfish': 1, 'Regirock': 1, 'Spiritomb': 1, 'Blaziken': 1, 'Leafeon': 1}"
shieldon93333,[Gen 4] UU,1,1,0,2020-08-23 11:13:32,2020-08-23 11:13:32,,,,"{'Mismagius': 1, 'Sceptile': 1, 'Kabutops': 1, 'Registeel': 1, 'Arcanine': 1, 'Donphan': 1}"
shiftry22663,[Gen 4] UU,1,1,0,2024-06-15 02:35:50,2024-06-15 02:35:50,,,,"{'Kangaskhan': 1, 'Mismagius': 1, 'Omastar': 1, 'Spiritomb': 1, 'Blaziken': 1, 'Alakazam': 1}"
shiftry75915,[Gen 4] UU,1,1,0,2023-04-29 15:15:06,2023-04-29 15:15:06,,,,"{'Milotic': 1, 'Mismagius': 1, 'Weezing': 1, 'Steelix': 1, 'Blaziken': 1, 'Venusaur': 1}"
shinx59840,[Gen 4] UU,1,0,1,2024-03-31 15:18:38,2024-03-31 15:18:38,,,,"{'Cloyster': 1, 'Exeggutor': 1, 'Electrode': 1, 'Skuntank': 1, 'Registeel': 1, 'Blaziken': 1}"
shinx90931,[Gen 4] UU,1,1,0,2020-03-13 01:19:21,2020-03-13 01:19:21,,,,"{'Kingler': 1, 'Torkoal': 1, 'Electrode': 1, 'Muk': 1, 'Ampharos': 1, 'Slaking': 1}"
shinystone44310,[Gen 4] UU,71,47,24,2020-08-05 22:34:14,2025-03-30 18:57:22,,,,"{'Blaziken': 8, 'Mismagius': 23, 'Clefable': 11, 'Registeel': 37, 'Slowking': 5, 'Leafeon': 10, 'Moltres': 7, 'Regirock': 3, 'Feraligatr': 10, 'Drapion': 3, 'Venusaur': 34, 'Donphan': 8, 'Omastar': 9, 'Kangaskhan': 4, 'Uxie': 29, 'Toxicroak': 10, 'Kabutops': 6, 'Rotom': 24, 'Primeape': 11, 'Blastoise': 6, 'Milotic': 20, 'Hariyama': 9, 'Houndoom': 22, 'Sharpedo': 4, 'Sceptile': 8, 'Qwilfish': 8, 'Hitmontop': 3, 'Torterra': 13, 'Entei': 4, 'Rhyperior': 9, 'Steelix': 4, 'Arcanine': 5, 'Alakazam': 3, 'Dugtrio': 2, 'Swellow': 5, 'Weezing': 5, 'Machoke': 1, 'Spiritomb': 4, 'Aggron': 3, 'Ambipom': 3, 'Mesprit': 5, 'Lanturn': 2, 'Scyther': 3, 'Miltank': 1, 'Hitmonlee': 1, 'Azumarill': 1, 'Drifblim': 1, 'Jynx': 1, 'Skuntank': 1, 'Snover': 1, 'Nidoqueen': 1, 'Walrein': 1, 'Chansey': 1, 'Venomoth': 1}"
shinystone48186,[Gen 4] UU,6,3,3,2017-02-22 19:19:55,2017-07-23 19:50:06,,,,"{'Milotic': 3, 'Meganium': 3, 'Aggron': 5, 'Nidoking': 4, 'Houndoom': 3, 'Alakazam': 3, 'Feraligatr': 1, 'Charizard': 1, 'Mismagius': 1, 'Dugtrio': 2, 'Venusaur': 2, 'Absol': 1, 'Rhyperior': 1, 'Azumarill': 1, 'Chansey': 1, 'Blaziken': 2, 'Blastoise': 1}"
shinystone85328,[Gen 4] UU,1,0,1,2017-08-05 18:47:26,2017-08-05 18:47:26,,,,"{'Mesprit': 1, 'Mismagius': 1, 'Omastar': 1, 'Toxicroak': 1, 'Clefable': 1, 'Blaziken': 1}"
shinystone93426,[Gen 4] UU,1,0,1,2023-07-23 22:02:14,2023-07-23 22:02:14,,,,"{'Rhyperior': 1, 'Azumarill': 1, 'Houndoom': 1, 'Uxie': 1, 'Primeape': 1, 'Venusaur': 1}"
shockwave12975,[Gen 4] UU,2,0,2,2022-06-18 14:35:54,2022-06-18 14:41:19,,,,"{'Venomoth': 1, 'Mesprit': 1, 'Dugtrio': 1, 'Feraligatr': 1, 'Swellow': 1, 'Donphan': 1, 'Mismagius': 1, 'Regice': 1, 'Regirock': 1, 'Skuntank': 1, 'Registeel': 1, 'Uxie': 1}"
shockwave4719,[Gen 4] UU,1,1,0,2016-04-14 12:19:39,2016-04-14 12:19:39,,,,{'Minun': 1}
shockwave59342,[Gen 4] UU,4,2,2,2017-01-13 01:41:07,2017-01-23 05:31:53,,,,"{'Scyther': 1, 'Lanturn': 1, 'Alakazam': 2, 'Venusaur': 1, 'Donphan': 1, 'Milotic': 1, 'Omastar': 1, 'Rotom': 1, 'Blaziken': 1, 'Leafeon': 2, 'Sceptile': 1, 'Rhyperior': 1, 'Uxie': 1, 'Swellow': 2, 'Blastoise': 1, 'Mesprit': 1, 'Kabutops': 1, 'Dugtrio': 1, 'Arcanine': 1}"
shockwave7724,[Gen 4] UU,1,0,1,2024-12-05 15:31:34,2024-12-05 15:31:34,,,,"{'Mismagius': 1, 'Sceptile': 1, 'Kabutops': 1, 'Registeel': 1, 'Arcanine': 1, 'Donphan': 1}"
shroomish11688,[Gen 4] UU,2,0,2,2018-09-11 22:48:06,2018-11-14 19:48:12,,,,"{'Vileplume': 1, 'Charizard': 1, 'Sandslash': 1, 'Floatzel': 1, 'Skuntank': 1, 'Gardevoir': 1, 'Mismagius': 1, 'Toxicroak': 1, 'Rhyperior': 1, 'Uxie': 1, 'Swellow': 1, 'Leafeon': 1}"
shroomish36243,[Gen 4] UU,1,0,1,2020-05-02 18:17:46,2020-05-02 18:17:46,,,,"{'Mesprit': 1, 'Azumarill': 1, 'Rotom': 1, 'Clefable': 1, 'Blaziken': 1, 'Venusaur': 1}"
shucaberry3841,[Gen 4] UU,2,0,2,2020-02-28 22:58:53,2020-02-28 23:08:00,,,,"{'Monferno': 2, 'Piloswine': 2, 'Murkrow': 2, 'Vigoroth': 1, 'Gastly': 1, 'Golbat': 1, 'Seadra': 1, 'Metang': 1, 'Roselia': 1}"
shucaberry64258,[Gen 4] UU,3,2,1,2017-01-17 18:49:06,2017-01-17 19:07:26,,,,"{'Ludicolo': 1, 'Electrode': 1, 'Kabutops': 1, 'Dugtrio': 2, 'Registeel': 1, 'Uxie': 3, 'Venusaur': 2, 'Omastar': 2, 'Hitmontop': 1, 'Rhyperior': 1}"
shuckle4514,[Gen 4] UU,8,8,0,2020-03-03 01:02:04,2020-03-29 14:41:04,1028.0,1241.0,"[1241.0, 1188.0, 1028.0]","{'Kangaskhan': 6, 'Qwilfish': 8, 'Torterra': 8, 'Rotom': 6, 'Slowking': 8, 'Primeape': 7}"
shuckle8631,[Gen 4] UU,1,0,1,2024-06-15 02:35:50,2024-06-15 02:35:50,,,,"{'Scyther': 1, 'Toxicroak': 1, 'Torterra': 1, 'Regirock': 1, 'Houndoom': 1, 'Blastoise': 1}"
shuppet42114,[Gen 4] UU,3,1,2,2018-06-16 16:22:48,2018-06-16 16:37:50,,,,"{'Milotic': 1, 'Hitmontop': 2, 'Clefable': 1, 'Registeel': 3, 'Arcanine': 1, 'Venusaur': 1, 'Moltres': 1, 'Omastar': 1, 'Spiritomb': 1, 'Leafeon': 1, 'Ludicolo': 1, 'Electrode': 1, 'Toxicroak': 1, 'Kabutops': 1, 'Uxie': 1}"
shuppet67140,[Gen 4] UU,1,0,1,2016-07-16 01:44:53,2016-07-16 01:44:53,,,,"{'Rapidash': 1, 'Omastar': 1, 'Sandslash': 1, 'Hitmonchan': 1, 'Muk': 1, 'Raichu': 1}"
signalbeam22758,[Gen 4] UU,1,0,1,2015-03-23 02:45:15,2015-03-23 02:45:15,,,,"{'Moltres': 1, 'Mismagius': 1, 'Qwilfish': 1, 'Rhyperior': 1, 'Spiritomb': 1, 'Blastoise': 1}"
signalbeam68637,[Gen 4] UU,1,0,1,2024-12-03 15:58:17,2024-12-03 15:58:17,,,,"{'Kangaskhan': 1, 'Mismagius': 1, 'Omastar': 1, 'Spiritomb': 1, 'Blaziken': 1, 'Alakazam': 1}"
silkscarf42714,[Gen 4] UU,2,2,0,2016-03-08 18:47:22,2016-08-20 15:51:56,,,,"{'Ursaring': 1, 'Rotom': 1, 'Blaziken': 1, 'Omastar': 1, 'Uxie': 1, 'Electrode': 1, 'Kabutops': 1}"
silverpowder63836,[Gen 4] UU,1,1,0,2020-07-04 00:52:17,2020-07-04 00:52:17,,,,"{'Claydol': 1, 'Torterra': 1, 'Spiritomb': 1, 'Registeel': 1, 'Arcanine': 1, 'Blastoise': 1}"
silverwind39021,[Gen 4] UU,2,0,2,2020-05-16 16:41:59,2020-05-20 16:25:13,,,,"{'Ludicolo': 1, 'Electrode': 1, 'Kabutops': 1, 'Dugtrio': 1, 'Registeel': 2, 'Uxie': 1, 'Snover': 1, 'Mesprit': 1, 'Walrein': 1, 'Rotom': 1, 'Clefable': 1}"
silverwind92093,[Gen 4] UU,2,2,0,2017-06-06 18:55:13,2017-06-06 19:00:39,,,,"{'Metang': 2, 'Sableye': 1, 'Glalie': 1, 'Gastrodon': 2, 'Tangela': 1, 'Golbat': 2, 'Gabite': 1, 'Kadabra': 1, 'Electabuzz': 1}"
simple52933,[Gen 4] UU,2,1,1,2014-08-09 17:03:44,2014-08-10 09:02:37,,,,"{'Milotic': 2, 'Hitmontop': 2, 'Rotom': 1, 'Registeel': 2, 'Arcanine': 1, 'Venusaur': 2, 'Mismagius': 1}"
simple85560,[Gen 4] UU,1,1,0,2014-10-18 20:01:22,2014-10-18 20:01:22,,,,"{'Scyther': 1, 'Milotic': 1, 'Absol': 1, 'Mismagius': 1, 'Weezing': 1, 'Donphan': 1}"
simple96847,[Gen 4] UU,1,0,1,2024-10-27 17:06:15,2024-10-27 17:06:15,,,,"{'Moltres': 1, 'Sceptile': 1, 'Skuntank': 1, 'Clefable': 1, 'Slowking': 1, 'Donphan': 1}"
sing27193,[Gen 4] UU,4,1,3,2020-05-13 21:58:13,2020-05-14 19:06:33,,,,"{'Milotic': 2, 'Mismagius': 3, 'Houndoom': 1, 'Registeel': 4, 'Primeape': 2, 'Venusaur': 2, 'Nidoqueen': 1, 'Clefable': 1, 'Uxie': 2, 'Donphan': 1, 'Toxicroak': 1, 'Kabutops': 1, 'Dugtrio': 1}"
sing81852,[Gen 4] UU,2,2,0,2014-06-26 19:01:24,2014-06-27 19:20:48,1000.0,1070.0,"[1000.0, 1070.0]","{'Ursaring': 1, 'Blaziken': 1, 'Porygon2': 1, 'Slowbro': 1, 'Uxie': 1, 'Venusaur': 1, 'Altaria': 1, 'Steelix': 1, 'Hitmonchan': 1, 'Rotom': 1, 'Skuntank': 1, 'Slowking': 1}"
sing90510,[Gen 4] UU,6,4,2,2017-01-16 01:34:00,2017-02-02 17:56:26,,,,"{'Scyther': 3, 'Mesprit': 5, 'Sceptile': 2, 'Steelix': 5, 'Feraligatr': 3, 'Blaziken': 4, 'Rotom': 2, 'Houndoom': 2, 'Leafeon': 2, 'Altaria': 1, 'Milotic': 1, 'Dugtrio': 1, 'Venusaur': 1, 'Haunter': 1}"
sing91479,[Gen 4] UU,1,1,0,2022-10-28 14:31:56,2022-10-28 14:31:56,,,,"{'Mismagius': 1, 'Rhyperior': 1, 'Clefable': 1, 'Uxie': 1, 'Venusaur': 1}"
sitrusberry17731,[Gen 4] UU,1,0,1,2020-05-04 17:49:59,2020-05-04 17:49:59,,,,"{'Moltres': 1, 'Regirock': 1, 'Feraligatr': 1, 'Drapion': 1, 'Venusaur': 1, 'Donphan': 1}"
sitrusberry57218,[Gen 4] UU,1,0,1,2019-04-05 01:54:17,2019-04-05 01:54:17,,,,"{'Milotic': 1, 'Absol': 1, 'Rhyperior': 1, 'Venusaur': 1, 'Blaziken': 1, 'Alakazam': 1}"
sitrusberry65667,[Gen 4] UU,1,0,1,2017-07-23 19:48:43,2017-07-23 19:48:43,,,,"{'Milotic': 1, 'Absol': 1, 'Rhyperior': 1, 'Alakazam': 1, 'Venusaur': 1}"
sitrusberry77995,[Gen 4] UU,66,27,39,2016-04-25 22:45:22,2020-05-13 00:02:50,,,,"{'Houndoom': 35, 'Omastar': 36, 'Absol': 16, 'Lanturn': 21, 'Spiritomb': 2, 'Swellow': 2, 'Arcanine': 4, 'Ambipom': 4, 'Scyther': 19, 'Torterra': 33, 'Donphan': 20, 'Rotom': 14, 'Clefable': 16, 'Milotic': 28, 'Mismagius': 8, 'Primeape': 7, 'Venusaur': 13, 'Gorebyss': 5, 'Electrode': 5, 'Toxicroak': 7, 'Kabutops': 4, 'Registeel': 13, 'Jynx': 3, 'Rhyperior': 3, 'Moltres': 3, 'Dugtrio': 2, 'Rapidash': 4, 'Onix': 4, 'Victreebel': 4, 'Metang': 4, 'Purugly': 5, 'Tangela': 4, 'Alakazam': 1, 'Altaria': 1, 'Hitmontop': 1, 'Drapion': 1, 'Armaldo': 1, 'Poliwrath': 1, 'Muk': 1, 'Sableye': 1, 'Rhydon': 2, 'Mesprit': 1, 'Claydol': 1, 'Feraligatr': 2, 'Sceptile': 1, 'Xatu': 1, 'Blaziken': 1, 'Gabite': 1, 'Glalie': 1, 'Yanma': 1}"
sitrusberry86205,[Gen 4] UU,2,2,0,2024-03-07 01:01:52,2024-03-16 12:46:14,,,,"{'Moltres': 2, 'Sceptile': 1, 'Skuntank': 2, 'Clefable': 2, 'Slowking': 2, 'Donphan': 2}"
skarmory36452,[Gen 4] UU,1,1,0,2017-11-25 21:21:00,2017-11-25 21:21:00,,,,"{'Bibarel': 1, 'Gligar': 1, 'Cacturne': 1, 'Rotom': 1, 'Hippopotas': 1}"
skarmory71081,[Gen 4] UU,1,1,0,2019-04-03 20:38:23,2019-04-03 20:38:23,,,,"{'Ludicolo': 1, 'Electrode': 1, 'Kabutops': 1, 'Dugtrio': 1, 'Registeel': 1, 'Uxie': 1}"
skarmory93245,[Gen 4] UU,4,0,4,2024-03-02 14:14:04,2024-03-04 20:58:56,1054.0,1163.0,"[1100.0, 1054.0, 1163.0, 1090.0]","{'Kangaskhan': 2, 'Mismagius': 1, 'Omastar': 2, 'Spiritomb': 2, 'Blaziken': 2, 'Alakazam': 2, 'Altaria': 1, 'Hitmontop': 1, 'Rhyperior': 1, 'Houndoom': 2, 'Ambipom': 1, 'Pinsir': 1, 'Aggron': 1, 'Azumarill': 1, 'Rotom': 1, 'Venusaur': 1}"
sketch10774,[Gen 4] UU,2,1,1,2016-08-08 00:53:22,2016-08-08 01:02:42,,,,"{'Charizard': 2, 'Sandslash': 2, 'Dodrio': 2, 'Skuntank': 2, 'Electabuzz': 2, 'Slowking': 2}"
sketch90037,[Gen 4] UU,1,0,1,2016-08-26 00:39:04,2016-08-26 00:39:04,,,,"{'Ursaring': 1, 'Omastar': 1, 'Rotom': 1, 'Alakazam': 1, 'Blaziken': 1, 'Swellow': 1}"
skilllink42545,[Gen 4] UU,2,0,2,2020-03-06 14:20:47,2020-03-06 15:07:32,1000.0,1000.0,"[1000.0, 1000.0]","{'Cloyster': 1, 'Altaria': 1, 'Mismagius': 1, 'Rhyperior': 2, 'Arcanine': 1, 'Alakazam': 2, 'Milotic': 1, 'Blaziken': 1, 'Venusaur': 1}"
skilllink94140,[Gen 4] UU,1,1,0,2025-02-04 02:28:47,2025-02-04 02:28:47,,,,"{'Mismagius': 1, 'Qwilfish': 1, 'Steelix': 1, 'Arcanine': 1, 'Alakazam': 1}"
skillswap92504,[Gen 4] UU,1,1,0,2017-06-07 02:11:55,2017-06-07 02:11:55,,,,"{'Rapidash': 1, 'Poliwrath': 1, 'Victreebel': 1, 'Metang': 1, 'Purugly': 1, 'Misdreavus': 1}"
skiploom511,[Gen 4] UU,1,0,1,2024-03-06 01:34:32,2024-03-06 01:34:32,1000.0,1000.0,[1000.0],"{'Torkoal': 1, 'Castform': 1, 'Victreebel': 1}"
skiploom94980,[Gen 4] UU,4,0,4,2016-07-30 09:52:48,2016-07-30 22:50:44,,,,"{'Aggron': 4, 'Magneton': 4, 'Steelix': 4, 'Bastiodon': 4, 'Registeel': 4, 'Probopass': 4}"
skitty1483,[Gen 4] UU,1,1,0,2023-10-01 21:14:20,2023-10-01 21:14:20,,,,"{'Mismagius': 1, 'Entei': 1, 'Kabutops': 1, 'Registeel': 1, 'Venusaur': 1}"
skitty30402,[Gen 4] UU,1,0,1,2019-06-21 01:41:19,2019-06-21 01:41:19,,,,"{'Milotic': 1, 'Mesprit': 1, 'Toxicroak': 1, 'Torterra': 1, 'Blaziken': 1, 'Ambipom': 1}"
skitty3654,[Gen 4] UU,3,1,2,2020-01-30 21:03:50,2020-03-06 03:18:48,1241.0,1241.0,[1241.0],"{'Moltres': 2, 'Milotic': 2, 'Aggron': 2, 'Clefable': 2, 'Venusaur': 3, 'Donphan': 2, 'Mismagius': 1, 'Rhyperior': 1, 'Azumarill': 1, 'Steelix': 1, 'Swellow': 1}"
skitty40372,[Gen 4] UU,2,1,1,2015-11-15 14:23:42,2015-11-15 14:46:48,,,,"{'Cloyster': 1, 'Kabutops': 2, 'Rotom': 1, 'Spiritomb': 1, 'Blaziken': 1, 'Arcanine': 1, 'Milotic': 1, 'Aggron': 1, 'Hitmonlee': 1, 'Uxie': 1, 'Venusaur': 1}"
skitty5473,[Gen 4] UU,1,0,1,2020-07-23 11:50:28,2020-07-23 11:50:28,1000.0,1000.0,[1000.0],"{'Milotic': 1, 'Rotom': 1, 'Swellow': 1, 'Registeel': 1, 'Venusaur': 1, 'Donphan': 1}"
skitty82650,[Gen 4] UU,1,1,0,2018-07-19 19:18:11,2018-07-19 19:18:11,,,,"{'Moltres': 1, 'Milotic': 1, 'Mesprit': 1, 'Hitmontop': 1, 'Toxicroak': 1, 'Skuntank': 1}"
skitty85915,[Gen 4] UU,1,0,1,2016-12-07 17:50:02,2016-12-07 17:50:02,,,,"{'Milotic': 1, 'Exeggutor': 1, 'Claydol': 1, 'Steelix': 1, 'Rotom': 1, 'Arcanine': 1}"
skorupi27587,[Gen 4] UU,2,0,2,2024-03-03 09:33:33,2024-03-03 10:36:15,1000.0,1029.0,"[1000.0, 1029.0]","{'Registeel': 2, 'Drapion': 1, 'Ambipom': 1, 'Scyther': 1, 'Milotic': 1}"
skorupi35305,[Gen 4] UU,1,0,1,2016-07-28 20:44:45,2016-07-28 20:44:45,,,,"{'Hariyama': 1, 'Exploud': 1, 'Feraligatr': 1, 'Arcanine': 1, 'Alakazam': 1, 'Cradily': 1}"
skorupi66648,[Gen 4] UU,2,0,2,2020-03-01 18:12:19,2020-03-01 18:17:17,,,,"{'Snover': 1, 'Kadabra': 1, 'Monferno': 2, 'Wartortle': 2, 'Hippopotas': 1, 'Golbat': 1, 'Gligar': 1, 'Piloswine': 1, 'Roselia': 1, 'Misdreavus': 1}"
skorupi67329,[Gen 4] UU,1,0,1,2017-12-21 23:50:25,2017-12-21 23:50:25,,,,"{'Moltres': 1, 'Milotic': 1, 'Toxicroak': 1, 'Spiritomb': 1, 'Swellow': 1, 'Donphan': 1}"
skullbash1138,[Gen 4] UU,3,1,2,2019-03-01 17:45:57,2019-03-01 17:52:15,,,,"{'Sceptile': 1, 'Omastar': 1, 'Rotom': 1, 'Houndoom': 1, 'Slowking': 1, 'Raichu': 1, 'Altaria': 1, 'Exeggutor': 1, 'Mismagius': 1, 'Dugtrio': 1, 'Registeel': 2, 'Ursaring': 1, 'Mesprit': 1, 'Azumarill': 1, 'Arcanine': 1, 'Leafeon': 1}"
skullbash30877,[Gen 4] UU,5,2,3,2024-12-28 21:53:32,2025-05-18 18:58:07,,,,"{'Moltres': 2, 'Qwilfish': 1, 'Rhyperior': 2, 'Skuntank': 1, 'Hitmonlee': 1, 'Leafeon': 2, 'Scyther': 1, 'Toxicroak': 1, 'Torterra': 1, 'Regirock': 1, 'Houndoom': 1, 'Blastoise': 1, 'Clefable': 1, 'Feraligatr': 1, 'Uxie': 1, 'Primeape': 1, 'Venusaur': 2, 'Milotic': 1, 'Ambipom': 1, 'Registeel': 1, 'Donphan': 1, 'Mesprit': 1, 'Kabutops': 1, 'Dugtrio': 1, 'Arcanine': 1, 'Swellow': 1}"
skullbash40202,[Gen 4] UU,1,0,1,2020-07-16 15:06:56,2020-07-16 15:06:56,1100.0,1100.0,[1100.0],"{'Snover': 1, 'Cloyster': 1, 'Regice': 1, 'Kabutops': 1, 'Chansey': 1, 'Articuno': 1}"
skullbash99219,[Gen 4] UU,1,0,1,2025-02-23 13:51:37,2025-02-23 13:51:37,,,,"{'Pinsir': 1, 'Aggron': 1, 'Azumarill': 1, 'Rotom': 1, 'Houndoom': 1, 'Venusaur': 1}"
skuntank38226,[Gen 4] UU,1,0,1,2024-02-07 01:43:19,2024-02-07 01:43:19,,,,"{'Absol': 1, 'Mismagius': 1, 'Aggron': 1, 'Nidoking': 1, 'Blaziken': 1, 'Ambipom': 1}"
skyattack24314,[Gen 4] UU,3,2,1,2017-01-22 18:13:13,2017-01-22 18:30:24,,,,"{'Mismagius': 2, 'Qwilfish': 2, 'Torterra': 2, 'Clefable': 3, 'Registeel': 2, 'Arcanine': 1, 'Camerupt': 1, 'Weezing': 1, 'Steelix': 1, 'Venusaur': 1}"
skyattack38099,[Gen 4] UU,1,1,0,2017-12-22 19:54:35,2017-12-22 19:54:35,,,,"{'Moltres': 1, 'Milotic': 1, 'Mismagius': 1, 'Hitmontop': 1, 'Steelix': 1, 'Uxie': 1}"
skyattack88111,[Gen 4] UU,1,0,1,2019-07-19 16:19:48,2019-07-19 16:19:48,,,,"{'Moltres': 1, 'Mismagius': 1, 'Qwilfish': 1, 'Rhyperior': 1, 'Spiritomb': 1, 'Blastoise': 1}"
skyattack95970,[Gen 4] UU,1,1,0,2018-03-02 12:46:59,2018-03-02 12:46:59,,,,"{'Mismagius': 1, 'Qwilfish': 1, 'Torterra': 1, 'Registeel': 1, 'Arcanine': 1}"
skyplate15158,[Gen 4] UU,1,1,0,2024-04-10 20:38:12,2024-04-10 20:38:12,,,,"{'Venomoth': 1, 'Mesprit': 1, 'Dugtrio': 1, 'Feraligatr': 1, 'Swellow': 1, 'Donphan': 1}"
slackoff63005,[Gen 4] UU,2,0,2,2020-03-21 12:37:22,2020-03-22 11:03:07,1071.0,1096.0,"[1096.0, 1071.0]","{'Milotic': 2, 'Rhyperior': 2, 'Spiritomb': 2, 'Alakazam': 2, 'Blaziken': 2, 'Venusaur': 2}"
slackoff92602,[Gen 4] UU,1,1,0,2016-01-21 20:25:45,2016-01-21 20:25:45,,,,"{'Rotom': 1, 'Blaziken': 1, 'Omastar': 1}"
slackoff95951,[Gen 4] UU,4,3,1,2016-05-31 15:13:08,2017-04-02 17:25:42,,,,"{'Vileplume': 3, 'Charizard': 3, 'Sandslash': 1, 'Floatzel': 1, 'Skuntank': 1, 'Gardevoir': 1, 'Scyther': 1, 'Exeggutor': 1, 'Kabutops': 1, 'Dugtrio': 1, 'Registeel': 1, 'Arcanine': 1, 'Lapras': 1, 'Regirock': 2, 'Sneasel': 2, 'Hitmonchan': 2}"
slaking36614,[Gen 4] UU,1,1,0,2015-04-18 18:47:33,2015-04-18 18:47:33,,,,"{'Cloyster': 1, 'Mesprit': 1, 'Mismagius': 1, 'Feraligatr': 1, 'Linoone': 1}"
slakoth53488,[Gen 4] UU,7,0,7,2019-11-28 21:01:40,2020-07-09 20:37:43,,,,"{'Ludicolo': 3, 'Toxicroak': 5, 'Kabutops': 4, 'Dugtrio': 4, 'Registeel': 6, 'Uxie': 6, 'Moltres': 1, 'Feraligatr': 1, 'Venusaur': 1, 'Donphan': 1, 'Cloyster': 1, 'Kangaskhan': 1, 'Nidoking': 1, 'Torterra': 1, 'Houndoom': 1}"
slakoth5943,[Gen 4] UU,1,0,1,2018-07-16 00:22:25,2018-07-16 00:22:25,,,,"{'Milotic': 1, 'Toxicroak': 1, 'Rhyperior': 1, 'Jynx': 1, 'Clefable': 1, 'Feraligatr': 1}"
slakoth67215,[Gen 4] UU,3,3,0,2016-08-08 02:33:16,2016-08-09 02:19:15,,,,"{'Milotic': 3, 'Mismagius': 3, 'Sceptile': 3, 'Registeel': 3, 'Blaziken': 3, 'Alakazam': 2}"
slakoth68957,[Gen 4] UU,1,1,0,2018-03-18 04:46:10,2018-03-18 04:46:10,,,,"{'Cloyster': 1, 'Mismagius': 1, 'Sceptile': 1, 'Aggron': 1, 'Houndoom': 1, 'Primeape': 1}"
slakoth99814,[Gen 4] UU,1,0,1,2020-03-12 11:59:37,2020-03-12 11:59:37,,,,"{'Hariyama': 1, 'Mismagius': 1, 'Qwilfish': 1, 'Lanturn': 1, 'Houndoom': 1, 'Uxie': 1}"
slash44253,[Gen 4] UU,1,0,1,2024-03-01 17:19:54,2024-03-01 17:19:54,1000.0,1000.0,[1000.0],"{'Drapion': 1, 'Alakazam': 1, 'Charizard': 1, 'Electabuzz': 1}"
sleeppowder35252,[Gen 4] UU,1,0,1,2019-04-03 20:38:23,2019-04-03 20:38:23,,,,"{'Moltres': 1, 'Slowbro': 1, 'Hitmontop': 1, 'Chansey': 1, 'Dugtrio': 1, 'Spiritomb': 1}"
sleeppowder45103,[Gen 4] UU,1,0,1,2020-02-21 22:21:52,2020-02-21 22:21:52,,,,"{'Scyther': 1, 'Mismagius': 1, 'Claydol': 1, 'Kabutops': 1, 'Clefable': 1, 'Venusaur': 1}"
sleeptalk22437,[Gen 4] UU,1,0,1,2017-06-20 03:32:44,2017-06-20 03:32:44,,,,"{'Charizard': 1, 'Porygon2': 1, 'Marowak': 1, 'Solrock': 1, 'Slowking': 1, 'Gardevoir': 1}"
sleeptalk37154,[Gen 4] UU,1,1,0,2017-03-05 14:24:24,2017-03-05 14:24:24,,,,"{'Altaria': 1, 'Qwilfish': 1, 'Registeel': 1, 'Blaziken': 1, 'Drapion': 1}"
sleeptalk69727,[Gen 4] UU,1,0,1,2015-11-30 02:37:03,2015-11-30 02:37:03,,,,"{'Feraligatr': 1, 'Venusaur': 1, 'Hitmonlee': 1, 'Houndoom': 1, 'Ambipom': 1, 'Donphan': 1}"
slowbro27851,[Gen 4] UU,1,0,1,2020-03-10 18:56:59,2020-03-10 18:56:59,,,,"{'Altaria': 1, 'Scyther': 1, 'Ninetales': 1, 'Nidoking': 1, 'Lanturn': 1, 'Carnivine': 1}"
slowbro3728,[Gen 4] UU,2,0,2,2016-05-22 05:28:31,2016-05-22 05:35:23,,,,"{'Ninetales': 1, 'Medicham': 1, 'Muk': 1, 'Manectric': 1, 'Probopass': 1, 'Gastrodon': 1, 'Charizard': 1, 'Nidoqueen': 1, 'Hitmonchan': 1, 'Cacturne': 1, 'Lickilicky': 1, 'Slowking': 1}"
slowbro37966,[Gen 4] UU,1,0,1,2024-03-17 17:27:28,2024-03-17 17:27:28,1000.0,1000.0,[1000.0],"{'Scyther': 1, 'Hariyama': 1, 'Steelix': 1, 'Hitmonchan': 1, 'Venusaur': 1, 'Blastoise': 1}"
slowbro4867,[Gen 4] UU,2,2,0,2019-03-10 02:15:49,2019-03-17 21:53:50,,,,"{'Moltres': 1, 'Milotic': 1, 'Aggron': 1, 'Clefable': 2, 'Venusaur': 1, 'Donphan': 2, 'Qwilfish': 1, 'Rotom': 1, 'Blaziken': 1, 'Alakazam': 1}"
slowking28210,[Gen 4] UU,4,0,4,2021-08-08 23:08:09,2022-07-29 03:22:37,,,,"{'Aggron': 1, 'Rotom': 3, 'Feraligatr': 1, 'Uxie': 3, 'Venusaur': 1, 'Exeggutor': 1, 'Mismagius': 3, 'Qwilfish': 3, 'Rhyperior': 1, 'Houndoom': 2, 'Hariyama': 1, 'Lanturn': 1, 'Ursaring': 1, 'Hitmonlee': 1}"
slowking58302,[Gen 4] UU,1,0,1,2019-07-13 17:34:29,2019-07-13 17:34:29,,,,"{'Drapion': 1, 'Venusaur': 1, 'Kabutops': 1, 'Steelix': 1}"
slowking74375,[Gen 4] UU,2,0,2,2018-04-22 05:26:44,2018-04-22 05:37:14,,,,"{'Mismagius': 1, 'Sceptile': 1, 'Kabutops': 2, 'Registeel': 1, 'Arcanine': 2, 'Donphan': 1, 'Milotic': 1, 'Drapion': 1, 'Torterra': 1, 'Rotom': 1}"
slowking86787,[Gen 4] UU,1,0,1,2020-03-13 02:11:54,2020-03-13 02:11:54,1000.0,1000.0,[1000.0],"{'Ursaring': 1, 'Hitmontop': 1, 'Azumarill': 1, 'Miltank': 1, 'Swellow': 1, 'Alakazam': 1}"
slowpoke69823,[Gen 4] UU,2,2,0,2017-04-29 16:19:44,2017-04-29 16:31:10,,,,"{'Swellow': 2, 'Kabutops': 2, 'Venusaur': 2, 'Omastar': 2, 'Rotom': 1, 'Houndoom': 1}"
slowpoke87921,[Gen 4] UU,1,1,0,2018-06-29 13:24:22,2018-06-29 13:24:22,,,,"{'Tangrowth': 1, 'Qwilfish': 1, 'Hitmontop': 1, 'Weezing': 1, 'Steelix': 1, 'Houndoom': 1}"
slowpoke97288,[Gen 4] UU,1,0,1,2018-07-07 11:56:03,2018-07-07 11:56:03,,,,"{'Ludicolo': 1, 'Toxicroak': 1, 'Kabutops': 1, 'Dugtrio': 1, 'Registeel': 1, 'Uxie': 1}"
slowstart30193,[Gen 4] UU,1,1,0,2018-07-07 11:56:03,2018-07-07 11:56:03,,,,"{'Electrode': 1, 'Toxicroak': 1, 'Kabutops': 1, 'Registeel': 1, 'Uxie': 1}"
slp41381,[Gen 4] UU,1,1,0,2019-10-15 16:27:16,2019-10-15 16:27:16,,,,"{'Milotic': 1, 'Absol': 1, 'Rhyperior': 1, 'Alakazam': 1, 'Blaziken': 1, 'Venusaur': 1}"
slp49321,[Gen 4] UU,1,0,1,2024-12-23 00:19:00,2024-12-23 00:19:00,,,,"{'Ludicolo': 1, 'Toxicroak': 1, 'Kabutops': 1, 'Dugtrio': 1, 'Registeel': 1, 'Uxie': 1}"
slp87430,[Gen 4] UU,1,0,1,2017-06-29 12:40:34,2017-06-29 12:40:34,,,,"{'Milotic': 1, 'Mesprit': 1, 'Sceptile': 1, 'Rhyperior': 1, 'Registeel': 1, 'Blaziken': 1}"
sludge65300,[Gen 4] UU,1,0,1,2024-03-12 23:40:59,2024-03-12 23:40:59,1017.0,1017.0,[1017.0],"{'Mesprit': 1, 'Aggron': 1, 'Nidoking': 1, 'Houndoom': 1, 'Uxie': 1, 'Ambipom': 1}"
sludge66789,[Gen 4] UU,1,1,0,2016-03-25 19:31:54,2016-03-25 19:31:54,,,,"{'Milotic': 1, 'Blaziken': 1, 'Claydol': 1, 'Venusaur': 1, 'Uxie': 1, 'Alakazam': 1}"
sludgebomb52920,[Gen 4] UU,2,1,1,2020-04-13 16:08:00,2020-05-12 18:34:42,,,,"{'Mismagius': 2, 'Slowbro': 2, 'Kabutops': 2, 'Chansey': 2, 'Dugtrio': 2, 'Blaziken': 2}"
sludgebomb53328,[Gen 4] UU,3,1,2,2017-04-18 06:06:59,2019-03-18 00:36:09,,,,"{'Cloyster': 3, 'Nidoking': 3, 'Clefable': 3, 'Uxie': 3, 'Ambipom': 3, 'Alakazam': 2}"
sludgebomb91891,[Gen 4] UU,1,1,0,2016-03-26 23:24:48,2016-03-26 23:24:48,,,,"{'Altaria': 1, 'Entei': 1, 'Castform': 1, 'Dugtrio': 1, 'Spiritomb': 1, 'Metang': 1}"
slugma28090,[Gen 4] UU,1,1,0,2019-06-06 11:39:59,2019-06-06 11:39:59,,,,"{'Hariyama': 1, 'Sceptile': 1, 'Azumarill': 1, 'Arcanine': 1, 'Alakazam': 1, 'Donphan': 1}"
slugma60341,[Gen 4] UU,1,0,1,2014-06-29 16:18:35,2014-06-29 16:18:35,,,,"{'Milotic': 1, 'Mesprit': 1, 'Nidoking': 1, 'Floatzel': 1, 'Hitmonchan': 1, 'Gardevoir': 1}"
slugma88304,[Gen 4] UU,8,5,3,2016-06-04 02:18:31,2017-06-08 22:54:52,,,,"{'Electabuzz': 1, 'Kadabra': 1, 'Poliwrath': 4, 'Cacturne': 3, 'Mr. Mime': 2, 'Metang': 2, 'Muk': 2, 'Sableye': 1, 'Rhydon': 3, 'Lickilicky': 4, 'Armaldo': 1, 'Dusclops': 2, 'Gabite': 1, 'Rapidash': 1, 'Sneasel': 1, 'Victreebel': 1, 'Ninetales': 1, 'Omanyte': 1, 'Bastiodon': 1, 'Regigigas': 1, 'Gastrodon': 1, 'Misdreavus': 1, 'Charizard': 2, 'Nidoqueen': 2, 'Hitmonchan': 2, 'Slowking': 1, 'Mantine': 1, 'Roselia': 1, 'Shiftry': 1, 'Pinsir': 1, 'Skuntank': 1}"
smeargle27777,[Gen 4] UU,1,0,1,2024-03-04 21:21:03,2024-03-04 21:21:03,1000.0,1000.0,[1000.0],"{'Registeel': 1, 'Drapion': 1, 'Nidoking': 1}"
smellingsalts37382,[Gen 4] UU,1,0,1,2017-08-20 17:46:04,2017-08-20 17:46:04,,,,"{'Kadabra': 1, 'Monferno': 1, 'Probopass': 1, 'Gastrodon': 1, 'Misdreavus': 1, 'Golbat': 1}"
smellingsalts58506,[Gen 4] UU,2,1,1,2024-03-02 13:25:01,2024-05-03 22:32:04,1061.0,1061.0,[1061.0],"{'Ludicolo': 1, 'Qwilfish': 1, 'Kabutops': 1, 'Rotom': 1, 'Registeel': 1, 'Uxie': 2, 'Blaziken': 1, 'Rhyperior': 1, 'Lanturn': 1, 'Clefable': 1, 'Venusaur': 1}"
smokescreen49443,[Gen 4] UU,7,5,2,2015-12-02 23:15:29,2015-12-03 23:21:38,,,,"{'Moltres': 5, 'Hitmontop': 5, 'Steelix': 5, 'Spiritomb': 5, 'Slowking': 4, 'Venusaur': 7, 'Scyther': 2, 'Milotic': 2, 'Dugtrio': 2, 'Arcanine': 2, 'Donphan': 2}"
smoothrock17210,[Gen 4] UU,1,0,1,2017-01-22 04:11:02,2017-01-22 04:11:02,,,,"{'Golduck': 1, 'Rapidash': 1, 'Kadabra': 1, 'Bellossom': 1, 'Quagsire': 1, 'Drifblim': 1}"
smoothrock32603,[Gen 4] UU,3,2,1,2020-01-10 02:16:36,2020-12-30 16:13:12,,,,"{'Linoone': 1, 'Cloyster': 1, 'Donphan': 1, 'Sceptile': 1, 'Ninetales': 1, 'Claydol': 1, 'Pinsir': 1, 'Poliwrath': 1, 'Lanturn': 1, 'Swellow': 1, 'Entei': 1, 'Hitmonchan': 1, 'Regirock': 1, 'Feraligatr': 1, 'Drapion': 1, 'Venusaur': 1}"
smoothrock51156,[Gen 4] UU,2,1,1,2017-01-23 21:13:26,2017-01-23 21:36:56,,,,"{'Spearow': 2, 'Magneton': 2, 'Golem': 1, 'Venusaur': 1, 'Blastoise': 2, 'Golbat': 1, 'Zubat': 1, 'Ivysaur': 1, 'Geodude': 1}"
snatch29859,[Gen 4] UU,1,0,1,2024-03-02 18:47:17,2024-03-02 18:47:17,1000.0,1000.0,[1000.0],"{'Hariyama': 1, 'Venusaur': 1, 'Chansey': 1, 'Feraligatr': 1, 'Blaziken': 1, 'Alakazam': 1}"
snatch7667,[Gen 4] UU,1,0,1,2014-06-29 16:55:54,2014-06-29 16:55:54,,,,"{'Clefable': 1, 'Altaria': 1, 'Weezing': 1, 'Skuntank': 1, 'Hypno': 1, 'Blastoise': 1}"
snatch7890,[Gen 4] UU,1,1,0,2021-06-24 20:18:29,2021-06-24 20:18:29,,,,"{'Hariyama': 1, 'Mismagius': 1, 'Qwilfish': 1, 'Lanturn': 1, 'Houndoom': 1, 'Uxie': 1}"
sneasel14585,[Gen 4] UU,6,2,4,2017-01-30 20:36:26,2017-02-12 20:03:30,,,,"{'Cloyster': 1, 'Mismagius': 1, 'Clefable': 1, 'Moltres': 2, 'Toxicroak': 2, 'Registeel': 1, 'Slowking': 1, 'Venusaur': 1, 'Donphan': 1, 'Milotic': 1, 'Mesprit': 1, 'Rhyperior': 1, 'Blaziken': 3, 'Omastar': 2, 'Kabutops': 3, 'Rotom': 3, 'Drapion': 3, 'Sceptile': 1, 'Torterra': 1, 'Uxie': 1}"
sneasel96815,[Gen 4] UU,1,1,0,2019-04-10 04:40:58,2019-04-10 04:40:58,,,,"{'Moltres': 1, 'Torterra': 1, 'Kabutops': 1, 'Poliwrath': 1, 'Drapion': 1, 'Ambipom': 1}"
sniper51434,[Gen 4] UU,1,0,1,2018-02-17 03:26:48,2018-02-17 03:26:48,,,,"{'Mismagius': 1, 'Sceptile': 1, 'Azumarill': 1, 'Blaziken': 1, 'Primeape': 1, 'Donphan': 1}"
sniper70774,[Gen 4] UU,17,6,11,2017-10-07 15:11:26,2025-05-05 21:15:34,,,,"{'Milotic': 6, 'Rhyperior': 2, 'Toxicroak': 4, 'Jynx': 1, 'Clefable': 3, 'Feraligatr': 1, 'Entei': 3, 'Rotom': 3, 'Uxie': 5, 'Venusaur': 7, 'Donphan': 2, 'Azumarill': 3, 'Houndoom': 6, 'Gligar': 3, 'Monferno': 3, 'Murkrow': 1, 'Metang': 1, 'Roselia': 3, 'Misdreavus': 3, 'Torterra': 2, 'Alakazam': 2, 'Kadabra': 2, 'Meditite': 2, 'Golbat': 3, 'Registeel': 6, 'Primeape': 3, 'Mismagius': 3, 'Qwilfish': 1, 'Hitmontop': 1, 'Cranidos': 2, 'Wartortle': 2, 'Piloswine': 2, 'Grovyle': 2, 'Cloyster': 1, 'Dugtrio': 2, 'Scyther': 1, 'Blastoise': 1, 'Hariyama': 1}"
snore2444,[Gen 4] UU,1,0,1,2023-12-17 00:50:42,2023-12-17 00:50:42,,,,"{'Milotic': 1, 'Mismagius': 1, 'Houndoom': 1, 'Registeel': 1, 'Primeape': 1, 'Venusaur': 1}"
snore33440,[Gen 4] UU,1,0,1,2024-03-14 22:11:28,2024-03-14 22:11:28,1000.0,1000.0,[1000.0],"{'Cloyster': 1, 'Milotic': 1, 'Hariyama': 1, 'Miltank': 1, 'Houndoom': 1, 'Alakazam': 1}"
snore42359,[Gen 4] UU,1,0,1,2017-06-01 03:22:40,2017-06-01 03:22:40,,,,"{'Monferno': 1, 'Poliwrath': 1, 'Metang': 1, 'Purugly': 1, 'Misdreavus': 1, 'Golbat': 1}"
snore57088,[Gen 4] UU,6,2,4,2015-04-03 11:43:22,2018-02-03 20:21:21,,,,"{'Milotic': 1, 'Mesprit': 2, 'Mismagius': 2, 'Sceptile': 1, 'Hitmonlee': 2, 'Arcanine': 2, 'Octillery': 1, 'Glaceon': 1, 'Lopunny': 1, 'Drifblim': 1, 'Camerupt': 1, 'Armaldo': 1, 'Weezing': 1, 'Dodrio': 2, 'Lanturn': 1, 'Leafeon': 2, 'Gligar': 1, 'Tauros': 1, 'Sandslash': 1, 'Magneton': 1, 'Grumpig': 1, 'Aggron': 1, 'Azumarill': 1, 'Blaziken': 1, 'Venusaur': 1, 'Rhyperior': 1, 'Feraligatr': 1, 'Jynx': 1, 'Registeel': 1}"
snorlax2986,[Gen 4] UU,3,1,2,2019-11-20 21:22:59,2020-03-26 21:51:51,,,,"{'Monferno': 3, 'Wartortle': 3, 'Murkrow': 2, 'Metang': 3, 'Misdreavus': 2, 'Golbat': 2, 'Gligar': 1, 'Piloswine': 1, 'Roselia': 1}"
snorlax54279,[Gen 4] UU,6,2,4,2023-09-03 19:11:51,2024-08-25 20:19:23,,,,"{'Mismagius': 2, 'Qwilfish': 3, 'Regirock': 1, 'Hitmonlee': 1, 'Houndoom': 1, 'Venusaur': 3, 'Entei': 1, 'Registeel': 3, 'Uxie': 3, 'Blastoise': 2, 'Ludicolo': 1, 'Kabutops': 1, 'Dugtrio': 1, 'Sceptile': 1, 'Steelix': 2, 'Feraligatr': 1, 'Primeape': 1, 'Milotic': 1, 'Clefable': 1, 'Donphan': 1, 'Altaria': 1, 'Weezing': 1, 'Chansey': 1, 'Arcanine': 1}"
snorunt55475,[Gen 4] UU,1,1,0,2025-04-04 20:12:33,2025-04-04 20:12:33,,,,"{'Mismagius': 1, 'Omastar': 1, 'Rhyperior': 1, 'Houndoom': 1, 'Venusaur': 1}"
snorunt94613,[Gen 4] UU,7,4,3,2024-05-05 02:18:16,2024-12-01 04:36:03,,,,"{'Regirock': 3, 'Dugtrio': 2, 'Victreebel': 3, 'Houndoom': 4, 'Uxie': 5, 'Venusaur': 4, 'Sceptile': 2, 'Entei': 2, 'Weezing': 1, 'Registeel': 2, 'Slowking': 1, 'Drapion': 1, 'Mismagius': 2, 'Clefable': 1, 'Arcanine': 1, 'Donphan': 2, 'Leafeon': 1, 'Milotic': 2, 'Toxicroak': 1, 'Rhyperior': 1}"
snover32983,[Gen 4] UU,2,1,1,2020-07-14 01:23:01,2023-07-23 22:02:14,,,,"{'Blaziken': 1, 'Regirock': 1, 'Spiritomb': 1, 'Feraligatr': 1, 'Uxie': 1, 'Leafeon': 2, 'Moltres': 1, 'Qwilfish': 1, 'Rhyperior': 1, 'Skuntank': 1, 'Hitmonlee': 1}"
snover52031,[Gen 4] UU,7,4,3,2014-06-25 15:18:12,2014-06-29 18:51:31,1000.0,1022.0,"[1000.0, 1022.0]","{'Milotic': 7, 'Mismagius': 7, 'Hitmonlee': 5, 'Clefable': 7, 'Registeel': 7, 'Uxie': 6}"
snowcloak71915,[Gen 4] UU,1,1,0,2014-07-14 05:59:37,2014-07-14 05:59:37,,,,"{'Scyther': 1, 'Tauros': 1, 'Azumarill': 1, 'Houndoom': 1, 'Venusaur': 1, 'Donphan': 1}"
snowwarning13339,[Gen 4] UU,3,2,1,2021-07-02 15:49:02,2021-07-02 15:57:28,,,,"{'Absol': 3, 'Mismagius': 3, 'Alakazam': 3, 'Clefable': 3, 'Blaziken': 3, 'Venusaur': 3}"
snowwarning56612,[Gen 4] UU,1,1,0,2019-10-26 15:49:00,2019-10-26 15:49:00,,,,"{'Milotic': 1, 'Toxicroak': 1, 'Rhyperior': 1, 'Rotom': 1, 'Houndoom': 1, 'Uxie': 1}"
snowwarning74154,[Gen 4] UU,1,0,1,2024-03-12 09:32:00,2024-03-12 09:32:00,1000.0,1000.0,[1000.0],"{'Cloyster': 1, 'Altaria': 1, 'Exeggutor': 1, 'Aggron': 1, 'Weezing': 1, 'Arcanine': 1}"
snowwarning81895,[Gen 4] UU,20,11,9,2016-06-10 02:33:45,2021-03-07 20:14:26,,,,"{'Moltres': 10, 'Mismagius': 4, 'Omastar': 2, 'Hitmontop': 3, 'Clefable': 3, 'Venusaur': 6, 'Sceptile': 4, 'Toxicroak': 7, 'Registeel': 13, 'Slowking': 6, 'Donphan': 9, 'Altaria': 4, 'Chansey': 4, 'Arcanine': 5, 'Blastoise': 5, 'Qwilfish': 1, 'Kangaskhan': 3, 'Rhyperior': 3, 'Azumarill': 3, 'Drapion': 5, 'Leafeon': 4, 'Blaziken': 2, 'Scyther': 1, 'Rotom': 1, 'Milotic': 2}"
snubbull46780,[Gen 4] UU,3,1,2,2020-03-20 02:20:53,2020-07-01 23:13:50,1000.0,1023.0,"[1023.0, 1000.0, 1022.0]","{'Shiftry': 1, 'Charizard': 3, 'Aggron': 3, 'Hitmontop': 3, 'Torterra': 2, 'Typhlosion': 1, 'Luxray': 2, 'Blastoise': 2}"
softboiled11031,[Gen 4] UU,1,1,0,2024-02-18 15:49:18,2024-02-18 15:49:18,,,,"{'Slowbro': 1, 'Clefable': 1, 'Registeel': 1, 'Uxie': 1, 'Arcanine': 1, 'Donphan': 1}"
softsand19166,[Gen 4] UU,2,1,1,2015-01-07 21:11:24,2015-03-21 00:02:59,,,,"{'Moltres': 1, 'Mismagius': 1, 'Torterra': 1, 'Kabutops': 1, 'Clefable': 1, 'Drapion': 1, 'Sharpedo': 1, 'Tauros': 1, 'Sandslash': 1, 'Haunter': 1, 'Dodrio': 1}"
softsand43433,[Gen 4] UU,1,0,1,2016-09-26 04:37:04,2016-09-26 04:37:04,,,,"{'Absol': 1, 'Sceptile': 1, 'Entei': 1, 'Steelix': 1, 'Lanturn': 1, 'Alakazam': 1}"
solarbeam10248,[Gen 4] UU,6,3,3,2017-01-14 16:43:38,2017-01-24 01:23:48,,,,"{'Milotic': 3, 'Drapion': 2, 'Torterra': 2, 'Kabutops': 2, 'Rotom': 2, 'Arcanine': 3, 'Mismagius': 3, 'Sceptile': 1, 'Registeel': 3, 'Donphan': 1, 'Houndoom': 2, 'Primeape': 2, 'Venusaur': 2, 'Moltres': 1, 'Poliwrath': 1, 'Ambipom': 1, 'Scyther': 1, 'Rhyperior': 1, 'Clefable': 1, 'Blastoise': 1}"
solarbeam35450,[Gen 4] UU,1,0,1,2023-04-01 14:30:02,2023-04-01 14:30:02,,,,"{'Mismagius': 1, 'Qwilfish': 1, 'Regirock': 1, 'Hitmonlee': 1, 'Houndoom': 1, 'Venusaur': 1}"
solarbeam52435,[Gen 4] UU,1,0,1,2024-08-04 18:40:26,2024-08-04 18:40:26,,,,"{'Mismagius': 1, 'Qwilfish': 1, 'Rhyperior': 1, 'Houndoom': 1, 'Blaziken': 1, 'Leafeon': 1}"
solarbeam79433,[Gen 4] UU,2,1,1,2015-01-08 17:50:54,2015-01-08 17:51:08,,,,"{'Kingler': 1, 'Sharpedo': 1, 'Charizard': 1, 'Sneasel': 1, 'Manectric': 1, 'Flareon': 1, 'Sandslash': 1, 'Magneton': 1, 'Raticate': 1, 'Quagsire': 1, 'Articuno': 1}"
solarbeam97638,[Gen 4] UU,1,0,1,2015-05-03 00:29:31,2015-05-03 00:29:31,,,,"{'Venomoth': 1, 'Gligar': 1, 'Magneton': 1, 'Haunter': 1, 'Poliwrath': 1, 'Gardevoir': 1}"
solarpower27279,[Gen 4] UU,1,1,0,2017-11-06 02:17:18,2017-11-06 02:17:18,,,,"{'Milotic': 1, 'Toxicroak': 1, 'Torterra': 1, 'Rotom': 1, 'Houndoom': 1, 'Alakazam': 1}"
solarpower33686,[Gen 4] UU,5,4,1,2017-02-05 21:39:41,2017-02-12 19:47:56,,,,"{'Scyther': 2, 'Omastar': 1, 'Toxicroak': 1, 'Torterra': 2, 'Kabutops': 3, 'Houndoom': 1, 'Mesprit': 1, 'Dugtrio': 1, 'Arcanine': 4, 'Swellow': 1, 'Leafeon': 2, 'Milotic': 1, 'Mismagius': 2, 'Registeel': 3, 'Venusaur': 1, 'Sceptile': 1, 'Donphan': 1, 'Lanturn': 1}"
solarpower3830,[Gen 4] UU,2,0,2,2016-06-05 18:17:41,2016-06-05 18:22:49,,,,"{'Shiftry': 2, 'Typhlosion': 1, 'Regirock': 2, 'Victreebel': 1, 'Persian': 1, 'Manectric': 1, 'Tauros': 1, 'Haunter': 1, 'Cacturne': 1, 'Gardevoir': 1}"
solarpower83722,[Gen 4] UU,1,0,1,2024-07-14 20:08:05,2024-07-14 20:08:05,,,,"{'Milotic': 1, 'Clefable': 1, 'Registeel': 1, 'Blaziken': 1, 'Drapion': 1, 'Alakazam': 1}"
solidrock29047,[Gen 4] UU,3,1,2,2017-01-12 14:27:49,2017-01-12 14:44:06,,,,"{'Moltres': 1, 'Magneton': 2, 'Dugtrio': 2, 'Registeel': 2, 'Venusaur': 3, 'Blastoise': 1, 'Milotic': 1, 'Absol': 1, 'Blaziken': 1, 'Uxie': 2, 'Azumarill': 1, 'Ambipom': 1}"
solidrock49595,[Gen 4] UU,2,2,0,2015-09-03 23:53:34,2015-09-15 17:16:30,,,,"{'Rotom': 2, 'Arcanine': 2, 'Venusaur': 2, 'Milotic': 1, 'Registeel': 1}"
solrock12123,[Gen 4] UU,2,2,0,2021-12-04 13:44:16,2021-12-04 13:49:39,,,,"{'Miltank': 1, 'Dugtrio': 1, 'Venusaur': 1, 'Registeel': 2, 'Sceptile': 1, 'Rotom': 1, 'Houndoom': 1, 'Slowking': 1}"
solrock3448,[Gen 4] UU,1,1,0,2019-01-31 22:17:26,2019-01-31 22:17:26,,,,"{'Milotic': 1, 'Blaziken': 1, 'Rhyperior': 1, 'Houndoom': 1, 'Uxie': 1, 'Venusaur': 1}"
solrock86148,[Gen 4] UU,1,1,0,2016-02-24 04:31:49,2016-02-24 04:31:49,1022.0,1022.0,[1022.0],"{'Claydol': 1, 'Mismagius': 1, 'Raichu': 1, 'Arcanine': 1, 'Alakazam': 1}"
solrock88685,[Gen 4] UU,2,2,0,2016-03-18 03:00:34,2016-03-18 03:06:50,,,,"{'Medicham': 2, 'Floatzel': 2, 'Haunter': 2, 'Regirock': 2, 'Skuntank': 2, 'Glalie': 2}"
solrock90878,[Gen 4] UU,1,0,1,2015-03-15 15:47:39,2015-03-15 15:47:39,,,,"{'Snover': 1, 'Nidoqueen': 1, 'Hitmonchan': 1, 'Walrein': 1, 'Hypno': 1, 'Lickilicky': 1}"
solrock99010,[Gen 4] UU,1,1,0,2017-03-11 17:55:21,2017-03-11 17:55:21,,,,"{'Milotic': 1, 'Toxicroak': 1, 'Torterra': 1, 'Rotom': 1, 'Houndoom': 1, 'Alakazam': 1}"
sonicboom26327,[Gen 4] UU,7,3,4,2016-05-27 17:13:43,2019-08-03 00:58:22,,,,"{'Milotic': 4, 'Toxicroak': 3, 'Rhyperior': 2, 'Jynx': 2, 'Clefable': 4, 'Moltres': 2, 'Venusaur': 1, 'Donphan': 2, 'Meganium': 1, 'Medicham': 1, 'Floatzel': 1, 'Regirock': 2, 'Skuntank': 1, 'Slowking': 2, 'Altaria': 1, 'Kabutops': 1, 'Steelix': 1, 'Dugtrio': 1, 'Leafeon': 1, 'Magmortar': 1, 'Charizard': 1, 'Typhlosion': 1, 'Hitmonchan': 1, 'Feraligatr': 1, 'Aggron': 1}"
sonicboom66720,[Gen 4] UU,1,0,1,2019-06-11 06:52:02,2019-06-11 06:52:02,,,,"{'Altaria': 1, 'Exeggutor': 1, 'Hitmontop': 1, 'Rhyperior': 1, 'Feraligatr': 1, 'Drapion': 1}"
sonicboom73185,[Gen 4] UU,3,0,3,2016-04-01 20:37:48,2016-04-15 22:10:13,,,,"{'Tauros': 1, 'Floatzel': 1, 'Typhlosion': 1, 'Cradily': 1, 'Grumpig': 2, 'Misdreavus': 1, 'Magmortar': 1, 'Vileplume': 1, 'Armaldo': 2, 'Manectric': 1, 'Gastrodon': 1, 'Drifblim': 1, 'Rapidash': 1, 'Sandslash': 1, 'Dodrio': 1, 'Quagsire': 1}"
sonicboom78036,[Gen 4] UU,1,0,1,2015-04-30 02:04:40,2015-04-30 02:04:40,,,,"{'Meganium': 1, 'Medicham': 1, 'Regirock': 1, 'Hitmonchan': 1, 'Skuntank': 1, 'Slowking': 1}"
souldew86428,[Gen 4] UU,1,0,1,2016-04-23 23:13:08,2016-04-23 23:13:08,,,,"{'Milotic': 1, 'Absol': 1, 'Rhyperior': 1, 'Alakazam': 1, 'Blaziken': 1, 'Venusaur': 1}"
soundproof1168,[Gen 4] UU,4,1,3,2016-01-24 21:42:59,2024-03-29 02:58:55,,,,"{'Houndoom': 2, 'Rotom': 2, 'Dugtrio': 3, 'Feraligatr': 1, 'Uxie': 2, 'Venusaur': 3, 'Moltres': 1, 'Kabutops': 1, 'Swellow': 2, 'Leafeon': 1, 'Qwilfish': 1, 'Rhyperior': 1, 'Azumarill': 1, 'Hitmonlee': 1, 'Registeel': 1}"
soundproof39624,[Gen 4] UU,1,1,0,2017-03-26 15:12:29,2017-03-26 15:12:29,,,,"{'Milotic': 1, 'Omastar': 1, 'Hitmontop': 1, 'Weezing': 1, 'Spiritomb': 1, 'Clefable': 1}"
soundproof55910,[Gen 4] UU,1,1,0,2024-03-04 22:01:32,2024-03-04 22:01:32,1000.0,1000.0,[1000.0],"{'Ursaring': 1, 'Moltres': 1, 'Azumarill': 1, 'Registeel': 1, 'Venusaur': 1, 'Donphan': 1}"
soundproof84783,[Gen 4] UU,1,1,0,2024-03-15 16:37:15,2024-03-15 16:37:15,1000.0,1000.0,[1000.0],"{'Uxie': 1, 'Typhlosion': 1}"
soundproof93578,[Gen 4] UU,3,1,2,2019-09-21 12:45:27,2020-03-21 17:02:38,1040.0,1040.0,[1040.0],"{'Rapidash': 3, 'Onix': 3, 'Victreebel': 3, 'Metang': 3, 'Purugly': 3, 'Tangela': 3}"
soundproof94374,[Gen 4] UU,2,0,2,2014-06-29 16:29:55,2014-06-29 17:13:54,,,,"{'Scyther': 2, 'Rhyperior': 2, 'Weezing': 2, 'Dugtrio': 2, 'Blaziken': 2, 'Swellow': 2}"
spacialrend93815,[Gen 4] UU,16,10,6,2023-03-24 14:13:21,2024-08-22 16:21:09,,,,"{'Rhyperior': 4, 'Venusaur': 6, 'Houndoom': 6, 'Uxie': 9, 'Swellow': 3, 'Blastoise': 2, 'Milotic': 4, 'Kangaskhan': 1, 'Mismagius': 7, 'Registeel': 4, 'Blaziken': 2, 'Ursaring': 2, 'Altaria': 2, 'Toxicroak': 2, 'Alakazam': 3, 'Moltres': 2, 'Omastar': 3, 'Hitmontop': 1, 'Qwilfish': 2, 'Torterra': 2, 'Hitmonlee': 2, 'Poliwrath': 1, 'Donphan': 1, 'Sceptile': 3, 'Skuntank': 2, 'Clefable': 1, 'Absol': 1, 'Rotom': 1, 'Slowking': 1, 'Lanturn': 1, 'Leafeon': 3, 'Hariyama': 1, 'Weezing': 1, 'Steelix': 1, 'Mesprit': 1, 'Spiritomb': 1, 'Kabutops': 1, 'Dugtrio': 1}"
spark19910,[Gen 4] UU,11,7,4,2014-07-26 17:31:26,2016-03-15 23:33:58,,,,"{'Venomoth': 2, 'Charizard': 3, 'Vileplume': 3, 'Sandslash': 3, 'Medicham': 2, 'Slowking': 2, 'Milotic': 8, 'Blaziken': 8, 'Aggron': 8, 'Venusaur': 8, 'Uxie': 8, 'Alakazam': 7, 'Flareon': 1, 'Mantine': 1, 'Skuntank': 1}"
spark872,[Gen 4] UU,1,1,0,2019-11-18 19:28:53,2019-11-18 19:28:53,,,,"{'Claydol': 1, 'Torterra': 1, 'Alakazam': 1, 'Registeel': 1, 'Blaziken': 1, 'Ambipom': 1}"
spark89163,[Gen 4] UU,2,1,1,2020-08-15 10:17:10,2020-08-16 11:14:13,,,,"{'Snover': 1, 'Metang': 1, 'Monferno': 1, 'Tentacool': 1, 'Sealeo': 1, 'Misdreavus': 1, 'Steelix': 1, 'Dugtrio': 1, 'Uxie': 1, 'Swellow': 1, 'Blastoise': 1, 'Leafeon': 1}"
spark90381,[Gen 4] UU,2,1,1,2018-08-30 20:58:58,2018-08-30 21:09:18,,,,"{'Mesprit': 2, 'Kabutops': 2, 'Dugtrio': 2, 'Arcanine': 2, 'Swellow': 2, 'Leafeon': 2}"
spearow67105,[Gen 4] UU,3,2,1,2024-11-26 14:09:21,2024-11-26 14:21:16,,,,"{'Moltres': 1, 'Sceptile': 1, 'Skuntank': 1, 'Clefable': 1, 'Slowking': 1, 'Donphan': 1, 'Ludicolo': 1, 'Toxicroak': 1, 'Kabutops': 1, 'Dugtrio': 1, 'Registeel': 1, 'Uxie': 1, 'Arcanine': 1, 'Mesprit': 1, 'Leafeon': 1}"
spearow81430,[Gen 4] UU,2,2,0,2024-03-21 17:31:47,2024-03-26 17:21:30,1000.0,1054.0,"[1000.0, 1054.0]","{'Milotic': 2, 'Exeggutor': 1, 'Mismagius': 2, 'Aggron': 2, 'Miltank': 2, 'Uxie': 1, 'Wailord': 1, 'Claydol': 1}"
special62881,[Gen 4] UU,2,1,1,2024-02-19 23:56:15,2024-02-20 00:07:03,,,,"{'Cloyster': 2, 'Mismagius': 2, 'Sceptile': 2, 'Chansey': 1, 'Houndoom': 1, 'Swellow': 1}"
special97664,[Gen 4] UU,1,1,0,2024-03-24 04:11:40,2024-03-24 04:11:40,,,,"{'Moltres': 1, 'Qwilfish': 1, 'Torterra': 1, 'Kabutops': 1, 'Swellow': 1}"
speedboost35574,[Gen 4] UU,3,1,2,2024-03-16 17:30:14,2024-03-16 17:45:51,,,,"{'Moltres': 1, 'Rhyperior': 2, 'Drapion': 2, 'Primeape': 2, 'Alakazam': 3, 'Blastoise': 2, 'Hariyama': 1, 'Mismagius': 1, 'Feraligatr': 1, 'Venusaur': 1, 'Houndoom': 1}"
speedboost43941,[Gen 4] UU,18,18,0,2020-07-03 14:36:39,2020-07-18 15:03:50,1000.0,1375.0,"[1070.0, 1000.0, 1066.0, 1240.0, 1259.0, 1100.0, 1029.0, 1375.0, 1059.0]","{'Claydol': 15, 'Cacturne': 16, 'Clefable': 18, 'Registeel': 14, 'Hippopotas': 18, 'Cradily': 15}"
spheal43539,[Gen 4] UU,2,0,2,2019-08-28 22:41:28,2019-08-29 21:28:08,,,,"{'Mantyke': 2, 'Shelgon': 2, 'Graveler': 2, 'Wartortle': 2, 'Tangela': 2, 'Magmar': 2}"
spheal63839,[Gen 4] UU,1,0,1,2025-05-28 08:24:35,2025-05-28 08:24:35,,,,"{'Mismagius': 1, 'Qwilfish': 1, 'Clefable': 1, 'Arcanine': 1, 'Alakazam': 1, 'Leafeon': 1}"
spheal7278,[Gen 4] UU,36,20,16,2017-01-01 18:24:49,2018-10-06 02:37:40,,,,"{'Poliwrath': 16, 'Sneasel': 9, 'Mr. Mime': 8, 'Muk': 13, 'Solrock': 4, 'Drifblim': 7, 'Rapidash': 7, 'Octillery': 3, 'Misdreavus': 18, 'Armaldo': 2, 'Bellossom': 1, 'Articuno': 4, 'Electabuzz': 7, 'Purugly': 11, 'Golbat': 7, 'Kadabra': 3, 'Monferno': 6, 'Probopass': 5, 'Gastrodon': 6, 'Metang': 12, 'Quagsire': 3, 'Glalie': 4, 'Cacturne': 14, 'Pelipper': 5, 'Marowak': 2, 'Victreebel': 5, 'Machoke': 3, 'Rhydon': 6, 'Golduck': 2, 'Gastly': 2, 'Gabite': 1, 'Murkrow': 4, 'Relicanth': 2, 'Sableye': 1}"
spheal82810,[Gen 4] UU,1,0,1,2016-04-11 02:40:25,2016-04-11 02:40:25,,,,"{'Regice': 1, 'Tauros': 1, 'Nidoqueen': 1, 'Skuntank': 1, 'Slowking': 1, 'Drifblim': 1}"
spiderweb13334,[Gen 4] UU,1,0,1,2017-08-28 05:17:29,2017-08-28 05:17:29,,,,"{'Scyther': 1, 'Manectric': 1, 'Ninetales': 1, 'Claydol': 1, 'Torterra': 1, 'Registeel': 1}"
spiderweb14880,[Gen 4] UU,1,0,1,2019-10-23 22:57:35,2019-10-23 22:57:35,,,,"{'Milotic': 1, 'Hariyama': 1, 'Qwilfish': 1, 'Rotom': 1, 'Registeel': 1, 'Venusaur': 1}"
spiderweb27115,[Gen 4] UU,4,1,3,2020-02-26 01:47:27,2020-08-02 15:50:17,,,,"{'Mismagius': 1, 'Sceptile': 1, 'Kabutops': 1, 'Registeel': 1, 'Arcanine': 1, 'Donphan': 1, 'Marshtomp': 2, 'Kadabra': 1, 'Monferno': 2, 'Metang': 2, 'Roselia': 1, 'Misdreavus': 2, 'Gligar': 1, 'Murkrow': 2, 'Lombre': 1, 'Buizel': 1, 'Flaaffy': 1, 'Wartortle': 1, 'Golbat': 1}"
spiderweb58702,[Gen 4] UU,1,0,1,2019-05-13 03:01:40,2019-05-13 03:01:40,,,,"{'Mismagius': 1, 'Toxicroak': 1, 'Rhyperior': 1, 'Jynx': 1, 'Feraligatr': 1, 'Venusaur': 1}"
spiderweb72695,[Gen 4] UU,4,2,2,2015-03-24 20:57:22,2017-02-25 17:59:15,,,,"{'Moltres': 3, 'Scyther': 2, 'Torterra': 2, 'Kabutops': 2, 'Lanturn': 2, 'Registeel': 2, 'Yanma': 1, 'Luxray': 1, 'Armaldo': 1, 'Carnivine': 1, 'Fearow': 1, 'Articuno': 1, 'Mismagius': 1, 'Qwilfish': 1, 'Rhyperior': 1, 'Spiritomb': 1, 'Blastoise': 1}"
spikecannon7239,[Gen 4] UU,12,5,7,2017-01-13 02:54:59,2017-10-11 00:11:09,,,,"{'Blaziken': 1, 'Mismagius': 1, 'Registeel': 2, 'Slowking': 1, 'Donphan': 2, 'Leafeon': 2, 'Ludicolo': 1, 'Electrode': 1, 'Kabutops': 2, 'Dugtrio': 2, 'Uxie': 2, 'Milotic': 4, 'Toxicroak': 3, 'Rhyperior': 3, 'Jynx': 3, 'Clefable': 4, 'Feraligatr': 3, 'Machoke': 2, 'Armaldo': 2, 'Mr. Mime': 2, 'Muk': 2, 'Gastrodon': 3, 'Articuno': 2, 'Sceptile': 1, 'Aggron': 2, 'Nidoking': 1, 'Swellow': 2, 'Blastoise': 1, 'Moltres': 1, 'Venusaur': 1, 'Rapidash': 1, 'Onix': 1, 'Victreebel': 1, 'Purugly': 1, 'Tangela': 1, 'Kadabra': 1, 'Monferno': 1, 'Probopass': 1, 'Misdreavus': 1, 'Golbat': 1, 'Mesprit': 1, 'Arcanine': 1}"
spikecannon97564,[Gen 4] UU,9,3,6,2016-10-12 15:19:39,2022-03-23 21:18:18,,,,"{'Moltres': 4, 'Donphan': 2, 'Toxicroak': 2, 'Registeel': 4, 'Ambipom': 3, 'Blastoise': 3, 'Kabutops': 1, 'Venusaur': 2, 'Dugtrio': 2, 'Milotic': 2, 'Claydol': 2, 'Uxie': 2, 'Drapion': 1, 'Manectric': 3, 'Slowking': 3, 'Medicham': 3, 'Armaldo': 3, 'Charizard': 2, 'Tauros': 2, 'Hariyama': 1, 'Kangaskhan': 1, 'Omastar': 1, 'Hitmontop': 1, 'Rhyperior': 1}"
spikes21222,[Gen 4] UU,2,0,2,2018-01-21 23:22:41,2018-01-21 23:28:02,,,,"{'Hitmontop': 2, 'Miltank': 2, 'Dugtrio': 2, 'Spiritomb': 2, 'Chatot': 2, 'Alakazam': 2}"
spikes55832,[Gen 4] UU,13,13,0,2024-06-12 22:34:50,2025-03-25 20:51:40,,,,"{'Skuntank': 2, 'Leafeon': 3, 'Omastar': 3, 'Houndoom': 1, 'Scyther': 1, 'Registeel': 5, 'Charizard': 2, 'Altaria': 1, 'Snover': 1, 'Hitmontop': 1, 'Nidoqueen': 1, 'Pinsir': 1, 'Typhlosion': 1, 'Azumarill': 1, 'Rhyperior': 1, 'Mismagius': 2, 'Cacturne': 1, 'Blaziken': 1, 'Kangaskhan': 1, 'Venusaur': 1, 'Heracross': 1, 'Rotom': 1, 'Swellow': 1, 'Froslass': 1, 'Entei': 1, 'Slowking': 1, 'Glalie': 1, 'Beedrill': 1}"
spikes7516,[Gen 4] UU,1,0,1,2016-10-15 22:04:29,2016-10-15 22:04:29,,,,"{'Mesprit': 1, 'Kabutops': 1, 'Dugtrio': 1, 'Arcanine': 1, 'Swellow': 1, 'Leafeon': 1}"
spikes9317,[Gen 4] UU,3,3,0,2016-11-13 02:58:11,2016-11-13 03:20:33,,,,"{'Kangaskhan': 3, 'Qwilfish': 3, 'Torterra': 3, 'Rotom': 3, 'Slowking': 3, 'Primeape': 3}"
spinarak94206,[Gen 4] UU,1,0,1,2019-06-27 02:01:45,2019-06-27 02:01:45,,,,"{'Milotic': 1, 'Mismagius': 1, 'Houndoom': 1, 'Registeel': 1, 'Primeape': 1, 'Venusaur': 1}"
spiritomb40943,[Gen 4] UU,1,1,0,2020-07-13 04:49:53,2020-07-13 04:49:53,,,,"{'Hariyama': 1, 'Aggron': 1, 'Rotom': 1, 'Uxie': 1, 'Slowking': 1, 'Blastoise': 1}"
spiritomb59019,[Gen 4] UU,1,0,1,2016-05-15 22:50:39,2016-05-15 22:50:39,,,,"{'Moltres': 1, 'Hariyama': 1, 'Sceptile': 1, 'Azumarill': 1, 'Clefable': 1, 'Swellow': 1}"
spitup13780,[Gen 4] UU,2,0,2,2018-08-30 20:58:58,2018-09-20 18:58:03,,,,"{'Magmortar': 1, 'Meganium': 1, 'Tauros': 1, 'Medicham': 1, 'Jynx': 1, 'Probopass': 1, 'Moltres': 1, 'Milotic': 1, 'Aggron': 1, 'Clefable': 1, 'Venusaur': 1, 'Donphan': 1}"
spitup56993,[Gen 4] UU,9,4,5,2016-05-27 18:34:13,2016-07-30 14:38:32,,,,"{'Sandslash': 4, 'Typhlosion': 1, 'Regirock': 4, 'Skuntank': 1, 'Jumpluff': 1, 'Gardevoir': 1, 'Shiftry': 3, 'Rapidash': 3, 'Tauros': 7, 'Poliwrath': 3, 'Muk': 3, 'Moltres': 1, 'Milotic': 1, 'Aggron': 1, 'Clefable': 1, 'Venusaur': 1, 'Donphan': 1, 'Charizard': 4, 'Gligar': 4, 'Medicham': 4, 'Slowking': 4}"
splash1121,[Gen 4] UU,1,1,0,2017-10-24 11:57:18,2017-10-24 11:57:18,,,,"{'Politoed': 1, 'Sandslash': 1, 'Lickilicky': 1, 'Regirock': 1}"
splash22725,[Gen 4] UU,1,1,0,2020-06-10 19:47:02,2020-06-10 19:47:02,,,,"{'Drapion': 1, 'Alakazam': 1, 'Donphan': 1, 'Leafeon': 1}"
splash31843,[Gen 4] UU,2,1,1,2016-07-06 21:06:54,2016-10-20 00:52:56,,,,"{'Charizard': 1, 'Gligar': 1, 'Hitmonchan': 1, 'Sneasel': 1, 'Slowking': 1, 'Lickilicky': 1, 'Victreebel': 1, 'Ninetales': 1, 'Persian': 1}"
splash55903,[Gen 4] UU,1,1,0,2018-06-03 21:34:17,2018-06-03 21:34:17,,,,"{'Milotic': 1, 'Kangaskhan': 1, 'Mismagius': 1, 'Houndoom': 1, 'Venusaur': 1, 'Donphan': 1}"
splashplate37713,[Gen 4] UU,1,0,1,2016-10-22 07:38:41,2016-10-22 07:38:41,,,,"{'Milotic': 1, 'Toxicroak': 1, 'Torterra': 1, 'Rotom': 1, 'Houndoom': 1, 'Alakazam': 1}"
spoink1337,[Gen 4] UU,2,1,1,2024-01-08 01:05:19,2024-03-04 17:53:42,1091.0,1091.0,[1091.0],"{'Snover': 2, 'Walrein': 2, 'Dugtrio': 1, 'Clefable': 2, 'Uxie': 2, 'Donphan': 1, 'Slowking': 1}"
spoink27592,[Gen 4] UU,2,2,0,2024-08-24 00:41:18,2024-08-24 00:47:47,,,,"{'Ursaring': 1, 'Absol': 1, 'Ludicolo': 1, 'Mismagius': 2, 'Qwilfish': 1, 'Uxie': 1, 'Blaziken': 1, 'Rhyperior': 1, 'Weezing': 1, 'Clefable': 1, 'Slowking': 1}"
spoink6488,[Gen 4] UU,1,0,1,2024-06-30 19:39:58,2024-06-30 19:39:58,,,,"{'Mismagius': 1, 'Qwilfish': 1, 'Arcanine': 1, 'Alakazam': 1, 'Leafeon': 1}"
spoink65568,[Gen 4] UU,1,1,0,2020-07-28 21:04:13,2020-07-28 21:04:13,,,,"{'Milotic': 1, 'Absol': 1, 'Rhyperior': 1, 'Blaziken': 1, 'Venusaur': 1}"
spoink8326,[Gen 4] UU,1,0,1,2024-03-04 01:40:35,2024-03-04 01:40:35,1019.0,1019.0,[1019.0],"{'Kangaskhan': 1, 'Mismagius': 1, 'Omastar': 1, 'Spiritomb': 1, 'Alakazam': 1}"
spoink89835,[Gen 4] UU,1,1,0,2022-05-08 15:01:56,2022-05-08 15:01:56,,,,"{'Registeel': 1, 'Uxie': 1, 'Entei': 1, 'Sceptile': 1}"
spookyplate13179,[Gen 4] UU,9,6,3,2023-08-26 13:56:14,2023-10-05 19:21:29,,,,"{'Mismagius': 4, 'Toxicroak': 3, 'Torterra': 3, 'Registeel': 5, 'Arcanine': 3, 'Blastoise': 3, 'Milotic': 1, 'Entei': 1, 'Clefable': 1, 'Uxie': 1, 'Donphan': 1, 'Omastar': 4, 'Kabutops': 4, 'Spiritomb': 4, 'Blaziken': 5, 'Primeape': 4, 'Venusaur': 4, 'Hariyama': 1, 'Sceptile': 1, 'Slowking': 1}"
spookyplate71988,[Gen 4] UU,1,1,0,2019-04-02 16:04:04,2019-04-02 16:04:04,,,,"{'Mesprit': 1, 'Kabutops': 1, 'Dugtrio': 1, 'Arcanine': 1, 'Swellow': 1, 'Leafeon': 1}"
spore36421,[Gen 4] UU,1,0,1,2020-07-25 19:53:20,2020-07-25 19:53:20,1000.0,1000.0,[1000.0],"{'Cloyster': 1, 'Toxicroak': 1, 'Venusaur': 1, 'Swellow': 1, 'Arcanine': 1, 'Alakazam': 1}"
sportball27112,[Gen 4] UU,12,9,3,2016-04-27 00:26:59,2022-04-10 19:34:39,,,,"{'Gligar': 1, 'Sandslash': 3, 'Sableye': 1, 'Quagsire': 1, 'Roselia': 1, 'Hypno': 2, 'Golduck': 5, 'Gabite': 4, 'Monferno': 5, 'Cacturne': 5, 'Electabuzz': 3, 'Misdreavus': 5, 'Venomoth': 1, 'Regirock': 1, 'Dusclops': 1, 'Lickilicky': 2, 'Lunatone': 2, 'Xatu': 2, 'Shedinja': 2, 'Sneasel': 1, 'Cradily': 2, 'Snover': 1, 'Nidoqueen': 2, 'Hitmonchan': 1, 'Walrein': 1, 'Moltres': 2, 'Hitmontop': 1, 'Rotom': 1, 'Clefable': 2, 'Registeel': 2, 'Milotic': 1, 'Mesprit': 1, 'Donphan': 1}"
stall21090,[Gen 4] UU,2,2,0,2017-02-14 22:51:37,2017-02-14 22:59:36,,,,"{'Milotic': 1, 'Mismagius': 1, 'Registeel': 1, 'Houndoom': 1, 'Primeape': 1, 'Venusaur': 1, 'Snover': 1, 'Hariyama': 1, 'Walrein': 1, 'Jynx': 1, 'Uxie': 1}"
stall25723,[Gen 4] UU,1,0,1,2017-05-06 16:59:57,2017-05-06 16:59:57,,,,"{'Snover': 1, 'Altaria': 1, 'Hitmontop': 1, 'Nidoqueen': 1, 'Walrein': 1, 'Spiritomb': 1}"
stall29783,[Gen 4] UU,1,0,1,2016-07-08 13:41:35,2016-07-08 13:41:35,,,,"{'Moltres': 1, 'Scyther': 1, 'Torterra': 1, 'Kabutops': 1, 'Lanturn': 1, 'Registeel': 1}"
stall32730,[Gen 4] UU,1,1,0,2019-12-20 19:11:06,2019-12-20 19:11:06,,,,"{'Shelgon': 1, 'Monferno': 1}"
stall73277,[Gen 4] UU,6,3,3,2020-05-10 12:51:45,2020-05-10 13:57:24,,,,"{'Hariyama': 5, 'Mismagius': 6, 'Dragonair': 5, 'Weezing': 5, 'Registeel': 6, 'Arcanine': 6}"
stall76104,[Gen 4] UU,70,47,23,2014-07-03 03:25:44,2024-05-05 20:57:09,,,,"{'Arcanine': 22, 'Exeggutor': 14, 'Kabutops': 19, 'Haunter': 4, 'Regirock': 5, 'Skuntank': 4, 'Manectric': 6, 'Slowking': 9, 'Roselia': 4, 'Kangaskhan': 4, 'Qwilfish': 19, 'Torterra': 10, 'Rotom': 27, 'Primeape': 5, 'Kecleon': 4, 'Omanyte': 1, 'Sableye': 4, 'Misdreavus': 1, 'Slaking': 4, 'Moltres': 8, 'Milotic': 10, 'Donphan': 8, 'Lunatone': 3, 'Quagsire': 3, 'Victreebel': 3, 'Cloyster': 4, 'Snover': 3, 'Claydol': 1, 'Mismagius': 14, 'Hitmontop': 2, 'Walrein': 3, 'Scyther': 4, 'Toxicroak': 5, 'Houndoom': 12, 'Blastoise': 10, 'Mesprit': 5, 'Omastar': 6, 'Clefable': 12, 'Blaziken': 14, 'Registeel': 12, 'Rhyperior': 12, 'Dugtrio': 10, 'Uxie': 1, 'Venusaur': 6, 'Drapion': 5, 'Sceptile': 2, 'Entei': 1, 'Hitmonlee': 1, 'Aggron': 2, 'Leafeon': 12, 'Swellow': 8, 'Alakazam': 1, 'Nidoking': 7, 'Machoke': 3, 'Charizard': 3, 'Sandslash': 3, 'Jumpluff': 3, 'Whiscash': 3, 'Spiritomb': 2, 'Azumarill': 1, 'Nidoqueen': 2, 'Linoone': 1, 'Camerupt': 1, 'Gastrodon-East': 1, 'Mr. Mime': 1, 'Pelipper': 1, 'Purugly': 1, 'Steelix': 1, 'Absol': 1}"
stantler13317,[Gen 4] UU,1,1,0,2018-04-18 14:37:49,2018-04-18 14:37:49,,,,"{'Hitmontop': 1, 'Torterra': 1, 'Spiritomb': 1, 'Feraligatr': 1, 'Uxie': 1, 'Arcanine': 1}"
staraptor1805,[Gen 4] UU,1,0,1,2020-07-13 19:29:17,2020-07-13 19:29:17,,,,"{'Hariyama': 1, 'Miltank': 1, 'Dugtrio': 1, 'Drapion': 1, 'Swellow': 1, 'Blastoise': 1}"
staraptor21329,[Gen 4] UU,7,2,5,2015-12-02 15:40:32,2016-07-16 15:42:25,,,,"{'Magcargo': 3, 'Trapinch': 3, 'Zangoose': 3, 'Crawdaunt': 3, 'Pikachu': 3, 'Linoone': 3, 'Snover': 2, 'Hitmontop': 2, 'Nidoqueen': 2, 'Walrein': 2, 'Chansey': 2, 'Registeel': 3, 'Absol': 1, 'Rhyperior': 1, 'Azumarill': 1, 'Venusaur': 2, 'Blaziken': 1, 'Swellow': 1, 'Moltres': 1, 'Mismagius': 1, 'Dugtrio': 1, 'Blastoise': 1}"
staraptor50288,[Gen 4] UU,1,0,1,2024-05-05 14:52:53,2024-05-05 14:52:53,,,,"{'Mismagius': 1, 'Qwilfish': 1, 'Clefable': 1, 'Arcanine': 1, 'Alakazam': 1, 'Leafeon': 1}"
staraptor62651,[Gen 4] UU,2,0,2,2017-05-31 22:40:51,2017-05-31 22:41:08,,,,"{'Moltres': 2, 'Mismagius': 2, 'Claydol': 2, 'Hitmonchan': 2, 'Sneasel': 1, 'Glalie': 2, 'Uxie': 1}"
staraptor98832,[Gen 4] UU,1,0,1,2016-06-23 20:01:18,2016-06-23 20:01:18,,,,"{'Milotic': 1, 'Mesprit': 1, 'Toxicroak': 1, 'Torterra': 1, 'Blaziken': 1, 'Ambipom': 1}"
staravia1749,[Gen 4] UU,1,0,1,2019-11-20 22:25:10,2019-11-20 22:25:10,,,,"{'Mesprit': 1, 'Kabutops': 1, 'Dugtrio': 1, 'Arcanine': 1, 'Swellow': 1, 'Leafeon': 1}"
staravia92653,[Gen 4] UU,4,0,4,2017-09-24 02:55:24,2018-05-23 23:42:35,,,,"{'Snover': 1, 'Altaria': 1, 'Jynx': 1, 'Drapion': 1, 'Donphan': 1, 'Articuno': 1, 'Scyther': 1, 'Rhyperior': 1, 'Rotom': 2, 'Clefable': 1, 'Arcanine': 1, 'Blastoise': 1, 'Ursaring': 1, 'Exeggutor': 1, 'Wigglytuff': 1, 'Dugtrio': 1, 'Espeon': 1, 'Glaceon': 1, 'Milotic': 1, 'Hariyama': 1, 'Qwilfish': 1, 'Registeel': 1, 'Venusaur': 1}"
starly16557,[Gen 4] UU,1,0,1,2020-07-27 16:11:54,2020-07-27 16:11:54,,,,"{'Milotic': 1, 'Absol': 1, 'Mismagius': 1, 'Clefable': 1, 'Arcanine': 1, 'Donphan': 1}"
starly2668,[Gen 4] UU,1,0,1,2018-12-24 00:36:10,2018-12-24 00:36:10,,,,"{'Camerupt': 1, 'Lapras': 1, 'Weezing': 1, 'Steelix': 1, 'Clefable': 1, 'Venusaur': 1}"
starly34047,[Gen 4] UU,1,1,0,2016-10-16 14:06:06,2016-10-16 14:06:06,,,,"{'Kingler': 1, 'Camerupt': 1, 'Charizard': 1, 'Dodrio': 1, 'Gardevoir': 1, 'Glalie': 1}"
starly55257,[Gen 4] UU,2,1,1,2014-06-29 16:50:38,2014-06-29 17:33:07,,,,"{'Exeggutor': 2, 'Lapras': 2, 'Zangoose': 2, 'Typhlosion': 2, 'Regirock': 2, 'Hitmonchan': 2}"
starly68656,[Gen 4] UU,1,0,1,2016-11-02 22:02:59,2016-11-02 22:02:59,,,,"{'Tauros': 1, 'Haunter': 1, 'Manectric': 1, 'Rhydon': 1, 'Glalie': 1, 'Drifblim': 1}"
starly85456,[Gen 4] UU,1,0,1,2017-01-15 21:06:24,2017-01-15 21:06:24,,,,"{'Milotic': 1, 'Weezing': 1, 'Clefable': 1, 'Registeel': 1, 'Venusaur': 1, 'Donphan': 1}"
starmie2166,[Gen 4] UU,6,5,1,2014-12-12 05:10:36,2015-07-27 00:17:34,,,,"{'Milotic': 3, 'Vileplume': 1, 'Tauros': 1, 'Manectric': 1, 'Alakazam': 3, 'Donphan': 2, 'Altaria': 1, 'Sharpedo': 1, 'Mesprit': 1, 'Kangaskhan': 1, 'Arcanine': 4, 'Shuckle': 1, 'Sceptile': 1, 'Aggron': 1, 'Lanturn': 1, 'Clefable': 1, 'Absol': 2, 'Hitmontop': 2, 'Registeel': 2, 'Torkoal': 1, 'Delcatty': 1, 'Jynx': 1, 'Hitmonlee': 1, 'Gardevoir': 1, 'Venusaur': 1}"
staryu27556,[Gen 4] UU,1,1,0,2020-06-29 14:54:25,2020-06-29 14:54:25,,,,"{'Gligar': 1, 'Monferno': 1, 'Wartortle': 1, 'Vigoroth': 1, 'Grovyle': 1, 'Misdreavus': 1}"
staryu33770,[Gen 4] UU,1,1,0,2018-08-24 16:48:45,2018-08-24 16:48:45,,,,"{'Moltres': 1, 'Cloyster': 1, 'Absol': 1, 'Swellow': 1, 'Venusaur': 1, 'Donphan': 1}"
staryu47217,[Gen 4] UU,1,0,1,2024-07-13 02:49:02,2024-07-13 02:49:02,,,,"{'Moltres': 1, 'Absol': 1, 'Qwilfish': 1, 'Swellow': 1, 'Venusaur': 1, 'Donphan': 1}"
staryu56477,[Gen 4] UU,1,0,1,2024-10-31 23:13:45,2024-10-31 23:13:45,,,,"{'Mesprit': 1, 'Claydol': 1, 'Miltank': 1, 'Houndoom': 1, 'Blastoise': 1}"
staryu66980,[Gen 4] UU,1,1,0,2024-11-29 06:05:04,2024-11-29 06:05:04,,,,"{'Moltres': 1, 'Cloyster': 1, 'Mismagius': 1, 'Registeel': 1, 'Venusaur': 1}"
static20382,[Gen 4] UU,1,0,1,2017-07-11 21:21:08,2017-07-11 21:21:08,,,,"{'Wormadam-Trash': 1, 'Magmortar': 1, 'Flareon': 1, 'Octillery': 1, 'Seaking': 1, 'Corsola': 1}"
static83539,[Gen 4] UU,1,1,0,2017-12-01 22:44:17,2017-12-01 22:44:17,,,,"{'Milotic': 1, 'Omastar': 1, 'Hitmontop': 1, 'Weezing': 1, 'Chansey': 1, 'Spiritomb': 1}"
status4109,[Gen 4] UU,1,0,1,2018-09-23 23:10:31,2018-09-23 23:10:31,,,,"{'Milotic': 1, 'Mismagius': 1, 'Houndoom': 1, 'Registeel': 1, 'Primeape': 1, 'Venusaur': 1}"
steadfast53674,[Gen 4] UU,1,0,1,2017-12-13 23:38:05,2017-12-13 23:38:05,,,,"{'Milotic': 1, 'Mesprit': 1, 'Toxicroak': 1, 'Torterra': 1, 'Blaziken': 1, 'Ambipom': 1}"
stealthrock12891,[Gen 4] UU,1,0,1,2017-09-01 13:09:39,2017-09-01 13:09:39,,,,"{'Poliwrath': 1, 'Muk': 1, 'Sableye': 1, 'Rhydon': 1, 'Lickilicky': 1}"
stealthrock33644,[Gen 4] UU,2,1,1,2015-11-22 01:48:31,2015-11-23 23:28:07,1000.0,1000.0,[1000.0],"{'Milotic': 1, 'Sceptile': 1, 'Arcanine': 1, 'Glaceon': 1, 'Alakazam': 1, 'Donphan': 1, 'Charizard': 1, 'Pinsir': 1, 'Floatzel': 1, 'Regirock': 1, 'Manectric': 1, 'Tangela': 1}"
stealthrock39466,[Gen 4] UU,1,0,1,2023-12-11 01:30:38,2023-12-11 01:30:38,,,,"{'Moltres': 1, 'Spiritomb': 1, 'Clefable': 1, 'Registeel': 1, 'Blastoise': 1}"
stealthrock59116,[Gen 4] UU,1,1,0,2024-10-20 02:48:25,2024-10-20 02:48:25,,,,"{'Milotic': 1, 'Dugtrio': 1, 'Clefable': 1, 'Registeel': 1, 'Uxie': 1, 'Venusaur': 1}"
stealthrock62134,[Gen 4] UU,3,1,2,2017-01-16 20:02:43,2017-01-16 20:26:03,,,,"{'Gabite': 2, 'Poliwrath': 3, 'Victreebel': 2, 'Rhydon': 3, 'Glalie': 2, 'Yanma': 2, 'Armaldo': 1, 'Muk': 1, 'Sableye': 1, 'Purugly': 1}"
stealthrock73616,[Gen 4] UU,1,1,0,2020-07-17 00:46:20,2020-07-17 00:46:20,,,,"{'Milotic': 1, 'Mesprit': 1, 'Toxicroak': 1, 'Torterra': 1, 'Ambipom': 1}"
steel1146,[Gen 4] UU,3,3,0,2024-03-04 21:21:03,2024-03-04 21:44:34,1000.0,1156.0,"[1000.0, 1007.0, 1156.0]","{'Arcanine': 2, 'Drapion': 3, 'Swellow': 2, 'Claydol': 2, 'Milotic': 1, 'Venusaur': 1}"
steel45467,[Gen 4] UU,3,2,1,2016-01-24 18:42:29,2016-02-10 03:56:08,,,,"{'Moltres': 3, 'Rotom': 2, 'Dugtrio': 2, 'Registeel': 3, 'Venusaur': 2, 'Blastoise': 2}"
steel48281,[Gen 4] UU,1,1,0,2016-06-08 16:24:16,2016-06-08 16:24:16,,,,"{'Nidoqueen': 1, 'Hitmonchan': 1, 'Skuntank': 1, 'Slowking': 1, 'Gardevoir': 1}"
steel57562,[Gen 4] UU,1,1,0,2020-03-19 04:14:52,2020-03-19 04:14:52,1060.0,1060.0,[1060.0],"{'Sceptile': 1, 'Omastar': 1, 'Hitmontop': 1, 'Arcanine': 1, 'Alakazam': 1}"
steel99151,[Gen 4] UU,1,0,1,2016-01-30 21:43:28,2016-01-30 21:43:28,,,,"{'Scyther': 1, 'Milotic': 1, 'Altaria': 1, 'Sceptile': 1, 'Rhyperior': 1, 'Hitmontop': 1}"
steelix77074,[Gen 4] UU,1,0,1,2019-03-03 21:03:32,2019-03-03 21:03:32,,,,"{'Ursaring': 1, 'Omastar': 1, 'Rotom': 1, 'Swellow': 1, 'Blaziken': 1, 'Alakazam': 1}"
steelwing24793,[Gen 4] UU,2,1,1,2015-04-20 23:19:54,2015-04-27 07:45:57,,,,"{'Milotic': 2, 'Rotom': 2, 'Arcanine': 1, 'Glalie': 1, 'Venusaur': 2, 'Donphan': 2}"
steelwing42793,[Gen 4] UU,1,0,1,2017-06-20 03:17:34,2017-06-20 03:17:34,,,,"{'Vileplume': 1, 'Charizard': 1, 'Sandslash': 1, 'Floatzel': 1, 'Skuntank': 1, 'Gardevoir': 1}"
steelwing57984,[Gen 4] UU,1,0,1,2017-08-05 15:38:40,2017-08-05 15:38:40,1000.0,1000.0,[1000.0],"{'Moltres': 1, 'Shiftry': 1, 'Hitmontop': 1, 'Kabutops': 1, 'Dugtrio': 1, 'Ambipom': 1}"
stench25210,[Gen 4] UU,4,0,4,2015-04-04 19:42:34,2023-07-22 12:24:17,,,,"{'Toxicroak': 1, 'Chansey': 1, 'Spiritomb': 2, 'Alakazam': 1, 'Venusaur': 2, 'Blastoise': 2, 'Mesprit': 2, 'Feraligatr': 1, 'Registeel': 1, 'Rotom': 2, 'Houndoom': 1, 'Mismagius': 2, 'Qwilfish': 2, 'Blaziken': 1, 'Drapion': 1, 'Moltres': 1, 'Rhyperior': 1}"
stench68627,[Gen 4] UU,1,0,1,2017-01-08 20:22:39,2017-01-08 20:22:39,,,,"{'Altaria': 1, 'Cloyster': 1, 'Weezing': 1, 'Registeel': 1, 'Arcanine': 1, 'Leafeon': 1}"
stench71544,[Gen 4] UU,2,0,2,2014-06-29 16:51:06,2014-06-29 17:15:27,,,,"{'Milotic': 2, 'Sceptile': 2, 'Entei': 2, 'Uxie': 2, 'Drapion': 2, 'Alakazam': 2}"
stick51761,[Gen 4] UU,1,0,1,2020-01-24 21:32:22,2020-01-24 21:32:22,,,,"{'Shinx': 1, 'Chingling': 1, 'Kricketot': 1, 'Pachirisu': 1, 'Chatot': 1}"
stick82153,[Gen 4] UU,1,1,0,2017-01-23 20:57:49,2017-01-23 20:57:49,,,,"{'Houndoom': 1, 'Primeape': 1, 'Venusaur': 1, 'Mismagius': 1}"
stickybarb30509,[Gen 4] UU,1,0,1,2019-12-27 02:05:04,2019-12-27 02:05:04,,,,"{'Moltres': 1, 'Milotic': 1, 'Aggron': 1, 'Clefable': 1, 'Venusaur': 1, 'Donphan': 1}"
stickybarb45781,[Gen 4] UU,43,24,19,2019-06-16 04:58:56,2025-05-25 20:25:07,,,,"{'Scyther': 6, 'Hariyama': 2, 'Entei': 4, 'Rhyperior': 15, 'Kabutops': 4, 'Blastoise': 4, 'Mesprit': 5, 'Typhlosion': 2, 'Venusaur': 27, 'Ambipom': 2, 'Milotic': 15, 'Mismagius': 9, 'Drapion': 4, 'Primeape': 2, 'Miltank': 3, 'Uxie': 19, 'Hitmontop': 4, 'Houndoom': 8, 'Moltres': 6, 'Clefable': 5, 'Registeel': 13, 'Snover': 1, 'Sneasel': 1, 'Mr. Mime': 1, 'Persian': 1, 'Hippopotas': 1, 'Slowking': 1, 'Arcanine': 3, 'Donphan': 11, 'Leafeon': 4, 'Sceptile': 3, 'Azumarill': 3, 'Absol': 1, 'Kangaskhan': 2, 'Omastar': 4, 'Blaziken': 9, 'Rotom': 6, 'Dugtrio': 3, 'Steelix': 3, 'Swellow': 3, 'Toxicroak': 5, 'Feraligatr': 4, 'Alakazam': 1, 'Altaria': 2, 'Qwilfish': 2, 'Torterra': 3, 'Ursaring': 1, 'Cloyster': 1, 'Cacturne': 1, 'Jynx': 1, 'Medicham': 1}"
stickybarb46076,[Gen 4] UU,2,1,1,2016-06-01 14:46:25,2016-06-01 15:01:02,,,,"{'Ninetales': 1, 'Porygon2': 1, 'Medicham': 1, 'Regirock': 2, 'Sneasel': 1, 'Hypno': 1, 'Charizard': 1, 'Magneton': 1, 'Hitmonchan': 1, 'Crawdaunt': 1, 'Slowking': 1}"
stickybarb74144,[Gen 4] UU,2,0,2,2017-01-13 23:08:33,2017-01-13 23:15:59,,,,"{'Moltres': 1, 'Mismagius': 2, 'Qwilfish': 1, 'Rhyperior': 2, 'Spiritomb': 1, 'Blastoise': 1, 'Azumarill': 1, 'Houndoom': 1, 'Uxie': 1, 'Venusaur': 1}"
stickybarb85522,[Gen 4] UU,10,3,7,2017-01-12 17:16:23,2018-02-03 21:15:14,,,,"{'Ludicolo': 3, 'Toxicroak': 6, 'Kabutops': 3, 'Rotom': 3, 'Registeel': 6, 'Uxie': 2, 'Vileplume': 1, 'Sandslash': 1, 'Medicham': 1, 'Floatzel': 1, 'Skuntank': 1, 'Drifblim': 1, 'Moltres': 3, 'Milotic': 3, 'Mismagius': 1, 'Hitmontop': 3, 'Steelix': 1, 'Venusaur': 3, 'Tangrowth': 2, 'Tauros': 2, 'Rhyperior': 2, 'Blastoise': 2, 'Scyther': 2, 'Arcanine': 2}"
stickybarb86280,[Gen 4] UU,12,6,6,2017-06-03 16:06:22,2017-11-10 20:53:25,,,,"{'Charizard': 1, 'Vileplume': 1, 'Regirock': 1, 'Sneasel': 2, 'Hitmonchan': 1, 'Gardevoir': 1, 'Venomoth': 1, 'Magmortar': 1, 'Sandslash': 1, 'Poliwrath': 5, 'Grumpig': 1, 'Cradily': 1, 'Monferno': 1, 'Bellossom': 1, 'Muk': 4, 'Solrock': 1, 'Sableye': 1, 'Gastrodon': 1, 'Rapidash': 4, 'Victreebel': 4, 'Metang': 4, 'Purugly': 4, 'Misdreavus': 4, 'Pelipper': 5, 'Gabite': 4, 'Glalie': 4, 'Lickilicky': 4, 'Mr. Mime': 4, 'Zangoose': 1, 'Rhydon': 1, 'Tangela': 1}"
stickyhold17429,[Gen 4] UU,1,1,0,2017-09-03 19:18:05,2017-09-03 19:18:05,,,,"{'Tauros': 1, 'Medicham': 1, 'Nidoqueen': 1, 'Skuntank': 1, 'Slowking': 1}"
stickyhold21612,[Gen 4] UU,3,3,0,2024-03-10 03:50:07,2024-03-11 04:01:23,,,,"{'Arbok': 1, 'Nidoking': 1, 'Hariyama': 1, 'Charizard': 2, 'Baltoy': 2, 'Mightyena': 1, 'Rhyperior': 1, 'Drapion': 1}"
stickyhold37383,[Gen 4] UU,1,0,1,2016-05-23 14:21:26,2016-05-23 14:21:26,,,,"{'Exeggutor': 1, 'Kangaskhan': 1, 'Mismagius': 1, 'Hitmontop': 1, 'Steelix': 1, 'Lanturn': 1}"
stickyhold47909,[Gen 4] UU,4,2,2,2024-03-10 15:55:58,2024-03-13 19:38:04,,,,"{'Luxio': 3, 'Shellos': 2, 'Kadabra': 3, 'Roselia': 2, 'Drifblim': 2, 'Gastrodon': 1, 'Luxray': 1, 'Budew': 2}"
stickyhold88602,[Gen 4] UU,1,0,1,2019-07-10 21:10:03,2019-07-10 21:10:03,,,,"{'Moltres': 1, 'Milotic': 1, 'Hitmontop': 1, 'Torterra': 1, 'Registeel': 1, 'Drapion': 1}"
stomp46277,[Gen 4] UU,1,0,1,2016-11-14 00:33:17,2016-11-14 00:33:17,,,,"{'Exeggutor': 1, 'Omastar': 1, 'Toxicroak': 1, 'Rotom': 1, 'Houndoom': 1, 'Swellow': 1}"
stoneedge14062,[Gen 4] UU,1,1,0,2020-01-09 18:49:43,2020-01-09 18:49:43,,,,"{'Moltres': 1, 'Qwilfish': 1, 'Rhyperior': 1}"
stoneedge1421,[Gen 4] UU,3,2,1,2023-08-26 17:40:21,2023-08-26 17:53:33,,,,"{'Milotic': 1, 'Mismagius': 1, 'Weezing': 1, 'Steelix': 1, 'Blaziken': 2, 'Leafeon': 2, 'Kangaskhan': 1, 'Rotom': 2, 'Registeel': 1, 'Alakazam': 1, 'Absol': 1, 'Omastar': 1, 'Jynx': 1, 'Venusaur': 1}"
stoneedge86764,[Gen 4] UU,65,29,36,2014-07-20 17:12:30,2022-01-03 19:28:55,,,,"{'Venomoth': 7, 'Mismagius': 8, 'Omastar': 11, 'Sceptile': 11, 'Dugtrio': 14, 'Houndoom': 10, 'Azumarill': 1, 'Registeel': 13, 'Uxie': 5, 'Jynx': 9, 'Regirock': 7, 'Scyther': 17, 'Milotic': 15, 'Mesprit': 16, 'Hitmonlee': 13, 'Drapion': 11, 'Donphan': 18, 'Venusaur': 6, 'Blastoise': 11, 'Tauros': 8, 'Manectric': 13, 'Rhydon': 4, 'Glalie': 4, 'Drifblim': 6, 'Haunter': 8, 'Skuntank': 4, 'Slowking': 4, 'Roselia': 1, 'Snover': 4, 'Nidoqueen': 4, 'Walrein': 4, 'Clefable': 6, 'Moltres': 11, 'Aggron': 1, 'Toxicroak': 3, 'Kangaskhan': 2, 'Rotom': 9, 'Spiritomb': 10, 'Ursaring': 2, 'Alakazam': 3, 'Blaziken': 4, 'Swellow': 3, 'Entei': 1, 'Torterra': 1, 'Kabutops': 1, 'Hitmonchan': 3, 'Shiftry': 2, 'Charizard': 6, 'Gligar': 2, 'Sandslash': 7, 'Typhlosion': 2, 'Lickilicky': 3, 'Jumpluff': 4, 'Poliwrath': 4, 'Grumpig': 3, 'Gorebyss': 1, 'Electrode': 1, 'Floatzel': 1, 'Hypno': 1, 'Probopass': 1, 'Exeggutor': 1, 'Arcanine': 1, 'Leafeon': 1, 'Hariyama': 1, 'Primeape': 1}"
stoneplate14167,[Gen 4] UU,1,0,1,2024-07-14 17:43:32,2024-07-14 17:43:32,,,,"{'Milotic': 1, 'Rhyperior': 1, 'Rotom': 1, 'Registeel': 1, 'Drapion': 1, 'Swellow': 1}"
stoneplate32738,[Gen 4] UU,2,1,1,2020-08-28 18:21:06,2020-09-01 01:55:17,,,,"{'Mismagius': 2, 'Qwilfish': 2, 'Steelix': 2, 'Arcanine': 2, 'Alakazam': 2, 'Leafeon': 2}"
stoneplate37213,[Gen 4] UU,57,32,25,2014-12-29 00:28:37,2018-05-13 22:13:01,,,,"{'Milotic': 10, 'Toxicroak': 9, 'Spiritomb': 8, 'Registeel': 19, 'Arcanine': 12, 'Leafeon': 9, 'Scyther': 4, 'Dugtrio': 11, 'Venusaur': 4, 'Donphan': 7, 'Moltres': 6, 'Kabutops': 11, 'Uxie': 10, 'Torterra': 3, 'Houndoom': 3, 'Mismagius': 6, 'Camerupt': 7, 'Tauros': 10, 'Medicham': 10, 'Marowak': 8, 'Solrock': 7, 'Sharpedo': 4, 'Venomoth': 5, 'Regirock': 11, 'Gardevoir': 10, 'Exeggutor': 1, 'Jumpluff': 2, 'Charizard': 3, 'Skuntank': 6, 'Rhyperior': 1, 'Swellow': 10, 'Blastoise': 4, 'Claydol': 2, 'Lanturn': 2, 'Blaziken': 2, 'Floatzel': 2, 'Haunter': 4, 'Cacturne': 5, 'Mesprit': 3, 'Sceptile': 4, 'Omastar': 3, 'Rotom': 8, 'Dusclops': 3, 'Grumpig': 1, 'Lickilicky': 3, 'Shiftry': 2, 'Drifblim': 1, 'Qwilfish': 6, 'Magneton': 1, 'Slowking': 1, 'Snover': 2, 'Nidoqueen': 1, 'Walrein': 2, 'Jynx': 1, 'Glaceon': 1, 'Glalie': 3, 'Cloyster': 1, 'Clefable': 2, 'Hippopotas': 3, 'Cradily': 1, 'Dustox': 1, 'Armaldo': 1, 'Omanyte': 2, 'Poliwrath': 2, 'Gligar': 2, 'Muk': 1, 'Sandslash': 2, 'Typhlosion': 1, 'Kangaskhan': 1, 'Azumarill': 1, 'Vespiquen': 1, 'Yanma': 1, 'Wigglytuff': 1, 'Electabuzz': 1, 'Golbat': 1, 'Kadabra': 1, 'Mr. Mime': 1, 'Victreebel': 1, 'Misdreavus': 1, 'Gabite': 1}"
stoneplate51736,[Gen 4] UU,2,0,2,2017-06-10 18:09:52,2017-06-10 18:12:53,,,,"{'Kadabra': 2, 'Monferno': 2, 'Probopass': 2, 'Gastrodon': 2, 'Misdreavus': 2, 'Golbat': 2}"
stormdrain30080,[Gen 4] UU,5,0,5,2020-07-02 22:52:22,2020-07-24 15:47:25,1040.0,1059.0,"[1040.0, 1059.0]","{'Cloyster': 2, 'Rhyperior': 2, 'Clefable': 5, 'Uxie': 5, 'Primeape': 5, 'Venusaur': 5, 'Milotic': 3, 'Donphan': 2}"
strength17381,[Gen 4] UU,1,0,1,2016-07-09 03:17:09,2016-07-09 03:17:09,,,,"{'Milotic': 1, 'Ludicolo': 1, 'Toxicroak': 1, 'Registeel': 1, 'Uxie': 1, 'Venusaur': 1}"
strength34937,[Gen 4] UU,3,1,2,2018-08-14 22:27:26,2018-12-09 21:16:57,,,,"{'Cloyster': 3, 'Toxicroak': 3, 'Azumarill': 3, 'Regirock': 3, 'Rotom': 3, 'Spiritomb': 3}"
strength71413,[Gen 4] UU,1,1,0,2016-05-28 18:47:02,2016-05-28 18:47:02,,,,"{'Absol': 1, 'Omastar': 1, 'Torterra': 1, 'Rotom': 1, 'Clefable': 1}"
stringshot17491,[Gen 4] UU,1,0,1,2024-03-11 04:01:23,2024-03-11 04:01:23,,,,"{'Meowth': 1, 'Torterra': 1, 'Ninetales': 1, 'Mantine': 1}"
stringshot41515,[Gen 4] UU,1,1,0,2016-07-13 17:02:41,2016-07-13 17:02:41,,,,"{'Ursaring': 1, 'Omastar': 1, 'Rotom': 1, 'Alakazam': 1, 'Swellow': 1}"
stringshot62564,[Gen 4] UU,1,1,0,2024-03-28 05:40:24,2024-03-28 05:40:24,,,,"{'Milotic': 1, 'Absol': 1, 'Rhyperior': 1, 'Venusaur': 1, 'Blaziken': 1, 'Alakazam': 1}"
stringshot88620,[Gen 4] UU,1,0,1,2020-03-02 20:49:45,2020-03-02 20:49:45,,,,"{'Scyther': 1, 'Milotic': 1, 'Absol': 1, 'Altaria': 1, 'Registeel': 1, 'Alakazam': 1}"
stringshot95026,[Gen 4] UU,3,0,3,2019-10-30 22:23:32,2019-11-15 18:47:51,,,,"{'Altaria': 1, 'Milotic': 1, 'Rhyperior': 3, 'Hitmontop': 3, 'Registeel': 2, 'Venusaur': 2, 'Moltres': 1, 'Lanturn': 1, 'Spiritomb': 1, 'Mismagius': 1, 'Qwilfish': 1, 'Houndoom': 1}"
struggle12306,[Gen 4] UU,1,0,1,2020-03-08 22:20:35,2020-03-08 22:20:35,,,,"{'Moltres': 1, 'Toxicroak': 1, 'Feraligatr': 1, 'Uxie': 1, 'Venusaur': 1, 'Donphan': 1}"
struggle17677,[Gen 4] UU,1,0,1,2017-11-03 17:22:40,2017-11-03 17:22:40,,,,"{'Golduck': 1, 'Victreebel': 1, 'Metang': 1, 'Purugly': 1, 'Glalie': 1, 'Misdreavus': 1}"
struggle21036,[Gen 4] UU,2,1,1,2024-03-20 03:17:28,2024-03-20 17:05:55,1012.0,1063.0,"[1012.0, 1063.0]","{'Altaria': 2, 'Milotic': 2, 'Mismagius': 2, 'Steelix': 2, 'Gardevoir': 1, 'Leafeon': 2}"
struggle25430,[Gen 4] UU,4,1,3,2014-08-13 20:25:12,2015-09-12 14:32:35,,,,"{'Altaria': 1, 'Vileplume': 1, 'Lanturn': 1, 'Registeel': 1, 'Arcanine': 1, 'Cradily': 1, 'Moltres': 1, 'Mismagius': 1, 'Claydol': 1, 'Azumarill': 1, 'Manectric': 1, 'Milotic': 2, 'Exeggutor': 2, 'Rhyperior': 2, 'Spiritomb': 2, 'Houndoom': 2, 'Venusaur': 2}"
struggle81266,[Gen 4] UU,1,0,1,2024-03-23 06:35:57,2024-03-23 06:35:57,1000.0,1000.0,[1000.0],"{'Exeggutor': 1, 'Absol': 1, 'Steelix': 1, 'Blaziken': 1, 'Alakazam': 1, 'Blastoise': 1}"
stunky26624,[Gen 4] UU,1,0,1,2020-03-30 18:00:04,2020-03-30 18:00:04,,,,"{'Absol': 1, 'Hitmontop': 1, 'Alakazam': 1, 'Feraligatr': 1, 'Uxie': 1, 'Ambipom': 1}"
stunky99106,[Gen 4] UU,1,0,1,2015-03-15 00:19:22,2015-03-15 00:19:22,,,,"{'Altaria': 1, 'Absol': 1, 'Hariyama': 1, 'Aggron': 1, 'Lanturn': 1, 'Alakazam': 1}"
stunspore16673,[Gen 4] UU,1,0,1,2017-08-26 19:06:30,2017-08-26 19:06:30,,,,"{'Gabite': 1, 'Metang': 1, 'Poliwrath': 1, 'Sneasel': 1, 'Electabuzz': 1, 'Golbat': 1}"
stunspore96840,[Gen 4] UU,1,1,0,2018-09-27 20:56:45,2018-09-27 20:56:45,,,,"{'Mismagius': 1, 'Sceptile': 1, 'Kabutops': 1, 'Registeel': 1, 'Arcanine': 1, 'Donphan': 1}"
sturdy13676,[Gen 4] UU,14,8,6,2021-07-26 01:59:18,2022-04-03 17:35:36,,,,"{'Moltres': 1, 'Milotic': 2, 'Mesprit': 1, 'Registeel': 3, 'Donphan': 1, 'Feraligatr': 4, 'Uxie': 7, 'Venusaur': 5, 'Mismagius': 8, 'Electrode': 2, 'Toxicroak': 2, 'Kabutops': 2, 'Kangaskhan': 3, 'Aggron': 4, 'Spiritomb': 4, 'Blastoise': 1, 'Omastar': 2, 'Blaziken': 2, 'Alakazam': 2, 'Gligar': 3, 'Cacturne': 2, 'Clefable': 3, 'Hippopotas': 3, 'Cradily': 2, 'Ludicolo': 1, 'Rhyperior': 1, 'Swellow': 1, 'Hitmonlee': 1}"
sturdy46275,[Gen 4] UU,4,2,2,2023-03-10 19:10:01,2023-04-16 17:30:04,,,,"{'Milotic': 3, 'Mismagius': 3, 'Weezing': 1, 'Clefable': 2, 'Registeel': 3, 'Uxie': 2, 'Scyther': 1, 'Rhyperior': 1, 'Hitmonlee': 1, 'Houndoom': 2, 'Sceptile': 1, 'Qwilfish': 1, 'Blaziken': 1, 'Venusaur': 1}"
submission75276,[Gen 4] UU,1,1,0,2024-08-26 00:59:10,2024-08-26 00:59:10,,,,"{'Milotic': 1, 'Dugtrio': 1, 'Clefable': 1, 'Registeel': 1, 'Uxie': 1, 'Venusaur': 1}"
substitute37722,[Gen 4] UU,1,1,0,2019-03-10 21:54:36,2019-03-10 21:54:36,1060.0,1060.0,[1060.0],"{'Rotom': 1, 'Swellow': 1, 'Blaziken': 1, 'Omastar': 1}"
substitute94302,[Gen 4] UU,2,0,2,2024-03-07 05:32:51,2024-03-23 07:07:46,1024.0,1089.0,"[1089.0, 1024.0]","{'Hitmontop': 2, 'Rhyperior': 1, 'Spiritomb': 1, 'Feraligatr': 1, 'Uxie': 2, 'Gardevoir': 2, 'Azumarill': 1, 'Swellow': 1}"
suckerpunch29847,[Gen 4] UU,2,0,2,2015-01-06 13:39:51,2015-01-06 14:04:11,,,,"{'Kingler': 2, 'Kecleon': 2, 'Torkoal': 2, 'Plusle': 2, 'Chimecho': 1, 'Roselia': 2, 'Tropius': 1}"
suckerpunch51372,[Gen 4] UU,19,10,9,2018-06-15 22:28:20,2024-03-08 16:03:51,1052.0,1052.0,[1052.0],"{'Registeel': 18, 'Slowbro': 17, 'Miltank': 11, 'Venusaur': 18, 'Toxicroak': 13, 'Arcanine': 16, 'Kangaskhan': 1, 'Spiritomb': 1, 'Clefable': 1, 'Donphan': 1, 'Articuno': 1}"
suctioncups45420,[Gen 4] UU,1,0,1,2018-04-26 20:13:57,2018-04-26 20:13:57,,,,"{'Mesprit': 1, 'Aggron': 1, 'Toxicroak': 1, 'Torterra': 1, 'Azumarill': 1, 'Houndoom': 1}"
suctioncups68800,[Gen 4] UU,1,1,0,2014-10-19 17:40:25,2014-10-19 17:40:25,1000.0,1000.0,[1000.0],"{'Charizard': 1, 'Ludicolo': 1, 'Mesprit': 1, 'Rotom': 1, 'Blastoise': 1}"
suctioncups90830,[Gen 4] UU,1,0,1,2024-04-27 15:15:02,2024-04-27 15:15:02,,,,"{'Exeggutor': 1, 'Mismagius': 1, 'Qwilfish': 1, 'Registeel': 1, 'Blaziken': 1, 'Ambipom': 1}"
suctioncups9867,[Gen 4] UU,1,1,0,2019-04-14 21:09:21,2019-04-14 21:09:21,,,,"{'Donphan': 1, 'Sceptile': 1, 'Ambipom': 1, 'Alakazam': 1, 'Blastoise': 1}"
sudowoodo48698,[Gen 4] UU,1,0,1,2020-07-16 13:57:37,2020-07-16 13:57:37,1259.0,1259.0,[1259.0],"{'Absol': 1, 'Sceptile': 1, 'Nidoking': 1, 'Toxicroak': 1, 'Azumarill': 1, 'Uxie': 1}"
sudowoodo73296,[Gen 4] UU,12,7,5,2019-04-06 03:57:02,2020-03-30 01:52:33,,,,"{'Absol': 1, 'Mesprit': 1, 'Rhyperior': 7, 'Hitmontop': 4, 'Venusaur': 9, 'Ambipom': 7, 'Altaria': 3, 'Milotic': 3, 'Scyther': 6, 'Steelix': 6, 'Alakazam': 3, 'Rotom': 2, 'Blastoise': 5, 'Moltres': 5, 'Kangaskhan': 1, 'Omastar': 1, 'Spiritomb': 1, 'Donphan': 1, 'Mismagius': 1, 'Hitmonlee': 1, 'Hippopotas': 1}"
suicune87392,[Gen 4] UU,3,1,2,2024-05-20 00:16:55,2024-08-18 15:26:35,,,,"{'Hariyama': 1, 'Registeel': 2, 'Rotom': 1, 'Houndoom': 3, 'Uxie': 1, 'Venusaur': 3, 'Milotic': 1, 'Mismagius': 1, 'Rhyperior': 1, 'Clefable': 2, 'Blaziken': 1, 'Slowking': 1}"
suicune97020,[Gen 4] UU,2,2,0,2024-03-01 21:56:34,2024-03-02 22:02:08,1031.0,1048.0,"[1031.0, 1048.0]","{'Camerupt': 2, 'Exeggutor': 1, 'Claydol': 2, 'Feraligatr': 2, 'Registeel': 2, 'Ambipom': 2}"
sunflora15273,[Gen 4] UU,3,2,1,2023-12-11 01:30:38,2023-12-11 01:47:29,,,,"{'Blaziken': 3, 'Entei': 3, 'Torterra': 2, 'Victreebel': 3, 'Uxie': 3, 'Alakazam': 3}"
sunflora20877,[Gen 4] UU,5,2,3,2024-03-06 23:56:31,2024-03-07 00:50:25,1000.0,1000.0,[1000.0],"{'Tangrowth': 4, 'Hariyama': 4, 'Qwilfish': 5, 'Registeel': 3, 'Alakazam': 5, 'Donphan': 5, 'Dugtrio': 2}"
sunflora28309,[Gen 4] UU,1,1,0,2024-03-16 02:49:05,2024-03-16 02:49:05,1032.0,1032.0,[1032.0],"{'Claydol': 1, 'Mismagius': 1, 'Feraligatr': 1, 'Clefable': 1, 'Houndoom': 1, 'Ambipom': 1}"
sunflora87131,[Gen 4] UU,2,1,1,2016-07-12 12:23:12,2017-06-29 12:40:34,,,,"{'Machoke': 1, 'Charizard': 1, 'Sandslash': 1, 'Jumpluff': 1, 'Whiscash': 1, 'Manectric': 1, 'Milotic': 1, 'Mismagius': 1, 'Houndoom': 1, 'Registeel': 1, 'Primeape': 1, 'Venusaur': 1}"
sunkern10663,[Gen 4] UU,8,4,4,2020-03-01 21:08:41,2020-07-10 20:28:07,,,,"{'Monferno': 7, 'Wartortle': 7, 'Munchlax': 4, 'Metang': 5, 'Roselia': 8, 'Golbat': 7, 'Snover': 1, 'Meditite': 1, 'Kadabra': 3, 'Piloswine': 3}"
sunkern31642,[Gen 4] UU,1,0,1,2020-02-17 05:31:51,2020-02-17 05:31:51,,,,"{'Tangrowth': 1, 'Rotom': 1, 'Dugtrio': 1, 'Arcanine': 1, 'Swellow': 1}"
sunkern60894,[Gen 4] UU,1,0,1,2019-09-12 16:08:12,2019-09-12 16:08:12,,,,"{'Marshtomp': 1, 'Gligar': 1, 'Piloswine': 1, 'Metang': 1, 'Roselia': 1, 'Golbat': 1}"
sunkern62197,[Gen 4] UU,3,1,2,2018-11-11 23:58:58,2018-11-12 00:43:39,,,,"{'Mismagius': 1, 'Toxicroak': 1, 'Rhyperior': 1, 'Uxie': 1, 'Swellow': 2, 'Leafeon': 1, 'Scyther': 1, 'Milotic': 1, 'Venusaur': 1, 'Rotom': 2, 'Donphan': 1, 'Cloyster': 1, 'Clefable': 1, 'Hippopotas': 1, 'Drapion': 1, 'Cradily': 1}"
sunkern68332,[Gen 4] UU,2,1,1,2016-05-26 22:49:48,2016-05-26 23:00:19,,,,"{'Tauros': 1, 'Regirock': 1, 'Haunter': 2, 'Jynx': 2, 'Manectric': 1, 'Slowking': 1, 'Politoed': 1, 'Magmortar': 1, 'Magneton': 1, 'Piloswine': 1}"
sunkern75005,[Gen 4] UU,1,1,0,2017-01-21 21:28:07,2017-01-21 21:28:07,,,,"{'Ursaring': 1, 'Sceptile': 1, 'Rhyperior': 1, 'Spiritomb': 1, 'Registeel': 1, 'Blaziken': 1}"
sunkern78687,[Gen 4] UU,5,2,3,2020-03-13 22:56:57,2020-03-26 21:21:29,,,,"{'Cloyster': 2, 'Mismagius': 3, 'Rhyperior': 2, 'Azumarill': 2, 'Arcanine': 2, 'Venusaur': 3, 'Tangrowth': 1, 'Luxray': 1, 'Claydol': 1, 'Slowbro': 1, 'Weezing': 1, 'Ursaring': 1, 'Omastar': 1, 'Rotom': 2, 'Swellow': 1, 'Blaziken': 1, 'Alakazam': 1, 'Moltres': 1, 'Dugtrio': 1, 'Registeel': 1, 'Blastoise': 1}"
sunnyday34292,[Gen 4] UU,1,1,0,2022-04-16 03:24:57,2022-04-16 03:24:57,,,,"{'Milotic': 1, 'Hariyama': 1, 'Mismagius': 1, 'Clefable': 1, 'Venusaur': 1, 'Donphan': 1}"
sunnyday82228,[Gen 4] UU,1,0,1,2017-03-09 02:29:11,2017-03-09 02:29:11,,,,"{'Rhydon': 1, 'Poliwrath': 1, 'Mr. Mime': 1, 'Muk': 1, 'Sableye': 1, 'Lickilicky': 1}"
sunnyday92776,[Gen 4] UU,9,5,4,2019-10-18 03:05:41,2020-06-21 20:27:11,,,,"{'Ludicolo': 9, 'Qwilfish': 9, 'Weezing': 7, 'Kabutops': 8, 'Dugtrio': 8, 'Uxie': 9}"
sunstone25143,[Gen 4] UU,2,0,2,2021-09-25 19:40:59,2021-09-25 19:49:44,,,,"{'Mismagius': 1, 'Qwilfish': 2, 'Clefable': 1, 'Arcanine': 2, 'Venusaur': 1, 'Donphan': 1, 'Altaria': 1, 'Hitmontop': 1, 'Torterra': 1, 'Rotom': 1}"
sunstone5197,[Gen 4] UU,1,0,1,2022-01-04 00:27:54,2022-01-04 00:27:54,,,,"{'Snover': 1, 'Mesprit': 1, 'Mismagius': 1, 'Sneasel': 1, 'Walrein': 1, 'Spiritomb': 1}"
sunstone58376,[Gen 4] UU,1,1,0,2017-04-03 07:12:03,2017-04-03 07:12:03,,,,"{'Hippopotas': 1, 'Gligar': 1, 'Cacturne': 1}"
sunstone76912,[Gen 4] UU,1,0,1,2016-11-22 02:14:53,2016-11-22 02:14:53,,,,"{'Ludicolo': 1, 'Claydol': 1, 'Toxicroak': 1, 'Miltank': 1, 'Spiritomb': 1, 'Arcanine': 1}"
sunstone83483,[Gen 4] UU,1,0,1,2014-07-17 04:06:26,2014-07-17 04:06:26,,,,"{'Charizard': 1, 'Vileplume': 1, 'Sandslash': 1, 'Skuntank': 1, 'Whiscash': 1, 'Manectric': 1}"
superfang70052,[Gen 4] UU,2,1,1,2019-12-02 11:35:33,2019-12-12 12:03:31,,,,"{'Kangaskhan': 2, 'Claydol': 2, 'Venusaur': 2, 'Dugtrio': 2, 'Blaziken': 2, 'Alakazam': 2}"
superfang72717,[Gen 4] UU,1,1,0,2024-04-20 20:50:17,2024-04-20 20:50:17,,,,"{'Hariyama': 1, 'Kabutops': 1, 'Alakazam': 1, 'Houndoom': 1, 'Drapion': 1, 'Ambipom': 1}"
superluck5116,[Gen 4] UU,1,0,1,2024-04-01 00:48:23,2024-04-01 00:48:23,1095.0,1095.0,[1095.0],"{'Moltres': 1, 'Slowbro': 1, 'Hitmontop': 1, 'Rotom': 1, 'Dugtrio': 1, 'Drapion': 1}"
superluck6531,[Gen 4] UU,3,2,1,2015-01-08 17:50:54,2015-01-12 17:22:06,,,,"{'Charizard': 1, 'Medicham': 2, 'Sandslash': 1, 'Sneasel': 1, 'Slowking': 1, 'Ampharos': 1, 'Torkoal': 2, 'Mantine': 2, 'Skuntank': 2, 'Victreebel': 2, 'Gardevoir': 2}"
superluck72022,[Gen 4] UU,4,1,3,2023-08-27 17:31:44,2023-10-22 20:58:21,,,,"{'Mismagius': 2, 'Alakazam': 2, 'Registeel': 2, 'Blaziken': 2, 'Venusaur': 3, 'Blastoise': 2, 'Mesprit': 1, 'Sceptile': 1, 'Qwilfish': 1, 'Rhyperior': 2, 'Skuntank': 1, 'Azumarill': 1, 'Clefable': 1, 'Houndoom': 1, 'Uxie': 1}"
superpower14561,[Gen 4] UU,4,4,0,2018-03-18 18:51:52,2020-07-28 22:29:34,1000.0,1065.0,"[1053.0, 1000.0, 1065.0]","{'Tangrowth': 1, 'Hariyama': 1, 'Magneton': 1, 'Dugtrio': 1, 'Drapion': 1, 'Blastoise': 1, 'Cloyster': 1, 'Mismagius': 1, 'Sceptile': 1, 'Aggron': 1, 'Houndoom': 2, 'Primeape': 1, 'Arcanine': 1, 'Swellow': 1, 'Mesprit': 1, 'Leafeon': 1, 'Exeggutor': 1, 'Omastar': 1, 'Toxicroak': 1, 'Rotom': 1}"
superpower45916,[Gen 4] UU,1,0,1,2025-04-02 00:09:25,2025-04-02 00:09:25,,,,"{'Kangaskhan': 1, 'Mismagius': 1, 'Omastar': 1, 'Mesprit': 1, 'Spiritomb': 1, 'Primeape': 1}"
superpower86966,[Gen 4] UU,1,0,1,2024-03-27 11:45:51,2024-03-27 11:45:51,1108.0,1108.0,[1108.0],"{'Mismagius': 1, 'Sceptile': 1, 'Registeel': 1, 'Arcanine': 1, 'Donphan': 1}"
supersonic37431,[Gen 4] UU,12,4,8,2017-01-17 18:49:06,2017-11-19 11:04:50,,,,"{'Politoed': 1, 'Magmortar': 1, 'Magneton': 1, 'Haunter': 1, 'Jynx': 1, 'Piloswine': 1, 'Hitmonchan': 2, 'Dugtrio': 2, 'Houndoom': 1, 'Uxie': 1, 'Roselia': 1, 'Blastoise': 1, 'Medicham': 3, 'Armaldo': 3, 'Skuntank': 3, 'Muk': 3, 'Gastrodon': 4, 'Dragonair': 1, 'Monferno': 1, 'Poliwrath': 1, 'Tangela': 1, 'Drifblim': 1, 'Meganium': 1, 'Charizard': 2, 'Luxray': 1, 'Regirock': 1, 'Slowking': 1, 'Altaria': 2, 'Mismagius': 2, 'Hitmontop': 1, 'Miltank': 2, 'Clefable': 2, 'Alakazam': 2, 'Slowbro': 1, 'Entei': 1, 'Azumarill': 1, 'Steelix': 1, 'Drapion': 1, 'Gardevoir': 2, 'Machoke': 1, 'Kadabra': 1, 'Cacturne': 1, 'Mr. Mime': 1, 'Electabuzz': 1, 'Golbat': 1, 'Shiftry': 1, 'Gligar': 1, 'Sandslash': 1, 'Typhlosion': 1, 'Lickilicky': 1}"
supersonic60004,[Gen 4] UU,13,3,10,2015-12-08 23:57:34,2017-04-22 23:35:02,,,,"{'Mesprit': 1, 'Venusaur': 2, 'Dugtrio': 2, 'Spiritomb': 4, 'Blaziken': 4, 'Alakazam': 1, 'Milotic': 6, 'Omastar': 3, 'Arcanine': 4, 'Leafeon': 2, 'Uxie': 4, 'Toxicroak': 5, 'Kabutops': 3, 'Hitmontop': 3, 'Tauros': 2, 'Torterra': 4, 'Registeel': 3, 'Houndoom': 2, 'Slowking': 2, 'Mismagius': 3, 'Qwilfish': 2, 'Swellow': 2, 'Scyther': 1, 'Azumarill': 1, 'Steelix': 1, 'Ludicolo': 2, 'Rhyperior': 1}"
surf53202,[Gen 4] UU,29,18,11,2017-01-13 14:27:33,2018-02-03 13:57:14,,,,"{'Mismagius': 15, 'Sceptile': 5, 'Kabutops': 7, 'Registeel': 9, 'Arcanine': 14, 'Donphan': 5, 'Kadabra': 2, 'Monferno': 2, 'Probopass': 3, 'Gastrodon': 3, 'Misdreavus': 5, 'Golbat': 4, 'Cloyster': 8, 'Rhyperior': 8, 'Clefable': 14, 'Venusaur': 11, 'Moltres': 3, 'Milotic': 7, 'Quagsire': 3, 'Armaldo': 1, 'Poliwrath': 2, 'Muk': 1, 'Sableye': 1, 'Purugly': 1, 'Rhydon': 2, 'Omastar': 5, 'Rotom': 2, 'Houndoom': 3, 'Swellow': 3, 'Hitmontop': 3, 'Weezing': 3, 'Spiritomb': 3, 'Mesprit': 2, 'Azumarill': 1, 'Metang': 1, 'Regigigas': 1, 'Articuno': 1, 'Machoke': 1, 'Cacturne': 1, 'Dugtrio': 1, 'Leafeon': 1, 'Primeape': 1}"
surskit15280,[Gen 4] UU,2,2,0,2025-01-01 21:02:07,2025-01-01 21:08:01,,,,"{'Milotic': 2, 'Nidoking': 2, 'Arcanine': 1, 'Swellow': 2, 'Donphan': 2, 'Mismagius': 1}"
surskit2396,[Gen 4] UU,1,1,0,2016-02-03 18:30:59,2016-02-03 18:30:59,,,,"{'Blastoise': 1, 'Slowbro': 1, 'Donphan': 1, 'Clefable': 1}"
surskit61928,[Gen 4] UU,1,0,1,2020-03-10 21:23:55,2020-03-10 21:23:55,,,,"{'Moltres': 1, 'Altaria': 1, 'Swellow': 1, 'Mesprit': 1}"
surskit66962,[Gen 4] UU,1,0,1,2019-06-27 01:40:44,2019-06-27 01:40:44,,,,"{'Sunflora': 1, 'Electrode': 1, 'Regigigas': 1, 'Blaziken': 1, 'Alakazam': 1, 'Slaking': 1}"
surskit92362,[Gen 4] UU,2,2,0,2024-03-21 19:03:34,2024-03-21 19:10:32,1000.0,1138.0,"[1000.0, 1138.0]","{'Uxie': 2, 'Dugtrio': 1, 'Kabutops': 1}"
surskit95646,[Gen 4] UU,4,4,0,2017-12-29 22:42:18,2018-03-22 21:21:27,,,,"{'Milotic': 4, 'Absol': 2, 'Rhyperior': 2, 'Alakazam': 2, 'Venusaur': 4, 'Blaziken': 2, 'Rotom': 2, 'Registeel': 2}"
swablu25932,[Gen 4] UU,3,0,3,2017-04-01 03:12:11,2020-07-07 04:21:10,1069.0,1069.0,[1069.0],"{'Mismagius': 3, 'Sceptile': 2, 'Dugtrio': 1, 'Swellow': 2, 'Uxie': 1, 'Ambipom': 1, 'Scyther': 1, 'Aggron': 1, 'Kabutops': 1, 'Espeon': 1, 'Arcanine': 1, 'Moltres': 1, 'Lanturn': 1, 'Alakazam': 1}"
swablu55293,[Gen 4] UU,1,0,1,2020-06-10 18:47:17,2020-06-10 18:47:17,,,,"{'Ursaring': 1, 'Mismagius': 1, 'Qwilfish': 1, 'Rotom': 1, 'Hitmonlee': 1, 'Uxie': 1}"
swablu66637,[Gen 4] UU,2,0,2,2017-05-30 22:42:58,2017-05-30 22:48:46,,,,"{'Kadabra': 1, 'Monferno': 1, 'Probopass': 1, 'Gastrodon': 1, 'Misdreavus': 1, 'Golbat': 1, 'Rapidash': 1, 'Onix': 1, 'Victreebel': 1, 'Metang': 1, 'Purugly': 1, 'Tangela': 1}"
swagger12374,[Gen 4] UU,4,1,3,2019-04-07 18:01:44,2019-05-19 13:20:38,,,,"{'Scyther': 1, 'Qwilfish': 1, 'Torterra': 1, 'Kabutops': 1, 'Rotom': 1, 'Houndoom': 2, 'Aggron': 1, 'Azumarill': 1, 'Uxie': 1, 'Venusaur': 2, 'Donphan': 1, 'Milotic': 1, 'Mesprit': 1, 'Toxicroak': 1, 'Registeel': 1, 'Blaziken': 1, 'Leafeon': 1, 'Snover': 1, 'Claydol': 1, 'Nidoqueen': 1, 'Walrein': 1, 'Slowking': 1}"
swagger21466,[Gen 4] UU,100,61,39,2016-08-08 19:41:48,2021-09-19 19:59:33,,,,"{'Hariyama': 6, 'Mismagius': 22, 'Houndoom': 31, 'Torterra': 20, 'Kabutops': 15, 'Registeel': 17, 'Scyther': 10, 'Medicham': 2, 'Swellow': 9, 'Blastoise': 24, 'Bibarel': 5, 'Gligar': 5, 'Entei': 7, 'Nidoking': 5, 'Drifblim': 4, 'Clefable': 6, 'Snover': 1, 'Walrein': 1, 'Rotom': 21, 'Hitmonlee': 2, 'Venusaur': 28, 'Uxie': 33, 'Altaria': 15, 'Dugtrio': 12, 'Rhyperior': 24, 'Lickilicky': 1, 'Absol': 7, 'Mesprit': 17, 'Hitmontop': 10, 'Ambipom': 6, 'Jynx': 3, 'Kangaskhan': 8, 'Omastar': 9, 'Spiritomb': 13, 'Alakazam': 11, 'Aggron': 6, 'Toxicroak': 23, 'Drapion': 3, 'Slaking': 2, 'Moltres': 12, 'Exeggutor': 5, 'Tauros': 1, 'Blaziken': 10, 'Ludicolo': 3, 'Regice': 4, 'Weezing': 6, 'Qwilfish': 6, 'Miltank': 2, 'Cloyster': 3, 'Leafeon': 6, 'Feraligatr': 4, 'Regirock': 5, 'Lanturn': 6, 'Donphan': 8, 'Sceptile': 5, 'Steelix': 8, 'Tangrowth': 2, 'Azumarill': 3, 'Milotic': 2, 'Primeape': 1, 'Chansey': 2, 'Slowking': 1}"
swagger34439,[Gen 4] UU,1,1,0,2017-02-28 22:03:15,2017-02-28 22:03:15,,,,"{'Moltres': 1, 'Snover': 1, 'Dugtrio': 1, 'Spiritomb': 1, 'Blastoise': 1, 'Articuno': 1}"
swagger38933,[Gen 4] UU,1,0,1,2018-07-25 23:06:20,2018-07-25 23:06:20,,,,"{'Ponyta': 1, 'Luxio': 1, 'Budew': 1, 'Grotle': 1, 'Psyduck': 1, 'Staravia': 1}"
swagger50189,[Gen 4] UU,1,0,1,2024-03-06 13:54:55,2024-03-06 13:54:55,1040.0,1040.0,[1040.0],"{'Altaria': 1, 'Kangaskhan': 1, 'Mismagius': 1, 'Hitmontop': 1, 'Venusaur': 1, 'Ambipom': 1}"
swagger64002,[Gen 4] UU,16,9,7,2016-01-07 05:57:01,2020-02-29 21:09:27,1000.0,1000.0,[1000.0],"{'Milotic': 1, 'Hariyama': 1, 'Miltank': 1, 'Houndoom': 1, 'Uxie': 1, 'Donphan': 1, 'Gligar': 9, 'Trapinch': 3, 'Kadabra': 4, 'Piloswine': 9, 'Misdreavus': 8, 'Golbat': 5, 'Machop': 1, 'Shelgon': 2, 'Lairon': 8, 'Roselia': 4, 'Meditite': 2, 'Monferno': 3, 'Yanma': 3, 'Sneasel': 1, 'Wartortle': 2, 'Electabuzz': 1, 'Machoke': 1, 'Graveler': 1, 'Vigoroth': 2, 'Munchlax': 1, 'Diglett': 2, 'Gabite': 1, 'Haunter': 1, 'Hippopotas': 1, 'Snover': 1, 'Tentacool': 1, 'Bronzor': 1, 'Sealeo': 1, 'Tangela': 1}"
swagger66034,[Gen 4] UU,1,0,1,2020-05-21 10:36:13,2020-05-21 10:36:13,,,,"{'Absol': 1, 'Mismagius': 1, 'Toxicroak': 1, 'Registeel': 1, 'Alakazam': 1, 'Donphan': 1}"
swallow48594,[Gen 4] UU,5,2,3,2017-09-03 19:18:05,2017-11-13 15:45:42,,,,"{'Charizard': 3, 'Porygon2': 1, 'Marowak': 1, 'Solrock': 1, 'Slowking': 1, 'Gardevoir': 3, 'Vileplume': 2, 'Sandslash': 2, 'Floatzel': 2, 'Skuntank': 4, 'Haunter': 2, 'Regirock': 2, 'Hitmonchan': 2, 'Jynx': 2, 'Manectric': 2}"
swallow86229,[Gen 4] UU,4,0,4,2022-03-06 20:18:38,2022-04-10 20:43:45,,,,"{'Mesprit': 1, 'Entei': 2, 'Azumarill': 2, 'Registeel': 3, 'Venusaur': 1, 'Donphan': 2, 'Sceptile': 1, 'Uxie': 2, 'Primeape': 1, 'Milotic': 1, 'Weezing': 1, 'Spiritomb': 1, 'Leafeon': 1, 'Kangaskhan': 1, 'Mismagius': 1, 'Torterra': 1, 'Feraligatr': 1, 'Drapion': 1}"
swampert50714,[Gen 4] UU,51,29,22,2019-08-27 20:49:07,2022-08-21 17:17:15,,,,"{'Marshtomp': 15, 'Gligar': 21, 'Monferno': 24, 'Meditite': 5, 'Grovyle': 8, 'Machoke': 2, 'Kadabra': 8, 'Dragonair': 1, 'Electabuzz': 8, 'Bayleef': 1, 'Metang': 9, 'Golbat': 7, 'Wartortle': 21, 'Seadra': 5, 'Murkrow': 7, 'Piloswine': 13, 'Lairon': 7, 'Croconaw': 10, 'Staravia': 2, 'Sealeo': 2, 'Magmar': 7, 'Aipom': 1, 'Tangela': 6, 'Drifloon': 1, 'Roselia': 13, 'Onix': 3, 'Magneton': 2, 'Bronzor': 3, 'Diglett': 6, 'Staryu': 2, 'Sneasel': 2, 'Munchlax': 4, 'Misdreavus': 16, 'Vibrava': 1, 'Yanma': 6, 'Lombre': 2, 'Horsea': 1, 'Voltorb': 1, 'Kabuto': 1, 'Omanyte': 1, 'Buizel': 1, 'Machop': 2, 'Weepinbell': 1, 'Snover': 1, 'Haunter': 2, 'Charmeleon': 1, 'Cranidos': 2, 'Hippopotas': 2, 'Quilava': 1, 'Graveler': 2, 'Elekid': 1, 'Vigoroth': 2, 'Krabby': 1, 'Lapras': 1, 'Flareon': 1, 'Raticate': 1, 'Solrock': 1, 'Quagsire': 1, 'Wingull': 1, 'Pikachu': 1, 'Houndour': 1}"
swarm33737,[Gen 4] UU,1,0,1,2020-01-12 22:49:04,2020-01-12 22:49:04,,,,"{'Moltres': 1, 'Altaria': 1, 'Registeel': 1, 'Uxie': 1, 'Drapion': 1, 'Venusaur': 1}"
swarm86048,[Gen 4] UU,1,1,0,2019-01-12 19:15:25,2019-01-12 19:15:25,,,,"{'Milotic': 1, 'Ambipom': 1, 'Clefable': 1, 'Blaziken': 1, 'Alakazam': 1, 'Leafeon': 1}"
swarm98403,[Gen 4] UU,17,11,6,2016-05-15 02:10:19,2020-08-24 00:05:46,,,,"{'Shelgon': 4, 'Wartortle': 7, 'Metang': 11, 'Diglett': 3, 'Golbat': 10, 'Yanma': 6, 'Gligar': 4, 'Kadabra': 1, 'Monferno': 5, 'Poliwhirl': 1, 'Piloswine': 5, 'Croconaw': 1, 'Vigoroth': 2, 'Roselia': 3, 'Misdreavus': 9, 'Murkrow': 3, 'Munchlax': 1, 'Prinplup': 1, 'Tentacool': 1, 'Grovyle': 1, 'Snover': 1, 'Sealeo': 1, 'Nidoking': 2, 'Spiritomb': 2, 'Registeel': 2, 'Blaziken': 2, 'Slowking': 2, 'Venusaur': 2, 'Meditite': 1, 'Seadra': 1}"
sweetkiss60658,[Gen 4] UU,1,0,1,2019-04-02 16:04:04,2019-04-02 16:04:04,,,,"{'Cloyster': 1, 'Mismagius': 1, 'Sceptile': 1, 'Aggron': 1, 'Houndoom': 1, 'Primeape': 1}"
sweetkiss89324,[Gen 4] UU,2,0,2,2024-03-11 20:17:09,2024-03-26 18:31:10,1105.0,1167.0,"[1105.0, 1167.0]","{'Gorebyss': 2, 'Ludicolo': 2, 'Qwilfish': 2, 'Electrode': 2, 'Kabutops': 2, 'Uxie': 2}"
sweetkiss96184,[Gen 4] UU,1,1,0,2020-07-31 20:30:40,2020-07-31 20:30:40,,,,"{'Ludicolo': 1, 'Toxicroak': 1, 'Kabutops': 1, 'Dugtrio': 1, 'Registeel': 1, 'Uxie': 1}"
sweetscent53141,[Gen 4] UU,5,1,4,2017-11-07 08:02:06,2017-11-07 08:09:15,,,,"{'Lunatone': 5, 'Sneasel': 5, 'Sandslash': 4, 'Xatu': 5, 'Diglett': 1, 'Gastrodon': 3}"
sweetscent93227,[Gen 4] UU,2,0,2,2024-10-31 23:30:05,2025-04-06 01:22:04,,,,"{'Moltres': 1, 'Dugtrio': 1, 'Registeel': 2, 'Uxie': 1, 'Blastoise': 1, 'Leafeon': 1, 'Mismagius': 1, 'Azumarill': 1, 'Houndoom': 1, 'Venusaur': 1, 'Donphan': 1}"
swellow53413,[Gen 4] UU,3,1,2,2017-01-18 01:06:12,2017-01-18 01:18:57,,,,"{'Rapidash': 3, 'Onix': 1, 'Victreebel': 1, 'Metang': 1, 'Purugly': 1, 'Tangela': 1, 'Poliwrath': 2, 'Mr. Mime': 2, 'Rhydon': 2, 'Misdreavus': 2, 'Drifblim': 2}"
swellow55859,[Gen 4] UU,2,1,1,2020-06-06 01:50:46,2023-12-16 05:41:06,,,,"{'Ludicolo': 1, 'Omastar': 1, 'Qwilfish': 1, 'Kabutops': 1, 'Registeel': 2, 'Uxie': 1, 'Mismagius': 1, 'Hitmontop': 1, 'Rhyperior': 1, 'Arcanine': 1, 'Venusaur': 1}"
swellow69424,[Gen 4] UU,2,2,0,2018-09-20 18:58:03,2018-10-03 17:22:47,,,,"{'Mismagius': 1, 'Sceptile': 2, 'Kabutops': 1, 'Registeel': 1, 'Arcanine': 1, 'Donphan': 2, 'Scyther': 1, 'Qwilfish': 1, 'Rotom': 1, 'Houndoom': 1}"
swellow84958,[Gen 4] UU,2,0,2,2017-01-09 16:35:13,2017-01-09 16:41:30,,,,"{'Lapras': 1, 'Armaldo': 1, 'Dragonair': 1, 'Mr. Mime': 1, 'Ampharos': 1, 'Golbat': 1, 'Gastrodon-East': 1, 'Sneasel': 1, 'Dusclops': 1, 'Rhydon': 1, 'Tangela': 1, 'Lickilicky': 1}"
swift2321,[Gen 4] UU,1,0,1,2018-09-29 23:03:40,2018-09-29 23:03:40,,,,"{'Mismagius': 1, 'Azumarill': 1, 'Venusaur': 1, 'Swellow': 1, 'Arcanine': 1, 'Ambipom': 1}"
swift28820,[Gen 4] UU,1,0,1,2018-04-28 16:08:47,2018-04-28 16:08:47,,,,"{'Milotic': 1, 'Magmortar': 1, 'Mesprit': 1, 'Mismagius': 1, 'Hitmontop': 1, 'Spiritomb': 1}"
swift66294,[Gen 4] UU,1,0,1,2014-09-16 20:58:38,2014-09-16 20:58:38,,,,"{'Ludicolo': 1, 'Claydol': 1, 'Qwilfish': 1, 'Electrode': 1, 'Kabutops': 1, 'Uxie': 1}"
swift79929,[Gen 4] UU,17,4,13,2019-06-06 21:03:44,2024-12-11 19:46:49,,,,"{'Moltres': 3, 'Mismagius': 3, 'Qwilfish': 1, 'Rhyperior': 6, 'Spiritomb': 3, 'Blastoise': 2, 'Blaziken': 2, 'Registeel': 4, 'Uxie': 4, 'Leafeon': 2, 'Omastar': 4, 'Hitmontop': 2, 'Dugtrio': 2, 'Venusaur': 6, 'Sceptile': 2, 'Rotom': 5, 'Houndoom': 5, 'Slowking': 2, 'Raichu': 1, 'Gligar': 1, 'Wartortle': 2, 'Vigoroth': 1, 'Metang': 3, 'Roselia': 1, 'Misdreavus': 2, 'Medicham': 1, 'Feraligatr': 1, 'Milotic': 1, 'Ambipom': 1, 'Marshtomp': 1, 'Monferno': 2, 'Murkrow': 1, 'Grovyle': 2, 'Golbat': 1, 'Yanma': 1, 'Slowbro': 1, 'Chansey': 2, 'Donphan': 2, 'Snover': 1, 'Nidoqueen': 1, 'Walrein': 1, 'Scyther': 1, 'Ludicolo': 1, 'Drapion': 1, 'Ursaring': 1, 'Alakazam': 1, 'Swellow': 1, 'Exeggutor': 1, 'Mesprit': 1, 'Nidoking': 1, 'Toxicroak': 1, 'Arcanine': 1}"
swift80470,[Gen 4] UU,1,0,1,2017-12-23 01:43:54,2017-12-23 01:43:54,,,,"{'Moltres': 1, 'Milotic': 1, 'Torterra': 1, 'Alakazam': 1, 'Drapion': 1, 'Ambipom': 1}"
swift85046,[Gen 4] UU,4,3,1,2016-01-08 20:45:20,2016-02-24 21:51:40,,,,"{'Milotic': 4, 'Omastar': 4, 'Hitmontop': 3, 'Weezing': 3, 'Spiritomb': 2, 'Clefable': 4}"
swiftswim15899,[Gen 4] UU,7,4,3,2018-05-28 02:18:43,2018-05-28 04:21:52,,,,"{'Exeggutor': 5, 'Lanturn': 5, 'Absol': 5, 'Charizard': 3, 'Drapion': 4, 'Arcanine': 4, 'Feraligatr': 2, 'Scyther': 2, 'Houndoom': 2, 'Torterra': 1, 'Blaziken': 1, 'Steelix': 1}"
swiftswim2057,[Gen 4] UU,1,0,1,2024-03-08 05:13:19,2024-03-08 05:13:19,1058.0,1058.0,[1058.0],"{'Lopunny': 1, 'Miltank': 1, 'Chansey': 1, 'Swellow': 1, 'Clefable': 1, 'Ambipom': 1}"
swiftswim26017,[Gen 4] UU,5,2,3,2018-01-20 21:58:08,2018-05-26 05:28:34,,,,"{'Milotic': 3, 'Toxicroak': 2, 'Rhyperior': 2, 'Jynx': 2, 'Clefable': 2, 'Feraligatr': 2, 'Snover': 2, 'Nidoqueen': 2, 'Walrein': 2, 'Chansey': 2, 'Spiritomb': 2, 'Hitmontop': 1, 'Registeel': 2, 'Moltres': 1, 'Dugtrio': 1, 'Venusaur': 1, 'Blastoise': 1}"
swinub46701,[Gen 4] UU,1,0,1,2018-11-25 22:10:05,2018-11-25 22:10:05,,,,"{'Milotic': 1, 'Mismagius': 1, 'Hitmontop': 1, 'Houndoom': 1, 'Venusaur': 1, 'Donphan': 1}"
swinub62758,[Gen 4] UU,1,0,1,2020-02-07 01:43:39,2020-02-07 01:43:39,,,,"{'Absol': 1, 'Mismagius': 1, 'Alakazam': 1, 'Clefable': 1, 'Blaziken': 1, 'Venusaur': 1}"
swinub98165,[Gen 4] UU,7,6,1,2021-11-14 01:51:45,2024-01-14 17:55:56,,,,"{'Mesprit': 4, 'Sceptile': 4, 'Azumarill': 6, 'Miltank': 2, 'Dugtrio': 3, 'Registeel': 5, 'Tangrowth': 1, 'Milotic': 1, 'Clefable': 1, 'Drapion': 1, 'Uxie': 1, 'Venusaur': 1, 'Exeggutor': 1, 'Omastar': 1, 'Blaziken': 4, 'Mismagius': 1, 'Qwilfish': 1, 'Moltres': 2, 'Donphan': 2}"
switcheroo13397,[Gen 4] UU,2,2,0,2016-10-26 23:05:48,2017-01-03 20:30:11,,,,"{'Scyther': 2, 'Mesprit': 2, 'Tauros': 2, 'Azumarill': 2, 'Houndoom': 2, 'Donphan': 2}"
swordsdance17584,[Gen 4] UU,2,1,1,2016-10-22 06:58:15,2016-10-22 07:08:35,,,,"{'Kangaskhan': 1, 'Qwilfish': 1, 'Torterra': 2, 'Rotom': 1, 'Slowking': 1, 'Primeape': 1, 'Milotic': 1, 'Mesprit': 1, 'Toxicroak': 1, 'Blaziken': 1, 'Ambipom': 1}"
swordsdance24700,[Gen 4] UU,7,3,4,2020-07-04 22:59:10,2020-07-26 19:49:08,,,,"{'Moltres': 2, 'Toxicroak': 3, 'Feraligatr': 2, 'Uxie': 4, 'Venusaur': 4, 'Donphan': 3, 'Mismagius': 3, 'Kabutops': 2, 'Miltank': 1, 'Blaziken': 2, 'Drapion': 1, 'Milotic': 1, 'Aggron': 1, 'Clefable': 2, 'Ludicolo': 1, 'Dugtrio': 1, 'Registeel': 2, 'Absol': 1, 'Alakazam': 1, 'Houndoom': 1}"
swordsdance58128,[Gen 4] UU,1,0,1,2020-05-06 19:21:26,2020-05-06 19:21:26,,,,"{'Absol': 1, 'Mismagius': 1, 'Alakazam': 1, 'Clefable': 1, 'Blaziken': 1, 'Venusaur': 1}"
synchronize92078,[Gen 4] UU,1,1,0,2020-01-24 21:32:22,2020-01-24 21:32:22,,,,"{'Rotom': 1, 'Monferno': 1}"
synchronize99564,[Gen 4] UU,1,0,1,2024-03-07 18:15:51,2024-03-07 18:15:51,1013.0,1013.0,[1013.0],"{'Ludicolo': 1, 'Slowbro': 1, 'Kabutops': 1, 'Rotom': 1, 'Lanturn': 1, 'Blastoise': 1}"
synthesis31320,[Gen 4] UU,4,0,4,2016-12-21 09:12:11,2017-06-20 03:24:01,,,,"{'Machoke': 1, 'Rampardos': 1, 'Kadabra': 1, 'Linoone': 1, 'Probopass': 1, 'Golbat': 3, 'Dragonair': 2, 'Poliwrath': 2, 'Sneasel': 1, 'Metang': 3, 'Rhydon': 2, 'Rapidash': 1, 'Onix': 1, 'Victreebel': 1, 'Purugly': 1, 'Tangela': 1, 'Cacturne': 1}"
synthesis90434,[Gen 4] UU,1,0,1,2018-04-10 00:48:41,2018-04-10 00:48:41,,,,"{'Moltres': 1, 'Azumarill': 1, 'Ambipom': 1, 'Spiritomb': 1, 'Venusaur': 1, 'Donphan': 1}"
tackle13415,[Gen 4] UU,6,3,3,2024-03-31 15:47:56,2024-07-18 11:08:32,,,,"{'Entei': 1, 'Rhyperior': 1, 'Venusaur': 5, 'Feraligatr': 2, 'Uxie': 1, 'Ambipom': 1, 'Mismagius': 3, 'Kabutops': 1, 'Clefable': 1, 'Registeel': 4, 'Blaziken': 1, 'Omastar': 2, 'Houndoom': 3, 'Rotom': 2, 'Scyther': 2, 'Hitmonlee': 1, 'Milotic': 1, 'Donphan': 1, 'Qwilfish': 1, 'Primeape': 1}"
tackle20195,[Gen 4] UU,1,0,1,2017-04-29 22:37:09,2017-04-29 22:37:09,,,,"{'Mesprit': 1, 'Sceptile': 1, 'Azumarill': 1, 'Registeel': 1, 'Arcanine': 1, 'Donphan': 1}"
tackle3692,[Gen 4] UU,1,0,1,2019-02-06 02:40:59,2019-02-06 02:40:59,,,,"{'Magmortar': 1, 'Milotic': 1, 'Mesprit': 1, 'Mismagius': 1, 'Hitmontop': 1, 'Spiritomb': 1}"
tackle50087,[Gen 4] UU,2,0,2,2017-01-04 17:05:52,2017-01-04 17:14:04,,,,"{'Poliwrath': 2, 'Muk': 1, 'Sableye': 1, 'Purugly': 1, 'Rhydon': 2, 'Rapidash': 1, 'Mr. Mime': 1, 'Linoone': 1, 'Misdreavus': 1}"
tackle58216,[Gen 4] UU,1,1,0,2020-07-03 12:20:42,2020-07-03 12:20:42,1067.0,1067.0,[1067.0],"{'Milotic': 1, 'Spiritomb': 1, 'Uxie': 1, 'Arcanine': 1, 'Venusaur': 1}"
tackle81796,[Gen 4] UU,1,0,1,2020-03-24 16:51:23,2020-03-24 16:51:23,,,,"{'Moltres': 1, 'Milotic': 1, 'Aggron': 1, 'Clefable': 1, 'Venusaur': 1, 'Donphan': 1}"
tailglow99901,[Gen 4] UU,4,2,2,2017-11-10 08:10:39,2017-11-10 19:05:46,,,,"{'Machoke': 2, 'Charizard': 2, 'Sandslash': 2, 'Jumpluff': 3, 'Whiscash': 1, 'Manectric': 2, 'Tauros': 1, 'Poliwrath': 1, 'Grumpig': 1, 'Camerupt': 1, 'Medicham': 1, 'Marowak': 1, 'Solrock': 1}"
taillow18549,[Gen 4] UU,3,1,2,2020-08-16 22:31:01,2020-09-06 18:28:27,,,,"{'Moltres': 2, 'Toxicroak': 2, 'Feraligatr': 2, 'Uxie': 2, 'Venusaur': 3, 'Absol': 1, 'Mismagius': 1, 'Alakazam': 1, 'Clefable': 1, 'Blaziken': 1, 'Donphan': 1}"
taillow39792,[Gen 4] UU,2,0,2,2014-06-29 16:57:14,2014-06-29 17:21:08,,,,"{'Mesprit': 2, 'Magneton': 2, 'Swellow': 2, 'Blaziken': 2, 'Venusaur': 2, 'Blastoise': 2}"
tailwhip43362,[Gen 4] UU,1,0,1,2014-07-10 07:01:04,2014-07-10 07:01:04,,,,"{'Milotic': 1, 'Rotom': 1, 'Espeon': 1, 'Registeel': 1, 'Blaziken': 1, 'Venusaur': 1}"
tailwhip43653,[Gen 4] UU,24,23,1,2020-03-02 15:51:18,2020-04-01 02:42:50,1000.0,1332.0,"[1041.0, 1000.0, 1040.0, 1045.0, 1000.0, 1000.0, 1055.0, 1000.0, 1332.0, 1099.0, 1247.0, 1023.0, 1096.0]","{'Claydol': 23, 'Cacturne': 21, 'Clefable': 22, 'Registeel': 19, 'Hippopotas': 24, 'Cradily': 18}"
tailwhip57752,[Gen 4] UU,4,1,3,2018-09-19 21:45:09,2019-05-19 10:40:03,,,,"{'Mismagius': 2, 'Rhyperior': 2, 'Weezing': 2, 'Regirock': 2, 'Feraligatr': 2, 'Venusaur': 2, 'Snover': 1, 'Hitmontop': 1, 'Nidoqueen': 1, 'Walrein': 1, 'Chansey': 1, 'Registeel': 1, 'Toxicroak': 1, 'Torterra': 1, 'Azumarill': 1, 'Rotom': 1, 'Arcanine': 1, 'Alakazam': 1}"
tailwhip70583,[Gen 4] UU,2,1,1,2017-10-30 16:43:53,2017-11-03 17:22:40,,,,"{'Kadabra': 1, 'Muk': 1, 'Victreebel': 2, 'Metang': 1, 'Regigigas': 1, 'Gastrodon': 1, 'Shiftry': 1, 'Typhlosion': 1, 'Regirock': 1, 'Persian': 1, 'Hypno': 1}"
tailwhip73277,[Gen 4] UU,16,9,7,2020-07-04 22:59:10,2020-08-01 18:29:16,1069.0,1375.0,"[1069.0, 1240.0, 1375.0, 1073.0, 1135.0, 1112.0]","{'Milotic': 8, 'Mismagius': 7, 'Clefable': 8, 'Registeel': 8, 'Uxie': 8, 'Venusaur': 7, 'Qwilfish': 3, 'Toxicroak': 3, 'Azumarill': 3, 'Regirock': 3, 'Rotom': 6, 'Spiritomb': 6, 'Cloyster': 3, 'Chansey': 3, 'Leafeon': 3, 'Arcanine': 1, 'Hariyama': 3, 'Mesprit': 1, 'Scyther': 1, 'Omastar': 1, 'Hitmontop': 1, 'Dugtrio': 1, 'Houndoom': 1}"
tailwind22402,[Gen 4] UU,11,3,8,2023-12-03 08:04:43,2025-03-30 04:16:20,,,,"{'Aggron': 2, 'Cacturne': 2, 'Rotom': 2, 'Hippopotas': 1, 'Arcanine': 2, 'Blastoise': 2, 'Ursaring': 2, 'Torterra': 2, 'Monferno': 1, 'Kabutops': 1, 'Houndoom': 4, 'Uxie': 5, 'Regice': 1, 'Gligar': 2, 'Poliwrath': 2, 'Registeel': 1, 'Slowking': 1, 'Milotic': 3, 'Medicham': 1, 'Skuntank': 1, 'Clefable': 4, 'Venusaur': 3, 'Absol': 1, 'Mesprit': 2, 'Mismagius': 1, 'Toxicroak': 1, 'Scyther': 1, 'Rhyperior': 1, 'Moltres': 1, 'Donphan': 1, 'Blaziken': 1, 'Qwilfish': 1, 'Leafeon': 1, 'Entei': 1, 'Nidoqueen': 1, 'Steelix': 1, 'Sceptile': 1, 'Regirock': 1}"
tailwind33618,[Gen 4] UU,1,1,0,2024-07-14 20:08:05,2024-07-14 20:08:05,,,,"{'Slowbro': 1, 'Chansey': 1, 'Dugtrio': 1, 'Registeel': 1, 'Swellow': 1}"
takedown77237,[Gen 4] UU,2,1,1,2024-06-16 17:57:45,2024-06-16 18:35:11,,,,"{'Moltres': 2, 'Sceptile': 2, 'Skuntank': 2, 'Clefable': 1, 'Slowking': 2, 'Donphan': 2}"
tamatoberry62075,[Gen 4] UU,1,0,1,2014-12-07 12:36:26,2014-12-07 12:36:26,,,,"{'Magneton': 1, 'Medicham': 1, 'Nidoqueen': 1, 'Hitmonchan': 1, 'Gardevoir': 1, 'Delibird': 1}"
tangaberry13497,[Gen 4] UU,5,4,1,2023-12-15 01:26:09,2024-12-17 15:03:08,,,,"{'Uxie': 3, 'Victreebel': 1, 'Typhlosion': 1, 'Donphan': 2, 'Aggron': 1, 'Gastrodon-East': 1, 'Carnivine': 1, 'Leafeon': 1, 'Milotic': 1, 'Omastar': 1, 'Clefable': 1, 'Arcanine': 1, 'Alakazam': 1, 'Exeggutor': 1, 'Kangaskhan': 1, 'Mismagius': 1, 'Qwilfish': 1, 'Rhyperior': 1, 'Registeel': 1, 'Hariyama': 1, 'Regirock': 1}"
tangaberry56538,[Gen 4] UU,1,0,1,2020-03-16 21:41:39,2020-03-16 21:41:39,,,,"{'Aggron': 1, 'Venusaur': 1}"
tangaberry59664,[Gen 4] UU,1,0,1,2020-04-23 10:48:06,2020-04-23 10:48:06,,,,"{'Absol': 1, 'Mismagius': 1, 'Alakazam': 1, 'Clefable': 1, 'Blaziken': 1, 'Venusaur': 1}"
tangaberry70644,[Gen 4] UU,1,1,0,2019-08-08 11:04:30,2019-08-08 11:04:30,,,,"{'Ludicolo': 1, 'Electrode': 1, 'Dugtrio': 1, 'Registeel': 1, 'Uxie': 1}"
tangaberry81565,[Gen 4] UU,2,1,1,2024-03-13 08:04:05,2024-03-14 23:12:46,1000.0,1000.0,[1000.0],"{'Milotic': 1, 'Mismagius': 2, 'Registeel': 1, 'Houndoom': 1, 'Primeape': 1, 'Venusaur': 1, 'Kangaskhan': 1, 'Omastar': 1, 'Spiritomb': 1, 'Blaziken': 1}"
tangela24263,[Gen 4] UU,2,1,1,2024-08-10 00:20:27,2024-08-10 00:25:53,,,,"{'Pinsir': 2, 'Aggron': 2, 'Azumarill': 2, 'Rotom': 2, 'Houndoom': 2, 'Venusaur': 2}"
tangela91840,[Gen 4] UU,73,44,29,2017-01-14 22:01:01,2021-07-03 13:04:56,,,,"{'Drapion': 10, 'Azumarill': 7, 'Venusaur': 24, 'Dugtrio': 34, 'Arcanine': 18, 'Swellow': 7, 'Snover': 3, 'Milotic': 27, 'Walrein': 3, 'Spiritomb': 9, 'Registeel': 27, 'Donphan': 16, 'Machoke': 4, 'Charizard': 2, 'Sandslash': 2, 'Jumpluff': 2, 'Manectric': 2, 'Moltres': 13, 'Toxicroak': 5, 'Clefable': 22, 'Mesprit': 14, 'Blastoise': 14, 'Aggron': 9, 'Kabutops': 4, 'Uxie': 16, 'Blaziken': 5, 'Leafeon': 6, 'Scyther': 6, 'Entei': 11, 'Altaria': 2, 'Mismagius': 7, 'Qwilfish': 6, 'Rhyperior': 9, 'Houndoom': 3, 'Regirock': 1, 'Hitmontop': 9, 'Poliwrath': 2, 'Cacturne': 3, 'Rhydon': 2, 'Misdreavus': 3, 'Golbat': 3, 'Feraligatr': 3, 'Tangrowth': 2, 'Torterra': 3, 'Camerupt': 1, 'Tauros': 1, 'Medicham': 1, 'Marowak': 1, 'Solrock': 1, 'Gardevoir': 1, 'Whiscash': 1, 'Ambipom': 1, 'Politoed': 1, 'Magmortar': 1, 'Magneton': 1, 'Haunter': 1, 'Piloswine': 1, 'Jynx': 2, 'Ludicolo': 1, 'Rapidash': 2, 'Onix': 2, 'Victreebel': 2, 'Metang': 3, 'Purugly': 2, 'Primeape': 3, 'Armaldo': 1, 'Gastrodon': 1, 'Tangela': 1}"
tangledfeet19705,[Gen 4] UU,1,0,1,2023-05-16 01:09:08,2023-05-16 01:09:08,,,,"{'Hariyama': 1, 'Sceptile': 1, 'Omastar': 1, 'Rotom': 1, 'Spiritomb': 1, 'Arcanine': 1}"
tangledfeet73734,[Gen 4] UU,4,2,2,2015-03-17 01:23:55,2022-06-26 00:24:36,,,,"{'Milotic': 2, 'Toxicroak': 1, 'Torterra': 1, 'Rotom': 1, 'Houndoom': 1, 'Alakazam': 3, 'Hariyama': 1, 'Mismagius': 1, 'Clefable': 1, 'Venusaur': 3, 'Donphan': 1, 'Aggron': 2, 'Nidoking': 2, 'Feraligatr': 2, 'Arcanine': 2}"
tangledfeet81342,[Gen 4] UU,1,0,1,2017-05-20 19:18:57,2017-05-20 19:18:57,,,,"{'Feraligatr': 1, 'Cloyster': 1, 'Dugtrio': 1, 'Ludicolo': 1}"
tangledfeet96747,[Gen 4] UU,8,4,4,2021-11-12 19:10:54,2023-11-03 18:05:10,,,,"{'Azumarill': 1, 'Houndoom': 4, 'Uxie': 2, 'Venusaur': 2, 'Donphan': 4, 'Qwilfish': 4, 'Toxicroak': 2, 'Torterra': 1, 'Kabutops': 1, 'Rotom': 6, 'Rhyperior': 1, 'Registeel': 3, 'Clefable': 1, 'Feraligatr': 1, 'Cloyster': 1, 'Arcanine': 1, 'Leafeon': 2, 'Absol': 1, 'Kangaskhan': 1, 'Blaziken': 1, 'Scyther': 2, 'Tauros': 2, 'Milotic': 1, 'Dugtrio': 1, 'Swellow': 1}"
tangrowth23890,[Gen 4] UU,27,18,9,2024-03-07 00:10:57,2024-04-01 00:48:23,1000.0,1133.0,"[1000.0, 1066.0, 1000.0, 1028.0, 1026.0, 1043.0, 1042.0, 1121.0, 1081.0, 1133.0, 1000.0, 1110.0, 1062.0, 1000.0, 1009.0, 1095.0]","{'Milotic': 27, 'Mesprit': 25, 'Kabutops': 5, 'Venusaur': 21, 'Arcanine': 22, 'Swellow': 19, 'Hitmontop': 19, 'Toxicroak': 2, 'Rotom': 2, 'Houndoom': 2, 'Leafeon': 2}"
tangrowth29822,[Gen 4] UU,1,1,0,2019-12-18 16:37:27,2019-12-18 16:37:27,,,,"{'Entei': 1, 'Regirock': 1, 'Hitmonlee': 1, 'Feraligatr': 1, 'Drapion': 1, 'Venusaur': 1}"
tangrowth43586,[Gen 4] UU,1,1,0,2018-03-06 19:03:45,2018-03-06 19:03:45,,,,"{'Steelix': 1, 'Sneasel': 1, 'Hypno': 1, 'Houndoom': 1, 'Blaziken': 1}"
tangrowth58764,[Gen 4] UU,2,2,0,2017-07-14 23:39:43,2017-07-22 19:24:13,,,,"{'Golduck': 1, 'Yanma': 1, 'Quilava': 1, 'Armaldo': 1, 'Rhydon': 1, 'Articuno': 2, 'Kadabra': 1, 'Poliwrath': 1, 'Marowak': 1, 'Victreebel': 1, 'Electabuzz': 1}"
tangrowth6807,[Gen 4] UU,2,2,0,2024-01-12 16:01:25,2024-03-15 10:37:00,1197.0,1197.0,[1197.0],"{'Toxicroak': 2, 'Venusaur': 2, 'Rotom': 2, 'Registeel': 2, 'Blaziken': 1, 'Ambipom': 2, 'Houndoom': 1}"
tangrowth79748,[Gen 4] UU,1,1,0,2015-12-30 01:14:44,2015-12-30 01:14:44,,,,"{'Kingler': 1, 'Blaziken': 1, 'Sceptile': 1, 'Gastrodon': 1, 'Uxie': 1, 'Arcanine': 1}"
tangrowth98182,[Gen 4] UU,1,0,1,2022-05-29 21:29:52,2022-05-29 21:29:52,,,,"{'Altaria': 1, 'Exeggutor': 1, 'Mismagius': 1, 'Dugtrio': 1, 'Registeel': 1, 'Swellow': 1}"
taunt30304,[Gen 4] UU,1,0,1,2024-03-22 01:08:22,2024-03-22 01:08:22,,,,"{'Mismagius': 1, 'Qwilfish': 1, 'Clefable': 1, 'Arcanine': 1, 'Alakazam': 1, 'Leafeon': 1}"
taunt50824,[Gen 4] UU,2,2,0,2020-07-17 18:51:44,2020-08-08 20:22:34,,,,"{'Snover': 1, 'Monferno': 2, 'Wartortle': 2, 'Metang': 2, 'Sealeo': 1, 'Golbat': 2, 'Piloswine': 1, 'Misdreavus': 1}"
taunt60344,[Gen 4] UU,1,1,0,2020-06-21 20:10:57,2020-06-21 20:10:57,,,,"{'Ursaring': 1, 'Mismagius': 1, 'Qwilfish': 1, 'Rotom': 1, 'Hitmonlee': 1, 'Uxie': 1}"
tauros25617,[Gen 4] UU,1,0,1,2020-05-12 05:24:29,2020-05-12 05:24:29,,,,"{'Typhlosion': 1, 'Nidoqueen': 1, 'Hitmonchan': 1, 'Poliwrath': 1, 'Dodrio': 1, 'Skuntank': 1}"
tauros74880,[Gen 4] UU,1,1,0,2024-04-04 21:43:02,2024-04-04 21:43:02,,,,"{'Hariyama': 1, 'Azumarill': 1, 'Registeel': 1, 'Uxie': 1, 'Primeape': 1, 'Venusaur': 1}"
tauros83296,[Gen 4] UU,1,1,0,2014-08-15 00:08:42,2014-08-15 00:08:42,,,,"{'Regirock': 1, 'Hitmonchan': 1, 'Haunter': 1, 'Jynx': 1, 'Skuntank': 1, 'Manectric': 1}"
tauros97342,[Gen 4] UU,2,2,0,2018-04-22 05:26:44,2018-04-22 05:37:14,,,,"{'Milotic': 1, 'Toxicroak': 1, 'Torterra': 1, 'Rotom': 1, 'Houndoom': 1, 'Alakazam': 1, 'Ludicolo': 1, 'Kabutops': 1, 'Dugtrio': 1, 'Registeel': 1, 'Uxie': 1}"
technician13851,[Gen 4] UU,1,0,1,2018-05-24 19:26:13,2018-05-24 19:26:13,,,,"{'Milotic': 1, 'Mismagius': 1, 'Hitmontop': 1, 'Registeel': 1, 'Arcanine': 1, 'Donphan': 1}"
technician16610,[Gen 4] UU,6,2,4,2015-03-22 18:10:12,2015-06-20 18:12:50,,,,"{'Tauros': 3, 'Nidoqueen': 2, 'Regirock': 2, 'Cacturne': 1, 'Hippopotas': 1, 'Slowking': 2, 'Snover': 1, 'Venomoth': 1, 'Sandslash': 1, 'Walrein': 1, 'Articuno': 1, 'Charizard': 2, 'Magneton': 1, 'Linoone': 1, 'Gardevoir': 2, 'Mesprit': 1, 'Mismagius': 1, 'Rhyperior': 1, 'Poliwrath': 1, 'Blaziken': 1, 'Venusaur': 1, 'Floatzel': 1, 'Absol': 1, 'Lanturn': 1, 'Spiritomb': 1, 'Swellow': 1, 'Arcanine': 1, 'Ambipom': 1}"
technician85457,[Gen 4] UU,1,0,1,2017-04-18 20:06:38,2017-04-18 20:06:38,,,,"{'Bibarel': 1, 'Pidgeot': 1, 'Zangoose': 1, 'Staravia': 1, 'Rhydon': 1, 'Drifblim': 1}"
teddiursa35428,[Gen 4] UU,1,1,0,2019-04-05 19:35:10,2019-04-05 19:35:10,,,,"{'Ludicolo': 1, 'Toxicroak': 1, 'Kabutops': 1, 'Dugtrio': 1, 'Registeel': 1, 'Uxie': 1}"
teddiursa42390,[Gen 4] UU,2,1,1,2016-01-20 01:08:57,2016-02-04 02:47:34,,,,"{'Hariyama': 1, 'Qwilfish': 1, 'Registeel': 1, 'Spiritomb': 1, 'Houndoom': 1, 'Venusaur': 1, 'Altaria': 1, 'Milotic': 1, 'Blaziken': 1, 'Cacturne': 1, 'Rotom': 1, 'Uxie': 1}"
teddiursa47376,[Gen 4] UU,1,1,0,2018-01-28 22:29:36,2018-01-28 22:29:36,,,,"{'Scyther': 1, 'Exeggutor': 1, 'Kabutops': 1, 'Dugtrio': 1, 'Registeel': 1, 'Arcanine': 1}"
teddiursa88253,[Gen 4] UU,1,1,0,2015-05-23 22:46:19,2015-05-23 22:46:19,,,,"{'Milotic': 1, 'Mesprit': 1, 'Rhyperior': 1, 'Torterra': 1, 'Weezing': 1, 'Arcanine': 1}"
teddiursa9962,[Gen 4] UU,2,1,1,2019-08-09 02:41:55,2019-08-23 03:14:25,,,,"{'Blaziken': 2, 'Nidoking': 2, 'Spiritomb': 2, 'Venusaur': 2, 'Steelix': 1, 'Miltank': 1}"
teeterdance38199,[Gen 4] UU,1,1,0,2020-03-29 18:25:26,2020-03-29 18:25:26,,,,"{'Hariyama': 1, 'Mesprit': 1, 'Azumarill': 1, 'Houndoom': 1, 'Venusaur': 1, 'Donphan': 1}"
teeterdance73309,[Gen 4] UU,1,1,0,2017-05-10 03:54:08,2017-05-10 03:54:08,,,,"{'Milotic': 1, 'Drapion': 1, 'Torterra': 1, 'Kabutops': 1, 'Rotom': 1, 'Arcanine': 1}"
teeterdance83844,[Gen 4] UU,1,1,0,2017-04-10 20:48:29,2017-04-10 20:48:29,,,,"{'Poliwrath': 1, 'Bellossom': 1, 'Mr. Mime': 1, 'Muk': 1, 'Rhydon': 1, 'Drifblim': 1}"
teleport49622,[Gen 4] UU,1,0,1,2024-03-15 16:37:15,2024-03-15 16:37:15,1000.0,1000.0,[1000.0],"{'Ludicolo': 1, 'Alakazam': 1, 'Hitmonlee': 1, 'Drapion': 1, 'Swellow': 1, 'Drifblim': 1}"
tentacool76552,[Gen 4] UU,2,0,2,2024-03-07 16:19:15,2024-03-07 20:29:26,1049.0,1051.0,"[1049.0, 1051.0]","{'Ursaring': 2, 'Omastar': 2, 'Rotom': 2, 'Swellow': 2, 'Blaziken': 2, 'Alakazam': 2}"
tentacool90980,[Gen 4] UU,2,1,1,2017-02-15 07:15:34,2017-10-20 15:41:30,,,,"{'Ludicolo': 2, 'Omastar': 1, 'Toxicroak': 1, 'Kabutops': 2, 'Registeel': 2, 'Uxie': 1}"
thickclub33736,[Gen 4] UU,1,0,1,2025-04-13 00:22:07,2025-04-13 00:22:07,,,,"{'Ludicolo': 1, 'Hitmontop': 1, 'Azumarill': 1, 'Feraligatr': 1, 'Drapion': 1, 'Alakazam': 1}"
thickclub70730,[Gen 4] UU,11,5,6,2020-06-12 00:25:02,2024-12-14 04:44:44,,,,"{'Registeel': 3, 'Hippopotas': 3, 'Slowking': 3, 'Cradily': 3, 'Blastoise': 3, 'Leafeon': 3, 'Moltres': 4, 'Kingler': 2, 'Claydol': 6, 'Miltank': 6, 'Feraligatr': 2, 'Mismagius': 2, 'Torterra': 2, 'Weezing': 1, 'Dugtrio': 1, 'Medicham': 1, 'Ludicolo': 1, 'Azumarill': 1, 'Kabutops': 1, 'Uxie': 1, 'Hariyama': 3, 'Gastrodon': 1, 'Clefable': 2, 'Drapion': 3, 'Cacturne': 1}"
thickclub98136,[Gen 4] UU,1,0,1,2025-02-10 02:46:55,2025-02-10 02:46:55,,,,"{'Mismagius': 1, 'Qwilfish': 1, 'Clefable': 1, 'Arcanine': 1, 'Alakazam': 1, 'Leafeon': 1}"
thickfat3737,[Gen 4] UU,1,0,1,2024-03-23 19:11:50,2024-03-23 19:11:50,1017.0,1017.0,[1017.0],"{'Cloyster': 1, 'Slowbro': 1, 'Spiritomb': 1, 'Clefable': 1, 'Registeel': 1, 'Venusaur': 1}"
thickfat73359,[Gen 4] UU,1,1,0,2018-03-05 21:02:30,2018-03-05 21:02:30,1058.0,1058.0,[1058.0],"{'Milotic': 1, 'Mismagius': 1, 'Swellow': 1, 'Clefable': 1, 'Arcanine': 1, 'Venusaur': 1}"
thickfat92985,[Gen 4] UU,4,1,3,2020-03-27 02:14:56,2020-04-24 20:56:18,,,,"{'Moltres': 3, 'Milotic': 2, 'Kabutops': 2, 'Dugtrio': 2, 'Clefable': 4, 'Venusaur': 3, 'Sceptile': 1, 'Registeel': 1, 'Uxie': 1, 'Absol': 1, 'Mismagius': 1, 'Blaziken': 1, 'Alakazam': 1, 'Donphan': 1}"
thief31336,[Gen 4] UU,1,0,1,2020-07-13 22:43:47,2020-07-13 22:43:47,,,,"{'Miltank': 1, 'Ambipom': 1, 'Spiritomb': 1, 'Swellow': 1, 'Blaziken': 1, 'Venusaur': 1}"
thief63737,[Gen 4] UU,2,1,1,2016-01-18 23:18:05,2016-01-25 21:30:21,,,,"{'Ludicolo': 2, 'Electrode': 2, 'Kabutops': 2, 'Registeel': 2, 'Uxie': 2, 'Dugtrio': 1}"
thrash52385,[Gen 4] UU,1,1,0,2020-04-23 16:55:45,2020-04-23 16:55:45,,,,{'Monferno': 1}
thrash54054,[Gen 4] UU,1,1,0,2025-05-23 12:57:45,2025-05-23 12:57:45,,,,"{'Mesprit': 1, 'Kabutops': 1, 'Dugtrio': 1, 'Arcanine': 1, 'Swellow': 1, 'Leafeon': 1}"
thrash80465,[Gen 4] UU,210,138,72,2014-06-30 20:22:05,2019-05-03 21:55:15,,,,"{'Moltres': 90, 'Qwilfish': 13, 'Kabutops': 43, 'Haunter': 10, 'Dugtrio': 49, 'Swellow': 4, 'Rotom': 42, 'Registeel': 107, 'Venusaur': 102, 'Blastoise': 24, 'Regirock': 6, 'Hitmonchan': 8, 'Jynx': 5, 'Skuntank': 20, 'Manectric': 5, 'Toxicroak': 33, 'Mesprit': 28, 'Snover': 1, 'Nidoqueen': 14, 'Walrein': 1, 'Clefairy': 1, 'Clefable': 22, 'Mismagius': 11, 'Rhyperior': 11, 'Aggron': 28, 'Slowking': 23, 'Donphan': 43, 'Meganium': 5, 'Charizard': 11, 'Sandslash': 8, 'Gardevoir': 5, 'Drifblim': 6, 'Omastar': 30, 'Spiritomb': 30, 'Milotic': 48, 'Weezing': 8, 'Hippopotas': 3, 'Sceptile': 11, 'Feraligatr': 12, 'Drapion': 26, 'Magneton': 1, 'Lickilicky': 1, 'Houndoom': 17, 'Uxie': 29, 'Cloyster': 34, 'Steelix': 6, 'Hitmontop': 9, 'Chansey': 8, 'Arcanine': 13, 'Poliwrath': 5, 'Muk': 3, 'Metang': 4, 'Rhydon': 3, 'Glalie': 2, 'Misdreavus': 4, 'Exeggutor': 13, 'Electrode': 14, 'Blaziken': 16, 'Altaria': 6, 'Primeape': 3, 'Slowbro': 1, 'Ludicolo': 4, 'Alakazam': 4, 'Shiftry': 1, 'Pinsir': 1, 'Armaldo': 4, 'Cacturne': 2, 'Gastrodon': 3, 'Golbat': 1, 'Leafeon': 9, 'Gabite': 1, 'Sneasel': 1, 'Electabuzz': 1, 'Linoone': 1, 'Kadabra': 1, 'Victreebel': 1, 'Articuno': 2, 'Medicham': 1, 'Azumarill': 1, 'Magcargo': 1, 'Venomoth': 1, 'Grumpig': 1, 'Cradily': 1, 'Torterra': 4, 'Tauros': 1, 'Floatzel': 1, 'Xatu': 1, 'Typhlosion': 1}"
thrash98423,[Gen 4] UU,1,0,1,2020-07-19 04:54:47,2020-07-19 04:54:47,1000.0,1000.0,[1000.0],"{'Registeel': 1, 'Qwilfish': 1, 'Spiritomb': 1, 'Alakazam': 1}"
thunder32053,[Gen 4] UU,2,0,2,2024-03-14 23:16:59,2024-06-16 18:07:45,,,,"{'Milotic': 2, 'Drapion': 1, 'Torterra': 1, 'Kabutops': 1, 'Rotom': 1, 'Arcanine': 1, 'Absol': 1, 'Rhyperior': 1, 'Alakazam': 1, 'Blaziken': 1, 'Venusaur': 1}"
thunder9312,[Gen 4] UU,1,1,0,2015-07-05 07:04:17,2015-07-05 07:04:17,,,,"{'Aggron': 1, 'Azumarill': 1, 'Miltank': 1, 'Dugtrio': 1, 'Houndoom': 1, 'Venusaur': 1}"
thunderbolt29747,[Gen 4] UU,2,0,2,2014-06-29 16:34:37,2014-06-29 17:04:39,,,,"{'Altaria': 2, 'Mismagius': 2, 'Qwilfish': 2, 'Torterra': 2, 'Registeel': 2, 'Arcanine': 2}"
thunderbolt39017,[Gen 4] UU,1,0,1,2023-12-14 00:40:58,2023-12-14 00:40:58,,,,"{'Altaria': 1, 'Swellow': 1, 'Blaziken': 1, 'Drapion': 1, 'Venusaur': 1, 'Blastoise': 1}"
thunderbolt47835,[Gen 4] UU,1,0,1,2016-05-01 21:18:27,2016-05-01 21:18:27,,,,"{'Magmortar': 1, 'Shiftry': 1, 'Electrode': 1, 'Golem': 1, 'Jynx': 1, 'Slowking': 1}"
thunderbolt58020,[Gen 4] UU,1,1,0,2019-03-31 19:37:42,2019-03-31 19:37:42,,,,"{'Milotic': 1, 'Hitmontop': 1, 'Spiritomb': 1, 'Registeel': 1, 'Alakazam': 1}"
thunderfang6107,[Gen 4] UU,1,0,1,2016-01-30 19:11:26,2016-01-30 19:11:26,,,,"{'Milotic': 1, 'Mismagius': 1, 'Ambipom': 1, 'Lanturn': 1, 'Arcanine': 1, 'Alakazam': 1}"
thunderfang85412,[Gen 4] UU,2,0,2,2016-01-20 01:08:57,2016-04-11 01:42:12,,,,"{'Kangaskhan': 1, 'Qwilfish': 1, 'Torterra': 2, 'Rotom': 2, 'Slowking': 1, 'Primeape': 1, 'Moltres': 1, 'Milotic': 1, 'Hitmontop': 1, 'Registeel': 1}"
thunderpunch64813,[Gen 4] UU,3,1,2,2017-11-05 15:05:57,2017-11-05 15:35:14,,,,"{'Milotic': 1, 'Toxicroak': 1, 'Torterra': 1, 'Rotom': 1, 'Houndoom': 1, 'Alakazam': 1, 'Magmortar': 1, 'Meganium': 1, 'Tauros': 1, 'Medicham': 1, 'Jynx': 1, 'Probopass': 1, 'Stunky': 1, 'Kabuto': 1, 'Dratini': 1, 'Chinchou': 1, 'Carvanha': 1, 'Misdreavus': 1}"
thundershock58713,[Gen 4] UU,1,1,0,2022-06-16 21:19:15,2022-06-16 21:19:15,,,,"{'Scyther': 1, 'Milotic': 1, 'Altaria': 1, 'Sceptile': 1, 'Rhyperior': 1, 'Hitmontop': 1}"
thunderstone11961,[Gen 4] UU,16,7,9,2016-12-23 01:37:11,2019-12-22 23:16:32,,,,"{'Moltres': 1, 'Scyther': 2, 'Rotom': 3, 'Lanturn': 2, 'Alakazam': 1, 'Donphan': 4, 'Gorebyss': 2, 'Mesprit': 2, 'Ludicolo': 2, 'Qwilfish': 2, 'Electrode': 2, 'Kabutops': 2, 'Regirock': 6, 'Haunter': 4, 'Poliwrath': 2, 'Cacturne': 2, 'Manectric': 3, 'Gardevoir': 2, 'Machoke': 1, 'Tauros': 1, 'Dodrio': 1, 'Skuntank': 2, 'Slowking': 4, 'Arcanine': 1, 'Venusaur': 1, 'Snover': 3, 'Walrein': 3, 'Spiritomb': 2, 'Registeel': 3, 'Sceptile': 1, 'Houndoom': 1, 'Charizard': 2, 'Hitmonchan': 3, 'Jynx': 3, 'Venomoth': 1, 'Ninetales': 1, 'Drifblim': 1, 'Magmortar': 1, 'Vileplume': 1, 'Sandslash': 1, 'Shiftry': 1, 'Glalie': 1, 'Cloyster': 1, 'Mismagius': 1, 'Nidoqueen': 1, 'Clefable': 1, 'Gligar': 1, 'Azumarill': 1, 'Hippopotas': 1, 'Cradily': 1}"
thunderstone74942,[Gen 4] UU,4,3,1,2020-03-01 16:44:24,2020-03-27 23:08:08,,,,"{'Milotic': 2, 'Rhyperior': 1, 'Weezing': 1, 'Spiritomb': 1, 'Clefable': 1, 'Alakazam': 1, 'Moltres': 1, 'Registeel': 2, 'Primeape': 1, 'Venusaur': 1, 'Donphan': 2, 'Mismagius': 1, 'Sceptile': 1, 'Kabutops': 2, 'Arcanine': 2, 'Mesprit': 1, 'Dugtrio': 1, 'Swellow': 1, 'Leafeon': 1}"
thunderstone91997,[Gen 4] UU,9,4,5,2025-02-04 02:19:59,2025-02-13 23:14:53,,,,"{'Mesprit': 6, 'Kabutops': 7, 'Dugtrio': 8, 'Arcanine': 6, 'Swellow': 6, 'Leafeon': 6, 'Ludicolo': 2, 'Toxicroak': 2, 'Registeel': 2, 'Uxie': 3, 'Raichu': 1}"
thunderwave82644,[Gen 4] UU,6,5,1,2020-05-09 21:25:03,2020-05-12 14:19:16,,,,"{'Mesprit': 6, 'Nidoking': 5, 'Lanturn': 5, 'Spiritomb': 6, 'Arcanine': 4, 'Ursaring': 4}"
thunderwave9074,[Gen 4] UU,1,0,1,2025-04-04 20:12:33,2025-04-04 20:12:33,,,,"{'Entei': 1, 'Rhyperior': 1, 'Rotom': 1, 'Drapion': 1, 'Venusaur': 1, 'Blastoise': 1}"
tickle12244,[Gen 4] UU,2,0,2,2017-01-13 02:27:18,2017-01-14 03:21:29,,,,"{'Tangrowth': 1, 'Omastar': 2, 'Slowbro': 1, 'Chansey': 2, 'Spiritomb': 1, 'Donphan': 1, 'Hitmontop': 1, 'Rotom': 1, 'Arcanine': 1, 'Venusaur': 1}"
tickle67591,[Gen 4] UU,1,1,0,2024-01-08 01:05:19,2024-01-08 01:05:19,,,,"{'Absol': 1, 'Charizard': 1, 'Clefable': 1, 'Blaziken': 1, 'Drapion': 1}"
timerball20338,[Gen 4] UU,65,29,36,2015-04-26 01:01:21,2016-07-12 21:31:21,,,,"{'Moltres': 26, 'Milotic': 24, 'Exeggutor': 26, 'Spiritomb': 20, 'Registeel': 7, 'Donphan': 28, 'Mesprit': 26, 'Slowbro': 7, 'Rhyperior': 7, 'Azumarill': 39, 'Marowak': 7, 'Toxicroak': 8, 'Rotom': 30, 'Blaziken': 20, 'Drapion': 10, 'Venusaur': 22, 'Aggron': 11, 'Omastar': 17, 'Clefable': 10, 'Mismagius': 5, 'Hitmontop': 5, 'Weezing': 5, 'Chansey': 6, 'Altaria': 1, 'Roselia': 1, 'Machoke': 2, 'Tauros': 2, 'Regirock': 2, 'Dodrio': 2, 'Skuntank': 2, 'Slowking': 2, 'Dugtrio': 1}"
timerball42320,[Gen 4] UU,1,1,0,2020-07-22 15:53:41,2020-07-22 15:53:41,,,,"{'Snover': 1, 'Hariyama': 1, 'Claydol': 1, 'Nidoqueen': 1, 'Walrein': 1, 'Spiritomb': 1}"
timerball95227,[Gen 4] UU,3,1,2,2015-03-20 21:07:14,2015-05-13 23:15:32,,,,"{'Scyther': 3, 'Milotic': 3, 'Rotom': 3, 'Registeel': 3, 'Arcanine': 3, 'Donphan': 3}"
tintedlens4974,[Gen 4] UU,3,2,1,2020-02-26 00:33:23,2020-04-13 16:21:52,,,,"{'Moltres': 3, 'Scyther': 2, 'Hitmontop': 3, 'Steelix': 3, 'Cacturne': 3, 'Blastoise': 3}"
tintedlens67414,[Gen 4] UU,15,7,8,2018-01-24 19:49:57,2022-08-04 18:18:07,,,,"{'Altaria': 1, 'Milotic': 7, 'Hitmontop': 3, 'Dugtrio': 6, 'Registeel': 8, 'Uxie': 7, 'Mesprit': 4, 'Mismagius': 6, 'Omastar': 3, 'Toxicroak': 3, 'Clefable': 9, 'Blaziken': 3, 'Moltres': 2, 'Rotom': 1, 'Venusaur': 5, 'Qwilfish': 2, 'Torterra': 1, 'Arcanine': 3, 'Ambipom': 1, 'Kabutops': 1, 'Entei': 1, 'Sceptile': 1, 'Hitmonlee': 2, 'Donphan': 1, 'Nidoking': 1, 'Octillery': 1, 'Glaceon': 1, 'Lopunny': 1, 'Drifblim': 1}"
tintedlens93887,[Gen 4] UU,1,0,1,2019-03-05 23:08:33,2019-03-05 23:08:33,1000.0,1000.0,[1000.0],"{'Wailord': 1, 'Shuckle': 1, 'Espeon': 1, 'Houndoom': 1, 'Ambipom': 1, 'Leafeon': 1}"
togekiss27853,[Gen 4] UU,4,1,3,2017-01-14 18:00:48,2017-01-25 17:45:18,,,,"{'Scyther': 1, 'Milotic': 3, 'Mismagius': 1, 'Hitmontop': 1, 'Dugtrio': 2, 'Swellow': 1, 'Drapion': 2, 'Registeel': 2, 'Arcanine': 2, 'Donphan': 2, 'Leafeon': 2, 'Moltres': 1, 'Snover': 1, 'Spiritomb': 1, 'Blastoise': 1, 'Articuno': 1}"
togekiss35724,[Gen 4] UU,12,5,7,2016-01-18 03:42:08,2017-10-19 00:08:46,,,,"{'Milotic': 4, 'Drapion': 1, 'Torterra': 2, 'Kabutops': 1, 'Rotom': 3, 'Arcanine': 1, 'Gabite': 1, 'Armaldo': 2, 'Sneasel': 3, 'Mr. Mime': 1, 'Pelipper': 1, 'Politoed': 1, 'Magmortar': 1, 'Magneton': 1, 'Haunter': 2, 'Jynx': 1, 'Piloswine': 1, 'Metang': 1, 'Bellossom': 1, 'Quagsire': 1, 'Lickilicky': 1, 'Golbat': 1, 'Toxicroak': 2, 'Houndoom': 2, 'Alakazam': 2, 'Xatu': 3, 'Poliwrath': 2, 'Rhydon': 4, 'Misdreavus': 3, 'Golduck': 1, 'Monferno': 1, 'Victreebel': 1, 'Linoone': 1, 'Moltres': 2, 'Mismagius': 1, 'Qwilfish': 1, 'Rhyperior': 2, 'Spiritomb': 1, 'Blastoise': 1, 'Mesprit': 1, 'Hitmontop': 1, 'Registeel': 1, 'Tauros': 1, 'Manectric': 1, 'Glalie': 1, 'Drifblim': 1}"
togepi35357,[Gen 4] UU,1,1,0,2021-07-04 22:04:07,2021-07-04 22:04:07,,,,"{'Gligar': 1, 'Mismagius': 1, 'Cacturne': 1, 'Clefable': 1, 'Hippopotas': 1, 'Cradily': 1}"
togepi87212,[Gen 4] UU,1,1,0,2016-11-22 21:31:24,2016-11-22 21:31:24,,,,"{'Rhyperior': 1, 'Floatzel': 1, 'Torterra': 1, 'Blaziken': 1, 'Drapion': 1, 'Alakazam': 1}"
togetic18505,[Gen 4] UU,1,0,1,2016-08-08 21:24:57,2016-08-08 21:24:57,,,,"{'Omastar': 1, 'Rotom': 1, 'Blaziken': 1, 'Drapion': 1, 'Swellow': 1, 'Leafeon': 1}"
togetic6512,[Gen 4] UU,1,0,1,2020-06-12 18:19:39,2020-06-12 18:19:39,,,,"{'Moltres': 1, 'Toxicroak': 1, 'Feraligatr': 1, 'Uxie': 1, 'Venusaur': 1, 'Donphan': 1}"
torchic27954,[Gen 4] UU,7,4,3,2019-06-16 04:58:56,2020-04-01 20:10:51,,,,"{'Moltres': 3, 'Mismagius': 1, 'Qwilfish': 1, 'Rhyperior': 4, 'Spiritomb': 1, 'Blastoise': 4, 'Hariyama': 2, 'Mesprit': 1, 'Omastar': 1, 'Clefable': 1, 'Houndoom': 1, 'Venusaur': 1, 'Scyther': 4, 'Entei': 1, 'Kabutops': 1, 'Hitmontop': 3, 'Steelix': 2, 'Cacturne': 2, 'Exeggutor': 1, 'Feraligatr': 1, 'Drapion': 1, 'Milotic': 1, 'Altaria': 1, 'Sceptile': 1}"
torchic30282,[Gen 4] UU,1,1,0,2015-03-18 19:14:09,2015-03-18 19:14:09,,,,"{'Ursaring': 1, 'Omastar': 1, 'Rotom': 1, 'Alakazam': 1, 'Blaziken': 1, 'Swellow': 1}"
torchic79572,[Gen 4] UU,1,0,1,2015-04-03 23:10:01,2015-04-03 23:10:01,,,,"{'Moltres': 1, 'Mismagius': 1, 'Qwilfish': 1, 'Rhyperior': 1, 'Spiritomb': 1, 'Blastoise': 1}"
torkoal50056,[Gen 4] UU,9,4,5,2014-06-30 20:22:05,2015-05-10 18:37:21,,,,"{'Hariyama': 5, 'Tauros': 4, 'Azumarill': 4, 'Rotom': 7, 'Blaziken': 3, 'Venusaur': 7, 'Houndoom': 2, 'Omastar': 4, 'Milotic': 3, 'Hitmontop': 2, 'Torterra': 2, 'Chansey': 2, 'Spiritomb': 2, 'Qwilfish': 1, 'Registeel': 1, 'Electrode': 1, 'Dugtrio': 1}"
torkoal66838,[Gen 4] UU,1,0,1,2019-04-05 01:42:10,2019-04-05 01:42:10,,,,"{'Omastar': 1, 'Kabutops': 1, 'Rotom': 1, 'Swellow': 1, 'Houndoom': 1, 'Venusaur': 1}"
torment76495,[Gen 4] UU,1,0,1,2019-01-06 03:18:37,2019-01-06 03:18:37,,,,"{'Milotic': 1, 'Absol': 1, 'Rhyperior': 1, 'Alakazam': 1, 'Blaziken': 1, 'Venusaur': 1}"
torrent11378,[Gen 4] UU,1,1,0,2017-08-28 05:17:29,2017-08-28 05:17:29,,,,"{'Banette': 1, 'Mesprit': 1, 'Kabutops': 1, 'Registeel': 1, 'Blaziken': 1, 'Leafeon': 1}"
torterra44093,[Gen 4] UU,1,0,1,2024-03-08 17:41:32,2024-03-08 17:41:32,1000.0,1000.0,[1000.0],"{'Scyther': 1, 'Mismagius': 1, 'Floatzel': 1, 'Registeel': 1, 'Arcanine': 1, 'Swellow': 1}"
totodile90785,[Gen 4] UU,5,1,4,2015-12-29 17:00:26,2023-10-24 19:09:13,,,,"{'Mesprit': 3, 'Tauros': 3, 'Azumarill': 3, 'Houndoom': 3, 'Donphan': 5, 'Scyther': 2, 'Moltres': 2, 'Sceptile': 2, 'Skuntank': 2, 'Clefable': 2, 'Slowking': 2}"
tox71156,[Gen 4] UU,4,2,2,2020-02-28 22:58:53,2020-03-03 15:26:24,,,,"{'Gligar': 3, 'Monferno': 4, 'Wartortle': 4, 'Murkrow': 3, 'Croconaw': 2, 'Metang': 3, 'Shelgon': 1, 'Kadabra': 1, 'Roselia': 1, 'Misdreavus': 1}"
tox8851,[Gen 4] UU,3,3,0,2025-05-02 12:32:31,2025-05-24 13:29:26,,,,"{'Blaziken': 1, 'Mismagius': 2, 'Rhyperior': 1, 'Clefable': 3, 'Uxie': 1, 'Venusaur': 3, 'Qwilfish': 1, 'Arcanine': 1, 'Donphan': 2, 'Milotic': 1, 'Ambipom': 1, 'Swellow': 1}"
tox9000,[Gen 4] UU,1,1,0,2019-05-23 18:29:48,2019-05-23 18:29:48,,,,"{'Milotic': 1, 'Mismagius': 1, 'Registeel': 1, 'Houndoom': 1, 'Primeape': 1, 'Venusaur': 1}"
tox99630,[Gen 4] UU,5,5,0,2016-07-30 09:31:30,2016-07-30 22:50:44,,,,"{'Moltres': 5, 'Mesprit': 2, 'Rhyperior': 5, 'Spiritomb': 4, 'Blaziken': 5, 'Torterra': 3, 'Venusaur': 1, 'Scyther': 1}"
toxic30661,[Gen 4] UU,1,1,0,2017-03-16 01:29:12,2017-03-16 01:29:12,,,,"{'Sceptile': 1, 'Hitmontop': 1, 'Blastoise': 1, 'Chansey': 1, 'Arcanine': 1, 'Donphan': 1}"
toxic76716,[Gen 4] UU,1,1,0,2018-04-28 16:08:47,2018-04-28 16:08:47,,,,"{'Milotic': 1, 'Nidoqueen': 1, 'Rotom': 1, 'Spiritomb': 1, 'Clefable': 1}"
toxicorb21417,[Gen 4] UU,1,0,1,2020-07-01 09:37:49,2020-07-01 09:37:49,,,,"{'Moltres': 1, 'Toxicroak': 1, 'Feraligatr': 1, 'Uxie': 1, 'Venusaur': 1, 'Donphan': 1}"
toxicorb39855,[Gen 4] UU,2,2,0,2015-07-20 22:39:52,2015-07-20 22:57:42,,,,"{'Altaria': 1, 'Milotic': 1, 'Hitmontop': 1, 'Rotom': 2, 'Registeel': 1, 'Drapion': 1, 'Omastar': 1, 'Lanturn': 1, 'Clefable': 1, 'Venusaur': 1}"
toxicorb47086,[Gen 4] UU,1,0,1,2016-02-05 01:06:57,2016-02-05 01:06:57,,,,"{'Sableye': 1, 'Swellow': 1, 'Hitmonlee': 1, 'Gastrodon': 1, 'Ambipom': 1}"
toxicorb6110,[Gen 4] UU,1,0,1,2018-03-17 01:51:31,2018-03-17 01:51:31,,,,"{'Mismagius': 1, 'Sceptile': 1, 'Kabutops': 1, 'Registeel': 1, 'Arcanine': 1, 'Donphan': 1}"
toxicorb76254,[Gen 4] UU,2,2,0,2017-01-16 03:09:18,2017-01-16 03:14:28,,,,"{'Rotom': 2, 'Scyther': 1, 'Sceptile': 1, 'Qwilfish': 1, 'Houndoom': 1, 'Donphan': 1}"
toxicorb86699,[Gen 4] UU,3,1,2,2017-01-12 17:16:23,2017-01-12 17:23:00,,,,"{'Rhyperior': 2, 'Venusaur': 3, 'Alakazam': 2, 'Milotic': 2, 'Absol': 1, 'Blaziken': 1, 'Registeel': 1, 'Houndoom': 1}"
toxicroak16144,[Gen 4] UU,2,0,2,2017-01-01 19:19:37,2017-01-01 19:31:40,,,,"{'Rapidash': 2, 'Poliwrath': 2, 'Mr. Mime': 2, 'Linoone': 2, 'Rhydon': 2, 'Misdreavus': 2}"
toxicroak26017,[Gen 4] UU,1,1,0,2020-03-30 01:52:33,2020-03-30 01:52:33,,,,"{'Sceptile': 1, 'Rhyperior': 1, 'Rotom': 1, 'Registeel': 1, 'Slowking': 1, 'Ambipom': 1}"
toxicroak62121,[Gen 4] UU,1,0,1,2023-12-10 02:41:23,2023-12-10 02:41:23,,,,"{'Altaria': 1, 'Ludicolo': 1, 'Electrode': 1, 'Nidoking': 1, 'Blastoise': 1}"
toxicroak72246,[Gen 4] UU,8,4,4,2016-03-11 23:44:33,2017-11-12 17:21:32,,,,"{'Magmortar': 2, 'Gligar': 1, 'Medicham': 2, 'Skuntank': 5, 'Slowking': 3, 'Lickilicky': 2, 'Politoed': 1, 'Magneton': 1, 'Haunter': 2, 'Piloswine': 1, 'Tauros': 2, 'Sandslash': 3, 'Dodrio': 1, 'Machoke': 1, 'Mr. Mime': 1, 'Muk': 2, 'Metang': 2, 'Gastrodon': 2, 'Charizard': 2, 'Vileplume': 1, 'Floatzel': 2, 'Nidoqueen': 1, 'Drifblim': 1, 'Gardevoir': 1, 'Cacturne': 1, 'Regigigas': 1, 'Misdreavus': 1}"
toxicspikes23587,[Gen 4] UU,1,1,0,2018-01-06 05:52:29,2018-01-06 05:52:29,,,,"{'Scyther': 1, 'Mesprit': 1, 'Spiritomb': 1, 'Feraligatr': 1, 'Arcanine': 1, 'Donphan': 1}"
toxicspikes510,[Gen 4] UU,1,1,0,2015-01-21 08:35:46,2015-01-21 08:35:46,,,,"{'Ninetales': 1, 'Gligar': 1, 'Typhlosion': 1, 'Hitmonchan': 1, 'Victreebel': 1, 'Quagsire': 1}"
trace35180,[Gen 4] UU,3,1,2,2017-01-07 00:30:52,2017-01-07 00:54:00,,,,"{'Monferno': 3, 'Poliwrath': 3, 'Sneasel': 3, 'Victreebel': 2, 'Gastly': 3, 'Golbat': 3}"
trace47792,[Gen 4] UU,1,1,0,2019-05-17 16:17:22,2019-05-17 16:17:22,,,,"{'Moltres': 1, 'Exeggutor': 1, 'Mesprit': 1, 'Toxicroak': 1, 'Rhyperior': 1, 'Blastoise': 1}"
trace64701,[Gen 4] UU,65,31,33,2017-01-10 23:30:55,2018-10-13 20:34:29,,,,"{'Rampardos': 1, 'Gastrodon-East': 4, 'Cacturne': 7, 'Exploud': 1, 'Purugly': 34, 'Golbat': 18, 'Wailord': 1, 'Castform': 1, 'Lopunny': 3, 'Meditite': 1, 'Girafarig': 6, 'Ledian': 1, 'Wormadam-Trash': 1, 'Muk': 6, 'Gastrodon': 3, 'Glalie': 10, 'Golduck': 4, 'Kadabra': 8, 'Marowak': 5, 'Pelipper': 6, 'Metang': 27, 'Granbull': 1, 'Bellossom': 8, 'Mr. Mime': 5, 'Electabuzz': 6, 'Misdreavus': 16, 'Poliwrath': 31, 'Victreebel': 12, 'Diglett': 1, 'Kecleon': 2, 'Sunflora': 3, 'Chimecho': 2, 'Gastly': 2, 'Rapidash': 15, 'Monferno': 8, 'Raticate': 2, 'Lickilicky': 3, 'Beedrill': 2, 'Arbok': 3, 'Murkrow': 3, 'Drifblim': 5, 'Machoke': 1, 'Rhydon': 9, 'Glaceon': 1, 'Flareon': 5, 'Armaldo': 5, 'Sableye': 11, 'Articuno': 3, 'Sneasel': 5, 'Regigigas': 1, 'Kingler': 1, 'Parasect': 1, 'Xatu': 1, 'Zangoose': 1, 'Gorebyss': 2, 'Probopass': 2, 'Furret': 2, 'Lapras': 4, 'Dunsparce': 2, 'Omanyte': 2, 'Delcatty': 2, 'Riolu': 2, 'Ariados': 2, 'Chatot': 2, 'Relicanth': 1, 'Shedinja': 1, 'Togetic': 2, 'Tropius': 1, 'Ampharos': 1, 'Solrock': 1, 'Yanma': 1, 'Exeggcute': 2, 'Persian': 2, 'Shuckle': 1, 'Raichu': 1, 'Quilava': 1, 'Gloom': 1}"
trace71428,[Gen 4] UU,1,1,0,2017-05-15 21:53:20,2017-05-15 21:53:20,,,,"{'Rapidash': 1, 'Onix': 1, 'Victreebel': 1, 'Metang': 1, 'Purugly': 1, 'Tangela': 1}"
transform15581,[Gen 4] UU,2,1,1,2015-01-01 02:54:08,2015-01-13 04:14:57,,,,"{'Tauros': 1, 'Regirock': 1, 'Manectric': 1, 'Slowking': 1, 'Glalie': 1, 'Gorebyss': 1, 'Medicham': 1, 'Electrode': 1, 'Floatzel': 1, 'Skuntank': 1, 'Lickilicky': 1}"
transform29691,[Gen 4] UU,1,0,1,2024-03-10 22:07:18,2024-03-10 22:07:18,1059.0,1059.0,[1059.0],"{'Registeel': 1, 'Absol': 1, 'Hariyama': 1}"
transform54176,[Gen 4] UU,1,0,1,2023-12-07 08:03:53,2023-12-07 08:03:53,,,,"{'Pinsir': 1, 'Aggron': 1, 'Azumarill': 1, 'Houndoom': 1, 'Venusaur': 1}"
transform70783,[Gen 4] UU,1,1,0,2018-11-19 01:03:51,2018-11-19 01:03:51,,,,"{'Milotic': 1, 'Rhyperior': 1, 'Toxicroak': 1, 'Jynx': 1, 'Clefable': 1, 'Feraligatr': 1}"
transform72651,[Gen 4] UU,3,2,1,2017-01-23 02:41:15,2017-01-23 03:01:51,,,,"{'Moltres': 3, 'Milotic': 1, 'Aggron': 1, 'Clefable': 1, 'Venusaur': 1, 'Donphan': 2, 'Sceptile': 1, 'Registeel': 1, 'Slowking': 1, 'Cloyster': 1, 'Nidoqueen': 1, 'Rotom': 1, 'Feraligatr': 1, 'Drapion': 1}"
transform81583,[Gen 4] UU,1,0,1,2017-12-01 22:44:17,2017-12-01 22:44:17,,,,"{'Moltres': 1, 'Mesprit': 1, 'Kabutops': 1, 'Rotom': 1, 'Drapion': 1, 'Venusaur': 1}"
trapinch29950,[Gen 4] UU,3,2,1,2016-04-02 17:26:52,2016-04-23 16:14:31,,,,"{'Charizard': 2, 'Regirock': 1, 'Hitmonchan': 1, 'Skuntank': 1, 'Whiscash': 1, 'Slowking': 1, 'Kingler': 1, 'Sharpedo': 1, 'Medicham': 1, 'Sneasel': 1, 'Manectric': 1, 'Tauros': 1, 'Typhlosion': 1, 'Cradily': 1, 'Grumpig': 1, 'Misdreavus': 1}"
trapinch91237,[Gen 4] UU,3,1,2,2020-04-22 23:48:30,2020-04-22 23:54:55,,,,"{'Milotic': 1, 'Mismagius': 2, 'Registeel': 1, 'Primeape': 1, 'Venusaur': 3, 'Rhyperior': 1, 'Azumarill': 1, 'Steelix': 1, 'Swellow': 1, 'Moltres': 1, 'Aggron': 1, 'Donphan': 1}"
trapped37859,[Gen 4] UU,2,2,0,2015-04-02 18:43:47,2015-04-16 00:25:06,,,,"{'Registeel': 2, 'Slowbro': 2, 'Hitmontop': 2, 'Venusaur': 2, 'Moltres': 1, 'Swellow': 1}"
trapped46356,[Gen 4] UU,2,0,2,2020-04-01 01:34:09,2020-04-01 02:42:50,1000.0,1000.0,[1000.0],"{'Moltres': 2, 'Aggron': 2, 'Clefable': 2, 'Venusaur': 2, 'Donphan': 2}"
trapped64227,[Gen 4] UU,2,0,2,2019-11-25 02:37:19,2019-12-06 09:35:30,,,,"{'Mesprit': 1, 'Kabutops': 2, 'Dugtrio': 2, 'Arcanine': 1, 'Swellow': 1, 'Leafeon': 1, 'Ludicolo': 1, 'Toxicroak': 1, 'Registeel': 1, 'Uxie': 1}"
trapped92313,[Gen 4] UU,2,0,2,2024-03-26 17:55:53,2024-03-27 15:56:24,1000.0,1083.0,"[1000.0, 1083.0]","{'Moltres': 1, 'Spiritomb': 1, 'Linoone': 1, 'Uxie': 1, 'Venusaur': 1, 'Donphan': 1, 'Claydol': 1, 'Mightyena': 1, 'Qwilfish': 1, 'Arcanine': 1, 'Swellow': 1}"
treecko1341,[Gen 4] UU,2,0,2,2017-06-14 13:41:48,2017-06-14 13:45:31,,,,"{'Gabite': 1, 'Mr. Mime': 1, 'Pelipper': 1, 'Muk': 1, 'Lickilicky': 1, 'Glalie': 1, 'Poliwrath': 1, 'Cacturne': 1, 'Metang': 1, 'Rhydon': 1, 'Gastrodon': 1, 'Golbat': 1}"
treecko6013,[Gen 4] UU,2,2,0,2015-06-28 23:25:35,2015-07-26 22:02:08,,,,"{'Milotic': 2, 'Claydol': 2, 'Sceptile': 1, 'Houndoom': 2, 'Registeel': 2, 'Primeape': 2}"
treecko70039,[Gen 4] UU,1,0,1,2024-05-13 23:30:44,2024-05-13 23:30:44,,,,"{'Mismagius': 1, 'Qwilfish': 1, 'Clefable': 1, 'Arcanine': 1, 'Alakazam': 1, 'Leafeon': 1}"
triattack23752,[Gen 4] UU,1,0,1,2023-12-31 07:27:04,2023-12-31 07:27:04,,,,"{'Ludicolo': 1, 'Mismagius': 1, 'Nidoking': 1, 'Hitmontop': 1, 'Clefable': 1, 'Registeel': 1}"
trick15068,[Gen 4] UU,1,0,1,2019-03-08 16:30:57,2019-03-08 16:30:57,,,,"{'Scyther': 1, 'Dugtrio': 1, 'Spiritomb': 1, 'Registeel': 1, 'Venusaur': 1, 'Blastoise': 1}"
trick33871,[Gen 4] UU,6,4,2,2019-02-17 11:39:28,2020-05-21 10:31:13,,,,"{'Milotic': 5, 'Omastar': 5, 'Hitmontop': 5, 'Weezing': 5, 'Spiritomb': 5, 'Clefable': 4, 'Ludicolo': 1, 'Toxicroak': 1, 'Kabutops': 1, 'Dugtrio': 1, 'Registeel': 1, 'Uxie': 1}"
trick38361,[Gen 4] UU,1,1,0,2023-12-14 00:40:58,2023-12-14 00:40:58,,,,"{'Kangaskhan': 1, 'Mismagius': 1, 'Omastar': 1, 'Spiritomb': 1, 'Blaziken': 1, 'Alakazam': 1}"
trick4034,[Gen 4] UU,1,0,1,2024-05-26 05:36:13,2024-05-26 05:36:13,,,,"{'Moltres': 1, 'Registeel': 1, 'Uxie': 1, 'Primeape': 1, 'Venusaur': 1, 'Donphan': 1}"
trick49003,[Gen 4] UU,6,4,2,2015-04-26 20:23:02,2016-06-19 05:12:02,,,,"{'Charizard': 3, 'Tauros': 3, 'Floatzel': 3, 'Nidoqueen': 3, 'Lickilicky': 3, 'Milotic': 3, 'Mismagius': 3, 'Sceptile': 3, 'Rhyperior': 3, 'Hitmonlee': 3, 'Houndoom': 3, 'Gardevoir': 2}"
trick50342,[Gen 4] UU,1,1,0,2020-07-18 18:10:02,2020-07-18 18:10:02,,,,"{'Kadabra': 1, 'Monferno': 1, 'Piloswine': 1, 'Metang': 1, 'Misdreavus': 1, 'Yanma': 1}"
trickroom50095,[Gen 4] UU,1,0,1,2019-08-06 09:37:02,2019-08-06 09:37:02,,,,"{'Scyther': 1, 'Claydol': 1, 'Aggron': 1, 'Torterra': 1, 'Azumarill': 1, 'Arcanine': 1}"
trickroom74944,[Gen 4] UU,2,0,2,2016-06-14 22:33:36,2016-06-14 23:01:10,,,,"{'Sandslash': 1, 'Magneton': 1, 'Typhlosion': 1, 'Haunter': 1, 'Walrein': 1, 'Jumpluff': 1, 'Shiftry': 1, 'Rapidash': 1, 'Tauros': 1, 'Poliwrath': 1, 'Regirock': 1, 'Muk': 1}"
trickroom8902,[Gen 4] UU,3,2,1,2019-10-05 00:26:34,2020-03-07 16:09:49,,,,"{'Altaria': 3, 'Kabutops': 2, 'Steelix': 3, 'Dugtrio': 3, 'Leafeon': 3, 'Toxicroak': 2}"
triplekick11932,[Gen 4] UU,2,0,2,2019-05-31 02:30:51,2019-06-06 11:39:59,,,,"{'Milotic': 1, 'Omastar': 1, 'Hitmontop': 1, 'Weezing': 2, 'Spiritomb': 1, 'Clefable': 1, 'Mismagius': 1, 'Torterra': 1, 'Registeel': 1, 'Houndoom': 1, 'Blastoise': 1}"
triplekick6939,[Gen 4] UU,21,13,8,2022-03-23 21:12:33,2023-04-22 11:22:58,,,,"{'Blaziken': 7, 'Mismagius': 6, 'Rhyperior': 7, 'Clefable': 5, 'Uxie': 10, 'Venusaur': 13, 'Milotic': 6, 'Sceptile': 1, 'Skuntank': 2, 'Registeel': 10, 'Moltres': 3, 'Mesprit': 1, 'Azumarill': 1, 'Donphan': 1, 'Kabutops': 3, 'Dugtrio': 3, 'Swellow': 1, 'Arcanine': 2, 'Scyther': 5, 'Entei': 3, 'Drapion': 3, 'Blastoise': 6, 'Toxicroak': 3, 'Regirock': 2, 'Ludicolo': 2, 'Qwilfish': 3, 'Rotom': 3, 'Torterra': 3, 'Houndoom': 1, 'Hariyama': 2, 'Hitmonlee': 1, 'Leafeon': 1}"
tropius35527,[Gen 4] UU,4,2,2,2022-03-12 10:36:29,2022-03-15 13:01:57,,,,"{'Mesprit': 2, 'Kabutops': 2, 'Dugtrio': 2, 'Arcanine': 2, 'Swellow': 2, 'Leafeon': 2, 'Cloyster': 2, 'Toxicroak': 2, 'Azumarill': 2, 'Regirock': 1, 'Rotom': 2, 'Spiritomb': 2}"
tropius44131,[Gen 4] UU,11,4,7,2014-06-29 16:43:25,2016-02-14 01:16:05,,,,"{'Gligar': 1, 'Azumarill': 1, 'Cacturne': 1, 'Rotom': 4, 'Hippopotas': 1, 'Cradily': 1, 'Moltres': 2, 'Scyther': 3, 'Lanturn': 2, 'Alakazam': 1, 'Donphan': 5, 'Milotic': 5, 'Mesprit': 2, 'Mismagius': 4, 'Sceptile': 3, 'Registeel': 5, 'Snover': 1, 'Qwilfish': 3, 'Nidoqueen': 1, 'Clefable': 1, 'Blastoise': 1, 'Venusaur': 3, 'Hariyama': 1, 'Arcanine': 2, 'Slowbro': 1, 'Chansey': 2, 'Spiritomb': 2, 'Weezing': 1, 'Drapion': 1, 'Houndoom': 1, 'Leafeon': 1}"
truant39646,[Gen 4] UU,3,1,2,2023-03-28 06:31:33,2023-03-28 06:42:16,,,,"{'Ludicolo': 1, 'Toxicroak': 1, 'Kabutops': 1, 'Dugtrio': 1, 'Registeel': 2, 'Uxie': 1, 'Rotom': 1, 'Arcanine': 1, 'Torterra': 1, 'Drapion': 1, 'Milotic': 1, 'Mismagius': 1, 'Primeape': 1, 'Venusaur': 1}"
truant73018,[Gen 4] UU,2,0,2,2015-10-10 04:00:49,2016-04-21 01:15:50,,,,"{'Mesprit': 1, 'Kangaskhan': 1, 'Rhyperior': 1, 'Azumarill': 1, 'Blaziken': 1, 'Leafeon': 1, 'Snover': 1, 'Hitmontop': 1, 'Nidoqueen': 1}"
truant84021,[Gen 4] UU,1,0,1,2018-08-24 16:28:01,2018-08-24 16:28:01,,,,"{'Milotic': 1, 'Mismagius': 1, 'Registeel': 1, 'Houndoom': 1, 'Primeape': 1, 'Venusaur': 1}"
truant94385,[Gen 4] UU,1,1,0,2017-04-19 23:58:43,2017-04-19 23:58:43,,,,"{'Rhydon': 1, 'Yanma': 1, 'Poliwrath': 1, 'Electabuzz': 1}"
trumpcard17211,[Gen 4] UU,1,1,0,2017-12-27 14:15:23,2017-12-27 14:15:23,,,,"{'Registeel': 1, 'Rotom': 1, 'Hitmontop': 1, 'Moltres': 1}"
trumpcard68166,[Gen 4] UU,8,6,2,2017-01-18 19:10:22,2019-05-21 18:41:03,,,,"{'Altaria': 1, 'Omastar': 4, 'Aggron': 1, 'Miltank': 1, 'Rotom': 1, 'Primeape': 1, 'Tangrowth': 5, 'Milotic': 6, 'Absol': 3, 'Blaziken': 2, 'Registeel': 3, 'Uxie': 2, 'Lanturn': 1, 'Spiritomb': 1, 'Swellow': 1, 'Arcanine': 2, 'Ambipom': 1, 'Scyther': 1, 'Venusaur': 1, 'Donphan': 1, 'Mismagius': 3, 'Hitmontop': 3, 'Clefable': 2}"
trumpcard83180,[Gen 4] UU,2,1,1,2017-01-14 21:46:09,2017-01-14 22:07:16,,,,"{'Scyther': 1, 'Mesprit': 1, 'Dugtrio': 1, 'Registeel': 1, 'Venusaur': 2, 'Blastoise': 1, 'Mismagius': 1, 'Rhyperior': 1, 'Feraligatr': 1, 'Blaziken': 1, 'Ambipom': 1}"
turtwig42732,[Gen 4] UU,1,1,0,2020-06-24 13:58:19,2020-06-24 13:58:19,,,,"{'Milotic': 1, 'Omastar': 1, 'Swellow': 1, 'Arcanine': 1, 'Venusaur': 1, 'Donphan': 1}"
twineedle35563,[Gen 4] UU,1,1,0,2018-03-20 13:03:11,2018-03-20 13:03:11,,,,"{'Mesprit': 1, 'Kabutops': 1, 'Dugtrio': 1, 'Arcanine': 1, 'Swellow': 1, 'Leafeon': 1}"
twineedle45888,[Gen 4] UU,1,0,1,2016-01-16 16:04:14,2016-01-16 16:04:14,,,,"{'Mismagius': 1, 'Toxicroak': 1, 'Rhyperior': 1, 'Feraligatr': 1, 'Uxie': 1, 'Leafeon': 1}"
twineedle88072,[Gen 4] UU,1,0,1,2024-04-16 21:04:21,2024-04-16 21:04:21,,,,"{'Mismagius': 1, 'Omastar': 1, 'Alakazam': 1, 'Clefable': 1, 'Primeape': 1, 'Venusaur': 1}"
twistedspoon20534,[Gen 4] UU,4,1,3,2015-09-06 02:06:35,2015-09-06 02:21:10,,,,"{'Mismagius': 1, 'Qwilfish': 1, 'Toxicroak': 1, 'Regirock': 1, 'Feraligatr': 3, 'Venusaur': 1, 'Scyther': 2, 'Magneton': 2, 'Hitmontop': 2, 'Dugtrio': 2, 'Glaceon': 3, 'Snover': 1, 'Rhyperior': 1, 'Lanturn': 1, 'Drapion': 1, 'Donphan': 1}"
twistedspoon43127,[Gen 4] UU,1,1,0,2024-12-02 18:28:50,2024-12-02 18:28:50,,,,"{'Rhyperior': 1, 'Mismagius': 1, 'Omastar': 1}"
twistedspoon78974,[Gen 4] UU,200,127,73,2016-01-11 12:56:50,2020-08-23 19:36:14,,,,"{'Hitmontop': 55, 'Venusaur': 76, 'Mismagius': 57, 'Omastar': 39, 'Charizard': 26, 'Milotic': 106, 'Spiritomb': 39, 'Clefable': 29, 'Arcanine': 39, 'Cradily': 4, 'Haunter': 8, 'Mesprit': 86, 'Toxicroak': 25, 'Sceptile': 39, 'Registeel': 61, 'Blaziken': 22, 'Slowking': 11, 'Donphan': 67, 'Kabutops': 32, 'Miltank': 8, 'Rotom': 23, 'Altaria': 7, 'Azumarill': 5, 'Torterra': 9, 'Blastoise': 7, 'Lanturn': 3, 'Magcargo': 6, 'Qwilfish': 6, 'Dugtrio': 31, 'Drapion': 12, 'Moltres': 9, 'Vileplume': 2, 'Sandslash': 2, 'Relicanth': 2, 'Swellow': 15, 'Tangrowth': 3, 'Tauros': 9, 'Xatu': 10, 'Weezing': 14, 'Snover': 8, 'Walrein': 7, 'Scyther': 10, 'Leafeon': 12, 'Houndoom': 15, 'Aggron': 2, 'Glalie': 2, 'Venomoth': 4, 'Medicham': 2, 'Entei': 1, 'Uxie': 7, 'Lapras': 3, 'Machoke': 2, 'Meganium': 1, 'Nidoqueen': 2, 'Hariyama': 5, 'Feraligatr': 2, 'Alakazam': 1, 'Cloyster': 2, 'Rhyperior': 3, 'Gorebyss': 2, 'Electrode': 2, 'Regice': 1, 'Rampardos': 1, 'Chansey': 1}"
twistedspoon92239,[Gen 4] UU,1,0,1,2024-02-18 15:49:18,2024-02-18 15:49:18,,,,"{'Moltres': 1, 'Milotic': 1, 'Uxie': 1, 'Drapion': 1, 'Venusaur': 1, 'Donphan': 1}"
twister10272,[Gen 4] UU,1,0,1,2018-06-29 13:24:22,2018-06-29 13:24:22,,,,"{'Scyther': 1, 'Sceptile': 1, 'Nidoqueen': 1, 'Miltank': 1, 'Blaziken': 1, 'Blastoise': 1}"
twister1240,[Gen 4] UU,4,2,2,2018-03-08 21:52:13,2020-07-22 21:13:01,,,,"{'Ursaring': 1, 'Alakazam': 1, 'Weezing': 1, 'Mismagius': 1, 'Sceptile': 1, 'Dugtrio': 1, 'Hitmonlee': 1, 'Feraligatr': 1, 'Drapion': 1, 'Milotic': 2, 'Rhyperior': 2, 'Spiritomb': 2, 'Registeel': 2, 'Uxie': 2, 'Venusaur': 2}"
twister41388,[Gen 4] UU,1,1,0,2016-04-29 23:20:14,2016-04-29 23:20:14,,,,"{'Milotic': 1, 'Rhyperior': 1, 'Toxicroak': 1, 'Jynx': 1, 'Feraligatr': 1}"
twister57762,[Gen 4] UU,8,7,1,2016-11-22 02:14:53,2018-10-04 02:39:55,,,,"{'Tangrowth': 1, 'Mismagius': 5, 'Hitmontop': 1, 'Registeel': 4, 'Drapion': 8, 'Clefable': 1, 'Scyther': 3, 'Exeggutor': 2, 'Lanturn': 6, 'Donphan': 5, 'Nidoking': 2, 'Ambipom': 2}"
twister601,[Gen 4] UU,2,1,1,2017-05-07 20:34:38,2017-05-08 04:56:52,,,,"{'Cacturne': 2, 'Mr. Mime': 2, 'Muk': 2, 'Relicanth': 2, 'Misdreavus': 2, 'Golduck': 1}"
typechange22013,[Gen 4] UU,1,1,0,2024-03-25 03:13:12,2024-03-25 03:13:12,1196.0,1196.0,[1196.0],"{'Mismagius': 1, 'Nidoking': 1, 'Kabutops': 1, 'Venusaur': 1, 'Uxie': 1, 'Swellow': 1}"
typechange29044,[Gen 4] UU,15,11,4,2022-01-03 01:29:26,2025-04-06 01:22:08,,,,"{'Mesprit': 2, 'Entei': 2, 'Rhyperior': 3, 'Rotom': 8, 'Feraligatr': 2, 'Venusaur': 12, 'Omastar': 1, 'Toxicroak': 1, 'Torterra': 1, 'Blaziken': 2, 'Alakazam': 1, 'Milotic': 5, 'Hariyama': 1, 'Registeel': 8, 'Houndoom': 6, 'Uxie': 6, 'Pinsir': 2, 'Aggron': 3, 'Azumarill': 2, 'Steelix': 1, 'Primeape': 2, 'Moltres': 1, 'Clefable': 1, 'Blastoise': 2, 'Dugtrio': 1, 'Lanturn': 1, 'Donphan': 2, 'Leafeon': 1, 'Mismagius': 3, 'Qwilfish': 2, 'Absol': 2}"
typechange38028,[Gen 4] UU,1,0,1,2015-12-27 20:27:45,2015-12-27 20:27:45,,,,"{'Altaria': 1, 'Milotic': 1, 'Hitmontop': 1, 'Spiritomb': 1, 'Clefable': 1, 'Registeel': 1}"
typechange79716,[Gen 4] UU,4,3,1,2016-07-10 21:49:22,2017-01-04 17:14:04,,,,"{'Linoone': 1, 'Gorebyss': 1, 'Monferno': 2, 'Golem': 2, 'Parasect': 2, 'Misdreavus': 2, 'Poliwrath': 2, 'Mr. Mime': 1, 'Victreebel': 2, 'Rhydon': 1, 'Sneasel': 1, 'Purugly': 1, 'Glalie': 1}"
typechange91516,[Gen 4] UU,8,5,3,2020-02-22 20:37:12,2021-09-05 20:42:37,,,,"{'Scyther': 1, 'Sceptile': 1, 'Qwilfish': 1, 'Rotom': 2, 'Houndoom': 4, 'Donphan': 1, 'Moltres': 3, 'Torterra': 3, 'Kabutops': 3, 'Miltank': 3, 'Uxie': 6, 'Drapion': 4, 'Milotic': 1, 'Mismagius': 2, 'Registeel': 1, 'Primeape': 1, 'Venusaur': 3, 'Hariyama': 1, 'Regirock': 1, 'Blaziken': 1, 'Aggron': 1, 'Feraligatr': 1}"
typhlosion10919,[Gen 4] UU,4,2,2,2015-04-08 05:28:52,2015-04-11 07:45:25,,,,"{'Moltres': 1, 'Scyther': 1, 'Kabutops': 1, 'Lanturn': 1, 'Registeel': 1, 'Lapras': 1, 'Vileplume': 1, 'Charizard': 1, 'Gligar': 1, 'Hitmonchan': 1, 'Sneasel': 1, 'Cloyster': 1, 'Nidoqueen': 1, 'Snover': 1, 'Walrein': 1, 'Sandslash': 1, 'Haunter': 1, 'Cacturne': 1, 'Hippopotas': 1, 'Slowking': 1, 'Cradily': 1}"
typhlosion16394,[Gen 4] UU,1,0,1,2018-05-30 19:58:38,2018-05-30 19:58:38,,,,"{'Exeggutor': 1, 'Omastar': 1, 'Toxicroak': 1, 'Rotom': 1, 'Houndoom': 1, 'Swellow': 1}"
tyranitar56327,[Gen 4] UU,30,8,22,2017-01-13 21:51:34,2023-09-05 18:22:26,,,,"{'Mesprit': 4, 'Rhyperior': 4, 'Typhlosion': 3, 'Ambipom': 3, 'Feraligatr': 2, 'Venusaur': 12, 'Scyther': 2, 'Milotic': 12, 'Registeel': 12, 'Blaziken': 6, 'Donphan': 6, 'Houndoom': 5, 'Rotom': 5, 'Swellow': 5, 'Omastar': 6, 'Moltres': 3, 'Mismagius': 11, 'Drapion': 4, 'Aggron': 3, 'Entei': 2, 'Primeape': 6, 'Sceptile': 4, 'Azumarill': 1, 'Regirock': 1, 'Arcanine': 5, 'Kangaskhan': 3, 'Qwilfish': 3, 'Spiritomb': 6, 'Uxie': 9, 'Alakazam': 1, 'Absol': 1, 'Steelix': 1, 'Hitmontop': 1, 'Walrein': 1, 'Leafeon': 1, 'Claydol': 3, 'Toxicroak': 1, 'Torterra': 4, 'Blastoise': 1, 'Tangrowth': 1, 'Dugtrio': 1, 'Clefable': 2, 'Pinsir': 1, 'Medicham': 1, 'Poliwrath': 1, 'Skuntank': 1, 'Gardevoir': 1, 'Kabutops': 2, 'Weezing': 1, 'Hariyama': 1}"
tyranitar70238,[Gen 4] UU,7,3,4,2024-04-04 21:43:02,2025-04-06 01:22:02,,,,"{'Rhyperior': 4, 'Feraligatr': 2, 'Houndoom': 4, 'Uxie': 5, 'Venusaur': 5, 'Primeape': 2, 'Milotic': 4, 'Kangaskhan': 1, 'Mismagius': 2, 'Dugtrio': 1, 'Registeel': 4, 'Moltres': 1, 'Weezing': 2, 'Leafeon': 1, 'Scyther': 1, 'Blastoise': 1, 'Hariyama': 1}"
tyrogue64196,[Gen 4] UU,2,0,2,2017-06-03 12:05:58,2017-06-03 12:25:01,,,,"{'Machoke': 2, 'Poliwrath': 1, 'Cacturne': 1, 'Rhydon': 1, 'Misdreavus': 1, 'Golbat': 1, 'Xatu': 1, 'Octillery': 1, 'Marowak': 1, 'Solrock': 1, 'Chimecho': 1}"
ultraball88994,[Gen 4] UU,10,3,7,2024-06-14 07:36:46,2025-05-21 14:37:34,,,,"{'Mismagius': 5, 'Toxicroak': 5, 'Hitmontop': 4, 'Torterra': 4, 'Houndoom': 4, 'Slowking': 4, 'Slowbro': 3, 'Beedrill': 3, 'Dragonite': 1, 'Registeel': 2, 'Glalie': 2, 'Donphan': 3, 'Rhyperior': 2, 'Cacturne': 1, 'Ambipom': 1, 'Entei': 1, 'Kangaskhan': 1, 'Omastar': 1, 'Skuntank': 1, 'Blaziken': 1, 'Leafeon': 1, 'Charizard': 1, 'Hitmonlee': 1, 'Feraligatr': 1, 'Drapion': 1, 'Venusaur': 1}"
umbreon58674,[Gen 4] UU,2,2,0,2024-04-28 13:21:11,2024-05-12 11:01:51,,,,"{'Ludicolo': 1, 'Qwilfish': 2, 'Kabutops': 1, 'Rotom': 1, 'Uxie': 2, 'Lopunny': 1, 'Blaziken': 1, 'Mismagius': 1, 'Torterra': 1, 'Houndoom': 1}"
unaware15184,[Gen 4] UU,1,1,0,2017-06-29 21:06:25,2017-06-29 21:06:25,,,,"{'Mesprit': 1, 'Kabutops': 1, 'Dugtrio': 1, 'Arcanine': 1, 'Swellow': 1}"
unaware59451,[Gen 4] UU,1,1,0,2015-04-16 21:48:23,2015-04-16 21:48:23,,,,"{'Medicham': 1, 'Regirock': 1, 'Skuntank': 1, 'Piloswine': 1, 'Slowking': 1}"
unaware60370,[Gen 4] UU,1,1,0,2019-07-26 02:25:51,2019-07-26 02:25:51,,,,"{'Ludicolo': 1, 'Toxicroak': 1, 'Kabutops': 1, 'Dugtrio': 1, 'Registeel': 1, 'Uxie': 1}"
unaware66972,[Gen 4] UU,2,1,1,2014-07-14 00:02:13,2014-11-16 08:04:19,,,,"{'Politoed': 1, 'Gligar': 1, 'Tauros': 1, 'Medicham': 1, 'Golem': 1, 'Victreebel': 1, 'Uxie': 1, 'Qwilfish': 1, 'Spiritomb': 1, 'Registeel': 1, 'Blaziken': 1, 'Venusaur': 1}"
unburden21319,[Gen 4] UU,17,6,11,2015-11-29 22:24:02,2017-06-21 22:19:20,,,,"{'Ursaring': 4, 'Raticate': 2, 'Steelix': 6, 'Uxie': 4, 'Swellow': 6, 'Blastoise': 1, 'Milotic': 3, 'Qwilfish': 1, 'Registeel': 3, 'Arcanine': 3, 'Venusaur': 3, 'Espeon': 5, 'Hitmonlee': 3, 'Alakazam': 6, 'Clefable': 2, 'Whiscash': 3, 'Blaziken': 3, 'Drifblim': 3, 'Flareon': 2, 'Hitmontop': 2, 'Hitmonchan': 2, 'Glaceon': 4, 'Snover': 1, 'Altaria': 1, 'Jynx': 1, 'Drapion': 1, 'Donphan': 1, 'Articuno': 1, 'Exeggutor': 4, 'Claydol': 1, 'Medicham': 1, 'Gardevoir': 1, 'Wigglytuff': 2, 'Dugtrio': 2, 'Omastar': 1, 'Toxicroak': 1, 'Rotom': 1, 'Houndoom': 1}"
unburden7602,[Gen 4] UU,1,1,0,2017-04-23 20:56:22,2017-04-23 20:56:22,,,,"{'Snover': 1, 'Milotic': 1, 'Walrein': 1, 'Spiritomb': 1, 'Registeel': 1, 'Donphan': 1}"
unknownitem58509,[Gen 4] UU,1,1,0,2020-04-13 16:21:52,2020-04-13 16:21:52,,,,"{'Milotic': 1, 'Absol': 1, 'Rhyperior': 1, 'Alakazam': 1, 'Blaziken': 1, 'Venusaur': 1}"
uproar29725,[Gen 4] UU,2,1,1,2024-03-25 19:21:39,2024-03-25 20:20:33,1018.0,1046.0,"[1018.0, 1046.0]","{'Milotic': 2, 'Absol': 2, 'Rhyperior': 2, 'Registeel': 1, 'Blaziken': 2, 'Alakazam': 2, 'Venusaur': 1}"
uproar34076,[Gen 4] UU,1,1,0,2019-01-06 16:32:25,2019-01-06 16:32:25,,,,"{'Milotic': 1, 'Toxicroak': 1, 'Rhyperior': 1, 'Jynx': 1, 'Clefable': 1, 'Feraligatr': 1}"
uproar34187,[Gen 4] UU,2,0,2,2017-06-10 21:31:33,2017-06-10 21:46:05,,,,"{'Monferno': 2, 'Poliwrath': 1, 'Metang': 1, 'Purugly': 1, 'Misdreavus': 2, 'Golbat': 2, 'Kadabra': 1, 'Probopass': 1, 'Gastrodon': 1}"
uproar61001,[Gen 4] UU,9,2,7,2022-09-28 22:42:27,2022-10-21 22:58:33,,,,"{'Hariyama': 3, 'Mismagius': 4, 'Kabutops': 3, 'Houndoom': 4, 'Uxie': 4, 'Venusaur': 5, 'Kangaskhan': 1, 'Omastar': 1, 'Moltres': 1, 'Hitmontop': 2, 'Azumarill': 1, 'Rotom': 1, 'Registeel': 4, 'Qwilfish': 2, 'Spiritomb': 2, 'Blastoise': 1, 'Drifblim': 1, 'Milotic': 1, 'Torterra': 2, 'Clefable': 1, 'Primeape': 1, 'Rhyperior': 1, 'Blaziken': 1, 'Mesprit': 1, 'Ludicolo': 1, 'Toxicroak': 1, 'Dugtrio': 1, 'Scyther': 1, 'Regirock': 1, 'Drapion': 1}"
uproar89011,[Gen 4] UU,23,18,5,2023-12-03 08:04:43,2024-05-14 15:20:04,1039.0,1344.0,"[1081.0, 1039.0, 1237.0, 1344.0]","{'Venomoth': 2, 'Kabutops': 7, 'Clefable': 9, 'Houndoom': 9, 'Uxie': 2, 'Leafeon': 4, 'Milotic': 8, 'Mismagius': 12, 'Chansey': 3, 'Registeel': 5, 'Arcanine': 6, 'Venusaur': 16, 'Qwilfish': 9, 'Steelix': 6, 'Moltres': 7, 'Rotom': 2, 'Skuntank': 5, 'Donphan': 6, 'Primeape': 2, 'Alakazam': 1, 'Sceptile': 1, 'Slowking': 1, 'Mesprit': 1, 'Torterra': 1, 'Hitmonlee': 1, 'Pinsir': 1, 'Aggron': 1, 'Azumarill': 1, 'Absol': 1, 'Blaziken': 1}"
uproar95310,[Gen 4] UU,1,1,0,2018-05-13 15:34:06,2018-05-13 15:34:06,,,,"{'Scyther': 1, 'Rhyperior': 1, 'Toxicroak': 1, 'Houndoom': 1, 'Blastoise': 1, 'Leafeon': 1}"
ursaring45910,[Gen 4] UU,2,0,2,2019-03-30 01:49:08,2019-03-30 01:49:14,,,,"{'Scyther': 2, 'Claydol': 2, 'Mismagius': 2, 'Monferno': 2, 'Chansey': 2, 'Drapion': 2}"
uturn34317,[Gen 4] UU,2,0,2,2020-05-10 12:51:45,2020-05-10 13:02:19,,,,"{'Milotic': 2, 'Mismagius': 2, 'Clefable': 2, 'Blaziken': 2, 'Alakazam': 2, 'Donphan': 2}"
uturn64923,[Gen 4] UU,2,1,1,2020-03-22 17:25:36,2020-03-23 16:45:40,,,,"{'Scyther': 1, 'Rhyperior': 2, 'Venusaur': 2, 'Rotom': 2, 'Ambipom': 2, 'Blastoise': 2}"
uturn80187,[Gen 4] UU,2,1,1,2016-03-13 05:54:00,2020-05-07 18:40:11,,,,"{'Milotic': 1, 'Absol': 1, 'Rhyperior': 1, 'Blaziken': 1, 'Venusaur': 1, 'Cloyster': 1, 'Hariyama': 1, 'Nidoking': 1, 'Spiritomb': 1, 'Ambipom': 1, 'Blastoise': 1}"
uturn97519,[Gen 4] UU,1,1,0,2015-01-18 22:41:21,2015-01-18 22:41:21,,,,"{'Tauros': 1, 'Medicham': 1, 'Sandslash': 1, 'Skuntank': 1, 'Slowking': 1, 'Ampharos': 1}"
uxie11915,[Gen 4] UU,7,1,6,2024-03-14 16:26:12,2024-03-26 02:29:01,1000.0,1087.0,"[1028.0, 1087.0, 1087.0, 1043.0, 1026.0, 1043.0, 1000.0]","{'Uxie': 1, 'Milotic': 3, 'Claydol': 2, 'Ursaring': 1, 'Houndoom': 3, 'Haunter': 1, 'Registeel': 2, 'Drapion': 3, 'Tangrowth': 2, 'Chansey': 1, 'Blastoise': 1, 'Arcanine': 3, 'Nidoking': 2, 'Lickilicky': 2, 'Venusaur': 1, 'Glalie': 1, 'Lanturn': 1, 'Donphan': 1}"
uxie18203,[Gen 4] UU,1,0,1,2018-02-25 21:16:57,2018-02-25 21:16:57,,,,"{'Moltres': 1, 'Milotic': 1, 'Hitmontop': 1, 'Spiritomb': 1, 'Registeel': 1, 'Venusaur': 1}"
uxie55785,[Gen 4] UU,1,0,1,2020-05-21 10:31:13,2020-05-21 10:31:13,,,,"{'Absol': 1, 'Mismagius': 1, 'Sceptile': 1, 'Clefable': 1, 'Blaziken': 1, 'Primeape': 1}"
uxie65337,[Gen 4] UU,2,0,2,2015-01-01 21:56:36,2015-01-01 22:01:43,,,,"{'Bibarel': 1, 'Gligar': 1, 'Floatzel': 1, 'Mr. Mime': 1, 'Solrock': 1, 'Drifblim': 2, 'Gabite': 1, 'Shiftry': 1, 'Charizard': 1, 'Rapidash': 1, 'Armaldo': 1}"
uxie80558,[Gen 4] UU,5,3,2,2016-10-15 23:42:41,2016-10-16 00:39:04,,,,"{'Moltres': 1, 'Milotic': 2, 'Aggron': 1, 'Clefable': 1, 'Venusaur': 2, 'Donphan': 1, 'Ludicolo': 1, 'Toxicroak': 1, 'Kabutops': 3, 'Dugtrio': 2, 'Registeel': 2, 'Uxie': 1, 'Torterra': 1, 'Poliwrath': 1, 'Drapion': 1, 'Ambipom': 1, 'Mismagius': 1, 'Houndoom': 1, 'Primeape': 1, 'Mesprit': 1, 'Arcanine': 1, 'Swellow': 1, 'Leafeon': 1}"
uxie9255,[Gen 4] UU,3,2,1,2016-10-22 07:08:35,2016-10-22 09:52:27,,,,"{'Milotic': 2, 'Mismagius': 3, 'Registeel': 3, 'Houndoom': 3, 'Primeape': 3, 'Venusaur': 3}"
uxie93624,[Gen 4] UU,1,0,1,2020-03-29 13:43:39,2020-03-29 13:43:39,1028.0,1028.0,[1028.0],"{'Scyther': 1, 'Aggron': 1, 'Slowbro': 1, 'Nidoking': 1, 'Feraligatr': 1, 'Houndoom': 1}"
vacuumwave11881,[Gen 4] UU,2,0,2,2015-01-02 23:16:27,2015-01-02 23:30:11,,,,"{'Magmortar': 2, 'Gligar': 2, 'Jynx': 2, 'Crawdaunt': 2, 'Quagsire': 2, 'Cradily': 2}"
vacuumwave44122,[Gen 4] UU,2,0,2,2016-11-24 04:05:46,2016-11-24 04:13:57,,,,"{'Rapidash': 1, 'Wormadam-Sandy': 1, 'Armaldo': 1, 'Kadabra': 2, 'Poliwrath': 2, 'Yanma': 1, 'Lapras': 1, 'Kecleon': 1, 'Dusclops': 1, 'Electabuzz': 1}"
vacuumwave5164,[Gen 4] UU,1,1,0,2016-06-23 20:01:18,2016-06-23 20:01:18,,,,"{'Mismagius': 1, 'Qwilfish': 1, 'Feraligatr': 1, 'Glaceon': 1, 'Venusaur': 1, 'Donphan': 1}"
vacuumwave69367,[Gen 4] UU,3,2,1,2020-03-29 18:07:39,2020-03-29 18:25:26,,,,"{'Ludicolo': 3, 'Toxicroak': 2, 'Kabutops': 3, 'Dugtrio': 3, 'Registeel': 2, 'Uxie': 3}"
vacuumwave70409,[Gen 4] UU,1,0,1,2020-04-03 01:13:10,2020-04-03 01:13:10,,,,"{'Kangaskhan': 1, 'Qwilfish': 1, 'Torterra': 1, 'Rotom': 1, 'Slowking': 1, 'Primeape': 1}"
vaporeon46129,[Gen 4] UU,1,0,1,2020-06-26 10:06:31,2020-06-26 10:06:31,,,,"{'Scyther': 1, 'Milotic': 1, 'Altaria': 1, 'Sceptile': 1, 'Rhyperior': 1, 'Hitmontop': 1}"
vaporeon70273,[Gen 4] UU,1,0,1,2018-11-04 19:46:34,2018-11-04 19:46:34,,,,"{'Ursaring': 1, 'Altaria': 1, 'Dugtrio': 1, 'Feraligatr': 1, 'Arcanine': 1, 'Venusaur': 1}"
venomoth59413,[Gen 4] UU,1,1,0,2024-03-04 16:50:12,2024-03-04 16:50:12,1000.0,1000.0,[1000.0],"{'Altaria': 1, 'Claydol': 1, 'Rhyperior': 1, 'Azumarill': 1, 'Drapion': 1, 'Venusaur': 1}"
venomoth79079,[Gen 4] UU,2,1,1,2018-03-29 10:15:59,2018-03-29 10:23:34,,,,"{'Moltres': 2, 'Milotic': 1, 'Aggron': 1, 'Clefable': 2, 'Venusaur': 2, 'Donphan': 2}"
venomoth81666,[Gen 4] UU,1,0,1,2024-03-02 12:52:52,2024-03-02 12:52:52,1023.0,1023.0,[1023.0],"{'Milotic': 1, 'Mismagius': 1, 'Hitmontop': 1, 'Registeel': 1, 'Arcanine': 1, 'Venusaur': 1}"
venonat12410,[Gen 4] UU,1,1,0,2020-05-14 19:27:49,2020-05-14 19:27:49,,,,"{'Scyther': 1, 'Rhyperior': 1, 'Kabutops': 1, 'Rotom': 1, 'Houndoom': 1, 'Venusaur': 1}"
venonat16095,[Gen 4] UU,1,0,1,2017-06-29 21:06:25,2017-06-29 21:06:25,,,,"{'Mismagius': 1, 'Sceptile': 1, 'Kabutops': 1, 'Registeel': 1, 'Arcanine': 1, 'Donphan': 1}"
venonat57607,[Gen 4] UU,3,3,0,2024-03-06 13:54:55,2024-03-08 19:46:26,1019.0,1225.0,"[1040.0, 1019.0, 1225.0]","{'Mismagius': 3, 'Aggron': 3, 'Kabutops': 2, 'Dugtrio': 3, 'Venusaur': 3, 'Milotic': 1, 'Uxie': 1, 'Slowking': 1}"
venusaur27555,[Gen 4] UU,4,4,0,2015-10-09 01:34:46,2020-07-27 16:11:54,1064.0,1064.0,[1064.0],"{'Claydol': 3, 'Hitmontop': 4, 'Weezing': 3, 'Rotom': 3, 'Clefable': 3, 'Lopunny': 4}"
venusaur39584,[Gen 4] UU,1,0,1,2020-03-18 16:26:09,2020-03-18 16:26:09,,,,"{'Moltres': 1, 'Pidgeot': 1, 'Charizard': 1, 'Luxray': 1, 'Flareon': 1, 'Typhlosion': 1}"
venusaur66901,[Gen 4] UU,2,0,2,2016-07-05 18:10:45,2016-07-05 18:17:32,,,,"{'Sharpedo': 1, 'Ninetales': 1, 'Bellossom': 1, 'Purugly': 2, 'Relicanth': 1, 'Beedrill': 1, 'Linoone': 1, 'Camerupt': 1, 'Gastrodon-East': 1, 'Mr. Mime': 1, 'Pelipper': 1}"
venusaur67158,[Gen 4] UU,1,0,1,2020-08-27 00:18:07,2020-08-27 00:18:07,,,,"{'Altaria': 1, 'Mesprit': 1, 'Mismagius': 1, 'Aggron': 1, 'Weezing': 1, 'Chansey': 1}"
venusaur78033,[Gen 4] UU,1,0,1,2024-03-19 10:52:16,2024-03-19 10:52:16,,,,"{'Moltres': 1, 'Hariyama': 1, 'Mismagius': 1, 'Kabutops': 1, 'Registeel': 1, 'Venusaur': 1}"
venusaur98572,[Gen 4] UU,3,0,3,2023-04-04 03:59:57,2025-05-12 20:03:38,,,,"{'Omastar': 1, 'Rotom': 1, 'Houndoom': 1, 'Slowking': 1, 'Venusaur': 1, 'Donphan': 1, 'Qwilfish': 1, 'Uxie': 2, 'Ludicolo': 1, 'Mismagius': 1, 'Torterra': 1, 'Lanturn': 1, 'Registeel': 1, 'Blaziken': 1}"
vespiquen29498,[Gen 4] UU,3,1,2,2025-04-06 01:22:08,2025-05-29 18:08:53,,,,"{'Mismagius': 2, 'Qwilfish': 2, 'Clefable': 2, 'Arcanine': 3, 'Alakazam': 2, 'Leafeon': 2, 'Swellow': 1, 'Mesprit': 1}"
vespiquen3871,[Gen 4] UU,3,1,2,2019-07-20 14:13:04,2019-07-20 14:32:47,,,,"{'Cloyster': 1, 'Mismagius': 1, 'Entei': 1, 'Dugtrio': 1, 'Uxie': 1, 'Venusaur': 2, 'Rhyperior': 2, 'Cacturne': 1, 'Rotom': 1, 'Lanturn': 1, 'Houndoom': 1, 'Swellow': 1, 'Moltres': 1, 'Steelix': 1, 'Ambipom': 1, 'Blastoise': 1}"
vespiquen72197,[Gen 4] UU,3,3,0,2017-05-20 19:14:37,2017-05-20 19:23:37,,,,"{'Milotic': 2, 'Absol': 3, 'Rhyperior': 3, 'Blaziken': 2, 'Venusaur': 2, 'Alakazam': 1}"
vibrava17131,[Gen 4] UU,9,6,3,2017-01-22 18:14:57,2017-03-24 21:36:53,,,,"{'Scyther': 2, 'Omastar': 2, 'Toxicroak': 2, 'Torterra': 2, 'Kabutops': 2, 'Houndoom': 4, 'Milotic': 3, 'Mismagius': 2, 'Registeel': 2, 'Primeape': 2, 'Venusaur': 6, 'Aggron': 4, 'Hariyama': 4, 'Rotom': 1, 'Uxie': 1, 'Hitmontop': 1, 'Rhyperior': 1, 'Weezing': 1, 'Arcanine': 1}"
vibrava56905,[Gen 4] UU,6,4,2,2017-05-30 19:07:54,2017-06-20 03:32:44,,,,"{'Electabuzz': 1, 'Poliwrath': 2, 'Victreebel': 1, 'Sableye': 2, 'Rhydon': 2, 'Golbat': 1, 'Armaldo': 1, 'Muk': 1, 'Purugly': 1, 'Gligar': 1, 'Tauros': 1, 'Medicham': 1, 'Regirock': 4, 'Haunter': 1, 'Slowking': 4, 'Meganium': 2, 'Nidoqueen': 2, 'Hitmonchan': 2, 'Skuntank': 1}"
victreebel33432,[Gen 4] UU,1,0,1,2024-12-23 21:51:06,2024-12-23 21:51:06,,,,"{'Kangaskhan': 1, 'Mismagius': 1, 'Omastar': 1, 'Spiritomb': 1, 'Blaziken': 1, 'Alakazam': 1}"
victreebel55835,[Gen 4] UU,12,2,10,2020-04-27 14:47:52,2022-08-18 20:29:02,,,,"{'Cranidos': 2, 'Kadabra': 3, 'Tentacool': 7, 'Sealeo': 2, 'Diglett': 2, 'Tangela': 2, 'Marshtomp': 2, 'Croagunk': 2, 'Kabuto': 2, 'Omanyte': 2, 'Lombre': 2, 'Quilava': 1, 'Baltoy': 1, 'Clamperl': 1, 'Metang': 1, 'Carvanha': 1, 'Golbat': 3, 'Gligar': 2, 'Monferno': 4, 'Wartortle': 3, 'Bronzor': 2, 'Misdreavus': 3, 'Murkrow': 1, 'Clefairy': 2, 'Magnemite': 2, 'Altaria': 1, 'Cloyster': 1, 'Toxicroak': 1, 'Chansey': 1, 'Spiritomb': 1, 'Uxie': 1, 'Togetic': 1, 'Shelgon': 2, 'Lairon': 2, 'Ivysaur': 1, 'Prinplup': 1, 'Vigoroth': 1, 'Vibrava': 1, 'Hippopotas': 1, 'Roselia': 1}"
vileplume38110,[Gen 4] UU,2,0,2,2017-06-01 20:30:22,2017-06-01 20:37:35,,,,"{'Machoke': 1, 'Poliwrath': 1, 'Cacturne': 1, 'Rhydon': 1, 'Misdreavus': 1, 'Golbat': 1, 'Wailord': 1, 'Sunflora': 1, 'Diglett': 1, 'Dragonair': 1, 'Furret': 1, 'Koffing': 1}"
vileplume51049,[Gen 4] UU,2,0,2,2021-07-13 22:19:56,2021-07-13 22:24:22,,,,"{'Kangaskhan': 1, 'Mismagius': 1, 'Omastar': 1, 'Spiritomb': 1, 'Blaziken': 1, 'Alakazam': 1, 'Gligar': 1, 'Cacturne': 1, 'Rotom': 1, 'Clefable': 1, 'Hippopotas': 1, 'Cradily': 1}"
vileplume59230,[Gen 4] UU,1,1,0,2016-01-29 21:04:33,2016-01-29 21:04:33,,,,"{'Moltres': 1, 'Altaria': 1, 'Omastar': 1, 'Hitmontop': 1, 'Drapion': 1, 'Venusaur': 1}"
vileplume74779,[Gen 4] UU,4,3,1,2015-04-20 22:08:52,2017-02-28 00:18:31,,,,"{'Gabite': 2, 'Armaldo': 1, 'Sableye': 2, 'Linoone': 1, 'Chatot': 2, 'Articuno': 1, 'Granbull': 1, 'Poliwrath': 1, 'Glalie': 3, 'Altaria': 1, 'Hitmontop': 1, 'Nidoqueen': 1, 'Lickilicky': 1, 'Gastrodon': 1, 'Tauros': 1, 'Haunter': 1, 'Manectric': 1, 'Rhydon': 1, 'Drifblim': 1}"
vinewhip2128,[Gen 4] UU,1,0,1,2017-05-05 14:11:05,2017-05-05 14:11:05,1000.0,1000.0,[1000.0],"{'Camerupt': 1, 'Magmortar': 1, 'Banette': 1, 'Nidoqueen': 1, 'Cacturne': 1, 'Slaking': 1}"
vinewhip81731,[Gen 4] UU,3,3,0,2015-03-22 19:12:09,2015-04-25 21:18:18,,,,"{'Hariyama': 3, 'Qwilfish': 3, 'Rhyperior': 3, 'Arcanine': 3, 'Leafeon': 3, 'Drapion': 2}"
visegrip60623,[Gen 4] UU,3,3,0,2016-05-23 14:21:26,2017-10-25 11:46:53,,,,"{'Milotic': 1, 'Toxicroak': 1, 'Rhyperior': 1, 'Jynx': 1, 'Clefable': 1, 'Feraligatr': 1, 'Ursaring': 1, 'Omastar': 1, 'Rotom': 1, 'Swellow': 1, 'Blaziken': 1, 'Alakazam': 1, 'Politoed': 1, 'Piloswine': 1, 'Haunter': 1, 'Magmortar': 1}"
vitalspirit41729,[Gen 4] UU,6,4,2,2025-03-30 22:00:23,2025-05-27 15:02:44,,,,"{'Mismagius': 3, 'Rhyperior': 1, 'Venusaur': 4, 'Rotom': 2, 'Primeape': 1, 'Swellow': 2, 'Qwilfish': 2, 'Chansey': 1, 'Registeel': 3, 'Donphan': 2, 'Altaria': 1, 'Kabutops': 2, 'Hariyama': 1, 'Torterra': 1, 'Houndoom': 1, 'Blaziken': 1, 'Spiritomb': 1, 'Hitmonlee': 1, 'Uxie': 1, 'Mesprit': 1, 'Skuntank': 1, 'Arcanine': 1, 'Drifblim': 1}"
vitalspirit48045,[Gen 4] UU,2,1,1,2018-03-24 11:53:54,2018-09-11 22:23:13,,,,"{'Altaria': 1, 'Ludicolo': 1, 'Mismagius': 2, 'Omastar': 1, 'Kabutops': 1, 'Miltank': 2, 'Rotom': 1, 'Hitmonlee': 1, 'Blaziken': 1}"
vitalspirit73912,[Gen 4] UU,3,1,2,2014-06-29 17:11:12,2014-06-29 17:44:29,,,,"{'Kangaskhan': 3, 'Drapion': 2, 'Porygon2': 3, 'Lickilicky': 2, 'Arcanine': 3, 'Alakazam': 3}"
vitalspirit89397,[Gen 4] UU,1,0,1,2020-04-01 14:54:02,2020-04-01 14:54:02,,,,"{'Absol': 1, 'Mismagius': 1, 'Alakazam': 1, 'Clefable': 1, 'Blaziken': 1, 'Venusaur': 1}"
vitalspirit94254,[Gen 4] UU,1,1,0,2017-05-04 22:09:16,2017-05-04 22:09:16,,,,"{'Cloyster': 1, 'Sceptile': 1, 'Slowbro': 1, 'Rhyperior': 1, 'Rotom': 1, 'Arcanine': 1}"
vitalspirit98596,[Gen 4] UU,1,1,0,2020-06-18 06:58:51,2020-06-18 06:58:51,,,,"{'Mesprit': 1, 'Claydol': 1, 'Espeon': 1, 'Uxie': 1, 'Alakazam': 1}"
volbeat11507,[Gen 4] UU,38,17,21,2021-04-26 15:22:26,2024-03-16 16:10:51,,,,"{'Exeggutor': 1, 'Entei': 2, 'Miltank': 1, 'Spiritomb': 3, 'Arcanine': 1, 'Blastoise': 7, 'Scyther': 13, 'Mismagius': 10, 'Rhyperior': 21, 'Kabutops': 12, 'Houndoom': 13, 'Venusaur': 25, 'Omastar': 5, 'Rotom': 8, 'Clefable': 10, 'Registeel': 16, 'Hippopotas': 3, 'Cradily': 3, 'Milotic': 6, 'Uxie': 20, 'Dugtrio': 5, 'Swellow': 4, 'Leafeon': 4, 'Moltres': 5, 'Azumarill': 3, 'Donphan': 3, 'Blaziken': 3, 'Alakazam': 7, 'Kangaskhan': 3, 'Ambipom': 1, 'Qwilfish': 2, 'Torterra': 1, 'Toxicroak': 1, 'Aggron': 1, 'Feraligatr': 1, 'Hitmontop': 1}"
volbeat32408,[Gen 4] UU,1,0,1,2024-04-03 02:16:11,2024-04-03 02:16:11,,,,"{'Milotic': 1, 'Dugtrio': 1, 'Clefable': 1, 'Registeel': 1, 'Uxie': 1}"
voltabsorb18583,[Gen 4] UU,1,0,1,2020-03-22 19:41:52,2020-03-22 19:41:52,1081.0,1081.0,[1081.0],"{'Altaria': 1, 'Milotic': 1, 'Miltank': 1, 'Spiritomb': 1, 'Registeel': 1, 'Venusaur': 1}"
voltabsorb74060,[Gen 4] UU,5,3,2,2015-12-13 00:29:38,2017-11-05 17:22:43,,,,"{'Rhydon': 1, 'Poliwrath': 1, 'Muk': 1, 'Sableye': 1, 'Lickilicky': 1, 'Rotom': 3, 'Azumarill': 2, 'Moltres': 1, 'Cloyster': 1, 'Dugtrio': 1, 'Alakazam': 2, 'Vileplume': 1, 'Charizard': 1, 'Sandslash': 1, 'Floatzel': 1, 'Skuntank': 1, 'Gardevoir': 1, 'Ursaring': 1, 'Omastar': 1, 'Swellow': 1}"
voltabsorb76088,[Gen 4] UU,1,0,1,2016-05-26 13:07:34,2016-05-26 13:07:34,,,,"{'Registeel': 1, 'Snover': 1, 'Nidoqueen': 1, 'Walrein': 1}"
voltorb13178,[Gen 4] UU,7,5,2,2015-11-27 21:48:35,2016-07-15 19:17:23,,,,"{'Moltres': 5, 'Mismagius': 5, 'Rhyperior': 5, 'Dugtrio': 4, 'Blastoise': 5, 'Ludicolo': 3, 'Milotic': 2, 'Claydol': 2, 'Tauros': 2, 'Venusaur': 2, 'Registeel': 2, 'Swellow': 2}"
voltorb43459,[Gen 4] UU,1,0,1,2016-07-01 21:06:33,2016-07-01 21:06:33,,,,"{'Linoone': 1, 'Ninetales': 1, 'Electabuzz': 1, 'Pinsir': 1, 'Metang': 1, 'Purugly': 1}"
volttackle36532,[Gen 4] UU,1,0,1,2024-03-24 03:09:17,2024-03-24 03:09:17,1000.0,1000.0,[1000.0],"{'Hitmontop': 1, 'Weezing': 1, 'Dugtrio': 1, 'Espeon': 1, 'Feraligatr': 1, 'Arcanine': 1}"
volttackle6680,[Gen 4] UU,3,1,2,2023-03-25 13:37:32,2023-06-01 02:13:57,,,,"{'Scyther': 1, 'Milotic': 1, 'Clefable': 1, 'Houndoom': 2, 'Venusaur': 1, 'Donphan': 2, 'Moltres': 1, 'Sceptile': 1, 'Qwilfish': 1, 'Primeape': 1, 'Mesprit': 1, 'Toxicroak': 1, 'Torterra': 1, 'Kabutops': 1, 'Swellow': 1}"
volttackle83201,[Gen 4] UU,1,1,0,2014-06-23 19:57:35,2014-06-23 19:57:35,,,,"{'Moltres': 1, 'Milotic': 1, 'Qwilfish': 1, 'Rotom': 1, 'Registeel': 1, 'Donphan': 1}"
volttackle94813,[Gen 4] UU,1,1,0,2016-09-26 04:37:04,2016-09-26 04:37:04,,,,"{'Arcanine': 1, 'Dugtrio': 1, 'Swellow': 1, 'Mesprit': 1}"
vulpix2000,[Gen 4] UU,1,0,1,2024-12-23 21:48:02,2024-12-23 21:48:02,,,,"{'Milotic': 1, 'Mismagius': 1, 'Houndoom': 1, 'Registeel': 1, 'Primeape': 1, 'Venusaur': 1}"
vulpix52535,[Gen 4] UU,1,0,1,2017-05-28 04:20:54,2017-05-28 04:20:54,,,,"{'Gorebyss': 1, 'Seaking': 1, 'Victreebel': 1, 'Metang': 1, 'Purugly': 1, 'Raichu': 1}"
vulpix85624,[Gen 4] UU,1,0,1,2022-10-28 14:31:56,2022-10-28 14:31:56,,,,"{'Altaria': 1, 'Sceptile': 1, 'Hitmontop': 1, 'Rhyperior': 1, 'Lanturn': 1, 'Spiritomb': 1}"
wacanberry36111,[Gen 4] UU,3,1,2,2017-02-02 03:30:33,2017-02-02 03:48:48,,,,"{'Poliwrath': 2, 'Mr. Mime': 2, 'Muk': 2, 'Sableye': 2, 'Rhydon': 3, 'Lickilicky': 2, 'Machoke': 1, 'Rapidash': 1, 'Metang': 1, 'Misdreavus': 1}"
wacanberry6738,[Gen 4] UU,7,5,2,2014-06-29 16:27:47,2014-06-29 18:27:40,,,,"{'Mismagius': 6, 'Toxicroak': 7, 'Kabutops': 6, 'Spiritomb': 7, 'Clefable': 7, 'Uxie': 7}"
wacanberry88097,[Gen 4] UU,2,2,0,2019-09-05 18:22:43,2019-09-05 18:22:47,,,,"{'Cloyster': 1, 'Chansey': 1, 'Spiritomb': 2, 'Registeel': 1, 'Blastoise': 1, 'Blaziken': 1, 'Rotom': 1, 'Omastar': 1}"
wailmer17491,[Gen 4] UU,1,0,1,2020-05-24 18:28:39,2020-05-24 18:28:39,,,,"{'Ursaring': 1, 'Mismagius': 1, 'Qwilfish': 1, 'Rotom': 1, 'Hitmonlee': 1, 'Uxie': 1}"
wailmer43107,[Gen 4] UU,10,7,3,2019-11-30 15:17:46,2020-06-12 23:36:45,,,,"{'Monferno': 7, 'Wartortle': 3, 'Piloswine': 8, 'Metang': 2, 'Misdreavus': 10, 'Golbat': 4, 'Croconaw': 3, 'Roselia': 7, 'Gligar': 5, 'Staravia': 3, 'Pineco': 2, 'Murkrow': 1}"
wailmer75312,[Gen 4] UU,1,0,1,2016-07-09 03:33:49,2016-07-09 03:33:49,,,,"{'Politoed': 1, 'Pidgeot': 1, 'Bellossom': 1, 'Pupitar': 1, 'Glaceon': 1, 'Misdreavus': 1}"
wailord23182,[Gen 4] UU,1,0,1,2020-08-21 02:56:19,2020-08-21 02:56:19,,,,"{'Absol': 1, 'Mismagius': 1, 'Venusaur': 1, 'Clefable': 1, 'Blaziken': 1, 'Alakazam': 1}"
wailord33651,[Gen 4] UU,2,2,0,2018-10-25 21:10:30,2018-10-25 21:33:24,,,,"{'Milotic': 1, 'Toxicroak': 1, 'Rhyperior': 1, 'Jynx': 1, 'Clefable': 1, 'Feraligatr': 1, 'Mismagius': 1, 'Sceptile': 1, 'Kabutops': 1, 'Registeel': 1, 'Arcanine': 1, 'Donphan': 1}"
wailord62983,[Gen 4] UU,37,22,15,2019-07-13 02:43:18,2024-10-19 00:30:39,,,,"{'Milotic': 12, 'Mismagius': 19, 'Registeel': 17, 'Uxie': 18, 'Venusaur': 18, 'Rhyperior': 12, 'Azumarill': 2, 'Houndoom': 8, 'Primeape': 2, 'Clefable': 7, 'Scyther': 7, 'Toxicroak': 2, 'Regirock': 1, 'Dugtrio': 3, 'Blastoise': 2, 'Blaziken': 13, 'Tauros': 2, 'Torterra': 5, 'Slowking': 2, 'Hitmonlee': 5, 'Hitmontop': 1, 'Steelix': 1, 'Lanturn': 1, 'Articuno': 1, 'Sceptile': 2, 'Rotom': 3, 'Skuntank': 1, 'Kangaskhan': 4, 'Omastar': 4, 'Weezing': 2, 'Ursaring': 1, 'Alakazam': 6, 'Swellow': 1, 'Qwilfish': 7, 'Leafeon': 5, 'Abra': 1, 'Entei': 2, 'Ambipom': 2, 'Feraligatr': 3, 'Donphan': 2, 'Miltank': 1, 'Spiritomb': 2, 'Drapion': 1, 'Arcanine': 1, 'Lickilicky': 1, 'Moltres': 1}"
wailord92053,[Gen 4] UU,3,3,0,2019-08-09 02:27:15,2019-08-09 02:46:16,,,,"{'Blaziken': 2, 'Rhyperior': 3, 'Venusaur': 3, 'Milotic': 1, 'Alakazam': 1, 'Absol': 1}"
walrein10474,[Gen 4] UU,1,0,1,2017-06-07 02:11:55,2017-06-07 02:11:55,,,,"{'Armaldo': 1, 'Monferno': 1, 'Poliwrath': 1, 'Sneasel': 1, 'Bellossom': 1, 'Golbat': 1}"
walrein58206,[Gen 4] UU,1,1,0,2020-05-09 23:37:03,2020-05-09 23:37:03,,,,"{'Registeel': 1, 'Arcanine': 1, 'Donphan': 1, 'Mismagius': 1}"
walrein85920,[Gen 4] UU,1,0,1,2017-01-23 20:57:49,2017-01-23 20:57:49,,,,"{'Ludicolo': 1, 'Toxicroak': 1, 'Kabutops': 1, 'Dugtrio': 1, 'Registeel': 1, 'Uxie': 1}"
wartortle15446,[Gen 4] UU,1,1,0,2017-05-06 16:59:57,2017-05-06 16:59:57,,,,"{'Houndoom': 1, 'Rotom': 1, 'Exeggutor': 1, 'Omastar': 1}"
wartortle17865,[Gen 4] UU,1,0,1,2024-03-11 00:23:02,2024-03-11 00:23:02,1077.0,1077.0,[1077.0],"{'Tangrowth': 1, 'Milotic': 1, 'Rhyperior': 1, 'Dugtrio': 1, 'Arcanine': 1, 'Alakazam': 1}"
wartortle32415,[Gen 4] UU,1,0,1,2024-12-06 01:35:43,2024-12-06 01:35:43,,,,"{'Snover': 1, 'Cloyster': 1, 'Walrein': 1, 'Dugtrio': 1, 'Clefable': 1, 'Registeel': 1}"
wartortle32591,[Gen 4] UU,1,0,1,2018-03-22 15:22:23,2018-03-22 15:22:23,,,,"{'Scyther': 1, 'Gorebyss': 1, 'Kangaskhan': 1, 'Omastar': 1, 'Nidoking': 1, 'Cradily': 1}"
waterabsorb10533,[Gen 4] UU,3,1,2,2017-08-05 21:07:55,2017-09-04 15:13:30,,,,"{'Rapidash': 2, 'Armaldo': 3, 'Poliwrath': 2, 'Muk': 2, 'Lickilicky': 2, 'Glaceon': 2, 'Metang': 1, 'Regigigas': 1, 'Gastrodon': 1, 'Misdreavus': 1, 'Articuno': 1}"
waterabsorb11599,[Gen 4] UU,3,1,2,2019-09-29 19:41:03,2019-09-29 19:57:46,,,,"{'Moltres': 1, 'Absol': 1, 'Omastar': 2, 'Swellow': 1, 'Venusaur': 2, 'Donphan': 1, 'Hitmontop': 1, 'Rhyperior': 1, 'Dugtrio': 1, 'Uxie': 1, 'Camerupt': 1, 'Aggron': 1, 'Nidoking': 1, 'Electabuzz': 1, 'Grumpig': 1, 'Blastoise': 1}"
waterabsorb54623,[Gen 4] UU,1,0,1,2016-02-11 01:53:46,2016-02-11 01:53:46,,,,"{'Snover': 1, 'Sandslash': 1, 'Nidoqueen': 1, 'Walrein': 1, 'Slowking': 1, 'Drifblim': 1}"
waterabsorb97199,[Gen 4] UU,1,0,1,2016-01-18 03:42:08,2016-01-18 03:42:08,,,,"{'Ursaring': 1, 'Omastar': 1, 'Rotom': 1, 'Swellow': 1, 'Blaziken': 1, 'Alakazam': 1}"
waterfall12868,[Gen 4] UU,2,2,0,2024-08-31 13:09:18,2024-08-31 13:14:20,,,,"{'Moltres': 1, 'Sceptile': 1, 'Skuntank': 1, 'Clefable': 1, 'Slowking': 1, 'Donphan': 1, 'Mesprit': 1, 'Kabutops': 1, 'Dugtrio': 1, 'Arcanine': 1, 'Swellow': 1}"
waterfall17743,[Gen 4] UU,1,0,1,2021-08-29 00:46:56,2021-08-29 00:46:56,,,,"{'Moltres': 1, 'Milotic': 1, 'Hitmonlee': 1, 'Registeel': 1, 'Venusaur': 1}"
waterfall43993,[Gen 4] UU,1,1,0,2016-12-09 18:42:17,2016-12-09 18:42:17,,,,"{'Mismagius': 1, 'Entei': 1, 'Azumarill': 1, 'Dugtrio': 1, 'Alakazam': 1}"
waterfall71375,[Gen 4] UU,1,0,1,2024-04-29 21:44:32,2024-04-29 21:44:32,,,,"{'Exeggutor': 1, 'Omastar': 1, 'Toxicroak': 1, 'Rotom': 1, 'Houndoom': 1, 'Swellow': 1}"
waterfall87120,[Gen 4] UU,3,1,2,2017-06-17 09:10:49,2017-06-17 09:23:05,,,,"{'Armaldo': 1, 'Poliwrath': 3, 'Muk': 1, 'Sableye': 1, 'Purugly': 1, 'Rhydon': 3, 'Machoke': 2, 'Cacturne': 2, 'Misdreavus': 2, 'Golbat': 1}"
watergun26972,[Gen 4] UU,2,2,0,2014-06-29 06:22:44,2014-06-29 06:31:53,,,,"{'Scyther': 1, 'Milotic': 2, 'Mismagius': 2, 'Hitmontop': 2, 'Arcanine': 2, 'Venusaur': 2}"
watergun59811,[Gen 4] UU,40,21,19,2020-04-30 21:06:39,2020-07-31 22:54:27,,,,"{'Milotic': 29, 'Venusaur': 24, 'Clefable': 17, 'Registeel': 13, 'Arcanine': 16, 'Alakazam': 19, 'Mesprit': 4, 'Kangaskhan': 8, 'Dugtrio': 4, 'Mismagius': 3, 'Steelix': 5, 'Blaziken': 4, 'Magmortar': 1, 'Sceptile': 5, 'Toxicroak': 5, 'Rhyperior': 9, 'Entei': 2, 'Swellow': 3, 'Omastar': 2, 'Donphan': 2, 'Exeggutor': 6, 'Hariyama': 6, 'Aggron': 6, 'Uxie': 7, 'Slowking': 6, 'Altaria': 2, 'Claydol': 2, 'Porygon2': 1, 'Linoone': 2, 'Spiritomb': 1, 'Nidoking': 1, 'Drapion': 1, 'Ambipom': 1, 'Scyther': 1, 'Absol': 1}"
watergun63582,[Gen 4] UU,1,1,0,2019-12-03 09:33:08,2019-12-03 09:33:08,,,,"{'Slowbro': 1, 'Torterra': 1, 'Blaziken': 1, 'Drapion': 1, 'Alakazam': 1, 'Donphan': 1}"
watergun77195,[Gen 4] UU,1,0,1,2017-03-19 21:59:09,2017-03-19 21:59:09,,,,"{'Machoke': 1, 'Poliwrath': 1, 'Cacturne': 1, 'Rhydon': 1, 'Misdreavus': 1, 'Golbat': 1}"
watergun91448,[Gen 4] UU,1,1,0,2017-06-17 01:57:21,2017-06-17 01:57:21,,,,"{'Armaldo': 1, 'Poliwrath': 1, 'Muk': 1, 'Sableye': 1, 'Purugly': 1, 'Rhydon': 1}"
waterpulse7560,[Gen 4] UU,2,0,2,2016-12-11 02:48:47,2016-12-11 03:02:03,,,,"{'Omastar': 1, 'Toxicroak': 1, 'Rotom': 1, 'Houndoom': 1, 'Swellow': 1, 'Mismagius': 1, 'Sceptile': 1, 'Kabutops': 1, 'Registeel': 1, 'Arcanine': 1, 'Donphan': 1}"
waterpulse90055,[Gen 4] UU,1,0,1,2024-03-08 15:58:44,2024-03-08 15:58:44,1181.0,1181.0,[1181.0],"{'Ludicolo': 1, 'Toxicroak': 1, 'Kabutops': 1, 'Lanturn': 1, 'Dewgong': 1, 'Ambipom': 1}"
waterpulse90475,[Gen 4] UU,19,11,8,2016-01-19 19:15:56,2017-02-01 21:52:11,,,,"{'Machoke': 4, 'Tauros': 4, 'Regirock': 5, 'Dodrio': 4, 'Skuntank': 5, 'Slowking': 5, 'Gligar': 1, 'Azumarill': 1, 'Cacturne': 1, 'Rotom': 2, 'Hippopotas': 1, 'Cradily': 1, 'Snover': 6, 'Walrein': 6, 'Spiritomb': 3, 'Registeel': 4, 'Donphan': 6, 'Cloyster': 3, 'Mismagius': 6, 'Nidoqueen': 3, 'Clefable': 4, 'Magmortar': 2, 'Vileplume': 2, 'Sandslash': 2, 'Poliwrath': 2, 'Jynx': 2, 'Milotic': 4, 'Arcanine': 3, 'Leafeon': 1, 'Moltres': 1, 'Scyther': 2, 'Venusaur': 2, 'Weezing': 1, 'Chansey': 1, 'Drapion': 1, 'Shiftry': 1, 'Haunter': 1, 'Gardevoir': 1, 'Glalie': 1, 'Lanturn': 1, 'Qwilfish': 1, 'Blastoise': 1}"
watersport11808,[Gen 4] UU,1,0,1,2016-08-03 15:35:02,2016-08-03 15:35:02,,,,"{'Mismagius': 1, 'Sceptile': 1, 'Kabutops': 1, 'Registeel': 1, 'Arcanine': 1, 'Donphan': 1}"
watersport12558,[Gen 4] UU,1,0,1,2017-03-14 18:10:18,2017-03-14 18:10:18,,,,"{'Altaria': 1, 'Slowbro': 1, 'Spiritomb': 1, 'Blaziken': 1, 'Ambipom': 1}"
watersport61093,[Gen 4] UU,12,4,8,2017-02-14 22:51:37,2018-02-07 21:51:01,,,,"{'Golduck': 1, 'Charizard': 1, 'Medicham': 1, 'Sandslash': 1, 'Jynx': 1, 'Skuntank': 1, 'Milotic': 9, 'Rhyperior': 3, 'Venusaur': 10, 'Blaziken': 3, 'Alakazam': 3, 'Hariyama': 5, 'Houndoom': 7, 'Rotom': 5, 'Registeel': 7, 'Mismagius': 2, 'Primeape': 1, 'Machoke': 1, 'Poliwrath': 1, 'Cacturne': 1, 'Rhydon': 1, 'Misdreavus': 1, 'Golbat': 1, 'Drapion': 2}"
watersport63518,[Gen 4] UU,1,0,1,2017-04-23 00:18:49,2017-04-23 00:18:49,,,,"{'Poliwrath': 1, 'Electabuzz': 1, 'Purugly': 1, 'Rhydon': 1, 'Gastrodon': 1, 'Lickilicky': 1}"
waterspout22641,[Gen 4] UU,1,1,0,2020-07-04 20:28:25,2020-07-04 20:28:25,,,,"{'Scyther': 1, 'Milotic': 1, 'Entei': 1, 'Steelix': 1, 'Rotom': 1, 'Donphan': 1}"
waterspout33537,[Gen 4] UU,12,7,5,2021-06-26 17:04:41,2022-07-02 14:23:21,,,,"{'Houndoom': 2, 'Uxie': 4, 'Leafeon': 4, 'Clefable': 4, 'Qwilfish': 2, 'Rotom': 4, 'Arcanine': 3, 'Milotic': 3, 'Mesprit': 2, 'Mismagius': 5, 'Toxicroak': 1, 'Torterra': 2, 'Registeel': 6, 'Blaziken': 2, 'Hitmontop': 1, 'Alakazam': 2, 'Scyther': 1, 'Rhyperior': 2, 'Venusaur': 5, 'Blastoise': 1, 'Entei': 2, 'Donphan': 3, 'Moltres': 1, 'Kabutops': 2, 'Cloyster': 1, 'Sceptile': 1, 'Altaria': 1, 'Primeape': 1, 'Swellow': 1}"
waterspout52317,[Gen 4] UU,2,1,1,2022-06-24 02:08:34,2022-07-17 21:53:08,,,,"{'Houndoom': 2, 'Mismagius': 2, 'Regirock': 1, 'Qwilfish': 1, 'Hariyama': 1, 'Kabutops': 1, 'Uxie': 1, 'Venusaur': 1}"
waterspout81127,[Gen 4] UU,1,0,1,2017-04-29 05:01:47,2017-04-29 05:01:47,,,,"{'Ursaring': 1, 'Omastar': 1, 'Rotom': 1, 'Swellow': 1, 'Blaziken': 1, 'Alakazam': 1}"
waterspout95720,[Gen 4] UU,13,7,6,2021-12-28 22:12:35,2022-08-14 23:17:47,,,,"{'Hariyama': 2, 'Mismagius': 4, 'Sceptile': 3, 'Registeel': 5, 'Slowking': 3, 'Drapion': 4, 'Rhyperior': 5, 'Venusaur': 4, 'Rotom': 5, 'Houndoom': 3, 'Swellow': 1, 'Blastoise': 2, 'Exeggutor': 1, 'Primeape': 2, 'Altaria': 2, 'Dugtrio': 1, 'Clefable': 1, 'Shiftry': 1, 'Qwilfish': 2, 'Entei': 1, 'Drifblim': 1, 'Toxicroak': 2, 'Torterra': 2, 'Kabutops': 4, 'Uxie': 2, 'Milotic': 1, 'Blaziken': 2, 'Alakazam': 2, 'Scyther': 1, 'Steelix': 2, 'Feraligatr': 1, 'Ludicolo': 1, 'Moltres': 1, 'Cloyster': 1}"
waterveil53989,[Gen 4] UU,1,1,0,2019-03-05 23:08:33,2019-03-05 23:08:33,1000.0,1000.0,[1000.0],"{'Uxie': 1, 'Toxicroak': 1, 'Ludicolo': 1, 'Kabutops': 1}"
watmelberry24903,[Gen 4] UU,37,14,23,2020-02-25 22:17:04,2024-04-21 22:18:28,1131.0,1131.0,[1131.0],"{'Milotic': 11, 'Entei': 5, 'Hitmontop': 12, 'Registeel': 20, 'Uxie': 20, 'Venusaur': 27, 'Mismagius': 2, 'Clefable': 5, 'Feraligatr': 1, 'Torterra': 1, 'Drapion': 4, 'Swellow': 11, 'Donphan': 5, 'Aggron': 11, 'Rotom': 4, 'Ambipom': 4, 'Blastoise': 18, 'Hariyama': 8, 'Qwilfish': 1, 'Primeape': 1, 'Leafeon': 1, 'Scyther': 7, 'Mesprit': 8, 'Kangaskhan': 4, 'Spiritomb': 4, 'Sceptile': 3, 'Nidoqueen': 1, 'Moltres': 2, 'Exeggutor': 1, 'Azumarill': 1, 'Dugtrio': 4, 'Ludicolo': 1, 'Kabutops': 1, 'Regirock': 1, 'Houndoom': 1, 'Weezing': 1}"
watmelberry82778,[Gen 4] UU,1,0,1,2015-03-20 21:01:46,2015-03-20 21:01:46,,,,"{'Moltres': 1, 'Milotic': 1, 'Hitmontop': 1, 'Chansey': 1, 'Dugtrio': 1, 'Venusaur': 1}"
watmelberry90858,[Gen 4] UU,2,1,1,2015-05-17 00:08:33,2015-10-15 19:57:40,,,,"{'Scyther': 1, 'Milotic': 1, 'Altaria': 2, 'Sceptile': 1, 'Rhyperior': 1, 'Hitmontop': 2, 'Moltres': 1, 'Omastar': 1, 'Drapion': 1, 'Venusaur': 1}"
waveincense29191,[Gen 4] UU,4,1,3,2020-03-26 12:05:15,2023-12-07 08:03:53,,,,"{'Camerupt': 3, 'Lapras': 3, 'Weezing': 3, 'Steelix': 3, 'Clefable': 3, 'Venusaur': 3, 'Politoed': 1, 'Magneton': 1, 'Haunter': 1, 'Jynx': 1, 'Piloswine': 1}"
waveincense51112,[Gen 4] UU,13,4,9,2017-10-27 02:12:50,2018-09-27 20:56:40,,,,"{'Milotic': 11, 'Rhyperior': 8, 'Venusaur': 11, 'Blaziken': 5, 'Drapion': 5, 'Alakazam': 9, 'Houndoom': 5, 'Primeape': 2, 'Hariyama': 2, 'Rotom': 2, 'Registeel': 3, 'Ludicolo': 1, 'Electrode': 1, 'Kabutops': 1, 'Dugtrio': 1, 'Uxie': 1, 'Moltres': 1, 'Aggron': 1, 'Clefable': 1, 'Donphan': 1}"
waveincense56352,[Gen 4] UU,21,13,8,2017-01-31 22:36:34,2023-12-02 03:38:12,,,,"{'Altaria': 2, 'Mismagius': 5, 'Entei': 5, 'Kabutops': 3, 'Steelix': 3, 'Venusaur': 7, 'Rhyperior': 3, 'Feraligatr': 1, 'Rotom': 3, 'Clefable': 4, 'Registeel': 11, 'Snover': 2, 'Walrein': 2, 'Skuntank': 1, 'Uxie': 4, 'Blastoise': 2, 'Exeggutor': 1, 'Mesprit': 6, 'Omastar': 2, 'Azumarill': 1, 'Blaziken': 5, 'Milotic': 4, 'Sceptile': 2, 'Dugtrio': 4, 'Ludicolo': 1, 'Drapion': 4, 'Qwilfish': 4, 'Miltank': 1, 'Toxicroak': 1, 'Leafeon': 3, 'Tauros': 1, 'Jumpluff': 1, 'Drifblim': 1, 'Claydol': 1, 'Slowking': 2, 'Torterra': 2, 'Ambipom': 2, 'Jynx': 1, 'Aggron': 1, 'Donphan': 1, 'Regirock': 1, 'Hitmonlee': 1, 'Houndoom': 1, 'Tangrowth': 1, 'Hariyama': 1, 'Arcanine': 1, 'Swellow': 1, 'Cacturne': 1, 'Spiritomb': 1, 'Hippopotas': 1, 'Cradily': 1}"
weatherball56340,[Gen 4] UU,1,1,0,2016-02-04 02:47:34,2016-02-04 02:47:34,,,,"{'Scyther': 1, 'Dugtrio': 1, 'Registeel': 1, 'Arcanine': 1, 'Blastoise': 1, 'Leafeon': 1}"
weavile69445,[Gen 4] UU,1,0,1,2024-03-28 23:33:12,2024-03-28 23:33:12,1000.0,1000.0,[1000.0],"{'Mesprit': 1, 'Claydol': 1, 'Toxicroak': 1, 'Azumarill': 1, 'Chansey': 1, 'Slaking': 1}"
weedle21834,[Gen 4] UU,1,0,1,2015-07-12 21:38:36,2015-07-12 21:38:36,,,,"{'Venomoth': 1, 'Charizard': 1, 'Vileplume': 1, 'Medicham': 1, 'Regirock': 1, 'Slowking': 1}"
weedle33343,[Gen 4] UU,10,2,8,2017-01-01 14:12:25,2017-04-25 02:58:52,,,,"{'Kecleon': 2, 'Rapidash': 3, 'Poliwrath': 8, 'Victreebel': 7, 'Purugly': 2, 'Misdreavus': 2, 'Gabite': 4, 'Rhydon': 7, 'Glalie': 5, 'Yanma': 4, 'Zangoose': 2, 'Kadabra': 2, 'Monferno': 3, 'Sableye': 2, 'Golbat': 2, 'Sneasel': 1, 'Gastrodon-East': 1, 'Regigigas': 1, 'Raichu': 1, 'Drifblim': 1}"
weedle44272,[Gen 4] UU,1,0,0,2014-08-11 23:50:38,2014-08-11 23:50:38,,,,"{'Milotic': 1, 'Hitmontop': 1, 'Spiritomb': 1, 'Blaziken': 1, 'Venusaur': 1, 'Donphan': 1}"
weedle49700,[Gen 4] UU,3,3,0,2016-01-11 07:26:53,2016-01-11 07:38:19,,,,"{'Moltres': 2, 'Mismagius': 2, 'Toxicroak': 2, 'Venusaur': 2, 'Dugtrio': 2, 'Alakazam': 1, 'Milotic': 1, 'Omastar': 1, 'Hitmontop': 1, 'Weezing': 1, 'Spiritomb': 1, 'Registeel': 1}"
weepinbell17239,[Gen 4] UU,1,1,0,2019-08-30 03:42:31,2019-08-30 03:42:31,,,,"{'Typhlosion': 1, 'Nidoqueen': 1, 'Poliwrath': 1, 'Dodrio': 1, 'Skuntank': 1}"
weepinbell32288,[Gen 4] UU,1,1,0,2020-04-13 02:15:24,2020-04-13 02:15:24,,,,"{'Absol': 1, 'Slowbro': 1, 'Rhyperior': 1, 'Alakazam': 1, 'Blaziken': 1, 'Venusaur': 1}"
weezing24076,[Gen 4] UU,2,0,2,2017-10-19 12:45:40,2017-10-19 12:51:14,,,,"{'Venomoth': 1, 'Shiftry': 1, 'Charizard': 1, 'Tauros': 1, 'Hitmonchan': 2, 'Drifblim': 1, 'Sharpedo': 1, 'Magmortar': 1, 'Piloswine': 1, 'Linoone': 1, 'Gardevoir': 1}"
wepearberry2981,[Gen 4] UU,1,0,1,2017-01-14 03:52:24,2017-01-14 03:52:24,,,,"{'Scyther': 1, 'Omastar': 1, 'Torterra': 1, 'Lanturn': 1, 'Houndoom': 1, 'Donphan': 1}"
whirlpool39164,[Gen 4] UU,4,3,1,2014-06-29 16:27:47,2014-06-29 17:27:30,,,,"{'Mismagius': 4, 'Slowking': 3, 'Drapion': 4, 'Primeape': 3, 'Alakazam': 4, 'Donphan': 4}"
whirlpool40763,[Gen 4] UU,23,11,12,2018-12-17 23:53:17,2024-09-02 16:20:41,,,,"{'Uxie': 6, 'Mismagius': 15, 'Qwilfish': 7, 'Torterra': 6, 'Houndoom': 5, 'Blaziken': 6, 'Registeel': 7, 'Arcanine': 4, 'Moltres': 2, 'Milotic': 5, 'Aggron': 1, 'Clefable': 3, 'Venusaur': 11, 'Donphan': 2, 'Steelix': 2, 'Swellow': 2, 'Kangaskhan': 3, 'Omastar': 2, 'Hariyama': 2, 'Regirock': 3, 'Primeape': 3, 'Mesprit': 1, 'Toxicroak': 2, 'Sceptile': 2, 'Azumarill': 2, 'Alakazam': 3, 'Blastoise': 2, 'Scyther': 2, 'Cloyster': 1, 'Rotom': 4, 'Slowking': 2, 'Rhyperior': 3, 'Kabutops': 1, 'Absol': 1, 'Weezing': 1, 'Spiritomb': 1, 'Altaria': 1, 'Hitmontop': 1}"
whirlpool55160,[Gen 4] UU,1,0,1,2024-03-02 00:36:15,2024-03-02 00:36:15,1077.0,1077.0,[1077.0],"{'Mismagius': 1, 'Qwilfish': 1, 'Arcanine': 1, 'Alakazam': 1, 'Leafeon': 1}"
whirlpool58263,[Gen 4] UU,4,3,1,2018-02-17 03:34:40,2018-03-02 12:46:59,,,,"{'Moltres': 4, 'Milotic': 4, 'Aggron': 4, 'Clefable': 4, 'Venusaur': 4, 'Donphan': 4}"
whirlwind41672,[Gen 4] UU,1,0,1,2025-05-18 18:58:07,2025-05-18 18:58:07,,,,"{'Ludicolo': 1, 'Toxicroak': 1, 'Kabutops': 1, 'Dugtrio': 1, 'Registeel': 1, 'Uxie': 1}"
whirlwind47872,[Gen 4] UU,3,2,1,2023-12-08 04:19:27,2023-12-23 04:45:44,,,,"{'Milotic': 1, 'Dugtrio': 1, 'Clefable': 1, 'Registeel': 1, 'Uxie': 2, 'Venusaur': 3, 'Mesprit': 1, 'Kangaskhan': 2, 'Leafeon': 2, 'Claydol': 1, 'Feraligatr': 1}"
whirlwind59273,[Gen 4] UU,1,1,0,2014-08-12 08:27:33,2014-08-12 08:27:33,,,,"{'Moltres': 1, 'Mesprit': 1, 'Rhyperior': 1, 'Registeel': 1, 'Blaziken': 1, 'Alakazam': 1}"
whiscash16366,[Gen 4] UU,2,2,0,2020-08-05 03:40:57,2020-08-05 03:50:08,,,,"{'Milotic': 2, 'Rhyperior': 2, 'Dugtrio': 1, 'Alakazam': 2, 'Blaziken': 2, 'Venusaur': 2}"
whiscash85390,[Gen 4] UU,7,5,2,2021-09-25 19:40:59,2025-05-20 03:38:37,,,,"{'Pinsir': 1, 'Aggron': 1, 'Azumarill': 2, 'Rotom': 1, 'Houndoom': 4, 'Venusaur': 5, 'Scyther': 1, 'Hitmontop': 1, 'Rhyperior': 2, 'Uxie': 5, 'Moltres': 1, 'Sceptile': 1, 'Skuntank': 1, 'Clefable': 2, 'Slowking': 1, 'Donphan': 1, 'Feraligatr': 1, 'Registeel': 2, 'Primeape': 2, 'Milotic': 1, 'Mismagius': 1, 'Toxicroak': 1, 'Kabutops': 1, 'Leafeon': 1}"
whismur33661,[Gen 4] UU,1,1,0,2020-03-12 20:59:47,2020-03-12 20:59:47,,,,"{'Shiftry': 1, 'Rotom': 1, 'Houndoom': 1, 'Uxie': 1, 'Swellow': 1, 'Blastoise': 1}"
whismur60120,[Gen 4] UU,1,0,1,2024-03-22 00:58:34,2024-03-22 00:58:34,,,,"{'Ludicolo': 1, 'Toxicroak': 1, 'Kabutops': 1, 'Dugtrio': 1, 'Registeel': 1, 'Uxie': 1}"
whismur84079,[Gen 4] UU,2,0,2,2016-08-04 17:32:27,2016-11-07 02:18:51,,,,"{'Venomoth': 1, 'Torkoal': 1, 'Hitmonchan': 1, 'Bellossom': 1, 'Pelipper': 1, 'Lairon': 1, 'Milotic': 1, 'Toxicroak': 1, 'Rhyperior': 1, 'Jynx': 1, 'Clefable': 1, 'Feraligatr': 1}"
whitesmoke46944,[Gen 4] UU,1,0,1,2018-06-10 15:34:58,2018-06-10 15:34:58,,,,"{'Moltres': 1, 'Torterra': 1, 'Rotom': 1, 'Clefable': 1, 'Drapion': 1, 'Blastoise': 1}"
widelens79820,[Gen 4] UU,1,1,0,2020-03-28 02:25:25,2020-03-28 02:25:25,1035.0,1035.0,[1035.0],"{'Jynx': 1, 'Glaceon': 1, 'Slowbro': 1, 'Snover': 1}"
wigglytuff14144,[Gen 4] UU,1,1,0,2017-03-24 11:32:49,2017-03-24 11:32:49,,,,"{'Mismagius': 1, 'Ambipom': 1, 'Steelix': 1}"
wigglytuff19036,[Gen 4] UU,3,1,2,2018-01-21 10:03:55,2018-01-21 10:36:42,,,,"{'Mismagius': 1, 'Sceptile': 1, 'Kabutops': 1, 'Registeel': 1, 'Arcanine': 1, 'Donphan': 2, 'Moltres': 1, 'Milotic': 1, 'Aggron': 1, 'Clefable': 1, 'Venusaur': 2, 'Mesprit': 1, 'Toxicroak': 1, 'Rotom': 1, 'Lanturn': 1, 'Dugtrio': 1}"
wigglytuff43605,[Gen 4] UU,1,0,1,2018-03-27 23:53:27,2018-03-27 23:53:27,1036.0,1036.0,[1036.0],"{'Milotic': 1, 'Charizard': 1, 'Miltank': 1, 'Rotom': 1, 'Dugtrio': 1, 'Leafeon': 1}"
wikiberry46448,[Gen 4] UU,1,0,1,2020-03-08 22:43:54,2020-03-08 22:43:54,,,,"{'Houndoom': 1, 'Rhyperior': 1, 'Venusaur': 1, 'Hitmonlee': 1, 'Feraligatr': 1, 'Alakazam': 1}"
wikiberry54227,[Gen 4] UU,3,1,1,2014-08-11 23:50:38,2015-08-10 21:19:23,,,,"{'Moltres': 3, 'Altaria': 3, 'Typhlosion': 3, 'Gastrodon': 3, 'Cradily': 3, 'Tangrowth': 2}"
wikiberry58581,[Gen 4] UU,1,0,1,2019-03-29 05:24:25,2019-03-29 05:24:25,1000.0,1000.0,[1000.0],"{'Camerupt': 1, 'Qwilfish': 1, 'Hitmontop': 1, 'Lanturn': 1, 'Uxie': 1, 'Ambipom': 1}"
wikiberry84439,[Gen 4] UU,1,1,0,2020-04-18 01:07:07,2020-04-18 01:07:07,,,,"{'Mesprit': 1, 'Aggron': 1, 'Toxicroak': 1, 'Torterra': 1, 'Azumarill': 1, 'Houndoom': 1}"
wikiberry99080,[Gen 4] UU,2,1,1,2024-02-19 23:56:15,2024-02-20 00:07:03,,,,"{'Hariyama': 2, 'Butterfree': 2, 'Omastar': 2, 'Aggron': 2, 'Hitmontop': 2, 'Ambipom': 2}"
willowisp57182,[Gen 4] UU,1,1,0,2022-10-16 23:24:10,2022-10-16 23:24:10,,,,"{'Hariyama': 1, 'Mismagius': 1, 'Kabutops': 1, 'Houndoom': 1, 'Uxie': 1, 'Venusaur': 1}"
willowisp64187,[Gen 4] UU,44,17,27,2014-07-21 18:06:48,2024-03-28 06:45:24,1075.0,1075.0,[1075.0],"{'Blaziken': 2, 'Rhyperior': 4, 'Swellow': 4, 'Uxie': 8, 'Slowking': 5, 'Venusaur': 7, 'Tauros': 7, 'Regirock': 6, 'Haunter': 7, 'Jynx': 2, 'Manectric': 7, 'Regice': 2, 'Porygon2': 3, 'Marowak': 2, 'Solrock': 3, 'Gorebyss': 3, 'Medicham': 10, 'Electrode': 4, 'Skuntank': 8, 'Lickilicky': 5, 'Relicanth': 3, 'Charizard': 6, 'Jumpluff': 2, 'Victreebel': 2, 'Milotic': 10, 'Absol': 1, 'Dugtrio': 3, 'Clefable': 6, 'Registeel': 8, 'Moltres': 4, 'Donphan': 1, 'Floatzel': 4, 'Cacturne': 3, 'Hypno': 1, 'Mismagius': 8, 'Steelix': 4, 'Arcanine': 4, 'Grumpig': 1, 'Kingler': 1, 'Sharpedo': 1, 'Sneasel': 1, 'Hariyama': 1, 'Mesprit': 3, 'Qwilfish': 3, 'Rotom': 4, 'Drifblim': 2, 'Aggron': 2, 'Torterra': 3, 'Houndoom': 4, 'Primeape': 1, 'Azumarill': 3, 'Camerupt': 1, 'Rampardos': 1, 'Cradily': 1, 'Spiritomb': 5, 'Linoone': 2, 'Gastrodon': 2, 'Tangrowth': 2, 'Sceptile': 1, 'Hitmontop': 1, 'Ursaring': 1, 'Exeggutor': 1, 'Slowbro': 1, 'Ludicolo': 1, 'Kabutops': 1, 'Kangaskhan': 2, 'Leafeon': 3, 'Nidoqueen': 4, 'Mantine': 2, 'Meganium': 1, 'Magneton': 1, 'Bastiodon': 1, 'Altaria': 2, 'Miltank': 2, 'Vileplume': 1, 'Sandslash': 1, 'Gardevoir': 2, 'Metang': 1, 'Yanma': 1, 'Entei': 1, 'Lanturn': 1, 'Roselia': 1, 'Drapion': 1, 'Bibarel': 1, 'Gligar': 1, 'Alakazam': 1, 'Ambipom': 1}"
willowisp76069,[Gen 4] UU,2,2,0,2024-04-10 18:05:28,2024-06-02 22:11:26,,,,"{'Mesprit': 2, 'Houndoom': 2, 'Feraligatr': 1, 'Rotom': 1, 'Registeel': 1, 'Mismagius': 1, 'Rhyperior': 1, 'Lickilicky': 1, 'Venusaur': 1}"
wingattack24994,[Gen 4] UU,3,1,2,2015-01-04 18:55:06,2015-01-15 00:47:31,,,,"{'Gligar': 2, 'Regirock': 3, 'Poliwrath': 2, 'Jumpluff': 3, 'Glaceon': 2, 'Grumpig': 3}"
wingattack29282,[Gen 4] UU,3,2,1,2016-12-11 17:54:28,2017-05-20 19:14:37,,,,"{'Snover': 1, 'Absol': 1, 'Cleffa': 1, 'Clefairy': 1, 'Clefable': 3, 'Uxie': 1, 'Altaria': 1, 'Milotic': 1, 'Houndoom': 1, 'Venusaur': 1, 'Donphan': 1, 'Cloyster': 1, 'Gligar': 1, 'Hippopotas': 1, 'Drapion': 1, 'Cradily': 1}"
wingattack88847,[Gen 4] UU,3,1,2,2017-01-19 19:18:21,2017-01-19 19:46:05,,,,"{'Moltres': 2, 'Milotic': 2, 'Aggron': 2, 'Clefable': 2, 'Venusaur': 2, 'Donphan': 3, 'Scyther': 1, 'Sceptile': 1, 'Qwilfish': 1, 'Rotom': 1, 'Houndoom': 1}"
wingull23228,[Gen 4] UU,2,0,2,2024-05-18 14:10:50,2024-05-27 01:17:56,,,,"{'Torterra': 1, 'Azumarill': 1, 'Skuntank': 1, 'Registeel': 1, 'Blaziken': 2, 'Alakazam': 1, 'Milotic': 1, 'Mesprit': 1, 'Kangaskhan': 1, 'Sceptile': 1, 'Rhyperior': 1}"
wingull68150,[Gen 4] UU,3,1,2,2016-05-28 20:17:44,2016-05-28 20:39:01,,,,"{'Vileplume': 2, 'Charizard': 3, 'Sandslash': 2, 'Floatzel': 1, 'Skuntank': 1, 'Gardevoir': 1, 'Shiftry': 1, 'Gligar': 1, 'Typhlosion': 1, 'Lickilicky': 1, 'Lapras': 1, 'Hitmonchan': 1, 'Regirock': 1, 'Sneasel': 1}"
wingull73589,[Gen 4] UU,1,0,1,2021-03-08 00:51:25,2021-03-08 00:51:25,,,,"{'Azumarill': 1, 'Rotom': 1, 'Clefable': 1, 'Arcanine': 1, 'Venusaur': 1, 'Donphan': 1}"
wiseglasses64487,[Gen 4] UU,8,3,5,2015-03-23 02:45:15,2015-03-27 03:51:36,,,,"{'Moltres': 4, 'Slowbro': 2, 'Venusaur': 5, 'Registeel': 5, 'Alakazam': 4, 'Blastoise': 4, 'Scyther': 2, 'Mesprit': 2, 'Tauros': 2, 'Azumarill': 2, 'Houndoom': 4, 'Donphan': 2, 'Weezing': 2, 'Omastar': 1, 'Hitmontop': 1, 'Rotom': 2, 'Lanturn': 1, 'Swellow': 1, 'Milotic': 1, 'Arcanine': 1}"
wiseglasses80062,[Gen 4] UU,1,0,1,2024-02-09 23:20:39,2024-02-09 23:20:39,,,,"{'Moltres': 1, 'Sceptile': 1, 'Clefable': 1, 'Slowking': 1, 'Drapion': 1, 'Donphan': 1}"
wish11118,[Gen 4] UU,1,1,0,2019-08-22 11:37:47,2019-08-22 11:37:47,,,,"{'Mismagius': 1, 'Sceptile': 1, 'Steelix': 1, 'Dugtrio': 1, 'Clefable': 1}"
wish19533,[Gen 4] UU,4,2,2,2015-01-18 21:21:06,2015-01-26 04:13:10,,,,"{'Snover': 1, 'Torkoal': 1, 'Nidoqueen': 1, 'Walrein': 1, 'Dusclops': 2, 'Glaceon': 1, 'Shiftry': 1, 'Porygon2': 3, 'Armaldo': 1, 'Typhlosion': 2, 'Victreebel': 2, 'Persian': 2, 'Marowak': 1, 'Slowking': 1, 'Relicanth': 1, 'Ampharos': 1}"
wish25131,[Gen 4] UU,1,0,1,2017-06-20 01:28:01,2017-06-20 01:28:01,,,,"{'Charizard': 1, 'Medicham': 1, 'Kadabra': 1, 'Skuntank': 1, 'Jumpluff': 1, 'Solrock': 1}"
wish33461,[Gen 4] UU,4,2,2,2020-03-01 10:08:25,2020-05-07 11:40:52,,,,"{'Absol': 3, 'Mismagius': 3, 'Alakazam': 3, 'Clefable': 3, 'Blaziken': 3, 'Venusaur': 4, 'Moltres': 1, 'Toxicroak': 1, 'Feraligatr': 1, 'Uxie': 1, 'Donphan': 1}"
wish37927,[Gen 4] UU,1,0,1,2020-04-09 06:18:29,2020-04-09 06:18:29,,,,"{'Absol': 1, 'Ambipom': 1, 'Alakazam': 1, 'Houndoom': 1, 'Swellow': 1, 'Leafeon': 1}"
wish45354,[Gen 4] UU,2,2,0,2024-09-14 23:30:34,2024-09-14 23:38:08,,,,"{'Mismagius': 1, 'Qwilfish': 1, 'Entei': 1, 'Clefable': 1, 'Registeel': 2, 'Milotic': 1, 'Swellow': 1, 'Venusaur': 1, 'Donphan': 1}"
withdraw35047,[Gen 4] UU,1,1,0,2020-07-22 05:09:23,2020-07-22 05:09:23,,,,"{'Mismagius': 1, 'Rhyperior': 1, 'Chansey': 1, 'Uxie': 1, 'Drapion': 1, 'Ambipom': 1}"
withdraw42643,[Gen 4] UU,3,2,1,2017-01-14 20:43:21,2017-01-14 21:08:54,,,,"{'Sceptile': 1, 'Drapion': 1, 'Slowbro': 1, 'Dugtrio': 1, 'Registeel': 2, 'Glaceon': 1, 'Moltres': 1, 'Milotic': 1, 'Qwilfish': 1, 'Rotom': 2, 'Donphan': 1, 'Exeggutor': 1, 'Rhyperior': 1, 'Kabutops': 1, 'Blaziken': 1, 'Arcanine': 1}"
withdraw50995,[Gen 4] UU,3,1,2,2019-05-02 19:52:11,2019-05-02 20:18:13,,,,"{'Cloyster': 3, 'Exeggutor': 3, 'Houndoom': 3, 'Kabutops': 3, 'Rotom': 3, 'Registeel': 3}"
withdraw70450,[Gen 4] UU,1,0,1,2020-03-02 23:57:07,2020-03-02 23:57:07,,,,"{'Omastar': 1, 'Dusclops': 1, 'Chansey': 1, 'Alakazam': 1, 'Venusaur': 1, 'Blastoise': 1}"
wobbuffet13953,[Gen 4] UU,1,0,1,2017-08-18 22:46:37,2017-08-18 22:46:37,,,,"{'Rampardos': 1, 'Aggron': 1, 'Vibrava': 1, 'Hippopotas': 1, 'Gastrodon': 1, 'Shuckle': 1}"
wonderguard15074,[Gen 4] UU,1,1,0,2019-07-22 20:39:51,2019-07-22 20:39:51,,,,"{'Qwilfish': 1, 'Rotom': 1, 'Clefable': 1, 'Blaziken': 1, 'Alakazam': 1, 'Donphan': 1}"
wonderguard34017,[Gen 4] UU,3,1,2,2017-06-04 18:37:50,2017-06-04 19:02:45,,,,"{'Rapidash': 2, 'Onix': 2, 'Victreebel': 2, 'Metang': 2, 'Purugly': 2, 'Tangela': 2, 'Poliwrath': 1, 'Mr. Mime': 1, 'Muk': 1, 'Sableye': 1, 'Rhydon': 1, 'Lickilicky': 1}"
woodhammer76934,[Gen 4] UU,1,1,0,2024-12-25 23:10:06,2024-12-25 23:10:06,,,,"{'Sceptile': 1, 'Rhyperior': 1, 'Haunter': 1, 'Clefable': 1, 'Slowking': 1, 'Drapion': 1}"
wooper24132,[Gen 4] UU,65,38,27,2019-04-18 15:11:13,2025-05-17 18:56:57,,,,"{'Scyther': 10, 'Sceptile': 16, 'Lanturn': 1, 'Arcanine': 20, 'Primeape': 6, 'Donphan': 4, 'Mismagius': 14, 'Aggron': 4, 'Qwilfish': 6, 'Venusaur': 33, 'Ambipom': 7, 'Torterra': 5, 'Kabutops': 11, 'Dugtrio': 6, 'Uxie': 28, 'Toxicroak': 15, 'Rotom': 5, 'Mesprit': 10, 'Azumarill': 5, 'Kangaskhan': 7, 'Omastar': 8, 'Houndoom': 10, 'Milotic': 17, 'Rhyperior': 17, 'Registeel': 21, 'Regirock': 9, 'Ludicolo': 2, 'Electrode': 2, 'Entei': 6, 'Skuntank': 9, 'Blastoise': 10, 'Moltres': 11, 'Swellow': 2, 'Hitmontop': 4, 'Feraligatr': 6, 'Blaziken': 8, 'Drapion': 4, 'Claydol': 1, 'Leafeon': 6, 'Clefable': 3, 'Slowbro': 2, 'Miltank': 2, 'Espeon': 2, 'Alakazam': 3, 'Cloyster': 1, 'Hippopotas': 1, 'Cradily': 1, 'Spiritomb': 1, 'Regice': 1, 'Ursaring': 1}"
wooper29724,[Gen 4] UU,1,0,1,2015-04-04 01:32:11,2015-04-04 01:32:11,,,,"{'Milotic': 1, 'Hariyama': 1, 'Qwilfish': 1, 'Rotom': 1, 'Registeel': 1, 'Venusaur': 1}"
wooper70301,[Gen 4] UU,40,23,17,2015-07-17 18:49:40,2017-11-10 02:15:21,1000.0,1064.0,"[1000.0, 1034.0, 1000.0, 1000.0, 1000.0, 1000.0, 1064.0, 1058.0, 1000.0]","{'Scyther': 3, 'Mismagius': 4, 'Venusaur': 19, 'Uxie': 4, 'Ambipom': 3, 'Torkoal': 1, 'Sandslash': 2, 'Electrode': 2, 'Porygon2': 2, 'Floatzel': 1, 'Parasect': 1, 'Absol': 5, 'Rhyperior': 15, 'Lanturn': 3, 'Registeel': 26, 'Blaziken': 3, 'Milotic': 14, 'Arcanine': 2, 'Sceptile': 7, 'Nidoking': 1, 'Tangrowth': 3, 'Claydol': 8, 'Steelix': 5, 'Hitmonlee': 3, 'Swellow': 6, 'Charizard': 1, 'Weezing': 8, 'Spiritomb': 10, 'Feraligatr': 3, 'Miltank': 2, 'Houndoom': 6, 'Slowbro': 5, 'Torterra': 2, 'Drapion': 4, 'Nidoqueen': 2, 'Poliwrath': 1, 'Ursaring': 3, 'Clefable': 4, 'Altaria': 3, 'Alakazam': 2, 'Kabutops': 1, 'Blastoise': 3, 'Exeggutor': 1, 'Hitmontop': 1, 'Golduck': 1, 'Ninetales': 1, 'Armaldo': 1, 'Golbat': 1, 'Kangaskhan': 1}"
wooper82902,[Gen 4] UU,2,0,2,2022-07-29 17:20:03,2022-07-29 17:24:08,,,,"{'Mismagius': 1, 'Qwilfish': 1, 'Steelix': 1, 'Arcanine': 2, 'Alakazam': 1, 'Leafeon': 1, 'Scyther': 1, 'Sceptile': 1, 'Azumarill': 1, 'Regirock': 1, 'Donphan': 1}"
wormadam14777,[Gen 4] UU,1,1,0,2018-03-02 12:33:28,2018-03-02 12:33:28,,,,"{'Mesprit': 1, 'Kabutops': 1, 'Dugtrio': 1, 'Arcanine': 1, 'Swellow': 1, 'Leafeon': 1}"
wormadam22934,[Gen 4] UU,1,0,1,2024-04-14 22:17:24,2024-04-14 22:17:24,,,,"{'Sceptile': 1, 'Omastar': 1, 'Toxicroak': 1, 'Azumarill': 1, 'Spiritomb': 1, 'Swellow': 1}"
wormadam50876,[Gen 4] UU,1,0,1,2017-12-02 01:07:43,2017-12-02 01:07:43,,,,"{'Ludicolo': 1, 'Toxicroak': 1, 'Kabutops': 1, 'Dugtrio': 1, 'Registeel': 1, 'Uxie': 1}"
wormadam53749,[Gen 4] UU,9,6,3,2015-12-15 21:12:05,2016-04-24 00:54:24,,,,"{'Gligar': 1, 'Azumarill': 1, 'Cacturne': 1, 'Rotom': 1, 'Hippopotas': 1, 'Cradily': 1, 'Mismagius': 4, 'Qwilfish': 4, 'Torterra': 4, 'Clefable': 4, 'Registeel': 7, 'Arcanine': 4, 'Ludicolo': 3, 'Electrode': 3, 'Kabutops': 2, 'Dugtrio': 2, 'Uxie': 3, 'Charizard': 1, 'Vileplume': 1, 'Sandslash': 1, 'Floatzel': 1, 'Skuntank': 1, 'Gardevoir': 1}"
wormadamsandy77685,[Gen 4] UU,1,0,1,2016-11-08 15:22:37,2016-11-08 15:22:37,,,,"{'Scyther': 1, 'Magneton': 1, 'Torterra': 1, 'Kabutops': 1, 'Hitmonlee': 1, 'Houndoom': 1}"
wormadamtrash59670,[Gen 4] UU,2,0,2,2019-12-17 22:02:10,2020-03-03 23:02:26,,,,"{'Moltres': 1, 'Milotic': 1, 'Aggron': 1, 'Clefable': 2, 'Venusaur': 2, 'Donphan': 1, 'Absol': 1, 'Mismagius': 1, 'Blaziken': 1, 'Alakazam': 1}"
worryseed14146,[Gen 4] UU,1,0,1,2020-07-04 17:01:41,2020-07-04 17:01:41,,,,"{'Altaria': 1, 'Cloyster': 1, 'Nidoking': 1, 'Rotom': 1, 'Alakazam': 1, 'Swellow': 1}"
worryseed14732,[Gen 4] UU,1,0,1,2020-01-09 18:49:43,2020-01-09 18:49:43,,,,"{'Omastar': 1, 'Hitmontop': 1, 'Rhyperior': 1, 'Dugtrio': 1, 'Uxie': 1, 'Venusaur': 1}"
worryseed56810,[Gen 4] UU,2,2,0,2024-12-23 00:19:00,2024-12-27 00:43:26,,,,"{'Milotic': 1, 'Toxicroak': 1, 'Rhyperior': 2, 'Jynx': 1, 'Clefable': 1, 'Feraligatr': 1, 'Scyther': 1, 'Hariyama': 1, 'Entei': 1, 'Kabutops': 1, 'Blastoise': 1}"
wrap25255,[Gen 4] UU,1,1,0,2024-12-06 01:35:43,2024-12-06 01:35:43,,,,"{'Milotic': 1, 'Dugtrio': 1, 'Clefable': 1, 'Registeel': 1, 'Uxie': 1, 'Venusaur': 1}"
wrap38190,[Gen 4] UU,12,4,8,2022-09-24 17:01:34,2024-09-08 23:58:43,,,,"{'Moltres': 2, 'Hitmontop': 3, 'Feraligatr': 10, 'Spiritomb': 2, 'Registeel': 2, 'Venusaur': 2, 'Mismagius': 10, 'Qwilfish': 6, 'Rhyperior': 5, 'Houndoom': 5, 'Leafeon': 6, 'Omastar': 3, 'Rotom': 3, 'Blaziken': 3, 'Ambipom': 3, 'Snover': 1, 'Nidoqueen': 1, 'Walrein': 1, 'Glaceon': 1, 'Uxie': 1, 'Arcanine': 1}"
wrap53284,[Gen 4] UU,1,0,1,2016-10-07 19:17:05,2016-10-07 19:17:05,,,,"{'Politoed': 1, 'Meganium': 1, 'Pinsir': 1, 'Sandslash': 1, 'Skuntank': 1, 'Slowking': 1}"
wringout17973,[Gen 4] UU,2,1,1,2025-02-10 03:01:33,2025-02-10 03:03:38,,,,"{'Tangrowth': 2, 'Rotom': 2, 'Clefable': 2, 'Feraligatr': 2, 'Alakazam': 2, 'Donphan': 2}"
wringout69044,[Gen 4] UU,3,1,2,2015-04-16 00:25:06,2023-03-26 19:01:26,,,,"{'Milotic': 2, 'Mismagius': 1, 'Registeel': 3, 'Houndoom': 1, 'Primeape': 1, 'Venusaur': 2, 'Cloyster': 1, 'Spiritomb': 1, 'Arcanine': 1, 'Ludicolo': 1, 'Qwilfish': 1, 'Kabutops': 1, 'Uxie': 1, 'Lopunny': 1}"
wurmple5274,[Gen 4] UU,22,11,11,2015-03-23 01:51:10,2018-02-15 21:41:06,,,,"{'Blaziken': 6, 'Sceptile': 7, 'Rhyperior': 7, 'Uxie': 3, 'Swellow': 3, 'Blastoise': 2, 'Ursaring': 1, 'Omastar': 2, 'Rotom': 2, 'Alakazam': 2, 'Moltres': 5, 'Milotic': 10, 'Aggron': 3, 'Clefable': 4, 'Venusaur': 3, 'Donphan': 4, 'Poliwrath': 6, 'Muk': 4, 'Rhydon': 2, 'Glalie': 1, 'Misdreavus': 5, 'Mismagius': 6, 'Toxicroak': 5, 'Arcanine': 5, 'Golduck': 3, 'Kadabra': 4, 'Solrock': 3, 'Gabite': 1, 'Armaldo': 1, 'Metang': 2, 'Torterra': 2, 'Kabutops': 1, 'Drapion': 2, 'Ambipom': 2, 'Leafeon': 2, 'Registeel': 1, 'Slowking': 1, 'Xatu': 1, 'Dragonair': 1, 'Bellossom': 1, 'Persian': 1, 'Dugtrio': 1}"
wurmple85566,[Gen 4] UU,1,0,1,2015-10-28 22:49:17,2015-10-28 22:49:17,,,,"{'Sceptile': 1, 'Rotom': 1, 'Registeel': 1, 'Slowking': 1, 'Arcanine': 1, 'Ambipom': 1}"
wurmple98373,[Gen 4] UU,2,2,0,2017-05-31 22:40:51,2017-05-31 22:41:08,,,,"{'Ludicolo': 2, 'Claydol': 2, 'Sceptile': 2, 'Lanturn': 2, 'Espeon': 2, 'Feraligatr': 2}"
wynaut72074,[Gen 4] UU,1,0,1,2018-08-18 17:01:12,2018-08-18 17:01:12,,,,"{'Milotic': 1, 'Absol': 1, 'Rhyperior': 1, 'Alakazam': 1, 'Blaziken': 1, 'Venusaur': 1}"
xscissor31865,[Gen 4] UU,1,1,0,2016-07-27 05:14:35,2016-07-27 05:14:35,,,,"{'Claydol': 1, 'Aggron': 1, 'Kabutops': 1, 'Houndoom': 1, 'Blaziken': 1, 'Venusaur': 1}"
xscissor48753,[Gen 4] UU,3,0,3,2014-06-27 15:30:44,2014-06-29 17:06:33,,,,"{'Mesprit': 3, 'Ludicolo': 3, 'Kabutops': 3, 'Spiritomb': 3, 'Registeel': 3, 'Raichu': 3}"
xscissor83272,[Gen 4] UU,1,0,1,2015-03-23 22:47:33,2015-03-23 22:47:33,,,,"{'Mesprit': 1, 'Kangaskhan': 1, 'Rhyperior': 1, 'Azumarill': 1, 'Blaziken': 1, 'Venusaur': 1}"
yacheberry68271,[Gen 4] UU,1,1,0,2020-06-10 18:47:17,2020-06-10 18:47:17,,,,"{'Milotic': 1, 'Rhyperior': 1, 'Alakazam': 1, 'Absol': 1}"
yacheberry8055,[Gen 4] UU,2,0,2,2020-02-28 00:04:41,2020-02-28 00:07:16,,,,"{'Kadabra': 2, 'Monferno': 2, 'Meditite': 1, 'Croconaw': 1, 'Misdreavus': 2, 'Yanma': 1, 'Gligar': 1, 'Metang': 1, 'Grovyle': 1}"
yacheberry84049,[Gen 4] UU,1,0,1,2020-04-17 01:02:53,2020-04-17 01:02:53,,,,"{'Mesprit': 1, 'Kabutops': 1, 'Dugtrio': 1, 'Arcanine': 1, 'Swellow': 1, 'Leafeon': 1}"
yanma14716,[Gen 4] UU,3,2,1,2024-12-01 21:13:44,2024-12-01 21:29:40,,,,"{'Milotic': 3, 'Mesprit': 1, 'Mismagius': 1, 'Toxicroak': 1, 'Torterra': 1, 'Registeel': 2, 'Kangaskhan': 1, 'Rotom': 1, 'Dugtrio': 1, 'Uxie': 2, 'Venusaur': 2, 'Blaziken': 1, 'Rhyperior': 1}"
yanma91613,[Gen 4] UU,1,0,1,2024-03-13 02:42:12,2024-03-13 02:42:12,1012.0,1012.0,[1012.0],"{'Mismagius': 1, 'Sceptile': 1, 'Kabutops': 1, 'Registeel': 1, 'Arcanine': 1, 'Donphan': 1}"
yanmega20097,[Gen 4] UU,15,4,11,2021-03-21 17:01:34,2023-04-07 14:32:05,,,,"{'Hitmontop': 3, 'Dugtrio': 2, 'Quagsire': 1, 'Registeel': 4, 'Uxie': 4, 'Swellow': 1, 'Houndoom': 4, 'Sceptile': 3, 'Ambipom': 2, 'Omastar': 3, 'Qwilfish': 4, 'Toxicroak': 3, 'Rhyperior': 3, 'Moltres': 3, 'Spiritomb': 4, 'Clefable': 3, 'Venusaur': 6, 'Milotic': 2, 'Kangaskhan': 2, 'Rotom': 1, 'Mismagius': 5, 'Torterra': 3, 'Blaziken': 3, 'Scyther': 1, 'Regirock': 1, 'Drapion': 1, 'Blastoise': 2, 'Slaking': 1, 'Cloyster': 1, 'Weezing': 1, 'Steelix': 1, 'Azumarill': 2, 'Exeggutor': 1, 'Mesprit': 2, 'Skuntank': 1, 'Entei': 1, 'Donphan': 1}"
yanmega43777,[Gen 4] UU,1,0,1,2021-06-20 03:05:48,2021-06-20 03:05:48,,,,"{'Milotic': 1, 'Weezing': 1, 'Registeel': 1, 'Arcanine': 1, 'Primeape': 1, 'Venusaur': 1}"
yawn23657,[Gen 4] UU,3,2,1,2016-06-29 02:57:31,2016-07-10 21:49:48,,,,"{'Omanyte': 3, 'Gastrodon': 1, 'Metang': 1, 'Crawdaunt': 3, 'Glaceon': 3, 'Misdreavus': 1, 'Purugly': 1, 'Slaking': 2, 'Xatu': 1, 'Gastly': 1}"
yawn25100,[Gen 4] UU,2,0,2,2020-03-18 05:51:32,2020-03-19 23:18:52,1128.0,1268.0,"[1128.0, 1268.0]","{'Mismagius': 1, 'Rhyperior': 1, 'Azumarill': 1, 'Steelix': 1, 'Venusaur': 2, 'Swellow': 1, 'Moltres': 1, 'Milotic': 1, 'Aggron': 1, 'Clefable': 1, 'Donphan': 1}"
yawn53957,[Gen 4] UU,3,3,0,2015-01-19 16:58:48,2015-01-26 04:13:10,,,,"{'Tauros': 2, 'Haunter': 3, 'Manectric': 3, 'Rhydon': 2, 'Glalie': 2, 'Drifblim': 2, 'Regirock': 1, 'Hitmonchan': 1, 'Jynx': 1, 'Skuntank': 1}"
yawn68802,[Gen 4] UU,1,0,1,2017-01-13 02:13:38,2017-01-13 02:13:38,,,,"{'Scyther': 1, 'Milotic': 1, 'Hitmontop': 1, 'Dugtrio': 1, 'Registeel': 1, 'Leafeon': 1}"
yawn87891,[Gen 4] UU,2,0,2,2016-04-14 03:21:41,2016-04-14 03:35:47,1000.0,1000.0,[1000.0],"{'Milotic': 2, 'Absol': 2, 'Omastar': 2, 'Torterra': 2, 'Rotom': 2, 'Clefable': 2}"
zangoose49664,[Gen 4] UU,1,1,0,2016-11-17 06:06:11,2016-11-17 06:06:11,,,,"{'Politoed': 1, 'Meganium': 1, 'Ninetales': 1, 'Tauros': 1, 'Torkoal': 1, 'Dusclops': 1}"
zangoose70212,[Gen 4] UU,1,0,1,2015-07-14 01:49:24,2015-07-14 01:49:24,,,,"{'Moltres': 1, 'Mismagius': 1, 'Aggron': 1, 'Feraligatr': 1, 'Arcanine': 1, 'Venusaur': 1}"
zapcannon39582,[Gen 4] UU,97,56,41,2020-04-03 01:13:10,2025-05-04 15:13:00,,,,"{'Mismagius': 39, 'Qwilfish': 13, 'Clefable': 31, 'Arcanine': 7, 'Venusaur': 53, 'Donphan': 13, 'Snover': 2, 'Hitmontop': 16, 'Walrein': 1, 'Drapion': 5, 'Leafeon': 4, 'Moltres': 14, 'Rhyperior': 23, 'Spiritomb': 25, 'Blastoise': 4, 'Milotic': 23, 'Omastar': 14, 'Houndoom': 24, 'Azumarill': 15, 'Weezing': 13, 'Ambipom': 17, 'Uxie': 32, 'Roselia': 1, 'Mesprit': 14, 'Kabutops': 9, 'Registeel': 25, 'Feraligatr': 6, 'Primeape': 6, 'Torterra': 2, 'Slowking': 7, 'Aggron': 5, 'Lanturn': 3, 'Hariyama': 3, 'Altaria': 2, 'Steelix': 2, 'Ludicolo': 1, 'Electrode': 1, 'Blaziken': 10, 'Sceptile': 3, 'Toxicroak': 3, 'Entei': 2, 'Scyther': 6, 'Kangaskhan': 4, 'Dugtrio': 7, 'Rotom': 7, 'Alakazam': 2, 'Shiftry': 1, 'Victreebel': 1, 'Skuntank': 1, 'Tauros': 1, 'Exeggutor': 3, 'Dusclops': 4, 'Hippopotas': 5, 'Cradily': 5, 'Gligar': 1, 'Swellow': 1, 'Hitmonlee': 2}"
zapcannon418,[Gen 4] UU,9,5,4,2015-03-22 13:59:54,2015-06-04 22:32:07,,,,"{'Lanturn': 4, 'Spiritomb': 5, 'Blaziken': 6, 'Swellow': 4, 'Donphan': 7, 'Leafeon': 3, 'Moltres': 3, 'Altaria': 2, 'Omastar': 2, 'Registeel': 3, 'Venusaur': 3, 'Mesprit': 1, 'Kangaskhan': 1, 'Rhyperior': 1, 'Azumarill': 1, 'Milotic': 1, 'Qwilfish': 1, 'Rotom': 1}"
zapcannon66236,[Gen 4] UU,4,1,3,2018-10-04 01:30:45,2018-10-04 02:25:20,,,,"{'Claydol': 4, 'Slowbro': 4, 'Toxicroak': 4, 'Steelix': 4, 'Spiritomb': 4, 'Ambipom': 4}"
zapdos43158,[Gen 4] UU,1,0,1,2024-05-19 18:17:19,2024-05-19 18:17:19,,,,"{'Mismagius': 1, 'Qwilfish': 1, 'Torterra': 1, 'Rotom': 1, 'Houndoom': 1, 'Primeape': 1}"
zapdos59192,[Gen 4] UU,1,1,0,2022-01-15 21:18:15,2022-01-15 21:18:15,,,,"{'Porygon2': 1, 'Rhyperior': 1, 'Clamperl': 1, 'Uxie': 1, 'Slowking': 1}"
zapdos79311,[Gen 4] UU,11,4,7,2015-01-02 21:00:19,2017-10-26 18:11:27,,,,"{'Omastar': 6, 'Medicham': 7, 'Hitmontop': 5, 'Rotom': 7, 'Clefable': 6, 'Drapion': 5, 'Venomoth': 2, 'Charizard': 2, 'Vileplume': 2, 'Sandslash': 2, 'Slowking': 3, 'Gligar': 1, 'Tauros': 1, 'Regirock': 1, 'Haunter': 1, 'Hippopotas': 1, 'Altaria': 2, 'Milotic': 1, 'Spiritomb': 1, 'Arcanine': 1, 'Donphan': 1, 'Moltres': 1, 'Mismagius': 1, 'Nidoking': 1, 'Uxie': 1}"
zapplate59392,[Gen 4] UU,1,0,1,2020-08-14 05:44:34,2020-08-14 05:44:34,,,,"{'Ludicolo': 1, 'Electrode': 1, 'Kabutops': 1, 'Dugtrio': 1, 'Registeel': 1, 'Uxie': 1}"
zapplate62459,[Gen 4] UU,1,0,1,2024-03-07 05:51:52,2024-03-07 05:51:52,1075.0,1075.0,[1075.0],"{'Scyther': 1, 'Absol': 1, 'Aggron': 1, 'Kabutops': 1, 'Swellow': 1, 'Venusaur': 1}"
zapplate73596,[Gen 4] UU,4,2,2,2020-11-27 20:24:11,2020-12-20 15:35:37,,,,"{'Moltres': 1, 'Milotic': 3, 'Aggron': 1, 'Clefable': 1, 'Venusaur': 2, 'Donphan': 1, 'Hariyama': 1, 'Mismagius': 1, 'Torterra': 1, 'Dugtrio': 2, 'Registeel': 2, 'Drapion': 1, 'Entei': 1, 'Hitmontop': 2, 'Uxie': 1, 'Scyther': 1, 'Rhyperior': 1, 'Houndoom': 1}"
zenheadbutt21681,[Gen 4] UU,2,2,0,2019-03-30 01:49:08,2019-03-30 01:49:14,,,,"{'Prinplup': 2, 'Alakazam': 2, 'Clefable': 2, 'Feraligatr': 2, 'Arcanine': 2, 'Ambipom': 2}"
zenheadbutt28382,[Gen 4] UU,3,1,2,2017-06-04 01:53:13,2017-06-04 02:09:38,,,,"{'Gabite': 2, 'Poliwrath': 2, 'Muk': 3, 'Rhydon': 3, 'Misdreavus': 3, 'Cacturne': 2, 'Machoke': 1}"
zenheadbutt58451,[Gen 4] UU,1,0,1,2017-05-20 19:23:37,2017-05-20 19:23:37,,,,"{'Snover': 1, 'Hitmontop': 1, 'Nidoqueen': 1, 'Walrein': 1, 'Chansey': 1, 'Registeel': 1}"
zigzagoon40057,[Gen 4] UU,1,0,1,2025-01-26 22:10:18,2025-01-26 22:10:18,,,,"{'Milotic': 1, 'Dugtrio': 1, 'Clefable': 1, 'Registeel': 1, 'Uxie': 1, 'Venusaur': 1}"
zoomlens16643,[Gen 4] UU,1,0,1,2020-04-30 04:54:39,2020-04-30 04:54:39,,,,"{'Milotic': 1, 'Mismagius': 1, 'Alakazam': 1, 'Registeel': 1, 'Arcanine': 1, 'Venusaur': 1}"
zoomlens48706,[Gen 4] UU,1,0,1,2024-03-24 01:33:57,2024-03-24 01:33:57,,,,"{'Cloyster': 1, 'Slowbro': 1, 'Azumarill': 1, 'Kabutops': 1, 'Gastrodon': 1, 'Blastoise': 1}"
zoomlens5648,[Gen 4] UU,29,21,8,2024-03-01 16:59:50,2024-04-01 00:19:43,1000.0,1197.0,"[1081.0, 1031.0, 1091.0, 1090.0, 1000.0, 1151.0, 1195.0, 1033.0, 1084.0, 1000.0, 1029.0, 1034.0, 1000.0, 1197.0, 1087.0, 1061.0, 1046.0, 1091.0, 1048.0, 1000.0, 1000.0, 1083.0, 1081.0, 1000.0, 1044.0, 1095.0]","{'Sceptile': 11, 'Rhyperior': 11, 'Weezing': 9, 'Jynx': 11, 'Spiritomb': 12, 'Feraligatr': 7, 'Nidoqueen': 4, 'Rotom': 3, 'Arcanine': 3, 'Ludicolo': 2, 'Electrode': 2, 'Kabutops': 3, 'Dugtrio': 2, 'Registeel': 13, 'Uxie': 2, 'Slowbro': 8, 'Mismagius': 10, 'Torterra': 4, 'Drapion': 5, 'Swellow': 5, 'Cloyster': 1, 'Leafeon': 1, 'Moltres': 1, 'Exeggutor': 1, 'Lanturn': 1, 'Donphan': 1}"
zoomlens71646,[Gen 4] UU,1,0,1,2024-04-27 14:28:29,2024-04-27 14:28:29,,,,"{'Scyther': 1, 'Rhyperior': 1, 'Registeel': 1, 'Houndoom': 1, 'Venusaur': 1, 'Blastoise': 1}"
zubat84576,[Gen 4] UU,2,2,0,2020-07-20 07:17:38,2020-07-20 07:54:30,1112.0,1112.0,[1112.0],"{'Moltres': 2, 'Milotic': 1, 'Aggron': 1, 'Clefable': 1, 'Venusaur': 2, 'Donphan': 2, 'Uxie': 1}"
